Site or app,Entity,Platform,App package name or store ID,Issue location,Issue type,Issues,Status,Property codes,Ad requests - last 7 days,Date reported,Last date found
tribunnews.com,Site,N/A,N/A,tribunnews.com,Advertiser preference,Video audibility misdeclaration,Restricted ad serving,ca-video-pub-7784034061253020,89000000,2025-06-20,2025-06-26
aceh.tribunnews.com,Page,N/A,N/A,aceh.tribunnews.com/404,Advertiser preference;Policy issue,Adult: Sexual content;Google-served ads on screens without publisher-content,Restricted ad serving,ca-pub-7784034061253020,13000,2025-06-19,2025-06-25
aceh.tribunnews.com,Page,N/A,N/A,aceh.tribunnews.com/2025/06/18/sosok-pelaku-pembacokan-yang-tewaskan-5-orang-sekeluarga-di-aceh-tenggara-1-korban-masih-balita,Advertiser preference,Shocking content,Restricted ad serving,ca-pub-7784034061253020,6200,2025-06-19,2025-06-25
makassar.tribunnews.com,Page,N/A,N/A,makassar.tribunnews.com/2025/06/06/viral-polisi-gerebek-judi-sabung-ayam-di-gowa-pelaku-kocar-kacir-hingga-loncat-ke-danau-mawang?source=kgnotif_1,Advertiser preference,Adult: Sexual content,Restricted ad serving,ca-pub-7784034061253020,5700,2025-06-19,2025-06-25
medan.tribunnews.com,Page,N/A,N/A,medan.tribunnews.com/2025/06/25/baru-6-bulan-menikah-istri-gugat-cerai-setelah-temukan-obat-hiv-di-tas-suaminya,Advertiser preference,Adult: Sexual content,Restricted ad serving,ca-pub-7784034061253020,3100,2025-06-25,2025-06-25
wartakota.tribunnews.com,Page,N/A,N/A,wartakota.tribunnews.com/2025/01/07/12-film-jepang-penuh-adegan-dewasa-terbaik-sepanjang-masa-cocok-ditonton-bersama-pasangan?page=4,Advertiser preference,Adult: Sexual content,Restricted ad serving,ca-pub-7784034061253020,2900,2025-06-19,2025-06-24
kaltim.tribunnews.com,Page,N/A,N/A,kaltim.tribunnews.com/2024/08/08/video-viral-erika-blunder-8-menit-prank-ojol-apa-isinya-klarifikasi-dan-faktasebenarnya,Advertiser preference,Adult: Sexual content,Restricted ad serving,ca-pub-7784034061253020,2600,2025-06-19,2025-06-25
jambi.tribunnews.com,Page,N/A,N/A,jambi.tribunnews.com/2018/02/22/2-kategori-dan-49-istilah-yang-sering-digunakan-di-film-biru,Advertiser preference,Adult: Sexual content,Restricted ad serving,ca-pub-7784034061253020,2600,2025-06-19,2025-06-25
wartakota.tribunnews.com,Page,N/A,N/A,wartakota.tribunnews.com/amp/2025/01/07/12-film-jepang-penuh-adegan-dewasa-terbaik-sepanjang-masa-cocok-ditonton-bersama-pasangan,Advertiser preference,Adult: Sexual content,Restricted ad serving,ca-pub-7784034061253020,2400,2025-06-19,2025-06-25
makassar.tribunnews.com,Page,N/A,N/A,makassar.tribunnews.com/2025/06/25/kaca-toko-roboh-saat-berburu-diskon-di-bone-pembeli-alami-luka-berat,Advertiser preference,Adult: Sexual content,Restricted ad serving,ca-pub-7784034061253020,2200,2025-06-25,2025-06-25
medan.tribunnews.com,Page,N/A,N/A,medan.tribunnews.com/2025/06/25/suami-bawa-selingkuhan-ke-rumah-aksi-balas-dendam-sang-istri-bikin-keduanya-sangat-malu,Advertiser preference,Adult: Sexual content,Restricted ad serving,ca-pub-7784034061253020,1900,2025-06-25,2025-06-25
suryamalang.tribunnews.com,Page,N/A,N/A,suryamalang.tribunnews.com/2025/06/04/trauma-bocah-5-kali-operasi-gegara-kelamin-terpotong-saat-sunat-laser-perawat-dilaporkan-polisi?source=kgnotif_1,Advertiser preference,Adult: Sexual content,Restricted ad serving,ca-pub-7784034061253020,1200,2025-06-19,2025-06-25
kaltim.tribunnews.com,Page,N/A,N/A,kaltim.tribunnews.com/2024/08/15/biodata-erika-putri-sosoknya-viral-gegara-video-blunder-8-menit-prank-ojol,Advertiser preference,Adult: Sexual content,Restricted ad serving,ca-pub-7784034061253020,1100,2025-06-19,2025-06-25
trends.tribunnews.com,Page,N/A,N/A,trends.tribunnews.com/2023/12/07/apa-arti-pijat-plus-plus-istilah-viral-tiktok-sering-muncul-dalam-bahasa-gaul-ini-maknanya,Advertiser preference,Adult: Sexual content,Restricted ad serving,ca-pub-7784034061253020,1100,2025-06-19,2025-06-25
medan.tribunnews.com,Page,N/A,N/A,medan.tribunnews.com/2025/06/26/bos-perusahaan-ceraikan-istri-demi-menikah-dengan-sekretarisnya-berakhir-diselingkuhi-balik,Advertiser preference,Adult: Sexual content,Restricted ad serving,ca-pub-7784034061253020,1100,2025-06-25,2025-06-25
medan.tribunnews.com,Page,N/A,N/A,medan.tribunnews.com/2025/06/18/sadis-pembacokan-berantai-di-aceh-tenggara-5-orang-sekeluarga-tewas-pelaku-masih-diburu-polisi,Advertiser preference,Shocking content,Restricted ad serving,ca-pub-7784034061253020,1000,2025-06-19,2025-06-25
bangka.tribunnews.com,Page,N/A,N/A,bangka.tribunnews.com/2017/09/14/bertobat-pemeran-tarzan-x-tinggalkan-film-biru-setelah-banyak-merenung?page=all,Advertiser preference,Adult: Sexual content,Restricted ad serving,ca-pub-7784034061253020,1000,2025-06-19,2025-06-25
medan.tribunnews.com,Page,N/A,N/A,medan.tribunnews.com/2025/06/10/kondisi-terkini-dua-penjambret-yang-tewaskan-rindy-liviani-di-siantar-satu-tak-sadarkan-diri?page=2,Advertiser preference,Shocking content,Restricted ad serving,ca-pub-7784034061253020,1000,2025-06-20,2025-06-23
kupang.tribunnews.com,Page,N/A,N/A,kupang.tribunnews.com/2019/09/16/26-tanda-wanita-mempermainkan-perasaanmu-nomor-8-10-23-25-dan-26-bikin-baper,Advertiser preference,Adult: Sexual content,Restricted ad serving,ca-pub-7784034061253020,851,2025-06-19,2025-06-25
jogja.tribunnews.com,Page,N/A,N/A,jogja.tribunnews.com/2023/05/28/arti-tahi-lalat-di-pantat-kiri-atau-kanan-menurut-primbon-jawa-konon-pertanda-kurang-baik,Advertiser preference,Adult: Sexual content,Restricted ad serving,ca-pub-7784034061253020,850,2025-06-19,2025-06-25
batam.tribunnews.com,Page,N/A,N/A,batam.tribunnews.com/2025/06/16/breaking-news-kecelakaan-maut-di-batam-tewaskan-pemotor-saksi-mata-ungkap-kronologisnya,Advertiser preference,Shocking content,Restricted ad serving,ca-pub-7784034061253020,833,2025-06-19,2025-06-24
surabaya.tribunnews.com,Page,N/A,N/A,surabaya.tribunnews.com/2025/06/21/kronologi-fortuner-remuk-kecelakaan-di-jembatan-suramadu-bodi-mobil-nyaris-tak-berbentuk,Advertiser preference,Adult: Sexual content,Restricted ad serving,ca-pub-7784034061253020,804,2025-06-21,2025-06-24
lampung.tribunnews.com,Page,N/A,N/A,lampung.tribunnews.com/2018/08/04/kasus-video-porno-luna-maya-dan-cut-tari-ternyata-menggantung,Advertiser preference,Adult: Sexual content,Restricted ad serving,ca-pub-7784034061253020,768,2025-06-19,2025-06-25
jambi.tribunnews.com,Page,N/A,N/A,jambi.tribunnews.com/2018/01/18/perhatikan-ini-ciri-wanita-yang-sering-melakukan-masturbasi-7-tanda-ini-bakal-mengungkapkannya,Advertiser preference,Adult: Sexual content,Restricted ad serving,ca-pub-7784034061253020,767,2025-06-19,2025-06-25
lampung.tribunnews.com,Page,N/A,N/A,lampung.tribunnews.com/2025/06/25/wanita-di-bandar-lampung-dituntut-3-tahun-penjara-atas-kasus-penipuan-berkedok-investasi-bodong,Advertiser preference,Adult: Sexual content,Restricted ad serving,ca-pub-7784034061253020,712,2025-06-25,2025-06-25
pontianak.tribunnews.com,Page,N/A,N/A,pontianak.tribunnews.com/2018/01/28/inilah-7-ciri-wanita-kecanduan-masturbasi-7-persen-cewek-melakukannya-setiap-hari,Advertiser preference,Adult: Sexual content,Restricted ad serving,ca-pub-7784034061253020,690,2025-06-19,2025-06-25
surabaya.tribunnews.com,Page,N/A,N/A,surabaya.tribunnews.com/404,Policy issue,Google-served ads on screens without publisher-content,Restricted ad serving,ca-pub-7784034061253020,688,2025-06-19,2025-06-25
medan.tribunnews.com,Page,N/A,N/A,medan.tribunnews.com/2025/06/25/suami-bawa-selingkuhan-ke-rumah-aksi-balas-dendam-sang-istri-bikin-keduanya-sangat-malu?page=2,Advertiser preference,Adult: Sexual content,Restricted ad serving,ca-pub-7784034061253020,669,2025-06-25,2025-06-25
medan.tribunnews.com,Page,N/A,N/A,medan.tribunnews.com/2025/06/25/pengantin-wanita-kabur-dengan-sepupusebelum-upacara-digelar-mempelai-pria-tak-batalkan-pernikahan,Advertiser preference,Adult: Sexual content,Restricted ad serving,ca-pub-7784034061253020,647,2025-06-25,2025-06-25
kaltim.tribunnews.com,Page,N/A,N/A,kaltim.tribunnews.com/2024/08/11/video-viral-erika-putri-dan-ojol-8-menit-blunder-masih-dicari-si-selebgram-respons-santai,Advertiser preference,Adult: Sexual content,Restricted ad serving,ca-pub-7784034061253020,627,2025-06-19,2025-06-24
sultra.tribunnews.com,Page,N/A,N/A,sultra.tribunnews.com/2023/02/20/video-erika-viral-di-tiktok-prank-ojol-full-1-menit-31-detik-awalnya-masuk-rumah-lalu-kamar-mandi,Advertiser preference,Adult: Sexual content,Restricted ad serving,ca-pub-7784034061253020,608,2025-06-19,2025-06-23
medan.tribunnews.com,Page,N/A,N/A,medan.tribunnews.com/2025/05/28/kisah-bocah-korban-salah-sunat-kemaluannya-terpotong-pakai-laser-bupati-marah-suruh-lapor-polisi,Advertiser preference,Adult: Sexual content,Restricted ad serving,ca-pub-7784034061253020,580,2025-06-19,2025-06-24
medan.tribunnews.com,Page,N/A,N/A,medan.tribunnews.com/news/internasional,Advertiser preference,Shocking content,Restricted ad serving,ca-pub-7784034061253020,551,2025-06-19,2025-06-25
medan.tribunnews.com,Page,N/A,N/A,medan.tribunnews.com/2025/06/26/pengantin-pria-murka-dan-robek-kerudung-calon-istrinya-buntut-kesal-diminta-uang-tambahan,Advertiser preference,Adult: Sexual content,Restricted ad serving,ca-pub-7784034061253020,548,2025-06-25,2025-06-25
jatim.tribunnews.com,Page,N/A,N/A,jatim.tribunnews.com/2025/06/12/pendapatan-rp-30-juta-sebulan-abdul-dan-aji-pasang-teralis-di-toko-sembako-warga-curiga-bisnisnya?page=4,Advertiser preference,Adult: Sexual content,Restricted ad serving,ca-pub-7784034061253020,547,2025-06-19,2025-06-25
medan.tribunnews.com,Page,N/A,N/A,medan.tribunnews.com/2025/06/25/baru-6-bulan-menikah-istri-gugat-cerai-setelah-temukan-obat-hiv-di-tas-suaminya?page=2,Advertiser preference,Adult: Sexual content,Restricted ad serving,ca-pub-7784034061253020,534,2025-06-25,2025-06-25
lampung.tribunnews.com,Page,N/A,N/A,lampung.tribunnews.com/2015/12/04/astaga-kasus-hubungan-intim-antara-manusia-dengan-kuda-meningkat-di-swiss,Advertiser preference,Adult: Sexual content,Restricted ad serving,ca-pub-7784034061253020,528,2025-06-19,2025-06-25
medan.tribunnews.com,Page,N/A,N/A,medan.tribunnews.com/2025/06/25/keluarga-mempelai-wanita-berusaha-culik-pengantin-di-pernikahan-dan-serang-tamu-dengan-bubuk-cabai?page=2,Advertiser preference,Adult: Sexual content,Restricted ad serving,ca-pub-7784034061253020,517,2025-06-25,2025-06-25
surabaya.tribunnews.com,Page,N/A,N/A,surabaya.tribunnews.com/2023/08/15/download-templet-undangan-tahlil-gratis-bisa-diedit,Advertiser preference,Adult: Sexual content,Restricted ad serving,ca-pub-7784034061253020,516,2025-06-24,2025-06-25
medan.tribunnews.com,Page,N/A,N/A,medan.tribunnews.com/2025/06/26/bos-perusahaan-ceraikan-istri-demi-menikah-dengan-sekretarisnya-berakhir-diselingkuhi-balik?page=2,Advertiser preference,Adult: Sexual content,Restricted ad serving,ca-pub-7784034061253020,516,2025-06-25,2025-06-25
medan.tribunnews.com,Page,N/A,N/A,medan.tribunnews.com/2025/04/10/link-video-asli-bu-guru-salsa-viral-lagi-ini-fakta-sebenarnya,Advertiser preference,Adult: Sexual content,Restricted ad serving,ca-pub-7784034061253020,516,2025-06-22,2025-06-23
bangka.tribunnews.com,Page,N/A,N/A,bangka.tribunnews.com/2016/01/27/begini-cara-mengamankan-akun-facebook-dari-konten-porno,Advertiser preference,Shocking content,Restricted ad serving,ca-pub-7784034061253020,516,2025-06-19,2025-06-25
bangka.tribunnews.com,Page,N/A,N/A,bangka.tribunnews.com/2020/10/12/5-posisi-bercinta-agar-perempuan-raih-kepuasan-wot-hingga-sideways-straddle?page=all,Advertiser preference,Adult: Sexual content,Restricted ad serving,ca-pub-7784034061253020,497,2025-06-19,2025-06-25
aceh.tribunnews.com,Page,N/A,N/A,aceh.tribunnews.com/2025/06/18/sosok-pelaku-pembacokan-yang-tewaskan-5-orang-sekeluarga-di-aceh-tenggara-1-korban-masih-balita?page=2,Advertiser preference,Shocking content,Restricted ad serving,ca-pub-7784034061253020,491,2025-06-19,2025-06-25
jambi.tribunnews.com,Page,N/A,N/A,jambi.tribunnews.com/2017/09/19/hati-hati-posisi-bercinta-ini-dapat-merusak-mr-p-anda,Advertiser preference,Adult: Sexual content,Restricted ad serving,ca-pub-7784034061253020,490,2025-06-19,2025-06-25
jambi.tribunnews.com,Page,N/A,N/A,jambi.tribunnews.com/2018/02/22/2-kategori-dan-49-istilah-yang-sering-digunakan-di-film-biru?page=all,Advertiser preference,Adult: Sexual content,Restricted ad serving,ca-pub-7784034061253020,489,2025-06-19,2025-06-25
jambi.tribunnews.com,Page,N/A,N/A,jambi.tribunnews.com/2019/10/02/berikut-foto-30-gadis-jepang-yang-sering-pamerkan-bagian-dalam-tubuhnya-meski-pakai-baju-transparan,Advertiser preference,Adult: Sexual content,Restricted ad serving,ca-pub-7784034061253020,462,2025-06-19,2025-06-25
bangka.tribunnews.com,Page,N/A,N/A,bangka.tribunnews.com/2022/04/04/inilah-daftar-harga-rokok-di-indomaret-april-2022-gudang-garam-merah-rp14000?page=all,Advertiser preference,Shocking content,Restricted ad serving,ca-pub-7784034061253020,458,2025-06-19,2025-06-25
makassar.tribunnews.com,Page,N/A,N/A,makassar.tribunnews.com/2017/12/10/si-wanita-cantik-masuk-toilet-lalu-lepas-baju-dan-celana-hal-tak-disangka-pun-terjadi,Policy issue,Ads Disguised as Content,Restricted ad serving,ca-pub-7784034061253020,456,2025-06-19,2025-06-25
aceh.tribunnews.com,Page,N/A,N/A,aceh.tribunnews.com/2025/06/18/sosok-pelaku-pembacokan-yang-tewaskan-5-orang-sekeluarga-di-aceh-tenggara-1-korban-masih-balita?page=4,Advertiser preference,Shocking content,Restricted ad serving,ca-pub-7784034061253020,445,2025-06-19,2025-06-25
suryamalang.tribunnews.com,Page,N/A,N/A,suryamalang.tribunnews.com/2025/06/09/dalih-tarmin-ketua-panitia-kurban-yang-viral-minta-uang-rp-15-ribu-ke-warga-yang-tukar-kupon-daging?page=2,Advertiser preference,Adult: Sexual content,Restricted ad serving,ca-pub-7784034061253020,424,2025-06-20,2025-06-23
kupang.tribunnews.com,Page,N/A,N/A,kupang.tribunnews.com/2019/07/18/terlihat-sangat-perkasaternyata-ini-cara-aktor-film-porno-menjaga-ereksinya-bertahan-sepanjang-film,Advertiser preference,Adult: Sexual content,Restricted ad serving,ca-pub-7784034061253020,418,2025-06-19,2025-06-25
medan.tribunnews.com,Page,N/A,N/A,medan.tribunnews.com/2025/06/25/keluarga-mempelai-wanita-berusaha-culik-pengantin-di-pernikahan-dan-serang-tamu-dengan-bubuk-cabai,Advertiser preference,Adult: Sexual content,Restricted ad serving,ca-pub-7784034061253020,414,2025-06-25,2025-06-25
aceh.tribunnews.com,Page,N/A,N/A,aceh.tribunnews.com/2025/06/18/sosok-pelaku-pembacokan-yang-tewaskan-5-orang-sekeluarga-di-aceh-tenggara-1-korban-masih-balita?page=3,Advertiser preference,Shocking content,Restricted ad serving,ca-pub-7784034061253020,409,2025-06-19,2025-06-25
medan.tribunnews.com,Page,N/A,N/A,medan.tribunnews.com/2022/02/05/resep-sup-sayur-iga-babi-makanan-non-halal-yang-mudah-dibuat-di-rumah,Policy issue,Modified ad code: Resizing Ad Frames,Restricted ad serving,ca-pub-7784034061253020,399,2025-06-19,2025-06-25
jambi.tribunnews.com,Page,N/A,N/A,jambi.tribunnews.com/2019/11/22/lima-wanita-cantik-bintang-film-dewasa-terfavorit-nomor-4-pemeran-terbaik-adegan-sesama-jenis,Advertiser preference,Adult: Sexual content,Restricted ad serving,ca-pub-7784034061253020,386,2025-06-19,2025-06-25
jambi.tribunnews.com,Page,N/A,N/A,jambi.tribunnews.com/2020/10/31/obat-kuat-bawang-putih-campuran-kopi-hitam-dan-madu-hingga-jahe-campur-madu,Policy issue,Ads Disguised as Content,Restricted ad serving,ca-pub-7784034061253020,385,2025-06-19,2025-06-25
medan.tribunnews.com,Page,N/A,N/A,medan.tribunnews.com/2025/06/25/pengantin-wanita-pakai-kaos-dan-sandal-jepit-saat-pernikahan-protes-mahar-tak-sesuai-kesepakatan,Advertiser preference,Adult: Sexual content,Restricted ad serving,ca-pub-7784034061253020,374,2025-06-24,2025-06-25
jakarta.tribunnews.com,Page,N/A,N/A,jakarta.tribunnews.com/topic/viral-di-media-sosial,Advertiser preference,Shocking content,Restricted ad serving,ca-pub-7784034061253020,370,2025-06-19,2025-06-24
palembang.tribunnews.com,Page,N/A,N/A,palembang.tribunnews.com/2025/05/23/5-contoh-kata-sambutan-tentang-idul-adha-2025-dari-kepala-desa-dan-ketupel-singkat-dan-penuh-makna,Advertiser preference,Adult: Sexual content,Restricted ad serving,ca-pub-7784034061253020,364,2025-06-22,2025-06-23
manado.tribunnews.com,Page,N/A,N/A,manado.tribunnews.com/kesehatan,Advertiser preference,Adult: Sexual content,Restricted ad serving,ca-pub-7784034061253020,363,2025-06-19,2025-06-25
jambi.tribunnews.com,Page,N/A,N/A,jambi.tribunnews.com/2025/06/25/tendang-pacarnya-hingga-tersungkur-pria-ini-pergoki-kekasihnya-ngamar-dengan-selingkuhannya,Advertiser preference,Adult: Sexual content,Restricted ad serving,ca-pub-7784034061253020,344,2025-06-25,2025-06-25
makassar.tribunnews.com,Page,N/A,N/A,makassar.tribunnews.com/2016/11/23/bungkuk-udang-nafsu-tinggi-betulkah,Advertiser preference,Adult: Sexual content,Restricted ad serving,ca-pub-7784034061253020,331,2025-06-19,2025-06-25
www.tribunnewswiki.com,Page,N/A,N/A,www.tribunnewswiki.com/2019/10/24/40-arti-tahi-lalat-berdasarkan-lokasinya-di-tubuh-banyak-tahi-lalat-jadi-panen-keberuntungan-nih?page=all,Advertiser preference;Policy issue,Encouraging accidental clicks: Layout;Google-served ads obscuring content,Restricted ad serving,ca-pub-7784034061253020,330,2025-06-19,2025-06-25
pekanbaru.tribunnews.com,Page,N/A,N/A,pekanbaru.tribunnews.com/2021/08/21/apa-arti-amunisi-dalam-bahasa-gaul-bukan-soal-senjata-ini-amunisi-artinya-bahasa-gaul,Advertiser preference,Google-served ads obscuring content,Restricted ad serving,ca-pub-7784034061253020,319,2025-06-19,2025-06-25
makassar.tribunnews.com,Page,N/A,N/A,makassar.tribunnews.com/2025/05/25/urutan-pangkat-polisi-beserta-lambangnya?source=kgnotif_1,Advertiser preference,Adult: Sexual content,Restricted ad serving,ca-pub-7784034061253020,313,2025-06-19,2025-06-24
makassar.tribunnews.com,Page,N/A,N/A,makassar.tribunnews.com/2017/12/13/6-cara-tahu-wanita-tak-perawan-nomor-1-hidung-nomor-2-mata-nomor-5-telapak-tangan,Advertiser preference,Shocking content,Restricted ad serving,ca-pub-7784034061253020,311,2025-06-19,2025-06-25
lampung.tribunnews.com,Page,N/A,N/A,lampung.tribunnews.com/2018/05/21/6-tanda-pasangan-pernah-berhubungan-intim-dengan-pria-lain-suami-mesti-waspada,Advertiser preference,Adult: Sexual content,Restricted ad serving,ca-pub-7784034061253020,304,2025-06-19,2025-06-25
aceh.tribunnews.com,Page,N/A,N/A,aceh.tribunnews.com/2025/05/27/ngeri-kelamin-bocah-10-tahun-terpotong-saat-disunat-laser-alami-luka-serius-sudah-5-kali-operasi,Advertiser preference,Adult: Sexual content,Restricted ad serving,ca-pub-7784034061253020,303,2025-06-19,2025-06-24
surabaya.tribunnews.com,Page,N/A,N/A,surabaya.tribunnews.com/2022/11/17/lirik-sholawat-ya-robbi-sholli-ala-muhammad-arab-latin-dan-terjemahan-indonesia,Advertiser preference,Adult: Sexual content,Restricted ad serving,ca-pub-7784034061253020,290,2025-06-24,2025-06-24
jateng.tribunnews.com,Page,N/A,N/A,jateng.tribunnews.com/2016/05/02/inilah-9-wanita-berparas-cantik-namun-memilih-karier-sebagai-bintang-film-porno,Advertiser preference,Adult: Sexual content,Restricted ad serving,ca-pub-7784034061253020,288,2025-06-19,2025-06-25
wartakota.tribunnews.com,Page,N/A,N/A,wartakota.tribunnews.com/2017/04/24/video-adegan-ayu-ting-ting-di-atas-ranjang-bikin-heboh,Policy issue,Site Behavior: Navigation,Restricted ad serving,ca-pub-7784034061253020,286,2025-06-19,2025-06-25
surabaya.tribunnews.com,Page,N/A,N/A,surabaya.tribunnews.com/2025/06/24/kronologi-polres-bogor-gerebek-pesta-gay-di-bogor-75-orang-diamankan-modus-family-gathering,Advertiser preference,Adult: Sexual content,Restricted ad serving,ca-pub-7784034061253020,286,2025-06-24,2025-06-24
makassar.tribunnews.com,Page,N/A,N/A,makassar.tribunnews.com/tag/fadly-wellang,Advertiser preference,Adult: Sexual content,Restricted ad serving,ca-pub-7784034061253020,286,2025-06-24,2025-06-24
bangka.tribunnews.com,Page,N/A,N/A,bangka.tribunnews.com/2018/01/06/video-mesum-tante-dan-bocah-di-bandung-ternyata-juga-berhubungan-dengan-pria-ini,Advertiser preference,Adult: Sexual content,Restricted ad serving,ca-pub-7784034061253020,282,2025-06-19,2025-06-25
makassar.tribunnews.com,Page,N/A,N/A,makassar.tribunnews.com/2017/03/28/beginilah-ular-piton-menelan-akbar-petani-sawit-memuju-tengah,Advertiser preference,Shocking content,Restricted ad serving,ca-pub-7784034061253020,276,2025-06-19,2025-06-25
pekanbaru.tribunnews.com,Page,N/A,N/A,pekanbaru.tribunnews.com/2023/12/15/chika-viral-20-juta-link-dicari-dan-link-video-chika-yang-lagi-viral-disebar-di-twitter,Advertiser preference,Adult: Sexual content,Restricted ad serving,ca-pub-7784034061253020,267,2025-06-19,2025-06-24
bangka.tribunnews.com,Page,N/A,N/A,bangka.tribunnews.com/2020/03/05/tips-gerakan-senam-kegel-untuk-wanita-manfaatnya-bisa-bahagiakan-pasangan-anda?page=2,Advertiser preference,Adult: Sexual content,Restricted ad serving,ca-pub-7784034061253020,253,2025-06-20,2025-06-25
surabaya.tribunnews.com,Page,N/A,N/A,surabaya.tribunnews.com/news,Advertiser preference,Adult: Sexual content,Restricted ad serving,ca-pub-7784034061253020,245,2025-06-24,2025-06-25
medan.tribunnews.com,Page,N/A,N/A,medan.tribunnews.com/2025/03/13/sosok-kombes-pol-hendria-lesmana-ditunjuk-kapolri-sebagai-kapolresta-deli-serdang,Advertiser preference,Adult: Sexual content,Restricted ad serving,ca-pub-7784034061253020,245,2025-06-23,2025-06-23
www.tribunnews.com,Page,N/A,N/A,www.tribunnews.com/kesehatan/2021/07/16/manfaat-minyak-zaitun-untuk-pria-benarkah-bisa-memperbesar-alat-vital-ahli-beberkan-faktanya,Policy issue,Ads Disguised as Content,Restricted ad serving,ca-pub-7784034061253020,244,2025-06-19,2025-06-25
kupang.tribunnews.com,Page,N/A,N/A,kupang.tribunnews.com/2020/04/22/mantan-artis-film-dewasa-thailand-yang-cantik-dan-seksi-ini-cari-suami-baru-ini-syarat-syaratnya,Advertiser preference;Policy issue,Encouraging accidental clicks: Layout;Google-served ads obscuring content,Restricted ad serving,ca-pub-7784034061253020,229,2025-06-19,2025-06-25
batam.tribunnews.com,Page,N/A,N/A,batam.tribunnews.com/2020/12/21/kisah-cinta-4-pasangan-pemeran-film-panas-terjebak-cinta-lokasi-hingga-menikah-ada-yang-punya-anak?page=all,Advertiser preference,Google-served ads obscuring content,Restricted ad serving,ca-pub-7784034061253020,228,2025-06-19,2025-06-25
belitung.tribunnews.com,Page,N/A,N/A,belitung.tribunnews.com/2017/08/13/cerita-mengapa-ada-orang-yang-meninggal-tersenyum,Advertiser preference,Shocking content,Restricted ad serving,ca-pub-7784034061253020,226,2025-06-19,2025-06-25
style.tribunnews.com,Page,N/A,N/A,style.tribunnews.com/2017/06/24/ingin-tahan-lama-saat-diranjang-cukup-gunakan-ramuan-sawo-mentah-ini-begini-caranya,Advertiser preference,Adult: Sexual content,Restricted ad serving,ca-pub-7784034061253020,224,2025-06-19,2025-06-25
bangka.tribunnews.com,Page,N/A,N/A,bangka.tribunnews.com/2017/03/13/astaga-pria-ini-puaskan-nafsunya-ke-alat-bantu-seks-kalau-nggak-ada-bocah-buat-dicabuli,Advertiser preference,Adult: Sexual content,Restricted ad serving,ca-pub-7784034061253020,224,2025-06-19,2025-06-25
www.tribunnews.com,Page,N/A,N/A,www.tribunnews.com/regional/2021/03/05/kronologi-lengkap-pembunuhan-gadis-cantik-di-hotel-kediri-korban-ditikam-pisau-belati-usai-bercinta,Policy issue,Ads Disguised as Content,Restricted ad serving,ca-pub-7784034061253020,223,2025-06-19,2025-06-25
pekanbaru.tribunnews.com,Page,N/A,N/A,pekanbaru.tribunnews.com/tag/kiwora-mlbb,Policy issue,Mislabeled Ads,Restricted ad serving,ca-pub-7784034061253020,223,2025-06-19,2025-06-25
bali.tribunnews.com,Page,N/A,N/A,bali.tribunnews.com/live-streaming,Advertiser preference,Adult: Sexual content,Restricted ad serving,ca-pub-7784034061253020,221,2025-06-19,2025-06-24
aceh.tribunnews.com,Page,N/A,N/A,aceh.tribunnews.com/2020/11/07/video-panas-19-detik-mirip-gisel-viral-di-medsos-mbah-mijan-angkat-bicara-dan-ucapkan-terima-kasih,Policy issue,Ads Disguised as Content,Restricted ad serving,ca-pub-7784034061253020;ca-video-pub-7784034061253020,220,2025-06-19,2025-06-25
makassar.tribunnews.com,Page,N/A,N/A,makassar.tribunnews.com/2019/10/11/karena-sudah-keseringan-adik-kandung-ajak-duluan-kakak-berhubungan-badan-layaknya-suami-istri,Advertiser preference,Adult: Sexual content,Restricted ad serving,ca-pub-7784034061253020,215,2025-06-19,2025-06-25
pontianak.tribunnews.com,Page,N/A,N/A,pontianak.tribunnews.com/techno,Policy issue,Encouraging accidental clicks: Layout,Restricted ad serving,ca-pub-7784034061253020,213,2025-06-19,2025-06-25
medan.tribunnews.com,Page,N/A,N/A,medan.tribunnews.com/2019/03/20/ini-dia-5-merek-rokok-paling-mahal-di-dunia-ada-yang-harganya-capai-rp-953-ribu?page=all,Policy issue,Site Behavior: Navigation,Restricted ad serving,ca-pub-7784034061253020,213,2025-06-19,2025-06-25
manado.tribunnews.com,Page,N/A,N/A,manado.tribunnews.com/2019/07/24/ternyata-status-whatsapp-kamu-tersimpan-di-folder-ini-bisa-buka-kapan-saja-begini-caranya,Advertiser preference,Google-served ads obscuring content,Restricted ad serving,ca-pub-7784034061253020,213,2025-06-19,2025-06-25
medan.tribunnews.com,Page,N/A,N/A,medan.tribunnews.com/2019/09/20/inilah-daftar-makanan-yang-boleh-dipanaskan-kembali-dan-makanan-uang-tidak-bisa-dipanaskan-lagi,Advertiser preference,Google-served ads obscuring content,Restricted ad serving,ca-pub-7784034061253020,212,2025-06-19,2025-06-25
banjarmasin.tribunnews.com,Page,N/A,N/A,banjarmasin.tribunnews.com/2022/08/23/tak-usah-risau-alami-disfungsi-ereksi-dr-zaidul-akbar-bongkar-resep-ampuh-herbal,Policy issue,Ads Disguised as Content,Restricted ad serving,ca-pub-7784034061253020,211,2025-06-19,2025-06-25
pontianak.tribunnews.com,Page,N/A,N/A,pontianak.tribunnews.com/2016/09/16/waduh-artis-populer-ini-nekat-untuk-tampil-telanjang-di-film-terbarunya,Advertiser preference,Adult: Sexual content,Restricted ad serving,ca-pub-7784034061253020,207,2025-06-19,2025-06-23
pekanbaru.tribunnews.com,Page,N/A,N/A,pekanbaru.tribunnews.com/2023/06/02/arti-bbw-dalam-bahasa-gaul-digunakan-khusus-untuk-cewek,Advertiser preference,Google-served ads obscuring content,Restricted ad serving,ca-pub-7784034061253020,202,2025-06-19,2025-06-25
medan.tribunnews.com,Page,N/A,N/A,medan.tribunnews.com/2022/09/25/baru-tahu-ini-arti-mimpi-berhubungan-dengan-istri-orang-terkesan-tabu,Policy issue,Ads Disguised as Content,Restricted ad serving,ca-pub-7784034061253020,202,2025-06-19,2025-06-25
makassar.tribunnews.com,Page,N/A,N/A,makassar.tribunnews.com/2020/07/25/bebas-pilih-29-aplikasi-link-nonton-film-online-film-dewasa-drakor-download-film-mirip-indoxxi,Policy issue,Ads Disguised as Content,Restricted ad serving,ca-pub-7784034061253020,202,2025-06-19,2025-06-25
www.tribunnews.com,Page,N/A,N/A,www.tribunnews.com/kesehatan/2018/04/08/perawan-atau-tidak-bisa-dilihat-dari-cara-berjalan-dokter-ungkap-fakta-sesungguhnya,Advertiser preference,Adult: Sexual content,Restricted ad serving,ca-pub-7784034061253020,201,2025-06-19,2025-06-25
lampung.tribunnews.com,Page,N/A,N/A,lampung.tribunnews.com/2017/10/04/tips-agar-miss-v-tak-terlihat-menyembul-saat-memakai-celana-model-ini,Advertiser preference,Adult: Sexual content,Restricted ad serving,ca-pub-7784034061253020,201,2025-06-19,2025-06-25
sultra.tribunnews.com,Page,N/A,N/A,sultra.tribunnews.com/2022/10/29/link-video-viral-lombok-vc-tak-senonoh-beredar-di-tiktok-facebook-twitter-telegram-sosok-pemeran,Policy issue,Ads Disguised as Content,Restricted ad serving,ca-pub-7784034061253020,200,2025-06-19,2025-06-25
makassar.tribunnews.com,Page,N/A,N/A,makassar.tribunnews.com/2015/07/31/inilah-lokasi-industri-porno-terbesar-dunia,Advertiser preference,Adult: Sexual content,Restricted ad serving,ca-pub-7784034061253020,199,2025-06-19,2025-06-25
jambi.tribunnews.com,Page,N/A,N/A,jambi.tribunnews.com/2019/08/22/dereta-artis-ini-betobat-sebagai-bintang-film-panas-nasibnya-sekarang-mengejutkan-ada-nama-miyabi,Advertiser preference,Adult: Sexual content,Restricted ad serving,ca-pub-7784034061253020,195,2025-06-19,2025-06-25
madura.tribunnews.com,Page,N/A,N/A,madura.tribunnews.com/2020/01/02/daftar-harga-rokok-terbaru-setelah-tarif-cukai-rokok-naik-2020marlboro-ice-blast-capai-rp-52500?page=all,Advertiser preference,Shocking content,Restricted ad serving,ca-pub-7784034061253020,192,2025-06-20,2025-06-25
jateng.tribunnews.com,Page,N/A,N/A,jateng.tribunnews.com/kesehatan,Advertiser preference,Adult: Sexual content,Restricted ad serving,ca-pub-7784034061253020,189,2025-06-19,2025-06-25
jatim.tribunnews.com,Page,N/A,N/A,jatim.tribunnews.com/2017/11/28/9-posisi-oral-seks-terbaik-yang-bisa-bikin-pasanganmu-menggila-seketika-no-6-paling-dahsyat,Advertiser preference,Adult: Sexual content,Restricted ad serving,ca-pub-7784034061253020,188,2025-06-19,2025-06-25
www.tribunnews.com,Page,N/A,N/A,www.tribunnews.com/internasional/2016/09/02/india-perbolehkan-gadis-15-tahun-berhubungan-seks,Advertiser preference,Adult: Sexual content,Restricted ad serving,ca-pub-7784034061253020,183,2025-06-19,2025-06-25
palembang.tribunnews.com,Page,N/A,N/A,palembang.tribunnews.com/2016/06/15/tidak-disetujui-nikah-dini-saya-sering-gituan-dengan-jari-tangan-bolehkah,Advertiser preference,Adult: Sexual content,Restricted ad serving,ca-pub-7784034061253020,182,2025-06-19,2025-06-25
m.tribunnews.com,Page,N/A,N/A,m.tribunnews.com/regional/2011/04/01/subandi-mak-erot-dari-trenggalek,Advertiser preference,Adult: Sexual content,Restricted ad serving,ca-pub-7784034061253020,182,2025-06-19,2025-06-25
style.tribunnews.com,Page,N/A,N/A,style.tribunnews.com/2016/08/22/gaya-masturbasi-pria-hayo-kamu-biasanya-pakai-style-yang-mana,Advertiser preference,Adult: Sexual content,Restricted ad serving,ca-pub-7784034061253020,181,2025-06-19,2025-06-25
www.tribunnews.com,Page,N/A,N/A,www.tribunnews.com/regional/2011/04/01/subandi-mak-erot-dari-trenggalek,Advertiser preference,Adult: Sexual content,Restricted ad serving,ca-pub-7784034061253020,179,2025-06-19,2025-06-25
batam.tribunnews.com,Page,N/A,N/A,batam.tribunnews.com/404,Policy issue,Google-served ads on screens without publisher-content,Restricted ad serving,ca-pub-7784034061253020,179,2025-06-20,2025-06-25
aceh.tribunnews.com,Page,N/A,N/A,aceh.tribunnews.com/tag/harga-cabai-merah,Policy issue,Google-served ads on screens without publisher-content,Restricted ad serving,ca-pub-7784034061253020,177,2025-06-19,2025-06-25
aceh.tribunnews.com,Page,N/A,N/A,aceh.tribunnews.com/2022/03/05/harus-dipelajari-suami-begini-tips-mengajak-istri-berhubungan-intim-menurut-buya-yahya,Advertiser preference,Shocking content,Restricted ad serving,ca-pub-7784034061253020,168,2025-06-19,2025-06-25
pekanbaru.tribunnews.com,Page,N/A,N/A,pekanbaru.tribunnews.com/2021/11/22/bahasa-gaul-kaum-dewasa-museum-hingga-ml-apa-arti-kata-museum-dan-arti-ml,Policy issue,Ads Disguised as Content,Restricted ad serving,ca-pub-7784034061253020,166,2025-06-19,2025-06-25
lampung.tribunnews.com,Page,N/A,N/A,lampung.tribunnews.com/2018/02/02/ini-kode-kode-rahasia-prostitusi-via-media-sosial,Advertiser preference,Google-served ads obscuring content,Restricted ad serving,ca-pub-7784034061253020,166,2025-06-19,2025-06-25
wartakota.tribunnews.com,Page,N/A,N/A,wartakota.tribunnews.com/2020/10/21/ternyata-ini-arti-mimpi-berhubungan-intim-dengan-banyak-orang,Policy issue,Ads Disguised as Content,Restricted ad serving,ca-pub-7784034061253020,165,2025-06-19,2025-06-25
bali.tribunnews.com,Page,N/A,N/A,bali.tribunnews.com/2018/01/27/ternyata-ini-rahasia-aktor-film-panas-tahan-sepanjang-film,Advertiser preference,Adult: Sexual content,Restricted ad serving,ca-pub-7784034061253020,164,2025-06-19,2025-06-25
bangka.tribunnews.com,Page,N/A,N/A,bangka.tribunnews.com/2023/01/22/siapa-tokyo-lagi-seleb-tiktok-yang-bikin-pria-terpana-ini-nama-lengkap-asal-umur-akun-ig-nya,Advertiser preference,Google-served ads obscuring content,Restricted ad serving,ca-pub-7784034061253020,161,2025-06-19,2025-06-25
aceh.tribunnews.com,Page,N/A,N/A,aceh.tribunnews.com/2022/06/22/berapa-lama-suami-butuh-waktu-istirahat-sebelum-memasuki-ronde-kedua-begini-kata-dr-boyke?page=all,Policy issue,Google-served ads on screens without publisher-content,Restricted ad serving,ca-pub-7784034061253020,161,2025-06-19,2025-06-24
surabaya.tribunnews.com,Page,N/A,N/A,surabaya.tribunnews.com/2020/01/01/tahun-baru-2020-harga-rokok-naik-berikut-daftar-harga-per-bungkus-ada-yang-naik-sampai-rp-31-ribu,Advertiser preference,Tobacco,Restricted ad serving,ca-pub-7784034061253020,159,2025-06-19,2025-06-25
manado.tribunnews.com,Page,N/A,N/A,manado.tribunnews.com/2020/08/29/benarkah-alat-kelamin-kucing-jantan-berduri-sehingga-kucing-betina-berisik-saat-kawin-ini-faktanya?page=2,Advertiser preference,Google-served ads obscuring content,Restricted ad serving,ca-pub-7784034061253020,157,2025-06-19,2025-06-25
belitung.tribunnews.com,Page,N/A,N/A,belitung.tribunnews.com/2021/01/24/kode-khusus-tempat-prostitusi-di-puncak-bogor-tulisan-villa-dan-villa-double-l-ini-artinya,Policy issue,Ads Disguised as Content,Restricted ad serving,ca-pub-7784034061253020,155,2025-06-20,2025-06-25
bangka.tribunnews.com,Page,N/A,N/A,bangka.tribunnews.com/2018/01/08/ini-7-nama-tersangka-video-mesum-tante-vs-bocah-di-bandung,Advertiser preference,Adult: Sexual content,Restricted ad serving,ca-pub-7784034061253020,155,2025-06-19,2025-06-25
solo.tribunnews.com,Page,N/A,N/A,solo.tribunnews.com/2020/01/23/chord-ukulele-dan-lirik-lagu-harusnya-aku-armada-harusnya-aku-yang-disana,Advertiser preference;Policy issue,Encouraging accidental clicks: Layout;Google-served ads obscuring content,Restricted ad serving,ca-pub-7784034061253020,154,2025-06-19,2025-06-25
makassar.tribunnews.com,Page,N/A,N/A,makassar.tribunnews.com/2020/11/08/4-kontroversi-gisella-anastasia-gisel-terbaru-viral-video-panas-19-detik-disebut-mirip-mama-gempi,Advertiser preference,Adult: Sexual content,Restricted ad serving,ca-pub-7784034061253020,154,2025-06-20,2025-06-25
medan.tribunnews.com,Page,N/A,N/A,medan.tribunnews.com/2018/01/14/kumpulan-foto-foto-seksi-tyas-mirasih-dari-blak-blakan-urusan-ranjang-hingga-prostitusi-artis?page=all,Policy issue,Site Behavior: Navigation,Restricted ad serving,ca-pub-7784034061253020,153,2025-06-22,2025-06-25
m.tribunnews.com,Page,N/A,N/A,m.tribunnews.com/kesehatan/2018/02/12/jauh-dari-suami-ibu-2-anak-ini-3-tahun-pakai-sex-toys-blak-blakan-soal-rasa-dan-pendapat-suaminya,Advertiser preference,Adult: Sexual content,Restricted ad serving,ca-pub-7784034061253020,153,2025-06-20,2025-06-24
wartakota.tribunnews.com,Page,N/A,N/A,wartakota.tribunnews.com/2020/11/07/link-download-video-full-gisel-viral-di-medsos-jadi-buruan-warganet-di-twitter-dan-telegram,Policy issue,Ads Disguised as Content,Restricted ad serving,ca-pub-7784034061253020,150,2025-06-19,2025-06-25
m.tribunnews.com,Page,N/A,N/A,m.tribunnews.com/kesehatan/2013/02/06/ini-kata-mereka-yang-pernah-mengonsumsi-permen-karet-cinta,Advertiser preference,Adult: Sexual content,Restricted ad serving,ca-pub-7784034061253020,150,2025-06-19,2025-06-25
bangka.tribunnews.com,Page,N/A,N/A,bangka.tribunnews.com/2020/11/07/kisah-nyata-pengakuan-istri-selingkuh-berkali-kali-berhubungan-intim-begini-cara-menangkal-pelet,Policy issue,Ads Disguised as Content,Restricted ad serving,ca-pub-7784034061253020,150,2025-06-19,2025-06-25
medan.tribunnews.com,Page,N/A,N/A,medan.tribunnews.com/2020/03/19/viral-video-wanita-cantik-dilabrak-istri-di-bandara-singgung-video-mesum-mantan-pegawai-bank-sumsel,Advertiser preference,Shocking content,Restricted ad serving,ca-pub-7784034061253020,149,2025-06-19,2025-06-25
jogja.tribunnews.com,Page,N/A,N/A,jogja.tribunnews.com/kesehatan,Advertiser preference,Adult: Sexual content,Restricted ad serving,ca-pub-7784034061253020,149,2025-06-20,2025-06-25
pekanbaru.tribunnews.com,Page,N/A,N/A,pekanbaru.tribunnews.com/2021/08/27/film-bokeh-maika-monroe-trend-xnxubd-film-bokeh-full-bokeh-lights-bokeh-video-google-apk-download,Policy issue,Ads Disguised as Content,Restricted ad serving,ca-pub-7784034061253020,148,2025-06-19,2025-06-25
sumsel.tribunnews.com,Page,N/A,N/A,sumsel.tribunnews.com/2021/07/06/arti-kata-bullshit-dalam-bahasa-gaul-yang-populer-di-media-sosial-ternyata-ini-pengertiannya,Advertiser preference;Policy issue,Content obscuring Google-served ads;Encouraging accidental clicks: Layout,Restricted ad serving,ca-pub-7784034061253020,146,2025-06-19,2025-06-25
belitung.tribunnews.com,Page,N/A,N/A,belitung.tribunnews.com/2016/09/15/empat-wanita-cantik-asal-indonesia-ini-sukses-jadi-bintang-film-porno-simak-siapa-saja-mereka,Advertiser preference,Adult: Sexual content,Restricted ad serving,ca-pub-7784034061253020,146,2025-06-19,2025-06-25
bangka.tribunnews.com,Page,N/A,N/A,bangka.tribunnews.com/2022/07/21/ada-panti-pijat-plus-plus-di-pangkalpinang-berkedok-pijat-tradisional-full-service-bayar-rp-400000,Policy issue,Ads Disguised as Content,Restricted ad serving,ca-pub-7784034061253020,144,2025-06-19,2025-06-25
bangka.tribunnews.com,Page,N/A,N/A,bangka.tribunnews.com/tag/harga-cabai,Policy issue,Google-served ads on screens without publisher-content,Restricted ad serving,ca-pub-7784034061253020,143,2025-06-19,2025-06-25
makassar.tribunnews.com,Page,N/A,N/A,makassar.tribunnews.com/2017/12/16/beginilah-nasib-7-bintang-film-panas-jepang-saat-tobat-nomor-7-bikin-cara-sendiri-layani-fans,Policy issue,Site Behavior: Navigation,Restricted ad serving,ca-pub-7784034061253020,139,2025-06-21,2025-06-25
wartakota.tribunnews.com,Page,N/A,N/A,wartakota.tribunnews.com/2021/05/26/cerita-psk-open-bo-di-michat-dapat-pelanggan-tetangga-sendiri-dan-teman-nongkrong-tarif-tetap-sama,Policy issue,Ads Disguised as Content,Restricted ad serving,ca-pub-7784034061253020,137,2025-06-19,2025-06-25
wartakota.tribunnews.com,Page,N/A,N/A,wartakota.tribunnews.com/2014/05/23/klitoris-ternyata-penentu-perangsang-orgasme-perempuan-bukan-g-spot,Advertiser preference,Adult: Sexual content,Restricted ad serving,ca-pub-7784034061253020,137,2025-06-19,2025-06-25
jambi.tribunnews.com,Page,N/A,N/A,jambi.tribunnews.com/2018/01/21/ini-yang-ada-dipikiran-wanita-bila-melihat-kelamin-laki-laki,Advertiser preference,Adult: Sexual content,Restricted ad serving,ca-pub-7784034061253020,137,2025-06-19,2025-06-25
bangka.tribunnews.com,Page,N/A,N/A,bangka.tribunnews.com/2017/11/09/9-kasus-pasangan-mati-gancet-4-diantaranya-terjadi-di-indonesia,Policy issue,Ads Disguised as Content,Restricted ad serving,ca-pub-7784034061253020,135,2025-06-19,2025-06-25
jambi.tribunnews.com,Page,N/A,N/A,jambi.tribunnews.com/2019/06/10/6-tanda-istri-selingkuh-dan-pernah-tidur-dengan-pria-lain-ciri-ciri-ini-yang-bikin-ketahuan,Policy issue,Ads Disguised as Content,Restricted ad serving,ca-pub-7784034061253020,132,2025-06-20,2025-06-25
belitung.tribunnews.com,Page,N/A,N/A,belitung.tribunnews.com/2017/05/02/empat-wanita-cantik-ini-peraih-penghargaan-film-panas-di-jepang-siapa-saja-mereka,Policy issue,Ads Disguised as Content,Restricted ad serving,ca-pub-7784034061253020,132,2025-06-19,2025-06-25
blog.tribunjualbeli.com,Page,N/A,N/A,blog.tribunjualbeli.com/7427/gak-cuma-doggy-style-ternyata-7-posisi-ini-diklaim-jauh-lebih-nikmat-lho-mau-coba,Advertiser preference,Adult: Sexual content,Restricted ad serving,ca-pub-7784034061253020,131,2025-06-19,2025-06-25
bangka.tribunnews.com,Page,N/A,N/A,bangka.tribunnews.com/2018/01/02/5-gerakan-jari-tangan-ini-bisa-hilangkan-stres-yuk-dicoba,Policy issue,Site Behavior: Navigation,Restricted ad serving,ca-pub-7784034061253020,130,2025-06-20,2025-06-24
jambi.tribunnews.com,Page,N/A,N/A,jambi.tribunnews.com/2021/04/13/bintang-film-panas-rusia-ini-dikerubuti-para-lelaki-saat-liburan-di-bali-lihat-ekspresinya?page=all,Policy issue,Ads Disguised as Content,Restricted ad serving,ca-pub-7784034061253020,129,2025-06-20,2025-06-25
sumsel.tribunnews.com,Page,N/A,N/A,sumsel.tribunnews.com/2021/04/23/lirik-dan-arti-lagu-she-going-ham-on-my-tonight-viral-di-tiktok-dick-starboi3-feat-doja-cat,Policy issue,Ads Disguised as Content,Restricted ad serving,ca-pub-7784034061253020,128,2025-06-19,2025-06-25
pekanbaru.tribunnews.com,Page,N/A,N/A,pekanbaru.tribunnews.com/2021/07/03/viral-tiktok-andaikan-hp-ku-tidak-jatuh-ada-apa-dengan-rina-hole-film-anime-stuck-in-the-wall,Policy issue,Ads Disguised as Content,Restricted ad serving,ca-pub-7784034061253020,128,2025-06-19,2025-06-25
kupang.tribunnews.com,Page,N/A,N/A,kupang.tribunnews.com/2014/08/18/tante-girang-yang-puas-akan-jadikan-brondong-sebagai-pacar,Advertiser preference,Adult: Sexual content,Restricted ad serving,ca-pub-7784034061253020,128,2025-06-19,2025-06-25
bangka.tribunnews.com,Page,N/A,N/A,bangka.tribunnews.com/2010/10/16/mahkota-kegadisan-direnggut-ayah-kandung,Advertiser preference,Adult: Sexual content,Restricted ad serving,ca-pub-7784034061253020,128,2025-06-19,2025-06-25
medan.tribunnews.com,Page,N/A,N/A,medan.tribunnews.com/2025/06/26/pengantin-pria-murka-dan-robek-kerudung-calon-istrinya-buntut-kesal-diminta-uang-tambahan?page=2,Advertiser preference,Adult: Sexual content,Restricted ad serving,ca-pub-7784034061253020,127,2025-06-25,2025-06-25
bangka.tribunnews.com,Page,N/A,N/A,bangka.tribunnews.com/2022/07/21/cerita-pelanggan-pijat-plus-plus-di-pingiran-pangkalpinang-tambah-rp-200000-dapat-full-service,Policy issue,Ads Disguised as Content,Restricted ad serving,ca-pub-7784034061253020,127,2025-06-19,2025-06-25
jambi.tribunnews.com,Page,N/A,N/A,jambi.tribunnews.com/2018/04/25/usir-sakit-kepala-dengan-pijatan-hanya-butuh-waktu-5-menit-lho,Policy issue,Site Behavior: Navigation,Restricted ad serving,ca-pub-7784034061253020,125,2025-06-19,2025-06-24
aceh.tribunnews.com,Page,N/A,N/A,aceh.tribunnews.com/2020/06/08/viral-foto-pengangkatan-rahim-disebut-terjadi-akibat-kista-ini-penjelasan-dokter,Advertiser preference,Shocking content,Restricted ad serving,ca-pub-7784034061253020,125,2025-06-19,2025-06-24
sulbar.tribunnews.com,Page,N/A,N/A,sulbar.tribunnews.com/2023/04/19/viral-video-adegan-tak-senonoh-diduga-diperankan-amanda-manopo-ada-di-twitter-tiktok-dan-telegram?page=all,Advertiser preference,Google-served ads obscuring content,Restricted ad serving,ca-pub-7784034061253020,123,2025-06-19,2025-06-24
makassar.tribunnews.com,Page,N/A,N/A,makassar.tribunnews.com/2015/04/02/jangan-sampai-anda-terkena-hiv-coba-cek-lidah,Advertiser preference,Shocking content,Restricted ad serving,ca-pub-7784034061253020,123,2025-06-21,2025-06-24
palembang.tribunnews.com,Page,N/A,N/A,palembang.tribunnews.com/2017/11/12/menyesal-pernah-bugil-dan-lakukan-adegal-panas-di-film-6-artis-ini-minta-maaf?page=4,Advertiser preference,Adult: Sexual content,Restricted ad serving,ca-pub-7784034061253020,122,2025-06-19,2025-06-25
jabar.tribunnews.com,Page,N/A,N/A,jabar.tribunnews.com/2022/02/28/pengobatan-alat-vital-bogor-cibinong-h-saepudin-cucu-mak-erot,Policy issue,Ads Disguised as Content,Restricted ad serving,ca-pub-7784034061253020,120,2025-06-19,2025-06-25
makassar.tribunnews.com,Page,N/A,N/A,makassar.tribunnews.com/2018/08/13/mengungkap-fenomena-spg-plus-plus-mulai-cara-identifikasi-hingga-tarif-sekali-kencan?page=all,Advertiser preference,Adult: Sexual content,Restricted ad serving,ca-pub-7784034061253020,119,2025-06-25,2025-06-25
kupang.tribunnews.com,Page,N/A,N/A,kupang.tribunnews.com/amp/2017/12/09/tanpa-sensor-para-pemain-di-lima-film-ini-benar-benar-lakukan-adegan-ranjang-di-depan-kamera,Policy issue,Site Behavior: Navigation,Restricted ad serving,ca-pub-7784034061253020,119,2025-06-19,2025-06-25
bangka.tribunnews.com,Page,N/A,N/A,bangka.tribunnews.com/2018/01/08/inilah-sosok-tante-imel-dan-tante-intan-pemeran-video-mesum-bandung-yang-berhasil-ditangkap,Advertiser preference,Adult: Sexual content,Restricted ad serving,ca-pub-7784034061253020,119,2025-06-19,2025-06-25
bali.tribunnews.com,Page,N/A,N/A,bali.tribunnews.com/2016/12/17/idih-7-benda-ini-pernah-dipakai-jadi-pengganti-kondom-akibatnya-serem,Advertiser preference,Adult: Sexual content,Restricted ad serving,ca-pub-7784034061253020,119,2025-06-20,2025-06-25
sultra.tribunnews.com,Page,N/A,N/A,sultra.tribunnews.com/2023/04/25/terbaru-video-popo-dan-rozi-viral-tiktok-dan-twitter-hingga-link-full-videonya-masih-diburu-warganet,Advertiser preference,Google-served ads obscuring content,Restricted ad serving,ca-pub-7784034061253020,118,2025-06-19,2025-06-24
makassar.tribunnews.com,Page,N/A,N/A,makassar.tribunnews.com/2020/05/28/suami-jadi-bintang-film-dewasa-hingga-8000-kali-adegan-panas-istri-dia-hanya-bekerja,Advertiser preference,Content obscuring Google-served ads,Restricted ad serving,ca-pub-7784034061253020,118,2025-06-19,2025-06-25
jogja.tribunnews.com,Page,N/A,N/A,jogja.tribunnews.com/2023/09/23/lirik-dan-terjemahan-lagu-youre-on-your-own-kid-taylor-swift,Advertiser preference,Adult: Sexual content,Restricted ad serving,ca-pub-7784034061253020,117,2025-06-20,2025-06-23
bangka.tribunnews.com,Page,N/A,N/A,bangka.tribunnews.com/2024/11/10/ayam-jatinangor-house-klarifikasi-soal-vireo-viral-karyawan-tak-pakai-baju-kami-memohon-maaf,Advertiser preference,Adult: Sexual content,Restricted ad serving,ca-pub-7784034061253020,117,2025-06-23,2025-06-24
makassar.tribunnews.com,Page,N/A,N/A,makassar.tribunnews.com/2015/09/10/puting-berubah-warna-mati-rasa-kempis-atau-mengeras-mengapa-baca-ini,Advertiser preference,Adult: Sexual content,Restricted ad serving,ca-pub-7784034061253020,116,2025-06-20,2025-06-25
kupang.tribunnews.com,Page,N/A,N/A,kupang.tribunnews.com/2020/12/26/jangan-diabaikan-ini-arti-mimpi-hubungan-badan-dengan-istri-atau-suami-orangtafsir-mimpi-lengkap,Advertiser preference;Policy issue,Google-served ads obscuring content;Modified Javascript: Ads by Google size,Restricted ad serving,ca-pub-7784034061253020,116,2025-06-19,2025-06-25
jambi.tribunnews.com,Page,N/A,N/A,jambi.tribunnews.com/2019/08/18/deretan-foto-30-gadis-jepang-ini-sangat-populer-berani-tampil-terbuka-hingga-tampak-bagian-dalam,Advertiser preference,Adult: Sexual content,Restricted ad serving,ca-pub-7784034061253020,116,2025-06-20,2025-06-25
surabaya.tribunnews.com,Page,N/A,N/A,surabaya.tribunnews.com/2021/03/20/lirik-sholawat-assholaatu-alannabi-tulisan-arab-latin-dan-terjemahan,Advertiser preference,Adult: Sexual content,Restricted ad serving,ca-pub-7784034061253020,115,2025-06-24,2025-06-24
jambi.tribunnews.com,Page,N/A,N/A,jambi.tribunnews.com/2016/07/17/4-tindakan-orangtua-saat-mengetahui-anaknya-sudah-tidak-perawan-nomor-3-jarang-dilakukan,Advertiser preference,Shocking content,Restricted ad serving,ca-pub-7784034061253020,115,2025-06-19,2025-06-23
bali.tribunnews.com,Page,N/A,N/A,bali.tribunnews.com/2017/08/08/risiko-seks-oral-bukan-sipilis-dan-hiv-namun-malah-memicu-kanker-lidah-dan-mulut-bagaimana-bisa,Policy issue,Ads Disguised as Content,Restricted ad serving,ca-pub-7784034061253020,115,2025-06-19,2025-06-25
www.tribunnews.com,Page,N/A,N/A,www.tribunnews.com/regional/2021/01/06/mayat-wanita-muda-di-hotel-rio-palembang-dikabarkan-menginap-dengan-2-teman-prianya,Advertiser preference,Shocking content,Restricted ad serving,ca-pub-7784034061253020,114,2025-06-19,2025-06-25
www.tribunnews.com,Page,N/A,N/A,www.tribunnews.com/regional/2017/10/11/empat-hotel-ini-jadi-lokasi-bisnis-esek-esek-di-medan,Advertiser preference,Adult: Sexual content,Restricted ad serving,ca-pub-7784034061253020,113,2025-06-20,2025-06-25
jambi.tribunnews.com,Page,N/A,N/A,jambi.tribunnews.com/2018/02/05/7-tata-cara-bersetubuh-dan-posisi-seks-menurut-islam-ingat-nomor-6-haram-dilakukan,Advertiser preference,Adult: Sexual content,Restricted ad serving,ca-pub-7784034061253020,112,2025-06-20,2025-06-24
wartakota.tribunnews.com,Page,N/A,N/A,wartakota.tribunnews.com/2017/04/14/inilah-pria-pemeran-film-porno-tertua-di-dunia-buka-rahasia-untuk-menjaga-stamina,Advertiser preference,Adult: Sexual content,Restricted ad serving,ca-pub-7784034061253020,111,2025-06-19,2025-06-25
jatim.tribunnews.com,Page,N/A,N/A,jatim.tribunnews.com/2022/03/15/arti-kata-depo-bahasa-gaul-viral-di-media-sosial-gegara-kasus-indra-kenz-dan-doni-salmanan,Advertiser preference,Google-served ads obscuring content,Restricted ad serving,ca-pub-7784034061253020,109,2025-06-19,2025-06-25
www.tribunnews.com,Page,N/A,N/A,www.tribunnews.com/kesehatan/2018/02/12/jauh-dari-suami-ibu-2-anak-ini-3-tahun-pakai-sex-toys-blak-blakan-soal-rasa-dan-pendapat-suaminya,Advertiser preference,Adult: Sexual content,Restricted ad serving,ca-pub-7784034061253020,108,2025-06-20,2025-06-25
kupang.tribunnews.com,Page,N/A,N/A,kupang.tribunnews.com/2020/01/25/lama-single-janda-3-anak-kecanduan-seka-5-kali-sehari-tak-cukup-menderita-diputus-pacar-haus-seks,Advertiser preference,Adult: Sexual content,Restricted ad serving,ca-pub-7784034061253020,108,2025-06-20,2025-06-25
bangka.tribunnews.com,Page,N/A,N/A,bangka.tribunnews.com/2021/12/30/terungkap-mengapa-suami-suka-lihat-istri-tanpa-busana-begini-penjelasan-dari-dr-aisah-dahlan,Policy issue,Ads Disguised as Content,Restricted ad serving,ca-pub-7784034061253020,108,2025-06-19,2025-06-25
bangka.tribunnews.com,Page,N/A,N/A,bangka.tribunnews.com/2021/02/09/tanda-tanda-wanita-sedang-birahi-dan-mau-diajak-berhubungan-intim-dr-aisah-dahlan-jelaskan-ini,Policy issue,Ads Disguised as Content,Restricted ad serving,ca-pub-7784034061253020,107,2025-06-19,2025-06-25
medan.tribunnews.com,Page,N/A,N/A,medan.tribunnews.com/2025/06/26/pengantin-pria-murka-dan-robek-kerudung-calon-istrinya-buntut-kesal-diminta-uang-tambahan?page=3,Advertiser preference,Adult: Sexual content,Restricted ad serving,ca-pub-7784034061253020,105,2025-06-25,2025-06-25
makassar.tribunnews.com,Page,N/A,N/A,makassar.tribunnews.com/2015/07/27/keseringan-onani-bikin-lutut-kopong-dan-merusak-kualitas-sperma,Advertiser preference,Adult: Sexual content,Restricted ad serving,ca-pub-7784034061253020,105,2025-06-19,2025-06-25
jateng.tribunnews.com,Page,N/A,N/A,jateng.tribunnews.com/2021/04/20/chord-kunci-gitar-apocalypse-cas,Advertiser preference;Policy issue,Google-served ads obscuring content;Modified Javascript: Ads by Google size,Restricted ad serving,ca-pub-7784034061253020,105,2025-06-19,2025-06-25
makassar.tribunnews.com,Page,N/A,N/A,makassar.tribunnews.com/2020/07/07/banyak-adegan-ranjang-gay-threesome-siswa-sma-ini-sinopsis-elite-di-netflix-ada-yang-berhijab,Policy issue,Ads Disguised as Content,Restricted ad serving,ca-pub-7784034061253020,104,2025-06-19,2025-06-25
bali.tribunnews.com,Page,N/A,N/A,bali.tribunnews.com/2021/12/14/tiga-video-syur-selebgram-tante-sisca-mellyana-di-vila-hebohkan-ubud-sampai-panggil-pecalang,Policy issue,Ads Disguised as Content,Restricted ad serving,ca-pub-7784034061253020,104,2025-06-19,2025-06-25
kupang.tribunnews.com,Page,N/A,N/A,kupang.tribunnews.com/2014/06/19/psk-sarkem-bisa-layani-5-pelanggan-semalam-tarif-rp-150-ribu-rp-300-ribu,Advertiser preference,Adult: Sexual content,Restricted ad serving,ca-pub-7784034061253020,103,2025-06-19,2025-06-25
m.tribunnews.com,Page,N/A,N/A,m.tribunnews.com/kesehatan/2013/02/06/ini-kata-mereka-yang-pernah-mengonsumsi-permen-karet-cinta?page=2,Advertiser preference,Adult: Sexual content,Restricted ad serving,ca-pub-7784034061253020,101,2025-06-20,2025-06-25
m.tribunnews.com,Page,N/A,N/A,m.tribunnews.com/internasional/2019/05/23/aktor-senior-film-dewasa-jepang-hubungan-pria-dan-wanita-terpenting-adalah-komunikasi,Advertiser preference,Shocking content,Restricted ad serving,ca-pub-7784034061253020,101,2025-06-19,2025-06-24
www.tribunnews.com,Page,N/A,N/A,www.tribunnews.com/regional/2013/08/11/10-tetes-langsung-bereaksi,Advertiser preference,Adult: Sexual content,Restricted ad serving,ca-pub-7784034061253020,100,2025-06-19,2025-06-25
www.tribunnews.com,Page,N/A,N/A,www.tribunnews.com/internasional/2017/07/19/psk-asing-di-jepang-banyak-pakai-tinder-dan-line-pusingkan-pihak-kepolisian,Advertiser preference,Adult: Sexual content,Restricted ad serving,ca-pub-7784034061253020,100,2025-06-19,2025-06-25
belitung.tribunnews.com,Page,N/A,N/A,belitung.tribunnews.com/2018/05/28/6-ciri-wanita-sudah-tak-perawan-mulai-hidung-mata-payudara-hingga-bentuk-perut,Advertiser preference,Adult: Sexual content,Restricted ad serving,ca-pub-7784034061253020,100,2025-06-20,2025-06-24
style.tribunnews.com,Page,N/A,N/A,style.tribunnews.com/2017/08/02/6-ciri-wanita-sudah-tak-perawan-mulai-hidung-mata-payudara-hingga-bentuk-punggung?page=4,Advertiser preference,Adult: Sexual content,Restricted ad serving,ca-pub-7784034061253020,99,2025-06-19,2025-06-25
batam.tribunnews.com,Page,N/A,N/A,batam.tribunnews.com/2020/12/18/tarif-miyabi-ternyata-dihitung-per-jam-dengan-harga-fantastis-masih-tetap-cantik-hingga-kini,Policy issue,Ads Disguised as Content,Restricted ad serving,ca-pub-7784034061253020,99,2025-06-19,2025-06-24
batam.tribunnews.com,Page,N/A,N/A,batam.tribunnews.com/2018/01/27/berwajah-tampan-pria-ini-sudah-tiduri-3000-an-wanita-ini-profesinya,Policy issue,Ads Disguised as Content,Restricted ad serving,ca-pub-7784034061253020,99,2025-06-19,2025-06-25
pekanbaru.tribunnews.com,Page,N/A,N/A,pekanbaru.tribunnews.com/tag/film-bokeh-2017,Policy issue,Google-served ads on screens without publisher-content,Restricted ad serving,ca-pub-7784034061253020,98,2025-06-19,2025-06-24
wow.tribunnews.com,Page,N/A,N/A,wow.tribunnews.com/2018/01/04/bongkar-isi-kepala-cowok-terkait-soal-seks-ungkap-alasan-kenapa-cowok-kerap-mikirin-seks,Advertiser preference,Adult: Sexual content,Restricted ad serving,ca-pub-7784034061253020,97,2025-06-19,2025-06-25
jambi.tribunnews.com,Page,N/A,N/A,jambi.tribunnews.com/2018/04/29/kelihatan-inilah-ciri-wanita-yang-sering-memuaskan-diri-sendiri-bahayanya-bakal-sakit-seperti-ini?page=all,Advertiser preference,Adult: Sexual content,Restricted ad serving,ca-pub-7784034061253020,97,2025-06-19,2025-06-25
aceh.tribunnews.com,Page,N/A,N/A,aceh.tribunnews.com/2017/07/19/memiliki-kelamin-terbesar-di-dunia-pria-ini-tersiksa-hidupnya,Advertiser preference,Adult: Sexual content,Restricted ad serving,ca-pub-7784034061253020,97,2025-06-19,2025-06-24
m.tribunnews.com,Page,N/A,N/A,m.tribunnews.com/bisnis/2020/12/04/tokopedia-angkat-bicara-terkait-peredaran-produk-sex-toys-di-e-commerce,Advertiser preference,Adult: Sexual content,Restricted ad serving,ca-pub-7784034061253020,96,2025-06-22,2025-06-25
batam.tribunnews.com,Page,N/A,N/A,batam.tribunnews.com/2019/09/19/video-panas-siswi-sma-buka-bukaan-baju-beredar-dan-viral-satu-sekolah-tahu-cuma-ditutup-tutupi,Policy issue,Ads Disguised as Content,Restricted ad serving,ca-pub-7784034061253020,96,2025-06-19,2025-06-25
pekanbaru.tribunnews.com,Page,N/A,N/A,pekanbaru.tribunnews.com/2023/10/25/mihye-beri-peringatan-usai-mihye-viral-full-album-dan-link-video-viral-disebar-di-twitter,Policy issue,Copyrighted material (DMCA),Disabled ad serving,,95,2025-06-19,2025-06-25
bogor.tribunnews.com,Page,N/A,N/A,bogor.tribunnews.com/2016/06/30/ini-6-tanda-pasangan-anda-pernah-tidur-dengan-pria-lain-cukur-rambut-kemaluan-hingga-gaya-bercinta,Advertiser preference,Adult: Sexual content,Restricted ad serving,ca-pub-7784034061253020,95,2025-06-20,2025-06-25
pontianak.tribunnews.com,Page,N/A,N/A,pontianak.tribunnews.com/2017/09/07/7-cewek-indonesia-yang-jadi-bintang-film-porno-di-negara-lain-nomor-2-dan-3-ternyata-kakak-beradik?page=all,Advertiser preference,Adult: Sexual content,Restricted ad serving,ca-pub-7784034061253020,94,2025-06-20,2025-06-25
medan.tribunnews.com,Page,N/A,N/A,medan.tribunnews.com/2021/08/26/uah-ungkap-rahasia-surat-ad-dhuha-dan-al-insyirah-selama-ini-belum-banyak-yang-tahu,Policy issue,Encouraging accidental clicks: Layout,Restricted ad serving,ca-pub-7784034061253020,94,2025-06-19,2025-06-24
kupang.tribunnews.com,Page,N/A,N/A,kupang.tribunnews.com/2016/09/27/ssstt-lupa-matikan-kamera-video-gamer-cantik-ini-ketahuan-sedang-asik-sendiri,Advertiser preference,Shocking content,Restricted ad serving,ca-pub-7784034061253020,94,2025-06-19,2025-06-25
jambi.tribunnews.com,Page,N/A,N/A,jambi.tribunnews.com/2018/11/09/trik-membangkitkan-gairah-gituan-untuk-diri-sendiri-wanita-wajib-baca,Advertiser preference,Adult: Sexual content,Restricted ad serving,ca-pub-7784034061253020,94,2025-06-21,2025-06-25
kupang.tribunnews.com,Page,N/A,N/A,kupang.tribunnews.com/2020/03/31/heboh-video-mesum-mirip-soraya-rasyid-beredar-presenter-uang-kaget-ini-bikin-pengakuan-benarkah,Advertiser preference,Google-served ads obscuring content,Restricted ad serving,ca-pub-7784034061253020,93,2025-06-19,2025-06-25
jabar.tribunnews.com,Page,N/A,N/A,jabar.tribunnews.com/2018/01/20/beredar-video-bullying-siswi-smp-di-garut-berkata-kasar-hingga-nekat-semburkan-air-ke-wajah,Advertiser preference,Shocking content,Restricted ad serving,ca-pub-7784034061253020,93,2025-06-20,2025-06-25
kupang.tribunnews.com,Page,N/A,N/A,kupang.tribunnews.com/2017/07/12/wanita-dengan-5-ciri-fisik-ini-terbukti-hot-di-ranjang,Advertiser preference,Adult: Sexual content,Restricted ad serving,ca-pub-7784034061253020,92,2025-06-19,2025-06-24
jogja.tribunnews.com,Page,N/A,N/A,jogja.tribunnews.com/2017/10/13/enam-penyanyi-dangdut-ini-suka-tampil-hot-saat-manggung-bikin-mata-pria-merem-melek,Advertiser preference,Adult: Sexual content,Restricted ad serving,ca-pub-7784034061253020,92,2025-06-19,2025-06-25
jambi.tribunnews.com,Page,N/A,N/A,jambi.tribunnews.com/2019/10/02/berikut-foto-30-gadis-jepang-yang-sering-pamerkan-bagian-dalam-tubuhnya-meski-pakai-baju-transparan?page=2,Advertiser preference,Adult: Sexual content,Restricted ad serving,ca-pub-7784034061253020,92,2025-06-19,2025-06-25
bangka.tribunnews.com,Page,N/A,N/A,bangka.tribunnews.com/2022/04/28/link-video-chandrika-chika-bikin-heboh-satu-indonesia-jangan-asal-klik-kalau-enggak-mau-kena-ini,Policy issue,Ads Disguised as Content,Restricted ad serving,ca-pub-7784034061253020,92,2025-06-19,2025-06-25
bangka.tribunnews.com,Page,N/A,N/A,bangka.tribunnews.com/2017/08/14/pensiun-dari-film-esek-esek-5-bintang-film-dewasa-ini-sukses-bermain-di-layar-lebar,Policy issue,Ads Disguised as Content,Restricted ad serving,ca-pub-7784034061253020,92,2025-06-19,2025-06-25
pontianak.tribunnews.com,Page,N/A,N/A,pontianak.tribunnews.com/2018/05/28/6-ciri-wanita-sudah-tak-perawan-mulai-hidung-mata-payudara-hingga-bentuk-punggung,Advertiser preference,Adult: Sexual content,Restricted ad serving,ca-pub-7784034061253020,90,2025-06-19,2025-06-25
medan.tribunnews.com,Page,N/A,N/A,medan.tribunnews.com/2016/12/23/ini-6-tradisi-seks-paling-mengerikan-sekaligus-menjijikkan-di-dunia?page=all,Advertiser preference,Adult: Sexual content,Restricted ad serving,ca-pub-7784034061253020,90,2025-06-20,2025-06-24
pekanbaru.tribunnews.com,Page,N/A,N/A,pekanbaru.tribunnews.com/2017/11/09/pernah-dengar-threesome-begini-5-faktanya-yang-ditemukan-seorang-peneliti,Policy issue,Ads Disguised as Content,Restricted ad serving,ca-pub-7784034061253020,89,2025-06-19,2025-06-25
kupang.tribunnews.com,Page,N/A,N/A,kupang.tribunnews.com/2019/06/30/ini-arti-mimpi-berhubungan-intim-sampai-orgasme,Advertiser preference,Adult: Sexual content,Restricted ad serving,ca-pub-7784034061253020,88,2025-06-19,2025-06-25
jogja.tribunnews.com,Page,N/A,N/A,jogja.tribunnews.com/2021/12/16/harga-rokok-di-singapura-mencapai-rp-146-ribu-ini-daftar-rinciannya,Policy issue,Encouraging accidental clicks: Layout,Restricted ad serving,ca-pub-7784034061253020,88,2025-06-19,2025-06-25
jateng.tribunnews.com,Page,N/A,N/A,jateng.tribunnews.com/2019/05/07/pengumumanselama-bulan-suci-ramadan-lokalisasi-gang-sadar-baturraden-tutup-total,Advertiser preference,Shocking content,Restricted ad serving,ca-pub-7784034061253020,88,2025-06-25,2025-06-25
www.tribunnews.com,Page,N/A,N/A,www.tribunnews.com/kesehatan/2018/01/06/video-mesum-2-bocah-dengan-seorang-tante-beredar-inilah-dampak-menyeramkan-eksploitasi-seksual-dini,Advertiser preference,Adult: Sexual content,Restricted ad serving,ca-pub-7784034061253020,87,2025-06-19,2025-06-24
style.tribunnews.com,Page,N/A,N/A,style.tribunnews.com/2017/04/08/18-jenis-celana-dalam-wanita-ini-tunjukkan-kalau-ada-banyak-opsi-buat-daleman-bawah-girls,Advertiser preference,Adult: Sexual content,Restricted ad serving,ca-pub-7784034061253020,86,2025-06-19,2025-06-25
m.tribunnews.com,Page,N/A,N/A,m.tribunnews.com/seleb/2020/11/02/chord-gitar-lagu-shallow-lady-gaga-feat-bradley-cooper-mudah-dimainkan,Policy issue,Unnatural attention to ads,Restricted ad serving,ca-pub-7784034061253020,86,2025-06-19,2025-06-25
www.tribunnews.com,Page,N/A,N/A,www.tribunnews.com/internasional/2015/10/07/ibu-dan-anak-ini-jadi-bintang-film-porno-bareng-ini-alasan-mereka,Advertiser preference,Adult: Sexual content,Restricted ad serving,ca-pub-7784034061253020,85,2025-06-21,2025-06-24
style.tribunnews.com,Page,N/A,N/A,style.tribunnews.com/2017/08/02/6-ciri-wanita-sudah-tak-perawan-mulai-hidung-mata-payudara-hingga-bentuk-punggung?page=3,Advertiser preference,Adult: Sexual content,Restricted ad serving,ca-pub-7784034061253020,84,2025-06-19,2025-06-25
makassar.tribunnews.com,Page,N/A,N/A,makassar.tribunnews.com/2017/04/14/blak-blakan-kakek-sugiono-soal-kariernya-ini-rahasia-artis-film-porno-tertua-jaga-stamina,Advertiser preference,Adult: Sexual content,Restricted ad serving,ca-pub-7784034061253020,84,2025-06-20,2025-06-25
m.tribunnews.com,Page,N/A,N/A,m.tribunnews.com/regional/2018/02/12/mayoritas-emak-emak-muda-dan-remaja-putri-pembeli-alat-bantu-seks-di-bali,Advertiser preference,Adult: Sexual content,Restricted ad serving,ca-pub-7784034061253020,84,2025-06-19,2025-06-25
jateng.tribunnews.com,Page,N/A,N/A,jateng.tribunnews.com/2022/03/08/apa-itu-suntik-catin-jadi-persyaratan-daftar-nikah-di-kua-dan-5-vaksin-penting-sebelum-menikah,Advertiser preference;Policy issue,Encouraging accidental clicks: Layout;Google-served ads obscuring content,Restricted ad serving,ca-pub-7784034061253020,84,2025-06-19,2025-06-25
bali.tribunnews.com,Page,N/A,N/A,bali.tribunnews.com/2018/02/10/viral-video-goyangan-hot-3-siswi-sma-masih-mengenakan-seragam-sekolah,Policy issue,Site Behavior: Navigation,Restricted ad serving,ca-pub-7784034061253020,84,2025-06-19,2025-06-24
makassar.tribunnews.com,Page,N/A,N/A,makassar.tribunnews.com/2019/09/20/viral-video-mesum-mojang-bandung-seragam-pns-hijab-durasi-219-menit-4-foto-syur-juga-tersebar,Advertiser preference,Adult: Sexual content,Restricted ad serving,ca-pub-7784034061253020,83,2025-06-19,2025-06-25
makassar.tribunnews.com,Page,N/A,N/A,makassar.tribunnews.com/2016/11/26/rugi-kalau-tak-tahu-inilah-arti-bo-st-lt-di-ucapan-terima-kasih-psk-kepada-anji-drive?page=3,Advertiser preference,Adult: Sexual content,Restricted ad serving,ca-pub-7784034061253020,83,2025-06-19,2025-06-25
m.tribunnews.com,Page,N/A,N/A,m.tribunnews.com/images/model/view/493692/baby-margaretha,Advertiser preference,Adult: Sexual content,Restricted ad serving,ca-pub-7784034061253020,83,2025-06-20,2025-06-23
lampung.tribunnews.com,Page,N/A,N/A,lampung.tribunnews.com/2025/05/15/kronologi-kakak-adik-di-pesisir-barat-tewas-berpelukan-kepala-dan-tangan-rusak,Advertiser preference,Shocking content,Restricted ad serving,ca-pub-7784034061253020,83,2025-06-19,2025-06-25
jateng.tribunnews.com,Page,N/A,N/A,jateng.tribunnews.com/2018/02/10/weleh-pengen-punya-buah-dada-seksi-gadis-cantik-rusia-ini-malah-jadi-kotak-lihat-fotonya,Advertiser preference,Adult: Sexual content,Restricted ad serving,ca-pub-7784034061253020,83,2025-06-19,2025-06-25
kupang.tribunnews.com,Page,N/A,N/A,kupang.tribunnews.com/2017/09/13/6-cara-membuat-wanita-terangsang-sentuh-pada-titik-titik-sensitif-ini-dan-bikin-doi-melayang,Advertiser preference,Adult: Sexual content,Restricted ad serving,ca-pub-7784034061253020,82,2025-06-20,2025-06-24
belitung.tribunnews.com,Page,N/A,N/A,belitung.tribunnews.com/2019/04/01/ini-penjelasan-medis-tentang-fenomena-gancet-pasangan-lengket-saat-berhubungan-intim?page=all,Advertiser preference,Adult: Sexual content,Restricted ad serving,ca-pub-7784034061253020,82,2025-06-21,2025-06-25
bali.tribunnews.com,Page,N/A,N/A,bali.tribunnews.com/2016/05/30/setelah-eno-tewas-dengan-cangkul-gadis-20-tahun-kembali-tewas-dengan-kondisi-tanpa-busana,Policy issue,Encouraging accidental clicks: Layout,Restricted ad serving,ca-pub-7784034061253020,82,2025-06-19,2025-06-24
gayo.tribunnews.com,Page,N/A,N/A,gayo.tribunnews.com/2023/05/26/malam-pertama-ayah-mertua-masuk-ke-kamar-aku-ketakutan-ingin-pingsan-ternyata,Advertiser preference,Google-served ads obscuring content,Restricted ad serving,ca-pub-7784034061253020,81,2025-06-19,2025-06-25
surabaya.tribunnews.com,Page,N/A,N/A,surabaya.tribunnews.com/2022/07/08/ternyata-mudah-ini-cara-simpan-nomor-baru-via-whatsapp-web-tak-banyak-yang-tahu,Advertiser preference,Adult: Sexual content,Restricted ad serving,ca-pub-7784034061253020,80,2025-06-23,2025-06-23
manado.tribunnews.com,Page,N/A,N/A,manado.tribunnews.com/2020/11/07/deretan-kontroversi-gisella-anastasia-terbaru-viral-video-panas-disebut-mirip-mama-gempi,Advertiser preference,Adult: Sexual content,Restricted ad serving,ca-pub-7784034061253020,80,2025-06-24,2025-06-24
wartakota.tribunnews.com,Page,N/A,N/A,wartakota.tribunnews.com/2014/11/13/inilah-posisi-doggy-style-yang-benar,Advertiser preference,Adult: Sexual content,Restricted ad serving,ca-pub-7784034061253020,79,2025-06-19,2025-06-25
pekanbaru.tribunnews.com,Page,N/A,N/A,pekanbaru.tribunnews.com/2022/10/27/cewek-wajib-tahu-34b-kecil-atau-besar-34b-artinya-bahasa-gaul-apa,Policy issue,Ads Disguised as Content,Restricted ad serving,ca-pub-7784034061253020,79,2025-06-20,2025-06-25
bekasi.tribunnews.com,Page,N/A,N/A,bekasi.tribunnews.com/2022/07/11/deretan-film-semi-korea-terbaru-2022-mulai-dari-watery-boarding-house-hingga-shh-sisters-secret?page=all,Advertiser preference,Google-served ads obscuring content,Restricted ad serving,ca-pub-7784034061253020,79,2025-06-20,2025-06-24
jambi.tribunnews.com,Page,N/A,N/A,jambi.tribunnews.com/2018/02/22/2-kategori-dan-49-istilah-yang-sering-digunakan-di-film-biru?page=2,Advertiser preference,Adult: Sexual content,Restricted ad serving,ca-pub-7784034061253020,78,2025-06-19,2025-06-25
jabar.tribunnews.com,Page,N/A,N/A,jabar.tribunnews.com/2024/03/25/pengobatan-alat-vital-bandung-aa-h-kosasih,Advertiser preference,Adult: Sexual content,Restricted ad serving,ca-pub-7784034061253020,78,2025-06-19,2025-06-24
sultra.tribunnews.com,Page,N/A,N/A,sultra.tribunnews.com/2023/07/10/terbaru-video-mihye-viral-di-tiktok-siapa-sosok-wanita-cantik-yang-ramai-dikomentari-warganet,Policy issue,Copyrighted material (DMCA),Disabled ad serving,,77,2025-06-19,2025-06-24
palembang.tribunnews.com,Page,N/A,N/A,palembang.tribunnews.com/2017/09/15/video-punggungnya-ditumbuhi-jerawat-raksasa-dokter-pencet-keluarkan-isinya-ngeri,Advertiser preference,Shocking content,Restricted ad serving,ca-pub-7784034061253020,77,2025-06-20,2025-06-25
manado.tribunnews.com,Page,N/A,N/A,manado.tribunnews.com/2021/03/03/apa-itu-ambergris-atau-muntahan-paus-yang-dihargai-fantastis-simak-berikut-ini?page=all,Advertiser preference,Shocking content,Restricted ad serving,ca-pub-7784034061253020,77,2025-06-21,2025-06-25
jakarta.tribunnews.com,Page,N/A,N/A,jakarta.tribunnews.com/2021/01/07/begini-cara-membuat-obat-kuat-berbahan-jahe-merah-dan-khasiat-tingkatkan-daya-tahan-tubuh,Policy issue,Ads Disguised as Content,Restricted ad serving,ca-pub-7784034061253020,77,2025-06-20,2025-06-25
wartakota.tribunnews.com,Page,N/A,N/A,wartakota.tribunnews.com/2020/03/13/griya-pijat-golden-hands-disegel-satpol-pp-ini-penyebabnya,Advertiser preference,Shocking content,Restricted ad serving,ca-pub-7784034061253020,76,2025-06-25,2025-06-25
pekanbaru.tribunnews.com,Page,N/A,N/A,pekanbaru.tribunnews.com/tag/video-viral,Advertiser preference,Adult: Sexual content,Restricted ad serving,ca-pub-7784034061253020,76,2025-06-24,2025-06-24
pekanbaru.tribunnews.com,Page,N/A,N/A,pekanbaru.tribunnews.com/2022/10/06/yok-ini-bocoran-cara-nonton-streaming-film-young-mother-sub-indo-full-movie,Policy issue,Ads Disguised as Content,Restricted ad serving,ca-pub-7784034061253020,76,2025-06-19,2025-06-23
pekanbaru.tribunnews.com,Page,N/A,N/A,pekanbaru.tribunnews.com/2021/07/16/lagi-trending-di-twitter-ceweksange-apa-arti-cewek-sange-arti-sange-dalam-bahasa-gaul,Advertiser preference;Policy issue,Content obscuring Google-served ads;Encouraging accidental clicks: Layout,Restricted ad serving,ca-pub-7784034061253020,76,2025-06-19,2025-06-23
medan.tribunnews.com,Page,N/A,N/A,medan.tribunnews.com/2025/06/25/viral-pria-tendang-pacarnya-hingga-jatuh-kesal-saat-pergoki-kekasihnya-berselingkuh,Advertiser preference,Adult: Sexual content,Restricted ad serving,ca-pub-7784034061253020,76,2025-06-25,2025-06-25
jateng.tribunnews.com,Page,N/A,N/A,jateng.tribunnews.com/2016/08/21/gamer-cantik-lupa-matikan-video-streaming-saat-masturbasi-akhirnya-jadi-begini,Advertiser preference,Adult: Sexual content,Restricted ad serving,ca-pub-7784034061253020,76,2025-06-19,2025-06-25
jakarta.tribunnews.com,Page,N/A,N/A,jakarta.tribunnews.com/tag/video-call-sex,Advertiser preference,Adult: Sexual content,Restricted ad serving,ca-pub-7784034061253020,76,2025-06-21,2025-06-25
belitung.tribunnews.com,Page,N/A,N/A,belitung.tribunnews.com/404,Policy issue,Google-served ads on screens without publisher-content,Restricted ad serving,ca-pub-7784034061253020,76,2025-06-23,2025-06-25
www.tribunjualbeli.com,Page,N/A,N/A,www.tribunjualbeli.com/kepulauan-riau/2370001/permen-stamina-candy-b-complex-asli-obat-kuat-mengandung-bahan-herbal-pekanbaru,Advertiser preference,Adult: Sexual content,Restricted ad serving,ca-pub-7784034061253020,75,2025-06-19,2025-06-25
www.tribunjualbeli.com,Page,N/A,N/A,www.tribunjualbeli.com/jawa-tengah/2366427/alat-bantu-sex-wanita-penis-tekuk-manual-bahan-silikon-fleksibel-sragen,Advertiser preference,Adult: Sexual content,Restricted ad serving,ca-pub-7784034061253020,75,2025-06-19,2025-06-25
medan.tribunnews.com,Page,N/A,N/A,medan.tribunnews.com/2019/03/20/ini-dia-5-merek-rokok-paling-mahal-di-dunia-ada-yang-harganya-capai-rp-953-ribu,Advertiser preference;Policy issue,Site Behavior: Navigation;Tobacco,Restricted ad serving,ca-pub-7784034061253020,75,2025-06-20,2025-06-24
kupang.tribunnews.com,Page,N/A,N/A,kupang.tribunnews.com/2020/09/04/ciri-wanita-sudah-tak-perawan-lagi-dapat-dilihat-dari-perubahan-hidung-mata-dan-telapak-tangan,Policy issue,Ads Disguised as Content,Restricted ad serving,ca-pub-7784034061253020,75,2025-06-19,2025-06-25
kupang.tribunnews.com,Page,N/A,N/A,kupang.tribunnews.com/2018/06/23/video-air-di-mesin-cuci-keluar-terus-begini-cara-praktis-perbaikannya-gampang-loh,Policy issue,Site Behavior: Navigation,Restricted ad serving,ca-pub-7784034061253020,75,2025-06-19,2025-06-25
jabar.tribunnews.com,Page,N/A,N/A,jabar.tribunnews.com/2015/11/06/taklukan-suami-yang-kasar-wanita-ini-gunakan-darah-haid-dan-sperma-gajah?page=1,Advertiser preference,Adult: Sexual content,Restricted ad serving,ca-pub-7784034061253020,75,2025-06-20,2025-06-23
medan.tribunnews.com,Page,N/A,N/A,medan.tribunnews.com/2017/10/27/hanna-anissa-sempat-bantah-video-bokep-viral-postingannya-sebut-soal-dada-pemeran,Advertiser preference,Adult: Sexual content,Restricted ad serving,ca-pub-7784034061253020,74,2025-06-19,2025-06-25
medan.tribunnews.com,Page,N/A,N/A,medan.tribunnews.com/2014/11/25/gunakan-posisi-doggy-style-diyakini-bisa-peroleh-bayi-laki-laki,Advertiser preference,Adult: Sexual content,Restricted ad serving,ca-pub-7784034061253020,74,2025-06-19,2025-06-24
bengkulu.tribunnews.com,Page,N/A,N/A,bengkulu.tribunnews.com/2022/09/12/aplikasi-kamera-tembus-pandang-yang-dilarang-usia-dibawah-18-kebawah-jangan-coba-coba-download,Policy issue,Ads Disguised as Content,Restricted ad serving,ca-pub-7784034061253020,74,2025-06-19,2025-06-25
belitung.tribunnews.com,Page,N/A,N/A,belitung.tribunnews.com/2016/12/21/lihat-jari-kelingking-anda-kalau-di-bawah-ruas-jari-manis-berarti-tipe-penyendiri,Advertiser preference,Adult: Sexual content,Restricted ad serving,ca-pub-7784034061253020,74,2025-06-20,2025-06-25
wartakota.tribunnews.com,Page,N/A,N/A,wartakota.tribunnews.com/2019/03/15/video-pelaku-memberondong-jamaah-masjid-sambil-live-video,Policy issue,Google-served ads on screens without publisher-content,Restricted ad serving,ca-pub-7784034061253020,73,2025-06-20,2025-06-23
makassar.tribunnews.com,Page,N/A,N/A,makassar.tribunnews.com/2020/02/25/wanita-ini-pecahkan-rekor-kontes-gang-bang-mampu-layani-dan-memuaskan-1000-pria-dalam-sehari,Advertiser preference,Shocking content,Restricted ad serving,ca-pub-7784034061253020,73,2025-06-19,2025-06-23
jambi.tribunnews.com,Page,N/A,N/A,jambi.tribunnews.com/2017/07/30/galeri-foto-tanpa-sensor-ini-5-film-dewasa-dengan-adegan-intim-nyata?page=all,Advertiser preference,Adult: Sexual content,Restricted ad serving,ca-pub-7784034061253020,73,2025-06-19,2025-06-24
banjarmasin.tribunnews.com,Page,N/A,N/A,banjarmasin.tribunnews.com/tag/video-syur-gisel,Policy issue,Google-served ads on screens without publisher-content,Restricted ad serving,ca-pub-7784034061253020,73,2025-06-19,2025-06-25
surabaya.tribunnews.com,Page,N/A,N/A,surabaya.tribunnews.com/2020/11/09/lirik-kalamun-qodim-dan-artinya-syiir-populer-di-kalangan-pesantren-kalamun-qadimulla,Advertiser preference,Adult: Sexual content,Restricted ad serving,ca-pub-7784034061253020,72,2025-06-24,2025-06-24
manado.tribunnews.com,Page,N/A,N/A,manado.tribunnews.com/2022/02/17/arti-mimpi-berhubungan-badan-dengan-suami-orang-ternyata-punya-makna-seperti-ini,Policy issue,Ads Disguised as Content,Restricted ad serving,ca-pub-7784034061253020,72,2025-06-23,2025-06-25
makassar.tribunnews.com,Page,N/A,N/A,makassar.tribunnews.com/2019/05/24/donatello-makassar-kini-miliki-3600-model-sendal-sepatu-harga-mulai-rp-125-ribu,Advertiser preference,Shocking content,Restricted ad serving,ca-pub-7784034061253020,72,2025-06-21,2025-06-25
m.tribunnews.com,Page,N/A,N/A,m.tribunnews.com/seleb/2017/09/06/wow-7-wanita-indonesia-ini-bintangi-film-panas-di-luar-negeri-ini-profil-mereka?page=3,Policy issue,Site Behavior: Navigation,Restricted ad serving,ca-pub-7784034061253020,72,2025-06-22,2025-06-25
kupang.tribunnews.com,Page,N/A,N/A,kupang.tribunnews.com/2011/05/21/-permpuan-lebih-gairah--bercinta-dengan-2-pria,Advertiser preference,Adult: Sexual content,Restricted ad serving,ca-pub-7784034061253020,72,2025-06-19,2025-06-25
belitung.tribunnews.com,Page,N/A,N/A,belitung.tribunnews.com/2018/01/20/cowok-smp-begituan-bareng-cewek-smk-rekamannya-di-luar-sekolah,Advertiser preference,Adult: Sexual content,Restricted ad serving,ca-pub-7784034061253020,72,2025-06-19,2025-06-25
bangka.tribunnews.com,Page,N/A,N/A,bangka.tribunnews.com/2020/12/20/terlibat-cinta-lokasi-empat-pemain-film-dewasa-ini-pilih-menikah-dan-punya-anak-endingnya,Policy issue,Ads Disguised as Content,Restricted ad serving,ca-pub-7784034061253020,72,2025-06-21,2025-06-25
bangka.tribunnews.com,Page,N/A,N/A,bangka.tribunnews.com/2016/04/01/inilah-5-tanda-tanda-wanita-yang-baru-saja-berhubungan-cinta,Advertiser preference,Adult: Sexual content,Restricted ad serving,ca-pub-7784034061253020,72,2025-06-19,2025-06-25
www.tribunnews.com,Page,N/A,N/A,www.tribunnews.com/kesehatan/2016/03/31/kesalahan-cara-minum-obat-kuat-yang-membuatnya-gagal-bikin-pria-jadi-jantan,Advertiser preference,Adult: Sexual content,Restricted ad serving,ca-pub-7784034061253020,71,2025-06-19,2025-06-24
pontianak.tribunnews.com,Page,N/A,N/A,pontianak.tribunnews.com/2018/01/24/10-foto-dan-video-artis-indonesia-telanjang-beredar-di-internet-ada-yang-dilaporkan-ke-polisi,Advertiser preference,Adult: Sexual content,Restricted ad serving,ca-pub-7784034061253020,71,2025-06-19,2025-06-24
medan.tribunnews.com,Page,N/A,N/A,medan.tribunnews.com/2017/03/09/penasaran-bagaimana-cara-kembar-siam-melakukan-hubungan-seksual,Advertiser preference,Adult: Sexual content,Restricted ad serving,ca-pub-7784034061253020,71,2025-06-20,2025-06-25
jambi.tribunnews.com,Page,N/A,N/A,jambi.tribunnews.com/2019/03/31/ini-16-ciri-cewek-yang-gila-di-ranjang-seperti-bulu-tangan-lebat-kumis-tipis-kamu-yang-mana,Advertiser preference;Policy issue,Adult: Sexual content;Google-served ads on screens without publisher-content,Restricted ad serving,ca-pub-7784034061253020,71,2025-06-19,2025-06-25
style.tribunnews.com,Page,N/A,N/A,style.tribunnews.com/2017/08/02/6-ciri-wanita-sudah-tak-perawan-mulai-hidung-mata-payudara-hingga-bentuk-punggung?page=2,Advertiser preference,Adult: Sexual content,Restricted ad serving,ca-pub-7784034061253020,70,2025-06-19,2025-06-25
pekanbaru.tribunnews.com,Page,N/A,N/A,pekanbaru.tribunnews.com/2021/11/17/arti-dan-makna-mimpi-berhubungan-badan-mimpi-dengan-guru-bos-main-di-dapur-hingga-dengan-teman,Policy issue,Ads Disguised as Content;Modified ad code: Resizing Ad Frames,Restricted ad serving,ca-pub-7784034061253020,70,2025-06-20,2025-06-25
pontianak.tribunnews.com,Page,N/A,N/A,pontianak.tribunnews.com/2016/11/01/hanya-dalam-beberapa-minggu-penis-bisa-besar-begini-caranya,Advertiser preference,Adult: Sexual content,Restricted ad serving,ca-pub-7784034061253020,69,2025-06-19,2025-06-25
palembang.tribunnews.com,Page,N/A,N/A,palembang.tribunnews.com/2017/11/12/menyesal-pernah-bugil-dan-lakukan-adegal-panas-di-film-6-artis-ini-minta-maaf,Advertiser preference,Adult: Sexual content,Restricted ad serving,ca-pub-7784034061253020,69,2025-06-21,2025-06-25
kupang.tribunnews.com,Page,N/A,N/A,kupang.tribunnews.com/2019/04/24/kakak-adik-asal-tegal-jadi-bintang-film-porno-di-amerika-ini-5-cewek-indonesia-yang-main-film-panas?page=all,Advertiser preference,Adult: Sexual content,Restricted ad serving,ca-pub-7784034061253020,69,2025-06-19,2025-06-25
bangka.tribunnews.com,Page,N/A,N/A,bangka.tribunnews.com/2015/09/20/wanita-bugil-ini-tawarkan-tubuhnya-1-untuk-melihat-dan-2-bila-difoto,Advertiser preference,Adult: Sexual content,Restricted ad serving,ca-pub-7784034061253020,69,2025-06-20,2025-06-25
kupang.tribunnews.com,Page,N/A,N/A,kupang.tribunnews.com/2018/05/05/lucu-10-fakta-perbedaan-antara-perempuan-dan-pria-kamu-pasti-tertawa,Advertiser preference,Adult: Sexual content,Restricted ad serving,ca-pub-7784034061253020,68,2025-06-20,2025-06-23
jambi.tribunnews.com,Page,N/A,N/A,jambi.tribunnews.com/2017/11/29/9-posisi-oral-seks-yang-membuat-pasangan-merem-melek-nomor-3-enak-dilakukan-di-sofa?page=3,Advertiser preference,Adult: Sexual content,Restricted ad serving,ca-pub-7784034061253020,68,2025-06-21,2025-06-25
aceh.tribunnews.com,Page,N/A,N/A,aceh.tribunnews.com/2021/03/03/mengenal-muntahan-paus-atau-ambergris-harganya-mahal-hingga-miliaran-rupiah-ini-manfaatnya?page=all,Advertiser preference,Shocking content,Restricted ad serving,ca-pub-7784034061253020,68,2025-06-24,2025-06-25
jateng.tribunnews.com,Page,N/A,N/A,jateng.tribunnews.com/2017/05/24/kisah-bintang-porno-bertubuh-mungil-asal-jepang-ia-harus-kuat-minimal-5-menit,Advertiser preference,Adult: Sexual content,Restricted ad serving,ca-pub-7784034061253020,67,2025-06-21,2025-06-25
bali.tribunnews.com,Page,N/A,N/A,bali.tribunnews.com/2016/08/24/inilah-bentuk-miss-v-yang-paling-disukai-kaum-pria,Advertiser preference,Adult: Sexual content,Restricted ad serving,ca-pub-7784034061253020,67,2025-06-19,2025-06-24
jateng.tribunnews.com,Page,N/A,N/A,jateng.tribunnews.com/2021/05/31/kisah-korban-toxic-relationship-di-semarang-sering-kirim-foto-payudara-ke-pacar-pap-tt,Policy issue,Ads Disguised as Content,Restricted ad serving,ca-pub-7784034061253020,66,2025-06-21,2025-06-24
jambi.tribunnews.com,Page,N/A,N/A,jambi.tribunnews.com/2016/07/14/ketika-wanita-terangsang-dan-lagi-sendirian-inilah-yang-mereka-lakukan,Advertiser preference,Adult: Sexual content,Restricted ad serving,ca-pub-7784034061253020,66,2025-06-19,2025-06-25
wartakota.tribunnews.com,Page,N/A,N/A,wartakota.tribunnews.com/2019/07/21/simak-kisah-wanita-tunasusila-berusia-50-tahun-tawarkan-jasa-esek-esek-murah-jadi-langganan-pelajar?page=all,Advertiser preference,Adult: Sexual content,Restricted ad serving,ca-pub-7784034061253020,65,2025-06-20,2025-06-23
wartakota.tribunnews.com,Page,N/A,N/A,wartakota.tribunnews.com/2014/05/27/rahasia-ciuman-yang-perlu-anda-tahu,Advertiser preference,Adult: Sexual content,Restricted ad serving,ca-pub-7784034061253020,65,2025-06-19,2025-06-25
surabaya.tribunnews.com,Page,N/A,N/A,surabaya.tribunnews.com/2019/03/28/deretan-kontroversi-pamela-safitri-sebelum-foto-saweran-di-area-sensitif-viral-ada-yang-lebih-parah?page=all,Advertiser preference,Adult: Sexual content,Restricted ad serving,ca-pub-7784034061253020,65,2025-06-25,2025-06-25
sumsel.tribunnews.com,Page,N/A,N/A,sumsel.tribunnews.com/2018/03/17/pernah-dengar-dan-diminta-pap-di-sosial-media-ternyata-ini-maksudnya,Advertiser preference;Policy issue,Encouraging accidental clicks: Layout;Google-served ads obscuring content,Restricted ad serving,ca-pub-7784034061253020,65,2025-06-22,2025-06-23
sumsel.tribunnews.com,Page,N/A,N/A,sumsel.tribunnews.com/2017/05/02/4-bintang-film-jav-sempat-bikin-heboh-indonesia-nomor-1-dan-2-paling-populer,Advertiser preference,Adult: Sexual content,Restricted ad serving,ca-pub-7784034061253020,65,2025-06-20,2025-06-24
palembang.tribunnews.com,Page,N/A,N/A,palembang.tribunnews.com/2017/11/07/mantan-anggota-grup-akb48-ini-alih-profesi-ke-dunia-film-dewasa-begini-foto-fotonya,Policy issue,Site Behavior: Navigation,Restricted ad serving,ca-pub-7784034061253020,65,2025-06-19,2025-06-25
lampung.tribunnews.com,Page,N/A,N/A,lampung.tribunnews.com/2025/06/25/2-bandar-sabu-dan-4-pemakai-diciduk-polres-lampung-tengah-di-rumah-kontrakan,Advertiser preference,Adult: Sexual content,Restricted ad serving,ca-pub-7784034061253020,65,2025-06-25,2025-06-25
jatim.tribunnews.com,Page,N/A,N/A,jatim.tribunnews.com/2022/01/04/lirik-dan-terjemahan-lagu-enjoy-life-airr-yang-populer-di-tiktok-and-maybe-we-can-enjoy-life,Policy issue,Copyrighted material (DMCA),Disabled ad serving,,65,2025-06-22,2025-06-25
jambi.tribunnews.com,Page,N/A,N/A,jambi.tribunnews.com/2018/04/21/wanita-yang-doyan-berhubungan-dapat-dikenali-melalui-11-tanda-ini-duh-no-7-cowok-paling-suka,Advertiser preference,Adult: Sexual content,Restricted ad serving,ca-pub-7784034061253020,65,2025-06-19,2025-06-25
makassar.tribunnews.com,Page,N/A,N/A,makassar.tribunnews.com/2021/02/10/wanita-ini-korban-kejahatan-virtual-direkam-bagian-intim-saat-video-call-diperas-foto-akan-disebar,Advertiser preference,Adult: Sexual content,Restricted ad serving,ca-pub-7784034061253020,64,2025-06-25,2025-06-25
bangka.tribunnews.com,Page,N/A,N/A,bangka.tribunnews.com/2018/01/05/cantik-muda-dan-seksi-inilah-5-artis-muda-indonesia-sering-pamer-kemolekan-tubuhnya?page=all,Policy issue,Site Behavior: Navigation,Restricted ad serving,ca-pub-7784034061253020,64,2025-06-19,2025-06-25
wartakota.tribunnews.com,Page,N/A,N/A,wartakota.tribunnews.com/2025/01/07/12-film-jepang-penuh-adegan-dewasa-terbaik-sepanjang-masa-cocok-ditonton-bersama-pasangan?page=2,Advertiser preference,Adult: Sexual content,Restricted ad serving,ca-pub-7784034061253020,63,2025-06-25,2025-06-25
pontianak.tribunnews.com,Page,N/A,N/A,pontianak.tribunnews.com/2018/06/05/9-artis-seksi-indonesia-yang-tampil-toples-di-film-berani-adegan-panas-sama-bule,Advertiser preference,Adult: Sexual content,Restricted ad serving,ca-pub-7784034061253020,63,2025-06-20,2025-06-25
pekanbaru.tribunnews.com,Page,N/A,N/A,pekanbaru.tribunnews.com/2022/01/28/link-download-tiktok-18-plus-versi-android-dan-download-tiktok-18-mod-apk,Policy issue,Ads Disguised as Content,Restricted ad serving,ca-pub-7784034061253020,63,2025-06-19,2025-06-25
palembang.tribunnews.com,Page,N/A,N/A,palembang.tribunnews.com/2017/11/12/menyesal-pernah-bugil-dan-lakukan-adegal-panas-di-film-6-artis-ini-minta-maaf?page=3,Advertiser preference,Adult: Sexual content,Restricted ad serving,ca-pub-7784034061253020,63,2025-06-19,2025-06-25
medan.tribunnews.com,Page,N/A,N/A,medan.tribunnews.com/2019/03/26/pendeta-muda-asal-nias-melinda-zidemi-dibunuh-jenazahnya-ditutupi-semak-dan-kayu,Advertiser preference,Shocking content,Restricted ad serving,ca-pub-7784034061253020,63,2025-06-19,2025-06-25
kupang.tribunnews.com,Page,N/A,N/A,kupang.tribunnews.com/2014/11/12/miyabi-tampil-telanjang-lagi,Advertiser preference;Policy issue,Google-served ads obscuring content;Modified Javascript: Ads by Google size,Restricted ad serving,ca-pub-7784034061253020,63,2025-06-21,2025-06-25
jambi.tribunnews.com,Page,N/A,N/A,jambi.tribunnews.com/2018/02/22/2-kategori-dan-49-istilah-yang-sering-digunakan-di-film-biru?page=3,Advertiser preference,Adult: Sexual content,Restricted ad serving,ca-pub-7784034061253020,63,2025-06-19,2025-06-25
wow.tribunnews.com,Page,N/A,N/A,wow.tribunnews.com/2019/03/06/viral-video-oknum-guru-putar-video-porno-di-kelas-kpai-sesalkan-perilaku-sang-guru,Policy issue,Site Behavior: Navigation,Restricted ad serving,ca-pub-7784034061253020,62,2025-06-19,2025-06-25
pontianak.tribunnews.com,Page,N/A,N/A,pontianak.tribunnews.com/2018/02/12/ditinggal-suami-berbulan-bulan-wanita-ini-pakai-sex-toy-untuk-kebutuhan-biologisnya?page=all,Advertiser preference,Adult: Sexual content;Shocking content,Restricted ad serving,ca-pub-7784034061253020,62,2025-06-19,2025-06-23
makassar.tribunnews.com,Page,N/A,N/A,makassar.tribunnews.com/2015/10/03/betulkah-wanita-berbokong-besar-karena-doyan-hubungan-badan-baca,Advertiser preference,Adult: Sexual content,Restricted ad serving,ca-pub-7784034061253020,62,2025-06-19,2025-06-25
m.tribunnews.com,Page,N/A,N/A,m.tribunnews.com/internasional/2014/03/13/persaingan-prostitusi-di-jepang-boleh-bersenang-senang-tapi-jangan-mencium,Advertiser preference,Adult: Sexual content,Restricted ad serving,ca-pub-7784034061253020,62,2025-06-21,2025-06-24
jambi.tribunnews.com,Page,N/A,N/A,jambi.tribunnews.com/2012/03/27/kondom-bergerigi-indonesia-disukai-pasar-timur-tengah,Advertiser preference,Adult: Sexual content,Restricted ad serving,ca-pub-7784034061253020,62,2025-06-19,2025-06-25
jabar.tribunnews.com,Page,N/A,N/A,jabar.tribunnews.com/2021/03/07/fakta-pembunuhan-mira-yura-gadis-bandung-di-kediri-pelakunya-sadis-sampai-dijual-keluarga-pacar,Policy issue,Ads Disguised as Content,Restricted ad serving,ca-pub-7784034061253020,62,2025-06-19,2025-06-23
banjarmasin.tribunnews.com,Page,N/A,N/A,banjarmasin.tribunnews.com/2022/01/26/kaum-muda-temui-kasus-edi-tansil-dr-boyke-bongkar-rahasia-atasi-perkara-ini,Policy issue,Ads Disguised as Content,Restricted ad serving,ca-pub-7784034061253020,62,2025-06-22,2025-06-23
wartakota.tribunnews.com,Page,N/A,N/A,wartakota.tribunnews.com/2015/09/06/wanita-ternyata-paling-suka-mr-p-berukuran-16-cm,Advertiser preference,Adult: Sexual content,Restricted ad serving,ca-pub-7784034061253020,61,2025-06-19,2025-06-23
wartakota.tribunnews.com,Page,N/A,N/A,wartakota.tribunnews.com/2013/03/08/cara-membantu-suami-dapatkan-orgasme-terhebat,Advertiser preference,Adult: Sexual content,Restricted ad serving,ca-pub-7784034061253020,61,2025-06-19,2025-06-25
sumsel.tribunnews.com,Page,N/A,N/A,sumsel.tribunnews.com/2018/01/06/5-fakta-seputar-video-mesum-tante-vs-bocah-sd-yang-bikin-hebohno4-ungkap-siapa-sosok-pelakunya,Policy issue,Ads Disguised as Content,Restricted ad serving,ca-pub-7784034061253020,61,2025-06-19,2025-06-25
lampung.tribunnews.com,Page,N/A,N/A,lampung.tribunnews.com/2018/01/05/beredar-video-porno-anak-sd-dengan-wanita-dewasa-sutradaranya-terdengar-beri-kode-ini,Advertiser preference,Adult: Sexual content,Restricted ad serving,ca-pub-7784034061253020,61,2025-06-19,2025-06-25
jambi.tribunnews.com,Page,N/A,N/A,jambi.tribunnews.com/2018/06/13/4-film-dengan-adegan-ranjang-terpanas-sepanjang-sejarah-benar-benar-seperti-nyata,Advertiser preference,Adult: Sexual content,Restricted ad serving,ca-pub-7784034061253020,61,2025-06-19,2025-06-25
medan.tribunnews.com,Page,N/A,N/A,medan.tribunnews.com/2021/06/26/modal-nekat-psk-bertubuh-mungil-duduk-pasang-pose-menantang-pasti-ada-datang-biasanya-om-om?page=all,Advertiser preference,Google-served ads obscuring content,Restricted ad serving,ca-pub-7784034061253020,60,2025-06-19,2025-06-25
makassar.tribunnews.com,Page,N/A,N/A,makassar.tribunnews.com/2020/11/07/video-panas-19-detik-mirip-gisella-anastasia-netter-temukan-kemiripan-dengan-isi-kamar-gisel,Policy issue,Ads Disguised as Content,Restricted ad serving,ca-pub-7784034061253020,60,2025-06-21,2025-06-25
m.tribunnews.com,Page,N/A,N/A,m.tribunnews.com/internasional/2015/07/11/ini-dia-10-negara-dengan-budaya-seks-paling-bebas?page=2,Advertiser preference,Adult: Sexual content,Restricted ad serving,ca-pub-7784034061253020,60,2025-06-21,2025-06-24
kupang.tribunnews.com,Page,N/A,N/A,kupang.tribunnews.com/2021/02/11/tersebar-link-dan-video-14-detik-wanita-tanpa-busanagrup-telegram-gabriella-larasati-bermunculan,Policy issue,Ads Disguised as Content,Restricted ad serving,ca-pub-7784034061253020,60,2025-06-20,2025-06-25
jambi.tribunnews.com,Page,N/A,N/A,jambi.tribunnews.com/2018/04/08/hubungan-cara-berjalan-dengan-keperawanan-anda-jangan-salah-kaprah,Advertiser preference,Adult: Sexual content,Restricted ad serving,ca-pub-7784034061253020,60,2025-06-23,2025-06-24
belitung.tribunnews.com,Page,N/A,N/A,belitung.tribunnews.com/2016/10/24/foto-bugil-artis-cantik-dan-lawan-mainnya-di-tv-tersebar-secara-online-ini-tanggapannya,Advertiser preference,Adult: Sexual content,Restricted ad serving,ca-pub-7784034061253020,60,2025-06-19,2025-06-25
bangka.tribunnews.com,Page,N/A,N/A,bangka.tribunnews.com/2022/01/08/bagaimana-melayani-suami-jika-istri-sedang-haid-buya-yahya-berikan-penjelasan,Policy issue,Ads Disguised as Content,Restricted ad serving,ca-pub-7784034061253020,60,2025-06-20,2025-06-24
wartakota.tribunnews.com,Page,N/A,N/A,wartakota.tribunnews.com/2015/02/06/oral-seks-menu-pembuka-nan-penuh-sensasi,Advertiser preference,Adult: Sexual content,Restricted ad serving,ca-pub-7784034061253020,59,2025-06-19,2025-06-24
pontianak.tribunnews.com,Page,N/A,N/A,pontianak.tribunnews.com/2018/01/27/ciri-ciri-wanita-bernafsu-tinggi-beberapa-ada-yang-sering-kamu-jumpai?page=all,Advertiser preference,Adult: Sexual content,Restricted ad serving,ca-pub-7784034061253020,59,2025-06-19,2025-06-25
jogja.tribunnews.com,Page,N/A,N/A,jogja.tribunnews.com/2024/10/04/5-arti-mimpi-membeli-kondom-tanda-perlindungan-atau-kekhawatiran-tersembunyi,Advertiser preference,Adult: Sexual content,Restricted ad serving,ca-pub-7784034061253020,59,2025-06-19,2025-06-25
jatim.tribunnews.com,Page,N/A,N/A,jatim.tribunnews.com/2017/05/05/main-sama-anjing-sambil-nungging-bagian-belakang-awkarin-ada-yang-nongol-posenya-mesum,Policy issue,Site Behavior: Navigation,Restricted ad serving,ca-pub-7784034061253020,59,2025-06-20,2025-06-25
aceh.tribunnews.com,Page,N/A,N/A,aceh.tribunnews.com/2019/03/23/dompet-kosong-dapat-sebabkan-sakit-jantung-simak-penjelasannya,Policy issue,Site Behavior: Navigation,Restricted ad serving,ca-pub-7784034061253020,59,2025-06-19,2025-06-25
www.tribunnews.com,Page,N/A,N/A,www.tribunnews.com/regional/2016/03/12/adegan-lengkap-pembunuhan-dwiki-sopian-dengan-107-tusukan,Policy issue,Ads Disguised as Content,Restricted ad serving,ca-pub-7784034061253020,58,2025-06-19,2025-06-25
wartakota.tribunnews.com,Page,N/A,N/A,wartakota.tribunnews.com/2025/02/22/11-film-erotis-jepang-paling-banyak-ditonton-salah-satunya-berdasar-kisah-nyata,Advertiser preference,Adult: Sexual content,Restricted ad serving,ca-pub-7784034061253020,58,2025-06-24,2025-06-24
makassar.tribunnews.com,Page,N/A,N/A,makassar.tribunnews.com/2020/01/02/daftar-harga-rokok-yang-naik-tahun-2020-surya-16-djarum-76-marlboro-sampoerna-cara-berhenti,Advertiser preference,Tobacco,Restricted ad serving,ca-pub-7784034061253020,58,2025-06-20,2025-06-23
kupang.tribunnews.com,Page,N/A,N/A,kupang.tribunnews.com/2019/09/14/kehidupan-dan-fantaay-seks-zodiak-aries-spontan-scorpio-liar-virgo-suka-jadi-budak,Advertiser preference,Adult: Sexual content,Restricted ad serving,ca-pub-7784034061253020,58,2025-06-19,2025-06-23
bangka.tribunnews.com,Page,N/A,N/A,bangka.tribunnews.com/2020/01/06/tips-latihan-dan-senam-kegel-bakal-buat-wanita-maksimal-dan-nyaman-di-ranjang-begini-caranya,Advertiser preference,Adult: Sexual content,Restricted ad serving,ca-pub-7784034061253020,58,2025-06-19,2025-06-23
travel.tribunnews.com,Page,N/A,N/A,travel.tribunnews.com/2017/07/01/astaga-karena-alasan-ini-banyak-pria-jepang-lebih-pilih-boneka-seks-ketimbang-perempuan,Advertiser preference,Adult: Sexual content,Restricted ad serving,ca-pub-7784034061253020,57,2025-06-19,2025-06-25
lampung.tribunnews.com,Page,N/A,N/A,lampung.tribunnews.com/2018/01/06/video-mesum-bocah-dengan-tante-viral-tak-berani-melawan-karena-takut-ibu,Advertiser preference,Google-served ads obscuring content;Shocking content,Restricted ad serving,ca-pub-7784034061253020,57,2025-06-19,2025-06-25
kupang.tribunnews.com,Page,N/A,N/A,kupang.tribunnews.com/2018/01/06/pria-ini-klaim-sebagai-pemilik-penis-terpanjang-di-dunia-namun-dokter-ungkap-fakta-mengerikan-ini,Advertiser preference,Adult: Sexual content,Restricted ad serving,ca-pub-7784034061253020,57,2025-06-19,2025-06-25
jambi.tribunnews.com,Page,N/A,N/A,jambi.tribunnews.com/2016/08/21/gamer-cantik-ini-ketahuan-mesum-gara-gara-lupa-matikan-kamera-video,Advertiser preference,Adult: Sexual content,Restricted ad serving,ca-pub-7784034061253020,57,2025-06-22,2025-06-24
belitung.tribunnews.com,Page,N/A,N/A,belitung.tribunnews.com/2017/01/08/ternyata-ini-alasan-para-wanita-rela-umbar-aurat-di-bigo-live-ada-imbalannya,Advertiser preference,Shocking content,Restricted ad serving,ca-pub-7784034061253020,57,2025-06-19,2025-06-24
bangka.tribunnews.com,Page,N/A,N/A,bangka.tribunnews.com/2021/11/22/intip-foto-pose-gemoy-tante-ernie-pakai-outfit-merah-di-pantai-diingatkan-jangan-sampai-lepas,Advertiser preference,Google-served ads obscuring content,Restricted ad serving,ca-pub-7784034061253020,57,2025-06-19,2025-06-25
www.tribunnews.com,Page,N/A,N/A,www.tribunnews.com/lifestyle/2018/01/19/viral-foto-struk-belanja-tahun-1992-lihat-berapa-harga-rokok-saat-itu,Advertiser preference,Tobacco,Restricted ad serving,ca-pub-7784034061253020,56,2025-06-21,2025-06-24
makassar.tribunnews.com,Page,N/A,N/A,makassar.tribunnews.com/2021/03/03/ulama-muda-enrekang-sebut-ternyata-onani-atau-masturbasi-bisa-dilakukan-dalam-kondisi-tertentu,Policy issue,Ads Disguised as Content,Restricted ad serving,ca-pub-7784034061253020,56,2025-06-20,2025-06-23
m.tribunnews.com,Page,N/A,N/A,m.tribunnews.com/kesehatan/2019/06/29/hati-hatu-tinggalkan-jejak-di-leher-pengantin-baru-ini-stroke-hingga-meninggal-karena-ciuman,Advertiser preference,Adult: Sexual content,Restricted ad serving,ca-pub-7784034061253020,56,2025-06-19,2025-06-24
kaltim.tribunnews.com,Page,N/A,N/A,kaltim.tribunnews.com/2020/11/07/update-link-video-mirip-gisel-full-kini-diburu-2-medsos-ini-jadi-lokasi-pencarian-satunya-twitter,Policy issue,Ads Disguised as Content,Restricted ad serving,ca-pub-7784034061253020,56,2025-06-20,2025-06-24
jogja.tribunnews.com,Page,N/A,N/A,jogja.tribunnews.com/2018/04/08/kisah-jasad-abadi-hannelore-schmatz-pendaki-everest-wanita-pertama-yang-temui-ajal-di-zona-maut,Advertiser preference,Shocking content,Restricted ad serving,ca-pub-7784034061253020,56,2025-06-23,2025-06-25
jambi.tribunnews.com,Page,N/A,N/A,jambi.tribunnews.com/2017/12/02/sentuh-area-sensitif-teknik-tukang-pijat-tradisional-ini-malah-tenar-dan-disukai-wanita-cantik?page=3,Advertiser preference;Policy issue,Adult: Sexual content;Site Behavior: Navigation,Restricted ad serving,ca-pub-7784034061253020,56,2025-06-24,2025-06-24
jambi.tribunnews.com,Page,N/A,N/A,jambi.tribunnews.com/2017/11/29/9-posisi-oral-seks-yang-membuat-pasangan-merem-melek-nomor-3-enak-dilakukan-di-sofa?page=all,Advertiser preference,Adult: Sexual content,Restricted ad serving,ca-pub-7784034061253020,56,2025-06-20,2025-06-24
batam.tribunnews.com,Page,N/A,N/A,batam.tribunnews.com/2020/05/17/penyebab-dan-cara-mengatasi-jerawat-di-kemaluan-pria-salah-satunya-adalah-pakaian-ketat,Policy issue,Encouraging accidental clicks: Layout,Restricted ad serving,ca-pub-7784034061253020,56,2025-06-19,2025-06-25
pekanbaru.tribunnews.com,Page,N/A,N/A,pekanbaru.tribunnews.com/2021/12/11/video-intip-tante-sisca-mellyana-lagi-pipis-viral-ditonton-lebih-500-ribu-kali,Advertiser preference,Adult: Sexual content,Restricted ad serving,ca-pub-7784034061253020,55,2025-06-25,2025-06-25
batam.tribunnews.com,Page,N/A,N/A,batam.tribunnews.com/2020/03/27/video-panas-pramugari-berdurasi-18-menit-bersama-kekasihnya-di-kamar-hotel-polisi-ungkap-fakta-baru,Policy issue,Ads Disguised as Content,Restricted ad serving,ca-pub-7784034061253020,55,2025-06-20,2025-06-23
banjarmasin.tribunnews.com,Page,N/A,N/A,banjarmasin.tribunnews.com/2018/11/18/psk-banjarmasin-instal-aplikasi-ini-tawarkan-jasa-esek-esek-lengkap-dengan-tarif-dan-tempat-bercinta,Advertiser preference,Shocking content,Restricted ad serving,ca-pub-7784034061253020,55,2025-06-20,2025-06-25
bangka.tribunnews.com,Page,N/A,N/A,bangka.tribunnews.com/2016/12/24/jika-wanita-tak-perawan-lagi-bokongnya-melorot-benarkah,Advertiser preference,Adult: Sexual content,Restricted ad serving,ca-pub-7784034061253020,55,2025-06-19,2025-06-24
bangka.tribunnews.com,Page,N/A,N/A,bangka.tribunnews.com/2016/08/27/ternyata-beginilah-cara-jin-meniduri-wanita-saat-tidur-ini-cara-mencegahnya,Advertiser preference,Shocking content,Restricted ad serving,ca-pub-7784034061253020,55,2025-06-19,2025-06-25
bali.tribunnews.com,Page,N/A,N/A,bali.tribunnews.com/2021/08/04/banyak-orang-tak-menyadari-benjolan-keras-di-tubuh-ternyata-asam-urat-komplikasi-ini-bisa-terjadi,Advertiser preference,Shocking content,Restricted ad serving,ca-pub-7784034061253020,55,2025-06-25,2025-06-25
aceh.tribunnews.com,Page,N/A,N/A,aceh.tribunnews.com/tag/wanita-telanjang-bulat,Policy issue,Google-served ads on screens without publisher-content,Restricted ad serving,ca-pub-7784034061253020,55,2025-06-19,2025-06-24
www.tribunnews.com,Page,N/A,N/A,www.tribunnews.com/kesehatan/2013/02/06/ini-kata-mereka-yang-pernah-mengonsumsi-permen-karet-cinta,Advertiser preference,Adult: Sexual content;Content obscuring Google-served ads,Restricted ad serving,ca-pub-7784034061253020,54,2025-06-19,2025-06-24
www.tribunnews.com,Page,N/A,N/A,www.tribunnews.com/internasional/2016/02/09/astaga-makin-banyak-warga-swiss-yang-berhubungan-seks-dengan-kuda,Advertiser preference,Adult: Sexual content,Restricted ad serving,ca-pub-7784034061253020,54,2025-06-20,2025-06-25
pekanbaru.tribunnews.com,Page,N/A,N/A,pekanbaru.tribunnews.com/2017/11/23/maksudnya-apa-tikus-ini-diberi-minuman-keras-dan-dibakar-hidup-hidup-sampai-mati,Advertiser preference,Shocking content,Restricted ad serving,ca-pub-7784034061253020,54,2025-06-19,2025-06-23
medan.tribunnews.com,Page,N/A,N/A,medan.tribunnews.com/2018/03/22/7-artis-indonesia-ini-disebut-memiliki-payudara-terindah-nomor-terakhir-sempat-menghebohkan?page=all,Policy issue,Site Behavior: Navigation,Restricted ad serving,ca-pub-7784034061253020,54,2025-06-19,2025-06-25
manado.tribunnews.com,Page,N/A,N/A,manado.tribunnews.com/2019/10/02/kisah-seorang-gigolo-bahagia-puaskan-sejumlah-wanita-sebulan-raih-untung-ratusan-juta-rupiah,Advertiser preference,Shocking content,Restricted ad serving,ca-pub-7784034061253020,54,2025-06-20,2025-06-25
manado.tribunnews.com,Page,N/A,N/A,manado.tribunnews.com/2019/03/13/bingung-hadapi-pelakor-ini-jurus-jitu-nan-elegan-agar-pelaku-jera-jangan-umbar-di-media-sosial,Policy issue,Ads Disguised as Content,Restricted ad serving,ca-pub-7784034061253020,54,2025-06-19,2025-06-25
lampung.tribunnews.com,Page,N/A,N/A,lampung.tribunnews.com/2017/01/19/tak-langsing-5-seleb-bertubuh-montok-ini-tetap-cantik-pakai-baju-seksi?page=2,Policy issue,Site Behavior: Navigation,Restricted ad serving,ca-pub-7784034061253020,54,2025-06-21,2025-06-24
wartakota.tribunnews.com,Page,N/A,N/A,wartakota.tribunnews.com/2020/11/07/warganet-buru-link-video-full-gisel-di-telegram-disebut-pemersatu-bangsa-masih-trending-di-twitter,Policy issue,Ads Disguised as Content,Restricted ad serving,ca-pub-7784034061253020,53,2025-06-19,2025-06-25
medan.tribunnews.com,Page,N/A,N/A,medan.tribunnews.com/2020/03/19/wanita-cantik-pemeran-video-mesum-mantan-pegawai-bank-ini-dilabrak-istri-sah-jadi-tontonan-warga,Advertiser preference,Adult: Sexual content;Shocking content,Restricted ad serving,ca-pub-7784034061253020,53,2025-06-19,2025-06-24
makassar.tribunnews.com,Page,N/A,N/A,makassar.tribunnews.com/2015/07/27/keseringan-onani-bikin-lutut-kopong-dan-merusak-kualitas-sperma?page=all,Advertiser preference,Adult: Sexual content,Restricted ad serving,ca-pub-7784034061253020,53,2025-06-19,2025-06-25
bekasi.tribunnews.com,Page,N/A,N/A,bekasi.tribunnews.com/2022/07/27/film-film-semi-korea-ini-paling-laris-ditonton-pasangan-muda-baru-menikah-apa-saja-ini-daftarnya,Policy issue,Ads Disguised as Content,Restricted ad serving,ca-pub-7784034061253020,53,2025-06-25,2025-06-25
bangka.tribunnews.com,Page,N/A,N/A,bangka.tribunnews.com/2015/11/27/parah-siswa-sd-paksa-teman-sekelas-lakukan-adegan-film-dewasa,Policy issue,Site Behavior: Navigation,Restricted ad serving,ca-pub-7784034061253020,53,2025-06-19,2025-06-24
aceh.tribunnews.com,Page,N/A,N/A,aceh.tribunnews.com/2023/05/12/sewa-psk-untuk-lampiaskan-nafsu-kakek-71-tahun-tewas-overdosis-obat-kuat-warung-soto-jadi-saksi,Advertiser preference;Policy issue,Google-served ads obscuring content;Modified Javascript: Ads by Google size,Restricted ad serving,ca-pub-7784034061253020,53,2025-06-19,2025-06-25
wartakota.tribunnews.com,Page,N/A,N/A,wartakota.tribunnews.com/2016/11/24/demi-sensasi-hubungan-seks-isteri-dijual-suami-untuk-tukar-pasangan-dan-threesome,Advertiser preference,Adult: Sexual content,Restricted ad serving,ca-pub-7784034061253020,52,2025-06-23,2025-06-23
sumsel.tribunnews.com,Page,N/A,N/A,sumsel.tribunnews.com/2018/02/10/5-film-ini-aktornya-lakukan-adegan-ranjang-beneran-namun-ada-yang-terbongkar-rahasianya?page=2,Policy issue,Ads Disguised as Content,Restricted ad serving,ca-pub-7784034061253020,52,2025-06-19,2025-06-24
pekanbaru.tribunnews.com,Page,N/A,N/A,pekanbaru.tribunnews.com/2021/03/31/yuk-nonton-nonton-film-secret-in-bed-with-my-boss-sub-indo-full-movie-download-film-romantis-2020,Policy issue,Ads Disguised as Content,Restricted ad serving,ca-pub-7784034061253020,52,2025-06-21,2025-06-25
palembang.tribunnews.com,Page,N/A,N/A,palembang.tribunnews.com/2018/04/08/begini-cara-mengobati-bisul-dan-langkah-langkah-membersihkannya-setelah-pecah-sampai-tuntas,Advertiser preference,Shocking content,Restricted ad serving,ca-pub-7784034061253020,52,2025-06-21,2025-06-25
jambi.tribunnews.com,Page,N/A,N/A,jambi.tribunnews.com/2018/04/29/kelihatan-inilah-ciri-wanita-yang-sering-memuaskan-diri-sendiri-bahayanya-bakal-sakit-seperti-ini,Advertiser preference,Adult: Sexual content,Restricted ad serving,ca-pub-7784034061253020,52,2025-06-22,2025-06-23
bogor.tribunnews.com,Page,N/A,N/A,bogor.tribunnews.com/2019/12/10/pengakuan-janda-muda-rekam-video-saat-tanpa-busana-di-kamar-tidur-motifnya-terungkap,Advertiser preference,Adult: Sexual content,Restricted ad serving,ca-pub-7784034061253020,52,2025-06-20,2025-06-25
bangka.tribunnews.com,Page,N/A,N/A,bangka.tribunnews.com/2024/11/10/ayam-jatinangor-house-klarifikasi-soal-vireo-viral-karyawan-tak-pakai-baju-kami-memohon-maaf?page=2,Advertiser preference,Adult: Sexual content,Restricted ad serving,ca-pub-7784034061253020,52,2025-06-23,2025-06-23
bali.tribunnews.com,Page,N/A,N/A,bali.tribunnews.com/2020/01/02/ini-daftar-harga-rokok-di-denpasar-saat-ini-beberapa-merk-alami-kenaikan-harga-sebelum-tahun-baru,Advertiser preference,Tobacco,Restricted ad serving,ca-pub-7784034061253020,52,2025-06-20,2025-06-25
www.tribunnews.com,Page,N/A,N/A,www.tribunnews.com/seleb/2017/09/18/tiga-wanita-cantik-ini-kecanduan-berhubungan-intim-ini-yang-mereka-rasakan,Advertiser preference,Adult: Sexual content,Restricted ad serving,ca-pub-7784034061253020,51,2025-06-19,2025-06-25
sumsel.tribunnews.com,Page,N/A,N/A,sumsel.tribunnews.com/2025/06/19/teks-khutbah-jumat-20-juni-2025-dalam-bahasa-sunda-tentang-tahun-baru-islam-tersedia-file-pdf,Policy issue,Copyrighted material (DMCA),Disabled ad serving,,51,2025-06-25,2025-06-25
palembang.tribunnews.com,Page,N/A,N/A,palembang.tribunnews.com/2017/09/16/serem-asyik-main-belut-dan-dimasukin-anunya-wanita-cantik-ini-nyaris-menyesal-ternyata-saat-masuk,Advertiser preference,Adult: Sexual content,Restricted ad serving,ca-pub-7784034061253020,51,2025-06-19,2025-06-23
jogja.tribunnews.com,Page,N/A,N/A,jogja.tribunnews.com/2016/10/22/mengapa-disebut-blue-film-ini-sejarahnya,Advertiser preference,Google-served ads obscuring content,Restricted ad serving,ca-pub-7784034061253020,51,2025-06-19,2025-06-25
jambi.tribunnews.com,Page,N/A,N/A,jambi.tribunnews.com/2014/11/13/posisi-doggy-style-yang-ini-baru-benar-supaya-punya-anak-lelaki,Advertiser preference,Adult: Sexual content,Restricted ad serving,ca-pub-7784034061253020,51,2025-06-19,2025-06-23
bangka.tribunnews.com,Page,N/A,N/A,bangka.tribunnews.com/2022/07/21/tamu-yang-datang-banyak-minta-pijat-plus-terapis-beberkan-tarifnya-untuk-layanan-full,Policy issue,Ads Disguised as Content,Restricted ad serving,ca-pub-7784034061253020,51,2025-06-19,2025-06-25
bangka.tribunnews.com,Page,N/A,N/A,bangka.tribunnews.com/2022/06/09/ini-yang-disukai-pria-saat-aktivitas-intim-inez-kristanti-wanita-jangan-diam-saja,Advertiser preference,Content obscuring Google-served ads,Restricted ad serving,ca-pub-7784034061253020,51,2025-06-20,2025-06-25
www.tribunnews.com,Page,N/A,N/A,www.tribunnews.com/regional/2020/06/28/cewek-cantik-di-kota-jambi-jual-diri-lewat-michat-tarif-sekali-kencan-rp-800-ribu,Advertiser preference,Shocking content,Restricted ad serving,ca-pub-7784034061253020,50,2025-06-19,2025-06-24
wartakota.tribunnews.com,Page,N/A,N/A,wartakota.tribunnews.com/2014/04/15/perpedaan-ukuran-mr-p-orang-indonesia-dan-timur-tengah,Advertiser preference,Adult: Sexual content,Restricted ad serving,ca-pub-7784034061253020,50,2025-06-19,2025-06-25
sumsel.tribunnews.com,Page,N/A,N/A,sumsel.tribunnews.com/2015/12/11/film-porno-jepang-saat-adegan-seks-pakai-kondom-atau-tidak,Advertiser preference,Adult: Sexual content,Restricted ad serving,ca-pub-7784034061253020,50,2025-06-19,2025-06-24
style.tribunnews.com,Page,N/A,N/A,style.tribunnews.com/2016/08/22/gaya-masturbasi-pria-hayo-kamu-biasanya-pakai-style-yang-mana?page=2,Advertiser preference,Adult: Sexual content,Restricted ad serving,ca-pub-7784034061253020,50,2025-06-19,2025-06-24
style.tribunnews.com,Page,N/A,N/A,style.tribunnews.com/2016/08/22/gaya-masturbasi-pria-hayo-kamu-biasanya-pakai-style-yang-mana?page=1,Advertiser preference,Adult: Sexual content,Restricted ad serving,ca-pub-7784034061253020,50,2025-06-19,2025-06-24
solo.tribunnews.com,Page,N/A,N/A,solo.tribunnews.com/2020/09/26/chord-kunci-gitar-dan-lirik-lagu-sancang-yayan-jatnika-chord-mudah-dimainkan,Advertiser preference;Policy issue,Encouraging accidental clicks: Layout;Google-served ads obscuring content,Restricted ad serving,ca-pub-7784034061253020,50,2025-06-19,2025-06-23
m.tribunnews.com,Page,N/A,N/A,m.tribunnews.com/tag/pesta-gay,Advertiser preference,Adult: Sexual content,Restricted ad serving,ca-pub-7784034061253020,50,2025-06-24,2025-06-25
kupang.tribunnews.com,Page,N/A,N/A,kupang.tribunnews.com/2018/01/18/mengejutkan-ternyata-pria-dan-wanita-di-korea-melepas-keperawanan-di-usia-ini,Policy issue,Ads Disguised as Content,Restricted ad serving,ca-pub-7784034061253020,50,2025-06-19,2025-06-25
jogja.tribunnews.com,Page,N/A,N/A,jogja.tribunnews.com/2016/12/22/6-cara-rangsang-klitoris-agar-wanita-capai-orgasme-maksimal,Advertiser preference,Adult: Sexual content,Restricted ad serving,ca-pub-7784034061253020,50,2025-06-19,2025-06-25
jateng.tribunnews.com,Page,N/A,N/A,jateng.tribunnews.com/2015/11/01/adinda-obati-kista-menggunakan-daun-sirih-dan-sirsak,Advertiser preference,Shocking content,Restricted ad serving,ca-pub-7784034061253020,50,2025-06-20,2025-06-24
jambi.tribunnews.com,Page,N/A,N/A,jambi.tribunnews.com/2018/02/22/2-kategori-dan-49-istilah-yang-sering-digunakan-di-film-biru?page=4,Advertiser preference,Adult: Sexual content,Restricted ad serving,ca-pub-7784034061253020,50,2025-06-19,2025-06-25
jabar.tribunnews.com,Page,N/A,N/A,jabar.tribunnews.com/2022/01/31/spesialis-ahli-pengobatan-alat-vital-tangerang-banten-terbaik-terpercaya-klinik-bpk-habdul-nun,Advertiser preference,Adult: Sexual content,Restricted ad serving,ca-pub-7784034061253020,50,2025-06-19,2025-06-25
bangka.tribunnews.com,Page,N/A,N/A,bangka.tribunnews.com/2021/12/07/video-maria-vania-di-atas-ranjang-viral-sudah-ditonton-34-juta-kali,Policy issue,Ads Disguised as Content,Restricted ad serving,ca-pub-7784034061253020,50,2025-06-19,2025-06-24
bali.tribunnews.com,Page,N/A,N/A,bali.tribunnews.com/2017/08/08/risiko-seks-oral-bukan-sipilis-dan-hiv-namun-malah-memicu-kanker-lidah-dan-mulut-bagaimana-bisa?page=2,Advertiser preference,Google-served ads obscuring content,Restricted ad serving,ca-pub-7784034061253020,50,2025-06-20,2025-06-25
makassar.tribunnews.com,Page,N/A,N/A,makassar.tribunnews.com/2020/06/30/23-link-nonton-online-streaming-film-dewasa-dan-film-anak-film-india-drama-korea-serial-barat,Policy issue,Ads Disguised as Content,Restricted ad serving,ca-pub-7784034061253020,49,2025-06-20,2025-06-25
lampung.tribunnews.com,Page,N/A,N/A,lampung.tribunnews.com/2015/12/22/video-benjolan-gede-di-kulit-kepala-ternyata-isinya-seperti-ini,Policy issue,Site Behavior: Navigation,Restricted ad serving,ca-pub-7784034061253020,49,2025-06-19,2025-06-24
kupang.tribunnews.com,Page,N/A,N/A,kupang.tribunnews.com/2019/07/16/wanita-pura-pura-orgasme-di-ranjang-ini-alasannya-pria-mesti-tahu-hal-ini-loh,Advertiser preference,Adult: Sexual content,Restricted ad serving,ca-pub-7784034061253020,49,2025-06-23,2025-06-24
bogor.tribunnews.com,Page,N/A,N/A,bogor.tribunnews.com/2024/04/18/jangan-kaget-ini-5-arti-mimpi-berhubungan-badan-dengan-mantan-pertanda-akan-datangnya-masalah,Advertiser preference;Policy issue,Google-served ads obscuring content;Modified Javascript: Ads by Google size,Restricted ad serving,ca-pub-7784034061253020,49,2025-06-19,2025-06-25
belitung.tribunnews.com,Page,N/A,N/A,belitung.tribunnews.com/2017/11/21/cewek-sma-jual-diri-langsung-masuk-aja-nanti-naik-ya,Advertiser preference,Adult: Sexual content,Restricted ad serving,ca-pub-7784034061253020,49,2025-06-21,2025-06-23
bangka.tribunnews.com,Page,N/A,N/A,bangka.tribunnews.com/2021/11/04/dulu-ditawar-open-bo-selebgram-berliana-lovell-dijuluki-wanita-pemersatu-bangsa-kepergok-ngamen,Policy issue,Ads Disguised as Content,Restricted ad serving,ca-pub-7784034061253020,49,2025-06-19,2025-06-25
bangka.tribunnews.com,Page,N/A,N/A,bangka.tribunnews.com/2021/11/02/model-seksi-fathbayy-mati-mati-jaga-keperawanannya-demi-jaga-prinsipnya-ini-pernah-ditawar-produser,Policy issue,Ads Disguised as Content,Restricted ad serving,ca-pub-7784034061253020,49,2025-06-20,2025-06-25
bangka.tribunnews.com,Page,N/A,N/A,bangka.tribunnews.com/2021/10/07/video-gisel-terbaru-pakai-baju-tidur-rambut-terurai-goyang-bareng-2-pria-ditonton-47-juta-kali,Policy issue,Ads Disguised as Content,Restricted ad serving,ca-pub-7784034061253020,49,2025-06-19,2025-06-25
makassar.tribunnews.com,Page,N/A,N/A,makassar.tribunnews.com/2016/11/26/rugi-kalau-tak-tahu-inilah-arti-bo-st-lt-di-ucapan-terima-kasih-psk-kepada-anji-drive?page=4,Advertiser preference,Adult: Sexual content,Restricted ad serving,ca-pub-7784034061253020,48,2025-06-20,2025-06-25
makassar.tribunnews.com,Page,N/A,N/A,makassar.tribunnews.com/2015/10/12/tanda-tanda-wanita-digauli-jin-termasuk-mimpi-ular-dan-susah-tidur,Advertiser preference,Adult: Sexual content,Restricted ad serving,ca-pub-7784034061253020,48,2025-06-20,2025-06-24
bangka.tribunnews.com,Page,N/A,N/A,bangka.tribunnews.com/2018/09/17/cara-mudah-agar-tekanan-darah-tinggi-dan-sakit-kepala-reda-tekan-5-titik-pada-tubuh-ini,Advertiser preference,Shocking content,Restricted ad serving,ca-pub-7784034061253020,48,2025-06-20,2025-06-25
bangka.tribunnews.com,Page,N/A,N/A,bangka.tribunnews.com/2017/12/21/ini-dia-ciri-orang-yang-mudah-dan-sulit-kena-gendam-begini-cara-mengujinya,Advertiser preference;Policy issue,Encouraging accidental clicks: Layout;Google-served ads obscuring content,Restricted ad serving,ca-pub-7784034061253020,48,2025-06-19,2025-06-25
bangka.tribunnews.com,Page,N/A,N/A,bangka.tribunnews.com/2016/09/03/inilah-wanita-cantik-ini-terjun-ke-film-panas-mulai-dari-bantu-teman-hingga-salurkan-hobi,Policy issue,Ads Disguised as Content,Restricted ad serving,ca-pub-7784034061253020,48,2025-06-19,2025-06-24
wartakota.tribunnews.com,Page,N/A,N/A,wartakota.tribunnews.com/2018/02/13/siswa-smp-remas-payudara-siswi-adik-kelas-kepergok-guru-dan-disaksikan-teman,Advertiser preference,Adult: Sexual content,Restricted ad serving,ca-pub-7784034061253020,47,2025-06-20,2025-06-25
pontianak.tribunnews.com,Page,N/A,N/A,pontianak.tribunnews.com/2018/01/28/inilah-7-ciri-wanita-kecanduan-masturbasi-7-persen-cewek-melakukannya-setiap-hari?page=3,Advertiser preference,Adult: Sexual content,Restricted ad serving,ca-pub-7784034061253020,47,2025-06-19,2025-06-24
palembang.tribunnews.com,Page,N/A,N/A,palembang.tribunnews.com/2019/10/26/adegan-video-syur-mirip-gisella-anastasia-viral-berikut-kontroversi-eks-gading-marten-suka-party,Advertiser preference,Adult: Sexual content,Restricted ad serving,ca-pub-7784034061253020,47,2025-06-20,2025-06-24
makassar.tribunnews.com,Page,N/A,N/A,makassar.tribunnews.com/404,Policy issue,Google-served ads on screens without publisher-content,Restricted ad serving,ca-pub-7784034061253020,47,2025-06-19,2025-06-25
makassar.tribunnews.com,Page,N/A,N/A,makassar.tribunnews.com/2019/12/25/heboh-video-mesum-dan-ngaku-perawan-ini-4-kasus-cupi-cupita-goyang-basah-prostitusi-kemben-melorot,Advertiser preference,Adult: Sexual content,Restricted ad serving,ca-pub-7784034061253020,47,2025-06-19,2025-06-25
makassar.tribunnews.com,Page,N/A,N/A,makassar.tribunnews.com/2016/09/04/astaga-beredar-gambar-seksi-kak-ros-upin-ipin?page=2,Advertiser preference,Adult: Sexual content,Restricted ad serving,ca-pub-7784034061253020,47,2025-06-22,2025-06-25
m.tribunnews.com,Page,N/A,N/A,m.tribunnews.com/regional/2019/09/29/yuyu-ajak-berhubungan-usai-rg-mandi-hal-sama-dilakukan-putranya-itu-terhadap-np-sebelum-membunuhnya?page=2,Advertiser preference,Adult: Sexual content,Restricted ad serving,ca-pub-7784034061253020,47,2025-06-22,2025-06-25
jogja.tribunnews.com,Page,N/A,N/A,jogja.tribunnews.com/2017/10/12/inilah-nasib-5-bintang-film-panas-era-1990-an-ada-yang-jualan-lontong-sayur-hingga-jadi-religius,Advertiser preference,Adult: Sexual content,Restricted ad serving,ca-pub-7784034061253020,47,2025-06-19,2025-06-25
jambi.tribunnews.com,Page,N/A,N/A,jambi.tribunnews.com/2018/04/17/2006-meninggal-digantung-kini-geger-beredar-video-jasadnya-saddam-hussein-masih-utuh,Advertiser preference,Shocking content,Restricted ad serving,ca-pub-7784034061253020,47,2025-06-19,2025-06-23
belitung.tribunnews.com,Page,N/A,N/A,belitung.tribunnews.com/2017/10/25/inilah-11-hal-yang-terjadi-di-balik-layar-film-dewasa,Advertiser preference,Adult: Sexual content,Restricted ad serving,ca-pub-7784034061253020,47,2025-06-19,2025-06-25
bangka.tribunnews.com,Page,N/A,N/A,bangka.tribunnews.com/2017/08/05/pakai-daleman-vibrator-ke-supermarket-begini-reaksi-wanita-ini-saat-kekasihnya-pencet-remote,Advertiser preference,Adult: Sexual content,Restricted ad serving,ca-pub-7784034061253020,47,2025-06-23,2025-06-24
wartakota.tribunnews.com,Page,N/A,N/A,wartakota.tribunnews.com/2013/11/02/ini-daftar-alat-bantu-seks-terpopuler,Advertiser preference,Adult: Sexual content,Restricted ad serving,ca-pub-7784034061253020,46,2025-06-19,2025-06-25
medan.tribunnews.com,Page,N/A,N/A,medan.tribunnews.com/2019/01/12/akhirnya-polisi-ungkap-nama-artis-prostitusi-di-antaranya-riri-febrianti-pesinetron-anak-jalanan?page=all,Policy issue,Site Behavior: Navigation,Restricted ad serving,ca-pub-7784034061253020,46,2025-06-19,2025-06-23
manado.tribunnews.com,Page,N/A,N/A,manado.tribunnews.com/2019/04/23/heboh-video-mastrubasi-diduga-milik-7-artis-dari-jonathan-christie-hingga-artis-berdarah-manado,Advertiser preference,Adult: Sexual content,Restricted ad serving,ca-pub-7784034061253020,46,2025-06-20,2025-06-23
makassar.tribunnews.com,Page,N/A,N/A,makassar.tribunnews.com/2011/06/20/fenugreek-tanaman-pemicu-gairah-seks-pria,Advertiser preference,Adult: Sexual content,Restricted ad serving,ca-pub-7784034061253020,46,2025-06-23,2025-06-23
m.tribunnews.com,Page,N/A,N/A,m.tribunnews.com/internasional/2017/09/13/cowok-indonesia-ini-laku-jadi-bintang-film-dewasa-di-luar-negeri,Advertiser preference,Adult: Sexual content,Restricted ad serving,ca-pub-7784034061253020,46,2025-06-24,2025-06-25
jateng.tribunnews.com,Page,N/A,N/A,jateng.tribunnews.com/2017/11/29/sssstt-ini-rahasia-merawat-payudara-tetap-kencang-dan-indah,Advertiser preference;Policy issue,Adult: Sexual content;Site Behavior: Navigation,Restricted ad serving,ca-pub-7784034061253020,46,2025-06-19,2025-06-25
bangka.tribunnews.com,Page,N/A,N/A,bangka.tribunnews.com/2021/12/07/ditonton-34-juta-kali-video-15-detik-maria-vania-di-atas-ranjang-viral-tiap-hari-lakukan-hal-ini,Policy issue,Ads Disguised as Content,Restricted ad serving,ca-pub-7784034061253020,46,2025-06-20,2025-06-25
bangka.tribunnews.com,Page,N/A,N/A,bangka.tribunnews.com/2018/03/02/kisah-kampung-cinta-di-tanah-sunda-gadis-cantik-mau-diajak-nikah-siri-biayanya-murah,Policy issue,Site Behavior: Navigation,Restricted ad serving,ca-pub-7784034061253020,46,2025-06-19,2025-06-25
wartakota.tribunnews.com,Page,N/A,N/A,wartakota.tribunnews.com/2015/06/11/posisi-gunting-duduk-bikin-si-dia-teriak-berkali-kali,Advertiser preference,Adult: Sexual content,Restricted ad serving,ca-pub-7784034061253020,45,2025-06-21,2025-06-25
sultra.tribunnews.com,Page,N/A,N/A,sultra.tribunnews.com/2022/10/31/link-video-viral-di-artis-lombok-masih-dicari-vcs-sambil-ngangkang-di-ranjang-monyongkan-bibir,Policy issue,Ads Disguised as Content,Restricted ad serving,ca-pub-7784034061253020,45,2025-06-20,2025-06-25
kupang.tribunnews.com,Page,N/A,N/A,kupang.tribunnews.com/2018/07/05/perempuan-suka-nonton-film-dewasa-karena-10-alasan-unik-ini-apa-saja-ya,Advertiser preference,Adult: Sexual content,Restricted ad serving,ca-pub-7784034061253020,45,2025-06-21,2025-06-25
jambi.tribunnews.com,Page,N/A,N/A,jambi.tribunnews.com/2018/04/29/kelihatan-inilah-ciri-wanita-yang-sering-memuaskan-diri-sendiri-bahayanya-bakal-sakit-seperti-ini?page=2,Advertiser preference,Adult: Sexual content,Restricted ad serving,ca-pub-7784034061253020,45,2025-06-19,2025-06-25
jambi.tribunnews.com,Page,N/A,N/A,jambi.tribunnews.com/2017/09/24/curhat-berhubungan-seks-sambil-menyusui-anak-kelakuan-tasha-dinilai-tak-pantas,Advertiser preference,Shocking content,Restricted ad serving,ca-pub-7784034061253020,45,2025-06-22,2025-06-25
jabar.tribunnews.com,Page,N/A,N/A,jabar.tribunnews.com/2021/01/31/cerita-kakek-sugiono-yang-sering-muncul-di-meme-ternyata-istri-tak-tahu-kalau-dia-bintang-film-panas,Policy issue,Ads Disguised as Content,Restricted ad serving,ca-pub-7784034061253020,45,2025-06-19,2025-06-23
www.tribunnews.com,Page,N/A,N/A,www.tribunnews.com/kesehatan/2017/07/08/terungkap-rahasia-bentuk-bibir-wanita-dan-tingginya-nafsu-seksual,Advertiser preference,Adult: Sexual content,Restricted ad serving,ca-pub-7784034061253020,44,2025-06-19,2025-06-25
wartakota.tribunnews.com,Page,N/A,N/A,wartakota.tribunnews.com/2017/10/21/belut-itu-masuk-ke-rahim-wanita-cantik-yang-bermasturbasi-dengan-hewan-ini,Advertiser preference,Adult: Sexual content;Shocking content,Restricted ad serving,ca-pub-7784034061253020,44,2025-06-19,2025-06-24
medan.tribunnews.com,Page,N/A,N/A,medan.tribunnews.com/2025/01/22/cekcok-mulut-di-warung-tuak-dimhot-sitinjak-bantai-pria-semarganya-sampai-tewas-bersimbah-darah,Advertiser preference,Shocking content,Restricted ad serving,ca-pub-7784034061253020,44,2025-06-21,2025-06-25
medan.tribunnews.com,Page,N/A,N/A,medan.tribunnews.com/2021/12/23/baiknya-hati-tante-ernie-pemersatu-bangsa-turuti-permintaan-fans-beratnya-tan-boleh-nggak,Advertiser preference;Policy issue,Google-served ads obscuring content;Modified Javascript: Ads by Google size,Restricted ad serving,ca-pub-7784034061253020,44,2025-06-22,2025-06-25
makassar.tribunnews.com,Page,N/A,N/A,makassar.tribunnews.com/2017/04/26/balut-singkong-dengan-kondom-lalu-masukkan-ke-organ-intim-lihat-keadaan-wanita-ini,Advertiser preference,Adult: Sexual content,Restricted ad serving,ca-pub-7784034061253020,44,2025-06-20,2025-06-24
m.tribunnews.com,Page,N/A,N/A,m.tribunnews.com/regional/2013/08/11/10-tetes-langsung-bereaksi,Advertiser preference,Adult: Sexual content,Restricted ad serving,ca-pub-7784034061253020,44,2025-06-20,2025-06-23
kupang.tribunnews.com,Page,N/A,N/A,kupang.tribunnews.com/2016/01/25/inikah-yang-dipikirkan-wanita-saat-melihat-kelamin-pria,Advertiser preference,Adult: Sexual content,Restricted ad serving,ca-pub-7784034061253020,44,2025-06-19,2025-06-23
jogja.tribunnews.com,Page,N/A,N/A,jogja.tribunnews.com/2018/01/04/bisakah-hiv-menular-melalui-seks-oral-dan-ciuman-begini-penjelasannya,Advertiser preference,Adult: Sexual content;Shocking content,Restricted ad serving,ca-pub-7784034061253020,44,2025-06-19,2025-06-25
belitung.tribunnews.com,Page,N/A,N/A,belitung.tribunnews.com/2018/10/11/jenis-layanan-seksual-soft-dan-hard-swinger-ini-terbongkar-di-surabaya,Advertiser preference,Adult: Sexual content,Restricted ad serving,ca-pub-7784034061253020,44,2025-06-21,2025-06-25
belitung.tribunnews.com,Page,N/A,N/A,belitung.tribunnews.com/2016/04/28/apakah-anda-punya-lesung-di-atas-bokong-seperti-ini-anda-sangat-beruntung?page=3,Advertiser preference,Google-served ads obscuring content,Restricted ad serving,ca-pub-7784034061253020,44,2025-06-19,2025-06-25
bekasi.tribunnews.com,Page,N/A,N/A,bekasi.tribunnews.com/2022/07/30/koleksi-film-semi-korea-terbaru-2022-yang-paling-laris-ditonton-bikin-penonton-mupeng-hingga-baper,Policy issue,Ads Disguised as Content,Restricted ad serving,ca-pub-7784034061253020,44,2025-06-21,2025-06-25
bangka.tribunnews.com,Page,N/A,N/A,bangka.tribunnews.com/2018/04/07/kisah-pedagang-pakai-penglaris-awalnya-pembeli-jadi-ramai-lalu-selanjutnya-begini,Advertiser preference,Shocking content,Restricted ad serving,ca-pub-7784034061253020,44,2025-06-21,2025-06-24
bangka.tribunnews.com,Page,N/A,N/A,bangka.tribunnews.com/2016/05/01/ssst-inilah-ciri-ciri-orang-yang-kecanduan-onani,Advertiser preference,Adult: Sexual content,Restricted ad serving,ca-pub-7784034061253020,44,2025-06-20,2025-06-24
sultra.tribunnews.com,Page,N/A,N/A,sultra.tribunnews.com/2022/11/12/icha-ceeby-kebaya-merah-juga-perankan-video-tiga-lawan-satu-ternyata-adegan-2-wanita-1-lelaki,Policy issue,Ads Disguised as Content,Restricted ad serving,ca-pub-7784034061253020;ca-video-pub-7784034061253020,43,2025-06-25,2025-06-25
style.tribunnews.com,Page,N/A,N/A,style.tribunnews.com/2016/08/22/gaya-masturbasi-pria-hayo-kamu-biasanya-pakai-style-yang-mana?page=4,Advertiser preference,Adult: Sexual content,Restricted ad serving,ca-pub-7784034061253020,43,2025-06-19,2025-06-24
palembang.tribunnews.com,Page,N/A,N/A,palembang.tribunnews.com/2017/11/12/menyesal-pernah-bugil-dan-lakukan-adegal-panas-di-film-6-artis-ini-minta-maaf?page=2,Advertiser preference,Adult: Sexual content,Restricted ad serving,ca-pub-7784034061253020,43,2025-06-20,2025-06-25
medan.tribunnews.com,Page,N/A,N/A,medan.tribunnews.com/2022/06/19/kelakuan-sejoli-mandi-bareng-sambil-video-call-apes-videonya-tersebar-sampai-viral-di-media-sosial,Policy issue,Ads Disguised as Content,Restricted ad serving,ca-pub-7784034061253020,43,2025-06-22,2025-06-25
medan.tribunnews.com,Page,N/A,N/A,medan.tribunnews.com/2019/09/18/lagi-lagi-video-mesum-pelajar-sma-tersebar-dan-viral-di-media-sosial-kali-ini-di-daerah-prabumulih,Advertiser preference,Shocking content,Restricted ad serving,ca-pub-7784034061253020,43,2025-06-21,2025-06-24
m.tribunnews.com,Page,N/A,N/A,m.tribunnews.com/images/model/view/493842/baby-margaretha,Advertiser preference,Adult: Sexual content,Restricted ad serving,ca-pub-7784034061253020,43,2025-06-20,2025-06-25
kupang.tribunnews.com,Page,N/A,N/A,kupang.tribunnews.com/2019/08/01/unggah-foto-nikita-mirzani-telanjang-dada-mantan-istri-dipo-latief-bikin-geger-dulu-berjilbab-kini,Advertiser preference,Adult: Sexual content,Restricted ad serving,ca-pub-7784034061253020,43,2025-06-19,2025-06-24
kupang.tribunnews.com,Page,N/A,N/A,kupang.tribunnews.com/2017/03/13/polisi-sita-alat-bantu-seks-dari-pelaku-pencabulan-anak,Advertiser preference,Adult: Sexual content,Restricted ad serving,ca-pub-7784034061253020,43,2025-06-19,2025-06-24
bangka.tribunnews.com,Page,N/A,N/A,bangka.tribunnews.com/2020/01/11/boneka-seks-mirip-anak-kecil-dibawa-mahasiswa-dari-china-terbuat-dari-silikon-dan-itu-pornografi,Advertiser preference,Adult: Sexual content,Restricted ad serving,ca-pub-7784034061253020,43,2025-06-19,2025-06-25
www.tribunnews.com,Page,N/A,N/A,www.tribunnews.com/metropolitan/2011/04/02/umar-tak-sadar-istrinya-pria-karena-bercinta-dalam-gelap,Advertiser preference,Google-served ads obscuring content,Restricted ad serving,ca-pub-7784034061253020,42,2025-06-19,2025-06-25
pontianak.tribunnews.com,Page,N/A,N/A,pontianak.tribunnews.com/2021/11/18/simvastatin-adalah-obat-penurun-kolesterol-kenali-efek-samping-obat-simvastatin,Advertiser preference,Google-served ads obscuring content,Restricted ad serving,ca-pub-7784034061253020,42,2025-06-19,2025-06-25
m.tribunnews.com,Page,N/A,N/A,m.tribunnews.com/kesehatan/2014/11/13/ini-posisi-doggy-style-yang-benar-supaya-punya-anak-lelaki,Advertiser preference,Adult: Sexual content,Restricted ad serving,ca-pub-7784034061253020,42,2025-06-19,2025-06-23
kupang.tribunnews.com,Page,N/A,N/A,kupang.tribunnews.com/2015/06/16/10-trik-bikin-wanita-orgasme-dengan-permainan-jari,Advertiser preference,Adult: Sexual content,Restricted ad serving,ca-pub-7784034061253020,42,2025-06-20,2025-06-24
jambi.tribunnews.com,Page,N/A,N/A,jambi.tribunnews.com/2018/07/07/ciri-ciri-fisik-yang-terlihat-pada-wanita-yang-nafsu-birahinya-tinggi,Advertiser preference,Adult: Sexual content,Restricted ad serving,ca-pub-7784034061253020,42,2025-06-19,2025-06-25
jabar.tribunnews.com,Page,N/A,N/A,jabar.tribunnews.com/2023/08/14/pengobatan-alat-vital-bandung-bpk-asep-jaenal-konsultasi-gratis-081386309927,Advertiser preference,Adult: Sexual content,Restricted ad serving,ca-pub-7784034061253020,42,2025-06-20,2025-06-24
bogor.tribunnews.com,Page,N/A,N/A,bogor.tribunnews.com/2016/07/13/6-alasan-wanita-mau-melepaskan-keperawanannya-kepada-kekasihnya-karena-cinta-hingga-kebelet-nikah,Policy issue,Ads Disguised as Content,Restricted ad serving,ca-pub-7784034061253020,42,2025-06-21,2025-06-24
belitung.tribunnews.com,Page,N/A,N/A,belitung.tribunnews.com/2018/04/30/adiknya-cerita-ke-ibu-diajari-kakak-lakukan-adegan-dewasa-lalu-direkam,Advertiser preference,Adult: Sexual content,Restricted ad serving,ca-pub-7784034061253020,42,2025-06-19,2025-06-25
bangka.tribunnews.com,Page,N/A,N/A,bangka.tribunnews.com/2023/09/11/bisnis-seksi-si-meja-goyang-di-belitung-timur-10-menit-bisa-olah-5-kilogram-pasir-timah,Advertiser preference;Policy issue,Google-served ads obscuring content;Modified Javascript: Ads by Google size,Restricted ad serving,ca-pub-7784034061253020,42,2025-06-19,2025-06-25
wartakota.tribunnews.com,Page,N/A,N/A,wartakota.tribunnews.com/2020/02/21/ibu-mertua-intip-menantu-dan-anaknya-berhubungan-badan-ternyata-ini-tujuan-sebenarnya,Policy issue,Modified ad code: Resizing Ad Frames,Restricted ad serving,ca-pub-7784034061253020,41,2025-06-22,2025-06-25
sumsel.tribunnews.com,Page,N/A,N/A,sumsel.tribunnews.com/2015/11/10/video-pembantu-pergoki-majikan-berhubungan-dengan-sopir-pribadi,Advertiser preference,Adult: Sexual content,Restricted ad serving,ca-pub-7784034061253020,41,2025-06-20,2025-06-24
palembang.tribunnews.com,Page,N/A,N/A,palembang.tribunnews.com/2018/02/09/dilukis-tanpa-busana-dalam-film-titanicbeginilah-penyesalan-kate-winslet-yang-lama-terpendam?page=all,Advertiser preference,Adult: Sexual content,Restricted ad serving,ca-pub-7784034061253020,41,2025-06-19,2025-06-25
m.tribunnews.com,Page,N/A,N/A,m.tribunnews.com/video/2015/11/06/ngambek-tidak-dibelikan-iphone-perempuan-ini-telanjang-di-mal,Policy issue,Site Behavior: Navigation,Restricted ad serving,ca-pub-7784034061253020,41,2025-06-22,2025-06-23
belitung.tribunnews.com,Page,N/A,N/A,belitung.tribunnews.com/2018/01/04/heboh-video-mesum-wanita-dewasa-dengan-2-bocah-di-hotel-bikin-netter-penasaran-begini-cuplikannya,Advertiser preference,Adult: Sexual content,Restricted ad serving,ca-pub-7784034061253020,41,2025-06-19,2025-06-25
bangka.tribunnews.com,Page,N/A,N/A,bangka.tribunnews.com/2019/06/16/benarkah-pusar-atau-unyeng-unyeng-di-kepala-tentukan-sifat-nasib-si-anak-simak-4-hal-ini,Advertiser preference,Shocking content,Restricted ad serving,ca-pub-7784034061253020,41,2025-06-20,2025-06-24
bangka.tribunnews.com,Page,N/A,N/A,bangka.tribunnews.com/2016/03/17/heboh-ada-boneka-seks-gadis-kecil-dipasarkan-rp-145-juta,Advertiser preference,Adult: Sexual content,Restricted ad serving,ca-pub-7784034061253020,41,2025-06-19,2025-06-23
bali.tribunnews.com,Page,N/A,N/A,bali.tribunnews.com/2021/12/14/ini-kronologi-lengkap-tante-sisca-dan-boris-terekam-sedang-berhubungan-suami-istri-di-ubud-bali,Policy issue,Ads Disguised as Content,Restricted ad serving,ca-pub-7784034061253020,41,2025-06-20,2025-06-24
www.tribunnews.com,Page,N/A,N/A,www.tribunnews.com/kesehatan/2017/08/14/tak-ada-suntik-kb-ternyata-orang-zaman-dulu-gunakan-cara-unik-ini-untuk-cegah-kehamilan,Advertiser preference,Adult: Sexual content,Restricted ad serving,ca-pub-7784034061253020,40,2025-06-21,2025-06-25
www.tribunnews.com,Page,N/A,N/A,www.tribunnews.com/bisnis/2020/09/23/pertamina-lubricants-kuasai-58-persen-market-share-pasar-pelumas,Advertiser preference,Google-served ads obscuring content,Restricted ad serving,ca-pub-7784034061253020,40,2025-06-20,2025-06-25
pontianak.tribunnews.com,Page,N/A,N/A,pontianak.tribunnews.com/2017/09/30/seperti-apa-sih-orgasme-pada-wanita-ini-penjelasannya,Advertiser preference,Adult: Sexual content,Restricted ad serving,ca-pub-7784034061253020,40,2025-06-19,2025-06-25
pontianak.tribunnews.com,Page,N/A,N/A,pontianak.tribunnews.com/2015/08/20/terbukti-dalam-penelitian-teh-basi-dapat-perbesar-penis,Advertiser preference;Policy issue,Adult: Sexual content;Site Behavior: Navigation,Restricted ad serving,ca-pub-7784034061253020,40,2025-06-19,2025-06-25
medan.tribunnews.com,Page,N/A,N/A,medan.tribunnews.com/2017/04/28/aktris-bintang-porno-terkenal-ini-nyatakan-pensiun-di-usia-80-tahun,Advertiser preference,Adult: Sexual content,Restricted ad serving,ca-pub-7784034061253020,40,2025-06-22,2025-06-24
makassar.tribunnews.com,Page,N/A,N/A,makassar.tribunnews.com/seleb/gosipi,Advertiser preference,Adult: Sexual content,Restricted ad serving,ca-pub-7784034061253020,40,2025-06-20,2025-06-25
makassar.tribunnews.com,Page,N/A,N/A,makassar.tribunnews.com/2019/05/29/viral-pengakuan-teman-ini-kronologi-tersebarnya-video-mesum-youtuber-banyuwangi-dengan-siswi-smp,Policy issue,Ads Disguised as Content,Restricted ad serving,ca-pub-7784034061253020,40,2025-06-20,2025-06-25
m.tribunnews.com,Page,N/A,N/A,m.tribunnews.com/kesehatan/2016/03/31/kesalahan-cara-minum-obat-kuat-yang-membuatnya-gagal-bikin-pria-jadi-jantan?page=2,Advertiser preference,Adult: Sexual content,Restricted ad serving,ca-pub-7784034061253020,40,2025-06-19,2025-06-23
lampung.tribunnews.com,Page,N/A,N/A,lampung.tribunnews.com/2018/03/26/hasil-riset-gigolo-ternyata-ini-yang-diinginkan-wanita-untuk-memuaskan-diri,Advertiser preference,Adult: Sexual content,Restricted ad serving,ca-pub-7784034061253020,40,2025-06-24,2025-06-25
lampung.tribunnews.com,Page,N/A,N/A,lampung.tribunnews.com/2012/01/01/perempuan-mabuk-dulu-baru-berhubungan-seks,Advertiser preference,Adult: Sexual content,Restricted ad serving,ca-pub-7784034061253020,40,2025-06-20,2025-06-24
kaltim.tribunnews.com,Page,N/A,N/A,kaltim.tribunnews.com/2016/02/12/banyak-abg-beli-kondom-petugas-apotek-sungkan-tanya-buat-apa,Advertiser preference,Adult: Sexual content,Restricted ad serving,ca-pub-7784034061253020,40,2025-06-21,2025-06-25
jambi.tribunnews.com,Page,N/A,N/A,jambi.tribunnews.com/2017/09/13/epin-tawarkan-layanan-3s-di-medsos-lengkap-foto-dan-tarif-yang-bikin-nganga-main-sama-istrinya,Advertiser preference,Adult: Sexual content,Restricted ad serving,ca-pub-7784034061253020,40,2025-06-23,2025-06-24
jambi.tribunnews.com,Page,N/A,N/A,jambi.tribunnews.com/2017/05/04/amankah-penggunaan-tisu-penguat-seksual-ini-penjelasan-dinkes,Advertiser preference,Adult: Sexual content,Restricted ad serving,ca-pub-7784034061253020,40,2025-06-22,2025-06-25
belitung.tribunnews.com,Page,N/A,N/A,belitung.tribunnews.com/2018/05/28/6-ciri-wanita-sudah-tak-perawan-mulai-hidung-mata-payudara-hingga-bentuk-perut?page=3,Advertiser preference,Adult: Sexual content,Restricted ad serving,ca-pub-7784034061253020,40,2025-06-22,2025-06-25
belitung.tribunnews.com,Page,N/A,N/A,belitung.tribunnews.com/2017/07/07/cewek-ini-bilang-aduh-udah-mau-keluar-sambil-goyangkan-badan-videonya-bikin-heboh,Advertiser preference,Adult: Sexual content,Restricted ad serving,ca-pub-7784034061253020,40,2025-06-19,2025-06-25
bali.tribunnews.com,Page,N/A,N/A,bali.tribunnews.com/2017/01/23/pria-ini-miliki-penis-terpanjang-di-dunia-saat-berhubungan-intim-beginilah-jadinya,Advertiser preference,Adult: Sexual content,Restricted ad serving,ca-pub-7784034061253020,40,2025-06-19,2025-06-25
aceh.tribunnews.com,Page,N/A,N/A,aceh.tribunnews.com/tag/video-mesum-satu-wanita-lawan-tiga-pria,Policy issue,Google-served ads on screens without publisher-content,Restricted ad serving,ca-pub-7784034061253020,40,2025-06-19,2025-06-23
www.tribunnews.com,Page,N/A,N/A,www.tribunnews.com/regional/2019/08/15/video-vina-garut-ternyata-ada-44-yang-tersebar-cuma-2-lainnya-di-twitter-dijual-rp-50-ribu,Policy issue,Ads Disguised as Content,Restricted ad serving,ca-pub-7784034061253020,39,2025-06-20,2025-06-24
sumsel.tribunnews.com,Page,N/A,N/A,sumsel.tribunnews.com/2021/08/14/100-nama-bayi-laki-laki-islami-pembawa-berkah-dan-rezeki-dan-artinya-terdiri-3-kata,Policy issue,Modified ad code: Resizing Ad Frames,Restricted ad serving,ca-pub-7784034061253020,39,2025-06-21,2025-06-25
manado.tribunnews.com,Page,N/A,N/A,manado.tribunnews.com/2019/04/23/viral-video-mastrubasi-artis-gandhi-berdurasi-1-menit-44-detik-dari-berdiri-hingga-duduk-di-sofa,Advertiser preference,Adult: Sexual content;Shocking content,Restricted ad serving,ca-pub-7784034061253020,39,2025-06-19,2025-06-24
manado.tribunnews.com,Page,N/A,N/A,manado.tribunnews.com/2017/12/07/jarak-antara-paha-bagian-dalam-bisa-menggambarkan-sikapmu-di-tempat-tidur,Advertiser preference,Adult: Sexual content,Restricted ad serving,ca-pub-7784034061253020,39,2025-06-19,2025-06-25
makassar.tribunnews.com,Page,N/A,N/A,makassar.tribunnews.com/2020/01/02/daftar-harga-rokok-yang-naik-tahun-2020-surya-16-djarum-76-marlboro-sampoerna-cara-berhenti?page=all,Advertiser preference,Tobacco,Restricted ad serving,ca-pub-7784034061253020,39,2025-06-22,2025-06-25
kupang.tribunnews.com,Page,N/A,N/A,kupang.tribunnews.com/2019/09/13/ini-7-fakta-pria-paksa-istri-tetangga-layani-nafsunya-diancam-pakai-celurit-hingga-ditindih-5-menit,Advertiser preference,Adult: Sexual content,Restricted ad serving,ca-pub-7784034061253020,39,2025-06-21,2025-06-25
bangka.tribunnews.com,Page,N/A,N/A,bangka.tribunnews.com/2016/06/02/adegan-ranjang-vulgar-tanpa-sensor-penonton-pun-senang,Advertiser preference,Adult: Sexual content,Restricted ad serving,ca-pub-7784034061253020,39,2025-06-21,2025-06-24
wow.tribunnews.com,Page,N/A,N/A,wow.tribunnews.com/2017/08/07/ditunggu-tunggu-penggemar-5-artis-ini-akhirnya-beranikan-diri-beradegan-tanpa-busana,Advertiser preference,Adult: Sexual content,Restricted ad serving,ca-pub-7784034061253020,38,2025-06-23,2025-06-23
sumsel.tribunnews.com,Page,N/A,N/A,sumsel.tribunnews.com/2017/08/17/beli-celana-dalam-secara-online-gadis-ini-dapatkan-cd-bekas-dan-bau-di-tengahnya-ada-cairan-ini?page=all,Advertiser preference,Adult: Sexual content,Restricted ad serving,ca-pub-7784034061253020,38,2025-06-24,2025-06-24
medan.tribunnews.com,Page,N/A,N/A,medan.tribunnews.com/2020/01/30/viral-penyanyi-dangdut-buka-baju-lepas-bra-di-panggung-hingga-penonton-berlomba-beri-saweran,Policy issue,Site Behavior: Navigation,Restricted ad serving,ca-pub-7784034061253020,38,2025-06-19,2025-06-25
lampung.tribunnews.com,Page,N/A,N/A,lampung.tribunnews.com/2018/03/27/beredar-foto-syur-dokter-ganteng-terkenal-dengan-sesama-jenis-instagramnya-banjir-hujatan,Advertiser preference,Adult: Sexual content,Restricted ad serving,ca-pub-7784034061253020,38,2025-06-23,2025-06-25
jambi.tribunnews.com,Page,N/A,N/A,jambi.tribunnews.com/2019/09/01/5-bintang-film-dewasa-ini-tewas-secara-mengerikan-no-5-alami-depresi-berat-hingga-bunuh-diri,Advertiser preference,Shocking content,Restricted ad serving,ca-pub-7784034061253020,38,2025-06-19,2025-06-25
jambi.tribunnews.com,Page,N/A,N/A,jambi.tribunnews.com/2018/07/07/ciri-ciri-fisik-yang-terlihat-pada-wanita-yang-nafsu-birahinya-tinggi?page=all,Advertiser preference,Adult: Sexual content,Restricted ad serving,ca-pub-7784034061253020,38,2025-06-23,2025-06-23
jabar.tribunnews.com,Page,N/A,N/A,jabar.tribunnews.com/2023/12/14/pengobatan-alat-vital-bogor-aa-muchsin-klinik-rumah-vitalitas-terbaik,Advertiser preference,Adult: Sexual content,Restricted ad serving,ca-pub-7784034061253020,38,2025-06-21,2025-06-23
bangka.tribunnews.com,Page,N/A,N/A,bangka.tribunnews.com/2017/08/16/ada-gaya-berkuda-ini-dia-5-posisi-hubungan-intim-favorit-di-5-negara,Advertiser preference,Adult: Sexual content,Restricted ad serving,ca-pub-7784034061253020,38,2025-06-19,2025-06-25
aceh.tribunnews.com,Page,N/A,N/A,aceh.tribunnews.com/2020/02/16/wisata-seks-halal-di-bogor-mendunia-orang-arab-walau-booking-harus-ijab-kabul?page=all,Advertiser preference,Shocking content,Restricted ad serving,ca-pub-7784034061253020,38,2025-06-24,2025-06-24
www.tribunnews.com,Page,N/A,N/A,www.tribunnews.com/lifestyle/2010/04/24/gairah-seks-wanita-menurut-primbon-jawa,Advertiser preference,Adult: Sexual content,Restricted ad serving,ca-pub-7784034061253020,37,2025-06-21,2025-06-24
www.tribunnews.com,Page,N/A,N/A,www.tribunnews.com/internasional/2017/08/05/perusahaan-rokok-jepang-beli-perusahaan-rokok-terbesar-keenam-indonesia,Advertiser preference,Tobacco,Restricted ad serving,ca-pub-7784034061253020,37,2025-06-19,2025-06-25
www.tribunnews.com,Page,N/A,N/A,www.tribunnews.com/internasional/2016/07/01/wow-wanita-cantik-ini-lupa-nggak-pakai-celana-dalam-saat-belanja-di-mal,Advertiser preference,Adult: Sexual content,Restricted ad serving,ca-pub-7784034061253020,37,2025-06-19,2025-06-24
sumsel.tribunnews.com,Page,N/A,N/A,sumsel.tribunnews.com/2021/10/01/cara-dan-syarat-mengurus-kartu-atm-bni-tertelan-di-mesin-bisa-di-kantor-terdekat,Advertiser preference,Google-served ads obscuring content,Restricted ad serving,ca-pub-7784034061253020,37,2025-06-20,2025-06-25
papua.tribunnews.com,Page,N/A,N/A,papua.tribunnews.com/2025/06/19/wamendagri-ribka-haluk-tegur-wali-kota-jayapura-kepala-daerah-harus-jadi-perekat-bukan-pemecah,Policy issue,Copyrighted material (DMCA),Disabled ad serving,,37,2025-06-25,2025-06-25
palembang.tribunnews.com,Page,N/A,N/A,palembang.tribunnews.com/2017/11/16/terkuak-ini-foto-masa-lalu-5-bintang-porno-terkenal-dunia-tak-disangka-dulu-mereka-wujudnya-begini,Policy issue,Ads Disguised as Content,Restricted ad serving,ca-pub-7784034061253020,37,2025-06-21,2025-06-24
medan.tribunnews.com,Page,N/A,N/A,medan.tribunnews.com/2021/11/16/bukannya-nikmati-malam-pertama-pengantin-wanita-baru-nikah-ini-diseret-ke-kamar-pelaku-bukan-suami,Policy issue,Ads Disguised as Content,Restricted ad serving,ca-pub-7784034061253020,37,2025-06-20,2025-06-25
jateng.tribunnews.com,Page,N/A,N/A,jateng.tribunnews.com/2016/06/20/wow-mantan-bintang-porno-jepang-masuk-dunia-esek-esek-tarifnya-rp-104-juta-per-2-jam?page=4,Policy issue,Google-served ads on screens without publisher-content,Restricted ad serving,ca-pub-7784034061253020,37,2025-06-21,2025-06-23
jambi.tribunnews.com,Page,N/A,N/A,jambi.tribunnews.com/2018/01/17/bintang-film-dewasa-jepang-umumkan-akan-menikah-penggemar-patah-hati,Advertiser preference,Adult: Sexual content,Restricted ad serving,ca-pub-7784034061253020,37,2025-06-19,2025-06-24
jabar.tribunnews.com,Page,N/A,N/A,jabar.tribunnews.com/2022/01/10/pengobatan-alat-vital-bandar-lampung-langsung-hasil-di-tempat-bersama-m-asep-judin-dari-banten,Policy issue,Ads Disguised as Content,Restricted ad serving,ca-pub-7784034061253020,37,2025-06-20,2025-06-24
bangka.tribunnews.com,Page,N/A,N/A,bangka.tribunnews.com/2021/06/15/sesak-nafas-karena-asam-lambung-ciri-cirinya-serta-obat-yang-direkomendasikan,Advertiser preference,Adult: Sexual content,Restricted ad serving,ca-pub-7784034061253020,37,2025-06-23,2025-06-25
bangka.tribunnews.com,Page,N/A,N/A,bangka.tribunnews.com/2018/02/15/cewek-cewek-asal-bandung-beri-servis-seks-begini-modus-dan-tarifnya,Advertiser preference,Adult: Sexual content,Restricted ad serving,ca-pub-7784034061253020,37,2025-06-21,2025-06-25
www.tribunjualbeli.com,Page,N/A,N/A,www.tribunjualbeli.com/bali/2379734/dildo-penis-silikon-dua-kepala-alat-bantu-sex-di-bali-badung,Advertiser preference,Adult: Sexual content,Restricted ad serving,ca-pub-7784034061253020,36,2025-06-19,2025-06-25
surabaya.tribunnews.com,Page,N/A,N/A,surabaya.tribunnews.com/2009/02/28/beredar-video-porno-mirip-inul,Advertiser preference,Adult: Sexual content,Restricted ad serving,ca-pub-7784034061253020,36,2025-06-19,2025-06-24
style.tribunnews.com,Page,N/A,N/A,style.tribunnews.com/2016/08/21/tentang-perempuan-jauh-dari-pasangan-benda-ini-biasa-digunakan-wanita-untuk-tuntaskan-birahinya,Advertiser preference,Adult: Sexual content,Restricted ad serving,ca-pub-7784034061253020,36,2025-06-19,2025-06-25
pontianak.tribunnews.com,Page,N/A,N/A,pontianak.tribunnews.com/2018/02/12/kesepian-wanita-ini-ketergantungan-alat-bantu-seks-awalnya-geli-lalu-terasa-begini,Advertiser preference,Adult: Sexual content,Restricted ad serving,ca-pub-7784034061253020,36,2025-06-19,2025-06-25
palembang.tribunnews.com,Page,N/A,N/A,palembang.tribunnews.com/2017/12/06/kenapa-harus-malu6-artis-cantik-ini-buka-bukaan-suka-main-pake-seky-toys-no-5-bikin-serem?page=all,Advertiser preference;Policy issue,Adult: Sexual content;Site Behavior: Navigation,Restricted ad serving,ca-pub-7784034061253020,36,2025-06-23,2025-06-23
manado.tribunnews.com,Page,N/A,N/A,manado.tribunnews.com/2019/06/18/kumpulan-wanita-yang-masukkan-benda-asing-di-kemaluan-ada-botol-minuman-hingga-mainan-seks,Advertiser preference,Adult: Sexual content,Restricted ad serving,ca-pub-7784034061253020,36,2025-06-20,2025-06-23
jateng.tribunnews.com,Page,N/A,N/A,jateng.tribunnews.com/2017/02/11/kisah-kehidupan-seks-pemilik-penis-terbesar-dan-terpanjang-di-dunia-pacarnya-tak-sanggup,Advertiser preference,Adult: Sexual content,Restricted ad serving,ca-pub-7784034061253020,36,2025-06-19,2025-06-25
bangka.tribunnews.com,Page,N/A,N/A,bangka.tribunnews.com/tag/terdakwa-film-mesum,Policy issue,Google-served ads on screens without publisher-content,Restricted ad serving,ca-pub-7784034061253020,36,2025-06-19,2025-06-24
wartakota.tribunnews.com,Page,N/A,N/A,wartakota.tribunnews.com/2021/02/07/psk-di-depok-masih-marak-di-masa-pandemi-covid-19-ditemukan-kerap-mangkal-di-pasar-kambing-cisalak,Policy issue,Ads Disguised as Content,Restricted ad serving,ca-pub-7784034061253020,35,2025-06-20,2025-06-24
ternate.tribunnews.com,Page,N/A,N/A,ternate.tribunnews.com/2023/04/04/breaking-news-dapat-durian-runtuh-nelayan-morotai-temukan-20-kg-muntahan-paus-di-laut-pasifik,Advertiser preference,Google-served ads obscuring content;Shocking content,Restricted ad serving,ca-pub-7784034061253020,35,2025-06-22,2025-06-23
sumsel.tribunnews.com,Page,N/A,N/A,sumsel.tribunnews.com/2015/04/17/senam-kegel-bisa-mencegah-wasir-dan-mengatasi-ejakulasi-dini?page=all,Advertiser preference,Adult: Sexual content,Restricted ad serving,ca-pub-7784034061253020,35,2025-06-21,2025-06-24
style.tribunnews.com,Page,N/A,N/A,style.tribunnews.com/2017/02/15/inikah-perbedaan-ukuran-dada-dj-katty-butterfly-sebelum-dan-sesudah,Advertiser preference;Policy issue,Adult: Sexual content;Site Behavior: Navigation,Restricted ad serving,ca-pub-7784034061253020,35,2025-06-21,2025-06-25
medan.tribunnews.com,Page,N/A,N/A,medan.tribunnews.com/tag/foto-seksi-yolla-yuliana,Policy issue,Google-served ads on screens without publisher-content,Restricted ad serving,ca-pub-7784034061253020,35,2025-06-22,2025-06-24
manado.tribunnews.com,Page,N/A,N/A,manado.tribunnews.com/2020/11/10/video-panas-mirip-jessica-iskandar-durasi-30-detik,Policy issue,Ads Disguised as Content,Restricted ad serving,ca-pub-7784034061253020,35,2025-06-21,2025-06-25
m.tribunnews.com,Page,N/A,N/A,m.tribunnews.com/seleb/2017/09/18/tiga-wanita-cantik-ini-kecanduan-berhubungan-intim-ini-yang-mereka-rasakan,Advertiser preference,Adult: Sexual content,Restricted ad serving,ca-pub-7784034061253020,35,2025-06-23,2025-06-23
lampung.tribunnews.com,Page,N/A,N/A,lampung.tribunnews.com/2017/12/12/seperti-manusia-sungguhan-robot-pemuas-nafsu-lelaki-ini-bisa-keluarkan-pelumas,Advertiser preference,Adult: Sexual content,Restricted ad serving,ca-pub-7784034061253020,35,2025-06-19,2025-06-25
jambi.tribunnews.com,Page,N/A,N/A,jambi.tribunnews.com/2018/11/03/aktor-film-dewasa-ungkap-bisa-tahan-lama-dalam-berhubungan-intim-ini-dia-rahasianya,Advertiser preference,Adult: Sexual content,Restricted ad serving,ca-pub-7784034061253020,35,2025-06-19,2025-06-23
bangka.tribunnews.com,Page,N/A,N/A,bangka.tribunnews.com/2016/09/13/mengejutkan-empat-aktris-tv-terkenal-ini-pindah-haluan-jadi-pemain-film-dewasa,Advertiser preference,Adult: Sexual content,Restricted ad serving,ca-pub-7784034061253020,35,2025-06-19,2025-06-23
www.tribunnews.com,Page,N/A,N/A,www.tribunnews.com/regional/2017/11/14/perilaku-seks-aneh-pns-ini-sering-masukkan-terong-dan-timun-ke-anunya-istri,Advertiser preference,Adult: Sexual content,Restricted ad serving,ca-pub-7784034061253020,34,2025-06-19,2025-06-25
sultra.tribunnews.com,Page,N/A,N/A,sultra.tribunnews.com/2023/05/04/video-viral-ciwidey-wanita-bercadar-di-kebun-teh-durasi-39-detikpemeran-dikaitkan-dengan-sososk-ini,Policy issue,Google-served ads on screens without publisher-content,Restricted ad serving,ca-pub-7784034061253020,34,2025-06-19,2025-06-24
medan.tribunnews.com,Page,N/A,N/A,medan.tribunnews.com/2019/10/31/lagi-lagi-tersebar-video-adegan-intim-kali-ini-mahasiswi-dengan-dosen-di-hotel-berbahasa-daerah,Advertiser preference,Adult: Sexual content,Restricted ad serving,ca-pub-7784034061253020,34,2025-06-19,2025-06-25
medan.tribunnews.com,Page,N/A,N/A,medan.tribunnews.com/2015/11/27/telaah-kesehatan-masturbasi-tanpa-film-porno,Advertiser preference,Adult: Sexual content,Restricted ad serving,ca-pub-7784034061253020,34,2025-06-20,2025-06-25
m.tribunnews.com,Page,N/A,N/A,m.tribunnews.com/images/model/view/493732/baby-margaretha,Advertiser preference,Adult: Sexual content,Restricted ad serving,ca-pub-7784034061253020,34,2025-06-21,2025-06-24
kaltim.tribunnews.com,Page,N/A,N/A,kaltim.tribunnews.com/404,Policy issue,Google-served ads on screens without publisher-content,Restricted ad serving,ca-pub-7784034061253020,34,2025-06-22,2025-06-24
jogja.tribunnews.com,Page,N/A,N/A,jogja.tribunnews.com/2016/12/22/6-cara-rangsang-klitoris-agar-wanita-capai-orgasme-maksimal?page=2,Advertiser preference,Adult: Sexual content,Restricted ad serving,ca-pub-7784034061253020,34,2025-06-19,2025-06-25
jatim.tribunnews.com,Page,N/A,N/A,jatim.tribunnews.com/2018/01/04/banyak-diburu-netizen-video-panas-tante-tante-dengan-bocah-adegannya-tak-pantas-dilihat-anak-kecil,Advertiser preference,Shocking content,Restricted ad serving,ca-pub-7784034061253020,34,2025-06-21,2025-06-25
jateng.tribunnews.com,Page,N/A,N/A,jateng.tribunnews.com/2016/11/03/tradisi-gila-di-malam-pertama-mempelai-wanita-ditelanjangi-tamu-pengantin-pria-hanya-diam?page=all,Advertiser preference,Google-served ads obscuring content,Restricted ad serving,ca-pub-7784034061253020,34,2025-06-19,2025-06-25
jambi.tribunnews.com,Page,N/A,N/A,jambi.tribunnews.com/2018/04/12/5-bentuk-pantat-perempuan-ini-bisa-gambarkan-karakter-punya-anda-jenis-yang-mana,Advertiser preference,Shocking content,Restricted ad serving,ca-pub-7784034061253020,34,2025-06-20,2025-06-25
jabar.tribunnews.com,Page,N/A,N/A,jabar.tribunnews.com/2017/08/04/cobalah-tidak-gagal-fokus-melihat-31-gambar-ini-jangan-ngeres-lihat-nomor-17,Policy issue,Ads Disguised as Content,Restricted ad serving,ca-pub-7784034061253020,34,2025-06-19,2025-06-23
belitung.tribunnews.com,Page,N/A,N/A,belitung.tribunnews.com/2018/08/03/ternyata-7-benda-ini-pernah-dipakai-jadi-pengganti-kondom-ini-akibatnya,Advertiser preference,Adult: Sexual content,Restricted ad serving,ca-pub-7784034061253020,34,2025-06-21,2025-06-25
bangka.tribunnews.com,Page,N/A,N/A,bangka.tribunnews.com/2020/11/20/bagaimana-perbandingan-ukuran-penis-indonesia-dengan-negara-lain-ada-fakta-lain-ternyata?page=all,Advertiser preference,Adult: Sexual content,Restricted ad serving,ca-pub-7784034061253020,34,2025-06-19,2025-06-23
bangka.tribunnews.com,Page,N/A,N/A,bangka.tribunnews.com/2016/10/17/10-bintang-porno-ini-ternyata-berpendidikan-tinggi-ada-yang-bergelar-master?page=all,Advertiser preference,Adult: Sexual content,Restricted ad serving,ca-pub-7784034061253020,34,2025-06-22,2025-06-23
www.tribunnews.com,Page,N/A,N/A,www.tribunnews.com/metropolitan/2018/02/07/lahirkan-anak-ke-11-tersangka-video-mesum-tante-vs-bocah-sd-jalani-tes-hiv,Advertiser preference,Shocking content,Restricted ad serving,ca-pub-7784034061253020,33,2025-06-21,2025-06-24
www.tribunnews.com,Page,N/A,N/A,www.tribunnews.com/kesehatan/2011/07/15/pelajari-sifat-seksual-wanita-dari-buah-kesukaannya,Advertiser preference,Adult: Sexual content,Restricted ad serving,ca-pub-7784034061253020,33,2025-06-19,2025-06-24
pekanbaru.tribunnews.com,Page,N/A,N/A,pekanbaru.tribunnews.com/2022/11/15/umur-18-tahun-jadi-artis-jav-sora-aoi-ungkap-bayaran-lebih-dari-maria-ozawa,Policy issue,Ads Disguised as Content,Restricted ad serving,ca-pub-7784034061253020,33,2025-06-20,2025-06-25
makassar.tribunnews.com,Page,N/A,N/A,makassar.tribunnews.com/2023/05/04/manfaat-berwudhu-sebelum-dan-sesudah-hubungan-suami-istri-buya-yahya-sunah-dianjurkan-nabi,Advertiser preference,Google-served ads obscuring content,Restricted ad serving,ca-pub-7784034061253020,33,2025-06-21,2025-06-24
makassar.tribunnews.com,Page,N/A,N/A,makassar.tribunnews.com/2021/12/03/video-1-menit-20-detik-rekam-cewek-buka-baju-di-bandara,Policy issue,Ads Disguised as Content,Restricted ad serving,ca-pub-7784034061253020,33,2025-06-19,2025-06-23
makassar.tribunnews.com,Page,N/A,N/A,makassar.tribunnews.com/2019/01/08/video-detik-detik-pembunuhan-siswi-smk-di-bogor-selamat-jalan-adriana-yubelia-noven,Advertiser preference;Policy issue,Ads Disguised as Content;Shocking content,Restricted ad serving,ca-pub-7784034061253020,33,2025-06-22,2025-06-23
makassar.tribunnews.com,Page,N/A,N/A,makassar.tribunnews.com/2017/04/26/balut-singkong-dengan-kondom-lalu-masukkan-ke-organ-intim-lihat-keadaan-wanita-ini?page=all,Advertiser preference,Adult: Sexual content,Restricted ad serving,ca-pub-7784034061253020,33,2025-06-22,2025-06-25
m.tribunnews.com,Page,N/A,N/A,m.tribunnews.com/kesehatan/2019/04/04/saat-bercinta-ini-6-tahapan-yang-dirasakan-perempuan-sampai-orgasme,Advertiser preference,Adult: Sexual content,Restricted ad serving,ca-pub-7784034061253020,33,2025-06-22,2025-06-25
m.tribunnews.com,Page,N/A,N/A,m.tribunnews.com/images/model/view/493852/baby-margaretha,Advertiser preference,Adult: Sexual content,Restricted ad serving,ca-pub-7784034061253020,33,2025-06-19,2025-06-25
jatim.tribunnews.com,Page,N/A,N/A,jatim.tribunnews.com/2017/11/28/9-posisi-oral-seks-terbaik-yang-bisa-bikin-pasanganmu-menggila-seketika-no-6-paling-dahsyat?page=2,Advertiser preference,Adult: Sexual content,Restricted ad serving,ca-pub-7784034061253020,33,2025-06-23,2025-06-25
banjarmasin.tribunnews.com,Page,N/A,N/A,banjarmasin.tribunnews.com/2019/12/24/heboh-video-syur-mirip-cupi-cupita-yang-beredar-viral-senasib-gisella-anastasia-nagita-slavina,Policy issue,Ads Disguised as Content,Restricted ad serving,ca-pub-7784034061253020,33,2025-06-20,2025-06-25
bangka.tribunnews.com,Page,N/A,N/A,bangka.tribunnews.com/2017/12/19/khusus-pria-ini-dia-7-artis-cantik-indonesia-dengan-payudara-terindah-2017,Advertiser preference,Adult: Sexual content,Restricted ad serving,ca-pub-7784034061253020,33,2025-06-19,2025-06-25
bangka.tribunnews.com,Page,N/A,N/A,bangka.tribunnews.com/2016/01/04/video-wanita-seksi-ini-memasak-dengan-cara-yang-tidak-lazim,Policy issue,Site Behavior: Navigation,Restricted ad serving,ca-pub-7784034061253020,33,2025-06-22,2025-06-25
www.tribunnews.com,Page,N/A,N/A,www.tribunnews.com/regional/2018/04/19/praktik-pijat-plus-plus-di-banjarmasin-pesan-pakai-hp-dijamin-aman-aparat-pun-kesulitan-mengusut,Advertiser preference,Adult: Sexual content,Restricted ad serving,ca-pub-7784034061253020,32,2025-06-19,2025-06-25
www.tribunnews.com,Page,N/A,N/A,www.tribunnews.com/lifestyle/2018/06/12/niat-pamer-foto-selfie-di-kamar-mandi-unggahan-cewek-ini-malah-jadi-sorotan-ada-yang-janggal,Advertiser preference;Policy issue,Adult: Sexual content;Site Behavior: Navigation,Restricted ad serving,ca-pub-7784034061253020,32,2025-06-19,2025-06-25
wartakota.tribunnews.com,Page,N/A,N/A,wartakota.tribunnews.com/2014/07/20/ini-dia-beda-hiperseks-pada-wanita-dan-pria,Advertiser preference,Adult: Sexual content,Restricted ad serving,ca-pub-7784034061253020,32,2025-06-23,2025-06-24
medan.tribunnews.com,Page,N/A,N/A,medan.tribunnews.com/2019/08/15/video-hot-vina-garut-gangbang-3-pria-dan-1-wanita-masih-rajai-twitter-tagar-vina-trending-nomor-1,Advertiser preference,Shocking content,Restricted ad serving,ca-pub-7784034061253020,32,2025-06-25,2025-06-25
medan.tribunnews.com,Page,N/A,N/A,medan.tribunnews.com/2017/05/24/bintang-film-porno-bertubuh-kerdil-ini-mengaku-punya-misi-mulia,Policy issue,Site Behavior: Navigation,Restricted ad serving,ca-pub-7784034061253020,32,2025-06-19,2025-06-25
makassar.tribunnews.com,Page,N/A,N/A,makassar.tribunnews.com/2020/08/21/cerita-wanita-19-tahun-jadi-psk-layani-8-tamu-sehari-meski-terasa-sakit-uang-untuk-beli-obat-ibu,Policy issue,Ads Disguised as Content,Restricted ad serving,ca-pub-7784034061253020,32,2025-06-19,2025-06-25
m.tribunnews.com,Page,N/A,N/A,m.tribunnews.com/seleb/2017/05/23/ramai-soal-pesta-gay-chika-jessica-sindir-artis-berinisial-da-yang-ia-sebut-dia-cucok,Policy issue,Site Behavior: Navigation,Restricted ad serving,ca-pub-7784034061253020,32,2025-06-22,2025-06-25
m.tribunnews.com,Page,N/A,N/A,m.tribunnews.com/regional/2018/02/12/mayoritas-emak-emak-muda-dan-remaja-putri-pembeli-alat-bantu-seks-di-bali?page=4,Advertiser preference,Adult: Sexual content,Restricted ad serving,ca-pub-7784034061253020,32,2025-06-24,2025-06-24
belitung.tribunnews.com,Page,N/A,N/A,belitung.tribunnews.com/2017/03/13/video-gadis-goyang-goyangkan-dada-saat-pakai-seragam-mendadak-viral,Advertiser preference,Shocking content,Restricted ad serving,ca-pub-7784034061253020,32,2025-06-21,2025-06-25
bangka.tribunnews.com,Page,N/A,N/A,bangka.tribunnews.com/2019/09/19/berniat-tahan-lama-dalam-berhubungan-intim-belasan-pria-di-sumedang-tumbang-usai-minum-kopi-ini,Advertiser preference,Adult: Sexual content,Restricted ad serving,ca-pub-7784034061253020,32,2025-06-20,2025-06-25
aceh.tribunnews.com,Page,N/A,N/A,aceh.tribunnews.com/2019/09/21/video-panas-oknum-pns-pemprov-jabar-viral-di-whatsapp-berikut-8-faktanya,Advertiser preference,Adult: Sexual content;Shocking content,Restricted ad serving,ca-pub-7784034061253020,32,2025-06-20,2025-06-23
m.tribunnews.com,Page,N/A,N/A,m.tribunnews.com/nasional/2018/01/06/video-mesum-bocah-dengan-wanita-dewasa-ibu-si-bocah-ternyata-ikut-menyaksikan-adegan-di-hotel,Advertiser preference,Adult: Sexual content,Restricted ad serving,ca-pub-7784034061253020,31,2025-06-20,2025-06-24
m.tribunnews.com,Page,N/A,N/A,m.tribunnews.com/kesehatan/2019/04/04/saat-bercinta-ini-6-tahapan-yang-dirasakan-perempuan-sampai-orgasme?page=2,Advertiser preference,Adult: Sexual content,Restricted ad serving,ca-pub-7784034061253020,31,2025-06-22,2025-06-25
kupang.tribunnews.com,Page,N/A,N/A,kupang.tribunnews.com/2018/02/06/tiga-hal-yang-diinginkan-pria-dari-wanita-saat-bersama-di-tempat-tidur,Advertiser preference,Adult: Sexual content,Restricted ad serving,ca-pub-7784034061253020,31,2025-06-21,2025-06-24
jogja.tribunnews.com,Page,N/A,N/A,jogja.tribunnews.com/2016/12/16/4-artis-ini-pernah-berpose-syur-saat-jadi-model-majalah-pria-dewasa,Advertiser preference,Adult: Sexual content,Restricted ad serving,ca-pub-7784034061253020,31,2025-06-21,2025-06-24
jateng.tribunnews.com,Page,N/A,N/A,jateng.tribunnews.com/2016/04/20/inilah-sosok-penjual-jamu-yang-menghebohkan-media-sosial,Advertiser preference,Adult: Sexual content,Restricted ad serving,ca-pub-7784034061253020,31,2025-06-20,2025-06-25
batam.tribunnews.com,Page,N/A,N/A,batam.tribunnews.com/2017/03/14/ternyata-uap-panas-masakan-bisa-sebabkan-flek-kulit-begini-cara-menghindarinya,Advertiser preference,Shocking content,Restricted ad serving,ca-pub-7784034061253020,31,2025-06-19,2025-06-23
bali.tribunnews.com,Page,N/A,N/A,bali.tribunnews.com/2018/04/09/kencan-dengan-pria-di-atas-50-tahun-ada-8-saran-dari-seorang-penulis-lisa-copeland,Policy issue,Ads Disguised as Content,Restricted ad serving,ca-pub-7784034061253020,31,2025-06-19,2025-06-25
www.tribunnews.com,Page,N/A,N/A,www.tribunnews.com/travel/2018/10/25/6-fakta-suku-arya-membuat-wanita-dari-berbagai-negara-tertarik-hingga-ingin-diberi-keturunan,Advertiser preference,Google-served ads obscuring content,Restricted ad serving,ca-pub-7784034061253020,30,2025-06-22,2025-06-25
www.tribunnews.com,Page,N/A,N/A,www.tribunnews.com/nasional/2017/12/14/5-fakta-di-balik-mutilasi-wanita-cantik-di-karawang-berawal-dari-cekcok-hingga-pengakuan-suami,Policy issue,Ads Disguised as Content,Restricted ad serving,ca-pub-7784034061253020,30,2025-06-23,2025-06-23
www.tribunnews.com,Page,N/A,N/A,www.tribunnews.com/kesehatan/2019/04/04/saat-bercinta-ini-6-tahapan-yang-dirasakan-perempuan-sampai-orgasme,Advertiser preference,Adult: Sexual content,Restricted ad serving,ca-pub-7784034061253020,30,2025-06-22,2025-06-24
palembang.tribunnews.com,Page,N/A,N/A,palembang.tribunnews.com/2017/04/13/6-aplikasi-ini-tingkatkan-kualitas-bercinta-kembali-bersemangat,Advertiser preference,Adult: Sexual content,Restricted ad serving,ca-pub-7784034061253020,30,2025-06-22,2025-06-23
m.tribunnews.com,Page,N/A,N/A,m.tribunnews.com/lifestyle/2017/02/13/inilah-ciri-cirinya-pacar-anda-sudah-tidak-perjaka-lagi,Advertiser preference,Adult: Sexual content,Restricted ad serving,ca-pub-7784034061253020,30,2025-06-24,2025-06-24
kupang.tribunnews.com,Page,N/A,N/A,kupang.tribunnews.com/2019/10/02/kakak-ipar-tak-tahan-nafsu-adik-ipar-pakai-baju-tipis-ajak-kuda-lumping-imingi-duit-kronologi,Advertiser preference,Adult: Sexual content,Restricted ad serving,ca-pub-7784034061253020,30,2025-06-20,2025-06-24
kupang.tribunnews.com,Page,N/A,N/A,kupang.tribunnews.com/2017/09/13/6-cara-membuat-wanita-terangsang-sentuh-pada-titik-titik-sensitif-ini-dan-bikin-doi-melayang?page=all,Advertiser preference,Adult: Sexual content,Restricted ad serving,ca-pub-7784034061253020,30,2025-06-24,2025-06-24
kupang.tribunnews.com,Page,N/A,N/A,kupang.tribunnews.com/2017/06/23/video-ya-ampun-tak-pakai-celana-dalam-artis-korea-ini-tak-sadar-organ-intimnya-kelihatan?page=all,Policy issue,Ads Disguised as Content,Restricted ad serving,ca-pub-7784034061253020,30,2025-06-23,2025-06-24
jogja.tribunnews.com,Page,N/A,N/A,jogja.tribunnews.com/2017/07/10/kedengarannya-menjijikkan-tapi-sungguh-rumah-bordil-ini-tawarkan-boneka-seks-untuk-puaskan-nafsu,Advertiser preference,Adult: Sexual content,Restricted ad serving,ca-pub-7784034061253020,30,2025-06-23,2025-06-23
jateng.tribunnews.com,Page,N/A,N/A,jateng.tribunnews.com/2016/04/14/video-seronok-tarian-erotis-dan-seronok-anak-sd-ini-dikecam-netizen,Advertiser preference;Policy issue,Adult: Sexual content;Site Behavior: Navigation,Restricted ad serving,ca-pub-7784034061253020,30,2025-06-21,2025-06-24
jambi.tribunnews.com,Page,N/A,N/A,jambi.tribunnews.com/2017/11/29/9-posisi-oral-seks-yang-membuat-pasangan-merem-melek-nomor-3-enak-dilakukan-di-sofa,Advertiser preference,Adult: Sexual content,Restricted ad serving,ca-pub-7784034061253020,30,2025-06-19,2025-06-25
jambi.tribunnews.com,Page,N/A,N/A,jambi.tribunnews.com/2015/02/03/mudahnya-menemukan-gadis-panggilan-dari-yang-abg-sampai-senior,Advertiser preference,Adult: Sexual content,Restricted ad serving,ca-pub-7784034061253020,30,2025-06-19,2025-06-25
jakarta.tribunnews.com,Page,N/A,N/A,jakarta.tribunnews.com/2018/02/03/kebutuhan-birahi-negara-ini-ciptakan-robot-seks-cantik-dan-pintar,Advertiser preference,Adult: Sexual content,Restricted ad serving,ca-pub-7784034061253020,30,2025-06-20,2025-06-23
batam.tribunnews.com,Page,N/A,N/A,batam.tribunnews.com/2018/01/27/berwajah-tampan-pria-ini-sudah-tiduri-3000-an-wanita-ini-profesinya?page=2,Advertiser preference;Policy issue,Encouraging accidental clicks: Layout;Google-served ads obscuring content,Restricted ad serving,ca-pub-7784034061253020,30,2025-06-25,2025-06-25
banjarmasin.tribunnews.com,Page,N/A,N/A,banjarmasin.tribunnews.com/2015/05/30/inilah-yang-terjadi-pada-pria-saat-terangsang,Advertiser preference,Adult: Sexual content,Restricted ad serving,ca-pub-7784034061253020,30,2025-06-19,2025-06-25
bangka.tribunnews.com,Page,N/A,N/A,bangka.tribunnews.com/2020/12/16/hati-hati-modus-baru-wanita-tanpa-busana-video-call-pakai-aplikasi-whatsapp-nelayan-diperas,Policy issue,Encouraging accidental clicks: Layout,Restricted ad serving,ca-pub-7784034061253020,30,2025-06-22,2025-06-25
bangka.tribunnews.com,Page,N/A,N/A,bangka.tribunnews.com/2020/12/02/3-perbedaan-laki-laki-yang-disunat-dan-tidak-disunat-ternyata-bekasnya-paling-sensitif?page=3,Advertiser preference,Adult: Sexual content,Restricted ad serving,ca-pub-7784034061253020,30,2025-06-21,2025-06-24
bangka.tribunnews.com,Page,N/A,N/A,bangka.tribunnews.com/2020/01/02/satu-bungkus-rokok-ada-yang-harga-rp-50-ribu-ini-daftar-lengkap-harga-semua-merek-rokok,Advertiser preference,Tobacco,Restricted ad serving,ca-pub-7784034061253020,30,2025-06-24,2025-06-25
www.tribunnewswiki.com,Page,N/A,N/A,www.tribunnewswiki.com/2020/11/09/bikin-film-tak-senonoh-di-taman-nasional-4-bintang-film-dewasa-terancam-tuntutan-hukum,Policy issue,Encouraging accidental clicks: Layout,Restricted ad serving,ca-pub-7784034061253020,29,2025-06-20,2025-06-25
www.tribunnews.com,Page,N/A,N/A,www.tribunnews.com/regional/2014/03/25/sisi-lain-aceh-dunia-malam-night-party-seks-dan-alkohol,Advertiser preference,Adult: Sexual content,Restricted ad serving,ca-pub-7784034061253020,29,2025-06-20,2025-06-25
suryamalang.tribunnews.com,Page,N/A,N/A,suryamalang.tribunnews.com/2018/10/10/soft-dan-hard-swinger-jenis-layanan-seksual-terbongkar-di-surabaya,Advertiser preference;Policy issue,Google-served ads obscuring content;Modified Javascript: Ads by Google size,Restricted ad serving,ca-pub-7784034061253020,29,2025-06-19,2025-06-24
medan.tribunnews.com,Page,N/A,N/A,medan.tribunnews.com/2017/11/28/heran-ada-rambut-di-area-bokong-gak-diduga-manfaatnya-begitu-terasa-simak-ulasannya,Advertiser preference,Adult: Sexual content,Restricted ad serving,ca-pub-7784034061253020,29,2025-06-24,2025-06-25
medan.tribunnews.com,Page,N/A,N/A,medan.tribunnews.com/2017/05/21/kisah-intim-nia-nikmat-membawa-sengsara-imbas-ladeni-penis-jumbo-suami,Advertiser preference,Adult: Sexual content,Restricted ad serving,ca-pub-7784034061253020,29,2025-06-19,2025-06-24
makassar.tribunnews.com,Page,N/A,N/A,makassar.tribunnews.com/2021/02/26/apa-itu-sexual-assault-berikut-penjelasan-jenis-jenis-dan-efek-serta-pencegahan,Advertiser preference,Google-served ads obscuring content,Restricted ad serving,ca-pub-7784034061253020,29,2025-06-19,2025-06-24
makassar.tribunnews.com,Page,N/A,N/A,makassar.tribunnews.com/2020/07/12/ceplos-nikita-mirzani-cerita-pengalaman-tak-puas-di-ranjang-sebut-vicky-nitinegoro-paling-cepat,Policy issue,Ads Disguised as Content,Restricted ad serving,ca-pub-7784034061253020,29,2025-06-19,2025-06-25
makassar.tribunnews.com,Page,N/A,N/A,makassar.tribunnews.com/2017/07/13/terangsang-lihat-tkw-disetubuhi-temannya-di-semak-semak-kuli-bangunan-langsung-kalap,Advertiser preference,Adult: Sexual content,Restricted ad serving,ca-pub-7784034061253020,29,2025-06-19,2025-06-24
kupang.tribunnews.com,Page,N/A,N/A,kupang.tribunnews.com/2020/10/19/5-artis-dicap-kelewat-mesra-sama-pacar-sampai-berani-foto-di-ranjang-lihat-billy-amanda-manopo,Policy issue,Ads Disguised as Content,Restricted ad serving,ca-pub-7784034061253020,29,2025-06-21,2025-06-25
jambi.tribunnews.com,Page,N/A,N/A,jambi.tribunnews.com/2017/08/29/beginilah-gambar-4d-orang-saat-berhubungan-seks-ilmuwan-menemukan-rekaman-video-yang-menarik?page=2,Advertiser preference,Adult: Sexual content,Restricted ad serving,ca-pub-7784034061253020,29,2025-06-19,2025-06-23
belitung.tribunnews.com,Page,N/A,N/A,belitung.tribunnews.com/2017/02/27/terangsang-gara-gara-nonton-film-porno-remaja-ini-bobok-di-samping-kakak-temannya,Advertiser preference,Adult: Sexual content,Restricted ad serving,ca-pub-7784034061253020,29,2025-06-19,2025-06-23
bangka.tribunnews.com,Page,N/A,N/A,bangka.tribunnews.com/2022/06/12/kisah-pilu-bujang-tua-nikahi-janda-muda-malam-pertama-yang-biasanya-indah-malah-berakhir-merana?page=3,Advertiser preference,Shocking content,Restricted ad serving,ca-pub-7784034061253020,29,2025-06-23,2025-06-23
bangka.tribunnews.com,Page,N/A,N/A,bangka.tribunnews.com/2022/01/12/begini-pose-tante-ernie-pakai-celana-hot-pants-sampai-bikin-tora-sudiro-komentar-lagi,Policy issue,Encouraging accidental clicks: Layout,Restricted ad serving,ca-pub-7784034061253020,29,2025-06-19,2025-06-25
bangka.tribunnews.com,Page,N/A,N/A,bangka.tribunnews.com/2019/03/15/mulai-tertutup-hingga-bersikap-bodo-amat-ini-7-tanda-tanda-cewek-sudah-bosan-dengan-pasangannya,Policy issue,Ads Disguised as Content,Restricted ad serving,ca-pub-7784034061253020,29,2025-06-21,2025-06-24
bangka.tribunnews.com,Page,N/A,N/A,bangka.tribunnews.com/2017/05/08/perempuan-yang-jago-diranjang-dan-memuaskan-suami-seperti-ini-ciri-cirinya,Advertiser preference,Adult: Sexual content,Restricted ad serving,ca-pub-7784034061253020,29,2025-06-19,2025-06-24
bangka.tribunnews.com,Page,N/A,N/A,bangka.tribunnews.com/2017/03/15/inilah-5-paket-khusus-yang-ditawarkan-spa-plus-plus-melalui-medsos,Advertiser preference,Adult: Sexual content,Restricted ad serving,ca-pub-7784034061253020,29,2025-06-20,2025-06-25
aceh.tribunnews.com,Page,N/A,N/A,aceh.tribunnews.com/amp/2019/10/05/miris-tante-tante-ajak-bocah-sd-beradegan-panas-videonya-tersebar-pekerjaan-si-wanita-terungkap,Advertiser preference,Adult: Sexual content,Restricted ad serving,ca-pub-7784034061253020,29,2025-06-20,2025-06-25
www.tribunnews.com,Page,N/A,N/A,www.tribunnews.com/metropolitan/2016/08/04/warga-beri-info-tarif-plus-plus-panti-pijat-ini-resepsionis-tantang-wartawan,Advertiser preference,Adult: Sexual content,Restricted ad serving,ca-pub-7784034061253020,28,2025-06-19,2025-06-23
www.tribunnews.com,Page,N/A,N/A,www.tribunnews.com/internasional/2019/05/23/aktor-senior-film-dewasa-jepang-hubungan-pria-dan-wanita-terpenting-adalah-komunikasi,Advertiser preference,Adult: Sexual content,Restricted ad serving,ca-pub-7784034061253020,28,2025-06-19,2025-06-25
wartakota.tribunnews.com,Page,N/A,N/A,wartakota.tribunnews.com/2019/08/14/mantan-bintang-film-panas-ungkap-penghasilannya-sekali-main-berhenti-gara-gara-isis,Advertiser preference,Adult: Sexual content,Restricted ad serving,ca-pub-7784034061253020,28,2025-06-24,2025-06-24
pekanbaru.tribunnews.com,Page,N/A,N/A,pekanbaru.tribunnews.com/2015/01/15/ini-dia-adegan-seks-paling-aneh-di-film-hollywood?page=all,Advertiser preference,Adult: Sexual content,Restricted ad serving,ca-pub-7784034061253020,28,2025-06-22,2025-06-24
palembang.tribunnews.com,Page,N/A,N/A,palembang.tribunnews.com/2021/07/08/serupa-tapi-tak-sama-ternyata-arti-amal-dan-ibadah-itu-punya-perbedaan-makna-begini-penjelasannya,Advertiser preference;Policy issue,Encouraging accidental clicks: Layout;Google-served ads obscuring content,Restricted ad serving,ca-pub-7784034061253020,28,2025-06-20,2025-06-24
medan.tribunnews.com,Page,N/A,N/A,medan.tribunnews.com/2020/09/19/deretan-foto-foto-seksi-berliana-lovell-yang-bikin-lelaki-salah-fokus-hingga-cenat-cenut,Policy issue,Ads Disguised as Content,Restricted ad serving,ca-pub-7784034061253020,28,2025-06-19,2025-06-24
makassar.tribunnews.com,Page,N/A,N/A,makassar.tribunnews.com/2018/04/08/benarkah-keperawanan-bisa-diketahui-dari-cara-berjalan-ini-penjelasan-dokter-spesialis?page=2,Advertiser preference,Adult: Sexual content,Restricted ad serving,ca-pub-7784034061253020,28,2025-06-24,2025-06-25
lampung.tribunnews.com,Page,N/A,N/A,lampung.tribunnews.com/2017/06/29/diperkosa-saat-tidur-korban-saya-mengira-sedang-mimpi-basah,Advertiser preference,Adult: Sexual content,Restricted ad serving,ca-pub-7784034061253020,28,2025-06-22,2025-06-24
jogja.tribunnews.com,Page,N/A,N/A,jogja.tribunnews.com/2017/09/15/7-bintang-film-panas-jepang-ini-insaf-dan-memutuskan-pensiun-begini-kehidupan-mereka-sekarang,Advertiser preference,Adult: Sexual content,Restricted ad serving,ca-pub-7784034061253020,28,2025-06-19,2025-06-23
jambi.tribunnews.com,Page,N/A,N/A,jambi.tribunnews.com/2019/08/22/dereta-artis-ini-betobat-sebagai-bintang-film-panas-nasibnya-sekarang-mengejutkan-ada-nama-miyabi?page=2,Advertiser preference,Adult: Sexual content,Restricted ad serving,ca-pub-7784034061253020,28,2025-06-21,2025-06-24
jabar.tribunnews.com,Page,N/A,N/A,jabar.tribunnews.com/2015/07/12/waktu-yang-tepat-untuk-mendapatkan-keturunan-menurut,Advertiser preference,Adult: Sexual content,Restricted ad serving,ca-pub-7784034061253020,28,2025-06-19,2025-06-25
bogor.tribunnews.com,Page,N/A,N/A,bogor.tribunnews.com/2016/07/19/ini-5-ciri-wanita-yang-sedang-puber-kedua-senang-berdandan-hingga-hobi-selfie?page=2,Advertiser preference,Adult: Sexual content,Restricted ad serving,ca-pub-7784034061253020,28,2025-06-22,2025-06-23
belitung.tribunnews.com,Page,N/A,N/A,belitung.tribunnews.com/2018/01/18/siswa-smp-rekam-aksinya-begituan-dengan-siswi-smk-video-mesum-berdurasi-3-menit-bocor?page=all,Advertiser preference,Google-served ads obscuring content,Restricted ad serving,ca-pub-7784034061253020,28,2025-06-24,2025-06-24
belitung.tribunnews.com,Page,N/A,N/A,belitung.tribunnews.com/2017/02/05/fakta-fakta-soal-seks-bebas-di-kalangan-remaja-remaja-ogah-pakai-kondom,Advertiser preference,Adult: Sexual content,Restricted ad serving,ca-pub-7784034061253020,28,2025-06-19,2025-06-25
belitung.tribunnews.com,Page,N/A,N/A,belitung.tribunnews.com/2016/02/21/jangan-lakukan-variasi-bercinta-seperti-ini-meski-banyak-di-film-porno,Advertiser preference,Adult: Sexual content,Restricted ad serving,ca-pub-7784034061253020,28,2025-06-19,2025-06-24
banjarmasin.tribunnews.com,Page,N/A,N/A,banjarmasin.tribunnews.com/2022/12/07/video-heboh-banget-viral-aksi-oknum-polisi-polda-jateng-masturbasi-pakai-seragam-polisi,Policy issue,Encouraging accidental clicks: Layout,Restricted ad serving,ca-pub-7784034061253020,28,2025-06-19,2025-06-24
bangka.tribunnews.com,Page,N/A,N/A,bangka.tribunnews.com/2018/04/05/ternyata-inilah-3-alasan-kenapa-film-dewasa-disebut-blue-film,Advertiser preference,Adult: Sexual content,Restricted ad serving,ca-pub-7784034061253020,28,2025-06-19,2025-06-25
bangka.tribunnews.com,Page,N/A,N/A,bangka.tribunnews.com/2018/01/09/main-film-porno-bareng-bocah-laki-laki-astaga-segini-bayaran-tante-intan-dan-imel?page=all,Advertiser preference,Adult: Sexual content,Restricted ad serving,ca-pub-7784034061253020,28,2025-06-23,2025-06-23
bangka.tribunnews.com,Page,N/A,N/A,bangka.tribunnews.com/2016/08/18/beginilah-ciri-ciri-orang-yang-kecanduan-onani,Advertiser preference,Adult: Sexual content,Restricted ad serving,ca-pub-7784034061253020,28,2025-06-21,2025-06-24
www.tribunnews.com,Page,N/A,N/A,www.tribunnews.com/seleb/2010/08/10/hongkong-buat-film-porno-3d-pertama,Advertiser preference,Adult: Sexual content,Restricted ad serving,ca-pub-7784034061253020,27,2025-06-19,2025-06-24
suryamalang.tribunnews.com,Page,N/A,N/A,suryamalang.tribunnews.com/2015/10/09/terekam-kamera-senjata-pria-ini-menusuk-pantat-wanita-di-kendaraan-umum,Advertiser preference,Adult: Sexual content,Restricted ad serving,ca-pub-7784034061253020,27,2025-06-24,2025-06-24
palembang.tribunnews.com,Page,N/A,N/A,palembang.tribunnews.com/2018/01/17/bukan-cuma-olivia-artis-porno-jepang-ini-meninggal-lebih-tragis-dipaksa-adegan-intim-ini-ngeri?page=4,Advertiser preference,Adult: Sexual content,Restricted ad serving,ca-pub-7784034061253020,27,2025-06-20,2025-06-24
makassar.tribunnews.com,Page,N/A,N/A,makassar.tribunnews.com/2017/04/17/heboh-pengakuan-peziarah-gunung-kemukus-usai-lakukan-ritual-seks-ternyata,Policy issue,Ads Disguised as Content,Restricted ad serving,ca-pub-7784034061253020,27,2025-06-23,2025-06-23
lampung.tribunnews.com,Page,N/A,N/A,lampung.tribunnews.com/2019/06/24/sosok-viral-prof-tokuda-jadi-kakek-sugiono-di-indonesia-ternyata-bintang-film-jepang,Advertiser preference,Shocking content,Restricted ad serving,ca-pub-7784034061253020,27,2025-06-20,2025-06-25
lampung.tribunnews.com,Page,N/A,N/A,lampung.tribunnews.com/2018/03/14/radisson-hotel-terkoneksi-langsung-dengan-mbk,Advertiser preference,Shocking content,Restricted ad serving,ca-pub-7784034061253020,27,2025-06-19,2025-06-23
kupang.tribunnews.com,Page,N/A,N/A,kupang.tribunnews.com/2022/10/10/link-tiktok-dewasa-aplikasi-tiktok-18-plus-dengan-video-vulgar-bukan-untuk-anak-anak?page=all,Advertiser preference,Content obscuring Google-served ads,Restricted ad serving,ca-pub-7784034061253020,27,2025-06-24,2025-06-25
kupang.tribunnews.com,Page,N/A,N/A,kupang.tribunnews.com/2017/11/24/6-ciri-jika-cowok-kamu-berbohong-saat-bicara-bisa-dilihat-dari-posisi-kaki-lho,Advertiser preference,Shocking content,Restricted ad serving,ca-pub-7784034061253020,27,2025-06-24,2025-06-25
kupang.tribunnews.com,Page,N/A,N/A,kupang.tribunnews.com/2017/09/17/gawat-china-luncurkan-jasa-boneka-seks-berbagi-ini-bahaya-yang-dikhawatirkan,Advertiser preference,Adult: Sexual content,Restricted ad serving,ca-pub-7784034061253020,27,2025-06-21,2025-06-25
jambi.tribunnews.com,Page,N/A,N/A,jambi.tribunnews.com/2019/07/19/larang-siswanya-pakai-celana-dalam-dan-wajib-pakai-rok-mini-sma-di-jepang-wanitanya-terkenal-vulgar,Advertiser preference,Adult: Sexual content,Restricted ad serving,ca-pub-7784034061253020,27,2025-06-19,2025-06-25
jambi.tribunnews.com,Page,N/A,N/A,jambi.tribunnews.com/2018/06/05/7-tata-cara-hubungan-suami-istri-dalam-islam-nomor-7-jarang-dilakukan,Advertiser preference,Adult: Sexual content,Restricted ad serving,ca-pub-7784034061253020,27,2025-06-24,2025-06-24
jabar.tribunnews.com,Page,N/A,N/A,jabar.tribunnews.com/2022/10/30/update-art-cianjur-disiksa-majikan-di-jakarta-sempat-ditangani-dokter-kepresidenan-kini-pulang,Policy issue,Google-served ads on screens without publisher-content,Restricted ad serving,ca-pub-7784034061253020,27,2025-06-22,2025-06-23
jabar.tribunnews.com,Page,N/A,N/A,jabar.tribunnews.com/2022/02/23/pengobatan-alat-vital-bandung-klinik-a-deni-pahrudin-yang-handal-dan-profesional,Advertiser preference,Adult: Sexual content,Restricted ad serving,ca-pub-7784034061253020,27,2025-06-22,2025-06-25
jabar.tribunnews.com,Page,N/A,N/A,jabar.tribunnews.com/2019/09/04/jejak-digital-muhtar-amin-mahasiswa-s2-itb-yang-gantung-diri-dia-anak-teknik-yang-pintar,Advertiser preference,Shocking content,Restricted ad serving,ca-pub-7784034061253020,27,2025-06-24,2025-06-25
batam.tribunnews.com,Page,N/A,N/A,batam.tribunnews.com/2017/01/20/heboh-video-nikita-mirzani-yang-biarkan-payudaranya-dipegang-2-pria-demi-bayaran-rp-800-juta,Advertiser preference,Adult: Sexual content,Restricted ad serving,ca-pub-7784034061253020,27,2025-06-19,2025-06-24
bangka.tribunnews.com,Page,N/A,N/A,bangka.tribunnews.com/2017/09/07/5-fakta-adegan-film-porno-awalnya-bikin-kagum,Advertiser preference,Adult: Sexual content,Restricted ad serving,ca-pub-7784034061253020,27,2025-06-19,2025-06-24
bali.tribunnews.com,Page,N/A,N/A,bali.tribunnews.com/2017/01/21/dibalik-mimik-wajah-pemain-film-dewasa-ketika-beradegan-panas-tantangan-ini-jadi-masalah,Advertiser preference,Adult: Sexual content,Restricted ad serving,ca-pub-7784034061253020,27,2025-06-22,2025-06-25
www.tribunnews.com,Page,N/A,N/A,www.tribunnews.com/regional/2019/10/03/pria-ini-ajak-bersetubuh-adik-ipar-beraksi-saat-istri-sudah-tidur-hingga-ditemukan-alat-kontrasepsi,Advertiser preference,Adult: Sexual content,Restricted ad serving,ca-pub-7784034061253020,26,2025-06-22,2025-06-25
www.tribunnews.com,Page,N/A,N/A,www.tribunnews.com/lifestyle/2017/12/19/11-negara-dengan-pria-tampan-dan-wanita-cantik-di-dunia-indonesia-masuk-nggak-ya,Policy issue,Site Behavior: Navigation,Restricted ad serving,ca-pub-7784034061253020,26,2025-06-22,2025-06-25
www.tribunnews.com,Page,N/A,N/A,www.tribunnews.com/internasional/2017/12/05/cerita-seorang-janda-kaya-dan-cantik-yang-bangga-sudah-tiduri-100-pria-beristri,Advertiser preference,Adult: Sexual content,Restricted ad serving,ca-pub-7784034061253020,26,2025-06-23,2025-06-23
www.tribunnews.com,Page,N/A,N/A,www.tribunnews.com/bisnis/2020/12/04/tokopedia-angkat-bicara-terkait-peredaran-produk-sex-toys-di-e-commerce,Advertiser preference,Adult: Sexual content,Restricted ad serving,ca-pub-7784034061253020,26,2025-06-19,2025-06-24
suryamalang.tribunnews.com,Page,N/A,N/A,suryamalang.tribunnews.com/2020/09/02/daftar-6-film-miyabi-sinopsis-populer-di-taiwan-indonesia-menculik-miyabi-hantu-tanah-kusir,Policy issue,Ads Disguised as Content,Restricted ad serving,ca-pub-7784034061253020,26,2025-06-20,2025-06-25
style.tribunnews.com,Page,N/A,N/A,style.tribunnews.com/2016/08/25/merek-rokok-makna-lucu-unik-hingga-serius-di-balik-8-brand-batang-tembakau-ini-benarkah?page=4,Advertiser preference,Tobacco,Restricted ad serving,ca-pub-7784034061253020,26,2025-06-22,2025-06-25
pontianak.tribunnews.com,Page,N/A,N/A,pontianak.tribunnews.com/2019/11/11/fakta-rokok-elektrik-atau-vape-yang-banyak-digunakan-di-indonesia-bahaya-risiko-dan-kandungan?page=4,Advertiser preference,Tobacco,Restricted ad serving,ca-pub-7784034061253020,26,2025-06-23,2025-06-23
medan.tribunnews.com,Page,N/A,N/A,medan.tribunnews.com/2018/08/14/inilah-11-fakta-hingga-foto-foto-mencuatnya-kembali-kasus-video-porno-ariel-luna-maya-dan-cut-tari,Advertiser preference,Adult: Sexual content,Restricted ad serving,ca-pub-7784034061253020,26,2025-06-23,2025-06-23
medan.tribunnews.com,Page,N/A,N/A,medan.tribunnews.com/2018/02/03/aktris-cantik-ini-pamer-foto-vulgar-dan-buka-bukaan-di-media-sosial-lihat-fotonya-step-by-step,Advertiser preference,Shocking content,Restricted ad serving,ca-pub-7784034061253020,26,2025-06-24,2025-06-25
makassar.tribunnews.com,Page,N/A,N/A,makassar.tribunnews.com/2022/01/14/istri-berkhianat-gegara-tak-puas-main-dengan-suami-layani-4-pria-demi-kepuasan-tapi-berakhir-pilu,Policy issue,Ads Disguised as Content,Restricted ad serving,ca-pub-7784034061253020,26,2025-06-21,2025-06-25
makassar.tribunnews.com,Page,N/A,N/A,makassar.tribunnews.com/2015/06/12/cewek-cantik-ini-ikuti-lomba-pamer-pusar-di-media-sosial-ini-foto-fotonya,Advertiser preference,Adult: Sexual content,Restricted ad serving,ca-pub-7784034061253020,26,2025-06-22,2025-06-23
m.tribunnews.com,Page,N/A,N/A,m.tribunnews.com/seleb/2017/10/24/hot-inilah-deretan-foto-foto-jadul-trio-azhari-yang-jarang-terpublikasikan-seksi-abis?page=all,Policy issue,Site Behavior: Navigation,Restricted ad serving,ca-pub-7784034061253020,26,2025-06-20,2025-06-24
kupang.tribunnews.com,Page,N/A,N/A,kupang.tribunnews.com/2018/02/07/ternyata-di-usia-ini-penis-mulai-tumbuh-dan-berhenti?page=all,Advertiser preference,Adult: Sexual content,Restricted ad serving,ca-pub-7784034061253020,26,2025-06-20,2025-06-23
jambi.tribunnews.com,Page,N/A,N/A,jambi.tribunnews.com/2019/01/16/cara-pria-usia-senja-ini-memanaskan-ranjang-meski-istri-jauh-lebih-muda-semalam-bisa-2-3-kali,Advertiser preference,Adult: Sexual content,Restricted ad serving,ca-pub-7784034061253020,26,2025-06-25,2025-06-25
jambi.tribunnews.com,Page,N/A,N/A,jambi.tribunnews.com/2018/01/18/inilah-4-adegan-panas-yang-paling-parah-sepanjang-sejarah,Advertiser preference,Adult: Sexual content,Restricted ad serving,ca-pub-7784034061253020,26,2025-06-20,2025-06-25
belitung.tribunnews.com,Page,N/A,N/A,belitung.tribunnews.com/2018/01/08/mengaku-tak-perawan-sejak-sma-artis-ini-pilih-alat-seks-jika-lagi-pengen,Advertiser preference,Adult: Sexual content,Restricted ad serving,ca-pub-7784034061253020,26,2025-06-19,2025-06-25
bangka.tribunnews.com,Page,N/A,N/A,bangka.tribunnews.com/2018/01/11/wanita-pengakses-film-biru-meningkat-ini-yang-mereka-cari,Advertiser preference,Adult: Sexual content,Restricted ad serving,ca-pub-7784034061253020,26,2025-06-21,2025-06-25
bangka.tribunnews.com,Page,N/A,N/A,bangka.tribunnews.com/2016/07/14/inilah-artis-film-blue-yang-terlibat-cinlok-hingga-akhirnya-menikah,Policy issue,Ads Disguised as Content,Restricted ad serving,ca-pub-7784034061253020,26,2025-06-19,2025-06-23
aceh.tribunnews.com,Page,N/A,N/A,aceh.tribunnews.com/2022/07/19/beredar-video-mesum-asn-perempuan-berdurasi-57-detik-pelaku-video-call-sambil-buka-baju-di-kantor,Policy issue,Ads Disguised as Content,Restricted ad serving,ca-pub-7784034061253020,26,2025-06-21,2025-06-23
www.tribunnews.com,Page,N/A,N/A,www.tribunnews.com/internasional/2017/07/19/fantastis-gaji-yang-didapat-para-pemain-film-dewasa-sebanyak-ini,Advertiser preference,Shocking content,Restricted ad serving,ca-pub-7784034061253020,25,2025-06-19,2025-06-25
www.tribunnews.com,Page,N/A,N/A,www.tribunnews.com/internasional/2015/07/11/ini-dia-10-negara-dengan-budaya-seks-paling-bebas,Advertiser preference,Adult: Sexual content,Restricted ad serving,ca-pub-7784034061253020,25,2025-06-25,2025-06-25
www.tribunjualbeli.com,Page,N/A,N/A,www.tribunjualbeli.com/kepulauan-riau/2369998/penis-tempel-jumbo-silicone-asli-alat-bantu-sex-dengan-baterai-pekanbaru,Advertiser preference,Adult: Sexual content,Restricted ad serving,ca-pub-7784034061253020,25,2025-06-19,2025-06-25
surabaya.tribunnews.com,Page,N/A,N/A,surabaya.tribunnews.com/2020/03/20/viral-foto-foto-panas-model-cantik-surabaya-di-whatsapp-polisi-tangkap-fotografer-kronologinya,Policy issue,Ads Disguised as Content,Restricted ad serving,ca-pub-7784034061253020,25,2025-06-23,2025-06-23
sumsel.tribunnews.com,Page,N/A,N/A,sumsel.tribunnews.com/2017/10/25/miris-kelakuan-anak-sd-jaman-now-saat-jam-istirahat-lakukan-ini-sampai-bagian-bokongnya?page=2,Advertiser preference,Content obscuring Google-served ads;Google-served ads obscuring content,Restricted ad serving,ca-pub-7784034061253020,25,2025-06-23,2025-06-25
palembang.tribunnews.com,Page,N/A,N/A,palembang.tribunnews.com/2018/01/11/makin-vulgar-denada-dipeluk-sambil-mainin-susu-ini-bikin-tegang-netizen-kasihan-anaknya?page=2,Advertiser preference,Adult: Sexual content,Restricted ad serving,ca-pub-7784034061253020,25,2025-06-21,2025-06-25
medan.tribunnews.com,Page,N/A,N/A,medan.tribunnews.com/2022/11/12/suami-mutilasi-istri-di-doloksanggul-beritahu-keponakan-sudah-kumatikan-inangudamu,Policy issue,Ads Disguised as Content,Restricted ad serving,ca-pub-7784034061253020,25,2025-06-25,2025-06-25
makassar.tribunnews.com,Page,N/A,N/A,makassar.tribunnews.com/2020/07/10/37-pasangan-anak-smp-pesta-seks-di-hotel-petugas-temukan-barang-bukti-kondom-obat-kuat-miras,Policy issue,Ads Disguised as Content,Restricted ad serving,ca-pub-7784034061253020,25,2025-06-23,2025-06-23
makassar.tribunnews.com,Page,N/A,N/A,makassar.tribunnews.com/2017/04/27/tanpa-baju-dan-celana-baby-margaretha-tampil-panas-pada-sampul-majalah-dewasa,Policy issue,Site Behavior: Navigation,Restricted ad serving,ca-pub-7784034061253020,25,2025-06-23,2025-06-23
m.tribunnews.com,Page,N/A,N/A,m.tribunnews.com/tag/bioskop-trans-tv-malam-ini,Policy issue,Unnatural attention to ads,Restricted ad serving,ca-pub-7784034061253020,25,2025-06-21,2025-06-25
kupang.tribunnews.com,Page,N/A,N/A,kupang.tribunnews.com/2019/08/30/video-cewek-seksi-tawarkan-pijat-plus-plus-di-kos-driver-ojek-online-tergiur-hingga-gadaikan-motor,Advertiser preference,Adult: Sexual content,Restricted ad serving,ca-pub-7784034061253020,25,2025-06-19,2025-06-23
kupang.tribunnews.com,Page,N/A,N/A,kupang.tribunnews.com/2019/07/18/terlihat-sangat-perkasaternyata-ini-cara-aktor-film-porno-menjaga-ereksinya-bertahan-sepanjang-film?page=2,Advertiser preference,Adult: Sexual content,Restricted ad serving,ca-pub-7784034061253020,25,2025-06-19,2025-06-24
kupang.tribunnews.com,Page,N/A,N/A,kupang.tribunnews.com/2015/09/03/sebagian-besar-pemain-film-porno-tak-menikmati-seks,Advertiser preference,Adult: Sexual content,Restricted ad serving,ca-pub-7784034061253020,25,2025-06-21,2025-06-25
kupang.tribunnews.com,Page,N/A,N/A,kupang.tribunnews.com/2014/02/03/ciuam-area-paha-bangkitkan-gairah-perempuan,Advertiser preference,Adult: Sexual content,Restricted ad serving,ca-pub-7784034061253020,25,2025-06-19,2025-06-25
kaltim.tribunnews.com,Page,N/A,N/A,kaltim.tribunnews.com/2021/10/06/news-video-harganya-bisa-capai-miliaran-rupiah-apa-itu-ambergris,Advertiser preference,Shocking content,Restricted ad serving,ca-pub-7784034061253020,25,2025-06-25,2025-06-25
kaltim.tribunnews.com,Page,N/A,N/A,kaltim.tribunnews.com/2018/02/18/benarkan-posisi-misionaris-tingkatkan-peluang-hamil-mitos-atau-benar-ini-penjelasannya,Advertiser preference,Adult: Sexual content,Restricted ad serving,ca-pub-7784034061253020,25,2025-06-23,2025-06-23
jatim.tribunnews.com,Page,N/A,N/A,jatim.tribunnews.com/2017/06/22/bertemu-pria-bugil-dalam-lift-guru-wanita-diperkosa-habis-habisan-endingnya-sungguh-tak-disangka?page=2,Advertiser preference,Adult: Sexual content,Restricted ad serving,ca-pub-7784034061253020,25,2025-06-23,2025-06-23
jambi.tribunnews.com,Page,N/A,N/A,jambi.tribunnews.com/2020/11/09/link-full-video-panas-gisella-anastasia-malah-jadi-bahan-tertawaan-di-twitter,Policy issue,Ads Disguised as Content,Restricted ad serving,ca-pub-7784034061253020,25,2025-06-19,2025-06-25
bekasi.tribunnews.com,Page,N/A,N/A,bekasi.tribunnews.com/2022/07/26/film-semi-korea-terbaik-2022-terbaru-dan-bikin-deg-degan-laris-ditonton-pasangan-yang-baru-menikah,Policy issue,Ads Disguised as Content,Restricted ad serving,ca-pub-7784034061253020,25,2025-06-20,2025-06-24
bali.tribunnews.com,Page,N/A,N/A,bali.tribunnews.com/2016/08/21/video-gadis-cantik-ini-jadi-viral-usai-lupa-matikan-kamera-saat-esek-esek?page=2,Advertiser preference,Adult: Sexual content,Restricted ad serving,ca-pub-7784034061253020,25,2025-06-24,2025-06-24
www.tribunnews.com,Page,N/A,N/A,www.tribunnews.com/regional/2015/06/02/biar-bisa-teler-jamur-tai-sapi-jadi-pilihan-remaja-bolsel,Advertiser preference,Adult: Sexual content,Restricted ad serving,ca-pub-7784034061253020,24,2025-06-19,2025-06-25
www.tribunnews.com,Page,N/A,N/A,www.tribunnews.com/lifestyle/2017/04/19/10-bentuk-bibir-dan-karakteristik-pemiliknya-kamu-yang-mana?page=3,Advertiser preference,Adult: Sexual content,Restricted ad serving,ca-pub-7784034061253020,24,2025-06-23,2025-06-23
www.tribunnews.com,Page,N/A,N/A,www.tribunnews.com/internasional/2015/01/11/psikolog-cantik-ini-bugil-di-depan-pasien-saat-terapi-kejiwaan,Advertiser preference,Adult: Sexual content,Restricted ad serving,ca-pub-7784034061253020,24,2025-06-22,2025-06-23
www.tribunjualbeli.com,Page,N/A,N/A,www.tribunjualbeli.com/jawa-timur/2379752/kondom-sambung-maxman-besar-dan-panjang-malang,Advertiser preference,Adult: Sexual content,Restricted ad serving,ca-pub-7784034061253020,24,2025-06-19,2025-06-24
suryamalang.tribunnews.com,Page,N/A,N/A,suryamalang.tribunnews.com/2017/04/18/alamak-diduga-ketahuan-selingkuh-wanita-telanjang-ini-dikelilingi-warga-sambil-minta-maaf?page=all,Advertiser preference,Adult: Sexual content,Restricted ad serving,ca-pub-7784034061253020,24,2025-06-23,2025-06-25
pekanbaru.tribunnews.com,Page,N/A,N/A,pekanbaru.tribunnews.com/2022/02/05/apa-itu-colay-dalam-bahasa-gaul-colay-adalah-kebiasaan-buruk-ini-arti-colay-di-kamus-gaul,Policy issue,Ads Disguised as Content,Restricted ad serving,ca-pub-7784034061253020,24,2025-06-22,2025-06-24
pekanbaru.tribunnews.com,Page,N/A,N/A,pekanbaru.tribunnews.com/2021/05/22/apa-itu-capslock-caps-lock-arti-caps-lock-dalam-bahasa-gaul-kata-yang-sering-terdengar,Advertiser preference;Policy issue,Encouraging accidental clicks: Layout;Google-served ads obscuring content,Restricted ad serving,ca-pub-7784034061253020,24,2025-06-21,2025-06-24
medan.tribunnews.com,Page,N/A,N/A,medan.tribunnews.com/2025/05/10/lagi-tawuran-berdarah-di-belawan-korban-tewas-kena-bacok-warga-tantang-kompolnas-tanpa-pengawalan,Advertiser preference,Shocking content,Restricted ad serving,ca-pub-7784034061253020,24,2025-06-19,2025-06-24
medan.tribunnews.com,Page,N/A,N/A,medan.tribunnews.com/2021/12/13/dikirimi-foto-syur-serta-ditawar-ratusan-juta-artis-cantik-ini-geram-hingga-lontarkan-pesan-menohok,Advertiser preference,Google-served ads obscuring content,Restricted ad serving,ca-pub-7784034061253020,24,2025-06-19,2025-06-25
makassar.tribunnews.com,Page,N/A,N/A,makassar.tribunnews.com/2020/07/09/nonton-film-online-tanpa-iklan-di-29-aplikasi-dan-link-ini-film-dewasa-film-anak-bisa-download,Policy issue,Ads Disguised as Content,Restricted ad serving,ca-pub-7784034061253020,24,2025-06-19,2025-06-24
m.tribunnews.com,Page,N/A,N/A,m.tribunnews.com/regional/2025/06/15/istri-tertawa-puas-rekam-aksi-suami-siksa-bayi-2-tahun-di-riau-balita-itu-akhirnya-tewas?page=3,Advertiser preference,Shocking content,Restricted ad serving,ca-pub-7784034061253020,24,2025-06-21,2025-06-24
m.tribunnews.com,Page,N/A,N/A,m.tribunnews.com/lifestyle/2016/08/15/7-benda-yang-ada-di-rumah-ini-bisa-bangkitkan-gairah-bercinta,Advertiser preference,Adult: Sexual content,Restricted ad serving,ca-pub-7784034061253020,24,2025-06-22,2025-06-23
m.tribunnews.com,Page,N/A,N/A,m.tribunnews.com/kesehatan/2016/03/31/kesalahan-cara-minum-obat-kuat-yang-membuatnya-gagal-bikin-pria-jadi-jantan,Advertiser preference,Adult: Sexual content,Restricted ad serving,ca-pub-7784034061253020,24,2025-06-19,2025-06-23
kupang.tribunnews.com,Page,N/A,N/A,kupang.tribunnews.com/2017/09/22/3-ritual-bunuh-diri-di-jepang-yang-menyakitkan-dan-bikin-merinding-nomor-2-konon-demi-kehormatan?page=2,Advertiser preference,Adult: Sexual content;Shocking content,Restricted ad serving,ca-pub-7784034061253020,24,2025-06-23,2025-06-23
jogja.tribunnews.com,Page,N/A,N/A,jogja.tribunnews.com/2022/07/20/kisah-idol-k-pop-chae-seung-ha-mantan-anggota-girlband-baba-kini-jadi-aktris-film-dewasa,Policy issue,Ads Disguised as Content,Restricted ad serving,ca-pub-7784034061253020,24,2025-06-21,2025-06-25
jambi.tribunnews.com,Page,N/A,N/A,jambi.tribunnews.com/2018/03/01/kohey-nishi-bintang-panas-paling-kecil-di-dunia-cewek-antre-kencan-saat-tahu-kemampuannya,Advertiser preference,Adult: Sexual content,Restricted ad serving,ca-pub-7784034061253020,24,2025-06-19,2025-06-24
jabar.tribunnews.com,Page,N/A,N/A,jabar.tribunnews.com/2017/09/06/terungkap-inilah-warga-indonesia-pertama-yang-jadi-bintang-film-dewasa-di-jepang,Advertiser preference,Adult: Sexual content,Restricted ad serving,ca-pub-7784034061253020,24,2025-06-23,2025-06-25
batam.tribunnews.com,Page,N/A,N/A,batam.tribunnews.com/2016/05/22/wow-ada-boneka-seks-mirip-dengan-artis-ini-harganya-fantastis,Advertiser preference,Adult: Sexual content,Restricted ad serving,ca-pub-7784034061253020,24,2025-06-19,2025-06-25
banjarmasin.tribunnews.com,Page,N/A,N/A,banjarmasin.tribunnews.com/404,Advertiser preference;Policy issue,Adult: Sexual content;Google-served ads on screens without publisher-content,Restricted ad serving,ca-pub-7784034061253020,24,2025-06-25,2025-06-25
banjarmasin.tribunnews.com,Page,N/A,N/A,banjarmasin.tribunnews.com/2021/02/05/aksi-nikita-mirzani-telanjang-dada-bikin-heboh-ada-di-foto-rayakan-1-juta-followers-akun-ig-baru,Policy issue,Ads Disguised as Content,Restricted ad serving,ca-pub-7784034061253020,24,2025-06-23,2025-06-24
bangka.tribunnews.com,Page,N/A,N/A,bangka.tribunnews.com/2021/11/19/cerita-2-psk-kerja-di-warung-ngaku-capek-layani-pria-hingga-tak-sengaja-main-dengan-tetangga,Advertiser preference;Policy issue,Encouraging accidental clicks: Layout;Google-served ads obscuring content,Restricted ad serving,ca-pub-7784034061253020,24,2025-06-20,2025-06-24
bangka.tribunnews.com,Page,N/A,N/A,bangka.tribunnews.com/2018/12/18/menguak-pijat-plus-bertarif-rp-300-ribu-ini-yang-terjadi-di-balik-kamar-2x1-meter-aman-kok-mas?page=2,Advertiser preference,Adult: Sexual content,Restricted ad serving,ca-pub-7784034061253020,24,2025-06-25,2025-06-25
bali.tribunnews.com,Page,N/A,N/A,bali.tribunnews.com/2018/12/20/ini-pengakuan-inneke-koesherawati-layani-hubungan-intim-suaminya-di-bilik-cinta-lapas-sukamiskin?page=2,Advertiser preference,Shocking content,Restricted ad serving,ca-pub-7784034061253020,24,2025-06-25,2025-06-25
aceh.tribunnews.com,Page,N/A,N/A,aceh.tribunnews.com/2018/02/07/ingat-kasus-video-mesum-bocah-sd-vs-tante-pelaku-wanita-dewasa-kini-melahirkan-di-lapas?page=2,Advertiser preference,Adult: Sexual content,Restricted ad serving,ca-pub-7784034061253020,24,2025-06-21,2025-06-23
www.tribunnews.com,Page,N/A,N/A,www.tribunnews.com/seleb/2015/12/11/artis-porno-mahal-jepang-punya-tarif-sekitar-10-juta-yen-sekali-main-film,Advertiser preference,Adult: Sexual content,Restricted ad serving,ca-pub-7784034061253020,23,2025-06-20,2025-06-25
www.tribunnews.com,Page,N/A,N/A,www.tribunnews.com/regional/2014/12/13/bursa-seks-kota-pempek-dari-siswi-sma-hingga-psk-impor-bertarif-rp-10-juta,Advertiser preference,Adult: Sexual content,Restricted ad serving,ca-pub-7784034061253020,23,2025-06-21,2025-06-25
www.tribunnews.com,Page,N/A,N/A,www.tribunnews.com/internasional/2018/01/17/bintang-porno-jepang-umumkan-rencana-menikah-banyak-penggemarnya-di-china-patah-hati,Advertiser preference,Adult: Sexual content,Restricted ad serving,ca-pub-7784034061253020,23,2025-06-19,2025-06-24
www.tribunjualbeli.com,Page,N/A,N/A,www.tribunjualbeli.com/jawa-timur/2316025/boneka-full-body-silikon-berkualitas-malang,Advertiser preference,Adult: Sexual content,Restricted ad serving,ca-pub-7784034061253020,23,2025-06-19,2025-06-25
wartakota.tribunnews.com,Page,N/A,N/A,wartakota.tribunnews.com/2014/04/17/pijat-vagina-supaya-lebih-hot,Advertiser preference,Adult: Sexual content,Restricted ad serving,ca-pub-7784034061253020,23,2025-06-19,2025-06-23
travel.tribunnews.com,Page,N/A,N/A,travel.tribunnews.com/2016/08/19/wacana-harga-rokok-naik-jadi-50-ribu-eksis-sejak-masa-penjajahan-inilah-rahasia-perusahaan-ini,Advertiser preference,Tobacco,Restricted ad serving,ca-pub-7784034061253020,23,2025-06-20,2025-06-25
sumsel.tribunnews.com,Page,N/A,N/A,sumsel.tribunnews.com/2015/12/21/inilah-caranya-mengetahui-seorang-pria-masih-perjaka-atau-tidak,Advertiser preference,Google-served ads obscuring content,Restricted ad serving,ca-pub-7784034061253020,23,2025-06-22,2025-06-23
pontianak.tribunnews.com,Page,N/A,N/A,pontianak.tribunnews.com/2018/01/24/10-foto-dan-video-artis-indonesia-telanjang-beredar-di-internet-ada-yang-dilaporkan-ke-polisi?page=2,Advertiser preference,Adult: Sexual content,Restricted ad serving,ca-pub-7784034061253020,23,2025-06-22,2025-06-24
medan.tribunnews.com,Page,N/A,N/A,medan.tribunnews.com/2019/04/06/heboh-siswi-smp-kecanduan-seks-simak-5-ciri-ciri-wanita-abg-memiliki-kecanduan-hubungan-intim,Advertiser preference,Shocking content,Restricted ad serving,ca-pub-7784034061253020,23,2025-06-19,2025-06-25
medan.tribunnews.com,Page,N/A,N/A,medan.tribunnews.com/2013/02/11/mengapa-pria-suka-ekspresi-orgasme-anda,Advertiser preference,Adult: Sexual content,Restricted ad serving,ca-pub-7784034061253020,23,2025-06-19,2025-06-24
makassar.tribunnews.com,Page,N/A,N/A,makassar.tribunnews.com/2021/11/17/pemeran-video-mesum-es-batu-72-detik-bikin-konten-dengan-tujuan-ini,Policy issue,Ads Disguised as Content,Restricted ad serving,ca-pub-7784034061253020,23,2025-06-22,2025-06-24
makassar.tribunnews.com,Page,N/A,N/A,makassar.tribunnews.com/2019/11/13/mia-khalifa-pensiun-dari-film-dewasa-tak-sabar-segera-menikah-jawab-isu-soal-kehamilan,Advertiser preference,Adult: Sexual content,Restricted ad serving,ca-pub-7784034061253020,23,2025-06-23,2025-06-25
jambi.tribunnews.com,Page,N/A,N/A,jambi.tribunnews.com/2020/12/17/kondisi-tubuh-miyabi-setelah-10-tahun-main-di-film-jepang-bagiannya-jadi-begini?page=all,Advertiser preference,Google-served ads obscuring content,Restricted ad serving,ca-pub-7784034061253020,23,2025-06-23,2025-06-23
jambi.tribunnews.com,Page,N/A,N/A,jambi.tribunnews.com/2018/01/18/perhatikan-ini-ciri-wanita-yang-sering-melakukan-masturbasi-7-tanda-ini-bakal-mengungkapkannya?page=2,Advertiser preference,Adult: Sexual content,Restricted ad serving,ca-pub-7784034061253020,23,2025-06-20,2025-06-25
jakarta.tribunnews.com,Page,N/A,N/A,jakarta.tribunnews.com/2024/05/07/gerak-gerik-janggal-tarsum-sebelum-mutilasi-istri-di-ciamis-ucap-ini-saat-diminta-ingat-allah-swt?source=kgnotif_1,Advertiser preference,Google-served ads obscuring content,Restricted ad serving,ca-pub-7784034061253020,23,2025-06-22,2025-06-23
bangka.tribunnews.com,Page,N/A,N/A,bangka.tribunnews.com/2021/09/06/10-selebriti-korea-terkenal-yang-pernah-melakukan-operasi-plastik-nggak-nyangka-berubah-drastis,Policy issue,Modified ad code: Resizing Ad Frames,Restricted ad serving,ca-pub-7784034061253020,23,2025-06-21,2025-06-23
bangka.tribunnews.com,Page,N/A,N/A,bangka.tribunnews.com/2020/03/05/tips-gerakan-senam-kegel-untuk-wanita-manfaatnya-bisa-bahagiakan-pasangan-anda?page=3,Advertiser preference,Shocking content,Restricted ad serving,ca-pub-7784034061253020,23,2025-06-24,2025-06-24
bangka.tribunnews.com,Page,N/A,N/A,bangka.tribunnews.com/2018/01/05/direkam-di-kota-bandung-video-porno-2-bocah-wanita-dewasa-ini-ternyata-berisi-adegan-threesome,Advertiser preference,Adult: Sexual content;Shocking content,Restricted ad serving,ca-pub-7784034061253020,23,2025-06-20,2025-06-25
bangka.tribunnews.com,Page,N/A,N/A,bangka.tribunnews.com/2017/07/10/dihujat-punya-suami-jelek-wanita-cantik-ini-malah-berani-pamer-foto-mesra-di-atas-ranjang,Policy issue,Site Behavior: Navigation,Restricted ad serving,ca-pub-7784034061253020,23,2025-06-20,2025-06-23
bangka.tribunnews.com,Page,N/A,N/A,bangka.tribunnews.com/2017/01/28/inilah-pengakuan-10-aktoraktris-ketika-mereka-melakukan-adegan-seks-hmm-gimana-rasanya-ya,Advertiser preference,Shocking content,Restricted ad serving,ca-pub-7784034061253020,23,2025-06-23,2025-06-23
bali.tribunnews.com,Page,N/A,N/A,bali.tribunnews.com/2019/12/13/kesalahan-pemakaian-lip-balm-harusnya-saat-malam-hari-untuk-bibir-lembap-dan-sehat-esok-hari,Advertiser preference,Google-served ads obscuring content,Restricted ad serving,ca-pub-7784034061253020,23,2025-06-23,2025-06-24
bali.tribunnews.com,Page,N/A,N/A,bali.tribunnews.com/2017/03/22/bintang-porno-tertua-di-jepang-pensiun-dalam-usia-80-tahun,Advertiser preference,Shocking content,Restricted ad serving,ca-pub-7784034061253020,23,2025-06-21,2025-06-24
bali.tribunnews.com,Page,N/A,N/A,bali.tribunnews.com/2016/11/26/misteri-khasiat-jimat-pengalaris-yang-digunakan-psk-di-lokalisasi-katanya-bisa-bikin-tamu-betah?page=2,Advertiser preference,Adult: Sexual content,Restricted ad serving,ca-pub-7784034061253020,23,2025-06-24,2025-06-24
aceh.tribunnews.com,Page,N/A,N/A,aceh.tribunnews.com/2019/12/08/viral-video-seorang-ibu-tega-injak-injak-anaknya-hingga-menangis-dan-menjerit-warganet-kecam-keras,Advertiser preference,Shocking content,Restricted ad serving,ca-pub-7784034061253020,23,2025-06-25,2025-06-25
www.tribunnews.com,Page,N/A,N/A,www.tribunnews.com/section/2019/03/14/pembunuhan-sadis-jasad-gadis-16-tahun-ditemukan-dengan-wajah-dikuliti-dan-beberapa-organ-hilang,Policy issue,Ads Disguised as Content,Restricted ad serving,ca-pub-7784034061253020,22,2025-06-19,2025-06-25
www.tribunnews.com,Page,N/A,N/A,www.tribunnews.com/kesehatan/2016/01/15/10-komentar-terlucu-saat-pertama-kali-lihat-alat-vital-pria,Advertiser preference,Adult: Sexual content,Restricted ad serving,ca-pub-7784034061253020,22,2025-06-20,2025-06-25
www.tribunjualbeli.com,Page,N/A,N/A,www.tribunjualbeli.com/dki-jakarta/2319480/obat-tambah-gairah-pria-wanita-aman-jakarta-barat,Advertiser preference,Adult: Sexual content,Restricted ad serving,ca-pub-7784034061253020,22,2025-06-19,2025-06-24
suryamalang.tribunnews.com,Page,N/A,N/A,suryamalang.tribunnews.com/2016/12/23/mahir-dalam-urusan-posisi-bercinta-tidak-menjamin-kepuasan-cara-sederhana-ini-bisa-bikin-istri-puas,Advertiser preference,Adult: Sexual content,Restricted ad serving,ca-pub-7784034061253020,22,2025-06-19,2025-06-25
palembang.tribunnews.com,Page,N/A,N/A,palembang.tribunnews.com/2018/01/25/dibilang-bentuknya-berubah-ubah-ini-cara-ariel-tatum-buktikan-payudaranya-tak-pakai-sumpalan,Policy issue,Site Behavior: Navigation,Restricted ad serving,ca-pub-7784034061253020,22,2025-06-21,2025-06-25
medan.tribunnews.com,Page,N/A,N/A,medan.tribunnews.com/2020/02/09/titi-jodoh-ikon-pagurawan-saksi-bisu-muda-mudi-memadu-kasih-sejak-tahun-1990-an,Advertiser preference,Shocking content,Restricted ad serving,ca-pub-7784034061253020,22,2025-06-25,2025-06-25
medan.tribunnews.com,Page,N/A,N/A,medan.tribunnews.com/2017/10/29/biadab-6-perempuan-disiksa-4-pria-di-dalam-satu-ruangan-3-perempuan-terkapar-berikut-videonya?page=2,Advertiser preference,Shocking content,Restricted ad serving,ca-pub-7784034061253020,22,2025-06-20,2025-06-23
medan.tribunnews.com,Page,N/A,N/A,medan.tribunnews.com/2017/08/22/mengerikan-jangan-coba-coba-masukkan-benda-benda-ini-ke-miss-v-ini-daftar-5-kasusnya?page=all,Advertiser preference,Adult: Sexual content,Restricted ad serving,ca-pub-7784034061253020,22,2025-06-25,2025-06-25
medan.tribunnews.com,Page,N/A,N/A,medan.tribunnews.com/2017/06/30/heboh-artis-film-porno-meninggal-saat-syuting-penyebabnya-bikin-geleng-kepala,Advertiser preference,Adult: Sexual content,Restricted ad serving,ca-pub-7784034061253020,22,2025-06-22,2025-06-23
manado.tribunnews.com,Page,N/A,N/A,manado.tribunnews.com/2019/01/28/3-cara-mengetahui-suami-anda-selingkuh-atau-tidak-hotman-paris-cium-celana-dalam-dan-ketek-suami,Policy issue,Ads Disguised as Content,Restricted ad serving,ca-pub-7784034061253020,22,2025-06-20,2025-06-25
makassar.tribunnews.com,Page,N/A,N/A,makassar.tribunnews.com/2019/10/18/efek-tisu-magic-belum-habis-psk-cantik-minta-ridwan-yang-lagi-di-puncak-berhenti-akhirnya-tragis?page=2,Advertiser preference,Adult: Sexual content,Restricted ad serving,ca-pub-7784034061253020,22,2025-06-22,2025-06-24
makassar.tribunnews.com,Page,N/A,N/A,makassar.tribunnews.com/2016/01/20/payudara-gadis-ini-disebut-paling-indah-lihat-foto-lengkapnya,Advertiser preference,Adult: Sexual content,Restricted ad serving,ca-pub-7784034061253020,22,2025-06-21,2025-06-24
m.tribunnews.com,Page,N/A,N/A,m.tribunnews.com/regional/2019/12/14/video-viral-biduan-dangdut-kasir-minimarket-mandi-sambil-kendarai-motor-endingnya-apes,Advertiser preference,Adult: Sexual content,Restricted ad serving,ca-pub-7784034061253020,22,2025-06-22,2025-06-23
m.tribunnews.com,Page,N/A,N/A,m.tribunnews.com/metropolitan/2017/10/09/warga-saya-pernah-lihat-cowok-sama-cowok-ciuman-di-depan-sini,Advertiser preference,Adult: Sexual content,Restricted ad serving,ca-pub-7784034061253020,22,2025-06-19,2025-06-25
m.tribunnews.com,Page,N/A,N/A,m.tribunnews.com/kesehatan/2017/11/27/perempuan-juga-perlu-tahu-inilah-yang-dirasakan-suami-anda-ketika-orgasme,Advertiser preference,Adult: Sexual content,Restricted ad serving,ca-pub-7784034061253020,22,2025-06-20,2025-06-23
m.tribunnews.com,Page,N/A,N/A,m.tribunnews.com/internasional/2016/07/01/wow-wanita-cantik-ini-lupa-nggak-pakai-celana-dalam-saat-belanja-di-mal,Advertiser preference,Adult: Sexual content,Restricted ad serving,ca-pub-7784034061253020,22,2025-06-23,2025-06-24
lampung.tribunnews.com,Page,N/A,N/A,lampung.tribunnews.com/2017/08/03/cewek-berjilbab-pamer-bra-dan-buka-baju-di-jembatan-suramadu-jadi-viral-di-facebook,Advertiser preference,Adult: Sexual content,Restricted ad serving,ca-pub-7784034061253020,22,2025-06-25,2025-06-25
kupang.tribunnews.com,Page,N/A,N/A,kupang.tribunnews.com/2020/01/02/setelah-naik-35-persen-inilah-harga-baru-42-merek-rokok-ada-marlboro-gudang-garam-hingga-djarum,Advertiser preference,Tobacco,Restricted ad serving,ca-pub-7784034061253020,22,2025-06-25,2025-06-25
kupang.tribunnews.com,Page,N/A,N/A,kupang.tribunnews.com/2017/09/21/dildo-berusia-ratusan-tahun-ditemukan-bentuk-dan-bahannya-sungguh-tak-terduga,Advertiser preference,Adult: Sexual content,Restricted ad serving,ca-pub-7784034061253020,22,2025-06-20,2025-06-25
kupang.tribunnews.com,Page,N/A,N/A,kupang.tribunnews.com/2017/07/12/wanita-dengan-5-ciri-fisik-ini-terbukti-hot-di-ranjang?page=2,Advertiser preference,Adult: Sexual content,Restricted ad serving,ca-pub-7784034061253020,22,2025-06-21,2025-06-24
kupang.tribunnews.com,Page,N/A,N/A,kupang.tribunnews.com/2017/04/26/astaga-balut-singkong-dengan-kondom-lalu-masukkan-ke-organ-intim-lihat-keadaan-terakhir-wanita-ini,Advertiser preference,Adult: Sexual content,Restricted ad serving,ca-pub-7784034061253020,22,2025-06-20,2025-06-23
jogja.tribunnews.com,Page,N/A,N/A,jogja.tribunnews.com/2017/02/11/3-aplikasi-ini-bisa-tingkatkan-gairah-di-ranjang,Advertiser preference,Adult: Sexual content,Restricted ad serving,ca-pub-7784034061253020,22,2025-06-20,2025-06-23
jambi.tribunnews.com,Page,N/A,N/A,jambi.tribunnews.com/2017/11/29/9-posisi-oral-seks-yang-membuat-pasangan-merem-melek-nomor-3-enak-dilakukan-di-sofa?page=4,Advertiser preference,Adult: Sexual content,Restricted ad serving,ca-pub-7784034061253020,22,2025-06-25,2025-06-25
jambi.tribunnews.com,Page,N/A,N/A,jambi.tribunnews.com/2017/11/29/9-posisi-oral-seks-yang-membuat-pasangan-merem-melek-nomor-3-enak-dilakukan-di-sofa?page=2,Advertiser preference,Adult: Sexual content,Restricted ad serving,ca-pub-7784034061253020,22,2025-06-21,2025-06-24
jambi.tribunnews.com,Page,N/A,N/A,jambi.tribunnews.com/2017/07/30/galeri-foto-tanpa-sensor-ini-5-film-dewasa-dengan-adegan-intim-nyata?page=2,Advertiser preference,Adult: Sexual content,Restricted ad serving,ca-pub-7784034061253020,22,2025-06-20,2025-06-24
jambi.tribunnews.com,Page,N/A,N/A,jambi.tribunnews.com/2016/11/23/seputar-mitos-istilah-perempuan-bungkuk-udang-memiliki-gairah-seks-yang-luar-biasa,Advertiser preference,Adult: Sexual content,Restricted ad serving,ca-pub-7784034061253020,22,2025-06-19,2025-06-24
belitung.tribunnews.com,Page,N/A,N/A,belitung.tribunnews.com/2017/11/07/jika-ingin-begituan-deretan-artis-ini-pakai-alat-ada-juga-yang-lakukan-ini?page=3,Advertiser preference;Policy issue,Adult: Sexual content;Site Behavior: Navigation,Restricted ad serving,ca-pub-7784034061253020,22,2025-06-19,2025-06-23
bangka.tribunnews.com,Page,N/A,N/A,bangka.tribunnews.com/2018/07/22/7-jurus-elit-memulai-chat-duluan-ke-cowok-gebetenmu?page=2,Advertiser preference,Shocking content,Restricted ad serving,ca-pub-7784034061253020,22,2025-06-22,2025-06-24
bangka.tribunnews.com,Page,N/A,N/A,bangka.tribunnews.com/2016/10/29/mengerikan-pria-ini-bunuh-diri-live-video-streaming-di-facebook-alasannya-bikin-miris?page=4,Advertiser preference,Shocking content,Restricted ad serving,ca-pub-7784034061253020,22,2025-06-21,2025-06-23
bangka.tribunnews.com,Page,N/A,N/A,bangka.tribunnews.com/2016/09/23/foto-foto-bugil-wanita-pns-pekalongan-yang-menghebohkan,Advertiser preference,Adult: Sexual content,Restricted ad serving,ca-pub-7784034061253020,22,2025-06-24,2025-06-25
bangka.tribunnews.com,Page,N/A,N/A,bangka.tribunnews.com/2016/07/23/video-model-cantik-china-rela-disusui-pengusaha-kaya-saat-makan-malam,Policy issue,Ads Disguised as Content,Restricted ad serving,ca-pub-7784034061253020,22,2025-06-22,2025-06-23
bangka.tribunnews.com,Page,N/A,N/A,bangka.tribunnews.com/2016/01/02/kecantikan-wanita-nampak-jika-sering-melakukan-5-hal-ini,Advertiser preference,Adult: Sexual content,Restricted ad serving,ca-pub-7784034061253020,22,2025-06-24,2025-06-25
www.tribunnews.com,Page,N/A,N/A,www.tribunnews.com/metropolitan/2016/05/15/di-spa-ini-terapisnya-topless-sekatnya-hanya-pakai-gorden,Policy issue,Site Behavior: Navigation,Restricted ad serving,ca-pub-7784034061253020,21,2025-06-21,2025-06-23
www.tribunnews.com,Page,N/A,N/A,www.tribunnews.com/kesehatan/2016/03/11/saat-organ-vital-suami-terlalu-besar-bagi-istri,Advertiser preference,Adult: Sexual content,Restricted ad serving,ca-pub-7784034061253020,21,2025-06-22,2025-06-25
wow.tribunnews.com,Page,N/A,N/A,wow.tribunnews.com/2017/08/15/cantik-tak-harus-kurus-5-hijabers-plus-size-ini-tampil-stylish-dan-percaya-diri,Policy issue,Site Behavior: Navigation,Restricted ad serving,ca-pub-7784034061253020,21,2025-06-25,2025-06-25
suryamalang.tribunnews.com,Page,N/A,N/A,suryamalang.tribunnews.com/2020/04/19/video-cewek-surabaya-bikin-geger-warkop-di-gresik-buka-baju-ngaku-diperkosa-demi-rokok-gratisan,Advertiser preference,Shocking content,Restricted ad serving,ca-pub-7784034061253020,21,2025-06-19,2025-06-24
surabaya.tribunnews.com,Page,N/A,N/A,surabaya.tribunnews.com/2019/08/15/gadis-14-tahun-17-kali-diajak-berhubungan-badan-kakak-ipar-hingga-hamil-usia-kandungan-6-bulan,Advertiser preference,Adult: Sexual content,Restricted ad serving,ca-pub-7784034061253020,21,2025-06-24,2025-06-24
sulbar.tribunnews.com,Page,N/A,N/A,sulbar.tribunnews.com/2023/04/24/16-link-full-video-syakirah-viral-tampil-vulgar-beredar-di-tiktok-dan-twitter-masih-diburu-nitizen?page=2,Advertiser preference,Google-served ads obscuring content,Restricted ad serving,ca-pub-7784034061253020,21,2025-06-22,2025-06-25
pontianak.tribunnews.com,Page,N/A,N/A,pontianak.tribunnews.com/2018/01/28/inilah-7-ciri-wanita-kecanduan-masturbasi-7-persen-cewek-melakukannya-setiap-hari?page=4,Advertiser preference,Adult: Sexual content,Restricted ad serving,ca-pub-7784034061253020,21,2025-06-22,2025-06-23
palembang.tribunnews.com,Page,N/A,N/A,palembang.tribunnews.com/2017/04/05/kakek-bujang-tua-di-muaraenim-ini-gesek-gesek-burungnya-ke-miss-v-bocah-sd,Advertiser preference,Adult: Sexual content,Restricted ad serving,ca-pub-7784034061253020,21,2025-06-23,2025-06-23
newsmaker.tribunnews.com,Page,N/A,N/A,newsmaker.tribunnews.com/2022/03/12/usia-22-tahun-cerai-artis-ini-batal-rujuk-dengan-mantan-kini-dinikahi-konglomerat-jadi-pengusaha,Policy issue,Encouraging accidental clicks: Layout,Restricted ad serving,ca-pub-7784034061253020;ca-video-pub-7784034061253020,21,2025-06-24,2025-06-24
makassar.tribunnews.com,Page,N/A,N/A,makassar.tribunnews.com/2019/09/05/detik-detik-2-perempuan-digrebek-tanpa-busana-di-hotel-berbintang-siap-threesome-bak-vina-garut,Advertiser preference,Adult: Sexual content,Restricted ad serving,ca-pub-7784034061253020,21,2025-06-20,2025-06-25
m.tribunnews.com,Page,N/A,N/A,m.tribunnews.com/seleb/2017/08/07/para-aktris-ini-tunggu-momen-tepat-hingga-akhirnya-berani-beradegan-tanpa-busana,Advertiser preference,Shocking content,Restricted ad serving,ca-pub-7784034061253020,21,2025-06-22,2025-06-23
m.tribunnews.com,Page,N/A,N/A,m.tribunnews.com/sains/2017/08/24/mengapa-alat-kelamin-laki-laki-tak-bertulang-ini-penjelasan-ilmiahnya,Advertiser preference,Adult: Sexual content,Restricted ad serving,ca-pub-7784034061253020,21,2025-06-21,2025-06-23
m.tribunnews.com,Page,N/A,N/A,m.tribunnews.com/regional/2017/10/13/ini-reaksi-para-siswi-sma-di-surabaya-saat-tahu-payudara-dihisap-pacarnya-berpotensi-sebabkan-kanker,Advertiser preference,Adult: Sexual content,Restricted ad serving,ca-pub-7784034061253020,21,2025-06-22,2025-06-23
m.tribunnews.com,Page,N/A,N/A,m.tribunnews.com/metropolitan/2017/01/08/20-psk-cantik-warga-china-dan-thailand-ini-terjaring-razia-di-jakarta-barat,Advertiser preference,Adult: Sexual content,Restricted ad serving,ca-pub-7784034061253020,21,2025-06-20,2025-06-24
m.tribunnews.com,Page,N/A,N/A,m.tribunnews.com/lifestyle/2014/01/12/boneka-silikon-seksi-dan-cantik-ini-ternyata-bisa-jadi-teman-curhat,Advertiser preference,Adult: Sexual content,Restricted ad serving,ca-pub-7784034061253020,21,2025-06-22,2025-06-25
lampung.tribunnews.com,Page,N/A,N/A,lampung.tribunnews.com/2017/07/18/video-pasang-kamera-tkw-rekam-aksi-mesum-majikannya-di-dapur,Policy issue,Site Behavior: Navigation,Restricted ad serving,ca-pub-7784034061253020,21,2025-06-20,2025-06-24
kupang.tribunnews.com,Page,N/A,N/A,kupang.tribunnews.com/2019/02/15/begini-cara-bercinta-kaisar-china-dan-cara-tiduri-121-perempuan-dalam-15-hari,Advertiser preference,Adult: Sexual content,Restricted ad serving,ca-pub-7784034061253020,21,2025-06-20,2025-06-24
kupang.tribunnews.com,Page,N/A,N/A,kupang.tribunnews.com/2017/10/13/viral-ibu-ini-ungkap-bh-berisi-silikon-penyebab-kanker-payudara,Advertiser preference;Policy issue,Adult: Sexual content;Site Behavior: Navigation,Restricted ad serving,ca-pub-7784034061253020,21,2025-06-24,2025-06-24
jogja.tribunnews.com,Page,N/A,N/A,jogja.tribunnews.com/2017/12/10/robot-pemuas-nafsu-masa-depan-mampu-keluarkan-pelumas-otomatis,Advertiser preference,Adult: Sexual content,Restricted ad serving,ca-pub-7784034061253020,21,2025-06-21,2025-06-23
jogja.tribunnews.com,Page,N/A,N/A,jogja.tribunnews.com/2016/04/08/tren-robot-pemuas-nafsu-relakah-berbagi-ranjang-dengan-mesin,Advertiser preference,Adult: Sexual content,Restricted ad serving,ca-pub-7784034061253020,21,2025-06-19,2025-06-23
jateng.tribunnews.com,Page,N/A,N/A,jateng.tribunnews.com/2016/10/11/cari-obat-haid-tempat-pijat-dan-luluran-hingga-obat-kuat-di-semarang-dan-sekitarnya?page=2,Advertiser preference,Adult: Sexual content,Restricted ad serving,ca-pub-7784034061253020,21,2025-06-24,2025-06-24
jateng.tribunnews.com,Page,N/A,N/A,jateng.tribunnews.com/2016/10/11/cari-obat-haid-tempat-pijat-dan-luluran-hingga-obat-kuat-di-semarang-dan-sekitarnya,Advertiser preference,Adult: Sexual content,Restricted ad serving,ca-pub-7784034061253020,21,2025-06-24,2025-06-24
jateng.tribunnews.com,Page,N/A,N/A,jateng.tribunnews.com/2013/11/23/satpol-pp-razia-warnet-di-semarang-temukan-banyak-kondom,Advertiser preference,Adult: Sexual content,Restricted ad serving,ca-pub-7784034061253020,21,2025-06-22,2025-06-23
bogor.tribunnews.com,Page,N/A,N/A,bogor.tribunnews.com/2017/05/02/bocah-ini-tanya-dampak-dari-berhubungan-intim-dengan-ayam-jawaban-dokter-mengejutkan,Advertiser preference,Adult: Sexual content,Restricted ad serving,ca-pub-7784034061253020,21,2025-06-24,2025-06-25
belitung.tribunnews.com,Page,N/A,N/A,belitung.tribunnews.com/2022/05/10/wanita-tanpa-busana-histeris-lagi-asik-mandi-pria-tak-diundang-datang-syok-tubuhnya-jadi-tontonan,Policy issue,Ads Disguised as Content,Restricted ad serving,ca-pub-7784034061253020,21,2025-06-20,2025-06-24
belitung.tribunnews.com,Page,N/A,N/A,belitung.tribunnews.com/2016/10/27/inilah-wanita-pemilik-payudara-terindah-di-jepang,Advertiser preference,Shocking content,Restricted ad serving,ca-pub-7784034061253020,21,2025-06-19,2025-06-25
bekasi.tribunnews.com,Page,N/A,N/A,bekasi.tribunnews.com/2022/07/28/rekomendasi-film-semi-barat-terbaru-yang-cocok-ditonton-bareng-pasangan-di-rumah-khusus-dewasa-lho?page=2,Advertiser preference,Adult: Sexual content,Restricted ad serving,ca-pub-7784034061253020,21,2025-06-20,2025-06-25
bangka.tribunnews.com,Page,N/A,N/A,bangka.tribunnews.com/2018/01/05/cantik-muda-dan-seksi-inilah-5-artis-muda-indonesia-sering-pamer-kemolekan-tubuhnya?page=3,Policy issue,Site Behavior: Navigation,Restricted ad serving,ca-pub-7784034061253020,21,2025-06-19,2025-06-23
bali.tribunnews.com,Page,N/A,N/A,bali.tribunnews.com/2016/11/26/misteri-khasiat-jimat-pengalaris-yang-digunakan-psk-di-lokalisasi-katanya-bisa-bikin-tamu-betah,Advertiser preference,Adult: Sexual content,Restricted ad serving,ca-pub-7784034061253020,21,2025-06-24,2025-06-24
aceh.tribunnews.com,Page,N/A,N/A,aceh.tribunnews.com/2022/01/19/sosok-wanita-di-balik-video-syur-mirip-nagita-slavina-ternyata-bintang-situs-dewasa-inisial-mk,Policy issue,Ads Disguised as Content,Restricted ad serving,ca-pub-7784034061253020,21,2025-06-22,2025-06-24
www.tribunjualbeli.com,Page,N/A,N/A,www.tribunjualbeli.com/komendetail/kepulauan-riau/2369998/penis-tempel-jumbo-silicone-asli-alat-bantu-sex-dengan-baterai-pekanbaru,Advertiser preference,Adult: Sexual content,Restricted ad serving,ca-pub-7784034061253020,20,2025-06-21,2025-06-24
www.tribunjualbeli.com,Page,N/A,N/A,www.tribunjualbeli.com/kalimantan-timur/2359189/jual-alat-bantu-sex-pria-vagina-center-flashlight-elektrik-balikpapan,Advertiser preference,Adult: Sexual content,Restricted ad serving,ca-pub-7784034061253020,20,2025-06-22,2025-06-24
wartakota.tribunnews.com,Page,N/A,N/A,wartakota.tribunnews.com/2018/04/14/ratu-erina-menikmati-adegan-panas-dengan-lawan-mainnya,Advertiser preference,Adult: Sexual content,Restricted ad serving,ca-pub-7784034061253020,20,2025-06-22,2025-06-23
wartakota.tribunnews.com,Page,N/A,N/A,wartakota.tribunnews.com/2017/02/03/pria-ini-langsung-buka-baju-dan-celananya-saat-berada-di-depan-toko,Advertiser preference,Adult: Sexual content,Restricted ad serving,ca-pub-7784034061253020,20,2025-06-22,2025-06-25
suryamalang.tribunnews.com,Page,N/A,N/A,suryamalang.tribunnews.com/2018/01/06/diduga-dibuat-saat-ramadan-berikut-4-obrolan-video-panas-tante-vs-bocah-sd,Advertiser preference,Adult: Sexual content,Restricted ad serving,ca-pub-7784034061253020,20,2025-06-22,2025-06-24
suryamalang.tribunnews.com,Page,N/A,N/A,suryamalang.tribunnews.com/2017/01/07/inilah-lokasi-ideal-untuk-melakukan-pemanasan-sebelum-bercinta-dengan-pasangan-dijamin-puas-deh,Advertiser preference,Adult: Sexual content,Restricted ad serving,ca-pub-7784034061253020,20,2025-06-19,2025-06-24
surabaya.tribunnews.com,Page,N/A,N/A,surabaya.tribunnews.com/tag/lamongan,Advertiser preference,Adult: Sexual content,Restricted ad serving,ca-pub-7784034061253020,20,2025-06-21,2025-06-25
sultra.tribunnews.com,Page,N/A,N/A,sultra.tribunnews.com/2021/12/11/sosok-kienzy-myelin-dikaitkan-video-viral-32-detik-dijuluki-ratu-pargoy-dan-cewek-pemersatu-bangsa,Advertiser preference,Shocking content,Restricted ad serving,ca-pub-7784034061253020,20,2025-06-19,2025-06-24
style.tribunnews.com,Page,N/A,N/A,style.tribunnews.com/2017/12/04/cowok-ini-maksa-minta-pacarnya-kirim-foto-dada-tapi-si-cewek-nggak-kehabisan-akal,Policy issue,Ads Disguised as Content,Restricted ad serving,ca-pub-7784034061253020,20,2025-06-19,2025-06-23
style.tribunnews.com,Page,N/A,N/A,style.tribunnews.com/2017/07/08/melihat-kepribadian-dari-bentuk-pantat-poin-4-gambarkan-bokong-orang-cerdas,Advertiser preference,Shocking content,Restricted ad serving,ca-pub-7784034061253020,20,2025-06-23,2025-06-23
pontianak.tribunnews.com,Page,N/A,N/A,pontianak.tribunnews.com/2017/10/30/nikita-mirzani-telanjang-di-pinggir-pantai-netizen-astaghfirullahaladzim,Advertiser preference,Adult: Sexual content,Restricted ad serving,ca-pub-7784034061253020,20,2025-06-24,2025-06-25
pontianak.tribunnews.com,Page,N/A,N/A,pontianak.tribunnews.com/2015/08/23/lima-tanda-kalau-miss-v-tidak-sehat,Advertiser preference,Adult: Sexual content,Restricted ad serving,ca-pub-7784034061253020,20,2025-06-20,2025-06-23
medan.tribunnews.com,Page,N/A,N/A,medan.tribunnews.com/2017/05/22/mr-p-terlalu-besar-nia-rasakan-seks-nikmat-berubah-neraka-lalu-cerai-dari-suami?page=all,Advertiser preference,Adult: Sexual content,Restricted ad serving,ca-pub-7784034061253020,20,2025-06-25,2025-06-25
makassar.tribunnews.com,Page,N/A,N/A,makassar.tribunnews.com/2019/06/18/bidan-cantik-yang-beraksi-dengan-timun-viral-di-whatsapp-wa-akhirnya-buka-suara-saya-khilaf,Policy issue,Ads Disguised as Content,Restricted ad serving,ca-pub-7784034061253020,20,2025-06-19,2025-06-23
makassar.tribunnews.com,Page,N/A,N/A,makassar.tribunnews.com/2016/08/25/mengapa-wanita-rela-umbar-aurat-di-bigo-live-ternyata-segini-uang-yang-mereka-dapat,Advertiser preference,Shocking content,Restricted ad serving,ca-pub-7784034061253020,20,2025-06-24,2025-06-24
m.tribunnews.com,Page,N/A,N/A,m.tribunnews.com/regional/2017/10/11/empat-hotel-ini-jadi-lokasi-bisnis-esek-esek-di-medan,Advertiser preference,Adult: Sexual content,Restricted ad serving,ca-pub-7784034061253020,20,2025-06-20,2025-06-23
m.tribunnews.com,Page,N/A,N/A,m.tribunnews.com/internasional/2017/09/24/berhubungan-seks-sambil-menyusui-anaknya-wanita-ini-panen-hujatan,Advertiser preference,Adult: Sexual content,Restricted ad serving,ca-pub-7784034061253020,20,2025-06-20,2025-06-24
m.tribunnews.com,Page,N/A,N/A,m.tribunnews.com/internasional/2012/06/28/koki-mao-hidangkan-alat-kelaminnya-ke-tamu-foto,Advertiser preference,Adult: Sexual content,Restricted ad serving,ca-pub-7784034061253020,20,2025-06-23,2025-06-23
lampung.tribunnews.com,Page,N/A,N/A,lampung.tribunnews.com/2017/02/24/video-tawuran-sadis-pelajar-berujung-maut,Advertiser preference,Shocking content,Restricted ad serving,ca-pub-7784034061253020,20,2025-06-22,2025-06-25
kupang.tribunnews.com,Page,N/A,N/A,kupang.tribunnews.com/2019/12/09/virgo-dan-5-zodiak-yang-pikirannya-selalu-mesum-jangan-jangan-pasangan-kamu-termasuk,Policy issue,Ads Disguised as Content,Restricted ad serving,ca-pub-7784034061253020,20,2025-06-23,2025-06-25
jogja.tribunnews.com,Page,N/A,N/A,jogja.tribunnews.com/2020/01/17/pakai-alat-pengaman-dua-lapis-masih-bisa-menghamili-pria-ini-tuntut-perusahaan-kontrasepsi,Advertiser preference,Adult: Sexual content,Restricted ad serving,ca-pub-7784034061253020,20,2025-06-20,2025-06-25
jatim.tribunnews.com,Page,N/A,N/A,jatim.tribunnews.com/2017/07/04/video-sebelum-ambil-bra-cewek-di-jemuran-pria-ini-lakukan-ritual-aneh-netizen-lagi-berfantasi,Advertiser preference,Adult: Sexual content,Restricted ad serving,ca-pub-7784034061253020,20,2025-06-23,2025-06-23
bogor.tribunnews.com,Page,N/A,N/A,bogor.tribunnews.com/2021/04/23/misteri-mayat-wanita-hamil-tua-terungkap-jasad-korban-terbungkus-karung-janin-bayinya-keluar,Advertiser preference;Policy issue,Google-served ads obscuring content;Modified Javascript: Ads by Google size,Restricted ad serving,ca-pub-7784034061253020,20,2025-06-23,2025-06-23
banten.tribunnews.com,Page,N/A,N/A,banten.tribunnews.com/2021/10/17/pengakuan-karyawan-pinjol-ada-modal-yang-digerebek-sekali-login-semua-data-pelanggan-didapat,Advertiser preference;Policy issue,Encouraging accidental clicks: Layout;Google-served ads obscuring content,Restricted ad serving,ca-pub-7784034061253020,20,2025-06-23,2025-06-23
banjarmasin.tribunnews.com,Page,N/A,N/A,banjarmasin.tribunnews.com/2016/01/25/orang-jepang-kuat-terobsesi-seks-tapi-hanya-sedikit-yang-menikmatinya,Advertiser preference,Adult: Sexual content,Restricted ad serving,ca-pub-7784034061253020,20,2025-06-24,2025-06-25
bangka.tribunnews.com,Page,N/A,N/A,bangka.tribunnews.com/2018/05/03/pensiun-dari-film-dewasa-ini-kabar-terakhir-artis-jepang-yang-pernah-main-film-indonesia-ini,Advertiser preference,Shocking content,Restricted ad serving,ca-pub-7784034061253020,20,2025-06-20,2025-06-23
bangka.tribunnews.com,Page,N/A,N/A,bangka.tribunnews.com/2017/09/08/inilah-5-tanda-wanita-yang-baru-selesai-berhubungan-cinta,Advertiser preference,Adult: Sexual content,Restricted ad serving,ca-pub-7784034061253020,20,2025-06-24,2025-06-24
bangka.tribunnews.com,Page,N/A,N/A,bangka.tribunnews.com/2017/03/16/18-terapis-spa-layani-jasa-esek-esek-paket-khusus-threesome,Advertiser preference,Shocking content,Restricted ad serving,ca-pub-7784034061253020,20,2025-06-19,2025-06-23
bangka.tribunnews.com,Page,N/A,N/A,bangka.tribunnews.com/2016/09/14/rela-telanjang-bulat-miss-bum-bum-lukis-tubuhnya-dengan-jersey-barcelona,Advertiser preference,Adult: Sexual content,Restricted ad serving,ca-pub-7784034061253020,20,2025-06-23,2025-06-23
bali.tribunnews.com,Page,N/A,N/A,bali.tribunnews.com/2020/05/12/5-arti-mimpi-dikejar-kejar-seseorang-memiliki-musuh-hingga-masalah-keuangan,Advertiser preference,Google-served ads obscuring content,Restricted ad serving,ca-pub-7784034061253020,20,2025-06-20,2025-06-24
bali.tribunnews.com,Page,N/A,N/A,bali.tribunnews.com/2016/07/18/video-handuk-artis-cantik-korea-ini-melorot-di-depan-kamera-rambut-clara-lee-tampak-basah,Policy issue,Site Behavior: Navigation,Restricted ad serving,ca-pub-7784034061253020,20,2025-06-19,2025-06-23
aceh.tribunnews.com,Page,N/A,N/A,aceh.tribunnews.com/amp/2025/06/24/fakta-pembunuhan-berantai-di-aceh-tenggara-pelaku-masih-keluarga-korban-7-hari-sembunyi-di-gunung,Advertiser preference,Shocking content,Restricted ad serving,ca-pub-7784034061253020,20,2025-06-25,2025-06-25
aceh.tribunnews.com,Page,N/A,N/A,aceh.tribunnews.com/2015/02/28/aceh-dalam-gurita-seks-bebas,Advertiser preference,Google-served ads obscuring content,Restricted ad serving,ca-pub-7784034061253020,20,2025-06-19,2025-06-24
www.tribunnews.com,Page,N/A,N/A,www.tribunnews.com/internasional/2017/01/22/pria-pemilik-organ-intim-terpanjang-dan-terbesar-ini-mengaku-tersiksa,Advertiser preference,Shocking content,Restricted ad serving,ca-pub-7784034061253020,19,2025-06-19,2025-06-24
surabaya.tribunnews.com,Page,N/A,N/A,surabaya.tribunnews.com/2020/11/24/video-mesum-219-menit-diperankan-abg-viral-dan-resahkan-warga-dapat-rp-8-juta-sekali-rekaman,Policy issue,Ads Disguised as Content,Restricted ad serving,ca-pub-7784034061253020,19,2025-06-19,2025-06-25
pontianak.tribunnews.com,Page,N/A,N/A,pontianak.tribunnews.com/404,Policy issue,Google-served ads on screens without publisher-content,Restricted ad serving,ca-pub-7784034061253020,19,2025-06-19,2025-06-25
pontianak.tribunnews.com,Page,N/A,N/A,pontianak.tribunnews.com/2018/12/19/9-bintang-porno-putusnan-pensiun-hingga-artis-indonesia-ungkap-tips-dan-rahasia-seks-siapa-saja?page=all,Advertiser preference,Adult: Sexual content,Restricted ad serving,ca-pub-7784034061253020,19,2025-06-24,2025-06-24
makassar.tribunnews.com,Page,N/A,N/A,makassar.tribunnews.com/2021/05/04/senangnya-wanita-penghibur-saat-dipanggil-pelanggan-muda-setelah-main-malah-alami-hal-tak-terduga,Policy issue,Ads Disguised as Content,Restricted ad serving,ca-pub-7784034061253020,19,2025-06-23,2025-06-25
makassar.tribunnews.com,Page,N/A,N/A,makassar.tribunnews.com/2020/08/21/5-fakta-skandal-video-syur-mirip-adhisty-zara-zaki-pohan-reaksi-keluarga-hingga-hilang-di-medsos,Policy issue,Ads Disguised as Content,Restricted ad serving,ca-pub-7784034061253020,19,2025-06-24,2025-06-24
m.tribunnews.com,Page,N/A,N/A,m.tribunnews.com/internasional/2012/11/03/pelacur-paling-laris-dapat-pelayanan-yahud-dari-soapland-2,Advertiser preference,Adult: Sexual content,Restricted ad serving,ca-pub-7784034061253020,19,2025-06-22,2025-06-24
kupang.tribunnews.com,Page,N/A,N/A,kupang.tribunnews.com/2019/11/05/wajib-tahu-inilah-posisi-seks-paling-disukai-pria-berdasarkan-zodiaknya,Advertiser preference,Adult: Sexual content;Shocking content,Restricted ad serving,ca-pub-7784034061253020,19,2025-06-21,2025-06-24
jambi.tribunnews.com,Page,N/A,N/A,jambi.tribunnews.com/2018/08/28/3-posisi-ini-direkomendasikan-untuk-si-pemilik-tubuh-gemuk-saat-berhubungan-intim,Advertiser preference,Adult: Sexual content,Restricted ad serving,ca-pub-7784034061253020,19,2025-06-21,2025-06-25
jambi.tribunnews.com,Page,N/A,N/A,jambi.tribunnews.com/2018/07/30/apakah-pemain-film-panas-wanita-benar-benar-orgasme-saat-syuting,Advertiser preference,Adult: Sexual content,Restricted ad serving,ca-pub-7784034061253020,19,2025-06-21,2025-06-25
jambi.tribunnews.com,Page,N/A,N/A,jambi.tribunnews.com/2013/04/04/merasa-digoda-ibu-mertua-sampai-berfantasi-seks-harus-bagaimana,Advertiser preference,Adult: Sexual content,Restricted ad serving,ca-pub-7784034061253020,19,2025-06-19,2025-06-25
jakarta.tribunnews.com,Page,N/A,N/A,jakarta.tribunnews.com/2023/03/10/kronologi-lengkap-pelajar-tewas-dibacok-di-bogor-terkuak-tangis-rintihan-sebelum-meregang-nyawa,Advertiser preference,Shocking content,Restricted ad serving,ca-pub-7784034061253020,19,2025-06-23,2025-06-23
belitung.tribunnews.com,Page,N/A,N/A,belitung.tribunnews.com/2017/11/21/payudara-cewek-ini-pindah-ke-perut-begini-kisahnya,Advertiser preference;Policy issue,Google-served ads obscuring content;Modified Javascript: Ads by Google size,Restricted ad serving,ca-pub-7784034061253020,19,2025-06-21,2025-06-25
batam.tribunnews.com,Page,N/A,N/A,batam.tribunnews.com/2017/05/15/ehem-gigolo-di-bali-ungkap-perilaku-kliennya-tak-cuma-begituan-tapi-juga-minta-begini,Advertiser preference,Adult: Sexual content,Restricted ad serving,ca-pub-7784034061253020,19,2025-06-23,2025-06-25
banten.tribunnews.com,Page,N/A,N/A,banten.tribunnews.com/2020/10/25/panti-pijat-plus-plus-digerebek-simak-pengakuan-terapis-nakal-kepada-petugas,Advertiser preference;Policy issue,Google-served ads obscuring content;Modified Javascript: Ads by Google size,Restricted ad serving,ca-pub-7784034061253020,19,2025-06-24,2025-06-25
banjarmasin.tribunnews.com,Page,N/A,N/A,banjarmasin.tribunnews.com/2015/02/22/bintang-porno-jepang-ini-bukukan-kisah-proses-bikin-video-seks,Advertiser preference,Adult: Sexual content,Restricted ad serving,ca-pub-7784034061253020,19,2025-06-19,2025-06-24
bangka.tribunnews.com,Page,N/A,N/A,bangka.tribunnews.com/2021/10/30/gonta-ganti-pasangan-seksual-jadi-penyebab-sifilis-atau-raja-singa-gunakan-obat-tradisional-ini,Advertiser preference,Shocking content,Restricted ad serving,ca-pub-7784034061253020,19,2025-06-23,2025-06-23
bangka.tribunnews.com,Page,N/A,N/A,bangka.tribunnews.com/2018/03/22/inilah-besaran-biaya-operasi-kelamin-pria-atau-wanita-yang-lebih-mahal,Advertiser preference,Shocking content,Restricted ad serving,ca-pub-7784034061253020,19,2025-06-21,2025-06-23
bangka.tribunnews.com,Page,N/A,N/A,bangka.tribunnews.com/2016/05/29/tamu-hotel-ini-tinggal-pilih-cewek-lewat-foto-kalau-cocok-bayar-rp-300-ribu,Advertiser preference,Adult: Sexual content,Restricted ad serving,ca-pub-7784034061253020,19,2025-06-24,2025-06-24
bali.tribunnews.com,Page,N/A,N/A,bali.tribunnews.com/2019/05/23/wawancara-khusus-dengan-kakek-sugiono-di-jepang-paling-enak-kerja-dengan-wanita-usia-30-40-tahunan,Advertiser preference,Adult: Sexual content,Restricted ad serving,ca-pub-7784034061253020,19,2025-06-20,2025-06-24
bali.tribunnews.com,Page,N/A,N/A,bali.tribunnews.com/2017/07/29/ini-dia-5-tanda-khusus-fisik-wanita-yang-nafsu-birahinya-meletup-letup,Advertiser preference,Adult: Sexual content,Restricted ad serving,ca-pub-7784034061253020,19,2025-06-25,2025-06-25
aceh.tribunnews.com,Page,N/A,N/A,aceh.tribunnews.com/2022/10/13/dr-boyke-ingatkan-wanita-jangan-sering-pakai-lingerie-bisa-bikin-organ-intim-wanita-menderita,Policy issue,Ads Disguised as Content,Restricted ad serving,ca-pub-7784034061253020,19,2025-06-21,2025-06-25
www.tribunnews.com,Page,N/A,N/A,www.tribunnews.com/kesehatan/2014/05/22/pijat-refleksi-buyarkan-sumbatan-kristal-di-bawah-kulit-badan-pun-terasa-segar,Advertiser preference,Shocking content,Restricted ad serving,ca-pub-7784034061253020,18,2025-06-21,2025-06-24
wow.tribunnews.com,Page,N/A,N/A,wow.tribunnews.com/2017/11/20/kencani-boneka-pemuas-nafsu-seharga-rp65-juta-seorang-pria-beberkan-kenikmatan-yang-didapatkannya,Advertiser preference,Adult: Sexual content,Restricted ad serving,ca-pub-7784034061253020,18,2025-06-21,2025-06-24
wow.tribunnews.com,Page,N/A,N/A,wow.tribunnews.com/2017/08/04/inilah-ciri-pria-tak-perjaka-sebelum-menikah-nomor-2-wanita-harus-waspada?page=all,Advertiser preference,Adult: Sexual content,Restricted ad serving,ca-pub-7784034061253020,18,2025-06-24,2025-06-24
wartakota.tribunnews.com,Page,N/A,N/A,wartakota.tribunnews.com/2020/06/04/bagaimana-cara-psk-dapat-pelanggan-saat-wabah-virus-corona-ternyata-begini-strateginya?page=all,Advertiser preference,Shocking content,Restricted ad serving,ca-pub-7784034061253020,18,2025-06-23,2025-06-23
wartakota.tribunnews.com,Page,N/A,N/A,wartakota.tribunnews.com/2015/12/12/inilah-penyakit-yang-mengenai-miss-v-akibat-hubungan-intim,Advertiser preference,Adult: Sexual content,Restricted ad serving,ca-pub-7784034061253020,18,2025-06-24,2025-06-24
ternate.tribunnews.com,Page,N/A,N/A,ternate.tribunnews.com/2021/02/16/video-tiktok-mesum-anak-sma-di-waingapu-ntt-viral-sekolah-konfirmasi-identitas-ortu-akan-dipanggil,Advertiser preference,Content obscuring Google-served ads,Restricted ad serving,ca-pub-7784034061253020,18,2025-06-20,2025-06-24
suryamalang.tribunnews.com,Page,N/A,N/A,suryamalang.tribunnews.com/2017/08/31/pakai-seragam-pramuka-dan-berjilbab-remaja-wanita-ini-bikin-ulah-di-jalan-duh-bikin-geram-aja?page=all,Policy issue,Site Behavior: Navigation,Restricted ad serving,ca-pub-7784034061253020,18,2025-06-25,2025-06-25
surabaya.tribunnews.com,Page,N/A,N/A,surabaya.tribunnews.com/2017/01/09/video-23-pegulat-seksi-siap-layani-para-pria-di-ruang-pasrah-selanjutnya,Advertiser preference,Adult: Sexual content,Restricted ad serving,ca-pub-7784034061253020,18,2025-06-19,2025-06-23
style.tribunnews.com,Page,N/A,N/A,style.tribunnews.com/2016/08/31/baju-transparan-artis-trend-memperlihatkan-puting-payudara-dari-kendall-jenner-hingga-syahrini,Advertiser preference,Adult: Sexual content,Restricted ad serving,ca-pub-7784034061253020,18,2025-06-25,2025-06-25
pontianak.tribunnews.com,Page,N/A,N/A,pontianak.tribunnews.com/2015/08/20/manfaat-tidur-tanpa-busana-dengan-pasangan,Advertiser preference,Adult: Sexual content,Restricted ad serving,ca-pub-7784034061253020,18,2025-06-19,2025-06-24
pekanbaru.tribunnews.com,Page,N/A,N/A,pekanbaru.tribunnews.com/2017/11/17/10-tahun-jual-pulsa-keliling-jangan-kaget-saat-tahu-omzet-harian-pedagang-ini,Advertiser preference,Adult: Sexual content,Restricted ad serving,ca-pub-7784034061253020,18,2025-06-24,2025-06-25
palembang.tribunnews.com,Page,N/A,N/A,palembang.tribunnews.com/2017/11/11/guru-cantik-ini-ngajar-sambil-live-bigo-dalam-kelas-guru-jaman-now-menggoda-banget,Policy issue,Site Behavior: Navigation,Restricted ad serving,ca-pub-7784034061253020,18,2025-06-19,2025-06-23
palembang.tribunnews.com,Page,N/A,N/A,palembang.tribunnews.com/2014/08/14/boneka-seks-buatan-jepang-ini-sungguh-mirip-manusia,Advertiser preference,Adult: Sexual content,Restricted ad serving,ca-pub-7784034061253020,18,2025-06-19,2025-06-25
manado.tribunnews.com,Page,N/A,N/A,manado.tribunnews.com/2018/04/26/beredar-video-pengangkatan-larva-dari-kulit-anjing-penderita-trypophobia-jangan-berani-lihat,Advertiser preference,Shocking content,Restricted ad serving,ca-pub-7784034061253020,18,2025-06-19,2025-06-24
makassar.tribunnews.com,Page,N/A,N/A,makassar.tribunnews.com/2019/06/12/10-potret-cantiknya-iin-ariska-polwan-dengan-uang-panaik-rp-300-juta-1-ton-beras-1-ekor-kuda,Advertiser preference,Shocking content,Restricted ad serving,ca-pub-7784034061253020,18,2025-06-24,2025-06-24
madura.tribunnews.com,Page,N/A,N/A,madura.tribunnews.com/2020/01/02/daftar-harga-rokok-terbaru-setelah-tarif-cukai-rokok-naik-2020marlboro-ice-blast-capai-rp-52500,Advertiser preference,Shocking content,Restricted ad serving,ca-pub-7784034061253020,18,2025-06-20,2025-06-25
m.tribunnews.com,Page,N/A,N/A,m.tribunnews.com/regional/2014/12/22/wanita-asal-makassar-ini-jadi-bintang-film-porno-di-amerika-serikat,Advertiser preference,Shocking content,Restricted ad serving,ca-pub-7784034061253020,18,2025-06-23,2025-06-24
kupang.tribunnews.com,Page,N/A,N/A,kupang.tribunnews.com/2019/12/04/menyamar-jadi-wanita-berjilbab-abg-pria-ini-mesum-di-kos-pacarnya-sandal-baju-bongkar-kedoknya,Advertiser preference,Google-served ads obscuring content,Restricted ad serving,ca-pub-7784034061253020,18,2025-06-22,2025-06-24
jogja.tribunnews.com,Page,N/A,N/A,jogja.tribunnews.com/kesehatan/seks,Advertiser preference,Adult: Sexual content,Restricted ad serving,ca-pub-7784034061253020,18,2025-06-24,2025-06-25
jateng.tribunnews.com,Page,N/A,N/A,jateng.tribunnews.com/2016/10/11/cari-obat-haid-tempat-pijat-dan-luluran-hingga-obat-kuat-di-semarang-dan-sekitarnya?page=4,Advertiser preference,Adult: Sexual content,Restricted ad serving,ca-pub-7784034061253020,18,2025-06-24,2025-06-24
jateng.tribunnews.com,Page,N/A,N/A,jateng.tribunnews.com/2016/09/17/membongkar-praktik-pijat-plus-plus-dan-inilah-kehebohan-saat-penggerebekannya,Advertiser preference,Adult: Sexual content,Restricted ad serving,ca-pub-7784034061253020,18,2025-06-23,2025-06-23
jambi.tribunnews.com,Page,N/A,N/A,jambi.tribunnews.com/2018/07/21/ini-lho-9-posisi-paling-memuaskan-menurut-dr-boyke-parents-sudah-coba-yang-mana,Advertiser preference,Adult: Sexual content,Restricted ad serving,ca-pub-7784034061253020,18,2025-06-24,2025-06-24
jambi.tribunnews.com,Page,N/A,N/A,jambi.tribunnews.com/2018/04/30/5-gaya-bercinta-paling-populer-di-dalam-kitab-kamasutra-wanita-paling-senang?page=all,Advertiser preference,Adult: Sexual content,Restricted ad serving,ca-pub-7784034061253020,18,2025-06-25,2025-06-25
jambi.tribunnews.com,Page,N/A,N/A,jambi.tribunnews.com/2018/01/18/7-zona-sensitif-wanita-yang-saat-disentuh-bikin-kejang-kejang-mabuk-kepayang-para-pria-harus-tahu,Advertiser preference,Adult: Sexual content,Restricted ad serving,ca-pub-7784034061253020,18,2025-06-21,2025-06-24
jambi.tribunnews.com,Page,N/A,N/A,jambi.tribunnews.com/2014/08/29/pijat-pijat-vagina-supaya-lebih-hot,Advertiser preference,Adult: Sexual content,Restricted ad serving,ca-pub-7784034061253020,18,2025-06-19,2025-06-24
belitung.tribunnews.com,Page,N/A,N/A,belitung.tribunnews.com/2018/12/08/pasangan-suami-istri-ini-5-cara-agar-bercinta-hubungan-intim-tahan-lama-di-ranjang,Advertiser preference,Adult: Sexual content,Restricted ad serving,ca-pub-7784034061253020,18,2025-06-24,2025-06-24
bangka.tribunnews.com,Page,N/A,N/A,bangka.tribunnews.com/2017/10/06/wanita-ini-tak-tahan-digoda-mertua-ia-ketagihan-tapi-takut-ketahuan,Advertiser preference;Policy issue,Adult: Sexual content;Site Behavior: Navigation,Restricted ad serving,ca-pub-7784034061253020,18,2025-06-25,2025-06-25
bangka.tribunnews.com,Page,N/A,N/A,bangka.tribunnews.com/2016/10/29/mengerikan-pria-ini-bunuh-diri-live-video-streaming-di-facebook-alasannya-bikin-miris,Advertiser preference,Shocking content,Restricted ad serving,ca-pub-7784034061253020,18,2025-06-22,2025-06-24
bangka.tribunnews.com,Page,N/A,N/A,bangka.tribunnews.com/2016/10/29/inilah-fakta-fakta-menarik-tentang-ryoko-nakaoka-payudara-terindah-dari-jepang,Advertiser preference,Adult: Sexual content,Restricted ad serving,ca-pub-7784034061253020,18,2025-06-19,2025-06-25
bangka.tribunnews.com,Page,N/A,N/A,bangka.tribunnews.com/2016/04/13/muda-mudi-berseragam-pramuka-dugem-syur-di-kelas,Advertiser preference,Adult: Sexual content,Restricted ad serving,ca-pub-7784034061253020,18,2025-06-24,2025-06-24
ambon.tribunnews.com,Page,N/A,N/A,ambon.tribunnews.com/2019/10/05/ada-foto-video-call-bugil-bareng-pria-pakai-11-akun-ig-sebar-foto-syur-pegawai-bank,Advertiser preference,Adult: Sexual content,Restricted ad serving,ca-pub-7784034061253020,18,2025-06-20,2025-06-23
aceh.tribunnews.com,Page,N/A,N/A,aceh.tribunnews.com/2020/02/13/terungkap-remaja-indonesia-jual-keperawanan-di-cinderella-escorts-laku-rp-19-m-begini-kisahnya,Advertiser preference,Shocking content,Restricted ad serving,ca-pub-7784034061253020,18,2025-06-22,2025-06-25
www.tribunnews.com,Page,N/A,N/A,www.tribunnews.com/techno/2018/09/05/viral-foto-pemuda-diduga-pelaku-pencurian-miliki-payudara-kok-bisa,Advertiser preference,Adult: Sexual content,Restricted ad serving,ca-pub-7784034061253020,17,2025-06-24,2025-06-24
www.tribunnews.com,Page,N/A,N/A,www.tribunnews.com/regional/2019/10/22/heboh-video-2-menit-adegan-panas-dosen-dan-mahasiswi-diduga-di-bandung-latar-video-gedung-sate,Advertiser preference,Adult: Sexual content,Restricted ad serving,ca-pub-7784034061253020,17,2025-06-19,2025-06-25
wartakota.tribunnews.com,Page,N/A,N/A,wartakota.tribunnews.com/2015/07/16/7-waktu-yang-tepat-untuk-hubungan-intim,Advertiser preference,Adult: Sexual content,Restricted ad serving,ca-pub-7784034061253020,17,2025-06-21,2025-06-25
video.tribunnews.com,Page,N/A,N/A,video.tribunnews.com/view/38436/beredar-rekaman-2-guru-di-jambi-berbuat-mesum-di-ruang-kelas-masing-masing-sudah-berkeluarga,Policy issue,Site Behavior: Navigation,Restricted ad serving,ca-pub-7784034061253020,17,2025-06-19,2025-06-23
surabaya.tribunnews.com,Page,N/A,N/A,surabaya.tribunnews.com/2010/06/09/heboh-lagi-video-seks-ariel-cut-tari,Advertiser preference,Adult: Sexual content,Restricted ad serving,ca-pub-7784034061253020,17,2025-06-23,2025-06-24
style.tribunnews.com,Page,N/A,N/A,style.tribunnews.com/2017/09/13/miris-tak-hanya-sera-amanecowok-indonesia-ini-juga-jadi-bintang-film-dewasa-spesialis-sejenis,Policy issue,Site Behavior: Navigation,Restricted ad serving,ca-pub-7784034061253020,17,2025-06-19,2025-06-25
style.tribunnews.com,Page,N/A,N/A,style.tribunnews.com/2017/07/21/10-alasan-mengapa-tidur-tanpa-busana-menyehatkan-no-4-terkait-erat-dengan-penyaluran-libido?page=4,Advertiser preference,Adult: Sexual content,Restricted ad serving,ca-pub-7784034061253020,17,2025-06-25,2025-06-25
pontianak.tribunnews.com,Page,N/A,N/A,pontianak.tribunnews.com/topic/video-mesum-pelajar?url=2017/11/07/terungkap-ini-lokasi-mesum-pelajar-smp-di-kubu-raya,Advertiser preference,Adult: Sexual content,Restricted ad serving,ca-pub-7784034061253020,17,2025-06-23,2025-06-23
palembang.tribunnews.com,Page,N/A,N/A,palembang.tribunnews.com/2017/04/17/astaga-video-petualangan-seks-bule-di-bali-dengan-gadis-china-dan-58-wanita-indonesia-beredar,Advertiser preference,Adult: Sexual content,Restricted ad serving,ca-pub-7784034061253020,17,2025-06-23,2025-06-24
medan.tribunnews.com,Page,N/A,N/A,medan.tribunnews.com/2013/12/22/wali-kota-surabaya-gelar-pengajian-tandai-penutupan-lokalisasi-moroseneng,Advertiser preference,Shocking content,Restricted ad serving,ca-pub-7784034061253020,17,2025-06-20,2025-06-25
makassar.tribunnews.com,Page,N/A,N/A,makassar.tribunnews.com/2022/02/04/pengantin-pria-lemas-di-malam-pertama-usai-lihat-sebuah-videosang-istri-tak-seperti-yang-diharapkan,Policy issue,Ads Disguised as Content,Restricted ad serving,ca-pub-7784034061253020,17,2025-06-20,2025-06-24
m.tribunnews.com,Page,N/A,N/A,m.tribunnews.com/seleb/2017/03/19/alasan-nikita-mirzani-lebih-suka-tak-pakai-bra-saat-beraktivitas,Advertiser preference,Adult: Sexual content,Restricted ad serving,ca-pub-7784034061253020,17,2025-06-24,2025-06-24
lampung.tribunnews.com,Page,N/A,N/A,lampung.tribunnews.com/2017/11/18/pria-pijat-gratis-banyak-wanita-tapi-remas-remas-bagian-ini,Advertiser preference,Adult: Sexual content,Restricted ad serving,ca-pub-7784034061253020,17,2025-06-20,2025-06-25
kupang.tribunnews.com,Page,N/A,N/A,kupang.tribunnews.com/2014/05/01/di-maumere-ada-4-lokasi-ese-esek,Advertiser preference,Adult: Sexual content,Restricted ad serving,ca-pub-7784034061253020,17,2025-06-21,2025-06-25
jogja.tribunnews.com,Page,N/A,N/A,jogja.tribunnews.com/2018/01/06/terungkap-pria-dengan-mr-p-terpanjang-asal-meksiko-ternyata-gunakan-trik-ini,Advertiser preference,Adult: Sexual content,Restricted ad serving,ca-pub-7784034061253020,17,2025-06-21,2025-06-24
jambi.tribunnews.com,Page,N/A,N/A,jambi.tribunnews.com/2019/08/03/drama-manis-perekrutan-gadis-bawah-umur-untuk-pijat-plus-plus-pelanggan-kalangan-menengah-atas,Advertiser preference,Adult: Sexual content,Restricted ad serving,ca-pub-7784034061253020,17,2025-06-20,2025-06-24
jambi.tribunnews.com,Page,N/A,N/A,jambi.tribunnews.com/2017/09/10/4-bagian-tubuh-wanita-yang-bikin-bergairah-ini-mungkin-tak-pernah-anda-duga,Advertiser preference,Adult: Sexual content,Restricted ad serving,ca-pub-7784034061253020,17,2025-06-24,2025-06-24
belitung.tribunnews.com,Page,N/A,N/A,belitung.tribunnews.com/2019/08/21/cara-ayam-kampus-cari-pelanggan-segini-tarif-sekali-kencan,Advertiser preference,Adult: Sexual content,Restricted ad serving,ca-pub-7784034061253020,17,2025-06-19,2025-06-24
belitung.tribunnews.com,Page,N/A,N/A,belitung.tribunnews.com/2017/10/02/mama-muda-ini-diam-saja-saat-dukun-urut-remas-dadanya-begini-reaksinya-saat-diraba-kemaluannya,Advertiser preference,Adult: Sexual content,Restricted ad serving,ca-pub-7784034061253020,17,2025-06-19,2025-06-24
batam.tribunnews.com,Page,N/A,N/A,batam.tribunnews.com/2017/11/24/ehem-inilah-5-fakta-cewek-yang-suka-nonton-film-hot-ada-fakta-yang-bikin-syok-dari-indonesia,Advertiser preference,Adult: Sexual content,Restricted ad serving,ca-pub-7784034061253020,17,2025-06-20,2025-06-24
bangka.tribunnews.com,Page,N/A,N/A,bangka.tribunnews.com/2018/05/07/bisnis-esek-esek-di-apartemen-kalibata-city-terbongkar-modusnya-jasa-pijat-tradisional,Advertiser preference,Adult: Sexual content,Restricted ad serving,ca-pub-7784034061253020,17,2025-06-21,2025-06-25
bangka.tribunnews.com,Page,N/A,N/A,bangka.tribunnews.com/2017/02/05/kecanduan-seks-deretan-artis-hollywood-ini-sudah-tidur-dengan-lebih-dari-1000-wanita,Advertiser preference,Adult: Sexual content,Restricted ad serving,ca-pub-7784034061253020,17,2025-06-23,2025-06-24
bali.tribunnews.com,Page,N/A,N/A,bali.tribunnews.com/2018/02/12/pembeli-sex-toy-di-bali-adalah-ibu-muda-dan-remaja-putri-jenis-ini-bisa-bikin-klimaks-berkali-kali,Advertiser preference,Adult: Sexual content,Restricted ad serving,ca-pub-7784034061253020,17,2025-06-25,2025-06-25
www.tribunnews.com,Page,N/A,N/A,www.tribunnews.com/regional/2017/11/15/aku-bilang-ituku-sakit-tapi-dia-terus-ngajak-hubungan-intim-pakai-terong-dan-timun,Advertiser preference,Adult: Sexual content,Restricted ad serving,ca-pub-7784034061253020,16,2025-06-20,2025-06-25
www.tribunnews.com,Page,N/A,N/A,www.tribunnews.com/regional/2017/08/07/cewek-suka-pamer-dada-ini-bikin-resah-fotonya-pun-viral,Advertiser preference,Adult: Sexual content,Restricted ad serving,ca-pub-7784034061253020,16,2025-06-20,2025-06-23
www.tribunnews.com,Page,N/A,N/A,www.tribunnews.com/regional/2017/05/23/fakta-kaum-gay-di-palembang-tak-kalah-mencengangkan-dibanding-ibu-kota,Advertiser preference,Adult: Sexual content;Shocking content,Restricted ad serving,ca-pub-7784034061253020,16,2025-06-22,2025-06-25
www.tribunnews.com,Page,N/A,N/A,www.tribunnews.com/nasional/2018/01/09/wanita-dewasa-di-video-threesome-dengan-2-bocah-di-bandung-sehari-harinya-pemandu-lagu-karaoke,Advertiser preference,Adult: Sexual content,Restricted ad serving,ca-pub-7784034061253020,16,2025-06-21,2025-06-24
www.tribunnews.com,Page,N/A,N/A,www.tribunnews.com/internasional/2016/11/02/buah-dada-cantik-wanita-jepang-ini-dirawat-khusus-mulai-sma,Advertiser preference,Adult: Sexual content,Restricted ad serving,ca-pub-7784034061253020,16,2025-06-24,2025-06-24
wow.tribunnews.com,Page,N/A,N/A,wow.tribunnews.com/2018/12/06/video-kamera-tersembunyi-di-toilet-dan-ruang-ganti-mewabah-bahkan-jadi-kanal-di-situs-ini-modusnya,Advertiser preference,Shocking content,Restricted ad serving,ca-pub-7784034061253020,16,2025-06-22,2025-06-23
sumsel.tribunnews.com,Page,N/A,N/A,sumsel.tribunnews.com/2018/11/20/sering-pakai-karet-gelang-di-leher-tabung-gas-elpiji-ternyata-sangat-berbahaya-ini-penjelasannya,Advertiser preference,Google-served ads obscuring content,Restricted ad serving,ca-pub-7784034061253020,16,2025-06-25,2025-06-25
style.tribunnews.com,Page,N/A,N/A,style.tribunnews.com/2018/04/12/jupiter-fortissimo-5-fakta-artis-yang-dipenjara-karena-narkoba-pesta-gay-kini-kondisinya-miris,Policy issue,Site Behavior: Navigation,Restricted ad serving,ca-pub-7784034061253020,16,2025-06-24,2025-06-24
pontianak.tribunnews.com,Page,N/A,N/A,pontianak.tribunnews.com/tag/pembacokan,Advertiser preference,Shocking content,Restricted ad serving,ca-pub-7784034061253020,16,2025-06-21,2025-06-24
pontianak.tribunnews.com,Page,N/A,N/A,pontianak.tribunnews.com/2018/12/19/mau-tahu-laundry-kiloan-terdekat-di-pontianak-ini-daftarnya,Policy issue,Site Behavior: Navigation,Restricted ad serving,ca-pub-7784034061253020,16,2025-06-19,2025-06-23
pekanbaru.tribunnews.com,Page,N/A,N/A,pekanbaru.tribunnews.com/2023/05/16/twitter-video-viral-ada-link-video-viral-dua-selebgram-cantik-syafilah-dan-syalifah-beredar?page=all,Advertiser preference,Google-served ads obscuring content,Restricted ad serving,ca-pub-7784034061253020,16,2025-06-23,2025-06-23
pekanbaru.tribunnews.com,Page,N/A,N/A,pekanbaru.tribunnews.com/2021/09/23/sugar-mommy-adalah-simak-ini-arti-sugar-mommy-atau-sugar-mommy-artinya-dalam-bahasa-gaul,Advertiser preference;Policy issue,Encouraging accidental clicks: Layout;Google-served ads obscuring content,Restricted ad serving,ca-pub-7784034061253020,16,2025-06-21,2025-06-23
palembang.tribunnews.com,Page,N/A,N/A,palembang.tribunnews.com/2016/10/27/inilah-ciri-ciri-paling-mudah-tanda-seorang-wanita-tidak-perawan-lagi,Advertiser preference,Adult: Sexual content,Restricted ad serving,ca-pub-7784034061253020,16,2025-06-19,2025-06-25
medan.tribunnews.com,Page,N/A,N/A,medan.tribunnews.com/2017/08/12/video-astaga-kolonel-dan-letkol-tni-au-adu-jotos-hingga-darah-mengucur-dari-wajah,Advertiser preference;Policy issue,Ads Disguised as Content;Shocking content,Restricted ad serving,ca-pub-7784034061253020,16,2025-06-23,2025-06-23
medan.tribunnews.com,Page,N/A,N/A,medan.tribunnews.com/2015/07/25/darah-belut-cara-psk-china-kelabui-pelanggan-dan-naikkan-tarif,Advertiser preference,Adult: Sexual content,Restricted ad serving,ca-pub-7784034061253020,16,2025-06-19,2025-06-24
makassar.tribunnews.com,Page,N/A,N/A,makassar.tribunnews.com/2019/09/30/pede-kirim-foto-alat-vital-ke-wanita-pria-ini-kaget-dikirimi-balik-foto-kok-bentuknya-samaternyata?page=all,Advertiser preference,Shocking content,Restricted ad serving,ca-pub-7784034061253020,16,2025-06-24,2025-06-24
makassar.tribunnews.com,Page,N/A,N/A,makassar.tribunnews.com/2017/03/27/sisi-buruk-inul-daratista-dari-pose-bugil-hingga-pake-syurban-mojok-ama-wanita-main-sex-skype,Advertiser preference,Shocking content,Restricted ad serving,ca-pub-7784034061253020,16,2025-06-19,2025-06-25
lampung.tribunnews.com,Page,N/A,N/A,lampung.tribunnews.com/2018/11/21/video-mesum-siswi-sma-diputar-pakai-proyektor-di-ruang-kelas-ditonton-teman-teman-sekolah-korban,Advertiser preference,Adult: Sexual content;Shocking content,Restricted ad serving,ca-pub-7784034061253020,16,2025-06-23,2025-06-23
kupang.tribunnews.com,Page,N/A,N/A,kupang.tribunnews.com/2018/11/13/intip-yuk-ini-4-alasan-yang-bikin-wanita-lebih-tua-memilih-pacari-brondong,Advertiser preference,Adult: Sexual content,Restricted ad serving,ca-pub-7784034061253020,16,2025-06-24,2025-06-24
kupang.tribunnews.com,Page,N/A,N/A,kupang.tribunnews.com/2018/09/05/7-artis-ini-miliki-payudara-terindah-di-tahun-2017-adakah-idolamu,Advertiser preference,Shocking content,Restricted ad serving,ca-pub-7784034061253020,16,2025-06-20,2025-06-23
kupang.tribunnews.com,Page,N/A,N/A,kupang.tribunnews.com/2017/10/13/viral-ibu-ini-ungkap-bh-berisi-silikon-penyebab-kanker-payudara?page=all,Policy issue,Site Behavior: Navigation,Restricted ad serving,ca-pub-7784034061253020,16,2025-06-25,2025-06-25
kupang.tribunnews.com,Page,N/A,N/A,kupang.tribunnews.com/2017/04/05/ssstt-inilah-dia-8-fakta-liar-tentang-mr-p,Advertiser preference,Adult: Sexual content,Restricted ad serving,ca-pub-7784034061253020,16,2025-06-21,2025-06-23
jogja.tribunnews.com,Page,N/A,N/A,jogja.tribunnews.com/2017/08/25/beda-rasa-gak-sih-antaramr-p-yang-disunat-dan-tidak-ini-penjelasan-para-ahli,Advertiser preference,Adult: Sexual content,Restricted ad serving,ca-pub-7784034061253020,16,2025-06-22,2025-06-25
jatim.tribunnews.com,Page,N/A,N/A,jatim.tribunnews.com/2019/02/13/terdeteksi-x-ray-di-kantor-pos-bea-cukai-kediri-sita-puluhan-sex-toys-siap-jual-dari-tiongkok,Advertiser preference,Adult: Sexual content,Restricted ad serving,ca-pub-7784034061253020,16,2025-06-19,2025-06-24
jatim.tribunnews.com,Page,N/A,N/A,jatim.tribunnews.com/2017/06/29/video-adegan-panas-sulli-dan-kim-so-hyun-tersebar-viral-bikin-netizen-syok-oppa-udah-nggak-suci,Policy issue,Site Behavior: Navigation,Restricted ad serving,ca-pub-7784034061253020,16,2025-06-22,2025-06-24
jatim.tribunnews.com,Page,N/A,N/A,jatim.tribunnews.com/2017/05/19/10-foto-bugil-artis-yang-dipajang-di-cover-majalah-pria-tanpa-seijin-mereka-melotot-liat-posenya,Advertiser preference,Adult: Sexual content,Restricted ad serving,ca-pub-7784034061253020,16,2025-06-21,2025-06-25
jateng.tribunnews.com,Page,N/A,N/A,jateng.tribunnews.com/2018/02/03/ngeri-wanita-ini-diberi-obat-perangsang-oleh-pacarnya-efeknya-sungguh-mengerikan,Advertiser preference,Adult: Sexual content,Restricted ad serving,ca-pub-7784034061253020,16,2025-06-24,2025-06-25
jateng.tribunnews.com,Page,N/A,N/A,jateng.tribunnews.com/2016/04/18/wanita-ini-pemecah-rekor-payudara-terbesar-di-dunia-ingin-tahu-ukurannya,Advertiser preference,Adult: Sexual content,Restricted ad serving,ca-pub-7784034061253020,16,2025-06-21,2025-06-23
jambi.tribunnews.com,Page,N/A,N/A,jambi.tribunnews.com/2020/11/10/link-full-video-panas-gisella-anastasia-diburu-warganet-hingga-jadi-bahan-guyonan-di-media-sosial,Advertiser preference,Google-served ads obscuring content,Restricted ad serving,ca-pub-7784034061253020,16,2025-06-20,2025-06-23
jambi.tribunnews.com,Page,N/A,N/A,jambi.tribunnews.com/2019/04/11/anak-gorok-leher-ibu-sendiri-sampai-nyaris-putus-terikan-anak-yang-dipasung-buat-warga-berdatangan,Advertiser preference,Shocking content,Restricted ad serving,ca-pub-7784034061253020,16,2025-06-25,2025-06-25
jabar.tribunnews.com,Page,N/A,N/A,jabar.tribunnews.com/2022/03/25/pengobatan-alat-vital-mak-erot-terpercaya-cigadog-cisolok-sukabumi-dan-pondok-gede-bekasi,Policy issue,Ads Disguised as Content,Restricted ad serving,ca-pub-7784034061253020,16,2025-06-21,2025-06-25
bogor.tribunnews.com,Page,N/A,N/A,bogor.tribunnews.com/2018/02/24/waspadai-fenomena-akhwat-hunter-jadikan-wanita-berjilbab-hingga-bercadar-sebagai-bahan-fantasi,Advertiser preference,Google-served ads obscuring content,Restricted ad serving,ca-pub-7784034061253020,16,2025-06-21,2025-06-23
bogor.tribunnews.com,Page,N/A,N/A,bogor.tribunnews.com/2016/08/02/ini-pose-pose-model-majalah-playboy-yang-terbit-di-tahun-70-an-masih-cantik-dan-aduhai,Advertiser preference,Adult: Sexual content,Restricted ad serving,ca-pub-7784034061253020,16,2025-06-23,2025-06-23
bengkulu.tribunnews.com,Page,N/A,N/A,bengkulu.tribunnews.com/2022/10/07/rebahin-pindah-kemana-berikut-link-alternatif-terbaru-dan-terlaris-nonton-streaming-2022,Policy issue,Ads Disguised as Content,Restricted ad serving,ca-pub-7784034061253020,16,2025-06-20,2025-06-24
belitung.tribunnews.com,Page,N/A,N/A,belitung.tribunnews.com/2020/10/26/detik-detik-psk-tewas-dibunuh-pelanggan-leher-ditusuk-sajam-sempat-melawang-gigit-tangan-pelaku,Advertiser preference,Shocking content,Restricted ad serving,ca-pub-7784034061253020,16,2025-06-25,2025-06-25
belitung.tribunnews.com,Page,N/A,N/A,belitung.tribunnews.com/2018/02/13/saya-tak-mampu-menahannya-pertama-kali-coba-saya-terpuaskan,Advertiser preference,Adult: Sexual content,Restricted ad serving,ca-pub-7784034061253020,16,2025-06-23,2025-06-23
banten.tribunnews.com,Page,N/A,N/A,banten.tribunnews.com/2021/01/29/ini-pekerjaan-asli-kakek-sugiono-sebut-nama-wanita-saat-pertama-kali-syuting-saya-cuma-ingat-ozawa,Policy issue,Ads Disguised as Content,Restricted ad serving,ca-pub-7784034061253020,16,2025-06-24,2025-06-25
banjarmasin.tribunnews.com,Page,N/A,N/A,banjarmasin.tribunnews.com/2018/03/26/ini-jamu-kuat-yang-tak-bikin-cepat-lemas-dan-jadi-primodona-pria-dan-ibu-ibu-di-banjarbaru,Advertiser preference,Adult: Sexual content,Restricted ad serving,ca-pub-7784034061253020,16,2025-06-23,2025-06-23
banjarmasin.tribunnews.com,Page,N/A,N/A,banjarmasin.tribunnews.com/2015/12/01/datang-dari-desa-terpencil-gadis-cantik-ini-juara-kontes-payudara-terindah-ini-foto-fotonya,Advertiser preference,Adult: Sexual content,Restricted ad serving,ca-pub-7784034061253020,16,2025-06-20,2025-06-24
banjarmasin.tribunnews.com,Page,N/A,N/A,banjarmasin.tribunnews.com/2013/12/05/di-india-sapi-jadi-inspirasi-gaya-bercinta,Advertiser preference,Adult: Sexual content,Restricted ad serving,ca-pub-7784034061253020,16,2025-06-19,2025-06-24
bangka.tribunnews.com,Page,N/A,N/A,bangka.tribunnews.com/2022/02/16/viral-di-twitter-pasangan-gay-buat-video-asusila-siang-hari-di-sawah-raup-cuan-rp17-juta,Policy issue,Ads Disguised as Content,Restricted ad serving,ca-pub-7784034061253020,16,2025-06-21,2025-06-23
bangka.tribunnews.com,Page,N/A,N/A,bangka.tribunnews.com/2020/12/07/tak-disangka-aktor-aktor-ini-disebut-lakukan-adegan-panas-sungguhan-di-film-ada-robert-pattinson,Policy issue,Ads Disguised as Content,Restricted ad serving,ca-pub-7784034061253020,16,2025-06-23,2025-06-23
bangka.tribunnews.com,Page,N/A,N/A,bangka.tribunnews.com/2020/01/13/saat-suaminya-lagi-tidur-istri-bercinta-dengan-pria-lain-di-sebelah-ranjangnya-endingnya-sakit,Advertiser preference,Adult: Sexual content,Restricted ad serving,ca-pub-7784034061253020,16,2025-06-21,2025-06-25
bangka.tribunnews.com,Page,N/A,N/A,bangka.tribunnews.com/2018/07/24/miliki-aura-kecantikan-ini-5-fakta-wanita-berkumis-tipis?page=all,Advertiser preference,Adult: Sexual content,Restricted ad serving,ca-pub-7784034061253020,16,2025-06-23,2025-06-23
bangka.tribunnews.com,Page,N/A,N/A,bangka.tribunnews.com/2016/10/14/cerita-bintang-porno-dunia-ini-menangis-saat-dijebak-harus-adegan-panas-dilihat-banyak-orang,Advertiser preference,Adult: Sexual content,Restricted ad serving,ca-pub-7784034061253020,16,2025-06-19,2025-06-24
bali.tribunnews.com,Page,N/A,N/A,bali.tribunnews.com/2019/01/24/terungkap-saat-maksa-ingin-adopsi-ternyata-sky-sekarat-dalam-karung-di-tempat-penitipan,Advertiser preference,Shocking content,Restricted ad serving,ca-pub-7784034061253020,16,2025-06-25,2025-06-25
www.tribunnews.com,Page,N/A,N/A,www.tribunnews.com/regional/2019/07/04/tawarkan-pijat-plus-plus-manajer-panti-pijat-di-tangerang-ditangkap-polisi-tarifnya-rp-600-ribu,Advertiser preference,Adult: Sexual content,Restricted ad serving,ca-pub-7784034061253020,15,2025-06-19,2025-06-24
www.tribunnews.com,Page,N/A,N/A,www.tribunnews.com/regional/2015/04/22/obat-kuat-legal-laris-manis-di-manado,Advertiser preference,Adult: Sexual content,Restricted ad serving,ca-pub-7784034061253020,15,2025-06-20,2025-06-24
www.tribunnews.com,Page,N/A,N/A,www.tribunnews.com/pendidikan/2021/10/26/tugas-dan-wewenang-lembaga-lembaga-negara-indonesia-dari-presiden-hingga-komisi-yudisial,Advertiser preference,Google-served ads obscuring content,Restricted ad serving,ca-pub-7784034061253020,15,2025-06-25,2025-06-25
www.tribunnews.com,Page,N/A,N/A,www.tribunnews.com/kesehatan/2017/07/15/sudah-lansia-ini-trik-bercinta-yang-aman-dilakukan-nenek-rohaya-dan-suami-brondongnya,Advertiser preference,Adult: Sexual content,Restricted ad serving,ca-pub-7784034061253020,15,2025-06-19,2025-06-23
www.tribunnews.com,Page,N/A,N/A,www.tribunnews.com/kesehatan/2015/01/14/semua-miss-v-dijamin-bisa-sesuaikan-ukuran-besar-kecil-mr-p,Advertiser preference,Adult: Sexual content,Restricted ad serving,ca-pub-7784034061253020,15,2025-06-19,2025-06-24
www.tribunjualbeli.com,Page,N/A,N/A,www.tribunjualbeli.com/dki-jakarta/2325650/obat-tidur-trivam-propofol-25mg-cair-ampuh-jakarta-barat,Advertiser preference,Adult: Sexual content,Restricted ad serving,ca-pub-7784034061253020,15,2025-06-19,2025-06-23
wartakota.tribunnews.com,Page,N/A,N/A,wartakota.tribunnews.com/2017/05/18/perawat-basah-perawat-khusus-menyusui-pria-dewasa-looh,Advertiser preference,Adult: Sexual content,Restricted ad serving,ca-pub-7784034061253020,15,2025-06-21,2025-06-24
suryamalang.tribunnews.com,Page,N/A,N/A,suryamalang.tribunnews.com/2021/03/19/6-foto-amanda-manopo-pamer-paha-mulus-jadi-sorotan-lihat-pesona-seksi-andin-ikatan-cinta,Advertiser preference;Policy issue,Encouraging accidental clicks: Layout;Google-served ads obscuring content,Restricted ad serving,ca-pub-7784034061253020,15,2025-06-23,2025-06-23
surabaya.tribunnews.com,Page,N/A,N/A,surabaya.tribunnews.com/2015/06/23/pria-ini-aneh-tak-bisa-tidur-tanpa-cium-bau-bra-dan-celana-dalam,Advertiser preference,Adult: Sexual content,Restricted ad serving,ca-pub-7784034061253020,15,2025-06-21,2025-06-24
style.tribunnews.com,Page,N/A,N/A,style.tribunnews.com/2016/08/28/sifat-seksual-pria-cowok-kok-gampang-horny-ya-ini-penjelasannya,Advertiser preference,Adult: Sexual content,Restricted ad serving,ca-pub-7784034061253020,15,2025-06-25,2025-06-25
solo.tribunnews.com,Page,N/A,N/A,solo.tribunnews.com/2016/08/13/profesi-inilah-yang-membuat-film-panas-terlihat-realistis-dan-sukses-menipu-banyak-orang,Advertiser preference,Adult: Sexual content,Restricted ad serving,ca-pub-7784034061253020,15,2025-06-21,2025-06-24
pekanbaru.tribunnews.com,Page,N/A,N/A,pekanbaru.tribunnews.com/2025/06/18/fakta-fakta-pembacokan-berantai-di-aceh-tenggara-5-orang-sekeluarga-tewas-pelaku-buron,Advertiser preference,Shocking content,Restricted ad serving,ca-pub-7784034061253020,15,2025-06-22,2025-06-25
makassar.tribunnews.com,Page,N/A,N/A,makassar.tribunnews.com/2020/01/06/5-artis-perankan-hubungan-intim-tapi-akhirnya-menikmati-adegan-ranjang-itu-ada-yang-bareng-brondong,Advertiser preference,Adult: Sexual content,Restricted ad serving,ca-pub-7784034061253020,15,2025-06-19,2025-06-25
lampung.tribunnews.com,Page,N/A,N/A,lampung.tribunnews.com/2018/05/10/5-artis-cantik-ini-berstatus-janda-muda-pilih-cerai-karena-dipaksa-foto-telanjang,Advertiser preference;Policy issue,Adult: Sexual content;Site Behavior: Navigation,Restricted ad serving,ca-pub-7784034061253020,15,2025-06-20,2025-06-23
kupang.tribunnews.com,Page,N/A,N/A,kupang.tribunnews.com/2019/10/23/sekitar-50-wanita-pekerja-seks-jalanan-berkeliaran-di-kota-lewoleba-lembata,Advertiser preference,Adult: Sexual content,Restricted ad serving,ca-pub-7784034061253020,15,2025-06-20,2025-06-25
kupang.tribunnews.com,Page,N/A,N/A,kupang.tribunnews.com/2017/09/26/goyangan-pamela-duo-serigala-panas-dari-insiden-dada-nyembul-sampai-pose-nugingnya-bikin-heboh,Advertiser preference,Adult: Sexual content,Restricted ad serving,ca-pub-7784034061253020,15,2025-06-21,2025-06-24
kupang.tribunnews.com,Page,N/A,N/A,kupang.tribunnews.com/2017/05/19/ini-4-bentuk-vagina-yang-disukai-pria-nomor-4-paling-oke-menurutmu-guys,Advertiser preference,Adult: Sexual content,Restricted ad serving,ca-pub-7784034061253020,15,2025-06-23,2025-06-23
jogja.tribunnews.com,Page,N/A,N/A,jogja.tribunnews.com/2016/11/18/lakukanlah-ini-agar-istri-puas-saat-bercinta,Advertiser preference,Adult: Sexual content,Restricted ad serving,ca-pub-7784034061253020,15,2025-06-25,2025-06-25
jogja.tribunnews.com,Page,N/A,N/A,jogja.tribunnews.com/2015/12/01/perempuan-ini-dinobatkan-sebagai-pemilik-payudara-terindah-di-china,Advertiser preference,Adult: Sexual content,Restricted ad serving,ca-pub-7784034061253020,15,2025-06-19,2025-06-23
jogja.tribunnews.com,Page,N/A,N/A,jogja.tribunnews.com/2015/08/20/bagaimana-hukum-pasutri-mengkonsumsi-obat-perangsang,Advertiser preference,Adult: Sexual content,Restricted ad serving,ca-pub-7784034061253020,15,2025-06-22,2025-06-24
jatim.tribunnews.com,Page,N/A,N/A,jatim.tribunnews.com/2021/01/29/ibu-nekat-setubuhi-anak-kandung-sendiri-direkam-dan-kirim-video-ke-suami-ngaku-haus-belaian?page=all,Advertiser preference,Google-served ads obscuring content,Restricted ad serving,ca-pub-7784034061253020,15,2025-06-23,2025-06-23
jambi.tribunnews.com,Page,N/A,N/A,jambi.tribunnews.com/2019/06/09/5-ciri-ciri-fisik-wanita-yang-nafsu-birahinya-meletup-letup-pasangan-bahagia-banyak-variasi-bercinta,Advertiser preference,Adult: Sexual content,Restricted ad serving,ca-pub-7784034061253020,15,2025-06-25,2025-06-25
jambi.tribunnews.com,Page,N/A,N/A,jambi.tribunnews.com/2018/06/05/7-tata-cara-hubungan-suami-istri-dalam-islam-nomor-7-jarang-dilakukan?page=all,Advertiser preference,Adult: Sexual content,Restricted ad serving,ca-pub-7784034061253020,15,2025-06-24,2025-06-24
jambi.tribunnews.com,Page,N/A,N/A,jambi.tribunnews.com/2018/01/18/dari-bentuk-puting-susu-bisa-diketahui-kepribadian-seorang-wanita,Advertiser preference,Adult: Sexual content,Restricted ad serving,ca-pub-7784034061253020,15,2025-06-25,2025-06-25
jabar.tribunnews.com,Page,N/A,N/A,jabar.tribunnews.com/2023/04/06/pusat-klinik-pengobatan-alat-vital-bogor-bantu-menjaga-keharmonisan-pasangan-suami-istri,Advertiser preference,Adult: Sexual content,Restricted ad serving,ca-pub-7784034061253020,15,2025-06-23,2025-06-23
jabar.tribunnews.com,Page,N/A,N/A,jabar.tribunnews.com/2015/06/15/video-dua-siswi-sma-duel-di-jalanan-ditonton-teman-temannya,Advertiser preference,Shocking content,Restricted ad serving,ca-pub-7784034061253020,15,2025-06-24,2025-06-24
flores.tribunnews.com,Page,N/A,N/A,flores.tribunnews.com/2022/10/04/pengakuan-penjaga-toko-di-maumere-pria-dewasa-pamer-bagian-sensitif-suwenti-dia-ulang-ulang-pamer,Policy issue,Ads Disguised as Content,Restricted ad serving,ca-pub-7784034061253020,15,2025-06-20,2025-06-23
bogor.tribunnews.com,Page,N/A,N/A,bogor.tribunnews.com/2017/09/11/intip-istri-tetangga-mandi-pria-ini-alami-hal-mengerikan-karena-terkejut,Advertiser preference,Adult: Sexual content;Shocking content,Restricted ad serving,ca-pub-7784034061253020,15,2025-06-23,2025-06-23
bengkulu.tribunnews.com,Page,N/A,N/A,bengkulu.tribunnews.com/2022/07/27/rebahin-streaming-pindah-kemana-cek-link-terbaru-nonton-film-gratis-dan-link-alternatif-legal,Advertiser preference;Policy issue,Google-served ads obscuring content;Modified Javascript: Ads by Google size,Restricted ad serving,ca-pub-7784034061253020,15,2025-06-20,2025-06-23
belitung.tribunnews.com,Page,N/A,N/A,belitung.tribunnews.com/2017/12/21/miliki-mr-p-terbesar-di-dunia-dan-ingin-jadi-bintang-film-panas-ternyata-roberto-malah-derita-ini,Advertiser preference,Adult: Sexual content,Restricted ad serving,ca-pub-7784034061253020,15,2025-06-22,2025-06-25
batam.tribunnews.com,Page,N/A,N/A,batam.tribunnews.com/2020/11/07/video-syur-mirip-gisel-viral-di-twitter-hingga-trending-tagar-gempi-skandal-juga-menyusul,Policy issue,Ads Disguised as Content,Restricted ad serving,ca-pub-7784034061253020,15,2025-06-24,2025-06-24
batam.tribunnews.com,Page,N/A,N/A,batam.tribunnews.com/2016/11/08/wanita-pemilik-payudara-terindah-di-jepang-ini-tak-ragu-susui-bayinya-yang-akan-lahir,Advertiser preference,Adult: Sexual content,Restricted ad serving,ca-pub-7784034061253020,15,2025-06-22,2025-06-23
bangka.tribunnews.com,Page,N/A,N/A,bangka.tribunnews.com/2019/08/31/fakta-kakak-ipar-setubuhi-adik-ipar-14-tahun-sebelum-kepergok-istri-tanpa-busana-di-kamar-mandi?page=all,Advertiser preference,Adult: Sexual content,Restricted ad serving,ca-pub-7784034061253020,15,2025-06-24,2025-06-24
bangka.tribunnews.com,Page,N/A,N/A,bangka.tribunnews.com/2019/08/17/8-lomba-17-agustus-yang-lucu-kreatif-dan-anti-mainstream-balap-bangku-pakai-helm-hingga-merangkak,Advertiser preference,Adult: Sexual content,Restricted ad serving,ca-pub-7784034061253020,15,2025-06-21,2025-06-23
bangka.tribunnews.com,Page,N/A,N/A,bangka.tribunnews.com/2017/09/26/ternyata-begini-cara-jin-menyetubuhi-wanita,Policy issue,Ads Disguised as Content,Restricted ad serving,ca-pub-7784034061253020,15,2025-06-24,2025-06-24
bangka.tribunnews.com,Page,N/A,N/A,bangka.tribunnews.com/2016/07/26/foto-bocah-perempuan-digilir-sejumlah-temannya-beredar,Advertiser preference,Google-served ads obscuring content,Restricted ad serving,ca-pub-7784034061253020,15,2025-06-21,2025-06-23
bali.tribunnews.com,Page,N/A,N/A,bali.tribunnews.com/2017/11/17/seranjang-di-malam-pertama-pria-ini-pun-tidur-menggelepar-usai-istrinya-lakukan-trik-khusus-ini?page=all,Advertiser preference,Adult: Sexual content,Restricted ad serving,ca-pub-7784034061253020,15,2025-06-24,2025-06-24
aceh.tribunnews.com,Page,N/A,N/A,aceh.tribunnews.com/tag/video-wanita-telanjang,Policy issue,Google-served ads on screens without publisher-content,Restricted ad serving,ca-pub-7784034061253020,15,2025-06-21,2025-06-23
aceh.tribunnews.com,Page,N/A,N/A,aceh.tribunnews.com/2021/10/09/wanita-ini-bocorkan-tarif-jadi-sugar-baby-di-tengah-kesibukannya-sebagai-mahasiswa,Policy issue,Ads Disguised as Content,Restricted ad serving,ca-pub-7784034061253020,15,2025-06-20,2025-06-24
aceh.tribunnews.com,Page,N/A,N/A,aceh.tribunnews.com/2021/07/15/inilah-pulau-di-indonesia-yang-hanya-dihuni-wanita-dan-tak-boleh-berbusana-vietnam-dibuat-keheranan,Policy issue,Ads Disguised as Content,Restricted ad serving,ca-pub-7784034061253020,15,2025-06-21,2025-06-23
aceh.tribunnews.com,Page,N/A,N/A,aceh.tribunnews.com/2019/02/03/kambing-hamil-diperkosa-8-orang-hingga-tewas-kelainan-seksual-melibatkan-hewan-sulit-disembuhkan,Advertiser preference,Shocking content,Restricted ad serving,ca-pub-7784034061253020,15,2025-06-21,2025-06-25
www.tribunnews.com,Page,N/A,N/A,www.tribunnews.com/metropolitan/2020/01/23/lokalisasi-di-rawa-bebek-penjaringan-sudah-ada-50-tahun-silam-sering-dirazia-dan-tetap-bertahan,Advertiser preference,Shocking content,Restricted ad serving,ca-pub-7784034061253020,14,2025-06-23,2025-06-23
www.tribunnews.com,Page,N/A,N/A,www.tribunnews.com/internasional/2017/07/18/gadis-ini-nyaris-tewas-usai-memasukkan-belut-dalam-kemaluannya-ini-yang-terjadi,Advertiser preference,Shocking content,Restricted ad serving,ca-pub-7784034061253020,14,2025-06-22,2025-06-25
wartakota.tribunnews.com,Page,N/A,N/A,wartakota.tribunnews.com/2019/11/17/menteri-kesehatan-mengeluh-ukuran-kondom-impor-buatan-cina-terlalu-kecil-ini-pernyataan-lengkapnya?page=all,Advertiser preference,Adult: Sexual content,Restricted ad serving,ca-pub-7784034061253020,14,2025-06-23,2025-06-23
video.tribunnews.com,Page,N/A,N/A,video.tribunnews.com/view/79504/kronologis-tabrakan-beruntun-di-tol-bsd-tewaskan-satu-orang,Advertiser preference,Shocking content,Restricted ad serving,ca-pub-7784034061253020,14,2025-06-23,2025-06-23
travel.tribunnews.com,Page,N/A,N/A,travel.tribunnews.com/2017/09/07/ada-sejak-abad-ke-18-begini-seluk-beluk-geisha-di-balik-make-up-tebalnya,Policy issue,Site Behavior: Navigation,Restricted ad serving,ca-pub-7784034061253020,14,2025-06-23,2025-06-23
suryamalang.tribunnews.com,Page,N/A,N/A,suryamalang.tribunnews.com/2017/04/18/alamak-diduga-ketahuan-selingkuh-wanita-telanjang-ini-dikelilingi-warga-sambil-minta-maaf,Advertiser preference,Adult: Sexual content,Restricted ad serving,ca-pub-7784034061253020,14,2025-06-19,2025-06-25
surabaya.tribunnews.com,Page,N/A,N/A,surabaya.tribunnews.com/2016/03/04/foto-gara-gara-selfie-di-depan-kaca-kamar-mandi-gadis-ini-menyesal-seumur-hidupnya,Advertiser preference,Adult: Sexual content;Shocking content,Restricted ad serving,ca-pub-7784034061253020,14,2025-06-24,2025-06-24
sumsel.tribunnews.com,Page,N/A,N/A,sumsel.tribunnews.com/2017/11/04/mengejutkan-4-poster-hitam-putih-dari-film-jadul-bikin-netizen-geger-adegannya-vulgar-tanpa-blur?page=all,Advertiser preference,Adult: Sexual content,Restricted ad serving,ca-pub-7784034061253020,14,2025-06-23,2025-06-23
style.tribunnews.com,Page,N/A,N/A,style.tribunnews.com/404,Policy issue,Google-served ads on screens without publisher-content,Restricted ad serving,ca-pub-7784034061253020,14,2025-06-24,2025-06-24
style.tribunnews.com,Page,N/A,N/A,style.tribunnews.com/2017/06/17/wow-upgrade-payudaranya-gisella-anastasya-semakin-berani-tanpa-gunakan-bra-bleber,Advertiser preference,Adult: Sexual content,Restricted ad serving,ca-pub-7784034061253020,14,2025-06-21,2025-06-24
solo.tribunnews.com,Page,N/A,N/A,solo.tribunnews.com/2017/07/20/boneka-seks-ini-dibuat-untuk-diperkosa-alhasil-dikecam-habis-habisan,Advertiser preference,Adult: Sexual content,Restricted ad serving,ca-pub-7784034061253020,14,2025-06-19,2025-06-25
solo.tribunnews.com,Page,N/A,N/A,solo.tribunnews.com/2016/09/15/empat-bintang-film-panas-ini-dikabarkan-berasal-dari-indonesia?page=2,Advertiser preference,Adult: Sexual content,Restricted ad serving,ca-pub-7784034061253020,14,2025-06-25,2025-06-25
pekanbaru.tribunnews.com,Page,N/A,N/A,pekanbaru.tribunnews.com/2023/07/11/lagi-link-nonton-legal-film-pamasahe-sub-indo-dari-filipina,Advertiser preference,Google-served ads obscuring content,Restricted ad serving,ca-pub-7784034061253020,14,2025-06-21,2025-06-24
palembang.tribunnews.com,Page,N/A,N/A,palembang.tribunnews.com/2017/11/18/celana-dalam-sering-basah-kenali-rahasia-cairan-ini-sebelum-terlambat-wanita-wajib-tahu,Advertiser preference,Shocking content,Restricted ad serving,ca-pub-7784034061253020,14,2025-06-24,2025-06-24
medan.tribunnews.com,Page,N/A,N/A,medan.tribunnews.com/2022/05/17/pernah-tersandung-skandal-luna-maya-sempat-menangis-ceritakan-soal-video-panas-dengan-ariel-noah,Policy issue,Ads Disguised as Content,Restricted ad serving,ca-pub-7784034061253020,14,2025-06-24,2025-06-24
medan.tribunnews.com,Page,N/A,N/A,medan.tribunnews.com/2017/12/21/pria-pemilik-mr-p-terpanjang-cari-pendamping-dan-ingin-jadi-bintang-film-dewasa,Advertiser preference,Adult: Sexual content,Restricted ad serving,ca-pub-7784034061253020,14,2025-06-21,2025-06-23
medan.tribunnews.com,Page,N/A,N/A,medan.tribunnews.com/2017/10/13/ciri-ciri-cewek-tak-perawan-bisa-terlihat-dari-mata-hidung-telapak-tangan?page=all,Advertiser preference,Shocking content,Restricted ad serving,ca-pub-7784034061253020,14,2025-06-25,2025-06-25
makassar.tribunnews.com,Page,N/A,N/A,makassar.tribunnews.com/2017/05/04/video-berurai-air-mata-pamela-safitri-eks-duo-serigala-minta-maaf?page=all,Policy issue,Site Behavior: Navigation,Restricted ad serving,ca-pub-7784034061253020,14,2025-06-24,2025-06-24
lampung.tribunnews.com,Page,N/A,N/A,lampung.tribunnews.com/2018/01/06/viral-video-mesum-bocah-dengan-tante-geger-aksi-cabul-itu-diduga-terjadi-di-bulan-puasa,Advertiser preference,Shocking content,Restricted ad serving,ca-pub-7784034061253020,14,2025-06-22,2025-06-25
lampung.tribunnews.com,Page,N/A,N/A,lampung.tribunnews.com/2015/08/09/berapa-kali-dalam-seminggu-bercinta-disebut-sehat,Advertiser preference,Adult: Sexual content,Restricted ad serving,ca-pub-7784034061253020,14,2025-06-21,2025-06-25
lampung.tribunnews.com,Page,N/A,N/A,lampung.tribunnews.com/2015/05/31/astaga-guru-wanita-tunjukkan-foto-payudara-dan-organ-vital-ke-siswa-pria,Advertiser preference,Shocking content,Restricted ad serving,ca-pub-7784034061253020,14,2025-06-25,2025-06-25
kupang.tribunnews.com,Page,N/A,N/A,kupang.tribunnews.com/2020/11/11/video-mesum-mirip-gisella-anastasia-viral-onad-yakin-itu-mantan-istri-gading-marten-lalu-kenapa,Advertiser preference,Google-served ads obscuring content,Restricted ad serving,ca-pub-7784034061253020,14,2025-06-20,2025-06-24
jatim.tribunnews.com,Page,N/A,N/A,jatim.tribunnews.com/2017/07/21/kenakan-bikini-nyaris-bugil-wulan-guritno-bikin-netter-melongo-tapi-kok-makeup-sama-keteknya?page=2,Policy issue,Site Behavior: Navigation,Restricted ad serving,ca-pub-7784034061253020,14,2025-06-24,2025-06-24
jateng.tribunnews.com,Page,N/A,N/A,jateng.tribunnews.com/2019/10/26/digrebek-saat-berhubungan-badan-di-kota-batu-pa-putri-pariwisata-dibooking-dari-jakarta,Advertiser preference,Adult: Sexual content,Restricted ad serving,ca-pub-7784034061253020,14,2025-06-25,2025-06-25
jateng.tribunnews.com,Page,N/A,N/A,jateng.tribunnews.com/2018/06/30/jedar-cerita-diam-diam-ternyata-ludwig-menghubungi-omongannya-sampai-bikin-ashanty-emosi,Advertiser preference,Shocking content,Restricted ad serving,ca-pub-7784034061253020,14,2025-06-23,2025-06-23
jateng.tribunnews.com,Page,N/A,N/A,jateng.tribunnews.com/2016/08/16/inilah-curhatan-bintang-film-porno-yang-tak-anda-duga,Advertiser preference,Adult: Sexual content,Restricted ad serving,ca-pub-7784034061253020,14,2025-06-21,2025-06-23
jambi.tribunnews.com,Page,N/A,N/A,jambi.tribunnews.com/amp/2018/01/18/perhatikan-ini-ciri-wanita-yang-sering-melakukan-masturbasi-7-tanda-ini-bakal-mengungkapkannya,Advertiser preference,Adult: Sexual content,Restricted ad serving,ca-pub-7784034061253020,14,2025-06-19,2025-06-24
jambi.tribunnews.com,Page,N/A,N/A,jambi.tribunnews.com/2020/06/27/remaja-cantik-di-kota-jambi-open-bo-di-kamar-kos-sekali-naik-rp-800-ribu?page=2,Advertiser preference,Adult: Sexual content,Restricted ad serving,ca-pub-7784034061253020,14,2025-06-25,2025-06-25
jambi.tribunnews.com,Page,N/A,N/A,jambi.tribunnews.com/2017/07/25/foto-seperti-inilah-kalau-model-majalah-playboy-tahun-60-an-difoto-kembali-penasaran,Advertiser preference,Adult: Sexual content,Restricted ad serving,ca-pub-7784034061253020,14,2025-06-23,2025-06-23
jabar.tribunnews.com,Page,N/A,N/A,jabar.tribunnews.com/2021/08/02/doa-sebelum-makan-minum-dan-doa-setelah-makan-lengkap-artinya-berharap-berkah-dan-ungkapan-syukur,Advertiser preference,Google-served ads obscuring content,Restricted ad serving,ca-pub-7784034061253020,14,2025-06-25,2025-06-25
jabar.tribunnews.com,Page,N/A,N/A,jabar.tribunnews.com/2019/11/22/sadis-siswa-sma-di-kulon-progo-tusuk-gurunya-gara-gara-menolak-cinta-ketahuan-karena-hp-tertinggal,Policy issue,Ads Disguised as Content,Restricted ad serving,ca-pub-7784034061253020,14,2025-06-23,2025-06-23
jabar.tribunnews.com,Page,N/A,N/A,jabar.tribunnews.com/2018/05/10/gila-psk-di-cina-ada-yang-gunakan-belut-agar-terlihat-seperti-perawan,Advertiser preference,Adult: Sexual content,Restricted ad serving,ca-pub-7784034061253020,14,2025-06-24,2025-06-24
cirebon.tribunnews.com,Page,N/A,N/A,cirebon.tribunnews.com/2019/12/31/video-ganti-baju-shinta-bachir-sempat-menghebohkan-publik-begini-tanggapan-artis-cantik-itu,Advertiser preference,Shocking content,Restricted ad serving,ca-pub-7784034061253020,14,2025-06-23,2025-06-24
bogor.tribunnews.com,Page,N/A,N/A,bogor.tribunnews.com/2017/01/04/hasil-penelitian-tiga-gaya-bercinta-ini-paling-disukai-wanita,Advertiser preference,Adult: Sexual content,Restricted ad serving,ca-pub-7784034061253020,14,2025-06-24,2025-06-24
bogor.tribunnews.com,Page,N/A,N/A,bogor.tribunnews.com/2016/07/16/4-manfaat-menonton-film-porno-bagi-pasangan-suami-istri-nomor-3-wajib-dibaca,Advertiser preference,Adult: Sexual content,Restricted ad serving,ca-pub-7784034061253020,14,2025-06-19,2025-06-24
belitung.tribunnews.com,Page,N/A,N/A,belitung.tribunnews.com/2016/10/28/pemuda-ini-nekat-bunuh-diri-secara-live-di-facebook-ini-pemicu-aksi-bunuh-dirinya?page=all,Advertiser preference,Shocking content,Restricted ad serving,ca-pub-7784034061253020,14,2025-06-25,2025-06-25
bekasi.tribunnews.com,Page,N/A,N/A,bekasi.tribunnews.com/2022/10/23/kumpulan-film-jepang-khusus-dewasa-subtitle-indonesia-resolusi-hd-dan-durasi-dua-jam-ini-daftarnya,Policy issue,Ads Disguised as Content,Restricted ad serving,ca-pub-7784034061253020,14,2025-06-19,2025-06-25
batam.tribunnews.com,Page,N/A,N/A,batam.tribunnews.com/2021/06/03/video-mesum-pak-kades-goyang-janda-di-asahan-kepala-desa-sei-halim-hasak-mana-videonya?page=all,Advertiser preference,Adult: Sexual content,Restricted ad serving,ca-pub-7784034061253020,14,2025-06-23,2025-06-23
batam.tribunnews.com,Page,N/A,N/A,batam.tribunnews.com/2020/06/17/kabar-terbaru-tiara-lestari-mantan-model-majalah-playboy-kelahiran-solo,Advertiser preference,Shocking content,Restricted ad serving,ca-pub-7784034061253020,14,2025-06-19,2025-06-25
batam.tribunnews.com,Page,N/A,N/A,batam.tribunnews.com/2019/10/28/viral-wanita-muda-nekat-buka-baju-telanjang-dada-di-jalan-raya-diduga-terpengaruh-alkohol,Advertiser preference,Adult: Sexual content,Restricted ad serving,ca-pub-7784034061253020,14,2025-06-19,2025-06-25
banjarmasin.tribunnews.com,Page,N/A,N/A,banjarmasin.tribunnews.com/2020/09/04/viral-video-seorang-wanita-tanpa-pakai-baju-diarak-warga-termasuk-anak-anak-2-kali-kepergok-mesum,Policy issue,Ads Disguised as Content,Restricted ad serving,ca-pub-7784034061253020,14,2025-06-19,2025-06-25
bangka.tribunnews.com,Page,N/A,N/A,bangka.tribunnews.com/2017/10/04/intip-kampung-cinta-di-subang-gadisnya-cantik-dan-nikahnya-murah-ditinggalin-jika-bosan?page=all,Policy issue,Site Behavior: Navigation,Restricted ad serving,ca-pub-7784034061253020,14,2025-06-24,2025-06-24
bangka.tribunnews.com,Page,N/A,N/A,bangka.tribunnews.com/2016/07/04/pohon-langka-berbuah-wanita-bugil-kisahnya-bikin-bulu-kuduk-berdiri?page=all,Advertiser preference,Adult: Sexual content,Restricted ad serving,ca-pub-7784034061253020,14,2025-06-25,2025-06-25
bali.tribunnews.com,Page,N/A,N/A,bali.tribunnews.com/2017/11/25/buang-sperma-di-tisu-sebenarnya-merugikan-padahal-bisa-selamatkan-wanita-dengan-cara-ini?page=all,Advertiser preference,Adult: Sexual content;Shocking content,Restricted ad serving,ca-pub-7784034061253020,14,2025-06-24,2025-06-24
www.tribunnews.com,Page,N/A,N/A,www.tribunnews.com/travel/2019/12/04/dugaan-penipuan-agen-perjalanan-wisata-traveler-mengaku-rugi-hingga-ratusan-juta,Advertiser preference,Google-served ads obscuring content,Restricted ad serving,ca-pub-7784034061253020,13,2025-06-19,2025-06-23
www.tribunnews.com,Page,N/A,N/A,www.tribunnews.com/seleb/2017/01/11/bukan-baju-renang-tapi-ekspresinya-di-film-security-ugal-ugalan-yang-bikin-alexa-key-seksi,Advertiser preference,Shocking content,Restricted ad serving,ca-pub-7784034061253020,13,2025-06-25,2025-06-25
www.tribunnews.com,Page,N/A,N/A,www.tribunnews.com/regional/2019/11/08/cerita-ibu-guru-saat-ajak-muridnya-berhubungan-intim-bertiga-di-kamar-kos-awalnya-disuruh-nonton,Advertiser preference,Adult: Sexual content,Restricted ad serving,ca-pub-7784034061253020,13,2025-06-24,2025-06-24
www.tribunnews.com,Page,N/A,N/A,www.tribunnews.com/internasional/2015/07/11/ini-dia-10-negara-dengan-budaya-seks-paling-bebas?page=2,Advertiser preference,Adult: Sexual content,Restricted ad serving,ca-pub-7784034061253020,13,2025-06-25,2025-06-25
www.tribunjualbeli.com,Page,N/A,N/A,www.tribunjualbeli.com/kepulauan-riau/2370010/kondom-duri-100-silicone-asli-alat-kontrasepsi-menambah-nafsu-pekanbaru,Advertiser preference,Adult: Sexual content,Restricted ad serving,ca-pub-7784034061253020,13,2025-06-22,2025-06-24
wartakota.tribunnews.com,Page,N/A,N/A,wartakota.tribunnews.com/2019/10/16/ada-kondom-bekas-pakai-saat-layanan-pijat-mr-braid-digeledah-selama-4-jam,Advertiser preference,Adult: Sexual content,Restricted ad serving,ca-pub-7784034061253020,13,2025-06-25,2025-06-25
wartakota.tribunnews.com,Page,N/A,N/A,wartakota.tribunnews.com/2017/01/13/cewek-cantik-ini-dipaksa-melakukan-oral-seks-oleh-sosok-tak-terduga-saat-pulang-kerja?page=1,Advertiser preference;Policy issue,Google-served ads obscuring content;Modified Javascript: Ads by Google size,Restricted ad serving,ca-pub-7784034061253020,13,2025-06-25,2025-06-25
wartakota.tribunnews.com,Page,N/A,N/A,wartakota.tribunnews.com/2016/03/24/puting-payudara-olla-ramlan-tercetak-saat-syuting,Advertiser preference,Adult: Sexual content,Restricted ad serving,ca-pub-7784034061253020,13,2025-06-24,2025-06-24
wartakota.tribunnews.com,Page,N/A,N/A,wartakota.tribunnews.com/2015/08/28/wanita-cantik-dan-seksi-buang-air-besar-di-celana-lalu-jatuh-ke-lantai,Advertiser preference,Shocking content,Restricted ad serving,ca-pub-7784034061253020,13,2025-06-23,2025-06-24
video.tribunnews.com,Page,N/A,N/A,video.tribunnews.com/view/72571/seorang-istri-sekongkol-dengan-selingkuhan-bunuh-suaminya-sempat-bersandiwara-setelah-eksekusi,Advertiser preference,Shocking content,Restricted ad serving,ca-pub-7784034061253020,13,2025-06-20,2025-06-23
sumsel.tribunnews.com,Page,N/A,N/A,sumsel.tribunnews.com/2013/04/21/memainkan-si-bukit-kembar-gairah-suami-cetar-membahana,Advertiser preference,Adult: Sexual content,Restricted ad serving,ca-pub-7784034061253020,13,2025-06-22,2025-06-24
style.tribunnews.com,Page,N/A,N/A,style.tribunnews.com/2019/05/14/5-kasus-mutilasi-tersadis-di-indonesia-pacar-yang-sedang-hamil-dan-2-anak-kandung-pun-dieksekusi?page=3,Advertiser preference,Shocking content,Restricted ad serving,ca-pub-7784034061253020,13,2025-06-24,2025-06-24
pontianak.tribunnews.com,Page,N/A,N/A,pontianak.tribunnews.com/2019/07/02/bocah-perempuan-ditemukan-tewas-di-parit-jepang-berikut-penuturan-saksi-mata,Advertiser preference,Shocking content,Restricted ad serving,ca-pub-7784034061253020,13,2025-06-20,2025-06-24
pontianak.tribunnews.com,Page,N/A,N/A,pontianak.tribunnews.com/2018/01/28/inilah-7-ciri-wanita-kecanduan-masturbasi-7-persen-cewek-melakukannya-setiap-hari?page=all,Advertiser preference,Adult: Sexual content,Restricted ad serving,ca-pub-7784034061253020,13,2025-06-25,2025-06-25
palembang.tribunnews.com,Page,N/A,N/A,palembang.tribunnews.com/21/12/2010/panda-lokal-jadi-buruan,Advertiser preference,Adult: Sexual content,Restricted ad serving,ca-pub-7784034061253020,13,2025-06-23,2025-06-23
palembang.tribunnews.com,Page,N/A,N/A,palembang.tribunnews.com/2017/10/27/gila-2-versi-video-mesum-durasi-5-menit-itu-masuk-situs-porno-dan-duduki-top-rank-ini-5-faktanya,Advertiser preference,Adult: Sexual content,Restricted ad serving,ca-pub-7784034061253020,13,2025-06-20,2025-06-25
palembang.tribunnews.com,Page,N/A,N/A,palembang.tribunnews.com/2016/10/01/videokaty-perry-buka-baju-bra-lalu-goyang-bagian-atas-dan-nyoblos-pipres-pria-ini-terjatuh-wow,Advertiser preference,Adult: Sexual content,Restricted ad serving,ca-pub-7784034061253020,13,2025-06-21,2025-06-23
medan.tribunnews.com,Page,N/A,N/A,medan.tribunnews.com/2019/05/02/terukirlah-namamu-boruku-duka-mendalam-selimuti-peresmian-monumen-km-sinar-bangun,Advertiser preference,Shocking content,Restricted ad serving,ca-pub-7784034061253020,13,2025-06-25,2025-06-25
medan.tribunnews.com,Page,N/A,N/A,medan.tribunnews.com/2018/05/11/aneh-tapi-nyata-perempuan-jepang-malu-kalau-masih-perawan-simak-fakta-fakta-berikut,Advertiser preference,Adult: Sexual content,Restricted ad serving,ca-pub-7784034061253020,13,2025-06-24,2025-06-24
medan.tribunnews.com,Page,N/A,N/A,medan.tribunnews.com/2017/01/21/mengulik-7-fakta-duka-aktor-film-porno-mulai-masalah-ereksi-hingga-kepercayaan-diri?page=all,Advertiser preference,Adult: Sexual content,Restricted ad serving,ca-pub-7784034061253020,13,2025-06-24,2025-06-24
makassar.tribunnews.com,Page,N/A,N/A,makassar.tribunnews.com/2021/05/26/wanita-muda-nekat-jual-diri-setelah-melahirkan-pasang-tarif-rp-500-ribu-sekali-kencan,Policy issue,Ads Disguised as Content,Restricted ad serving,ca-pub-7784034061253020,13,2025-06-23,2025-06-25
makassar.tribunnews.com,Page,N/A,N/A,makassar.tribunnews.com/2019/10/21/kronologi-video-panas-siswi-smk-berseragam-pramuka-viral-di-medsos-whatsapp-wa-nih-4-faktanya,Policy issue,Ads Disguised as Content,Restricted ad serving,ca-pub-7784034061253020,13,2025-06-19,2025-06-25
makassar.tribunnews.com,Page,N/A,N/A,makassar.tribunnews.com/2017/12/16/beginilah-nasib-7-bintang-film-panas-jepang-saat-tobat-nomor-7-bikin-cara-sendiri-layani-fans?page=all,Policy issue,Site Behavior: Navigation,Restricted ad serving,ca-pub-7784034061253020,13,2025-06-24,2025-06-24
m.tribunnews.com,Page,N/A,N/A,m.tribunnews.com/regional/2017/05/10/psk-online-lebih-nyaman-gunakan-jasa-joki-twitter-di-bisnis-prostitusi-ini-alasannya,Advertiser preference,Adult: Sexual content,Restricted ad serving,ca-pub-7784034061253020,13,2025-06-23,2025-06-23
lampung.tribunnews.com,Page,N/A,N/A,lampung.tribunnews.com/2017/12/08/setelah-bintangi-270-film-dewasa-artis-muda-august-ames-tewas-gara-gara-tulis-ini,Advertiser preference,Adult: Sexual content,Restricted ad serving,ca-pub-7784034061253020,13,2025-06-19,2025-06-23
kupang.tribunnews.com,Page,N/A,N/A,kupang.tribunnews.com/2019/10/21/viral-video-berzina-diduga-dosen-vs-mahasiswi-di-bandung-ngobrol-bahasa-sunda-jadi-penanda,Advertiser preference,Shocking content,Restricted ad serving,ca-pub-7784034061253020,13,2025-06-24,2025-06-25
kupang.tribunnews.com,Page,N/A,N/A,kupang.tribunnews.com/2018/04/17/pesta-seks-tukaran-istri-sesama-anggota-grup-whatsapp-tersebar-ini-tujuh-faktanya,Advertiser preference,Adult: Sexual content,Restricted ad serving,ca-pub-7784034061253020,13,2025-06-24,2025-06-25
kaltim.tribunnews.com,Page,N/A,N/A,kaltim.tribunnews.com/2018/03/01/ukuran-kondom-terlalu-kecil-menteri-kesehatan-ini-protes-keras-produsen-beberkan-fakta-sebenarnya?page=all,Advertiser preference,Adult: Sexual content,Restricted ad serving,ca-pub-7784034061253020,13,2025-06-25,2025-06-25
kaltim.tribunnews.com,Page,N/A,N/A,kaltim.tribunnews.com/2017/10/25/geger-bocah-sd-sudah-berani-tunjukkan-joget-panas-berpasangan-kids-jaman-now?page=all,Advertiser preference,Google-served ads obscuring content,Restricted ad serving,ca-pub-7784034061253020,13,2025-06-24,2025-06-24
jatim.tribunnews.com,Page,N/A,N/A,jatim.tribunnews.com/2018/01/24/terungkap-ini-video-detik-detik-sebelum-wanita-bercadar-dibunuh-oleh-selingkuhannya-di-kediri?page=3,Advertiser preference,Shocking content,Restricted ad serving,ca-pub-7784034061253020,13,2025-06-25,2025-06-25
jatim.tribunnews.com,Page,N/A,N/A,jatim.tribunnews.com/2018/01/24/terungkap-ini-video-detik-detik-sebelum-wanita-bercadar-dibunuh-oleh-selingkuhannya-di-kediri?page=2,Advertiser preference,Shocking content,Restricted ad serving,ca-pub-7784034061253020,13,2025-06-25,2025-06-25
jatim.tribunnews.com,Page,N/A,N/A,jatim.tribunnews.com/2018/01/24/terungkap-ini-video-detik-detik-sebelum-wanita-bercadar-dibunuh-oleh-selingkuhannya-di-kediri,Advertiser preference,Shocking content,Restricted ad serving,ca-pub-7784034061253020,13,2025-06-25,2025-06-25
jatim.tribunnews.com,Page,N/A,N/A,jatim.tribunnews.com/2017/08/24/5-fakta-pedangdut-wika-salim-pemilik-goyang-keramas-yang-dikritik-soal-video-tutorial-mesum?page=2,Advertiser preference;Policy issue,Adult: Sexual content;Site Behavior: Navigation,Restricted ad serving,ca-pub-7784034061253020,13,2025-06-25,2025-06-25
jateng.tribunnews.com,Page,N/A,N/A,jateng.tribunnews.com/2019/07/25/sopir-truk-kontainer-belum-ditetapkan-jadi-tersangka-dugaan-awal-karena-rem-blong,Advertiser preference,Shocking content,Restricted ad serving,ca-pub-7784034061253020,13,2025-06-25,2025-06-25
jateng.tribunnews.com,Page,N/A,N/A,jateng.tribunnews.com/2016/11/13/silakan-suami-istri-saling-pijat-gantian-pada-bagian-tubuh-ini-pasti-ketagihan,Advertiser preference,Adult: Sexual content,Restricted ad serving,ca-pub-7784034061253020,13,2025-06-23,2025-06-23
jambi.tribunnews.com,Page,N/A,N/A,jambi.tribunnews.com/2019/05/16/momen-ramadan-cara-istri-memuaskan-suami-saat-sedang-haid-simak-penjelasan-dalam-hukum-islam,Advertiser preference,Adult: Sexual content,Restricted ad serving,ca-pub-7784034061253020,13,2025-06-23,2025-06-23
jambi.tribunnews.com,Page,N/A,N/A,jambi.tribunnews.com/2018/02/03/video-pria-ini-campur-obat-perangsang-ke-minuman-teman-wanita-lihat-reaksi-wanitanya-beringas,Advertiser preference,Adult: Sexual content,Restricted ad serving,ca-pub-7784034061253020,13,2025-06-21,2025-06-24
jambi.tribunnews.com,Page,N/A,N/A,jambi.tribunnews.com/2018/01/29/keseringan-beradegan-panas-di-ranjang-5-artis-hollywood-ini-menikmati-juga-akhirnya?page=all,Advertiser preference,Adult: Sexual content,Restricted ad serving,ca-pub-7784034061253020,13,2025-06-25,2025-06-25
jabar.tribunnews.com,Page,N/A,N/A,jabar.tribunnews.com/2022/06/01/pengobatan-alat-vital-aa-abdul-jalil-jogja-pusat-vitalitas-terbaik,Advertiser preference,Adult: Sexual content,Restricted ad serving,ca-pub-7784034061253020,13,2025-06-20,2025-06-25
jabar.tribunnews.com,Page,N/A,N/A,jabar.tribunnews.com/2022/02/23/pengobatan-alat-vital-bandung-klinik-a-deni-pahrudin-yang-handal-dan-profesional?page=2,Advertiser preference,Adult: Sexual content,Restricted ad serving,ca-pub-7784034061253020,13,2025-06-25,2025-06-25
bogor.tribunnews.com,Page,N/A,N/A,bogor.tribunnews.com/2017/01/21/pria-ini-miliki-organ-intim-sepanjang-189-inci-kekasihnya-alami-ini-saat-berhubungan-intim,Advertiser preference,Adult: Sexual content,Restricted ad serving,ca-pub-7784034061253020,13,2025-06-24,2025-06-24
belitung.tribunnews.com,Page,N/A,N/A,belitung.tribunnews.com/2019/02/22/nelayan-sungailiat-bangka-ini-bisa-kaya-mendadak-temukan-benda-mirip-muntahan-paus-segini-harganya?page=all,Advertiser preference,Shocking content,Restricted ad serving,ca-pub-7784034061253020,13,2025-06-25,2025-06-25
belitung.tribunnews.com,Page,N/A,N/A,belitung.tribunnews.com/2017/11/24/agresivitas-seksual-wanita-bisa-dilihat-dari-bentuk-bibirnya-bentuk-bibir-begini-agresif-di-ranjang,Advertiser preference,Adult: Sexual content,Restricted ad serving,ca-pub-7784034061253020,13,2025-06-21,2025-06-25
belitung.tribunnews.com,Page,N/A,N/A,belitung.tribunnews.com/2017/11/18/tragis-mahasiswi-yang-sedang-kkn-ini-malah-diperkosa-awalnya-diajak-jalan-jalan-ke-lokasi-wisata,Policy issue,Site Behavior: Navigation,Restricted ad serving,ca-pub-7784034061253020,13,2025-06-24,2025-06-24
batam.tribunnews.com,Page,N/A,N/A,batam.tribunnews.com/2021/10/26/cara-booking-hotel-lewat-shopee-bisa-bayar-bulan-depan-pakai-shopee-paylater,Policy issue,Modified ad code: Resizing Ad Frames,Restricted ad serving,ca-pub-7784034061253020,13,2025-06-20,2025-06-25
bangka.tribunnews.com,Page,N/A,N/A,bangka.tribunnews.com/2021/11/02/wajib-tahu-empat-kebutuhan-suami-yang-harus-dipenuhi-oleh-istri-menurut-dokter-aisah-dahlan,Advertiser preference,Google-served ads obscuring content,Restricted ad serving,ca-pub-7784034061253020,13,2025-06-23,2025-06-23
bangka.tribunnews.com,Page,N/A,N/A,bangka.tribunnews.com/2020/08/10/4-bentuk-mr-p-yang-diidam-idamkan-wanita-nomor-3-dan-4-milik-pria-asia,Advertiser preference,Google-served ads obscuring content,Restricted ad serving,ca-pub-7784034061253020,13,2025-06-20,2025-06-23
bangka.tribunnews.com,Page,N/A,N/A,bangka.tribunnews.com/2017/11/05/model-cantik-ini-geram-wajahnya-muncul-di-katalog-alexis,Policy issue,Site Behavior: Navigation,Restricted ad serving,ca-pub-7784034061253020,13,2025-06-24,2025-06-24
bangka.tribunnews.com,Page,N/A,N/A,bangka.tribunnews.com/2017/08/05/pakai-daleman-vibrator-ke-supermarket-begini-reaksi-wanita-ini-saat-kekasihnya-pencet-remote?page=2,Advertiser preference,Adult: Sexual content,Restricted ad serving,ca-pub-7784034061253020,13,2025-06-23,2025-06-23
bangka.tribunnews.com,Page,N/A,N/A,bangka.tribunnews.com/2017/04/05/mencengangkan-ternyata-inilah-fantasi-seks-yang-ada-dibenak-perempuan,Advertiser preference,Adult: Sexual content,Restricted ad serving,ca-pub-7784034061253020,13,2025-06-25,2025-06-25
bangka.tribunnews.com,Page,N/A,N/A,bangka.tribunnews.com/2017/03/31/5-artis-cantik-dan-seksi-ini-pernah-jadi-cover-majalah-pria-dewasa-lihat-posenya?page=all,Advertiser preference,Adult: Sexual content,Restricted ad serving,ca-pub-7784034061253020,13,2025-06-23,2025-06-23
bangka.tribunnews.com,Page,N/A,N/A,bangka.tribunnews.com/2016/09/11/video-inilah-wajah-gigolo-imigran-langganan-tante-tante-girang,Policy issue,Site Behavior: Navigation,Restricted ad serving,ca-pub-7784034061253020,13,2025-06-20,2025-06-25
bali.tribunnews.com,Page,N/A,N/A,bali.tribunnews.com/2017/05/21/kisah-intim-nia-ketika-nikmat-menjadi-sengsara-hadapi-penis-jumbo-suami?page=all,Advertiser preference,Adult: Sexual content,Restricted ad serving,ca-pub-7784034061253020,13,2025-06-23,2025-06-23
bali.tribunnews.com,Page,N/A,N/A,bali.tribunnews.com/2016/08/24/inilah-bentuk-miss-v-yang-paling-disukai-kaum-pria?page=2,Advertiser preference,Adult: Sexual content,Restricted ad serving,ca-pub-7784034061253020,13,2025-06-24,2025-06-24
aceh.tribunnews.com,Page,N/A,N/A,aceh.tribunnews.com/2020/07/30/5-alasan-kenapa-wanita-suka-pria-gemuk,Advertiser preference,Google-served ads obscuring content,Restricted ad serving,ca-pub-7784034061253020,13,2025-06-24,2025-06-24
www.tribunnews.com,Page,N/A,N/A,www.tribunnews.com/regional/2015/03/11/7-lokalisasi-di-malang-bandel-tetap-buka-ada-oknum-yang-bermain,Advertiser preference,Adult: Sexual content,Restricted ad serving,ca-pub-7784034061253020,12,2025-06-21,2025-06-23
www.tribunnews.com,Page,N/A,N/A,www.tribunnews.com/kesehatan/2019/04/04/saat-bercinta-ini-6-tahapan-yang-dirasakan-perempuan-sampai-orgasme?page=2,Advertiser preference,Adult: Sexual content,Restricted ad serving,ca-pub-7784034061253020,12,2025-06-24,2025-06-24
www.tribunnews.com,Page,N/A,N/A,www.tribunnews.com/kesehatan/2015/09/02/fakta-mengerikan-di-balik-produksi-film-porno,Advertiser preference,Adult: Sexual content,Restricted ad serving,ca-pub-7784034061253020,12,2025-06-19,2025-06-24
www.tribunnews.com,Page,N/A,N/A,www.tribunnews.com/kesehatan/2014/12/13/bibir-miss-v-yang-bergelambir-picu-keputihan-ini-cara-mengatasinya,Advertiser preference,Adult: Sexual content,Restricted ad serving,ca-pub-7784034061253020,12,2025-06-22,2025-06-23
www.tribunnews.com,Page,N/A,N/A,www.tribunnews.com/internasional/2019/11/29/perilaku-seks-menyimpang-pasangan-ditampar-dan-diludahi-saat-berhubungan-intim,Advertiser preference,Adult: Sexual content,Restricted ad serving,ca-pub-7784034061253020,12,2025-06-24,2025-06-25
www.tribunnews.com,Page,N/A,N/A,www.tribunnews.com/internasional/2018/09/25/46-persen-pelajar-smp-di-jepang-menyatakan-perlunya-pendidikan-seks-di-sekolah,Advertiser preference,Adult: Sexual content,Restricted ad serving,ca-pub-7784034061253020,12,2025-06-19,2025-06-23
wow.tribunnews.com,Page,N/A,N/A,wow.tribunnews.com/2018/01/04/bongkar-isi-kepala-cowok-terkait-soal-seks-ungkap-alasan-kenapa-cowok-kerap-mikirin-seks?page=4,Advertiser preference,Adult: Sexual content,Restricted ad serving,ca-pub-7784034061253020,12,2025-06-23,2025-06-23
wow.tribunnews.com,Page,N/A,N/A,wow.tribunnews.com/2018/01/04/bongkar-isi-kepala-cowok-terkait-soal-seks-ungkap-alasan-kenapa-cowok-kerap-mikirin-seks?page=3,Advertiser preference,Adult: Sexual content,Restricted ad serving,ca-pub-7784034061253020,12,2025-06-23,2025-06-23
wow.tribunnews.com,Page,N/A,N/A,wow.tribunnews.com/2018/01/04/bongkar-isi-kepala-cowok-terkait-soal-seks-ungkap-alasan-kenapa-cowok-kerap-mikirin-seks?page=2,Advertiser preference,Adult: Sexual content,Restricted ad serving,ca-pub-7784034061253020,12,2025-06-23,2025-06-23
wartakota.tribunnews.com,Page,N/A,N/A,wartakota.tribunnews.com/2021/02/10/video-full-gabriella-larasati-diburu-warganet-di-twitter-dan-telegram-benarkah-terlibat-video-syur,Policy issue,Ads Disguised as Content,Restricted ad serving,ca-pub-7784034061253020,12,2025-06-22,2025-06-23
wartakota.tribunnews.com,Page,N/A,N/A,wartakota.tribunnews.com/2019/06/07/foto-dan-video-vulgar-cinta-laura-dengan-frank-garcia-beredar-luas-ibu-cinta-laura-diam-itu-emas,Advertiser preference,Adult: Sexual content,Restricted ad serving,ca-pub-7784034061253020,12,2025-06-23,2025-06-23
wartakota.tribunnews.com,Page,N/A,N/A,wartakota.tribunnews.com/2014/05/26/pikiran-pria-saat-pertama-kali-bercinta,Advertiser preference,Adult: Sexual content,Restricted ad serving,ca-pub-7784034061253020,12,2025-06-22,2025-06-23
sumsel.tribunnews.com,Page,N/A,N/A,sumsel.tribunnews.com/2018/01/12/video-mesum-anak-vs-tante-ternyata-dibuat-di-bulan-puasa-ini-obrolan-mengejutkan-tante-tante,Advertiser preference,Adult: Sexual content,Restricted ad serving,ca-pub-7784034061253020,12,2025-06-21,2025-06-24
style.tribunnews.com,Page,N/A,N/A,style.tribunnews.com/2017/06/26/lirik-lagu-brother-kodaline-malu-ungkapin-rasa-sayang-ke-saudara-kodein-aja-pakai-hits-baru-ini,Policy issue,Encouraging accidental clicks: Layout,Restricted ad serving,ca-pub-7784034061253020,12,2025-06-21,2025-06-25
solo.tribunnews.com,Page,N/A,N/A,solo.tribunnews.com/2019/10/22/viral-video-panas-durasi-40-detik-pelajar-smk-berseragam-pramuka-saat-mesum-di-ruang-tamu,Advertiser preference,Adult: Sexual content,Restricted ad serving,ca-pub-7784034061253020,12,2025-06-25,2025-06-25
pontianak.tribunnews.com,Page,N/A,N/A,pontianak.tribunnews.com/2022/03/30/promo-indomaret-hari-ini-30-maret-2022-belanja-hemat-popok-bayi-deterjen-susu-hingga-biskuit,Advertiser preference;Policy issue,Encouraging accidental clicks: Layout;Google-served ads obscuring content,Restricted ad serving,ca-pub-7784034061253020,12,2025-06-24,2025-06-24
pontianak.tribunnews.com,Page,N/A,N/A,pontianak.tribunnews.com/2019/02/15/jika-tak-ingin-terkena-penyakit-ini-wanita-disarankan-buang-air-kecil-setelah-berhubungan-seks,Advertiser preference,Adult: Sexual content,Restricted ad serving,ca-pub-7784034061253020,12,2025-06-25,2025-06-25
pontianak.tribunnews.com,Page,N/A,N/A,pontianak.tribunnews.com/2017/11/28/benarkah-makan-terong-bisa-bikin-pria-tak-kuat-di-ranjang,Advertiser preference,Adult: Sexual content,Restricted ad serving,ca-pub-7784034061253020,12,2025-06-24,2025-06-24
pontianak.tribunnews.com,Page,N/A,N/A,pontianak.tribunnews.com/2017/11/07/terungkap-ini-lokasi-mesum-pelajar-smp-di-kubu-raya,Advertiser preference,Adult: Sexual content,Restricted ad serving,ca-pub-7784034061253020,12,2025-06-23,2025-06-23
pontianak.tribunnews.com,Page,N/A,N/A,pontianak.tribunnews.com/2017/09/26/bukan-menutupinya-empat-artis-hollywood-ini-malah-pamer-bagian-intimnya-di-depan-publik?page=2,Advertiser preference,Adult: Sexual content,Restricted ad serving,ca-pub-7784034061253020,12,2025-06-24,2025-06-24
pekanbaru.tribunnews.com,Page,N/A,N/A,pekanbaru.tribunnews.com/2021/11/16/video-112-menit-selebgram-ambon-ikut-viral-di-tiktok-pasangan-es-batu-honeylive-terancam-12-tahun,Advertiser preference;Policy issue,Encouraging accidental clicks: Layout;Google-served ads obscuring content,Restricted ad serving,ca-pub-7784034061253020,12,2025-06-23,2025-06-23
pekanbaru.tribunnews.com,Page,N/A,N/A,pekanbaru.tribunnews.com/2017/09/14/pengakuan-pemuda-simpanan-tante-tante-saya-cuma-jadi-mesin-pemuas-syahwat,Advertiser preference,Adult: Sexual content,Restricted ad serving,ca-pub-7784034061253020,12,2025-06-23,2025-06-23
palembang.tribunnews.com,Page,N/A,N/A,palembang.tribunnews.com/2017/10/02/tak-kuat-tahan-nafsu-dukun-pijat-ini-nekat-remas-anu-pasiennya-sampai-begini-beruntung-ada,Advertiser preference,Adult: Sexual content,Restricted ad serving,ca-pub-7784034061253020,12,2025-06-20,2025-06-23
palembang.tribunnews.com,Page,N/A,N/A,palembang.tribunnews.com/2017/07/05/geger-wanita-cantik-ini-jalan-jalan-pakai-baju-transparan-dan-anunya-kelihatan?page=all,Advertiser preference,Adult: Sexual content,Restricted ad serving,ca-pub-7784034061253020,12,2025-06-23,2025-06-23
palembang.tribunnews.com,Page,N/A,N/A,palembang.tribunnews.com/2015/12/12/video-sopir-ini-nonton-film-porno-dan-onani-sambil-menyetir,Advertiser preference,Google-served ads obscuring content,Restricted ad serving,ca-pub-7784034061253020,12,2025-06-20,2025-06-23
palembang.tribunnews.com,Page,N/A,N/A,palembang.tribunnews.com/2015/08/10/video-pembersihan-jerawat-berusia-25-tahun-berani-lihat,Advertiser preference,Shocking content,Restricted ad serving,ca-pub-7784034061253020,12,2025-06-24,2025-06-24
medan.tribunnews.com,Page,N/A,N/A,medan.tribunnews.com/2021/09/07/viral-pasangan-gancet-saat-berhubungan-badan-diduga-pelaku-kena-azab,Policy issue,Ads Disguised as Content,Restricted ad serving,ca-pub-7784034061253020,12,2025-06-25,2025-06-25
medan.tribunnews.com,Page,N/A,N/A,medan.tribunnews.com/2020/02/27/bermodal-rp-30-ribu-pasangan-ini-mendadak-jadi-miliarder-punya-cincin-berlian-senilai-rp-723-miliar,Advertiser preference,Shocking content,Restricted ad serving,ca-pub-7784034061253020,12,2025-06-23,2025-06-23
medan.tribunnews.com,Page,N/A,N/A,medan.tribunnews.com/2019/03/31/terungkap-penyebab-lengket-usai-berhubungan-suami-istri-di-kenya-bentengi-istri-agar-gak-selingkuh?page=2,Advertiser preference,Adult: Sexual content,Restricted ad serving,ca-pub-7784034061253020,12,2025-06-24,2025-06-24
makassar.tribunnews.com,Page,N/A,N/A,makassar.tribunnews.com/2019/10/11/karena-sudah-keseringan-adik-kandung-ajak-duluan-kakak-berhubungan-badan-layaknya-suami-istri?page=3,Advertiser preference,Adult: Sexual content,Restricted ad serving,ca-pub-7784034061253020,12,2025-06-23,2025-06-23
makassar.tribunnews.com,Page,N/A,N/A,makassar.tribunnews.com/2019/08/16/bintang-film-dewasa-amaranta-hank-dirikan-universitas-porno-pertama-di-dunia-apa-saja-diajarkan,Advertiser preference,Adult: Sexual content,Restricted ad serving,ca-pub-7784034061253020,12,2025-06-24,2025-06-24
makassar.tribunnews.com,Page,N/A,N/A,makassar.tribunnews.com/2019/05/22/tribunwiki-viral-akui-zina-dengan-berondong-usai-mabuk-siapa-intan-hardja,Advertiser preference;Policy issue,Google-served ads obscuring content;Modified Javascript: Ads by Google size,Restricted ad serving,ca-pub-7784034061253020,12,2025-06-25,2025-06-25
makassar.tribunnews.com,Page,N/A,N/A,makassar.tribunnews.com/2019/01/11/nama-lengkap-artis-inisial-ac-tp-rf-ml-fg-bs-terungkap-penasaran-inilah-sebagian-foto-fotonya?page=2,Policy issue,Site Behavior: Navigation,Restricted ad serving,ca-pub-7784034061253020,12,2025-06-25,2025-06-25
makassar.tribunnews.com,Page,N/A,N/A,makassar.tribunnews.com/2017/12/13/6-cara-tahu-wanita-tak-perawan-nomor-1-hidung-nomor-2-mata-nomor-5-telapak-tangan?page=3,Policy issue,Mislabeled Ads,Restricted ad serving,ca-pub-7784034061253020,12,2025-06-24,2025-06-24
makassar.tribunnews.com,Page,N/A,N/A,makassar.tribunnews.com/2017/10/25/gempar-video-mesum-diduga-mahasiswa-universitas-ternama-indonesia-viral-netizen-ributkan-ini,Advertiser preference,Adult: Sexual content,Restricted ad serving,ca-pub-7784034061253020,12,2025-06-24,2025-06-24
makassar.tribunnews.com,Page,N/A,N/A,makassar.tribunnews.com/2017/10/10/detik-detik-penggerebekan-pesta-seks-gay-di-t1-spa-harmoni-ditemukan-pelicin-alat-kelamin,Advertiser preference,Adult: Sexual content,Restricted ad serving,ca-pub-7784034061253020,12,2025-06-25,2025-06-25
makassar.tribunnews.com,Page,N/A,N/A,makassar.tribunnews.com/2017/04/04/ciri-ciri-perempuan-tak-perawan-nomor-2-sangat-mudah-diketahui,Advertiser preference,Adult: Sexual content,Restricted ad serving,ca-pub-7784034061253020,12,2025-06-20,2025-06-25
makassar.tribunnews.com,Page,N/A,N/A,makassar.tribunnews.com/2016/12/01/penelitian-dari-10-mahasiswa-makassar-yang-seks-bebas-7-tanpa-pelindung-4-pernah-aborsi,Advertiser preference,Adult: Sexual content,Restricted ad serving,ca-pub-7784034061253020,12,2025-06-23,2025-06-23
makassar.tribunnews.com,Page,N/A,N/A,makassar.tribunnews.com/2015/10/13/begini-tanda-tanda-wanita-yang-berlebihan-masturbasi,Advertiser preference,Adult: Sexual content,Restricted ad serving,ca-pub-7784034061253020,12,2025-06-19,2025-06-23
m.tribunnews.com,Page,N/A,N/A,m.tribunnews.com/lifestyle/2018/01/19/viral-foto-struk-belanja-tahun-1992-lihat-berapa-harga-rokok-saat-itu,Advertiser preference,Tobacco,Restricted ad serving,ca-pub-7784034061253020,12,2025-06-24,2025-06-24
lampung.tribunnews.com,Page,N/A,N/A,lampung.tribunnews.com/2019/09/08/download-film-xxx-streaming-film-xxx-sinopsis-film-xxx-subtitle-bahasa-indonesia-sub-indo?page=4,Policy issue,Site Behavior: Navigation,Restricted ad serving,ca-pub-7784034061253020,12,2025-06-23,2025-06-23
lampung.tribunnews.com,Page,N/A,N/A,lampung.tribunnews.com/2018/01/14/setelah-video-mesum-bocah-dengan-wanita-dewasa-beredar-lagi-video-bocah-3-tahun-dengan-tante,Advertiser preference,Adult: Sexual content,Restricted ad serving,ca-pub-7784034061253020,12,2025-06-20,2025-06-23
lampung.tribunnews.com,Page,N/A,N/A,lampung.tribunnews.com/2015/03/10/sejak-usia-14-tahun-wanita-ini-kecanduan-nonton-film-porno,Advertiser preference,Adult: Sexual content,Restricted ad serving,ca-pub-7784034061253020,12,2025-06-21,2025-06-24
lampung.tribunnews.com,Page,N/A,N/A,lampung.tribunnews.com/2015/01/05/bentuk-alis-menunjukkan-libido-seks-wanita-mau-tahu-jenis-jenisnya,Advertiser preference,Adult: Sexual content,Restricted ad serving,ca-pub-7784034061253020,12,2025-06-23,2025-06-23
kupang.tribunnews.com,Page,N/A,N/A,kupang.tribunnews.com/2019/08/01/unggah-foto-nikita-mirzani-telanjang-dada-mantan-istri-dipo-latief-bikin-geger-dulu-berjilbab-kini?page=3,Advertiser preference,Adult: Sexual content,Restricted ad serving,ca-pub-7784034061253020,12,2025-06-24,2025-06-24
kupang.tribunnews.com,Page,N/A,N/A,kupang.tribunnews.com/2019/07/09/tinggalkan-suami-yang-sudah-tua-wanita-muda-asal-thailand-pilih-jadi-bintang-film-dewasa?page=2,Advertiser preference,Adult: Sexual content,Restricted ad serving,ca-pub-7784034061253020,12,2025-06-23,2025-06-23
kupang.tribunnews.com,Page,N/A,N/A,kupang.tribunnews.com/2019/05/24/bintang-film-dewasa-tertua-shigeo-lebih-enak-main-dengan-wanita-usia-30-an-dari-pada-20-an,Advertiser preference,Adult: Sexual content,Restricted ad serving,ca-pub-7784034061253020,12,2025-06-23,2025-06-23
kupang.tribunnews.com,Page,N/A,N/A,kupang.tribunnews.com/2017/09/22/3-ritual-bunuh-diri-di-jepang-yang-menyakitkan-dan-bikin-merinding-nomor-2-konon-demi-kehormatan,Advertiser preference,Adult: Sexual content,Restricted ad serving,ca-pub-7784034061253020,12,2025-06-23,2025-06-23
jogja.tribunnews.com,Page,N/A,N/A,jogja.tribunnews.com/2015/12/06/benarkan-pakai-kondom-kurangi-sensasi-bercinta,Advertiser preference,Adult: Sexual content,Restricted ad serving,ca-pub-7784034061253020,12,2025-06-24,2025-06-24
jogja.tribunnews.com,Page,N/A,N/A,jogja.tribunnews.com/2013/12/18/polisi-buru-pemeran-video-mesum-yang-beradegan-di-bilik-warnet,Advertiser preference,Adult: Sexual content,Restricted ad serving,ca-pub-7784034061253020,12,2025-06-23,2025-06-23
jateng.tribunnews.com,Page,N/A,N/A,jateng.tribunnews.com/2018/01/11/fakta-terbaru-dari-kasus-video-mesum-tante-vs-keponakan-bikin-geleng-geleng-kepala,Advertiser preference,Adult: Sexual content;Shocking content,Restricted ad serving,ca-pub-7784034061253020,12,2025-06-22,2025-06-24
jambi.tribunnews.com,Page,N/A,N/A,jambi.tribunnews.com/2019/10/18/sempat-nangis-bagian-intim-tubuhnya-dipegang-oknum-pejabat-foto-syur-mirip-pamela-safitri-beredar,Advertiser preference,Adult: Sexual content,Restricted ad serving,ca-pub-7784034061253020,12,2025-06-19,2025-06-23
jambi.tribunnews.com,Page,N/A,N/A,jambi.tribunnews.com/2019/01/12/bikin-wanita-organsme-tak-sulit-4-langkah-mudah-ini-terbukti-bikin-si-dia-terbang-ke-langit-ke-7,Advertiser preference,Adult: Sexual content,Restricted ad serving,ca-pub-7784034061253020,12,2025-06-21,2025-06-23
jambi.tribunnews.com,Page,N/A,N/A,jambi.tribunnews.com/2018/02/09/sentuh-7-titik-erotis-di-tubuh-wanita-ini-jangan-kaget-kalau-pasangan-langsung-minta-jatah,Advertiser preference,Adult: Sexual content,Restricted ad serving,ca-pub-7784034061253020,12,2025-06-24,2025-06-24
jambi.tribunnews.com,Page,N/A,N/A,jambi.tribunnews.com/2018/01/29/resep-rahasia-aktor-film-panas-tetap-tegang-sepanjang-film-efek-bisa-merugikan,Advertiser preference,Adult: Sexual content;Shocking content,Restricted ad serving,ca-pub-7784034061253020,12,2025-06-25,2025-06-25
jambi.tribunnews.com,Page,N/A,N/A,jambi.tribunnews.com/2017/11/02/wahai-pria-belailah-istrimu-di-titik-ini,Advertiser preference,Adult: Sexual content,Restricted ad serving,ca-pub-7784034061253020,12,2025-06-25,2025-06-25
jabar.tribunnews.com,Page,N/A,N/A,jabar.tribunnews.com/2015/11/09/polisi-temukan-boneka-dan-alat-bantu-seks-saat-gerebek-distributor-obat,Advertiser preference,Adult: Sexual content,Restricted ad serving,ca-pub-7784034061253020,12,2025-06-23,2025-06-23
bogor.tribunnews.com,Page,N/A,N/A,bogor.tribunnews.com/2016/09/15/4-bintang-film-dewasa-ini-berasal-dari-indonesia-lahir-di-tegal-dan-terkenal-di-luar-negeri?page=4,Advertiser preference,Google-served ads obscuring content,Restricted ad serving,ca-pub-7784034061253020,12,2025-06-24,2025-06-24
blog.tribunjualbeli.com,Page,N/A,N/A,blog.tribunjualbeli.com/7578/ingin-bercinta-dengan-tidak-berisik-lakukan-3-posisi-bercinta-ini,Advertiser preference,Adult: Sexual content,Restricted ad serving,ca-pub-7784034061253020,12,2025-06-21,2025-06-24
belitung.tribunnews.com,Page,N/A,N/A,belitung.tribunnews.com/tag/mia-khalifah,Policy issue,Google-served ads on screens without publisher-content,Restricted ad serving,ca-pub-7784034061253020,12,2025-06-25,2025-06-25
belitung.tribunnews.com,Page,N/A,N/A,belitung.tribunnews.com/2018/01/14/ternyata-wanita-juga-suka-nonton-film-porno-jumlah-meningkat-setiap-tahunnya,Policy issue,Encouraging accidental clicks: Layout,Restricted ad serving,ca-pub-7784034061253020,12,2025-06-21,2025-06-25
banjarmasin.tribunnews.com,Page,N/A,N/A,banjarmasin.tribunnews.com/2021/04/22/viral-video-syur-durasi-3-menit-44-detik-diduga-bule-rusia-di-gunung-batur-polisi-bali-buru-pelaku,Policy issue,Ads Disguised as Content,Restricted ad serving,ca-pub-7784034061253020,12,2025-06-21,2025-06-25
banjarmasin.tribunnews.com,Page,N/A,N/A,banjarmasin.tribunnews.com/2017/08/23/masturbasi-gunakan-alat-ini-digaji-hampir-setengah-miliar,Advertiser preference,Adult: Sexual content,Restricted ad serving,ca-pub-7784034061253020,12,2025-06-25,2025-06-25
bangka.tribunnews.com,Page,N/A,N/A,bangka.tribunnews.com/2021/11/13/video-tante-erni-mandi-keringetan-bikin-kaum-adam-salah-fokus-auto-ikutan-keringetan,Advertiser preference,Google-served ads obscuring content,Restricted ad serving,ca-pub-7784034061253020,12,2025-06-20,2025-06-25
bangka.tribunnews.com,Page,N/A,N/A,bangka.tribunnews.com/2019/11/23/kronologi-sopir-travel-paksa-gadis-muda-layani-oral-seks-di-mobil?page=2,Advertiser preference,Adult: Sexual content,Restricted ad serving,ca-pub-7784034061253020,12,2025-06-25,2025-06-25
bangka.tribunnews.com,Page,N/A,N/A,bangka.tribunnews.com/2019/10/01/suami-tergoda-lihat-adik-ipar-berpakaian-seksi-selesai-main-korban-malah-tanya-mana-uangnya,Advertiser preference,Adult: Sexual content,Restricted ad serving,ca-pub-7784034061253020,12,2025-06-21,2025-06-25
bangka.tribunnews.com,Page,N/A,N/A,bangka.tribunnews.com/2019/08/26/kasus-video-panas-mantan-karyawati-bank-sumsel-babel-palembang-akun-instagram-si-cewek-menghilang,Advertiser preference,Adult: Sexual content,Restricted ad serving,ca-pub-7784034061253020,12,2025-06-24,2025-06-25
bangka.tribunnews.com,Page,N/A,N/A,bangka.tribunnews.com/2018/10/01/ini-alasan-kenapa-pesawat-tak-pernah-melintas-di-atas-kabah-ini-jawabannya,Advertiser preference,Adult: Sexual content,Restricted ad serving,ca-pub-7784034061253020,12,2025-06-23,2025-06-23
bangka.tribunnews.com,Page,N/A,N/A,bangka.tribunnews.com/2017/12/21/sering-dihujat-5-pose-foto-ayu-ting-ting-ini-pamer-bagian-intim-sampai-ngangkang?page=2,Policy issue,Site Behavior: Navigation,Restricted ad serving,ca-pub-7784034061253020,12,2025-06-25,2025-06-25
bangka.tribunnews.com,Page,N/A,N/A,bangka.tribunnews.com/2017/11/21/tiga-kali-berturut-turut-pegang-gelar-porn-star-of-the-year-ini-pengakuannya-soal-film-porno,Advertiser preference,Adult: Sexual content,Restricted ad serving,ca-pub-7784034061253020,12,2025-06-21,2025-06-23
bangka.tribunnews.com,Page,N/A,N/A,bangka.tribunnews.com/2017/09/22/sepasang-mayat-pria-wanita-tanpa-busana-di-semak-sama-sama-sudah-berkeluarga-tapi-bermasalah,Advertiser preference,Shocking content,Restricted ad serving,ca-pub-7784034061253020,12,2025-06-23,2025-06-23
bangka.tribunnews.com,Page,N/A,N/A,bangka.tribunnews.com/2017/08/02/inilah-boneka-seks-paling-realistis-bisa-menanggapi-percakapan-berekspresi-hingga-bernyanyi,Advertiser preference,Adult: Sexual content,Restricted ad serving,ca-pub-7784034061253020,12,2025-06-21,2025-06-24
bangka.tribunnews.com,Page,N/A,N/A,bangka.tribunnews.com/2017/05/12/bikin-sedih-siswi-smp-pamer-foto-pegang-bungkus-kondom-sambil-julurkan-lidah,Advertiser preference,Adult: Sexual content,Restricted ad serving,ca-pub-7784034061253020,12,2025-06-22,2025-06-25
bangka.tribunnews.com,Page,N/A,N/A,bangka.tribunnews.com/2017/04/09/keterlaluan-abg-palembang-ini-tak-malu-pertontonkan-aksi-mesum-sang-pacar-pegang-gunung-kembarnya?page=2,Advertiser preference,Adult: Sexual content,Restricted ad serving,ca-pub-7784034061253020,12,2025-06-23,2025-06-23
bangka.tribunnews.com,Page,N/A,N/A,bangka.tribunnews.com/2017/04/09/keterlaluan-abg-palembang-ini-tak-malu-pertontonkan-aksi-mesum-sang-pacar-pegang-gunung-kembarnya,Advertiser preference,Adult: Sexual content,Restricted ad serving,ca-pub-7784034061253020,12,2025-06-22,2025-06-25
bangka.tribunnews.com,Page,N/A,N/A,bangka.tribunnews.com/2017/04/02/ribuan-santri-ujian-munaqosyah-materi-tesnya-jangan-dianggap-enteng-ini-di-antaranya,Advertiser preference,Adult: Sexual content,Restricted ad serving,ca-pub-7784034061253020,12,2025-06-23,2025-06-23
bangka.tribunnews.com,Page,N/A,N/A,bangka.tribunnews.com/2017/03/28/geliat-esek-esek-psk-pelajar-layani-kencan-di-kamar-hotel-bayarannya-hp-terbaru?page=all,Advertiser preference,Adult: Sexual content,Restricted ad serving,ca-pub-7784034061253020,12,2025-06-24,2025-06-24
bangka.tribunnews.com,Page,N/A,N/A,bangka.tribunnews.com/2016/10/11/pengantin-wanita-persilakan-tamu-remas-payudaranya,Advertiser preference,Adult: Sexual content,Restricted ad serving,ca-pub-7784034061253020,12,2025-06-24,2025-06-24
bangka.tribunnews.com,Page,N/A,N/A,bangka.tribunnews.com/2016/02/29/tips-bagi-membuat-wanita-selalu-mencapai-big-o-saat-bercinta,Advertiser preference,Adult: Sexual content,Restricted ad serving,ca-pub-7784034061253020,12,2025-06-19,2025-06-23
bali.tribunnews.com,Page,N/A,N/A,bali.tribunnews.com/404,Policy issue,Google-served ads on screens without publisher-content,Restricted ad serving,ca-pub-7784034061253020,12,2025-06-23,2025-06-23
bali.tribunnews.com,Page,N/A,N/A,bali.tribunnews.com/2025/05/01/diduga-dibunuh-seorang-wna-ditemukan-tewas-dalam-keadaan-kepala-terbungkus-plastik-di-badung-bali,Advertiser preference,Shocking content,Restricted ad serving,ca-pub-7784034061253020,12,2025-06-25,2025-06-25
bali.tribunnews.com,Page,N/A,N/A,bali.tribunnews.com/2019/12/09/video-porno-kerap-viral-di-media-sosial-begini-pandangan-seksologi-menurut-dr-oka-negara,Advertiser preference,Adult: Sexual content,Restricted ad serving,ca-pub-7784034061253020,12,2025-06-19,2025-06-24
bali.tribunnews.com,Page,N/A,N/A,bali.tribunnews.com/2017/10/03/datangi-sebuah-rumah-di-sanur-satpol-pp-temukan-9-perempuan-ini-terang-terangan-ngaku-psk,Advertiser preference,Adult: Sexual content,Restricted ad serving,ca-pub-7784034061253020,12,2025-06-24,2025-06-25
bali.tribunnews.com,Page,N/A,N/A,bali.tribunnews.com/2017/01/23/pria-ini-miliki-penis-terpanjang-di-dunia-saat-berhubungan-intim-beginilah-jadinya?page=3,Advertiser preference,Adult: Sexual content,Restricted ad serving,ca-pub-7784034061253020,12,2025-06-25,2025-06-25
bali.tribunnews.com,Page,N/A,N/A,bali.tribunnews.com/2017/01/23/pria-ini-miliki-penis-terpanjang-di-dunia-saat-berhubungan-intim-beginilah-jadinya?page=2,Advertiser preference,Adult: Sexual content,Restricted ad serving,ca-pub-7784034061253020,12,2025-06-25,2025-06-25
bali.tribunnews.com,Page,N/A,N/A,bali.tribunnews.com/2016/10/31/video-seranjang-bareng-celine-stefan-cantik-banget-pengen-cepat-hamil-ditonton-42-ribu-kali,Policy issue,Ads Disguised as Content,Restricted ad serving,ca-pub-7784034061253020,12,2025-06-22,2025-06-23
ambon.tribunnews.com,Page,N/A,N/A,ambon.tribunnews.com/2024/01/29/simak-7-manfaat-bunga-melati-putih-tuk-kesehatan-salah-satunya-meningkatkan-gairah-seksual?page=3,Advertiser preference,Google-served ads obscuring content,Restricted ad serving,ca-pub-7784034061253020,12,2025-06-25,2025-06-25
aceh.tribunnews.com,Page,N/A,N/A,aceh.tribunnews.com/2020/05/13/viral-vidoe-bocah-laki-laki-hajar-temannya-hingga-tersungkur-ayahnya-disebut-sengaja-merekam,Advertiser preference,Shocking content,Restricted ad serving,ca-pub-7784034061253020,12,2025-06-22,2025-06-23
aceh.tribunnews.com,Page,N/A,N/A,aceh.tribunnews.com/2019/07/17/ini-jenis-obat-kuat-pria-di-ranjang-yang-beredar-ilegal-di-pasaran-termasuk-hajar-jahanam-mesir,Advertiser preference,Adult: Sexual content,Restricted ad serving,ca-pub-7784034061253020,12,2025-06-19,2025-06-24
www.tribunnewswiki.com,Page,N/A,N/A,www.tribunnewswiki.com/2019/11/08/12-fakta-ibu-guru-di-bali-ajak-siswinya-sendiri-berhubungan-badan-bertiga-dengan-selingkuhan,Advertiser preference,Adult: Sexual content,Restricted ad serving,ca-pub-7784034061253020,11,2025-06-25,2025-06-25
www.tribunnews.com,Page,N/A,N/A,www.tribunnews.com/regional/2017/05/30/geliat-kaum-gay-semarang-tempat-nongkrong-hingga-kucing,Advertiser preference,Adult: Sexual content,Restricted ad serving,ca-pub-7784034061253020,11,2025-06-22,2025-06-25
wartakota.tribunnews.com,Page,N/A,N/A,wartakota.tribunnews.com/2018/03/27/masih-smp-sudah-jadi-psk-saat-digerebek-polisi-sedang-bugil-layani-tiga-pria-di-kasur-hotel?page=2,Advertiser preference,Adult: Sexual content,Restricted ad serving,ca-pub-7784034061253020,11,2025-06-23,2025-06-23
wartakota.tribunnews.com,Page,N/A,N/A,wartakota.tribunnews.com/2016/05/21/video-threesome-yang-dibuat-pasutri-ini-bisa-dinikmati-pasangan-lain,Advertiser preference,Adult: Sexual content,Restricted ad serving,ca-pub-7784034061253020,11,2025-06-19,2025-06-24
wartakota.tribunnews.com,Page,N/A,N/A,wartakota.tribunnews.com/2016/05/04/wow-wanita-cantik-ini-ternyata-boneka-seks-seharga-rp-130-juta,Advertiser preference,Adult: Sexual content,Restricted ad serving,ca-pub-7784034061253020,11,2025-06-25,2025-06-25
wartakota.tribunnews.com,Page,N/A,N/A,wartakota.tribunnews.com/2015/10/11/ternyata-80-wanita-memakai-ukuran-bra-yang-salah,Advertiser preference,Shocking content,Restricted ad serving,ca-pub-7784034061253020,11,2025-06-23,2025-06-23
wartakota.tribunnews.com,Page,N/A,N/A,wartakota.tribunnews.com/2015/03/21/31-persen-remaja-ntt-lakukan-hubungan-seks-pranikah,Advertiser preference,Adult: Sexual content,Restricted ad serving,ca-pub-7784034061253020,11,2025-06-24,2025-06-25
wartakota.tribunnews.com,Page,N/A,N/A,wartakota.tribunnews.com/2014/11/15/begini-trik-mr-p-kecil-memuaskan-pasangan-anda,Advertiser preference,Adult: Sexual content,Restricted ad serving,ca-pub-7784034061253020,11,2025-06-24,2025-06-24
wartakota.tribunnews.com,Page,N/A,N/A,wartakota.tribunnews.com/2014/10/17/breaking-news-celurit-di-kepala-siswa-smk-korban-tawuran,Advertiser preference,Shocking content,Restricted ad serving,ca-pub-7784034061253020,11,2025-06-25,2025-06-25
video.tribunnews.com,Page,N/A,N/A,video.tribunnews.com/view/40573/tanpa-sensor-adegan-intim-pada-5-film-ini-benar-benar-dilakukan-di-depan-kamera,Advertiser preference;Policy issue,Adult: Sexual content;Site Behavior: Navigation,Restricted ad serving,ca-pub-7784034061253020,11,2025-06-20,2025-06-23
suryamalang.tribunnews.com,Page,N/A,N/A,suryamalang.tribunnews.com/2021/11/22/sempat-dituduh-pelakor-viral-video-siswi-sd-kota-malang-diperkosa-dan-disiksa-10-pelaku-diciduk,Policy issue,Ads Disguised as Content,Restricted ad serving,ca-pub-7784034061253020,11,2025-06-21,2025-06-24
suryamalang.tribunnews.com,Page,N/A,N/A,suryamalang.tribunnews.com/2020/01/30/biduan-dangdut-mabuk-di-panggung-lalu-buka-baju-lepas-bra-bikin-heboh-polisi-turun-tangan,Advertiser preference,Shocking content,Restricted ad serving,ca-pub-7784034061253020,11,2025-06-23,2025-06-23
surabaya.tribunnews.com,Page,N/A,N/A,surabaya.tribunnews.com/2019/09/20/update-video-panas-diduga-pns-jabar-didalam-mobil-pemeran-ternyata-guru-smk-inisialnya-ria?page=2,Advertiser preference,Adult: Sexual content,Restricted ad serving,ca-pub-7784034061253020,11,2025-06-25,2025-06-25
surabaya.tribunnews.com,Page,N/A,N/A,surabaya.tribunnews.com/2018/01/04/viral-cewek-18-tahun-ini-pamer-foto-perut-bukan-karena-rata-fakta-di-baliknya-malah-bikin-curiga,Advertiser preference,Adult: Sexual content,Restricted ad serving,ca-pub-7784034061253020,11,2025-06-24,2025-06-24
sumsel.tribunnews.com,Page,N/A,N/A,sumsel.tribunnews.com/2017/08/10/lagi-asyik-nonton-film-begituan-karyawan-pria-ini-tak-sadar-kelakuannya-dilihat-seluruh-dunia,Advertiser preference,Adult: Sexual content,Restricted ad serving,ca-pub-7784034061253020,11,2025-06-24,2025-06-24
sumsel.tribunnews.com,Page,N/A,N/A,sumsel.tribunnews.com/2017/05/05/pria-dan-pacarnya-ini-lakukan-onani-di-dalam-bioksop-lalu-tanyakan-hal-mengejutkan-ini-pada-dokter?page=2,Advertiser preference,Adult: Sexual content,Restricted ad serving,ca-pub-7784034061253020,11,2025-06-25,2025-06-25
sumsel.tribunnews.com,Page,N/A,N/A,sumsel.tribunnews.com/2015/11/11/ciri-wanita-dan-pria-yang-sering-melakukan-masturbasi?page=2,Advertiser preference,Adult: Sexual content,Restricted ad serving,ca-pub-7784034061253020,11,2025-06-25,2025-06-25
sultra.tribunnews.com,Page,N/A,N/A,sultra.tribunnews.com/2022/10/21/link-video-wanita-baju-merah-viral-di-tiktok-hingga-twitter-bagian-rimbun-ramai-disorot-warganet,Policy issue,Ads Disguised as Content,Restricted ad serving,ca-pub-7784034061253020,11,2025-06-23,2025-06-23
sultra.tribunnews.com,Page,N/A,N/A,sultra.tribunnews.com/2022/05/25/pengakuan-diduga-pemeran-video-viral-57-detik-riffa-atta-kini-muncul-lagi-link-video-baru-122-detik,Advertiser preference,Google-served ads obscuring content,Restricted ad serving,ca-pub-7784034061253020,11,2025-06-23,2025-06-23
pontianak.tribunnews.com,Page,N/A,N/A,pontianak.tribunnews.com/2018/02/05/puaskan-istri-saat-haid-begini-caranya-dalam-islam?page=2,Advertiser preference,Adult: Sexual content,Restricted ad serving,ca-pub-7784034061253020,11,2025-06-24,2025-06-24
pontianak.tribunnews.com,Page,N/A,N/A,pontianak.tribunnews.com/2017/11/03/prostitusi-online-di-singkawang-terungkap-mucikari-beberkan-identitas-pelanggan-hingga-tarif,Advertiser preference,Adult: Sexual content,Restricted ad serving,ca-pub-7784034061253020,11,2025-06-23,2025-06-23
pekanbaru.tribunnews.com,Page,N/A,N/A,pekanbaru.tribunnews.com/2022/06/04/mama-muda-berhubungan-badan-dengan-brondong-saat-suami-kerja-ke-luar-kota,Advertiser preference;Policy issue,Google-served ads obscuring content;Modified Javascript: Ads by Google size,Restricted ad serving,ca-pub-7784034061253020,11,2025-06-24,2025-06-24
pekanbaru.tribunnews.com,Page,N/A,N/A,pekanbaru.tribunnews.com/2021/09/11/arti-paok-dalam-bahasa-gaul-apa-inilah-paok-artinya-atau-apa-itu-paok-dalam-bahasa-gaul-dari-medan,Advertiser preference,Google-served ads obscuring content,Restricted ad serving,ca-pub-7784034061253020,11,2025-06-25,2025-06-25
pekanbaru.tribunnews.com,Page,N/A,N/A,pekanbaru.tribunnews.com/2021/06/21/link-nonton-streaming-dan-download-film-raya-and-the-last-dragon-sub-indo,Advertiser preference,Google-served ads obscuring content,Restricted ad serving,ca-pub-7784034061253020,11,2025-06-24,2025-06-24
pekanbaru.tribunnews.com,Page,N/A,N/A,pekanbaru.tribunnews.com/2020/01/16/awalnya-terpaksa-5-cewek-seksi-ini-akhirnya-menikmati-adegan-ranjang-rela-lakukan-simulasi,Advertiser preference,Adult: Sexual content,Restricted ad serving,ca-pub-7784034061253020,11,2025-06-23,2025-06-25
palembang.tribunnews.com,Page,N/A,N/A,palembang.tribunnews.com/2018/04/11/sadis-tak-bayar-hutang-warga-sungai-ceper-oki-ini-tewas-ditembak-pelurunya-menembus-kepala,Advertiser preference,Shocking content,Restricted ad serving,ca-pub-7784034061253020,11,2025-06-25,2025-06-25
palembang.tribunnews.com,Page,N/A,N/A,palembang.tribunnews.com/2018/02/12/mirip-miyabi-ini-7-potret-panas-vanesha-prescilla-no-5-body-goalnya-kaum-hawa-awas-ngiler?page=2,Advertiser preference,Google-served ads obscuring content,Restricted ad serving,ca-pub-7784034061253020,11,2025-06-24,2025-06-24
medan.tribunnews.com,Page,N/A,N/A,medan.tribunnews.com/2021/02/09/aktor-film-panas-ini-syok-saat-tahu-dipanggil-kakek-sugiono-beri-pesan-ini-untuk-netizen-indonesia,Advertiser preference,Adult: Sexual content,Restricted ad serving,ca-pub-7784034061253020,11,2025-06-24,2025-06-24
medan.tribunnews.com,Page,N/A,N/A,medan.tribunnews.com/2018/02/01/viral-video-panas-siswi-sma-di-ruang-karaoke-disebut-bukan-siswi-nakal-berikut-4-fakta-diungkap?page=4,Advertiser preference,Adult: Sexual content,Restricted ad serving,ca-pub-7784034061253020,11,2025-06-23,2025-06-23
medan.tribunnews.com,Page,N/A,N/A,medan.tribunnews.com/2018/01/27/masih-ingat-kasus-video-mesum-anak-kecil-dengan-wanita-dewasa-ternyata-dibiayai-rp-108-juta?page=2,Advertiser preference,Adult: Sexual content,Restricted ad serving,ca-pub-7784034061253020,11,2025-06-25,2025-06-25
medan.tribunnews.com,Page,N/A,N/A,medan.tribunnews.com/2017/04/01/penampilannya-amat-aduhai-saat-berpose-di-majalah-dewasa-kini-penampilan-5-model-ini-tak-disangka?page=2,Advertiser preference,Adult: Sexual content,Restricted ad serving,ca-pub-7784034061253020,11,2025-06-23,2025-06-23
manado.tribunnews.com,Page,N/A,N/A,manado.tribunnews.com/2019/06/20/god-bless-park-ikon-kota-ini-di-era-milenial,Advertiser preference,Adult: Sexual content,Restricted ad serving,ca-pub-7784034061253020,11,2025-06-25,2025-06-25
manado.tribunnews.com,Page,N/A,N/A,manado.tribunnews.com/2018/09/05/skandal-kasus-video-mesum-kembali-mencuat-cut-tari-luna-maya-dan-ariel-asyik-lakukan-hal-ini,Advertiser preference,Adult: Sexual content,Restricted ad serving,ca-pub-7784034061253020,11,2025-06-23,2025-06-23
manado.tribunnews.com,Page,N/A,N/A,manado.tribunnews.com/2018/03/04/wanita-wajib-tahu-manfaat-kesehatan-saat-tidur-tak-mengenakan-celana-dalam,Advertiser preference,Adult: Sexual content,Restricted ad serving,ca-pub-7784034061253020,11,2025-06-23,2025-06-23
makassar.tribunnews.com,Page,N/A,N/A,makassar.tribunnews.com/2020/01/06/5-artis-perankan-hubungan-intim-tapi-akhirnya-menikmati-adegan-ranjang-itu-ada-yang-bareng-brondong?page=3,Advertiser preference,Adult: Sexual content,Restricted ad serving,ca-pub-7784034061253020,11,2025-06-23,2025-06-23
makassar.tribunnews.com,Page,N/A,N/A,makassar.tribunnews.com/2017/09/21/wawancara-khusus-dengan-wni-bintang-film-dewasa-sera-amane-ternyata-orangtua-tak-tahu?page=2,Advertiser preference,Shocking content,Restricted ad serving,ca-pub-7784034061253020,11,2025-06-24,2025-06-24
makassar.tribunnews.com,Page,N/A,N/A,makassar.tribunnews.com/2014/03/28/seksolog-masturbasi-sama-dengan-hubungan-seksual,Advertiser preference,Adult: Sexual content,Restricted ad serving,ca-pub-7784034061253020,11,2025-06-25,2025-06-25
m.tribunnews.com,Page,N/A,N/A,m.tribunnews.com/regional/2019/10/26/video-publik-figur-diduga-terlibat-prostitusi-artis-ditangkap-polisi-digerebek-saat-hubungan-badan,Advertiser preference,Adult: Sexual content,Restricted ad serving,ca-pub-7784034061253020,11,2025-06-24,2025-06-24
m.tribunnews.com,Page,N/A,N/A,m.tribunnews.com/regional/2018/02/12/katanya-alat-bantu-seks-seperti-ini-bikin-kaum-hawa-bisa-klimaks-berkali-kali,Advertiser preference,Adult: Sexual content,Restricted ad serving,ca-pub-7784034061253020,11,2025-06-24,2025-06-24
m.tribunnews.com,Page,N/A,N/A,m.tribunnews.com/regional/2017/01/06/psk-asing-di-batam-bukan-rahasia-umum-ini-jawaban-imigrasi,Advertiser preference,Adult: Sexual content,Restricted ad serving,ca-pub-7784034061253020,11,2025-06-23,2025-06-23
m.tribunnews.com,Page,N/A,N/A,m.tribunnews.com/nasional/2017/10/26/tragis-pegawai-bni-siantar-tewas-dibegal-dengan-kepala-terseret-di-aspal-ini-5-fakta-kejadiannya,Advertiser preference,Shocking content,Restricted ad serving,ca-pub-7784034061253020,11,2025-06-23,2025-06-23
m.tribunnews.com,Page,N/A,N/A,m.tribunnews.com/kesehatan/2019/08/30/seks-oral-variasi-aktivitas-seks-dan-resikonya,Advertiser preference,Adult: Sexual content,Restricted ad serving,ca-pub-7784034061253020,11,2025-06-24,2025-06-24
m.tribunnews.com,Page,N/A,N/A,m.tribunnews.com/kesehatan/2012/06/15/sudah-abg-penis-tetap-kecil-nggak-berkumis-mengapa,Advertiser preference,Adult: Sexual content,Restricted ad serving,ca-pub-7784034061253020,11,2025-06-24,2025-06-24
m.tribunnews.com,Page,N/A,N/A,m.tribunnews.com/internasional/2017/07/10/berita-foto-gao-qian-wanita-cantik-pemilik-bokong-terindah-di-china,Advertiser preference,Adult: Sexual content,Restricted ad serving,ca-pub-7784034061253020,11,2025-06-23,2025-06-23
kupang.tribunnews.com,Page,N/A,N/A,kupang.tribunnews.com/2020/10/10/viral-heboh-lupa-matikan-aplikasi-zoom-saat-kuliah-online-mahasiswi-kupang-terekam-berbuat-mesum,Advertiser preference;Policy issue,Encouraging accidental clicks: Layout;Google-served ads obscuring content,Restricted ad serving,ca-pub-7784034061253020,11,2025-06-24,2025-06-24
kupang.tribunnews.com,Page,N/A,N/A,kupang.tribunnews.com/2019/07/16/waspada-pura-pura-orgasme-saat-berhubungan-intim-bisa-berbahaya-loh-benarkah?page=2,Advertiser preference,Adult: Sexual content,Restricted ad serving,ca-pub-7784034061253020,11,2025-06-24,2025-06-24
kaltim.tribunnews.com,Page,N/A,N/A,kaltim.tribunnews.com/2020/07/16/alasan-suka-sama-suka-ayah-tega-setubuhi-anak-kandungnya-hingga-hamil-dua-bulan,Policy issue,Ads Disguised as Content,Restricted ad serving,ca-pub-7784034061253020,11,2025-06-24,2025-06-24
jogja.tribunnews.com,Page,N/A,N/A,jogja.tribunnews.com/2021/05/19/5-posisi-bercinta-yang-perlu-dicoba-saat-pasangan-kamu-sedang-kelelahan?page=2,Advertiser preference,Adult: Sexual content,Restricted ad serving,ca-pub-7784034061253020,11,2025-06-23,2025-06-23
jogja.tribunnews.com,Page,N/A,N/A,jogja.tribunnews.com/2014/04/10/panjang-mrp-saat-ereksi-hanyalah-14-centimeter,Advertiser preference,Adult: Sexual content,Restricted ad serving,ca-pub-7784034061253020,11,2025-06-22,2025-06-25
jateng.tribunnews.com,Page,N/A,N/A,jateng.tribunnews.com/2017/05/30/vedeo-heboh-sekolah-bugil-untuk-pertahankan-tradisi-mandi-di-pemandian-umum,Policy issue,Site Behavior: Navigation,Restricted ad serving,ca-pub-7784034061253020,11,2025-06-20,2025-06-24
jateng.tribunnews.com,Page,N/A,N/A,jateng.tribunnews.com/2015/03/17/video-kios-pasar-di-kendal-berubah-jadi-kamar-prostitusi,Advertiser preference,Adult: Sexual content,Restricted ad serving,ca-pub-7784034061253020,11,2025-06-19,2025-06-25
jateng.tribunnews.com,Page,N/A,N/A,jateng.tribunnews.com/2014/09/03/cewek-psk-jebolan-gang-dolly-kini-mangkal-di-pasar-sapi,Advertiser preference,Shocking content,Restricted ad serving,ca-pub-7784034061253020,11,2025-06-24,2025-06-24
jambi.tribunnews.com,Page,N/A,N/A,jambi.tribunnews.com/2018/01/21/ini-yang-ada-dipikiran-wanita-bila-melihat-kelamin-laki-laki?page=all,Advertiser preference,Adult: Sexual content,Restricted ad serving,ca-pub-7784034061253020,11,2025-06-24,2025-06-24
jambi.tribunnews.com,Page,N/A,N/A,jambi.tribunnews.com/2017/08/14/pengungsi-pria-jatuh-ke-tangan-tante-girang-ini-kisah-hassan-4-kali-sehari-harus-melayani,Advertiser preference,Adult: Sexual content,Restricted ad serving,ca-pub-7784034061253020,11,2025-06-21,2025-06-23
jambi.tribunnews.com,Page,N/A,N/A,jambi.tribunnews.com/2017/07/30/galeri-foto-tanpa-sensor-ini-5-film-dewasa-dengan-adegan-intim-nyata,Advertiser preference,Adult: Sexual content,Restricted ad serving,ca-pub-7784034061253020,11,2025-06-23,2025-06-25
jabar.tribunnews.com,Page,N/A,N/A,jabar.tribunnews.com/2021/08/29/pria-perlu-tahu-nih-lengkuas-ternyata-bisa-jadi-obat-kuat-alami-begini-caranya?page=2,Policy issue,Ads Disguised as Content,Restricted ad serving,ca-pub-7784034061253020,11,2025-06-25,2025-06-25
jabar.tribunnews.com,Page,N/A,N/A,jabar.tribunnews.com/2019/10/12/video-2-kecelakaan-di-indramayu-libatkan-6-kendaraan-mini-car-viar-muat-9-penumpang,Advertiser preference,Shocking content,Restricted ad serving,ca-pub-7784034061253020,11,2025-06-24,2025-06-24
jabar.tribunnews.com,Page,N/A,N/A,jabar.tribunnews.com/2019/08/20/suami-jual-istri-untuk-layanan-threesome-tak-tahu-50-video-vina-garut-dijual-kini-sakit-stroke,Advertiser preference,Adult: Sexual content,Restricted ad serving,ca-pub-7784034061253020,11,2025-06-25,2025-06-25
jabar.tribunnews.com,Page,N/A,N/A,jabar.tribunnews.com/2017/09/17/gila-tiga-wanita-cantik-ini-kecanduan-berhubungan-intim-hingga-puluhan-kali-dalam-sehari,Advertiser preference,Adult: Sexual content,Restricted ad serving,ca-pub-7784034061253020,11,2025-06-22,2025-06-24
cirebon.tribunnews.com,Page,N/A,N/A,cirebon.tribunnews.com/2019/09/13/ibu-ibu-toba-samosir-nekat-buka-baju-dan-telanjang-hadang-aparat-gara-gara-ini,Advertiser preference,Adult: Sexual content,Restricted ad serving,ca-pub-7784034061253020,11,2025-06-23,2025-06-23
bogor.tribunnews.com,Page,N/A,N/A,bogor.tribunnews.com/2018/05/09/angkat-kaki-habis-hubungan-seks-bisa-cepet-hamil-beneran-simak-penjelasan-medisnya-yuk,Advertiser preference,Adult: Sexual content,Restricted ad serving,ca-pub-7784034061253020,11,2025-06-23,2025-06-23
bogor.tribunnews.com,Page,N/A,N/A,bogor.tribunnews.com/2017/09/13/kasih-resep-jamu-pembesar-payudara-bentuk-pinggang-wanita-ini-bikin-penonton-ikutan-sesak?page=2,Advertiser preference,Adult: Sexual content,Restricted ad serving,ca-pub-7784034061253020,11,2025-06-23,2025-06-23
bengkulu.tribunnews.com,Page,N/A,N/A,bengkulu.tribunnews.com/2022/09/27/link-nonton-anime-kinsou-no-vermeil-uncensored-full-episode-lengkap-dengan-sub-indo?page=2,Advertiser preference;Policy issue,Content obscuring Google-served ads;Encouraging accidental clicks: Layout,Restricted ad serving,ca-pub-7784034061253020,11,2025-06-23,2025-06-23
belitung.tribunnews.com,Page,N/A,N/A,belitung.tribunnews.com/2018/01/31/lima-ciri-fisik-wanita-ini-tunjukkan-memiliki-nafsu-birahi-yang-meletup-letup-begini-penjelasannya,Advertiser preference,Adult: Sexual content;Shocking content,Restricted ad serving,ca-pub-7784034061253020,11,2025-06-23,2025-06-23
belitung.tribunnews.com,Page,N/A,N/A,belitung.tribunnews.com/2017/11/12/wanita-simak-ini-begini-ciri-ciri-pria-yang-sudah-tak-perjaka-lagi,Advertiser preference,Shocking content,Restricted ad serving,ca-pub-7784034061253020,11,2025-06-24,2025-06-24
belitung.tribunnews.com,Page,N/A,N/A,belitung.tribunnews.com/2017/01/12/berdarah-darah-saat-bercinta-ternyata-pasangan-seks-ini-lakukan-gaya-tak-lazim,Advertiser preference,Shocking content,Restricted ad serving,ca-pub-7784034061253020,11,2025-06-25,2025-06-25
batam.tribunnews.com,Page,N/A,N/A,batam.tribunnews.com/2019/03/12/pembunuhan-sadis-remaja-diperkosa-wajahnya-dikuliti-lalu-dibuang-di-lapangan-3-pria-diburu-polisi?page=1,Advertiser preference,Shocking content,Restricted ad serving,ca-pub-7784034061253020,11,2025-06-25,2025-06-25
batam.tribunnews.com,Page,N/A,N/A,batam.tribunnews.com/2017/08/12/heboh-video-hubungan-intim-tkw-di-singapura-tersebar-lewat-medsos,Advertiser preference,Adult: Sexual content,Restricted ad serving,ca-pub-7784034061253020,11,2025-06-19,2025-06-25
banjarmasin.tribunnews.com,Page,N/A,N/A,banjarmasin.tribunnews.com/2016/08/01/10-fakta-yang-harus-kita-ketahui-tentang-kondom-wanita,Advertiser preference,Adult: Sexual content,Restricted ad serving,ca-pub-7784034061253020,11,2025-06-23,2025-06-23
bangka.tribunnews.com,Page,N/A,N/A,bangka.tribunnews.com/2022/01/09/wanita-tidur-tanpa-pakai-celana-dalam-ternyata-bisa-bikin-dapatkan-manfaat-menakjubkan-ini,Advertiser preference,Google-served ads obscuring content,Restricted ad serving,ca-pub-7784034061253020,11,2025-06-23,2025-06-23
bangka.tribunnews.com,Page,N/A,N/A,bangka.tribunnews.com/2018/01/06/begini-nasib-dua-bocah-yang-beradegan-hot-di-video-mesum-bareng-tante,Advertiser preference,Adult: Sexual content,Restricted ad serving,ca-pub-7784034061253020,11,2025-06-19,2025-06-24
bangka.tribunnews.com,Page,N/A,N/A,bangka.tribunnews.com/2017/07/24/wanita-ini-buka-rok-lalu-duduk-di-atas-pangkuan-pria-aksi-di-halte-bikin-orang-terperanjat,Advertiser preference,Shocking content,Restricted ad serving,ca-pub-7784034061253020,11,2025-06-23,2025-06-23
bangka.tribunnews.com,Page,N/A,N/A,bangka.tribunnews.com/2016/09/05/kepribadian-wanita-berdasarkan-bentuk-puting-susunya?page=2,Advertiser preference,Adult: Sexual content,Restricted ad serving,ca-pub-7784034061253020,11,2025-06-25,2025-06-25
bali.tribunnews.com,Page,N/A,N/A,bali.tribunnews.com/2017/08/28/video-detik-detik-tkw-dipaksa-intim-oleh-majikan-berusaha-berontak,Policy issue,Site Behavior: Navigation,Restricted ad serving,ca-pub-7784034061253020,11,2025-06-20,2025-06-24
bali.tribunnews.com,Page,N/A,N/A,bali.tribunnews.com/2017/06/23/kakek-sugiono-82-tahun-tetap-gagah-hadapi-gadis-muda-di-ranjang-ini-rahasianya,Advertiser preference,Adult: Sexual content,Restricted ad serving,ca-pub-7784034061253020,11,2025-06-23,2025-06-23
bali.tribunnews.com,Page,N/A,N/A,bali.tribunnews.com/2016/10/31/artis-cantik-bintang-film-porno-ini-bertobat-memilih-nikahi-sugar-daddy,Advertiser preference,Shocking content,Restricted ad serving,ca-pub-7784034061253020,11,2025-06-25,2025-06-25
www.tribunnewswiki.com,Page,N/A,N/A,www.tribunnewswiki.com/2024/06/24/video-6-menit-opa-ambon-dan-wanita-muda-viral-di-twitter-x-link-tersebar-ternyata-tetanggaan,Advertiser preference;Policy issue,Google-served ads obscuring content;Modified Javascript: Ads by Google size,Restricted ad serving,ca-pub-7784034061253020,10,2025-06-24,2025-06-24
www.tribunnewswiki.com,Page,N/A,N/A,www.tribunnewswiki.com/2019/12/31/12-gadis-di-satu-smp-hamil-bersamaan-ternyata-dalam-sebulan-100-kondom-terjual-di-sekitar-sekolah,Advertiser preference,Adult: Sexual content,Restricted ad serving,ca-pub-7784034061253020,10,2025-06-25,2025-06-25
www.tribunnews.com,Page,N/A,N/A,www.tribunnews.com/regional/2019/04/09/raja-judi-asal-medan-bawa-uang-miliaran-rupiah-untuk-membuka-pengobatan-gratis,Advertiser preference,Shocking content,Restricted ad serving,ca-pub-7784034061253020,10,2025-06-23,2025-06-23
www.tribunnews.com,Page,N/A,N/A,www.tribunnews.com/regional/2019/01/17/psk-muda-ini-selalu-konsumsi-sabu-saat-layani-pelanggan-simak-alasannya,Advertiser preference,Adult: Sexual content,Restricted ad serving,ca-pub-7784034061253020,10,2025-06-22,2025-06-25
www.tribunnews.com,Page,N/A,N/A,www.tribunnews.com/nasional/2010/03/23/gara-gara-stress-un-siswa-sma-lakukan-masturbasi,Policy issue,Ads Disguised as Content,Restricted ad serving,ca-pub-7784034061253020,10,2025-06-20,2025-06-25
www.tribunjualbeli.com,Page,N/A,N/A,www.tribunjualbeli.com/sumatera-selatan/2201106/paket-sebul-vape-vaping-vapor-second-satu-set-siap-pake-harga-murah-palembang,Advertiser preference,Tobacco,Restricted ad serving,ca-pub-7784034061253020,10,2025-06-21,2025-06-24
www.tribunjualbeli.com,Page,N/A,N/A,www.tribunjualbeli.com/jawa-tengah/2325673/obat-tahan-lama-cialis-100mg-obat-kuat-ejakulasi-dini-solo,Advertiser preference,Adult: Sexual content,Restricted ad serving,ca-pub-7784034061253020,10,2025-06-23,2025-06-23
www.tribunjualbeli.com,Page,N/A,N/A,www.tribunjualbeli.com/jawa-barat/2380409/obat-viagra-asli-usa-100mg-bisa-pesan-antar-bandung,Advertiser preference,Adult: Sexual content,Restricted ad serving,ca-pub-7784034061253020,10,2025-06-23,2025-06-24
www.tribunjualbeli.com,Page,N/A,N/A,www.tribunjualbeli.com/banten/2364856/7-macam-obat-perangsang-wanita-ampuh-di-tangerang-pembayaran-cod-tangerang,Advertiser preference,Adult: Sexual content,Restricted ad serving,ca-pub-7784034061253020,10,2025-06-23,2025-06-24
wow.tribunnews.com,Page,N/A,N/A,wow.tribunnews.com/2018/01/22/setelah-pakai-lip-tint-palsu-bibir-remaja-ini-jadi-bengkak-ceritanya-viral,Advertiser preference;Policy issue,Shocking content;Site Behavior: Navigation,Restricted ad serving,ca-pub-7784034061253020,10,2025-06-25,2025-06-25
wartakota.tribunnews.com,Page,N/A,N/A,wartakota.tribunnews.com/2023/02/16/pembunuh-wanita-pengusaha-ayam-goreng-di-bekasi-diduga-2-karyawannya-bayi-korban-dibawa-kabur,Advertiser preference,Shocking content,Restricted ad serving,ca-pub-7784034061253020,10,2025-06-23,2025-06-23
wartakota.tribunnews.com,Page,N/A,N/A,wartakota.tribunnews.com/2021/05/26/cerita-psk-open-bo-di-michat-dapat-pelanggan-tetangga-sendiri-dan-teman-nongkrong-tarif-tetap-sama?page=2,Policy issue,Ads Disguised as Content,Restricted ad serving,ca-pub-7784034061253020,10,2025-06-23,2025-06-23
wartakota.tribunnews.com,Page,N/A,N/A,wartakota.tribunnews.com/2019/11/15/patukan-raja-kobra-menewaskan-piton-berlanjut-upaya-raja-kobra-menelan-habis-tubuh-ular-piton,Advertiser preference,Shocking content,Restricted ad serving,ca-pub-7784034061253020,10,2025-06-24,2025-06-24
wartakota.tribunnews.com,Page,N/A,N/A,wartakota.tribunnews.com/2017/11/25/rumah-kos-yang-dijaga-tante-vero-khusus-pria,Advertiser preference,Shocking content,Restricted ad serving,ca-pub-7784034061253020,10,2025-06-25,2025-06-25
wartakota.tribunnews.com,Page,N/A,N/A,wartakota.tribunnews.com/2017/11/13/oknum-pns-ini-3-kali-seminggu-masukkan-terong-timun-ke-kemaluan-isteri,Advertiser preference,Adult: Sexual content,Restricted ad serving,ca-pub-7784034061253020,10,2025-06-19,2025-06-23
wartakota.tribunnews.com,Page,N/A,N/A,wartakota.tribunnews.com/2014/05/29/ukuran-klitoris-sangat-pengaruhi-orgasme-wanita,Advertiser preference,Adult: Sexual content,Restricted ad serving,ca-pub-7784034061253020,10,2025-06-23,2025-06-23
video.tribunnews.com,Page,N/A,N/A,video.tribunnews.com/view/76874/ayah-marah-nilai-uts-jeblok-pelajar-nekat-bunuh-diri,Advertiser preference,Shocking content,Restricted ad serving,ca-pub-7784034061253020,10,2025-06-23,2025-06-23
suryamalang.tribunnews.com,Page,N/A,N/A,suryamalang.tribunnews.com/2017/12/31/ingat-pemeran-american-pie-yang-tampil-tanpa-busana-ini-ini-kondisinya-sekarang-berubah-drastis,Policy issue,Ads Disguised as Content,Restricted ad serving,ca-pub-7784034061253020,10,2025-06-25,2025-06-25
suryamalang.tribunnews.com,Page,N/A,N/A,suryamalang.tribunnews.com/2017/07/03/cantik-dan-sexy-pegawai-bank-ini-sukses-puaskan-nasabah-apalagi-saat-foto-foto-seksinya-viral,Advertiser preference,Shocking content,Restricted ad serving,ca-pub-7784034061253020,10,2025-06-25,2025-06-25
surabaya.tribunnews.com,Page,N/A,N/A,surabaya.tribunnews.com/2017/10/26/video-duo-serigala-asyik-nyanyi-sambil-goyang-hot-eh-ternyata-ada-yang-nongol-bikin-salfok,Advertiser preference,Google-served ads obscuring content,Restricted ad serving,ca-pub-7784034061253020,10,2025-06-25,2025-06-25
surabaya.tribunnews.com,Page,N/A,N/A,surabaya.tribunnews.com/2015/02/28/chelsea-islan-depresi-karena-video-buka-baju-di-toilet,Advertiser preference,Shocking content,Restricted ad serving,ca-pub-7784034061253020,10,2025-06-24,2025-06-24
sumsel.tribunnews.com,Page,N/A,N/A,sumsel.tribunnews.com/2023/09/13/blak-blakan-virly-virginia-soal-proses-syuting-film-dewasa-klaim-hanya-teknik-kamera?page=2,Advertiser preference;Policy issue,Google-served ads obscuring content;Modified Javascript: Ads by Google size,Restricted ad serving,ca-pub-7784034061253020,10,2025-06-24,2025-06-24
sumsel.tribunnews.com,Page,N/A,N/A,sumsel.tribunnews.com/2017/12/13/inilah-5-video-mesum-yang-paling-bikin-geger-sepanjang-tahun-2017-no-3-paling-hits,Advertiser preference,Adult: Sexual content,Restricted ad serving,ca-pub-7784034061253020,10,2025-06-23,2025-06-23
sulbar.tribunnews.com,Page,N/A,N/A,sulbar.tribunnews.com/2023/01/09/viral-empat-bersaudara-melakukan-adegan-asusila-link-tersebar-di-twitter-dan-tiktok,Advertiser preference,Google-served ads obscuring content,Restricted ad serving,ca-pub-7784034061253020,10,2025-06-25,2025-06-25
style.tribunnews.com,Page,N/A,N/A,style.tribunnews.com/2017/11/16/3-wanita-ini-raih-gelar-bintang-film-panas-terfavorit-av-open-2017-nggak-cari-kerja-yang-halal-aja?page=3,Policy issue,Site Behavior: Navigation,Restricted ad serving,ca-pub-7784034061253020,10,2025-06-25,2025-06-25
style.tribunnews.com,Page,N/A,N/A,style.tribunnews.com/2017/04/08/18-jenis-celana-dalam-wanita-ini-tunjukkan-kalau-ada-banyak-opsi-buat-daleman-bawah-girls?page=2,Advertiser preference,Adult: Sexual content,Restricted ad serving,ca-pub-7784034061253020,10,2025-06-25,2025-06-25
style.tribunnews.com,Page,N/A,N/A,style.tribunnews.com/2016/12/17/cari-tahu-yuk-karakter-cowok-lewat-11-jenis-kumis-dan-jenggot-mereka-ada-yang-bikin-melting,Policy issue,Site Behavior: Navigation,Restricted ad serving,ca-pub-7784034061253020,10,2025-06-22,2025-06-25
style.tribunnews.com,Page,N/A,N/A,style.tribunnews.com/2016/08/25/merek-rokok-makna-lucu-unik-hingga-serius-di-balik-8-brand-batang-tembakau-ini-benarkah?page=1,Advertiser preference,Tobacco,Restricted ad serving,ca-pub-7784034061253020,10,2025-06-24,2025-06-24
sorong.tribunnews.com,Page,N/A,N/A,sorong.tribunnews.com/2023/05/20/bakit-vrin-asmuruf-calon-dokter-asal-maybrat-yang-tak-gengsi-bantu-orang-tuanya-jualan-keliling,Policy issue,Encouraging accidental clicks: Layout,Restricted ad serving,ca-pub-7784034061253020,10,2025-06-24,2025-06-24
pontianak.tribunnews.com,Page,N/A,N/A,pontianak.tribunnews.com/2018/06/05/9-artis-seksi-indonesia-yang-tampil-toples-di-film-berani-adegan-panas-sama-bule?page=2,Advertiser preference;Policy issue,Adult: Sexual content;Site Behavior: Navigation,Restricted ad serving,ca-pub-7784034061253020,10,2025-06-23,2025-06-23
pontianak.tribunnews.com,Page,N/A,N/A,pontianak.tribunnews.com/2018/01/24/10-foto-dan-video-artis-indonesia-telanjang-beredar-di-internet-ada-yang-dilaporkan-ke-polisi?page=4,Advertiser preference,Adult: Sexual content,Restricted ad serving,ca-pub-7784034061253020,10,2025-06-24,2025-06-24
pontianak.tribunnews.com,Page,N/A,N/A,pontianak.tribunnews.com/2017/11/11/ya-tuhan-foto-gadis-abg-mesum-digilir-sejumlah-temannya-beredar-di-medsos,Advertiser preference,Adult: Sexual content,Restricted ad serving,ca-pub-7784034061253020,10,2025-06-23,2025-06-23
pontianak.tribunnews.com,Page,N/A,N/A,pontianak.tribunnews.com/2017/11/08/viral-video-mesum-diduga-pelajar-pontianak-ini-kata-kasat-reskrim,Advertiser preference,Google-served ads obscuring content,Restricted ad serving,ca-pub-7784034061253020,10,2025-06-23,2025-06-23
pekanbaru.tribunnews.com,Page,N/A,N/A,pekanbaru.tribunnews.com/2023/08/26/diperankan-angeli-khang-nonton-film-silip-sa-apoy-2022,Advertiser preference,Google-served ads obscuring content,Restricted ad serving,ca-pub-7784034061253020,10,2025-06-25,2025-06-25
pekanbaru.tribunnews.com,Page,N/A,N/A,pekanbaru.tribunnews.com/2022/03/25/kisah-ayah-mertua-nakal-ko-duluan-saat-paksa-menantu-berhubungan-badan,Advertiser preference,Google-served ads obscuring content,Restricted ad serving,ca-pub-7784034061253020,10,2025-06-24,2025-06-24
pekanbaru.tribunnews.com,Page,N/A,N/A,pekanbaru.tribunnews.com/2021/05/29/siswi-smp-yang-banting-harga-melalui-video-open-bo-diamankan-bersama-seorang-pria-remaja,Advertiser preference;Policy issue,Google-served ads obscuring content;Modified Javascript: Ads by Google size,Restricted ad serving,ca-pub-7784034061253020,10,2025-06-24,2025-06-24
pekanbaru.tribunnews.com,Page,N/A,N/A,pekanbaru.tribunnews.com/2020/01/04/sunnah-bersenggama-dan-berhubungan-suami-istri-dalam-islam-tata-cara-bersetubuh-dan-doa-bersetubuh,Advertiser preference,Adult: Sexual content,Restricted ad serving,ca-pub-7784034061253020,10,2025-06-24,2025-06-24
palembang.tribunnews.com,Page,N/A,N/A,palembang.tribunnews.com/2019/05/05/hati-hati-7-ciri-ciri-wanita-seperti-ini-mudah-mendua-awasi-pasangan-anda-jangan-sampai-selingkuh,Policy issue,Encouraging accidental clicks: Layout,Restricted ad serving,ca-pub-7784034061253020,10,2025-06-24,2025-06-24
palembang.tribunnews.com,Page,N/A,N/A,palembang.tribunnews.com/2018/02/09/nekat-bolos-sekolah-sepasang-siswa-sma-ketahuan-bikin-video-mesum-ada-yang-di-alam-terbuka,Advertiser preference,Adult: Sexual content,Restricted ad serving,ca-pub-7784034061253020,10,2025-06-25,2025-06-25
palembang.tribunnews.com,Page,N/A,N/A,palembang.tribunnews.com/2017/12/17/pamer-tubuh-semok-nekat-live-berhubungan-dengan-suami-wanita-ini-bikin-syok-perlihatkan-itunya,Advertiser preference,Adult: Sexual content,Restricted ad serving,ca-pub-7784034061253020,10,2025-06-19,2025-06-24
palembang.tribunnews.com,Page,N/A,N/A,palembang.tribunnews.com/2017/11/15/terungkap-identitas-pasangan-yang-ditelanjangi-diarak-itu-korban-persekusi-wanitanya-ternyata,Advertiser preference,Adult: Sexual content,Restricted ad serving,ca-pub-7784034061253020,10,2025-06-23,2025-06-23
palembang.tribunnews.com,Page,N/A,N/A,palembang.tribunnews.com/2017/08/03/beredar-foto-cewek-berjilbab-pamer-bra-di-jembatan-suramadu,Advertiser preference,Adult: Sexual content,Restricted ad serving,ca-pub-7784034061253020,10,2025-06-23,2025-06-23
palembang.tribunnews.com,Page,N/A,N/A,palembang.tribunnews.com/2016/01/20/pegawai-negeri-terekam-cctv-sedang-making-love-di-dalam-kantor,Advertiser preference,Adult: Sexual content,Restricted ad serving,ca-pub-7784034061253020,10,2025-06-19,2025-06-25
medan.tribunnews.com,Page,N/A,N/A,medan.tribunnews.com/2021/10/18/viral-bocil-tertangkap-basah-bermesraan-di-kamar-mandi-musala,Advertiser preference,Google-served ads obscuring content,Restricted ad serving,ca-pub-7784034061253020,10,2025-06-24,2025-06-24
medan.tribunnews.com,Page,N/A,N/A,medan.tribunnews.com/2021/10/04/penjaja-kenikmatan-tumbuh-subur-di-kabupaten-samosir-begini-modusnya-dalam-beraksi,Policy issue,Ads Disguised as Content,Restricted ad serving,ca-pub-7784034061253020,10,2025-06-25,2025-06-25
medan.tribunnews.com,Page,N/A,N/A,medan.tribunnews.com/2018/05/07/di-museum-ini-pengunjung-diperbolehkan-datang-telanjang,Advertiser preference,Adult: Sexual content,Restricted ad serving,ca-pub-7784034061253020,10,2025-06-23,2025-06-23
medan.tribunnews.com,Page,N/A,N/A,medan.tribunnews.com/2018/01/27/masih-ingat-kasus-video-mesum-anak-kecil-dengan-wanita-dewasa-ternyata-dibiayai-rp-108-juta,Advertiser preference,Adult: Sexual content,Restricted ad serving,ca-pub-7784034061253020,10,2025-06-25,2025-06-25
medan.tribunnews.com,Page,N/A,N/A,medan.tribunnews.com/2018/01/07/ketika-sang-ibunya-menyaksikan-adegan-pembuatan-film-mesum-anak-kecil-dengan-wanita-dewasa?page=2,Advertiser preference,Shocking content,Restricted ad serving,ca-pub-7784034061253020,10,2025-06-25,2025-06-25
medan.tribunnews.com,Page,N/A,N/A,medan.tribunnews.com/2017/09/13/resep-jamu-bikin-dada-montok-ini-viral-penonton-justru-curiga,Advertiser preference,Adult: Sexual content,Restricted ad serving,ca-pub-7784034061253020,10,2025-06-25,2025-06-25
manado.tribunnews.com,Page,N/A,N/A,manado.tribunnews.com/2019/08/29/obat-kuat-ini-2-hingga-3-jam-minum-baru-bereaksi-disarankan-coba-hingga-6-kali-baru-menyerah,Advertiser preference,Adult: Sexual content,Restricted ad serving,ca-pub-7784034061253020,10,2025-06-25,2025-06-25
manado.tribunnews.com,Page,N/A,N/A,manado.tribunnews.com/2017/12/14/heboh-pengakuan-jujur-hana-annisa-terkait-video-mesum-dirinya,Advertiser preference,Adult: Sexual content,Restricted ad serving,ca-pub-7784034061253020,10,2025-06-24,2025-06-24
makassar.tribunnews.com,Page,N/A,N/A,makassar.tribunnews.com/tag/vina-garut?page=2,Advertiser preference,Shocking content,Restricted ad serving,ca-pub-7784034061253020,10,2025-06-25,2025-06-25
makassar.tribunnews.com,Page,N/A,N/A,makassar.tribunnews.com/2019/10/18/foto-pamela-safitri-tanpa-busana-video-dada-nyembul-pose-vulgar-nyawer-pelecehan-seksual-konflik?page=3,Advertiser preference,Adult: Sexual content,Restricted ad serving,ca-pub-7784034061253020,10,2025-06-25,2025-06-25
makassar.tribunnews.com,Page,N/A,N/A,makassar.tribunnews.com/2019/10/11/karena-sudah-keseringan-adik-kandung-ajak-duluan-kakak-berhubungan-badan-layaknya-suami-istri?page=2,Advertiser preference,Adult: Sexual content,Restricted ad serving,ca-pub-7784034061253020,10,2025-06-23,2025-06-23
makassar.tribunnews.com,Page,N/A,N/A,makassar.tribunnews.com/2019/02/22/ini-permintaan-terakhir-erni-susanti-wanita-hamil-yang-tewas-dibunuh-suami-luka-robek-di-perut,Advertiser preference;Policy issue,Ads Disguised as Content;Shocking content,Restricted ad serving,ca-pub-7784034061253020,10,2025-06-25,2025-06-25
makassar.tribunnews.com,Page,N/A,N/A,makassar.tribunnews.com/2018/03/27/heboh-polisi-bongkar-psk-online-di-aceh-berikut-5-faktanya-no-3-tarif-no-4-ceweknya-mahasiswi?page=2,Advertiser preference,Shocking content,Restricted ad serving,ca-pub-7784034061253020,10,2025-06-25,2025-06-25
makassar.tribunnews.com,Page,N/A,N/A,makassar.tribunnews.com/2017/10/26/gempar-video-hana-anisa-alumnus-ui-orang-ini-malah-protes-jeleknya-pengadeganan-apa-katanya?page=3,Advertiser preference,Adult: Sexual content,Restricted ad serving,ca-pub-7784034061253020,10,2025-06-23,2025-06-23
makassar.tribunnews.com,Page,N/A,N/A,makassar.tribunnews.com/2017/09/21/wawancara-khusus-dengan-wni-bintang-film-dewasa-sera-amane-ternyata-orangtua-tak-tahu?page=3,Advertiser preference,Adult: Sexual content;Shocking content,Restricted ad serving,ca-pub-7784034061253020,10,2025-06-24,2025-06-24
makassar.tribunnews.com,Page,N/A,N/A,makassar.tribunnews.com/2016/10/21/psk-asing-kelas-atas-ternyata-malas-layani-pria-indonesia-meskipun-dibayar-mahal,Advertiser preference,Adult: Sexual content,Restricted ad serving,ca-pub-7784034061253020,10,2025-06-24,2025-06-24
m.tribunnews.com,Page,N/A,N/A,m.tribunnews.com/regional/2019/08/05/prostitusi-di-singaraja-bali-berkedok-warung-kopi-di-depan-jualan-kopi-di-belakang-layani-tamu,Advertiser preference,Adult: Sexual content,Restricted ad serving,ca-pub-7784034061253020,10,2025-06-24,2025-06-24
m.tribunnews.com,Page,N/A,N/A,m.tribunnews.com/regional/2019/07/18/terungkap-2-oknum-pns-dalam-video-mesum-di-simalungun-bukan-suami-istri-dan-telah-berkeluarga,Advertiser preference,Adult: Sexual content;Shocking content,Restricted ad serving,ca-pub-7784034061253020,10,2025-06-23,2025-06-23
m.tribunnews.com,Page,N/A,N/A,m.tribunnews.com/regional/2019/07/08/lihat-istri-tetangga-pakai-daster-gede-suri-lupa-sakit-perut-dan-bernafsu-ini-tindakan-konyolnya,Advertiser preference,Adult: Sexual content,Restricted ad serving,ca-pub-7784034061253020,10,2025-06-25,2025-06-25
m.tribunnews.com,Page,N/A,N/A,m.tribunnews.com/regional/2019/01/29/heboh-pria-di-karimun-bunuh-dan-minum-darah-kucing-ada-7-bangkai-kucing-di-tas-pelaku,Advertiser preference,Shocking content,Restricted ad serving,ca-pub-7784034061253020,10,2025-06-23,2025-06-23
m.tribunnews.com,Page,N/A,N/A,m.tribunnews.com/regional/2019/01/05/kasus-video-syur-11-menit-oknum-polwan-di-makassar-ini-cerita-tim-cyber-mengungkapnya,Advertiser preference,Adult: Sexual content,Restricted ad serving,ca-pub-7784034061253020,10,2025-06-23,2025-06-23
m.tribunnews.com,Page,N/A,N/A,m.tribunnews.com/regional/2018/05/23/siswa-sd-ini-menghamili-siswi-smp-ini-fakta-faktanya?page=2,Advertiser preference,Adult: Sexual content,Restricted ad serving,ca-pub-7784034061253020,10,2025-06-24,2025-06-24
m.tribunnews.com,Page,N/A,N/A,m.tribunnews.com/regional/2014/12/30/razia-hotel-di-jombang-6-pasangan-mesum-diciduk,Advertiser preference,Adult: Sexual content,Restricted ad serving,ca-pub-7784034061253020,10,2025-06-24,2025-06-24
m.tribunnews.com,Page,N/A,N/A,m.tribunnews.com/lifestyle/2017/12/19/11-negara-dengan-pria-tampan-dan-wanita-cantik-di-dunia-indonesia-masuk-nggak-ya,Policy issue,Site Behavior: Navigation,Restricted ad serving,ca-pub-7784034061253020,10,2025-06-24,2025-06-24
m.tribunnews.com,Page,N/A,N/A,m.tribunnews.com/kesehatan/2012/11/14/ini-tiga-gaya-bercinta-favorit-chantal-della-concetta,Advertiser preference,Adult: Sexual content,Restricted ad serving,ca-pub-7784034061253020,10,2025-06-24,2025-06-24
m.tribunnews.com,Page,N/A,N/A,m.tribunnews.com/internasional/2019/02/13/bandara-ditutup-2-jam-gara-gara-ada-perempuan-telanjang-di-landasan-bandara,Advertiser preference,Adult: Sexual content,Restricted ad serving,ca-pub-7784034061253020,10,2025-06-24,2025-06-24
lampung.tribunnews.com,Page,N/A,N/A,lampung.tribunnews.com/2022/12/06/michelle-ziudith-bongkar-rahasia-adegan-mesra-di-kupu-kupu-malam?page=2,Policy issue,Encouraging accidental clicks: Layout,Restricted ad serving,ca-pub-7784034061253020,10,2025-06-24,2025-06-24
lampung.tribunnews.com,Page,N/A,N/A,lampung.tribunnews.com/2015/01/10/adegan-seksi-drama-tiongkok-dihapus-warga-protes,Advertiser preference,Adult: Sexual content,Restricted ad serving,ca-pub-7784034061253020,10,2025-06-20,2025-06-23
kupang.tribunnews.com,Page,N/A,N/A,kupang.tribunnews.com/2019/03/22/bolehkan-istri-yang-minta-duluan-untuk-berhubungan-intim-pada-suami-ternyata-begini-ganjarannya,Advertiser preference,Adult: Sexual content,Restricted ad serving,ca-pub-7784034061253020,10,2025-06-23,2025-06-23
kupang.tribunnews.com,Page,N/A,N/A,kupang.tribunnews.com/2017/05/22/penyanyi-cantik-ini-tanpa-busana-simak-pose-pose-menantangnya,Advertiser preference,Adult: Sexual content,Restricted ad serving,ca-pub-7784034061253020,10,2025-06-23,2025-06-24
kupang.tribunnews.com,Page,N/A,N/A,kupang.tribunnews.com/2017/04/18/kenali-bentuk-bentuk-kondom-teranyar-mulai-berbentuk-roket-sampai-menyala-dalam-gelap,Advertiser preference,Adult: Sexual content,Restricted ad serving,ca-pub-7784034061253020,10,2025-06-25,2025-06-25
kupang.tribunnews.com,Page,N/A,N/A,kupang.tribunnews.com/2015/09/19/inilah-titik-klitoris-yang-membuat-wanita-bahagia,Advertiser preference,Adult: Sexual content,Restricted ad serving,ca-pub-7784034061253020,10,2025-06-24,2025-06-24
kupang.tribunnews.com,Page,N/A,N/A,kupang.tribunnews.com/2015/04/12/perempuan-paling-suka-nonton-film-porno,Advertiser preference,Shocking content,Restricted ad serving,ca-pub-7784034061253020,10,2025-06-24,2025-06-24
jatim.tribunnews.com,Page,N/A,N/A,jatim.tribunnews.com/2021/05/31/ternyata-siswi-smp-yang-video-nyaris-bugil-hingga-viral-ketagihan-seks-seminggu-bisa-5-pria-berbeda,Policy issue,Ads Disguised as Content,Restricted ad serving,ca-pub-7784034061253020,10,2025-06-25,2025-06-25
jatim.tribunnews.com,Page,N/A,N/A,jatim.tribunnews.com/2017/06/22/bertemu-pria-bugil-dalam-lift-guru-wanita-diperkosa-habis-habisan-endingnya-sungguh-tak-disangka?page=3,Advertiser preference,Shocking content,Restricted ad serving,ca-pub-7784034061253020,10,2025-06-23,2025-06-23
jateng.tribunnews.com,Page,N/A,N/A,jateng.tribunnews.com/2021/11/09/cara-dapat-cuan-dari-game-lucky-popstar-aplikasi-penghasil-uang-tukar-diamond-jadi-saldo-paypal,Advertiser preference;Policy issue,Encouraging accidental clicks: Layout;Google-served ads obscuring content,Restricted ad serving,ca-pub-7784034061253020,10,2025-06-23,2025-06-23
jateng.tribunnews.com,Page,N/A,N/A,jateng.tribunnews.com/2019/05/13/geger-penemuan-mayat-wanita-tanpa-kepala-di-sebuah-parit-diduga-dalam-kondisi-hamil-muda,Advertiser preference,Shocking content,Restricted ad serving,ca-pub-7784034061253020,10,2025-06-24,2025-06-25
jateng.tribunnews.com,Page,N/A,N/A,jateng.tribunnews.com/2016/04/05/pelajar-sma-mesum-di-atas-kursi-ruang-tamu-heboh-videonya-beredar-di-masyarakat,Advertiser preference,Adult: Sexual content,Restricted ad serving,ca-pub-7784034061253020,10,2025-06-22,2025-06-24
jambi.tribunnews.com,Page,N/A,N/A,jambi.tribunnews.com/2018/01/19/ini-ciri-ciri-yang-tampak-pada-wanita-dan-pria-yang-sering-masturbasi?page=2,Advertiser preference,Adult: Sexual content,Restricted ad serving,ca-pub-7784034061253020,10,2025-06-24,2025-06-24
jambi.tribunnews.com,Page,N/A,N/A,jambi.tribunnews.com/2017/12/19/foto-perindah-bentuk-pinggul-dan-bokong-cara-mengakalinya-jadi-terlihat-lebih-seksi,Advertiser preference,Adult: Sexual content,Restricted ad serving,ca-pub-7784034061253020,10,2025-06-24,2025-06-24
jabar.tribunnews.com,Page,N/A,N/A,jabar.tribunnews.com/2015/12/10/astaga-berhubungan-intim-dengan-pasien-wanita-lain-dokter-ini-abaikan-ibu-yang-hendak-melahirkan,Advertiser preference,Adult: Sexual content,Restricted ad serving,ca-pub-7784034061253020,10,2025-06-23,2025-06-23
jabar.tribunnews.com,Page,N/A,N/A,jabar.tribunnews.com/2015/12/05/hei-wanita-bibir-miss-v-anda-bisa-jadi-berwarna-pink-dan-sehat-lho-ini-caranya-cuma-20-menit,Policy issue,Ads Disguised as Content,Restricted ad serving,ca-pub-7784034061253020,10,2025-06-23,2025-06-25
jabar.tribunnews.com,Page,N/A,N/A,jabar.tribunnews.com/2015/05/02/heboh-presenter-tv-cantik-ini-bugil-saat-beritakan-hubungan-ronaldo,Advertiser preference,Adult: Sexual content,Restricted ad serving,ca-pub-7784034061253020,10,2025-06-19,2025-06-25
bogor.tribunnews.com,Page,N/A,N/A,bogor.tribunnews.com/2019/11/02/viral-kisah-abg-rela-berhubungan-intim-demi-keluarkan-sel-darah-putih-pacar-sang-pria-ngaku-sakit?page=2,Advertiser preference,Adult: Sexual content,Restricted ad serving,ca-pub-7784034061253020,10,2025-06-23,2025-06-23
bogor.tribunnews.com,Page,N/A,N/A,bogor.tribunnews.com/2019/09/27/cerita-ibu-di-sukabumi-berhubungan-intim-dengan-2-anak-kandung-lebih-banyak-sama-yang-gede?page=3,Advertiser preference,Adult: Sexual content,Restricted ad serving,ca-pub-7784034061253020,10,2025-06-24,2025-06-24
bogor.tribunnews.com,Page,N/A,N/A,bogor.tribunnews.com/2019/07/07/cari-sepatu-pantofel-yang-harga-dibawah-rp-100-ribu-di-bogor-ini-tempatnya,Advertiser preference,Shocking content,Restricted ad serving,ca-pub-7784034061253020,10,2025-06-24,2025-06-24
belitung.tribunnews.com,Page,N/A,N/A,belitung.tribunnews.com/2019/04/01/ini-penjelasan-medis-tentang-fenomena-gancet-pasangan-lengket-saat-berhubungan-intim?page=2,Advertiser preference,Adult: Sexual content,Restricted ad serving,ca-pub-7784034061253020,10,2025-06-24,2025-06-24
belitung.tribunnews.com,Page,N/A,N/A,belitung.tribunnews.com/2018/08/03/ternyata-7-benda-ini-pernah-dipakai-jadi-pengganti-kondom-ini-akibatnya?page=2,Advertiser preference,Adult: Sexual content,Restricted ad serving,ca-pub-7784034061253020,10,2025-06-24,2025-06-24
belitung.tribunnews.com,Page,N/A,N/A,belitung.tribunnews.com/2018/01/26/tak-pakai-baju-tangan-mike-lewis-sentuh-bagian-sensitif-cewek-di-kamar,Advertiser preference,Adult: Sexual content,Restricted ad serving,ca-pub-7784034061253020,10,2025-06-25,2025-06-25
belitung.tribunnews.com,Page,N/A,N/A,belitung.tribunnews.com/2015/08/22/keseringan-berhubungan-intim-bikin-vagina-mengendur?page=2,Advertiser preference,Adult: Sexual content,Restricted ad serving,ca-pub-7784034061253020,10,2025-06-25,2025-06-25
batam.tribunnews.com,Page,N/A,N/A,batam.tribunnews.com/2021/01/09/kisah-pilu-bayi-jung-in-9-bulan-disiksa-hingga-tewas-mengenaskan-di-tangan-orangtua-angkat,Policy issue,Ads Disguised as Content,Restricted ad serving,ca-pub-7784034061253020,10,2025-06-24,2025-06-24
batam.tribunnews.com,Page,N/A,N/A,batam.tribunnews.com/2018/01/13/jual-cream-pemutih-dan-pamer-belahan-tubuhnya-di-medsos-model-cantik-ini-berurusan-dengan-polisi,Advertiser preference,Adult: Sexual content,Restricted ad serving,ca-pub-7784034061253020,10,2025-06-25,2025-06-25
banjarmasin.tribunnews.com,Page,N/A,N/A,banjarmasin.tribunnews.com/2019/03/27/ada-promo-paket-pernikahan-di-hotel-rodhita-banjarmasin-lengkap-kamar-pengantin,Advertiser preference,Shocking content,Restricted ad serving,ca-pub-7784034061253020,10,2025-06-23,2025-06-23
bangka.tribunnews.com,Page,N/A,N/A,bangka.tribunnews.com/tag/bugil,Policy issue,Google-served ads on screens without publisher-content,Restricted ad serving,ca-pub-7784034061253020,10,2025-06-20,2025-06-23
bangka.tribunnews.com,Page,N/A,N/A,bangka.tribunnews.com/2021/03/04/6-gaya-posisi-bercinta-kalau-mr-p-pasangan-kecil?page=3,Advertiser preference,Adult: Sexual content,Restricted ad serving,ca-pub-7784034061253020,10,2025-06-23,2025-06-23
bangka.tribunnews.com,Page,N/A,N/A,bangka.tribunnews.com/2019/10/01/kronologi-suami-tergoda-tubuh-molek-adik-ipar-ketahuan-istri-setelah-berhubungan-badan-berkali-kali?page=4,Advertiser preference,Adult: Sexual content,Restricted ad serving,ca-pub-7784034061253020,10,2025-06-25,2025-06-25
bangka.tribunnews.com,Page,N/A,N/A,bangka.tribunnews.com/2019/10/01/kronologi-suami-tergoda-tubuh-molek-adik-ipar-ketahuan-istri-setelah-berhubungan-badan-berkali-kali?page=3,Advertiser preference,Adult: Sexual content,Restricted ad serving,ca-pub-7784034061253020,10,2025-06-25,2025-06-25
bangka.tribunnews.com,Page,N/A,N/A,bangka.tribunnews.com/2018/04/26/jajakan-calon-pengantin-hingga-daging-manusia-inilah-6-pasar-paling-aneh-di-dunia,Policy issue,Site Behavior: Navigation,Restricted ad serving,ca-pub-7784034061253020,10,2025-06-24,2025-06-24
bangka.tribunnews.com,Page,N/A,N/A,bangka.tribunnews.com/2018/04/01/inilah-kesaksian-para-aktris-film-era-90-an-yang-pernah-membuat-bioskop-indonesia-memanas,Advertiser preference,Adult: Sexual content,Restricted ad serving,ca-pub-7784034061253020,10,2025-06-24,2025-06-24
bangka.tribunnews.com,Page,N/A,N/A,bangka.tribunnews.com/2018/03/20/jari-jari-wanita-ini-jadi-membusuk-tak-bisa-disembuhkan-penyebabnya-gara-gara-hal-ini,Advertiser preference,Adult: Sexual content,Restricted ad serving,ca-pub-7784034061253020,10,2025-06-24,2025-06-24
bangka.tribunnews.com,Page,N/A,N/A,bangka.tribunnews.com/2018/02/05/bule-cantik-ini-diminta-lakukan-intim-oleh-pegawai-hotel-di-bali-bikin-malu-indonesia,Advertiser preference,Adult: Sexual content,Restricted ad serving,ca-pub-7784034061253020,10,2025-06-25,2025-06-25
bangka.tribunnews.com,Page,N/A,N/A,bangka.tribunnews.com/2018/01/05/heboh-video-mesum-perempuan-dewasa-dan-dua-bocah-viral-direkam-sebulan-lalu-di-bandung,Advertiser preference,Shocking content,Restricted ad serving,ca-pub-7784034061253020,10,2025-06-23,2025-06-24
bangka.tribunnews.com,Page,N/A,N/A,bangka.tribunnews.com/2017/11/04/wow-jackie-chan-ternyata-pernah-main-film-porno-ini-buktinya,Advertiser preference,Adult: Sexual content,Restricted ad serving,ca-pub-7784034061253020,10,2025-06-23,2025-06-24
bangka.tribunnews.com,Page,N/A,N/A,bangka.tribunnews.com/2017/05/28/netizen-terlanjur-marah-bintang-film-panas-jepang-pakai-seragam-sekolah-taiwan-ternyata?page=2,Policy issue,Ads Disguised as Content,Restricted ad serving,ca-pub-7784034061253020,10,2025-06-25,2025-06-25
bangka.tribunnews.com,Page,N/A,N/A,bangka.tribunnews.com/2017/04/14/bintangi-ratusan-film-porno-aktor-film-porno-tertua-ini-ungkap-rahasia-staminanya-nan-prima?page=2,Advertiser preference,Adult: Sexual content,Restricted ad serving,ca-pub-7784034061253020,10,2025-06-24,2025-06-24
bangka.tribunnews.com,Page,N/A,N/A,bangka.tribunnews.com/2016/09/21/inilah-ciri-orang-yang-kecanduan-onani-dan-masturbasi,Advertiser preference,Adult: Sexual content,Restricted ad serving,ca-pub-7784034061253020,10,2025-06-23,2025-06-23
bangka.tribunnews.com,Page,N/A,N/A,bangka.tribunnews.com/2016/08/27/seorang-wanita-tewas-saat-oral-seks-menggunakan-mentimun?page=1,Advertiser preference,Adult: Sexual content,Restricted ad serving,ca-pub-7784034061253020,10,2025-06-25,2025-06-25
bangka.tribunnews.com,Page,N/A,N/A,bangka.tribunnews.com/2016/08/25/video-tiga-lesbi-ini-pertama-kali-pegang-burung-ini-yang-terjadi,Advertiser preference,Adult: Sexual content,Restricted ad serving,ca-pub-7784034061253020,10,2025-06-23,2025-06-23
bangka.tribunnews.com,Page,N/A,N/A,bangka.tribunnews.com/2016/08/12/wanita-rela-tampil-seksi-di-bigo-live-ditonton-banyak-orang?page=3,Policy issue,Google-served ads on screens without publisher-content,Restricted ad serving,ca-pub-7784034061253020,10,2025-06-25,2025-06-25
bali.tribunnews.com,Page,N/A,N/A,bali.tribunnews.com/2024/12/26/tragis-wm-tewas-dianiaya-sang-suami-dengan-kejam-anak-tahu-dari-rekaman-cctv-di-bangli,Advertiser preference,Shocking content,Restricted ad serving,ca-pub-7784034061253020,10,2025-06-25,2025-06-25
bali.tribunnews.com,Page,N/A,N/A,bali.tribunnews.com/2017/04/16/sering-tenggak-miras-dalam-kondisi-perut-kosong-juru-parkir-tewas-muntah-darah,Advertiser preference,Shocking content,Restricted ad serving,ca-pub-7784034061253020,10,2025-06-23,2025-06-23
aceh.tribunnews.com,Page,N/A,N/A,aceh.tribunnews.com/2024/05/02/bolehkan-hubungan-suami-istri-tanpa-busana-full-begini-hukumnya-kata-buya-yahya?page=2,Advertiser preference;Policy issue,Google-served ads obscuring content;Modified Javascript: Ads by Google size,Restricted ad serving,ca-pub-7784034061253020,10,2025-06-25,2025-06-25
aceh.tribunnews.com,Page,N/A,N/A,aceh.tribunnews.com/2022/11/11/penyebab-cara-atasi-puting-payudara-tidak-timbul-apakah-pengaruh-saat-menyusui-ini-kata-dr-boyke,Advertiser preference,Google-served ads obscuring content,Restricted ad serving,ca-pub-7784034061253020,10,2025-06-23,2025-06-23
aceh.tribunnews.com,Page,N/A,N/A,aceh.tribunnews.com/2021/10/07/barakallah-fii-umrik-ini-70-ucapan-selamat-ulang-tahun-islami-bahasa-arab-bahasa-indonesia,Policy issue,Modified ad code: Resizing Ad Frames,Restricted ad serving,ca-pub-7784034061253020,10,2025-06-25,2025-06-25
aceh.tribunnews.com,Page,N/A,N/A,aceh.tribunnews.com/2020/02/13/warung-kopi-ini-ada-bisnis-esek-esek-sekali-berhubungan-rp-150-ribu-3-wanita-diamankan-saat-kencan?page=2,Advertiser preference,Adult: Sexual content,Restricted ad serving,ca-pub-7784034061253020,10,2025-06-23,2025-06-23
www.tribunnewswiki.com,Page,N/A,N/A,www.tribunnewswiki.com/2019/12/28/3-skandal-cupi-cupita-baju-melorot-saat-manggung-hingga-video-syur-mirip-dirinya,Advertiser preference,Adult: Sexual content,Restricted ad serving,ca-pub-7784034061253020,9,2025-06-24,2025-06-24
www.tribunnewswiki.com,Page,N/A,N/A,www.tribunnewswiki.com/2019/10/03/viral-lagi-video-adegan-panas-diduga-pelajar-smk-di-tuban-pemainnya-sampai-6-pelajar?page=2,Advertiser preference,Adult: Sexual content,Restricted ad serving,ca-pub-7784034061253020,9,2025-06-25,2025-06-25
www.tribunnews.com,Page,N/A,N/A,www.tribunnews.com/seleb/2016/02/01/terlibat-prostitusi-artis-seksi-idola-jepang-berhenti-dari-agensinya,Advertiser preference,Adult: Sexual content,Restricted ad serving,ca-pub-7784034061253020,9,2025-06-23,2025-06-24
www.tribunnews.com,Page,N/A,N/A,www.tribunnews.com/regional/2019/11/07/razia-di-hotel-kota-batu-bongkar-jaringan-ayam-kampus-dan-prostitusi,Advertiser preference,Adult: Sexual content,Restricted ad serving,ca-pub-7784034061253020,9,2025-06-19,2025-06-23
www.tribunnews.com,Page,N/A,N/A,www.tribunnews.com/nasional/2022/11/02/heboh-wanita-kebaya-merah-beradegan-tak-senonoh-dengan-tamu-hotel-link-video-full-16-menit-diburu,Policy issue,Ads Disguised as Content,Restricted ad serving,ca-pub-7784034061253020,9,2025-06-24,2025-06-25
www.tribunjualbeli.com,Page,N/A,N/A,www.tribunjualbeli.com/dki-jakarta/2318456/alamat-obat-kuat-vitamale-hwi-di-jakarta-pesan-antar-jakarta-pusat,Advertiser preference,Adult: Sexual content,Restricted ad serving,ca-pub-7784034061253020,9,2025-06-19,2025-06-25
wow.tribunnews.com,Page,N/A,N/A,wow.tribunnews.com/2017/10/05/ingin-miliki-bokong-seksi-lakukan-latihan-ini,Policy issue,Site Behavior: Navigation,Restricted ad serving,ca-pub-7784034061253020,9,2025-06-23,2025-06-23
wartakota.tribunnews.com,Page,N/A,N/A,wartakota.tribunnews.com/2022/12/17/penemuan-mayat-bocah-perempuan-di-dalam-karung-gegerkan-warga-gunung-putri,Advertiser preference,Shocking content,Restricted ad serving,ca-pub-7784034061253020,9,2025-06-24,2025-06-24
wartakota.tribunnews.com,Page,N/A,N/A,wartakota.tribunnews.com/2015/11/10/polisitemuan-boneka-seks-diantara-obat-seks-ilegal-tak-melanggar,Advertiser preference,Adult: Sexual content,Restricted ad serving,ca-pub-7784034061253020,9,2025-06-25,2025-06-25
travel.tribunnews.com,Page,N/A,N/A,travel.tribunnews.com/2018/01/08/jleb-banget-10-ilustrasi-ini-ungkap-realita-kehidupan-di-zaman-now-bikin-elus-dada,Policy issue,Site Behavior: Navigation,Restricted ad serving,ca-pub-7784034061253020,9,2025-06-24,2025-06-24
suryamalang.tribunnews.com,Page,N/A,N/A,suryamalang.tribunnews.com/2016/12/15/wanita-mirip-barbie-ini-ternyata-asal-indonesia-pengakuannya-mengejutkan,Advertiser preference,Shocking content,Restricted ad serving,ca-pub-7784034061253020,9,2025-06-25,2025-06-25
sumsel.tribunnews.com,Page,N/A,N/A,sumsel.tribunnews.com/2020/10/14/bawa-kepala-istri-yang-telah-dipenggal-keliling-kampung-suami-kesal-dituduh-selingkuh,Policy issue,Ads Disguised as Content,Restricted ad serving,ca-pub-7784034061253020,9,2025-06-25,2025-06-25
style.tribunnews.com,Page,N/A,N/A,style.tribunnews.com/2019/05/14/5-kasus-mutilasi-tersadis-di-indonesia-pacar-yang-sedang-hamil-dan-2-anak-kandung-pun-dieksekusi,Policy issue,Ads Disguised as Content,Restricted ad serving,ca-pub-7784034061253020,9,2025-06-24,2025-06-24
style.tribunnews.com,Page,N/A,N/A,style.tribunnews.com/2018/04/07/moosejaw-x-ray-aplikasi-tembus-pandang-untuk-melihat-pakaian-dalam-wanita-beneran-ada,Advertiser preference,Adult: Sexual content,Restricted ad serving,ca-pub-7784034061253020,9,2025-06-22,2025-06-25
style.tribunnews.com,Page,N/A,N/A,style.tribunnews.com/2017/09/30/wajah-cewek-ini-imut-bak-remaja-12-tahun-tapi-sering-tampil-seksi-fakta-tak-terduga-pun-terungkap,Advertiser preference,Adult: Sexual content,Restricted ad serving,ca-pub-7784034061253020,9,2025-06-23,2025-06-23
style.tribunnews.com,Page,N/A,N/A,style.tribunnews.com/2017/08/01/4-artis-hollywood-tercantik-dan-terpanas-yang-berani-lepas-baju-dalam-film-nomer-3-bikin-bloon?page=2,Advertiser preference,Adult: Sexual content,Restricted ad serving,ca-pub-7784034061253020,9,2025-06-25,2025-06-25
style.tribunnews.com,Page,N/A,N/A,style.tribunnews.com/2017/03/12/vega-darwanti-transformasinya-dari-gadis-belia-sampai-jadi-hot-mama?page=2,Policy issue,Site Behavior: Navigation,Restricted ad serving,ca-pub-7784034061253020,9,2025-06-25,2025-06-25
style.tribunnews.com,Page,N/A,N/A,style.tribunnews.com/2017/01/27/awkarin-pose-hot-pakai-bikini-netizen-body-goals-banget,Policy issue,Site Behavior: Navigation,Restricted ad serving,ca-pub-7784034061253020,9,2025-06-25,2025-06-25
style.tribunnews.com,Page,N/A,N/A,style.tribunnews.com/2016/08/27/ciri-kecanduan-seks-yakin-kamu-bukan-hypersex-coba-lihat-7-tanda-berikut,Advertiser preference,Adult: Sexual content,Restricted ad serving,ca-pub-7784034061253020,9,2025-06-24,2025-06-24
solo.tribunnews.com,Page,N/A,N/A,solo.tribunnews.com/2017/05/09/aktris-jav-terkenal-ini-posting-foto-tanpa-riasan-make-up-netizen-syok,Policy issue,Ads Disguised as Content,Restricted ad serving,ca-pub-7784034061253020,9,2025-06-24,2025-06-24
pontianak.tribunnews.com,Page,N/A,N/A,pontianak.tribunnews.com/2018/09/02/ditanya-soal-kasus-video-mesum-dengan-ariel-noah-luna-maya-jalani-seperti-roller-coaster,Advertiser preference,Adult: Sexual content,Restricted ad serving,ca-pub-7784034061253020,9,2025-06-25,2025-06-25
pekanbaru.tribunnews.com,Page,N/A,N/A,pekanbaru.tribunnews.com/2021/08/18/janda-muda-pelakor-tergoda-pria-beristri-nekat-berbuat-dosa-foto-dan-video-sampai-ke-istri-sah,Policy issue,Ads Disguised as Content,Restricted ad serving,ca-pub-7784034061253020,9,2025-06-25,2025-06-25
palembang.tribunnews.com,Page,N/A,N/A,palembang.tribunnews.com/2016/04/15/beredar-video-anak-anak-berseragam-sekolah-berdansa-dengan-gerakan-erotis,Advertiser preference,Adult: Sexual content,Restricted ad serving,ca-pub-7784034061253020,9,2025-06-21,2025-06-25
palembang.tribunnews.com,Page,N/A,N/A,palembang.tribunnews.com/2015/03/16/suntik-penis-dan-vagina-jadi-tren-baru-untuk-kepuasan-seks,Advertiser preference,Adult: Sexual content,Restricted ad serving,ca-pub-7784034061253020,9,2025-06-24,2025-06-25
palembang.tribunnews.com,Page,N/A,N/A,palembang.tribunnews.com/2015/02/03/ejakulasi-pada-perempuan-itu-seperti-apa,Advertiser preference,Adult: Sexual content,Restricted ad serving,ca-pub-7784034061253020,9,2025-06-25,2025-06-25
medan.tribunnews.com,Page,N/A,N/A,medan.tribunnews.com/2021/04/15/fakta-tentang-nikita-mirzani-jebolan-pesantren-hingga-kuliah-jurusanhubungan-internasional,Advertiser preference;Policy issue,Encouraging accidental clicks: Layout;Google-served ads obscuring content,Restricted ad serving,ca-pub-7784034061253020,9,2025-06-24,2025-06-24
medan.tribunnews.com,Page,N/A,N/A,medan.tribunnews.com/2018/04/18/inilah-5-artis-muda-indonesia-seksi-dan-berani-pose-tanpa-bra-artis-mana-favorit-kamu?page=3,Policy issue,Site Behavior: Navigation,Restricted ad serving,ca-pub-7784034061253020,9,2025-06-25,2025-06-25
makassar.tribunnews.com,Page,N/A,N/A,makassar.tribunnews.com/2017/10/13/no-bra-day-berikut-5-artis-indonesia-yang-biasa-pose-tanpa-pakai-bra-nomor-2-dan-5-masih-abg,Advertiser preference,Adult: Sexual content,Restricted ad serving,ca-pub-7784034061253020,9,2025-06-24,2025-06-24
m.tribunnews.com,Page,N/A,N/A,m.tribunnews.com/tag/panti-pijat,Advertiser preference,Adult: Sexual content,Restricted ad serving,ca-pub-7784034061253020,9,2025-06-23,2025-06-23
m.tribunnews.com,Page,N/A,N/A,m.tribunnews.com/regional/2019/08/15/fakta-fakta-video-vina-garut-mulai-dari-44-video-gangbang-hingga-pemeran-perempuan-usia-19-tahun,Advertiser preference,Adult: Sexual content,Restricted ad serving,ca-pub-7784034061253020,9,2025-06-24,2025-06-24
m.tribunnews.com,Page,N/A,N/A,m.tribunnews.com/regional/2016/10/22/tukang-pijat-ini-nekat-memasukkan-jarinya-ke-alat-vital-pasien-ini-alasannya,Advertiser preference,Adult: Sexual content,Restricted ad serving,ca-pub-7784034061253020,9,2025-06-24,2025-06-24
m.tribunnews.com,Page,N/A,N/A,m.tribunnews.com/lifestyle/2015/05/13/perempuan-ternyata-lebih-suka-tonton-film-porno-lesbian-dan-threesome,Advertiser preference,Adult: Sexual content,Restricted ad serving,ca-pub-7784034061253020,9,2025-06-25,2025-06-25
m.tribunnews.com,Page,N/A,N/A,m.tribunnews.com/kesehatan/2018/01/20/lima-fakta-ini-mungkin-bakal-bikin-kamu-berhenti-kagumi-adegan-dalam-blue-film,Advertiser preference,Adult: Sexual content,Restricted ad serving,ca-pub-7784034061253020,9,2025-06-24,2025-06-24
m.tribunnews.com,Page,N/A,N/A,m.tribunnews.com/kesehatan/2017/11/27/perempuan-juga-perlu-tahu-inilah-yang-dirasakan-suami-anda-ketika-orgasme?page=2,Advertiser preference,Adult: Sexual content,Restricted ad serving,ca-pub-7784034061253020,9,2025-06-23,2025-06-23
m.tribunnews.com,Page,N/A,N/A,m.tribunnews.com/kesehatan/2012/11/01/rokok-kawung-dianjurkan-karena-menyehatkan,Advertiser preference,Tobacco,Restricted ad serving,ca-pub-7784034061253020,9,2025-06-25,2025-06-25
m.tribunnews.com,Page,N/A,N/A,m.tribunnews.com/kesehatan/2011/11/25/bahaya-22-kopi-bisa-hilangkan-gairah-seks-dan-kematian,Advertiser preference,Adult: Sexual content,Restricted ad serving,ca-pub-7784034061253020,9,2025-06-23,2025-06-23
m.tribunnews.com,Page,N/A,N/A,m.tribunnews.com/internasional/2017/07/18/gadis-ini-nyaris-tewas-usai-memasukkan-belut-dalam-kemaluannya-ini-yang-terjadi,Advertiser preference,Shocking content,Restricted ad serving,ca-pub-7784034061253020,9,2025-06-24,2025-06-24
m.tribunnews.com,Page,N/A,N/A,m.tribunnews.com/internasional/2015/07/11/ini-dia-10-negara-dengan-budaya-seks-paling-bebas?page=3,Advertiser preference,Adult: Sexual content,Restricted ad serving,ca-pub-7784034061253020,9,2025-06-24,2025-06-24
lampung.tribunnews.com,Page,N/A,N/A,lampung.tribunnews.com/2018/06/03/banyak-gadis-china-tidak-perawan-di-usia-17-tahun-akhirnya-operasi-keperawanan-sebelum-menikah,Advertiser preference,Adult: Sexual content,Restricted ad serving,ca-pub-7784034061253020,9,2025-06-21,2025-06-23
lampung.tribunnews.com,Page,N/A,N/A,lampung.tribunnews.com/2017/11/13/ada-sesi-intim-di-wisata-seks-tiga-malam-bersama-40-gadis-hot,Advertiser preference,Adult: Sexual content,Restricted ad serving,ca-pub-7784034061253020,9,2025-06-23,2025-06-25
kupang.tribunnews.com,Page,N/A,N/A,kupang.tribunnews.com/tag/wanita-seksi,Advertiser preference,Adult: Sexual content,Restricted ad serving,ca-pub-7784034061253020,9,2025-06-22,2025-06-24
kupang.tribunnews.com,Page,N/A,N/A,kupang.tribunnews.com/2020/05/08/bisnis-prostitusi-online-terungkap-sediakan-600-cewek-cantik-pelanggannya-pakai-mobil-plat-merah,Advertiser preference,Shocking content,Restricted ad serving,ca-pub-7784034061253020,9,2025-06-25,2025-06-25
jogja.tribunnews.com,Page,N/A,N/A,jogja.tribunnews.com/2015/02/08/video-inilah-proses-saat-tubuh-manusia-dikremasi,Advertiser preference,Shocking content,Restricted ad serving,ca-pub-7784034061253020,9,2025-06-24,2025-06-24
jatim.tribunnews.com,Page,N/A,N/A,jatim.tribunnews.com/2017/10/19/makam-kembang-kuning-surabaya-kembali-jadi-sarang-psk,Advertiser preference,Adult: Sexual content,Restricted ad serving,ca-pub-7784034061253020,9,2025-06-24,2025-06-24
jateng.tribunnews.com,Page,N/A,N/A,jateng.tribunnews.com/2021/08/04/arti-mimpi-menolong-orang-melahirkan-salah-satunya-bermakna-akan-mendapat-tambahan-penghasilan,Advertiser preference;Policy issue,Encouraging accidental clicks: Layout;Google-served ads obscuring content,Restricted ad serving,ca-pub-7784034061253020,9,2025-06-23,2025-06-23
jateng.tribunnews.com,Page,N/A,N/A,jateng.tribunnews.com/2016/03/24/video-tragis-dua-wanita-ini-disiksa-dan-diarak-bugil-lalu-dilecehkan-di-jalanan,Advertiser preference,Adult: Sexual content,Restricted ad serving,ca-pub-7784034061253020,9,2025-06-23,2025-06-23
jateng.tribunnews.com,Page,N/A,N/A,jateng.tribunnews.com/2015/06/21/mau-tahu-gaya-bercinta-mereka-yang-lahir-bulan-juli-hingga-desember,Advertiser preference,Adult: Sexual content,Restricted ad serving,ca-pub-7784034061253020,9,2025-06-23,2025-06-23
jambi.tribunnews.com,Page,N/A,N/A,jambi.tribunnews.com/amp/2019/10/02/berikut-foto-30-gadis-jepang-yang-sering-pamerkan-bagian-dalam-tubuhnya-meski-pakai-baju-transparan,Advertiser preference,Adult: Sexual content,Restricted ad serving,ca-pub-7784034061253020,9,2025-06-19,2025-06-25
jambi.tribunnews.com,Page,N/A,N/A,jambi.tribunnews.com/2018/07/16/setelah-dikuret-kapan-diperbolehkan-berhubungan-lagi,Advertiser preference,Adult: Sexual content,Restricted ad serving,ca-pub-7784034061253020,9,2025-06-25,2025-06-25
jambi.tribunnews.com,Page,N/A,N/A,jambi.tribunnews.com/2018/07/07/benarkah-wanita-bertubuh-mungil-miliki-miss-v-lebih-sempit,Advertiser preference,Adult: Sexual content,Restricted ad serving,ca-pub-7784034061253020,9,2025-06-19,2025-06-24
jambi.tribunnews.com,Page,N/A,N/A,jambi.tribunnews.com/2018/02/06/beradegan-panas-terus-di-film-fifty-shades-of-grey-aktor-ini-ungkap-perasaan-istrinya,Advertiser preference,Adult: Sexual content,Restricted ad serving,ca-pub-7784034061253020,9,2025-06-23,2025-06-23
jambi.tribunnews.com,Page,N/A,N/A,jambi.tribunnews.com/2017/12/15/hati-hati-mengunggah-di-medsos-foto-gadis-ini-dan-keterangannya-bikin-heboh-netizen-ternyata,Advertiser preference,Adult: Sexual content;Shocking content,Restricted ad serving,ca-pub-7784034061253020,9,2025-06-24,2025-06-24
jambi.tribunnews.com,Page,N/A,N/A,jambi.tribunnews.com/2017/09/07/7-fakta-sera-amane-mahasiswi-asal-jakarta-yang-bintangi-film-porno-jepang-ternyata-ada-wni-lain,Advertiser preference,Adult: Sexual content,Restricted ad serving,ca-pub-7784034061253020,9,2025-06-23,2025-06-23
jambi.tribunnews.com,Page,N/A,N/A,jambi.tribunnews.com/2017/08/29/beginilah-gambar-4d-orang-saat-berhubungan-seks-ilmuwan-menemukan-rekaman-video-yang-menarik?page=3,Advertiser preference,Adult: Sexual content,Restricted ad serving,ca-pub-7784034061253020,9,2025-06-23,2025-06-23
jambi.tribunnews.com,Page,N/A,N/A,jambi.tribunnews.com/2012/08/23/digoyang-gigolo-tante-girang-makin-kegirangan,Advertiser preference,Adult: Sexual content,Restricted ad serving,ca-pub-7784034061253020,9,2025-06-20,2025-06-25
jabar.tribunnews.com,Page,N/A,N/A,jabar.tribunnews.com/2014/12/02/penis-itu-seperti-pengaduk-kopi-ini-caranya-biar-tetap-prima,Advertiser preference,Adult: Sexual content,Restricted ad serving,ca-pub-7784034061253020,9,2025-06-23,2025-06-23
blog.tribunjualbeli.com,Page,N/A,N/A,blog.tribunjualbeli.com/6504/wah-ternyata-ini-yang-dipikirkan-perempuan-saat-orgasme-terbukti-secara-sains-lho,Advertiser preference,Adult: Sexual content,Restricted ad serving,ca-pub-7784034061253020,9,2025-06-25,2025-06-25
belitung.tribunnews.com,Page,N/A,N/A,belitung.tribunnews.com/2018/08/03/ternyata-7-benda-ini-pernah-dipakai-jadi-pengganti-kondom-ini-akibatnya?page=3,Advertiser preference,Adult: Sexual content,Restricted ad serving,ca-pub-7784034061253020,9,2025-06-24,2025-06-24
belitung.tribunnews.com,Page,N/A,N/A,belitung.tribunnews.com/2017/04/27/foto-syur-pelajar-sma-di-dalam-kelas-bikin-heboh-pose-seksi-dan-buka-kancing-hingga-angkat-rok,Advertiser preference,Adult: Sexual content,Restricted ad serving,ca-pub-7784034061253020,9,2025-06-24,2025-06-24
belitung.tribunnews.com,Page,N/A,N/A,belitung.tribunnews.com/2017/01/12/berdarah-darah-saat-bercinta-ternyata-pasangan-seks-ini-lakukan-gaya-tak-lazim?page=2,Advertiser preference,Shocking content,Restricted ad serving,ca-pub-7784034061253020,9,2025-06-24,2025-06-24
banjarmasin.tribunnews.com,Page,N/A,N/A,banjarmasin.tribunnews.com/2014/04/23/film-khusus-dewasa-terapi-untuk-kehangatan-hubungan-suami-istri,Advertiser preference,Adult: Sexual content,Restricted ad serving,ca-pub-7784034061253020,9,2025-06-25,2025-06-25
bangka.tribunnews.com,Page,N/A,N/A,bangka.tribunnews.com/tag/tante,Advertiser preference,Shocking content,Restricted ad serving,ca-pub-7784034061253020,9,2025-06-24,2025-06-24
bangka.tribunnews.com,Page,N/A,N/A,bangka.tribunnews.com/2019/12/29/heboh-video-mesum-abg-di-ayunan-cafe-hingga-viral-dan-tersebar-di-grup-wa-polisi-ungkap-fakta-ini?page=3,Advertiser preference,Adult: Sexual content,Restricted ad serving,ca-pub-7784034061253020,9,2025-06-25,2025-06-25
bangka.tribunnews.com,Page,N/A,N/A,bangka.tribunnews.com/2018/04/30/ingin-turunkan-berat-badan-dalam-13-hari-tanpa-olahraga-coba-diet-ala-astronot-ini,Advertiser preference,Adult: Sexual content,Restricted ad serving,ca-pub-7784034061253020,9,2025-06-25,2025-06-25
bangka.tribunnews.com,Page,N/A,N/A,bangka.tribunnews.com/2017/11/26/blak-blakan-4-artis-indonesia-ungkap-hasrat-bercinta-hingga-posisi-favorit-mereka,Advertiser preference,Adult: Sexual content,Restricted ad serving,ca-pub-7784034061253020,9,2025-06-22,2025-06-25
bangka.tribunnews.com,Page,N/A,N/A,bangka.tribunnews.com/2017/09/08/inilah-5-tanda-wanita-yang-baru-selesai-berhubungan-cinta?page=2,Advertiser preference,Adult: Sexual content,Restricted ad serving,ca-pub-7784034061253020,9,2025-06-24,2025-06-24
bangka.tribunnews.com,Page,N/A,N/A,bangka.tribunnews.com/2017/07/11/terinspirasi-film-porno-siswa-smp-nekat-sodomi-2-bocah-sd,Advertiser preference,Google-served ads obscuring content,Restricted ad serving,ca-pub-7784034061253020,9,2025-06-23,2025-06-23
bangka.tribunnews.com,Page,N/A,N/A,bangka.tribunnews.com/2016/12/25/inilah-ciri-khusus-wanita-yang-punya-nafsu-seks-tinggi-dan-bisa-buat-lelaki-kewalahan,Advertiser preference,Adult: Sexual content,Restricted ad serving,ca-pub-7784034061253020,9,2025-06-20,2025-06-25
bangka.tribunnews.com,Page,N/A,N/A,bangka.tribunnews.com/2016/08/28/pasangan-ini-gunakan-mentimun-saat-berhubungan-intim-akibatnya-fatal-si-wanita-meninggal-dunia,Advertiser preference,Adult: Sexual content,Restricted ad serving,ca-pub-7784034061253020,9,2025-06-20,2025-06-25
bangka.tribunnews.com,Page,N/A,N/A,bangka.tribunnews.com/2015/12/10/rasakan-pijatan-di-spa-ini-tubuh-yang-lelah-jadi-segar-kembali,Advertiser preference,Adult: Sexual content;Shocking content,Restricted ad serving,ca-pub-7784034061253020,9,2025-06-25,2025-06-25
bali.tribunnews.com,Page,N/A,N/A,bali.tribunnews.com/2018/04/23/10-hal-yang-wajib-diketahui-pria-agar-ereksi-makin-kuat,Advertiser preference,Adult: Sexual content,Restricted ad serving,ca-pub-7784034061253020,9,2025-06-25,2025-06-25
bali.tribunnews.com,Page,N/A,N/A,bali.tribunnews.com/2017/11/15/unggah-video-goyangan-hot-denada-dikira-sexy-dancer-oleh-warganet-hingga-tuai-komentar-begini,Advertiser preference,Adult: Sexual content,Restricted ad serving,ca-pub-7784034061253020,9,2025-06-25,2025-06-25
www.tribunnews.com,Page,N/A,N/A,www.tribunnews.com/regional/2019/05/03/waria-di-tangerang-bunuh-pelanggannya-di-apartemen-hanya-gara-gara-minta-layanan-long-time,Advertiser preference,Adult: Sexual content,Restricted ad serving,ca-pub-7784034061253020,8,2025-06-23,2025-06-24
www.tribunnews.com,Page,N/A,N/A,www.tribunnews.com/lifestyle/2016/08/15/7-benda-yang-ada-di-rumah-ini-bisa-bangkitkan-gairah-bercinta,Advertiser preference,Adult: Sexual content,Restricted ad serving,ca-pub-7784034061253020,8,2025-06-23,2025-06-24
www.tribunnews.com,Page,N/A,N/A,www.tribunnews.com/lifestyle/2014/11/19/wanita-yang-memiliki-banyak-teman-pria-pertanda-libidonya-membara-ini-alasannya,Advertiser preference,Adult: Sexual content,Restricted ad serving,ca-pub-7784034061253020,8,2025-06-22,2025-06-25
www.tribunnews.com,Page,N/A,N/A,www.tribunnews.com/kesehatan/2010/04/07/berbahayakan-melakukan-oral-sex-dengan-psk,Advertiser preference,Adult: Sexual content,Restricted ad serving,ca-pub-7784034061253020,8,2025-06-20,2025-06-25
www.tribunnews.com,Page,N/A,N/A,www.tribunnews.com/internasional/2017/09/29/ingin-jadi-orang-kuat-pria-ini-bersetubuh-dengan-keledai,Advertiser preference,Adult: Sexual content,Restricted ad serving,ca-pub-7784034061253020,8,2025-06-22,2025-06-23
www.tribunnews.com,Page,N/A,N/A,www.tribunnews.com/internasional/2010/11/15/foto-pre-wedding-bugil-lagi-ngetren-di-china,Advertiser preference,Google-served ads obscuring content,Restricted ad serving,ca-pub-7784034061253020,8,2025-06-19,2025-06-25
wow.tribunnews.com,Page,N/A,N/A,wow.tribunnews.com/2018/01/05/video-porno-2-bocah-wanita-dewasa-ini-ternyata-berisi-adegan-threesome-dan-direkam-di-kota-bandung,Advertiser preference,Adult: Sexual content,Restricted ad serving,ca-pub-7784034061253020,8,2025-06-23,2025-06-24
wartakota.tribunnews.com,Page,N/A,N/A,wartakota.tribunnews.com/lifestyle/seks,Advertiser preference,Adult: Sexual content,Restricted ad serving,ca-pub-7784034061253020,8,2025-06-24,2025-06-24
wartakota.tribunnews.com,Page,N/A,N/A,wartakota.tribunnews.com/2023/05/25/posting-video-turis-asing-bugil-di-bali-tanpa-sensor-peter-f-gontha-siap-diblokir-demi-harga-diri,Advertiser preference,Google-served ads obscuring content,Restricted ad serving,ca-pub-7784034061253020,8,2025-06-25,2025-06-25
wartakota.tribunnews.com,Page,N/A,N/A,wartakota.tribunnews.com/2015/07/21/breaking-news-cewek-cantik-terjun-dari-lantai-17-apartemen-hayam-wuruk,Advertiser preference,Shocking content,Restricted ad serving,ca-pub-7784034061253020,8,2025-06-23,2025-06-23
wartakota.tribunnews.com,Page,N/A,N/A,wartakota.tribunnews.com/2014/05/18/hindari-11-hal-ini-kalau-mau-sukses-berhubungan-intim,Advertiser preference,Adult: Sexual content,Restricted ad serving,ca-pub-7784034061253020,8,2025-06-24,2025-06-25
suryamalang.tribunnews.com,Page,N/A,N/A,suryamalang.tribunnews.com/2021/05/25/foto-viral-karyawan-tikam-atasan-karena-kesal-sering-diomeli-duduk-sambil-minum-setelah-membunuh,Advertiser preference,Shocking content,Restricted ad serving,ca-pub-7784034061253020,8,2025-06-25,2025-06-25
suryamalang.tribunnews.com,Page,N/A,N/A,suryamalang.tribunnews.com/2019/03/04/viral-foto-telanjang-siswi-smp-dan-sma-bojonegoro-ada-fakta-menarik-di-balik-proses-pembuatannya,Advertiser preference,Adult: Sexual content,Restricted ad serving,ca-pub-7784034061253020,8,2025-06-20,2025-06-24
surabaya.tribunnews.com,Page,N/A,N/A,surabaya.tribunnews.com/amp/2019/11/10/video-mahasiswi-uin-alauddin-makassar-pipis-direkam-mahasiswakecanduan-film-dewasa,Advertiser preference,Adult: Sexual content,Restricted ad serving,ca-pub-7784034061253020,8,2025-06-21,2025-06-23
surabaya.tribunnews.com,Page,N/A,N/A,surabaya.tribunnews.com/2009/06/01/pevita-pearce-asyik-dengan-sex-toy,Advertiser preference,Adult: Sexual content,Restricted ad serving,ca-pub-7784034061253020,8,2025-06-21,2025-06-23
sumsel.tribunnews.com,Page,N/A,N/A,sumsel.tribunnews.com/2017/11/22/istri-halangan-3-hari-gak-dikasih-jatah-lihat-gadis-cuma-pakai-handuk-ini-yang-dilakukan-mulyadi,Advertiser preference,Shocking content,Restricted ad serving,ca-pub-7784034061253020,8,2025-06-21,2025-06-25
sumsel.tribunnews.com,Page,N/A,N/A,sumsel.tribunnews.com/2017/11/05/penyebar-video-mesum-alumni-sma-samarinda-ditangkap-terungkap-ternyata-ada-yang-21-menit,Advertiser preference,Adult: Sexual content,Restricted ad serving,ca-pub-7784034061253020,8,2025-06-21,2025-06-23
sumsel.tribunnews.com,Page,N/A,N/A,sumsel.tribunnews.com/2014/05/21/hobi-nonton-porno-bikin-ereksi-tak-bertahan-lama,Advertiser preference,Adult: Sexual content,Restricted ad serving,ca-pub-7784034061253020,8,2025-06-25,2025-06-25
sultra.tribunnews.com,Page,N/A,N/A,sultra.tribunnews.com/2022/11/15/7-judul-video-milik-icha-ceeby-dan-aro-selain-kebaya-merah-termasuk-tiga-lawan-satu-bersama-cz,Policy issue,Ads Disguised as Content,Restricted ad serving,ca-pub-7784034061253020,8,2025-06-23,2025-06-25
style.tribunnews.com,Page,N/A,N/A,style.tribunnews.com/amp/2017/08/22/4-anime-dewasa-yang-tidak-boleh-ditonton-anak-kecil-awas-banyak-adegan-erotisnya,Advertiser preference,Adult: Sexual content,Restricted ad serving,ca-pub-7784034061253020,8,2025-06-21,2025-06-25
style.tribunnews.com,Page,N/A,N/A,style.tribunnews.com/amp/2017/01/29/ini-dia-5-wanita-bintang-film-panas-terfavorit-2017-adakah-artis-favoritmu,Advertiser preference,Adult: Sexual content,Restricted ad serving,ca-pub-7784034061253020,8,2025-06-23,2025-06-25
solo.tribunnews.com,Page,N/A,N/A,solo.tribunnews.com/2017/03/01/ingat-briptu-dara-intan-begini-penampilannya-kala-tak-berseragam-polisi-sama-sama-bikin-adem?page=3,Policy issue,Site Behavior: Navigation,Restricted ad serving,ca-pub-7784034061253020,8,2025-06-23,2025-06-23
prohaba.tribunnews.com,Page,N/A,N/A,prohaba.tribunnews.com/2022/11/08/fakta-baru-video-mesum-kebaya-merah-pemeran-wanita-mengaku-24-tahun-prianya-mirip-dengan-sosok-ini,Policy issue,Ads Disguised as Content,Restricted ad serving,ca-pub-7784034061253020,8,2025-06-24,2025-06-24
papua.tribunnews.com,Page,N/A,N/A,papua.tribunnews.com/tag/video-mesum,Advertiser preference,Adult: Sexual content,Restricted ad serving,ca-pub-7784034061253020,8,2025-06-20,2025-06-24
palembang.tribunnews.com,Page,N/A,N/A,palembang.tribunnews.com/2018/02/03/wow-doyan-nonton-film-dewasa-4-artis-cantik-ini-ketahuan-sering-praktek-no-2-sampai-muntah,Advertiser preference,Adult: Sexual content,Restricted ad serving,ca-pub-7784034061253020,8,2025-06-19,2025-06-25
palembang.tribunnews.com,Page,N/A,N/A,palembang.tribunnews.com/2018/01/17/bukan-cuma-olivia-artis-porno-jepang-ini-meninggal-lebih-tragis-dipaksa-adegan-intim-ini-ngeri,Advertiser preference,Adult: Sexual content,Restricted ad serving,ca-pub-7784034061253020,8,2025-06-21,2025-06-25
medan.tribunnews.com,Page,N/A,N/A,medan.tribunnews.com/2021/11/27/sempat-kurung-diri-sebulan-nasib-artis-cantik-ini-berubah-drastis-kini-tak-main-sinetron-lagi,Advertiser preference,Google-served ads obscuring content,Restricted ad serving,ca-pub-7784034061253020,8,2025-06-23,2025-06-23
medan.tribunnews.com,Page,N/A,N/A,medan.tribunnews.com/2020/06/10/pak-rt-minta-jatah-dulu-saat-pergoki-sejoli-mesum-di-semak-semak-paksa-cewek-abg-ikat-di-pohon,Policy issue,Ads Disguised as Content,Restricted ad serving,ca-pub-7784034061253020,8,2025-06-21,2025-06-23
medan.tribunnews.com,Page,N/A,N/A,medan.tribunnews.com/2019/11/19/geliat-mucikari-dan-wanita-psk-di-medan-dan-aceh-daya-tawar-pakai-kondom-rendah-hingga-tarif-tinggi,Advertiser preference,Adult: Sexual content,Restricted ad serving,ca-pub-7784034061253020,8,2025-06-20,2025-06-25
medan.tribunnews.com,Page,N/A,N/A,medan.tribunnews.com/2017/10/27/video-bokep-hanna-anissa-heboh-ternyata-alumnus-kriminolog-ui-kontras-dengan-keilmuannya,Advertiser preference,Adult: Sexual content,Restricted ad serving,ca-pub-7784034061253020,8,2025-06-23,2025-06-25
medan.tribunnews.com,Page,N/A,N/A,medan.tribunnews.com/2015/01/22/ini-kartu-internet-khusus-situs-porno,Advertiser preference,Shocking content,Restricted ad serving,ca-pub-7784034061253020,8,2025-06-23,2025-06-23
manado.tribunnews.com,Page,N/A,N/A,manado.tribunnews.com/tag/viral,Policy issue,Google-served ads on screens without publisher-content,Restricted ad serving,ca-pub-7784034061253020,8,2025-06-22,2025-06-24
manado.tribunnews.com,Page,N/A,N/A,manado.tribunnews.com/2023/04/05/nelayan-morotai-dapat-bongkahan-muntah-paus-di-perairan-pasifik-bisa-kaya-mendadak-lihat-fotonya,Advertiser preference,Shocking content,Restricted ad serving,ca-pub-7784034061253020,8,2025-06-25,2025-06-25
manado.tribunnews.com,Page,N/A,N/A,manado.tribunnews.com/2019/07/30/pramugari-jual-diri-di-pesawat-main-sama-pilot-tarif-permenit-setara-harga-1-kilogram-daging-sapi,Advertiser preference,Shocking content,Restricted ad serving,ca-pub-7784034061253020,8,2025-06-19,2025-06-24
makassar.tribunnews.com,Page,N/A,N/A,makassar.tribunnews.com/2021/11/17/siapa-vws-selebgram-ambon-viral-gegara-live-adegan-tak-senonoh-72-detik-bersama-jp-via-aplikasi,Advertiser preference,Google-served ads obscuring content,Restricted ad serving,ca-pub-7784034061253020,8,2025-06-25,2025-06-25
makassar.tribunnews.com,Page,N/A,N/A,makassar.tribunnews.com/2020/05/26/kronologi-gadis-18-tahun-dirudapaksa-5-pria-di-tulungagung-video-viral-tersebar-via-whatsapp,Advertiser preference,Shocking content,Restricted ad serving,ca-pub-7784034061253020,8,2025-06-23,2025-06-23
makassar.tribunnews.com,Page,N/A,N/A,makassar.tribunnews.com/2019/09/01/fakta-3-video-mesum-mahasiswi-banjarmasin-viral-durasi-hingga-alasan-g-n-rekam-hubungan-badannya?page=3,Advertiser preference,Adult: Sexual content,Restricted ad serving,ca-pub-7784034061253020,8,2025-06-25,2025-06-25
makassar.tribunnews.com,Page,N/A,N/A,makassar.tribunnews.com/2017/07/28/video-dan-8ciri-ciri-pemuda-bugil-toraja-yang-bikin-heboh-warga-rantepao,Policy issue,Site Behavior: Navigation,Restricted ad serving,ca-pub-7784034061253020,8,2025-06-22,2025-06-24
makassar.tribunnews.com,Page,N/A,N/A,makassar.tribunnews.com/2017/06/24/video-astaga-tak-pakai-cd-artis-korea-ini-tak-sadar-anunya-kelihatan-saat-manggung,Advertiser preference,Adult: Sexual content,Restricted ad serving,ca-pub-7784034061253020,8,2025-06-20,2025-06-23
makassar.tribunnews.com,Page,N/A,N/A,makassar.tribunnews.com/2017/05/08/aaa-adegan-ranjang-adam-suseno-bikin-kasur-inul-daratista-nyaris-jebol,Advertiser preference,Adult: Sexual content,Restricted ad serving,ca-pub-7784034061253020,8,2025-06-24,2025-06-24
makassar.tribunnews.com,Page,N/A,N/A,makassar.tribunnews.com/2015/08/11/psk-ini-foto-bareng-pelangganya-di-ranjang-hotel-ini-foto-fotonya,Advertiser preference,Adult: Sexual content,Restricted ad serving,ca-pub-7784034061253020,8,2025-06-20,2025-06-23
m.tribunnews.com,Page,N/A,N/A,m.tribunnews.com/regional/2010/11/24/kisah-kasih-mesum-di-wc-sekolah,Advertiser preference,Adult: Sexual content,Restricted ad serving,ca-pub-7784034061253020,8,2025-06-23,2025-06-23
m.tribunnews.com,Page,N/A,N/A,m.tribunnews.com/lifestyle/2010/08/12/seks-lebih-nyaman-dengan-kb-spiral,Advertiser preference,Adult: Sexual content,Restricted ad serving,ca-pub-7784034061253020,8,2025-06-24,2025-06-24
lampung.tribunnews.com,Page,N/A,N/A,lampung.tribunnews.com/2018/09/12/kelewat-cantik-tentara-wanita-israel-dilarang-pakai-kaus-putih-hingga-mencopot-bra,Advertiser preference,Adult: Sexual content,Restricted ad serving,ca-pub-7784034061253020,8,2025-06-24,2025-06-24
lampung.tribunnews.com,Page,N/A,N/A,lampung.tribunnews.com/2018/01/29/pria-ini-terciduk-selingkuh-bukannya-mengaku-dia-sebut-selingkuhannya-boneka-seks,Advertiser preference,Adult: Sexual content,Restricted ad serving,ca-pub-7784034061253020,8,2025-06-19,2025-06-23
lampung.tribunnews.com,Page,N/A,N/A,lampung.tribunnews.com/2017/02/16/kembali-sensasi-nikita-mirzani-lepas-kaus-pamer-payudara-di-bandara-soetta,Advertiser preference,Adult: Sexual content,Restricted ad serving,ca-pub-7784034061253020,8,2025-06-19,2025-06-25
lampung.tribunnews.com,Page,N/A,N/A,lampung.tribunnews.com/2014/09/24/tergantung-pribadi-spg-mau-ngesex-kasih-nomor-hp-dan-janjian-di-luar,Policy issue,Encouraging accidental clicks: Layout,Restricted ad serving,ca-pub-7784034061253020,8,2025-06-22,2025-06-23
kupang.tribunnews.com,Page,N/A,N/A,kupang.tribunnews.com/2019/10/29/seperti-kerasukan-wanita-cantik-teriak-teriak-nekat-buka-baju-di-jalan-videonya-viral-di-facebook,Advertiser preference,Adult: Sexual content,Restricted ad serving,ca-pub-7784034061253020,8,2025-06-24,2025-06-25
kupang.tribunnews.com,Page,N/A,N/A,kupang.tribunnews.com/2018/01/24/di-jepang-ada-bantal-seks-mirip-anime-seksi-dan-nyaris-bugil-duh-bikin-susah-tidur,Advertiser preference,Adult: Sexual content,Restricted ad serving,ca-pub-7784034061253020,8,2025-06-22,2025-06-23
kupang.tribunnews.com,Page,N/A,N/A,kupang.tribunnews.com/2015/07/03/ini-rahasia-bikin-wanita-bisa-klimaks-15-menit,Advertiser preference,Adult: Sexual content,Restricted ad serving,ca-pub-7784034061253020,8,2025-06-25,2025-06-25
kaltim.tribunnews.com,Page,N/A,N/A,kaltim.tribunnews.com/2017/04/27/bukannya-belajar-tekun-siswi-sma-ini-malah-pamer-foto-syur-di-dalam-kelas,Advertiser preference,Adult: Sexual content;Shocking content,Restricted ad serving,ca-pub-7784034061253020,8,2025-06-19,2025-06-24
jogja.tribunnews.com,Page,N/A,N/A,jogja.tribunnews.com/amp/2017/04/14/10-negara-ini-ini-punya-budaya-kehidupan-seks-paling-bebas-di-dunia,Advertiser preference,Adult: Sexual content,Restricted ad serving,ca-pub-7784034061253020,8,2025-06-24,2025-06-24
jogja.tribunnews.com,Page,N/A,N/A,jogja.tribunnews.com/2017/08/07/pakai-mukena-2-wanita-ini-malah-pamer-bagian-tubuhnya-netizen-geram,Policy issue,Site Behavior: Navigation,Restricted ad serving,ca-pub-7784034061253020,8,2025-06-24,2025-06-24
jogja.tribunnews.com,Page,N/A,N/A,jogja.tribunnews.com/2016/12/03/ini-dia-sejarah-masturbasi-anggapan-dulu-dan-sekarang,Advertiser preference,Adult: Sexual content,Restricted ad serving,ca-pub-7784034061253020,8,2025-06-20,2025-06-23
jatim.tribunnews.com,Page,N/A,N/A,jatim.tribunnews.com/2018/01/17/5-fakta-gadis-8-tahun-yang-kecanduan-seks-dari-tumbuh-di-dolly-hingga-diberi-obat-penurun-libido,Advertiser preference,Adult: Sexual content,Restricted ad serving,ca-pub-7784034061253020,8,2025-06-24,2025-06-25
jatim.tribunnews.com,Page,N/A,N/A,jatim.tribunnews.com/2017/07/31/sudah-jarang-diperhatikan-dj-butterfly-unggah-foto-bugil-netter-mau-ngerusak-indonesia-nih,Advertiser preference,Adult: Sexual content,Restricted ad serving,ca-pub-7784034061253020,8,2025-06-23,2025-06-23
jateng.tribunnews.com,Page,N/A,N/A,jateng.tribunnews.com/2019/01/09/4-fakta-kasus-pembunuhan-siswi-smk-di-bogor-terekam-cctv-tapiidentitas-pelaku-belumterungkap,Advertiser preference;Policy issue,Ads Disguised as Content;Shocking content,Restricted ad serving,ca-pub-7784034061253020,8,2025-06-24,2025-06-24
jateng.tribunnews.com,Page,N/A,N/A,jateng.tribunnews.com/2017/05/04/wanita-ini-langsung-remas-dan-intip-payudara-reporter-jepang-katanya-putih-dan-bagus,Advertiser preference,Adult: Sexual content,Restricted ad serving,ca-pub-7784034061253020,8,2025-06-19,2025-06-23
jateng.tribunnews.com,Page,N/A,N/A,jateng.tribunnews.com/2016/07/02/fungsi-seks-ibarat-otot-bila-rajin-dilatih-maka-makin-percaya-diri-untuk-melakukannya,Advertiser preference,Adult: Sexual content,Restricted ad serving,ca-pub-7784034061253020,8,2025-06-25,2025-06-25
jateng.tribunnews.com,Page,N/A,N/A,jateng.tribunnews.com/2016/02/22/inilah-arti-dan-makna-posisi-tidur-anda-dan-pasangan-menurut-ahli-bahasa-tubuh?page=1,Advertiser preference,Adult: Sexual content,Restricted ad serving,ca-pub-7784034061253020,8,2025-06-25,2025-06-25
jambi.tribunnews.com,Page,N/A,N/A,jambi.tribunnews.com/2019/07/07/ada-berperan-tanpa-busana-intip-7-artis-film-horor-indonesia-yang-paling-bikin-gemetar-para-pria,Advertiser preference,Adult: Sexual content,Restricted ad serving,ca-pub-7784034061253020,8,2025-06-24,2025-06-24
jambi.tribunnews.com,Page,N/A,N/A,jambi.tribunnews.com/2018/01/21/ini-yang-ada-dipikiran-wanita-bila-melihat-kelamin-laki-laki?page=1,Advertiser preference,Adult: Sexual content,Restricted ad serving,ca-pub-7784034061253020,8,2025-06-25,2025-06-25
jambi.tribunnews.com,Page,N/A,N/A,jambi.tribunnews.com/2015/12/11/ini-sejarah-pelacuran-pria-terkenal-karena-trik-memutar-1,Advertiser preference,Adult: Sexual content,Restricted ad serving,ca-pub-7784034061253020,8,2025-06-23,2025-06-23
jabar.tribunnews.com,Page,N/A,N/A,jabar.tribunnews.com/2017/10/20/berulangkali-nonton-film-bokep-sesama-jenis-pria-45-tahun-itu-terkam-bocah-lelaki-tetangganya,Advertiser preference,Adult: Sexual content,Restricted ad serving,ca-pub-7784034061253020,8,2025-06-21,2025-06-23
jabar.tribunnews.com,Page,N/A,N/A,jabar.tribunnews.com/2015/01/24/hasil-penelitian-ahli-soal-ejakulasi-wanita-itu-kencing-atau-bukan,Advertiser preference,Adult: Sexual content;Shocking content,Restricted ad serving,ca-pub-7784034061253020,8,2025-06-23,2025-06-23
bogor.tribunnews.com,Page,N/A,N/A,bogor.tribunnews.com/2017/09/13/kasih-resep-jamu-pembesar-payudara-bentuk-pinggang-wanita-ini-bikin-penonton-ikutan-sesak?page=3,Advertiser preference,Shocking content,Restricted ad serving,ca-pub-7784034061253020,8,2025-06-23,2025-06-23
bengkulu.tribunnews.com,Page,N/A,N/A,bengkulu.tribunnews.com/2022/08/25/uncensored-kinsou-no-vermeil-episode-8-sub-indo-link-nonton-selain-di-otakudesu-dan-anoboy,Policy issue,Ads Disguised as Content,Restricted ad serving,ca-pub-7784034061253020,8,2025-06-24,2025-06-25
belitung.tribunnews.com,Page,N/A,N/A,belitung.tribunnews.com/2019/03/30/cewek-kos-open-booking-via-online-di-pangkalpinang-tawarkan-short-time-500-ribu,Advertiser preference,Adult: Sexual content,Restricted ad serving,ca-pub-7784034061253020,8,2025-06-25,2025-06-25
belitung.tribunnews.com,Page,N/A,N/A,belitung.tribunnews.com/2018/09/10/berapa-jumlah-kalori-yang-terbakar-jika-berhubungan-seks-sampai-orgasme,Advertiser preference,Adult: Sexual content,Restricted ad serving,ca-pub-7784034061253020,8,2025-06-22,2025-06-23
belitung.tribunnews.com,Page,N/A,N/A,belitung.tribunnews.com/2017/04/21/beredar-foto-bugil-pria-diduga-keponakan-prabowo-bersama-perempuan-benarkah,Advertiser preference,Adult: Sexual content,Restricted ad serving,ca-pub-7784034061253020,8,2025-06-25,2025-06-25
belitung.tribunnews.com,Page,N/A,N/A,belitung.tribunnews.com/2017/01/20/rocky-embat-motor-boy-wirawan-rio-ancam-beberkan-rahasia-abangnya-ke-reva,Policy issue,Site Behavior: Navigation,Restricted ad serving,ca-pub-7784034061253020,8,2025-06-23,2025-06-23
belitung.tribunnews.com,Page,N/A,N/A,belitung.tribunnews.com/2016/03/26/enam-hal-nakal-sebagai-variasi-saat-bercinta-yang-perlu-dicoba,Advertiser preference,Adult: Sexual content,Restricted ad serving,ca-pub-7784034061253020,8,2025-06-23,2025-06-23
belitung.tribunnews.com,Page,N/A,N/A,belitung.tribunnews.com/2016/02/13/sessstttt-ini-alasan-mengapa-perempuan-perlu-mencoba-vibrator,Advertiser preference,Adult: Sexual content,Restricted ad serving,ca-pub-7784034061253020,8,2025-06-24,2025-06-24
batam.tribunnews.com,Page,N/A,N/A,batam.tribunnews.com/2019/08/23/janda-muda-berkulit-putih-ajak-bocah-12-tahun-bersetubuh-selesai-main-mobile-legends,Advertiser preference,Google-served ads obscuring content,Restricted ad serving,ca-pub-7784034061253020,8,2025-06-21,2025-06-23
batam.tribunnews.com,Page,N/A,N/A,batam.tribunnews.com/2017/04/23/ketelaluan-pasangan-muda-ini-diarak-bugil-karena-menikah-diam-diam-begini-akhirnya,Advertiser preference,Adult: Sexual content,Restricted ad serving,ca-pub-7784034061253020,8,2025-06-25,2025-06-25
batam.tribunnews.com,Page,N/A,N/A,batam.tribunnews.com/2016/07/16/mengejutkan-aksi-pembuatan-film-dewasa-di-pantai-terbuka-tak-jauh-dari-wisma-olimpiade-brazil,Advertiser preference,Shocking content,Restricted ad serving,ca-pub-7784034061253020,8,2025-06-22,2025-06-24
batam.tribunnews.com,Page,N/A,N/A,batam.tribunnews.com/2010/11/25/hot..-ada-foto-dewi-persik-tampil-toples,Advertiser preference,Adult: Sexual content,Restricted ad serving,ca-pub-7784034061253020,8,2025-06-23,2025-06-23
banjarmasin.tribunnews.com,Page,N/A,N/A,banjarmasin.tribunnews.com/2022/01/04/harga-naik-kini-rokok-murah-banyak-dicari,Advertiser preference,Shocking content,Restricted ad serving,ca-pub-7784034061253020,8,2025-06-25,2025-06-25
banjarmasin.tribunnews.com,Page,N/A,N/A,banjarmasin.tribunnews.com/2017/10/08/waduh-turis-seks-david-bond-terdeteksi-berada-ke-indonesia-informasinya-langsung-viral,Advertiser preference,Google-served ads obscuring content,Restricted ad serving,ca-pub-7784034061253020,8,2025-06-22,2025-06-25
banjarmasin.tribunnews.com,Page,N/A,N/A,banjarmasin.tribunnews.com/2016/05/20/beredar-rontgen-eno-gagang-cangkul-terlihat-jelas-hingga-paru-paru,Policy issue,Ads Disguised as Content,Restricted ad serving,ca-pub-7784034061253020,8,2025-06-24,2025-06-24
bangka.tribunnews.com,Page,N/A,N/A,bangka.tribunnews.com/2019/08/22/nestapa-gadis-sejak-belia-diajak-ayah-kandung-berhubungan-badan-sang-ibu-malah-siapkan-kontrasepsi,Advertiser preference,Adult: Sexual content,Restricted ad serving,ca-pub-7784034061253020,8,2025-06-22,2025-06-25
bangka.tribunnews.com,Page,N/A,N/A,bangka.tribunnews.com/2019/08/22/berhubungan-badan-oknum-guru-honor-dan-siswi-sma-di-kamar-kos-tepergok-ibu-kos-lalu-lapor-ke-sini,Advertiser preference,Google-served ads obscuring content,Restricted ad serving,ca-pub-7784034061253020,8,2025-06-23,2025-06-23
bangka.tribunnews.com,Page,N/A,N/A,bangka.tribunnews.com/2019/04/25/terungkap-fakta-video-telanjang-6-artis-pria-dan-dua-atlet-ganteng-pria-ini-malah-minta-maaf,Policy issue,Ads Disguised as Content,Restricted ad serving,ca-pub-7784034061253020,8,2025-06-25,2025-06-25
bangka.tribunnews.com,Page,N/A,N/A,bangka.tribunnews.com/2017/10/31/dasar-nakal-dadanya-diremas-begini-wanita-berbaju-seksi-malah-menikmatinya-yang-lihat-menjerit,Advertiser preference,Adult: Sexual content,Restricted ad serving,ca-pub-7784034061253020,8,2025-06-21,2025-06-25
bangka.tribunnews.com,Page,N/A,N/A,bangka.tribunnews.com/2017/10/01/astagfirullah-akhlak-pelajar-saat-ini-pelajar-peragakan-adegan-mesum-terhadap-guru-perempuan,Advertiser preference,Adult: Sexual content,Restricted ad serving,ca-pub-7784034061253020,8,2025-06-20,2025-06-23
bangka.tribunnews.com,Page,N/A,N/A,bangka.tribunnews.com/2017/06/05/video-cewek-tanpa-bra-berjalan-santai-di-jalanan-jakarta-muncul-kembali,Advertiser preference,Shocking content,Restricted ad serving,ca-pub-7784034061253020,8,2025-06-23,2025-06-25
bangka.tribunnews.com,Page,N/A,N/A,bangka.tribunnews.com/2017/05/08/coba-ucapkan-kata-ini-usai-bercinta-hubungan-intim-bisa-lebih-hot-dan-menyenangkan,Advertiser preference,Adult: Sexual content,Restricted ad serving,ca-pub-7784034061253020,8,2025-06-24,2025-06-24
bangka.tribunnews.com,Page,N/A,N/A,bangka.tribunnews.com/2017/05/03/tertarik-bentuknya-yang-putih-payudara-wanita-jepang-ini-diremas-secara-bergiliran-suku-ini,Advertiser preference,Adult: Sexual content,Restricted ad serving,ca-pub-7784034061253020,8,2025-06-19,2025-06-25
bangka.tribunnews.com,Page,N/A,N/A,bangka.tribunnews.com/2017/03/15/gadis-gadis-cantik-ini-siap-layani-pijat-payudara-hingga-threesome,Advertiser preference,Adult: Sexual content,Restricted ad serving,ca-pub-7784034061253020,8,2025-06-24,2025-06-24
bangka.tribunnews.com,Page,N/A,N/A,bangka.tribunnews.com/2016/08/24/inilah-5-bentuk-vagina-yang-disukai-kaum-pria,Advertiser preference,Adult: Sexual content,Restricted ad serving,ca-pub-7784034061253020,8,2025-06-19,2025-06-23
bangka.tribunnews.com,Page,N/A,N/A,bangka.tribunnews.com/2016/07/23/video-wanita-usia-24-tahun-bugil-di-jalanan-singapura,Advertiser preference,Adult: Sexual content,Restricted ad serving,ca-pub-7784034061253020,8,2025-06-25,2025-06-25
bangka.tribunnews.com,Page,N/A,N/A,bangka.tribunnews.com/2015/07/24/boneka-seks-khusus-wanita-ini-organnya-bisa-diganti,Advertiser preference,Adult: Sexual content,Restricted ad serving,ca-pub-7784034061253020,8,2025-06-23,2025-06-23
bangka.tribunnews.com,Page,N/A,N/A,bangka.tribunnews.com/2015/02/09/rsbt-hadirkan-ct-scan-terbaru,Advertiser preference,Adult: Sexual content,Restricted ad serving,ca-pub-7784034061253020,8,2025-06-23,2025-06-23
bali.tribunnews.com,Page,N/A,N/A,bali.tribunnews.com/2022/11/09/dapat-pesanan-jadi-alasan-aktor-perempuan-video-syur-pakai-kebaya-merah-polisi-pasar-lokal-luar,Policy issue,Ads Disguised as Content,Restricted ad serving,ca-pub-7784034061253020,8,2025-06-24,2025-06-24
bali.tribunnews.com,Page,N/A,N/A,bali.tribunnews.com/2017/07/15/video-lihat-ekpresi-bapak-ini-saat-lihat-wanita-di-sebelahnya-telanjang-bulat-di-supermarket,Policy issue,Site Behavior: Navigation,Restricted ad serving,ca-pub-7784034061253020,8,2025-06-25,2025-06-25
bali.tribunnews.com,Page,N/A,N/A,bali.tribunnews.com/2017/03/29/video-aron-ashab-jilat-jilat-cewek-5-foto-aron-ashab-ini-juga-dihujat-habis-habisan-netizen,Advertiser preference,Adult: Sexual content,Restricted ad serving,ca-pub-7784034061253020,8,2025-06-22,2025-06-25
www.tribunnews.com,Page,N/A,N/A,www.tribunnews.com/internasional/2019/06/13/video-homoseksual-menteri-malaysia-tersebar-pelaku-dia-memaksa-saya,Advertiser preference,Google-served ads obscuring content,Restricted ad serving,ca-pub-7784034061253020,7,2025-06-25,2025-06-25
wow.tribunnews.com,Page,N/A,N/A,wow.tribunnews.com/2017/12/09/viral-driver-ojol-mesum-ajak-pelanggannya-check-in-tiap-hari-dan-dibayar-begini-reaksi-korban,Policy issue,Site Behavior: Navigation,Restricted ad serving,ca-pub-7784034061253020,7,2025-06-24,2025-06-24
wartakota.tribunnews.com,Page,N/A,N/A,wartakota.tribunnews.com/2019/01/09/pelaku-penusukan-siswi-smk-di-bogor-terekam-cctv-diduga-teman-dekat,Advertiser preference,Shocking content,Restricted ad serving,ca-pub-7784034061253020,7,2025-06-23,2025-06-23
wartakota.tribunnews.com,Page,N/A,N/A,wartakota.tribunnews.com/2015/08/30/alat-kelamin-pria-ini-panjangnya-50-sentimeter,Advertiser preference,Shocking content,Restricted ad serving,ca-pub-7784034061253020,7,2025-06-19,2025-06-23
wartakota.tribunnews.com,Page,N/A,N/A,wartakota.tribunnews.com/2015/03/02/waria-bertarif-mahal-tawarkan-diri-di-sosial-media,Advertiser preference,Adult: Sexual content,Restricted ad serving,ca-pub-7784034061253020,7,2025-06-22,2025-06-25
wartakota.tribunnews.com,Page,N/A,N/A,wartakota.tribunnews.com/2014/11/20/inilah-orgasme-yang-perlu-diketahui-perempuan,Advertiser preference,Adult: Sexual content,Restricted ad serving,ca-pub-7784034061253020,7,2025-06-24,2025-06-24
video.tribunnews.com,Page,N/A,N/A,video.tribunnews.com/view/58350/wanita-tewas-usai-kencan-di-gubuk-berawal-saat-hendak-bantu-acara-warga,Advertiser preference,Shocking content,Restricted ad serving,ca-pub-7784034061253020,7,2025-06-23,2025-06-23
suryamalang.tribunnews.com,Page,N/A,N/A,suryamalang.tribunnews.com/2019/05/13/video-viral-gadis-abg-buka-baju-saat-sahur-on-the-road-sambil-kebut-kebutan-ini-identitas-si-pelaku,Advertiser preference,Adult: Sexual content,Restricted ad serving,ca-pub-7784034061253020,7,2025-06-20,2025-06-25
pekanbaru.tribunnews.com,Page,N/A,N/A,pekanbaru.tribunnews.com/2022/10/19/nonton-film-fifty-shades-of-grey-full-movie-sub-indo-baca-sinopsisnya-disini,Policy issue,Ads Disguised as Content,Restricted ad serving,ca-pub-7784034061253020,7,2025-06-23,2025-06-23
pekanbaru.tribunnews.com,Page,N/A,N/A,pekanbaru.tribunnews.com/2021/08/15/sinopsis-link-download-film-bumi-manusia-full-movie-bisa-streaming-film-bumi-manusia-lk21,Advertiser preference,Google-served ads obscuring content,Restricted ad serving,ca-pub-7784034061253020,7,2025-06-23,2025-06-23
pekanbaru.tribunnews.com,Page,N/A,N/A,pekanbaru.tribunnews.com/2020/03/16/film-hot-di-jepang-dilegalkan-warga-nonton-film-panas-gratis-selama-wabah-virus-corona,Advertiser preference,Shocking content,Restricted ad serving,ca-pub-7784034061253020,7,2025-06-23,2025-06-23
pekanbaru.tribunnews.com,Page,N/A,N/A,pekanbaru.tribunnews.com/2019/11/23/twitter-siskaeee-real-dicari-siapa-siskaee-telanjang-dada-di-depan-umum-prank-ojol-hingga-dihujat,Advertiser preference,Adult: Sexual content,Restricted ad serving,ca-pub-7784034061253020,7,2025-06-24,2025-06-24
pekanbaru.tribunnews.com,Page,N/A,N/A,pekanbaru.tribunnews.com/2019/08/15/menurut-islam-inilah-panduan-lengkap-dalam-berhubungan-suami-istri-tatacara-berhubungan-badan,Advertiser preference,Adult: Sexual content,Restricted ad serving,ca-pub-7784034061253020,7,2025-06-24,2025-06-24
medan.tribunnews.com,Page,N/A,N/A,medan.tribunnews.com/2024/09/04/sosok-teguh-suwandi-pasaribu-viral-sekamar-dengan-kreator-onlyfans-msbreewc-sebelum-digrebek,Policy issue,Copyrighted material (DMCA),Disabled ad serving,,7,2025-06-25,2025-06-25
medan.tribunnews.com,Page,N/A,N/A,medan.tribunnews.com/2019/03/31/terungkap-penyebab-lengket-usai-berhubungan-suami-istri-di-kenya-bentengi-istri-agar-gak-selingkuh,Advertiser preference,Shocking content,Restricted ad serving,ca-pub-7784034061253020,7,2025-06-23,2025-06-23
medan.tribunnews.com,Page,N/A,N/A,medan.tribunnews.com/2019/01/19/barita-tambunan-nyaris-perkosa-remaja-semarganya-dan-tikam-nenek-dermina-simanjuntak-hingga-tewas,Advertiser preference,Shocking content,Restricted ad serving,ca-pub-7784034061253020,7,2025-06-24,2025-06-24
medan.tribunnews.com,Page,N/A,N/A,medan.tribunnews.com/2014/07/10/cewek-naik-motor-ternyata-dianggap-lebih-seksi-dan-menggoda,Advertiser preference,Shocking content,Restricted ad serving,ca-pub-7784034061253020,7,2025-06-21,2025-06-23
manado.tribunnews.com,Page,N/A,N/A,manado.tribunnews.com/2019/07/29/pramugari-jual-diri-dalam-pesawat-main-di-toilet-bareng-penumpang-hingga-tarif-semenit-rp-131-ribu,Advertiser preference,Shocking content,Restricted ad serving,ca-pub-7784034061253020,7,2025-06-24,2025-06-24
makassar.tribunnews.com,Page,N/A,N/A,makassar.tribunnews.com/2016/03/19/siapa-bilang-mr-p-jumbo-disuka-wanita,Advertiser preference,Adult: Sexual content,Restricted ad serving,ca-pub-7784034061253020,7,2025-06-25,2025-06-25
makassar.tribunnews.com,Page,N/A,N/A,makassar.tribunnews.com/2016/01/20/payudara-gadis-ini-disebut-paling-indah-lihat-foto-lengkapnya?page=5,Advertiser preference,Adult: Sexual content,Restricted ad serving,ca-pub-7784034061253020,7,2025-06-23,2025-06-23
lampung.tribunnews.com,Page,N/A,N/A,lampung.tribunnews.com/2019/11/25/download-film-jumanji-welcome-to-the-jungle-subtitle-indonesia-sub-indo-download-film-hollywood,Policy issue,Copyrighted material (DMCA),Disabled ad serving,,7,2025-06-25,2025-06-25
lampung.tribunnews.com,Page,N/A,N/A,lampung.tribunnews.com/2015/02/17/video-berguling-guling-main-seks-depan-toko-siang-bolong,Advertiser preference,Adult: Sexual content,Restricted ad serving,ca-pub-7784034061253020,7,2025-06-21,2025-06-25
kupang.tribunnews.com,Page,N/A,N/A,kupang.tribunnews.com/2018/11/20/hanya-pakai-celana-dalam-pria-ini-intip-seorang-wanita-sedang-mandi-telanjang-ini-yang-terjadi,Policy issue,Google-served ads on screens without publisher-content,Restricted ad serving,ca-pub-7784034061253020,7,2025-06-22,2025-06-25
kupang.tribunnews.com,Page,N/A,N/A,kupang.tribunnews.com/2017/10/24/lokalisasi-ini-patok-tarif-rp-12-juta-per-satu-jam-namun-hal-tak-terduga-ini-yang-akan-anda-temui,Advertiser preference,Adult: Sexual content,Restricted ad serving,ca-pub-7784034061253020,7,2025-06-23,2025-06-23
kupang.tribunnews.com,Page,N/A,N/A,kupang.tribunnews.com/2017/05/03/buah-dada-wanita-jepang-bagus-cantik-dan-putih-kata-orang-korowai,Advertiser preference,Adult: Sexual content,Restricted ad serving,ca-pub-7784034061253020,7,2025-06-23,2025-06-23
kupang.tribunnews.com,Page,N/A,N/A,kupang.tribunnews.com/2015/08/02/sikka-heboh-foto-bugil-tersebar-di-media-facebook,Advertiser preference,Adult: Sexual content,Restricted ad serving,ca-pub-7784034061253020,7,2025-06-23,2025-06-23
kupang.tribunnews.com,Page,N/A,N/A,kupang.tribunnews.com/2014/12/01/raba-bagian-ini-pasangan-wanita-anda-terbang-ke-langit-tujuh,Advertiser preference,Adult: Sexual content;Shocking content,Restricted ad serving,ca-pub-7784034061253020,7,2025-06-21,2025-06-24
jateng.tribunnews.com,Page,N/A,N/A,jateng.tribunnews.com/2021/12/08/heboh-siswi-smp-kirim-foto-tanpa-busana-sebagai-syarat-jadi-anggota-paskibra-ini-faktanya,Policy issue,Ads Disguised as Content,Restricted ad serving,ca-pub-7784034061253020,7,2025-06-25,2025-06-25
jabar.tribunnews.com,Page,N/A,N/A,jabar.tribunnews.com/2015/11/02/wanita-pun-perlu-tahu-ini-17-fakta-tentang-ereksi-seorang-pria,Advertiser preference,Adult: Sexual content,Restricted ad serving,ca-pub-7784034061253020,7,2025-06-25,2025-06-25
bali.tribunnews.com,Page,N/A,N/A,bali.tribunnews.com/2019/01/17/meski-frekuensi-seksnya-terbatas-wanita-35-tahun-ternyata-bisa-menikmati-orgasme-terbaik,Advertiser preference,Adult: Sexual content,Restricted ad serving,ca-pub-7784034061253020,7,2025-06-25,2025-06-25
www.tribunnews.com,Page,N/A,N/A,www.tribunnews.com/seleb/2013/08/29/akting-intim-woman-on-top-shinta-bachir-di-film-ini-di-luar-dugaan-lolos-sensor,Advertiser preference,Adult: Sexual content,Restricted ad serving,ca-pub-7784034061253020,6,2025-06-19,2025-06-25
www.tribunnews.com,Page,N/A,N/A,www.tribunnews.com/regional/2018/01/08/lihat-sang-anak-intim-dengan-wanita-dewasa-2-ibu-ini-malah-bilang-begini,Advertiser preference,Shocking content,Restricted ad serving,ca-pub-7784034061253020,6,2025-06-20,2025-06-25
www.tribunnews.com,Page,N/A,N/A,www.tribunnews.com/regional/2017/11/17/siang-jadi-karyawati-malam-jadi-psk-tarifnya-segini,Advertiser preference,Adult: Sexual content,Restricted ad serving,ca-pub-7784034061253020,6,2025-06-22,2025-06-25
www.tribunnews.com,Page,N/A,N/A,www.tribunnews.com/regional/2016/04/08/dipercaya-kuatkan-vitalitas-pria-tangkur-buaya-singkil-banyak-diincar-pembeli,Advertiser preference,Adult: Sexual content;Shocking content,Restricted ad serving,ca-pub-7784034061253020,6,2025-06-24,2025-06-24
www.tribunnews.com,Page,N/A,N/A,www.tribunnews.com/regional/2013/02/04/anggota-tni-dikeroyok-lalu-dibakar-hidup-hidup,Advertiser preference;Policy issue,Google-served ads obscuring content;Modified Javascript: Ads by Google size,Restricted ad serving,ca-pub-7784034061253020,6,2025-06-25,2025-06-25
www.tribunnews.com,Page,N/A,N/A,www.tribunnews.com/kesehatan/2016/08/13/tidak-hanya-wanita-pria-juga-memiliki-g-spot,Advertiser preference,Adult: Sexual content,Restricted ad serving,ca-pub-7784034061253020,6,2025-06-25,2025-06-25
www.tribunnews.com,Page,N/A,N/A,www.tribunnews.com/internasional/2016/07/28/gara-gara-ketahuan-selingkuh-kelamin-sang-istri-dilem-super-oleh-suaminya,Advertiser preference;Policy issue,Google-served ads obscuring content;Modified Javascript: Ads by Google size,Restricted ad serving,ca-pub-7784034061253020,6,2025-06-23,2025-06-23
www.tribunnews.com,Page,N/A,N/A,www.tribunnews.com/bisnis/2020/12/04/pedagang-sex-toys-di-toko-online-akan-dijerat-dengan-uu-pornografi,Advertiser preference,Adult: Sexual content,Restricted ad serving,ca-pub-7784034061253020,6,2025-06-23,2025-06-23
wartakota.tribunnews.com,Page,N/A,N/A,wartakota.tribunnews.com/2022/11/03/link-video-mesum-perempuan-cantik-kebaya-merah-berdurasi-16-menit-diburu-polda-bali-turun-tangan,Policy issue,Ads Disguised as Content,Restricted ad serving,ca-pub-7784034061253020,6,2025-06-19,2025-06-25
wartakota.tribunnews.com,Page,N/A,N/A,wartakota.tribunnews.com/2021/03/19/video-bentrokan-antar-kelompok-terjadi-di-jalan-marunda-centre-bulak-turi,Policy issue,Ads Disguised as Content,Restricted ad serving,ca-pub-7784034061253020,6,2025-06-22,2025-06-23
wartakota.tribunnews.com,Page,N/A,N/A,wartakota.tribunnews.com/2019/11/10/penyebab-pria-sering-jajan-di-luar-rumah-diungkap-seorang-psk-layani-10-pria-selama-12-tahun,Advertiser preference,Adult: Sexual content,Restricted ad serving,ca-pub-7784034061253020,6,2025-06-24,2025-06-24
wartakota.tribunnews.com,Page,N/A,N/A,wartakota.tribunnews.com/2018/10/08/jasa-bersih-bersih-rumah-sambil-telanjang-gajinya-gede-berani-coba,Advertiser preference,Adult: Sexual content,Restricted ad serving,ca-pub-7784034061253020,6,2025-06-23,2025-06-23
wartakota.tribunnews.com,Page,N/A,N/A,wartakota.tribunnews.com/2016/10/28/wanita-jepang-ini-tak-menyangka-dinobatkan-memiliki-payudara-terindah,Advertiser preference,Adult: Sexual content,Restricted ad serving,ca-pub-7784034061253020,6,2025-06-22,2025-06-23
wartakota.tribunnews.com,Page,N/A,N/A,wartakota.tribunnews.com/2016/10/19/hotel-norita-tangerang-bantah-tempatnya-dijadikan-esek-esek,Advertiser preference,Adult: Sexual content,Restricted ad serving,ca-pub-7784034061253020,6,2025-06-24,2025-06-24
video.tribunnews.com,Page,N/A,N/A,video.tribunnews.com/view/79609/dipicu-permasalahan-sepele-ibu-mertua-tewas-dibakar-menantu,Advertiser preference,Shocking content,Restricted ad serving,ca-pub-7784034061253020,6,2025-06-25,2025-06-25
trends.tribunnews.com,Page,N/A,N/A,trends.tribunnews.com/2024/12/07/7-fakta-baby-rae-anak-angkat-jennifer-ipel-dan-ajun-perwira-arti-namanya-indah,Policy issue,Copyrighted material (DMCA),Disabled ad serving,,6,2025-06-25,2025-06-25
surabaya.tribunnews.com,Page,N/A,N/A,surabaya.tribunnews.com/2019/11/19/modus-pasutri-gresik-jual-janda-di-menganti-tarif-murmer-kencan-di-rumah-buat-gaet-hidung-belang,Advertiser preference,Shocking content,Restricted ad serving,ca-pub-7784034061253020,6,2025-06-25,2025-06-25
sumsel.tribunnews.com,Page,N/A,N/A,sumsel.tribunnews.com/2024/03/06/kejadian-viral-kades-pamer-alat-vital-hingga-camat-berbuat-tak-senonoh-buat-ogan-ilir-jadi-sorotan,Advertiser preference,Google-served ads obscuring content,Restricted ad serving,ca-pub-7784034061253020,6,2025-06-24,2025-06-24
pontianak.tribunnews.com,Page,N/A,N/A,pontianak.tribunnews.com/2016/05/27/fakta-mengejutkan-perempuan-bisa-hamil-setelah-berhubungan-intim-lewat-anus,Advertiser preference,Adult: Sexual content,Restricted ad serving,ca-pub-7784034061253020,6,2025-06-23,2025-06-23
pekanbaru.tribunnews.com,Page,N/A,N/A,pekanbaru.tribunnews.com/2023/09/17/mau-nonton-dan-download-film-after-everything-sub-indo-cek-aja-link-ini,Policy issue,Copyrighted material (DMCA),Disabled ad serving,,6,2025-06-23,2025-06-23
palembang.tribunnews.com,Page,N/A,N/A,palembang.tribunnews.com/2018/03/10/10-fakta-orang-eskimo-paling-bikin-bergidik-dari-bertukar-istri-hingga-membunuh,Policy issue,Ads Disguised as Content,Restricted ad serving,ca-pub-7784034061253020,6,2025-06-24,2025-06-24
medan.tribunnews.com,Page,N/A,N/A,medan.tribunnews.com/2019/02/20/pria-terduga-maling-helm-di-unimed-tewas-setelah-dihajar-satpam-tinggalkan-istri-yang-tengah-hamil,Policy issue,Ads Disguised as Content,Restricted ad serving,ca-pub-7784034061253020,6,2025-06-23,2025-06-23
medan.tribunnews.com,Page,N/A,N/A,medan.tribunnews.com/2017/07/28/ayah-sediakan-gubuk-untuk-putri-agar-bisa-bercinta-dengan-banyak-pria-lalu-dapatkan-cinta-sejati,Advertiser preference,Google-served ads obscuring content,Restricted ad serving,ca-pub-7784034061253020,6,2025-06-24,2025-06-24
medan.tribunnews.com,Page,N/A,N/A,medan.tribunnews.com/2017/05/20/edan-10-foto-bugil-artis-yang-dipajang-di-sampul-majalah-dewasa-tanpa-seizin-mereka,Advertiser preference,Adult: Sexual content,Restricted ad serving,ca-pub-7784034061253020,6,2025-06-23,2025-06-23
manado.tribunnews.com,Page,N/A,N/A,manado.tribunnews.com/2019/10/07/menyusuri-tkb-manado-malam-hari-taman-yang-jadi-lokasi-prostitusi-ilegal-orang-di-sini-8-huruf,Advertiser preference,Shocking content,Restricted ad serving,ca-pub-7784034061253020,6,2025-06-24,2025-06-24
makassar.tribunnews.com,Page,N/A,N/A,makassar.tribunnews.com/2019/07/21/fakta-fakta-siswasiswi-sma-sewa-kos-pesta-seks-banyak-tisukondom-berserakan-keterangan-polisi,Advertiser preference,Adult: Sexual content,Restricted ad serving,ca-pub-7784034061253020,6,2025-06-24,2025-06-24
m.tribunnews.com,Page,N/A,N/A,m.tribunnews.com/lifestyle/2015/12/02/sentuh-payudata-tren-baru-wanita-muda-china-untuk-menunjukan-diri-langsing,Advertiser preference,Adult: Sexual content,Restricted ad serving,ca-pub-7784034061253020,6,2025-06-25,2025-06-25
lampung.tribunnews.com,Page,N/A,N/A,lampung.tribunnews.com/2018/01/26/daftar-kota-kota-di-dunia-yang-penuh-dengan-kemaksiatan-seks-bebas-dilegalkan,Advertiser preference;Policy issue,Google-served ads obscuring content;Modified Javascript: Ads by Google size,Restricted ad serving,ca-pub-7784034061253020,6,2025-06-24,2025-06-24
kupang.tribunnews.com,Page,N/A,N/A,kupang.tribunnews.com/2017/02/09/gunakan-alat-bantu-seks-buatan-sendiri-wanita-dewasa-ini-cabuli-siswi-kelas-2-smp,Advertiser preference,Adult: Sexual content,Restricted ad serving,ca-pub-7784034061253020,6,2025-06-23,2025-06-24
kupang.tribunnews.com,Page,N/A,N/A,kupang.tribunnews.com/2015/02/09/jangan-coba-posisi-seks-ini-berbahaya,Advertiser preference,Adult: Sexual content,Restricted ad serving,ca-pub-7784034061253020,6,2025-06-25,2025-06-25
jateng.tribunnews.com,Page,N/A,N/A,jateng.tribunnews.com/2017/01/09/usia-baru-7-tahun-ukuran-payudara-bocah-ini-bikin-heboh-ini-yang-terjadi-padanya?page=2,Advertiser preference,Adult: Sexual content,Restricted ad serving,ca-pub-7784034061253020,6,2025-06-25,2025-06-25
jateng.tribunnews.com,Page,N/A,N/A,jateng.tribunnews.com/2016/09/24/setelah-skandal-beredarnya-foto-pns-bugil-bupati-pekalongan-ungkap-fakta-mencengangkan,Advertiser preference,Adult: Sexual content,Restricted ad serving,ca-pub-7784034061253020,6,2025-06-24,2025-06-24
jambi.tribunnews.com,Page,N/A,N/A,jambi.tribunnews.com/tag/foto-syur,Advertiser preference,Adult: Sexual content,Restricted ad serving,ca-pub-7784034061253020,6,2025-06-25,2025-06-25
jambi.tribunnews.com,Page,N/A,N/A,jambi.tribunnews.com/2018/10/27/deretan-artis-cantik-ini-pernah-lakukan-adegan-menantang-di-dalam-film-hingga-lakukan-ini,Advertiser preference,Adult: Sexual content,Restricted ad serving,ca-pub-7784034061253020,6,2025-06-24,2025-06-24
jabar.tribunnews.com,Page,N/A,N/A,jabar.tribunnews.com/2015/09/18/berapakah-batas-usia-untuk-wanita-melakukan-hubungan-seks,Advertiser preference,Adult: Sexual content,Restricted ad serving,ca-pub-7784034061253020,6,2025-06-24,2025-06-24
batam.tribunnews.com,Page,N/A,N/A,batam.tribunnews.com/2022/08/13/viral-video-panas-kakek-dan-gadis-muda-korban-dijebak-pakai-minuma-hingga-tak-sadar,Policy issue,Encouraging accidental clicks: Layout,Restricted ad serving,ca-pub-7784034061253020,6,2025-06-25,2025-06-25
bangka.tribunnews.com,Page,N/A,N/A,bangka.tribunnews.com/amp/2018/01/06/video-mesum-tante-dan-bocah-di-bandung-ternyata-juga-berhubungan-dengan-pria-ini,Advertiser preference,Adult: Sexual content;Shocking content,Restricted ad serving,ca-pub-7784034061253020,6,2025-06-20,2025-06-25
bangka.tribunnews.com,Page,N/A,N/A,bangka.tribunnews.com/2019/09/21/video-syur-guru-cantik-pakai-seragam-pns-pemprov-jabar-diburu-iwan-fals-tanya-ada-linknya-nggak-ya,Advertiser preference,Adult: Sexual content,Restricted ad serving,ca-pub-7784034061253020,6,2025-06-21,2025-06-25
bangka.tribunnews.com,Page,N/A,N/A,bangka.tribunnews.com/2019/04/05/kronologi-cewek-smp-ketagihan-berhubungan-intim-kakak-kelas-sekolah-lain-pun-jadi-sasaran,Advertiser preference,Adult: Sexual content,Restricted ad serving,ca-pub-7784034061253020,6,2025-06-23,2025-06-23
bangka.tribunnews.com,Page,N/A,N/A,bangka.tribunnews.com/2018/06/11/begini-detik-detik-rekaman-dada-wanita-cantik-digerayangi-pencopet-apa-yang-dicarinya,Advertiser preference,Adult: Sexual content,Restricted ad serving,ca-pub-7784034061253020,6,2025-06-23,2025-06-23
bangka.tribunnews.com,Page,N/A,N/A,bangka.tribunnews.com/2017/10/16/naik-wahana-celana-cewek-ini-melorot-hingga-bokong-selanjutnya-makin-parah,Advertiser preference,Adult: Sexual content,Restricted ad serving,ca-pub-7784034061253020,6,2025-06-23,2025-06-23
bangka.tribunnews.com,Page,N/A,N/A,bangka.tribunnews.com/2017/05/06/wanita-ini-terpaksa-menanggung-malu-aktivitas-merem-melek-nya-jadi-tontonan-di-media-sosial,Advertiser preference,Adult: Sexual content,Restricted ad serving,ca-pub-7784034061253020,6,2025-06-24,2025-06-24
bangka.tribunnews.com,Page,N/A,N/A,bangka.tribunnews.com/2016/03/02/saat-gerbek-apartemen-tamansari-bandung-polisi-temukan-11-dus-kondom,Advertiser preference,Adult: Sexual content,Restricted ad serving,ca-pub-7784034061253020,6,2025-06-25,2025-06-25
bali.tribunnews.com,Page,N/A,N/A,bali.tribunnews.com/2019/02/27/darah-belut-bikin-psk-ini-selalu-virgin-dan-ditarif-rp-20-juta-setelah-diciduk-fakta-ini-terungkap,Advertiser preference,Adult: Sexual content,Restricted ad serving,ca-pub-7784034061253020,6,2025-06-25,2025-06-25
www.tribunnewswiki.com,Page,N/A,N/A,www.tribunnewswiki.com/2020/11/07/viral-video-syur-mirip-gisel-beredar-di-internet-mama-gempi-belum-beri-klarifikasi,Policy issue,Ads Disguised as Content,Restricted ad serving,ca-pub-7784034061253020,5,2025-06-25,2025-06-25
www.tribunnews.com,Page,N/A,N/A,www.tribunnews.com/tag/perokok,Advertiser preference,Tobacco,Restricted ad serving,ca-pub-7784034061253020,5,2025-06-25,2025-06-25
www.tribunnews.com,Page,N/A,N/A,www.tribunnews.com/regional/2019/09/19/geliat-prostitusi-online-di-kupang-gunakan-aplikasi-michat-dan-pilih-penginapan-short-time,Advertiser preference,Adult: Sexual content,Restricted ad serving,ca-pub-7784034061253020,5,2025-06-24,2025-06-24
www.tribunnews.com,Page,N/A,N/A,www.tribunnews.com/regional/2015/08/24/obat-gila-marak-di-sulut-efeknya-ngeri-adegan-seks-bersama,Advertiser preference,Adult: Sexual content,Restricted ad serving,ca-pub-7784034061253020,5,2025-06-25,2025-06-25
www.tribunnews.com,Page,N/A,N/A,www.tribunnews.com/regional/2015/04/22/kisah-mantan-psk-yang-kini-sukses-jadi-pengusaha,Advertiser preference,Adult: Sexual content,Restricted ad serving,ca-pub-7784034061253020,5,2025-06-23,2025-06-23
www.tribunnews.com,Page,N/A,N/A,www.tribunnews.com/regional/2013/09/19/bisnis-prostitusi-anak-ayam-merebak-di-kuala-tungkal,Advertiser preference,Shocking content,Restricted ad serving,ca-pub-7784034061253020,5,2025-06-24,2025-06-24
www.tribunnews.com,Page,N/A,N/A,www.tribunnews.com/metropolitan/2023/07/25/marak-kos-kosan-dijadikan-tempat-prostitusi-online-polisi-di-bekasi-minta-warga-melapor,Advertiser preference;Policy issue,Google-served ads obscuring content;Modified Javascript: Ads by Google size,Restricted ad serving,ca-pub-7784034061253020,5,2025-06-23,2025-06-23
www.tribunnews.com,Page,N/A,N/A,www.tribunnews.com/metropolitan/2018/01/09/pemeran-wanita-dewasa-di-video-porno-dengan-bocah-berprofesi-sebagai-pemandu-lagu,Advertiser preference,Adult: Sexual content,Restricted ad serving,ca-pub-7784034061253020,5,2025-06-25,2025-06-25
www.tribunnews.com,Page,N/A,N/A,www.tribunnews.com/metropolitan/2015/06/02/polisi-gerebek-prostitusi-berkedok-panti-pijat-di-bekasi,Advertiser preference,Shocking content,Restricted ad serving,ca-pub-7784034061253020,5,2025-06-23,2025-06-23
www.tribunnews.com,Page,N/A,N/A,www.tribunnews.com/kesehatan/2020/11/26/punya-dampak-buruk-bagi-kesehatan-inilah-5-sisi-positif-merokok-yang-jarang-diketahui,Advertiser preference,Google-served ads obscuring content,Restricted ad serving,ca-pub-7784034061253020,5,2025-06-23,2025-06-23
www.tribunnews.com,Page,N/A,N/A,www.tribunnews.com/kesehatan/2014/12/10/tidur-kok-bisa-berhubungan-seks-ada-yang-salah,Advertiser preference,Adult: Sexual content,Restricted ad serving,ca-pub-7784034061253020,5,2025-06-25,2025-06-25
www.tribunnews.com,Page,N/A,N/A,www.tribunnews.com/internasional/2019/04/25/pria-ini-dilaporkan-ke-polisi-gara-gara-memasukkan-timun-ke-kelamin-istrinya-saat-hubungan-intim,Advertiser preference,Adult: Sexual content,Restricted ad serving,ca-pub-7784034061253020,5,2025-06-23,2025-06-23
www.tribunjualbeli.com,Page,N/A,N/A,www.tribunjualbeli.com/sumatera-utara/2350971/hickel-candy-asli-permen-vitalitas-pria-tokcer-di-medan,Advertiser preference,Adult: Sexual content,Restricted ad serving,ca-pub-7784034061253020,5,2025-06-23,2025-06-23
www.tribunjualbeli.com,Page,N/A,N/A,www.tribunjualbeli.com/jawa-barat/2617671/pengobatan-terapi-alat-vital-garut-bapak-nurjaman-garut,Advertiser preference,Adult: Sexual content,Restricted ad serving,ca-pub-7784034061253020,5,2025-06-23,2025-06-23
www.tribunjualbeli.com,Page,N/A,N/A,www.tribunjualbeli.com/jawa-barat/2384198/alat-bantu-sex-wanita-vibrator-pretty-love-bandung,Advertiser preference,Adult: Sexual content,Restricted ad serving,ca-pub-7784034061253020,5,2025-06-24,2025-06-24
www.tribunjualbeli.com,Page,N/A,N/A,www.tribunjualbeli.com/jawa-barat/2384196/alat-bantu-sex-pria-vagina-senter-getar-vibration-bandung,Advertiser preference,Adult: Sexual content,Restricted ad serving,ca-pub-7784034061253020,5,2025-06-23,2025-06-23
www.tribunjualbeli.com,Page,N/A,N/A,www.tribunjualbeli.com/dki-jakarta/2372353/obat-klg-asli-usa-termurah-obat-kuat-herbal-pembesar-penis-jakarta-timur,Advertiser preference,Adult: Sexual content,Restricted ad serving,ca-pub-7784034061253020,5,2025-06-25,2025-06-25
wow.tribunnews.com,Page,N/A,N/A,wow.tribunnews.com/2019/02/23/sedang-meregang-nyawa-erni-meminta-pelaku-menyelamatkan-bayi-yang-dikandungnya-ini-faktanya,Advertiser preference,Shocking content,Restricted ad serving,ca-pub-7784034061253020,5,2025-06-23,2025-06-23
wartakota.tribunnews.com,Page,N/A,N/A,wartakota.tribunnews.com/amp/2015/12/04/kasus-hubungan-intim-antara-manusia-dan-kuda-meningkat-di-swiss,Advertiser preference,Adult: Sexual content,Restricted ad serving,ca-pub-7784034061253020,5,2025-06-25,2025-06-25
wartakota.tribunnews.com,Page,N/A,N/A,wartakota.tribunnews.com/2020/07/30/apa-itu-fetish-berikut-penjelasan-lengkap-soal-fetish-yang-jadi-perbincangan-publik,Policy issue,Ads Disguised as Content,Restricted ad serving,ca-pub-7784034061253020,5,2025-06-25,2025-06-25
suryamalang.tribunnews.com,Page,N/A,N/A,suryamalang.tribunnews.com/2020/11/12/viral-video-syur-cinta-terlarang-pak-dokter-dan-bu-bidan-di-jember-doyan-selingkuhi-istri-orang,Policy issue,Ads Disguised as Content,Restricted ad serving,ca-pub-7784034061253020,5,2025-06-24,2025-06-24
surabaya.tribunnews.com,Page,N/A,N/A,surabaya.tribunnews.com/tag/vina-garut,Advertiser preference,Adult: Sexual content,Restricted ad serving,ca-pub-7784034061253020,5,2025-06-23,2025-06-23
surabaya.tribunnews.com,Page,N/A,N/A,surabaya.tribunnews.com/2016/10/26/usai-paksa-gadis-abg-mesum-di-kebun-tebu-remaja-situbondo-jadi-buronan-polisi,Advertiser preference,Adult: Sexual content,Restricted ad serving,ca-pub-7784034061253020,5,2025-06-23,2025-06-23
style.tribunnews.com,Page,N/A,N/A,style.tribunnews.com/2016/10/20/terungkap-nama-petugas-bandara-singapura-ganteng-dan-jomblo-yang-lagi-viral-di-medsos,Policy issue,Site Behavior: Navigation,Restricted ad serving,ca-pub-7784034061253020,5,2025-06-25,2025-06-25
solo.tribunnews.com,Page,N/A,N/A,solo.tribunnews.com/amp/2016/05/23/bikin-tercengang-inilah-rata-rata-ukuran-mrp-pria-di-lima-negara-timur-tengah,Advertiser preference,Adult: Sexual content,Restricted ad serving,ca-pub-7784034061253020,5,2025-06-25,2025-06-25
solo.tribunnews.com,Page,N/A,N/A,solo.tribunnews.com/2017/07/26/cairan-bening-keluar-sebelum-ejakulasi-bisa-bikin-hamil-enggak-ya,Advertiser preference,Adult: Sexual content,Restricted ad serving,ca-pub-7784034061253020,5,2025-06-24,2025-06-24
pontianak.tribunnews.com,Page,N/A,N/A,pontianak.tribunnews.com/2018/01/04/video-bokep-anak-sd-dengan-wanita-dewasa-tersebar-polisi-temukan-fakta-mengejutkan,Advertiser preference,Adult: Sexual content,Restricted ad serving,ca-pub-7784034061253020,5,2025-06-24,2025-06-24
pontianak.tribunnews.com,Page,N/A,N/A,pontianak.tribunnews.com/2017/10/21/payudara-terasa-sakit-saat-menstruasi-ini-solusinya,Advertiser preference,Adult: Sexual content,Restricted ad serving,ca-pub-7784034061253020,5,2025-06-23,2025-06-23
pekanbaru.tribunnews.com,Page,N/A,N/A,pekanbaru.tribunnews.com/tag/index/all,Advertiser preference,Adult: Sexual content,Restricted ad serving,ca-pub-7784034061253020,5,2025-06-23,2025-06-23
palembang.tribunnews.com,Page,N/A,N/A,palembang.tribunnews.com/2019/07/02/bingung-apa-beda-apotek-dan-toko-obat-berikut-ini-perbedaannya,Advertiser preference,Google-served ads obscuring content,Restricted ad serving,ca-pub-7784034061253020,5,2025-06-25,2025-06-25
palembang.tribunnews.com,Page,N/A,N/A,palembang.tribunnews.com/2017/09/28/buka-layanan-esek-esek-pengelola-jims-spa-di-ptc-ini-divonis-8-tahun-penjara,Advertiser preference,Shocking content,Restricted ad serving,ca-pub-7784034061253020,5,2025-06-24,2025-06-24
medan.tribunnews.com,Page,N/A,N/A,medan.tribunnews.com/2024/11/10/identitas-11-orang-korban-pembantaian-oknum-tni-di-kecamatan-sibiru-biru-ada-yang-tewas,Advertiser preference,Shocking content,Restricted ad serving,ca-pub-7784034061253020,5,2025-06-24,2025-06-24
medan.tribunnews.com,Page,N/A,N/A,medan.tribunnews.com/2017/04/01/penampilannya-amat-aduhai-saat-berpose-di-majalah-dewasa-kini-penampilan-5-model-ini-tak-disangka,Advertiser preference,Adult: Sexual content,Restricted ad serving,ca-pub-7784034061253020,5,2025-06-24,2025-06-24
makassar.tribunnews.com,Page,N/A,N/A,makassar.tribunnews.com/2020/01/01/rincian-harga-rokok-per-bungkus-mulai-1-januari-2020-marlboro-dji-sam-soe-gudang-garam-sampoerna,Advertiser preference,Tobacco,Restricted ad serving,ca-pub-7784034061253020,5,2025-06-25,2025-06-25
makassar.tribunnews.com,Page,N/A,N/A,makassar.tribunnews.com/2017/09/08/luna-cewek-bali-ikut-main-film-porno-jepang-lebih-hot-dari-sera-amane-buahnya-lebih-gede,Advertiser preference,Adult: Sexual content,Restricted ad serving,ca-pub-7784034061253020,5,2025-06-24,2025-06-24
makassar.tribunnews.com,Page,N/A,N/A,makassar.tribunnews.com/2016/05/05/wanita-cantik-ini-ternyata-boneka-seks-harganya-rp-130-juta,Advertiser preference,Adult: Sexual content,Restricted ad serving,ca-pub-7784034061253020,5,2025-06-25,2025-06-25
makassar.tribunnews.com,Page,N/A,N/A,makassar.tribunnews.com/2013/11/11/tempat-mangkal-waria-tak-hanya-di-tmp-panaikang,Advertiser preference,Adult: Sexual content,Restricted ad serving,ca-pub-7784034061253020,5,2025-06-23,2025-06-23
makassar.tribunnews.com,Page,N/A,N/A,makassar.tribunnews.com/2012/12/01/psk-high-class-rp-5-juta-sekali-main,Advertiser preference,Adult: Sexual content,Restricted ad serving,ca-pub-7784034061253020,5,2025-06-23,2025-06-23
m.tribunnews.com,Page,N/A,N/A,m.tribunnews.com/tag/video-mesum-pns,Policy issue,Google-served ads on screens without publisher-content,Restricted ad serving,ca-pub-7784034061253020,5,2025-06-25,2025-06-25
m.tribunnews.com,Page,N/A,N/A,m.tribunnews.com/tag/film-porno,Advertiser preference,Adult: Sexual content,Restricted ad serving,ca-pub-7784034061253020,5,2025-06-25,2025-06-25
m.tribunnews.com,Page,N/A,N/A,m.tribunnews.com/amp/seleb/2017/10/20/total-4-artis-ini-tak-sungkan-beradegan-intim-di-film-tapi-malah-ada-yang-melakukannya-beneran,Advertiser preference,Adult: Sexual content,Restricted ad serving,ca-pub-7784034061253020,5,2025-06-24,2025-06-24
m.tribunnews.com,Page,N/A,N/A,m.tribunnews.com/amp/regional/2019/10/03/pria-ini-ajak-bersetubuh-adik-ipar-beraksi-saat-istri-sudah-tidur-hingga-ditemukan-alat-kontrasepsi,Advertiser preference,Adult: Sexual content,Restricted ad serving,ca-pub-7784034061253020,5,2025-06-23,2025-06-23
lampung.tribunnews.com,Page,N/A,N/A,lampung.tribunnews.com/2018/10/03/anak-sma-marak-gunakan-jasa-psk-temuan-pkbi-lampung-mencengangkan,Advertiser preference,Adult: Sexual content,Restricted ad serving,ca-pub-7784034061253020,5,2025-06-25,2025-06-25
lampung.tribunnews.com,Page,N/A,N/A,lampung.tribunnews.com/2017/04/11/ini-jenis-tisu-yang-paling-aman-untuk-mengeringkan-area-genital,Policy issue,Ads Disguised as Content,Restricted ad serving,ca-pub-7784034061253020,5,2025-06-24,2025-06-24
lampung.tribunnews.com,Page,N/A,N/A,lampung.tribunnews.com/2016/10/04/video-model-cantik-ini-umbar-operasi-payudaranya-via-video-live,Advertiser preference,Adult: Sexual content,Restricted ad serving,ca-pub-7784034061253020,5,2025-06-23,2025-06-23
lampung.tribunnews.com,Page,N/A,N/A,lampung.tribunnews.com/2016/07/21/video-pria-ini-rekam-celana-dalam-wanita-diam-diam-saat-di-supermarket,Advertiser preference,Shocking content,Restricted ad serving,ca-pub-7784034061253020,5,2025-06-25,2025-06-25
lampung.tribunnews.com,Page,N/A,N/A,lampung.tribunnews.com/2016/06/28/pria-beristri-ini-tinggalkan-keluarganya-demi-hidup-bersama-boneka-seks,Advertiser preference,Adult: Sexual content,Restricted ad serving,ca-pub-7784034061253020,5,2025-06-23,2025-06-23
lampung.tribunnews.com,Page,N/A,N/A,lampung.tribunnews.com/2016/01/01/ibu-muda-pamer-menyusui-anaknya-berusia-tiga-tahun,Advertiser preference,Shocking content,Restricted ad serving,ca-pub-7784034061253020,5,2025-06-23,2025-06-23
kupang.tribunnews.com,Page,N/A,N/A,kupang.tribunnews.com/2019/07/27/bikin-jadwal-makan-makanan-ini-mr-p-bisa-tahan-lama-dan-istri-makin-cinta-kamu-guys,Advertiser preference,Adult: Sexual content,Restricted ad serving,ca-pub-7784034061253020,5,2025-06-23,2025-06-23
kupang.tribunnews.com,Page,N/A,N/A,kupang.tribunnews.com/2018/02/01/warga-gerebek-pasangan-mesum-di-samping-anak-balita-yang-tidur-videonya-viral,Advertiser preference,Google-served ads obscuring content,Restricted ad serving,ca-pub-7784034061253020,5,2025-06-24,2025-06-24
jogja.tribunnews.com,Page,N/A,N/A,jogja.tribunnews.com/2017/11/03/merasa-ada-yang-merayap-di-celana-dalam-presenter-tiba-tiba-singkap-roknya-saat-siaran,Advertiser preference,Adult: Sexual content,Restricted ad serving,ca-pub-7784034061253020,5,2025-06-25,2025-06-25
jogja.tribunnews.com,Page,N/A,N/A,jogja.tribunnews.com/2017/02/21/pria-kesepian-ini-beli-7-boneka-seks-tapi-bukan-untuk-urusan-seksual,Advertiser preference,Adult: Sexual content,Restricted ad serving,ca-pub-7784034061253020,5,2025-06-23,2025-06-23
jogja.tribunnews.com,Page,N/A,N/A,jogja.tribunnews.com/2016/12/27/ini-alasan-kenapa-kebanyakan-orang-suka-lakukan-seks-kasar,Advertiser preference,Adult: Sexual content,Restricted ad serving,ca-pub-7784034061253020,5,2025-06-24,2025-06-24
jatim.tribunnews.com,Page,N/A,N/A,jatim.tribunnews.com/2017/05/25/perusahaan-industri-film-panas-jepang-akan-buka-audisi-di-malaysia-bakat-yang-dicari-mengejutkan,Policy issue,Ads Disguised as Content,Restricted ad serving,ca-pub-7784034061253020,5,2025-06-24,2025-06-24
jateng.tribunnews.com,Page,N/A,N/A,jateng.tribunnews.com/2018/11/23/mojang-karawang-heboh-video-wik-wik-wik-ahh-siswi-sma-karawang-berakhir-petaka-ini-faktanya,Advertiser preference,Adult: Sexual content,Restricted ad serving,ca-pub-7784034061253020,5,2025-06-20,2025-06-25
jateng.tribunnews.com,Page,N/A,N/A,jateng.tribunnews.com/2018/02/13/hem-takut-dosa-daripada-selingkuh-ibu-2-anak-ini-pilih-pakai-sex-toys-apakah-itu-tak-dosa,Advertiser preference,Adult: Sexual content,Restricted ad serving,ca-pub-7784034061253020,5,2025-06-23,2025-06-23
jateng.tribunnews.com,Page,N/A,N/A,jateng.tribunnews.com/2016/10/28/panti-pijat-plus-ini-tarifnya-rp-200-ribu-saat-digerebek-polisi-tamu-dan-terapis-telanjang-bulat,Advertiser preference,Adult: Sexual content,Restricted ad serving,ca-pub-7784034061253020,5,2025-06-23,2025-06-23
jateng.tribunnews.com,Page,N/A,N/A,jateng.tribunnews.com/2016/05/04/gila-lebih-dari-32000-orang-mengantre-untuk-dinner-telanjang,Advertiser preference,Adult: Sexual content,Restricted ad serving,ca-pub-7784034061253020,5,2025-06-25,2025-06-25
jambi.tribunnews.com,Page,N/A,N/A,jambi.tribunnews.com/2019/04/25/heboh-video-telanjang-6-artis-pria-dan-dua-atlet-ganteng-pria-ini-malah-minta-maaf-ini-faktanya,Advertiser preference,Adult: Sexual content,Restricted ad serving,ca-pub-7784034061253020,5,2025-06-23,2025-06-25
jambi.tribunnews.com,Page,N/A,N/A,jambi.tribunnews.com/2018/07/01/mengenal-g-spot-titik-titik-yang-bisabikin-istri-anda-melayang,Advertiser preference,Adult: Sexual content;Shocking content,Restricted ad serving,ca-pub-7784034061253020,5,2025-06-24,2025-06-24
jakarta.tribunnews.com,Page,N/A,N/A,jakarta.tribunnews.com/2022/03/28/direstui-suami-istri-kerap-open-bo-dengan-pria-lain-sementara-2-anaknya-menunggu-di-kamar-sebelah,Policy issue,Ads Disguised as Content,Restricted ad serving,ca-pub-7784034061253020,5,2025-06-24,2025-06-24
cirebon.tribunnews.com,Page,N/A,N/A,cirebon.tribunnews.com/2020/01/02/harga-rokok-sudah-mahal-dulu-satu-bungkus-rp-20000-kini-minimal-keluarkan-duit-rp-50000,Advertiser preference,Tobacco,Restricted ad serving,ca-pub-7784034061253020,5,2025-06-23,2025-06-23
cirebon.tribunnews.com,Page,N/A,N/A,cirebon.tribunnews.com/2019/10/30/vanessa-angel-masih-nyari-alamat-kakek-sugiono-di-jepang-mau-bikin-film-bareng,Advertiser preference,Shocking content,Restricted ad serving,ca-pub-7784034061253020,5,2025-06-25,2025-06-25
blog.tribunjualbeli.com,Page,N/A,N/A,blog.tribunjualbeli.com/5698/gak-perlu-beli-dengan-harga-mahal-aplikasi-ini-tawarkan-sewa-boneka-seks-wonder-woman-dengan-banderol-segini-tertarik,Advertiser preference,Adult: Sexual content,Restricted ad serving,ca-pub-7784034061253020,5,2025-06-25,2025-06-25
belitung.tribunnews.com,Page,N/A,N/A,belitung.tribunnews.com/2022/01/28/gadis-abg-bandung-dijual-rp300-ribu-kenakan-busana-seksi-dipaksa-layani-pria-pelaku-dibekuk-polisi,Policy issue,Ads Disguised as Content,Restricted ad serving,ca-pub-7784034061253020,5,2025-06-25,2025-06-25
belitung.tribunnews.com,Page,N/A,N/A,belitung.tribunnews.com/2017/08/25/alamak-gebby-vesta-punya-video-ranjang-bukti-pernah-ml-dengan-aktor-india,Advertiser preference,Google-served ads obscuring content,Restricted ad serving,ca-pub-7784034061253020,5,2025-06-25,2025-06-25
batam.tribunnews.com,Page,N/A,N/A,batam.tribunnews.com/2018/05/10/jangan-salah-ya-tak-semua-emoji-hati-di-whatsapp-miliki-makna-yang-sama-ini-penjelasannya,Advertiser preference,Shocking content,Restricted ad serving,ca-pub-7784034061253020,5,2025-06-25,2025-06-25
batam.tribunnews.com,Page,N/A,N/A,batam.tribunnews.com/2018/01/27/terungkap-ini-rahasia-aktor-film-panas-agar-tahan-sepanjang-film,Advertiser preference,Adult: Sexual content,Restricted ad serving,ca-pub-7784034061253020,5,2025-06-25,2025-06-25
banyumas.tribunnews.com,Page,N/A,N/A,banyumas.tribunnews.com/2020/03/12/prostitusi-online-kaum-gay-di-semarang-dibongkar-gunakan-twitter-tawarkan-jasa-pijat-jadi-modus,Advertiser preference,Shocking content,Restricted ad serving,ca-pub-7784034061253020,5,2025-06-25,2025-06-25
banjarmasin.tribunnews.com,Page,N/A,N/A,banjarmasin.tribunnews.com/2015/04/15/di-kalangan-psk-online-kawasan-tebet-disebut-vagina-street,Advertiser preference,Adult: Sexual content,Restricted ad serving,ca-pub-7784034061253020,5,2025-06-23,2025-06-23
bangka.tribunnews.com,Page,N/A,N/A,bangka.tribunnews.com/tag/mandi-wajib,Policy issue,Google-served ads on screens without publisher-content,Restricted ad serving,ca-pub-7784034061253020,5,2025-06-23,2025-06-23
bangka.tribunnews.com,Page,N/A,N/A,bangka.tribunnews.com/tag/berhubungan-seks,Advertiser preference,Adult: Sexual content,Restricted ad serving,ca-pub-7784034061253020,5,2025-06-23,2025-06-23
bangka.tribunnews.com,Page,N/A,N/A,bangka.tribunnews.com/amp/2017/11/24/dari-bentuk-bibir-wanita-ternyata-bisa-ungkap-tingkat-agresivitas-seksualnya,Advertiser preference,Adult: Sexual content,Restricted ad serving,ca-pub-7784034061253020,5,2025-06-24,2025-06-24
bangka.tribunnews.com,Page,N/A,N/A,bangka.tribunnews.com/2022/02/05/nyaris-tanpa-busana-malam-pertama-pengantin-pria-ini-berakhir-di-rumah-sakit-polisi-turun-tangan,Policy issue,Modified ad code: Resizing Ad Frames,Restricted ad serving,ca-pub-7784034061253020,5,2025-06-24,2025-06-24
bangka.tribunnews.com,Page,N/A,N/A,bangka.tribunnews.com/2021/08/04/nikahi-janda-montok-nan-seksi-bujang-lapuk-ini-sampai-tak-sanggup-berdiri-terungkap-fakta-ini,Policy issue,Ads Disguised as Content,Restricted ad serving,ca-pub-7784034061253020,5,2025-06-22,2025-06-25
bangka.tribunnews.com,Page,N/A,N/A,bangka.tribunnews.com/2020/11/12/video-syur-mirip-gisel-versi-1-menit-36-detik-lebih-jelas-begini-penjelasan-pakar-telematika,Advertiser preference,Google-served ads obscuring content,Restricted ad serving,ca-pub-7784034061253020,5,2025-06-24,2025-06-24
bangka.tribunnews.com,Page,N/A,N/A,bangka.tribunnews.com/2018/03/14/panti-pijat-plus-plus-yang-digerebek-polisi-temukan-bekas-kondom,Advertiser preference,Adult: Sexual content,Restricted ad serving,ca-pub-7784034061253020,5,2025-06-23,2025-06-23
bangka.tribunnews.com,Page,N/A,N/A,bangka.tribunnews.com/2017/08/18/cerita-bu-guru-cantik-dihamili-murid-yang-masih-abg-begini-hubungan-terlarang-itu-terungkap,Advertiser preference,Adult: Sexual content,Restricted ad serving,ca-pub-7784034061253020,5,2025-06-25,2025-06-25
bangka.tribunnews.com,Page,N/A,N/A,bangka.tribunnews.com/2016/11/14/7-fakta-tentang-libido-wanita-ternyata-semakin-membara-diusia-ini,Advertiser preference,Adult: Sexual content,Restricted ad serving,ca-pub-7784034061253020,5,2025-06-24,2025-06-24
bangka.tribunnews.com,Page,N/A,N/A,bangka.tribunnews.com/2016/02/20/contohlah-variasi-bercinta-di-film-porno-tapi-5-gaya-ini-jangan-ditiru,Advertiser preference,Adult: Sexual content,Restricted ad serving,ca-pub-7784034061253020,5,2025-06-25,2025-06-25
bali.tribunnews.com,Page,N/A,N/A,bali.tribunnews.com/2016/05/05/video-wanita-cantik-dimutilasi-dengan-sadis-jadi-viral-video-ini-telah-dibagikan-198-ribu-kali,Advertiser preference;Policy issue,Ads Disguised as Content;Shocking content,Restricted ad serving,ca-pub-7784034061253020,5,2025-06-23,2025-06-23
aceh.tribunnews.com,Page,N/A,N/A,aceh.tribunnews.com/tag/gambar-bule-telanjang-di-google-maps,Policy issue,Google-served ads on screens without publisher-content,Restricted ad serving,ca-pub-7784034061253020,5,2025-06-23,2025-06-23
aceh.tribunnews.com,Page,N/A,N/A,aceh.tribunnews.com/tag/adegan-seks-di-film-sacred-game,Policy issue,Google-served ads on screens without publisher-content,Restricted ad serving,ca-pub-7784034061253020,5,2025-06-23,2025-06-23
www.tribunnews.com,Page,N/A,N/A,www.tribunnews.com/seleb/2017/09/16/setelah-memilih-pensiun-begini-nasib-7-bintang-film-dewasa-jepang,Policy issue,Site Behavior: Navigation,Restricted ad serving,ca-pub-7784034061253020,4,2025-06-23,2025-06-23
www.tribunnews.com,Page,N/A,N/A,www.tribunnews.com/seleb/2017/01/29/wow-inikah-obat-pembesar-dan-pengencang-payudara-nikita-mirzani,Advertiser preference,Adult: Sexual content,Restricted ad serving,ca-pub-7784034061253020,4,2025-06-23,2025-06-23
www.tribunnews.com,Page,N/A,N/A,www.tribunnews.com/seleb/2015/11/24/pedangdut-pamela-safitri-heran-cowok-ini-lama-banget-pasang-peniti-di-payudaranya,Advertiser preference,Shocking content,Restricted ad serving,ca-pub-7784034061253020,4,2025-06-23,2025-06-23
www.tribunnews.com,Page,N/A,N/A,www.tribunnews.com/seleb/2010/06/08/video-mirip-ariel-dan-cut-tari-beredar-di-youtube,Advertiser preference,Adult: Sexual content,Restricted ad serving,ca-pub-7784034061253020,4,2025-06-25,2025-06-25
www.tribunnews.com,Page,N/A,N/A,www.tribunnews.com/regional/2021/11/13/cerita-pria-yang-kerap-antar-psk-menemui-pelanggannya-di-hotel,Advertiser preference,Google-served ads obscuring content,Restricted ad serving,ca-pub-7784034061253020,4,2025-06-23,2025-06-23
www.tribunnews.com,Page,N/A,N/A,www.tribunnews.com/regional/2020/04/27/pembunuhan-psk-di-surabaya-duit-rp-800-dibayar-nyawa-ini-kata-kata-yang-bikin-junaidi-naik-pitam,Advertiser preference,Shocking content,Restricted ad serving,ca-pub-7784034061253020,4,2025-06-23,2025-06-23
www.tribunnews.com,Page,N/A,N/A,www.tribunnews.com/regional/2020/03/24/suami-paksa-istri-layani-4-pria-sekaligus-di-ranjang-awalnya-nolak-tapi-akhirnya-mau,Advertiser preference,Shocking content,Restricted ad serving,ca-pub-7784034061253020,4,2025-06-24,2025-06-24
www.tribunnews.com,Page,N/A,N/A,www.tribunnews.com/regional/2020/02/09/sejoli-kepergok-mesum-di-tenda-saat-camping-di-gunung-viral-para-pendaki-lain-paksa-tarik-selimut,Policy issue,Ads Disguised as Content,Restricted ad serving,ca-pub-7784034061253020,4,2025-06-25,2025-06-25
www.tribunnews.com,Page,N/A,N/A,www.tribunnews.com/regional/2019/01/07/kasus-penipuan-berkedok-prostitusi-online-pria-28-tahun-kehilangan-rp-33-juta,Advertiser preference,Adult: Sexual content,Restricted ad serving,ca-pub-7784034061253020,4,2025-06-25,2025-06-25
www.tribunnews.com,Page,N/A,N/A,www.tribunnews.com/regional/2018/02/12/mayoritas-emak-emak-muda-dan-remaja-putri-pembeli-alat-bantu-seks-di-bali,Advertiser preference,Adult: Sexual content,Restricted ad serving,ca-pub-7784034061253020,4,2025-06-24,2025-06-24
www.tribunnews.com,Page,N/A,N/A,www.tribunnews.com/regional/2017/09/29/enam-psk-dan-dua-pria-hidung-belang-terjaring-razia-di-kota-pekalongan,Advertiser preference,Shocking content,Restricted ad serving,ca-pub-7784034061253020,4,2025-06-24,2025-06-24
www.tribunnews.com,Page,N/A,N/A,www.tribunnews.com/regional/2016/08/24/nekat-operasi-diam-diam-5-germo-dan-8-psk-eks-lokalisasi-klubuk-jombang-diciduk,Advertiser preference,Shocking content,Restricted ad serving,ca-pub-7784034061253020,4,2025-06-25,2025-06-25
www.tribunnews.com,Page,N/A,N/A,www.tribunnews.com/regional/2015/03/23/ada-tukiman-yang-hidup-nyaman-sekamar-dengan-psk,Advertiser preference,Shocking content,Restricted ad serving,ca-pub-7784034061253020,4,2025-06-24,2025-06-24
www.tribunnews.com,Page,N/A,N/A,www.tribunnews.com/regional/2013/12/18/masih-ada-psk-mangkal-di-parangkusumo,Advertiser preference,Shocking content,Restricted ad serving,ca-pub-7784034061253020,4,2025-06-24,2025-06-24
www.tribunnews.com,Page,N/A,N/A,www.tribunnews.com/metropolitan/2019/11/27/soal-kasus-jual-beli-film-porno-pengamat-sebut-dampak-kecanduan-video-dewasa-bisa-pengaruhi-saraf,Advertiser preference,Adult: Sexual content,Restricted ad serving,ca-pub-7784034061253020,4,2025-06-25,2025-06-25
www.tribunnews.com,Page,N/A,N/A,www.tribunnews.com/metropolitan/2019/05/17/empat-waria-terjaring-razia-satpol-pp-di-apartemen-modernland-tangerang,Advertiser preference,Adult: Sexual content,Restricted ad serving,ca-pub-7784034061253020,4,2025-06-24,2025-06-24
www.tribunnews.com,Page,N/A,N/A,www.tribunnews.com/lifestyle/2016/12/22/hati-hati-onani-ternyata-bisa-sebabkan-penyakit-kelamin-lho,Advertiser preference,Adult: Sexual content,Restricted ad serving,ca-pub-7784034061253020,4,2025-06-24,2025-06-24
www.tribunnews.com,Page,N/A,N/A,www.tribunnews.com/kesehatan/2018/02/07/fakta-tentang-petting-yang-bisa-bikin-hamil-remaja-perlu-tahu,Advertiser preference,Adult: Sexual content,Restricted ad serving,ca-pub-7784034061253020,4,2025-06-25,2025-06-25
www.tribunnews.com,Page,N/A,N/A,www.tribunnews.com/kesehatan/2017/09/18/penyakit-penyakit-berbahaya-yang-mengincar-jika-sembarangan-menggunakan-sex-toys,Advertiser preference,Adult: Sexual content,Restricted ad serving,ca-pub-7784034061253020,4,2025-06-24,2025-06-24
www.tribunnews.com,Page,N/A,N/A,www.tribunnews.com/kesehatan/2016/02/07/tiga-posisi-bercinta-yang-bikin-suami-merem-melek-bahagia-dan-kian-mesra,Advertiser preference,Adult: Sexual content,Restricted ad serving,ca-pub-7784034061253020,4,2025-06-24,2025-06-24
www.tribunnews.com,Page,N/A,N/A,www.tribunnews.com/kesehatan/2015/12/18/tujuh-hal-yang-bikin-suami-malas-bercinta-saat-istri-hamil,Advertiser preference,Adult: Sexual content,Restricted ad serving,ca-pub-7784034061253020,4,2025-06-25,2025-06-25
www.tribunnews.com,Page,N/A,N/A,www.tribunnews.com/kesehatan/2011/07/06/bercinta-dengan-brondong-jadi-awet-muda-ah-itu-mitos,Advertiser preference,Adult: Sexual content,Restricted ad serving,ca-pub-7784034061253020,4,2025-06-23,2025-06-23
www.tribunnews.com,Page,N/A,N/A,www.tribunnews.com/internasional/2016/06/28/pria-tinggalkan-istri-dan-dua-anaknya-demi-hidup-bersama-boneka,Advertiser preference,Adult: Sexual content,Restricted ad serving,ca-pub-7784034061253020,4,2025-06-24,2025-06-24
wow.tribunnews.com,Page,N/A,N/A,wow.tribunnews.com/2018/03/17/video-mesum-pns-di-lampung-tersebar-gara-gara-laptop-dipinjam-oleh-teman,Advertiser preference,Adult: Sexual content,Restricted ad serving,ca-pub-7784034061253020,4,2025-06-23,2025-06-23
wow.tribunnews.com,Page,N/A,N/A,wow.tribunnews.com/2017/12/04/istri-harus-paham-ini-5-tanda-suami-tidak-puas-dengan-anda-secara-seksual,Advertiser preference,Adult: Sexual content,Restricted ad serving,ca-pub-7784034061253020,4,2025-06-23,2025-06-23
wow.tribunnews.com,Page,N/A,N/A,wow.tribunnews.com/2017/09/29/10-tanda-pria-dan-wanita-yang-miliki-libido-tinggi-kamu-termasuk-nggak,Advertiser preference;Policy issue,Adult: Sexual content;Site Behavior: Navigation,Restricted ad serving,ca-pub-7784034061253020,4,2025-06-24,2025-06-24
wow.tribunnews.com,Page,N/A,N/A,wow.tribunnews.com/2017/08/03/viral-foto-cewek-berjilbab-pamer-bra-dan-payudara-di-jembatan-suramadu,Advertiser preference,Adult: Sexual content,Restricted ad serving,ca-pub-7784034061253020,4,2025-06-23,2025-06-23
wartakota.tribunnews.com,Page,N/A,N/A,wartakota.tribunnews.com/amp/2017/10/21/belut-itu-masuk-ke-rahim-wanita-cantik-yang-bermasturbasi-dengan-hewan-ini,Advertiser preference,Adult: Sexual content;Shocking content,Restricted ad serving,ca-pub-7784034061253020,4,2025-06-23,2025-06-23
wartakota.tribunnews.com,Page,N/A,N/A,wartakota.tribunnews.com/2020/03/30/lima-fakta-maria-vania-presenter-dan-model-seksi-yang-sering-dijuluki-pemersatu-bangsa,Policy issue,Ads Disguised as Content,Restricted ad serving,ca-pub-7784034061253020,4,2025-06-23,2025-06-23
wartakota.tribunnews.com,Page,N/A,N/A,wartakota.tribunnews.com/2017/10/10/ada-kolam-renang-besar-untuk-pesta-seks-di-t1-spa,Advertiser preference,Adult: Sexual content,Restricted ad serving,ca-pub-7784034061253020,4,2025-06-23,2025-06-23
wartakota.tribunnews.com,Page,N/A,N/A,wartakota.tribunnews.com/2017/08/30/wow-video-goyang-pamela-duo-serigala-dan-teman-wanita-tunjukkan-dada-dikecam-netizen,Advertiser preference,Adult: Sexual content,Restricted ad serving,ca-pub-7784034061253020,4,2025-06-23,2025-06-23
wartakota.tribunnews.com,Page,N/A,N/A,wartakota.tribunnews.com/2016/02/12/stok-kondom-habis-jelang-perayaan-valentine-wali-kota-ini-geram,Advertiser preference,Adult: Sexual content,Restricted ad serving,ca-pub-7784034061253020,4,2025-06-23,2025-06-23
wartakota.tribunnews.com,Page,N/A,N/A,wartakota.tribunnews.com/2015/01/25/menguak-kehidupan-seks-wanita-suses-dalam-karir,Advertiser preference,Adult: Sexual content,Restricted ad serving,ca-pub-7784034061253020,4,2025-06-24,2025-06-24
wartakota.tribunnews.com,Page,N/A,N/A,wartakota.tribunnews.com/2014/12/29/phone-sex-bermanfaat-untuk-hubungan-jarak-jauh,Advertiser preference,Adult: Sexual content,Restricted ad serving,ca-pub-7784034061253020,4,2025-06-24,2025-06-24
wartakota.tribunnews.com,Page,N/A,N/A,wartakota.tribunnews.com/2014/12/16/sensasi-bercinta-wanita-bersepatu-high-heels-dan-lingerie,Advertiser preference,Adult: Sexual content,Restricted ad serving,ca-pub-7784034061253020,4,2025-06-23,2025-06-23
wartakota.tribunnews.com,Page,N/A,N/A,wartakota.tribunnews.com/2014/05/22/rahasia-bentuk-pinggul-tunjukkan-kehidupan-seks-anda,Advertiser preference,Adult: Sexual content,Restricted ad serving,ca-pub-7784034061253020,4,2025-06-25,2025-06-25
wartakota.tribunnews.com,Page,N/A,N/A,wartakota.tribunnews.com/2013/02/28/kiat-jitu-memanjakan-mr-p,Advertiser preference,Adult: Sexual content,Restricted ad serving,ca-pub-7784034061253020,4,2025-06-24,2025-06-24
travel.tribunnews.com,Page,N/A,N/A,travel.tribunnews.com/2016/08/26/candi-kamasutra-india-1000-tahun-lalu-adegan-18-ini-sudah-ada-benar-gak-ya,Advertiser preference,Adult: Sexual content,Restricted ad serving,ca-pub-7784034061253020,4,2025-06-24,2025-06-24
suryamalang.tribunnews.com,Page,N/A,N/A,suryamalang.tribunnews.com/2017/10/12/video-penari-telanjang-inul-vizta-kediri-tampil-beda-saat-jalani-persidangan-yuk-dicek-busananya,Advertiser preference,Shocking content,Restricted ad serving,ca-pub-7784034061253020,4,2025-06-23,2025-06-23
suryamalang.tribunnews.com,Page,N/A,N/A,suryamalang.tribunnews.com/2017/04/27/payudara-wanita-ini-punya-kekuatan-aksinya-bikin-pria-melongo,Advertiser preference,Adult: Sexual content,Restricted ad serving,ca-pub-7784034061253020,4,2025-06-25,2025-06-25
suryamalang.tribunnews.com,Page,N/A,N/A,suryamalang.tribunnews.com/2016/12/06/mengejutkan-ternyata-begini-wajah-artis-film-porno-bila-tak-pakai-riasan,Advertiser preference,Adult: Sexual content,Restricted ad serving,ca-pub-7784034061253020,4,2025-06-23,2025-06-23
surabaya.tribunnews.com,Page,N/A,N/A,surabaya.tribunnews.com/amp/2019/09/30/cerita-sebenarnya-istri-kesepian-nekat-berhubungan-badan-bertiga-dengan-2-abg-anak-kandungnya,Advertiser preference,Adult: Sexual content,Restricted ad serving,ca-pub-7784034061253020,4,2025-06-23,2025-06-23
surabaya.tribunnews.com,Page,N/A,N/A,surabaya.tribunnews.com/2019/09/24/fakta-terbaru-video-vina-garut-tak-lagi-dijual-di-twitter-kuatkan-dugaan-sosok-ini-pengedarnya,Advertiser preference,Shocking content,Restricted ad serving,ca-pub-7784034061253020,4,2025-06-23,2025-06-23
surabaya.tribunnews.com,Page,N/A,N/A,surabaya.tribunnews.com/2019/08/02/tak-cuma-tawarkan-perawatan-tubuh-spa-dglamour-kediri-sediakan-layanan-kencan-bertiga,Advertiser preference,Adult: Sexual content,Restricted ad serving,ca-pub-7784034061253020,4,2025-06-25,2025-06-25
surabaya.tribunnews.com,Page,N/A,N/A,surabaya.tribunnews.com/2010/04/23/video-mesum-berseragam-sma-gegerkan-bandung,Advertiser preference,Shocking content,Restricted ad serving,ca-pub-7784034061253020,4,2025-06-22,2025-06-25
sumsel.tribunnews.com,Page,N/A,N/A,sumsel.tribunnews.com/2021/02/03/breaking-news-bunuh-diri-di-ogan-ilir-ibu-histeris-peluk-jasad-anaknya-yang-tergantung,Advertiser preference,Shocking content,Restricted ad serving,ca-pub-7784034061253020,4,2025-06-24,2025-06-24
sumsel.tribunnews.com,Page,N/A,N/A,sumsel.tribunnews.com/2020/02/26/heboh-video-mesum-gadis-lamongan-beredar-luas-via-facebook-dan-whatsapp-terkuak-motif-pengunggahnya,Advertiser preference,Shocking content,Restricted ad serving,ca-pub-7784034061253020,4,2025-06-24,2025-06-24
sumsel.tribunnews.com,Page,N/A,N/A,sumsel.tribunnews.com/2017/04/14/82-tahun-tapi-tetap-aktif-melawan-anak-muda-di-ranjang-ini-rupanya-rahasia-kakek-sugiono,Advertiser preference,Shocking content,Restricted ad serving,ca-pub-7784034061253020,4,2025-06-25,2025-06-25
sumsel.tribunnews.com,Page,N/A,N/A,sumsel.tribunnews.com/2016/01/19/pura-pura-tidur-tangan-pria-ini-malah-raba-paha-wanita,Policy issue,Site Behavior: Navigation,Restricted ad serving,ca-pub-7784034061253020,4,2025-06-23,2025-06-23
style.tribunnews.com,Page,N/A,N/A,style.tribunnews.com/2018/01/03/sora-aoi-menikah-ini-pria-yang-berhasil-dapatkan-hati-mantan-bintang-panas-jepang,Advertiser preference;Policy issue,Shocking content;Site Behavior: Navigation,Restricted ad serving,ca-pub-7784034061253020,4,2025-06-24,2025-06-24
style.tribunnews.com,Page,N/A,N/A,style.tribunnews.com/2017/05/28/gara-gara-berpakaian-terlalu-seksi-suster-ini-terpaksa-mengundurkan-diri,Policy issue,Site Behavior: Navigation,Restricted ad serving,ca-pub-7784034061253020,4,2025-06-23,2025-06-23
style.tribunnews.com,Page,N/A,N/A,style.tribunnews.com/2017/05/03/bikin-ngakak-ini-7-percakapan-kocak-dengan-simsimi-yang-bisa-buat-kamu-guling-guling,Policy issue,Site Behavior: Navigation,Restricted ad serving,ca-pub-7784034061253020,4,2025-06-25,2025-06-25
style.tribunnews.com,Page,N/A,N/A,style.tribunnews.com/2017/04/15/terungkap-ini-rahasia-kakek-sugiono-artis-film-panas-tertua-jepang-bisa-tetap-fit-di-usia-lanjut,Policy issue,Site Behavior: Navigation,Restricted ad serving,ca-pub-7784034061253020,4,2025-06-25,2025-06-25
style.tribunnews.com,Page,N/A,N/A,style.tribunnews.com/2017/03/15/ulala-dikabarkan-lakukan-operasi-payudara-gisel-semakin-percaya-diri-pamerkan-bagian-dada,Policy issue,Site Behavior: Navigation,Restricted ad serving,ca-pub-7784034061253020,4,2025-06-25,2025-06-25
pontianak.tribunnews.com,Page,N/A,N/A,pontianak.tribunnews.com/2019/01/14/seorang-wanita-bakar-suami-pemicunya-sepele,Advertiser preference,Shocking content,Restricted ad serving,ca-pub-7784034061253020,4,2025-06-25,2025-06-25
pontianak.tribunnews.com,Page,N/A,N/A,pontianak.tribunnews.com/2018/01/19/lagi-viral-pns-asal-aceh-ini-cantiknya-bikin-jantung-berdegub-kencang,Policy issue,Site Behavior: Navigation,Restricted ad serving,ca-pub-7784034061253020,4,2025-06-24,2025-06-24
pontianak.tribunnews.com,Page,N/A,N/A,pontianak.tribunnews.com/2018/01/16/tak-pasang-tarif-gigolo-ini-ceritakan-bagaimana-cara-memuaskan-pelanggan-wanitanya-di-ranjang,Advertiser preference,Adult: Sexual content,Restricted ad serving,ca-pub-7784034061253020,4,2025-06-25,2025-06-25
pontianak.tribunnews.com,Page,N/A,N/A,pontianak.tribunnews.com/2017/09/16/bintang-porno-jepang-ini-hanya-punya-tinggi-1-meter-ia-punya-pesan-mengharukan,Advertiser preference,Adult: Sexual content,Restricted ad serving,ca-pub-7784034061253020,4,2025-06-25,2025-06-25
pontianak.tribunnews.com,Page,N/A,N/A,pontianak.tribunnews.com/2014/01/07/agar-mr-p-bebas-gerah-coba-perawatan-bro-zillian,Advertiser preference,Adult: Sexual content,Restricted ad serving,ca-pub-7784034061253020,4,2025-06-24,2025-06-24
pekanbaru.tribunnews.com,Page,N/A,N/A,pekanbaru.tribunnews.com/tag/selebgram-cantik?page=2,Policy issue,Google-served ads on screens without publisher-content,Restricted ad serving,ca-pub-7784034061253020,4,2025-06-25,2025-06-25
pekanbaru.tribunnews.com,Page,N/A,N/A,pekanbaru.tribunnews.com/2022/06/05/sewa-kamar-sehari-100-ribu-brondong-nekat-bawa-stw-ke-dalamnya-kaget-digerebek-suami-orang,Policy issue,Ads Disguised as Content,Restricted ad serving,ca-pub-7784034061253020,4,2025-06-20,2025-06-23
pekanbaru.tribunnews.com,Page,N/A,N/A,pekanbaru.tribunnews.com/2022/01/15/apa-itu-bj-alex-sinopsis-bj-alex,Policy issue,Ads Disguised as Content,Restricted ad serving,ca-pub-7784034061253020,4,2025-06-23,2025-06-23
pekanbaru.tribunnews.com,Page,N/A,N/A,pekanbaru.tribunnews.com/2021/03/16/nonton-film-turn-on-series-film-turn-on-episode-1-2-3-4-5-6-7-8-film-turn-on-full-lengkap,Advertiser preference,Shocking content,Restricted ad serving,ca-pub-7784034061253020,4,2025-06-25,2025-06-25
pekanbaru.tribunnews.com,Page,N/A,N/A,pekanbaru.tribunnews.com/2018/01/09/astaga-ternyata-pemain-wanita-di-video-mesum-bocah-itu-pernah-syuting-video-porno-dua-kali,Advertiser preference,Adult: Sexual content,Restricted ad serving,ca-pub-7784034061253020,4,2025-06-25,2025-06-25
pekanbaru.tribunnews.com,Page,N/A,N/A,pekanbaru.tribunnews.com/2018/01/08/viral-video-mesum-perempuan-dewasa-dan-bocah-di-bandung-7-orang-jadi-tersangka,Advertiser preference,Adult: Sexual content,Restricted ad serving,ca-pub-7784034061253020,4,2025-06-25,2025-06-25
pekanbaru.tribunnews.com,Page,N/A,N/A,pekanbaru.tribunnews.com/2017/09/07/artis-porno-dari-bali-indonesia-muncul-pula-di-jepang,Advertiser preference,Adult: Sexual content,Restricted ad serving,ca-pub-7784034061253020,4,2025-06-24,2025-06-24
pekanbaru.tribunnews.com,Page,N/A,N/A,pekanbaru.tribunnews.com/2015/01/17/pria-ini-curi-pakaian-dalam-istri-dewan-untuk-bahan-khayalan-saat-onani,Advertiser preference,Adult: Sexual content,Restricted ad serving,ca-pub-7784034061253020,4,2025-06-25,2025-06-25
palembang.tribunnews.com,Page,N/A,N/A,palembang.tribunnews.com/2021/06/17/mitos-vs-fakta-mengangkat-kaki-ke-tembok-setelah-berhubungan-intim-akan-cepat-hamil-ini-jawabannya,Advertiser preference,Google-served ads obscuring content,Restricted ad serving,ca-pub-7784034061253020,4,2025-06-24,2025-06-24
palembang.tribunnews.com,Page,N/A,N/A,palembang.tribunnews.com/2020/01/27/viral-video-seorang-perempuan-bugil-tanpa-busana-berjalan-santai-malam-hari-di-km-10-palembang,Advertiser preference,Adult: Sexual content,Restricted ad serving,ca-pub-7784034061253020,4,2025-06-24,2025-06-24
palembang.tribunnews.com,Page,N/A,N/A,palembang.tribunnews.com/2017/10/04/asyik-goyang-gadis-cantik-ini-menjerit-darah-kental-merembes-dari-bagian-bawahannya,Advertiser preference,Shocking content,Restricted ad serving,ca-pub-7784034061253020,4,2025-06-23,2025-06-23
palembang.tribunnews.com,Page,N/A,N/A,palembang.tribunnews.com/2017/08/24/ini-3-bintang-porno-yang-pernah-kunjungani-indonesia-begini-nasibnya-nomor-2-kerap-nangis,Advertiser preference,Shocking content,Restricted ad serving,ca-pub-7784034061253020,4,2025-06-25,2025-06-25
palembang.tribunnews.com,Page,N/A,N/A,palembang.tribunnews.com/2017/06/17/manfaatkan-trik-sulap-pria-ini-bebas-pegang-payudara-wanita-rupanya-begini-caranya,Advertiser preference,Adult: Sexual content,Restricted ad serving,ca-pub-7784034061253020,4,2025-06-25,2025-06-25
palembang.tribunnews.com,Page,N/A,N/A,palembang.tribunnews.com/2016/10/23/tukang-pijat-masukkan-jarinya-ke-alat-vital-pasien-alasannya-mengejutkan,Advertiser preference,Adult: Sexual content,Restricted ad serving,ca-pub-7784034061253020,4,2025-06-24,2025-06-24
palembang.tribunnews.com,Page,N/A,N/A,palembang.tribunnews.com/2015/05/26/tiru-film-porno-gadis-sampang-ini-rela-disetubuhi-3-pemuda,Advertiser preference,Adult: Sexual content,Restricted ad serving,ca-pub-7784034061253020,4,2025-06-23,2025-06-23
medan.tribunnews.com,Page,N/A,N/A,medan.tribunnews.com/2021/12/29/artis-cantik-ini-banting-setir-jadi-bintang-film-dewasa-hingga-buka-bukaan-soal-honor-per-film,Policy issue,Ads Disguised as Content,Restricted ad serving,ca-pub-7784034061253020,4,2025-06-24,2025-06-24
medan.tribunnews.com,Page,N/A,N/A,medan.tribunnews.com/2021/04/06/2-tahun-ditinggal-suami-istri-kesepian-nafsunya-meledak-4-pria-tersenyum-puas-dilayani-tiap-malam,Policy issue,Ads Disguised as Content,Restricted ad serving,ca-pub-7784034061253020,4,2025-06-23,2025-06-23
medan.tribunnews.com,Page,N/A,N/A,medan.tribunnews.com/2020/02/13/inilah-7-titik-sensitif-wanita-yang-perlu-anda-sentuh-untuk-membangkitkan-gairah-seksual-mereka,Advertiser preference,Adult: Sexual content,Restricted ad serving,ca-pub-7784034061253020,4,2025-06-24,2025-06-24
medan.tribunnews.com,Page,N/A,N/A,medan.tribunnews.com/2019/04/09/wanita-tewas-muntah-darah-setelah-tak-sengaja-telan-tusuk-gigi-saat-makan-salami,Advertiser preference,Shocking content,Restricted ad serving,ca-pub-7784034061253020,4,2025-06-24,2025-06-24
medan.tribunnews.com,Page,N/A,N/A,medan.tribunnews.com/2019/02/06/akhirnya-terungkap-pemeran-video-mesum-yang-viral-berdinas-sman-1-polisi-sebut-di-bawah-umur,Policy issue,Ads Disguised as Content,Restricted ad serving,ca-pub-7784034061253020,4,2025-06-25,2025-06-25
medan.tribunnews.com,Page,N/A,N/A,medan.tribunnews.com/2018/08/08/sejoli-perawat-mesum-di-kamar-mandi-rumah-sakit-bikin-heboh-usai-tepergok-dipecat,Advertiser preference,Adult: Sexual content,Restricted ad serving,ca-pub-7784034061253020,4,2025-06-25,2025-06-25
medan.tribunnews.com,Page,N/A,N/A,medan.tribunnews.com/2017/10/06/heboh-mentimun-tertancap-di-miss-v-perempuan-dokter-yang-menangani-pun-kaget,Policy issue,Site Behavior: Navigation,Restricted ad serving,ca-pub-7784034061253020,4,2025-06-24,2025-06-24
medan.tribunnews.com,Page,N/A,N/A,medan.tribunnews.com/2017/09/06/cewek-indonesia-ini-bintangi-video-dewasa-jepang-demi-biaya-sekolah-dan-berobat-ibu,Policy issue,Ads Disguised as Content,Restricted ad serving,ca-pub-7784034061253020,4,2025-06-24,2025-06-24
medan.tribunnews.com,Page,N/A,N/A,medan.tribunnews.com/2017/05/22/mr-p-terlalu-besar-nia-rasakan-seks-nikmat-berubah-neraka-lalu-cerai-dari-suami,Advertiser preference,Adult: Sexual content,Restricted ad serving,ca-pub-7784034061253020,4,2025-06-23,2025-06-23
medan.tribunnews.com,Page,N/A,N/A,medan.tribunnews.com/2017/04/18/terselubung-layanan-menyusui-untuk-pria-dewasa-punya-ribuan-pelanggan,Advertiser preference,Adult: Sexual content,Restricted ad serving,ca-pub-7784034061253020,4,2025-06-23,2025-06-23
medan.tribunnews.com,Page,N/A,N/A,medan.tribunnews.com/2016/10/29/yuk-lihat-foto-foto-empunya-payudara-terindah-ryoko-nakaoka,Policy issue,Site Behavior: Navigation,Restricted ad serving,ca-pub-7784034061253020,4,2025-06-23,2025-06-23
medan.tribunnews.com,Page,N/A,N/A,medan.tribunnews.com/2016/10/27/ryoko-nakaoka-dinobatkan-sebagai-pemilik-payudara-terindah,Advertiser preference,Adult: Sexual content,Restricted ad serving,ca-pub-7784034061253020,4,2025-06-23,2025-06-23
medan.tribunnews.com,Page,N/A,N/A,medan.tribunnews.com/2016/08/30/5-posisi-seks-ini-populer-di-luar-negeri,Advertiser preference,Adult: Sexual content,Restricted ad serving,ca-pub-7784034061253020,4,2025-06-25,2025-06-25
mataraman.tribunnews.com,Page,N/A,N/A,mataraman.tribunnews.com/2022/09/14/asyik-nonton-film-porno-di-kamar-mandi-ditegur-istri-suami-marah-bakar-istri-dan-anaknya,Policy issue,Ads Disguised as Content,Restricted ad serving,ca-pub-7784034061253020,4,2025-06-24,2025-06-24
manado.tribunnews.com,Page,N/A,N/A,manado.tribunnews.com/tag/ancam-sebar-video-porno-aurel-hermansyah,Policy issue,Google-served ads on screens without publisher-content,Restricted ad serving,ca-pub-7784034061253020,4,2025-06-24,2025-06-24
manado.tribunnews.com,Page,N/A,N/A,manado.tribunnews.com/2022/03/26/psk-asal-indonesia-laris-manis-di-cina-tarif-jasanya-sangat-mahal-ini-faktanya,Policy issue,Ads Disguised as Content,Restricted ad serving,ca-pub-7784034061253020,4,2025-06-23,2025-06-23
manado.tribunnews.com,Page,N/A,N/A,manado.tribunnews.com/2019/10/19/viral-video-adegan-panas-2-pejabat-pemkab-di-dalam-kamar-berpelukan-dan-terbalut-kain-putih,Advertiser preference;Policy issue,Google-served ads obscuring content;Modified Javascript: Ads by Google size,Restricted ad serving,ca-pub-7784034061253020,4,2025-06-23,2025-06-23
manado.tribunnews.com,Page,N/A,N/A,manado.tribunnews.com/2019/09/21/tanggapi-video-mesum-pns-yang-tersebar-luas-iwan-fals-tanya-ada-yang-punya-linknya-netizen-ada,Advertiser preference,Adult: Sexual content,Restricted ad serving,ca-pub-7784034061253020,4,2025-06-24,2025-06-24
manado.tribunnews.com,Page,N/A,N/A,manado.tribunnews.com/2019/07/26/vape-sempat-dianggap-lebih-sehat-dari-rokok-biasa-ternyata-ini-fakta-sebenarnya,Advertiser preference,Tobacco,Restricted ad serving,ca-pub-7784034061253020,4,2025-06-25,2025-06-25
manado.tribunnews.com,Page,N/A,N/A,manado.tribunnews.com/2013/10/02/the-austrian-international-sex-school-ajarkan-posisi-seksual,Advertiser preference,Adult: Sexual content,Restricted ad serving,ca-pub-7784034061253020,4,2025-06-25,2025-06-25
makassar.tribunnews.com,Page,N/A,N/A,makassar.tribunnews.com/amp/2019/10/01/tak-tahan-lihat-baju-mini-pria-ini-berhubungan-badan-dengan-adik-ipar-istri-tahu-gegara-kondom,Advertiser preference,Adult: Sexual content,Restricted ad serving,ca-pub-7784034061253020,4,2025-06-24,2025-06-24
makassar.tribunnews.com,Page,N/A,N/A,makassar.tribunnews.com/2022/01/25/ingat-misskay-pemeran-video-61-detik-miripnagita-dulu-bisa-dibayar-murah-kini-kabarnya-beda,Policy issue,Ads Disguised as Content,Restricted ad serving,ca-pub-7784034061253020,4,2025-06-24,2025-06-24
makassar.tribunnews.com,Page,N/A,N/A,makassar.tribunnews.com/2021/10/05/seorang-pria-pergoki-istri-berbuat-dosa-dengan-teman-sendiri-suami-tidak-marah-dengan-syarat,Advertiser preference,Google-served ads obscuring content,Restricted ad serving,ca-pub-7784034061253020,4,2025-06-24,2025-06-24
makassar.tribunnews.com,Page,N/A,N/A,makassar.tribunnews.com/2021/05/31/pengakuan-siswi-smp-bisa-layani-5-pria-sepekan-tarif-open-bo-rp-200-ribu-asal-hasrat-terpenuhi,Policy issue,Ads Disguised as Content,Restricted ad serving,ca-pub-7784034061253020,4,2025-06-24,2025-06-24
makassar.tribunnews.com,Page,N/A,N/A,makassar.tribunnews.com/2020/12/31/fakta-terbaru-gisel-mengaku-rekam-adegan-ranjang-dengan-myd-dalam-kondisi-mabuk,Advertiser preference,Google-served ads obscuring content,Restricted ad serving,ca-pub-7784034061253020,4,2025-06-24,2025-06-24
makassar.tribunnews.com,Page,N/A,N/A,makassar.tribunnews.com/2020/01/18/kisah-pesta-seks-berujung-tragis-wanita-ditemukan-tewas-usai-mengeluh-kelelahan-bercinta-2-hari,Advertiser preference,Adult: Sexual content;Shocking content,Restricted ad serving,ca-pub-7784034061253020,4,2025-06-23,2025-06-23
makassar.tribunnews.com,Page,N/A,N/A,makassar.tribunnews.com/2019/10/01/tak-tahan-lihat-baju-mini-pria-ini-berhubungan-badan-dengan-adik-ipar-istri-tahu-gegara-kondom,Advertiser preference,Adult: Sexual content,Restricted ad serving,ca-pub-7784034061253020,4,2025-06-23,2025-06-23
makassar.tribunnews.com,Page,N/A,N/A,makassar.tribunnews.com/2019/08/21/viral-mahasiswi-dibayar-rp-10-juta-sekali-berzina-kliennya-jangan-kaget-tahu-peruntukkan-uangnya,Advertiser preference,Adult: Sexual content,Restricted ad serving,ca-pub-7784034061253020,4,2025-06-25,2025-06-25
makassar.tribunnews.com,Page,N/A,N/A,makassar.tribunnews.com/2019/08/15/2-video-mesum-vina-garut-main-2-pria-durasi-1-menit-30-detik-3-lelaki-1-menit-7-detik-ada-44-video,Advertiser preference,Adult: Sexual content,Restricted ad serving,ca-pub-7784034061253020,4,2025-06-25,2025-06-25
makassar.tribunnews.com,Page,N/A,N/A,makassar.tribunnews.com/2019/04/02/viral-video-pasangan-tak-bisa-lepas-usai-berhubungan-intim-ini-penjelasan-medis-tentang-gancet,Advertiser preference,Adult: Sexual content,Restricted ad serving,ca-pub-7784034061253020,4,2025-06-23,2025-06-23
makassar.tribunnews.com,Page,N/A,N/A,makassar.tribunnews.com/2019/04/01/amelia-jual-keperawanan-rp-15-juta-jelang-unbk-sma-hari-ini-kehidupan-pribadi-saya-hancur,Advertiser preference,Google-served ads obscuring content,Restricted ad serving,ca-pub-7784034061253020,4,2025-06-24,2025-06-24
makassar.tribunnews.com,Page,N/A,N/A,makassar.tribunnews.com/2017/09/05/awas-terlalu-sering-nonton-film-porno-buat-cowok-tak-mau-lagi-bercinta-begini-hasil-studinya,Advertiser preference,Adult: Sexual content,Restricted ad serving,ca-pub-7784034061253020,4,2025-06-24,2025-06-24
makassar.tribunnews.com,Page,N/A,N/A,makassar.tribunnews.com/2017/08/10/jangan-coba-ketik-siapkan-sabun-sambil-nonton-di-youtube-hasilnya-mengejutkan-dan-dosa-besar,Advertiser preference,Adult: Sexual content,Restricted ad serving,ca-pub-7784034061253020,4,2025-06-23,2025-06-23
makassar.tribunnews.com,Page,N/A,N/A,makassar.tribunnews.com/2016/12/24/video-goyangan-hot-dj-katty-butterfly-di-panggung-zona,Advertiser preference,Adult: Sexual content,Restricted ad serving,ca-pub-7784034061253020,4,2025-06-23,2025-06-23
makassar.tribunnews.com,Page,N/A,N/A,makassar.tribunnews.com/2012/05/26/seorang-pria-jepang-potong-jual-penisnya,Advertiser preference,Shocking content,Restricted ad serving,ca-pub-7784034061253020,4,2025-06-23,2025-06-23
m.tribunnews.com,Page,N/A,N/A,m.tribunnews.com/topic/video-mesum-mirip-ariel-dan-luna-maya,Policy issue,Site Behavior: Navigation,Restricted ad serving,ca-pub-7784034061253020,4,2025-06-23,2025-06-23
m.tribunnews.com,Page,N/A,N/A,m.tribunnews.com/tag/tanpa-busana,Advertiser preference,Adult: Sexual content,Restricted ad serving,ca-pub-7784034061253020,4,2025-06-23,2025-06-23
m.tribunnews.com,Page,N/A,N/A,m.tribunnews.com/tag/orgasme,Advertiser preference,Adult: Sexual content,Restricted ad serving,ca-pub-7784034061253020,4,2025-06-23,2025-06-23
m.tribunnews.com,Page,N/A,N/A,m.tribunnews.com/amp/regional/2013/08/11/10-tetes-langsung-bereaksi,Advertiser preference,Adult: Sexual content,Restricted ad serving,ca-pub-7784034061253020,4,2025-06-24,2025-06-24
lampung.tribunnews.com,Page,N/A,N/A,lampung.tribunnews.com/tag/hubungan-seks-dengan-anjing,Advertiser preference,Adult: Sexual content,Restricted ad serving,ca-pub-7784034061253020,4,2025-06-25,2025-06-25
lampung.tribunnews.com,Page,N/A,N/A,lampung.tribunnews.com/2020/05/11/download-film-lucy-in-the-sky-sub-indo-nonton-film-natalie-portman-dan-jon-hamm,Policy issue,Copyrighted material (DMCA),Disabled ad serving,,4,2025-06-25,2025-06-25
lampung.tribunnews.com,Page,N/A,N/A,lampung.tribunnews.com/2017/12/30/beli-boneka-pemuas-nafsu-online-seharga-rp-670-ribu-setelah-dikirim-pria-ini-syok-lihat-isinya,Advertiser preference,Adult: Sexual content,Restricted ad serving,ca-pub-7784034061253020,4,2025-06-24,2025-06-24
lampung.tribunnews.com,Page,N/A,N/A,lampung.tribunnews.com/2017/11/27/pura-pura-berendam-di-air-ternyata-pasangan-kekasih-ini-sedang-begituan,Policy issue,Ads Disguised as Content,Restricted ad serving,ca-pub-7784034061253020,4,2025-06-24,2025-06-24
lampung.tribunnews.com,Page,N/A,N/A,lampung.tribunnews.com/2017/11/13/perempuan-yang-pernah-ditiduri-lebih-dari-10-ribu-laki-laki-beber-fakta-mengejutkan-tentang-pria,Advertiser preference,Adult: Sexual content,Restricted ad serving,ca-pub-7784034061253020,4,2025-06-25,2025-06-25
lampung.tribunnews.com,Page,N/A,N/A,lampung.tribunnews.com/2017/11/07/daftar-artis-indonesia-yang-blakblakan-lepas-keperawanan-yang-ini-ngaku-sudah-sejak-sekolah,Advertiser preference,Adult: Sexual content,Restricted ad serving,ca-pub-7784034061253020,4,2025-06-24,2025-06-24
lampung.tribunnews.com,Page,N/A,N/A,lampung.tribunnews.com/2017/07/22/boneka-seks-bilang-begini-jika-disentuh-pria,Advertiser preference,Adult: Sexual content,Restricted ad serving,ca-pub-7784034061253020,4,2025-06-25,2025-06-25
lampung.tribunnews.com,Page,N/A,N/A,lampung.tribunnews.com/2015/05/20/agen-foto-telanjang-tawarkan-foto-gratis-diserbu-para-wanita-biasa,Advertiser preference;Policy issue,Google-served ads obscuring content;Modified Javascript: Ads by Google size,Restricted ad serving,ca-pub-7784034061253020,4,2025-06-23,2025-06-23
lampung.tribunnews.com,Page,N/A,N/A,lampung.tribunnews.com/2014/12/12/woow-harga-rokok-elektrik-bisa-rp-15-juta,Advertiser preference,Tobacco,Restricted ad serving,ca-pub-7784034061253020,4,2025-06-24,2025-06-24
lampung.tribunnews.com,Page,N/A,N/A,lampung.tribunnews.com/2014/08/03/kenapa-wanita-tak-begitu-menikmati-morning-sex,Advertiser preference,Adult: Sexual content,Restricted ad serving,ca-pub-7784034061253020,4,2025-06-23,2025-06-23
kupang.tribunnews.com,Page,N/A,N/A,kupang.tribunnews.com/2020/05/08/inilah-10-bagian-tubuh-wanita-yang-ingin-disentuh-mulai-dari-leher-bibir-hingga-payudara,Advertiser preference,Adult: Sexual content,Restricted ad serving,ca-pub-7784034061253020,4,2025-06-24,2025-06-24
kupang.tribunnews.com,Page,N/A,N/A,kupang.tribunnews.com/2018/07/24/tak-perlu-obat-kuat-untuk-bertahan-lama-dalam-berhubungan-suami-istri-lakukan-hal-ini,Advertiser preference,Adult: Sexual content,Restricted ad serving,ca-pub-7784034061253020,4,2025-06-23,2025-06-23
kupang.tribunnews.com,Page,N/A,N/A,kupang.tribunnews.com/2018/02/19/selain-ladyboy-thailand-punya-10-wanita-tomboy-yang-jadi-pria-ganteng,Advertiser preference,Shocking content,Restricted ad serving,ca-pub-7784034061253020,4,2025-06-24,2025-06-24
kupang.tribunnews.com,Page,N/A,N/A,kupang.tribunnews.com/2017/12/19/mesin-sensor-pornografi-beroperasi-januari-2018-maka-30-juta-konten-porno-terblokir,Advertiser preference,Adult: Sexual content,Restricted ad serving,ca-pub-7784034061253020,4,2025-06-23,2025-06-23
kupang.tribunnews.com,Page,N/A,N/A,kupang.tribunnews.com/2017/10/04/video-cewek-asal-perancis-ini-nekat-jual-keperawanannya-rp-800-juta-untuk-bisa-sekolah-di-asia,Advertiser preference,Google-served ads obscuring content,Restricted ad serving,ca-pub-7784034061253020,4,2025-06-25,2025-06-25
kupang.tribunnews.com,Page,N/A,N/A,kupang.tribunnews.com/2015/08/02/habis-remas-payudara-pria-itu-sembunyi-di-toilet-masjid,Advertiser preference,Adult: Sexual content,Restricted ad serving,ca-pub-7784034061253020,4,2025-06-23,2025-06-23
kupang.tribunnews.com,Page,N/A,N/A,kupang.tribunnews.com/2015/04/23/tidur-telanjang-buat-tambah-mesra-berunjung-seks,Advertiser preference,Adult: Sexual content,Restricted ad serving,ca-pub-7784034061253020,4,2025-06-24,2025-06-24
kaltim.tribunnews.com,Page,N/A,N/A,kaltim.tribunnews.com/tag/foto-bugil,Advertiser preference,Adult: Sexual content,Restricted ad serving,ca-pub-7784034061253020,4,2025-06-24,2025-06-24
kaltim.tribunnews.com,Page,N/A,N/A,kaltim.tribunnews.com/2018/02/10/khusus-pria-simak-5-hal-ini-bisa-bikin-mr-p-kecil-lakukan-pencegahannya,Advertiser preference,Adult: Sexual content,Restricted ad serving,ca-pub-7784034061253020,4,2025-06-25,2025-06-25
kaltim.tribunnews.com,Page,N/A,N/A,kaltim.tribunnews.com/2017/09/13/pria-indonesia-ini-jadi-bintang-film-dewasa-khusus-gay-di-luar-negeri,Advertiser preference,Shocking content,Restricted ad serving,ca-pub-7784034061253020,4,2025-06-24,2025-06-24
kaltim.tribunnews.com,Page,N/A,N/A,kaltim.tribunnews.com/2016/05/16/ini-kronologis-tewasnya-wanita-dengan-cangkul-di-kemaluan,Advertiser preference,Shocking content,Restricted ad serving,ca-pub-7784034061253020,4,2025-06-24,2025-06-24
kaltim.tribunnews.com,Page,N/A,N/A,kaltim.tribunnews.com/2016/03/04/heboh-anak-sekolah-berselimut-selfie-bersama-pacar-netizen-geram-masih-bau-kencur-tapi-mesum,Advertiser preference,Adult: Sexual content,Restricted ad serving,ca-pub-7784034061253020,4,2025-06-25,2025-06-25
jogja.tribunnews.com,Page,N/A,N/A,jogja.tribunnews.com/tag/seks,Advertiser preference,Adult: Sexual content,Restricted ad serving,ca-pub-7784034061253020,4,2025-06-24,2025-06-24
jogja.tribunnews.com,Page,N/A,N/A,jogja.tribunnews.com/2020/12/01/bisa-dicoba-7-cara-jitu-ini-bikin-wanita-gampang-orgasme-saat-bercinta,Advertiser preference,Adult: Sexual content,Restricted ad serving,ca-pub-7784034061253020,4,2025-06-23,2025-06-23
jogja.tribunnews.com,Page,N/A,N/A,jogja.tribunnews.com/2018/02/06/seks-itu-bermanfaat-untuk-semua-bagian-tubuh-ini-buktinya,Advertiser preference,Adult: Sexual content,Restricted ad serving,ca-pub-7784034061253020,4,2025-06-24,2025-06-24
jogja.tribunnews.com,Page,N/A,N/A,jogja.tribunnews.com/2017/03/07/inilah-seputar-ekspresi-wajah-saat-orgasme-yang-perlu-anda-ketahui,Advertiser preference,Adult: Sexual content,Restricted ad serving,ca-pub-7784034061253020,4,2025-06-25,2025-06-25
jogja.tribunnews.com,Page,N/A,N/A,jogja.tribunnews.com/2017/02/08/pemuda-ini-diberi-kado-boneka-pemuas-nafsu-oleh-ayahnya-begini-tujuannya,Advertiser preference,Adult: Sexual content,Restricted ad serving,ca-pub-7784034061253020,4,2025-06-23,2025-06-23
jogja.tribunnews.com,Page,N/A,N/A,jogja.tribunnews.com/2016/10/21/pengobatan-aneh-tukang-urut-masukkan-jarinya-ke-kemaluan-seorang-gadis-untuk-mengobati,Advertiser preference,Adult: Sexual content,Restricted ad serving,ca-pub-7784034061253020,4,2025-06-24,2025-06-24
jogja.tribunnews.com,Page,N/A,N/A,jogja.tribunnews.com/2016/08/31/suka-doggy-style-spooning-atau-standing-gaya-favorit-ternyata-ungkap-karaktermu,Advertiser preference,Adult: Sexual content,Restricted ad serving,ca-pub-7784034061253020,4,2025-06-25,2025-06-25
jogja.tribunnews.com,Page,N/A,N/A,jogja.tribunnews.com/2015/04/15/kerang-kol-nenek-mak-erot-katanya-bisa-tambah-kejantanan,Advertiser preference,Adult: Sexual content,Restricted ad serving,ca-pub-7784034061253020,4,2025-06-25,2025-06-25
jatim.tribunnews.com,Page,N/A,N/A,jatim.tribunnews.com/2018/11/05/ardi-bakrie-posting-video-gadis-ring-tubuhnya-kesenggol-petarung-mma-siva-aprilia-balas-tertawa,Policy issue,Encouraging accidental clicks: Layout,Restricted ad serving,ca-pub-7784034061253020,4,2025-06-24,2025-06-24
jatim.tribunnews.com,Page,N/A,N/A,jatim.tribunnews.com/2018/04/17/5-fakta-pesta-seks-tukar-istri-dari-kondom-yang-disita-dan-syarat-anggota-hingga-pengakuan-pelaku,Advertiser preference,Adult: Sexual content,Restricted ad serving,ca-pub-7784034061253020,4,2025-06-25,2025-06-25
jatim.tribunnews.com,Page,N/A,N/A,jatim.tribunnews.com/2018/04/11/usai-ujian-sma-siswi-cantik-ini-jual-keperawanan-rp-15-juta-untuk-bayar-uang-sekolah,Advertiser preference,Shocking content,Restricted ad serving,ca-pub-7784034061253020,4,2025-06-23,2025-06-23
jatim.tribunnews.com,Page,N/A,N/A,jatim.tribunnews.com/2018/01/19/kisah-gadis-cilik-yang-kecanduan-seks-selalu-tak-tahan-lihat-cowok-ganteng-kini-begini-nasibnya,Advertiser preference,Shocking content,Restricted ad serving,ca-pub-7784034061253020,4,2025-06-24,2025-06-24
jateng.tribunnews.com,Page,N/A,N/A,jateng.tribunnews.com/2022/07/20/video-call-asusila-asn-wanita-57-detik-tersebar-diduga-berdinas-di-satpol-pp-oki,Policy issue,Ads Disguised as Content,Restricted ad serving,ca-pub-7784034061253020,4,2025-06-25,2025-06-25
jateng.tribunnews.com,Page,N/A,N/A,jateng.tribunnews.com/2019/04/25/video-panas-masturbasi-6-artis-dan-atlet-mulai-tersebar-di-grup-whatsapp-polisi-turun-tangan,Advertiser preference,Adult: Sexual content,Restricted ad serving,ca-pub-7784034061253020,4,2025-06-25,2025-06-25
jateng.tribunnews.com,Page,N/A,N/A,jateng.tribunnews.com/2018/03/04/adegan-cynthiara-alona-lepas-kaus-dan-celana-di-video-ini-jadi-perdebatan-netizen,Policy issue,Site Behavior: Navigation,Restricted ad serving,ca-pub-7784034061253020,4,2025-06-23,2025-06-23
jateng.tribunnews.com,Page,N/A,N/A,jateng.tribunnews.com/2016/08/12/ada-lagi-wanita-cantik-berhubungan-seks-dengan-anjing-kali-ini-malah-merekam-videonya,Policy issue,Site Behavior: Navigation,Restricted ad serving,ca-pub-7784034061253020,4,2025-06-25,2025-06-25
jambi.tribunnews.com,Page,N/A,N/A,jambi.tribunnews.com/amp/2018/11/09/trik-membangkitkan-gairah-gituan-untuk-diri-sendiri-wanita-wajib-baca,Advertiser preference,Adult: Sexual content,Restricted ad serving,ca-pub-7784034061253020,4,2025-06-23,2025-06-23
jambi.tribunnews.com,Page,N/A,N/A,jambi.tribunnews.com/amp/2018/01/21/ini-yang-ada-dipikiran-wanita-bila-melihat-kelamin-laki-laki,Advertiser preference,Adult: Sexual content,Restricted ad serving,ca-pub-7784034061253020,4,2025-06-25,2025-06-25
jambi.tribunnews.com,Page,N/A,N/A,jambi.tribunnews.com/2020/01/01/tomi-kaget-beli-sebungkus-rokok-di-jambi-kok-harganya-segini-perkiraan-harga-rokok-tahun-2020,Advertiser preference,Tobacco,Restricted ad serving,ca-pub-7784034061253020,4,2025-06-25,2025-06-25
jambi.tribunnews.com,Page,N/A,N/A,jambi.tribunnews.com/2019/11/14/kagetnya-pria-hidung-belang-ini-pesan-psk-online-rp700an-ternyata-sang-pacar-yang-datang-ke-hotel,Advertiser preference,Adult: Sexual content,Restricted ad serving,ca-pub-7784034061253020,4,2025-06-25,2025-06-25
jambi.tribunnews.com,Page,N/A,N/A,jambi.tribunnews.com/2019/07/17/baru-beberapa-kali-goyang-kakek-tewas-saat-bercinta-dengan-psk-tak-bisa-lepas-jepitan-terlalu-kuat,Advertiser preference,Adult: Sexual content,Restricted ad serving,ca-pub-7784034061253020,4,2025-06-25,2025-06-25
jambi.tribunnews.com,Page,N/A,N/A,jambi.tribunnews.com/2019/03/15/wanita-mendesah-saat-berhubungan-intim-respon-kenikmatan-atau-rasa-sakit,Advertiser preference,Adult: Sexual content,Restricted ad serving,ca-pub-7784034061253020,4,2025-06-24,2025-06-24
jambi.tribunnews.com,Page,N/A,N/A,jambi.tribunnews.com/2018/11/07/video-miyabi-sedang-pesta-di-bali-tapi-tampil-calm,Advertiser preference,Shocking content,Restricted ad serving,ca-pub-7784034061253020,4,2025-06-23,2025-06-23
jambi.tribunnews.com,Page,N/A,N/A,jambi.tribunnews.com/2018/02/21/4-cara-ini-membuat-wanita-mendapat-kenikmatan-lebih-cepat-di-ranjang,Advertiser preference,Adult: Sexual content,Restricted ad serving,ca-pub-7784034061253020,4,2025-06-24,2025-06-24
jambi.tribunnews.com,Page,N/A,N/A,jambi.tribunnews.com/2018/01/27/berapa-durasi-hubungan-intim-yang-diinginkan-wanita-kekuatan-pria-hanya-segini-batasnya,Advertiser preference,Adult: Sexual content,Restricted ad serving,ca-pub-7784034061253020,4,2025-06-23,2025-06-23
jambi.tribunnews.com,Page,N/A,N/A,jambi.tribunnews.com/2018/01/25/4-cara-bikin-wanita-cepat-mencapai-klimaks-para-pria-bisa-langsung-praktekkan,Advertiser preference,Adult: Sexual content,Restricted ad serving,ca-pub-7784034061253020,4,2025-06-23,2025-06-23
jambi.tribunnews.com,Page,N/A,N/A,jambi.tribunnews.com/2018/01/13/besar-kecilnya-gairah-wanita-di-ranjang-dilihat-dari-bentuk-bibir,Advertiser preference,Adult: Sexual content,Restricted ad serving,ca-pub-7784034061253020,4,2025-06-23,2025-06-23
jambi.tribunnews.com,Page,N/A,N/A,jambi.tribunnews.com/2017/07/09/wanita-ini-masuk-ke-toilet-lalu-lepas-baju-dan-celana-hal-mengejutkan-terjadi,Policy issue,Site Behavior: Navigation,Restricted ad serving,ca-pub-7784034061253020,4,2025-06-25,2025-06-25
jambi.tribunnews.com,Page,N/A,N/A,jambi.tribunnews.com/2016/11/15/wanita-cantik-ini-minum-sperma-setiap-pagi-ternyata-khasiatnya-luar-biasa,Advertiser preference,Adult: Sexual content,Restricted ad serving,ca-pub-7784034061253020,4,2025-06-23,2025-06-23
jambi.tribunnews.com,Page,N/A,N/A,jambi.tribunnews.com/2016/01/31/galeri-foto-tampakkan-payudara-saat-mengamen-waria-ini-diburu-polisi,Advertiser preference,Adult: Sexual content,Restricted ad serving,ca-pub-7784034061253020,4,2025-06-23,2025-06-23
jambi.tribunnews.com,Page,N/A,N/A,jambi.tribunnews.com/2015/06/08/27-foto-bugil-mahasiswi-asal-merangin-beredar-di-facebook,Advertiser preference,Adult: Sexual content,Restricted ad serving,ca-pub-7784034061253020,4,2025-06-23,2025-06-23
jakarta.tribunnews.com,Page,N/A,N/A,jakarta.tribunnews.com/2021/07/12/siswa-sma-nafsu-ke-tantenya-sendiri-ajakan-bercinta-ditolak-malah-pilih-habisi-nyawa-korban,Advertiser preference;Policy issue,Google-served ads obscuring content;Modified Javascript: Ads by Google size,Restricted ad serving,ca-pub-7784034061253020,4,2025-06-24,2025-06-24
jakarta.tribunnews.com,Page,N/A,N/A,jakarta.tribunnews.com/2019/01/03/ragam-cerita-unik-tentang-seks-di-berbagai-negara-dari-jepang-hingga-yunani,Advertiser preference,Adult: Sexual content,Restricted ad serving,ca-pub-7784034061253020,4,2025-06-23,2025-06-23
jakarta.tribunnews.com,Page,N/A,N/A,jakarta.tribunnews.com/2018/10/08/gambaru-point-tempat-cuci-kendaraan-eksklusif-sambil-ngopi-dan-potong-rambut-ini-daftar-harganya,Policy issue,Site Behavior: Navigation,Restricted ad serving,ca-pub-7784034061253020,4,2025-06-25,2025-06-25
jabar.tribunnews.com,Page,N/A,N/A,jabar.tribunnews.com/tag/cipanas,Advertiser preference,Adult: Sexual content,Restricted ad serving,ca-pub-7784034061253020,4,2025-06-23,2025-06-23
jabar.tribunnews.com,Page,N/A,N/A,jabar.tribunnews.com/2017/08/08/terungkap-wanita-paruh-baya-incar-pemuda-pengungsi-untuk-puaskan-hasrat-seksualnya,Advertiser preference,Adult: Sexual content,Restricted ad serving,ca-pub-7784034061253020,4,2025-06-23,2025-06-23
cirebon.tribunnews.com,Page,N/A,N/A,cirebon.tribunnews.com/2019/08/22/bocah-12-tahun-tergila-gila-pada-janda-senang-cintanya-diterima-berlanjut-lakukan-hubungan-seks,Advertiser preference,Adult: Sexual content,Restricted ad serving,ca-pub-7784034061253020,4,2025-06-24,2025-06-24
bogor.tribunnews.com,Page,N/A,N/A,bogor.tribunnews.com/2016/10/13/pria-ini-mendengar-suara-krek-saat-berhubungan-intim-dokter-kaget-lihat-organ-intimnya,Advertiser preference,Adult: Sexual content,Restricted ad serving,ca-pub-7784034061253020,4,2025-06-24,2025-06-24
belitung.tribunnews.com,Page,N/A,N/A,belitung.tribunnews.com/2017/11/02/gara-gara-ini-seorang-wanita-buka-baju-dan-gosokkan-payudara-ke-wajah-pria-beristri-di-keramaian,Advertiser preference,Adult: Sexual content,Restricted ad serving,ca-pub-7784034061253020,4,2025-06-23,2025-06-23
belitung.tribunnews.com,Page,N/A,N/A,belitung.tribunnews.com/2017/10/28/video-mesum-pasangan-ini-menyebar-di-line-dan-whatsapp-begini-kronologisnya,Advertiser preference,Adult: Sexual content,Restricted ad serving,ca-pub-7784034061253020,4,2025-06-23,2025-06-23
belitung.tribunnews.com,Page,N/A,N/A,belitung.tribunnews.com/2017/02/03/wanita-cantik-bergelar-mba-pilih-jadi-bintang-porno-hanya-untuk-ini,Advertiser preference,Adult: Sexual content,Restricted ad serving,ca-pub-7784034061253020,4,2025-06-24,2025-06-24
belitung.tribunnews.com,Page,N/A,N/A,belitung.tribunnews.com/2016/03/16/boneka-seks-mirip-anak-kecil-dipasarkan-mulai-2016-seharga-rp-145-juta,Advertiser preference,Adult: Sexual content,Restricted ad serving,ca-pub-7784034061253020,4,2025-06-23,2025-06-23
belitung.tribunnews.com,Page,N/A,N/A,belitung.tribunnews.com/2016/01/16/lihat-ini-10-komentar-lucu-wanita-saat-pertama-kali-melihat-mr-p,Advertiser preference,Adult: Sexual content,Restricted ad serving,ca-pub-7784034061253020,4,2025-06-23,2025-06-23
belitung.tribunnews.com,Page,N/A,N/A,belitung.tribunnews.com/2015/06/12/delapan-presenter-tampil-bugil-demi-mendukung-venezuela,Advertiser preference,Content obscuring Google-served ads,Restricted ad serving,ca-pub-7784034061253020,4,2025-06-23,2025-06-23
batam.tribunnews.com,Page,N/A,N/A,batam.tribunnews.com/2018/12/04/boleh-coba-sebelum-membeli-perusahaan-penjual-boneka-pemuas-nafsu-ditutup-polisi,Advertiser preference,Adult: Sexual content,Restricted ad serving,ca-pub-7784034061253020,4,2025-06-24,2025-06-24
batam.tribunnews.com,Page,N/A,N/A,batam.tribunnews.com/2018/02/05/cerita-mahasiswi-nyambi-jadi-ayam-kampus-tak-mau-open-lebih-suka-jadi-simpanan-om-om,Advertiser preference,Shocking content,Restricted ad serving,ca-pub-7784034061253020,4,2025-06-24,2025-06-24
batam.tribunnews.com,Page,N/A,N/A,batam.tribunnews.com/2016/11/30/tim-razia-temukan-bungkus-kondom-bekas-di-satu-ruangan-massage,Advertiser preference,Adult: Sexual content;Shocking content,Restricted ad serving,ca-pub-7784034061253020,4,2025-06-24,2025-06-24
banyumas.tribunnews.com,Page,N/A,N/A,banyumas.tribunnews.com/tag/pembunuhan,Advertiser preference,Shocking content,Restricted ad serving,ca-pub-7784034061253020,4,2025-06-23,2025-06-23
banjarmasin.tribunnews.com,Page,N/A,N/A,banjarmasin.tribunnews.com/2018/11/19/pasangan-terjaring-razia-esek-esek-didata-satpol-pp-buat-surat-pernyataan-lalu-dibebaskan,Advertiser preference,Shocking content,Restricted ad serving,ca-pub-7784034061253020,4,2025-06-25,2025-06-25
banjarmasin.tribunnews.com,Page,N/A,N/A,banjarmasin.tribunnews.com/2017/09/08/terkait-foto-telanjang-dada-bareng-abg-cantik-dan-video-sawer-ini-kata-polos-hotman,Advertiser preference,Google-served ads obscuring content,Restricted ad serving,ca-pub-7784034061253020,4,2025-06-24,2025-06-24
banjarmasin.tribunnews.com,Page,N/A,N/A,banjarmasin.tribunnews.com/2017/04/20/video-ini-tampilkan-suara-rintihan-hubungan-seks-yang-hentikan-pertandingan-tenis,Policy issue,Site Behavior: Navigation,Restricted ad serving,ca-pub-7784034061253020,4,2025-06-23,2025-06-23
banjarmasin.tribunnews.com,Page,N/A,N/A,banjarmasin.tribunnews.com/2016/04/14/model-cantik-ini-nekat-pose-telanjang-di-danau-suci-tibet-netizen-pun-marah,Advertiser preference,Google-served ads obscuring content,Restricted ad serving,ca-pub-7784034061253020,4,2025-06-25,2025-06-25
bangka.tribunnews.com,Page,N/A,N/A,bangka.tribunnews.com/tag/keluarga-seks,Policy issue,Google-served ads on screens without publisher-content,Restricted ad serving,ca-pub-7784034061253020,4,2025-06-23,2025-06-23
bangka.tribunnews.com,Page,N/A,N/A,bangka.tribunnews.com/amp/2022/08/09/kisah-istri-selingkuh-terekam-sedang-berhubungan-suami-istri-dengan-tukang-pijat-di-dalam-mobil,Policy issue,Encouraging accidental clicks: Layout,Restricted ad serving,ca-pub-7784034061253020,4,2025-06-23,2025-06-23
bangka.tribunnews.com,Page,N/A,N/A,bangka.tribunnews.com/amp/2016/09/29/terkenal-di-era-90-an-beginilah-pekerjaan-asia-carrera-sekarang,Advertiser preference,Adult: Sexual content,Restricted ad serving,ca-pub-7784034061253020,4,2025-06-24,2025-06-24
bangka.tribunnews.com,Page,N/A,N/A,bangka.tribunnews.com/2024/01/21/video-nagita-slavina-joget-seksi-viral-raffi-ahmad-cuek-amy-qanita-bahagia,Advertiser preference;Policy issue,Google-served ads obscuring content;Modified Javascript: Ads by Google size,Restricted ad serving,ca-pub-7784034061253020,4,2025-06-23,2025-06-23
bangka.tribunnews.com,Page,N/A,N/A,bangka.tribunnews.com/2023/02/11/segini-tarif-open-bo-wanita-asal-subang-dan-jakarta-di-belitung-pekerjaan-lama-terkuak,Advertiser preference,Google-served ads obscuring content,Restricted ad serving,ca-pub-7784034061253020,4,2025-06-25,2025-06-25
bangka.tribunnews.com,Page,N/A,N/A,bangka.tribunnews.com/2022/05/08/gadis-muda-ukraina-diperkosa-dan-dibunuh-tentara-rusia-sang-ibu-terisak-isak-mengenangnya,Policy issue,Ads Disguised as Content,Restricted ad serving,ca-pub-7784034061253020,4,2025-06-25,2025-06-25
bangka.tribunnews.com,Page,N/A,N/A,bangka.tribunnews.com/2022/01/13/video-goyangan-13-detik-gisel-ini-masih-banjir-tontonan-ngaku-rasanya-paling-enak,Policy issue,Ads Disguised as Content,Restricted ad serving,ca-pub-7784034061253020,4,2025-06-23,2025-06-23
bangka.tribunnews.com,Page,N/A,N/A,bangka.tribunnews.com/2020/12/30/kronologi-gisel-bikin-video-syur-19-detik-istri-gading-marten-ajak-myd-hingga-akhirnya-ke-hotel,Policy issue,Ads Disguised as Content,Restricted ad serving,ca-pub-7784034061253020,4,2025-06-23,2025-06-23
bangka.tribunnews.com,Page,N/A,N/A,bangka.tribunnews.com/2020/12/07/arti-wahdaniyah-sifat-wajib-allah-swt-yang-disebut-dalam-al-quran-surat-al-anbiya-ayat-22,Advertiser preference,Google-served ads obscuring content,Restricted ad serving,ca-pub-7784034061253020,4,2025-06-24,2025-06-24
bangka.tribunnews.com,Page,N/A,N/A,bangka.tribunnews.com/2020/09/20/aktris-porno-di-jepang-pensiun-karena-takut-covid-19-nasib-industri-film-panas-itu-di-negeri-sakura,Advertiser preference,Google-served ads obscuring content,Restricted ad serving,ca-pub-7784034061253020,4,2025-06-24,2025-06-24
bangka.tribunnews.com,Page,N/A,N/A,bangka.tribunnews.com/2019/04/27/5-fakta-baru-video-viral-pasien-berhubungan-intim-di-igd-direkam-diam-diam-si-cewek-lihat-kamera,Advertiser preference,Shocking content,Restricted ad serving,ca-pub-7784034061253020,4,2025-06-24,2025-06-24
bangka.tribunnews.com,Page,N/A,N/A,bangka.tribunnews.com/2019/04/23/perempuan-cantik-pakai-bikini-di-pantai-pria-masturbasi-di-depannya-ini-yang-terjadi,Advertiser preference,Adult: Sexual content,Restricted ad serving,ca-pub-7784034061253020,4,2025-06-24,2025-06-24
bangka.tribunnews.com,Page,N/A,N/A,bangka.tribunnews.com/2019/03/02/kamu-harus-tahu-rahasia-menjadi-handal-secara-alami-di-atas-ranjang,Advertiser preference,Adult: Sexual content,Restricted ad serving,ca-pub-7784034061253020,4,2025-06-24,2025-06-24
bangka.tribunnews.com,Page,N/A,N/A,bangka.tribunnews.com/2019/01/07/foto-syur-dirinya-di-kamar-mandi-tersebar-vanessa-angel-merasa-dijebak-teman-sesama-artis,Advertiser preference,Adult: Sexual content,Restricted ad serving,ca-pub-7784034061253020,4,2025-06-23,2025-06-23
bangka.tribunnews.com,Page,N/A,N/A,bangka.tribunnews.com/2018/10/09/foto-mesum-tersebar-di-media-sosial-5-siswa-smp-mengundurkna-diri-dari-sekolah,Advertiser preference,Adult: Sexual content,Restricted ad serving,ca-pub-7784034061253020,4,2025-06-24,2025-06-24
bangka.tribunnews.com,Page,N/A,N/A,bangka.tribunnews.com/2018/07/09/hebat-6-wanita-super-gendut-ini-berubah-jadi-begitu-langsing-dan-cantik-bagaimana-bisa,Advertiser preference,Adult: Sexual content,Restricted ad serving,ca-pub-7784034061253020,4,2025-06-23,2025-06-23
bangka.tribunnews.com,Page,N/A,N/A,bangka.tribunnews.com/2018/03/17/diduga-direkam-mantan-pacar-video-mesum-pns-ini-tersebar-di-instagram-sampai-ke-situs-porno,Advertiser preference,Adult: Sexual content,Restricted ad serving,ca-pub-7784034061253020,4,2025-06-25,2025-06-25
bangka.tribunnews.com,Page,N/A,N/A,bangka.tribunnews.com/2018/03/05/tingkah-nyeleneh-wanita-pemain-film-dewasa-jepang-ikut-lomba-aneh-hingga-lelang-pakaian-dalam,Advertiser preference,Adult: Sexual content,Restricted ad serving,ca-pub-7784034061253020,4,2025-06-24,2025-06-24
bangka.tribunnews.com,Page,N/A,N/A,bangka.tribunnews.com/2018/01/18/siswi-sd-kecanduan-seks-saat-umur-3-tahun-ternyata-sudah-nonton-video-mesum,Advertiser preference,Adult: Sexual content,Restricted ad serving,ca-pub-7784034061253020,4,2025-06-25,2025-06-25
bangka.tribunnews.com,Page,N/A,N/A,bangka.tribunnews.com/2018/01/03/pria-pemilik-mr-p-terpanjang-ini-gagal-jadi-bintang-film-malah-jadi-cacat-hidupnya-merana,Advertiser preference,Adult: Sexual content,Restricted ad serving,ca-pub-7784034061253020,4,2025-06-24,2025-06-24
bangka.tribunnews.com,Page,N/A,N/A,bangka.tribunnews.com/2017/10/10/video-kolombia-tawarkan-wisata-narkoba-alkohol-dan-seks-tak-terbatas,Advertiser preference;Policy issue,Adult: Sexual content;Site Behavior: Navigation,Restricted ad serving,ca-pub-7784034061253020,4,2025-06-23,2025-06-23
bangka.tribunnews.com,Page,N/A,N/A,bangka.tribunnews.com/2017/03/10/mantan-bintang-jav-terkenal-kabarkan-lagi-sakit-netizen-indonesia-malah-berkomentar-begini,Advertiser preference,Google-served ads obscuring content,Restricted ad serving,ca-pub-7784034061253020,4,2025-06-24,2025-06-24
bangka.tribunnews.com,Page,N/A,N/A,bangka.tribunnews.com/2017/03/01/hati-hati-film-ini-bisa-bikin-istri-anda-tergoda-selingkuh,Advertiser preference,Adult: Sexual content,Restricted ad serving,ca-pub-7784034061253020,4,2025-06-25,2025-06-25
bangka.tribunnews.com,Page,N/A,N/A,bangka.tribunnews.com/2017/02/11/wow-gila-pria-ini-punya-penis-panjang-sampai-lutut-wanita-diajak-intim-langsung-mundur,Advertiser preference,Adult: Sexual content,Restricted ad serving,ca-pub-7784034061253020,4,2025-06-23,2025-06-23
bangka.tribunnews.com,Page,N/A,N/A,bangka.tribunnews.com/2016/11/24/mengejutkan-ternyata-negara-ini-penduduknya-yang-paling-sering-berhubungan-seks,Advertiser preference,Adult: Sexual content,Restricted ad serving,ca-pub-7784034061253020,4,2025-06-24,2025-06-24
bangka.tribunnews.com,Page,N/A,N/A,bangka.tribunnews.com/2016/10/27/cewek-panti-pijat-ketahuan-layani-syahwat-pelanggan,Advertiser preference,Adult: Sexual content,Restricted ad serving,ca-pub-7784034061253020,4,2025-06-25,2025-06-25
bangka.tribunnews.com,Page,N/A,N/A,bangka.tribunnews.com/2016/10/24/heboh-foto-bugil-artis-cantik-dan-lawan-mainnya-tersebar,Advertiser preference,Adult: Sexual content;Shocking content,Restricted ad serving,ca-pub-7784034061253020,4,2025-06-25,2025-06-25
bangka.tribunnews.com,Page,N/A,N/A,bangka.tribunnews.com/2016/07/22/ini-jawabnya-mengapa-pria-sering-ereksi-tanpa-sebab-di-pagi-hari,Advertiser preference,Adult: Sexual content,Restricted ad serving,ca-pub-7784034061253020,4,2025-06-25,2025-06-25
bangka.tribunnews.com,Page,N/A,N/A,bangka.tribunnews.com/2016/05/05/wanita-cantik-ini-ternyata-boneka-untuk-bercinta-dibandrol-rp-130-juta,Advertiser preference,Adult: Sexual content,Restricted ad serving,ca-pub-7784034061253020,4,2025-06-23,2025-06-23
bangka.tribunnews.com,Page,N/A,N/A,bangka.tribunnews.com/2015/12/02/wow-pose-sentuh-payudara-dengan-satu-tangan-lagi-ngetren,Advertiser preference,Adult: Sexual content,Restricted ad serving,ca-pub-7784034061253020,4,2025-06-25,2025-06-25
bangka.tribunnews.com,Page,N/A,N/A,bangka.tribunnews.com/2015/10/31/intip-paha-mulus-wanita-remaja-ini-keluarkan-anunya-didepan-umum,Advertiser preference,Adult: Sexual content,Restricted ad serving,ca-pub-7784034061253020,4,2025-06-23,2025-06-23
bangka.tribunnews.com,Page,N/A,N/A,bangka.tribunnews.com/2015/09/10/gairah-seks-suami-hilang-lihat-istri-kenakan-daster-saat-tidur,Advertiser preference,Adult: Sexual content,Restricted ad serving,ca-pub-7784034061253020,4,2025-06-24,2025-06-24
bangka.tribunnews.com,Page,N/A,N/A,bangka.tribunnews.com/2015/08/12/akibat-video-porno-mahasiswa-ini-perkosa-dan-culik-perawan-kampus,Advertiser preference,Adult: Sexual content,Restricted ad serving,ca-pub-7784034061253020,4,2025-06-23,2025-06-23
bali.tribunnews.com,Page,N/A,N/A,bali.tribunnews.com/2020/01/17/viral-nenek-83-tahun-jadi-bintang-porno-ceritakan-adegan-seks-bersama-pria-tampan-seusia-cucunya,Advertiser preference,Adult: Sexual content,Restricted ad serving,ca-pub-7784034061253020,4,2025-06-25,2025-06-25
bali.tribunnews.com,Page,N/A,N/A,bali.tribunnews.com/2018/11/21/12-psk-yang-terjaring-razia-di-jalan-bung-tomo-dan-gatsu-didenda-rp-300-ribu,Advertiser preference,Shocking content,Restricted ad serving,ca-pub-7784034061253020,4,2025-06-25,2025-06-25
bali.tribunnews.com,Page,N/A,N/A,bali.tribunnews.com/2018/05/05/coba-malam-ini-4-teknik-berhubungan-intim-untuk-sukses-mendapatkan-anak-laki-laki,Advertiser preference,Adult: Sexual content,Restricted ad serving,ca-pub-7784034061253020,4,2025-06-25,2025-06-25
bali.tribunnews.com,Page,N/A,N/A,bali.tribunnews.com/2018/03/05/tiga-artis-film-porno-ini-tak-keberatan-dinikahi-pria-indonesia-akui-senang-jika-bisa-ke-bali,Policy issue,Ads Disguised as Content,Restricted ad serving,ca-pub-7784034061253020,4,2025-06-25,2025-06-25
bali.tribunnews.com,Page,N/A,N/A,bali.tribunnews.com/2017/11/18/33-psk-terjaring-razia-di-denpasar-pengakuannya-terjerumus-ke-dunia-prostitusi-bikin-miris,Advertiser preference,Adult: Sexual content;Shocking content,Restricted ad serving,ca-pub-7784034061253020,4,2025-06-25,2025-06-25
bali.tribunnews.com,Page,N/A,N/A,bali.tribunnews.com/2017/11/07/5-artis-cantik-ini-blak-blakan-ngaku-begituan-walau-tak-ada-pasangan-nggak-malu-pakai-alat-ini,Advertiser preference,Shocking content,Restricted ad serving,ca-pub-7784034061253020,4,2025-06-23,2025-06-23
bali.tribunnews.com,Page,N/A,N/A,bali.tribunnews.com/2017/10/31/video-sejoli-smp-kepergok-mesum-disuruh-nikah-atau-diarak-telanjang-resleting-tak-diduga-terbuka,Policy issue,Site Behavior: Navigation,Restricted ad serving,ca-pub-7784034061253020,4,2025-06-24,2025-06-24
bali.tribunnews.com,Page,N/A,N/A,bali.tribunnews.com/2017/05/10/bisnis-esek-esek-di-padang-galak-mulus-asal-setor-rp-14-juta-per-bulan-tarif-sekali-ngamar-segini,Advertiser preference,Adult: Sexual content,Restricted ad serving,ca-pub-7784034061253020,4,2025-06-25,2025-06-25
bali.tribunnews.com,Page,N/A,N/A,bali.tribunnews.com/2017/03/18/inilah-tanda-tanda-seorang-pria-kecanduan-onani-penyakit-ini-mengintai,Advertiser preference,Adult: Sexual content,Restricted ad serving,ca-pub-7784034061253020,4,2025-06-24,2025-06-24
ambon.tribunnews.com,Page,N/A,N/A,ambon.tribunnews.com/2019/12/06/populer-gadis-dijadikan-pemuas-nafsu-sang-ayah-tonton-video-panas-wanita-muda-tewas-lelah-bercinta,Advertiser preference,Shocking content,Restricted ad serving,ca-pub-7784034061253020,4,2025-06-25,2025-06-25
aceh.tribunnews.com,Page,N/A,N/A,aceh.tribunnews.com/tag/rekam-video-gadis-mandi,Policy issue,Google-served ads on screens without publisher-content,Restricted ad serving,ca-pub-7784034061253020,4,2025-06-25,2025-06-25
aceh.tribunnews.com,Page,N/A,N/A,aceh.tribunnews.com/tag/janda-vc-tanpa-busana,Policy issue,Google-served ads on screens without publisher-content,Restricted ad serving,ca-pub-7784034061253020,4,2025-06-25,2025-06-25
aceh.tribunnews.com,Page,N/A,N/A,aceh.tribunnews.com/tag/dukun-cabul,Policy issue,Google-served ads on screens without publisher-content,Restricted ad serving,ca-pub-7784034061253020,4,2025-06-23,2025-06-23
aceh.tribunnews.com,Page,N/A,N/A,aceh.tribunnews.com/tag/cowo-kenakan-jilbab-untuk-buat-mesum,Policy issue,Google-served ads on screens without publisher-content,Restricted ad serving,ca-pub-7784034061253020,4,2025-06-23,2025-06-23
aceh.tribunnews.com,Page,N/A,N/A,aceh.tribunnews.com/tag/2-wanita-tanpa-busana-di-pesta-seks,Policy issue,Google-served ads on screens without publisher-content,Restricted ad serving,ca-pub-7784034061253020,4,2025-06-25,2025-06-25
aceh.tribunnews.com,Page,N/A,N/A,aceh.tribunnews.com/2023/02/13/kasus-video-mesum-siswa-sma-dan-siswi-smp-di-tebingtinggi-kedua-orangtua-pelaku-sepakat-damai,Advertiser preference,Google-served ads obscuring content,Restricted ad serving,ca-pub-7784034061253020,4,2025-06-25,2025-06-25
aceh.tribunnews.com,Page,N/A,N/A,aceh.tribunnews.com/2022/06/16/kisah-pilu-tkw-asal-indramayu-disiksa-majikan-di-taiwan-wajah-hancur-ditonjok-dan-disiram-pemutih,Advertiser preference,Shocking content,Restricted ad serving,ca-pub-7784034061253020,4,2025-06-23,2025-06-23
aceh.tribunnews.com,Page,N/A,N/A,aceh.tribunnews.com/2021/11/17/video-mesum-selebgram-libatkan-anak-anggota-tni-di-ambon-kodam-xvi-pattimura-tidak-intervensi,Policy issue,Ads Disguised as Content,Restricted ad serving,ca-pub-7784034061253020,4,2025-06-25,2025-06-25
aceh.tribunnews.com,Page,N/A,N/A,aceh.tribunnews.com/2019/09/10/cewek-naik-motor-tanpa-busana-hebohkan-media-sosial-fakta-sebenarnya-memilukan,Advertiser preference,Adult: Sexual content,Restricted ad serving,ca-pub-7784034061253020,4,2025-06-24,2025-06-24
aceh.tribunnews.com,Page,N/A,N/A,aceh.tribunnews.com/2019/09/02/4-fakta-kasus-video-hubungan-intim-di-banjarmasin-sudah-tunangan-hingga-pemeran-pria-lapor-polisi,Advertiser preference,Adult: Sexual content,Restricted ad serving,ca-pub-7784034061253020,4,2025-06-23,2025-06-23
www.tribunnews.com,Page,N/A,N/A,www.tribunnews.com/seleb/2017/03/25/nikita-mirzani-pamer-foto-tidur-tanpa-busana-bagian-tubuh-ini-dibiarkan-terekspose,Policy issue,Site Behavior: Navigation,Restricted ad serving,ca-pub-7784034061253020,3,2025-06-25,2025-06-25
www.tribunnews.com,Page,N/A,N/A,www.tribunnews.com/seleb/2011/07/14/ayu-lestari-model-playboy-internasional-bercerai,Advertiser preference;Policy issue,Google-served ads obscuring content;Modified Javascript: Ads by Google size,Restricted ad serving,ca-pub-7784034061253020,3,2025-06-23,2025-06-23
www.tribunnews.com,Page,N/A,N/A,www.tribunnews.com/regional/2019/12/10/cerita-lengkap-janda-di-madura-bikin-video-saat-sedang-telanjang-di-kamar-direkam-pakai-hp,Advertiser preference,Adult: Sexual content,Restricted ad serving,ca-pub-7784034061253020,3,2025-06-24,2025-06-24
www.tribunnews.com,Page,N/A,N/A,www.tribunnews.com/regional/2013/12/22/abg-pecinta-sejenis-bisa-dicari-di-facebook-twitter-dan-bbm,Advertiser preference,Adult: Sexual content,Restricted ad serving,ca-pub-7784034061253020,3,2025-06-24,2025-06-24
www.tribunnews.com,Page,N/A,N/A,www.tribunnews.com/nasional/2017/11/09/disiksa-majikan-di-malaysia-tkw-pulang-dengan-kondisi-luka-luka,Policy issue,Ads Disguised as Content,Restricted ad serving,ca-pub-7784034061253020,3,2025-06-23,2025-06-23
www.tribunnews.com,Page,N/A,N/A,www.tribunnews.com/internasional/2017/12/03/boneka-seks-tercanggih-saat-ini-sekilas-mirip-wanita-seksi-tutur-bahasa-lembut-dan-pencemburu,Advertiser preference,Adult: Sexual content,Restricted ad serving,ca-pub-7784034061253020,3,2025-06-23,2025-06-23
www.tribunnews.com,Page,N/A,N/A,www.tribunnews.com/internasional/2012/06/29/sadis-kartel-obat-terlarang-rekam-adegan-penggal-kepala,Advertiser preference,Shocking content,Restricted ad serving,ca-pub-7784034061253020,3,2025-06-23,2025-06-23
www.tribunnews.com,Page,N/A,N/A,www.tribunnews.com/bisnis/2018/03/29/ini-dia-cerutu-rasa-kuba-made-in-jember-sudah-ekspor-ke-penjuru-dunia-lho,Advertiser preference,Tobacco,Restricted ad serving,ca-pub-7784034061253020,3,2025-06-23,2025-06-23
wartakota.tribunnews.com,Page,N/A,N/A,wartakota.tribunnews.com/2020/08/22/teknologi-baru-24-jam-nonstop-polisi-bisa-lacak-seseorang-yang-sering-nonton-film-porno-di-internet,Advertiser preference;Policy issue,Content obscuring Google-served ads;Encouraging accidental clicks: Layout,Restricted ad serving,ca-pub-7784034061253020,3,2025-06-23,2025-06-23
wartakota.tribunnews.com,Page,N/A,N/A,wartakota.tribunnews.com/2016/10/11/pengantin-wanita-ini-rela-diremas-dadanya-demi-dapat-tambahan-uang,Advertiser preference,Adult: Sexual content,Restricted ad serving,ca-pub-7784034061253020,3,2025-06-23,2025-06-23
wartakota.tribunnews.com,Page,N/A,N/A,wartakota.tribunnews.com/2016/06/28/pria-paruh-baya-hidup-dengan-boneka-seks-selama-enam-tahun,Advertiser preference,Adult: Sexual content,Restricted ad serving,ca-pub-7784034061253020,3,2025-06-23,2025-06-23
wartakota.tribunnews.com,Page,N/A,N/A,wartakota.tribunnews.com/2015/06/23/pernah-tidur-ditindih-makhluk-halus-ini-penjelasannya,Advertiser preference,Adult: Sexual content,Restricted ad serving,ca-pub-7784034061253020,3,2025-06-23,2025-06-23
wartakota.tribunnews.com,Page,N/A,N/A,wartakota.tribunnews.com/2014/08/20/wanita-30-tahun-paling-hot-di-atas-ranjang,Advertiser preference,Adult: Sexual content,Restricted ad serving,ca-pub-7784034061253020,3,2025-06-23,2025-06-23
suryamalang.tribunnews.com,Page,N/A,N/A,suryamalang.tribunnews.com/2017/07/01/cantik-dan-body-seksi-bandingkan-para-tentara-perempuan-ini-dalam-bikini-dan-saat-berseragam,Advertiser preference,Shocking content,Restricted ad serving,ca-pub-7784034061253020,3,2025-06-24,2025-06-24
surabaya.tribunnews.com,Page,N/A,N/A,surabaya.tribunnews.com/2024/09/04/msbreewc-siapa-videonya-collab-dengan-konten-kreator-teguh-suwandi-viral-tuai-kontroversi,Policy issue,Copyrighted material (DMCA),Disabled ad serving,,3,2025-06-25,2025-06-25
sultra.tribunnews.com,Page,N/A,N/A,sultra.tribunnews.com/2022/10/29/video-viral-di-twitter-ditik-detik-wanita-berhijab-digrepe-grepe-lelaki-di-minimarket,Policy issue,Ads Disguised as Content,Restricted ad serving,ca-pub-7784034061253020,3,2025-06-25,2025-06-25
style.tribunnews.com,Page,N/A,N/A,style.tribunnews.com/2017/07/26/waspada-5-animasi-jepang-ini-dicap-anime-dewasa-sebab-adegannya-yang-sadis-menjijikkan-erotis,Policy issue,Site Behavior: Navigation,Restricted ad serving,ca-pub-7784034061253020,3,2025-06-24,2025-06-24
pontianak.tribunnews.com,Page,N/A,N/A,pontianak.tribunnews.com/2014/12/02/yakuza-produksi-tayangan-porno-di-internet,Advertiser preference,Google-served ads obscuring content,Restricted ad serving,ca-pub-7784034061253020,3,2025-06-25,2025-06-25
pontianak.tribunnews.com,Page,N/A,N/A,pontianak.tribunnews.com/2014/09/05/psk-ini-kecanduan-harus-berhubungan-seks-setiap-hari,Advertiser preference,Adult: Sexual content,Restricted ad serving,ca-pub-7784034061253020,3,2025-06-25,2025-06-25
pekanbaru.tribunnews.com,Page,N/A,N/A,pekanbaru.tribunnews.com/2023/09/09/nonton-punit-na-langit-film-filipina-terbaru-september-2023,Advertiser preference,Google-served ads obscuring content,Restricted ad serving,ca-pub-7784034061253020,3,2025-06-24,2025-06-24
pekanbaru.tribunnews.com,Page,N/A,N/A,pekanbaru.tribunnews.com/2021/12/25/ygy-meaning-apa-itu-ygy-atau-arti-ygy-dalam-bahasa-gaul-viral-tiktok,Policy issue,Modified ad code: Resizing Ad Frames,Restricted ad serving,ca-pub-7784034061253020,3,2025-06-25,2025-06-25
pekanbaru.tribunnews.com,Page,N/A,N/A,pekanbaru.tribunnews.com/2021/11/05/aura-kasih-photoshoot-di-tempat-tidur-lincah-bergaya-dalam-berbagai-pose,Advertiser preference,Google-served ads obscuring content,Restricted ad serving,ca-pub-7784034061253020,3,2025-06-24,2025-06-24
pekanbaru.tribunnews.com,Page,N/A,N/A,pekanbaru.tribunnews.com/2021/06/11/apa-arti-isin-bahasa-gaul-istilah-jawa-yang-disebut-bahasa-gaul-inilah-isin-artinya-apa-itu-isin,Policy issue,Encouraging accidental clicks: Layout,Restricted ad serving,ca-pub-7784034061253020,3,2025-06-25,2025-06-25
pekanbaru.tribunnews.com,Page,N/A,N/A,pekanbaru.tribunnews.com/2019/02/03/berhubungan-intim-di-siang-hari-simak-6-tips-ini-dulu-dijamin-lebih-seru-asyik,Advertiser preference,Adult: Sexual content,Restricted ad serving,ca-pub-7784034061253020,3,2025-06-24,2025-06-24
palembang.tribunnews.com,Page,N/A,N/A,palembang.tribunnews.com/2018/11/19/siswi-smpn-tewas-tenggelam-saat-mengikuti-hacking-pramuka-di-talang-ubi-pali,Advertiser preference,Shocking content,Restricted ad serving,ca-pub-7784034061253020,3,2025-06-23,2025-06-23
medan.tribunnews.com,Page,N/A,N/A,medan.tribunnews.com/topic/info-kesehatan,Advertiser preference,Adult: Sexual content,Restricted ad serving,ca-pub-7784034061253020,3,2025-06-23,2025-06-23
medan.tribunnews.com,Page,N/A,N/A,medan.tribunnews.com/2019/09/04/petinggi-telkomsel-layani-pelanggan-digraha-merah-putih-medan,Advertiser preference,Shocking content,Restricted ad serving,ca-pub-7784034061253020,3,2025-06-24,2025-06-24
makassar.tribunnews.com,Page,N/A,N/A,makassar.tribunnews.com/2017/09/11/video-terpergok-mesum-di-mobil-wanita-muda-ini-menangis-dan-minta-ampun,Policy issue,Site Behavior: Navigation,Restricted ad serving,ca-pub-7784034061253020,3,2025-06-25,2025-06-25
lampung.tribunnews.com,Page,N/A,N/A,lampung.tribunnews.com/amp/2018/01/24/foto-telanjang-artis-artis-indonesia-yang-beredar-di-internet-no-4-blak-blakan,Advertiser preference,Adult: Sexual content,Restricted ad serving,ca-pub-7784034061253020,3,2025-06-24,2025-06-24
lampung.tribunnews.com,Page,N/A,N/A,lampung.tribunnews.com/2018/10/02/4-fakta-mengejutkan-pesta-seks-sesama-jenis-di-sunter-pemilik-rumah-ternyata-sudah-beristri-lho,Advertiser preference,Adult: Sexual content,Restricted ad serving,ca-pub-7784034061253020,3,2025-06-25,2025-06-25
kupang.tribunnews.com,Page,N/A,N/A,kupang.tribunnews.com/tag/vina-garut,Advertiser preference,Adult: Sexual content,Restricted ad serving,ca-pub-7784034061253020,3,2025-06-24,2025-06-24
kupang.tribunnews.com,Page,N/A,N/A,kupang.tribunnews.com/2023/10/30/viral-gadis-asal-sabu-ntt-ditemukan-meninggal-di-kamar-mandi-posisi-bunuh-diri-dinilai-janggal,Advertiser preference,Shocking content,Restricted ad serving,ca-pub-7784034061253020,3,2025-06-23,2025-06-23
kupang.tribunnews.com,Page,N/A,N/A,kupang.tribunnews.com/2019/09/27/ibu-kandung-nekad-berhubungan-badan-dengan-anak-karena-suami-tak-jantan-lagi-siapa-yang-duluan,Advertiser preference,Adult: Sexual content,Restricted ad serving,ca-pub-7784034061253020,3,2025-06-24,2025-06-24
kupang.tribunnews.com,Page,N/A,N/A,kupang.tribunnews.com/2019/08/03/sediakan-servis-bercinta-bertiga-gadis-di-bawah-umur-dipekerjakan-di-panti-pijat-plus-plus,Advertiser preference,Adult: Sexual content,Restricted ad serving,ca-pub-7784034061253020,3,2025-06-25,2025-06-25
kupang.tribunnews.com,Page,N/A,N/A,kupang.tribunnews.com/2018/06/05/11-tradisi-seksual-tak-lazim-yang-bisa-bikin-kamu-syok-hati-hati-bisa-bisa-perut-kamu-jadi-mual,Advertiser preference,Adult: Sexual content,Restricted ad serving,ca-pub-7784034061253020,3,2025-06-25,2025-06-25
kupang.tribunnews.com,Page,N/A,N/A,kupang.tribunnews.com/2017/06/28/bayar-cuma-seiklasnya-gadis-ini-rela-payudaranya-diremas-remas-para-pria,Advertiser preference,Adult: Sexual content,Restricted ad serving,ca-pub-7784034061253020,3,2025-06-24,2025-06-24
kupang.tribunnews.com,Page,N/A,N/A,kupang.tribunnews.com/2017/03/18/mengapa-saat-liburan-aktivitas-seks-lebih-menyenangkan,Advertiser preference,Adult: Sexual content,Restricted ad serving,ca-pub-7784034061253020,3,2025-06-25,2025-06-25
kupang.tribunnews.com,Page,N/A,N/A,kupang.tribunnews.com/2014/09/01/hemm-ini-dia-wanita-pemilik-bokong-terindah-di-korea-selatan,Advertiser preference,Adult: Sexual content,Restricted ad serving,ca-pub-7784034061253020,3,2025-06-25,2025-06-25
jatim.tribunnews.com,Page,N/A,N/A,jatim.tribunnews.com/2017/04/12/baim-wong-pamer-otot-dan-telanjang-setengah-badan-netizen-ngeri-ngeri-geli-liat-efek-fotonya,Policy issue,Site Behavior: Navigation,Restricted ad serving,ca-pub-7784034061253020,3,2025-06-23,2025-06-23
jambi.tribunnews.com,Page,N/A,N/A,jambi.tribunnews.com/2011/10/05/ini-dia-obat-ilegal-dan-palsu-yang-disita,Advertiser preference,Adult: Sexual content,Restricted ad serving,ca-pub-7784034061253020,3,2025-06-25,2025-06-25
batam.tribunnews.com,Page,N/A,N/A,batam.tribunnews.com/2016/08/11/gila-wanita-ingi-ngaku-suka-berhubungan-seks-dengan-anjing,Advertiser preference,Adult: Sexual content,Restricted ad serving,ca-pub-7784034061253020,3,2025-06-24,2025-06-24
banjarmasin.tribunnews.com,Page,N/A,N/A,banjarmasin.tribunnews.com/tag/salon-esek-esek,Advertiser preference,Adult: Sexual content,Restricted ad serving,ca-pub-7784034061253020,3,2025-06-23,2025-06-23
www.tribunnews.com,Page,N/A,N/A,www.tribunnews.com/regional/2010/10/13/raudah-tewas-disiram-getah-cuka-oleh-suami,Policy issue,Ads Disguised as Content,Restricted ad serving,ca-pub-7784034061253020,2,2025-06-25,2025-06-25
www.tribunnews.com,Page,N/A,N/A,www.tribunnews.com/nasional/2019/08/07/menantu-kh-maimoen-zubair-ungkap-keinginan-mbah-moen-sebelum-wafat,Advertiser preference,Shocking content,Restricted ad serving,ca-pub-7784034061253020,2,2025-06-23,2025-06-23
www.tribunjualbeli.com,Page,N/A,N/A,www.tribunjualbeli.com/kalimantan-timur/2269154/viagra-usa-originial-cocok-buat-anda-yang-ingin-tahan-lama-berau,Advertiser preference;Policy issue,Adult: Sexual content;Google-served ads on screens without publisher-content;Healthcare: Prescription drugs,Restricted ad serving,ca-pub-7784034061253020,2,2025-06-19,2025-06-23
www.tribunjualbeli.com,Page,N/A,N/A,www.tribunjualbeli.com/jawa-tengah/2325670/vakum-pembesar-penis-alat-pembesar-vitalitas-pria-solo,Advertiser preference,Adult: Sexual content,Restricted ad serving,ca-pub-7784034061253020,2,2025-06-23,2025-06-24
wartakota.tribunnews.com,Page,N/A,N/A,wartakota.tribunnews.com/2022/05/26/video-tiktokers-berhijab-pamer-payudara-menuai-kecaman-banyak-netizen,Policy issue,Ads Disguised as Content,Restricted ad serving,ca-pub-7784034061253020,2,2025-06-24,2025-06-24
sumsel.tribunnews.com,Page,N/A,N/A,sumsel.tribunnews.com/2013/03/26/pasangan-mesum-diamankan-satpol-pp-lubuk-linggau,Advertiser preference;Policy issue,Google-served ads obscuring content;Modified Javascript: Ads by Google size,Restricted ad serving,ca-pub-7784034061253020,2,2025-06-23,2025-06-23
style.tribunnews.com,Page,N/A,N/A,style.tribunnews.com/2018/01/10/lirik-lagu-mutha-futha-denada-lagu-terbaru-dari-hot-mom-lihat-adegan-terakhir-video-klipnya,Policy issue,Site Behavior: Navigation,Restricted ad serving,ca-pub-7784034061253020,2,2025-06-24,2025-06-24
medan.tribunnews.com,Page,N/A,N/A,medan.tribunnews.com/2012/01/01/pijat-lulur-tradisional-mbak-yani,Advertiser preference,Shocking content,Restricted ad serving,ca-pub-7784034061253020,2,2025-06-24,2025-06-24
m.tribunnews.com,Page,N/A,N/A,m.tribunnews.com/kesehatan/2013/02/06/permen-karet-cinta-bangkitkan-hasrat-seksual-dalam-20-menit,Advertiser preference,Adult: Sexual content;Shocking content,Restricted ad serving,ca-pub-7784034061253020,2,2025-06-24,2025-06-24
kupang.tribunnews.com,Page,N/A,N/A,kupang.tribunnews.com/amp/2014/06/19/psk-sarkem-bisa-layani-5-pelanggan-semalam-tarif-rp-150-ribu-rp-300-ribu,Advertiser preference,Adult: Sexual content,Restricted ad serving,ca-pub-7784034061253020,2,2025-06-24,2025-06-24
jambi.tribunnews.com,Page,N/A,N/A,jambi.tribunnews.com/2017/03/31/7-aktor-film-panas-terkaya-di-dunia-inilah-jumlah-kekayaannya,Policy issue,Google-served ads interfering with content or user interactions,Disabled ad serving,ca-pub-7784034061253020,2,2025-06-23,2025-06-25
jabar.tribunnews.com,Page,N/A,N/A,jabar.tribunnews.com/2019/08/17/berawal-dari-penelusuran-di-twitter-polda-jatim-ungkap-kasus-pasutri-jual-layanan-seks-threesome,Advertiser preference,Adult: Sexual content,Restricted ad serving,ca-pub-7784034061253020,2,2025-06-23,2025-06-23
banjarmasin.tribunnews.com,Page,N/A,N/A,banjarmasin.tribunnews.com/2013/11/09/sebelum-melibatkan-perangkat-seks-komunikasikan-dulu-dengan-pasangan,Advertiser preference,Adult: Sexual content;Shocking content,Restricted ad serving,ca-pub-7784034061253020,2,2025-06-25,2025-06-25
www.tribunnews.com,Page,N/A,N/A,www.tribunnews.com/regional/2011/11/04/di-kupang-107-dari-365-siswi-smp-dan-sma-tak-perawan,Advertiser preference;Policy issue,Google-served ads obscuring content;Modified Javascript: Ads by Google size,Restricted ad serving,ca-pub-7784034061253020,1,2025-06-24,2025-06-24
www.tribunjualbeli.com,Page,N/A,N/A,www.tribunjualbeli.com/kalimantan-timur/2426448/kopi-bongkarr-vitalitas-bpom-halal-1-box-samarinda,Advertiser preference,Adult: Sexual content,Restricted ad serving,ca-pub-7784034061253020,1,2025-06-24,2025-06-24
www.tribunjualbeli.com,Page,N/A,N/A,www.tribunjualbeli.com/jawa-barat/2412726/kopi-bongkar-1-box-isi-10-sachet-bpom-tlpwa-081315086645,Advertiser preference,Adult: Sexual content,Restricted ad serving,ca-pub-7784034061253020,1,2025-06-25,2025-06-25
www.tribunjualbeli.com,Page,N/A,N/A,www.tribunjualbeli.com/dki-jakarta/2558396/kapsul-raja-dayak-asli-jmggroupstore-jakarta-pusat,Advertiser preference,Adult: Sexual content,Restricted ad serving,ca-pub-7784034061253020,1,2025-06-25,2025-06-25
www.tribunjualbeli.com,Page,N/A,N/A,www.tribunjualbeli.com/bangka-belitung/2192832/titan-gell-original-obat-pembesar-mrp-manjur-dan-terpercaya-pangkal-pinang,Advertiser preference,Adult: Sexual content,Restricted ad serving,ca-pub-7784034061253020,1,2025-06-24,2025-06-24
trends.tribunnews.com,Page,N/A,N/A,trends.tribunnews.com/2024/12/07/7-fakta-baby-rae-anak-angkat-jennifer-ipel-dan-ajun-perwira-arti-namanya-indah?page=2,Policy issue,Copyrighted material (DMCA),Disabled ad serving,,1,2025-06-25,2025-06-25
sumsel.tribunnews.com,Page,N/A,N/A,sumsel.tribunnews.com/2023/10/17/sinopsis-dan-jadwal-tayang-film-bioskop-cobweb-kisah-teror-ketukan-dibalik-dinding,Policy issue,Copyrighted material (DMCA),Disabled ad serving,,1,2025-06-25,2025-06-25
lampung.tribunnews.com,Page,N/A,N/A,lampung.tribunnews.com/2015/03/11/bintang-porno-jepang-keluhkan-kurangnya-pemain-pria,Advertiser preference;Policy issue,Google-served ads obscuring content;Modified Javascript: Ads by Google size,Restricted ad serving,ca-pub-7784034061253020,1,2025-06-24,2025-06-24
jambi.tribunnews.com,Page,N/A,N/A,jambi.tribunnews.com/2020/11/07/video-blak-blakan-kakek-sugiono-bongkar-rahasia-lawan-main-ketagihan-telur-dikonsumsi-cara-ini,Policy issue,Ads Disguised as Content,Restricted ad serving,ca-pub-7784034061253020,1,2025-06-23,2025-06-23
bangka.tribunnews.com,Page,N/A,N/A,bangka.tribunnews.com/2018/08/03/tampil-beda-spg-suzuki-meliuk-liuk-di-booth,Policy issue,Site Behavior: Navigation,Restricted ad serving,ca-pub-7784034061253020,1,2025-06-23,2025-06-23
