Site or app,Entity,Platform,App package name or store ID,Issue location,Must fix,Issues,Status,Property codes,Ad requests - last 7 days,Date reported,Last date found
wartakota.tribunnews.com,Page,N/A,N/A,wartakota.tribunnews.com/2025/02/07/10-film-semi-jepang-tanpa-sensor-khusus-ditonton-orang-dewasa,No,Adult: Sexual content,Restricted ad serving,ca-pub-7784034061253020,171000,2025-02-10,2025-02-16
wartakota.tribunnews.com,Page,N/A,N/A,wartakota.tribunnews.com/2025/01/07/12-film-jepang-penuh-adegan-dewasa-terbaik-sepanjang-masa-cocok-ditonton-bersama-pasangan,No,Adult: Sexual content,Restricted ad serving,ca-pub-7784034061253020,77000,2025-02-10,2025-02-16
jateng.tribunnews.com,Page,N/A,N/A,jateng.tribunnews.com/2025/02/14/dampak-efisiensi-anggaran-mulai-terasa-kantor-pemerintah-di-semarang-lebih-gelap,No,Adult: Sexual content,Restricted ad serving,ca-pub-7784034061253020,17000,2025-02-14,2025-02-16
wartakota.tribunnews.com,Page,N/A,N/A,wartakota.tribunnews.com/2025/02/07/10-film-semi-jepang-tanpa-sensor-khusus-ditonton-orang-dewasa?page=2,No,Adult: Sexual content,Restricted ad serving,ca-pub-7784034061253020,7800,2025-02-10,2025-02-16
batam.tribunnews.com,Page,N/A,N/A,batam.tribunnews.com/2025/02/13/pria-yang-disekap-dua-wanita-di-bali-disiksa-tanpa-ampun-tubuh-distrika-kepala-dipukul-botol,No,Shocking content,Restricted ad serving,ca-pub-7784034061253020,7500,2025-02-13,2025-02-15
wartakota.tribunnews.com,Page,N/A,N/A,wartakota.tribunnews.com/2025/01/07/12-film-jepang-penuh-adegan-dewasa-terbaik-sepanjang-masa-cocok-ditonton-bersama-pasangan?page=2,No,Adult: Sexual content,Restricted ad serving,ca-pub-7784034061253020,6700,2025-02-10,2025-02-16
aceh.tribunnews.com,Page,N/A,N/A,aceh.tribunnews.com/2025/02/12/polres-sabang-amankan-4-pelaku-pencurian-mobil-dan-33-helai-baju-diamankan,No,Adult: Sexual content,Restricted ad serving,ca-pub-7784034061253020,6500,2025-02-14,2025-02-16
bali.tribunnews.com,Page,N/A,N/A,bali.tribunnews.com/2025/02/14/jasad-bayi-perempuan-akhirnya-dikremasi-hadirpara-pejabat-bangli-polisi-sebut-masih-dalami-kasus,No,Shocking content,Restricted ad serving,ca-pub-7784034061253020,5500,2025-02-14,2025-02-16
jateng.tribunnews.com,Page,N/A,N/A,jateng.tribunnews.com/2025/02/11/alasan-pak-guru-honorer-meminta-foto-seksi-siswi-sma-terungkap-kini-dipecat,No,Adult: Sexual content,Restricted ad serving,ca-pub-7784034061253020,5300,2025-02-11,2025-02-15
aceh.tribunnews.com,Page,N/A,N/A,aceh.tribunnews.com/2025/02/14/ayah-mertua-bacok-menantu-hingga-tewas-di-langkat-cekcok-saat-dinasehati-agar-tidak-pakai-narkoba,No,Shocking content,Restricted ad serving,ca-pub-7784034061253020,4900,2025-02-14,2025-02-16
bogor.tribunnews.com,Page,N/A,N/A,bogor.tribunnews.com/2025/02/01/kondisi-rohadi-mapala-uhamka-saat-ditemukan-di-gunung-joglo-bogor-posisi-tubuhnya-telungkup?utm_source=pushnotif?source=kgnotif_1,No,Shocking content,Restricted ad serving,ca-pub-7784034061253020,4800,2025-02-10,2025-02-15
jambi.tribunnews.com,Page,N/A,N/A,jambi.tribunnews.com/2018/02/22/2-kategori-dan-49-istilah-yang-sering-digunakan-di-film-biru,No,Adult: Sexual content,Restricted ad serving,ca-pub-7784034061253020,4700,2025-02-10,2025-02-16
sultra.tribunnews.com,Page,N/A,N/A,sultra.tribunnews.com/2023/04/19/video-syakirah-viral-di-tiktok-dan-twitter-kini-16-link-full-videonya-diburu-warganet-sosok-pemeran,No,Adult: Sexual content,Restricted ad serving,ca-pub-7784034061253020,3900,2025-02-10,2025-02-16
m.tribunnews.com,Page,N/A,N/A,m.tribunnews.com/topic/Konflik-Palestina-Vs-Israel,No,Adult: Sexual content,Restricted ad serving,ca-pub-7784034061253020,3800,2025-02-10,2025-02-14
wartakota.tribunnews.com,Page,N/A,N/A,wartakota.tribunnews.com/2025/01/07/12-film-jepang-penuh-adegan-dewasa-terbaik-sepanjang-masa-cocok-ditonton-bersama-pasangan?page=3,No,Adult: Sexual content,Restricted ad serving,ca-pub-7784034061253020,3500,2025-02-10,2025-02-16
sumsel.tribunnews.com,Page,N/A,N/A,sumsel.tribunnews.com/2025/02/14/sadisnya-alfiyanto-bunuh-anak-pacarnya-lalu-dikubur-di-kebun-kopi-dada-korban-dipukul-berkali-kali,No,Shocking content,Restricted ad serving,ca-pub-7784034061253020,3500,2025-02-14,2025-02-14
wartakota.tribunnews.com,Page,N/A,N/A,wartakota.tribunnews.com/amp/2025/02/07/10-film-semi-jepang-tanpa-sensor-khusus-ditonton-orang-dewasa,No,Adult: Sexual content,Restricted ad serving,ca-pub-7784034061253020,3200,2025-02-10,2025-02-16
wartakota.tribunnews.com,Page,N/A,N/A,wartakota.tribunnews.com/2025/02/07/10-film-semi-jepang-tanpa-sensor-khusus-ditonton-orang-dewasa?page=3,No,Adult: Sexual content,Restricted ad serving,ca-pub-7784034061253020,3000,2025-02-10,2025-02-16
style.tribunnews.com,Page,N/A,N/A,style.tribunnews.com/2022/11/04/5-rekomendasi-anime-erotis-tanpa-sensor-penuh-dengan-adegan-syur-ada-serial-high-school-dxd,No,Adult: Sexual content,Restricted ad serving,ca-pub-7784034061253020,2900,2025-02-10,2025-02-16
wartakota.tribunnews.com,Page,N/A,N/A,wartakota.tribunnews.com/2025/01/07/12-film-jepang-penuh-adegan-dewasa-terbaik-sepanjang-masa-cocok-ditonton-bersama-pasangan?page=4,No,Adult: Sexual content,Restricted ad serving,ca-pub-7784034061253020,2800,2025-02-10,2025-02-16
medan.tribunnews.com,Page,N/A,N/A,medan.tribunnews.com/2025/02/13/nasib-pilu-wanita-stroke-di-brebes-disiksa-suami-dan-anak-kandung-selama-3-tahun-rekaman-cctv-viral?page=2,No,Shocking content,Restricted ad serving,ca-pub-7784034061253020,2700,2025-02-13,2025-02-15
bangka.tribunnews.com,Page,N/A,N/A,bangka.tribunnews.com/2016/01/27/begini-cara-mengamankan-akun-facebook-dari-konten-porno,No,Shocking content,Restricted ad serving,ca-pub-7784034061253020,2700,2025-02-10,2025-02-16
aceh.tribunnews.com,Page,N/A,N/A,aceh.tribunnews.com/2021/02/08/arti-mimpi-selingkuh-dengan-istri-orang-atau-sahabat-pertanda-apa,No,Adult: Sexual content,Restricted ad serving,ca-pub-7784034061253020,2500,2025-02-10,2025-02-16
kaltim.tribunnews.com,Page,N/A,N/A,kaltim.tribunnews.com/404,Yes,Google-served ads on screens without publisher-content,Restricted ad serving,ca-pub-7784034061253020,2500,2025-02-10,2025-02-15
batam.tribunnews.com,Page,N/A,N/A,batam.tribunnews.com/2025/02/13/pria-yang-disekap-dua-wanita-di-bali-disiksa-tanpa-ampun-tubuh-distrika-kepala-dipukul-botol?page=2,No,Shocking content,Restricted ad serving,ca-pub-7784034061253020,2500,2025-02-13,2025-02-15
jakarta.tribunnews.com,Page,N/A,N/A,jakarta.tribunnews.com/2024/12/09/perkara-menegur-soal-tas-pria-dipukul-pakai-tongkat-10-kali-di-pelataran-masjid-kawasan-depok,No,Adult: Sexual content,Restricted ad serving,ca-pub-7784034061253020,2400,2025-02-11,2025-02-14
video.tribunnews.com,Page,N/A,N/A,video.tribunnews.com/view/802494/ciri-ciri-korban-mutilasi-jombang-terungkap-diduga-dieksekusi-saat-masih-hidup-sidik-jari-rusak,No,Shocking content,Restricted ad serving,ca-pub-7784034061253020,2300,2025-02-14,2025-02-15
m.tribunnews.com,Page,N/A,N/A,m.tribunnews.com/topic/konflik-palestina-vs-israel,No,Adult: Sexual content,Restricted ad serving,ca-pub-7784034061253020,2300,2025-02-10,2025-02-15
makassar.tribunnews.com,Page,N/A,N/A,makassar.tribunnews.com/2020/07/06/ciri-ciri-wanita-tidak-perawan-lihat-6-bentuk-fisiknya?page=2,No,Adult: Sexual content,Restricted ad serving,ca-pub-7784034061253020,2300,2025-02-10,2025-02-16
pekanbaru.tribunnews.com,Page,N/A,N/A,pekanbaru.tribunnews.com/2023/09/04/twitter-video-viral-becca-dicari-link-video-viral-1-menit-58-detik-mirip-rebecca-klopper-beredar,No,Adult: Sexual content,Restricted ad serving,ca-pub-7784034061253020,2300,2025-02-10,2025-02-16
kaltim.tribunnews.com,Page,N/A,N/A,kaltim.tribunnews.com/2024/08/08/video-viral-erika-blunder-8-menit-prank-ojol-apa-isinya-klarifikasi-dan-faktasebenarnya,No,Adult: Sexual content,Restricted ad serving,ca-pub-7784034061253020,2200,2025-02-10,2025-02-16
bali.tribunnews.com,Page,N/A,N/A,bali.tribunnews.com/buleleng,No,Adult: Sexual content,Restricted ad serving,ca-pub-7784034061253020,2200,2025-02-12,2025-02-14
wartakota.tribunnews.com,Page,N/A,N/A,wartakota.tribunnews.com/2025/02/14/7-pink-film-jepang-disisipi-adegan-romantis-erotis-untuk-tontonan-dewasa,No,Adult: Sexual content,Restricted ad serving,ca-pub-7784034061253020,2200,2025-02-13,2025-02-16
kupang.tribunnews.com,Page,N/A,N/A,kupang.tribunnews.com/2022/10/10/link-tiktok-dewasa-aplikasi-tiktok-18-plus-dengan-video-vulgar-bukan-untuk-anak-anak,No,Adult: Sexual content,Restricted ad serving,ca-pub-7784034061253020,2100,2025-02-10,2025-02-16
sumsel.tribunnews.com,Page,N/A,N/A,sumsel.tribunnews.com/2025/02/15/video-suami-di-kalideres-bacok-pria-selingkuhan-istri-hingga-tewas-gelap-mata-usai-baca-chat-mesra,No,Shocking content,Restricted ad serving,ca-pub-7784034061253020;ca-video-pub-7784034061253020,2100,2025-02-14,2025-02-15
jateng.tribunnews.com,Page,N/A,N/A,jateng.tribunnews.com/2025/02/14/viral-warga-ungaran-dipalak-preman-pilih-lapor-ke-damkar-pelaku-langsung-ditangkap,No,Adult: Sexual content,Restricted ad serving,ca-pub-7784034061253020,1900,2025-02-13,2025-02-16
wartakota.tribunnews.com,Page,N/A,N/A,wartakota.tribunnews.com/2025/02/07/10-film-semi-jepang-tanpa-sensor-khusus-ditonton-orang-dewasa?page=4,No,Adult: Sexual content,Restricted ad serving,ca-pub-7784034061253020,1800,2025-02-10,2025-02-16
jatim.tribunnews.com,Page,N/A,N/A,jatim.tribunnews.com/2025/02/11/polisi-tangkap-3-pelaku-pengeroyokan-di-jalan-banjarsugihan-surabaya-yang-viral-terekam-video,No,Shocking content,Restricted ad serving,ca-pub-7784034061253020,1700,2025-02-11,2025-02-14
bangka.tribunnews.com,Page,N/A,N/A,bangka.tribunnews.com/2017/09/14/bertobat-pemeran-tarzan-x-tinggalkan-film-biru-setelah-banyak-merenung?page=all,No,Adult: Sexual content,Restricted ad serving,ca-pub-7784034061253020,1700,2025-02-10,2025-02-16
medan.tribunnews.com,Page,N/A,N/A,medan.tribunnews.com/2025/02/16/profil-sandy-harun-mantan-istri-tommy-soeharto-ngaku-beri-izin-ida-iasha-jadi-ibu-kedua-putrinya,No,Adult: Sexual content,Restricted ad serving,ca-pub-7784034061253020,1600,2025-02-15,2025-02-15
batam.tribunnews.com,Page,N/A,N/A,batam.tribunnews.com/2025/02/15/korban-pemalakan-di-batam-trauma-tak-mau-datang-lagi-ke-bukit-cabuci-usai-kepalanya-bocor-dipukuli,No,Shocking content,Restricted ad serving,ca-pub-7784034061253020,1500,2025-02-16,2025-02-16
madura.tribunnews.com,Page,N/A,N/A,madura.tribunnews.com/2023/07/05/daftar-harga-rokok-filter-di-indomaret-l-a-rokok-filter-ice-purple-rp-30-ribu-clas-mild-rp-21-ribu,No,Tobacco,Restricted ad serving,ca-pub-7784034061253020,1500,2025-02-10,2025-02-16
newsmaker.tribunnews.com,Page,N/A,N/A,newsmaker.tribunnews.com/2023/12/26/kunci-jawaban-bahasa-indonesia-kelas-2-hal-129-mengapa-arai-tidak-punya-uang-untuk-membeli-kue,No,Adult: Sexual content,Restricted ad serving,ca-pub-7784034061253020,1500,2025-02-10,2025-02-16
makassar.tribunnews.com,Page,N/A,N/A,makassar.tribunnews.com/2021/07/20/cara-mudah-perbesar-ukuran-kejantanan-pria-dengan-daun-jarak-hasil-maksimal-harus-rutin-terapi,No,Adult: Sexual content,Restricted ad serving,ca-pub-7784034061253020,1500,2025-02-10,2025-02-16
pontianak.tribunnews.com,Page,N/A,N/A,pontianak.tribunnews.com/kalbar/kapuashulu,Yes,Encouraging accidental clicks: Layout,Restricted ad serving,ca-pub-7784034061253020,1500,2025-02-10,2025-02-16
bangka.tribunnews.com,Page,N/A,N/A,bangka.tribunnews.com/2020/10/12/5-posisi-bercinta-agar-perempuan-raih-kepuasan-wot-hingga-sideways-straddle,No,Adult: Sexual content,Restricted ad serving,ca-pub-7784034061253020,1400,2025-02-10,2025-02-16
makassar.tribunnews.com,Page,N/A,N/A,makassar.tribunnews.com/2020/07/06/ciri-ciri-wanita-tidak-perawan-lihat-6-bentuk-fisiknya?page=3,No,Adult: Sexual content,Restricted ad serving,ca-pub-7784034061253020,1400,2025-02-10,2025-02-16
bali.tribunnews.com,Page,N/A,N/A,bali.tribunnews.com/topic/penemuan-mayat-di-buleleng,No,Adult: Sexual content,Restricted ad serving,ca-pub-7784034061253020,1400,2025-02-12,2025-02-15
jambi.tribunnews.com,Page,N/A,N/A,jambi.tribunnews.com/,No,Adult: Sexual content,Restricted ad serving,ca-pub-7784034061253020,1400,2025-02-16,2025-02-16
jateng.tribunnews.com,Page,N/A,N/A,jateng.tribunnews.com/2022/03/12/tsubomi-artis-film-jepang-jav-hamil-seusai-main-dengan-aktor-pria-tanpa-pengaman,No,Adult: Sexual content,Restricted ad serving,ca-pub-7784034061253020,1300,2025-02-10,2025-02-16
surabaya.tribunnews.com,Page,N/A,N/A,surabaya.tribunnews.com/2020/11/10/lirik-dan-arti-sholawat-law-kana-bainanal-habib,No,Google-served ads obscuring content,Restricted ad serving,ca-pub-7784034061253020,1300,2025-02-10,2025-02-16
jogja.tribunnews.com,Page,N/A,N/A,jogja.tribunnews.com/2023/09/23/lirik-dan-terjemahan-lagu-youre-on-your-own-kid-taylor-swift,No,Adult: Sexual content,Restricted ad serving,ca-pub-7784034061253020,1300,2025-02-10,2025-02-16
wartakota.tribunnews.com,Page,N/A,N/A,wartakota.tribunnews.com/2023/08/22/film-jepang-terbaik-2023-cocok-ditonton-pasangan-muda-baru-menikah-berikut-ini-daftar-lengkapnya,No,Adult: Sexual content,Restricted ad serving,ca-pub-7784034061253020,1300,2025-02-14,2025-02-16
kaltim.tribunnews.com,Page,N/A,N/A,kaltim.tribunnews.com/2024/08/15/biodata-erika-putri-sosoknya-viral-gegara-video-blunder-8-menit-prank-ojol,No,Adult: Sexual content,Restricted ad serving,ca-pub-7784034061253020,1200,2025-02-10,2025-02-15
wartakota.tribunnews.com,Page,N/A,N/A,wartakota.tribunnews.com/epaper/,No,Google-served ads obscuring content,Restricted ad serving,ca-pub-7784034061253020,1200,2025-02-10,2025-02-16
bogor.tribunnews.com,Page,N/A,N/A,bogor.tribunnews.com/2025/02/13/viral-curhat-wanita-stroke-3-tahun-disiksa-suami-dan-anak-sulung-anak-kedua-syok-lihat-rekaman-cctv?page=2,No,Shocking content,Restricted ad serving,ca-pub-7784034061253020,1200,2025-02-12,2025-02-14
newsmaker.tribunnews.com,Page,N/A,N/A,newsmaker.tribunnews.com/2024/01/04/kunci-jawaban-bahasa-indonesia-kelas-2-sd-halaman-120-121-kurikulum-merdeka-apa-yang-dimaksud-jasa,No,Adult: Sexual content,Restricted ad serving,ca-pub-7784034061253020,1200,2025-02-10,2025-02-14
wartakota.tribunnews.com,Page,N/A,N/A,wartakota.tribunnews.com/amp/2025/01/07/12-film-jepang-penuh-adegan-dewasa-terbaik-sepanjang-masa-cocok-ditonton-bersama-pasangan,No,Adult: Sexual content,Restricted ad serving,ca-pub-7784034061253020,1200,2025-02-10,2025-02-16
jatim.tribunnews.com,Page,N/A,N/A,jatim.tribunnews.com/2025/02/03/pantas-pengadilan-tegas-eksekusi-rumah-meski-diprotes-warga-status-hukum-shm-disebut-tak-kuat?page=3,No,Shocking content,Restricted ad serving,ca-pub-7784034061253020,1100,2025-02-10,2025-02-16
aceh.tribunnews.com,Page,N/A,N/A,aceh.tribunnews.com/2021/06/16/suami-istri-adalah-muhrim-apakah-batal-wudhunya-jika-bersentuhan-kulit-simak-kata-uas-buya-yahya,No,Google-served ads obscuring content,Restricted ad serving,ca-pub-7784034061253020,1100,2025-02-10,2025-02-16
style.tribunnews.com,Page,N/A,N/A,style.tribunnews.com/2023/02/08/5-anime-yang-penuh-dengan-adegan-panas-17-ada-yosuga-no-sora-waspada-bocil-dilarang-nonton,No,Adult: Sexual content,Restricted ad serving,ca-pub-7784034061253020,1100,2025-02-10,2025-02-15
bangka.tribunnews.com,Page,N/A,N/A,bangka.tribunnews.com/2022/03/06/begini-cara-meracik-merica-kopi-telur-dan-madu-sebagai-obat-kuat-pria-minum-pas-hangat,No,Adult: Sexual content,Restricted ad serving,ca-pub-7784034061253020,1100,2025-02-10,2025-02-16
www.tribunnews.com,Page,N/A,N/A,www.tribunnews.com/regional/2025/02/14/kejamnya-pria-bunuh-anak-pacar-di-jember-dipukul-berkali-kali-lalu-dimasukkan-ke-karung,No,Shocking content,Restricted ad serving,ca-pub-7784034061253020,1100,2025-02-14,2025-02-14
bogor.tribunnews.com,Page,N/A,N/A,bogor.tribunnews.com/2025/02/13/viral-curhat-wanita-stroke-3-tahun-disiksa-suami-dan-anak-sulung-anak-kedua-syok-lihat-rekaman-cctv,No,Shocking content,Restricted ad serving,ca-pub-7784034061253020,1100,2025-02-12,2025-02-14
wartakota.tribunnews.com,Page,N/A,N/A,wartakota.tribunnews.com/2025/01/11/20-film-sensual-jepang-buat-pasangan-dewasa-yang-sudah-menikah-dilengkapi-sinopsis,No,Adult: Sexual content,Restricted ad serving,ca-pub-7784034061253020,1100,2025-02-10,2025-02-15
style.tribunnews.com,Page,N/A,N/A,style.tribunnews.com/2021/07/30/tontonan-dewasa-5-anime-18-ini-penuh-adegan-fanservice-jangan-nonton-bareng-anak-kecil,No,Adult: Sexual content,Restricted ad serving,ca-pub-7784034061253020,1000,2025-02-10,2025-02-16
makassar.tribunnews.com,Page,N/A,N/A,makassar.tribunnews.com/2025/01/30/2-pekan-2-nyawa-melayang-akibat-kecelakaan-di-jl-galangan-kapal-makassar-polisi-kurang-konsentrasi?source=kgnotif_1,No,Shocking content,Restricted ad serving,ca-pub-7784034061253020,1000,2025-02-10,2025-02-16
jateng.tribunnews.com,Page,N/A,N/A,jateng.tribunnews.com/semarang,No,Adult: Sexual content,Restricted ad serving,ca-pub-7784034061253020,1000,2025-02-14,2025-02-15
jambi.tribunnews.com,Page,N/A,N/A,jambi.tribunnews.com/2019/12/04/lima-wanita-bintang-film-dewasa-paling-favorit-nomor-4-kategori-adegan-sesama-jenis-terbaik,No,Adult: Sexual content,Restricted ad serving,ca-pub-7784034061253020,994,2025-02-10,2025-02-16
jambi.tribunnews.com,Page,N/A,N/A,jambi.tribunnews.com/2025/02/16/bukannya-lapor-polisi-warga-ungaran-pilih-lapor-damkar-usai-dipalak-preman-pelaku-ditangkap,No,Adult: Sexual content,Restricted ad serving,ca-pub-7784034061253020,990,2025-02-16,2025-02-16
kaltim.tribunnews.com,Page,N/A,N/A,kaltim.tribunnews.com/2023/06/06/dilarang-tayang-di-indonesia-5-anime-penuh-adegan-panas-18-tanpa-sensor?page=all,No,Adult: Sexual content,Restricted ad serving,ca-pub-7784034061253020,982,2025-02-10,2025-02-15
bali.tribunnews.com,Page,N/A,N/A,bali.tribunnews.com/2025/01/29/9-warga-banjar-angklung-gianyar-terancam-hukuman-mati-berawal-unggahan-berbau-sara,No,Shocking content,Restricted ad serving,ca-pub-7784034061253020,979,2025-02-10,2025-02-15
banjarmasin.tribunnews.com,Page,N/A,N/A,banjarmasin.tribunnews.com/kalsel/tapin,No,Google-served ads obscuring content,Restricted ad serving,ca-pub-7784034061253020,958,2025-02-10,2025-02-16
style.tribunnews.com,Page,N/A,N/A,style.tribunnews.com/2017/08/22/4-anime-dewasa-yang-tidak-boleh-ditonton-anak-kecil-awas-banyak-adegan-erotisnya,No,Adult: Sexual content,Restricted ad serving,ca-pub-7784034061253020,943,2025-02-10,2025-02-15
aceh.tribunnews.com,Page,N/A,N/A,aceh.tribunnews.com/2025/02/04/cara-menggunakan-hailuo-ai-kungfu-yang-lagi-viral-di-tiktok-ubag-foto-jadi-video-kungfu,No,Adult: Sexual content,Restricted ad serving,ca-pub-7784034061253020,906,2025-02-12,2025-02-16
lampung.tribunnews.com,Page,N/A,N/A,lampung.tribunnews.com/2016/02/08/video-benjolan-membengkak-di-dada-meledak-usai-diremas,Yes,Site Behavior: Navigation,Restricted ad serving,ca-pub-7784034061253020,883,2025-02-10,2025-02-16
kaltim.tribunnews.com,Page,N/A,N/A,kaltim.tribunnews.com/2023/02/12/6-anime-yang-haram-ditonton-oleh-bocil-miliki-adegan-dan-karakter-panas-tanpa-sensor,No,Adult: Sexual content,Restricted ad serving,ca-pub-7784034061253020,861,2025-02-10,2025-02-16
kupang.tribunnews.com,Page,N/A,N/A,kupang.tribunnews.com/2019/09/16/26-tanda-wanita-mempermainkan-perasaanmu-nomor-8-10-23-25-dan-26-bikin-baper,No,Adult: Sexual content,Restricted ad serving,ca-pub-7784034061253020,854,2025-02-10,2025-02-16
jatim.tribunnews.com,Page,N/A,N/A,jatim.tribunnews.com/2025/01/27/kesal-tanah-diserobot-perusahaan-lansia-tiduran-hadang-truk-tambang-minta-bantuan-presiden,No,Shocking content,Restricted ad serving,ca-pub-7784034061253020,851,2025-02-14,2025-02-16
aceh.tribunnews.com,Page,N/A,N/A,aceh.tribunnews.com/2024/11/09/sering-masturbasi-atau-coli-apa-benar-bisa-bikin-ejakulasi-dini-dr-boyke-alihkan-ke-hal-positif,No,Adult: Sexual content,Restricted ad serving,ca-pub-7784034061253020,831,2025-02-10,2025-02-15
jateng.tribunnews.com,Page,N/A,N/A,jateng.tribunnews.com/2024/02/28/segini-tarif-harga-terapi-alat-vital-di-h-saepudin-cucu-mak-erot,No,Adult: Sexual content,Restricted ad serving,ca-pub-7784034061253020,830,2025-02-10,2025-02-16
pontianak.tribunnews.com,Page,N/A,N/A,pontianak.tribunnews.com/2018/01/28/inilah-7-ciri-wanita-kecanduan-masturbasi-7-persen-cewek-melakukannya-setiap-hari,No,Adult: Sexual content,Restricted ad serving,ca-pub-7784034061253020,829,2025-02-10,2025-02-16
jogja.tribunnews.com,Page,N/A,N/A,jogja.tribunnews.com/2023/07/22/apa-itu-bdsm-begini-sejarah-dan-ciri-ciri-orang-yang-suka-sadomasokisme,No,Adult: Sexual content,Restricted ad serving,ca-pub-7784034061253020,827,2025-02-10,2025-02-15
bangka.tribunnews.com,Page,N/A,N/A,bangka.tribunnews.com/2023/01/22/siapa-tokyo-lagi-seleb-tiktok-yang-bikin-pria-terpana-ini-nama-lengkap-asal-umur-akun-ig-nya,No,Google-served ads obscuring content,Restricted ad serving,ca-pub-7784034061253020,811,2025-02-10,2025-02-16
bengkulu.tribunnews.com,Page,N/A,N/A,bengkulu.tribunnews.com/2022/08/30/film-dewasa-terbaik-di-idlix-khusus-18-nonton-streaming-gratis-ternyata-ada-film-indonesia,No,Adult: Sexual content,Restricted ad serving,ca-pub-7784034061253020,806,2025-02-10,2025-02-15
bangka.tribunnews.com,Page,N/A,N/A,bangka.tribunnews.com/2020/10/12/5-posisi-bercinta-agar-perempuan-raih-kepuasan-wot-hingga-sideways-straddle?page=all,No,Adult: Sexual content,Restricted ad serving,ca-pub-7784034061253020,798,2025-02-10,2025-02-16
aceh.tribunnews.com,Page,N/A,N/A,aceh.tribunnews.com/2024/08/30/benarkah-bentuk-penis-yang-bengkok-lebih-memuaskan-pasangan-ini-jawaban-dr-boyke,No,Adult: Sexual content,Restricted ad serving,ca-pub-7784034061253020,783,2025-02-10,2025-02-16
manado.tribunnews.com,Page,N/A,N/A,manado.tribunnews.com/kesehatan,No,Adult: Sexual content,Restricted ad serving,ca-pub-7784034061253020,778,2025-02-10,2025-02-16
trends.tribunnews.com,Page,N/A,N/A,trends.tribunnews.com/2023/12/07/apa-arti-pijat-plus-plus-istilah-viral-tiktok-sering-muncul-dalam-bahasa-gaul-ini-maknanya,No,Adult: Sexual content,Restricted ad serving,ca-pub-7784034061253020,772,2025-02-10,2025-02-16
kupang.tribunnews.com,Page,N/A,N/A,kupang.tribunnews.com/404,Yes,Google-served ads on screens without publisher-content,Restricted ad serving,ca-pub-7784034061253020,757,2025-02-11,2025-02-16
jatim.tribunnews.com,Page,N/A,N/A,jatim.tribunnews.com/2023/12/03/ikut-sunatan-massal-alat-kelamin-bocah-usia-8-tahun-malah-terpotong-pihak-puskemas-bungkam?page=3,No,Shocking content,Restricted ad serving,ca-pub-7784034061253020,755,2025-02-12,2025-02-14
bekasi.tribunnews.com,Page,N/A,N/A,bekasi.tribunnews.com/2022/10/23/kumpulan-film-jepang-khusus-dewasa-subtitle-indonesia-resolusi-hd-dan-durasi-dua-jam-ini-daftarnya,Yes,Ads Disguised as Content;Adult: Sexual content,Restricted ad serving,ca-pub-7784034061253020,740,2025-02-10,2025-02-16
pekanbaru.tribunnews.com,Page,N/A,N/A,pekanbaru.tribunnews.com/2023/01/02/simontok-viral-berikut-link-download-simontok-apk-vpn-android-2022,No,Adult: Sexual content,Restricted ad serving,ca-pub-7784034061253020,739,2025-02-10,2025-02-16
surabaya.tribunnews.com,Page,N/A,N/A,surabaya.tribunnews.com/404,Yes,Google-served ads on screens without publisher-content,Restricted ad serving,ca-pub-7784034061253020,727,2025-02-10,2025-02-16
belitung.tribunnews.com,Page,N/A,N/A,belitung.tribunnews.com/2021/11/11/bahan-ramuan-stamina-suami-kuat-di-ranjang-ada-di-dapur-khasiat-bumbu-ini-untuk-tahan-lama,No,Adult: Sexual content,Restricted ad serving,ca-pub-7784034061253020,720,2025-02-10,2025-02-16
sultra.tribunnews.com,Page,N/A,N/A,sultra.tribunnews.com/2023/02/20/video-erika-viral-di-tiktok-prank-ojol-full-1-menit-31-detik-awalnya-masuk-rumah-lalu-kamar-mandi,No,Adult: Sexual content,Restricted ad serving,ca-pub-7784034061253020,711,2025-02-10,2025-02-15
m.tribunnews.com,Page,N/A,N/A,m.tribunnews.com/tag/video-call-sex-vcs,No,Adult: Sexual content,Restricted ad serving,ca-pub-7784034061253020,705,2025-02-10,2025-02-16
trends.tribunnews.com,Page,N/A,N/A,trends.tribunnews.com/2023/10/21/apa-arti-ani-ani-istilah-viral-tiktok-di-bahasa-gaul-sering-disandingkan-dengan-gadun-ini-maknanya,No,Adult: Sexual content,Restricted ad serving,ca-pub-7784034061253020,701,2025-02-13,2025-02-16
jogja.tribunnews.com,Page,N/A,N/A,jogja.tribunnews.com/2016/10/22/mengapa-disebut-blue-film-ini-sejarahnya,No,Google-served ads obscuring content,Restricted ad serving,ca-pub-7784034061253020,697,2025-02-10,2025-02-16
wartakota.tribunnews.com,Page,N/A,N/A,wartakota.tribunnews.com/2020/10/21/ternyata-ini-arti-mimpi-berhubungan-intim-dengan-banyak-orang,Yes,Ads Disguised as Content;Adult: Sexual content,Restricted ad serving,ca-pub-7784034061253020,688,2025-02-10,2025-02-15
makassar.tribunnews.com,Page,N/A,N/A,makassar.tribunnews.com/2020/07/06/ciri-ciri-wanita-tidak-perawan-lihat-6-bentuk-fisiknya?page=4,No,Adult: Sexual content,Restricted ad serving,ca-pub-7784034061253020,673,2025-02-10,2025-02-15
pekanbaru.tribunnews.com,Page,N/A,N/A,pekanbaru.tribunnews.com/2025/02/14/jasad-bocah-6-tahun-dibungkus-karung-putih-di-jember-dikubur-hidup-hidup-ini-kata-kasatreskrim,No,Shocking content,Restricted ad serving,ca-pub-7784034061253020,672,2025-02-14,2025-02-14
bangka.tribunnews.com,Page,N/A,N/A,bangka.tribunnews.com/2022/04/04/inilah-daftar-harga-rokok-di-indomaret-april-2022-gudang-garam-merah-rp14000?page=all,No,Shocking content;Tobacco,Restricted ad serving,ca-pub-7784034061253020,667,2025-02-10,2025-02-16
pekanbaru.tribunnews.com,Page,N/A,N/A,pekanbaru.tribunnews.com/2022/07/06/inilah-kode-istilah-dalam-dunia-prostitusi-michat-st-lt-gh-exclude,No,Adult: Sexual content,Restricted ad serving,ca-pub-7784034061253020,664,2025-02-11,2025-02-16
bengkulu.tribunnews.com,Page,N/A,N/A,bengkulu.tribunnews.com/2022/08/30/film-dewasa-terbaik-di-idlix-khusus-18-nonton-streaming-gratis-ternyata-ada-film-indonesia?page=all,No,Adult: Sexual content,Restricted ad serving,ca-pub-7784034061253020,663,2025-02-10,2025-02-15
m.tribunnews.com,Page,N/A,N/A,m.tribunnews.com/regional/2025/02/13/hasil-autopsi-jasad-tanpa-kepala-di-jombang-pelaku-mutilasi-buang-potongan-tubuh-di-lokasi-berbeda,No,Shocking content,Restricted ad serving,ca-pub-7784034061253020,655,2025-02-13,2025-02-15
wartakota.tribunnews.com,Page,N/A,N/A,wartakota.tribunnews.com/tag/film-semi-jepang,No,Adult: Sexual content,Restricted ad serving,ca-pub-7784034061253020,654,2025-02-10,2025-02-15
bali.tribunnews.com,Page,N/A,N/A,bali.tribunnews.com/2025/02/05/jadi-perjalanan-terakhir-putu-esa-tak-sampai-sekolah-di-jembrana-sopir-telah-beri-isyarat,No,Shocking content,Restricted ad serving,ca-pub-7784034061253020,653,2025-02-11,2025-02-14
surabaya.tribunnews.com,Page,N/A,N/A,surabaya.tribunnews.com/2025/02/05/pengakuan-terbaru-antok-si-psikopat-pemutilasi-uswatun-khasanah-ekspresi-tanpa-dosa-disorot?page=3,No,Shocking content,Restricted ad serving,ca-pub-7784034061253020,647,2025-02-13,2025-02-15
pekanbaru.tribunnews.com,Page,N/A,N/A,pekanbaru.tribunnews.com/2023/10/20/viral-kakak-adik-16-menit-44-detik-soal-video-viral-adegan-dewasa,No,Adult: Sexual content,Restricted ad serving,ca-pub-7784034061253020,641,2025-02-11,2025-02-15
m.tribunnews.com,Page,N/A,N/A,m.tribunnews.com/regional/2025/02/14/kejamnya-pria-bunuh-anak-pacar-di-jember-dipukul-berkali-kali-lalu-dimasukkan-ke-karung,No,Shocking content,Restricted ad serving,ca-pub-7784034061253020,640,2025-02-14,2025-02-14
wartakota.tribunnews.com,Page,N/A,N/A,wartakota.tribunnews.com/2020/11/07/link-download-video-full-gisel-viral-di-medsos-jadi-buruan-warganet-di-twitter-dan-telegram,Yes,Ads Disguised as Content;Adult: Sexual content,Restricted ad serving,ca-pub-7784034061253020,632,2025-02-10,2025-02-16
aceh.tribunnews.com,Page,N/A,N/A,aceh.tribunnews.com/2022/08/20/mitos-atau-fakta-benarkah-wanita-berbulu-lebat-punya-gairah-seksual-tinggi-begini-kata-dr-boyke,No,Adult: Sexual content,Restricted ad serving,ca-pub-7784034061253020,627,2025-02-10,2025-02-16
medan.tribunnews.com,Page,N/A,N/A,medan.tribunnews.com/news/internasional,Yes,Encouraging accidental clicks: Layout;Google-served ads obscuring content,Restricted ad serving,ca-pub-7784034061253020,613,2025-02-10,2025-02-15
bekasi.tribunnews.com,Page,N/A,N/A,bekasi.tribunnews.com/2022/12/06/deretan-film-jepang-terbaru-khusus-penonton-berusia-dewasa-berbahasa-indonesia-hingga-beresolusi-hd,Yes,Encouraging accidental clicks: Layout,Restricted ad serving,ca-pub-7784034061253020,611,2025-02-10,2025-02-16
palembang.tribunnews.com,Page,N/A,N/A,palembang.tribunnews.com/2017/11/20/bikin-geleng-geleng-10-wanita-ini-disebut-sebagai-bintang-film-panas-paling-tajir-di-dunia,No,Adult: Sexual content,Restricted ad serving,ca-pub-7784034061253020,607,2025-02-10,2025-02-15
wartakota.tribunnews.com,Page,N/A,N/A,wartakota.tribunnews.com/2025/02/07/10-film-semi-jepang-tanpa-sensor-khusus-ditonton-orang-dewasa?page=all,No,Adult: Sexual content,Restricted ad serving,ca-pub-7784034061253020,604,2025-02-11,2025-02-16
bengkulu.tribunnews.com,Page,N/A,N/A,bengkulu.tribunnews.com/2022/07/29/baca-manhwa-dimana-manhwaindo-manhwaland-situs-dan-aplikasi-baca-manhwa-online-terlengkap-gratis,No,Adult: Sexual content,Restricted ad serving,ca-pub-7784034061253020,598,2025-02-12,2025-02-15
kupang.tribunnews.com,Page,N/A,N/A,kupang.tribunnews.com/2015/04/22/banyak-jasa-layanan-pijat-yang-plus-plus-berikut-ini-ciri-cirinya,No,Adult: Sexual content,Restricted ad serving,ca-pub-7784034061253020,592,2025-02-10,2025-02-15
bangka.tribunnews.com,Page,N/A,N/A,bangka.tribunnews.com/2016/08/27/ternyata-beginilah-cara-jin-meniduri-wanita-saat-tidur-ini-cara-mencegahnya,No,Shocking content,Restricted ad serving,ca-pub-7784034061253020,558,2025-02-10,2025-02-15
kaltim.tribunnews.com,Page,N/A,N/A,kaltim.tribunnews.com/2024/08/11/video-viral-erika-putri-dan-ojol-8-menit-blunder-masih-dicari-si-selebgram-respons-santai,No,Adult: Sexual content,Restricted ad serving,ca-pub-7784034061253020,556,2025-02-10,2025-02-14
jambi.tribunnews.com,Page,N/A,N/A,jambi.tribunnews.com/2018/02/22/2-kategori-dan-49-istilah-yang-sering-digunakan-di-film-biru?page=all,No,Adult: Sexual content,Restricted ad serving,ca-pub-7784034061253020,545,2025-02-10,2025-02-16
jambi.tribunnews.com,Page,N/A,N/A,jambi.tribunnews.com/2018/01/18/perhatikan-ini-ciri-wanita-yang-sering-melakukan-masturbasi-7-tanda-ini-bakal-mengungkapkannya,No,Adult: Sexual content,Restricted ad serving,ca-pub-7784034061253020,540,2025-02-10,2025-02-16
pontianak.tribunnews.com,Page,N/A,N/A,pontianak.tribunnews.com/2018/05/28/6-ciri-wanita-sudah-tak-perawan-mulai-hidung-mata-payudara-hingga-bentuk-punggung,No,Adult: Sexual content,Restricted ad serving,ca-pub-7784034061253020,538,2025-02-10,2025-02-16
m.tribunnews.com,Page,N/A,N/A,m.tribunnews.com/internasional/2025/02/05/senator-as-kecam-pernyataan-trump-soal-ambil-alih-jalur-gaza-dia-benar-benar-kehilangan-akal,No,Adult: Sexual content,Restricted ad serving,ca-pub-7784034061253020,527,2025-02-13,2025-02-15
pekanbaru.tribunnews.com,Page,N/A,N/A,pekanbaru.tribunnews.com/2023/02/01/daftar-film-yoo-jung-ii,No,Adult: Sexual content,Restricted ad serving,ca-pub-7784034061253020,523,2025-02-11,2025-02-15
trends.tribunnews.com,Page,N/A,N/A,trends.tribunnews.com/2024/03/31/apa-arti-creampie-istilah-viral-tiktok-bukan-makanan-tapi-kosakata-dewasa-jangan-sembarang-diucap,No,Adult: Sexual content,Restricted ad serving,ca-pub-7784034061253020,509,2025-02-10,2025-02-15
pekanbaru.tribunnews.com,Page,N/A,N/A,pekanbaru.tribunnews.com/2023/09/04/link-video-viral-artis-malaysia-ms-puiyi-onlyfans-beredar-di-twitter,No,Adult: Sexual content,Restricted ad serving,ca-pub-7784034061253020,502,2025-02-11,2025-02-15
pekanbaru.tribunnews.com,Page,N/A,N/A,pekanbaru.tribunnews.com/2023/10/20/video-viral-kakak-adik-16-menit-44-detik-dicari-link-video-disebar-di-twitter,No,Adult: Sexual content,Restricted ad serving,ca-pub-7784034061253020,498,2025-02-11,2025-02-15
wartakota.tribunnews.com,Page,N/A,N/A,wartakota.tribunnews.com/2025/02/07/10-film-semi-jepang-tanpa-sensor-khusus-ditonton-orang-dewasa?lgn_method=google&google_btn=onetap,No,Adult: Sexual content,Restricted ad serving,ca-pub-7784034061253020,490,2025-02-10,2025-02-15
surabaya.tribunnews.com,Page,N/A,N/A,surabaya.tribunnews.com/2025/02/05/pengakuan-terbaru-antok-si-psikopat-pemutilasi-uswatun-khasanah-ekspresi-tanpa-dosa-disorot?page=4,No,Shocking content,Restricted ad serving,ca-pub-7784034061253020,489,2025-02-13,2025-02-14
medan.tribunnews.com,Page,N/A,N/A,medan.tribunnews.com/2021/12/12/video-adegan-ranjang-selebgram-tante-sisca-mellyana-hingga-heboh-soal-apem-sultan,Yes,Ads Disguised as Content;Adult: Sexual content,Restricted ad serving,ca-pub-7784034061253020,489,2025-02-10,2025-02-15
medan.tribunnews.com,Page,N/A,N/A,medan.tribunnews.com/2022/04/02/motif-ayu-dewanti-kerap-rekam-dirinya-tanpa-busana-dan-hubungan-intim-lalu-diunggah-ke-media-sosial,No,Adult: Sexual content,Restricted ad serving,ca-pub-7784034061253020,488,2025-02-10,2025-02-15
bali.tribunnews.com,Page,N/A,N/A,bali.tribunnews.com/2020/04/24/5-arti-mimpi-bercinta-dengan-rekan-kerja-hingga-teman-dekat-benarkah-pertanda-baik,No,Adult: Sexual content,Restricted ad serving,ca-pub-7784034061253020,484,2025-02-11,2025-02-15
jabar.tribunnews.com,Page,N/A,N/A,jabar.tribunnews.com/2013/02/08/inilah-10-bintang-film-panas-paling-berpendidikan-tinggi,No,Adult: Sexual content,Restricted ad serving,ca-pub-7784034061253020,480,2025-02-10,2025-02-15
pekanbaru.tribunnews.com,Page,N/A,N/A,pekanbaru.tribunnews.com/2021/08/21/apa-arti-amunisi-dalam-bahasa-gaul-bukan-soal-senjata-ini-amunisi-artinya-bahasa-gaul,No,Google-served ads obscuring content,Restricted ad serving,ca-pub-7784034061253020,478,2025-02-10,2025-02-16
www.tribunnews.com,Page,N/A,N/A,www.tribunnews.com/kesehatan/2021/02/26/mitos-atau-fakta-perempuan-usia-40-tahun-lebih-agresif-berhubungan-intim-begini-kata-dokter,No,Adult: Sexual content,Restricted ad serving,ca-pub-7784034061253020,477,2025-02-10,2025-02-14
medan.tribunnews.com,Page,N/A,N/A,medan.tribunnews.com/2022/02/05/resep-sup-sayur-iga-babi-makanan-non-halal-yang-mudah-dibuat-di-rumah,Yes,Modified ad code: Resizing Ad Frames,Restricted ad serving,ca-pub-7784034061253020,476,2025-02-10,2025-02-16
www.tribunnews.com,Page,N/A,N/A,www.tribunnews.com/regional/2025/02/14/ciri-ciri-pria-korban-mutilasi-di-jombang-bagian-tubuh-ditemukan-di-2-lokasi,No,Shocking content,Restricted ad serving,ca-pub-7784034061253020,463,2025-02-13,2025-02-14
jateng.tribunnews.com,Page,N/A,N/A,jateng.tribunnews.com/2022/03/12/tsubomi-artis-film-jepang-jav-hamil-seusai-main-dengan-aktor-pria-tanpa-pengaman?page=all,No,Adult: Sexual content,Restricted ad serving,ca-pub-7784034061253020,462,2025-02-10,2025-02-15
www.tribunnewswiki.com,Page,N/A,N/A,www.tribunnewswiki.com/2023/02/15/viral-video-mesum-anak-smp-di-kelas-saat-suasana-sedang-ramai,No,Adult: Sexual content,Restricted ad serving,ca-pub-7784034061253020,459,2025-02-13,2025-02-15
bangka.tribunnews.com,Page,N/A,N/A,bangka.tribunnews.com/2020/01/06/tips-latihan-dan-senam-kegel-bakal-buat-wanita-maksimal-dan-nyaman-di-ranjang-begini-caranya?page=all,No,Adult: Sexual content,Restricted ad serving,ca-pub-7784034061253020,459,2025-02-10,2025-02-14
pekanbaru.tribunnews.com,Page,N/A,N/A,pekanbaru.tribunnews.com/2023/06/02/arti-bbw-dalam-bahasa-gaul-digunakan-khusus-untuk-cewek,No,Google-served ads obscuring content,Restricted ad serving,ca-pub-7784034061253020,456,2025-02-10,2025-02-16
m.tribunnews.com,Page,N/A,N/A,m.tribunnews.com/regional/2025/02/14/alfin-pukul-dada-anak-pacarnya-berkali-kali-hingga-tewas-karena-emosi,No,Shocking content,Restricted ad serving,ca-pub-7784034061253020,456,2025-02-14,2025-02-15
aceh.tribunnews.com,Page,N/A,N/A,aceh.tribunnews.com/2021/03/03/mengenal-muntahan-paus-atau-ambergris-harganya-mahal-hingga-miliaran-rupiah-ini-manfaatnya?page=all,No,Adult: Sexual content;Shocking content,Restricted ad serving,ca-pub-7784034061253020,453,2025-02-10,2025-02-16
bangka.tribunnews.com,Page,N/A,N/A,bangka.tribunnews.com/2017/09/26/ternyata-begini-cara-jin-menyetubuhi-wanita,Yes,Ads Disguised as Content,Restricted ad serving,ca-pub-7784034061253020,452,2025-02-10,2025-02-16
jambi.tribunnews.com,Page,N/A,N/A,jambi.tribunnews.com/2017/09/19/hati-hati-posisi-bercinta-ini-dapat-merusak-mr-p-anda,No,Adult: Sexual content,Restricted ad serving,ca-pub-7784034061253020,450,2025-02-10,2025-02-16
manado.tribunnews.com,Page,N/A,N/A,manado.tribunnews.com/2019/07/24/ternyata-status-whatsapp-kamu-tersimpan-di-folder-ini-bisa-buka-kapan-saja-begini-caranya,No,Google-served ads obscuring content,Restricted ad serving,ca-pub-7784034061253020,449,2025-02-10,2025-02-16
bangka.tribunnews.com,Page,N/A,N/A,bangka.tribunnews.com/2017/09/14/bertobat-pemeran-tarzan-x-tinggalkan-film-biru-setelah-banyak-merenung,No,Adult: Sexual content,Restricted ad serving,ca-pub-7784034061253020,444,2025-02-12,2025-02-15
trends.tribunnews.com,Page,N/A,N/A,trends.tribunnews.com/2024/12/04/video-syur-mirip-onic-vior-15-menit-viral-link-rekaman-diburu-begini-awal-mula-viral-di-x-twitter,No,Adult: Sexual content,Restricted ad serving,ca-pub-7784034061253020,442,2025-02-13,2025-02-14
medan.tribunnews.com,Page,N/A,N/A,medan.tribunnews.com/tapsel,No,Shocking content,Restricted ad serving,ca-pub-7784034061253020,439,2025-02-11,2025-02-15
medan.tribunnews.com,Page,N/A,N/A,medan.tribunnews.com/2025/02/14/motif-alfiyanto-bunuh-bocah-6-tahun-anak-pacarnya-di-jember-korban-dibungkus-karung-lalu-dikubur,No,Shocking content,Restricted ad serving,ca-pub-7784034061253020,439,2025-02-13,2025-02-14
makassar.tribunnews.com,Page,N/A,N/A,makassar.tribunnews.com/2019/10/11/karena-sudah-keseringan-adik-kandung-ajak-duluan-kakak-berhubungan-badan-layaknya-suami-istri,No,Adult: Sexual content,Restricted ad serving,ca-pub-7784034061253020,439,2025-02-10,2025-02-16
medan.tribunnews.com,Page,N/A,N/A,medan.tribunnews.com/2022/04/24/video-syurnya-bikin-geger-tahun-2010-lalu-artis-luna-maya-akhirnya-bongkar-tabiat-minor-ariel-noah,Yes,Ads Disguised as Content,Restricted ad serving,ca-pub-7784034061253020,438,2025-02-10,2025-02-16
makassar.tribunnews.com,Page,N/A,N/A,makassar.tribunnews.com/2017/03/28/beginilah-ular-piton-menelan-akbar-petani-sawit-memuju-tengah,No,Shocking content,Restricted ad serving,ca-pub-7784034061253020,438,2025-02-10,2025-02-16
makassar.tribunnews.com,Page,N/A,N/A,makassar.tribunnews.com/2017/12/13/6-cara-tahu-wanita-tak-perawan-nomor-1-hidung-nomor-2-mata-nomor-5-telapak-tangan,No,Adult: Sexual content;Shocking content,Restricted ad serving,ca-pub-7784034061253020,433,2025-02-10,2025-02-16
wartakota.tribunnews.com,Page,N/A,N/A,wartakota.tribunnews.com/2021/05/05/penelitian-terbaru-semakin-besar-hidung-menunjukan-ukuran-alat-vital-pria-lebih-panjang?page=all,No,Adult: Sexual content,Restricted ad serving,ca-pub-7784034061253020,432,2025-02-10,2025-02-14
jogja.tribunnews.com,Page,N/A,N/A,jogja.tribunnews.com/2023/08/28/15-arti-suara-burung-gagak-di-siang-hari,No,Shocking content,Restricted ad serving,ca-pub-7784034061253020,427,2025-02-10,2025-02-16
banjarmasin.tribunnews.com,Page,N/A,N/A,banjarmasin.tribunnews.com/2020/11/07/tato-di-paha-gisella-anastasia-disorot-pasca-video-syur-mirip-gisel-heboh-dan-viral,No,Adult: Sexual content,Restricted ad serving,ca-pub-7784034061253020,422,2025-02-13,2025-02-14
palembang.tribunnews.com,Page,N/A,N/A,palembang.tribunnews.com/2019/01/12/6-fakta-baru-eni-yulansari-siswi-sman-10-palembang-yang-bunuh-diri-terungkap-isi-surat-terakhirnya,No,Shocking content,Restricted ad serving,ca-pub-7784034061253020,417,2025-02-10,2025-02-14
jatim.tribunnews.com,Page,N/A,N/A,jatim.tribunnews.com/2018/02/09/pelaku-video-panas-tante-vs-bocah-sd-melahirkan-anak-ke-11nya-di-penjara-fakta-mengejutkan-terkuak?page=2,No,Adult: Sexual content,Restricted ad serving,ca-pub-7784034061253020,417,2025-02-10,2025-02-16
bali.tribunnews.com,Page,N/A,N/A,bali.tribunnews.com/2021/09/01/5-arti-mimpi-tentang-mandi-mimpi-melihat-orang-mandi-pertanda-kepuasan-seksual,No,Adult: Sexual content,Restricted ad serving,ca-pub-7784034061253020,416,2025-02-10,2025-02-14
jateng.tribunnews.com,Page,N/A,N/A,jateng.tribunnews.com/2016/05/02/inilah-9-wanita-berparas-cantik-namun-memilih-karier-sebagai-bintang-film-porno,No,Adult: Sexual content,Restricted ad serving,ca-pub-7784034061253020,415,2025-02-10,2025-02-16
bengkulu.tribunnews.com,Page,N/A,N/A,bengkulu.tribunnews.com/2025/02/13/duduk-perkara-pembunuhan-pande-gede-dibuang-di-buleleng-terkuak-pelaku-3-wanita-berawal-sakit-hati?page=2,No,Adult: Sexual content,Restricted ad serving,ca-pub-7784034061253020,412,2025-02-12,2025-02-14
pekanbaru.tribunnews.com,Page,N/A,N/A,pekanbaru.tribunnews.com/2022/03/18/7-artis-cantik-korea-ini-pernah-berhubungan-badan-tanpa-sensor-aktor-yang-melayani-sangat-nikmat,No,Adult: Sexual content,Restricted ad serving,ca-pub-7784034061253020,411,2025-02-11,2025-02-16
jogja.tribunnews.com,Page,N/A,N/A,jogja.tribunnews.com/kesehatan,No,Adult: Sexual content,Restricted ad serving,ca-pub-7784034061253020,409,2025-02-10,2025-02-16
jatim.tribunnews.com,Page,N/A,N/A,jatim.tribunnews.com/2024/09/09/sosok-cristian-marian-becheanu-remaja-selamatkan-balita-terjebak-pipa-15-meter-akui-sempat-takut,No,Shocking content,Restricted ad serving,ca-pub-7784034061253020,407,2025-02-11,2025-02-15
bekasi.tribunnews.com,Page,N/A,N/A,bekasi.tribunnews.com/2022/10/05/film-jepang-terbaru-2022-yang-hanya-boleh-disaksikan-untuk-penonton-usia-18-tahun-ke-atas-apa-saja,No,Adult: Sexual content,Restricted ad serving,ca-pub-7784034061253020,403,2025-02-10,2025-02-15
www.tribunnews.com,Page,N/A,N/A,www.tribunnews.com/internasional/2016/09/02/india-perbolehkan-gadis-15-tahun-berhubungan-seks,No,Adult: Sexual content,Restricted ad serving,ca-pub-7784034061253020,397,2025-02-10,2025-02-16
makassar.tribunnews.com,Page,N/A,N/A,makassar.tribunnews.com/2016/11/23/bungkuk-udang-nafsu-tinggi-betulkah,No,Adult: Sexual content,Restricted ad serving,ca-pub-7784034061253020,397,2025-02-10,2025-02-16
makassar.tribunnews.com,Page,N/A,N/A,makassar.tribunnews.com/2022/11/02/enam-ciri-ciri-fisik-perempuan-jika-tak-lagi-perawan-bisa-ketahuan-dilihat-dari-jarak-jauh,No,Adult: Sexual content,Restricted ad serving,ca-pub-7784034061253020,389,2025-02-10,2025-02-15
surabaya.tribunnews.com,Page,N/A,N/A,surabaya.tribunnews.com/2025/01/29/jadi-pemicu-rohmad-tega-bunuh-uswatun-khasanah-dan-mayatnya-dimasukkan-koper-korban-ucap-begini?source=kgnotif_1,No,Shocking content,Restricted ad serving,ca-pub-7784034061253020,387,2025-02-10,2025-02-15
bogor.tribunnews.com,Page,N/A,N/A,bogor.tribunnews.com/2021/12/09/arti-mimpi-berhubungan-badan-dengan-selingkuhan-ternyata-ada-2-tafsir-pertanda-baik-atau-buruk,No,Adult: Sexual content,Restricted ad serving,ca-pub-7784034061253020,382,2025-02-10,2025-02-15
surabaya.tribunnews.com,Page,N/A,N/A,surabaya.tribunnews.com/2020/10/10/arti-mimpi-berhubungan-badan-dengan-teman-kerja-orang-lain-atau-mantan,No,Adult: Sexual content,Restricted ad serving,ca-pub-7784034061253020,378,2025-02-10,2025-02-15
style.tribunnews.com,Page,N/A,N/A,style.tribunnews.com/2016/08/22/gaya-masturbasi-pria-hayo-kamu-biasanya-pakai-style-yang-mana,No,Adult: Sexual content,Restricted ad serving,ca-pub-7784034061253020,378,2025-02-10,2025-02-15
bangka.tribunnews.com,Page,N/A,N/A,bangka.tribunnews.com/2020/12/23/gigolo-jadi-buruan-tante-tante-dibayar-mahal-cuma-modal-rayuan-dan-layanan-ini-kode-rahasianya,Yes,Ads Disguised as Content,Restricted ad serving,ca-pub-7784034061253020,377,2025-02-10,2025-02-16
pekanbaru.tribunnews.com,Page,N/A,N/A,pekanbaru.tribunnews.com/2023/12/15/chika-viral-20-juta-link-dicari-dan-link-video-chika-yang-lagi-viral-disebar-di-twitter,No,Adult: Sexual content,Restricted ad serving,ca-pub-7784034061253020,376,2025-02-10,2025-02-15
belitung.tribunnews.com,Page,N/A,N/A,belitung.tribunnews.com/2017/08/13/cerita-mengapa-ada-orang-yang-meninggal-tersenyum,No,Shocking content,Restricted ad serving,ca-pub-7784034061253020,376,2025-02-10,2025-02-16
www.tribunnews.com,Page,N/A,N/A,www.tribunnews.com/nasional/2024/10/01/perempuan-23-tahun-membegal-taksi-online-tusuk-leher-sopir-panik-tertangkap-warga,No,Shocking content,Restricted ad serving,ca-pub-7784034061253020,374,2025-02-13,2025-02-15
makassar.tribunnews.com,Page,N/A,N/A,makassar.tribunnews.com/2017/12/10/si-wanita-cantik-masuk-toilet-lalu-lepas-baju-dan-celana-hal-tak-disangka-pun-terjadi,Yes,Ads Disguised as Content,Restricted ad serving,ca-pub-7784034061253020,374,2025-02-10,2025-02-16
www.tribunnews.com,Page,N/A,N/A,www.tribunnews.com/regional/2013/08/11/10-tetes-langsung-bereaksi,No,Adult: Sexual content,Restricted ad serving,ca-pub-7784034061253020,373,2025-02-10,2025-02-16
palembang.tribunnews.com,Page,N/A,N/A,palembang.tribunnews.com/2017/11/07/mantan-anggota-grup-akb48-ini-alih-profesi-ke-dunia-film-dewasa-begini-foto-fotonya,Yes,Site Behavior: Navigation,Restricted ad serving,ca-pub-7784034061253020,371,2025-02-10,2025-02-16
style.tribunnews.com,Page,N/A,N/A,style.tribunnews.com/2023/02/08/5-anime-yang-penuh-dengan-adegan-panas-17-ada-yosuga-no-sora-waspada-bocil-dilarang-nonton?page=all,No,Adult: Sexual content,Restricted ad serving,ca-pub-7784034061253020,370,2025-02-11,2025-02-15
www.tribunnews.com,Page,N/A,N/A,www.tribunnews.com/seleb/2010/08/10/hongkong-buat-film-porno-3d-pertama,No,Adult: Sexual content,Restricted ad serving,ca-pub-7784034061253020,363,2025-02-10,2025-02-16
health.tribunnews.com,Page,N/A,N/A,health.tribunnews.com/2023/06/23/geli-saat-berhubungan-seksual-bisa-bersifat-lokal-hingga-gairah-yang-hilang-ini-penjelasannya,No,Adult: Sexual content,Restricted ad serving,ca-pub-7784034061253020,363,2025-02-15,2025-02-16
palembang.tribunnews.com,Page,N/A,N/A,palembang.tribunnews.com/2016/06/15/tidak-disetujui-nikah-dini-saya-sering-gituan-dengan-jari-tangan-bolehkah,No,Adult: Sexual content,Restricted ad serving,ca-pub-7784034061253020,360,2025-02-10,2025-02-16
pontianak.tribunnews.com,Page,N/A,N/A,pontianak.tribunnews.com/techno,Yes,Encouraging accidental clicks: Layout,Restricted ad serving,ca-pub-7784034061253020,352,2025-02-10,2025-02-16
makassar.tribunnews.com,Page,N/A,N/A,makassar.tribunnews.com/2020/07/25/bebas-pilih-29-aplikasi-link-nonton-film-online-film-dewasa-drakor-download-film-mirip-indoxxi,Yes,Ads Disguised as Content,Restricted ad serving,ca-pub-7784034061253020,347,2025-02-10,2025-02-16
style.tribunnews.com,Page,N/A,N/A,style.tribunnews.com/2017/08/22/4-anime-dewasa-yang-tidak-boleh-ditonton-anak-kecil-awas-banyak-adegan-erotisnya?page=all,No,Adult: Sexual content,Restricted ad serving,ca-pub-7784034061253020,342,2025-02-11,2025-02-15
bengkulu.tribunnews.com,Page,N/A,N/A,bengkulu.tribunnews.com/2022/09/12/aplikasi-kamera-tembus-pandang-yang-dilarang-usia-dibawah-18-kebawah-jangan-coba-coba-download,Yes,Ads Disguised as Content,Restricted ad serving,ca-pub-7784034061253020,339,2025-02-10,2025-02-16
health.tribunnews.com,Page,N/A,N/A,health.tribunnews.com/2025/02/11/apakah-orgasme-pada-wanita-sama-dengan-pria-dr-binsar-martin-sinaga-beri-penjelasan,No,Adult: Sexual content,Restricted ad serving,ca-pub-7784034061253020,337,2025-02-11,2025-02-14
medan.tribunnews.com,Page,N/A,N/A,medan.tribunnews.com/2022/09/25/baru-tahu-ini-arti-mimpi-berhubungan-dengan-istri-orang-terkesan-tabu,Yes,Ads Disguised as Content,Restricted ad serving,ca-pub-7784034061253020,335,2025-02-10,2025-02-15
medan.tribunnews.com,Page,N/A,N/A,medan.tribunnews.com/2022/11/22/cara-memanjakan-mr-p-suami-menurut-seksolog-zoya-amirin,No,Adult: Sexual content,Restricted ad serving,ca-pub-7784034061253020,334,2025-02-10,2025-02-15
www.tribunnews.com,Page,N/A,N/A,www.tribunnews.com/kesehatan/2021/07/16/manfaat-minyak-zaitun-untuk-pria-benarkah-bisa-memperbesar-alat-vital-ahli-beberkan-faktanya,Yes,Ads Disguised as Content,Restricted ad serving,ca-pub-7784034061253020,333,2025-02-10,2025-02-16
jabar.tribunnews.com,Page,N/A,N/A,jabar.tribunnews.com/2024/03/25/pengobatan-alat-vital-bandung-aa-h-kosasih,No,Adult: Sexual content,Restricted ad serving,ca-pub-7784034061253020,333,2025-02-10,2025-02-15
bekasi.tribunnews.com,Page,N/A,N/A,bekasi.tribunnews.com/2022/07/21/daftar-judul-film-semi-korea-terbaru-2022-berdurasi-40-hingga-90-menit-cocok-nonton-bareng-pasangan,No,Adult: Sexual content,Restricted ad serving,ca-pub-7784034061253020,328,2025-02-10,2025-02-15
aceh.tribunnews.com,Page,N/A,N/A,aceh.tribunnews.com/2019/09/21/video-panas-oknum-pns-pemprov-jabar-viral-di-whatsapp-berikut-8-faktanya,No,Adult: Sexual content;Shocking content,Restricted ad serving,ca-pub-7784034061253020,326,2025-02-10,2025-02-15
pekanbaru.tribunnews.com,Page,N/A,N/A,pekanbaru.tribunnews.com/2023/10/14/mihye-viral-full-album-dicari-link-video-viral-tiktoker-cantik-disebar-di-twitter,No,Adult: Sexual content,Restricted ad serving,ca-pub-7784034061253020,323,2025-02-12,2025-02-15
medan.tribunnews.com,Page,N/A,N/A,medan.tribunnews.com/2023/01/16/4-tips-masturbasi-yang-aman-jangan-pakai-sabun-bolong-simak-penjelasan-seksolog-dr-dina,No,Adult: Sexual content,Restricted ad serving,ca-pub-7784034061253020,323,2025-02-10,2025-02-15
jogja.tribunnews.com,Page,N/A,N/A,jogja.tribunnews.com/?lgn_method=google&google_btn=onetap,No,Adult: Sexual content,Restricted ad serving,ca-pub-7784034061253020,323,2025-02-11,2025-02-16
belitung.tribunnews.com,Page,N/A,N/A,belitung.tribunnews.com/2017/05/02/empat-wanita-cantik-ini-peraih-penghargaan-film-panas-di-jepang-siapa-saja-mereka,Yes,Ads Disguised as Content;Adult: Sexual content,Restricted ad serving,ca-pub-7784034061253020,321,2025-02-10,2025-02-16
jateng.tribunnews.com,Page,N/A,N/A,jateng.tribunnews.com/kesehatan,No,Adult: Sexual content,Restricted ad serving,ca-pub-7784034061253020,317,2025-02-10,2025-02-16
wartakota.tribunnews.com,Page,N/A,N/A,wartakota.tribunnews.com/2017/04/24/video-adegan-ayu-ting-ting-di-atas-ranjang-bikin-heboh,Yes,Site Behavior: Navigation,Restricted ad serving,ca-pub-7784034061253020,315,2025-02-10,2025-02-16
banten.tribunnews.com,Page,N/A,N/A,banten.tribunnews.com/2021/01/29/ini-pekerjaan-asli-kakek-sugiono-sebut-nama-wanita-saat-pertama-kali-syuting-saya-cuma-ingat-ozawa,Yes,Ads Disguised as Content,Restricted ad serving,ca-pub-7784034061253020,311,2025-02-10,2025-02-15
bali.tribunnews.com,Page,N/A,N/A,bali.tribunnews.com/2017/08/08/risiko-seks-oral-bukan-sipilis-dan-hiv-namun-malah-memicu-kanker-lidah-dan-mulut-bagaimana-bisa,Yes,Ads Disguised as Content,Restricted ad serving,ca-pub-7784034061253020,311,2025-02-10,2025-02-16
www.tribunnews.com,Page,N/A,N/A,www.tribunnews.com/regional/2011/04/01/subandi-mak-erot-dari-trenggalek,No,Adult: Sexual content,Restricted ad serving,ca-pub-7784034061253020,308,2025-02-10,2025-02-16
bangka.tribunnews.com,Page,N/A,N/A,bangka.tribunnews.com/2017/03/13/astaga-pria-ini-puaskan-nafsunya-ke-alat-bantu-seks-kalau-nggak-ada-bocah-buat-dicabuli,No,Adult: Sexual content,Restricted ad serving,ca-pub-7784034061253020,307,2025-02-11,2025-02-15
m.tribunnews.com,Page,N/A,N/A,m.tribunnews.com/kesehatan/2018/02/12/jauh-dari-suami-ibu-2-anak-ini-3-tahun-pakai-sex-toys-blak-blakan-soal-rasa-dan-pendapat-suaminya,No,Adult: Sexual content,Restricted ad serving,ca-pub-7784034061253020,306,2025-02-10,2025-02-15
style.tribunnews.com,Page,N/A,N/A,style.tribunnews.com/2023/02/24/waspada-5-anime-romantis-penuh-adegan-hot-17-ada-tomochan-is-a-girl-cocok-ditonton-bareng-pacar?page=all,No,Adult: Sexual content,Restricted ad serving,ca-pub-7784034061253020,303,2025-02-11,2025-02-16
bogor.tribunnews.com,Page,N/A,N/A,bogor.tribunnews.com/2025/02/16/ngeri-seorang-remaja-di-bogor-dibacok-orang-tak-dikenal-celurit-masih-nancap-di-punggung,No,Shocking content,Restricted ad serving,ca-pub-7784034061253020,302,2025-02-15,2025-02-16
belitung.tribunnews.com,Page,N/A,N/A,belitung.tribunnews.com/2016/10/24/foto-bugil-artis-cantik-dan-lawan-mainnya-di-tv-tersebar-secara-online-ini-tanggapannya,No,Adult: Sexual content,Restricted ad serving,ca-pub-7784034061253020,301,2025-02-10,2025-02-16
jogja.tribunnews.com,Page,N/A,N/A,jogja.tribunnews.com/2023/05/07/lirik-lagu-dan-terjemahan-snooze-sza-viral-tiktok-i-cant-lose-when-im-with-you-how-can-i-snooze,No,Adult: Sexual content,Restricted ad serving,ca-pub-7784034061253020,298,2025-02-13,2025-02-15
makassar.tribunnews.com,Page,N/A,N/A,makassar.tribunnews.com/2015/04/02/jangan-sampai-anda-terkena-hiv-coba-cek-lidah,No,Shocking content,Restricted ad serving,ca-pub-7784034061253020,297,2025-02-12,2025-02-15
trends.tribunnews.com,Page,N/A,N/A,trends.tribunnews.com/2024/11/12/rekaman-video-syur-mirip-lydia-onic-durasi-12-menit-13-detik-begini-awal-mula-viral-di-x-twitter,No,Adult: Sexual content,Restricted ad serving,ca-pub-7784034061253020,295,2025-02-13,2025-02-14
makassar.tribunnews.com,Page,N/A,N/A,makassar.tribunnews.com/2019/10/18/efek-tisu-magic-belum-habis-psk-cantik-minta-ridwan-yang-lagi-di-puncak-berhenti-akhirnya-tragis,No,Adult: Sexual content,Restricted ad serving,ca-pub-7784034061253020,295,2025-02-10,2025-02-16
lampung.tribunnews.com,Page,N/A,N/A,lampung.tribunnews.com/2017/02/19/4-film-ini-disebut-punya-adegan-intim-paling-parah-dibanding-50-shades-of-grey,No,Adult: Sexual content,Restricted ad serving,ca-pub-7784034061253020,294,2025-02-10,2025-02-14
jogja.tribunnews.com,Page,N/A,N/A,jogja.tribunnews.com/2021/12/16/harga-rokok-di-singapura-mencapai-rp-146-ribu-ini-daftar-rinciannya,Yes,Encouraging accidental clicks: Layout,Restricted ad serving,ca-pub-7784034061253020,294,2025-02-10,2025-02-16
sumsel.tribunnews.com,Page,N/A,N/A,sumsel.tribunnews.com/2021/07/06/arti-kata-bullshit-dalam-bahasa-gaul-yang-populer-di-media-sosial-ternyata-ini-pengertiannya,Yes,Content obscuring Google-served ads;Encouraging accidental clicks: Layout,Restricted ad serving,ca-pub-7784034061253020,292,2025-02-10,2025-02-16
aceh.tribunnews.com,Page,N/A,N/A,aceh.tribunnews.com/2022/09/15/istri-perlu-tahu-begini-cara-puaskan-suami-jika-sedang-haid-jangan-biarkan-pasangan-anda-buat-dosa,No,Adult: Sexual content,Restricted ad serving,ca-pub-7784034061253020,292,2025-02-10,2025-02-15
wartakota.tribunnews.com,Page,N/A,N/A,wartakota.tribunnews.com/2024/06/28/rani-asli-di-ipar-adalah-maut-lebih-nakal-tak-hargai-ibunya-yang-mau-meninggal-berduaan-dengan-ipar,No,Adult: Sexual content,Restricted ad serving,ca-pub-7784034061253020,291,2025-02-14,2025-02-14
jambi.tribunnews.com,Page,N/A,N/A,jambi.tribunnews.com/2019/10/02/berikut-foto-30-gadis-jepang-yang-sering-pamerkan-bagian-dalam-tubuhnya-meski-pakai-baju-transparan,No,Adult: Sexual content,Restricted ad serving,ca-pub-7784034061253020,291,2025-02-10,2025-02-16
jatim.tribunnews.com,Page,N/A,N/A,jatim.tribunnews.com/2017/05/05/main-sama-anjing-sambil-nungging-bagian-belakang-awkarin-ada-yang-nongol-posenya-mesum,Yes,Site Behavior: Navigation,Restricted ad serving,ca-pub-7784034061253020,287,2025-02-10,2025-02-16
bekasi.tribunnews.com,Page,N/A,N/A,bekasi.tribunnews.com/2022/10/05/khusus-dewasa-berikut-daftar-film-jepang-terbaru-2022-beresolusi-hd-durasinya-sampai-dua-jam-lebih?page=all,No,Adult: Sexual content,Restricted ad serving,ca-pub-7784034061253020,287,2025-02-11,2025-02-15
manado.tribunnews.com,Page,N/A,N/A,manado.tribunnews.com/2020/08/29/benarkah-alat-kelamin-kucing-jantan-berduri-sehingga-kucing-betina-berisik-saat-kawin-ini-faktanya?page=2,No,Google-served ads obscuring content,Restricted ad serving,ca-pub-7784034061253020,286,2025-02-10,2025-02-15
sultra.tribunnews.com,Page,N/A,N/A,sultra.tribunnews.com/2023/07/10/terbaru-video-mihye-viral-di-tiktok-siapa-sosok-wanita-cantik-yang-ramai-dikomentari-warganet,Yes,Copyrighted material (DMCA),Disabled ad serving,,285,2025-02-10,2025-02-15
pontianak.tribunnews.com,Page,N/A,N/A,pontianak.tribunnews.com/2021/01/31/kunci-jawaban-tema-7-kelas-6-halaman-45-46-47-48-49-50-51-52-subtema-1-pemimpin-di-sekitarku?page=3,Yes,Modified ad code: Resizing Ad Frames,Restricted ad serving,ca-pub-7784034061253020,285,2025-02-10,2025-02-14
bangka.tribunnews.com,Page,N/A,N/A,bangka.tribunnews.com/2017/04/16/inilah-kata-kunci-untuk-ziarah-dan-ritual-seks-di-gunung-kemukus,No,Adult: Sexual content,Restricted ad serving,ca-pub-7784034061253020,285,2025-02-10,2025-02-15
bogor.tribunnews.com,Page,N/A,N/A,bogor.tribunnews.com/2019/11/19/arti-mimpi-berhubungan-intim-dengan-tiga-orang-atau-lebih-punya-keinginan-yang-tak-terungkap,No,Adult: Sexual content,Restricted ad serving,ca-pub-7784034061253020,284,2025-02-11,2025-02-15
aceh.tribunnews.com,Page,N/A,N/A,aceh.tribunnews.com/tag/harga-cabai-merah,Yes,Google-served ads on screens without publisher-content,Restricted ad serving,ca-pub-7784034061253020,284,2025-02-10,2025-02-16
medan.tribunnews.com,Page,N/A,N/A,medan.tribunnews.com/2017/10/27/hanna-anissa-sempat-bantah-video-bokep-viral-postingannya-sebut-soal-dada-pemeran,No,Adult: Sexual content,Restricted ad serving,ca-pub-7784034061253020,283,2025-02-10,2025-02-16
m.tribunnews.com,Page,N/A,N/A,m.tribunnews.com/regional/2025/02/14/hasil-autopsi-jasad-termutilasi-di-jombang-ditemukan-pendarahan-hingga-korban-lemas-tak-berdaya,No,Shocking content,Restricted ad serving,ca-pub-7784034061253020,282,2025-02-14,2025-02-16
jabar.tribunnews.com,Page,N/A,N/A,jabar.tribunnews.com/jabar-region/banjar,No,Shocking content,Restricted ad serving,ca-pub-7784034061253020,281,2025-02-13,2025-02-15
bangka.tribunnews.com,Page,N/A,N/A,bangka.tribunnews.com/2017/11/06/10-adegan-kissing-terpanas-film-indonesia-ada-yang-sampai-nyaris-telanjang,No,Adult: Sexual content,Restricted ad serving,ca-pub-7784034061253020,277,2025-02-10,2025-02-15
belitung.tribunnews.com,Page,N/A,N/A,belitung.tribunnews.com/index.php2021/02/16/obat-kuat-alami-bumbu-dapur-ini-dijamin-bikin-tahan-lama-lebih-aman-dari-obat-kimia?jxrecoid=c008143b-a33f-4442-ace6-9b9996fd5f28~mix_tribunnews?source=widgetArtikelRekomendasi&engine=JXA,No,Adult: Sexual content,Restricted ad serving,ca-pub-7784034061253020,276,2025-02-14,2025-02-16
bali.tribunnews.com,Page,N/A,N/A,bali.tribunnews.com/2025/02/09/breaking-news-3-orang-tewas-di-arena-tajen-usai-diterjang-angin-kencang-tertimpa-pohon-aren,No,Shocking content,Restricted ad serving,ca-pub-7784034061253020,276,2025-02-14,2025-02-15
surabaya.tribunnews.com,Page,N/A,N/A,surabaya.tribunnews.com/2020/11/07/link-download-video-gisel-full-di-twitter-dan-telegram-diburu-netizen-k-popers-unggah-video-ini,No,Adult: Sexual content,Restricted ad serving,ca-pub-7784034061253020,275,2025-02-11,2025-02-15
aceh.tribunnews.com,Page,N/A,N/A,aceh.tribunnews.com/2020/11/07/video-panas-19-detik-mirip-gisel-viral-di-medsos-mbah-mijan-angkat-bicara-dan-ucapkan-terima-kasih,Yes,Ads Disguised as Content;Adult: Sexual content,Restricted ad serving,ca-pub-7784034061253020,272,2025-02-10,2025-02-15
aceh.tribunnews.com,Page,N/A,N/A,aceh.tribunnews.com/2022/11/01/berhubungan-intim-lebih-dari-2-kali-sehari-berapa-kali-idealnya-begini-jawaban-seksolog-dr-boyke,No,Adult: Sexual content,Restricted ad serving,ca-pub-7784034061253020,271,2025-02-11,2025-02-14
wartakota.tribunnews.com,Page,N/A,N/A,wartakota.tribunnews.com/2021/05/26/cerita-psk-open-bo-di-michat-dapat-pelanggan-tetangga-sendiri-dan-teman-nongkrong-tarif-tetap-sama,Yes,Ads Disguised as Content;Adult: Sexual content,Restricted ad serving,ca-pub-7784034061253020,267,2025-02-10,2025-02-16
lombok.tribunnews.com,Page,N/A,N/A,lombok.tribunnews.com/2025/02/10/viral-maling-motor-di-lombok-tengah-diamuk-massa-hingga-dibcakan-syahadat,No,Shocking content,Restricted ad serving,ca-pub-7784034061253020,267,2025-02-13,2025-02-15
wartakota.tribunnews.com,Page,N/A,N/A,wartakota.tribunnews.com/2024/06/07/viral-ibu-berbaju-oranye-cabuli-anak-lelakinya-sendiri-sudah-ditangkap-polisi,No,Adult: Sexual content,Restricted ad serving,ca-pub-7784034061253020,266,2025-02-10,2025-02-15
m.tribunnews.com,Page,N/A,N/A,m.tribunnews.com/regional/2011/04/01/subandi-mak-erot-dari-trenggalek,No,Adult: Sexual content,Restricted ad serving,ca-pub-7784034061253020,264,2025-02-10,2025-02-16
trends.tribunnews.com,Page,N/A,N/A,trends.tribunnews.com/2023/12/07/apa-arti-pijat-plus-plus-istilah-viral-tiktok-sering-muncul-dalam-bahasa-gaul-ini-maknanya?page=all,No,Adult: Sexual content,Restricted ad serving,ca-pub-7784034061253020,263,2025-02-11,2025-02-16
www.tribunnews.com,Page,N/A,N/A,www.tribunnews.com/regional/2025/02/16/anak-3-tahun-dianiaya-ibu-kandung-pakai-air-panas-hingga-kulit-melepuh-di-sidoarjo-pemicunya-sepele,No,Shocking content,Restricted ad serving,ca-pub-7784034061253020,261,2025-02-15,2025-02-15
makassar.tribunnews.com,Page,N/A,N/A,makassar.tribunnews.com/2021/12/03/video-1-menit-20-detik-rekam-cewek-buka-baju-di-bandara,Yes,Ads Disguised as Content;Adult: Sexual content,Restricted ad serving,ca-pub-7784034061253020,261,2025-02-10,2025-02-16
jatim.tribunnews.com,Page,N/A,N/A,jatim.tribunnews.com/2017/12/07/25-lukisan-fenomenal-yang-tunjukkan-kehidupan-milenial-zaman-ini-mana-yang-paling-bener?page=all,No,Shocking content,Restricted ad serving,ca-pub-7784034061253020,259,2025-02-11,2025-02-15
www.tribunnews.com,Page,N/A,N/A,www.tribunnews.com/internasional/2018/01/17/bintang-porno-jepang-umumkan-rencana-menikah-banyak-penggemarnya-di-china-patah-hati,No,Adult: Sexual content,Restricted ad serving,ca-pub-7784034061253020,255,2025-02-10,2025-02-16
jambi.tribunnews.com,Page,N/A,N/A,jambi.tribunnews.com/2020/10/31/obat-kuat-bawang-putih-campuran-kopi-hitam-dan-madu-hingga-jahe-campur-madu,Yes,Ads Disguised as Content;Adult: Sexual content,Restricted ad serving,ca-pub-7784034061253020,253,2025-02-10,2025-02-16
pekanbaru.tribunnews.com,Page,N/A,N/A,pekanbaru.tribunnews.com/2023/06/13/syakirah-viral-twitter-dan-link-video-viral-durasi-2-menit-dan-24-video-dicari,No,Adult: Sexual content,Restricted ad serving,ca-pub-7784034061253020,249,2025-02-10,2025-02-15
jambi.tribunnews.com,Page,N/A,N/A,jambi.tribunnews.com/2017/09/30/pengantin-baru-diwajibkan-malam-pertama-di-atas-kain-putih-keluarga-nunggu-di-depan-pintu,No,Adult: Sexual content,Restricted ad serving,ca-pub-7784034061253020,247,2025-02-12,2025-02-16
belitung.tribunnews.com,Page,N/A,N/A,belitung.tribunnews.com/2019/04/01/ini-penjelasan-medis-tentang-fenomena-gancet-pasangan-lengket-saat-berhubungan-intim,No,Adult: Sexual content,Restricted ad serving,ca-pub-7784034061253020,247,2025-02-11,2025-02-14
bangka.tribunnews.com,Page,N/A,N/A,bangka.tribunnews.com/2010/10/16/mahkota-kegadisan-direnggut-ayah-kandung,No,Adult: Sexual content,Restricted ad serving,ca-pub-7784034061253020,247,2025-02-10,2025-02-16
www.tribunnews.com,Page,N/A,N/A,www.tribunnews.com/kesehatan/2018/04/08/perawan-atau-tidak-bisa-dilihat-dari-cara-berjalan-dokter-ungkap-fakta-sesungguhnya,No,Adult: Sexual content,Restricted ad serving,ca-pub-7784034061253020,246,2025-02-10,2025-02-16
madura.tribunnews.com,Page,N/A,N/A,madura.tribunnews.com/2020/01/02/daftar-harga-rokok-terbaru-setelah-tarif-cukai-rokok-naik-2020marlboro-ice-blast-capai-rp-52500,No,Shocking content,Restricted ad serving,ca-pub-7784034061253020,245,2025-02-10,2025-02-15
video.tribunnews.com,Page,N/A,N/A,video.tribunnews.com/view/802219/mayat-pria-jombang-dimutilasi-saat-masih-hidup-ada-bekas-benda-tajam-di-leher-sidik-jari-rusak,No,Shocking content,Restricted ad serving,ca-pub-7784034061253020,244,2025-02-15,2025-02-15
banjarmasin.tribunnews.com,Page,N/A,N/A,banjarmasin.tribunnews.com/2022/08/23/tak-usah-risau-alami-disfungsi-ereksi-dr-zaidul-akbar-bongkar-resep-ampuh-herbal,Yes,Ads Disguised as Content,Restricted ad serving,ca-pub-7784034061253020,244,2025-02-10,2025-02-15
sultra.tribunnews.com,Page,N/A,N/A,sultra.tribunnews.com/2022/10/29/link-video-viral-lombok-vc-tak-senonoh-beredar-di-tiktok-facebook-twitter-telegram-sosok-pemeran,Yes,Ads Disguised as Content,Restricted ad serving,ca-pub-7784034061253020,242,2025-02-10,2025-02-16
bali.tribunnews.com,Page,N/A,N/A,bali.tribunnews.com/2025/01/31/gara-gara-uang-rp-100-ribu-pemuda-di-gianyar-ditusuk-temannya-korban-asal-sumba-barat,No,Shocking content,Restricted ad serving,ca-pub-7784034061253020,241,2025-02-14,2025-02-15
style.tribunnews.com,Page,N/A,N/A,style.tribunnews.com/2017/06/24/ingin-tahan-lama-saat-diranjang-cukup-gunakan-ramuan-sawo-mentah-ini-begini-caranya,No,Adult: Sexual content,Restricted ad serving,ca-pub-7784034061253020,240,2025-02-10,2025-02-16
kupang.tribunnews.com,Page,N/A,N/A,kupang.tribunnews.com/2020/04/22/mantan-artis-film-dewasa-thailand-yang-cantik-dan-seksi-ini-cari-suami-baru-ini-syarat-syaratnya,Yes,Encouraging accidental clicks: Layout;Google-served ads obscuring content,Restricted ad serving,ca-pub-7784034061253020,240,2025-02-10,2025-02-16
m.tribunnews.com,Page,N/A,N/A,m.tribunnews.com/kesehatan/2013/02/06/ini-kata-mereka-yang-pernah-mengonsumsi-permen-karet-cinta,No,Adult: Sexual content,Restricted ad serving,ca-pub-7784034061253020,237,2025-02-10,2025-02-16
m.tribunnews.com,Page,N/A,N/A,m.tribunnews.com/regional/2025/02/15/pemuda-di-jember-bunuh-anak-pacar-dan-masukkan-mayat-korban-ke-karung-kondisi-kejiwaan-diperiksa,No,Shocking content,Restricted ad serving,ca-pub-7784034061253020,236,2025-02-15,2025-02-15
m.tribunnews.com,Page,N/A,N/A,m.tribunnews.com/seleb/2020/11/02/chord-gitar-lagu-shallow-lady-gaga-feat-bradley-cooper-mudah-dimainkan,Yes,Unnatural attention to ads,Restricted ad serving,ca-pub-7784034061253020,235,2025-02-10,2025-02-16
jogja.tribunnews.com,Page,N/A,N/A,jogja.tribunnews.com/2017/10/13/enam-penyanyi-dangdut-ini-suka-tampil-hot-saat-manggung-bikin-mata-pria-merem-melek,No,Adult: Sexual content,Restricted ad serving,ca-pub-7784034061253020,235,2025-02-10,2025-02-15
bangka.tribunnews.com,Page,N/A,N/A,bangka.tribunnews.com/2017/11/09/9-kasus-pasangan-mati-gancet-4-diantaranya-terjadi-di-indonesia,Yes,Ads Disguised as Content,Restricted ad serving,ca-pub-7784034061253020,235,2025-02-10,2025-02-15
aceh.tribunnews.com,Page,N/A,N/A,aceh.tribunnews.com/2017/07/19/memiliki-kelamin-terbesar-di-dunia-pria-ini-tersiksa-hidupnya,No,Adult: Sexual content,Restricted ad serving,ca-pub-7784034061253020,235,2025-02-10,2025-02-16
style.tribunnews.com,Page,N/A,N/A,style.tribunnews.com/2022/11/04/5-rekomendasi-anime-erotis-tanpa-sensor-penuh-dengan-adegan-syur-ada-serial-high-school-dxd?page=2,No,Adult: Sexual content,Restricted ad serving,ca-pub-7784034061253020,234,2025-02-10,2025-02-15
flores.tribunnews.com,Page,N/A,N/A,flores.tribunnews.com/2024/12/25/aksi-pencurian-sapi-kembali-terjadi-di-kupang-pencuri-eksekusi-4-ekor-sapi-di-tepi-jalan,No,Shocking content,Restricted ad serving,ca-pub-7784034061253020,233,2025-02-13,2025-02-14
bengkulu.tribunnews.com,Page,N/A,N/A,bengkulu.tribunnews.com/2025/02/13/duduk-perkara-pembunuhan-pande-gede-dibuang-di-buleleng-terkuak-pelaku-3-wanita-berawal-sakit-hati,No,Adult: Sexual content,Restricted ad serving,ca-pub-7784034061253020,232,2025-02-14,2025-02-15
aceh.tribunnews.com,Page,N/A,N/A,aceh.tribunnews.com/2023/01/03/resmi-naik-ini-daftar-harga-rokok-di-alfamart-dan-indomaret-januari-2023,No,Tobacco,Restricted ad serving,ca-pub-7784034061253020,232,2025-02-10,2025-02-14
m.tribunnews.com,Page,N/A,N/A,m.tribunnews.com/regional/2015/05/11/batu-akik-ini-dipercaya-meningkatkan-libido-seks-dan-kejantanan-pemakainya,No,Adult: Sexual content,Restricted ad serving,ca-pub-7784034061253020,227,2025-02-10,2025-02-16
pekanbaru.tribunnews.com,Page,N/A,N/A,pekanbaru.tribunnews.com/tag/kiwora-mlbb,Yes,Adult: Sexual content;Mislabeled Ads,Restricted ad serving,ca-pub-7784034061253020,226,2025-02-10,2025-02-16
medan.tribunnews.com,Page,N/A,N/A,medan.tribunnews.com/2021/01/30/tokuda-kakek-sugiono-cari-enaknya-maunya-gadis-muda-ogah-tiduri-nenek-nenek-aku-kurang-semangat,No,Adult: Sexual content,Restricted ad serving,ca-pub-7784034061253020,226,2025-02-10,2025-02-15
www.tribunnews.com,Page,N/A,N/A,www.tribunnews.com/regional/2025/02/15/pemuda-di-jember-bunuh-anak-pacar-dan-masukkan-mayat-korban-ke-karung-kondisi-kejiwaan-diperiksa,No,Shocking content,Restricted ad serving,ca-pub-7784034061253020,225,2025-02-14,2025-02-15
style.tribunnews.com,Page,N/A,N/A,style.tribunnews.com/2017/09/07/miris-tak-hanya-sera-amane-5-perempuan-indonesia-ini-jadi-bintang-film-dewasa-di-luar-negeri,No,Adult: Sexual content,Restricted ad serving,ca-pub-7784034061253020,225,2025-02-12,2025-02-15
suryamalang.tribunnews.com,Page,N/A,N/A,suryamalang.tribunnews.com/2020/09/02/daftar-6-film-miyabi-sinopsis-populer-di-taiwan-indonesia-menculik-miyabi-hantu-tanah-kusir,Yes,Ads Disguised as Content,Restricted ad serving,ca-pub-7784034061253020,224,2025-02-10,2025-02-16
kupang.tribunnews.com,Page,N/A,N/A,kupang.tribunnews.com/2014/08/18/tante-girang-yang-puas-akan-jadikan-brondong-sebagai-pacar,No,Adult: Sexual content,Restricted ad serving,ca-pub-7784034061253020,224,2025-02-10,2025-02-16
surabaya.tribunnews.com,Page,N/A,N/A,surabaya.tribunnews.com/2020/01/01/tahun-baru-2020-harga-rokok-naik-berikut-daftar-harga-per-bungkus-ada-yang-naik-sampai-rp-31-ribu,No,Tobacco,Restricted ad serving,ca-pub-7784034061253020,223,2025-02-10,2025-02-15
style.tribunnews.com,Page,N/A,N/A,style.tribunnews.com/2022/11/04/5-rekomendasi-anime-erotis-tanpa-sensor-penuh-dengan-adegan-syur-ada-serial-high-school-dxd?page=3,No,Adult: Sexual content,Restricted ad serving,ca-pub-7784034061253020,222,2025-02-10,2025-02-15
jateng.tribunnews.com,Page,N/A,N/A,jateng.tribunnews.com/2025/02/16/ahmad-luthfi-siap-dilantik-jadi-gubernur-jateng-jalani-cek-kesehatan-di-kemendagri,No,Adult: Sexual content,Restricted ad serving,ca-pub-7784034061253020,222,2025-02-15,2025-02-16
kupang.tribunnews.com,Page,N/A,N/A,kupang.tribunnews.com/2018/06/23/video-air-di-mesin-cuci-keluar-terus-begini-cara-praktis-perbaikannya-gampang-loh,Yes,Site Behavior: Navigation,Restricted ad serving,ca-pub-7784034061253020,221,2025-02-10,2025-02-16
wartakota.tribunnews.com,Page,N/A,N/A,wartakota.tribunnews.com/2025/02/07/10-film-semi-jepang-tanpa-sensor-khusus-ditonton-orang-dewasa?jxrecoid=aaa6999c-5656-434b-a05c-7dd04f36df5b~mix_tribunnews?source=widgetArtikelRekomendasi&engine=JXA,No,Adult: Sexual content,Restricted ad serving,ca-pub-7784034061253020,218,2025-02-11,2025-02-14
jateng.tribunnews.com,Page,N/A,N/A,jateng.tribunnews.com/2016/09/30/videotron-tayangkan-film-porno-menyebar-di-media-sosial-netizen-wahh-nobar-nih,No,Adult: Sexual content,Restricted ad serving,ca-pub-7784034061253020,218,2025-02-12,2025-02-15
belitung.tribunnews.com,Page,N/A,N/A,belitung.tribunnews.com/2018/01/18/siswa-smp-rekam-aksinya-begituan-dengan-siswi-smk-video-mesum-berdurasi-3-menit-bocor,No,Adult: Sexual content,Restricted ad serving,ca-pub-7784034061253020,217,2025-02-12,2025-02-15
m.tribunnews.com,Page,N/A,N/A,m.tribunnews.com/regional/2025/02/14/korban-mutilasi-di-jombang-diduga-laki-laki-warga-yang-kehilangan-keluarga-diminta-melapor,No,Shocking content,Restricted ad serving,ca-pub-7784034061253020,215,2025-02-14,2025-02-14
bangka.tribunnews.com,Page,N/A,N/A,bangka.tribunnews.com/2018/01/06/video-mesum-tante-dan-bocah-di-bandung-ternyata-juga-berhubungan-dengan-pria-ini,No,Adult: Sexual content,Restricted ad serving,ca-pub-7784034061253020,215,2025-02-10,2025-02-15
jambi.tribunnews.com,Page,N/A,N/A,jambi.tribunnews.com/2017/07/30/galeri-foto-tanpa-sensor-ini-5-film-dewasa-dengan-adegan-intim-nyata?page=2,No,Adult: Sexual content,Restricted ad serving,ca-pub-7784034061253020,213,2025-02-10,2025-02-16
pontianak.tribunnews.com,Page,N/A,N/A,pontianak.tribunnews.com/2017/11/12/ampun-pak-kepergok-mesum-pasangan-ini-diarak-warga-di-jalan-raya-dan-dipaksa-bugil,Yes,Site Behavior: Navigation,Restricted ad serving,ca-pub-7784034061253020,210,2025-02-10,2025-02-15
manado.tribunnews.com,Page,N/A,N/A,manado.tribunnews.com/2019/03/13/bingung-hadapi-pelakor-ini-jurus-jitu-nan-elegan-agar-pelaku-jera-jangan-umbar-di-media-sosial,Yes,Ads Disguised as Content,Restricted ad serving,ca-pub-7784034061253020,210,2025-02-10,2025-02-15
lampung.tribunnews.com,Page,N/A,N/A,lampung.tribunnews.com/2018/01/02/ini-penjelasan-dokter-tentang-miss-v-tembem-yang-bikin-suami-heran,No,Adult: Sexual content,Restricted ad serving,ca-pub-7784034061253020,210,2025-02-11,2025-02-15
bogor.tribunnews.com,Page,N/A,N/A,bogor.tribunnews.com/2025/01/10/terkuak-kondisi-istri-usai-dibacok-suami-di-cilebut-bogor-korban-titip-pesan-bermakna-ke-tetangga,No,Shocking content,Restricted ad serving,ca-pub-7784034061253020,209,2025-02-10,2025-02-16
batam.tribunnews.com,Page,N/A,N/A,batam.tribunnews.com/2025/01/30/pengobatan-alat-vital-batam-hj-mak-erot-bapak-h-zaenal-di-batam,No,Adult: Sexual content,Restricted ad serving,ca-pub-7784034061253020,209,2025-02-15,2025-02-16
medan.tribunnews.com,Page,N/A,N/A,medan.tribunnews.com/2021/08/26/uah-ungkap-rahasia-surat-ad-dhuha-dan-al-insyirah-selama-ini-belum-banyak-yang-tahu,Yes,Encouraging accidental clicks: Layout,Restricted ad serving,ca-pub-7784034061253020,208,2025-02-10,2025-02-15
makassar.tribunnews.com,Page,N/A,N/A,makassar.tribunnews.com/2020/05/28/suami-jadi-bintang-film-dewasa-hingga-8000-kali-adegan-panas-istri-dia-hanya-bekerja,No,Content obscuring Google-served ads,Restricted ad serving,ca-pub-7784034061253020,208,2025-02-10,2025-02-16
bengkulu.tribunnews.com,Page,N/A,N/A,bengkulu.tribunnews.com/2022/07/29/baca-manhwa-dimana-manhwaindo-manhwaland-situs-dan-aplikasi-baca-manhwa-online-terlengkap-gratis?page=all,No,Adult: Sexual content,Restricted ad serving,ca-pub-7784034061253020,207,2025-02-12,2025-02-15
medan.tribunnews.com,Page,N/A,N/A,medan.tribunnews.com/2025/02/16/dua-preman-yang-bubarkan-anak-tk-latihan-marching-band-gegara-minta-uang-rokok-ciut-ditangkap,No,Adult: Sexual content,Restricted ad serving,ca-pub-7784034061253020,206,2025-02-15,2025-02-15
medan.tribunnews.com,Page,N/A,N/A,medan.tribunnews.com/2020/05/20/pahami-gelagat-istri-selingkuh-bercinta-dengan-pria-lain-terlihat-jelas-perbedaan-saat-bercinta?page=all,No,Adult: Sexual content,Restricted ad serving,ca-pub-7784034061253020,204,2025-02-11,2025-02-15
m.tribunnews.com,Page,N/A,N/A,m.tribunnews.com/internasional/2015/12/04/edan-kasus-hubungan-intim-manusia-dan-kuda-meningkat,No,Adult: Sexual content,Restricted ad serving,ca-pub-7784034061253020,203,2025-02-10,2025-02-15
sumsel.tribunnews.com,Page,N/A,N/A,sumsel.tribunnews.com/2018/02/10/5-film-ini-aktornya-lakukan-adegan-ranjang-beneran-namun-ada-yang-terbongkar-rahasianya,No,Adult: Sexual content,Restricted ad serving,ca-pub-7784034061253020,202,2025-02-14,2025-02-15
medan.tribunnews.com,Page,N/A,N/A,medan.tribunnews.com/2020/03/19/viral-video-wanita-cantik-dilabrak-istri-di-bandara-singgung-video-mesum-mantan-pegawai-bank-sumsel,No,Shocking content,Restricted ad serving,ca-pub-7784034061253020,202,2025-02-10,2025-02-15
bali.tribunnews.com,Page,N/A,N/A,bali.tribunnews.com/2025/01/17/ada-aksi-brutal-hingga-made-agus-tewas-mengenaskan-ini-penjelasan-warga-di-tkp-di-blahbatuh,No,Shocking content,Restricted ad serving,ca-pub-7784034061253020,200,2025-02-11,2025-02-15
style.tribunnews.com,Page,N/A,N/A,style.tribunnews.com/2021/07/30/tontonan-dewasa-5-anime-18-ini-penuh-adegan-fanservice-jangan-nonton-bareng-anak-kecil?page=2,No,Adult: Sexual content,Restricted ad serving,ca-pub-7784034061253020,199,2025-02-14,2025-02-15
aceh.tribunnews.com,Page,N/A,N/A,aceh.tribunnews.com/2022/06/22/berapa-lama-suami-butuh-waktu-istirahat-sebelum-memasuki-ronde-kedua-begini-kata-dr-boyke,No,Adult: Sexual content,Restricted ad serving,ca-pub-7784034061253020,199,2025-02-10,2025-02-15
medan.tribunnews.com,Page,N/A,N/A,medan.tribunnews.com/2021/01/30/sudah-1-dekade-main-film-panas-peran-pertama-kakek-sugiono-tokuda-jadi-guru-nakal-ozawa-muridnya,No,Adult: Sexual content,Restricted ad serving,ca-pub-7784034061253020,198,2025-02-12,2025-02-15
jateng.tribunnews.com,Page,N/A,N/A,jateng.tribunnews.com/jawa-tengah,No,Adult: Sexual content,Restricted ad serving,ca-pub-7784034061253020,198,2025-02-16,2025-02-16
bangka.tribunnews.com,Page,N/A,N/A,bangka.tribunnews.com/2020/02/03/janda-cantik-ini-kecanduan-berhubungan-intim-tak-puasa-sehari-5-kali-bikin-kekasihnya-tak-sanggup,No,Adult: Sexual content,Restricted ad serving,ca-pub-7784034061253020,198,2025-02-10,2025-02-15
medan.tribunnews.com,Page,N/A,N/A,medan.tribunnews.com/2025/02/13/arjuna-polisikan-ayah-dan-abangnya-tersentak-lihat-cctv-saat-ibunya-disiksa-padahal-idap-stroke?page=3,No,Shocking content,Restricted ad serving,ca-pub-7784034061253020,197,2025-02-13,2025-02-14
pekanbaru.tribunnews.com,Page,N/A,N/A,pekanbaru.tribunnews.com/2021/11/22/bahasa-gaul-kaum-dewasa-museum-hingga-ml-apa-arti-kata-museum-dan-arti-ml,Yes,Ads Disguised as Content,Restricted ad serving,ca-pub-7784034061253020,196,2025-02-10,2025-02-16
kupang.tribunnews.com,Page,N/A,N/A,kupang.tribunnews.com/2017/12/09/tanpa-sensor-para-pemain-di-lima-film-ini-benar-benar-lakukan-adegan-ranjang-di-depan-kamera?page=2,Yes,Adult: Sexual content;Site Behavior: Navigation,Restricted ad serving,ca-pub-7784034061253020,195,2025-02-10,2025-02-16
jateng.tribunnews.com,Page,N/A,N/A,jateng.tribunnews.com/2018/02/03/ngeri-wanita-ini-diberi-obat-perangsang-oleh-pacarnya-efeknya-sungguh-mengerikan,No,Adult: Sexual content,Restricted ad serving,ca-pub-7784034061253020,195,2025-02-10,2025-02-15
pekanbaru.tribunnews.com,Page,N/A,N/A,pekanbaru.tribunnews.com/2022/10/27/cewek-wajib-tahu-34b-kecil-atau-besar-34b-artinya-bahasa-gaul-apa,Yes,Ads Disguised as Content,Restricted ad serving,ca-pub-7784034061253020,194,2025-02-10,2025-02-16
makassar.tribunnews.com,Page,N/A,N/A,makassar.tribunnews.com/2015/09/10/puting-berubah-warna-mati-rasa-kempis-atau-mengeras-mengapa-baca-ini,No,Adult: Sexual content,Restricted ad serving,ca-pub-7784034061253020,194,2025-02-10,2025-02-15
jambi.tribunnews.com,Page,N/A,N/A,jambi.tribunnews.com/2021/01/16/arti-mimpi-mesum-dengan-tetangga-sahabat-hingga-mantan-ada-kabar-misterius-cek-di-sini,No,Adult: Sexual content,Restricted ad serving,ca-pub-7784034061253020,192,2025-02-14,2025-02-15
flores.tribunnews.com,Page,N/A,N/A,flores.tribunnews.com/2024/04/02/riwayat-hidup-mantan-bupati-ngada-ir-albertus-nong-botha,No,Shocking content,Restricted ad serving,ca-pub-7784034061253020,192,2025-02-12,2025-02-15
aceh.tribunnews.com,Page,N/A,N/A,aceh.tribunnews.com/2021/06/10/lafazkan-doa-ini-agar-tahan-lama-di-ranjang-dibaca-sebelum-berhubungan-suami-istri,No,Adult: Sexual content,Restricted ad serving,ca-pub-7784034061253020,192,2025-02-10,2025-02-14
pontianak.tribunnews.com,Page,N/A,N/A,pontianak.tribunnews.com/2018/01/24/10-foto-dan-video-artis-indonesia-telanjang-beredar-di-internet-ada-yang-dilaporkan-ke-polisi,No,Adult: Sexual content,Restricted ad serving,ca-pub-7784034061253020,190,2025-02-10,2025-02-16
makassar.tribunnews.com,Page,N/A,N/A,makassar.tribunnews.com/404,Yes,Google-served ads on screens without publisher-content,Restricted ad serving,ca-pub-7784034061253020,190,2025-02-10,2025-02-16
aceh.tribunnews.com,Page,N/A,N/A,aceh.tribunnews.com/2024/12/16/istri-pukul-suami-pakai-kayu-hingga-tewas-di-ntt-pelaku-tak-terima-dimaki-dan-ditendang-korban,No,Shocking content,Restricted ad serving,ca-pub-7784034061253020,190,2025-02-11,2025-02-14
medan.tribunnews.com,Page,N/A,N/A,medan.tribunnews.com/2025/02/07/diduga-alami-perundungan-remaja-nekat-tikam-guru-dan-temannya?page=3,No,Shocking content,Restricted ad serving,ca-pub-7784034061253020,189,2025-02-14,2025-02-14
m.tribunnews.com,Page,N/A,N/A,m.tribunnews.com/regional/2025/02/15/pemuda-di-jember-bunuh-anak-pacar-dan-masukkan-mayat-korban-ke-karung-kondisi-kejiwaan-diperiksa?page=2,No,Shocking content,Restricted ad serving,ca-pub-7784034061253020,188,2025-02-14,2025-02-15
wartakota.tribunnews.com,Page,N/A,N/A,wartakota.tribunnews.com/2015/09/06/wanita-ternyata-paling-suka-mr-p-berukuran-16-cm,No,Adult: Sexual content,Restricted ad serving,ca-pub-7784034061253020,187,2025-02-10,2025-02-15
belitung.tribunnews.com,Page,N/A,N/A,belitung.tribunnews.com/2016/12/21/lihat-jari-kelingking-anda-kalau-di-bawah-ruas-jari-manis-berarti-tipe-penyendiri,No,Adult: Sexual content,Restricted ad serving,ca-pub-7784034061253020,187,2025-02-10,2025-02-15
sultra.tribunnews.com,Page,N/A,N/A,sultra.tribunnews.com/2023/04/25/terbaru-video-popo-dan-rozi-viral-tiktok-dan-twitter-hingga-link-full-videonya-masih-diburu-warganet,No,Google-served ads obscuring content,Restricted ad serving,ca-pub-7784034061253020,186,2025-02-10,2025-02-16
lombok.tribunnews.com,Page,N/A,N/A,lombok.tribunnews.com/2022/03/27/doa-wura-bola-dan-oha-mina-tradisi-warga-bima-menjelang-bulan-ramadhan,No,Shocking content,Restricted ad serving,ca-pub-7784034061253020,186,2025-02-13,2025-02-14
madura.tribunnews.com,Page,N/A,N/A,madura.tribunnews.com/2023/07/05/daftar-harga-rokok-filter-di-indomaret-l-a-rokok-filter-ice-purple-rp-30-ribu-clas-mild-rp-21-ribu?page=3,No,Tobacco,Restricted ad serving,ca-pub-7784034061253020,185,2025-02-11,2025-02-14
jateng.tribunnews.com,Page,N/A,N/A,jateng.tribunnews.com/2021/05/31/kisah-korban-toxic-relationship-di-semarang-sering-kirim-foto-payudara-ke-pacar-pap-tt,Yes,Ads Disguised as Content,Restricted ad serving,ca-pub-7784034061253020,184,2025-02-10,2025-02-16
m.tribunnews.com,Page,N/A,N/A,m.tribunnews.com/kesehatan/2018/01/06/video-mesum-2-bocah-dengan-seorang-tante-beredar-inilah-dampak-menyeramkan-eksploitasi-seksual-dini,No,Adult: Sexual content,Restricted ad serving,ca-pub-7784034061253020,183,2025-02-10,2025-02-15
www.tribunnews.com,Page,N/A,N/A,www.tribunnews.com/regional/2025/02/14/ciri-ciri-pria-korban-mutilasi-di-jombang-bagian-tubuh-ditemukan-di-2-lokasi?page=all,No,Shocking content,Restricted ad serving,ca-pub-7784034061253020,182,2025-02-14,2025-02-14
kupang.tribunnews.com,Page,N/A,N/A,kupang.tribunnews.com/2020/12/08/bikin-heboh-5-artis-film-dewasa-keturunan-indonesia-ada-kakak-adik-asal-tegal-jawa-tengah,No,Adult: Sexual content,Restricted ad serving,ca-pub-7784034061253020,182,2025-02-10,2025-02-15
jateng.tribunnews.com,Page,N/A,N/A,jateng.tribunnews.com/2021/04/20/chord-kunci-gitar-apocalypse-cas,Yes,Google-served ads obscuring content;Modified Javascript: Ads by Google size,Restricted ad serving,ca-pub-7784034061253020,182,2025-02-10,2025-02-16
medan.tribunnews.com,Page,N/A,N/A,medan.tribunnews.com/2020/10/29/kondom-bekas-berserakan-saat-hujan-deras-solihin-akan-dilakukan-operasi-yustisi-di-setiap-indekos?page=all,No,Adult: Sexual content,Restricted ad serving,ca-pub-7784034061253020,180,2025-02-15,2025-02-16
pontianak.tribunnews.com,Page,N/A,N/A,pontianak.tribunnews.com/2018/06/05/9-artis-seksi-indonesia-yang-tampil-toples-di-film-berani-adegan-panas-sama-bule,No,Adult: Sexual content,Restricted ad serving,ca-pub-7784034061253020,179,2025-02-10,2025-02-15
m.tribunnews.com,Page,N/A,N/A,m.tribunnews.com/internasional/2015/07/11/ini-dia-10-negara-dengan-budaya-seks-paling-bebas,No,Adult: Sexual content,Restricted ad serving,ca-pub-7784034061253020,178,2025-02-10,2025-02-14
batam.tribunnews.com,Page,N/A,N/A,batam.tribunnews.com/404,Yes,Google-served ads on screens without publisher-content,Restricted ad serving,ca-pub-7784034061253020,178,2025-02-11,2025-02-14
bali.tribunnews.com,Page,N/A,N/A,bali.tribunnews.com/2021/08/04/banyak-orang-tak-menyadari-benjolan-keras-di-tubuh-ternyata-asam-urat-komplikasi-ini-bisa-terjadi?page=all,No,Shocking content,Restricted ad serving,ca-pub-7784034061253020,178,2025-02-12,2025-02-16
lampung.tribunnews.com,Page,N/A,N/A,lampung.tribunnews.com/2017/10/04/tips-agar-miss-v-tak-terlihat-menyembul-saat-memakai-celana-model-ini,No,Adult: Sexual content,Restricted ad serving,ca-pub-7784034061253020,177,2025-02-10,2025-02-16
wow.tribunnews.com,Page,N/A,N/A,wow.tribunnews.com/2019/03/06/viral-video-oknum-guru-putar-video-porno-di-kelas-kpai-sesalkan-perilaku-sang-guru,Yes,Site Behavior: Navigation,Restricted ad serving,ca-pub-7784034061253020,174,2025-02-10,2025-02-16
wow.tribunnews.com,Page,N/A,N/A,wow.tribunnews.com/2018/01/04/bongkar-isi-kepala-cowok-terkait-soal-seks-ungkap-alasan-kenapa-cowok-kerap-mikirin-seks,No,Adult: Sexual content,Restricted ad serving,ca-pub-7784034061253020,174,2025-02-10,2025-02-15
www.tribunnews.com,Page,N/A,N/A,www.tribunnews.com/kesehatan/2017/08/14/tak-ada-suntik-kb-ternyata-orang-zaman-dulu-gunakan-cara-unik-ini-untuk-cegah-kehamilan,No,Adult: Sexual content,Restricted ad serving,ca-pub-7784034061253020,173,2025-02-10,2025-02-16
makassar.tribunnews.com,Page,N/A,N/A,makassar.tribunnews.com/2015/07/27/keseringan-onani-bikin-lutut-kopong-dan-merusak-kualitas-sperma,No,Adult: Sexual content,Restricted ad serving,ca-pub-7784034061253020,173,2025-02-10,2025-02-16
jogja.tribunnews.com,Page,N/A,N/A,jogja.tribunnews.com/2018/02/21/morning-sex-hanya-dilakukan-orang-yang-bahagia-dan-sehat,No,Adult: Sexual content,Restricted ad serving,ca-pub-7784034061253020,173,2025-02-10,2025-02-14
health.tribunnews.com,Page,N/A,N/A,health.tribunnews.com/2023/10/04/dr-zaidul-akbar-rekomendasikan-obat-kuat-alami-murah-mudah-dan-bikin-momen-bercinta-lebih-panas,No,Adult: Sexual content,Restricted ad serving,ca-pub-7784034061253020,173,2025-02-11,2025-02-15
suryamalang.tribunnews.com,Page,N/A,N/A,suryamalang.tribunnews.com/2018/02/21/video-ikan-ini-viral-gara-gara-punya-bibir-layaknya-artis-hollywood-gak-percaya-coba-bandingkan,Yes,Site Behavior: Navigation,Restricted ad serving,ca-pub-7784034061253020,171,2025-02-10,2025-02-16
bali.tribunnews.com,Page,N/A,N/A,bali.tribunnews.com/2020/12/12/arti-mimpi-berhubungan-seks-dengan-teman-sendiri-ternyata-pertanda-baik,No,Adult: Sexual content,Restricted ad serving,ca-pub-7784034061253020,170,2025-02-11,2025-02-14
wartakota.tribunnews.com,Page,N/A,N/A,wartakota.tribunnews.com/2020/06/14/guru-smp-potret-25-wanita-tanpa-busana-foto-foto-disebar-ke-medsos-hingga-dijual-ke-majalah-dewasa?page=all,No,Adult: Sexual content,Restricted ad serving,ca-pub-7784034061253020,169,2025-02-15,2025-02-15
jateng.tribunnews.com,Page,N/A,N/A,jateng.tribunnews.com/2025/02/14/dewan-desak-pasar-dargo-semarang-dikembalikan-fungsinya-tidak-untuk-tempat-karaoke?lgn_method=google&google_btn=onetap,No,Adult: Sexual content,Restricted ad serving,ca-pub-7784034061253020,169,2025-02-14,2025-02-14
medan.tribunnews.com,Page,N/A,N/A,medan.tribunnews.com/2024/04/04/tangis-keluarga-pecah-saat-pemakaman-ibu-yang-tewas-dibunuh-anaknya-warga-beri-kesaksian,No,Shocking content,Restricted ad serving,ca-pub-7784034061253020,168,2025-02-14,2025-02-14
bangka.tribunnews.com,Page,N/A,N/A,bangka.tribunnews.com/2018/01/08/ini-7-nama-tersangka-video-mesum-tante-vs-bocah-di-bandung,No,Adult: Sexual content,Restricted ad serving,ca-pub-7784034061253020,168,2025-02-10,2025-02-16
suryamalang.tribunnews.com,Page,N/A,N/A,suryamalang.tribunnews.com/2025/02/14/ada-kemungkinan-korban-bocah-6-tahun-dikubur-hidup-hidup-kekejaman-pria-pacar-ibu-di-jember,No,Shocking content,Restricted ad serving,ca-pub-7784034061253020,167,2025-02-14,2025-02-14
makassar.tribunnews.com,Page,N/A,N/A,makassar.tribunnews.com/2015/07/31/inilah-lokasi-industri-porno-terbesar-dunia,No,Adult: Sexual content,Restricted ad serving,ca-pub-7784034061253020,167,2025-02-10,2025-02-16
wartakota.tribunnews.com,Page,N/A,N/A,wartakota.tribunnews.com/2020/10/21/ini-arti-mimpi-berhubungan-seks-dengan-rekan-kerja,No,Adult: Sexual content,Restricted ad serving,ca-pub-7784034061253020,166,2025-02-12,2025-02-14
makassar.tribunnews.com,Page,N/A,N/A,makassar.tribunnews.com/2019/02/22/ini-permintaan-terakhir-erni-susanti-wanita-hamil-yang-tewas-dibunuh-suami-luka-robek-di-perut,Yes,Ads Disguised as Content;Shocking content,Restricted ad serving,ca-pub-7784034061253020,165,2025-02-10,2025-02-15
jateng.tribunnews.com,Page,N/A,N/A,jateng.tribunnews.com/2017/05/24/kisah-bintang-porno-bertubuh-mungil-asal-jepang-ia-harus-kuat-minimal-5-menit,No,Adult: Sexual content,Restricted ad serving,ca-pub-7784034061253020,163,2025-02-10,2025-02-15
pontianak.tribunnews.com,Page,N/A,N/A,pontianak.tribunnews.com/2018/05/28/6-ciri-wanita-sudah-tak-perawan-mulai-hidung-mata-payudara-hingga-bentuk-punggung?page=2,No,Adult: Sexual content,Restricted ad serving,ca-pub-7784034061253020,162,2025-02-14,2025-02-15
pontianak.tribunnews.com,Page,N/A,N/A,pontianak.tribunnews.com/2017/09/30/seperti-apa-sih-orgasme-pada-wanita-ini-penjelasannya,No,Adult: Sexual content,Restricted ad serving,ca-pub-7784034061253020,161,2025-02-10,2025-02-16
jambi.tribunnews.com,Page,N/A,N/A,jambi.tribunnews.com/2019/10/02/berikut-foto-30-gadis-jepang-yang-sering-pamerkan-bagian-dalam-tubuhnya-meski-pakai-baju-transparan?page=2,No,Adult: Sexual content,Restricted ad serving,ca-pub-7784034061253020,158,2025-02-10,2025-02-15
wartakota.tribunnews.com,Page,N/A,N/A,wartakota.tribunnews.com/2016/02/12/stok-kondom-habis-jelang-perayaan-valentine-wali-kota-ini-geram,No,Adult: Sexual content,Restricted ad serving,ca-pub-7784034061253020,157,2025-02-10,2025-02-14
pekanbaru.tribunnews.com,Page,N/A,N/A,pekanbaru.tribunnews.com/2022/01/28/link-download-tiktok-18-plus-versi-android-dan-download-tiktok-18-mod-apk,Yes,Ads Disguised as Content,Restricted ad serving,ca-pub-7784034061253020,157,2025-02-10,2025-02-15
jogja.tribunnews.com,Page,N/A,N/A,jogja.tribunnews.com/404,Yes,Google-served ads on screens without publisher-content,Restricted ad serving,ca-pub-7784034061253020,155,2025-02-10,2025-02-14
aceh.tribunnews.com,Page,N/A,N/A,aceh.tribunnews.com/2019/03/23/dompet-kosong-dapat-sebabkan-sakit-jantung-simak-penjelasannya,Yes,Site Behavior: Navigation,Restricted ad serving,ca-pub-7784034061253020,155,2025-02-10,2025-02-15
makassar.tribunnews.com,Page,N/A,N/A,makassar.tribunnews.com/2021/03/03/ulama-muda-enrekang-sebut-ternyata-onani-atau-masturbasi-bisa-dilakukan-dalam-kondisi-tertentu,Yes,Ads Disguised as Content,Restricted ad serving,ca-pub-7784034061253020,154,2025-02-10,2025-02-15
makassar.tribunnews.com,Page,N/A,N/A,makassar.tribunnews.com/2020/11/07/video-panas-19-detik-mirip-gisella-anastasia-netter-temukan-kemiripan-dengan-isi-kamar-gisel,Yes,Ads Disguised as Content,Restricted ad serving,ca-pub-7784034061253020,154,2025-02-10,2025-02-15
jateng.tribunnews.com,Page,N/A,N/A,jateng.tribunnews.com/topic/berita-semarang,No,Adult: Sexual content,Restricted ad serving,ca-pub-7784034061253020,153,2025-02-14,2025-02-15
belitung.tribunnews.com,Page,N/A,N/A,belitung.tribunnews.com/2016/09/15/empat-wanita-cantik-asal-indonesia-ini-sukses-jadi-bintang-film-porno-simak-siapa-saja-mereka,No,Adult: Sexual content,Restricted ad serving,ca-pub-7784034061253020,152,2025-02-10,2025-02-16
bali.tribunnews.com,Page,N/A,N/A,bali.tribunnews.com/2018/01/27/ternyata-ini-rahasia-aktor-film-panas-tahan-sepanjang-film,No,Adult: Sexual content,Restricted ad serving,ca-pub-7784034061253020,152,2025-02-10,2025-02-16
bali.tribunnews.com,Page,N/A,N/A,bali.tribunnews.com/2016/10/14/video-nikita-mirzani-buka-bra-dan-mandi-beredar-usai-mesra-bareng-zack-lee-katanya-biar-meleleh,No,Adult: Sexual content,Restricted ad serving,ca-pub-7784034061253020,152,2025-02-10,2025-02-14
kupang.tribunnews.com,Page,N/A,N/A,kupang.tribunnews.com/2020/12/26/jangan-diabaikan-ini-arti-mimpi-hubungan-badan-dengan-istri-atau-suami-orangtafsir-mimpi-lengkap,Yes,Google-served ads obscuring content;Modified Javascript: Ads by Google size,Restricted ad serving,ca-pub-7784034061253020,150,2025-02-10,2025-02-16
www.tribunnews.com,Page,N/A,N/A,www.tribunnews.com/internasional/2015/10/07/ibu-dan-anak-ini-jadi-bintang-film-porno-bareng-ini-alasan-mereka,No,Adult: Sexual content,Restricted ad serving,ca-pub-7784034061253020,149,2025-02-10,2025-02-16
trends.tribunnews.com,Page,N/A,N/A,trends.tribunnews.com/2024/11/25/rekaman-video-viral-mirip-onic-vior-15-menit-20-detik-link-diburu-netizen-begini-isi-videonya,No,Adult: Sexual content,Restricted ad serving,ca-pub-7784034061253020,149,2025-02-13,2025-02-14
pekanbaru.tribunnews.com,Page,N/A,N/A,pekanbaru.tribunnews.com/2017/11/09/pernah-dengar-threesome-begini-5-faktanya-yang-ditemukan-seorang-peneliti,Yes,Ads Disguised as Content,Restricted ad serving,ca-pub-7784034061253020,147,2025-02-10,2025-02-15
pekanbaru.tribunnews.com,Page,N/A,N/A,pekanbaru.tribunnews.com/2021/07/03/viral-tiktok-andaikan-hp-ku-tidak-jatuh-ada-apa-dengan-rina-hole-film-anime-stuck-in-the-wall,Yes,Ads Disguised as Content,Restricted ad serving,ca-pub-7784034061253020,146,2025-02-10,2025-02-15
www.tribunnews.com,Page,N/A,N/A,www.tribunnews.com/regional/2025/02/14/korban-mutilasi-di-jombang-diduga-laki-laki-warga-yang-kehilangan-keluarga-diminta-melapor,No,Shocking content,Restricted ad serving,ca-pub-7784034061253020,145,2025-02-14,2025-02-14
pontianak.tribunnews.com,Page,N/A,N/A,pontianak.tribunnews.com/2018/01/28/inilah-7-ciri-wanita-kecanduan-masturbasi-7-persen-cewek-melakukannya-setiap-hari?page=2,No,Adult: Sexual content,Restricted ad serving,ca-pub-7784034061253020,145,2025-02-10,2025-02-15
newsmaker.tribunnews.com,Page,N/A,N/A,newsmaker.tribunnews.com/2024/01/04/kunci-jawaban-bahasa-indonesia-kelas-2-sd-halaman-120-121-kurikulum-merdeka-apa-yang-dimaksud-jasa?page=2,No,Adult: Sexual content,Restricted ad serving,ca-pub-7784034061253020,145,2025-02-10,2025-02-14
m.tribunnews.com,Page,N/A,N/A,m.tribunnews.com/kesehatan/2021/07/16/manfaat-minyak-zaitun-untuk-pria-benarkah-bisa-memperbesar-alat-vital-ahli-beberkan-faktanya,No,Adult: Sexual content,Restricted ad serving,ca-pub-7784034061253020,145,2025-02-13,2025-02-14
m.tribunnews.com,Page,N/A,N/A,m.tribunnews.com/tag/rajabasa,No,Adult: Sexual content,Restricted ad serving,ca-pub-7784034061253020,144,2025-02-13,2025-02-14
bangka.tribunnews.com,Page,N/A,N/A,bangka.tribunnews.com/2020/03/05/tips-gerakan-senam-kegel-untuk-wanita-manfaatnya-bisa-bahagiakan-pasangan-anda,No,Adult: Sexual content,Restricted ad serving,ca-pub-7784034061253020,144,2025-02-13,2025-02-15
wartakota.tribunnews.com,Page,N/A,N/A,wartakota.tribunnews.com/2019/02/22/kronologi-lengkap-kasus-suami-belah-perut-istri-pakai-parang-untuk-keluarkan-bayi,No,Shocking content,Restricted ad serving,ca-pub-7784034061253020,143,2025-02-12,2025-02-16
wartakota.tribunnews.com,Page,N/A,N/A,wartakota.tribunnews.com/2015/06/11/posisi-gunting-duduk-bikin-si-dia-teriak-berkali-kali,No,Adult: Sexual content,Restricted ad serving,ca-pub-7784034061253020,143,2025-02-10,2025-02-15
www.tribunnews.com,Page,N/A,N/A,www.tribunnews.com/regional/2017/05/30/geliat-kaum-gay-semarang-tempat-nongkrong-hingga-kucing,No,Adult: Sexual content,Restricted ad serving,ca-pub-7784034061253020,142,2025-02-11,2025-02-15
pontianak.tribunnews.com,Page,N/A,N/A,pontianak.tribunnews.com/2018/01/27/ciri-ciri-wanita-bernafsu-tinggi-beberapa-ada-yang-sering-kamu-jumpai,No,Adult: Sexual content,Restricted ad serving,ca-pub-7784034061253020,142,2025-02-10,2025-02-16
kupang.tribunnews.com,Page,N/A,N/A,kupang.tribunnews.com/2018/09/05/7-artis-ini-miliki-payudara-terindah-di-tahun-2017-adakah-idolamu,No,Shocking content,Restricted ad serving,ca-pub-7784034061253020,142,2025-02-10,2025-02-15
medan.tribunnews.com,Page,N/A,N/A,medan.tribunnews.com/2019/03/20/ini-dia-5-merek-rokok-paling-mahal-di-dunia-ada-yang-harganya-capai-rp-953-ribu?page=all,Yes,Site Behavior: Navigation,Restricted ad serving,ca-pub-7784034061253020,141,2025-02-11,2025-02-16
jatim.tribunnews.com,Page,N/A,N/A,jatim.tribunnews.com/2022/03/15/arti-kata-depo-bahasa-gaul-viral-di-media-sosial-gegara-kasus-indra-kenz-dan-doni-salmanan,No,Google-served ads obscuring content,Restricted ad serving,ca-pub-7784034061253020,141,2025-02-10,2025-02-16
sumsel.tribunnews.com,Page,N/A,N/A,sumsel.tribunnews.com/2025/02/14/sadisnya-alfiyanto-bunuh-anak-pacarnya-lalu-dikubur-di-kebun-kopi-dada-korban-dipukul-berkali-kali?page=all,No,Shocking content,Restricted ad serving,ca-pub-7784034061253020,140,2025-02-14,2025-02-14
m.tribunnews.com,Page,N/A,N/A,m.tribunnews.com/kesehatan/2014/11/13/ini-posisi-doggy-style-yang-benar-supaya-punya-anak-lelaki,No,Adult: Sexual content,Restricted ad serving,ca-pub-7784034061253020,140,2025-02-10,2025-02-15
kupang.tribunnews.com,Page,N/A,N/A,kupang.tribunnews.com/2022/10/10/link-tiktok-dewasa-aplikasi-tiktok-18-plus-dengan-video-vulgar-bukan-untuk-anak-anak?page=2,No,Adult: Sexual content,Restricted ad serving,ca-pub-7784034061253020,140,2025-02-14,2025-02-15
depok.tribunnews.com,Page,N/A,N/A,depok.tribunnews.com/2025/02/14/tak-perlu-pakai-ilmu-pelet-ini-8-tips-agar-wanita-tergila-gila-pada-pria,No,Adult: Sexual content,Restricted ad serving,ca-pub-7784034061253020,140,2025-02-14,2025-02-15
jabar.tribunnews.com,Page,N/A,N/A,jabar.tribunnews.com/2023/08/14/pengobatan-alat-vital-bandung-bpk-asep-jaenal-konsultasi-gratis-081386309927,No,Adult: Sexual content,Restricted ad serving,ca-pub-7784034061253020,139,2025-02-10,2025-02-15
palembang.tribunnews.com,Page,N/A,N/A,palembang.tribunnews.com/2017/11/12/menyesal-pernah-bugil-dan-lakukan-adegal-panas-di-film-6-artis-ini-minta-maaf?page=4,No,Adult: Sexual content,Restricted ad serving,ca-pub-7784034061253020,138,2025-02-10,2025-02-16
m.tribunnews.com,Page,N/A,N/A,m.tribunnews.com/regional/2018/02/12/mayoritas-emak-emak-muda-dan-remaja-putri-pembeli-alat-bantu-seks-di-bali,No,Adult: Sexual content,Restricted ad serving,ca-pub-7784034061253020,138,2025-02-10,2025-02-16
www.tribunnews.com,Page,N/A,N/A,www.tribunnews.com/kesehatan/2013/02/06/ini-kata-mereka-yang-pernah-mengonsumsi-permen-karet-cinta,No,Adult: Sexual content;Content obscuring Google-served ads,Restricted ad serving,ca-pub-7784034061253020,137,2025-02-10,2025-02-15
pekanbaru.tribunnews.com,Page,N/A,N/A,pekanbaru.tribunnews.com/2021/11/17/arti-dan-makna-mimpi-berhubungan-badan-mimpi-dengan-guru-bos-main-di-dapur-hingga-dengan-teman,Yes,Ads Disguised as Content;Adult: Sexual content;Modified ad code: Resizing Ad Frames,Restricted ad serving,ca-pub-7784034061253020,137,2025-02-10,2025-02-15
lampung.tribunnews.com,Page,N/A,N/A,lampung.tribunnews.com/2018/01/06/video-mesum-bocah-dengan-tante-viral-tak-berani-melawan-karena-takut-ibu,No,Google-served ads obscuring content;Shocking content,Restricted ad serving,ca-pub-7784034061253020,137,2025-02-10,2025-02-16
makassar.tribunnews.com,Page,N/A,N/A,makassar.tribunnews.com/2017/12/16/beginilah-nasib-7-bintang-film-panas-jepang-saat-tobat-nomor-7-bikin-cara-sendiri-layani-fans,Yes,Site Behavior: Navigation,Restricted ad serving,ca-pub-7784034061253020,136,2025-02-10,2025-02-16
lampung.tribunnews.com,Page,N/A,N/A,lampung.tribunnews.com/2018/02/02/ini-kode-kode-rahasia-prostitusi-via-media-sosial,No,Google-served ads obscuring content,Restricted ad serving,ca-pub-7784034061253020,134,2025-02-10,2025-02-16
bekasi.tribunnews.com,Page,N/A,N/A,bekasi.tribunnews.com/2022/07/30/koleksi-film-semi-korea-terbaru-2022-yang-paling-laris-ditonton-bikin-penonton-mupeng-hingga-baper,Yes,Ads Disguised as Content,Restricted ad serving,ca-pub-7784034061253020,134,2025-02-10,2025-02-15
bangka.tribunnews.com,Page,N/A,N/A,bangka.tribunnews.com/2022/07/21/tamu-yang-datang-banyak-minta-pijat-plus-terapis-beberkan-tarifnya-untuk-layanan-full,Yes,Ads Disguised as Content,Restricted ad serving,ca-pub-7784034061253020,134,2025-02-10,2025-02-16
www.tribunnews.com,Page,N/A,N/A,www.tribunnews.com/lifestyle/2010/04/24/gairah-seks-wanita-menurut-primbon-jawa,No,Adult: Sexual content,Restricted ad serving,ca-pub-7784034061253020,133,2025-02-10,2025-02-16
www.tribunnews.com,Page,N/A,N/A,www.tribunnews.com/internasional/2017/07/19/psk-asing-di-jepang-banyak-pakai-tinder-dan-line-pusingkan-pihak-kepolisian,No,Adult: Sexual content,Restricted ad serving,ca-pub-7784034061253020,133,2025-02-10,2025-02-16
sumsel.tribunnews.com,Page,N/A,N/A,sumsel.tribunnews.com/2015/08/12/hilangkan-jerawat-batu-dengan-cara-ini,No,Shocking content,Restricted ad serving,ca-pub-7784034061253020,133,2025-02-11,2025-02-15
style.tribunnews.com,Page,N/A,N/A,style.tribunnews.com/2022/11/21/5-rekomendasi-anime-komedi-dewasa-terbaru-penuh-adegan-panas-ada-kaguya-sama-love-is-war,No,Adult: Sexual content,Restricted ad serving,ca-pub-7784034061253020,132,2025-02-11,2025-02-14
palembang.tribunnews.com,Page,N/A,N/A,palembang.tribunnews.com/2021/07/08/serupa-tapi-tak-sama-ternyata-arti-amal-dan-ibadah-itu-punya-perbedaan-makna-begini-penjelasannya,Yes,Encouraging accidental clicks: Layout;Google-served ads obscuring content,Restricted ad serving,ca-pub-7784034061253020,131,2025-02-10,2025-02-16
medan.tribunnews.com,Page,N/A,N/A,medan.tribunnews.com/2018/03/22/7-artis-indonesia-ini-disebut-memiliki-payudara-terindah-nomor-terakhir-sempat-menghebohkan?page=all,Yes,Site Behavior: Navigation,Restricted ad serving,ca-pub-7784034061253020,131,2025-02-12,2025-02-15
bali.tribunnews.com,Page,N/A,N/A,bali.tribunnews.com/2016/08/21/video-gadis-cantik-ini-jadi-viral-usai-lupa-matikan-kamera-saat-esek-esek,No,Adult: Sexual content,Restricted ad serving,ca-pub-7784034061253020,130,2025-02-11,2025-02-14
madura.tribunnews.com,Page,N/A,N/A,madura.tribunnews.com/2022/11/15/video-mesum-siswi-smk-pakai-batik-hijau-di-sampang-tersebar-di-media-sosial-kondisi-direkam-pacar,Yes,Ads Disguised as Content,Restricted ad serving,ca-pub-7784034061253020,129,2025-02-10,2025-02-15
pekanbaru.tribunnews.com,Page,N/A,N/A,pekanbaru.tribunnews.com/2024/03/31/doodstream-viral-hijab-pakai-belut-jumbo-meresahkan-warganet-di-twitter,No,Adult: Sexual content,Restricted ad serving,ca-pub-7784034061253020,128,2025-02-12,2025-02-14
jambi.tribunnews.com,Page,N/A,N/A,jambi.tribunnews.com/2018/01/21/ini-yang-ada-dipikiran-wanita-bila-melihat-kelamin-laki-laki,No,Adult: Sexual content,Restricted ad serving,ca-pub-7784034061253020,128,2025-02-10,2025-02-16
sumsel.tribunnews.com,Page,N/A,N/A,sumsel.tribunnews.com/2017/05/02/4-bintang-film-jav-sempat-bikin-heboh-indonesia-nomor-1-dan-2-paling-populer,No,Adult: Sexual content,Restricted ad serving,ca-pub-7784034061253020,127,2025-02-11,2025-02-15
pontianak.tribunnews.com,Page,N/A,N/A,pontianak.tribunnews.com/2018/02/12/kesepian-wanita-ini-ketergantungan-alat-bantu-seks-awalnya-geli-lalu-terasa-begini?page=all,No,Adult: Sexual content,Restricted ad serving,ca-pub-7784034061253020,127,2025-02-10,2025-02-14
wartakota.tribunnews.com,Page,N/A,N/A,wartakota.tribunnews.com/2021/01/25/segini-tarif-psk-kawasan-puncak-bogor-dari-yang-berusia-remaja-dari-daerah-timur-tengah-dan-maroko,No,Adult: Sexual content,Restricted ad serving,ca-pub-7784034061253020,126,2025-02-15,2025-02-15
batam.tribunnews.com,Page,N/A,N/A,batam.tribunnews.com/2021/10/26/cara-booking-hotel-lewat-shopee-bisa-bayar-bulan-depan-pakai-shopee-paylater,Yes,Modified ad code: Resizing Ad Frames,Restricted ad serving,ca-pub-7784034061253020,126,2025-02-10,2025-02-16
aceh.tribunnews.com,Page,N/A,N/A,aceh.tribunnews.com/2022/11/01/berhubungan-intim-lebih-dari-2-kali-sehari-berapa-kali-idealnya-begini-jawaban-seksolog-dr-boyke?page=2,No,Adult: Sexual content,Restricted ad serving,ca-pub-7784034061253020,126,2025-02-14,2025-02-14
bogor.tribunnews.com,Page,N/A,N/A,bogor.tribunnews.com/2024/04/18/jangan-kaget-ini-5-arti-mimpi-berhubungan-badan-dengan-mantan-pertanda-akan-datangnya-masalah,Yes,Google-served ads obscuring content;Modified Javascript: Ads by Google size,Restricted ad serving,ca-pub-7784034061253020,125,2025-02-10,2025-02-16
solo.tribunnews.com,Page,N/A,N/A,solo.tribunnews.com/2020/01/23/chord-ukulele-dan-lirik-lagu-harusnya-aku-armada-harusnya-aku-yang-disana,Yes,Encouraging accidental clicks: Layout;Google-served ads obscuring content,Restricted ad serving,ca-pub-7784034061253020,124,2025-02-10,2025-02-16
www.tribunnews.com,Page,N/A,N/A,www.tribunnews.com/regional/2025/02/14/alfin-pukul-dada-anak-pacarnya-berkali-kali-hingga-tewas-karena-emosi,No,Shocking content,Restricted ad serving,ca-pub-7784034061253020,123,2025-02-14,2025-02-14
pontianak.tribunnews.com,Page,N/A,N/A,pontianak.tribunnews.com/404,Yes,Google-served ads on screens without publisher-content,Restricted ad serving,ca-pub-7784034061253020,123,2025-02-10,2025-02-16
medan.tribunnews.com,Page,N/A,N/A,medan.tribunnews.com/2019/03/20/ini-dia-5-merek-rokok-paling-mahal-di-dunia-ada-yang-harganya-capai-rp-953-ribu,Yes,Site Behavior: Navigation;Tobacco,Restricted ad serving,ca-pub-7784034061253020,123,2025-02-10,2025-02-14
manado.tribunnews.com,Page,N/A,N/A,manado.tribunnews.com/2017/12/13/ada-yang-diduga-mahasiswi-inilah-5-video-mesum-paling-heboh-sepanjang-tahun-2017,No,Adult: Sexual content,Restricted ad serving,ca-pub-7784034061253020,123,2025-02-10,2025-02-15
pekanbaru.tribunnews.com,Page,N/A,N/A,pekanbaru.tribunnews.com/2024/01/11/video-senna-cosplay-dan-link-video-viral-pamer-tubuh-diduga-senna-cosplayer-elaina-disebar-di-x,No,Adult: Sexual content,Restricted ad serving,ca-pub-7784034061253020,122,2025-02-14,2025-02-15
jambi.tribunnews.com,Page,N/A,N/A,jambi.tribunnews.com/2020/09/27/6-judul-film-maria-ozawa-miyabi-adegan-irokoishi-paling-ehem-sd-nilalang-yang-kalem,No,Adult: Sexual content,Restricted ad serving,ca-pub-7784034061253020,122,2025-02-11,2025-02-15
jogja.tribunnews.com,Page,N/A,N/A,jogja.tribunnews.com/2017/09/02/menguak-kisah-wiroguno-jenderal-yang-disegani-belanda-dan-roro-mendut,No,Shocking content,Restricted ad serving,ca-pub-7784034061253020,121,2025-02-13,2025-02-14
jambi.tribunnews.com,Page,N/A,N/A,jambi.tribunnews.com/2018/04/08/hubungan-cara-berjalan-dengan-keperawanan-anda-jangan-salah-kaprah,No,Adult: Sexual content,Restricted ad serving,ca-pub-7784034061253020,121,2025-02-10,2025-02-15
pekanbaru.tribunnews.com,Page,N/A,N/A,pekanbaru.tribunnews.com/2023/01/03/video-review-susu-viral-ada-cewek-4-bersaudara-yang-viral-pamer-buah-dada?page=2,No,Adult: Sexual content,Restricted ad serving,ca-pub-7784034061253020,120,2025-02-15,2025-02-15
aceh.tribunnews.com,Page,N/A,N/A,aceh.tribunnews.com/2024/07/06/cara-mengetahui-perempuan-masih-perawan-atau-tidak-dr-boyke-ungkap-caranya,No,Adult: Sexual content,Restricted ad serving,ca-pub-7784034061253020,120,2025-02-10,2025-02-15
sumsel.tribunnews.com,Page,N/A,N/A,sumsel.tribunnews.com/2021/02/13/daftar-promo-coklat-silver-queen-hari-valentine-14-februari-2021-di-alfamart-dan-indomaret,Yes,Modified ad code: Resizing Ad Frames,Restricted ad serving,ca-pub-7784034061253020,119,2025-02-10,2025-02-15
jateng.tribunnews.com,Page,N/A,N/A,jateng.tribunnews.com/2017/02/11/kisah-kehidupan-seks-pemilik-penis-terbesar-dan-terpanjang-di-dunia-pacarnya-tak-sanggup,No,Adult: Sexual content,Restricted ad serving,ca-pub-7784034061253020,119,2025-02-10,2025-02-14
palembang.tribunnews.com,Page,N/A,N/A,palembang.tribunnews.com/2016/02/22/hati-hati-penyakit-menular-seksual-psm-bisa-menjangkiti-semua-orang-meski-tidak-berhubungan,No,Adult: Sexual content,Restricted ad serving,ca-pub-7784034061253020,118,2025-02-10,2025-02-15
wartakota.tribunnews.com,Page,N/A,N/A,wartakota.tribunnews.com/2025/01/11/20-film-sensual-jepang-buat-pasangan-dewasa-yang-sudah-menikah-dilengkapi-sinopsis?page=2,No,Adult: Sexual content,Restricted ad serving,ca-pub-7784034061253020,117,2025-02-10,2025-02-15
medan.tribunnews.com,Page,N/A,N/A,medan.tribunnews.com/2019/09/20/inilah-daftar-makanan-yang-boleh-dipanaskan-kembali-dan-makanan-uang-tidak-bisa-dipanaskan-lagi,No,Google-served ads obscuring content,Restricted ad serving,ca-pub-7784034061253020,117,2025-02-10,2025-02-16
wartakota.tribunnews.com,Page,N/A,N/A,wartakota.tribunnews.com/2017/10/21/belut-itu-masuk-ke-rahim-wanita-cantik-yang-bermasturbasi-dengan-hewan-ini,No,Adult: Sexual content;Shocking content,Restricted ad serving,ca-pub-7784034061253020,116,2025-02-10,2025-02-15
travel.tribunnews.com,Page,N/A,N/A,travel.tribunnews.com/2017/07/01/astaga-karena-alasan-ini-banyak-pria-jepang-lebih-pilih-boneka-seks-ketimbang-perempuan,No,Adult: Sexual content,Restricted ad serving,ca-pub-7784034061253020,116,2025-02-10,2025-02-15
jatim.tribunnews.com,Page,N/A,N/A,jatim.tribunnews.com/2017/11/28/9-posisi-oral-seks-terbaik-yang-bisa-bikin-pasanganmu-menggila-seketika-no-6-paling-dahsyat,No,Adult: Sexual content,Restricted ad serving,ca-pub-7784034061253020,116,2025-02-13,2025-02-16
bangka.tribunnews.com,Page,N/A,N/A,bangka.tribunnews.com/2021/09/06/10-selebriti-korea-terkenal-yang-pernah-melakukan-operasi-plastik-nggak-nyangka-berubah-drastis,Yes,Modified ad code: Resizing Ad Frames,Restricted ad serving,ca-pub-7784034061253020,116,2025-02-10,2025-02-15
www.tribunnews.com,Page,N/A,N/A,www.tribunnews.com/internasional/2019/05/23/aktor-senior-film-dewasa-jepang-hubungan-pria-dan-wanita-terpenting-adalah-komunikasi,No,Adult: Sexual content,Restricted ad serving,ca-pub-7784034061253020,115,2025-02-10,2025-02-15
makassar.tribunnews.com,Page,N/A,N/A,makassar.tribunnews.com/2020/07/07/banyak-adegan-ranjang-gay-threesome-siswa-sma-ini-sinopsis-elite-di-netflix-ada-yang-berhijab,Yes,Ads Disguised as Content,Restricted ad serving,ca-pub-7784034061253020,115,2025-02-10,2025-02-15
jateng.tribunnews.com,Page,N/A,N/A,jateng.tribunnews.com/2018/02/03/ngeri-wanita-ini-diberi-obat-perangsang-oleh-pacarnya-efeknya-sungguh-mengerikan?page=2,No,Adult: Sexual content,Restricted ad serving,ca-pub-7784034061253020,115,2025-02-14,2025-02-15
bangka.tribunnews.com,Page,N/A,N/A,bangka.tribunnews.com/2018/01/06/baru-saja-heboh-video-mesum-bocah-kini-video-bocah-ngapa-ya-ini-juga-ikutan-heboh?page=all,No,Adult: Sexual content,Restricted ad serving,ca-pub-7784034061253020,115,2025-02-13,2025-02-15
www.tribunnews.com,Page,N/A,N/A,www.tribunnews.com/kesehatan/2023/07/25/normalkah-seorang-wanita-melakukan-masturbasi-begini-penjelasan-dr-binsar-martin,No,Adult: Sexual content,Restricted ad serving,ca-pub-7784034061253020,114,2025-02-14,2025-02-16
wartakota.tribunnews.com,Page,N/A,N/A,wartakota.tribunnews.com/2020/02/21/ibu-mertua-intip-menantu-dan-anaknya-berhubungan-badan-ternyata-ini-tujuan-sebenarnya,Yes,Modified ad code: Resizing Ad Frames,Restricted ad serving,ca-pub-7784034061253020,114,2025-02-10,2025-02-14
jatim.tribunnews.com,Page,N/A,N/A,jatim.tribunnews.com/2023/05/23/arti-kata-revenge-porn-yang-viral-di-media-sosial-sering-dialami-artis-tanah-air-ada-dampak-buruk,No,Google-served ads obscuring content,Restricted ad serving,ca-pub-7784034061253020,114,2025-02-11,2025-02-15
batam.tribunnews.com,Page,N/A,N/A,batam.tribunnews.com/2020/05/17/penyebab-dan-cara-mengatasi-jerawat-di-kemaluan-pria-salah-satunya-adalah-pakaian-ketat,Yes,Encouraging accidental clicks: Layout,Restricted ad serving,ca-pub-7784034061253020,114,2025-02-10,2025-02-14
jogja.tribunnews.com,Page,N/A,N/A,jogja.tribunnews.com/2024/10/04/5-arti-mimpi-membeli-kondom-tanda-perlindungan-atau-kekhawatiran-tersembunyi,No,Adult: Sexual content,Restricted ad serving,ca-pub-7784034061253020,113,2025-02-11,2025-02-16
bangka.tribunnews.com,Page,N/A,N/A,bangka.tribunnews.com/2020/01/06/tips-latihan-dan-senam-kegel-bakal-buat-wanita-maksimal-dan-nyaman-di-ranjang-begini-caranya,No,Adult: Sexual content,Restricted ad serving,ca-pub-7784034061253020,113,2025-02-12,2025-02-15
makassar.tribunnews.com,Page,N/A,N/A,makassar.tribunnews.com/2019/02/22/ini-permintaan-terakhir-erni-susanti-wanita-hamil-yang-tewas-dibunuh-suami-luka-robek-di-perut?page=2,No,Shocking content,Restricted ad serving,ca-pub-7784034061253020,112,2025-02-10,2025-02-14
lampung.tribunnews.com,Page,N/A,N/A,lampung.tribunnews.com/2017/02/19/4-film-ini-disebut-punya-adegan-intim-paling-parah-dibanding-50-shades-of-grey?page=all,No,Adult: Sexual content,Restricted ad serving,ca-pub-7784034061253020,112,2025-02-15,2025-02-15
jambi.tribunnews.com,Page,N/A,N/A,jambi.tribunnews.com/2019/11/22/lima-wanita-cantik-bintang-film-dewasa-terfavorit-nomor-4-pemeran-terbaik-adegan-sesama-jenis,No,Adult: Sexual content,Restricted ad serving,ca-pub-7784034061253020,112,2025-02-10,2025-02-16
belitung.tribunnews.com,Page,N/A,N/A,belitung.tribunnews.com/2018/05/28/6-ciri-wanita-sudah-tak-perawan-mulai-hidung-mata-payudara-hingga-bentuk-perut,No,Adult: Sexual content,Restricted ad serving,ca-pub-7784034061253020,112,2025-02-10,2025-02-15
style.tribunnews.com,Page,N/A,N/A,style.tribunnews.com/2024/01/25/mendadak-ganti-gender-5-anime-17-bertema-magical-sex-shift-kampfer-hingga-ayakashi-triangle,No,Adult: Sexual content,Restricted ad serving,ca-pub-7784034061253020,111,2025-02-14,2025-02-14
pontianak.tribunnews.com,Page,N/A,N/A,pontianak.tribunnews.com/2015/08/20/terbukti-dalam-penelitian-teh-basi-dapat-perbesar-penis,Yes,Adult: Sexual content;Site Behavior: Navigation,Restricted ad serving,ca-pub-7784034061253020,110,2025-02-10,2025-02-16
jatim.tribunnews.com,Page,N/A,N/A,jatim.tribunnews.com/2021/01/13/mengenal-berbagai-obat-scabies-dan-cara-kerjanya-ketahui-juga-beberapa-gejala-yang-muncul?page=all,No,Shocking content,Restricted ad serving,ca-pub-7784034061253020,110,2025-02-10,2025-02-15
jambi.tribunnews.com,Page,N/A,N/A,jambi.tribunnews.com/2018/02/22/2-kategori-dan-49-istilah-yang-sering-digunakan-di-film-biru?page=2,No,Adult: Sexual content,Restricted ad serving,ca-pub-7784034061253020,110,2025-02-10,2025-02-16
jabar.tribunnews.com,Page,N/A,N/A,jabar.tribunnews.com/2021/01/31/cerita-kakek-sugiono-yang-sering-muncul-di-meme-ternyata-istri-tak-tahu-kalau-dia-bintang-film-panas,Yes,Ads Disguised as Content,Restricted ad serving,ca-pub-7784034061253020,110,2025-02-10,2025-02-16
banyumas.tribunnews.com,Page,N/A,N/A,banyumas.tribunnews.com/2023/01/15/unik-rokok-kretek-gupolo-kudus-100-persen-terbuat-dari-daun-talas-harga-rp5000bungkus,No,Tobacco,Restricted ad serving,ca-pub-7784034061253020,110,2025-02-10,2025-02-15
pekanbaru.tribunnews.com,Page,N/A,N/A,pekanbaru.tribunnews.com/2021/06/11/apa-arti-isin-bahasa-gaul-istilah-jawa-yang-disebut-bahasa-gaul-inilah-isin-artinya-apa-itu-isin,Yes,Encouraging accidental clicks: Layout,Restricted ad serving,ca-pub-7784034061253020,108,2025-02-10,2025-02-16
jateng.tribunnews.com,Page,N/A,N/A,jateng.tribunnews.com/2021/11/12/nampu-tumbuhan-bermanfaat-tingkatkan-gairah-seksual-biar-suami-kuat-di-ranjang,No,Adult: Sexual content,Restricted ad serving,ca-pub-7784034061253020,108,2025-02-15,2025-02-15
bali.tribunnews.com,Page,N/A,N/A,bali.tribunnews.com/2016/05/30/setelah-eno-tewas-dengan-cangkul-gadis-20-tahun-kembali-tewas-dengan-kondisi-tanpa-busana?page=all,No,Shocking content,Restricted ad serving,ca-pub-7784034061253020,108,2025-02-15,2025-02-15
makassar.tribunnews.com,Page,N/A,N/A,makassar.tribunnews.com/2020/07/14/29-aplikasi-dan-link-nonton-film-online-film-dewasa-film-anak-bisa-download-mirip-indoxxi,No,Adult: Sexual content,Restricted ad serving,ca-pub-7784034061253020,107,2025-02-15,2025-02-15
aceh.tribunnews.com,Page,N/A,N/A,aceh.tribunnews.com/2024/09/14/tanda-tanda-fisik-orang-yang-tidak-perawan-begini-penjelasan-dr-boyke,No,Adult: Sexual content,Restricted ad serving,ca-pub-7784034061253020,107,2025-02-15,2025-02-15
pontianak.tribunnews.com,Page,N/A,N/A,pontianak.tribunnews.com/2021/01/30/kunci-jawaban-tema-7-kelas-5-halaman-37-buku-siswa-pembelajaran-3-tema-1-peristiwa-dalam-kehidupan?page=4,No,Google-served ads obscuring content,Restricted ad serving,ca-pub-7784034061253020;ca-video-pub-7784034061253020,106,2025-02-12,2025-02-15
jatim.tribunnews.com,Page,N/A,N/A,jatim.tribunnews.com/2023/01/15/13-arti-mimpi-ibu-sakit-parah-pertanda-hadapi-musibah-bagaimana-tafsir-mimpi-berbicara-dengan-ibu,No,Shocking content,Restricted ad serving,ca-pub-7784034061253020,106,2025-02-10,2025-02-15
manado.tribunnews.com,Page,N/A,N/A,manado.tribunnews.com/2017/12/07/jarak-antara-paha-bagian-dalam-bisa-menggambarkan-sikapmu-di-tempat-tidur,No,Adult: Sexual content,Restricted ad serving,ca-pub-7784034061253020,105,2025-02-10,2025-02-16
bangka.tribunnews.com,Page,N/A,N/A,bangka.tribunnews.com/2017/04/16/inilah-kata-kunci-untuk-ziarah-dan-ritual-seks-di-gunung-kemukus?page=all,No,Adult: Sexual content,Restricted ad serving,ca-pub-7784034061253020,105,2025-02-15,2025-02-16
www.tribunnews.com,Page,N/A,N/A,www.tribunnews.com/regional/2021/03/05/kronologi-lengkap-pembunuhan-gadis-cantik-di-hotel-kediri-korban-ditikam-pisau-belati-usai-bercinta,Yes,Ads Disguised as Content,Restricted ad serving,ca-pub-7784034061253020,104,2025-02-10,2025-02-15
www.tribunnews.com,Page,N/A,N/A,www.tribunnews.com/internasional/2015/01/11/psikolog-cantik-ini-bugil-di-depan-pasien-saat-terapi-kejiwaan,No,Adult: Sexual content,Restricted ad serving,ca-pub-7784034061253020,104,2025-02-16,2025-02-16
wartakota.tribunnews.com,Page,N/A,N/A,wartakota.tribunnews.com/2014/11/13/inilah-posisi-doggy-style-yang-benar,No,Adult: Sexual content,Restricted ad serving,ca-pub-7784034061253020,104,2025-02-12,2025-02-16
aceh.tribunnews.com,Page,N/A,N/A,aceh.tribunnews.com/2022/03/05/harus-dipelajari-suami-begini-tips-mengajak-istri-berhubungan-intim-menurut-buya-yahya,No,Shocking content,Restricted ad serving,ca-pub-7784034061253020,104,2025-02-11,2025-02-14
makassar.tribunnews.com,Page,N/A,N/A,makassar.tribunnews.com/2019/09/20/viral-video-mesum-mojang-bandung-seragam-pns-hijab-durasi-219-menit-4-foto-syur-juga-tersebar,No,Adult: Sexual content,Restricted ad serving,ca-pub-7784034061253020,103,2025-02-10,2025-02-16
bangka.tribunnews.com,Page,N/A,N/A,bangka.tribunnews.com/2022/04/28/link-video-chandrika-chika-bikin-heboh-satu-indonesia-jangan-asal-klik-kalau-enggak-mau-kena-ini,Yes,Ads Disguised as Content,Restricted ad serving,ca-pub-7784034061253020,103,2025-02-10,2025-02-16
style.tribunnews.com,Page,N/A,N/A,style.tribunnews.com/2021/07/30/tontonan-dewasa-5-anime-18-ini-penuh-adegan-fanservice-jangan-nonton-bareng-anak-kecil?page=3,No,Adult: Sexual content,Restricted ad serving,ca-pub-7784034061253020,102,2025-02-12,2025-02-15
www.tribunnews.com,Page,N/A,N/A,www.tribunnews.com/regional/2025/02/13/pengakuan-janda-bunuh-pria-beristri-di-sampang-sumpal-mulut-korban-buang-jasad-di-lahan-kosong,No,Shocking content,Restricted ad serving,ca-pub-7784034061253020,101,2025-02-14,2025-02-14
suryamalang.tribunnews.com,Page,N/A,N/A,suryamalang.tribunnews.com/2019/02/15/video-call-mesum-banyak-perempuan-masuk-perangkap-bersedia-tampil-telanjang-lalu-muncul-pemerasan,No,Adult: Sexual content,Restricted ad serving,ca-pub-7784034061253020,101,2025-02-15,2025-02-15
banjarmasin.tribunnews.com,Page,N/A,N/A,banjarmasin.tribunnews.com/2020/09/04/viral-video-seorang-wanita-tanpa-pakai-baju-diarak-warga-termasuk-anak-anak-2-kali-kepergok-mesum,Yes,Ads Disguised as Content,Restricted ad serving,ca-pub-7784034061253020,101,2025-02-10,2025-02-16
www.tribunnews.com,Page,N/A,N/A,www.tribunnews.com/regional/2021/01/06/mayat-wanita-muda-di-hotel-rio-palembang-dikabarkan-menginap-dengan-2-teman-prianya,No,Shocking content,Restricted ad serving,ca-pub-7784034061253020,100,2025-02-10,2025-02-15
www.tribunnews.com,Page,N/A,N/A,www.tribunnews.com/kesehatan/2018/02/12/jauh-dari-suami-ibu-2-anak-ini-3-tahun-pakai-sex-toys-blak-blakan-soal-rasa-dan-pendapat-suaminya,No,Adult: Sexual content,Restricted ad serving,ca-pub-7784034061253020,99,2025-02-10,2025-02-15
batam.tribunnews.com,Page,N/A,N/A,batam.tribunnews.com/2019/09/19/video-panas-siswi-sma-buka-bukaan-baju-beredar-dan-viral-satu-sekolah-tahu-cuma-ditutup-tutupi,Yes,Ads Disguised as Content,Restricted ad serving,ca-pub-7784034061253020,99,2025-02-10,2025-02-15
kupang.tribunnews.com,Page,N/A,N/A,kupang.tribunnews.com/2018/07/05/perempuan-suka-nonton-film-dewasa-karena-10-alasan-unik-ini-apa-saja-ya,No,Adult: Sexual content,Restricted ad serving,ca-pub-7784034061253020,98,2025-02-10,2025-02-15
jatim.tribunnews.com,Page,N/A,N/A,jatim.tribunnews.com/2025/01/03/jumiati-baru-pulang-kampung-tewas-dibacok-suaminya-sang-tkw-disuruh-ambilkan-buku-saat-jemur-baju,No,Shocking content,Restricted ad serving,ca-pub-7784034061253020,98,2025-02-16,2025-02-16
bangka.tribunnews.com,Page,N/A,N/A,bangka.tribunnews.com/2017/01/20/namanya-menjijikkan-tapi-inilah-dia-durian-termahal-di-indonesia-dari-pulau-bangka,No,Adult: Sexual content,Restricted ad serving,ca-pub-7784034061253020,98,2025-02-11,2025-02-16
surabaya.tribunnews.com,Page,N/A,N/A,surabaya.tribunnews.com/2015/03/10/otot-miss-v-lebih-kencang-dengan-perawatan-v-spa,No,Adult: Sexual content,Restricted ad serving,ca-pub-7784034061253020,97,2025-02-16,2025-02-16
pekanbaru.tribunnews.com,Page,N/A,N/A,pekanbaru.tribunnews.com/2022/10/06/yok-ini-bocoran-cara-nonton-streaming-film-young-mother-sub-indo-full-movie,Yes,Ads Disguised as Content,Restricted ad serving,ca-pub-7784034061253020,97,2025-02-10,2025-02-16
m.tribunnews.com,Page,N/A,N/A,m.tribunnews.com/lifestyle/2018/01/19/viral-foto-struk-belanja-tahun-1992-lihat-berapa-harga-rokok-saat-itu,No,Tobacco,Restricted ad serving,ca-pub-7784034061253020,97,2025-02-10,2025-02-15
wartakota.tribunnews.com,Page,N/A,N/A,wartakota.tribunnews.com/2025/01/07/12-film-jepang-penuh-adegan-dewasa-terbaik-sepanjang-masa-cocok-ditonton-bersama-pasangan?page=all,No,Adult: Sexual content,Restricted ad serving,ca-pub-7784034061253020,96,2025-02-14,2025-02-14
m.tribunnews.com,Page,N/A,N/A,m.tribunnews.com/pendidikan/2021/07/31/kunci-jawaban-tema-1-kelas-2-sd-halaman-170-171-172-173-174-177-178-dan-179-subtema-4?page=2,Yes,Unnatural attention to ads,Restricted ad serving,ca-pub-7784034061253020,96,2025-02-10,2025-02-16
m.tribunnews.com,Page,N/A,N/A,m.tribunnews.com/kesehatan/2013/02/06/ini-kata-mereka-yang-pernah-mengonsumsi-permen-karet-cinta?page=2,No,Adult: Sexual content,Restricted ad serving,ca-pub-7784034061253020,96,2025-02-10,2025-02-16
kupang.tribunnews.com,Page,N/A,N/A,kupang.tribunnews.com/2014/11/12/miyabi-tampil-telanjang-lagi,Yes,Google-served ads obscuring content;Modified Javascript: Ads by Google size,Restricted ad serving,ca-pub-7784034061253020,95,2025-02-10,2025-02-15
bengkulu.tribunnews.com,Page,N/A,N/A,bengkulu.tribunnews.com/2024/03/13/translate-lagu-bust-it-open-sound-dance-tiktok-viral-pecahkan-buka-vagxxx-itu,No,Google-served ads obscuring content,Restricted ad serving,ca-pub-7784034061253020,95,2025-02-10,2025-02-15
bali.tribunnews.com,Page,N/A,N/A,bali.tribunnews.com/2021/12/14/tiga-video-syur-selebgram-tante-sisca-mellyana-di-vila-hebohkan-ubud-sampai-panggil-pecalang,Yes,Ads Disguised as Content,Restricted ad serving,ca-pub-7784034061253020,95,2025-02-10,2025-02-14
pekanbaru.tribunnews.com,Page,N/A,N/A,pekanbaru.tribunnews.com/2022/02/05/apa-itu-colay-dalam-bahasa-gaul-colay-adalah-kebiasaan-buruk-ini-arti-colay-di-kamus-gaul,Yes,Ads Disguised as Content,Restricted ad serving,ca-pub-7784034061253020,94,2025-02-10,2025-02-15
manado.tribunnews.com,Page,N/A,N/A,manado.tribunnews.com/2019/10/02/kisah-seorang-gigolo-bahagia-puaskan-sejumlah-wanita-sebulan-raih-untung-ratusan-juta-rupiah,No,Shocking content,Restricted ad serving,ca-pub-7784034061253020,94,2025-02-10,2025-02-15
jambi.tribunnews.com,Page,N/A,N/A,jambi.tribunnews.com/2017/07/30/galeri-foto-tanpa-sensor-ini-5-film-dewasa-dengan-adegan-intim-nyata,No,Adult: Sexual content,Restricted ad serving,ca-pub-7784034061253020,94,2025-02-10,2025-02-16
www.tribunnews.com,Page,N/A,N/A,www.tribunnews.com/kesehatan/2015/09/02/fakta-mengerikan-di-balik-produksi-film-porno,No,Adult: Sexual content,Restricted ad serving,ca-pub-7784034061253020,93,2025-02-11,2025-02-15
sulbar.tribunnews.com,Page,N/A,N/A,sulbar.tribunnews.com/2023/04/24/16-link-full-video-syakirah-viral-tampil-vulgar-beredar-di-tiktok-dan-twitter-masih-diburu-nitizen?page=2,No,Google-served ads obscuring content,Restricted ad serving,ca-pub-7784034061253020,93,2025-02-10,2025-02-14
palembang.tribunnews.com,Page,N/A,N/A,palembang.tribunnews.com/2017/11/12/menyesal-pernah-bugil-dan-lakukan-adegal-panas-di-film-6-artis-ini-minta-maaf,No,Adult: Sexual content,Restricted ad serving,ca-pub-7784034061253020,93,2025-02-10,2025-02-15
m.tribunnews.com,Page,N/A,N/A,m.tribunnews.com/kesehatan/2023/07/25/normalkah-seorang-wanita-melakukan-masturbasi-begini-penjelasan-dr-binsar-martin?page=2,No,Adult: Sexual content,Restricted ad serving,ca-pub-7784034061253020,93,2025-02-15,2025-02-15
jambi.tribunnews.com,Page,N/A,N/A,jambi.tribunnews.com/2019/06/10/6-tanda-istri-selingkuh-dan-pernah-tidur-dengan-pria-lain-ciri-ciri-ini-yang-bikin-ketahuan,Yes,Ads Disguised as Content,Restricted ad serving,ca-pub-7784034061253020,93,2025-02-11,2025-02-16
jambi.tribunnews.com,Page,N/A,N/A,jambi.tribunnews.com/2018/07/07/ciri-ciri-fisik-yang-terlihat-pada-wanita-yang-nafsu-birahinya-tinggi,No,Adult: Sexual content,Restricted ad serving,ca-pub-7784034061253020,93,2025-02-10,2025-02-16
jambi.tribunnews.com,Page,N/A,N/A,jambi.tribunnews.com/2018/02/22/2-kategori-dan-49-istilah-yang-sering-digunakan-di-film-biru?page=3,No,Adult: Sexual content,Restricted ad serving,ca-pub-7784034061253020,93,2025-02-10,2025-02-16
pontianak.tribunnews.com,Page,N/A,N/A,pontianak.tribunnews.com/2018/06/05/9-artis-seksi-indonesia-yang-tampil-toples-di-film-berani-adegan-panas-sama-bule?page=all,No,Adult: Sexual content,Restricted ad serving,ca-pub-7784034061253020,92,2025-02-10,2025-02-15
medan.tribunnews.com,Page,N/A,N/A,medan.tribunnews.com/2021/11/16/bukannya-nikmati-malam-pertama-pengantin-wanita-baru-nikah-ini-diseret-ke-kamar-pelaku-bukan-suami,Yes,Ads Disguised as Content,Restricted ad serving,ca-pub-7784034061253020,92,2025-02-10,2025-02-15
belitung.tribunnews.com,Page,N/A,N/A,belitung.tribunnews.com/2021/01/24/kode-khusus-tempat-prostitusi-di-puncak-bogor-tulisan-villa-dan-villa-double-l-ini-artinya,Yes,Ads Disguised as Content,Restricted ad serving,ca-pub-7784034061253020,92,2025-02-10,2025-02-16
www.tribunnews.com,Page,N/A,N/A,www.tribunnews.com/kesehatan/2014/11/13/ini-posisi-doggy-style-yang-benar-supaya-punya-anak-lelaki,No,Adult: Sexual content,Restricted ad serving,ca-pub-7784034061253020,91,2025-02-10,2025-02-15
m.tribunnews.com,Page,N/A,N/A,m.tribunnews.com/seleb/2017/09/06/wow-7-wanita-indonesia-ini-bintangi-film-panas-di-luar-negeri-ini-profil-mereka?page=3,Yes,Site Behavior: Navigation,Restricted ad serving,ca-pub-7784034061253020,91,2025-02-10,2025-02-15
m.tribunnews.com,Page,N/A,N/A,m.tribunnews.com/kesehatan/2018/02/12/jauh-dari-suami-ibu-2-anak-ini-3-tahun-pakai-sex-toys-blak-blakan-soal-rasa-dan-pendapat-suaminya?page=3,No,Adult: Sexual content,Restricted ad serving,ca-pub-7784034061253020,91,2025-02-11,2025-02-14
jogja.tribunnews.com,Page,N/A,N/A,jogja.tribunnews.com/2016/12/03/ini-dia-sejarah-masturbasi-anggapan-dulu-dan-sekarang,No,Adult: Sexual content,Restricted ad serving,ca-pub-7784034061253020,91,2025-02-10,2025-02-16
jateng.tribunnews.com,Page,N/A,N/A,jateng.tribunnews.com/2025/02/14/dampak-efisiensi-anggaran-mulai-terasa-kantor-pemerintah-di-semarang-lebih-gelap?lgn_method=google&google_btn=onetap,No,Adult: Sexual content,Restricted ad serving,ca-pub-7784034061253020,91,2025-02-14,2025-02-14
cirebon.tribunnews.com,Page,N/A,N/A,cirebon.tribunnews.com/2019/10/22/ucapan-pemeran-cewek-di-video-porno-dosen-vs-mahasiswi-di-kota-b-viral-si-bapak-mah-pikasebeleun,No,Adult: Sexual content,Restricted ad serving,ca-pub-7784034061253020,91,2025-02-11,2025-02-15
wartakota.tribunnews.com,Page,N/A,N/A,wartakota.tribunnews.com/2021/02/10/grup-chat-telegram-gabriella-larasati-bermunculan-tersebar-link-dan-video-14-detik-wanita-tanpa-bra?page=all,No,Adult: Sexual content,Restricted ad serving,ca-pub-7784034061253020,90,2025-02-15,2025-02-15
kupang.tribunnews.com,Page,N/A,N/A,kupang.tribunnews.com/amp/2017/12/09/tanpa-sensor-para-pemain-di-lima-film-ini-benar-benar-lakukan-adegan-ranjang-di-depan-kamera,Yes,Site Behavior: Navigation,Restricted ad serving,ca-pub-7784034061253020,90,2025-02-10,2025-02-16
bangka.tribunnews.com,Page,N/A,N/A,bangka.tribunnews.com/2021/05/24/mengejutkan-mantan-idol-cantik-ini-pilih-jadi-bintang-film-dewasa-alasannya-bikin-ngelus-dada?page=all,No,Content obscuring Google-served ads,Restricted ad serving,ca-pub-7784034061253020,90,2025-02-10,2025-02-14
www.tribunnews.com,Page,N/A,N/A,www.tribunnews.com/regional/2018/01/19/bocah-sd-kelas-1-di-surabaya-yang-kecanduan-seks-sekarang-dilarang-pegang-handphone,No,Shocking content,Restricted ad serving,ca-pub-7784034061253020,89,2025-02-10,2025-02-16
pontianak.tribunnews.com,Page,N/A,N/A,pontianak.tribunnews.com/2017/11/13/6-artis-papan-atas-ini-menyesal-pernah-bugil-dan-lakukan-adegan-panas-di-film,No,Adult: Sexual content,Restricted ad serving,ca-pub-7784034061253020,89,2025-02-10,2025-02-16
kupang.tribunnews.com,Page,N/A,N/A,kupang.tribunnews.com/2019/07/18/terlihat-sangat-perkasaternyata-ini-cara-aktor-film-porno-menjaga-ereksinya-bertahan-sepanjang-film,No,Adult: Sexual content,Restricted ad serving,ca-pub-7784034061253020,89,2025-02-10,2025-02-16
bangka.tribunnews.com,Page,N/A,N/A,bangka.tribunnews.com/2018/01/05/cantik-muda-dan-seksi-inilah-5-artis-muda-indonesia-sering-pamer-kemolekan-tubuhnya?page=all,Yes,Site Behavior: Navigation,Restricted ad serving,ca-pub-7784034061253020,89,2025-02-10,2025-02-15
www.tribunnews.com,Page,N/A,N/A,www.tribunnews.com/internasional/2016/07/01/wow-wanita-cantik-ini-lupa-nggak-pakai-celana-dalam-saat-belanja-di-mal,No,Adult: Sexual content,Restricted ad serving,ca-pub-7784034061253020,88,2025-02-10,2025-02-16
makassar.tribunnews.com,Page,N/A,N/A,makassar.tribunnews.com/2019/10/01/tak-tahan-lihat-baju-mini-pria-ini-berhubungan-badan-dengan-adik-ipar-istri-tahu-gegara-kondom,No,Adult: Sexual content,Restricted ad serving,ca-pub-7784034061253020,88,2025-02-12,2025-02-14
kupang.tribunnews.com,Page,N/A,N/A,kupang.tribunnews.com/2016/01/25/inikah-yang-dipikirkan-wanita-saat-melihat-kelamin-pria,No,Adult: Sexual content,Restricted ad serving,ca-pub-7784034061253020,88,2025-02-10,2025-02-16
health.tribunnews.com,Page,N/A,N/A,health.tribunnews.com/2023/07/27/jangan-pijat-penis-memijat-mr-p-bisa-timbulkan-bahaya-dan-sebabkan-gangguan-ereksi,No,Adult: Sexual content,Restricted ad serving,ca-pub-7784034061253020,88,2025-02-14,2025-02-14
bengkulu.tribunnews.com,Page,N/A,N/A,bengkulu.tribunnews.com/2022/06/19/summertime-saga-mod-apk-v0300-terbaru-2022-bisa-buka-semua-kunci-karakter-dan-lokasi,No,Google-served ads obscuring content,Restricted ad serving,ca-pub-7784034061253020,88,2025-02-11,2025-02-16
pekanbaru.tribunnews.com,Page,N/A,N/A,pekanbaru.tribunnews.com/2023/01/08/link-viral-4-saudara-part-2-juga-trending-di-yandex-ru-video-4-cewek-filipina-bikin-heboh,No,Adult: Sexual content,Restricted ad serving,ca-pub-7784034061253020,87,2025-02-15,2025-02-15
wartakota.tribunnews.com,Page,N/A,N/A,wartakota.tribunnews.com/2014/04/15/perpedaan-ukuran-mr-p-orang-indonesia-dan-timur-tengah,No,Adult: Sexual content,Restricted ad serving,ca-pub-7784034061253020,86,2025-02-10,2025-02-16
bangka.tribunnews.com,Page,N/A,N/A,bangka.tribunnews.com/2016/09/13/mengejutkan-empat-aktris-tv-terkenal-ini-pindah-haluan-jadi-pemain-film-dewasa,No,Adult: Sexual content,Restricted ad serving,ca-pub-7784034061253020,86,2025-02-10,2025-02-15
bali.tribunnews.com,Page,N/A,N/A,bali.tribunnews.com/2017/07/11/video-wanita-lepas-baju-dan-celana-di-kamar-mandi-kejadian-selanjutnya-mengejutkan,No,Adult: Sexual content,Restricted ad serving,ca-pub-7784034061253020,86,2025-02-15,2025-02-15
pekanbaru.tribunnews.com,Page,N/A,N/A,pekanbaru.tribunnews.com/2022/01/19/video-depan-teman-pun-di-sikat-viral-tiktok-linknya-dicari-remaja-berbuat-dosa-temannya-nonton,No,Adult: Sexual content,Restricted ad serving,ca-pub-7784034061253020,85,2025-02-16,2025-02-16
sultra.tribunnews.com,Page,N/A,N/A,sultra.tribunnews.com/2023/01/07/video-viral-4-bersaudara-part-2-yandex-ru-di-twitter-tiktok-tangan-pemeran-kian-berani-sentuh-ini,No,Adult: Sexual content,Restricted ad serving,ca-pub-7784034061253020,84,2025-02-15,2025-02-15
medan.tribunnews.com,Page,N/A,N/A,medan.tribunnews.com/2020/06/27/skenario-cewek-cantik-open-bo-sengaja-tawarkan-bercinta-2-pria-jemput-hari-tempat-yang-sama,No,Shocking content,Restricted ad serving,ca-pub-7784034061253020,84,2025-02-10,2025-02-15
makassar.tribunnews.com,Page,N/A,N/A,makassar.tribunnews.com/2019/04/02/viral-video-pasangan-tak-bisa-lepas-usai-berhubungan-intim-ini-penjelasan-medis-tentang-gancet?page=all,No,Adult: Sexual content,Restricted ad serving,ca-pub-7784034061253020,84,2025-02-10,2025-02-15
jatim.tribunnews.com,Page,N/A,N/A,jatim.tribunnews.com/2025/01/27/kesal-tanah-diserobot-perusahaan-lansia-tiduran-hadang-truk-tambang-minta-bantuan-presiden?page=2,No,Shocking content,Restricted ad serving,ca-pub-7784034061253020,84,2025-02-15,2025-02-15
belitung.tribunnews.com,Page,N/A,N/A,belitung.tribunnews.com/2021/02/16/obat-kuat-alami-bumbu-dapur-ini-dijamin-bikin-tahan-lama-lebih-aman-dari-obat-kimia?page=2,No,Adult: Sexual content,Restricted ad serving,ca-pub-7784034061253020,84,2025-02-15,2025-02-15
belitung.tribunnews.com,Page,N/A,N/A,belitung.tribunnews.com/2018/01/20/cowok-smp-begituan-bareng-cewek-smk-rekamannya-di-luar-sekolah,No,Adult: Sexual content,Restricted ad serving,ca-pub-7784034061253020,84,2025-02-10,2025-02-16
belitung.tribunnews.com,Page,N/A,N/A,belitung.tribunnews.com/2017/07/07/cewek-ini-bilang-aduh-udah-mau-keluar-sambil-goyangkan-badan-videonya-bikin-heboh,No,Adult: Sexual content,Restricted ad serving,ca-pub-7784034061253020,84,2025-02-10,2025-02-16
batam.tribunnews.com,Page,N/A,N/A,batam.tribunnews.com/2020/12/18/tarif-miyabi-ternyata-dihitung-per-jam-dengan-harga-fantastis-masih-tetap-cantik-hingga-kini,Yes,Ads Disguised as Content,Restricted ad serving,ca-pub-7784034061253020,84,2025-02-10,2025-02-15
aceh.tribunnews.com,Page,N/A,N/A,aceh.tribunnews.com/2024/06/25/dr-boyke-ungkap-cara-mengetahui-perempuan-masih-perawan-atau-tidak-begini-caranya,No,Adult: Sexual content,Restricted ad serving,ca-pub-7784034061253020,84,2025-02-15,2025-02-15
palembang.tribunnews.com,Page,N/A,N/A,palembang.tribunnews.com/2017/12/20/selalu-bikin-heboh-ini-10-skandal-nikita-mirzanino-7-berani-buka-bukaan-dikamar-mandi,Yes,Site Behavior: Navigation,Restricted ad serving,ca-pub-7784034061253020,83,2025-02-11,2025-02-16
kupang.tribunnews.com,Page,N/A,N/A,kupang.tribunnews.com/2014/06/19/psk-sarkem-bisa-layani-5-pelanggan-semalam-tarif-rp-150-ribu-rp-300-ribu,No,Adult: Sexual content,Restricted ad serving,ca-pub-7784034061253020,83,2025-02-10,2025-02-16
www.tribunnews.com,Page,N/A,N/A,www.tribunnews.com/internasional/2011/12/28/inilah-resep-sato-bisa-onani-9-jam-33-menit,No,Adult: Sexual content,Restricted ad serving,ca-pub-7784034061253020,82,2025-02-14,2025-02-14
wartakota.tribunnews.com,Page,N/A,N/A,wartakota.tribunnews.com/2018/02/13/siswa-smp-remas-payudara-siswi-adik-kelas-kepergok-guru-dan-disaksikan-teman,No,Adult: Sexual content,Restricted ad serving,ca-pub-7784034061253020,82,2025-02-11,2025-02-15
medan.tribunnews.com,Page,N/A,N/A,medan.tribunnews.com/2017/05/24/bintang-film-porno-bertubuh-kerdil-ini-mengaku-punya-misi-mulia,Yes,Site Behavior: Navigation,Restricted ad serving,ca-pub-7784034061253020,82,2025-02-10,2025-02-15
makassar.tribunnews.com,Page,N/A,N/A,makassar.tribunnews.com/2023/05/14/cara-bercinta-yang-benar-menurut-aisyah-dahlan-suami-tak-bosan?page=all,No,Adult: Sexual content,Restricted ad serving,ca-pub-7784034061253020,82,2025-02-14,2025-02-14
belitung.tribunnews.com,Page,N/A,N/A,belitung.tribunnews.com/2017/03/13/video-gadis-goyang-goyangkan-dada-saat-pakai-seragam-mendadak-viral,No,Shocking content,Restricted ad serving,ca-pub-7784034061253020,82,2025-02-11,2025-02-16
lampung.tribunnews.com,Page,N/A,N/A,lampung.tribunnews.com/404,Yes,Google-served ads on screens without publisher-content,Restricted ad serving,ca-pub-7784034061253020,81,2025-02-12,2025-02-14
jateng.tribunnews.com,Page,N/A,N/A,jateng.tribunnews.com/2025/02/16/polres-grobogan-tangkap-pelaku-penipuan-online-modus-teman-sekolah-begini-kronologinya?page=2,No,Adult: Sexual content,Restricted ad serving,ca-pub-7784034061253020,81,2025-02-15,2025-02-15
bali.tribunnews.com,Page,N/A,N/A,bali.tribunnews.com/2017/05/21/kisah-intim-nia-ketika-nikmat-menjadi-sengsara-hadapi-penis-jumbo-suami?page=all,No,Adult: Sexual content,Restricted ad serving,ca-pub-7784034061253020,81,2025-02-11,2025-02-14
medan.tribunnews.com,Page,N/A,N/A,medan.tribunnews.com/2024/05/07/anda-lemah-syahwat-dr-zaidul-akbar-ungkap-rahasia-obat-herbal-keperkasaan-di-ranjang?page=all,No,Adult: Sexual content,Restricted ad serving,ca-pub-7784034061253020,80,2025-02-15,2025-02-15
makassar.tribunnews.com,Page,N/A,N/A,makassar.tribunnews.com/2019/02/22/ini-permintaan-terakhir-erni-susanti-wanita-hamil-yang-tewas-dibunuh-suami-luka-robek-di-perut?page=4,No,Shocking content,Restricted ad serving,ca-pub-7784034061253020,80,2025-02-12,2025-02-14
m.tribunnews.com,Page,N/A,N/A,m.tribunnews.com/images/model/view/493842/baby-margaretha,No,Adult: Sexual content,Restricted ad serving,ca-pub-7784034061253020,80,2025-02-11,2025-02-14
kaltim.tribunnews.com,Page,N/A,N/A,kaltim.tribunnews.com/2020/11/07/update-link-video-mirip-gisel-full-kini-diburu-2-medsos-ini-jadi-lokasi-pencarian-satunya-twitter,Yes,Ads Disguised as Content,Restricted ad serving,ca-pub-7784034061253020,80,2025-02-10,2025-02-15
bogor.tribunnews.com,Page,N/A,N/A,bogor.tribunnews.com/2021/12/09/arti-mimpi-berhubungan-badan-dengan-selingkuhan-ternyata-ada-2-tafsir-pertanda-baik-atau-buruk?page=all,No,Adult: Sexual content,Restricted ad serving,ca-pub-7784034061253020,80,2025-02-15,2025-02-15
bengkulu.tribunnews.com,Page,N/A,N/A,bengkulu.tribunnews.com/2022/07/27/rebahin-streaming-pindah-kemana-cek-link-terbaru-nonton-film-gratis-dan-link-alternatif-legal,Yes,Google-served ads obscuring content;Modified Javascript: Ads by Google size,Restricted ad serving,ca-pub-7784034061253020,80,2025-02-10,2025-02-15
bangka.tribunnews.com,Page,N/A,N/A,bangka.tribunnews.com/2018/01/08/inilah-sosok-tante-imel-dan-tante-intan-pemeran-video-mesum-bandung-yang-berhasil-ditangkap,No,Adult: Sexual content,Restricted ad serving,ca-pub-7784034061253020,80,2025-02-10,2025-02-15
makassar.tribunnews.com,Page,N/A,N/A,makassar.tribunnews.com/2021/08/23/kunci-jawaban-buku-tema-2-kelas-1-sd-halaman-22-30-sebutkan-olahraga-yang-kamu-ketahui,Yes,Encouraging accidental clicks: Layout;Google-served ads obscuring content,Restricted ad serving,ca-pub-7784034061253020,79,2025-02-10,2025-02-16
m.tribunnews.com,Page,N/A,N/A,m.tribunnews.com/images/model/view/493732/baby-margaretha,No,Adult: Sexual content,Restricted ad serving,ca-pub-7784034061253020,79,2025-02-11,2025-02-14
belitung.tribunnews.com,Page,N/A,N/A,belitung.tribunnews.com/2018/01/04/heboh-video-mesum-wanita-dewasa-dengan-2-bocah-di-hotel-bikin-netter-penasaran-begini-cuplikannya,No,Adult: Sexual content,Restricted ad serving,ca-pub-7784034061253020,79,2025-02-10,2025-02-14
aceh.tribunnews.com,Page,N/A,N/A,aceh.tribunnews.com/2022/10/04/dr-boyke-sarankan-suami-sentuh-bagian-ini-pada-istri-hubungan-rumah-tangga-makin-erat-dan-harmonis,Yes,Ads Disguised as Content,Restricted ad serving,ca-pub-7784034061253020,79,2025-02-11,2025-02-16
medan.tribunnews.com,Page,N/A,N/A,medan.tribunnews.com/2025/02/15/sadisnya-cara-ap-di-jombang-bunuh-pacar-dirudapaksa-bergilir-dengan-temannya-motor-korban-dijual?page=all,No,Shocking content,Restricted ad serving,ca-pub-7784034061253020,78,2025-02-15,2025-02-15
medan.tribunnews.com,Page,N/A,N/A,medan.tribunnews.com/2017/08/22/mengerikan-jangan-coba-coba-masukkan-benda-benda-ini-ke-miss-v-ini-daftar-5-kasusnya?page=all,No,Adult: Sexual content,Restricted ad serving,ca-pub-7784034061253020,78,2025-02-10,2025-02-15
jambi.tribunnews.com,Page,N/A,N/A,jambi.tribunnews.com/2018/02/22/2-kategori-dan-49-istilah-yang-sering-digunakan-di-film-biru?page=4,No,Adult: Sexual content,Restricted ad serving,ca-pub-7784034061253020,78,2025-02-10,2025-02-16
jabar.tribunnews.com,Page,N/A,N/A,jabar.tribunnews.com/2021/02/23/tragis-bercanda-berujung-maut-pria-ini-tewas-di-tangan-tetangga-gara-gara-pelorotkan-celana,No,Shocking content,Restricted ad serving,ca-pub-7784034061253020,78,2025-02-14,2025-02-14
bogor.tribunnews.com,Page,N/A,N/A,bogor.tribunnews.com/2015/12/08/tempat-pijat-plus-di-bogor-alamak-terapisnya-topless,No,Adult: Sexual content,Restricted ad serving,ca-pub-7784034061253020,78,2025-02-14,2025-02-14
bengkulu.tribunnews.com,Page,N/A,N/A,bengkulu.tribunnews.com/2022/08/25/uncensored-kinsou-no-vermeil-episode-8-sub-indo-link-nonton-selain-di-otakudesu-dan-anoboy,Yes,Ads Disguised as Content,Restricted ad serving,ca-pub-7784034061253020,78,2025-02-10,2025-02-16
bangka.tribunnews.com,Page,N/A,N/A,bangka.tribunnews.com/2016/07/22/begini-caranya-membedakan-wanita-masih-perawan-atau-tidak,No,Adult: Sexual content,Restricted ad serving,ca-pub-7784034061253020,78,2025-02-10,2025-02-14
pekanbaru.tribunnews.com,Page,N/A,N/A,pekanbaru.tribunnews.com/2020/03/06/link-download-film-frozen-2-full-sub-indo-bahasa-indonesia-bisa-nonton-streaming-di-hp-video,No,Content obscuring Google-served ads,Restricted ad serving,ca-pub-7784034061253020,77,2025-02-10,2025-02-15
aceh.tribunnews.com,Page,N/A,N/A,aceh.tribunnews.com/tag/istri-selingkuh,No,Shocking content,Restricted ad serving,ca-pub-7784034061253020,77,2025-02-14,2025-02-14
pekanbaru.tribunnews.com,Page,N/A,N/A,pekanbaru.tribunnews.com/2022/03/18/7-artis-cantik-korea-ini-pernah-berhubungan-badan-tanpa-sensor-aktor-yang-melayani-sangat-nikmat?page=all,No,Adult: Sexual content,Restricted ad serving,ca-pub-7784034061253020,76,2025-02-14,2025-02-14
jambi.tribunnews.com,Page,N/A,N/A,jambi.tribunnews.com/2019/08/22/dereta-artis-ini-betobat-sebagai-bintang-film-panas-nasibnya-sekarang-mengejutkan-ada-nama-miyabi,No,Adult: Sexual content,Restricted ad serving,ca-pub-7784034061253020,76,2025-02-10,2025-02-15
jambi.tribunnews.com,Page,N/A,N/A,jambi.tribunnews.com/2019/07/19/larang-siswanya-pakai-celana-dalam-dan-wajib-pakai-rok-mini-sma-di-jepang-wanitanya-terkenal-vulgar,No,Adult: Sexual content,Restricted ad serving,ca-pub-7784034061253020,76,2025-02-11,2025-02-14
banjarmasin.tribunnews.com,Page,N/A,N/A,banjarmasin.tribunnews.com/tag/film-mesum,Yes,Google-served ads on screens without publisher-content,Restricted ad serving,ca-pub-7784034061253020,76,2025-02-10,2025-02-16
m.tribunnews.com,Page,N/A,N/A,m.tribunnews.com/lifestyle/2020/06/17/10-ciri-ciri-wanita-yang-memiliki-gairah-seksual-tinggi,No,Adult: Sexual content,Restricted ad serving,ca-pub-7784034061253020,75,2025-02-15,2025-02-15
m.tribunnews.com,Page,N/A,N/A,m.tribunnews.com/kesehatan/2019/06/29/hati-hatu-tinggalkan-jejak-di-leher-pengantin-baru-ini-stroke-hingga-meninggal-karena-ciuman,No,Adult: Sexual content,Restricted ad serving,ca-pub-7784034061253020,75,2025-02-11,2025-02-16
bangka.tribunnews.com,Page,N/A,N/A,bangka.tribunnews.com/2020/11/07/kisah-nyata-pengakuan-istri-selingkuh-berkali-kali-berhubungan-intim-begini-cara-menangkal-pelet,Yes,Ads Disguised as Content,Restricted ad serving,ca-pub-7784034061253020,75,2025-02-11,2025-02-15
bali.tribunnews.com,Page,N/A,N/A,bali.tribunnews.com/404,Yes,Google-served ads on screens without publisher-content,Restricted ad serving,ca-pub-7784034061253020,75,2025-02-12,2025-02-15
aceh.tribunnews.com,Page,N/A,N/A,aceh.tribunnews.com/tag/wanita-telanjang-bulat,Yes,Google-served ads on screens without publisher-content,Restricted ad serving,ca-pub-7784034061253020,75,2025-02-11,2025-02-16
palembang.tribunnews.com,Page,N/A,N/A,palembang.tribunnews.com/2018/01/25/dibilang-bentuknya-berubah-ubah-ini-cara-ariel-tatum-buktikan-payudaranya-tak-pakai-sumpalan,Yes,Site Behavior: Navigation,Restricted ad serving,ca-pub-7784034061253020,74,2025-02-10,2025-02-16
m.tribunnews.com,Page,N/A,N/A,m.tribunnews.com/internasional/2016/07/01/wow-wanita-cantik-ini-lupa-nggak-pakai-celana-dalam-saat-belanja-di-mal,No,Adult: Sexual content,Restricted ad serving,ca-pub-7784034061253020,74,2025-02-10,2025-02-15
m.tribunnews.com,Page,N/A,N/A,m.tribunnews.com/images/model/view/493852/baby-margaretha,No,Adult: Sexual content,Restricted ad serving,ca-pub-7784034061253020,74,2025-02-10,2025-02-14
bangka.tribunnews.com,Page,N/A,N/A,bangka.tribunnews.com/2015/11/27/parah-siswa-sd-paksa-teman-sekelas-lakukan-adegan-film-dewasa,Yes,Site Behavior: Navigation,Restricted ad serving,ca-pub-7784034061253020,74,2025-02-10,2025-02-16
www.tribunnews.com,Page,N/A,N/A,www.tribunnews.com/regional/2025/02/14/hasil-autopsi-jasad-termutilasi-di-jombang-ditemukan-pendarahan-hingga-korban-lemas-tak-berdaya,No,Shocking content,Restricted ad serving,ca-pub-7784034061253020,73,2025-02-14,2025-02-14
www.tribunnews.com,Page,N/A,N/A,www.tribunnews.com/parapuan/2022/10/08/ada-3-posisi-klasik-saat-berhubungan-intim-salah-satunya-missionary,No,Adult: Sexual content,Restricted ad serving,ca-pub-7784034061253020,73,2025-02-14,2025-02-14
sultra.tribunnews.com,Page,N/A,N/A,sultra.tribunnews.com/2023/09/26/nasib-siskaeee-virly-virginia-meli-3gp-chacha-novita-pemeran-film-kelas-bintang-usai-diperiksa,Yes,Google-served ads obscuring content;Modified Javascript: Ads by Google size,Restricted ad serving,ca-pub-7784034061253020,73,2025-02-10,2025-02-15
pontianak.tribunnews.com,Page,N/A,N/A,pontianak.tribunnews.com/2021/11/18/simvastatin-adalah-obat-penurun-kolesterol-kenali-efek-samping-obat-simvastatin,No,Google-served ads obscuring content,Restricted ad serving,ca-pub-7784034061253020,73,2025-02-10,2025-02-15
jateng.tribunnews.com,Page,N/A,N/A,jateng.tribunnews.com/2024/07/15/sosok-fadria-gadis-yang-matanya-ditusuk-kakak-kandung-pakai-kunci-motor-karena-tak-pinjamkan-motor,No,Shocking content,Restricted ad serving,ca-pub-7784034061253020,73,2025-02-16,2025-02-16
jambi.tribunnews.com,Page,N/A,N/A,jambi.tribunnews.com/2019/10/17/tak-pakai-busana-hingga-seluruh-dalaman-tubuhnya-kelihatan-foto-mirip-pamela-safitri-bikin-heboh,No,Adult: Sexual content,Restricted ad serving,ca-pub-7784034061253020,73,2025-02-10,2025-02-15
jabar.tribunnews.com,Page,N/A,N/A,jabar.tribunnews.com/2025/02/05/jadwal-pendaftaran-cpns-2025-lengkap-dengan-cara-daftar-dan-dokumen-persyaratan-yang-dipersiapkan,No,Shocking content,Restricted ad serving,ca-pub-7784034061253020,73,2025-02-15,2025-02-15
www.tribunnewswiki.com,Page,N/A,N/A,www.tribunnewswiki.com/2021/07/17/suishintai-barisan-pelopor,Yes,Content obscuring Google-served ads;Encouraging accidental clicks: Layout,Restricted ad serving,ca-pub-7784034061253020,72,2025-02-10,2025-02-16
www.tribunnews.com,Page,N/A,N/A,www.tribunnews.com/regional/2019/10/03/pria-ini-ajak-bersetubuh-adik-ipar-beraksi-saat-istri-sudah-tidur-hingga-ditemukan-alat-kontrasepsi,No,Adult: Sexual content,Restricted ad serving,ca-pub-7784034061253020,72,2025-02-11,2025-02-15
suryamalang.tribunnews.com,Page,N/A,N/A,suryamalang.tribunnews.com/2020/02/04/bayaran-kecil-biduan-dangdut-menari-erotis-rela-buka-baju-lepas-bra-hingga-goyang-pakai-baju-sma,No,Adult: Sexual content,Restricted ad serving,ca-pub-7784034061253020,72,2025-02-14,2025-02-14
makassar.tribunnews.com,Page,N/A,N/A,makassar.tribunnews.com/2020/07/12/ceplos-nikita-mirzani-cerita-pengalaman-tak-puas-di-ranjang-sebut-vicky-nitinegoro-paling-cepat,Yes,Ads Disguised as Content,Restricted ad serving,ca-pub-7784034061253020,72,2025-02-10,2025-02-15
makassar.tribunnews.com,Page,N/A,N/A,makassar.tribunnews.com/2016/11/26/rugi-kalau-tak-tahu-inilah-arti-bo-st-lt-di-ucapan-terima-kasih-psk-kepada-anji-drive?page=3,No,Adult: Sexual content,Restricted ad serving,ca-pub-7784034061253020,72,2025-02-10,2025-02-15
m.tribunnews.com,Page,N/A,N/A,m.tribunnews.com/bisnis/2020/12/04/tokopedia-angkat-bicara-terkait-peredaran-produk-sex-toys-di-e-commerce,No,Adult: Sexual content,Restricted ad serving,ca-pub-7784034061253020,72,2025-02-10,2025-02-16
belitung.tribunnews.com,Page,N/A,N/A,belitung.tribunnews.com/2018/01/18/siswa-smp-rekam-aksinya-begituan-dengan-siswi-smk-video-mesum-berdurasi-3-menit-bocor?page=all,No,Google-served ads obscuring content,Restricted ad serving,ca-pub-7784034061253020,72,2025-02-10,2025-02-15
www.tribunnews.com,Page,N/A,N/A,www.tribunnews.com/kesehatan/2020/06/17/benarkah-wanita-berkumis-tipis-dan-berbulu-lebat-punya-gairah-seksual-tinggi,No,Adult: Sexual content,Restricted ad serving,ca-pub-7784034061253020,71,2025-02-15,2025-02-15
belitung.tribunnews.com,Page,N/A,N/A,belitung.tribunnews.com/2018/04/30/adiknya-cerita-ke-ibu-diajari-kakak-lakukan-adegan-dewasa-lalu-direkam,No,Adult: Sexual content,Restricted ad serving,ca-pub-7784034061253020,71,2025-02-10,2025-02-14
bangka.tribunnews.com,Page,N/A,N/A,bangka.tribunnews.com/2022/07/21/cerita-pelanggan-pijat-plus-plus-di-pingiran-pangkalpinang-tambah-rp-200000-dapat-full-service,Yes,Ads Disguised as Content,Restricted ad serving,ca-pub-7784034061253020,71,2025-02-10,2025-02-16
sumsel.tribunnews.com,Page,N/A,N/A,sumsel.tribunnews.com/2021/10/01/cara-dan-syarat-mengurus-kartu-atm-bni-tertelan-di-mesin-bisa-di-kantor-terdekat,No,Google-served ads obscuring content,Restricted ad serving,ca-pub-7784034061253020,70,2025-02-10,2025-02-16
solo.tribunnews.com,Page,N/A,N/A,solo.tribunnews.com/2021/07/05/chord-kunci-gitar-dan-lirik-lagu-tiara-kris-jika-kau-bertemu-aku-begini,No,Google-served ads obscuring content,Restricted ad serving,ca-pub-7784034061253020,70,2025-02-11,2025-02-16
pontianak.tribunnews.com,Page,N/A,N/A,pontianak.tribunnews.com/tag/video-mesum-ariel-luna-maya,No,Adult: Sexual content,Restricted ad serving,ca-pub-7784034061253020,70,2025-02-10,2025-02-15
pontianak.tribunnews.com,Page,N/A,N/A,pontianak.tribunnews.com/2018/01/28/inilah-7-ciri-wanita-kecanduan-masturbasi-7-persen-cewek-melakukannya-setiap-hari?page=3,No,Adult: Sexual content,Restricted ad serving,ca-pub-7784034061253020,70,2025-02-10,2025-02-15
medan.tribunnews.com,Page,N/A,N/A,medan.tribunnews.com/2020/09/19/deretan-foto-foto-seksi-berliana-lovell-yang-bikin-lelaki-salah-fokus-hingga-cenat-cenut,Yes,Ads Disguised as Content,Restricted ad serving,ca-pub-7784034061253020,70,2025-02-10,2025-02-14
makassar.tribunnews.com,Page,N/A,N/A,makassar.tribunnews.com/2015/10/03/betulkah-wanita-berbokong-besar-karena-doyan-hubungan-badan-baca,No,Adult: Sexual content,Restricted ad serving,ca-pub-7784034061253020,70,2025-02-10,2025-02-15
jogja.tribunnews.com,Page,N/A,N/A,jogja.tribunnews.com/2018/01/04/bisakah-hiv-menular-melalui-seks-oral-dan-ciuman-begini-penjelasannya,No,Adult: Sexual content;Shocking content,Restricted ad serving,ca-pub-7784034061253020,70,2025-02-10,2025-02-16
jateng.tribunnews.com,Page,N/A,N/A,jateng.tribunnews.com/2021/11/02/ternyata-jahe-bisa-bantu-memperbesar-payudara-begini-caranya,Yes,Ads Disguised as Content,Restricted ad serving,ca-pub-7784034061253020,70,2025-02-10,2025-02-15
belitung.tribunnews.com,Page,N/A,N/A,belitung.tribunnews.com/2021/11/11/bahan-ramuan-stamina-suami-kuat-di-ranjang-ada-di-dapur-khasiat-bumbu-ini-untuk-tahan-lama?page=2,No,Adult: Sexual content,Restricted ad serving,ca-pub-7784034061253020,70,2025-02-14,2025-02-14
belitung.tribunnews.com,Page,N/A,N/A,belitung.tribunnews.com/2019/04/01/ini-penjelasan-medis-tentang-fenomena-gancet-pasangan-lengket-saat-berhubungan-intim?page=2,No,Adult: Sexual content,Restricted ad serving,ca-pub-7784034061253020,70,2025-02-11,2025-02-14
wartakota.tribunnews.com,Page,N/A,N/A,wartakota.tribunnews.com/2014/05/27/rahasia-ciuman-yang-perlu-anda-tahu,No,Adult: Sexual content,Restricted ad serving,ca-pub-7784034061253020,69,2025-02-10,2025-02-16
pekanbaru.tribunnews.com,Page,N/A,N/A,pekanbaru.tribunnews.com/2022/03/12/artis-film-jepang-jav-hamil-usai-berhubungan-badan-dengan-aktor-pria-siapa,No,Adult: Sexual content,Restricted ad serving,ca-pub-7784034061253020,69,2025-02-14,2025-02-14
palembang.tribunnews.com,Page,N/A,N/A,palembang.tribunnews.com/2017/10/01/kisah-ronggeng-srintil-hidup-dari-menari-digilir-lelaki-namun-berakhir-ketika-dituding-pki,Yes,Modified ad code: Resizing Ad Frames,Restricted ad serving,ca-pub-7784034061253020,69,2025-02-10,2025-02-16
makassar.tribunnews.com,Page,N/A,N/A,makassar.tribunnews.com/2025/02/01/puluhan-mahasiswa-umi-makassar-saling-serang-pakai-parang-dalam-kampus-berawal-dari-pengeroyokan?source=kgnotif_1,No,Shocking content,Restricted ad serving,ca-pub-7784034061253020,69,2025-02-14,2025-02-14
kupang.tribunnews.com,Page,N/A,N/A,kupang.tribunnews.com/2019/10/02/kakak-ipar-tak-tahan-nafsu-adik-ipar-pakai-baju-tipis-ajak-kuda-lumping-imingi-duit-kronologi,No,Adult: Sexual content,Restricted ad serving,ca-pub-7784034061253020,69,2025-02-11,2025-02-16
jambi.tribunnews.com,Page,N/A,N/A,jambi.tribunnews.com/2025/02/16/bukannya-lapor-polisi-warga-ungaran-pilih-lapor-damkar-usai-dipalak-preman-pelaku-ditangkap?page=2,No,Adult: Sexual content,Restricted ad serving,ca-pub-7784034061253020,69,2025-02-16,2025-02-16
jabar.tribunnews.com,Page,N/A,N/A,jabar.tribunnews.com/2019/09/18/kopi-cleng-si-kuat-jagonya-para-pria-dijual-bebas-dan-murah-di-online-khasiatnya-dipercaya-mujarab?page=all,No,Google-served ads obscuring content,Restricted ad serving,ca-pub-7784034061253020,69,2025-02-12,2025-02-14
belitung.tribunnews.com,Page,N/A,N/A,belitung.tribunnews.com/2022/05/10/wanita-tanpa-busana-histeris-lagi-asik-mandi-pria-tak-diundang-datang-syok-tubuhnya-jadi-tontonan,Yes,Ads Disguised as Content,Restricted ad serving,ca-pub-7784034061253020,69,2025-02-10,2025-02-15
aceh.tribunnews.com,Page,N/A,N/A,aceh.tribunnews.com/404,Yes,Adult: Sexual content;Google-served ads on screens without publisher-content,Restricted ad serving,ca-pub-7784034061253020,69,2025-02-10,2025-02-15
www.tribunnews.com,Page,N/A,N/A,www.tribunnews.com/regional/2018/01/06/sebelum-ditemukan-tewas-di-area-masjid-wanita-bercadar-ini-dijemput-pria-bermobil,No,Shocking content,Restricted ad serving,ca-pub-7784034061253020,68,2025-02-11,2025-02-15
www.tribunnews.com,Page,N/A,N/A,www.tribunnews.com/kesehatan/2021/11/22/loyo-di-ranjang-dokter-boyke-beri-resep-tingkatkan-vitalitas-pria-tak-perlu-obat-kimia-cukup-kopi,No,Adult: Sexual content,Restricted ad serving,ca-pub-7784034061253020,68,2025-02-15,2025-02-15
medan.tribunnews.com,Page,N/A,N/A,medan.tribunnews.com/2020/01/30/viral-penyanyi-dangdut-buka-baju-lepas-bra-di-panggung-hingga-penonton-berlomba-beri-saweran,Yes,Site Behavior: Navigation,Restricted ad serving,ca-pub-7784034061253020,68,2025-02-11,2025-02-15
lampung.tribunnews.com,Page,N/A,N/A,lampung.tribunnews.com/2018/05/21/6-tanda-pasangan-pernah-berhubungan-intim-dengan-pria-lain-suami-mesti-waspada,No,Adult: Sexual content,Restricted ad serving,ca-pub-7784034061253020,68,2025-02-10,2025-02-14
kupang.tribunnews.com,Page,N/A,N/A,kupang.tribunnews.com/2023/01/05/video-syur-4-sekawan-cewek-cantik-viral-mulai-pakai-kaos-lengkap-hingga-pamer-bagian-terlarang,No,Adult: Sexual content,Restricted ad serving,ca-pub-7784034061253020,68,2025-02-16,2025-02-16
belitung.tribunnews.com,Page,N/A,N/A,belitung.tribunnews.com/2017/02/05/fakta-fakta-soal-seks-bebas-di-kalangan-remaja-remaja-ogah-pakai-kondom,No,Adult: Sexual content,Restricted ad serving,ca-pub-7784034061253020,68,2025-02-11,2025-02-16
bali.tribunnews.com,Page,N/A,N/A,bali.tribunnews.com/2014/08/11/video-bugil-kelompok-nudisme-bikin-geger-malaysia,No,Adult: Sexual content,Restricted ad serving,ca-pub-7784034061253020,68,2025-02-14,2025-02-14
www.tribunnews.com,Page,N/A,N/A,www.tribunnews.com/regional/2020/06/28/cewek-cantik-di-kota-jambi-jual-diri-lewat-michat-tarif-sekali-kencan-rp-800-ribu,No,Shocking content,Restricted ad serving,ca-pub-7784034061253020,67,2025-02-10,2025-02-16
m.tribunnews.com,Page,N/A,N/A,m.tribunnews.com/kesehatan/2019/04/04/saat-bercinta-ini-6-tahapan-yang-dirasakan-perempuan-sampai-orgasme,No,Adult: Sexual content,Restricted ad serving,ca-pub-7784034061253020,67,2025-02-10,2025-02-15
lampung.tribunnews.com,Page,N/A,N/A,lampung.tribunnews.com/2016/06/13/induk-kucing-disteril-adakah-efek-bagi-produksi-susu,No,Shocking content,Restricted ad serving,ca-pub-7784034061253020,67,2025-02-10,2025-02-16
belitung.tribunnews.com,Page,N/A,N/A,belitung.tribunnews.com/2016/05/19/mau-tahu-perbedaan-pria-disunat-atau-tidak-ternyata-ada-kenikmatan-lebih,No,Adult: Sexual content,Restricted ad serving,ca-pub-7784034061253020,67,2025-02-11,2025-02-15
toraja.tribunnews.com,Page,N/A,N/A,toraja.tribunnews.com/2025/02/14/coklat-laris-manis-saat-hari-valentine-di-toraja-utara-kondom-tak-laku-dibanding-tahun-lalu,No,Adult: Sexual content,Restricted ad serving,ca-pub-7784034061253020,65,2025-02-14,2025-02-14
medan.tribunnews.com,Page,N/A,N/A,medan.tribunnews.com/2021/04/06/2-tahun-ditinggal-suami-istri-kesepian-nafsunya-meledak-4-pria-tersenyum-puas-dilayani-tiap-malam,Yes,Ads Disguised as Content,Restricted ad serving,ca-pub-7784034061253020,65,2025-02-10,2025-02-15
medan.tribunnews.com,Page,N/A,N/A,medan.tribunnews.com/2018/01/07/ketika-sang-ibunya-menyaksikan-adegan-pembuatan-film-mesum-anak-kecil-dengan-wanita-dewasa,No,Adult: Sexual content,Restricted ad serving,ca-pub-7784034061253020,65,2025-02-14,2025-02-14
m.tribunnews.com,Page,N/A,N/A,m.tribunnews.com/regional/2017/10/11/empat-hotel-ini-jadi-lokasi-bisnis-esek-esek-di-medan,No,Adult: Sexual content,Restricted ad serving,ca-pub-7784034061253020,65,2025-02-10,2025-02-15
kupang.tribunnews.com,Page,N/A,N/A,kupang.tribunnews.com/2024/08/12/breaking-news-kecelakaan-lalu-lintas-di-jalan-timor-raya-kupang-empat-orang-kritis,No,Shocking content,Restricted ad serving,ca-pub-7784034061253020,65,2025-02-14,2025-02-14
kupang.tribunnews.com,Page,N/A,N/A,kupang.tribunnews.com/2019/09/25/viral-video-panas-guru-smk-di-purwakarta-ini-6-fakta-insiden-mobil-goyang-pasangan-selingkuh,No,Adult: Sexual content,Restricted ad serving,ca-pub-7784034061253020,65,2025-02-15,2025-02-15
jogja.tribunnews.com,Page,N/A,N/A,jogja.tribunnews.com/2023/09/23/lirik-dan-terjemahan-lagu-youre-on-your-own-kid-taylor-swift?page=2,No,Adult: Sexual content,Restricted ad serving,ca-pub-7784034061253020,65,2025-02-15,2025-02-15
jogja.tribunnews.com,Page,N/A,N/A,jogja.tribunnews.com/2022/07/20/kisah-idol-k-pop-chae-seung-ha-mantan-anggota-girlband-baba-kini-jadi-aktris-film-dewasa,Yes,Ads Disguised as Content,Restricted ad serving,ca-pub-7784034061253020;ca-video-pub-7784034061253020,65,2025-02-12,2025-02-15
bangka.tribunnews.com,Page,N/A,N/A,bangka.tribunnews.com/2019/10/06/begini-nasib-aipda-r-polisi-yang-tendang-driver-ojol-gojek-di-bogor-penerobos-jalur-presiden-jokowi?page=3,No,Adult: Sexual content,Restricted ad serving,ca-pub-7784034061253020,65,2025-02-15,2025-02-15
www.tribunnews.com,Page,N/A,N/A,www.tribunnews.com/seleb/2017/08/07/para-aktris-ini-tunggu-momen-tepat-hingga-akhirnya-berani-beradegan-tanpa-busana,Yes,Site Behavior: Navigation,Restricted ad serving,ca-pub-7784034061253020,64,2025-02-10,2025-02-16
www.tribunnews.com,Page,N/A,N/A,www.tribunnews.com/metropolitan/2018/02/07/lahirkan-anak-ke-11-tersangka-video-mesum-tante-vs-bocah-sd-jalani-tes-hiv,No,Shocking content,Restricted ad serving,ca-pub-7784034061253020,64,2025-02-10,2025-02-16
style.tribunnews.com,Page,N/A,N/A,style.tribunnews.com/2018/05/06/sadar-nggak-sih-produsen-susu-kental-manis-ini-kini-tak-lagi-pakai-kata-susu-begini-alasannya?page=all,Yes,Site Behavior: Navigation,Restricted ad serving,ca-pub-7784034061253020,64,2025-02-11,2025-02-15
pekanbaru.tribunnews.com,Page,N/A,N/A,pekanbaru.tribunnews.com/2023/12/14/baby-suji-viral-dijuliki-tiktoker-dan-selebgram-tobrut-link-video-viral-disebar-di-twitter,No,Adult: Sexual content,Restricted ad serving,ca-pub-7784034061253020,64,2025-02-15,2025-02-15
makassar.tribunnews.com,Page,N/A,N/A,makassar.tribunnews.com/2019/12/25/heboh-video-mesum-dan-ngaku-perawan-ini-4-kasus-cupi-cupita-goyang-basah-prostitusi-kemben-melorot,No,Adult: Sexual content,Restricted ad serving,ca-pub-7784034061253020,64,2025-02-10,2025-02-16
jateng.tribunnews.com,Page,N/A,N/A,jateng.tribunnews.com/2023/10/19/nasib-pilu-bintang-jav-hinata-aoi-keseringan-main-film-dewasa-organ-vitalnya-berjamur-dan-membusuk?page=all,Yes,Google-served ads obscuring content;Modified Javascript: Ads by Google size,Restricted ad serving,ca-pub-7784034061253020,64,2025-02-12,2025-02-14
jambi.tribunnews.com,Page,N/A,N/A,jambi.tribunnews.com/2017/09/24/curhat-berhubungan-seks-sambil-menyusui-anak-kelakuan-tasha-dinilai-tak-pantas,No,Shocking content,Restricted ad serving,ca-pub-7784034061253020,64,2025-02-10,2025-02-16
bangka.tribunnews.com,Page,N/A,N/A,bangka.tribunnews.com/2021/11/04/dulu-ditawar-open-bo-selebgram-berliana-lovell-dijuluki-wanita-pemersatu-bangsa-kepergok-ngamen,Yes,Ads Disguised as Content,Restricted ad serving,ca-pub-7784034061253020,64,2025-02-10,2025-02-15
style.tribunnews.com,Page,N/A,N/A,style.tribunnews.com/2017/04/08/18-jenis-celana-dalam-wanita-ini-tunjukkan-kalau-ada-banyak-opsi-buat-daleman-bawah-girls,No,Adult: Sexual content,Restricted ad serving,ca-pub-7784034061253020,63,2025-02-10,2025-02-16
palembang.tribunnews.com,Page,N/A,N/A,palembang.tribunnews.com/2018/04/08/begini-cara-mengobati-bisul-dan-langkah-langkah-membersihkannya-setelah-pecah-sampai-tuntas,No,Shocking content,Restricted ad serving,ca-pub-7784034061253020,63,2025-02-11,2025-02-15
medan.tribunnews.com,Page,N/A,N/A,medan.tribunnews.com/2022/06/13/celine-evangelista-buka-bukaan-cerita-perasaannya-pertama-kali-lakukan-hubungan-dengan-sosok-rahasia,No,Shocking content,Restricted ad serving,ca-pub-7784034061253020,63,2025-02-10,2025-02-14
m.tribunnews.com,Page,N/A,N/A,m.tribunnews.com/regional/2017/06/07/ritual-yang-harus-dijalani-pencari-pesugihan-di-gunung-kemukus-termasuk-seks-7-kali,No,Adult: Sexual content,Restricted ad serving,ca-pub-7784034061253020,63,2025-02-11,2025-02-14
www.tribunnews.com,Page,N/A,N/A,www.tribunnews.com/kesehatan/2017/07/15/sudah-lansia-ini-trik-bercinta-yang-aman-dilakukan-nenek-rohaya-dan-suami-brondongnya,No,Adult: Sexual content,Restricted ad serving,ca-pub-7784034061253020,62,2025-02-11,2025-02-16
wartakota.tribunnews.com,Page,N/A,N/A,wartakota.tribunnews.com/2017/04/14/inilah-pria-pemeran-film-porno-tertua-di-dunia-buka-rahasia-untuk-menjaga-stamina,No,Adult: Sexual content,Restricted ad serving,ca-pub-7784034061253020,62,2025-02-10,2025-02-15
sultra.tribunnews.com,Page,N/A,N/A,sultra.tribunnews.com/2022/11/12/icha-ceeby-kebaya-merah-juga-perankan-video-tiga-lawan-satu-ternyata-adegan-2-wanita-1-lelaki,Yes,Ads Disguised as Content,Restricted ad serving,ca-pub-7784034061253020,62,2025-02-10,2025-02-16
style.tribunnews.com,Page,N/A,N/A,style.tribunnews.com/2017/04/15/terungkap-ini-rahasia-kakek-sugiono-artis-film-panas-tertua-jepang-bisa-tetap-fit-di-usia-lanjut,Yes,Site Behavior: Navigation,Restricted ad serving,ca-pub-7784034061253020,62,2025-02-12,2025-02-15
solo.tribunnews.com,Page,N/A,N/A,solo.tribunnews.com/2020/09/26/chord-kunci-gitar-dan-lirik-lagu-sancang-yayan-jatnika-chord-mudah-dimainkan,Yes,Encouraging accidental clicks: Layout;Google-served ads obscuring content,Restricted ad serving,ca-pub-7784034061253020,62,2025-02-11,2025-02-15
palembang.tribunnews.com,Page,N/A,N/A,palembang.tribunnews.com/2017/11/18/celana-dalam-sering-basah-kenali-rahasia-cairan-ini-sebelum-terlambat-wanita-wajib-tahu,No,Shocking content,Restricted ad serving,ca-pub-7784034061253020,62,2025-02-11,2025-02-15
palembang.tribunnews.com,Page,N/A,N/A,palembang.tribunnews.com/2014/01/08/ini-arti-kode-khusus-di-karaoke-esek-esek,No,Adult: Sexual content,Restricted ad serving,ca-pub-7784034061253020,62,2025-02-10,2025-02-16
jogja.tribunnews.com,Page,N/A,N/A,jogja.tribunnews.com/2017/10/12/inilah-nasib-5-bintang-film-panas-era-1990-an-ada-yang-jualan-lontong-sayur-hingga-jadi-religius,No,Adult: Sexual content,Restricted ad serving,ca-pub-7784034061253020,62,2025-02-10,2025-02-15
jambi.tribunnews.com,Page,N/A,N/A,jambi.tribunnews.com/2017/08/29/beginilah-gambar-4d-orang-saat-berhubungan-seks-ilmuwan-menemukan-rekaman-video-yang-menarik?page=2,No,Adult: Sexual content,Restricted ad serving,ca-pub-7784034061253020,62,2025-02-11,2025-02-16
wartakota.tribunnews.com,Page,N/A,N/A,wartakota.tribunnews.com/2014/04/12/inilah-ukuran-normal-mr-p-saat-ereksi,No,Adult: Sexual content,Restricted ad serving,ca-pub-7784034061253020,61,2025-02-14,2025-02-15
sultra.tribunnews.com,Page,N/A,N/A,sultra.tribunnews.com/2023/09/15/judul-film-kelas-bintang-yang-viral-keramat-tunggak-mimi-cucu-inem-serabi-lempit-pelakor,No,Adult: Sexual content,Restricted ad serving,ca-pub-7784034061253020,61,2025-02-14,2025-02-14
pontianak.tribunnews.com,Page,N/A,N/A,pontianak.tribunnews.com/2011/07/27/polisi-tembak-kepala-sendiri,No,Shocking content,Restricted ad serving,ca-pub-7784034061253020,61,2025-02-14,2025-02-16
pekanbaru.tribunnews.com,Page,N/A,N/A,pekanbaru.tribunnews.com/2022/09/21/banyak-dicari-ini-link-nonton-film-the-handmaiden-sub-indo-film-jepang-berkisah-romansa-erotis,Yes,Encouraging accidental clicks: Layout,Restricted ad serving,ca-pub-7784034061253020,61,2025-02-12,2025-02-16
makassar.tribunnews.com,Page,N/A,N/A,makassar.tribunnews.com/seleb/gosipi,No,Adult: Sexual content,Restricted ad serving,ca-pub-7784034061253020,61,2025-02-13,2025-02-15
makassar.tribunnews.com,Page,N/A,N/A,makassar.tribunnews.com/2021/04/03/janda-muda-jadi-pemuas-nafsu-dibayar-murah-sekali-main-bingung-saat-dapat-tamu-pertama,Yes,Ads Disguised as Content,Restricted ad serving,ca-pub-7784034061253020,61,2025-02-11,2025-02-16
m.tribunnews.com,Page,N/A,N/A,m.tribunnews.com/internasional/2019/05/23/aktor-senior-film-dewasa-jepang-hubungan-pria-dan-wanita-terpenting-adalah-komunikasi,No,Shocking content,Restricted ad serving,ca-pub-7784034061253020,61,2025-02-11,2025-02-15
jateng.tribunnews.com,Page,N/A,N/A,jateng.tribunnews.com/2022/03/08/apa-itu-suntik-catin-jadi-persyaratan-daftar-nikah-di-kua-dan-5-vaksin-penting-sebelum-menikah,Yes,Encouraging accidental clicks: Layout;Google-served ads obscuring content,Restricted ad serving,ca-pub-7784034061253020,61,2025-02-10,2025-02-16
jabar.tribunnews.com,Page,N/A,N/A,jabar.tribunnews.com/2022/03/25/pengobatan-alat-vital-mak-erot-terpercaya-cigadog-cisolok-sukabumi-dan-pondok-gede-bekasi,Yes,Ads Disguised as Content,Restricted ad serving,ca-pub-7784034061253020,61,2025-02-10,2025-02-15
banjarmasin.tribunnews.com,Page,N/A,N/A,banjarmasin.tribunnews.com/2015/02/22/bintang-porno-jepang-ini-bukukan-kisah-proses-bikin-video-seks,No,Adult: Sexual content,Restricted ad serving,ca-pub-7784034061253020,61,2025-02-11,2025-02-16
bali.tribunnews.com,Page,N/A,N/A,bali.tribunnews.com/2016/08/24/inilah-bentuk-miss-v-yang-paling-disukai-kaum-pria,No,Adult: Sexual content,Restricted ad serving,ca-pub-7784034061253020,61,2025-02-10,2025-02-16
sumsel.tribunnews.com,Page,N/A,N/A,sumsel.tribunnews.com/2021/08/14/100-nama-bayi-laki-laki-islami-pembawa-berkah-dan-rezeki-dan-artinya-terdiri-3-kata,Yes,Modified ad code: Resizing Ad Frames,Restricted ad serving,ca-pub-7784034061253020,60,2025-02-10,2025-02-15
pontianak.tribunnews.com,Page,N/A,N/A,pontianak.tribunnews.com/2018/05/28/6-ciri-wanita-sudah-tak-perawan-mulai-hidung-mata-payudara-hingga-bentuk-punggung?page=3,No,Adult: Sexual content,Restricted ad serving,ca-pub-7784034061253020,60,2025-02-15,2025-02-15
pekanbaru.tribunnews.com,Page,N/A,N/A,pekanbaru.tribunnews.com/2023/09/21/link-nonton-film-kelas-bintang-dan-link-download-film-birahi-muda-chaca-novita-disebar-di-twitter,No,Adult: Sexual content,Restricted ad serving,ca-pub-7784034061253020,60,2025-02-15,2025-02-15
pekanbaru.tribunnews.com,Page,N/A,N/A,pekanbaru.tribunnews.com/2021/05/22/apa-itu-capslock-caps-lock-arti-caps-lock-dalam-bahasa-gaul-kata-yang-sering-terdengar,Yes,Encouraging accidental clicks: Layout;Google-served ads obscuring content,Restricted ad serving,ca-pub-7784034061253020,60,2025-02-10,2025-02-15
papua.tribunnews.com,Page,N/A,N/A,papua.tribunnews.com/2024/08/07/hendak-diselundupkan-ke-png-tni-al-amankan-bbm-hingga-obat-obatan-ilegal-di-perairan-jayapura,No,Shocking content,Restricted ad serving,ca-pub-7784034061253020,60,2025-02-15,2025-02-15
medan.tribunnews.com,Page,N/A,N/A,medan.tribunnews.com/2019/10/31/lagi-lagi-tersebar-video-adegan-intim-kali-ini-mahasiswi-dengan-dosen-di-hotel-berbahasa-daerah,No,Adult: Sexual content,Restricted ad serving,ca-pub-7784034061253020,60,2025-02-10,2025-02-16
medan.tribunnews.com,Page,N/A,N/A,medan.tribunnews.com/2015/11/27/telaah-kesehatan-masturbasi-tanpa-film-porno,No,Adult: Sexual content,Restricted ad serving,ca-pub-7784034061253020,60,2025-02-10,2025-02-15
makassar.tribunnews.com,Page,N/A,N/A,makassar.tribunnews.com/2017/10/25/gempar-video-mesum-diduga-mahasiswa-universitas-ternama-indonesia-viral-netizen-ributkan-ini,No,Adult: Sexual content,Restricted ad serving,ca-pub-7784034061253020,60,2025-02-10,2025-02-15
m.tribunnews.com,Page,N/A,N/A,m.tribunnews.com/sains/2017/08/24/mengapa-alat-kelamin-laki-laki-tak-bertulang-ini-penjelasan-ilmiahnya,No,Adult: Sexual content,Restricted ad serving,ca-pub-7784034061253020,60,2025-02-10,2025-02-16
jatim.tribunnews.com,Page,N/A,N/A,jatim.tribunnews.com/2017/11/28/9-posisi-oral-seks-terbaik-yang-bisa-bikin-pasanganmu-menggila-seketika-no-6-paling-dahsyat?page=all,No,Adult: Sexual content,Restricted ad serving,ca-pub-7784034061253020,60,2025-02-14,2025-02-14
jambi.tribunnews.com,Page,N/A,N/A,jambi.tribunnews.com/404,Yes,Google-served ads on screens without publisher-content,Restricted ad serving,ca-pub-7784034061253020,60,2025-02-11,2025-02-15
jabar.tribunnews.com,Page,N/A,N/A,jabar.tribunnews.com/2022/06/01/pengobatan-alat-vital-aa-abdul-jalil-jogja-pusat-vitalitas-terbaik,No,Adult: Sexual content,Restricted ad serving,ca-pub-7784034061253020,60,2025-02-11,2025-02-15
bogor.tribunnews.com,Page,N/A,N/A,bogor.tribunnews.com/2025/02/13/viral-curhat-wanita-stroke-3-tahun-disiksa-suami-dan-anak-sulung-anak-kedua-syok-lihat-rekaman-cctv?engine=JXA,No,Shocking content,Restricted ad serving,ca-pub-7784034061253020,60,2025-02-14,2025-02-14
belitung.tribunnews.com,Page,N/A,N/A,belitung.tribunnews.com/2016/10/27/inilah-wanita-pemilik-payudara-terindah-di-jepang,No,Shocking content,Restricted ad serving,ca-pub-7784034061253020,60,2025-02-10,2025-02-16
bekasi.tribunnews.com,Page,N/A,N/A,bekasi.tribunnews.com/2022/07/27/khusus-dewasa-berikut-ini-daftar-film-semi-korea-2022-tentang-perselingkuhan-percintaan-dan-erotis?page=all,No,Adult: Sexual content,Restricted ad serving,ca-pub-7784034061253020,60,2025-02-16,2025-02-16
banten.tribunnews.com,Page,N/A,N/A,banten.tribunnews.com/2025/02/14/maling-motor-di-kota-serang-tak-berkutik-digerebek-anggota-resmob-saat-sedang-asyik-tidur-di-kostan,No,Shocking content,Restricted ad serving,ca-pub-7784034061253020,60,2025-02-14,2025-02-14
banjarmasin.tribunnews.com,Page,N/A,N/A,banjarmasin.tribunnews.com/2022/01/26/kaum-muda-temui-kasus-edi-tansil-dr-boyke-bongkar-rahasia-atasi-perkara-ini,Yes,Ads Disguised as Content,Restricted ad serving,ca-pub-7784034061253020,60,2025-02-11,2025-02-15
aceh.tribunnews.com,Page,N/A,N/A,aceh.tribunnews.com/2022/01/07/pantas-selalu-tolak-main-usai-nikah-suami-ini-syok-tahu-rahasia-istri-akhirnya-lapor-polisi,Yes,Ads Disguised as Content,Restricted ad serving,ca-pub-7784034061253020,60,2025-02-11,2025-02-15
suryamalang.tribunnews.com,Page,N/A,N/A,suryamalang.tribunnews.com/2017/07/30/bodi-seksi-siswi-smp-bikin-hasrat-cowok-smk-meledak-kemudian-inilah-yang-terjadi-di-kamar-kos,No,Shocking content,Restricted ad serving,ca-pub-7784034061253020,59,2025-02-11,2025-02-15
surabaya.tribunnews.com,Page,N/A,N/A,surabaya.tribunnews.com/2021/06/26/sosok-amel-gadis-18-tahun-yang-disebut-mirip-nike-ardilla-ibu-mendiang-menangis-saat-bertemu,No,Adult: Sexual content,Restricted ad serving,ca-pub-7784034061253020,59,2025-02-11,2025-02-16
pekanbaru.tribunnews.com,Page,N/A,N/A,pekanbaru.tribunnews.com/2023/05/16/twitter-video-viral-ada-link-video-viral-dua-selebgram-cantik-syafilah-dan-syalifah-beredar,No,Adult: Sexual content,Restricted ad serving,ca-pub-7784034061253020,59,2025-02-15,2025-02-15
makassar.tribunnews.com,Page,N/A,N/A,makassar.tribunnews.com/2022/06/29/ciri-ciri-wanita-yang-sudah-tidak-perawan-perhatikan-telapak-tangannya?page=2,No,Adult: Sexual content,Restricted ad serving,ca-pub-7784034061253020,59,2025-02-15,2025-02-15
makassar.tribunnews.com,Page,N/A,N/A,makassar.tribunnews.com/2019/11/10/terungkap-alasan-sebenarnya-suami-pria-suka-jajan-diluar-fantasi-ini-yang-diharapkan-dari-istri,No,Adult: Sexual content,Restricted ad serving,ca-pub-7784034061253020,59,2025-02-15,2025-02-15
jogja.tribunnews.com,Page,N/A,N/A,jogja.tribunnews.com/2017/02/11/3-aplikasi-ini-bisa-tingkatkan-gairah-di-ranjang,No,Adult: Sexual content,Restricted ad serving,ca-pub-7784034061253020,59,2025-02-10,2025-02-16
belitung.tribunnews.com,Page,N/A,N/A,belitung.tribunnews.com/2017/11/21/cewek-sma-jual-diri-langsung-masuk-aja-nanti-naik-ya,No,Adult: Sexual content,Restricted ad serving,ca-pub-7784034061253020,59,2025-02-10,2025-02-15
batam.tribunnews.com,Page,N/A,N/A,batam.tribunnews.com/2018/01/27/berwajah-tampan-pria-ini-sudah-tiduri-3000-an-wanita-ini-profesinya,Yes,Ads Disguised as Content,Restricted ad serving,ca-pub-7784034061253020,59,2025-02-10,2025-02-15
bali.tribunnews.com,Page,N/A,N/A,bali.tribunnews.com/2018/02/10/viral-video-goyangan-hot-3-siswi-sma-masih-mengenakan-seragam-sekolah,Yes,Site Behavior: Navigation,Restricted ad serving,ca-pub-7784034061253020,59,2025-02-11,2025-02-16
www.tribunnews.com,Page,N/A,N/A,www.tribunnews.com/lifestyle/2014/11/19/wanita-yang-memiliki-banyak-teman-pria-pertanda-libidonya-membara-ini-alasannya,No,Adult: Sexual content,Restricted ad serving,ca-pub-7784034061253020,58,2025-02-10,2025-02-16
www.tribunnews.com,Page,N/A,N/A,www.tribunnews.com/kesehatan/2016/03/31/kesalahan-cara-minum-obat-kuat-yang-membuatnya-gagal-bikin-pria-jadi-jantan,No,Adult: Sexual content,Restricted ad serving,ca-pub-7784034061253020,58,2025-02-10,2025-02-15
pekanbaru.tribunnews.com,Page,N/A,N/A,pekanbaru.tribunnews.com/2017/08/07/video-pakai-mukena-sambil-bugil-dua-wanita-yang-bikin-heboh-ini-kini-paling-dicari,Yes,Site Behavior: Navigation,Restricted ad serving,ca-pub-7784034061253020,58,2025-02-10,2025-02-16
medan.tribunnews.com,Page,N/A,N/A,medan.tribunnews.com/2022/07/08/potret-dokter-elvi-gultom-istrinya-dijuluki-hot-mom-pemersatu-bangsa-selebgram-cantik-nan-seksi?page=all,No,Adult: Sexual content,Restricted ad serving,ca-pub-7784034061253020,58,2025-02-14,2025-02-14
medan.tribunnews.com,Page,N/A,N/A,medan.tribunnews.com/2017/08/15/5-bentuk-kelamin-wanita-miss-v-yang-disukai-pria-bagaimana-bentuk-punya-kamu,No,Adult: Sexual content,Restricted ad serving,ca-pub-7784034061253020,58,2025-02-12,2025-02-14
lampung.tribunnews.com,Page,N/A,N/A,lampung.tribunnews.com/2015/03/11/bintang-porno-jepang-keluhkan-kurangnya-pemain-pria,Yes,Google-served ads obscuring content;Modified Javascript: Ads by Google size,Restricted ad serving,ca-pub-7784034061253020,58,2025-02-11,2025-02-15
jambi.tribunnews.com,Page,N/A,N/A,jambi.tribunnews.com/2019/09/01/5-bintang-film-dewasa-ini-tewas-secara-mengerikan-no-5-alami-depresi-berat-hingga-bunuh-diri,No,Shocking content,Restricted ad serving,ca-pub-7784034061253020,58,2025-02-10,2025-02-16
jambi.tribunnews.com,Page,N/A,N/A,jambi.tribunnews.com/2015/10/07/awas-sering-onani-usia-muda-tuanya-kena-penyakit-ini,No,Adult: Sexual content,Restricted ad serving,ca-pub-7784034061253020,58,2025-02-11,2025-02-14
bangka.tribunnews.com,Page,N/A,N/A,bangka.tribunnews.com/2016/04/01/inilah-5-tanda-tanda-wanita-yang-baru-saja-berhubungan-cinta,No,Adult: Sexual content,Restricted ad serving,ca-pub-7784034061253020,58,2025-02-10,2025-02-14
style.tribunnews.com,Page,N/A,N/A,style.tribunnews.com/2024/09/11/5-anime-17-bertema-magical-sex-shift-ada-eoneu-nal-jameseo-kkaeeoboni-bagelyeoga-doeeo-isseotda,No,Adult: Sexual content,Restricted ad serving,ca-pub-7784034061253020,57,2025-02-14,2025-02-14
pontianak.tribunnews.com,Page,N/A,N/A,pontianak.tribunnews.com/2023/02/03/5-anime-romansa-khusus-dewasa-17-keatas-cocok-nobar-bareng-pasangan,No,Adult: Sexual content,Restricted ad serving,ca-pub-7784034061253020,57,2025-02-15,2025-02-15
m.tribunnews.com,Page,N/A,N/A,m.tribunnews.com/kesehatan/2018/04/08/perawan-atau-tidak-bisa-dilihat-dari-cara-berjalan-dokter-ungkap-fakta-sesungguhnya,No,Adult: Sexual content,Restricted ad serving,ca-pub-7784034061253020,57,2025-02-10,2025-02-16
m.tribunnews.com,Page,N/A,N/A,m.tribunnews.com/internasional/2015/07/11/ini-dia-10-negara-dengan-budaya-seks-paling-bebas?page=2,No,Adult: Sexual content,Restricted ad serving,ca-pub-7784034061253020,57,2025-02-12,2025-02-14
jogja.tribunnews.com,Page,N/A,N/A,jogja.tribunnews.com/2014/04/10/panjang-mrp-saat-ereksi-hanyalah-14-centimeter,No,Adult: Sexual content,Restricted ad serving,ca-pub-7784034061253020,57,2025-02-10,2025-02-16
jateng.tribunnews.com,Page,N/A,N/A,jateng.tribunnews.com/2018/02/13/hem-takut-dosa-daripada-selingkuh-ibu-2-anak-ini-pilih-pakai-sex-toys-apakah-itu-tak-dosa,No,Adult: Sexual content,Restricted ad serving,ca-pub-7784034061253020,57,2025-02-10,2025-02-14
bogor.tribunnews.com,Page,N/A,N/A,bogor.tribunnews.com/2016/07/13/6-alasan-wanita-mau-melepaskan-keperawanannya-kepada-kekasihnya-karena-cinta-hingga-kebelet-nikah,Yes,Ads Disguised as Content,Restricted ad serving,ca-pub-7784034061253020,57,2025-02-11,2025-02-14
bangka.tribunnews.com,Page,N/A,N/A,bangka.tribunnews.com/2022/04/04/inilah-daftar-harga-rokok-di-indomaret-april-2022-gudang-garam-merah-rp14000?page=2,No,Tobacco,Restricted ad serving,ca-pub-7784034061253020,57,2025-02-14,2025-02-14
www.tribunnews.com,Page,N/A,N/A,www.tribunnews.com/internasional/2016/02/09/astaga-makin-banyak-warga-swiss-yang-berhubungan-seks-dengan-kuda,No,Adult: Sexual content,Restricted ad serving,ca-pub-7784034061253020,56,2025-02-10,2025-02-16
sumsel.tribunnews.com,Page,N/A,N/A,sumsel.tribunnews.com/2020/08/23/kakek-sugiono-kini-berusia-86-bocorkan-rahasia-paling-senang-wanita-usia-ini-sebagai-lawan-main?page=all,No,Adult: Sexual content,Restricted ad serving,ca-pub-7784034061253020,56,2025-02-14,2025-02-14
pontianak.tribunnews.com,Page,N/A,N/A,pontianak.tribunnews.com/2018/01/28/4-artis-seksi-ini-blak-blakan-cara-puaskan-diri-di-ranjang-ada-yang-koleksi-banyak-boneka-seks,No,Adult: Sexual content,Restricted ad serving,ca-pub-7784034061253020,56,2025-02-12,2025-02-16
pekanbaru.tribunnews.com,Page,N/A,N/A,pekanbaru.tribunnews.com/2023/09/23/video-viral-kayes-viral-2-menit-dan-kayes-3-menit-masih-dicari-dan-link-disebar-di-twitter,No,Adult: Sexual content,Restricted ad serving,ca-pub-7784034061253020,56,2025-02-15,2025-02-15
kupang.tribunnews.com,Page,N/A,N/A,kupang.tribunnews.com/2019/10/01/ambil-sperma-untuk-ritual-2-perempuan-paksa-tukang-servis-hp-berhubungan-badan-diikat-tali-video,No,Adult: Sexual content,Restricted ad serving,ca-pub-7784034061253020,56,2025-02-12,2025-02-15
kupang.tribunnews.com,Page,N/A,N/A,kupang.tribunnews.com/2017/12/09/tanpa-sensor-para-pemain-di-lima-film-ini-benar-benar-lakukan-adegan-ranjang-di-depan-kamera?page=all,Yes,Site Behavior: Navigation,Restricted ad serving,ca-pub-7784034061253020,56,2025-02-14,2025-02-16
kupang.tribunnews.com,Page,N/A,N/A,kupang.tribunnews.com/2017/07/16/nenek-85-tahun-ini-doyan-seks-seminggu-layani-10-pria-berapa-tarifnya,No,Adult: Sexual content,Restricted ad serving,ca-pub-7784034061253020,56,2025-02-15,2025-02-15
jogja.tribunnews.com,Page,N/A,N/A,jogja.tribunnews.com/2022/06/08/5-gaya-bercinta-yang-bisa-tahan-lama-yang-mana-favorit-anda,No,Adult: Sexual content,Restricted ad serving,ca-pub-7784034061253020,56,2025-02-14,2025-02-14
jabar.tribunnews.com,Page,N/A,N/A,jabar.tribunnews.com/2019/11/22/sadis-siswa-sma-di-kulon-progo-tusuk-gurunya-gara-gara-menolak-cinta-ketahuan-karena-hp-tertinggal,Yes,Ads Disguised as Content,Restricted ad serving,ca-pub-7784034061253020,56,2025-02-10,2025-02-16
bogor.tribunnews.com,Page,N/A,N/A,bogor.tribunnews.com/2017/04/17/alamak-diduga-ketahuan-selingkuh-wanita-telanjang-ini-dikelilingi-warga-sambil-minta-maaf,No,Adult: Sexual content,Restricted ad serving,ca-pub-7784034061253020,56,2025-02-14,2025-02-14
belitung.tribunnews.com,Page,N/A,N/A,belitung.tribunnews.com/2017/01/12/berdarah-darah-saat-bercinta-ternyata-pasangan-seks-ini-lakukan-gaya-tak-lazim,No,Shocking content,Restricted ad serving,ca-pub-7784034061253020,56,2025-02-12,2025-02-16
belitung.tribunnews.com,Page,N/A,N/A,belitung.tribunnews.com/2015/08/07/tarif-pijat-dan-berhubungan-seks-rp-350-ribu,No,Adult: Sexual content,Restricted ad serving,ca-pub-7784034061253020,56,2025-02-14,2025-02-14
bangka.tribunnews.com,Page,N/A,N/A,bangka.tribunnews.com/2021/12/07/video-maria-vania-di-atas-ranjang-viral-sudah-ditonton-34-juta-kali,Yes,Ads Disguised as Content,Restricted ad serving,ca-pub-7784034061253020,56,2025-02-10,2025-02-14
bangka.tribunnews.com,Page,N/A,N/A,bangka.tribunnews.com/2017/09/16/pilih-pensiun-dari-jav-beginilah-nasib-7-bintang-film-panas-jepang-sekarang?page=all,No,Adult: Sexual content,Restricted ad serving,ca-pub-7784034061253020,56,2025-02-16,2025-02-16
bangka.tribunnews.com,Page,N/A,N/A,bangka.tribunnews.com/2016/12/24/jika-wanita-tak-perawan-lagi-bokongnya-melorot-benarkah,No,Adult: Sexual content,Restricted ad serving,ca-pub-7784034061253020,56,2025-02-10,2025-02-16
bangka.tribunnews.com,Page,N/A,N/A,bangka.tribunnews.com/2016/08/24/inilah-5-bentuk-vagina-yang-disukai-kaum-pria,No,Adult: Sexual content,Restricted ad serving,ca-pub-7784034061253020,56,2025-02-12,2025-02-15
aceh.tribunnews.com,Page,N/A,N/A,aceh.tribunnews.com/2022/06/14/suami-keluhkan-miss-v-longgar-tak-lagi-rapat-dr-boyke-istri-harus-lakukan-ini-sejak-melahirkan,No,Adult: Sexual content,Restricted ad serving,ca-pub-7784034061253020,56,2025-02-14,2025-02-14
pekanbaru.tribunnews.com,Page,N/A,N/A,pekanbaru.tribunnews.com/2022/11/04/ngangkang-trending-di-twitter-ngangkang-artinya-bahasa-gaul-apa-ada-model,No,Adult: Sexual content,Restricted ad serving,ca-pub-7784034061253020,55,2025-02-15,2025-02-15
pekanbaru.tribunnews.com,Page,N/A,N/A,pekanbaru.tribunnews.com/2020/12/19/update-bahasa-gaul-cek-arti-dikenyot-apa-itu-rese-maksud-bangke-apa-arti-giras,No,Google-served ads obscuring content,Restricted ad serving,ca-pub-7784034061253020,55,2025-02-10,2025-02-15
medan.tribunnews.com,Page,N/A,N/A,medan.tribunnews.com/2017/09/18/6-artis-cantik-korea-ini-rela-beradegan-panas-akhirnya-sukses-besar-lho,Yes,Site Behavior: Navigation,Restricted ad serving,ca-pub-7784034061253020,55,2025-02-12,2025-02-16
makassar.tribunnews.com,Page,N/A,N/A,makassar.tribunnews.com/2019/12/27/pengakuan-artis-dangdut-cupi-cupita-setelah-video-syur-mirip-dirinya-viral-di-instagram-ig,No,Adult: Sexual content,Restricted ad serving,ca-pub-7784034061253020,55,2025-02-12,2025-02-15
m.tribunnews.com,Page,N/A,N/A,m.tribunnews.com/lifestyle/2013/02/08/10-bintang-film-panas-paling-berpendidikan-tinggi,No,Adult: Sexual content,Restricted ad serving,ca-pub-7784034061253020,55,2025-02-15,2025-02-15
kupang.tribunnews.com,Page,N/A,N/A,kupang.tribunnews.com/2025/02/14/lakalantas-di-kota-kefamenanu-renggut-nyawa-seorang-bocah,No,Shocking content,Restricted ad serving,ca-pub-7784034061253020,55,2025-02-16,2025-02-16
jatim.tribunnews.com,Page,N/A,N/A,jatim.tribunnews.com/2017/09/23/jelang-musim-kawin-penis-bebek-bisa-membesar-10-kali-lipat-ternyata-ini-rahasianya,No,Adult: Sexual content,Restricted ad serving,ca-pub-7784034061253020,55,2025-02-10,2025-02-14
health.tribunnews.com,Page,N/A,N/A,health.tribunnews.com/2023/10/04/kemampuan-orgasme-berulang-pada-wanita-dokter-ungkap-syarat-wanita-dapat-alami-orgasme-berulang,No,Adult: Sexual content,Restricted ad serving,ca-pub-7784034061253020,55,2025-02-15,2025-02-15
bangka.tribunnews.com,Page,N/A,N/A,bangka.tribunnews.com/2022/01/08/bagaimana-melayani-suami-jika-istri-sedang-haid-buya-yahya-berikan-penjelasan,Yes,Ads Disguised as Content,Restricted ad serving,ca-pub-7784034061253020,55,2025-02-10,2025-02-15
bali.tribunnews.com,Page,N/A,N/A,bali.tribunnews.com/2017/10/26/rekaman-diduga-suara-hanna-annisa-viral-dengarkansuaranya,No,Adult: Sexual content,Restricted ad serving,ca-pub-7784034061253020,55,2025-02-10,2025-02-14
aceh.tribunnews.com,Page,N/A,N/A,aceh.tribunnews.com/2023/05/04/ini-cara-menghitung-masa-subur-menurut-seksolog-dr-boyke-penting-dipahami-pasutri-agar-cepat-hamil,No,Adult: Sexual content,Restricted ad serving,ca-pub-7784034061253020,55,2025-02-14,2025-02-14
surabaya.tribunnews.com,Page,N/A,N/A,surabaya.tribunnews.com/2013/02/21/15-tahun-bintangi-1000-film-porno?page=2,No,Adult: Sexual content,Restricted ad serving,ca-pub-7784034061253020,54,2025-02-14,2025-02-14
pekanbaru.tribunnews.com,Page,N/A,N/A,pekanbaru.tribunnews.com/2023/08/05/apa-itu-gangbang-dan-perbedaan-gangbang-dengan-theeresome,No,Adult: Sexual content,Restricted ad serving,ca-pub-7784034061253020,54,2025-02-14,2025-02-14
pekanbaru.tribunnews.com,Page,N/A,N/A,pekanbaru.tribunnews.com/2020/06/06/pria-36-tahun-doyan-celana-dalam-cewek-warna-pink-dicuri-ngakunya-untuk-pesugihan-dan-awet-muda,No,Shocking content,Restricted ad serving,ca-pub-7784034061253020,54,2025-02-16,2025-02-16
makassar.tribunnews.com,Page,N/A,N/A,makassar.tribunnews.com/2021/09/08/fakta-sebenarnya-di-balik-video-viral-pasangan-alami-gancet-akibat-berzina-hingga-didoakan-ustadz?page=all,No,Adult: Sexual content,Restricted ad serving,ca-pub-7784034061253020,54,2025-02-14,2025-02-14
makassar.tribunnews.com,Page,N/A,N/A,makassar.tribunnews.com/2017/04/14/blak-blakan-kakek-sugiono-soal-kariernya-ini-rahasia-artis-film-porno-tertua-jaga-stamina,No,Adult: Sexual content,Restricted ad serving,ca-pub-7784034061253020,54,2025-02-11,2025-02-15
jogja.tribunnews.com,Page,N/A,N/A,jogja.tribunnews.com/2017/04/14/10-negara-ini-ini-punya-budaya-kehidupan-seks-paling-bebas-di-dunia,No,Adult: Sexual content,Restricted ad serving,ca-pub-7784034061253020,54,2025-02-16,2025-02-16
jateng.tribunnews.com,Page,N/A,N/A,jateng.tribunnews.com/2018/06/26/obat-kuat-pun-lewat-kunyah-bumbu-dapur-ini-agar-perkasa-di-ranjang-bersama-istri,No,Adult: Sexual content,Restricted ad serving,ca-pub-7784034061253020,54,2025-02-13,2025-02-16
jateng.tribunnews.com,Page,N/A,N/A,jateng.tribunnews.com/2018/02/10/weleh-pengen-punya-buah-dada-seksi-gadis-cantik-rusia-ini-malah-jadi-kotak-lihat-fotonya,No,Adult: Sexual content,Restricted ad serving,ca-pub-7784034061253020,54,2025-02-12,2025-02-16
jambi.tribunnews.com,Page,N/A,N/A,jambi.tribunnews.com/2018/01/17/bintang-film-dewasa-jepang-umumkan-akan-menikah-penggemar-patah-hati,No,Adult: Sexual content,Restricted ad serving,ca-pub-7784034061253020,54,2025-02-11,2025-02-15
gayo.tribunnews.com,Page,N/A,N/A,gayo.tribunnews.com/2023/05/26/malam-pertama-ayah-mertua-masuk-ke-kamar-aku-ketakutan-ingin-pingsan-ternyata,No,Google-served ads obscuring content,Restricted ad serving,ca-pub-7784034061253020,54,2025-02-10,2025-02-16
bangka.tribunnews.com,Page,N/A,N/A,bangka.tribunnews.com/2017/09/07/5-fakta-adegan-film-porno-awalnya-bikin-kagum,No,Adult: Sexual content,Restricted ad serving,ca-pub-7784034061253020,54,2025-02-10,2025-02-16
www.tribunnews.com,Page,N/A,N/A,www.tribunnews.com/kesehatan/2017/04/17/meraih-orgasme-bersamaan-itu-nikmat-banget-anda-perlu-tahu-triknya,No,Adult: Sexual content,Restricted ad serving,ca-pub-7784034061253020,53,2025-02-11,2025-02-14
wartakota.tribunnews.com,Page,N/A,N/A,wartakota.tribunnews.com/2024/02/26/pengobatan-alternatif-mak-erot-diminati-dari-kalangan-pejabat-hingga-artis-hanya-pakai-rempah,No,Google-served ads obscuring content,Restricted ad serving,ca-pub-7784034061253020,53,2025-02-10,2025-02-14
wartakota.tribunnews.com,Page,N/A,N/A,wartakota.tribunnews.com/2022/11/09/link-video-porno-di-atas-sofa-viral-polisi-pastikan-pemeran-bukan-selebgram-asal-bali,No,Adult: Sexual content,Restricted ad serving,ca-pub-7784034061253020,53,2025-02-14,2025-02-14
pontianak.tribunnews.com,Page,N/A,N/A,pontianak.tribunnews.com/2021/09/30/gejala-kanker-usus-stadium-awal-kenali-ciri-ciri-kanker-usus-dan-penyebab-kanker-usus?page=all,No,Shocking content,Restricted ad serving,ca-pub-7784034061253020,53,2025-02-15,2025-02-15
pontianak.tribunnews.com,Page,N/A,N/A,pontianak.tribunnews.com/2017/10/21/payudara-terasa-sakit-saat-menstruasi-ini-solusinya,No,Adult: Sexual content,Restricted ad serving,ca-pub-7784034061253020,53,2025-02-10,2025-02-15
pekanbaru.tribunnews.com,Page,N/A,N/A,pekanbaru.tribunnews.com/2023/04/13/anysahaju-viral-ini-biodata-seleb-tiktok-dan-selebgram-cantik-asal-padang-itu,No,Adult: Sexual content,Restricted ad serving,ca-pub-7784034061253020,53,2025-02-15,2025-02-15
palembang.tribunnews.com,Page,N/A,N/A,palembang.tribunnews.com/2018/04/08/9-fakta-tentang-sperma-yang-tak-diketahui-banyak-pria-begini-bentuk-sperma-yang-sehat,No,Adult: Sexual content,Restricted ad serving,ca-pub-7784034061253020,53,2025-02-15,2025-02-15
makassar.tribunnews.com,Page,N/A,N/A,makassar.tribunnews.com/2020/07/09/nonton-film-online-tanpa-iklan-di-29-aplikasi-dan-link-ini-film-dewasa-film-anak-bisa-download,Yes,Ads Disguised as Content,Restricted ad serving,ca-pub-7784034061253020,53,2025-02-10,2025-02-14
belitung.tribunnews.com,Page,N/A,N/A,belitung.tribunnews.com/2019/04/17/6-negara-ini-tak-ada-pemilu-hanya-satu-partai-dan-semua-rakyat-tunduk-setia-kepada-pemerintah,Yes,Encouraging accidental clicks: Layout;Google-served ads obscuring content,Restricted ad serving,ca-pub-7784034061253020,53,2025-02-10,2025-02-15
bangka.tribunnews.com,Page,N/A,N/A,bangka.tribunnews.com/2017/07/26/pria-ini-tolak-saat-diminta-pegang-paha-wanita-tapi-tak-kuasa-saat-diperlihatkan-benda-ini,No,Shocking content,Restricted ad serving,ca-pub-7784034061253020,53,2025-02-12,2025-02-15
www.tribunnews.com,Page,N/A,N/A,www.tribunnews.com/regional/2025/02/14/ciri-ciri-pria-korban-mutilasi-di-jombang-bagian-tubuh-ditemukan-di-2-lokasi?page=2,No,Shocking content,Restricted ad serving,ca-pub-7784034061253020,52,2025-02-14,2025-02-14
www.tribunnews.com,Page,N/A,N/A,www.tribunnews.com/pendidikan/2022/01/05/kehidupan-sosial-masyarakat-indonesia-pada-masa-praaksara-berburu-bercocok-tanam-dan-perundagian?page=2,Yes,Encouraging accidental clicks: Layout,Restricted ad serving,ca-pub-7784034061253020,52,2025-02-12,2025-02-16
wartakota.tribunnews.com,Page,N/A,N/A,wartakota.tribunnews.com/2014/08/20/wanita-30-tahun-paling-hot-di-atas-ranjang,No,Adult: Sexual content,Restricted ad serving,ca-pub-7784034061253020,52,2025-02-11,2025-02-15
surabaya.tribunnews.com,Page,N/A,N/A,surabaya.tribunnews.com/index.php/2013/02/21/15-tahun-bintangi-1000-film-porno,No,Adult: Sexual content,Restricted ad serving,ca-pub-7784034061253020,52,2025-02-14,2025-02-14
medan.tribunnews.com,Page,N/A,N/A,medan.tribunnews.com/2025/01/22/cekcok-mulut-di-warung-tuak-dimhot-sitinjak-bantai-pria-semarganya-sampai-tewas-bersimbah-darah,No,Shocking content,Restricted ad serving,ca-pub-7784034061253020,52,2025-02-10,2025-02-14
makassar.tribunnews.com,Page,N/A,N/A,makassar.tribunnews.com/2019/11/13/mia-khalifa-pensiun-dari-film-dewasa-tak-sabar-segera-menikah-jawab-isu-soal-kehamilan,No,Adult: Sexual content,Restricted ad serving,ca-pub-7784034061253020,52,2025-02-10,2025-02-15
jateng.tribunnews.com,Page,N/A,N/A,jateng.tribunnews.com/2018/02/03/ngeri-wanita-ini-diberi-obat-perangsang-oleh-pacarnya-efeknya-sungguh-mengerikan?page=3,No,Adult: Sexual content,Restricted ad serving,ca-pub-7784034061253020,52,2025-02-15,2025-02-15
bekasi.tribunnews.com,Page,N/A,N/A,bekasi.tribunnews.com/2022/07/27/film-film-semi-korea-ini-paling-laris-ditonton-pasangan-muda-baru-menikah-apa-saja-ini-daftarnya,Yes,Ads Disguised as Content,Restricted ad serving,ca-pub-7784034061253020,52,2025-02-10,2025-02-14
bangka.tribunnews.com,Page,N/A,N/A,bangka.tribunnews.com/2017/09/28/statistik-mengejutkan-seks-mulai-dari-usia-rata-rata-kehilangan-keperawanan-hingga-minimnya-klimaks,No,Adult: Sexual content;Shocking content,Restricted ad serving,ca-pub-7784034061253020,52,2025-02-15,2025-02-15
bali.tribunnews.com,Page,N/A,N/A,bali.tribunnews.com/2020/01/02/ini-daftar-harga-rokok-di-denpasar-saat-ini-beberapa-merk-alami-kenaikan-harga-sebelum-tahun-baru,No,Tobacco,Restricted ad serving,ca-pub-7784034061253020,52,2025-02-10,2025-02-16
bali.tribunnews.com,Page,N/A,N/A,bali.tribunnews.com/2017/11/17/mengapa-saya-tidak-sepakat-dengan-prof-rhenald-kasali?page=4,No,Adult: Sexual content,Restricted ad serving,ca-pub-7784034061253020,52,2025-02-14,2025-02-14
aceh.tribunnews.com,Page,N/A,N/A,aceh.tribunnews.com/2022/12/10/ternyata-ini-4-penyebab-hawa-nafsu-pria-sulit-dikontrol-seksolog-dr-boyke-ungkap-cara-mengatasinya,No,Adult: Sexual content,Restricted ad serving,ca-pub-7784034061253020,52,2025-02-14,2025-02-14
pekanbaru.tribunnews.com,Page,N/A,N/A,pekanbaru.tribunnews.com/2021/08/16/trend-sexxxxyyyy-bokeh-bokeh-museum-video-download-berikut-aplikasi-video-bokeh-2021-terbaru,No,Adult: Sexual content,Restricted ad serving,ca-pub-7784034061253020,51,2025-02-16,2025-02-16
kupang.tribunnews.com,Page,N/A,N/A,kupang.tribunnews.com/2016/09/27/ssstt-lupa-matikan-kamera-video-gamer-cantik-ini-ketahuan-sedang-asik-sendiri,No,Shocking content,Restricted ad serving,ca-pub-7784034061253020,51,2025-02-10,2025-02-16
jateng.tribunnews.com,Page,N/A,N/A,jateng.tribunnews.com/2021/08/04/arti-mimpi-menolong-orang-melahirkan-salah-satunya-bermakna-akan-mendapat-tambahan-penghasilan,Yes,Encouraging accidental clicks: Layout;Google-served ads obscuring content,Restricted ad serving,ca-pub-7784034061253020,51,2025-02-10,2025-02-15
jateng.tribunnews.com,Page,N/A,N/A,jateng.tribunnews.com/2016/05/02/inilah-9-wanita-berparas-cantik-namun-memilih-karier-sebagai-bintang-film-porno?page=all,No,Adult: Sexual content,Restricted ad serving,ca-pub-7784034061253020,51,2025-02-14,2025-02-14
jakarta.tribunnews.com,Page,N/A,N/A,jakarta.tribunnews.com/tag/jalan-raya-narogong,No,Shocking content,Restricted ad serving,ca-pub-7784034061253020,51,2025-02-15,2025-02-15
belitung.tribunnews.com,Page,N/A,N/A,belitung.tribunnews.com/2020/11/09/rahasia-kakek-sugiono-tangguh-di-ranjang-makan-menu-ini-bikin-aktris-film-hot-jepang-kewalahan,No,Adult: Sexual content,Restricted ad serving,ca-pub-7784034061253020,51,2025-02-15,2025-02-15
belitung.tribunnews.com,Page,N/A,N/A,belitung.tribunnews.com/2017/04/20/video-viral-pria-ini-pegang-tekan-tekan-hingga-guncangkan-dada-tapi-wanitanya-pasrah,No,Shocking content,Restricted ad serving,ca-pub-7784034061253020,51,2025-02-10,2025-02-16
bangka.tribunnews.com,Page,N/A,N/A,bangka.tribunnews.com/tag/harga-cabai,Yes,Google-served ads on screens without publisher-content,Restricted ad serving,ca-pub-7784034061253020,51,2025-02-10,2025-02-15
bali.tribunnews.com,Page,N/A,N/A,bali.tribunnews.com/2018/04/09/kencan-dengan-pria-di-atas-50-tahun-ada-8-saran-dari-seorang-penulis-lisa-copeland,Yes,Ads Disguised as Content,Restricted ad serving,ca-pub-7784034061253020,51,2025-02-10,2025-02-14
www.tribunnews.com,Page,N/A,N/A,www.tribunnews.com/regional/2017/10/11/empat-hotel-ini-jadi-lokasi-bisnis-esek-esek-di-medan,No,Adult: Sexual content,Restricted ad serving,ca-pub-7784034061253020,50,2025-02-10,2025-02-14
www.tribunnews.com,Page,N/A,N/A,www.tribunnews.com/kesehatan/2016/02/07/tiga-posisi-bercinta-yang-bikin-suami-merem-melek-bahagia-dan-kian-mesra,No,Adult: Sexual content,Restricted ad serving,ca-pub-7784034061253020,50,2025-02-10,2025-02-15
video.tribunnews.com,Page,N/A,N/A,video.tribunnews.com/view/106764/coba-perkosa-istri-temannya-berulang-kali-seorang-pria-tewas-dibunuh-ini-kronologinya,No,Shocking content,Restricted ad serving,ca-pub-7784034061253020,50,2025-02-10,2025-02-16
pontianak.tribunnews.com,Page,N/A,N/A,pontianak.tribunnews.com/2018/01/28/inilah-7-ciri-wanita-kecanduan-masturbasi-7-persen-cewek-melakukannya-setiap-hari?page=all,No,Adult: Sexual content,Restricted ad serving,ca-pub-7784034061253020,50,2025-02-14,2025-02-15
pekanbaru.tribunnews.com,Page,N/A,N/A,pekanbaru.tribunnews.com/2018/01/21/pamer-paha-mulus-di-medsos-8-artis-ini-bikin-para-cowok-tak-berkedip-siapa-saja,No,Adult: Sexual content,Restricted ad serving,ca-pub-7784034061253020,50,2025-02-12,2025-02-15
manado.tribunnews.com,Page,N/A,N/A,manado.tribunnews.com/404,Yes,Google-served ads on screens without publisher-content,Restricted ad serving,ca-pub-7784034061253020,50,2025-02-11,2025-02-16
manado.tribunnews.com,Page,N/A,N/A,manado.tribunnews.com/2018/05/13/terbalik-ini-7-kasus-wanita-perkosa-pria?page=2,No,Adult: Sexual content,Restricted ad serving,ca-pub-7784034061253020,50,2025-02-12,2025-02-15
m.tribunnews.com,Page,N/A,N/A,m.tribunnews.com/internasional/2015/01/09/jangan-ditiru-orang-jepang-disarankan-bercinta-dulu-baru-menikah,No,Adult: Sexual content;Shocking content,Restricted ad serving,ca-pub-7784034061253020,50,2025-02-10,2025-02-15
lampung.tribunnews.com,Page,N/A,N/A,lampung.tribunnews.com/2015/12/22/video-benjolan-gede-di-kulit-kepala-ternyata-isinya-seperti-ini,Yes,Site Behavior: Navigation,Restricted ad serving,ca-pub-7784034061253020,50,2025-02-10,2025-02-16
jateng.tribunnews.com,Page,N/A,N/A,jateng.tribunnews.com/2017/01/09/usia-baru-7-tahun-ukuran-payudara-bocah-ini-bikin-heboh-ini-yang-terjadi-padanya?page=all,No,Adult: Sexual content,Restricted ad serving,ca-pub-7784034061253020,50,2025-02-13,2025-02-15
wartakota.tribunnews.com,Page,N/A,N/A,wartakota.tribunnews.com/2020/11/07/warganet-buru-link-video-full-gisel-di-telegram-disebut-pemersatu-bangsa-masih-trending-di-twitter,Yes,Ads Disguised as Content,Restricted ad serving,ca-pub-7784034061253020,49,2025-02-12,2025-02-14
wartakota.tribunnews.com,Page,N/A,N/A,wartakota.tribunnews.com/2014/05/18/hindari-11-hal-ini-kalau-mau-sukses-berhubungan-intim,No,Adult: Sexual content,Restricted ad serving,ca-pub-7784034061253020,49,2025-02-10,2025-02-14
medan.tribunnews.com,Page,N/A,N/A,medan.tribunnews.com/2013/02/11/mengapa-pria-suka-ekspresi-orgasme-anda,No,Adult: Sexual content,Restricted ad serving,ca-pub-7784034061253020,49,2025-02-10,2025-02-15
m.tribunnews.com,Page,N/A,N/A,m.tribunnews.com/regional/2017/11/14/perilaku-seks-aneh-pns-ini-sering-masukkan-terong-dan-timun-ke-anunya-istri,No,Adult: Sexual content,Restricted ad serving,ca-pub-7784034061253020,49,2025-02-11,2025-02-15
m.tribunnews.com,Page,N/A,N/A,m.tribunnews.com/nasional/2020/12/26/cara-cek-nama-siswa-penerima-program-indonesia-pintar-pip-2020-via-pipkemdikbudgoid,Yes,Unnatural attention to ads,Restricted ad serving,ca-pub-7784034061253020,49,2025-02-11,2025-02-14
lampung.tribunnews.com,Page,N/A,N/A,lampung.tribunnews.com/2017/12/15/nafa-urbach-buka-bukaan-gaya-bercinta-saat-pacaran-dan-malam-pertamanya,Yes,Ads Disguised as Content,Restricted ad serving,ca-pub-7784034061253020,49,2025-02-10,2025-02-15
jateng.tribunnews.com,Page,N/A,N/A,jateng.tribunnews.com/2017/02/11/kisah-kehidupan-seks-pemilik-penis-terbesar-dan-terpanjang-di-dunia-pacarnya-tak-sanggup?page=2,No,Adult: Sexual content,Restricted ad serving,ca-pub-7784034061253020,49,2025-02-10,2025-02-14
style.tribunnews.com,Page,N/A,N/A,style.tribunnews.com/2017/12/04/cowok-ini-maksa-minta-pacarnya-kirim-foto-dada-tapi-si-cewek-nggak-kehabisan-akal,Yes,Ads Disguised as Content,Restricted ad serving,ca-pub-7784034061253020,48,2025-02-10,2025-02-16
style.tribunnews.com,Page,N/A,N/A,style.tribunnews.com/2017/09/27/setelah-jadi-tersangka-kpk-video-mesum-yang-diduga-bupati-kukar-rita-widyasari-kini-beredar,No,Adult: Sexual content,Restricted ad serving,ca-pub-7784034061253020,48,2025-02-10,2025-02-15
style.tribunnews.com,Page,N/A,N/A,style.tribunnews.com/2017/08/23/ini-rahasia-tetap-cespleng-mendiang-kakek-sugiono-yang-membintangi-60-judul-film-dewasa,No,Adult: Sexual content,Restricted ad serving,ca-pub-7784034061253020,48,2025-02-10,2025-02-15
solo.tribunnews.com,Page,N/A,N/A,solo.tribunnews.com/2021/03/10/dijual-via-open-bo-gadis-solo-di-bawah-umur-dapat-rp-200-ribu-padahal-tarif-rp-500-ribu-per-kencan,No,Adult: Sexual content,Restricted ad serving,ca-pub-7784034061253020,48,2025-02-10,2025-02-15
makassar.tribunnews.com,Page,N/A,N/A,makassar.tribunnews.com/2017/12/16/beginilah-nasib-7-bintang-film-panas-jepang-saat-tobat-nomor-7-bikin-cara-sendiri-layani-fans?page=all,Yes,Site Behavior: Navigation,Restricted ad serving,ca-pub-7784034061253020,48,2025-02-14,2025-02-14
jambi.tribunnews.com,Page,N/A,N/A,jambi.tribunnews.com/2018/02/07/5-gaya-kamasutra-yang-praktis-ini-bikin-wanita-merem-melek-ketagihan-gerakannya-mudah,No,Adult: Sexual content,Restricted ad serving,ca-pub-7784034061253020,48,2025-02-11,2025-02-15
jambi.tribunnews.com,Page,N/A,N/A,jambi.tribunnews.com/2013/04/04/merasa-digoda-ibu-mertua-sampai-berfantasi-seks-harus-bagaimana,No,Adult: Sexual content,Restricted ad serving,ca-pub-7784034061253020,48,2025-02-11,2025-02-15
jakarta.tribunnews.com,Page,N/A,N/A,jakarta.tribunnews.com/2021/01/07/begini-cara-membuat-obat-kuat-berbahan-jahe-merah-dan-khasiat-tingkatkan-daya-tahan-tubuh,Yes,Ads Disguised as Content,Restricted ad serving,ca-pub-7784034061253020,48,2025-02-10,2025-02-15
bangka.tribunnews.com,Page,N/A,N/A,bangka.tribunnews.com/2020/03/05/tips-gerakan-senam-kegel-untuk-wanita-manfaatnya-bisa-bahagiakan-pasangan-anda?page=2,No,Adult: Sexual content,Restricted ad serving,ca-pub-7784034061253020,48,2025-02-11,2025-02-15
bangka.tribunnews.com,Page,N/A,N/A,bangka.tribunnews.com/2017/08/05/pakai-daleman-vibrator-ke-supermarket-begini-reaksi-wanita-ini-saat-kekasihnya-pencet-remote,No,Adult: Sexual content,Restricted ad serving,ca-pub-7784034061253020,48,2025-02-10,2025-02-15
aceh.tribunnews.com,Page,N/A,N/A,aceh.tribunnews.com/2022/04/20/nikahi-duda-anak-4-gadis-ini-langsung-menyesal-setelah-dengar-bisikan-suami-pada-malam-pertama,Yes,Ads Disguised as Content,Restricted ad serving,ca-pub-7784034061253020,48,2025-02-14,2025-02-15
pekanbaru.tribunnews.com,Page,N/A,N/A,pekanbaru.tribunnews.com/2021/07/16/lagi-trending-di-twitter-ceweksange-apa-arti-cewek-sange-arti-sange-dalam-bahasa-gaul,Yes,Content obscuring Google-served ads;Encouraging accidental clicks: Layout,Restricted ad serving,ca-pub-7784034061253020,47,2025-02-10,2025-02-15
manado.tribunnews.com,Page,N/A,N/A,manado.tribunnews.com/2016/03/02/video-doooooor-terekam-kamera-tembak-kepala-sendiri-darah-muncrat-ke-dinding,Yes,Ads Disguised as Content,Restricted ad serving,ca-pub-7784034061253020,47,2025-02-14,2025-02-14
belitung.tribunnews.com,Page,N/A,N/A,belitung.tribunnews.com/2018/02/11/punya-tanda-di-bawah-punggung-untuk-pria-dan-wanita-menandakan-anda-begini-di-ranjang,No,Adult: Sexual content,Restricted ad serving,ca-pub-7784034061253020,47,2025-02-10,2025-02-15
bangka.tribunnews.com,Page,N/A,N/A,bangka.tribunnews.com/2020/01/06/tips-latihan-dan-senam-kegel-bakal-buat-wanita-maksimal-dan-nyaman-di-ranjang-begini-caranya?page=2,No,Adult: Sexual content,Restricted ad serving,ca-pub-7784034061253020,47,2025-02-15,2025-02-15
bangka.tribunnews.com,Page,N/A,N/A,bangka.tribunnews.com/2018/01/09/main-film-porno-bareng-bocah-laki-laki-astaga-segini-bayaran-tante-intan-dan-imel?page=all,No,Adult: Sexual content,Restricted ad serving,ca-pub-7784034061253020,47,2025-02-11,2025-02-15
bali.tribunnews.com,Page,N/A,N/A,bali.tribunnews.com/2017/08/08/risiko-seks-oral-bukan-sipilis-dan-hiv-namun-malah-memicu-kanker-lidah-dan-mulut-bagaimana-bisa?page=2,No,Google-served ads obscuring content,Restricted ad serving,ca-pub-7784034061253020,47,2025-02-11,2025-02-16
aceh.tribunnews.com,Page,N/A,N/A,aceh.tribunnews.com/2022/11/06/video-viral-wanita-kebaya-merah-adegan-16-menit-tak-senonoh-dengan-pria-dalam-kamar-hotel,Yes,Ads Disguised as Content,Restricted ad serving,ca-pub-7784034061253020,47,2025-02-10,2025-02-15
www.tribunnewswiki.com,Page,N/A,N/A,www.tribunnewswiki.com/2019/12/28/3-skandal-cupi-cupita-baju-melorot-saat-manggung-hingga-video-syur-mirip-dirinya,No,Adult: Sexual content,Restricted ad serving,ca-pub-7784034061253020,46,2025-02-12,2025-02-16
www.tribunnews.com,Page,N/A,N/A,www.tribunnews.com/kesehatan/2016/04/01/tanda-tanda-istri-yang-pandai-memuaskan-suami-di-ranjang,No,Adult: Sexual content,Restricted ad serving,ca-pub-7784034061253020,46,2025-02-10,2025-02-15
wartakota.tribunnews.com,Page,N/A,N/A,wartakota.tribunnews.com/2020/11/07/link-download-video-full-gisel-viral-di-medsos-jadi-buruan-warganet-di-twitter-dan-telegram?page=3,Yes,Encouraging accidental clicks: Layout;Google-served ads obscuring content,Restricted ad serving,ca-pub-7784034061253020,46,2025-02-11,2025-02-14
medan.tribunnews.com,Page,N/A,N/A,medan.tribunnews.com/2021/04/15/fakta-tentang-nikita-mirzani-jebolan-pesantren-hingga-kuliah-jurusanhubungan-internasional,Yes,Encouraging accidental clicks: Layout;Google-served ads obscuring content,Restricted ad serving,ca-pub-7784034061253020,46,2025-02-13,2025-02-15
lampung.tribunnews.com,Page,N/A,N/A,lampung.tribunnews.com/2017/07/03/aktris-film-panas-ini-tewas-saat-lawan-30-pria,No,Adult: Sexual content,Restricted ad serving,ca-pub-7784034061253020,46,2025-02-10,2025-02-15
kupang.tribunnews.com,Page,N/A,N/A,kupang.tribunnews.com/2017/09/29/tak-ingin-umbar-tubuh-7-aktris-cantik-hollywood-ini-tolak-lakukan-adegan-telanjang-dalam-film,Yes,Site Behavior: Navigation,Restricted ad serving,ca-pub-7784034061253020,46,2025-02-10,2025-02-15
jambi.tribunnews.com,Page,N/A,N/A,jambi.tribunnews.com/2019/08/18/deretan-foto-30-gadis-jepang-ini-sangat-populer-berani-tampil-terbuka-hingga-tampak-bagian-dalam,No,Adult: Sexual content,Restricted ad serving,ca-pub-7784034061253020,46,2025-02-10,2025-02-16
jambi.tribunnews.com,Page,N/A,N/A,jambi.tribunnews.com/2019/03/31/ini-16-ciri-cewek-yang-gila-di-ranjang-seperti-bulu-tangan-lebat-kumis-tipis-kamu-yang-mana,Yes,Adult: Sexual content;Google-served ads on screens without publisher-content,Restricted ad serving,ca-pub-7784034061253020,46,2025-02-10,2025-02-15
bali.tribunnews.com,Page,N/A,N/A,bali.tribunnews.com/2016/10/12/video-model-dewasa-serliana-sebut-suka-posisi-di-bawah-lihat-lidahnya,No,Adult: Sexual content,Restricted ad serving,ca-pub-7784034061253020,46,2025-02-11,2025-02-16
www.tribunnews.com,Page,N/A,N/A,www.tribunnews.com/internasional/2018/03/05/artis-film-dewasa-jepang-tidak-masalah-menikah-dengan-orang-indonesia,No,Adult: Sexual content,Restricted ad serving,ca-pub-7784034061253020,45,2025-02-10,2025-02-15
style.tribunnews.com,Page,N/A,N/A,style.tribunnews.com/2016/08/22/gaya-masturbasi-pria-hayo-kamu-biasanya-pakai-style-yang-mana?page=1,No,Adult: Sexual content,Restricted ad serving,ca-pub-7784034061253020,45,2025-02-12,2025-02-15
pontianak.tribunnews.com,Page,N/A,N/A,pontianak.tribunnews.com/2018/02/12/kesepian-wanita-ini-ketergantungan-alat-bantu-seks-awalnya-geli-lalu-terasa-begini,No,Adult: Sexual content,Restricted ad serving,ca-pub-7784034061253020,45,2025-02-10,2025-02-14
pekanbaru.tribunnews.com,Page,N/A,N/A,pekanbaru.tribunnews.com/2023/07/04/tobrut-artinya-apa-dalam-bahasa-gaul-dan-link-video-viral-tobrut-beredar-di-twitter,No,Google-served ads obscuring content,Restricted ad serving,ca-pub-7784034061253020,45,2025-02-10,2025-02-15
palembang.tribunnews.com,Page,N/A,N/A,palembang.tribunnews.com/2018/01/17/bukan-cuma-olivia-artis-porno-jepang-ini-meninggal-lebih-tragis-dipaksa-adegan-intim-ini-ngeri?page=4,No,Adult: Sexual content,Restricted ad serving,ca-pub-7784034061253020,45,2025-02-10,2025-02-16
palembang.tribunnews.com,Page,N/A,N/A,palembang.tribunnews.com/2017/11/11/guru-cantik-ini-ngajar-sambil-live-bigo-dalam-kelas-guru-jaman-now-menggoda-banget,Yes,Site Behavior: Navigation,Restricted ad serving,ca-pub-7784034061253020,45,2025-02-12,2025-02-15
medan.tribunnews.com,Page,N/A,N/A,medan.tribunnews.com/2017/10/13/ciri-ciri-cewek-tak-perawan-bisa-terlihat-dari-mata-hidung-telapak-tangan?page=all,No,Shocking content,Restricted ad serving,ca-pub-7784034061253020,45,2025-02-15,2025-02-16
kupang.tribunnews.com,Page,N/A,N/A,kupang.tribunnews.com/2018/02/19/selain-ladyboy-thailand-punya-10-wanita-tomboy-yang-jadi-pria-ganteng,No,Shocking content,Restricted ad serving,ca-pub-7784034061253020,45,2025-02-11,2025-02-15
jambi.tribunnews.com,Page,N/A,N/A,jambi.tribunnews.com/2017/09/13/epin-tawarkan-layanan-3s-di-medsos-lengkap-foto-dan-tarif-yang-bikin-nganga-main-sama-istrinya,No,Adult: Sexual content,Restricted ad serving,ca-pub-7784034061253020,45,2025-02-10,2025-02-15
bangka.tribunnews.com,Page,N/A,N/A,bangka.tribunnews.com/2017/12/19/khusus-pria-ini-dia-7-artis-cantik-indonesia-dengan-payudara-terindah-2017,No,Adult: Sexual content,Restricted ad serving,ca-pub-7784034061253020,45,2025-02-11,2025-02-15
suryamalang.tribunnews.com,Page,N/A,N/A,suryamalang.tribunnews.com/2018/05/22/duh-guru-lamongan-ini-tega-nodai-siswi-kelas-6-sd,No,Adult: Sexual content,Restricted ad serving,ca-pub-7784034061253020,44,2025-02-13,2025-02-14
makassar.tribunnews.com,Page,N/A,N/A,makassar.tribunnews.com/2022/01/25/ingat-misskay-pemeran-video-61-detik-miripnagita-dulu-bisa-dibayar-murah-kini-kabarnya-beda,Yes,Ads Disguised as Content,Restricted ad serving,ca-pub-7784034061253020,44,2025-02-11,2025-02-15
makassar.tribunnews.com,Page,N/A,N/A,makassar.tribunnews.com/2017/11/08/viral-belum-kelar-skandal-hanna-annisa-muncul-video-hot-guru-di-ruang-kelas-tonton-di-sini,No,Adult: Sexual content,Restricted ad serving,ca-pub-7784034061253020,44,2025-02-10,2025-02-15
makassar.tribunnews.com,Page,N/A,N/A,makassar.tribunnews.com/2017/08/15/tarif-segini-tawarkan-pijat-plus-plus-via-whatsapp-6-mucikari-tak-berkutik,No,Adult: Sexual content,Restricted ad serving,ca-pub-7784034061253020,44,2025-02-10,2025-02-15
m.tribunnews.com,Page,N/A,N/A,m.tribunnews.com/kesehatan/2017/11/27/perempuan-juga-perlu-tahu-inilah-yang-dirasakan-suami-anda-ketika-orgasme,No,Adult: Sexual content,Restricted ad serving,ca-pub-7784034061253020,44,2025-02-15,2025-02-15
belitung.tribunnews.com,Page,N/A,N/A,belitung.tribunnews.com/2017/11/24/agresivitas-seksual-wanita-bisa-dilihat-dari-bentuk-bibirnya-bentuk-bibir-begini-agresif-di-ranjang,No,Adult: Sexual content,Restricted ad serving,ca-pub-7784034061253020,44,2025-02-10,2025-02-15
bangka.tribunnews.com,Page,N/A,N/A,bangka.tribunnews.com/2017/03/16/18-terapis-spa-layani-jasa-esek-esek-paket-khusus-threesome,No,Shocking content,Restricted ad serving,ca-pub-7784034061253020,44,2025-02-12,2025-02-15
bali.tribunnews.com,Page,N/A,N/A,bali.tribunnews.com/2016/12/17/idih-7-benda-ini-pernah-dipakai-jadi-pengganti-kondom-akibatnya-serem,No,Adult: Sexual content,Restricted ad serving,ca-pub-7784034061253020,44,2025-02-13,2025-02-15
wartakota.tribunnews.com,Page,N/A,N/A,wartakota.tribunnews.com/2015/05/21/sentuhlah-bagian-wanita-yang-satu-ini-buat-mereka-ketagihan,No,Adult: Sexual content,Restricted ad serving,ca-pub-7784034061253020,43,2025-02-10,2025-02-14
medan.tribunnews.com,Page,N/A,N/A,medan.tribunnews.com/2019/04/18/ibu-guru-bermaksud-kirim-foto-bugil-pada-kekasih-tapi-tak-sengaja-nyasar-ke-murid-dipecat-sekolah?page=all,No,Adult: Sexual content,Restricted ad serving,ca-pub-7784034061253020,43,2025-02-10,2025-02-14
medan.tribunnews.com,Page,N/A,N/A,medan.tribunnews.com/2016/10/29/yuk-lihat-foto-foto-empunya-payudara-terindah-ryoko-nakaoka,Yes,Site Behavior: Navigation,Restricted ad serving,ca-pub-7784034061253020,43,2025-02-10,2025-02-15
manado.tribunnews.com,Page,N/A,N/A,manado.tribunnews.com/2022/11/10/viral-video-dewasa-selebgram-bali-main-di-sofa-durasi-2-menit-14-detik-kini-terungkap-pemeran-asli,Yes,Ads Disguised as Content,Restricted ad serving,ca-pub-7784034061253020,43,2025-02-11,2025-02-15
makassar.tribunnews.com,Page,N/A,N/A,makassar.tribunnews.com/2020/07/10/37-pasangan-anak-smp-pesta-seks-di-hotel-petugas-temukan-barang-bukti-kondom-obat-kuat-miras,Yes,Ads Disguised as Content,Restricted ad serving,ca-pub-7784034061253020,43,2025-02-12,2025-02-16
lampung.tribunnews.com,Page,N/A,N/A,lampung.tribunnews.com/2018/01/05/beredar-video-porno-anak-sd-dengan-wanita-dewasa-sutradaranya-terdengar-beri-kode-ini,No,Adult: Sexual content,Restricted ad serving,ca-pub-7784034061253020,43,2025-02-12,2025-02-15
jogja.tribunnews.com,Page,N/A,N/A,jogja.tribunnews.com/2021/06/04/viral-video-pesta-seks-di-sebuah-villa-di-bali-pelaku-sengaja-unggah-lewat-tiktok,Yes,Ads Disguised as Content,Restricted ad serving,ca-pub-7784034061253020,43,2025-02-14,2025-02-15
jateng.tribunnews.com,Page,N/A,N/A,jateng.tribunnews.com/2021/12/08/heboh-siswi-smp-kirim-foto-tanpa-busana-sebagai-syarat-jadi-anggota-paskibra-ini-faktanya,Yes,Ads Disguised as Content,Restricted ad serving,ca-pub-7784034061253020,43,2025-02-10,2025-02-15
jateng.tribunnews.com,Page,N/A,N/A,jateng.tribunnews.com/2016/01/11/kenapa-alat-yang-dijuluki-cangkir-hisap-ini-bisa-membuat-wanita-terangsang-ini-penjelasannya,No,Adult: Sexual content,Restricted ad serving,ca-pub-7784034061253020,43,2025-02-12,2025-02-15
belitung.tribunnews.com,Page,N/A,N/A,belitung.tribunnews.com/2017/01/08/ternyata-ini-alasan-para-wanita-rela-umbar-aurat-di-bigo-live-ada-imbalannya,No,Shocking content,Restricted ad serving,ca-pub-7784034061253020,43,2025-02-10,2025-02-15
bangka.tribunnews.com,Page,N/A,N/A,bangka.tribunnews.com/2018/04/07/kisah-pedagang-pakai-penglaris-awalnya-pembeli-jadi-ramai-lalu-selanjutnya-begini,No,Shocking content,Restricted ad serving,ca-pub-7784034061253020,43,2025-02-10,2025-02-14
bangka.tribunnews.com,Page,N/A,N/A,bangka.tribunnews.com/2016/05/01/ssst-inilah-ciri-ciri-orang-yang-kecanduan-onani,No,Adult: Sexual content,Restricted ad serving,ca-pub-7784034061253020,43,2025-02-10,2025-02-15
www.tribunnews.com,Page,N/A,N/A,www.tribunnews.com/regional/2014/10/31/berbagi-foto-hot-dan-pengalaman-eksekusi-di-forum-online,No,Shocking content,Restricted ad serving,ca-pub-7784034061253020,42,2025-02-12,2025-02-16
www.tribunnews.com,Page,N/A,N/A,www.tribunnews.com/kesehatan/2014/12/13/bibir-miss-v-yang-bergelambir-picu-keputihan-ini-cara-mengatasinya,No,Adult: Sexual content,Restricted ad serving,ca-pub-7784034061253020,42,2025-02-10,2025-02-14
sumsel.tribunnews.com,Page,N/A,N/A,sumsel.tribunnews.com/2017/05/02/4-bintang-film-jav-sempat-bikin-heboh-indonesia-nomor-1-dan-2-paling-populer?page=2,Yes,Ads Disguised as Content,Restricted ad serving,ca-pub-7784034061253020,42,2025-02-11,2025-02-15
medan.tribunnews.com,Page,N/A,N/A,medan.tribunnews.com/2017/08/23/kisah-para-suami-takluk-di-ranjang-tak-sanggup-layani-istri-tiap-30-menit-10x-sehari-21x-sepekan?page=all,No,Adult: Sexual content,Restricted ad serving,ca-pub-7784034061253020,42,2025-02-11,2025-02-15
makassar.tribunnews.com,Page,N/A,N/A,makassar.tribunnews.com/2021/05/02/viralvideo-detik-detik-penusukan-istri-oleh-suaminya-kejadian-ternyata-di-kabupaten-bandung,Yes,Ads Disguised as Content,Restricted ad serving,ca-pub-7784034061253020,42,2025-02-10,2025-02-14
makassar.tribunnews.com,Page,N/A,N/A,makassar.tribunnews.com/2015/06/12/cewek-cantik-ini-ikuti-lomba-pamer-pusar-di-media-sosial-ini-foto-fotonya,No,Adult: Sexual content,Restricted ad serving,ca-pub-7784034061253020,42,2025-02-10,2025-02-15
kupang.tribunnews.com,Page,N/A,N/A,kupang.tribunnews.com/2019/06/30/ini-arti-mimpi-berhubungan-intim-sampai-orgasme,No,Adult: Sexual content,Restricted ad serving,ca-pub-7784034061253020,42,2025-02-10,2025-02-16
jogja.tribunnews.com,Page,N/A,N/A,jogja.tribunnews.com/2017/09/15/7-bintang-film-panas-jepang-ini-insaf-dan-memutuskan-pensiun-begini-kehidupan-mereka-sekarang,No,Adult: Sexual content,Restricted ad serving,ca-pub-7784034061253020,42,2025-02-10,2025-02-16
jabar.tribunnews.com,Page,N/A,N/A,jabar.tribunnews.com/2022/01/31/spesialis-ahli-pengobatan-alat-vital-tangerang-banten-terbaik-terpercaya-klinik-bpk-habdul-nun,No,Adult: Sexual content,Restricted ad serving,ca-pub-7784034061253020,42,2025-02-10,2025-02-15
bangka.tribunnews.com,Page,N/A,N/A,bangka.tribunnews.com/2018/06/12/sekilah-tentang-kabbalah-kitab-mistisisme-yahudi-yang-ramai-diperbincangkan,No,Google-served ads obscuring content,Restricted ad serving,ca-pub-7784034061253020,42,2025-02-12,2025-02-16
bangka.tribunnews.com,Page,N/A,N/A,bangka.tribunnews.com/2018/01/05/direkam-di-kota-bandung-video-porno-2-bocah-wanita-dewasa-ini-ternyata-berisi-adegan-threesome,No,Adult: Sexual content;Shocking content,Restricted ad serving,ca-pub-7784034061253020,42,2025-02-10,2025-02-16
bali.tribunnews.com,Page,N/A,N/A,bali.tribunnews.com/2017/02/18/jangan-gagal-fokus-area-pribadi-wanita-terlihat-bila-pakai-celana-dalam-ini,No,Adult: Sexual content,Restricted ad serving,ca-pub-7784034061253020,42,2025-02-12,2025-02-16
www.tribunnewswiki.com,Page,N/A,N/A,www.tribunnewswiki.com/2021/10/04/film-man-on-high-heels-2014,Yes,Content obscuring Google-served ads;Encouraging accidental clicks: Layout,Restricted ad serving,ca-pub-7784034061253020,41,2025-02-10,2025-02-15
www.tribunnews.com,Page,N/A,N/A,www.tribunnews.com/regional/2019/05/03/waria-di-tangerang-bunuh-pelanggannya-di-apartemen-hanya-gara-gara-minta-layanan-long-time,No,Adult: Sexual content,Restricted ad serving,ca-pub-7784034061253020,41,2025-02-11,2025-02-14
sumsel.tribunnews.com,Page,N/A,N/A,sumsel.tribunnews.com/2017/10/05/ternyata-bukan-hanya-bulat-saja-bentuk-bokong-tapi-ini-dia-macam-macam-jenisnya,No,Adult: Sexual content,Restricted ad serving,ca-pub-7784034061253020,41,2025-02-10,2025-02-15
pontianak.tribunnews.com,Page,N/A,N/A,pontianak.tribunnews.com/2017/11/06/6-ramuan-tradisional-bisa-besarkan-payudara-nomor-4-dari-bunga,No,Adult: Sexual content,Restricted ad serving,ca-pub-7784034061253020,41,2025-02-11,2025-02-15
medan.tribunnews.com,Page,N/A,N/A,medan.tribunnews.com/2022/09/27/terungkap-motif-pak-guru-ka-51-sebarkan-video-mesumnya-bareng-ibu-guru-li-41-ke-grup-wa-pgri,Yes,Ads Disguised as Content,Restricted ad serving,ca-pub-7784034061253020,41,2025-02-11,2025-02-14
manado.tribunnews.com,Page,N/A,N/A,manado.tribunnews.com/2015/08/07/getar-ponsel-picu-orgasme-gadis-ini-tersiksa?page=all,No,Adult: Sexual content,Restricted ad serving,ca-pub-7784034061253020,41,2025-02-11,2025-02-16
kupang.tribunnews.com,Page,N/A,N/A,kupang.tribunnews.com/2017/09/13/6-cara-membuat-wanita-terangsang-sentuh-pada-titik-titik-sensitif-ini-dan-bikin-doi-melayang,No,Adult: Sexual content,Restricted ad serving,ca-pub-7784034061253020,41,2025-02-15,2025-02-15
jabar.tribunnews.com,Page,N/A,N/A,jabar.tribunnews.com/2023/05/29/pengobatan-alat-vital-jember-aa-muchin-rumah-vitalitas-terbaik-dan-berpengalaman,No,Adult: Sexual content,Restricted ad serving,ca-pub-7784034061253020,41,2025-02-10,2025-02-15
bangka.tribunnews.com,Page,N/A,N/A,bangka.tribunnews.com/2021/02/09/tanda-tanda-wanita-sedang-birahi-dan-mau-diajak-berhubungan-intim-dr-aisah-dahlan-jelaskan-ini,Yes,Ads Disguised as Content,Restricted ad serving,ca-pub-7784034061253020,41,2025-02-11,2025-02-16
www.tribunnewswiki.com,Page,N/A,N/A,www.tribunnewswiki.com/2020/11/09/bikin-film-tak-senonoh-di-taman-nasional-4-bintang-film-dewasa-terancam-tuntutan-hukum?page=all,No,Google-served ads obscuring content,Restricted ad serving,ca-pub-7784034061253020,40,2025-02-10,2025-02-15
www.tribunnews.com,Page,N/A,N/A,www.tribunnews.com/section/2019/03/14/pembunuhan-sadis-jasad-gadis-16-tahun-ditemukan-dengan-wajah-dikuliti-dan-beberapa-organ-hilang,Yes,Ads Disguised as Content,Restricted ad serving,ca-pub-7784034061253020,40,2025-02-11,2025-02-15
www.tribunnews.com,Page,N/A,N/A,www.tribunnews.com/regional/2018/04/19/praktik-pijat-plus-plus-di-banjarmasin-pesan-pakai-hp-dijamin-aman-aparat-pun-kesulitan-mengusut,No,Adult: Sexual content,Restricted ad serving,ca-pub-7784034061253020,40,2025-02-10,2025-02-15
wartakota.tribunnews.com,Page,N/A,N/A,wartakota.tribunnews.com/2020/04/16/suami-jual-istri-di-twittersaya-nggak-tahu-kenapa-suka-lihat-istri-bercinta-sama-pria-lain,No,Shocking content,Restricted ad serving,ca-pub-7784034061253020,40,2025-02-10,2025-02-15
travel.tribunnews.com,Page,N/A,N/A,travel.tribunnews.com/2017/04/17/10-pramugari-hot-ini-bikin-nelen-ludah-dari-pakai-bikini-hingga-gaun-pesta-no-6-ada-di-indonesia,No,Adult: Sexual content,Restricted ad serving,ca-pub-7784034061253020,40,2025-02-10,2025-02-14
medan.tribunnews.com,Page,N/A,N/A,medan.tribunnews.com/2021/05/07/anak-9-tahun-alami-pendarahan-parah-di-kepala-usai-dijambak-gurutengkorak-dan-kulit-kepala-terpisah,Yes,Ads Disguised as Content;Shocking content,Restricted ad serving,ca-pub-7784034061253020,40,2025-02-10,2025-02-14
medan.tribunnews.com,Page,N/A,N/A,medan.tribunnews.com/2015/08/02/inilah-bukti-sejarah-kekejaman-kolonialisme-jepang-di-asia,No,Shocking content,Restricted ad serving,ca-pub-7784034061253020,40,2025-02-11,2025-02-15
makassar.tribunnews.com,Page,N/A,N/A,makassar.tribunnews.com/2019/09/29/pengakuan-2-remaja-awal-mula-berhubungan-badan-dengan-ibu-kandung-abis-mandi-ibu-ngajak-ke-kamar,No,Adult: Sexual content,Restricted ad serving,ca-pub-7784034061253020,40,2025-02-12,2025-02-14
m.tribunnews.com,Page,N/A,N/A,m.tribunnews.com/seleb/2010/06/09/video-mesum-mirip-ariel-dan-aura-kasih-di-youtube-ternyata,No,Shocking content,Restricted ad serving,ca-pub-7784034061253020,40,2025-02-10,2025-02-15
lampung.tribunnews.com,Page,N/A,N/A,lampung.tribunnews.com/2022/01/23/sosok-miss-kay-pemeran-video-syur-mirip-nagita-slavina-populer-di-kalangan-pria-sejak-lama,Yes,Ads Disguised as Content,Restricted ad serving,ca-pub-7784034061253020,40,2025-02-10,2025-02-16
kaltim.tribunnews.com,Page,N/A,N/A,kaltim.tribunnews.com/2016/02/12/banyak-abg-beli-kondom-petugas-apotek-sungkan-tanya-buat-apa,No,Adult: Sexual content,Restricted ad serving,ca-pub-7784034061253020,40,2025-02-14,2025-02-16
bogor.tribunnews.com,Page,N/A,N/A,bogor.tribunnews.com/2016/11/08/begini-cara-mendapatkan-mimpi-basah-yang-dasyat-no-5-paling-mudah,No,Adult: Sexual content,Restricted ad serving,ca-pub-7784034061253020,40,2025-02-13,2025-02-16
batam.tribunnews.com,Page,N/A,N/A,batam.tribunnews.com/2020/09/22/4-pemuda-bikin-mabuk-gadis-15-tahun-korban-kemudian-digilir-hingga-pagi?page=all,Yes,Google-served ads obscuring content;Modified Javascript: Ads by Google size,Restricted ad serving,ca-pub-7784034061253020,40,2025-02-13,2025-02-15
bali.tribunnews.com,Page,N/A,N/A,bali.tribunnews.com/2018/04/06/bagi-pasutri-lontar-rahasya-sanggama-ungkap-ramuan-yang-mampu-buat-pasangan-klimaks,No,Adult: Sexual content,Restricted ad serving,ca-pub-7784034061253020,40,2025-02-11,2025-02-16
www.tribunnewswiki.com,Page,N/A,N/A,www.tribunnewswiki.com/2020/09/30/celana-dalam-hilang-misterius-ternyata-dibuang-di-pekarangan-hingga-di-atap-dalam-keadaan-kotor,Yes,Encouraging accidental clicks: Layout;Google-served ads obscuring content,Restricted ad serving,ca-pub-7784034061253020,39,2025-02-13,2025-02-16
www.tribunnews.com,Page,N/A,N/A,www.tribunnews.com/regional/2018/02/12/katanya-alat-bantu-seks-seperti-ini-bikin-kaum-hawa-bisa-klimaks-berkali-kali,No,Adult: Sexual content,Restricted ad serving,ca-pub-7784034061253020,39,2025-02-10,2025-02-15
www.tribunnews.com,Page,N/A,N/A,www.tribunnews.com/internasional/2017/08/10/10-negara-terkenal-dengan-destinasi-wisata-seksual-nomor-4-bikin-gigit-jari,No,Shocking content,Restricted ad serving,ca-pub-7784034061253020,39,2025-02-11,2025-02-14
wartakota.tribunnews.com,Page,N/A,N/A,wartakota.tribunnews.com/2019/11/17/menteri-kesehatan-mengeluh-ukuran-kondom-impor-buatan-cina-terlalu-kecil-ini-pernyataan-lengkapnya,No,Adult: Sexual content,Restricted ad serving,ca-pub-7784034061253020,39,2025-02-11,2025-02-16
palembang.tribunnews.com,Page,N/A,N/A,palembang.tribunnews.com/2017/04/13/6-aplikasi-ini-tingkatkan-kualitas-bercinta-kembali-bersemangat,No,Adult: Sexual content,Restricted ad serving,ca-pub-7784034061253020,39,2025-02-10,2025-02-14
m.tribunnews.com,Page,N/A,N/A,m.tribunnews.com/lifestyle/2017/12/19/11-negara-dengan-pria-tampan-dan-wanita-cantik-di-dunia-indonesia-masuk-nggak-ya,Yes,Site Behavior: Navigation,Restricted ad serving,ca-pub-7784034061253020,39,2025-02-10,2025-02-14
jatim.tribunnews.com,Page,N/A,N/A,jatim.tribunnews.com/2023/02/08/arti-kata-fwb-alias-friends-with-benefits-istilah-gaul-anak-muda-ketahui-keuntungannya-di-sini,No,Google-served ads obscuring content,Restricted ad serving,ca-pub-7784034061253020,39,2025-02-11,2025-02-15
jakarta.tribunnews.com,Page,N/A,N/A,jakarta.tribunnews.com/tag/video-call-sex,No,Adult: Sexual content,Restricted ad serving,ca-pub-7784034061253020,39,2025-02-10,2025-02-15
jabar.tribunnews.com,Page,N/A,N/A,jabar.tribunnews.com/2017/09/06/terungkap-inilah-warga-indonesia-pertama-yang-jadi-bintang-film-dewasa-di-jepang,No,Adult: Sexual content,Restricted ad serving,ca-pub-7784034061253020,39,2025-02-12,2025-02-16
bogor.tribunnews.com,Page,N/A,N/A,bogor.tribunnews.com/2017/07/29/tersebar-video-bayi-disiksa-ibu-kandung-sampai-kulitnya-begini-alasannya-bikin-miris,Yes,Ads Disguised as Content,Restricted ad serving,ca-pub-7784034061253020,39,2025-02-13,2025-02-14
bangka.tribunnews.com,Page,N/A,N/A,bangka.tribunnews.com/2016/09/11/video-inilah-wajah-gigolo-imigran-langganan-tante-tante-girang,Yes,Site Behavior: Navigation,Restricted ad serving,ca-pub-7784034061253020,39,2025-02-10,2025-02-15
aceh.tribunnews.com,Page,N/A,N/A,aceh.tribunnews.com/2021/05/27/video-istri-dipijat-laki-laki-lain-di-dalam-rumah-suami-gelap-mata-bacok-istri,Yes,Ads Disguised as Content,Restricted ad serving,ca-pub-7784034061253020;ca-video-pub-7784034061253020,39,2025-02-11,2025-02-16
www.tribunnews.com,Page,N/A,N/A,www.tribunnews.com/internasional/2017/01/22/pria-pemilik-organ-intim-terpanjang-dan-terbesar-ini-mengaku-tersiksa,No,Shocking content,Restricted ad serving,ca-pub-7784034061253020,38,2025-02-10,2025-02-15
surabaya.tribunnews.com,Page,N/A,N/A,surabaya.tribunnews.com/2019/07/12/4-fakta-kakak-adik-kandung-berhubungan-badan-hingga-si-adik-hamil-8-bulan-di-lampung-utara?page=all,No,Google-served ads obscuring content,Restricted ad serving,ca-pub-7784034061253020,38,2025-02-14,2025-02-14
pekanbaru.tribunnews.com,Page,N/A,N/A,pekanbaru.tribunnews.com/2021/08/30/seleb-tiktok-aceh-mia-khalifa-punya-dada-jumbo-ternyata-balon-berikut-fakta-fakta-miftahul-husna,Yes,Encouraging accidental clicks: Layout;Google-served ads obscuring content,Restricted ad serving,ca-pub-7784034061253020,38,2025-02-12,2025-02-16
medan.tribunnews.com,Page,N/A,N/A,medan.tribunnews.com/2017/12/03/suami-istri-ini-berhubungan-intim-tiap-hari-selama-setahun-inilah-yang-terjadi,No,Adult: Sexual content,Restricted ad serving,ca-pub-7784034061253020,38,2025-02-10,2025-02-16
medan.tribunnews.com,Page,N/A,N/A,medan.tribunnews.com/2017/05/21/kisah-intim-nia-nikmat-membawa-sengsara-imbas-ladeni-penis-jumbo-suami,No,Adult: Sexual content,Restricted ad serving,ca-pub-7784034061253020,38,2025-02-10,2025-02-16
medan.tribunnews.com,Page,N/A,N/A,medan.tribunnews.com/2017/04/18/wanita-ini-minta-maaf-tanpa-busana-dan-dikerumuni-warga-diduga-tertangkap-basah-selingkuh?page=all,No,Adult: Sexual content,Restricted ad serving,ca-pub-7784034061253020,38,2025-02-16,2025-02-16
manado.tribunnews.com,Page,N/A,N/A,manado.tribunnews.com/2019/09/20/viral-2-video-mesum-pns-di-dalam-mobil-identitasnya-terungkap-jago-bahasa-inggris,No,Adult: Sexual content;Shocking content,Restricted ad serving,ca-pub-7784034061253020,38,2025-02-11,2025-02-14
makassar.tribunnews.com,Page,N/A,N/A,makassar.tribunnews.com/2017/06/24/video-astaga-tak-pakai-cd-artis-korea-ini-tak-sadar-anunya-kelihatan-saat-manggung,No,Adult: Sexual content,Restricted ad serving,ca-pub-7784034061253020,38,2025-02-11,2025-02-15
makassar.tribunnews.com,Page,N/A,N/A,makassar.tribunnews.com/2015/10/12/tanda-tanda-wanita-digauli-jin-termasuk-mimpi-ular-dan-susah-tidur,No,Adult: Sexual content,Restricted ad serving,ca-pub-7784034061253020,38,2025-02-13,2025-02-16
lampung.tribunnews.com,Page,N/A,N/A,lampung.tribunnews.com/2018/01/06/viral-video-mesum-bocah-dengan-tante-ada-hubungan-antara-adegan-panas-dengan-playstation,Yes,Ads Disguised as Content,Restricted ad serving,ca-pub-7784034061253020,38,2025-02-13,2025-02-14
kupang.tribunnews.com,Page,N/A,N/A,kupang.tribunnews.com/2021/02/11/tersebar-link-dan-video-14-detik-wanita-tanpa-busanagrup-telegram-gabriella-larasati-bermunculan,Yes,Ads Disguised as Content,Restricted ad serving,ca-pub-7784034061253020,38,2025-02-10,2025-02-15
jateng.tribunnews.com,Page,N/A,N/A,jateng.tribunnews.com/2017/02/11/kisah-kehidupan-seks-pemilik-penis-terbesar-dan-terpanjang-di-dunia-pacarnya-tak-sanggup?page=3,No,Adult: Sexual content,Restricted ad serving,ca-pub-7784034061253020,38,2025-02-11,2025-02-14
bangka.tribunnews.com,Page,N/A,N/A,bangka.tribunnews.com/2021/11/19/cerita-2-psk-kerja-di-warung-ngaku-capek-layani-pria-hingga-tak-sengaja-main-dengan-tetangga,Yes,Encouraging accidental clicks: Layout;Google-served ads obscuring content,Restricted ad serving,ca-pub-7784034061253020,38,2025-02-10,2025-02-16
bangka.tribunnews.com,Page,N/A,N/A,bangka.tribunnews.com/2018/09/17/cara-mudah-agar-tekanan-darah-tinggi-dan-sakit-kepala-reda-tekan-5-titik-pada-tubuh-ini,No,Shocking content,Restricted ad serving,ca-pub-7784034061253020,38,2025-02-10,2025-02-14
www.tribunnews.com,Page,N/A,N/A,www.tribunnews.com/kesehatan/2018/01/06/video-mesum-2-bocah-dengan-seorang-tante-beredar-inilah-dampak-menyeramkan-eksploitasi-seksual-dini,No,Adult: Sexual content,Restricted ad serving,ca-pub-7784034061253020,37,2025-02-10,2025-02-16
surabaya.tribunnews.com,Page,N/A,N/A,surabaya.tribunnews.com/tag/lamongan,No,Adult: Sexual content,Restricted ad serving,ca-pub-7784034061253020,37,2025-02-10,2025-02-15
sultra.tribunnews.com,Page,N/A,N/A,sultra.tribunnews.com/2022/10/31/link-video-viral-di-artis-lombok-masih-dicari-vcs-sambil-ngangkang-di-ranjang-monyongkan-bibir,Yes,Ads Disguised as Content,Restricted ad serving,ca-pub-7784034061253020,37,2025-02-10,2025-02-15
pekanbaru.tribunnews.com,Page,N/A,N/A,pekanbaru.tribunnews.com/2021/09/23/sugar-mommy-adalah-simak-ini-arti-sugar-mommy-atau-sugar-mommy-artinya-dalam-bahasa-gaul,Yes,Encouraging accidental clicks: Layout;Google-served ads obscuring content,Restricted ad serving,ca-pub-7784034061253020,37,2025-02-10,2025-02-15
pekanbaru.tribunnews.com,Page,N/A,N/A,pekanbaru.tribunnews.com/2021/03/31/yuk-nonton-nonton-film-secret-in-bed-with-my-boss-sub-indo-full-movie-download-film-romantis-2020,Yes,Ads Disguised as Content,Restricted ad serving,ca-pub-7784034061253020,37,2025-02-10,2025-02-16
makassar.tribunnews.com,Page,N/A,N/A,makassar.tribunnews.com/2023/12/06/pria-viral-pegang-itunya-saat-lihat-ibu-ibu-nyapu-di-makassar-diburu-polisi,No,Google-served ads obscuring content,Restricted ad serving,ca-pub-7784034061253020,37,2025-02-15,2025-02-16
lampung.tribunnews.com,Page,N/A,N/A,lampung.tribunnews.com/2016/06/20/kenapa-kita-bisa-mimpi-basah-dengan-musuh-ini-penjelasannya,No,Adult: Sexual content,Restricted ad serving,ca-pub-7784034061253020,37,2025-02-12,2025-02-15
jateng.tribunnews.com,Page,N/A,N/A,jateng.tribunnews.com/2017/11/24/mau-bikin-suami-klepek-klepek-di-ranjang-lakukan-di-4-area-sensitif-ini,No,Adult: Sexual content,Restricted ad serving,ca-pub-7784034061253020,37,2025-02-11,2025-02-16
jateng.tribunnews.com,Page,N/A,N/A,jateng.tribunnews.com/2016/05/23/hasil-riset-inilah-daftar-pria-pemilik-ukuran-rata-rat-alat-vital-terbesar-di-dunia,No,Adult: Sexual content,Restricted ad serving,ca-pub-7784034061253020,37,2025-02-11,2025-02-14
jateng.tribunnews.com,Page,N/A,N/A,jateng.tribunnews.com/2015/11/01/adinda-obati-kista-menggunakan-daun-sirih-dan-sirsak,No,Shocking content,Restricted ad serving,ca-pub-7784034061253020,37,2025-02-10,2025-02-16
jambi.tribunnews.com,Page,N/A,N/A,jambi.tribunnews.com/2019/11/14/kagetnya-pria-hidung-belang-ini-pesan-psk-online-rp700an-ternyata-sang-pacar-yang-datang-ke-hotel,No,Adult: Sexual content,Restricted ad serving,ca-pub-7784034061253020,37,2025-02-15,2025-02-16
jambi.tribunnews.com,Page,N/A,N/A,jambi.tribunnews.com/2018/04/30/5-gaya-bercinta-paling-populer-di-dalam-kitab-kamasutra-wanita-paling-senang,No,Adult: Sexual content,Restricted ad serving,ca-pub-7784034061253020,37,2025-02-11,2025-02-14
jambi.tribunnews.com,Page,N/A,N/A,jambi.tribunnews.com/2018/01/18/dari-bentuk-puting-susu-bisa-diketahui-kepribadian-seorang-wanita,No,Adult: Sexual content,Restricted ad serving,ca-pub-7784034061253020,37,2025-02-11,2025-02-15
jambi.tribunnews.com,Page,N/A,N/A,jambi.tribunnews.com/2017/09/16/mengejutkan-bintang-film-porno-satu-ini-kesulitan-ereksi-mau-tahu-penyebabnya,No,Adult: Sexual content,Restricted ad serving,ca-pub-7784034061253020,37,2025-02-11,2025-02-16
jabar.tribunnews.com,Page,N/A,N/A,jabar.tribunnews.com/2015/07/12/waktu-yang-tepat-untuk-mendapatkan-keturunan-menurut,No,Adult: Sexual content,Restricted ad serving,ca-pub-7784034061253020,37,2025-02-13,2025-02-16
bangka.tribunnews.com,Page,N/A,N/A,bangka.tribunnews.com/2021/12/30/terungkap-mengapa-suami-suka-lihat-istri-tanpa-busana-begini-penjelasan-dari-dr-aisah-dahlan,Yes,Ads Disguised as Content,Restricted ad serving,ca-pub-7784034061253020,37,2025-02-10,2025-02-14
bangka.tribunnews.com,Page,N/A,N/A,bangka.tribunnews.com/2021/11/13/video-tante-erni-mandi-keringetan-bikin-kaum-adam-salah-fokus-auto-ikutan-keringetan,No,Google-served ads obscuring content,Restricted ad serving,ca-pub-7784034061253020,37,2025-02-10,2025-02-15
bangka.tribunnews.com,Page,N/A,N/A,bangka.tribunnews.com/2018/01/02/5-gerakan-jari-tangan-ini-bisa-hilangkan-stres-yuk-dicoba,Yes,Site Behavior: Navigation,Restricted ad serving,ca-pub-7784034061253020,37,2025-02-11,2025-02-16
aceh.tribunnews.com,Page,N/A,N/A,aceh.tribunnews.com/2019/07/17/ini-jenis-obat-kuat-pria-di-ranjang-yang-beredar-ilegal-di-pasaran-termasuk-hajar-jahanam-mesir,No,Adult: Sexual content,Restricted ad serving,ca-pub-7784034061253020,37,2025-02-10,2025-02-15
www.tribunnews.com,Page,N/A,N/A,www.tribunnews.com/regional/2014/12/13/bursa-seks-kota-pempek-dari-siswi-sma-hingga-psk-impor-bertarif-rp-10-juta,No,Adult: Sexual content,Restricted ad serving,ca-pub-7784034061253020,36,2025-02-10,2025-02-16
www.tribunnews.com,Page,N/A,N/A,www.tribunnews.com/regional/2012/12/28/masih-ada-42-lokalisasi-psk-di-jawa-timur,No,Google-served ads obscuring content,Restricted ad serving,ca-pub-7784034061253020,36,2025-02-10,2025-02-15
sumsel.tribunnews.com,Page,N/A,N/A,sumsel.tribunnews.com/2018/02/10/5-film-ini-aktornya-lakukan-adegan-ranjang-beneran-namun-ada-yang-terbongkar-rahasianya?page=2,Yes,Ads Disguised as Content,Restricted ad serving,ca-pub-7784034061253020,36,2025-02-10,2025-02-15
pontianak.tribunnews.com,Page,N/A,N/A,pontianak.tribunnews.com/2017/10/19/blak-blakan-5-artis-ini-bicara-soal-ranjang-ada-yang-pernah-ekstrim,No,Adult: Sexual content,Restricted ad serving,ca-pub-7784034061253020,36,2025-02-15,2025-02-15
pekanbaru.tribunnews.com,Page,N/A,N/A,pekanbaru.tribunnews.com/2021/08/23/nnxubd-film-bokeh-video-google-apk-download-dan-cara-menginstal-xnview-indonesia-2020-apk-di-android,Yes,Ads Disguised as Content,Restricted ad serving,ca-pub-7784034061253020,36,2025-02-10,2025-02-16
palembang.tribunnews.com,Page,N/A,N/A,palembang.tribunnews.com/2017/11/20/bikin-geleng-geleng-10-wanita-ini-disebut-sebagai-bintang-film-panas-paling-tajir-di-dunia?page=7,Yes,Ads Disguised as Content,Restricted ad serving,ca-pub-7784034061253020,36,2025-02-10,2025-02-15
jateng.tribunnews.com,Page,N/A,N/A,jateng.tribunnews.com/2019/11/02/lupa-tutup-pintu-dan-bersuarakeras-saat-berhubungan-sekspasangan-turis-diusir-dari-kapal-pesiar,No,Adult: Sexual content,Restricted ad serving,ca-pub-7784034061253020,36,2025-02-12,2025-02-16
banjarmasin.tribunnews.com,Page,N/A,N/A,banjarmasin.tribunnews.com/2017/04/17/mau-ikut-ritual-seks-di-gunung-kemukus-ini-kaya-kuncinya,No,Adult: Sexual content,Restricted ad serving,ca-pub-7784034061253020,36,2025-02-11,2025-02-15
bangka.tribunnews.com,Page,N/A,N/A,bangka.tribunnews.com/2015/09/20/paket-kencan-7-eleven-kondom-dan-permen-diantar-ke-tempat,No,Adult: Sexual content,Restricted ad serving,ca-pub-7784034061253020,36,2025-02-13,2025-02-14
www.tribunnews.com,Page,N/A,N/A,www.tribunnews.com/kesehatan/2017/07/08/terungkap-rahasia-bentuk-bibir-wanita-dan-tingginya-nafsu-seksual,No,Adult: Sexual content,Restricted ad serving,ca-pub-7784034061253020,35,2025-02-11,2025-02-16
video.tribunnews.com,Page,N/A,N/A,video.tribunnews.com/view/37125/heboh-kedatangan-bule-yang-bujuk-cewek-asia-berhubungan-badan-pasang-kamera-lalu-jual-videonya,Yes,Site Behavior: Navigation,Restricted ad serving,ca-pub-7784034061253020,35,2025-02-10,2025-02-15
palembang.tribunnews.com,Page,N/A,N/A,palembang.tribunnews.com/2024/03/28/viral-pria-paruh-baya-di-lubuklinggau-digerebek-berbuat-tak-senonoh-dengan-wanita-muda-di-wisma,Yes,Google-served ads obscuring content;Modified Javascript: Ads by Google size,Restricted ad serving,ca-pub-7784034061253020,35,2025-02-12,2025-02-15
makassar.tribunnews.com,Page,N/A,N/A,makassar.tribunnews.com/2017/11/07/unch-unch-dewi-persik-dan-4-artis-ini-blak-blakan-soal-ranjang-pakai-sex-toys-hingga-ini,No,Adult: Sexual content,Restricted ad serving,ca-pub-7784034061253020,35,2025-02-13,2025-02-16
m.tribunnews.com,Page,N/A,N/A,m.tribunnews.com/internasional/2014/03/13/persaingan-prostitusi-di-jepang-boleh-bersenang-senang-tapi-jangan-mencium,No,Adult: Sexual content,Restricted ad serving,ca-pub-7784034061253020,35,2025-02-12,2025-02-16
kupang.tribunnews.com,Page,N/A,N/A,kupang.tribunnews.com/2017/09/13/6-cara-membuat-wanita-terangsang-sentuh-pada-titik-titik-sensitif-ini-dan-bikin-doi-melayang?page=2,No,Adult: Sexual content,Restricted ad serving,ca-pub-7784034061253020,35,2025-02-13,2025-02-15
jogja.tribunnews.com,Page,N/A,N/A,jogja.tribunnews.com/2017/09/24/promosikan-produk-bagian-tubuh-wanita-cantik-ini-dielus-elus-netizen-pada-heboh,No,Adult: Sexual content,Restricted ad serving,ca-pub-7784034061253020,35,2025-02-15,2025-02-15
jateng.tribunnews.com,Page,N/A,N/A,jateng.tribunnews.com/2016/10/13/super-hot-tarian-hot-seronok-terbaru-dewi-persik-dicibir-netizen,No,Adult: Sexual content,Restricted ad serving,ca-pub-7784034061253020,35,2025-02-13,2025-02-14
jambi.tribunnews.com,Page,N/A,N/A,jambi.tribunnews.com/2019/11/22/lima-wanita-cantik-bintang-film-dewasa-terfavorit-nomor-4-pemeran-terbaik-adegan-sesama-jenis?page=2,No,Adult: Sexual content,Restricted ad serving,ca-pub-7784034061253020,35,2025-02-13,2025-02-15
jambi.tribunnews.com,Page,N/A,N/A,jambi.tribunnews.com/2018/11/09/trik-membangkitkan-gairah-gituan-untuk-diri-sendiri-wanita-wajib-baca,No,Adult: Sexual content,Restricted ad serving,ca-pub-7784034061253020,35,2025-02-13,2025-02-15
jambi.tribunnews.com,Page,N/A,N/A,jambi.tribunnews.com/2017/12/19/foto-perindah-bentuk-pinggul-dan-bokong-cara-mengakalinya-jadi-terlihat-lebih-seksi,No,Adult: Sexual content,Restricted ad serving,ca-pub-7784034061253020,35,2025-02-10,2025-02-16
jambi.tribunnews.com,Page,N/A,N/A,jambi.tribunnews.com/2012/08/23/digoyang-gigolo-tante-girang-makin-kegirangan,No,Adult: Sexual content,Restricted ad serving,ca-pub-7784034061253020,35,2025-02-10,2025-02-16
bangka.tribunnews.com,Page,N/A,N/A,bangka.tribunnews.com/2020/12/20/terlibat-cinta-lokasi-empat-pemain-film-dewasa-ini-pilih-menikah-dan-punya-anak-endingnya,Yes,Ads Disguised as Content,Restricted ad serving,ca-pub-7784034061253020,35,2025-02-11,2025-02-14
bangka.tribunnews.com,Page,N/A,N/A,bangka.tribunnews.com/2019/06/16/benarkah-pusar-atau-unyeng-unyeng-di-kepala-tentukan-sifat-nasib-si-anak-simak-4-hal-ini,No,Shocking content,Restricted ad serving,ca-pub-7784034061253020,35,2025-02-11,2025-02-15
bangka.tribunnews.com,Page,N/A,N/A,bangka.tribunnews.com/2016/06/19/inilah-ciri-ciri-pria-mandul,No,Adult: Sexual content,Restricted ad serving,ca-pub-7784034061253020,35,2025-02-10,2025-02-14
www.tribunnews.com,Page,N/A,N/A,www.tribunnews.com/internasional/2019/11/29/perilaku-seks-menyimpang-pasangan-ditampar-dan-diludahi-saat-berhubungan-intim,No,Adult: Sexual content,Restricted ad serving,ca-pub-7784034061253020,34,2025-02-10,2025-02-15
wartakota.tribunnews.com,Page,N/A,N/A,wartakota.tribunnews.com/2014/05/26/pikiran-pria-saat-pertama-kali-bercinta,No,Adult: Sexual content,Restricted ad serving,ca-pub-7784034061253020,34,2025-02-10,2025-02-14
sumsel.tribunnews.com,Page,N/A,N/A,sumsel.tribunnews.com/2014/11/13/ingin-punya-anak-laki-laki-coba-posisi-doggy-style,No,Adult: Sexual content,Restricted ad serving,ca-pub-7784034061253020,34,2025-02-11,2025-02-15
pekanbaru.tribunnews.com,Page,N/A,N/A,pekanbaru.tribunnews.com/2023/08/26/diperankan-angeli-khang-nonton-film-silip-sa-apoy-2022,No,Google-served ads obscuring content,Restricted ad serving,ca-pub-7784034061253020,34,2025-02-10,2025-02-15
medan.tribunnews.com,Page,N/A,N/A,medan.tribunnews.com/2021/05/31/fakta-viral-gadis-remaja-open-bo-sehari-5-kali-berhubungan-badan-kpaid-pulihkan-trauma-psikologis,Yes,Ads Disguised as Content,Restricted ad serving,ca-pub-7784034061253020,34,2025-02-10,2025-02-14
medan.tribunnews.com,Page,N/A,N/A,medan.tribunnews.com/2018/02/03/aktris-cantik-ini-pamer-foto-vulgar-dan-buka-bukaan-di-media-sosial-lihat-fotonya-step-by-step,No,Shocking content,Restricted ad serving,ca-pub-7784034061253020,34,2025-02-10,2025-02-16
makassar.tribunnews.com,Page,N/A,N/A,makassar.tribunnews.com/2019/07/22/michat-aplikasi-populer-psk-online-menjaring-pelanggan-kodenya-bo-st-lt-tarif-mulai-rp-300-ribu,No,Adult: Sexual content,Restricted ad serving,ca-pub-7784034061253020,34,2025-02-10,2025-02-14
makassar.tribunnews.com,Page,N/A,N/A,makassar.tribunnews.com/2015/01/22/beda-dengan-pria-wanita-langsung-mual-dan-muntah-jika-lihat-gambar-porno,No,Adult: Sexual content,Restricted ad serving,ca-pub-7784034061253020,34,2025-02-10,2025-02-14
kupang.tribunnews.com,Page,N/A,N/A,kupang.tribunnews.com/2020/05/21/berawal-diberitahukan-anak-sendiri-foto-ibu-muda-tanpa-busana-disebar-mantan-kekasih-di-facebook?page=3,Yes,Google-served ads obscuring content;Modified Javascript: Ads by Google size,Restricted ad serving,ca-pub-7784034061253020,34,2025-02-14,2025-02-15
kupang.tribunnews.com,Page,N/A,N/A,kupang.tribunnews.com/2014/02/03/ciuam-area-paha-bangkitkan-gairah-perempuan,No,Adult: Sexual content,Restricted ad serving,ca-pub-7784034061253020,34,2025-02-13,2025-02-16
jatim.tribunnews.com,Page,N/A,N/A,jatim.tribunnews.com/2022/03/26/empat-pemilik-warung-remang-remang-sediaan-psk-di-awang-awang-mojokerto-didenda-rp-500-ribu,No,Google-served ads obscuring content,Restricted ad serving,ca-pub-7784034061253020,34,2025-02-10,2025-02-15
banjarmasin.tribunnews.com,Page,N/A,N/A,banjarmasin.tribunnews.com/2019/12/24/heboh-video-syur-mirip-cupi-cupita-yang-beredar-viral-senasib-gisella-anastasia-nagita-slavina,Yes,Ads Disguised as Content,Restricted ad serving,ca-pub-7784034061253020,34,2025-02-11,2025-02-15
www.tribunnewswiki.com,Page,N/A,N/A,www.tribunnewswiki.com/2024/06/24/video-6-menit-opa-ambon-dan-wanita-muda-viral-di-twitter-x-link-tersebar-ternyata-tetanggaan,Yes,Google-served ads obscuring content;Modified Javascript: Ads by Google size,Restricted ad serving,ca-pub-7784034061253020,33,2025-02-10,2025-02-16
www.tribunnews.com,Page,N/A,N/A,www.tribunnews.com/kesehatan/2016/01/15/10-komentar-terlucu-saat-pertama-kali-lihat-alat-vital-pria,No,Adult: Sexual content,Restricted ad serving,ca-pub-7784034061253020,33,2025-02-11,2025-02-15
wow.tribunnews.com,Page,N/A,N/A,wow.tribunnews.com/2017/10/07/7-kebohongan-tentang-bercinta-di-film-dewasa-nomor-4-bikin-jijik,No,Adult: Sexual content,Restricted ad serving,ca-pub-7784034061253020,33,2025-02-10,2025-02-15
wartakota.tribunnews.com,Page,N/A,N/A,wartakota.tribunnews.com/2021/02/07/psk-di-depok-masih-marak-di-masa-pandemi-covid-19-ditemukan-kerap-mangkal-di-pasar-kambing-cisalak,Yes,Ads Disguised as Content,Restricted ad serving,ca-pub-7784034061253020,33,2025-02-10,2025-02-16
wartakota.tribunnews.com,Page,N/A,N/A,wartakota.tribunnews.com/2014/11/24/ukuran-penis-mempengaruhi-orgasme-wanita,No,Adult: Sexual content,Restricted ad serving,ca-pub-7784034061253020,33,2025-02-14,2025-02-15
medan.tribunnews.com,Page,N/A,N/A,medan.tribunnews.com/2017/10/27/video-bokep-hanna-anissa-heboh-ternyata-alumnus-kriminolog-ui-kontras-dengan-keilmuannya,No,Adult: Sexual content,Restricted ad serving,ca-pub-7784034061253020,33,2025-02-12,2025-02-14
medan.tribunnews.com,Page,N/A,N/A,medan.tribunnews.com/2017/10/13/ciri-ciri-cewek-tak-perawan-bisa-terlihat-dari-mata-hidung-telapak-tangan,No,Adult: Sexual content,Restricted ad serving,ca-pub-7784034061253020,33,2025-02-10,2025-02-15
makassar.tribunnews.com,Page,N/A,N/A,makassar.tribunnews.com/2020/01/02/daftar-harga-rokok-yang-naik-tahun-2020-surya-16-djarum-76-marlboro-sampoerna-cara-berhenti?page=2,No,Tobacco,Restricted ad serving,ca-pub-7784034061253020,33,2025-02-13,2025-02-15
makassar.tribunnews.com,Page,N/A,N/A,makassar.tribunnews.com/2017/12/08/wajah-3-gadis-ini-imut-siapa-sangka-ternyata-ini-pekerjaan-sebenarnya-dijamin-terkejut?page=all,No,Adult: Sexual content,Restricted ad serving,ca-pub-7784034061253020,33,2025-02-15,2025-02-15
jogja.tribunnews.com,Page,N/A,N/A,jogja.tribunnews.com/2017/11/15/terkuak-di-sinilah-boneka-boneka-seks-nan-cantik-dan-seksi-pemuas-nafsu-itu-diproduksi,No,Adult: Sexual content,Restricted ad serving,ca-pub-7784034061253020,33,2025-02-13,2025-02-15
belitung.tribunnews.com,Page,N/A,N/A,belitung.tribunnews.com/2017/10/10/tren-baru-sedang-populer-mempercantik-miss-v-suntik-lemak-di-organ-intim,No,Adult: Sexual content,Restricted ad serving,ca-pub-7784034061253020,33,2025-02-10,2025-02-16
batam.tribunnews.com,Page,N/A,N/A,batam.tribunnews.com/2017/03/27/sehatkah-menonton-film-porno-bersama-pasangan-ini-jawabannya-khusus-anda,No,Adult: Sexual content,Restricted ad serving,ca-pub-7784034061253020,33,2025-02-10,2025-02-14
bangka.tribunnews.com,Page,N/A,N/A,bangka.tribunnews.com/2016/08/18/beginilah-ciri-ciri-orang-yang-kecanduan-onani,No,Adult: Sexual content,Restricted ad serving,ca-pub-7784034061253020,33,2025-02-11,2025-02-14
bali.tribunnews.com,Page,N/A,N/A,bali.tribunnews.com/2017/09/11/wanita-cantik-ini-digerebek-sedang-intim-bareng-pria-di-mobil-ampun-pak-ampun-pak-ampun-pak,Yes,Site Behavior: Navigation,Restricted ad serving,ca-pub-7784034061253020,33,2025-02-11,2025-02-16
aceh.tribunnews.com,Page,N/A,N/A,aceh.tribunnews.com/2022/08/15/bosan-dengan-suami-wanita-ini-nekat-selingkuh-dengan-pria-beristri-kini-malu-fotonya-disebar,Yes,Ads Disguised as Content,Restricted ad serving,ca-pub-7784034061253020,33,2025-02-12,2025-02-14
www.tribunnews.com,Page,N/A,N/A,www.tribunnews.com/regional/2017/11/14/perilaku-seks-aneh-pns-ini-sering-masukkan-terong-dan-timun-ke-anunya-istri,No,Adult: Sexual content,Restricted ad serving,ca-pub-7784034061253020,32,2025-02-10,2025-02-16
wow.tribunnews.com,Page,N/A,N/A,wow.tribunnews.com/2018/02/20/tak-hanya-ladyboy-thailand-punya-10-cewek-tomboy-yang-jadi-cowok-ganteng?page=all,Yes,Adult: Sexual content;Site Behavior: Navigation,Restricted ad serving,ca-pub-7784034061253020,32,2025-02-15,2025-02-15
wartakota.tribunnews.com,Page,N/A,N/A,wartakota.tribunnews.com/2020/07/09/masa-pandemi-corona-jumlah-pengunjung-situs-porno-meningkat-saat-karyawan-bekerja-dari-rumah,Yes,Ads Disguised as Content,Restricted ad serving,ca-pub-7784034061253020,32,2025-02-11,2025-02-16
wartakota.tribunnews.com,Page,N/A,N/A,wartakota.tribunnews.com/2013/03/08/cara-membantu-suami-dapatkan-orgasme-terhebat,No,Adult: Sexual content,Restricted ad serving,ca-pub-7784034061253020,32,2025-02-10,2025-02-15
palembang.tribunnews.com,Page,N/A,N/A,palembang.tribunnews.com/2017/11/15/tragis-psk-ini-meninggal-dengan-kondisi-telanjang-usai-layani-tamu-penyebabnya-bikin-ngelus-dada,No,Shocking content,Restricted ad serving,ca-pub-7784034061253020,32,2025-02-11,2025-02-15
m.tribunnews.com,Page,N/A,N/A,m.tribunnews.com/seleb/2015/11/05/sukai-adegan-ranjang-jo-yeo-jung-cuek-dilabeli-artis-spesialis-film-erotis,No,Adult: Sexual content,Restricted ad serving,ca-pub-7784034061253020,32,2025-02-12,2025-02-15
jatim.tribunnews.com,Page,N/A,N/A,jatim.tribunnews.com/2018/01/19/kisah-gadis-cilik-yang-kecanduan-seks-selalu-tak-tahan-lihat-cowok-ganteng-kini-begini-nasibnya,No,Shocking content,Restricted ad serving,ca-pub-7784034061253020,32,2025-02-10,2025-02-16
jambi.tribunnews.com,Page,N/A,N/A,jambi.tribunnews.com/2021/04/13/bintang-film-panas-rusia-ini-dikerubuti-para-lelaki-saat-liburan-di-bali-lihat-ekspresinya?page=all,Yes,Ads Disguised as Content,Restricted ad serving,ca-pub-7784034061253020,32,2025-02-14,2025-02-15
jambi.tribunnews.com,Page,N/A,N/A,jambi.tribunnews.com/2018/01/29/resep-rahasia-aktor-film-panas-tetap-tegang-sepanjang-film-efek-bisa-merugikan,No,Adult: Sexual content;Shocking content,Restricted ad serving,ca-pub-7784034061253020,32,2025-02-10,2025-02-14
bangka.tribunnews.com,Page,N/A,N/A,bangka.tribunnews.com/2017/10/16/terdengar-suara-desahan-di-dalam-lift-astaga-wanita-cantik-lakukan-ini-pada-pria-di-sebelahnya,No,Adult: Sexual content,Restricted ad serving,ca-pub-7784034061253020,32,2025-02-10,2025-02-14
www.tribunnews.com,Page,N/A,N/A,www.tribunnews.com/regional/2014/03/25/sisi-lain-aceh-dunia-malam-night-party-seks-dan-alkohol,No,Adult: Sexual content,Restricted ad serving,ca-pub-7784034061253020,31,2025-02-10,2025-02-16
wartakota.tribunnews.com,Page,N/A,N/A,wartakota.tribunnews.com/2019/06/25/video-digerebek-satpol-pp-tangsel-terapis-panti-pijat-di-bsd-bilang-pakai-baju-dulu-inih,No,Adult: Sexual content,Restricted ad serving,ca-pub-7784034061253020,31,2025-02-11,2025-02-14
palembang.tribunnews.com,Page,N/A,N/A,palembang.tribunnews.com/2016/01/20/pegawai-negeri-terekam-cctv-sedang-making-love-di-dalam-kantor,No,Adult: Sexual content,Restricted ad serving,ca-pub-7784034061253020,31,2025-02-11,2025-02-15
medan.tribunnews.com,Page,N/A,N/A,medan.tribunnews.com/2017/10/06/heboh-mentimun-tertancap-di-miss-v-perempuan-dokter-yang-menangani-pun-kaget,Yes,Site Behavior: Navigation,Restricted ad serving,ca-pub-7784034061253020,31,2025-02-13,2025-02-15
manado.tribunnews.com,Page,N/A,N/A,manado.tribunnews.com/2019/04/23/viral-video-mastrubasi-artis-gandhi-berdurasi-1-menit-44-detik-dari-berdiri-hingga-duduk-di-sofa,No,Adult: Sexual content;Shocking content,Restricted ad serving,ca-pub-7784034061253020,31,2025-02-11,2025-02-14
m.tribunnews.com,Page,N/A,N/A,m.tribunnews.com/internasional/2017/08/30/edan-bu-guru-sd-ajak-muridnya-berhubungan-intim-di-dalam-kelas,No,Adult: Sexual content,Restricted ad serving,ca-pub-7784034061253020,31,2025-02-10,2025-02-15
jambi.tribunnews.com,Page,N/A,N/A,jambi.tribunnews.com/2020/11/09/link-full-video-panas-gisella-anastasia-malah-jadi-bahan-tertawaan-di-twitter,Yes,Ads Disguised as Content,Restricted ad serving,ca-pub-7784034061253020,31,2025-02-10,2025-02-16
jambi.tribunnews.com,Page,N/A,N/A,jambi.tribunnews.com/2018/04/30/5-gaya-bercinta-paling-populer-di-dalam-kitab-kamasutra-wanita-paling-senang?page=2,No,Adult: Sexual content,Restricted ad serving,ca-pub-7784034061253020,31,2025-02-11,2025-02-14
jambi.tribunnews.com,Page,N/A,N/A,jambi.tribunnews.com/2018/01/29/keseringan-beradegan-panas-di-ranjang-5-artis-hollywood-ini-menikmati-juga-akhirnya?page=2,No,Adult: Sexual content,Restricted ad serving,ca-pub-7784034061253020,31,2025-02-14,2025-02-16
jambi.tribunnews.com,Page,N/A,N/A,jambi.tribunnews.com/2017/08/29/beginilah-gambar-4d-orang-saat-berhubungan-seks-ilmuwan-menemukan-rekaman-video-yang-menarik?page=3,No,Adult: Sexual content,Restricted ad serving,ca-pub-7784034061253020,31,2025-02-11,2025-02-16
jabar.tribunnews.com,Page,N/A,N/A,jabar.tribunnews.com/2022/01/10/pengobatan-alat-vital-bandar-lampung-langsung-hasil-di-tempat-bersama-m-asep-judin-dari-banten,Yes,Ads Disguised as Content,Restricted ad serving,ca-pub-7784034061253020,31,2025-02-10,2025-02-16
banjarmasin.tribunnews.com,Page,N/A,N/A,banjarmasin.tribunnews.com/2015/05/30/inilah-yang-terjadi-pada-pria-saat-terangsang,No,Adult: Sexual content,Restricted ad serving,ca-pub-7784034061253020,31,2025-02-11,2025-02-15
bangka.tribunnews.com,Page,N/A,N/A,bangka.tribunnews.com/2019/09/20/ini-sosok-wanita-pemeran-video-syur-pns-pemprov-jabar-yang-bikin-heboh,No,Adult: Sexual content,Restricted ad serving,ca-pub-7784034061253020,31,2025-02-12,2025-02-15
bangka.tribunnews.com,Page,N/A,N/A,bangka.tribunnews.com/2018/05/03/pensiun-dari-film-dewasa-ini-kabar-terakhir-artis-jepang-yang-pernah-main-film-indonesia-ini,No,Shocking content,Restricted ad serving,ca-pub-7784034061253020,31,2025-02-12,2025-02-15
bangka.tribunnews.com,Page,N/A,N/A,bangka.tribunnews.com/2017/08/14/pensiun-dari-film-esek-esek-5-bintang-film-dewasa-ini-sukses-bermain-di-layar-lebar,Yes,Ads Disguised as Content,Restricted ad serving,ca-pub-7784034061253020,31,2025-02-12,2025-02-15
bangka.tribunnews.com,Page,N/A,N/A,bangka.tribunnews.com/2017/05/05/live-sex-digerebek-rp-700-ribu-untuk-tarian-bugil-plus-hubungan-intim,No,Adult: Sexual content,Restricted ad serving,ca-pub-7784034061253020,31,2025-02-10,2025-02-15
bangka.tribunnews.com,Page,N/A,N/A,bangka.tribunnews.com/2016/11/24/mengejutkan-ternyata-negara-ini-penduduknya-yang-paling-sering-berhubungan-seks,No,Adult: Sexual content,Restricted ad serving,ca-pub-7784034061253020,31,2025-02-12,2025-02-16
bangka.tribunnews.com,Page,N/A,N/A,bangka.tribunnews.com/2016/10/24/heboh-foto-bugil-artis-cantik-dan-lawan-mainnya-tersebar,No,Adult: Sexual content;Shocking content,Restricted ad serving,ca-pub-7784034061253020,31,2025-02-10,2025-02-15
bangka.tribunnews.com,Page,N/A,N/A,bangka.tribunnews.com/2016/09/03/inilah-wanita-cantik-ini-terjun-ke-film-panas-mulai-dari-bantu-teman-hingga-salurkan-hobi,Yes,Ads Disguised as Content,Restricted ad serving,ca-pub-7784034061253020,31,2025-02-10,2025-02-15
bangka.tribunnews.com,Page,N/A,N/A,bangka.tribunnews.com/2016/08/10/video-siswi-smp-dan-sma-berantem-rebutan-cowok,Yes,Site Behavior: Navigation,Restricted ad serving,ca-pub-7784034061253020,31,2025-02-10,2025-02-14
bali.tribunnews.com,Page,N/A,N/A,bali.tribunnews.com/2017/09/08/lagi-gadis-indonesia-jadi-bintang-film-panas-di-jepang-diduga-berasal-dari-bali,No,Adult: Sexual content,Restricted ad serving,ca-pub-7784034061253020,31,2025-02-13,2025-02-14
www.tribunnews.com,Page,N/A,N/A,www.tribunnews.com/kesehatan/2016/03/28/survei-libido-wanita-memuncak-dari-pukul-11-malam-hingga-pukul-dua-pagi,No,Adult: Sexual content,Restricted ad serving,ca-pub-7784034061253020,30,2025-02-10,2025-02-14
suryamalang.tribunnews.com,Page,N/A,N/A,suryamalang.tribunnews.com/2017/07/21/perempuan-ini-punya-bentuk-dada-yang-montok-tapi-curhatannya-soal-payudaranya-bikin-heran,Yes,Adult: Sexual content;Site Behavior: Navigation,Restricted ad serving,ca-pub-7784034061253020,30,2025-02-12,2025-02-16
surabaya.tribunnews.com,Page,N/A,N/A,surabaya.tribunnews.com/2015/02/28/chelsea-islan-depresi-karena-video-buka-baju-di-toilet,No,Shocking content,Restricted ad serving,ca-pub-7784034061253020,30,2025-02-13,2025-02-14
sultra.tribunnews.com,Page,N/A,N/A,sultra.tribunnews.com/2023/05/08/full-video-viral-2-menit-27-detik-kasir-minimarket-di-kendari-main-kuda-kudaan-link-videonya,Yes,Google-served ads on screens without publisher-content,Restricted ad serving,ca-pub-7784034061253020,30,2025-02-15,2025-02-15
style.tribunnews.com,Page,N/A,N/A,style.tribunnews.com/2017/11/14/5-fakta-video-viral-pasangan-ditelanjangi-dan-diarak-warga-tangerang-padahal-keduanya-tidak-mesum,No,Adult: Sexual content,Restricted ad serving,ca-pub-7784034061253020,30,2025-02-10,2025-02-16
style.tribunnews.com,Page,N/A,N/A,style.tribunnews.com/2016/08/21/tentang-perempuan-jauh-dari-pasangan-benda-ini-biasa-digunakan-wanita-untuk-tuntaskan-birahinya,No,Adult: Sexual content,Restricted ad serving,ca-pub-7784034061253020,30,2025-02-10,2025-02-15
pontianak.tribunnews.com,Page,N/A,N/A,pontianak.tribunnews.com/2018/01/13/sering-nonton-video-porno-picu-kerusakan-otak-dan-perilaku-menyimpang-ini-tips-mengatasinya,No,Adult: Sexual content,Restricted ad serving,ca-pub-7784034061253020,30,2025-02-10,2025-02-15
palembang.tribunnews.com,Page,N/A,N/A,palembang.tribunnews.com/2014/08/14/boneka-seks-buatan-jepang-ini-sungguh-mirip-manusia,No,Adult: Sexual content,Restricted ad serving,ca-pub-7784034061253020,30,2025-02-10,2025-02-16
medan.tribunnews.com,Page,N/A,N/A,medan.tribunnews.com/tag/klinik-pengobatan-alat-vital-aa-umar,Yes,Google-served ads on screens without publisher-content,Restricted ad serving,ca-pub-7784034061253020,30,2025-02-15,2025-02-15
m.tribunnews.com,Page,N/A,N/A,m.tribunnews.com/video/2016/02/25/disangka-pistol-polisi-ini-meraba-raba-penis-tersangka,No,Adult: Sexual content,Restricted ad serving,ca-pub-7784034061253020,30,2025-02-12,2025-02-15
m.tribunnews.com,Page,N/A,N/A,m.tribunnews.com/seleb/2017/05/23/ramai-soal-pesta-gay-chika-jessica-sindir-artis-berinisial-da-yang-ia-sebut-dia-cucok,Yes,Site Behavior: Navigation,Restricted ad serving,ca-pub-7784034061253020,30,2025-02-10,2025-02-15
m.tribunnews.com,Page,N/A,N/A,m.tribunnews.com/regional/2018/01/14/kasus-video-porno-dengan-bocah-intan-mengaku-sudah-tiga-kali-syuting-film-mesum,No,Adult: Sexual content,Restricted ad serving,ca-pub-7784034061253020,30,2025-02-10,2025-02-15
m.tribunnews.com,Page,N/A,N/A,m.tribunnews.com/internasional/2011/12/28/inilah-resep-sato-bisa-onani-9-jam-33-menit,No,Adult: Sexual content,Restricted ad serving,ca-pub-7784034061253020,30,2025-02-11,2025-02-14
lampung.tribunnews.com,Page,N/A,N/A,lampung.tribunnews.com/2015/08/09/berapa-kali-dalam-seminggu-bercinta-disebut-sehat,No,Adult: Sexual content,Restricted ad serving,ca-pub-7784034061253020,30,2025-02-11,2025-02-14
lampung.tribunnews.com,Page,N/A,N/A,lampung.tribunnews.com/2015/01/10/adegan-seksi-drama-tiongkok-dihapus-warga-protes,No,Adult: Sexual content,Restricted ad serving,ca-pub-7784034061253020,30,2025-02-12,2025-02-15
kupang.tribunnews.com,Page,N/A,N/A,kupang.tribunnews.com/2019/07/27/mr-p-suami-tak-tahan-lama-beri-makanan-ini-lakukan-trik-jitu-ladies-pasti-senyum-sumringah?page=all,No,Adult: Sexual content,Restricted ad serving,ca-pub-7784034061253020,30,2025-02-14,2025-02-14
jatim.tribunnews.com,Page,N/A,N/A,jatim.tribunnews.com/2018/01/06/deretan-percakapan-dalam-video-tante-vs-bocah-yang-viral-di-medsos-no-4-ungkap-fakta-tak-terduga,No,Shocking content,Restricted ad serving,ca-pub-7784034061253020,30,2025-02-11,2025-02-14
jatim.tribunnews.com,Page,N/A,N/A,jatim.tribunnews.com/2018/01/04/banyak-diburu-netizen-video-panas-tante-tante-dengan-bocah-adegannya-tak-pantas-dilihat-anak-kecil,No,Shocking content,Restricted ad serving,ca-pub-7784034061253020,30,2025-02-10,2025-02-16
bogor.tribunnews.com,Page,N/A,N/A,bogor.tribunnews.com/2024/08/19/gara-gara-knalpot-brong-remaja-di-bogor-tewas-saat-tawuran-antar-kampung,No,Shocking content,Restricted ad serving,ca-pub-7784034061253020,30,2025-02-10,2025-02-15
bogor.tribunnews.com,Page,N/A,N/A,bogor.tribunnews.com/2019/09/27/terungkap-alasan-ibu-berhubungan-intim-dengan-2-anak-kandungnya-suami-udah-gak-sanggup-lagi?page=4,No,Adult: Sexual content,Restricted ad serving,ca-pub-7784034061253020,30,2025-02-15,2025-02-15
belitung.tribunnews.com,Page,N/A,N/A,belitung.tribunnews.com/2017/01/08/ternyata-ini-alasan-para-wanita-rela-umbar-aurat-di-bigo-live-ada-imbalannya?page=all,No,Adult: Sexual content,Restricted ad serving,ca-pub-7784034061253020,30,2025-02-14,2025-02-15
batam.tribunnews.com,Page,N/A,N/A,batam.tribunnews.com/tag/razia,No,Adult: Sexual content,Restricted ad serving,ca-pub-7784034061253020,30,2025-02-10,2025-02-15
batam.tribunnews.com,Page,N/A,N/A,batam.tribunnews.com/2021/05/26/cerita-gadis-kencan-online-sempat-layani-tetangga-tarif-rp-12-juta-dan-sekali-main-rp-400-ribu?page=all,Yes,Encouraging accidental clicks: Layout;Google-served ads obscuring content,Restricted ad serving,ca-pub-7784034061253020,30,2025-02-14,2025-02-14
banjarmasin.tribunnews.com,Page,N/A,N/A,banjarmasin.tribunnews.com/2022/01/04/harga-naik-kini-rokok-murah-banyak-dicari,No,Shocking content,Restricted ad serving,ca-pub-7784034061253020,30,2025-02-13,2025-02-15
bangka.tribunnews.com,Page,N/A,N/A,bangka.tribunnews.com/2020/12/07/arti-wahdaniyah-sifat-wajib-allah-swt-yang-disebut-dalam-al-quran-surat-al-anbiya-ayat-22,No,Google-served ads obscuring content,Restricted ad serving,ca-pub-7784034061253020,30,2025-02-10,2025-02-14
bangka.tribunnews.com,Page,N/A,N/A,bangka.tribunnews.com/2017/02/11/kisah-pilu-pemilik-penis-terbesar-di-dunia-ditolak-wanita-hingga-pengen-jadi-bintang-porno,Yes,Ads Disguised as Content,Restricted ad serving,ca-pub-7784034061253020,30,2025-02-10,2025-02-16
bangka.tribunnews.com,Page,N/A,N/A,bangka.tribunnews.com/2017/02/03/ternyata-dulu-penis-berduri-lho-inilah-8-fakta-penis-yang-jarang-diketahui,No,Adult: Sexual content,Restricted ad serving,ca-pub-7784034061253020,30,2025-02-11,2025-02-15
bangka.tribunnews.com,Page,N/A,N/A,bangka.tribunnews.com/2015/01/30/mengintip-jejak-mesum-waria-fly-over-jakarta,No,Adult: Sexual content,Restricted ad serving,ca-pub-7784034061253020,30,2025-02-14,2025-02-16
bali.tribunnews.com,Page,N/A,N/A,bali.tribunnews.com/2017/01/22/terkuak-making-love-di-toilet-danau-tempe-janda-tanpa-celana-dibunuh-dengan-3-sabetan,Yes,Encouraging accidental clicks: Layout,Restricted ad serving,ca-pub-7784034061253020,30,2025-02-16,2025-02-16
bali.tribunnews.com,Page,N/A,N/A,bali.tribunnews.com/2016/05/30/setelah-eno-tewas-dengan-cangkul-gadis-20-tahun-kembali-tewas-dengan-kondisi-tanpa-busana,Yes,Encouraging accidental clicks: Layout,Restricted ad serving,ca-pub-7784034061253020,30,2025-02-12,2025-02-15
aceh.tribunnews.com,Page,N/A,N/A,aceh.tribunnews.com/2022/08/10/suami-istri-di-bali-buat-video-syur-selama-2-tahun-adegan-direkam-dan-dijual-puluhan-juta,No,Google-served ads obscuring content,Restricted ad serving,ca-pub-7784034061253020,30,2025-02-10,2025-02-15
aceh.tribunnews.com,Page,N/A,N/A,aceh.tribunnews.com/2020/01/15/kisah-pria-penjaga-kamar-mayat-mengaku-telah-berhubungan-intim-dengan-100-mayat,No,Shocking content,Restricted ad serving,ca-pub-7784034061253020,30,2025-02-11,2025-02-14
wartakota.tribunnews.com,Page,N/A,N/A,wartakota.tribunnews.com/2016/06/28/pria-paruh-baya-hidup-dengan-boneka-seks-selama-enam-tahun,No,Adult: Sexual content,Restricted ad serving,ca-pub-7784034061253020,29,2025-02-11,2025-02-16
wartakota.tribunnews.com,Page,N/A,N/A,wartakota.tribunnews.com/2014/06/03/ini-tanda-pria-sedang-orgasme,No,Adult: Sexual content,Restricted ad serving,ca-pub-7784034061253020,29,2025-02-13,2025-02-16
suryamalang.tribunnews.com,Page,N/A,N/A,suryamalang.tribunnews.com/2019/07/25/hotman-paris-beberkan-ciri-ciri-suami-yang-suka-jajan-di-luar-ada-jam-khusus-istri-boleh-tahu,No,Google-served ads obscuring content,Restricted ad serving,ca-pub-7784034061253020,29,2025-02-10,2025-02-16
suryamalang.tribunnews.com,Page,N/A,N/A,suryamalang.tribunnews.com/2018/10/10/soft-dan-hard-swinger-jenis-layanan-seksual-terbongkar-di-surabaya,Yes,Google-served ads obscuring content;Modified Javascript: Ads by Google size,Restricted ad serving,ca-pub-7784034061253020,29,2025-02-11,2025-02-15
sultra.tribunnews.com,Page,N/A,N/A,sultra.tribunnews.com/2022/11/17/video-denise-chariesta-beradegan-tak-senonoh-sosok-rd-di-meja-kantor-pengakuan-kini-viral-di-tiktok,Yes,Ads Disguised as Content,Restricted ad serving,ca-pub-7784034061253020,29,2025-02-11,2025-02-15
pontianak.tribunnews.com,Page,N/A,N/A,pontianak.tribunnews.com/2016/09/16/waduh-artis-populer-ini-nekat-untuk-tampil-telanjang-di-film-terbarunya,No,Adult: Sexual content,Restricted ad serving,ca-pub-7784034061253020,29,2025-02-11,2025-02-15
m.tribunnews.com,Page,N/A,N/A,m.tribunnews.com/regional/2019/01/05/kasus-video-syur-11-menit-oknum-polwan-di-makassar-ini-cerita-tim-cyber-mengungkapnya,No,Adult: Sexual content,Restricted ad serving,ca-pub-7784034061253020,29,2025-02-10,2025-02-16
m.tribunnews.com,Page,N/A,N/A,m.tribunnews.com/lifestyle/2010/04/24/gairah-seks-wanita-menurut-primbon-jawa,No,Adult: Sexual content,Restricted ad serving,ca-pub-7784034061253020,29,2025-02-11,2025-02-14
jabar.tribunnews.com,Page,N/A,N/A,jabar.tribunnews.com/2018/05/10/gila-psk-di-cina-ada-yang-gunakan-belut-agar-terlihat-seperti-perawan,No,Adult: Sexual content,Restricted ad serving,ca-pub-7784034061253020,29,2025-02-10,2025-02-15
bogor.tribunnews.com,Page,N/A,N/A,bogor.tribunnews.com/2017/09/13/kasih-resep-jamu-pembesar-payudara-bentuk-pinggang-wanita-ini-bikin-penonton-ikutan-sesak?page=2,No,Adult: Sexual content,Restricted ad serving,ca-pub-7784034061253020,29,2025-02-13,2025-02-15
bengkulu.tribunnews.com,Page,N/A,N/A,bengkulu.tribunnews.com/2022/10/07/rebahin-pindah-kemana-berikut-link-alternatif-terbaru-dan-terlaris-nonton-streaming-2022,Yes,Ads Disguised as Content,Restricted ad serving,ca-pub-7784034061253020,29,2025-02-14,2025-02-14
belitung.tribunnews.com,Page,N/A,N/A,belitung.tribunnews.com/2018/01/10/ariel-tatum-posting-gambar-seksi-dan-tulis-ini-tak-disangka,No,Adult: Sexual content,Restricted ad serving,ca-pub-7784034061253020,29,2025-02-15,2025-02-15
bangka.tribunnews.com,Page,N/A,N/A,bangka.tribunnews.com/2017/08/16/ada-gaya-berkuda-ini-dia-5-posisi-hubungan-intim-favorit-di-5-negara,No,Adult: Sexual content,Restricted ad serving,ca-pub-7784034061253020,29,2025-02-11,2025-02-14
aceh.tribunnews.com,Page,N/A,N/A,aceh.tribunnews.com/2020/06/08/tanpa-pendidikan-seks-anak-anak-muda-vietnam-terjerumus-ke-lembah-hitam?page=all,No,Adult: Sexual content,Restricted ad serving,ca-pub-7784034061253020,29,2025-02-13,2025-02-15
www.tribunnews.com,Page,N/A,N/A,www.tribunnews.com/seleb/2017/09/15/7-bintang-film-porno-jepang-ini-pilih-tobat-begini-nasibnya-sekarang,No,Adult: Sexual content,Restricted ad serving,ca-pub-7784034061253020,28,2025-02-10,2025-02-16
www.tribunnews.com,Page,N/A,N/A,www.tribunnews.com/nasional/2014/11/18/ini-dia-video-fenomena-seks-di-gunung-kemukus-jawa-tengah,Yes,Site Behavior: Navigation,Restricted ad serving,ca-pub-7784034061253020,28,2025-02-12,2025-02-16
wartakota.tribunnews.com,Page,N/A,N/A,wartakota.tribunnews.com/2015/08/22/oh-ini-toh-alasan-pria-tak-suka-pakai-kondom,No,Adult: Sexual content,Restricted ad serving,ca-pub-7784034061253020,28,2025-02-13,2025-02-15
suryamalang.tribunnews.com,Page,N/A,N/A,suryamalang.tribunnews.com/2016/12/23/mahir-dalam-urusan-posisi-bercinta-tidak-menjamin-kepuasan-cara-sederhana-ini-bisa-bikin-istri-puas,No,Adult: Sexual content,Restricted ad serving,ca-pub-7784034061253020,28,2025-02-11,2025-02-15
style.tribunnews.com,Page,N/A,N/A,style.tribunnews.com/2016/08/22/aksi-tanpa-busana-seleb-hollywood-9-bintang-ini-pernah-pamerkan-organ-intimnya-dalam-film,No,Adult: Sexual content,Restricted ad serving,ca-pub-7784034061253020,28,2025-02-10,2025-02-15
prohaba.tribunnews.com,Page,N/A,N/A,prohaba.tribunnews.com/2024/06/11/nahas-wanita-di-sidrap-tewas-ditelan-ular-piton-5-meter-perut-ular-dibelah,No,Shocking content,Restricted ad serving,ca-pub-7784034061253020,28,2025-02-12,2025-02-15
pekanbaru.tribunnews.com,Page,N/A,N/A,pekanbaru.tribunnews.com/2021/08/27/film-bokeh-maika-monroe-trend-xnxubd-film-bokeh-full-bokeh-lights-bokeh-video-google-apk-download,Yes,Ads Disguised as Content,Restricted ad serving,ca-pub-7784034061253020,28,2025-02-10,2025-02-15
medan.tribunnews.com,Page,N/A,N/A,medan.tribunnews.com/2017/03/19/anda-penikmat-blue-film-anda-pasti-tahu-8-adegan-seks-yang-jarang-terjadi-di-kehidupan-nyata,No,Adult: Sexual content,Restricted ad serving,ca-pub-7784034061253020,28,2025-02-15,2025-02-16
makassar.tribunnews.com,Page,N/A,N/A,makassar.tribunnews.com/2020/06/30/23-link-nonton-online-streaming-film-dewasa-dan-film-anak-film-india-drama-korea-serial-barat,Yes,Ads Disguised as Content,Restricted ad serving,ca-pub-7784034061253020,28,2025-02-11,2025-02-14
m.tribunnews.com,Page,N/A,N/A,m.tribunnews.com/metropolitan/2010/06/02/kuda-putih-bersaing-dengan-cungkok-dan-psk-lokal,No,Adult: Sexual content,Restricted ad serving,ca-pub-7784034061253020,28,2025-02-15,2025-02-15
m.tribunnews.com,Page,N/A,N/A,m.tribunnews.com/internasional/2014/08/30/remas-payudara-artis-porno-jepang-ada-yang-malu-ada-pula-yang-lama-memegang,No,Adult: Sexual content,Restricted ad serving,ca-pub-7784034061253020,28,2025-02-13,2025-02-16
kupang.tribunnews.com,Page,N/A,N/A,kupang.tribunnews.com/2019/08/03/sediakan-servis-bercinta-bertiga-gadis-di-bawah-umur-dipekerjakan-di-panti-pijat-plus-plus,No,Adult: Sexual content,Restricted ad serving,ca-pub-7784034061253020,28,2025-02-14,2025-02-16
jatim.tribunnews.com,Page,N/A,N/A,jatim.tribunnews.com/2021/05/31/ternyata-siswi-smp-yang-video-nyaris-bugil-hingga-viral-ketagihan-seks-seminggu-bisa-5-pria-berbeda,Yes,Ads Disguised as Content,Restricted ad serving,ca-pub-7784034061253020,28,2025-02-10,2025-02-15
jambi.tribunnews.com,Page,N/A,N/A,jambi.tribunnews.com/2017/08/14/pengungsi-pria-jatuh-ke-tangan-tante-girang-ini-kisah-hassan-4-kali-sehari-harus-melayani,No,Adult: Sexual content,Restricted ad serving,ca-pub-7784034061253020,28,2025-02-12,2025-02-16
jambi.tribunnews.com,Page,N/A,N/A,jambi.tribunnews.com/2016/08/21/gamer-cantik-ini-ketahuan-mesum-gara-gara-lupa-matikan-kamera-video,No,Adult: Sexual content,Restricted ad serving,ca-pub-7784034061253020,28,2025-02-13,2025-02-15
bogor.tribunnews.com,Page,N/A,N/A,bogor.tribunnews.com/2024/03/22/arti-mimpi-diperkosa-menurut-primbon-jawa-pertanda-akan-ada-masalah-dengan-bisnismu,Yes,Google-served ads obscuring content;Modified Javascript: Ads by Google size,Restricted ad serving,ca-pub-7784034061253020,28,2025-02-10,2025-02-16
banjarmasin.tribunnews.com,Page,N/A,N/A,banjarmasin.tribunnews.com/2017/05/18/astaga-perawat-cantik-ini-yang-khusus-menyusui-kaum-pria-dewasa-ini-resmi-lho,No,Shocking content,Restricted ad serving,ca-pub-7784034061253020,28,2025-02-12,2025-02-15
bangka.tribunnews.com,Page,N/A,N/A,bangka.tribunnews.com/2019/03/31/syahrini-terekam-kamera-berbuat-ini-di-dalam-mobil-incess-bilang-udah-beb-gak-mau,Yes,Encouraging accidental clicks: Layout;Google-served ads obscuring content,Restricted ad serving,ca-pub-7784034061253020,28,2025-02-13,2025-02-14
bangka.tribunnews.com,Page,N/A,N/A,bangka.tribunnews.com/2016/07/14/dj-gebby-sering-posting-foto-bugil-ditawari-main-film-porno,No,Google-served ads obscuring content,Restricted ad serving,ca-pub-7784034061253020,28,2025-02-15,2025-02-16
bali.tribunnews.com,Page,N/A,N/A,bali.tribunnews.com/2017/05/07/terkuak-seks-tukar-pasangan-itu-nyata-di-indonesia-adapula-tawaran-threesome,No,Adult: Sexual content,Restricted ad serving,ca-pub-7784034061253020,28,2025-02-15,2025-02-15
bali.tribunnews.com,Page,N/A,N/A,bali.tribunnews.com/2016/08/24/inilah-bentuk-miss-v-yang-paling-disukai-kaum-pria?page=2,No,Adult: Sexual content,Restricted ad serving,ca-pub-7784034061253020,28,2025-02-15,2025-02-15
www.tribunnews.com,Page,N/A,N/A,www.tribunnews.com/regional/2019/12/12/foto-wanita-buka-baju-tapi-mukanya-ditutu-jadi-viral-nitizen-jadi-penasaran-identitas-pelakunya,Yes,Ads Disguised as Content,Restricted ad serving,ca-pub-7784034061253020,27,2025-02-10,2025-02-16
www.tribunnews.com,Page,N/A,N/A,www.tribunnews.com/nasional/2018/01/09/wanita-dewasa-di-video-threesome-dengan-2-bocah-di-bandung-sehari-harinya-pemandu-lagu-karaoke,No,Adult: Sexual content,Restricted ad serving,ca-pub-7784034061253020,27,2025-02-13,2025-02-15
www.tribunnews.com,Page,N/A,N/A,www.tribunnews.com/metropolitan/2016/08/04/warga-beri-info-tarif-plus-plus-panti-pijat-ini-resepsionis-tantang-wartawan,No,Adult: Sexual content,Restricted ad serving,ca-pub-7784034061253020,27,2025-02-11,2025-02-15
wartakota.tribunnews.com,Page,N/A,N/A,wartakota.tribunnews.com/2020/09/13/chris-evans-trending-diduga-karena-tak-sengaja-perlihatkan-alat-kelamin-hingga-jadi-pergunjingan,Yes,Google-served ads obscuring content;Modified Javascript: Ads by Google size,Restricted ad serving,ca-pub-7784034061253020,27,2025-02-11,2025-02-14
wartakota.tribunnews.com,Page,N/A,N/A,wartakota.tribunnews.com/2019/11/12/polisi-bongkar-praktek-asusila-berkedok-panti-pijat-di-kelapa-gading,No,Adult: Sexual content,Restricted ad serving,ca-pub-7784034061253020,27,2025-02-13,2025-02-14
wartakota.tribunnews.com,Page,N/A,N/A,wartakota.tribunnews.com/2014/11/15/wanita-ini-butuh-35-tahun-untuk-operasi-kecilkan-payudara,No,Adult: Sexual content,Restricted ad serving,ca-pub-7784034061253020,27,2025-02-11,2025-02-15
surabaya.tribunnews.com,Page,N/A,N/A,surabaya.tribunnews.com/2017/08/18/normalkan-ukuran-dengan-metode-totok-payudara,No,Shocking content,Restricted ad serving,ca-pub-7784034061253020,27,2025-02-10,2025-02-15
style.tribunnews.com,Page,N/A,N/A,style.tribunnews.com/2016/10/15/model-22-tahun-asal-rusia-ini-klaim-punya-bokong-lebih-indah-dari-kim-kardashian-gede-bener-sob,No,Adult: Sexual content,Restricted ad serving,ca-pub-7784034061253020,27,2025-02-11,2025-02-15
style.tribunnews.com,Page,N/A,N/A,style.tribunnews.com/2016/08/22/gaya-masturbasi-pria-hayo-kamu-biasanya-pakai-style-yang-mana?page=4,No,Adult: Sexual content,Restricted ad serving,ca-pub-7784034061253020,27,2025-02-12,2025-02-15
style.tribunnews.com,Page,N/A,N/A,style.tribunnews.com/2016/08/22/gaya-masturbasi-pria-hayo-kamu-biasanya-pakai-style-yang-mana?page=2,No,Adult: Sexual content,Restricted ad serving,ca-pub-7784034061253020,27,2025-02-12,2025-02-15
solo.tribunnews.com,Page,N/A,N/A,solo.tribunnews.com/2016/08/13/profesi-inilah-yang-membuat-film-panas-terlihat-realistis-dan-sukses-menipu-banyak-orang,No,Adult: Sexual content,Restricted ad serving,ca-pub-7784034061253020,27,2025-02-10,2025-02-15
medan.tribunnews.com,Page,N/A,N/A,medan.tribunnews.com/2015/11/10/seorang-pria-kepergok-cctv-sedang-masturbasi-di-pekarangan-rumah,Yes,Google-served ads obscuring content;Modified Javascript: Ads by Google size,Restricted ad serving,ca-pub-7784034061253020,27,2025-02-13,2025-02-14
manado.tribunnews.com,Page,N/A,N/A,manado.tribunnews.com/2019/01/28/3-cara-mengetahui-suami-anda-selingkuh-atau-tidak-hotman-paris-cium-celana-dalam-dan-ketek-suami,Yes,Ads Disguised as Content,Restricted ad serving,ca-pub-7784034061253020,27,2025-02-13,2025-02-16
makassar.tribunnews.com,Page,N/A,N/A,makassar.tribunnews.com/tag/hanna-anisa,No,Adult: Sexual content,Restricted ad serving,ca-pub-7784034061253020,27,2025-02-10,2025-02-16
makassar.tribunnews.com,Page,N/A,N/A,makassar.tribunnews.com/2016/01/20/payudara-gadis-ini-disebut-paling-indah-lihat-foto-lengkapnya,No,Adult: Sexual content,Restricted ad serving,ca-pub-7784034061253020,27,2025-02-10,2025-02-15
jogja.tribunnews.com,Page,N/A,N/A,jogja.tribunnews.com/2015/08/20/bagaimana-hukum-pasutri-mengkonsumsi-obat-perangsang,No,Adult: Sexual content,Restricted ad serving,ca-pub-7784034061253020,27,2025-02-10,2025-02-14
bogor.tribunnews.com,Page,N/A,N/A,bogor.tribunnews.com/2017/09/13/kasih-resep-jamu-pembesar-payudara-bentuk-pinggang-wanita-ini-bikin-penonton-ikutan-sesak?page=3,No,Shocking content,Restricted ad serving,ca-pub-7784034061253020,27,2025-02-15,2025-02-15
belitung.tribunnews.com,Page,N/A,N/A,belitung.tribunnews.com/2018/10/11/jenis-layanan-seksual-soft-dan-hard-swinger-ini-terbongkar-di-surabaya,No,Adult: Sexual content,Restricted ad serving,ca-pub-7784034061253020,27,2025-02-10,2025-02-14
batam.tribunnews.com,Page,N/A,N/A,batam.tribunnews.com/2016/11/23/tubuh-bungkuk-udang-identik-nafsu-tinggi-ini-jawaban-sebenarnya,No,Adult: Sexual content,Restricted ad serving,ca-pub-7784034061253020,27,2025-02-11,2025-02-14
banten.tribunnews.com,Page,N/A,N/A,banten.tribunnews.com/2021/10/17/pengakuan-karyawan-pinjol-ada-modal-yang-digerebek-sekali-login-semua-data-pelanggan-didapat,Yes,Encouraging accidental clicks: Layout;Google-served ads obscuring content,Restricted ad serving,ca-pub-7784034061253020,27,2025-02-12,2025-02-15
bangka.tribunnews.com,Page,N/A,N/A,bangka.tribunnews.com/2016/12/21/menguak-mitos-mengerikan-tentang-mati-gancet-dan-fakta-tentang-gancet,No,Adult: Sexual content,Restricted ad serving,ca-pub-7784034061253020,27,2025-02-12,2025-02-15
www.tribunnews.com,Page,N/A,N/A,www.tribunnews.com/seleb/2017/09/16/setelah-memilih-pensiun-begini-nasib-7-bintang-film-dewasa-jepang,Yes,Site Behavior: Navigation,Restricted ad serving,ca-pub-7784034061253020,26,2025-02-13,2025-02-15
www.tribunnews.com,Page,N/A,N/A,www.tribunnews.com/regional/2019/01/30/inilah-sosok-muncikari-prostitusi-online-di-magelang-ia-dapat-fee-30-persen-dari-psk,No,Adult: Sexual content,Restricted ad serving,ca-pub-7784034061253020,26,2025-02-11,2025-02-16
www.tribunnews.com,Page,N/A,N/A,www.tribunnews.com/metropolitan/2010/06/02/kuda-putih-bersaing-dengan-cungkok-dan-psk-lokal,No,Adult: Sexual content,Restricted ad serving,ca-pub-7784034061253020,26,2025-02-12,2025-02-14
www.tribunnews.com,Page,N/A,N/A,www.tribunnews.com/lifestyle/2016/12/22/hati-hati-onani-ternyata-bisa-sebabkan-penyakit-kelamin-lho,No,Adult: Sexual content,Restricted ad serving,ca-pub-7784034061253020,26,2025-02-13,2025-02-15
wow.tribunnews.com,Page,N/A,N/A,wow.tribunnews.com/2017/09/29/10-tanda-pria-dan-wanita-yang-miliki-libido-tinggi-kamu-termasuk-nggak,Yes,Adult: Sexual content;Site Behavior: Navigation,Restricted ad serving,ca-pub-7784034061253020,26,2025-02-12,2025-02-14
wartakota.tribunnews.com,Page,N/A,N/A,wartakota.tribunnews.com/2019/04/28/ibunya-lihat-ada-cupangan-di-leher-gadis-16-tahun-ini-mengaku-telah-berhubungan-intim-dengan-5-pria,No,Shocking content,Restricted ad serving,ca-pub-7784034061253020,26,2025-02-13,2025-02-15
wartakota.tribunnews.com,Page,N/A,N/A,wartakota.tribunnews.com/2018/07/09/pamela-safitri-pecahin-balon-pakai-gaya-mirip-posisi-seks-warganet-xxx,No,Adult: Sexual content,Restricted ad serving,ca-pub-7784034061253020,26,2025-02-11,2025-02-15
wartakota.tribunnews.com,Page,N/A,N/A,wartakota.tribunnews.com/2014/12/14/seks-di-luar-kamar-tidur-inilah-sensasinya,No,Adult: Sexual content,Restricted ad serving,ca-pub-7784034061253020,26,2025-02-10,2025-02-14
sumsel.tribunnews.com,Page,N/A,N/A,sumsel.tribunnews.com/2021/02/24/arti-kata-rebahan-istilah-yang-sering-dipakai-oleh-pengguna-instagram-di-tahun-2021,No,Google-served ads obscuring content,Restricted ad serving,ca-pub-7784034061253020,26,2025-02-14,2025-02-14
style.tribunnews.com,Page,N/A,N/A,style.tribunnews.com/2016/08/22/aksi-tanpa-busana-seleb-hollywood-9-bintang-ini-pernah-pamerkan-organ-intimnya-dalam-film?page=all,No,Adult: Sexual content,Restricted ad serving,ca-pub-7784034061253020,26,2025-02-14,2025-02-14
pontianak.tribunnews.com,Page,N/A,N/A,pontianak.tribunnews.com/2022/04/13/renungan-kamis-putih-katolik-14-april-2022-lengkap-bacaan-1-bacaan-2-bacaan-injil-mazmur-tanggapan,Yes,Encouraging accidental clicks: Layout;Google-served ads obscuring content,Restricted ad serving,ca-pub-7784034061253020,26,2025-02-14,2025-02-14
palembang.tribunnews.com,Page,N/A,N/A,palembang.tribunnews.com/2018/01/17/bukan-cuma-olivia-artis-porno-jepang-ini-meninggal-lebih-tragis-dipaksa-adegan-intim-ini-ngeri,No,Adult: Sexual content,Restricted ad serving,ca-pub-7784034061253020,26,2025-02-11,2025-02-16
medan.tribunnews.com,Page,N/A,N/A,medan.tribunnews.com/2022/11/09/terkuak-identitas-2-pemeran-video-syur-wanita-kebaya-merah-si-wanita-ternyata-berprofesi-ini,Yes,Ads Disguised as Content,Restricted ad serving,ca-pub-7784034061253020,26,2025-02-16,2025-02-16
medan.tribunnews.com,Page,N/A,N/A,medan.tribunnews.com/2017/11/10/kisah-cewek-yang-selalu-terangsang-dan-ingin-intim-dengan-pria-setiap-saat-ini-fakta-sebenarnya,No,Adult: Sexual content,Restricted ad serving,ca-pub-7784034061253020,26,2025-02-13,2025-02-15
m.tribunnews.com,Page,N/A,N/A,m.tribunnews.com/tag/sopir-selingkuh-dengan-istri-majikan,No,Google-served ads obscuring content,Restricted ad serving,ca-pub-7784034061253020,26,2025-02-10,2025-02-16
m.tribunnews.com,Page,N/A,N/A,m.tribunnews.com/regional/2015/05/14/beli-150-slop-rokok-hanya-rp-3-juta-warga-pontianak-ditangkap-bea-cukai-tanjung-perak,No,Tobacco,Restricted ad serving,ca-pub-7784034061253020,26,2025-02-13,2025-02-14
lampung.tribunnews.com,Page,N/A,N/A,lampung.tribunnews.com/2018/04/18/astaga-polisi-ini-dua-kali-gerebek-istrinya-berduaan-dengan-lelaki-lain-di-kamar-kos-nggak-kapok,No,Adult: Sexual content,Restricted ad serving,ca-pub-7784034061253020,26,2025-02-13,2025-02-14
jateng.tribunnews.com,Page,N/A,N/A,jateng.tribunnews.com/2018/02/06/mudahnya-akses-video-bokep-pelarian-bagi-yang-alami-ketidakpuasan-seksual-awas-kecanduan,No,Adult: Sexual content,Restricted ad serving,ca-pub-7784034061253020,26,2025-02-11,2025-02-14
jateng.tribunnews.com,Page,N/A,N/A,jateng.tribunnews.com/2017/11/29/sssstt-ini-rahasia-merawat-payudara-tetap-kencang-dan-indah,Yes,Adult: Sexual content;Site Behavior: Navigation,Restricted ad serving,ca-pub-7784034061253020,26,2025-02-10,2025-02-16
jambi.tribunnews.com,Page,N/A,N/A,jambi.tribunnews.com/2018/03/01/kohey-nishi-bintang-panas-paling-kecil-di-dunia-cewek-antre-kencan-saat-tahu-kemampuannya,No,Adult: Sexual content,Restricted ad serving,ca-pub-7784034061253020,26,2025-02-10,2025-02-14
jabar.tribunnews.com,Page,N/A,N/A,jabar.tribunnews.com/2023/10/18/pengobatan-alat-vital-garut-jawa-barat-h-abdul-azis-resmi-terbukti-telepon-0852-1712-3567,No,Adult: Sexual content,Restricted ad serving,ca-pub-7784034061253020,26,2025-02-13,2025-02-16
jabar.tribunnews.com,Page,N/A,N/A,jabar.tribunnews.com/2023/04/06/pusat-klinik-pengobatan-alat-vital-bogor-bantu-menjaga-keharmonisan-pasangan-suami-istri,No,Adult: Sexual content,Restricted ad serving,ca-pub-7784034061253020,26,2025-02-10,2025-02-15
bogor.tribunnews.com,Page,N/A,N/A,bogor.tribunnews.com/2018/02/24/waspadai-fenomena-akhwat-hunter-jadikan-wanita-berjilbab-hingga-bercadar-sebagai-bahan-fantasi,No,Google-served ads obscuring content,Restricted ad serving,ca-pub-7784034061253020,26,2025-02-14,2025-02-14
bogor.tribunnews.com,Page,N/A,N/A,bogor.tribunnews.com/2016/06/30/ini-6-tanda-pasangan-anda-pernah-tidur-dengan-pria-lain-cukur-rambut-kemaluan-hingga-gaya-bercinta,No,Adult: Sexual content,Restricted ad serving,ca-pub-7784034061253020,26,2025-02-12,2025-02-15
belitung.tribunnews.com,Page,N/A,N/A,belitung.tribunnews.com/2016/04/09/panaskan-gairah-ranjang-dengan-meniru-6-adegan-film,No,Adult: Sexual content,Restricted ad serving,ca-pub-7784034061253020,26,2025-02-11,2025-02-15
bangka.tribunnews.com,Page,N/A,N/A,bangka.tribunnews.com/2020/11/12/video-syur-mirip-gisel-versi-1-menit-36-detik-lebih-jelas-begini-penjelasan-pakar-telematika,No,Google-served ads obscuring content,Restricted ad serving,ca-pub-7784034061253020,26,2025-02-10,2025-02-15
bangka.tribunnews.com,Page,N/A,N/A,bangka.tribunnews.com/2017/11/09/reaksi-3-janda-cantik-saat-goyang-goyang-turun-naik-bikin-salah-fokus-pada-itunya,No,Shocking content,Restricted ad serving,ca-pub-7784034061253020,26,2025-02-15,2025-02-15
bangka.tribunnews.com,Page,N/A,N/A,bangka.tribunnews.com/2016/08/13/memalukan-lakukan-asusila-para-abg-ini-tunjukkan-ekspresi-bahagia,No,Adult: Sexual content,Restricted ad serving,ca-pub-7784034061253020,26,2025-02-16,2025-02-16
www.tribunnews.com,Page,N/A,N/A,www.tribunnews.com/seleb/2015/12/11/artis-porno-mahal-jepang-punya-tarif-sekitar-10-juta-yen-sekali-main-film,No,Adult: Sexual content,Restricted ad serving,ca-pub-7784034061253020,25,2025-02-10,2025-02-16
www.tribunnews.com,Page,N/A,N/A,www.tribunnews.com/regional/2016/05/25/dua-pasang-siswa-sma-di-sidoarjo-kepergok-mesum-di-warnet-ada-kondom-bekasnya,No,Adult: Sexual content,Restricted ad serving,ca-pub-7784034061253020,25,2025-02-10,2025-02-14
www.tribunnews.com,Page,N/A,N/A,www.tribunnews.com/internasional/2016/11/08/payudaranya-tercantik-di-jepang-bersedia-menyusui-anaknya-kalau-lahir-nanti,No,Adult: Sexual content,Restricted ad serving,ca-pub-7784034061253020,25,2025-02-10,2025-02-15
wartakota.tribunnews.com,Page,N/A,N/A,wartakota.tribunnews.com/2014/08/27/bersepeda-bisa-bikin-si-dia-tersenyum-puas-di-ranjang,No,Adult: Sexual content,Restricted ad serving,ca-pub-7784034061253020,25,2025-02-10,2025-02-15
wartakota.tribunnews.com,Page,N/A,N/A,wartakota.tribunnews.com/2014/07/20/ini-dia-beda-hiperseks-pada-wanita-dan-pria,No,Adult: Sexual content,Restricted ad serving,ca-pub-7784034061253020,25,2025-02-10,2025-02-15
sumsel.tribunnews.com,Page,N/A,N/A,sumsel.tribunnews.com/2015/12/11/film-porno-jepang-saat-adegan-seks-pakai-kondom-atau-tidak,No,Adult: Sexual content,Restricted ad serving,ca-pub-7784034061253020,25,2025-02-12,2025-02-15
palembang.tribunnews.com,Page,N/A,N/A,palembang.tribunnews.com/2017/11/20/bikin-geleng-geleng-10-wanita-ini-disebut-sebagai-bintang-film-panas-paling-tajir-di-dunia?page=8,Yes,Ads Disguised as Content,Restricted ad serving,ca-pub-7784034061253020,25,2025-02-10,2025-02-15
manado.tribunnews.com,Page,N/A,N/A,manado.tribunnews.com/2017/11/14/berikut-8-hal-yang-menyebabkan-barang-anda-sulit-berdiri-lagi,No,Adult: Sexual content,Restricted ad serving,ca-pub-7784034061253020,25,2025-02-13,2025-02-15
makassar.tribunnews.com,Page,N/A,N/A,makassar.tribunnews.com/2020/03/27/fakta-fakta-pramugari-mesum-dengan-kekasih-main-di-hotel-direkam-pakai-ponsel-wanita,No,Shocking content,Restricted ad serving,ca-pub-7784034061253020,25,2025-02-11,2025-02-16
madura.tribunnews.com,Page,N/A,N/A,madura.tribunnews.com/2019/07/30/hubungan-inses-kakak-adik-kandung-di-luwu-selain-nafsu-masalah-kejantanan-dan-film-porno-sebabnya,No,Adult: Sexual content,Restricted ad serving,ca-pub-7784034061253020,25,2025-02-10,2025-02-15
m.tribunnews.com,Page,N/A,N/A,m.tribunnews.com/otomotif/tips-trik-mobil,Yes,Unnatural attention to ads,Restricted ad serving,ca-pub-7784034061253020,25,2025-02-10,2025-02-14
jogja.tribunnews.com,Page,N/A,N/A,jogja.tribunnews.com/2015/06/10/kompetisi-unik-pamer-bulu-ketek-bagi-cewek,No,Adult: Sexual content,Restricted ad serving,ca-pub-7784034061253020,25,2025-02-15,2025-02-16
jateng.tribunnews.com,Page,N/A,N/A,jateng.tribunnews.com/2022/08/05/cerita-psk-soal-perbedaan-pelanggan-tua-dan-muda-meski-cara-melayani-tetap-sama,Yes,Ads Disguised as Content,Restricted ad serving,ca-pub-7784034061253020,25,2025-02-12,2025-02-16
jateng.tribunnews.com,Page,N/A,N/A,jateng.tribunnews.com/2017/04/21/gadis-ini-bantah-ia-pemeran-video-porno-asd-ria-from-bali-yang-heboh-lihat-perbandingan-wajahnya?page=3,No,Shocking content,Restricted ad serving,ca-pub-7784034061253020,25,2025-02-15,2025-02-15
jateng.tribunnews.com,Page,N/A,N/A,jateng.tribunnews.com/2017/01/09/usia-baru-7-tahun-ukuran-payudara-bocah-ini-bikin-heboh-ini-yang-terjadi-padanya?page=1,No,Adult: Sexual content,Restricted ad serving,ca-pub-7784034061253020,25,2025-02-14,2025-02-14
jateng.tribunnews.com,Page,N/A,N/A,jateng.tribunnews.com/2016/05/30/seperti-apa-bentuk-bokongmu-inilah-celana-dalam-yang-cocok-dengan-bokong-anda,No,Adult: Sexual content,Restricted ad serving,ca-pub-7784034061253020,25,2025-02-10,2025-02-14
jambi.tribunnews.com,Page,N/A,N/A,jambi.tribunnews.com/2018/02/05/7-tata-cara-bersetubuh-dan-posisi-seks-menurut-islam-ingat-nomor-6-haram-dilakukan,No,Adult: Sexual content,Restricted ad serving,ca-pub-7784034061253020,25,2025-02-11,2025-02-15
jambi.tribunnews.com,Page,N/A,N/A,jambi.tribunnews.com/2018/01/18/perhatikan-ini-ciri-wanita-yang-sering-melakukan-masturbasi-7-tanda-ini-bakal-mengungkapkannya?page=2,No,Adult: Sexual content,Restricted ad serving,ca-pub-7784034061253020,25,2025-02-11,2025-02-15
jambi.tribunnews.com,Page,N/A,N/A,jambi.tribunnews.com/2017/11/29/9-posisi-oral-seks-yang-membuat-pasangan-merem-melek-nomor-3-enak-dilakukan-di-sofa,No,Adult: Sexual content,Restricted ad serving,ca-pub-7784034061253020,25,2025-02-12,2025-02-15
jakarta.tribunnews.com,Page,N/A,N/A,jakarta.tribunnews.com/2022/11/07/tak-cuma-kebaya-merah-pemeran-video-syur-kenakan-busana-merah-ini-makna-merah-di-kehidupan-seks,Yes,Ads Disguised as Content,Restricted ad serving,ca-pub-7784034061253020,25,2025-02-12,2025-02-16
jakarta.tribunnews.com,Page,N/A,N/A,jakarta.tribunnews.com/2018/11/08/fenomena-kopi-pangku-di-gunung-putri-bogor-tawarkan-kehangatan-bagi-sopir,No,Adult: Sexual content,Restricted ad serving,ca-pub-7784034061253020,25,2025-02-12,2025-02-14
belitung.tribunnews.com,Page,N/A,N/A,belitung.tribunnews.com/2018/09/04/ini-arti-dari-6-bentuk-bibir-ini-lihat-seperti-apa-bentuk-bibir-kamu?page=2,No,Shocking content,Restricted ad serving,ca-pub-7784034061253020,25,2025-02-11,2025-02-16
belitung.tribunnews.com,Page,N/A,N/A,belitung.tribunnews.com/2018/05/28/6-ciri-wanita-sudah-tak-perawan-mulai-hidung-mata-payudara-hingga-bentuk-perut?page=3,No,Adult: Sexual content,Restricted ad serving,ca-pub-7784034061253020,25,2025-02-11,2025-02-15
belitung.tribunnews.com,Page,N/A,N/A,belitung.tribunnews.com/2017/12/21/miliki-mr-p-terbesar-di-dunia-dan-ingin-jadi-bintang-film-panas-ternyata-roberto-malah-derita-ini,No,Adult: Sexual content,Restricted ad serving,ca-pub-7784034061253020,25,2025-02-10,2025-02-14
belitung.tribunnews.com,Page,N/A,N/A,belitung.tribunnews.com/2017/12/20/deretan-aktris-cantik-ini-nikmati-adegan-intim-alasannya-mengejutkan?page=all,No,Adult: Sexual content,Restricted ad serving,ca-pub-7784034061253020,25,2025-02-12,2025-02-14
belitung.tribunnews.com,Page,N/A,N/A,belitung.tribunnews.com/2016/08/01/delapan-cara-ini-ampuh-memancing-hasrat-wanita,No,Adult: Sexual content,Restricted ad serving,ca-pub-7784034061253020,25,2025-02-11,2025-02-15
batam.tribunnews.com,Page,N/A,N/A,batam.tribunnews.com/2017/11/12/3-tips-alami-buat-kebesaran-mr-p-dan-bentuknya-yang-kokoh,No,Adult: Sexual content,Restricted ad serving,ca-pub-7784034061253020,25,2025-02-14,2025-02-14
bangka.tribunnews.com,Page,N/A,N/A,bangka.tribunnews.com/2016/05/01/ssst-inilah-ciri-ciri-orang-yang-kecanduan-onani?page=2,Yes,Google-served ads obscuring content;Modified Javascript: Ads by Google size,Restricted ad serving,ca-pub-7784034061253020,25,2025-02-11,2025-02-14
bali.tribunnews.com,Page,N/A,N/A,bali.tribunnews.com/2017/04/18/wanita-ini-tepergok-selingkuh-tanpa-busana-logatnya-kental-dari-daerah-di-indonesia-in,No,Adult: Sexual content,Restricted ad serving,ca-pub-7784034061253020,25,2025-02-13,2025-02-16
bali.tribunnews.com,Page,N/A,N/A,bali.tribunnews.com/2017/02/18/ciri-wanita-hiperseks-suka-gonta-ganti-pasangan-dan-umbar-konten-porno,No,Adult: Sexual content,Restricted ad serving,ca-pub-7784034061253020,25,2025-02-11,2025-02-15
www.tribunnews.com,Page,N/A,N/A,www.tribunnews.com/regional/2015/11/27/saya-diajak-teman-katanya-psk-di-medan-murah-murah,No,Shocking content,Restricted ad serving,ca-pub-7784034061253020,24,2025-02-10,2025-02-14
www.tribunnews.com,Page,N/A,N/A,www.tribunnews.com/regional/2013/08/23/pria-membeli-wanita-dalam-adat-nikahan-oku-selatan,No,Shocking content,Restricted ad serving,ca-pub-7784034061253020,24,2025-02-11,2025-02-15
www.tribunnews.com,Page,N/A,N/A,www.tribunnews.com/internasional/2019/05/22/kakek-jepang-shigeo-tokuda-tak-pernah-pakai-obat-saat-bermain-film-bokep,No,Adult: Sexual content,Restricted ad serving,ca-pub-7784034061253020,24,2025-02-10,2025-02-14
wartakota.tribunnews.com,Page,N/A,N/A,wartakota.tribunnews.com/2019/08/14/mantan-bintang-film-panas-ungkap-penghasilannya-sekali-main-berhenti-gara-gara-isis,No,Adult: Sexual content,Restricted ad serving,ca-pub-7784034061253020,24,2025-02-10,2025-02-15
wartakota.tribunnews.com,Page,N/A,N/A,wartakota.tribunnews.com/2019/03/15/video-pelaku-memberondong-jamaah-masjid-sambil-live-video,Yes,Google-served ads on screens without publisher-content,Restricted ad serving,ca-pub-7784034061253020,24,2025-02-10,2025-02-15
wartakota.tribunnews.com,Page,N/A,N/A,wartakota.tribunnews.com/2018/01/21/kasihan-bocah-sd-jadi-kecanduan-seks-karena-sejak-umur-2-tahun-tinggal-di-dolly,No,Adult: Sexual content,Restricted ad serving,ca-pub-7784034061253020,24,2025-02-10,2025-02-16
wartakota.tribunnews.com,Page,N/A,N/A,wartakota.tribunnews.com/2015/05/11/masuk-daftar-psk-ra-baby-margaretha-ingin-pensiun-dari-model-dan-artis,No,Adult: Sexual content,Restricted ad serving,ca-pub-7784034061253020,24,2025-02-13,2025-02-15
surabaya.tribunnews.com,Page,N/A,N/A,surabaya.tribunnews.com/2019/10/08/pria-di-jepang-tinggalkan-istri-dan-anaknya-demi-boneka-pemuas-nafsu-ini-bahaya-menurut-ahli,No,Adult: Sexual content,Restricted ad serving,ca-pub-7784034061253020,24,2025-02-12,2025-02-15
sumsel.tribunnews.com,Page,N/A,N/A,sumsel.tribunnews.com/2021/04/23/lirik-dan-arti-lagu-she-going-ham-on-my-tonight-viral-di-tiktok-dick-starboi3-feat-doja-cat,Yes,Ads Disguised as Content,Restricted ad serving,ca-pub-7784034061253020,24,2025-02-10,2025-02-16
pontianak.tribunnews.com,Page,N/A,N/A,pontianak.tribunnews.com/2021/09/28/titik-refleksi-darah-tinggi-pada-tangan-kepala-leher-kaki-titik-pijat-hilangkan-sakit-kepala,No,Google-served ads obscuring content,Restricted ad serving,ca-pub-7784034061253020,24,2025-02-14,2025-02-14
pontianak.tribunnews.com,Page,N/A,N/A,pontianak.tribunnews.com/2018/02/05/puaskan-istri-saat-haid-begini-caranya-dalam-islam?page=2,No,Adult: Sexual content,Restricted ad serving,ca-pub-7784034061253020,24,2025-02-11,2025-02-14
pontianak.tribunnews.com,Page,N/A,N/A,pontianak.tribunnews.com/2015/10/23/video-seorang-ibu-melahirkan-sendiri-di-bak-mandi-tanpa-perawat,No,Shocking content,Restricted ad serving,ca-pub-7784034061253020,24,2025-02-10,2025-02-14
pekanbaru.tribunnews.com,Page,N/A,N/A,pekanbaru.tribunnews.com/tag/berhubungan-badan,Yes,Google-served ads on screens without publisher-content,Restricted ad serving,ca-pub-7784034061253020,24,2025-02-10,2025-02-14
pekanbaru.tribunnews.com,Page,N/A,N/A,pekanbaru.tribunnews.com/2021/08/01/rungkad-artinya-dalam-bahasa-gaul-apa-rungkad-adalah-bahasa-sunda-ini-arti-rungkad-sebenarnya,Yes,Encouraging accidental clicks: Layout;Google-served ads obscuring content,Restricted ad serving,ca-pub-7784034061253020,24,2025-02-11,2025-02-14
pekanbaru.tribunnews.com,Page,N/A,N/A,pekanbaru.tribunnews.com/2018/09/10/daripada-obat-kuat-ternyata-sayur-ini-bisa-tingkatkan-gairah-para-istri-yuk-simak-penjelasannya,No,Adult: Sexual content,Restricted ad serving,ca-pub-7784034061253020,24,2025-02-14,2025-02-14
pekanbaru.tribunnews.com,Page,N/A,N/A,pekanbaru.tribunnews.com/2018/05/25/5-bentuk-tangan-pengaruhi-kepribadian-si-tangan-air-kamu-pandai-menyimpan-rahasia-orang-lain,No,Shocking content,Restricted ad serving,ca-pub-7784034061253020,24,2025-02-10,2025-02-15
pekanbaru.tribunnews.com,Page,N/A,N/A,pekanbaru.tribunnews.com/2017/05/22/kecelakaan-di-tempat-kerja-tangan-pria-ini-dimasukkan-ke-dalam-perutnya-agar-tidak-diamputasi,No,Shocking content,Restricted ad serving,ca-pub-7784034061253020,24,2025-02-14,2025-02-14
palembang.tribunnews.com,Page,N/A,N/A,palembang.tribunnews.com/2015/04/25/ini-manfaat-bercinta-di-kamar-mandi,No,Adult: Sexual content,Restricted ad serving,ca-pub-7784034061253020,24,2025-02-14,2025-02-14
makassar.tribunnews.com,Page,N/A,N/A,makassar.tribunnews.com/2021/03/24/dikira-suami-yang-mengelus-bagian-sensitif-irt-jadi-korban-pencabulan-hingga-tak-beradaya,Yes,Ads Disguised as Content,Restricted ad serving,ca-pub-7784034061253020,24,2025-02-15,2025-02-15
makassar.tribunnews.com,Page,N/A,N/A,makassar.tribunnews.com/2016/11/26/rugi-kalau-tak-tahu-inilah-arti-bo-st-lt-di-ucapan-terima-kasih-psk-kepada-anji-drive?page=4,No,Adult: Sexual content,Restricted ad serving,ca-pub-7784034061253020,24,2025-02-13,2025-02-14
makassar.tribunnews.com,Page,N/A,N/A,makassar.tribunnews.com/2015/07/27/keseringan-onani-bikin-lutut-kopong-dan-merusak-kualitas-sperma?page=2,No,Adult: Sexual content,Restricted ad serving,ca-pub-7784034061253020,24,2025-02-12,2025-02-15
m.tribunnews.com,Page,N/A,N/A,m.tribunnews.com/metropolitan/2017/01/08/20-psk-cantik-warga-china-dan-thailand-ini-terjaring-razia-di-jakarta-barat,No,Adult: Sexual content,Restricted ad serving,ca-pub-7784034061253020,24,2025-02-14,2025-02-14
lampung.tribunnews.com,Page,N/A,N/A,lampung.tribunnews.com/2017/07/18/video-pasang-kamera-tkw-rekam-aksi-mesum-majikannya-di-dapur,Yes,Site Behavior: Navigation,Restricted ad serving,ca-pub-7784034061253020,24,2025-02-11,2025-02-14
kupang.tribunnews.com,Page,N/A,N/A,kupang.tribunnews.com/2019/07/18/terlihat-sangat-perkasaternyata-ini-cara-aktor-film-porno-menjaga-ereksinya-bertahan-sepanjang-film?page=2,No,Adult: Sexual content,Restricted ad serving,ca-pub-7784034061253020,24,2025-02-11,2025-02-14
kupang.tribunnews.com,Page,N/A,N/A,kupang.tribunnews.com/2019/03/19/prostitusi-online-hotel-bintang-kota-kupang-sekali-kencan-tarif-rp-1-juta,No,Adult: Sexual content,Restricted ad serving,ca-pub-7784034061253020,24,2025-02-13,2025-02-15
kupang.tribunnews.com,Page,N/A,N/A,kupang.tribunnews.com/2018/11/20/hanya-pakai-celana-dalam-pria-ini-intip-seorang-wanita-sedang-mandi-telanjang-ini-yang-terjadi,Yes,Google-served ads on screens without publisher-content,Restricted ad serving,ca-pub-7784034061253020,24,2025-02-10,2025-02-16
kupang.tribunnews.com,Page,N/A,N/A,kupang.tribunnews.com/2017/09/26/goyangan-pamela-duo-serigala-panas-dari-insiden-dada-nyembul-sampai-pose-nugingnya-bikin-heboh,No,Adult: Sexual content,Restricted ad serving,ca-pub-7784034061253020,24,2025-02-11,2025-02-15
jogja.tribunnews.com,Page,N/A,N/A,jogja.tribunnews.com/2017/05/07/lagi-marah-atau-stres-sesuaikan-gaya-bercinta-anda-dengan-suasana-hati,No,Adult: Sexual content,Restricted ad serving,ca-pub-7784034061253020,24,2025-02-10,2025-02-14
jogja.tribunnews.com,Page,N/A,N/A,jogja.tribunnews.com/2017/04/02/tak-cuma-bangkitkan-gairah-inilah-manfaat-hisap-payudara-wanita,No,Adult: Sexual content,Restricted ad serving,ca-pub-7784034061253020,24,2025-02-14,2025-02-14
jogja.tribunnews.com,Page,N/A,N/A,jogja.tribunnews.com/2016/04/18/ternyata-wanita-di-inggris-tidak-mengenakan-celana-dalam,No,Adult: Sexual content,Restricted ad serving,ca-pub-7784034061253020,24,2025-02-16,2025-02-16
jogja.tribunnews.com,Page,N/A,N/A,jogja.tribunnews.com/2011/02/09/pijat-ini-tak-pakai-tangan-tapi-kaki,No,Shocking content,Restricted ad serving,ca-pub-7784034061253020,24,2025-02-10,2025-02-15
jateng.tribunnews.com,Page,N/A,N/A,jateng.tribunnews.com/2016/08/03/ini-lima-tanda-suami-belum-puas-dilayani-istri-di-ranjang,No,Adult: Sexual content,Restricted ad serving,ca-pub-7784034061253020,24,2025-02-14,2025-02-14
jambi.tribunnews.com,Page,N/A,N/A,jambi.tribunnews.com/2018/04/30/5-gaya-bercinta-paling-populer-di-dalam-kitab-kamasutra-wanita-paling-senang?page=3,No,Adult: Sexual content,Restricted ad serving,ca-pub-7784034061253020,24,2025-02-11,2025-02-14
jambi.tribunnews.com,Page,N/A,N/A,jambi.tribunnews.com/2018/01/18/perhatikan-ini-ciri-wanita-yang-sering-melakukan-masturbasi-7-tanda-ini-bakal-mengungkapkannya?page=3,No,Adult: Sexual content,Restricted ad serving,ca-pub-7784034061253020,24,2025-02-12,2025-02-15
jambi.tribunnews.com,Page,N/A,N/A,jambi.tribunnews.com/2017/12/21/tips-mudah-agar-payudara-tetap-kencang-setelah-menyusui-no-3-paling-enak,No,Shocking content,Restricted ad serving,ca-pub-7784034061253020,24,2025-02-15,2025-02-15
belitung.tribunnews.com,Page,N/A,N/A,belitung.tribunnews.com/2017/01/12/berdarah-darah-saat-bercinta-ternyata-pasangan-seks-ini-lakukan-gaya-tak-lazim?page=2,No,Shocking content,Restricted ad serving,ca-pub-7784034061253020,24,2025-02-15,2025-02-16
belitung.tribunnews.com,Page,N/A,N/A,belitung.tribunnews.com/2016/03/29/kenali-gairah-seks-wanita-dilihat-dari-zodiaknya,No,Adult: Sexual content,Restricted ad serving,ca-pub-7784034061253020,24,2025-02-12,2025-02-15
batam.tribunnews.com,Page,N/A,N/A,batam.tribunnews.com/2017/05/06/bak-adegan-baywatch-wanita-berbaju-renang-ini-selamatkan-hp-yang-terjebur-ke-air,No,Shocking content,Restricted ad serving,ca-pub-7784034061253020,24,2025-02-14,2025-02-14
bangka.tribunnews.com,Page,N/A,N/A,bangka.tribunnews.com/2020/12/02/3-perbedaan-laki-laki-yang-disunat-dan-tidak-disunat-ternyata-bekasnya-paling-sensitif?page=4,No,Adult: Sexual content,Restricted ad serving,ca-pub-7784034061253020,24,2025-02-11,2025-02-15
bangka.tribunnews.com,Page,N/A,N/A,bangka.tribunnews.com/2020/03/05/tips-gerakan-senam-kegel-untuk-wanita-manfaatnya-bisa-bahagiakan-pasangan-anda?page=3,No,Shocking content,Restricted ad serving,ca-pub-7784034061253020,24,2025-02-13,2025-02-15
bangka.tribunnews.com,Page,N/A,N/A,bangka.tribunnews.com/2020/01/08/perankan-hubungan-intim-5-artis-akhirnya-menikmati-ada-yang-bareng-brondong-loh,No,Shocking content,Restricted ad serving,ca-pub-7784034061253020,24,2025-02-10,2025-02-14
bangka.tribunnews.com,Page,N/A,N/A,bangka.tribunnews.com/2016/08/29/video-guru-dan-siswi-tepergok-setengah-bugil,Yes,Site Behavior: Navigation,Restricted ad serving,ca-pub-7784034061253020,24,2025-02-12,2025-02-15
bali.tribunnews.com,Page,N/A,N/A,bali.tribunnews.com/2019/10/23/cara-minum-telur-bebek-mentah-agar-tidak-amis-berkhasiat-meningkatkan-gairah-suami-istri,No,Adult: Sexual content,Restricted ad serving,ca-pub-7784034061253020,24,2025-02-14,2025-02-14
bali.tribunnews.com,Page,N/A,N/A,bali.tribunnews.com/2017/07/02/pria-ini-jatuh-cinta-dengan-boneka-seks-sikap-anak-dan-istrinya-malah-begini,No,Adult: Sexual content,Restricted ad serving,ca-pub-7784034061253020,24,2025-02-10,2025-02-16
www.tribunnews.com,Page,N/A,N/A,www.tribunnews.com/regional/2015/06/02/biar-bisa-teler-jamur-tai-sapi-jadi-pilihan-remaja-bolsel,No,Adult: Sexual content,Restricted ad serving,ca-pub-7784034061253020,23,2025-02-12,2025-02-16
wartakota.tribunnews.com,Page,N/A,N/A,wartakota.tribunnews.com/2022/05/26/video-tiktokers-berhijab-pamer-payudara-menuai-kecaman-banyak-netizen,Yes,Ads Disguised as Content,Restricted ad serving,ca-pub-7784034061253020,23,2025-02-11,2025-02-15
wartakota.tribunnews.com,Page,N/A,N/A,wartakota.tribunnews.com/2017/11/13/oknum-pns-ini-3-kali-seminggu-masukkan-terong-timun-ke-kemaluan-isteri,No,Adult: Sexual content,Restricted ad serving,ca-pub-7784034061253020,23,2025-02-11,2025-02-16
makassar.tribunnews.com,Page,N/A,N/A,makassar.tribunnews.com/2014/09/06/ini-alasan-mantan-istri-andika-the-titans-foto-mesum-berseragam-pns,No,Adult: Sexual content,Restricted ad serving,ca-pub-7784034061253020,23,2025-02-14,2025-02-15
kalteng.tribunnews.com,Page,N/A,N/A,kalteng.tribunnews.com/2017/09/30/video-rekaman-asli-pengangkatan-jenazah-para-jenderal-dari-lubang-buaya?page=2,No,Shocking content,Restricted ad serving,ca-pub-7784034061253020,23,2025-02-10,2025-02-15
jatim.tribunnews.com,Page,N/A,N/A,jatim.tribunnews.com/2017/07/31/sudah-jarang-diperhatikan-dj-butterfly-unggah-foto-bugil-netter-mau-ngerusak-indonesia-nih?page=4,No,Adult: Sexual content,Restricted ad serving,ca-pub-7784034061253020,23,2025-02-15,2025-02-15
jambi.tribunnews.com,Page,N/A,N/A,jambi.tribunnews.com/2016/07/14/ketika-wanita-terangsang-dan-lagi-sendirian-inilah-yang-mereka-lakukan,No,Adult: Sexual content,Restricted ad serving,ca-pub-7784034061253020,23,2025-02-10,2025-02-15
jambi.tribunnews.com,Page,N/A,N/A,jambi.tribunnews.com/2015/10/14/haus-seks-wanita-ini-nekat-cari-pria-tiap-istirahat-kantor,No,Adult: Sexual content,Restricted ad serving,ca-pub-7784034061253020,23,2025-02-13,2025-02-15
jabar.tribunnews.com,Page,N/A,N/A,jabar.tribunnews.com/2018/02/21/ini-alasan-pasutri-dari-bandung-bawa-anak-saat-layani-threesome-ingin-cari-sensasi-lain,No,Adult: Sexual content,Restricted ad serving,ca-pub-7784034061253020,23,2025-02-16,2025-02-16
bekasi.tribunnews.com,Page,N/A,N/A,bekasi.tribunnews.com/2022/07/26/film-semi-korea-terbaik-2022-terbaru-dan-bikin-deg-degan-laris-ditonton-pasangan-yang-baru-menikah,Yes,Ads Disguised as Content,Restricted ad serving,ca-pub-7784034061253020,23,2025-02-12,2025-02-15
batam.tribunnews.com,Page,N/A,N/A,batam.tribunnews.com/2021/08/10/waktu-qobliyah-subuh-yang-diperbolehkan-setelah-atau-sebelum-adzan-subuh,Yes,Content obscuring Google-served ads;Encouraging accidental clicks: Layout,Restricted ad serving,ca-pub-7784034061253020,23,2025-02-11,2025-02-14
bangka.tribunnews.com,Page,N/A,N/A,bangka.tribunnews.com/2022/01/30/video-29-detik-abg-baku-hantam-viral-di-media-sosial-polisi-masih-selidiki,Yes,Ads Disguised as Content,Restricted ad serving,ca-pub-7784034061253020,23,2025-02-10,2025-02-14
bangka.tribunnews.com,Page,N/A,N/A,bangka.tribunnews.com/2017/08/05/pakai-daleman-vibrator-ke-supermarket-begini-reaksi-wanita-ini-saat-kekasihnya-pencet-remote?page=2,No,Adult: Sexual content,Restricted ad serving,ca-pub-7784034061253020,23,2025-02-14,2025-02-15
bali.tribunnews.com,Page,N/A,N/A,bali.tribunnews.com/2016/10/31/video-seranjang-bareng-celine-stefan-cantik-banget-pengen-cepat-hamil-ditonton-42-ribu-kali,Yes,Ads Disguised as Content,Restricted ad serving,ca-pub-7784034061253020,23,2025-02-11,2025-02-15
bali.tribunnews.com,Page,N/A,N/A,bali.tribunnews.com/2016/04/25/al-ghazali-akui-foto-ciuman-bibir-dia-ngaku-kecolongan,No,Google-served ads obscuring content,Restricted ad serving,ca-pub-7784034061253020,23,2025-02-10,2025-02-15
aceh.tribunnews.com,Page,N/A,N/A,aceh.tribunnews.com/2020/07/30/5-alasan-kenapa-wanita-suka-pria-gemuk,No,Google-served ads obscuring content,Restricted ad serving,ca-pub-7784034061253020,23,2025-02-10,2025-02-15
www.tribunnews.com,Page,N/A,N/A,www.tribunnews.com/seleb/2021/03/22/pasangan-kumpul-kebo-rutin-bikin-konten-porno-diunggah-di-pornhub-terciduk-oleh-patroli-cyber,No,Google-served ads obscuring content,Restricted ad serving,ca-pub-7784034061253020,22,2025-02-10,2025-02-16
wartakota.tribunnews.com,Page,N/A,N/A,wartakota.tribunnews.com/2019/11/20/mia-khalifa-ngaku-dijebak-masuk-industri-film-dewasa-hanya-3-bulan-namun-masih-pencarian-tertinggi,No,Adult: Sexual content,Restricted ad serving,ca-pub-7784034061253020,22,2025-02-12,2025-02-14
wartakota.tribunnews.com,Page,N/A,N/A,wartakota.tribunnews.com/2017/05/18/perawat-basah-perawat-khusus-menyusui-pria-dewasa-looh,No,Adult: Sexual content,Restricted ad serving,ca-pub-7784034061253020,22,2025-02-11,2025-02-14
wartakota.tribunnews.com,Page,N/A,N/A,wartakota.tribunnews.com/2016/03/24/puting-payudara-olla-ramlan-tercetak-saat-syuting?page=4,Yes,Adult: Sexual content;Google-served ads on screens without publisher-content,Restricted ad serving,ca-pub-7784034061253020,22,2025-02-12,2025-02-15
wartakota.tribunnews.com,Page,N/A,N/A,wartakota.tribunnews.com/2015/03/19/mrs-v-anda-keriput-ini-artinya,No,Shocking content,Restricted ad serving,ca-pub-7784034061253020,22,2025-02-14,2025-02-15
suryamalang.tribunnews.com,Page,N/A,N/A,suryamalang.tribunnews.com/2020/01/30/biduan-dangdut-mabuk-di-panggung-lalu-buka-baju-lepas-bra-bikin-heboh-polisi-turun-tangan,No,Shocking content,Restricted ad serving,ca-pub-7784034061253020,22,2025-02-11,2025-02-15
suryamalang.tribunnews.com,Page,N/A,N/A,suryamalang.tribunnews.com/2015/09/08/kisah-nyata-sangat-menyeramkan-si-nenek-pencabut-nyawa,Yes,Ads Disguised as Content,Restricted ad serving,ca-pub-7784034061253020,22,2025-02-13,2025-02-15
style.tribunnews.com,Page,N/A,N/A,style.tribunnews.com/2019/11/16/tak-hanya-rokok-4-sayuran-ini-juga-terdapat-nikotin-di-dalamnya-mulai-kentang-hingga-tomat,No,Shocking content,Restricted ad serving,ca-pub-7784034061253020,22,2025-02-12,2025-02-16
solo.tribunnews.com,Page,N/A,N/A,solo.tribunnews.com/2019/10/22/viral-video-panas-durasi-40-detik-pelajar-smk-berseragam-pramuka-saat-mesum-di-ruang-tamu,No,Adult: Sexual content,Restricted ad serving,ca-pub-7784034061253020,22,2025-02-11,2025-02-15
palembang.tribunnews.com,Page,N/A,N/A,palembang.tribunnews.com/2017/10/04/asyik-goyang-gadis-cantik-ini-menjerit-darah-kental-merembes-dari-bagian-bawahannya,No,Shocking content,Restricted ad serving,ca-pub-7784034061253020,22,2025-02-15,2025-02-15
palembang.tribunnews.com,Page,N/A,N/A,palembang.tribunnews.com/2017/09/15/video-punggungnya-ditumbuhi-jerawat-raksasa-dokter-pencet-keluarkan-isinya-ngeri,No,Shocking content,Restricted ad serving,ca-pub-7784034061253020,22,2025-02-12,2025-02-16
medan.tribunnews.com,Page,N/A,N/A,medan.tribunnews.com/2024/08/31/pilu-bayi-9-bulan-peluk-jasad-ibunya-diduga-sudah-3-hari-meninggal-di-kos-tidak-makan-dan-minum,No,Shocking content,Restricted ad serving,ca-pub-7784034061253020,22,2025-02-12,2025-02-15
medan.tribunnews.com,Page,N/A,N/A,medan.tribunnews.com/2019/01/12/akhirnya-polisi-ungkap-nama-artis-prostitusi-di-antaranya-riri-febrianti-pesinetron-anak-jalanan?page=all,Yes,Site Behavior: Navigation,Restricted ad serving,ca-pub-7784034061253020,22,2025-02-14,2025-02-14
medan.tribunnews.com,Page,N/A,N/A,medan.tribunnews.com/2013/12/12/inilah-video-penyerangan-terhadap-massa-pemuda-merga-silima-pms,Yes,Ads Disguised as Content,Restricted ad serving,ca-pub-7784034061253020,22,2025-02-10,2025-02-14
makassar.tribunnews.com,Page,N/A,N/A,makassar.tribunnews.com/2019/11/15/video-panas-mahasiswi-kendari-viral-di-whatsapp-wa-durasi-2-menit-46-detik?page=all,No,Adult: Sexual content,Restricted ad serving,ca-pub-7784034061253020,22,2025-02-16,2025-02-16
makassar.tribunnews.com,Page,N/A,N/A,makassar.tribunnews.com/2019/10/21/kronologi-video-panas-siswi-smk-berseragam-pramuka-viral-di-medsos-whatsapp-wa-nih-4-faktanya,Yes,Ads Disguised as Content,Restricted ad serving,ca-pub-7784034061253020,22,2025-02-10,2025-02-15
makassar.tribunnews.com,Page,N/A,N/A,makassar.tribunnews.com/2018/01/07/terkuak-siapa-sebenarnya-tante-muda-bocah-di-video-mesum-yang-hebohkan-bandung,No,Adult: Sexual content,Restricted ad serving,ca-pub-7784034061253020,22,2025-02-12,2025-02-16
makassar.tribunnews.com,Page,N/A,N/A,makassar.tribunnews.com/2017/09/07/ternyata-inilah-alasan-mahasiswi-dari-indonesia-sera-amane-nyaman-jadi-bintang-film-panas,Yes,Ads Disguised as Content,Restricted ad serving,ca-pub-7784034061253020,22,2025-02-10,2025-02-16
m.tribunnews.com,Page,N/A,N/A,m.tribunnews.com/regional/2017/10/24/video-mesum-diduga-libatkan-siswa-sma-ternama-di-samarinda,No,Adult: Sexual content,Restricted ad serving,ca-pub-7784034061253020,22,2025-02-14,2025-02-14
m.tribunnews.com,Page,N/A,N/A,m.tribunnews.com/kesehatan/2017/09/18/penyakit-penyakit-berbahaya-yang-mengincar-jika-sembarangan-menggunakan-sex-toys,No,Adult: Sexual content,Restricted ad serving,ca-pub-7784034061253020,22,2025-02-14,2025-02-15
lampung.tribunnews.com,Page,N/A,N/A,lampung.tribunnews.com/2018/08/04/kasus-video-porno-luna-maya-dan-cut-tari-ternyata-menggantung,No,Adult: Sexual content,Restricted ad serving,ca-pub-7784034061253020,22,2025-02-11,2025-02-15
lampung.tribunnews.com,Page,N/A,N/A,lampung.tribunnews.com/2018/01/14/sebelum-adegan-bersama-bocah-tante-intan-syuting-video-porno-2-kali,No,Adult: Sexual content,Restricted ad serving,ca-pub-7784034061253020,22,2025-02-10,2025-02-14
kupang.tribunnews.com,Page,N/A,N/A,kupang.tribunnews.com/2018/02/06/tiga-hal-yang-diinginkan-pria-dari-wanita-saat-bersama-di-tempat-tidur,No,Adult: Sexual content,Restricted ad serving,ca-pub-7784034061253020,22,2025-02-14,2025-02-16
kupang.tribunnews.com,Page,N/A,N/A,kupang.tribunnews.com/2018/01/18/mengejutkan-ternyata-pria-dan-wanita-di-korea-melepas-keperawanan-di-usia-ini,Yes,Ads Disguised as Content,Restricted ad serving,ca-pub-7784034061253020,22,2025-02-10,2025-02-15
kupang.tribunnews.com,Page,N/A,N/A,kupang.tribunnews.com/2017/09/13/6-cara-membuat-wanita-terangsang-sentuh-pada-titik-titik-sensitif-ini-dan-bikin-doi-melayang?page=3,No,Adult: Sexual content,Restricted ad serving,ca-pub-7784034061253020,22,2025-02-15,2025-02-15
jambi.tribunnews.com,Page,N/A,N/A,jambi.tribunnews.com/2018/04/29/kelihatan-inilah-ciri-wanita-yang-sering-memuaskan-diri-sendiri-bahayanya-bakal-sakit-seperti-ini,No,Adult: Sexual content,Restricted ad serving,ca-pub-7784034061253020,22,2025-02-10,2025-02-15
jambi.tribunnews.com,Page,N/A,N/A,jambi.tribunnews.com/2018/01/18/inilah-4-adegan-panas-yang-paling-parah-sepanjang-sejarah,No,Adult: Sexual content,Restricted ad serving,ca-pub-7784034061253020,22,2025-02-12,2025-02-15
belitung.tribunnews.com,Page,N/A,N/A,belitung.tribunnews.com/2017/07/12/lihat-lima-tanda-fisik-ini-pada-wanita-konon-nafsu-birahinya-meletup-letup,No,Adult: Sexual content,Restricted ad serving,ca-pub-7784034061253020,22,2025-02-11,2025-02-16
banjarmasin.tribunnews.com,Page,N/A,N/A,banjarmasin.tribunnews.com/tag/razia-hotel,No,Adult: Sexual content,Restricted ad serving,ca-pub-7784034061253020,22,2025-02-10,2025-02-14
banjarmasin.tribunnews.com,Page,N/A,N/A,banjarmasin.tribunnews.com/2016/10/25/kontes-payudara-terindah-begini-kriterianya,No,Shocking content,Restricted ad serving,ca-pub-7784034061253020,22,2025-02-10,2025-02-15
bangka.tribunnews.com,Page,N/A,N/A,bangka.tribunnews.com/2020/01/06/tips-latihan-dan-senam-kegel-bakal-buat-wanita-maksimal-dan-nyaman-di-ranjang-begini-caranya?page=3,No,Adult: Sexual content,Restricted ad serving,ca-pub-7784034061253020,22,2025-02-15,2025-02-15
bangka.tribunnews.com,Page,N/A,N/A,bangka.tribunnews.com/2017/03/15/gadis-gadis-cantik-ini-siap-layani-pijat-payudara-hingga-threesome,No,Adult: Sexual content,Restricted ad serving,ca-pub-7784034061253020,22,2025-02-10,2025-02-15
bangka.tribunnews.com,Page,N/A,N/A,bangka.tribunnews.com/2017/02/01/jamur-unik-wanita-yang-mencium-aromanya-bisa-langsung-orgasme,No,Adult: Sexual content,Restricted ad serving,ca-pub-7784034061253020,22,2025-02-12,2025-02-15
bali.tribunnews.com,Page,N/A,N/A,bali.tribunnews.com/2019/09/01/oral-seks-variasi-aktivitas-seks-dan-resikonya,No,Adult: Sexual content,Restricted ad serving,ca-pub-7784034061253020,22,2025-02-13,2025-02-15
www.tribunnews.com,Page,N/A,N/A,www.tribunnews.com/regional/2017/11/15/aku-bilang-ituku-sakit-tapi-dia-terus-ngajak-hubungan-intim-pakai-terong-dan-timun,No,Adult: Sexual content,Restricted ad serving,ca-pub-7784034061253020,21,2025-02-11,2025-02-16
www.tribunnews.com,Page,N/A,N/A,www.tribunnews.com/bisnis/2020/12/04/tokopedia-angkat-bicara-terkait-peredaran-produk-sex-toys-di-e-commerce,No,Adult: Sexual content,Restricted ad serving,ca-pub-7784034061253020,21,2025-02-10,2025-02-15
wow.tribunnews.com,Page,N/A,N/A,wow.tribunnews.com/2017/11/17/buat-para-pria-tak-perlu-minder-miliki-ukuran-alat-vital-kecil-begini-cara-puaskan-sang-istri,No,Adult: Sexual content,Restricted ad serving,ca-pub-7784034061253020,21,2025-02-15,2025-02-15
wartakota.tribunnews.com,Page,N/A,N/A,wartakota.tribunnews.com/2015/09/29/wow-tomat-ternyata-bisa-tingkatkan-gairah-di-ranjang,No,Adult: Sexual content,Restricted ad serving,ca-pub-7784034061253020,21,2025-02-13,2025-02-15
wartakota.tribunnews.com,Page,N/A,N/A,wartakota.tribunnews.com/2015/02/06/oral-seks-menu-pembuka-nan-penuh-sensasi,No,Adult: Sexual content,Restricted ad serving,ca-pub-7784034061253020,21,2025-02-10,2025-02-15
wartakota.tribunnews.com,Page,N/A,N/A,wartakota.tribunnews.com/2014/05/23/klitoris-ternyata-penentu-perangsang-orgasme-perempuan-bukan-g-spot,No,Adult: Sexual content,Restricted ad serving,ca-pub-7784034061253020,21,2025-02-10,2025-02-16
suryamalang.tribunnews.com,Page,N/A,N/A,suryamalang.tribunnews.com/2019/03/04/viral-foto-telanjang-siswi-smp-dan-sma-bojonegoro-ada-fakta-menarik-di-balik-proses-pembuatannya,No,Adult: Sexual content,Restricted ad serving,ca-pub-7784034061253020,21,2025-02-10,2025-02-15
surabaya.tribunnews.com,Page,N/A,N/A,surabaya.tribunnews.com/2013/08/14/lokalisasi-gude-dibuka-masih-sedikit-psk-balik-wisma,No,Adult: Sexual content,Restricted ad serving,ca-pub-7784034061253020,21,2025-02-13,2025-02-16
style.tribunnews.com,Page,N/A,N/A,style.tribunnews.com/2017/03/15/ulala-dikabarkan-lakukan-operasi-payudara-gisel-semakin-percaya-diri-pamerkan-bagian-dada,Yes,Site Behavior: Navigation,Restricted ad serving,ca-pub-7784034061253020,21,2025-02-10,2025-02-14
pontianak.tribunnews.com,Page,N/A,N/A,pontianak.tribunnews.com/2017/11/11/gadis-cantik-ini-gratiskan-tubuhnya-difoto-bugil-sesi-malam-bisa-sampai-pagi-ngapain-aja,No,Adult: Sexual content,Restricted ad serving,ca-pub-7784034061253020,21,2025-02-10,2025-02-15
manado.tribunnews.com,Page,N/A,N/A,manado.tribunnews.com/2019/08/16/vina-garut-rela-lawan-dua-pria-sekaligus-dan-suami-dengan-alasan-ini,No,Adult: Sexual content,Restricted ad serving,ca-pub-7784034061253020,21,2025-02-11,2025-02-16
makassar.tribunnews.com,Page,N/A,N/A,makassar.tribunnews.com/2022/11/09/wajah-asli-pemeran-kebaya-merah-punya-92-video-asusila-dan-dibayar-rp-750-ribu,Yes,Ads Disguised as Content,Restricted ad serving,ca-pub-7784034061253020,21,2025-02-15,2025-02-15
makassar.tribunnews.com,Page,N/A,N/A,makassar.tribunnews.com/2020/01/14/aturan-baru-di-grup-whatsapp-anggota-kirim-gambar-porno-admin-langsung-ditangkap,No,Shocking content,Restricted ad serving,ca-pub-7784034061253020,21,2025-02-12,2025-02-16
makassar.tribunnews.com,Page,N/A,N/A,makassar.tribunnews.com/2015/10/27/jl-sungai-saddang-dan-jl-sulawesi-jadi-tempat-mangkal-psk-di-makassar,No,Shocking content,Restricted ad serving,ca-pub-7784034061253020,21,2025-02-12,2025-02-15
lampung.tribunnews.com,Page,N/A,N/A,lampung.tribunnews.com/2017/04/11/ini-jenis-tisu-yang-paling-aman-untuk-mengeringkan-area-genital,Yes,Ads Disguised as Content,Restricted ad serving,ca-pub-7784034061253020,21,2025-02-13,2025-02-14
lampung.tribunnews.com,Page,N/A,N/A,lampung.tribunnews.com/2017/01/19/tak-langsing-5-seleb-bertubuh-montok-ini-tetap-cantik-pakai-baju-seksi?page=2,Yes,Site Behavior: Navigation,Restricted ad serving,ca-pub-7784034061253020,21,2025-02-10,2025-02-14
jatim.tribunnews.com,Page,N/A,N/A,jatim.tribunnews.com/2017/07/30/video-cita-citata-nyaris-terlihat-bugil-karena-bajunya-netter-heboh-liat-pose-dan-goyangannya,Yes,Adult: Sexual content;Site Behavior: Navigation,Restricted ad serving,ca-pub-7784034061253020,21,2025-02-10,2025-02-14
jambi.tribunnews.com,Page,N/A,N/A,jambi.tribunnews.com/2020/01/10/kisah-awal-mula-terjerumus-ke-industri-film-dewasa-mia-khalifa-bikin-pengakuan-mencengangkan,No,Adult: Sexual content,Restricted ad serving,ca-pub-7784034061253020,21,2025-02-15,2025-02-15
jakarta.tribunnews.com,Page,N/A,N/A,jakarta.tribunnews.com/2021/12/31/ibu-pukul-bayi-saat-live-fb-lanjut-tawarkan-dagangan-meski-korban-berdarah-ada-yang-mau-lagi-bunda,Yes,Ads Disguised as Content,Restricted ad serving,ca-pub-7784034061253020,21,2025-02-15,2025-02-15
jabar.tribunnews.com,Page,N/A,N/A,jabar.tribunnews.com/2022/02/25/viral-video-duel-antar-bocah-pelajar-smp-di-kota-bandung-dibanting-dipukul-hingga-ditendang,Yes,Ads Disguised as Content,Restricted ad serving,ca-pub-7784034061253020,21,2025-02-16,2025-02-16
bogor.tribunnews.com,Page,N/A,N/A,bogor.tribunnews.com/2017/07/26/video-presenter-cantik-lepas-satu-persatu-baju-saat-baca-berita-cristiano-ronaldo,No,Adult: Sexual content,Restricted ad serving,ca-pub-7784034061253020,21,2025-02-12,2025-02-15
bangka.tribunnews.com,Page,N/A,N/A,bangka.tribunnews.com/2022/10/18/bripka-rr-lihat-brigadir-j-menangis-keluar-dari-kamar-putri-ternyata-istri-sambo-katakan-ini,Yes,Encouraging accidental clicks: Layout,Restricted ad serving,ca-pub-7784034061253020,21,2025-02-14,2025-02-15
bangka.tribunnews.com,Page,N/A,N/A,bangka.tribunnews.com/2022/06/09/ini-yang-disukai-pria-saat-aktivitas-intim-inez-kristanti-wanita-jangan-diam-saja,No,Content obscuring Google-served ads,Restricted ad serving,ca-pub-7784034061253020,21,2025-02-11,2025-02-15
bangka.tribunnews.com,Page,N/A,N/A,bangka.tribunnews.com/2021/01/27/tarif-psk-puncak-bogor-bikin-geleng-kepala-ada-dari-maroko-timur-tengah-hingga-paket-kawin-kontrak,No,Google-served ads obscuring content,Restricted ad serving,ca-pub-7784034061253020,21,2025-02-14,2025-02-14
bangka.tribunnews.com,Page,N/A,N/A,bangka.tribunnews.com/2020/11/18/heboh-pasangan-gay-gancet-tidak-bisa-lepas-setelah-berbuat-dosa?page=all,Yes,Google-served ads obscuring content;Modified Javascript: Ads by Google size,Restricted ad serving,ca-pub-7784034061253020,21,2025-02-14,2025-02-14
bangka.tribunnews.com,Page,N/A,N/A,bangka.tribunnews.com/2017/12/11/kok-bisa-pacar-saya-memperkosa-ketika-dia-sedang-tidur,No,Adult: Sexual content,Restricted ad serving,ca-pub-7784034061253020,21,2025-02-11,2025-02-15
aceh.tribunnews.com,Page,N/A,N/A,aceh.tribunnews.com/2022/08/11/ditunjukin-video-syur-oleh-tetangga-pria-ini-langsung-syok-ternyata-pemeran-wanita-adalah-istrinya,Yes,Ads Disguised as Content,Restricted ad serving,ca-pub-7784034061253020,21,2025-02-14,2025-02-14
aceh.tribunnews.com,Page,N/A,N/A,aceh.tribunnews.com/2021/07/15/inilah-pulau-di-indonesia-yang-hanya-dihuni-wanita-dan-tak-boleh-berbusana-vietnam-dibuat-keheranan,Yes,Ads Disguised as Content,Restricted ad serving,ca-pub-7784034061253020,21,2025-02-13,2025-02-14
www.tribunnews.com,Page,N/A,N/A,www.tribunnews.com/kesehatan/2016/03/22/tujuh-aksi-erotis-istri-yang-dinanti-suami,No,Adult: Sexual content,Restricted ad serving,ca-pub-7784034061253020,20,2025-02-10,2025-02-14
www.tribunnews.com,Page,N/A,N/A,www.tribunnews.com/kesehatan/2014/05/22/pijat-refleksi-buyarkan-sumbatan-kristal-di-bawah-kulit-badan-pun-terasa-segar,No,Shocking content,Restricted ad serving,ca-pub-7784034061253020,20,2025-02-10,2025-02-15
wartakota.tribunnews.com,Page,N/A,N/A,wartakota.tribunnews.com/2015/12/04/dua-pasangan-mesum-digrebek-di-kamar-kos-karet-kuningan,No,Adult: Sexual content,Restricted ad serving,ca-pub-7784034061253020,20,2025-02-10,2025-02-15
wartakota.tribunnews.com,Page,N/A,N/A,wartakota.tribunnews.com/2015/11/01/foto-foto-perempuan-muda-telanjang-di-atap-rumah-bikin-heboh-pejalan-kaki,No,Adult: Sexual content,Restricted ad serving,ca-pub-7784034061253020,20,2025-02-11,2025-02-15
sumsel.tribunnews.com,Page,N/A,N/A,sumsel.tribunnews.com/2021/03/04/heboh-penemuan-muntahan-ikan-paus-yang-berharga-puluhan-miliaran-rupiah-ternyata-ini-istimewanya,No,Shocking content,Restricted ad serving,ca-pub-7784034061253020,20,2025-02-11,2025-02-14
sumsel.tribunnews.com,Page,N/A,N/A,sumsel.tribunnews.com/2016/08/15/tak-puas-dengan-permainan-suami-di-ranjang-istri-pilih-berhubungan-intim-bareng-mertua,No,Adult: Sexual content,Restricted ad serving,ca-pub-7784034061253020,20,2025-02-10,2025-02-16
style.tribunnews.com,Page,N/A,N/A,style.tribunnews.com/2016/08/25/merek-rokok-makna-lucu-unik-hingga-serius-di-balik-8-brand-batang-tembakau-ini-benarkah?page=4,No,Tobacco,Restricted ad serving,ca-pub-7784034061253020,20,2025-02-14,2025-02-15
pontianak.tribunnews.com,Page,N/A,N/A,pontianak.tribunnews.com/2019/03/25/fantasi-seks-lucinta-luna-dari-malam-pertama-10-ronde-hingga-wajahnya-terlihat-pucat,No,Adult: Sexual content,Restricted ad serving,ca-pub-7784034061253020,20,2025-02-11,2025-02-15
pontianak.tribunnews.com,Page,N/A,N/A,pontianak.tribunnews.com/2018/01/28/4-artis-seksi-ini-blak-blakan-cara-puaskan-diri-di-ranjang-ada-yang-koleksi-banyak-boneka-seks?page=all,No,Adult: Sexual content,Restricted ad serving,ca-pub-7784034061253020,20,2025-02-14,2025-02-14
pontianak.tribunnews.com,Page,N/A,N/A,pontianak.tribunnews.com/2018/01/04/video-bokep-anak-sd-dengan-wanita-dewasa-tersebar-polisi-temukan-fakta-mengejutkan,No,Adult: Sexual content,Restricted ad serving,ca-pub-7784034061253020,20,2025-02-12,2025-02-15
pontianak.tribunnews.com,Page,N/A,N/A,pontianak.tribunnews.com/2015/08/23/lima-tanda-kalau-miss-v-tidak-sehat,No,Adult: Sexual content,Restricted ad serving,ca-pub-7784034061253020,20,2025-02-13,2025-02-15
pekanbaru.tribunnews.com,Page,N/A,N/A,pekanbaru.tribunnews.com/2021/11/16/video-112-menit-selebgram-ambon-ikut-viral-di-tiktok-pasangan-es-batu-honeylive-terancam-12-tahun,Yes,Encouraging accidental clicks: Layout;Google-served ads obscuring content,Restricted ad serving,ca-pub-7784034061253020,20,2025-02-12,2025-02-14
palembang.tribunnews.com,Page,N/A,N/A,palembang.tribunnews.com/2018/02/06/demi-subscribe-youtuber-seksi-ini-nekat-live-berhubungan-intim-baru-setengah-itunya-jadi-begini,No,Adult: Sexual content,Restricted ad serving,ca-pub-7784034061253020,20,2025-02-11,2025-02-15
medan.tribunnews.com,Page,N/A,N/A,medan.tribunnews.com/2017/04/04/kala-berhubungan-seksual-di-hotel-alat-vital-pria-terjebak-di-kelamin-wanita-berani-selingkuh,No,Adult: Sexual content,Restricted ad serving,ca-pub-7784034061253020,20,2025-02-16,2025-02-16
manado.tribunnews.com,Page,N/A,N/A,manado.tribunnews.com/2021/03/10/ciri-ciri-mayat-perempuan-yang-ditemukan-di-gunung-geulis-begini-kondisinya,No,Shocking content,Restricted ad serving,ca-pub-7784034061253020,20,2025-02-15,2025-02-15
makassar.tribunnews.com,Page,N/A,N/A,makassar.tribunnews.com/2019/10/18/efek-tisu-magic-belum-habis-psk-cantik-minta-ridwan-yang-lagi-di-puncak-berhenti-akhirnya-tragis?page=2,No,Adult: Sexual content,Restricted ad serving,ca-pub-7784034061253020,20,2025-02-10,2025-02-14
m.tribunnews.com,Page,N/A,N/A,m.tribunnews.com/seleb/2017/09/18/tiga-wanita-cantik-ini-kecanduan-berhubungan-intim-ini-yang-mereka-rasakan,No,Adult: Sexual content,Restricted ad serving,ca-pub-7784034061253020,20,2025-02-10,2025-02-14
m.tribunnews.com,Page,N/A,N/A,m.tribunnews.com/seleb/2017/09/08/demi-pengobatan-ibu-mahasiswa-indonesia-ini-rela-main-film-porno-di-jepang,Yes,Site Behavior: Navigation,Restricted ad serving,ca-pub-7784034061253020,20,2025-02-13,2025-02-15
m.tribunnews.com,Page,N/A,N/A,m.tribunnews.com/kesehatan/2017/11/27/perempuan-juga-perlu-tahu-inilah-yang-dirasakan-suami-anda-ketika-orgasme?page=2,No,Adult: Sexual content,Restricted ad serving,ca-pub-7784034061253020,20,2025-02-15,2025-02-15
m.tribunnews.com,Page,N/A,N/A,m.tribunnews.com/internasional/2017/10/02/cerita-pramugari-beri-layanan-plus-plus-kepada-pilot-dan-penumpang-pesawat,No,Adult: Sexual content,Restricted ad serving,ca-pub-7784034061253020,20,2025-02-14,2025-02-14
lampung.tribunnews.com,Page,N/A,N/A,lampung.tribunnews.com/2017/10/13/berhubungan-intim-10-kali-sehari-dengan-istri-muda-apa-yang-terjadi-pada-pria-ini-mengejutkan,No,Adult: Sexual content,Restricted ad serving,ca-pub-7784034061253020,20,2025-02-16,2025-02-16
kupang.tribunnews.com,Page,N/A,N/A,kupang.tribunnews.com/2019/08/01/unggah-foto-nikita-mirzani-telanjang-dada-mantan-istri-dipo-latief-bikin-geger-dulu-berjilbab-kini,No,Adult: Sexual content,Restricted ad serving,ca-pub-7784034061253020,20,2025-02-12,2025-02-15
kalteng.tribunnews.com,Page,N/A,N/A,kalteng.tribunnews.com/2019/04/01/viral-video-pasangan-gancet-saat-berhubungan-intim-pernah-terjadi-juga-di-indonesia,No,Adult: Sexual content,Restricted ad serving,ca-pub-7784034061253020,20,2025-02-11,2025-02-16
jatim.tribunnews.com,Page,N/A,N/A,jatim.tribunnews.com/2017/05/25/perusahaan-industri-film-panas-jepang-akan-buka-audisi-di-malaysia-bakat-yang-dicari-mengejutkan,Yes,Ads Disguised as Content,Restricted ad serving,ca-pub-7784034061253020,20,2025-02-11,2025-02-14
jambi.tribunnews.com,Page,N/A,N/A,jambi.tribunnews.com/2018/10/27/deretan-artis-cantik-ini-pernah-lakukan-adegan-menantang-di-dalam-film-hingga-lakukan-ini,No,Adult: Sexual content,Restricted ad serving,ca-pub-7784034061253020,20,2025-02-14,2025-02-14
jambi.tribunnews.com,Page,N/A,N/A,jambi.tribunnews.com/2018/01/24/5-tanda-ini-ungkap-wanita-sedang-hot-istri-nagih-dipenuhi-kebutuhan-biologisnya,No,Adult: Sexual content,Restricted ad serving,ca-pub-7784034061253020,20,2025-02-11,2025-02-14
jambi.tribunnews.com,Page,N/A,N/A,jambi.tribunnews.com/2017/11/21/video-gadis-cantik-telanjang-di-mal-bagian-pribadi-hanya-ditutupi-cat-orang-orang-pada-ngeliatin,No,Adult: Sexual content,Restricted ad serving,ca-pub-7784034061253020,20,2025-02-14,2025-02-14
jabar.tribunnews.com,Page,N/A,N/A,jabar.tribunnews.com/2014/12/12/hati-hati-tanpa-berhubungan-intim-perempuan-bisa-hamil,No,Adult: Sexual content,Restricted ad serving,ca-pub-7784034061253020,20,2025-02-14,2025-02-16
depok.tribunnews.com,Page,N/A,N/A,depok.tribunnews.com/2024/08/17/heboh-penemuan-mayat-bersimbah-darah-dalam-kontrakan-di-beji-depok-ada-luka-sayatan-sajam,No,Shocking content,Restricted ad serving,ca-pub-7784034061253020,20,2025-02-13,2025-02-14
belitung.tribunnews.com,Page,N/A,N/A,belitung.tribunnews.com/2018/03/06/cium-dan-raba-bagian-terlarang-murid-sd-kepala-sekolah-terancam-20-tahun-penjara,No,Adult: Sexual content,Restricted ad serving,ca-pub-7784034061253020,20,2025-02-10,2025-02-15
bangka.tribunnews.com,Page,N/A,N/A,bangka.tribunnews.com/2020/12/02/3-perbedaan-laki-laki-yang-disunat-dan-tidak-disunat-ternyata-bekasnya-paling-sensitif?page=3,No,Adult: Sexual content,Restricted ad serving,ca-pub-7784034061253020,20,2025-02-11,2025-02-15
bali.tribunnews.com,Page,N/A,N/A,bali.tribunnews.com/2024/12/26/tragis-wm-tewas-dianiaya-sang-suami-dengan-kejam-anak-tahu-dari-rekaman-cctv-di-bangli,No,Shocking content,Restricted ad serving,ca-pub-7784034061253020,20,2025-02-12,2025-02-14
aceh.tribunnews.com,Page,N/A,N/A,aceh.tribunnews.com/2022/10/13/dr-boyke-ingatkan-wanita-jangan-sering-pakai-lingerie-bisa-bikin-organ-intim-wanita-menderita,Yes,Ads Disguised as Content,Restricted ad serving,ca-pub-7784034061253020,20,2025-02-13,2025-02-15
www.tribunnews.com,Page,N/A,N/A,www.tribunnews.com/seleb/2017/09/18/tiga-wanita-cantik-ini-kecanduan-berhubungan-intim-ini-yang-mereka-rasakan,No,Adult: Sexual content,Restricted ad serving,ca-pub-7784034061253020,19,2025-02-13,2025-02-16
www.tribunnews.com,Page,N/A,N/A,www.tribunnews.com/regional/2016/11/21/mayat-wanita-sebelum-dibunuh-diduga-diperkosa-di-kebun-karet,No,Shocking content,Restricted ad serving,ca-pub-7784034061253020,19,2025-02-15,2025-02-15
www.tribunnews.com,Page,N/A,N/A,www.tribunnews.com/lifestyle/2017/12/19/11-negara-dengan-pria-tampan-dan-wanita-cantik-di-dunia-indonesia-masuk-nggak-ya,Yes,Site Behavior: Navigation,Restricted ad serving,ca-pub-7784034061253020,19,2025-02-13,2025-02-16
wartakota.tribunnews.com,Page,N/A,N/A,wartakota.tribunnews.com/2019/11/10/penyebab-pria-sering-jajan-di-luar-rumah-diungkap-seorang-psk-layani-10-pria-selama-12-tahun,No,Adult: Sexual content,Restricted ad serving,ca-pub-7784034061253020,19,2025-02-13,2025-02-14
wartakota.tribunnews.com,Page,N/A,N/A,wartakota.tribunnews.com/2017/01/19/inilah-foto-foto-seksi-baby-margaretha,No,Adult: Sexual content,Restricted ad serving,ca-pub-7784034061253020,19,2025-02-11,2025-02-14
sumsel.tribunnews.com,Page,N/A,N/A,sumsel.tribunnews.com/2016/10/11/mengerikan-5-orang-ini-tewas-akibat-masturbasi-dengan-cara-ini,No,Adult: Sexual content,Restricted ad serving,ca-pub-7784034061253020,19,2025-02-11,2025-02-15
pontianak.tribunnews.com,Page,N/A,N/A,pontianak.tribunnews.com/2015/05/02/wow-presenter-tv-ini-rela-bugil-saat-beritakan-hubungan-ronaldo,No,Adult: Sexual content,Restricted ad serving,ca-pub-7784034061253020,19,2025-02-13,2025-02-15
pekanbaru.tribunnews.com,Page,N/A,N/A,pekanbaru.tribunnews.com/2022/05/30/nsfw-dipakai-cewek-vcs-dan-cewek-open-bo-apa-arti-nsfw-dalam-bahasa-gaul,Yes,Ads Disguised as Content,Restricted ad serving,ca-pub-7784034061253020,19,2025-02-10,2025-02-15
pekanbaru.tribunnews.com,Page,N/A,N/A,pekanbaru.tribunnews.com/2017/12/17/tentang-threesome-peneliti-banyak-responden-menyukai-komposisi-2-perempuan-1-pria,No,Adult: Sexual content,Restricted ad serving,ca-pub-7784034061253020,19,2025-02-11,2025-02-16
palembang.tribunnews.com,Page,N/A,N/A,palembang.tribunnews.com/2017/12/29/banyak-tak-tahu-fungsi-kantong-kecil-di-celana-dalam-wanita-ini-terkuak-benda-lain-ternyata?page=all,No,Adult: Sexual content,Restricted ad serving,ca-pub-7784034061253020,19,2025-02-15,2025-02-15
palembang.tribunnews.com,Page,N/A,N/A,palembang.tribunnews.com/2017/06/12/sempat-geger-jilbab-gambar-wanita-telanjang-awas-ibu-ibu-jangan-asal-beli-apalagi-jilboobs?page=all,No,Adult: Sexual content,Restricted ad serving,ca-pub-7784034061253020,19,2025-02-15,2025-02-15
medan.tribunnews.com,Page,N/A,N/A,medan.tribunnews.com/2018/05/11/aneh-tapi-nyata-perempuan-jepang-malu-kalau-masih-perawan-simak-fakta-fakta-berikut,No,Adult: Sexual content,Restricted ad serving,ca-pub-7784034061253020,19,2025-02-12,2025-02-14
medan.tribunnews.com,Page,N/A,N/A,medan.tribunnews.com/2016/12/23/ini-6-tradisi-seks-paling-mengerikan-sekaligus-menjijikkan-di-dunia?page=all,No,Adult: Sexual content,Restricted ad serving,ca-pub-7784034061253020,19,2025-02-15,2025-02-15
manado.tribunnews.com,Page,N/A,N/A,manado.tribunnews.com/2019/04/24/video-masturbasi-diduga-10-artis-dan-2-atlet-ini-nama-lengkap-durasi-video-dan-gaya-yang-digunakan?page=2,No,Google-served ads obscuring content,Restricted ad serving,ca-pub-7784034061253020,19,2025-02-12,2025-02-14
makassar.tribunnews.com,Page,N/A,N/A,makassar.tribunnews.com/2021/05/31/pengakuan-siswi-smp-bisa-layani-5-pria-sepekan-tarif-open-bo-rp-200-ribu-asal-hasrat-terpenuhi,Yes,Ads Disguised as Content,Restricted ad serving,ca-pub-7784034061253020,19,2025-02-11,2025-02-16
makassar.tribunnews.com,Page,N/A,N/A,makassar.tribunnews.com/2021/02/26/apa-itu-sexual-assault-berikut-penjelasan-jenis-jenis-dan-efek-serta-pencegahan,No,Google-served ads obscuring content,Restricted ad serving,ca-pub-7784034061253020,19,2025-02-11,2025-02-14
m.tribunnews.com,Page,N/A,N/A,m.tribunnews.com/tag/bioskop-trans-tv-malam-ini,Yes,Unnatural attention to ads,Restricted ad serving,ca-pub-7784034061253020,19,2025-02-12,2025-02-15
m.tribunnews.com,Page,N/A,N/A,m.tribunnews.com/sains/2017/12/28/wow-di-jepang-banyak-monyet-betina-yang-melakukan-hubungan-seks-dengan-rusa-jantan,No,Adult: Sexual content,Restricted ad serving,ca-pub-7784034061253020,19,2025-02-10,2025-02-16
m.tribunnews.com,Page,N/A,N/A,m.tribunnews.com/lifestyle/2014/05/20/lima-kisah-berikut-jadi-bukti-malam-pertama-pengantin-baru-tak-selalu-indah,No,Adult: Sexual content,Restricted ad serving,ca-pub-7784034061253020,19,2025-02-13,2025-02-14
kupang.tribunnews.com,Page,N/A,N/A,kupang.tribunnews.com/2016/09/15/pria-bule-suka-payudara-dan-bokong-wanita-asia,No,Adult: Sexual content,Restricted ad serving,ca-pub-7784034061253020,19,2025-02-11,2025-02-16
jogja.tribunnews.com,Page,N/A,N/A,jogja.tribunnews.com/2017/10/05/belasan-terapis-panti-pijat-kaget-didatangi-tim-elang,No,Adult: Sexual content,Restricted ad serving,ca-pub-7784034061253020,19,2025-02-10,2025-02-15
jogja.tribunnews.com,Page,N/A,N/A,jogja.tribunnews.com/2017/08/04/kumpul-dan-bertelanjang-di-lokasi-tertentu-kisah-kaum-naturis-yang-tinggal-di-indonesia,No,Adult: Sexual content,Restricted ad serving,ca-pub-7784034061253020,19,2025-02-16,2025-02-16
jambi.tribunnews.com,Page,N/A,N/A,jambi.tribunnews.com/amp/2018/01/21/ini-yang-ada-dipikiran-wanita-bila-melihat-kelamin-laki-laki,No,Adult: Sexual content,Restricted ad serving,ca-pub-7784034061253020,19,2025-02-10,2025-02-16
bogor.tribunnews.com,Page,N/A,N/A,bogor.tribunnews.com/2019/11/19/arti-mimpi-dioperasi-ternyata-jangan-dianggap-main-main,No,Shocking content,Restricted ad serving,ca-pub-7784034061253020,19,2025-02-11,2025-02-14
belitung.tribunnews.com,Page,N/A,N/A,belitung.tribunnews.com/2016/01/16/lihat-ini-10-komentar-lucu-wanita-saat-pertama-kali-melihat-mr-p,No,Adult: Sexual content,Restricted ad serving,ca-pub-7784034061253020,19,2025-02-12,2025-02-15
bangka.tribunnews.com,Page,N/A,N/A,bangka.tribunnews.com/2019/12/29/heboh-video-mesum-abg-di-ayunan-cafe-hingga-viral-dan-tersebar-di-grup-wa-polisi-ungkap-fakta-ini,No,Adult: Sexual content,Restricted ad serving,ca-pub-7784034061253020,19,2025-02-10,2025-02-14
bangka.tribunnews.com,Page,N/A,N/A,bangka.tribunnews.com/2019/09/28/wanita-canitk-ini-akui-layani-10-ribu-pria-lalu-ungkap-alasan-pria-rela-keluarkan-duit-untuk-psk?page=2,No,Adult: Sexual content,Restricted ad serving,ca-pub-7784034061253020,19,2025-02-15,2025-02-15
bali.tribunnews.com,Page,N/A,N/A,bali.tribunnews.com/2017/01/23/pria-ini-miliki-penis-terpanjang-di-dunia-saat-berhubungan-intim-beginilah-jadinya?page=all,No,Adult: Sexual content,Restricted ad serving,ca-pub-7784034061253020,19,2025-02-16,2025-02-16
www.tribunnewswiki.com,Page,N/A,N/A,www.tribunnewswiki.com/2022/07/03/rina-arano,No,Google-served ads obscuring content,Restricted ad serving,ca-pub-7784034061253020,18,2025-02-14,2025-02-14
www.tribunnewswiki.com,Page,N/A,N/A,www.tribunnewswiki.com/2019/07/21/konvensi-jenewa-26-april-21-juli-1954,Yes,Content obscuring Google-served ads;Encouraging accidental clicks: Layout;Google-served ads obscuring content,Restricted ad serving,ca-pub-7784034061253020,18,2025-02-10,2025-02-14
www.tribunnews.com,Page,N/A,N/A,www.tribunnews.com/regional/2018/03/19/menelisik-kehidupan-wanita-malam-di-puncak-bogor-berbaur-agar-profesinya-tak-dicurigai-warga,No,Shocking content,Restricted ad serving,ca-pub-7784034061253020,18,2025-02-16,2025-02-16
www.tribunnews.com,Page,N/A,N/A,www.tribunnews.com/regional/2017/10/31/lokasi-prostitusi-di-pasar-ayam-kebumen-digerebek-tiga-mucikari-dan-12-psk-diamankan,No,Shocking content,Restricted ad serving,ca-pub-7784034061253020,18,2025-02-10,2025-02-14
www.tribunnews.com,Page,N/A,N/A,www.tribunnews.com/kesehatan/2014/12/22/banyak-pria-pilih-pakai-kondom-karena-praktis,No,Adult: Sexual content,Restricted ad serving,ca-pub-7784034061253020,18,2025-02-13,2025-02-15
www.tribunnews.com,Page,N/A,N/A,www.tribunnews.com/internasional/2019/06/27/sebelum-naik-tahta-kaisar-china-harus-tiduri-121-wanita-selama-15-hari-gini-cara-mengaturnya,No,Adult: Sexual content,Restricted ad serving,ca-pub-7784034061253020,18,2025-02-11,2025-02-16
www.tribunnews.com,Page,N/A,N/A,www.tribunnews.com/internasional/2019/01/14/mengintip-peradaban-suku-kalash-di-pakistan-tempat-para-wanita-cantik-bermata-biru,Yes,Encouraging accidental clicks: Layout;Google-served ads obscuring content,Restricted ad serving,ca-pub-7784034061253020,18,2025-02-11,2025-02-16
wow.tribunnews.com,Page,N/A,N/A,wow.tribunnews.com/2017/10/13/4-gaya-bercinta-yang-bisa-bikin-wanita-liar-di-ranjang-bisa-dicoba-nih,No,Adult: Sexual content,Restricted ad serving,ca-pub-7784034061253020,18,2025-02-13,2025-02-14
wartakota.tribunnews.com,Page,N/A,N/A,wartakota.tribunnews.com/2020/03/30/lima-fakta-maria-vania-presenter-dan-model-seksi-yang-sering-dijuluki-pemersatu-bangsa,Yes,Ads Disguised as Content,Restricted ad serving,ca-pub-7784034061253020,18,2025-02-13,2025-02-14
wartakota.tribunnews.com,Page,N/A,N/A,wartakota.tribunnews.com/2014/05/15/karaoke-dan-salon-plus-menjamur-di-pasar-rumput-manggarai-jaksel,No,Adult: Sexual content,Restricted ad serving,ca-pub-7784034061253020,18,2025-02-11,2025-02-16
sultra.tribunnews.com,Page,N/A,N/A,sultra.tribunnews.com/2022/10/21/link-video-wanita-baju-merah-viral-di-tiktok-hingga-twitter-bagian-rimbun-ramai-disorot-warganet?page=all,Yes,Ads Disguised as Content,Restricted ad serving,ca-pub-7784034061253020,18,2025-02-15,2025-02-15
style.tribunnews.com,Page,N/A,N/A,style.tribunnews.com/2017/04/02/5-film-ini-buktikan-kalau-pendidikan-seksual-itu-penting-banget-buat-remaja-sekarang?page=all,No,Adult: Sexual content,Restricted ad serving,ca-pub-7784034061253020,18,2025-02-14,2025-02-14
style.tribunnews.com,Page,N/A,N/A,style.tribunnews.com/2016/08/25/merek-rokok-makna-lucu-unik-hingga-serius-di-balik-8-brand-batang-tembakau-ini-benarkah,No,Tobacco,Restricted ad serving,ca-pub-7784034061253020,18,2025-02-13,2025-02-15
makassar.tribunnews.com,Page,N/A,N/A,makassar.tribunnews.com/2015/07/14/begini-ukuran-normal-mister-p-pria,No,Adult: Sexual content,Restricted ad serving,ca-pub-7784034061253020,18,2025-02-12,2025-02-15
madura.tribunnews.com,Page,N/A,N/A,madura.tribunnews.com/2020/01/02/daftar-harga-rokok-terbaru-setelah-tarif-cukai-rokok-naik-2020marlboro-ice-blast-capai-rp-52500?page=all,No,Shocking content,Restricted ad serving,ca-pub-7784034061253020,18,2025-02-14,2025-02-14
m.tribunnews.com,Page,N/A,N/A,m.tribunnews.com/internasional/2017/07/18/gadis-ini-nyaris-tewas-usai-memasukkan-belut-dalam-kemaluannya-ini-yang-terjadi,No,Shocking content,Restricted ad serving,ca-pub-7784034061253020,18,2025-02-12,2025-02-14
lampung.tribunnews.com,Page,N/A,N/A,lampung.tribunnews.com/2018/02/02/ini-kode-kode-rahasia-prostitusi-via-media-sosial?page=all,No,Adult: Sexual content,Restricted ad serving,ca-pub-7784034061253020,18,2025-02-16,2025-02-16
kupang.tribunnews.com,Page,N/A,N/A,kupang.tribunnews.com/2021/04/10/mau-rasakan-bule-uzbekistan-tarifnya-hingga-rp-25-juta-ini-awal-mula-robby-gaet-gadis-mulus-anu,Yes,Encouraging accidental clicks: Layout;Google-served ads obscuring content,Restricted ad serving,ca-pub-7784034061253020,18,2025-02-12,2025-02-16
kupang.tribunnews.com,Page,N/A,N/A,kupang.tribunnews.com/2017/08/21/inilah-8-kasus-tersebarnya-foto-bugil-dan-video-mesum-yang-pernah-terjadi-di-ntt-nomor-4-viral,No,Adult: Sexual content;Shocking content,Restricted ad serving,ca-pub-7784034061253020,18,2025-02-11,2025-02-15
jogja.tribunnews.com,Page,N/A,N/A,jogja.tribunnews.com/2022/10/12/kisah-seo-ha-ni-mantan-aktris-film-dewasa-akui-jomblo-6-tahun-kini-ikut-reality-show-pink-lie,Yes,Ads Disguised as Content,Restricted ad serving,ca-pub-7784034061253020,18,2025-02-10,2025-02-15
jogja.tribunnews.com,Page,N/A,N/A,jogja.tribunnews.com/2021/06/07/fakta-fakta-video-viral-sepasang-remaja-terekam-tengah-berciuman-di-kebun-teh-kemuning-karanganyar?page=all,No,Google-served ads obscuring content,Restricted ad serving,ca-pub-7784034061253020,18,2025-02-14,2025-02-14
jateng.tribunnews.com,Page,N/A,N/A,jateng.tribunnews.com/2016/10/20/ternyata-wanita-juga-mengalami-ereksi-ini-tandanya,No,Adult: Sexual content,Restricted ad serving,ca-pub-7784034061253020,18,2025-02-10,2025-02-14
jabar.tribunnews.com,Page,N/A,N/A,jabar.tribunnews.com/2015/12/05/hei-wanita-bibir-miss-v-anda-bisa-jadi-berwarna-pink-dan-sehat-lho-ini-caranya-cuma-20-menit,Yes,Ads Disguised as Content,Restricted ad serving,ca-pub-7784034061253020,18,2025-02-10,2025-02-16
belitung.tribunnews.com,Page,N/A,N/A,belitung.tribunnews.com/2016/06/07/niatnya-kirim-foto-bugil-ke-pacar-foto-bugil-pramugari-ini-malah-tersebar-ke-media-sosial,No,Shocking content,Restricted ad serving,ca-pub-7784034061253020,18,2025-02-13,2025-02-14
bangka.tribunnews.com,Page,N/A,N/A,bangka.tribunnews.com/2021/11/02/wajib-tahu-empat-kebutuhan-suami-yang-harus-dipenuhi-oleh-istri-menurut-dokter-aisah-dahlan,No,Google-served ads obscuring content,Restricted ad serving,ca-pub-7784034061253020,18,2025-02-15,2025-02-15
bangka.tribunnews.com,Page,N/A,N/A,bangka.tribunnews.com/2017/08/18/cerita-bu-guru-cantik-dihamili-murid-yang-masih-abg-begini-hubungan-terlarang-itu-terungkap,No,Adult: Sexual content,Restricted ad serving,ca-pub-7784034061253020,18,2025-02-11,2025-02-16
bangka.tribunnews.com,Page,N/A,N/A,bangka.tribunnews.com/2016/10/29/mengerikan-pria-ini-bunuh-diri-live-video-streaming-di-facebook-alasannya-bikin-miris,No,Shocking content,Restricted ad serving,ca-pub-7784034061253020,18,2025-02-11,2025-02-14
bali.tribunnews.com,Page,N/A,N/A,bali.tribunnews.com/2017/12/07/menjadi-simpanan-tante-haus-belaian-pria-ini-dibuat-lemas-sehari-minta-jatah-4-kali,No,Adult: Sexual content,Restricted ad serving,ca-pub-7784034061253020,18,2025-02-10,2025-02-14
bali.tribunnews.com,Page,N/A,N/A,bali.tribunnews.com/2016/07/18/video-handuk-artis-cantik-korea-ini-melorot-di-depan-kamera-rambut-clara-lee-tampak-basah,Yes,Site Behavior: Navigation,Restricted ad serving,ca-pub-7784034061253020,18,2025-02-10,2025-02-15
aceh.tribunnews.com,Page,N/A,N/A,aceh.tribunnews.com/tag/cowo-kenakan-jilbab-untuk-buat-mesum,Yes,Google-served ads on screens without publisher-content,Restricted ad serving,ca-pub-7784034061253020,18,2025-02-13,2025-02-15
www.tribunnews.com,Page,N/A,N/A,www.tribunnews.com/regional/2020/03/24/suami-paksa-istri-layani-4-pria-sekaligus-di-ranjang-awalnya-nolak-tapi-akhirnya-mau,No,Shocking content,Restricted ad serving,ca-pub-7784034061253020,17,2025-02-10,2025-02-16
www.tribunnews.com,Page,N/A,N/A,www.tribunnews.com/regional/2020/01/30/penyanyi-dangdut-buka-baju-dan-lepas-bra-di-panggung-hebohkan-warga-barru-sulsel,Yes,Google-served ads obscuring content;Modified Javascript: Ads by Google size,Restricted ad serving,ca-pub-7784034061253020,17,2025-02-10,2025-02-14
www.tribunnews.com,Page,N/A,N/A,www.tribunnews.com/kesehatan/2017/09/05/4-bahan-alami-yang-bisa-dijadikan-pelumas-seks,No,Adult: Sexual content,Restricted ad serving,ca-pub-7784034061253020,17,2025-02-12,2025-02-14
www.tribunnews.com,Page,N/A,N/A,www.tribunnews.com/kesehatan/2016/08/03/enam-ciri-ciri-istri-ingin-berhubungan-intim-yang-jarang-diketahui-suami,No,Adult: Sexual content,Restricted ad serving,ca-pub-7784034061253020,17,2025-02-10,2025-02-16
video.tribunnews.com,Page,N/A,N/A,video.tribunnews.com/view/38520/pakai-kamera-tersembunyi-begini-proses-tawar-menawar-tarif-dengan-sejumlah-psk-di-jakarta,Yes,Site Behavior: Navigation,Restricted ad serving,ca-pub-7784034061253020,17,2025-02-11,2025-02-14
sumsel.tribunnews.com,Page,N/A,N/A,sumsel.tribunnews.com/2017/08/10/apa-lagi-ini-heart-shaped-boob-challenge-jadi-viral-membentuk-payudara-jadi-bentuk-love,No,Adult: Sexual content,Restricted ad serving,ca-pub-7784034061253020,17,2025-02-11,2025-02-16
sumsel.tribunnews.com,Page,N/A,N/A,sumsel.tribunnews.com/2016/10/20/ini-tanda-wanita-mengalami-ereksi,No,Adult: Sexual content,Restricted ad serving,ca-pub-7784034061253020,17,2025-02-13,2025-02-16
sultra.tribunnews.com,Page,N/A,N/A,sultra.tribunnews.com/2022/04/27/adegan-lengkap-dalam-link-video-chika-open-bo-20-juta-butuh-hal-ini-untuk-mengakses?page=all,Yes,Google-served ads obscuring content;Modified Javascript: Ads by Google size,Restricted ad serving,ca-pub-7784034061253020,17,2025-02-14,2025-02-14
style.tribunnews.com,Page,N/A,N/A,style.tribunnews.com/2017/10/25/heboh-video-mesum-diduga-mahasiswa-ui-akun-instagramnya-langsung-diserbu,Yes,Site Behavior: Navigation,Restricted ad serving,ca-pub-7784034061253020,17,2025-02-14,2025-02-15
pekanbaru.tribunnews.com,Page,N/A,N/A,pekanbaru.tribunnews.com/2020/07/15/surah-yusuf-111-ayat-bacaan-arab-dan-latin-lengkap-dengan-terjemahannya,Yes,Modified ad code: Resizing Ad Frames,Restricted ad serving,ca-pub-7784034061253020,17,2025-02-12,2025-02-15
pekanbaru.tribunnews.com,Page,N/A,N/A,pekanbaru.tribunnews.com/2017/12/05/video-gadis-jepang-ini-izinkan-setiap-pria-remas-itunya-alasannya-mengejutklan,Yes,Site Behavior: Navigation,Restricted ad serving,ca-pub-7784034061253020,17,2025-02-11,2025-02-15
palembang.tribunnews.com,Page,N/A,N/A,palembang.tribunnews.com/2017/11/20/suami-ada-kelainan-setiap-gituan-anu-wanita-ini-dipaksa-dimasukin-pake-benda-mengerikan-ini-serem,No,Adult: Sexual content,Restricted ad serving,ca-pub-7784034061253020,17,2025-02-12,2025-02-14
medan.tribunnews.com,Page,N/A,N/A,medan.tribunnews.com/2021/09/07/viral-pasangan-gancet-saat-berhubungan-badan-diduga-pelaku-kena-azab,Yes,Ads Disguised as Content,Restricted ad serving,ca-pub-7784034061253020;ca-video-pub-7784034061253020,17,2025-02-11,2025-02-16
manado.tribunnews.com,Page,N/A,N/A,manado.tribunnews.com/2021/03/12/sosok-rian-pembunuh-berantai-2-perempuan-muda-cenderung-menikmati-aksi-yang-dilakukannya?page=all,No,Shocking content,Restricted ad serving,ca-pub-7784034061253020,17,2025-02-15,2025-02-15
lampung.tribunnews.com,Page,N/A,N/A,lampung.tribunnews.com/2019/10/31/psk-online-lampung-usia-19-tahun-kelar-main-dengan-pelanggan-setor-ke-mami-rp-100-ribu,No,Adult: Sexual content,Restricted ad serving,ca-pub-7784034061253020,17,2025-02-10,2025-02-14
kupang.tribunnews.com,Page,N/A,N/A,kupang.tribunnews.com/2020/03/31/heboh-video-mesum-mirip-soraya-rasyid-beredar-presenter-uang-kaget-ini-bikin-pengakuan-benarkah,No,Google-served ads obscuring content,Restricted ad serving,ca-pub-7784034061253020,17,2025-02-14,2025-02-15
kupang.tribunnews.com,Page,N/A,N/A,kupang.tribunnews.com/2015/02/22/bintang-porno-jepang-ini-bukukan-kisah-proses-bikin-video-intim,No,Adult: Sexual content,Restricted ad serving,ca-pub-7784034061253020,17,2025-02-13,2025-02-15
jogja.tribunnews.com,Page,N/A,N/A,jogja.tribunnews.com/2017/08/08/simpanan-tante-tante-pemuda-pengungsi-ini-dipaksa-bercinta-4-kali-sehari,No,Adult: Sexual content,Restricted ad serving,ca-pub-7784034061253020,17,2025-02-10,2025-02-15
jambi.tribunnews.com,Page,N/A,N/A,jambi.tribunnews.com/2018/02/10/dari-cukur-bulu-kemaluan-hingga-gaya-bercinta-ini-tanda-pasanganmu-pernah-tidur-dengan-pria-lain,No,Adult: Sexual content,Restricted ad serving,ca-pub-7784034061253020,17,2025-02-15,2025-02-15
jabar.tribunnews.com,Page,N/A,N/A,jabar.tribunnews.com/2023/05/21/wanita-bercadar-pemeran-video-viral-tak-senonoh-di-kebun-teh-sudah-diringkus-polresta-bandung,No,Google-served ads obscuring content,Restricted ad serving,ca-pub-7784034061253020,17,2025-02-10,2025-02-14
jabar.tribunnews.com,Page,N/A,N/A,jabar.tribunnews.com/2021/08/02/doa-sebelum-makan-minum-dan-doa-setelah-makan-lengkap-artinya-berharap-berkah-dan-ungkapan-syukur,No,Google-served ads obscuring content,Restricted ad serving,ca-pub-7784034061253020,17,2025-02-11,2025-02-14
cirebon.tribunnews.com,Page,N/A,N/A,cirebon.tribunnews.com/2019/10/17/beredar-luas-foto-pamela-safitri-tak-pakai-busana-hingga-terlihat-seluruh-dalaman-tubuhnya,No,Adult: Sexual content,Restricted ad serving,ca-pub-7784034061253020,17,2025-02-14,2025-02-14
belitung.tribunnews.com,Page,N/A,N/A,belitung.tribunnews.com/2019/02/22/nelayan-sungailiat-bangka-ini-bisa-kaya-mendadak-temukan-benda-mirip-muntahan-paus-segini-harganya?page=all,No,Shocking content,Restricted ad serving,ca-pub-7784034061253020,17,2025-02-16,2025-02-16
bangka.tribunnews.com,Page,N/A,N/A,bangka.tribunnews.com/2017/05/03/tertarik-bentuknya-yang-putih-payudara-wanita-jepang-ini-diremas-secara-bergiliran-suku-ini,No,Adult: Sexual content,Restricted ad serving,ca-pub-7784034061253020,17,2025-02-11,2025-02-16
bangka.tribunnews.com,Page,N/A,N/A,bangka.tribunnews.com/2016/05/17/gadis-yang-dimasuki-gagang-cangkul-suka-bawa-oleh-oleh-kue-untuk-adik-adiknya?page=all,No,Shocking content,Restricted ad serving,ca-pub-7784034061253020,17,2025-02-14,2025-02-14
bangka.tribunnews.com,Page,N/A,N/A,bangka.tribunnews.com/2015/09/10/gairah-seks-suami-hilang-lihat-istri-kenakan-daster-saat-tidur,No,Adult: Sexual content,Restricted ad serving,ca-pub-7784034061253020,17,2025-02-10,2025-02-16
bali.tribunnews.com,Page,N/A,N/A,bali.tribunnews.com/2017/03/21/video-andrea-dian-seksi-di-ranjang-pakai-bra,Yes,Site Behavior: Navigation,Restricted ad serving,ca-pub-7784034061253020,17,2025-02-11,2025-02-14
bali.tribunnews.com,Page,N/A,N/A,bali.tribunnews.com/2016/09/12/foto-no-sensor-vinna-panduwinata-beredar-netizen-bilang-super-gede-yaa,No,Adult: Sexual content,Restricted ad serving,ca-pub-7784034061253020,17,2025-02-11,2025-02-14
www.tribunnews.com,Page,N/A,N/A,www.tribunnews.com/seleb/2017/01/10/wow-8-artis-hollywood-ini-berani-pamer-bulu-dari-ketiak-hingga-kemaluan,No,Adult: Sexual content,Restricted ad serving,ca-pub-7784034061253020,16,2025-02-12,2025-02-14
www.tribunnews.com,Page,N/A,N/A,www.tribunnews.com/regional/2019/07/16/kisah-pegawai-honorer-berstatus-janda-yang-merangkap-jadi-psk-sewa-kamar-hotel-berbintang,No,Shocking content,Restricted ad serving,ca-pub-7784034061253020,16,2025-02-14,2025-02-14
www.tribunnews.com,Page,N/A,N/A,www.tribunnews.com/kesehatan/2019/05/12/pijat-di-punggung-dan-tangan-bisa-kurangi-migrain-dan-nyeri-saat-haid,Yes,Encouraging accidental clicks: Layout,Restricted ad serving,ca-pub-7784034061253020,16,2025-02-13,2025-02-15
www.tribunnews.com,Page,N/A,N/A,www.tribunnews.com/kesehatan/2015/01/14/semua-miss-v-dijamin-bisa-sesuaikan-ukuran-besar-kecil-mr-p,No,Adult: Sexual content,Restricted ad serving,ca-pub-7784034061253020,16,2025-02-11,2025-02-15
www.tribunnews.com,Page,N/A,N/A,www.tribunnews.com/internasional/2017/06/17/wanita-cantik-buka-baju-dan-celana-di-tempat-umum-demi-tujuan-mulia,Yes,Site Behavior: Navigation,Restricted ad serving,ca-pub-7784034061253020,16,2025-02-10,2025-02-16
suryamalang.tribunnews.com,Page,N/A,N/A,suryamalang.tribunnews.com/2018/01/06/diduga-dibuat-saat-ramadan-berikut-4-obrolan-video-panas-tante-vs-bocah-sd,No,Adult: Sexual content,Restricted ad serving,ca-pub-7784034061253020,16,2025-02-12,2025-02-14
pontianak.tribunnews.com,Page,N/A,N/A,pontianak.tribunnews.com/2018/03/29/usianya-masih-muda-ini-5-bintang-porno-meninggal-tak-wajar-ada-yang-misterius?page=all,No,Adult: Sexual content,Restricted ad serving,ca-pub-7784034061253020,16,2025-02-16,2025-02-16
pekanbaru.tribunnews.com,Page,N/A,N/A,pekanbaru.tribunnews.com/2022/10/24/boner-artinya-apa-apa-itu-boner-arti-boner-dan-boner-artinya-bahasa-gaul,Yes,Ads Disguised as Content,Restricted ad serving,ca-pub-7784034061253020,16,2025-02-11,2025-02-15
pekanbaru.tribunnews.com,Page,N/A,N/A,pekanbaru.tribunnews.com/2022/01/15/apa-itu-bj-alex-sinopsis-bj-alex,Yes,Ads Disguised as Content,Restricted ad serving,ca-pub-7784034061253020,16,2025-02-10,2025-02-16
palembang.tribunnews.com,Page,N/A,N/A,palembang.tribunnews.com/2018/03/10/10-fakta-orang-eskimo-paling-bikin-bergidik-dari-bertukar-istri-hingga-membunuh,Yes,Ads Disguised as Content,Restricted ad serving,ca-pub-7784034061253020,16,2025-02-16,2025-02-16
medan.tribunnews.com,Page,N/A,N/A,medan.tribunnews.com/2022/06/04/meski-bau-amis-pantas-muntah-ikan-paus-mahal-harganya-hingga-miliaran-ternyata-dibuat-untuk-ini?page=all,No,Shocking content,Restricted ad serving,ca-pub-7784034061253020,16,2025-02-15,2025-02-15
medan.tribunnews.com,Page,N/A,N/A,medan.tribunnews.com/2021/12/29/artis-cantik-ini-banting-setir-jadi-bintang-film-dewasa-hingga-buka-bukaan-soal-honor-per-film,Yes,Ads Disguised as Content,Restricted ad serving,ca-pub-7784034061253020,16,2025-02-13,2025-02-16
medan.tribunnews.com,Page,N/A,N/A,medan.tribunnews.com/2021/09/17/sadisnya-kkb-papua-nakes-wanita-ditelanjangi-kemudian-ditikam-dan-dibuang-ke-jurang,Yes,Ads Disguised as Content,Restricted ad serving,ca-pub-7784034061253020,16,2025-02-10,2025-02-16
makassar.tribunnews.com,Page,N/A,N/A,makassar.tribunnews.com/2021/10/13/ternyata-daun-jarak-bisa-menambah-keperkasaan-pria-tumbuk-dan-campur-bahan-alami-lain?page=all,Yes,Ads Disguised as Content,Restricted ad serving,ca-pub-7784034061253020,16,2025-02-14,2025-02-14
makassar.tribunnews.com,Page,N/A,N/A,makassar.tribunnews.com/2020/03/27/direkam-viral-video-panas-pramugari-beredar-di-whatsapp-wa-durasi-18-detik-kronologi,No,Shocking content,Restricted ad serving,ca-pub-7784034061253020,16,2025-02-13,2025-02-14
makassar.tribunnews.com,Page,N/A,N/A,makassar.tribunnews.com/2015/05/11/ada-ct-dan-lm-ini-daftar-nama-artis-yang-bisa-dibooking,No,Adult: Sexual content,Restricted ad serving,ca-pub-7784034061253020,16,2025-02-14,2025-02-15
m.tribunnews.com,Page,N/A,N/A,m.tribunnews.com/images/model/view/493402/baby-margaretha,No,Adult: Sexual content,Restricted ad serving,ca-pub-7784034061253020,16,2025-02-14,2025-02-14
lampung.tribunnews.com,Page,N/A,N/A,lampung.tribunnews.com/2018/06/03/banyak-gadis-china-tidak-perawan-di-usia-17-tahun-akhirnya-operasi-keperawanan-sebelum-menikah,No,Adult: Sexual content,Restricted ad serving,ca-pub-7784034061253020,16,2025-02-11,2025-02-14
lampung.tribunnews.com,Page,N/A,N/A,lampung.tribunnews.com/2018/01/29/pria-ini-terciduk-selingkuh-bukannya-mengaku-dia-sebut-selingkuhannya-boneka-seks,No,Adult: Sexual content,Restricted ad serving,ca-pub-7784034061253020,16,2025-02-12,2025-02-14
kupang.tribunnews.com,Page,N/A,N/A,kupang.tribunnews.com/2017/07/12/gaya-bercinta-wanita-dilihat-dari-bentuk-tubuhnya-masa-sih?page=all,No,Adult: Sexual content,Restricted ad serving,ca-pub-7784034061253020,16,2025-02-16,2025-02-16
jogja.tribunnews.com,Page,N/A,N/A,jogja.tribunnews.com/amp/2016/09/16/begini-kode-terapis-tawarkan-layanan-esek-esek-di-spa-plus,No,Adult: Sexual content,Restricted ad serving,ca-pub-7784034061253020,16,2025-02-12,2025-02-16
jogja.tribunnews.com,Page,N/A,N/A,jogja.tribunnews.com/2017/08/07/pakai-mukena-2-wanita-ini-malah-pamer-bagian-tubuhnya-netizen-geram,Yes,Site Behavior: Navigation,Restricted ad serving,ca-pub-7784034061253020,16,2025-02-11,2025-02-16
jateng.tribunnews.com,Page,N/A,N/A,jateng.tribunnews.com/2019/05/13/geger-penemuan-mayat-wanita-tanpa-kepala-di-sebuah-parit-diduga-dalam-kondisi-hamil-muda,No,Shocking content,Restricted ad serving,ca-pub-7784034061253020,16,2025-02-13,2025-02-14
jateng.tribunnews.com,Page,N/A,N/A,jateng.tribunnews.com/2016/09/27/gadis-abg-ini-kaget-ayah-kandungnya-yang-telanjang-bulat-minta-dilayani-inilah-akibatnya,No,Adult: Sexual content,Restricted ad serving,ca-pub-7784034061253020,16,2025-02-14,2025-02-14
jateng.tribunnews.com,Page,N/A,N/A,jateng.tribunnews.com/2016/08/21/gamer-cantik-lupa-matikan-video-streaming-saat-masturbasi-akhirnya-jadi-begini,No,Adult: Sexual content,Restricted ad serving,ca-pub-7784034061253020,16,2025-02-11,2025-02-15
jateng.tribunnews.com,Page,N/A,N/A,jateng.tribunnews.com/2016/04/20/inilah-sosok-penjual-jamu-yang-menghebohkan-media-sosial,No,Adult: Sexual content,Restricted ad serving,ca-pub-7784034061253020,16,2025-02-11,2025-02-14
jateng.tribunnews.com,Page,N/A,N/A,jateng.tribunnews.com/2013/09/28/6-hal-seksi-yang-disukai-pria-dari-tubuh-anda,No,Adult: Sexual content;Shocking content,Restricted ad serving,ca-pub-7784034061253020,16,2025-02-10,2025-02-16
jambi.tribunnews.com,Page,N/A,N/A,jambi.tribunnews.com/2019/04/25/heboh-video-telanjang-6-artis-pria-dan-dua-atlet-ganteng-pria-ini-malah-minta-maaf-ini-faktanya,No,Adult: Sexual content,Restricted ad serving,ca-pub-7784034061253020,16,2025-02-14,2025-02-15
jambi.tribunnews.com,Page,N/A,N/A,jambi.tribunnews.com/2016/11/23/seputar-mitos-istilah-perempuan-bungkuk-udang-memiliki-gairah-seks-yang-luar-biasa,No,Adult: Sexual content,Restricted ad serving,ca-pub-7784034061253020,16,2025-02-12,2025-02-16
jabar.tribunnews.com,Page,N/A,N/A,jabar.tribunnews.com/2022/03/21/pengobatan-alat-vital-tangerang-terpercaya-cucu-hj-mak-erot-bersama-bibin-mustopa?page=all,No,Adult: Sexual content,Restricted ad serving,ca-pub-7784034061253020,16,2025-02-15,2025-02-15
jabar.tribunnews.com,Page,N/A,N/A,jabar.tribunnews.com/2022/02/28/pengobatan-alat-vital-bogor-cibinong-h-saepudin-cucu-mak-erot,Yes,Ads Disguised as Content,Restricted ad serving,ca-pub-7784034061253020,16,2025-02-13,2025-02-14
belitung.tribunnews.com,Page,N/A,N/A,belitung.tribunnews.com/2022/12/01/tergiur-hidup-hedon-remaja-di-pangkalpinang-gunakan-michat-jaring-pelanggan-berikut-faktanya,No,Google-served ads obscuring content,Restricted ad serving,ca-pub-7784034061253020,16,2025-02-14,2025-02-14
belitung.tribunnews.com,Page,N/A,N/A,belitung.tribunnews.com/2019/04/03/bawang-putih-ternyata-lebih-manjur-sebagai-obat-kuat-pria-dibanding-viagra-ini-jelasnya,No,Adult: Sexual content,Restricted ad serving,ca-pub-7784034061253020,16,2025-02-15,2025-02-16
belitung.tribunnews.com,Page,N/A,N/A,belitung.tribunnews.com/2018/01/24/lepas-hijab-unggah-foto-hampir-bugil-caption-artis-ini-bikin-netter-sebut-astaghfirullahaladzim,Yes,Site Behavior: Navigation,Restricted ad serving,ca-pub-7784034061253020,16,2025-02-11,2025-02-15
belitung.tribunnews.com,Page,N/A,N/A,belitung.tribunnews.com/2017/04/22/video-sepasang-abg-pacaran-di-atas-motor-bikin-heboh-gerakan-tangan-si-cowok-itu-loh?page=all,Yes,Content obscuring Google-served ads;Encouraging accidental clicks: Layout,Restricted ad serving,ca-pub-7784034061253020,16,2025-02-15,2025-02-15
belitung.tribunnews.com,Page,N/A,N/A,belitung.tribunnews.com/2016/10/28/pemuda-ini-nekat-bunuh-diri-secara-live-di-facebook-ini-pemicu-aksi-bunuh-dirinya?page=all,No,Shocking content,Restricted ad serving,ca-pub-7784034061253020,16,2025-02-15,2025-02-15
belitung.tribunnews.com,Page,N/A,N/A,belitung.tribunnews.com/2015/11/08/tubuh-artis-cantik-ini-jadi-contoh-boneka-seks-terlaris,No,Adult: Sexual content,Restricted ad serving,ca-pub-7784034061253020,16,2025-02-10,2025-02-15
bekasi.tribunnews.com,Page,N/A,N/A,bekasi.tribunnews.com/2022/07/21/film-semi-korea-terbaru-2022-dari-secret-flower-arrangement-hingga-close-contact-mata-enggak-kedip,No,Adult: Sexual content,Restricted ad serving,ca-pub-7784034061253020,16,2025-02-12,2025-02-14
banjarmasin.tribunnews.com,Page,N/A,N/A,banjarmasin.tribunnews.com/2017/10/08/waduh-turis-seks-david-bond-terdeteksi-berada-ke-indonesia-informasinya-langsung-viral,No,Google-served ads obscuring content,Restricted ad serving,ca-pub-7784034061253020,16,2025-02-11,2025-02-15
bangka.tribunnews.com,Page,N/A,N/A,bangka.tribunnews.com/epaper/,Yes,Google-served ads interfering with content or user interactions,Disabled ad serving,ca-pub-7784034061253020,16,2025-02-10,2025-02-14
bangka.tribunnews.com,Page,N/A,N/A,bangka.tribunnews.com/2020/06/27/fakta-fakta-suku-wanita-di-pedalaman-amazon-benci-pria-hingga-cara-brutal-agar-hamil,No,Adult: Sexual content;Shocking content,Restricted ad serving,ca-pub-7784034061253020,16,2025-02-12,2025-02-15
bangka.tribunnews.com,Page,N/A,N/A,bangka.tribunnews.com/2020/01/13/saat-suaminya-lagi-tidur-istri-bercinta-dengan-pria-lain-di-sebelah-ranjangnya-endingnya-sakit,No,Adult: Sexual content,Restricted ad serving,ca-pub-7784034061253020,16,2025-02-11,2025-02-15
bangka.tribunnews.com,Page,N/A,N/A,bangka.tribunnews.com/2020/01/07/awalnya-cuma-akting-5-artis-cantik-ini-menikmati-adegan-hubungan-intim-saat-beradegan-di-film,No,Adult: Sexual content,Restricted ad serving,ca-pub-7784034061253020,16,2025-02-14,2025-02-14
bangka.tribunnews.com,Page,N/A,N/A,bangka.tribunnews.com/2019/10/31/inilah-fakta-fakta-viral-video-mesum-mirip-nagita-istri-raffi-di-medsos-gisel-pun-ikut-komentar,No,Google-served ads obscuring content,Restricted ad serving,ca-pub-7784034061253020,16,2025-02-10,2025-02-16
bangka.tribunnews.com,Page,N/A,N/A,bangka.tribunnews.com/2019/04/25/terungkap-fakta-video-telanjang-6-artis-pria-dan-dua-atlet-ganteng-pria-ini-malah-minta-maaf,Yes,Ads Disguised as Content,Restricted ad serving,ca-pub-7784034061253020,16,2025-02-11,2025-02-14
bangka.tribunnews.com,Page,N/A,N/A,bangka.tribunnews.com/2017/09/15/tanda-seorang-pria-belum-pernah-berhubungan-badan-alias-perjaka,No,Adult: Sexual content,Restricted ad serving,ca-pub-7784034061253020,16,2025-02-16,2025-02-16
bangka.tribunnews.com,Page,N/A,N/A,bangka.tribunnews.com/2016/10/13/dosen-dv-beberkan-kronologi-penggerebekan-dirinya-bersama-mahasiswa-begini-ceritanya,No,Adult: Sexual content,Restricted ad serving,ca-pub-7784034061253020,16,2025-02-15,2025-02-16
bali.tribunnews.com,Page,N/A,N/A,bali.tribunnews.com/2021/12/14/ini-kronologi-lengkap-tante-sisca-dan-boris-terekam-sedang-berhubungan-suami-istri-di-ubud-bali,Yes,Ads Disguised as Content,Restricted ad serving,ca-pub-7784034061253020,16,2025-02-12,2025-02-14
aceh.tribunnews.com,Page,N/A,N/A,aceh.tribunnews.com/amp/2019/10/05/miris-tante-tante-ajak-bocah-sd-beradegan-panas-videonya-tersebar-pekerjaan-si-wanita-terungkap,No,Adult: Sexual content,Restricted ad serving,ca-pub-7784034061253020,16,2025-02-11,2025-02-16
aceh.tribunnews.com,Page,N/A,N/A,aceh.tribunnews.com/2022/07/19/beredar-video-mesum-asn-perempuan-berdurasi-57-detik-pelaku-video-call-sambil-buka-baju-di-kantor,Yes,Ads Disguised as Content,Restricted ad serving,ca-pub-7784034061253020,16,2025-02-12,2025-02-16
aceh.tribunnews.com,Page,N/A,N/A,aceh.tribunnews.com/2018/03/26/pengakuan-germo-ini-alasan-para-wanita-gabung-prostitusi-online,No,Shocking content,Restricted ad serving,ca-pub-7784034061253020,16,2025-02-15,2025-02-15
www.tribunnews.com,Page,N/A,N/A,www.tribunnews.com/regional/2020/05/13/fakta-fakta-prostitusi-online-di-aceh-yang-libatkan-ibu-rumah-tangga-pasang-tarif-rp-500-ribu,No,Shocking content,Restricted ad serving,ca-pub-7784034061253020,15,2025-02-14,2025-02-14
www.tribunnews.com,Page,N/A,N/A,www.tribunnews.com/regional/2019/09/19/geliat-prostitusi-online-di-kupang-gunakan-aplikasi-michat-dan-pilih-penginapan-short-time,No,Adult: Sexual content,Restricted ad serving,ca-pub-7784034061253020,15,2025-02-12,2025-02-15
www.tribunnews.com,Page,N/A,N/A,www.tribunnews.com/internasional/2016/01/03/tak-kuasa-menahan-nafsu-pria-ini-perkosa-keledai-betina,No,Adult: Sexual content,Restricted ad serving,ca-pub-7784034061253020,15,2025-02-11,2025-02-16
www.tribunnews.com,Page,N/A,N/A,www.tribunnews.com/internasional/2012/06/29/sadis-kartel-obat-terlarang-rekam-adegan-penggal-kepala,No,Shocking content,Restricted ad serving,ca-pub-7784034061253020,15,2025-02-10,2025-02-16
www.tribunnews.com,Page,N/A,N/A,www.tribunnews.com/internasional/2010/11/15/foto-pre-wedding-bugil-lagi-ngetren-di-china,No,Google-served ads obscuring content,Restricted ad serving,ca-pub-7784034061253020,15,2025-02-10,2025-02-15
wow.tribunnews.com,Page,N/A,N/A,wow.tribunnews.com/2017/08/04/inilah-ciri-pria-tak-perjaka-sebelum-menikah-nomor-2-wanita-harus-waspada?page=all,No,Adult: Sexual content,Restricted ad serving,ca-pub-7784034061253020,15,2025-02-15,2025-02-15
wartakota.tribunnews.com,Page,N/A,N/A,wartakota.tribunnews.com/2015/06/02/desahan-dan-erangan-cewek-saat-bercinta-untuk-tambah-gairah,No,Adult: Sexual content,Restricted ad serving,ca-pub-7784034061253020,15,2025-02-10,2025-02-15
suryamalang.tribunnews.com,Page,N/A,N/A,suryamalang.tribunnews.com/2021/11/22/sempat-dituduh-pelakor-viral-video-siswi-sd-kota-malang-diperkosa-dan-disiksa-10-pelaku-diciduk,Yes,Ads Disguised as Content,Restricted ad serving,ca-pub-7784034061253020,15,2025-02-14,2025-02-16
surabaya.tribunnews.com,Page,N/A,N/A,surabaya.tribunnews.com/2020/11/24/video-mesum-219-menit-diperankan-abg-viral-dan-resahkan-warga-dapat-rp-8-juta-sekali-rekaman,Yes,Ads Disguised as Content,Restricted ad serving,ca-pub-7784034061253020,15,2025-02-12,2025-02-15
sumsel.tribunnews.com,Page,N/A,N/A,sumsel.tribunnews.com/2020/06/14/kumpulan-lagu-populer-alan-walker-yang-enak-didengar-ada-faded-lily-end-of-time-dll,No,Google-served ads obscuring content,Restricted ad serving,ca-pub-7784034061253020,15,2025-02-13,2025-02-15
sumsel.tribunnews.com,Page,N/A,N/A,sumsel.tribunnews.com/2018/02/07/sebentar-lagi-menikah-artis-cantik-ini-malah-sering-posting-foto-seksi-pose-bikininya-nggak-kuat,Yes,Ads Disguised as Content,Restricted ad serving,ca-pub-7784034061253020,15,2025-02-11,2025-02-15
sumsel.tribunnews.com,Page,N/A,N/A,sumsel.tribunnews.com/2017/07/29/heboh-video-pamela-safitri-dengan-wanita-goyang-hot-sampai-tak-sadar-ada-yang-terbuka,No,Adult: Sexual content,Restricted ad serving,ca-pub-7784034061253020,15,2025-02-10,2025-02-15
sultra.tribunnews.com,Page,N/A,N/A,sultra.tribunnews.com/2022/08/02/video-viral-2-menit-50-detik-guru-sd-beradegan-tak-senonoh-di-sekolah-sosok-pemeran-sudah-terungkap,Yes,Ads Disguised as Content,Restricted ad serving,ca-pub-7784034061253020,15,2025-02-14,2025-02-14
style.tribunnews.com,Page,N/A,N/A,style.tribunnews.com/2017/07/26/waspada-5-animasi-jepang-ini-dicap-anime-dewasa-sebab-adegannya-yang-sadis-menjijikkan-erotis?page=all,Yes,Site Behavior: Navigation,Restricted ad serving,ca-pub-7784034061253020,15,2025-02-15,2025-02-15
pontianak.tribunnews.com,Page,N/A,N/A,pontianak.tribunnews.com/2014/08/19/sekali-kencan-brondong-bisa-dapat-imbalan-rp-5-juta-dari-tante-girang,No,Shocking content,Restricted ad serving,ca-pub-7784034061253020,15,2025-02-10,2025-02-15
palembang.tribunnews.com,Page,N/A,N/A,palembang.tribunnews.com/tag/video-mesum-gisel,Yes,Google-served ads on screens without publisher-content,Restricted ad serving,ca-pub-7784034061253020,15,2025-02-12,2025-02-16
palembang.tribunnews.com,Page,N/A,N/A,palembang.tribunnews.com/2017/12/06/kenapa-harus-malu6-artis-cantik-ini-buka-bukaan-suka-main-pake-seky-toys-no-5-bikin-serem,No,Adult: Sexual content,Restricted ad serving,ca-pub-7784034061253020,15,2025-02-12,2025-02-14
palembang.tribunnews.com,Page,N/A,N/A,palembang.tribunnews.com/2017/11/16/terkuak-ini-foto-masa-lalu-5-bintang-porno-terkenal-dunia-tak-disangka-dulu-mereka-wujudnya-begini,Yes,Ads Disguised as Content,Restricted ad serving,ca-pub-7784034061253020,15,2025-02-13,2025-02-14
medan.tribunnews.com,Page,N/A,N/A,medan.tribunnews.com/2022/11/08/fakta-baru-video-syur-judul-tiga-lawan-satu-dua-wanita-terkait-link-viral-kebaya-merah,Yes,Ads Disguised as Content,Restricted ad serving,ca-pub-7784034061253020,15,2025-02-10,2025-02-15
medan.tribunnews.com,Page,N/A,N/A,medan.tribunnews.com/2017/08/15/5-bentuk-kelamin-wanita-miss-v-yang-disukai-pria-bagaimana-bentuk-punya-kamu?page=all,No,Adult: Sexual content,Restricted ad serving,ca-pub-7784034061253020,15,2025-02-14,2025-02-14
manado.tribunnews.com,Page,N/A,N/A,manado.tribunnews.com/2021/05/28/viral-pelaku-pembunuhan-marsela-sulu-ditemukan-membusuk-diduga-mati-gantung-diri,No,Shocking content,Restricted ad serving,ca-pub-7784034061253020,15,2025-02-16,2025-02-16
makassar.tribunnews.com,Page,N/A,N/A,makassar.tribunnews.com/2021/09/06/mau-cepat-kaya-sekeluarga-di-gowa-pakai-ilmu-pesugihan-2-anak-jadi-tumbal-anggota-tubuhnya-diambil,Yes,Ads Disguised as Content,Restricted ad serving,ca-pub-7784034061253020,15,2025-02-12,2025-02-14
makassar.tribunnews.com,Page,N/A,N/A,makassar.tribunnews.com/2020/01/06/5-artis-perankan-hubungan-intim-tapi-akhirnya-menikmati-adegan-ranjang-itu-ada-yang-bareng-brondong,No,Adult: Sexual content,Restricted ad serving,ca-pub-7784034061253020,15,2025-02-10,2025-02-14
makassar.tribunnews.com,Page,N/A,N/A,makassar.tribunnews.com/2017/09/08/luna-cewek-bali-ikut-main-film-porno-jepang-lebih-hot-dari-sera-amane-buahnya-lebih-gede,No,Adult: Sexual content,Restricted ad serving,ca-pub-7784034061253020,15,2025-02-13,2025-02-16
lampung.tribunnews.com,Page,N/A,N/A,lampung.tribunnews.com/2018/01/06/viral-video-mesum-bocah-dengan-tante-geger-aksi-cabul-itu-diduga-terjadi-di-bulan-puasa,No,Shocking content,Restricted ad serving,ca-pub-7784034061253020,15,2025-02-13,2025-02-14
lampung.tribunnews.com,Page,N/A,N/A,lampung.tribunnews.com/2015/02/22/lihat-mukanya-bintang-porno-ini-bukukan-kisah-saat-bikin-video-intim,No,Adult: Sexual content,Restricted ad serving,ca-pub-7784034061253020,15,2025-02-10,2025-02-15
kupang.tribunnews.com,Page,N/A,N/A,kupang.tribunnews.com/2016/10/19/tali-bra-bikin-pria-mendadak-bergairah,No,Adult: Sexual content,Restricted ad serving,ca-pub-7784034061253020,15,2025-02-13,2025-02-15
kupang.tribunnews.com,Page,N/A,N/A,kupang.tribunnews.com/2014/05/01/di-maumere-ada-4-lokasi-ese-esek,No,Adult: Sexual content,Restricted ad serving,ca-pub-7784034061253020,15,2025-02-10,2025-02-16
jateng.tribunnews.com,Page,N/A,N/A,jateng.tribunnews.com/2016/10/11/heboh-pengantin-wanita-ini-diremas-dan-diraba-raba-payudaranya-oleh-tamu-pemberi-saweran,No,Adult: Sexual content,Restricted ad serving,ca-pub-7784034061253020,15,2025-02-12,2025-02-14
jambi.tribunnews.com,Page,N/A,N/A,jambi.tribunnews.com/2019/10/17/tak-pakai-busana-hingga-seluruh-dalaman-tubuhnya-kelihatan-foto-mirip-pamela-safitri-bikin-heboh?page=all,No,Adult: Sexual content,Restricted ad serving,ca-pub-7784034061253020,15,2025-02-16,2025-02-16
jambi.tribunnews.com,Page,N/A,N/A,jambi.tribunnews.com/2018/06/13/4-film-dengan-adegan-ranjang-terpanas-sepanjang-sejarah-benar-benar-seperti-nyata,No,Adult: Sexual content,Restricted ad serving,ca-pub-7784034061253020,15,2025-02-12,2025-02-14
jambi.tribunnews.com,Page,N/A,N/A,jambi.tribunnews.com/2018/02/06/beradegan-panas-terus-di-film-fifty-shades-of-grey-aktor-ini-ungkap-perasaan-istrinya,No,Adult: Sexual content,Restricted ad serving,ca-pub-7784034061253020,15,2025-02-15,2025-02-15
jambi.tribunnews.com,Page,N/A,N/A,jambi.tribunnews.com/2017/12/18/kebablasan-5-aktris-ini-malah-nikmati-adegan-intim-yang-diperankannya-di-film,No,Adult: Sexual content,Restricted ad serving,ca-pub-7784034061253020,15,2025-02-14,2025-02-14
jabar.tribunnews.com,Page,N/A,N/A,jabar.tribunnews.com/2015/12/13/hiiiy-ngeri-maksudnya-pencet-jerawat-tapi-dari-hidung-wanita-ini-malah-keluar-sesuatu,No,Shocking content,Restricted ad serving,ca-pub-7784034061253020,15,2025-02-11,2025-02-15
batam.tribunnews.com,Page,N/A,N/A,batam.tribunnews.com/2017/05/15/ehem-gigolo-di-bali-ungkap-perilaku-kliennya-tak-cuma-begituan-tapi-juga-minta-begini,No,Adult: Sexual content,Restricted ad serving,ca-pub-7784034061253020,15,2025-02-14,2025-02-15
bangka.tribunnews.com,Page,N/A,N/A,bangka.tribunnews.com/2022/09/29/heboh-video-mesum-guru-sd-durasi-2-menit-tersebar-gara-gara-putus-cinta,Yes,Ads Disguised as Content,Restricted ad serving,ca-pub-7784034061253020,15,2025-02-13,2025-02-14
bangka.tribunnews.com,Page,N/A,N/A,bangka.tribunnews.com/2021/11/22/intip-foto-pose-gemoy-tante-ernie-pakai-outfit-merah-di-pantai-diingatkan-jangan-sampai-lepas,No,Google-served ads obscuring content,Restricted ad serving,ca-pub-7784034061253020,15,2025-02-11,2025-02-14
bangka.tribunnews.com,Page,N/A,N/A,bangka.tribunnews.com/2021/06/18/wanita-ini-malu-seumur-hidup-gara-gara-video-call-tanpa-busana-dengan-pacar-disebar-lewat-instagram,Yes,Ads Disguised as Content,Restricted ad serving,ca-pub-7784034061253020,15,2025-02-12,2025-02-15
bangka.tribunnews.com,Page,N/A,N/A,bangka.tribunnews.com/2018/03/02/kisah-kampung-cinta-di-tanah-sunda-gadis-cantik-mau-diajak-nikah-siri-biayanya-murah,Yes,Site Behavior: Navigation,Restricted ad serving,ca-pub-7784034061253020,15,2025-02-14,2025-02-14
bangka.tribunnews.com,Page,N/A,N/A,bangka.tribunnews.com/2017/11/21/begini-karakter-wanita-dari-warna-celana-dalamnya-misterius-atau-nakal?page=all,Yes,Adult: Sexual content;Site Behavior: Navigation,Restricted ad serving,ca-pub-7784034061253020,15,2025-02-14,2025-02-14
bangka.tribunnews.com,Page,N/A,N/A,bangka.tribunnews.com/2017/10/19/video-denada-pakai-baju-tipis-sampai-isinya-kelihatan-goyang-goyang-begini-bareng-temannya,No,Adult: Sexual content,Restricted ad serving,ca-pub-7784034061253020,15,2025-02-12,2025-02-15
bangka.tribunnews.com,Page,N/A,N/A,bangka.tribunnews.com/2016/11/30/video-dewi-perssik-goyang-erotis-beredar-lagi-netizen-duhh-vulgar-banget,No,Adult: Sexual content,Restricted ad serving,ca-pub-7784034061253020,15,2025-02-12,2025-02-15
bangka.tribunnews.com,Page,N/A,N/A,bangka.tribunnews.com/2016/10/30/kisah-foto-model-belia-depresi-setelah-foto-telanjangnya-beredar-di-medsos,No,Google-served ads obscuring content,Restricted ad serving,ca-pub-7784034061253020,15,2025-02-15,2025-02-15
bangka.tribunnews.com,Page,N/A,N/A,bangka.tribunnews.com/2016/05/01/ssst-inilah-ciri-ciri-orang-yang-kecanduan-onani?page=1,No,Adult: Sexual content,Restricted ad serving,ca-pub-7784034061253020,15,2025-02-11,2025-02-14
bangka.tribunnews.com,Page,N/A,N/A,bangka.tribunnews.com/2016/03/02/saat-gerbek-apartemen-tamansari-bandung-polisi-temukan-11-dus-kondom,No,Adult: Sexual content,Restricted ad serving,ca-pub-7784034061253020,15,2025-02-13,2025-02-14
aceh.tribunnews.com,Page,N/A,N/A,aceh.tribunnews.com/2021/03/03/temukan-muntahan-paus-wanita-ini-kaya-mendadak-diperkirakan-harganya-senilai-rp-37-miliar?page=2,No,Shocking content,Restricted ad serving,ca-pub-7784034061253020,15,2025-02-16,2025-02-16
aceh.tribunnews.com,Page,N/A,N/A,aceh.tribunnews.com/2017/09/08/ini-dia-pelumas-seks-alami-yang-bisa-anda-pakai,No,Adult: Sexual content,Restricted ad serving,ca-pub-7784034061253020,15,2025-02-11,2025-02-14
www.tribunnews.com,Page,N/A,N/A,www.tribunnews.com/seleb/2015/12/11/produser-film-jepang-porno-ini-ingin-lebih-berprestasi-lagi-tahun-depan,No,Adult: Sexual content,Restricted ad serving,ca-pub-7784034061253020,14,2025-02-10,2025-02-14
www.tribunnews.com,Page,N/A,N/A,www.tribunnews.com/regional/2017/07/14/bu-guru-di-lamongan-tertangkap-satpol-pp-lagi-mesum-di-hotel-dengan-penilik-sekolah,No,Adult: Sexual content,Restricted ad serving,ca-pub-7784034061253020,14,2025-02-11,2025-02-15
www.tribunnews.com,Page,N/A,N/A,www.tribunnews.com/regional/2016/05/26/tamu-hotel-pilih-cewek-lewat-foto-harga-ditawarkan-rp-300-ribu,No,Adult: Sexual content,Restricted ad serving,ca-pub-7784034061253020,14,2025-02-13,2025-02-15
www.tribunnews.com,Page,N/A,N/A,www.tribunnews.com/nasional/2022/04/24/viral-bocil-umur-2-tahun-pakai-popok-dewasa-orangtua-ceritakan-kisah-dan-alasan-dibaliknya,No,Google-served ads obscuring content,Restricted ad serving,ca-pub-7784034061253020,14,2025-02-14,2025-02-15
www.tribunnews.com,Page,N/A,N/A,www.tribunnews.com/metropolitan/2016/05/15/di-spa-ini-terapisnya-topless-sekatnya-hanya-pakai-gorden,Yes,Site Behavior: Navigation,Restricted ad serving,ca-pub-7784034061253020,14,2025-02-11,2025-02-15
www.tribunnews.com,Page,N/A,N/A,www.tribunnews.com/kesehatan/2017/09/27/hasil-penelitian-di-amerika-ungkap-hal-mengejutkan-tentang-masturbasi,No,Adult: Sexual content,Restricted ad serving,ca-pub-7784034061253020,14,2025-02-10,2025-02-14
www.tribunnews.com,Page,N/A,N/A,www.tribunnews.com/kesehatan/2011/07/15/pelajari-sifat-seksual-wanita-dari-buah-kesukaannya,No,Adult: Sexual content,Restricted ad serving,ca-pub-7784034061253020,14,2025-02-13,2025-02-15
www.tribunnews.com,Page,N/A,N/A,www.tribunnews.com/internasional/2012/08/30/pasangan-homo-dibuat-malu-di-dalam-bandara,No,Adult: Sexual content,Restricted ad serving,ca-pub-7784034061253020,14,2025-02-11,2025-02-14
wartakota.tribunnews.com,Page,N/A,N/A,wartakota.tribunnews.com/tag/nonton-film-biru-dan-berhubungan-badan,Yes,Google-served ads on screens without publisher-content;Mislabeled Ads,Restricted ad serving,ca-pub-7784034061253020,14,2025-02-15,2025-02-15
wartakota.tribunnews.com,Page,N/A,N/A,wartakota.tribunnews.com/2019/09/08/terbaru-tentang-mia-khalifa-pernah-dipaksa-adegan-seks-pakai-hijab-hingga-kesalahan-tak-termaafkan?page=2,No,Adult: Sexual content,Restricted ad serving,ca-pub-7784034061253020,14,2025-02-14,2025-02-14
wartakota.tribunnews.com,Page,N/A,N/A,wartakota.tribunnews.com/2019/06/07/foto-dan-video-vulgar-cinta-laura-dengan-frank-garcia-beredar-luas-ibu-cinta-laura-diam-itu-emas,No,Adult: Sexual content,Restricted ad serving,ca-pub-7784034061253020,14,2025-02-10,2025-02-15
wartakota.tribunnews.com,Page,N/A,N/A,wartakota.tribunnews.com/2016/12/28/perempuan-abg-ini-harus-layani-8-pria-semalaman-hubungan-intim,No,Adult: Sexual content,Restricted ad serving,ca-pub-7784034061253020,14,2025-02-15,2025-02-15
wartakota.tribunnews.com,Page,N/A,N/A,wartakota.tribunnews.com/2016/03/24/puting-payudara-olla-ramlan-tercetak-saat-syuting,No,Adult: Sexual content,Restricted ad serving,ca-pub-7784034061253020,14,2025-02-10,2025-02-15
wartakota.tribunnews.com,Page,N/A,N/A,wartakota.tribunnews.com/2015/03/20/foto-payudara-sendiri-jadi-tren-selfie-di-thailand,Yes,Google-served ads obscuring content;Modified Javascript: Ads by Google size,Restricted ad serving,ca-pub-7784034061253020,14,2025-02-12,2025-02-15
wartakota.tribunnews.com,Page,N/A,N/A,wartakota.tribunnews.com/2014/10/07/inilah-penyebab-cewek-sering-gagal-orgasme,No,Adult: Sexual content,Restricted ad serving,ca-pub-7784034061253020,14,2025-02-15,2025-02-15
wartakota.tribunnews.com,Page,N/A,N/A,wartakota.tribunnews.com/2014/08/03/kenapa-wanita-sulit-orgasme-di-pagi-hari,No,Adult: Sexual content,Restricted ad serving,ca-pub-7784034061253020,14,2025-02-10,2025-02-15
travel.tribunnews.com,Page,N/A,N/A,travel.tribunnews.com/2017/11/05/ngeri-tangan-pria-ini-menghitam-hingga-hampir-mati-setelah-digigit-kucing-begini-kronologinya,No,Shocking content,Restricted ad serving,ca-pub-7784034061253020,14,2025-02-14,2025-02-14
surabaya.tribunnews.com,Page,N/A,N/A,surabaya.tribunnews.com/2019/08/11/viral-video-siswa-sma-diikat-guru-lalu-dipaksa-beradegan-panas-direkam-tersebar-di-medsos?page=2,No,Adult: Sexual content,Restricted ad serving,ca-pub-7784034061253020,14,2025-02-15,2025-02-15
surabaya.tribunnews.com,Page,N/A,N/A,surabaya.tribunnews.com/2017/09/25/video-wanita-ini-tiba-tiba-lepas-celana-lalu-melahirkan-sambil-berdiri-kemudian-bayinya,No,Shocking content,Restricted ad serving,ca-pub-7784034061253020,14,2025-02-15,2025-02-15
sumsel.tribunnews.com,Page,N/A,N/A,sumsel.tribunnews.com/2017/11/03/pasca-resmi-ditutup-beredar-daftar-wanita-psk-hotel-alexis-di-whatsappharga-sewanya-bukan-main,No,Adult: Sexual content,Restricted ad serving,ca-pub-7784034061253020,14,2025-02-12,2025-02-16
sumsel.tribunnews.com,Page,N/A,N/A,sumsel.tribunnews.com/2016/07/26/wanita-cantik-berusaha-ambil-barangnya-yang-jatuh-namun-malah-nyundul-burung-pria-didepannya,No,Google-served ads obscuring content,Restricted ad serving,ca-pub-7784034061253020,14,2025-02-10,2025-02-14
pekanbaru.tribunnews.com,Page,N/A,N/A,pekanbaru.tribunnews.com/tag/index/all,No,Adult: Sexual content,Restricted ad serving,ca-pub-7784034061253020,14,2025-02-12,2025-02-15
pekanbaru.tribunnews.com,Page,N/A,N/A,pekanbaru.tribunnews.com/2021/11/15/pengakuan-janda-muda-yang-tak-tahan-lagi-layani-pria-tiap-malam-demi-uang-mau-kerja-apa-lagi,Yes,Ads Disguised as Content,Restricted ad serving,ca-pub-7784034061253020,14,2025-02-11,2025-02-15
pekanbaru.tribunnews.com,Page,N/A,N/A,pekanbaru.tribunnews.com/2020/03/16/streaming-download-film-frozen-2013-i-full-movie-hd-video-sub-indo-subtitle-bahasa-indonesia,Yes,Copyrighted material (DMCA),Disabled ad serving,,14,2025-02-10,2025-02-16
palembang.tribunnews.com,Page,N/A,N/A,palembang.tribunnews.com/2011/05/23/mr-x-tewas-dengan-mulut-berbusa,No,Shocking content,Restricted ad serving,ca-pub-7784034061253020,14,2025-02-14,2025-02-14
medan.tribunnews.com,Page,N/A,N/A,medan.tribunnews.com/2024/05/01/pilu-atika-odgj-diduga-dijual-ayah-jadi-psk-berbaju-seksi-dibonceng-tarifnya-seharga-pecel-ayam,No,Google-served ads obscuring content,Restricted ad serving,ca-pub-7784034061253020,14,2025-02-15,2025-02-15
medan.tribunnews.com,Page,N/A,N/A,medan.tribunnews.com/2018/07/14/mangsa-warga-292-ekor-buaya-dibantai-di-sorong-milik-albert-siahaan-pengusaha-medan,No,Shocking content,Restricted ad serving,ca-pub-7784034061253020;ca-video-pub-7784034061253020,14,2025-02-15,2025-02-15
medan.tribunnews.com,Page,N/A,N/A,medan.tribunnews.com/2017/11/03/mudah-dan-cepat-ini-3-cara-alami-untuk-memperbesar-alat-vital,No,Adult: Sexual content,Restricted ad serving,ca-pub-7784034061253020,14,2025-02-11,2025-02-14
manado.tribunnews.com,Page,N/A,N/A,manado.tribunnews.com/2018/11/25/sejarah-mesin-penjual-otomatis-di-jepang-jual-berbagai-barang-tak-lazim,No,Adult: Sexual content,Restricted ad serving,ca-pub-7784034061253020,14,2025-02-16,2025-02-16
manado.tribunnews.com,Page,N/A,N/A,manado.tribunnews.com/2018/09/19/video-lima-abg-digerebek-hendak-pesta-seks-di-makassar-3-gadis-masih-di-bawah-umur,No,Adult: Sexual content,Restricted ad serving,ca-pub-7784034061253020;ca-video-pub-7784034061253020,14,2025-02-15,2025-02-15
makassar.tribunnews.com,Page,N/A,N/A,makassar.tribunnews.com/2020/06/07/punya-ratusan-film-dewasa-dan-film-anak-ini-18-nonton-film-online-mirip-indoxxi-ada-barat-drakor,No,Shocking content,Restricted ad serving,ca-pub-7784034061253020,14,2025-02-11,2025-02-15
makassar.tribunnews.com,Page,N/A,N/A,makassar.tribunnews.com/2017/07/05/tren-baru-remaja-cewek-lihat-bentuk-miss-v-artis-panas-lewat-film-minta-dokter-lakukan-ini,No,Adult: Sexual content,Restricted ad serving,ca-pub-7784034061253020,14,2025-02-10,2025-02-16
makassar.tribunnews.com,Page,N/A,N/A,makassar.tribunnews.com/2015/10/23/ciri-ciri-perempuan-yang-tidak-perawan-versi-dokter,No,Adult: Sexual content,Restricted ad serving,ca-pub-7784034061253020,14,2025-02-13,2025-02-14
makassar.tribunnews.com,Page,N/A,N/A,makassar.tribunnews.com/2015/08/04/sering-telat-menstruasi-jangan-panik-ambil-jeruk-nipis-berikut-caranya,Yes,Google-served ads on screens without publisher-content,Restricted ad serving,ca-pub-7784034061253020,14,2025-02-10,2025-02-16
makassar.tribunnews.com,Page,N/A,N/A,makassar.tribunnews.com/2015/04/09/sebelumnya-rebutan-cowok-siswi-sma-berkelahi-lagi,No,Shocking content,Restricted ad serving,ca-pub-7784034061253020,14,2025-02-14,2025-02-15
lampung.tribunnews.com,Page,N/A,N/A,lampung.tribunnews.com/2015/12/30/mau-jadi-pramugari-seribu-gadis-ini-berparade-pakai-baju-renang,No,Adult: Sexual content,Restricted ad serving,ca-pub-7784034061253020,14,2025-02-14,2025-02-14
kupang.tribunnews.com,Page,N/A,N/A,kupang.tribunnews.com/2019/09/15/rayuan-maut-duda-mudagadis-15-tergoda-dan-tidur-di-kosnya-hingga-berhubugan-badan-dan-kini-hamil?page=all,No,Adult: Sexual content,Restricted ad serving,ca-pub-7784034061253020,14,2025-02-14,2025-02-14
kupang.tribunnews.com,Page,N/A,N/A,kupang.tribunnews.com/2019/08/03/sediakan-servis-bercinta-bertiga-gadis-di-bawah-umur-dipekerjakan-di-panti-pijat-plus-plus?page=3,No,Adult: Sexual content,Restricted ad serving,ca-pub-7784034061253020,14,2025-02-14,2025-02-15
kupang.tribunnews.com,Page,N/A,N/A,kupang.tribunnews.com/2017/09/09/ariel-tatum-muncul-lagi-langsung-posting-gambar-nyaris-bugil-dan-buka-bukaan-soal-ini,No,Shocking content,Restricted ad serving,ca-pub-7784034061253020,14,2025-02-10,2025-02-14
kupang.tribunnews.com,Page,N/A,N/A,kupang.tribunnews.com/2015/06/16/10-trik-bikin-wanita-orgasme-dengan-permainan-jari,No,Adult: Sexual content,Restricted ad serving,ca-pub-7784034061253020,14,2025-02-13,2025-02-15
kupang.tribunnews.com,Page,N/A,N/A,kupang.tribunnews.com/2014/08/11/hubungan-seks-pernah-dilakukan-46-persen-remaja-15-19-tahun,No,Adult: Sexual content,Restricted ad serving,ca-pub-7784034061253020,14,2025-02-12,2025-02-15
kaltim.tribunnews.com,Page,N/A,N/A,kaltim.tribunnews.com/2017/11/17/karyawati-nyambi-jadi-psk-segini-tarif-perjamnya?page=all,No,Adult: Sexual content,Restricted ad serving,ca-pub-7784034061253020,14,2025-02-14,2025-02-14
jogja.tribunnews.com,Page,N/A,N/A,jogja.tribunnews.com/2017/12/10/robot-pemuas-nafsu-masa-depan-mampu-keluarkan-pelumas-otomatis,No,Adult: Sexual content,Restricted ad serving,ca-pub-7784034061253020,14,2025-02-10,2025-02-15
jogja.tribunnews.com,Page,N/A,N/A,jogja.tribunnews.com/2017/05/17/durex-keluarkan-produk-kondom-tipis-yang-bisa-bikin-lebih-intim,No,Adult: Sexual content,Restricted ad serving,ca-pub-7784034061253020,14,2025-02-13,2025-02-15
jogja.tribunnews.com,Page,N/A,N/A,jogja.tribunnews.com/2016/04/08/tren-robot-pemuas-nafsu-relakah-berbagi-ranjang-dengan-mesin,No,Adult: Sexual content,Restricted ad serving,ca-pub-7784034061253020,14,2025-02-15,2025-02-15
jatim.tribunnews.com,Page,N/A,N/A,jatim.tribunnews.com/2017/10/05/ukuran-dada-ariel-tatum-kadang-besar-kadang-kecil-bikin-heran-netter-ternyata-ini-lho-rahasianya?page=2,No,Google-served ads obscuring content,Restricted ad serving,ca-pub-7784034061253020,14,2025-02-15,2025-02-15
jateng.tribunnews.com,Page,N/A,N/A,jateng.tribunnews.com/2021/11/07/pengakuan-burhan-pasien-perpanjang-alat-vital-di-cucu-mak-erot-saya-sempat-gagal?page=all,Yes,Ads Disguised as Content,Restricted ad serving,ca-pub-7784034061253020,14,2025-02-15,2025-02-15
jateng.tribunnews.com,Page,N/A,N/A,jateng.tribunnews.com/2020/07/27/istilah-istilah-ini-yang-sering-dipakai-psk-online-yang-bertebaran-di-media-sosial-saat-ini?page=2,No,Google-served ads obscuring content,Restricted ad serving,ca-pub-7784034061253020,14,2025-02-12,2025-02-14
jateng.tribunnews.com,Page,N/A,N/A,jateng.tribunnews.com/2018/02/12/ngakak-petugas-razia-pasangan-mesum-di-kebumen-ada-yang-lagi-pakai-masker-muka-hitam,No,Shocking content,Restricted ad serving,ca-pub-7784034061253020,14,2025-02-14,2025-02-14
jateng.tribunnews.com,Page,N/A,N/A,jateng.tribunnews.com/2018/02/06/terbongkar-inilah-rahasia-aktor-film-bokep-bisa-tahan-berjam-jam,No,Adult: Sexual content,Restricted ad serving,ca-pub-7784034061253020,14,2025-02-10,2025-02-16
jambi.tribunnews.com,Page,N/A,N/A,jambi.tribunnews.com/2019/07/19/larang-siswanya-pakai-celana-dalam-dan-wajib-pakai-rok-mini-sma-di-jepang-wanitanya-terkenal-vulgar?page=3,No,Adult: Sexual content,Restricted ad serving,ca-pub-7784034061253020,14,2025-02-14,2025-02-14
jambi.tribunnews.com,Page,N/A,N/A,jambi.tribunnews.com/2017/04/04/ternyata-ini-yang-dipikirkan-suami-saat-istri-melakukan-oral-seks,No,Adult: Sexual content,Restricted ad serving,ca-pub-7784034061253020,14,2025-02-14,2025-02-14
jakarta.tribunnews.com,Page,N/A,N/A,jakarta.tribunnews.com/2018/10/01/terkuak-video-mesum-mahasiswi-di-bandung-begini-faktanya,No,Adult: Sexual content,Restricted ad serving,ca-pub-7784034061253020,14,2025-02-14,2025-02-14
jabar.tribunnews.com,Page,N/A,N/A,jabar.tribunnews.com/2017/08/30/pamela-safitri-berulah-lagi-videonya-bareng-dj-seksi-pamerkan-bagian-sensitif-dibanjiri-kecaman?page=2,No,Adult: Sexual content,Restricted ad serving,ca-pub-7784034061253020,14,2025-02-15,2025-02-15
bogor.tribunnews.com,Page,N/A,N/A,bogor.tribunnews.com/2016/04/16/heboh-foto-wanita-cantik-pose-tanpa-busana-di-tibet-ini-jadi-viral,No,Adult: Sexual content,Restricted ad serving,ca-pub-7784034061253020,14,2025-02-14,2025-02-14
bekasi.tribunnews.com,Page,N/A,N/A,bekasi.tribunnews.com/2022/10/23/kumpulan-film-jepang-khusus-dewasa-subtitle-indonesia-resolusi-hd-dan-durasi-dua-jam-ini-daftarnya?page=4,Yes,Ads Disguised as Content,Restricted ad serving,ca-pub-7784034061253020,14,2025-02-15,2025-02-15
batam.tribunnews.com,Page,N/A,N/A,batam.tribunnews.com/2016/04/25/prostitusi-online-di-batam-mewabah-ini-buktinya,No,Adult: Sexual content,Restricted ad serving,ca-pub-7784034061253020,14,2025-02-10,2025-02-16
banjarmasin.tribunnews.com,Page,N/A,N/A,banjarmasin.tribunnews.com/2018/11/18/psk-banjarmasin-instal-aplikasi-ini-tawarkan-jasa-esek-esek-lengkap-dengan-tarif-dan-tempat-bercinta,No,Shocking content,Restricted ad serving,ca-pub-7784034061253020,14,2025-02-14,2025-02-15
bangka.tribunnews.com,Page,N/A,N/A,bangka.tribunnews.com/2021/11/06/tips-untuk-istri-yang-sering-menolak-ajakan-suami-bercinta-dr-aisah-dahlan-beberkan-caranya,No,Google-served ads obscuring content,Restricted ad serving,ca-pub-7784034061253020,14,2025-02-14,2025-02-14
bangka.tribunnews.com,Page,N/A,N/A,bangka.tribunnews.com/2020/12/16/hati-hati-modus-baru-wanita-tanpa-busana-video-call-pakai-aplikasi-whatsapp-nelayan-diperas,Yes,Encouraging accidental clicks: Layout,Restricted ad serving,ca-pub-7784034061253020,14,2025-02-10,2025-02-16
bangka.tribunnews.com,Page,N/A,N/A,bangka.tribunnews.com/2018/04/11/sakit-hati-tukang-pijat-gorok-leher-pelanggannya-di-dalam-kamar-kos,No,Shocking content,Restricted ad serving,ca-pub-7784034061253020,14,2025-02-14,2025-02-14
bangka.tribunnews.com,Page,N/A,N/A,bangka.tribunnews.com/2018/02/16/ini-4-alasan-kenapa-jepang-layak-disebut-surga-dunia-bagi-pria-ada-pelayan-kafenya-bikin-melek?page=all,Yes,Site Behavior: Navigation,Restricted ad serving,ca-pub-7784034061253020,14,2025-02-15,2025-02-15
bangka.tribunnews.com,Page,N/A,N/A,bangka.tribunnews.com/2018/01/11/wanita-pengakses-film-biru-meningkat-ini-yang-mereka-cari,No,Adult: Sexual content,Restricted ad serving,ca-pub-7784034061253020,14,2025-02-10,2025-02-15
bangka.tribunnews.com,Page,N/A,N/A,bangka.tribunnews.com/2017/09/23/gara-gara-kondom-mantan-bintang-film-porno-ini-bikin-warga-india-geram-ini-penyebabnya,No,Adult: Sexual content;Shocking content,Restricted ad serving,ca-pub-7784034061253020,14,2025-02-11,2025-02-15
bangka.tribunnews.com,Page,N/A,N/A,bangka.tribunnews.com/2017/07/11/benda-mati-ini-disewakan-rp-1-juta-per-jam-anehnya-bisa-diajak-beginian-sampai-puas,No,Adult: Sexual content,Restricted ad serving,ca-pub-7784034061253020,14,2025-02-15,2025-02-15
bangka.tribunnews.com,Page,N/A,N/A,bangka.tribunnews.com/2016/10/20/9-bintang-porno-bunuh-diri-di-usia-muda,No,Adult: Sexual content,Restricted ad serving,ca-pub-7784034061253020,14,2025-02-16,2025-02-16
bangka.tribunnews.com,Page,N/A,N/A,bangka.tribunnews.com/2016/09/23/foto-foto-bugil-wanita-pns-pekalongan-yang-menghebohkan,No,Adult: Sexual content,Restricted ad serving,ca-pub-7784034061253020,14,2025-02-12,2025-02-15
bangka.tribunnews.com,Page,N/A,N/A,bangka.tribunnews.com/2016/08/06/gara-gara-kecelakaan-ibu-ini-selalu-terangsang-dan-selalu-ingin-berhubungan-seks,No,Adult: Sexual content,Restricted ad serving,ca-pub-7784034061253020,14,2025-02-14,2025-02-15
bangka.tribunnews.com,Page,N/A,N/A,bangka.tribunnews.com/2016/03/15/perempuan-juga-keluarkan-mani-saat-orgasme-apakah-benar,No,Adult: Sexual content,Restricted ad serving,ca-pub-7784034061253020,14,2025-02-15,2025-02-15
bali.tribunnews.com,Page,N/A,N/A,bali.tribunnews.com/2021/06/07/usia-bukan-penghalang-rania-dawiya-tetap-eksis-di-dunia-modeling-tapi-tolak-konsep-foto-nude?page=all,No,Google-served ads obscuring content,Restricted ad serving,ca-pub-7784034061253020,14,2025-02-15,2025-02-15
bali.tribunnews.com,Page,N/A,N/A,bali.tribunnews.com/2017/09/27/bisa-diremas-remas-harga-boneka-nikita-mirzani-sampai-rp-15-juta-seperti-jelly,No,Adult: Sexual content,Restricted ad serving,ca-pub-7784034061253020,14,2025-02-13,2025-02-14
bali.tribunnews.com,Page,N/A,N/A,bali.tribunnews.com/2017/04/14/heboh-video-gadis-18-tahun-di-bali-kencan-dengan-pria-bule-buka-baju-sampai-bersenggama,No,Adult: Sexual content,Restricted ad serving,ca-pub-7784034061253020,14,2025-02-14,2025-02-15
bali.tribunnews.com,Page,N/A,N/A,bali.tribunnews.com/2017/03/22/bintang-porno-tertua-di-jepang-pensiun-dalam-usia-80-tahun,No,Shocking content,Restricted ad serving,ca-pub-7784034061253020,14,2025-02-10,2025-02-14
bali.tribunnews.com,Page,N/A,N/A,bali.tribunnews.com/2017/01/21/dibalik-mimik-wajah-pemain-film-dewasa-ketika-beradegan-panas-tantangan-ini-jadi-masalah,No,Adult: Sexual content,Restricted ad serving,ca-pub-7784034061253020,14,2025-02-13,2025-02-16
bali.tribunnews.com,Page,N/A,N/A,bali.tribunnews.com/2016/05/15/si-bogel-diduga-pelaku-pembunuhan-gadis-dengan-gagang-cangkul-di-organ-intim,No,Shocking content,Restricted ad serving,ca-pub-7784034061253020,14,2025-02-14,2025-02-14
aceh.tribunnews.com,Page,N/A,N/A,aceh.tribunnews.com/2020/09/25/terbongkar-polisi-temukan-340000-kondom-bekas-dicuci-ulang-kemudian-dijual-kembali?page=all,No,Adult: Sexual content;Google-served ads obscuring content,Restricted ad serving,ca-pub-7784034061253020,14,2025-02-15,2025-02-15
www.tribunnewswiki.com,Page,N/A,N/A,www.tribunnewswiki.com/2019/12/25/video-istri-seret-suami-cacat-mengemis-di-jalan-marah-dan-pukul-badan-suami-hingga-akan-lempar-batu,Yes,Encouraging accidental clicks: Layout;Google-served ads obscuring content,Restricted ad serving,ca-pub-7784034061253020,13,2025-02-14,2025-02-14
www.tribunnews.com,Page,N/A,N/A,www.tribunnews.com/travel/2019/04/09/ternyata-sabung-ayam-jadi-olahraga-primadona-di-filipina-dianggap-sebagai-industri-miliaran-dolar,No,Shocking content,Restricted ad serving,ca-pub-7784034061253020,13,2025-02-14,2025-02-14
www.tribunnews.com,Page,N/A,N/A,www.tribunnews.com/regional/2022/09/21/fakta-anak-bunuh-ibu-di-purwakarta-aksinya-dipergoki-sang-ayah-kades-sebut-telat-minum-obat,Yes,Ads Disguised as Content,Restricted ad serving,ca-pub-7784034061253020,13,2025-02-14,2025-02-14
www.tribunnews.com,Page,N/A,N/A,www.tribunnews.com/regional/2020/07/28/cerita-psk-layani-2-pria-semalam-awalnya-berhubungan-intim-dengan-pacar-hingga-dengan-lelaki-lain,No,Google-served ads obscuring content,Restricted ad serving,ca-pub-7784034061253020,13,2025-02-10,2025-02-15
www.tribunnews.com,Page,N/A,N/A,www.tribunnews.com/regional/2019/10/22/heboh-video-2-menit-adegan-panas-dosen-dan-mahasiswi-diduga-di-bandung-latar-video-gedung-sate,No,Adult: Sexual content,Restricted ad serving,ca-pub-7784034061253020,13,2025-02-12,2025-02-15
www.tribunnews.com,Page,N/A,N/A,www.tribunnews.com/regional/2015/02/18/berulang-kali-dicabuli-dan-termakan-janji-manis-abg-sma-malah-ditinggal-nikah,No,Adult: Sexual content,Restricted ad serving,ca-pub-7784034061253020,13,2025-02-15,2025-02-15
www.tribunnews.com,Page,N/A,N/A,www.tribunnews.com/nasional/2010/03/23/gara-gara-stress-un-siswa-sma-lakukan-masturbasi,Yes,Ads Disguised as Content,Restricted ad serving,ca-pub-7784034061253020,13,2025-02-10,2025-02-15
www.tribunnews.com,Page,N/A,N/A,www.tribunnews.com/metropolitan/2023/07/25/marak-kos-kosan-dijadikan-tempat-prostitusi-online-polisi-di-bekasi-minta-warga-melapor,Yes,Google-served ads obscuring content;Modified Javascript: Ads by Google size,Restricted ad serving,ca-pub-7784034061253020,13,2025-02-10,2025-02-14
www.tribunnews.com,Page,N/A,N/A,www.tribunnews.com/metropolitan/2014/07/22/ini-kronologis-pria-62-tahun-tewas-saat-dilayani-di-panti-pijat-plus-jatinegara,No,Shocking content,Restricted ad serving,ca-pub-7784034061253020,13,2025-02-14,2025-02-14
www.tribunnews.com,Page,N/A,N/A,www.tribunnews.com/kesehatan/2013/02/06/ini-kata-mereka-yang-pernah-mengonsumsi-permen-karet-cinta?page=2,No,Adult: Sexual content,Restricted ad serving,ca-pub-7784034061253020,13,2025-02-15,2025-02-15
www.tribunnews.com,Page,N/A,N/A,www.tribunnews.com/kesehatan/2010/04/07/berbahayakan-melakukan-oral-sex-dengan-psk,No,Adult: Sexual content,Restricted ad serving,ca-pub-7784034061253020,13,2025-02-14,2025-02-15
wartakota.tribunnews.com,Page,N/A,N/A,wartakota.tribunnews.com/amp/2015/12/04/kasus-hubungan-intim-antara-manusia-dan-kuda-meningkat-di-swiss,No,Adult: Sexual content,Restricted ad serving,ca-pub-7784034061253020,13,2025-02-10,2025-02-15
wartakota.tribunnews.com,Page,N/A,N/A,wartakota.tribunnews.com/2022/11/09/penjelasan-polisi-terkait-video-porno-di-atas-sofa-benarkah-diperankan-selebgram-asal-bali,Yes,Ads Disguised as Content,Restricted ad serving,ca-pub-7784034061253020,13,2025-02-10,2025-02-14
wartakota.tribunnews.com,Page,N/A,N/A,wartakota.tribunnews.com/2020/06/08/selama-pandemi-covid-19-anggota-komunitas-telanjang-inggris-naik-2-kali-lipat-ada-acara-online,No,Google-served ads obscuring content,Restricted ad serving,ca-pub-7784034061253020,13,2025-02-16,2025-02-16
wartakota.tribunnews.com,Page,N/A,N/A,wartakota.tribunnews.com/2019/12/10/viral-janda-bikin-video-rekam-tubuh-sendiri-tanpa-busana-di-kamar-ini-penyebab-videonya-tersebar?page=4,No,Adult: Sexual content,Restricted ad serving,ca-pub-7784034061253020,13,2025-02-11,2025-02-15
wartakota.tribunnews.com,Page,N/A,N/A,wartakota.tribunnews.com/2017/02/03/pria-ini-langsung-buka-baju-dan-celananya-saat-berada-di-depan-toko,No,Adult: Sexual content,Restricted ad serving,ca-pub-7784034061253020,13,2025-02-10,2025-02-14
wartakota.tribunnews.com,Page,N/A,N/A,wartakota.tribunnews.com/2016/03/24/puting-payudara-olla-ramlan-tercetak-saat-syuting?page=all,No,Adult: Sexual content,Restricted ad serving,ca-pub-7784034061253020,13,2025-02-14,2025-02-14
video.tribunnews.com,Page,N/A,N/A,video.tribunnews.com/view/40573/tanpa-sensor-adegan-intim-pada-5-film-ini-benar-benar-dilakukan-di-depan-kamera,Yes,Adult: Sexual content;Site Behavior: Navigation,Restricted ad serving,ca-pub-7784034061253020,13,2025-02-14,2025-02-15
travel.tribunnews.com,Page,N/A,N/A,travel.tribunnews.com/2016/08/19/wacana-harga-rokok-naik-jadi-50-ribu-eksis-sejak-masa-penjajahan-inilah-rahasia-perusahaan-ini,No,Tobacco,Restricted ad serving,ca-pub-7784034061253020,13,2025-02-12,2025-02-14
sumsel.tribunnews.com,Page,N/A,N/A,sumsel.tribunnews.com/2018/03/24/pikir-pikir-dulu-sebelum-konsumsi-permen-cinta-jika-tak-ingin-nyawa-melayang,No,Adult: Sexual content,Restricted ad serving,ca-pub-7784034061253020,13,2025-02-15,2025-02-15
sumsel.tribunnews.com,Page,N/A,N/A,sumsel.tribunnews.com/2017/12/03/inilah-7-wanita-indonesia-bintangi-film-panas-di-luar-negeri-no-4-bikin-melongo?page=3,No,Adult: Sexual content,Restricted ad serving,ca-pub-7784034061253020,13,2025-02-14,2025-02-14
sultra.tribunnews.com,Page,N/A,N/A,sultra.tribunnews.com/2021/10/23/video-viral-bullying-siswa-wakatobi-siswi-sma-2-wangiwangi-keroyok-pelajar-pria-dipukul-diinjak,Yes,Ads Disguised as Content,Restricted ad serving,ca-pub-7784034061253020,13,2025-02-14,2025-02-14
style.tribunnews.com,Page,N/A,N/A,style.tribunnews.com/2020/11/17/4-manfaat-meletakkan-bantal-di-antara-paha-saat-tidur-bikin-nyaman-dan-peredaran-darah-lancar,Yes,Modified ad code: Resizing Ad Frames,Restricted ad serving,ca-pub-7784034061253020,13,2025-02-12,2025-02-14
pontianak.tribunnews.com,Page,N/A,N/A,pontianak.tribunnews.com/2018/10/18/soal-video-mesum-yang-menimpanya-baru-sekarang-marion-jola-angkat-bicara,No,Adult: Sexual content,Restricted ad serving,ca-pub-7784034061253020,13,2025-02-16,2025-02-16
pekanbaru.tribunnews.com,Page,N/A,N/A,pekanbaru.tribunnews.com/2023/10/31/iclik-viral-usai-rika-aerox-viral-arti-kata-iclik-iclik-adalah-bahasa-gaul,No,Google-served ads obscuring content,Restricted ad serving,ca-pub-7784034061253020,13,2025-02-10,2025-02-14
pekanbaru.tribunnews.com,Page,N/A,N/A,pekanbaru.tribunnews.com/2021/08/18/apa-itu-ndak-og-artinya-dalam-bahasa-gaul-ternyata-begini-penjelasan-arti-ndak-og-bahasa-gaul,No,Google-served ads obscuring content,Restricted ad serving,ca-pub-7784034061253020,13,2025-02-14,2025-02-15
pekanbaru.tribunnews.com,Page,N/A,N/A,pekanbaru.tribunnews.com/2020/02/28/3-cara-alami-untuk-memperbesar-alat-vital-kelamin-laki-laki-pria-puaskan-istri-di-ranjang,No,Adult: Sexual content,Restricted ad serving,ca-pub-7784034061253020,13,2025-02-14,2025-02-14
pekanbaru.tribunnews.com,Page,N/A,N/A,pekanbaru.tribunnews.com/2017/12/08/video-kisah-pengungsi-laki-laki-jadi-mesin-pemuas-nafus-para-tente-tante-sehari-layani,Yes,Site Behavior: Navigation,Restricted ad serving,ca-pub-7784034061253020,13,2025-02-15,2025-02-15
palembang.tribunnews.com,Page,N/A,N/A,palembang.tribunnews.com/2015/02/27/ini-pentingnya-desahan-saat-ml,No,Adult: Sexual content,Restricted ad serving,ca-pub-7784034061253020,13,2025-02-14,2025-02-14
medan.tribunnews.com,Page,N/A,N/A,medan.tribunnews.com/2018/01/29/gokil-pria-dipergoki-kekasihnya-sedang-bercumbu-tak-mengaku-malah-sebut-sedang-main-boneka-s3ks?page=4,No,Adult: Sexual content,Restricted ad serving,ca-pub-7784034061253020,13,2025-02-15,2025-02-15
medan.tribunnews.com,Page,N/A,N/A,medan.tribunnews.com/2017/08/08/lelaki-amplifier-tewas-dibakar-hidup-hidup-pengurus-musala-demi-allah-itu-biadab-sekali,No,Shocking content,Restricted ad serving,ca-pub-7784034061253020,13,2025-02-15,2025-02-15
medan.tribunnews.com,Page,N/A,N/A,medan.tribunnews.com/2017/04/28/aktris-bintang-porno-terkenal-ini-nyatakan-pensiun-di-usia-80-tahun,No,Adult: Sexual content,Restricted ad serving,ca-pub-7784034061253020,13,2025-02-10,2025-02-14
makassar.tribunnews.com,Page,N/A,N/A,makassar.tribunnews.com/tag/vina-garut?page=2,No,Shocking content,Restricted ad serving,ca-pub-7784034061253020,13,2025-02-12,2025-02-15
makassar.tribunnews.com,Page,N/A,N/A,makassar.tribunnews.com/2022/05/23/janda-cantik-cari-calon-suami-dan-sebar-lamaran-jadi-istri-di-medsos-ngaku-hafal-27-posisi-bercinta,No,Google-served ads obscuring content,Restricted ad serving,ca-pub-7784034061253020,13,2025-02-15,2025-02-15
makassar.tribunnews.com,Page,N/A,N/A,makassar.tribunnews.com/2020/01/01/rincian-harga-rokok-per-bungkus-mulai-1-januari-2020-marlboro-dji-sam-soe-gudang-garam-sampoerna,No,Tobacco,Restricted ad serving,ca-pub-7784034061253020,13,2025-02-16,2025-02-16
makassar.tribunnews.com,Page,N/A,N/A,makassar.tribunnews.com/2019/09/01/fakta-3-video-mesum-mahasiswi-banjarmasin-viral-durasi-hingga-alasan-g-n-rekam-hubungan-badannya,No,Adult: Sexual content,Restricted ad serving,ca-pub-7784034061253020,13,2025-02-10,2025-02-14
makassar.tribunnews.com,Page,N/A,N/A,makassar.tribunnews.com/2018/01/11/niat-rekam-penampakan-lewat-cctv-suami-malah-lihat-istri-berhubungan-seks-dengan-putranya?page=2,No,Adult: Sexual content,Restricted ad serving,ca-pub-7784034061253020,13,2025-02-14,2025-02-14
makassar.tribunnews.com,Page,N/A,N/A,makassar.tribunnews.com/2017/12/27/sudah-deal-rp-15-juta-tapi-selesai-main-deli-cinta-sihombing-cuma-ngasih-segini-ke-gigolo,No,Shocking content,Restricted ad serving,ca-pub-7784034061253020,13,2025-02-10,2025-02-15
makassar.tribunnews.com,Page,N/A,N/A,makassar.tribunnews.com/2014/06/02/ada-panti-pijat-esek-esek-di-jl-perintis-kemerdekaan-km-15-makassar,No,Adult: Sexual content,Restricted ad serving,ca-pub-7784034061253020,13,2025-02-14,2025-02-14
m.tribunnews.com,Page,N/A,N/A,m.tribunnews.com/metropolitan/2018/02/07/lahirkan-anak-ke-11-tersangka-video-mesum-tante-vs-bocah-sd-jalani-tes-hiv?page=2,Yes,Site Behavior: Navigation,Restricted ad serving,ca-pub-7784034061253020,13,2025-02-14,2025-02-14
lampung.tribunnews.com,Page,N/A,N/A,lampung.tribunnews.com/2018/01/14/setelah-video-mesum-bocah-dengan-wanita-dewasa-beredar-lagi-video-bocah-3-tahun-dengan-tante,No,Adult: Sexual content,Restricted ad serving,ca-pub-7784034061253020,13,2025-02-14,2025-02-14
lampung.tribunnews.com,Page,N/A,N/A,lampung.tribunnews.com/2016/02/12/penjualan-kondom-meningkat-jelang-hari-valentine,No,Adult: Sexual content,Restricted ad serving,ca-pub-7784034061253020,13,2025-02-14,2025-02-14
kupang.tribunnews.com,Page,N/A,N/A,kupang.tribunnews.com/2019/08/03/sediakan-servis-bercinta-bertiga-gadis-di-bawah-umur-dipekerjakan-di-panti-pijat-plus-plus?page=2,No,Adult: Sexual content,Restricted ad serving,ca-pub-7784034061253020,13,2025-02-15,2025-02-15
kupang.tribunnews.com,Page,N/A,N/A,kupang.tribunnews.com/2019/08/02/inilah-foto-nikita-mirzani-tampil-tanpa-busana-hanya-pakai-cd-mantan-istri-dipo-latief-bikin-geger,No,Adult: Sexual content,Restricted ad serving,ca-pub-7784034061253020,13,2025-02-10,2025-02-16
kupang.tribunnews.com,Page,N/A,N/A,kupang.tribunnews.com/2019/03/19/prostitusi-online-hotel-bintang-kota-kupang-sekali-kencan-tarif-rp-1-juta?page=4,No,Adult: Sexual content,Restricted ad serving,ca-pub-7784034061253020,13,2025-02-15,2025-02-15
kupang.tribunnews.com,Page,N/A,N/A,kupang.tribunnews.com/2019/02/15/begini-cara-bercinta-kaisar-china-dan-cara-tiduri-121-perempuan-dalam-15-hari,No,Adult: Sexual content,Restricted ad serving,ca-pub-7784034061253020,13,2025-02-16,2025-02-16
kupang.tribunnews.com,Page,N/A,N/A,kupang.tribunnews.com/2019/01/16/napsu-dua-pelajar-smp-berhubungan-intim-berkali-kali-berawal-dari-sekadar-teleponan,No,Adult: Sexual content;Shocking content,Restricted ad serving,ca-pub-7784034061253020,13,2025-02-16,2025-02-16
kaltim.tribunnews.com,Page,N/A,N/A,kaltim.tribunnews.com/2018/02/18/benarkan-posisi-misionaris-tingkatkan-peluang-hamil-mitos-atau-benar-ini-penjelasannya?page=2,No,Adult: Sexual content,Restricted ad serving,ca-pub-7784034061253020,13,2025-02-14,2025-02-14
kaltim.tribunnews.com,Page,N/A,N/A,kaltim.tribunnews.com/2018/02/18/benarkan-posisi-misionaris-tingkatkan-peluang-hamil-mitos-atau-benar-ini-penjelasannya,No,Adult: Sexual content,Restricted ad serving,ca-pub-7784034061253020,13,2025-02-14,2025-02-14
kaltim.tribunnews.com,Page,N/A,N/A,kaltim.tribunnews.com/2017/04/27/bukannya-belajar-tekun-siswi-sma-ini-malah-pamer-foto-syur-di-dalam-kelas,No,Adult: Sexual content;Shocking content,Restricted ad serving,ca-pub-7784034061253020,13,2025-02-15,2025-02-15
jogja.tribunnews.com,Page,N/A,N/A,jogja.tribunnews.com/2017/08/30/byurrr-pria-tukang-intip-orang-mandi-diguyur-gadis-muda-yang-jadi-korbannyaketahuan-kamu,No,Shocking content,Restricted ad serving,ca-pub-7784034061253020,13,2025-02-14,2025-02-14
jatim.tribunnews.com,Page,N/A,N/A,jatim.tribunnews.com/2019/12/25/viral-pria-tampan-bertato-tewas-di-parit-tubuh-penuh-34-tusukan-tertutup-rumput-ini-ciri-lainnya?page=all,No,Shocking content,Restricted ad serving,ca-pub-7784034061253020,13,2025-02-14,2025-02-14
jatim.tribunnews.com,Page,N/A,N/A,jatim.tribunnews.com/2017/07/28/cukup-bayar-rp-50-ribu-sekali-kencan-psk-pasuruan-beri-layanan-istimewa-ini-ke-pelanggannya,No,Adult: Sexual content,Restricted ad serving,ca-pub-7784034061253020,13,2025-02-15,2025-02-15
jateng.tribunnews.com,Page,N/A,N/A,jateng.tribunnews.com/2022/07/08/pengakuan-mahasiswi-hobi-live-streaming-erotis-dapat-penghasilan-rp-30-juta-sebulan-tapi,No,Google-served ads obscuring content,Restricted ad serving,ca-pub-7784034061253020,13,2025-02-15,2025-02-15
jateng.tribunnews.com,Page,N/A,N/A,jateng.tribunnews.com/2021/09/08/viral-video-pasangan-hubungan-intim-gancet-ditolong-ustadz-ini-faktanya?page=2,Yes,Google-served ads obscuring content;Modified Javascript: Ads by Google size,Restricted ad serving,ca-pub-7784034061253020,13,2025-02-16,2025-02-16
jateng.tribunnews.com,Page,N/A,N/A,jateng.tribunnews.com/2018/10/17/kyukyu-ktv-semarang-hadirkan-pegulat-cantik-dari-jepang,No,Shocking content,Restricted ad serving,ca-pub-7784034061253020,13,2025-02-15,2025-02-15
jateng.tribunnews.com,Page,N/A,N/A,jateng.tribunnews.com/2018/04/14/fakta-mengejutkan-pasangan-mahasiswa-mesum-di-masjid-berawal-penemuan-kondom-di-dekat-lemari-mukena?page=2,No,Adult: Sexual content,Restricted ad serving,ca-pub-7784034061253020,13,2025-02-14,2025-02-14
jateng.tribunnews.com,Page,N/A,N/A,jateng.tribunnews.com/2018/03/02/inilah-alasan-9-bintang-porno-bertobat-alasan-bintang-ke-5-bikin-geleng-geleng-kepala?page=2,No,Adult: Sexual content,Restricted ad serving,ca-pub-7784034061253020,13,2025-02-15,2025-02-15
jateng.tribunnews.com,Page,N/A,N/A,jateng.tribunnews.com/2018/03/01/video-inilah-penggerebekan-pasangan-pelajar-smp-mesum-di-kamar-mandi-masjid,No,Adult: Sexual content,Restricted ad serving,ca-pub-7784034061253020,13,2025-02-14,2025-02-15
jambi.tribunnews.com,Page,N/A,N/A,jambi.tribunnews.com/2012/03/27/kondom-bergerigi-indonesia-disukai-pasar-timur-tengah,No,Adult: Sexual content,Restricted ad serving,ca-pub-7784034061253020,13,2025-02-11,2025-02-16
bogor.tribunnews.com,Page,N/A,N/A,bogor.tribunnews.com/2015/12/01/pijat-plus-di-bogor-ketuk-pintu-muncul-wanita-berdaster-tipis?page=2,No,Adult: Sexual content,Restricted ad serving,ca-pub-7784034061253020,13,2025-02-15,2025-02-15
belitung.tribunnews.com,Page,N/A,N/A,belitung.tribunnews.com/2022/03/02/janda-muda-live-tanpa-busana-kaget-digrebek-polisi-di-kamar-mandi-ngaku-omset-puluhan-juta-sebulan,Yes,Google-served ads obscuring content;Modified Javascript: Ads by Google size,Restricted ad serving,ca-pub-7784034061253020,13,2025-02-10,2025-02-14
belitung.tribunnews.com,Page,N/A,N/A,belitung.tribunnews.com/2017/11/13/video-viral-remaja-pasangan-mesum-tepergok-warga-cewek-sempat-ditelanjangi-saat-diarak,No,Adult: Sexual content,Restricted ad serving,ca-pub-7784034061253020,13,2025-02-10,2025-02-16
belitung.tribunnews.com,Page,N/A,N/A,belitung.tribunnews.com/2017/01/01/wanita-cantik-ini-bercinta-dengan-anjing-dan-merekamnya-begini-cerita-lengkapnya?page=all,No,Adult: Sexual content,Restricted ad serving,ca-pub-7784034061253020,13,2025-02-14,2025-02-14
belitung.tribunnews.com,Page,N/A,N/A,belitung.tribunnews.com/2016/08/05/wanita-30-tahun-ini-mengalami-180-orgasme-dalam-dua-jam,No,Adult: Sexual content,Restricted ad serving,ca-pub-7784034061253020,13,2025-02-16,2025-02-16
belitung.tribunnews.com,Page,N/A,N/A,belitung.tribunnews.com/2016/06/30/bra-model-wanita-ini-lepas-di-atas-ring-saat-pertunjukan-gulat-profesional,No,Adult: Sexual content,Restricted ad serving,ca-pub-7784034061253020,13,2025-02-14,2025-02-14
batam.tribunnews.com,Page,N/A,N/A,batam.tribunnews.com/tag/pengobatan-alat-vital,No,Adult: Sexual content,Restricted ad serving,ca-pub-7784034061253020,13,2025-02-15,2025-02-15
batam.tribunnews.com,Page,N/A,N/A,batam.tribunnews.com/2022/07/28/viral-video-panas-guru-padahal-sudah-punya-pasangan-masing-masing-disdik-turun-tangan,Yes,Ads Disguised as Content,Restricted ad serving,ca-pub-7784034061253020,13,2025-02-14,2025-02-15
batam.tribunnews.com,Page,N/A,N/A,batam.tribunnews.com/2019/10/19/viral-video-panas-2-siswa-pakaian-pramuka-di-pangandaran-polisi-ungkap-fakta-soal-pelaku,No,Adult: Sexual content,Restricted ad serving,ca-pub-7784034061253020,13,2025-02-14,2025-02-15
banjarmasin.tribunnews.com,Page,N/A,N/A,banjarmasin.tribunnews.com/2021/08/06/kalselpedia-daftar-tari-daerah-tradisi-khas-kalimantan-selatan,No,Google-served ads obscuring content,Restricted ad serving,ca-pub-7784034061253020,13,2025-02-11,2025-02-15
bangka.tribunnews.com,Page,N/A,N/A,bangka.tribunnews.com/2021/11/19/cerita-2-psk-kerja-di-warung-ngaku-capek-layani-pria-hingga-tak-sengaja-main-dengan-tetangga?page=2,No,Google-served ads obscuring content,Restricted ad serving,ca-pub-7784034061253020,13,2025-02-16,2025-02-16
bangka.tribunnews.com,Page,N/A,N/A,bangka.tribunnews.com/2019/08/18/tahan-lama-tanpa-obat-kuat-5-jus-buah-ini-dipercaya-dapat-meningkatkan-stamina-suami,No,Adult: Sexual content,Restricted ad serving,ca-pub-7784034061253020,13,2025-02-15,2025-02-15
bangka.tribunnews.com,Page,N/A,N/A,bangka.tribunnews.com/2018/07/15/ratna-sari-dewi-bisakah-cinta-dibeli-dengan-uang,No,Adult: Sexual content,Restricted ad serving,ca-pub-7784034061253020,13,2025-02-16,2025-02-16
bangka.tribunnews.com,Page,N/A,N/A,bangka.tribunnews.com/2018/01/23/masih-penasaran-video-mesum-viral-di-youtube-tonton-nih-video-desahan-hot-di-atas-kasur?page=all,No,Adult: Sexual content,Restricted ad serving,ca-pub-7784034061253020,13,2025-02-15,2025-02-15
bangka.tribunnews.com,Page,N/A,N/A,bangka.tribunnews.com/2017/11/23/sejoli-yang-diarak-dan-ditelanjangi-di-tangerang-akhirnya-menikah,No,Adult: Sexual content,Restricted ad serving,ca-pub-7784034061253020,13,2025-02-12,2025-02-14
bangka.tribunnews.com,Page,N/A,N/A,bangka.tribunnews.com/2017/10/30/7-organ-tubuh-ini-diperjualbelikan-di-pasaran-gelap-harganya-mencengangkan,No,Adult: Sexual content,Restricted ad serving,ca-pub-7784034061253020,13,2025-02-15,2025-02-15
bangka.tribunnews.com,Page,N/A,N/A,bangka.tribunnews.com/2017/10/19/di-semak-semak-kancing-baju-cewek-cantik-terlepas-astaga-cowok-di-sebelahnya-lakukan-ini,No,Adult: Sexual content,Restricted ad serving,ca-pub-7784034061253020,13,2025-02-11,2025-02-15
bangka.tribunnews.com,Page,N/A,N/A,bangka.tribunnews.com/2016/10/25/inilah-ciri-pria-mandul-silahkan-cek,No,Adult: Sexual content,Restricted ad serving,ca-pub-7784034061253020,13,2025-02-15,2025-02-15
bangka.tribunnews.com,Page,N/A,N/A,bangka.tribunnews.com/2015/12/20/kecanduan-onani-bisa-sebabkan-kencing-berdarah?page=1,No,Adult: Sexual content,Restricted ad serving,ca-pub-7784034061253020,13,2025-02-14,2025-02-14
bangka.tribunnews.com,Page,N/A,N/A,bangka.tribunnews.com/2015/10/09/inilah-kelebihan-pria-disunat-keuntungannya-bagi-para-wanita,No,Adult: Sexual content,Restricted ad serving,ca-pub-7784034061253020,13,2025-02-15,2025-02-15
bali.tribunnews.com,Page,N/A,N/A,bali.tribunnews.com/2019/03/02/pasutri-memilih-bercinta-di-dalam-mobil-ini-sensasi-dan-gaya-untuk-mencapai-klimaks?page=all,No,Adult: Sexual content,Restricted ad serving,ca-pub-7784034061253020,13,2025-02-14,2025-02-14
bali.tribunnews.com,Page,N/A,N/A,bali.tribunnews.com/2017/07/03/lawan-30-pria-aktris-film-panas-khusus-dewasa-tewas-saat-lakukan-adegan-di-gambar-ini,No,Adult: Sexual content,Restricted ad serving,ca-pub-7784034061253020,13,2025-02-14,2025-02-14
bali.tribunnews.com,Page,N/A,N/A,bali.tribunnews.com/2016/12/17/idih-7-benda-ini-pernah-dipakai-jadi-pengganti-kondom-akibatnya-serem?page=all,No,Adult: Sexual content,Restricted ad serving,ca-pub-7784034061253020,13,2025-02-15,2025-02-15
bali.tribunnews.com,Page,N/A,N/A,bali.tribunnews.com/2014/03/09/short-time-dengan-abg-di-lokalisasi-padang-galak-bermodal-rp-100-ribu,No,Adult: Sexual content,Restricted ad serving,ca-pub-7784034061253020,13,2025-02-15,2025-02-15
aceh.tribunnews.com,Page,N/A,N/A,aceh.tribunnews.com/2024/12/16/istri-pukul-suami-pakai-kayu-hingga-tewas-di-ntt-pelaku-tak-terima-dimaki-dan-ditendang-korban?page=2,No,Shocking content,Restricted ad serving,ca-pub-7784034061253020,13,2025-02-14,2025-02-14
aceh.tribunnews.com,Page,N/A,N/A,aceh.tribunnews.com/2023/06/08/kasus-pembunuhan-di-subulussalam-terungkap-ternyata-korban-dibunuh-adiknya-yang-hendak-bela-ibunda,No,Shocking content,Restricted ad serving,ca-pub-7784034061253020,13,2025-02-15,2025-02-15
aceh.tribunnews.com,Page,N/A,N/A,aceh.tribunnews.com/2019/02/03/kambing-hamil-diperkosa-8-orang-hingga-tewas-kelainan-seksual-melibatkan-hewan-sulit-disembuhkan,No,Shocking content,Restricted ad serving,ca-pub-7784034061253020,13,2025-02-10,2025-02-14
www.tribunnews.com,Page,N/A,N/A,www.tribunnews.com/travel/2017/05/06/batu-menyerupai-alat-kelamin-pria-ini-ada-di-indonesia-catat-lokasinya,No,Adult: Sexual content,Restricted ad serving,ca-pub-7784034061253020,12,2025-02-10,2025-02-15
www.tribunnews.com,Page,N/A,N/A,www.tribunnews.com/seleb/2015/11/05/sukai-adegan-ranjang-jo-yeo-jung-cuek-dilabeli-artis-spesialis-film-erotis,No,Adult: Sexual content,Restricted ad serving,ca-pub-7784034061253020,12,2025-02-11,2025-02-15
www.tribunnews.com,Page,N/A,N/A,www.tribunnews.com/regional/2019/10/21/video-mesum-mahasiswi-cantik-dengan-dosen-menyebar-diduga-di-bandung-ada-lukisan-gedung-sate,No,Adult: Sexual content,Restricted ad serving,ca-pub-7784034061253020,12,2025-02-10,2025-02-15
www.tribunnews.com,Page,N/A,N/A,www.tribunnews.com/regional/2014/08/16/video-mesum-anak-smp-gemparkan-pekalongan,No,Adult: Sexual content,Restricted ad serving,ca-pub-7784034061253020,12,2025-02-14,2025-02-14
www.tribunnews.com,Page,N/A,N/A,www.tribunnews.com/metropolitan/2011/11/09/edan-uang-bulanan-rp-50-juta-hasis-untuk-gigolo,No,Adult: Sexual content,Restricted ad serving,ca-pub-7784034061253020,12,2025-02-11,2025-02-14
wartakota.tribunnews.com,Page,N/A,N/A,wartakota.tribunnews.com/2022/11/06/fakta-baru-video-mesum-wanita-kebaya-merah-diperankan-influencer-cantik-polisi-periksa-kamar-hotel,Yes,Ads Disguised as Content,Restricted ad serving,ca-pub-7784034061253020,12,2025-02-13,2025-02-15
wartakota.tribunnews.com,Page,N/A,N/A,wartakota.tribunnews.com/2022/05/11/isis-eksekusi-20-orang-nigeria-dengan-disembelih-pisau-video-rekamannya-disebarkan,No,Shocking content,Restricted ad serving,ca-pub-7784034061253020,12,2025-02-15,2025-02-15
wartakota.tribunnews.com,Page,N/A,N/A,wartakota.tribunnews.com/2019/09/08/terbaru-tentang-mia-khalifa-pernah-dipaksa-adegan-seks-pakai-hijab-hingga-kesalahan-tak-termaafkan?page=4,No,Adult: Sexual content,Restricted ad serving,ca-pub-7784034061253020,12,2025-02-14,2025-02-14
wartakota.tribunnews.com,Page,N/A,N/A,wartakota.tribunnews.com/2015/07/30/pelukan-membuat-wanita-lebih-bergairah,No,Adult: Sexual content,Restricted ad serving,ca-pub-7784034061253020,12,2025-02-12,2025-02-15
wartakota.tribunnews.com,Page,N/A,N/A,wartakota.tribunnews.com/2014/06/19/cukup-dioleskan-tunggu-30-menit-langsung-ereksi,No,Adult: Sexual content,Restricted ad serving,ca-pub-7784034061253020,12,2025-02-14,2025-02-14
video.tribunnews.com,Page,N/A,N/A,video.tribunnews.com/view/799888/live-bos-koperasi-banyuasin-tewas-dibacok-nasabah-pelaku-kesal-korban-tagih-utang-secara-kasar,No,Shocking content,Restricted ad serving,ca-pub-7784034061253020,12,2025-02-15,2025-02-15
suryamalang.tribunnews.com,Page,N/A,N/A,suryamalang.tribunnews.com/2015/08/31/unggah-foto-telanjang-di-instagram-mantan-artis-cilik-ini-kembali-dikecam,No,Adult: Sexual content,Restricted ad serving,ca-pub-7784034061253020,12,2025-02-10,2025-02-16
surabaya.tribunnews.com,Page,N/A,N/A,surabaya.tribunnews.com/2024/01/02/update-suami-mutilasi-istri-di-malang-james-tunjukkan-jasad-istri-ke-tetangga-sempat-lakukan-kdrt?source=kgnotif_1,No,Shocking content,Restricted ad serving,ca-pub-7784034061253020,12,2025-02-15,2025-02-15
surabaya.tribunnews.com,Page,N/A,N/A,surabaya.tribunnews.com/2020/01/01/tahun-baru-2020-harga-rokok-naik-berikut-daftar-harga-per-bungkus-ada-yang-naik-sampai-rp-31-ribu?page=2,No,Tobacco,Restricted ad serving,ca-pub-7784034061253020,12,2025-02-15,2025-02-15
sumsel.tribunnews.com,Page,N/A,N/A,sumsel.tribunnews.com/2022/05/29/duel-maut-di-pali-berujung-satu-orang-tewas-dipicu-oleh-wanita,No,Shocking content,Restricted ad serving,ca-pub-7784034061253020,12,2025-02-14,2025-02-14
sumsel.tribunnews.com,Page,N/A,N/A,sumsel.tribunnews.com/2017/09/08/terbongkar-sera-amane-artis-porno-indonesia-beradegan-seks-dengan-pria-tua-kakek-sugiono-kah,Yes,Site Behavior: Navigation,Restricted ad serving,ca-pub-7784034061253020,12,2025-02-15,2025-02-15
sumsel.tribunnews.com,Page,N/A,N/A,sumsel.tribunnews.com/2017/08/08/astaga-gadis-cantik-ini-ditemukkan-dalam-toilet-lihat-bagian-bokongnya-sampai-segitunya,No,Google-served ads obscuring content,Restricted ad serving,ca-pub-7784034061253020,12,2025-02-15,2025-02-15
style.tribunnews.com,Page,N/A,N/A,style.tribunnews.com/404,Yes,Google-served ads on screens without publisher-content,Restricted ad serving,ca-pub-7784034061253020,12,2025-02-15,2025-02-15
prohaba.tribunnews.com,Page,N/A,N/A,prohaba.tribunnews.com/2022/11/29/polisi-tangkap-kakek-72-tahun-diduga-terlibat-pembunuhan-wanita-di-dalam-karung,No,Shocking content,Restricted ad serving,ca-pub-7784034061253020,12,2025-02-16,2025-02-16
pontianak.tribunnews.com,Page,N/A,N/A,pontianak.tribunnews.com/2024/01/03/mempermudah-perizinan-usaha-intip-cara-membuat-siup-online-lewat-aplikasi-oss-tahun-2024,Yes,Google-served ads obscuring content;Modified Javascript: Ads by Google size,Restricted ad serving,ca-pub-7784034061253020,12,2025-02-16,2025-02-16
pontianak.tribunnews.com,Page,N/A,N/A,pontianak.tribunnews.com/2021/10/29/streaming-gratis-little-mom-eps-10-11-12-13-ada-kejutan-keenan-untuk-naura-fakta-yuda-membuat-onar,No,Google-served ads obscuring content,Restricted ad serving,ca-pub-7784034061253020,12,2025-02-14,2025-02-14
pontianak.tribunnews.com,Page,N/A,N/A,pontianak.tribunnews.com/2016/05/04/begitu-menggoda-ternyata-wanita-cantik-ini-boneka-seks-yang-dijual-seharga-rp-130-juta,No,Adult: Sexual content,Restricted ad serving,ca-pub-7784034061253020,12,2025-02-10,2025-02-15
pontianak.tribunnews.com,Page,N/A,N/A,pontianak.tribunnews.com/2015/08/26/jika-sperma-tak-dikeluarkan-maka-akan-diserap-tubuh,No,Adult: Sexual content,Restricted ad serving,ca-pub-7784034061253020,12,2025-02-15,2025-02-15
pekanbaru.tribunnews.com,Page,N/A,N/A,pekanbaru.tribunnews.com/2022/06/18/sepakat-mandi-bareng-lewat-video-call-ternyata-pacar-merekamnya-videonya-menyebar,No,Google-served ads obscuring content,Restricted ad serving,ca-pub-7784034061253020,12,2025-02-16,2025-02-16
pekanbaru.tribunnews.com,Page,N/A,N/A,pekanbaru.tribunnews.com/2021/10/26/arti-kode-angka-apa-arti-831-apa-itu-kode-angka-831-dalam-bahasa-gaul-831-artinya,No,Google-served ads obscuring content,Restricted ad serving,ca-pub-7784034061253020,12,2025-02-15,2025-02-15
pekanbaru.tribunnews.com,Page,N/A,N/A,pekanbaru.tribunnews.com/2021/09/11/arti-paok-dalam-bahasa-gaul-apa-inilah-paok-artinya-atau-apa-itu-paok-dalam-bahasa-gaul-dari-medan,No,Google-served ads obscuring content,Restricted ad serving,ca-pub-7784034061253020,12,2025-02-14,2025-02-14
pekanbaru.tribunnews.com,Page,N/A,N/A,pekanbaru.tribunnews.com/2018/01/06/begini-nasib-2-bocah-yang-beradegan-panas-di-video-viral-bareng-tante-tante,No,Adult: Sexual content,Restricted ad serving,ca-pub-7784034061253020,12,2025-02-16,2025-02-16
pekanbaru.tribunnews.com,Page,N/A,N/A,pekanbaru.tribunnews.com/2015/05/06/video-wanita-ini-pecahkan-semangka-menggunakan-payudara,Yes,Adult: Sexual content;Site Behavior: Navigation,Restricted ad serving,ca-pub-7784034061253020,12,2025-02-14,2025-02-14
palembang.tribunnews.com,Page,N/A,N/A,palembang.tribunnews.com/2021/02/27/agen-rahasia-wanita-7-tahun-dinas-di-indonesia-targetnya-pergoki-pasangan-selingkuh?page=2,Yes,Google-served ads obscuring content;Modified Javascript: Ads by Google size,Restricted ad serving,ca-pub-7784034061253020,12,2025-02-15,2025-02-15
palembang.tribunnews.com,Page,N/A,N/A,palembang.tribunnews.com/2019/03/29/wajib-tahu-arti-nomor-di-balik-kemasan-plastik-perhatikan-kode-dan-bahaya-bahaya-bagi-pengguna?page=2,No,Shocking content,Restricted ad serving,ca-pub-7784034061253020,12,2025-02-14,2025-02-14
palembang.tribunnews.com,Page,N/A,N/A,palembang.tribunnews.com/2018/05/19/puasa-lakukan-onani-apa-hukumnya-dan-apa-azabnya-begini-penjelasannya-jika-sperma-keluar,No,Adult: Sexual content,Restricted ad serving,ca-pub-7784034061253020,12,2025-02-14,2025-02-14
medan.tribunnews.com,Page,N/A,N/A,medan.tribunnews.com/2021/10/11/cerita-mahasiswi-terang-terangan-open-bo-karena-kuliah-di-2-kampus-mengaku-cukup-2-kali-sehari-aja,Yes,Ads Disguised as Content,Restricted ad serving,ca-pub-7784034061253020,12,2025-02-14,2025-02-14
medan.tribunnews.com,Page,N/A,N/A,medan.tribunnews.com/2019/05/02/terukirlah-namamu-boruku-duka-mendalam-selimuti-peresmian-monumen-km-sinar-bangun,No,Shocking content,Restricted ad serving,ca-pub-7784034061253020,12,2025-02-16,2025-02-16
medan.tribunnews.com,Page,N/A,N/A,medan.tribunnews.com/2017/10/28/viral-video-mesum-anak-smansa-siapa-penyebarnya-ra-pacaran-dengan-sa-setelah-putus-dari-na,No,Adult: Sexual content,Restricted ad serving,ca-pub-7784034061253020,12,2025-02-15,2025-02-15
medan.tribunnews.com,Page,N/A,N/A,medan.tribunnews.com/2017/09/18/tiga-wanita-cantik-kecanduan-berhubungan-intim-akibatnya-mengerikan,No,Adult: Sexual content,Restricted ad serving,ca-pub-7784034061253020,12,2025-02-16,2025-02-16
medan.tribunnews.com,Page,N/A,N/A,medan.tribunnews.com/2017/02/06/perempuan-paling-puas-berhubungan-seks-di-usia-33-tahun-ini-sebabnya,No,Adult: Sexual content,Restricted ad serving,ca-pub-7784034061253020,12,2025-02-13,2025-02-14
medan.tribunnews.com,Page,N/A,N/A,medan.tribunnews.com/2016/10/29/simak-4-fakta-empunya-payudara-terindah-pertama-di-dunia-ryoko-nakaoka,No,Adult: Sexual content,Restricted ad serving,ca-pub-7784034061253020,12,2025-02-15,2025-02-15
manado.tribunnews.com,Page,N/A,N/A,manado.tribunnews.com/2019/04/15/ini-dampak-bagi-mereka-yang-suka-gonta-ganti-pasangan-saat-bercinta-termasuk-hilang-harga-diri,No,Adult: Sexual content,Restricted ad serving,ca-pub-7784034061253020,12,2025-02-15,2025-02-15
manado.tribunnews.com,Page,N/A,N/A,manado.tribunnews.com/2019/02/14/video-tolak-ajakan-balikan-wajah-wanita-ini-dibacok-mantan-pacar-di-supermarket,Yes,Ads Disguised as Content;Shocking content,Restricted ad serving,ca-pub-7784034061253020,12,2025-02-14,2025-02-14
manado.tribunnews.com,Page,N/A,N/A,manado.tribunnews.com/2017/12/15/pamer-foto-orang-tuanya-ternyata-ibu-ariel-tatum-gak-kalah-cantiknya,Yes,Site Behavior: Navigation,Restricted ad serving,ca-pub-7784034061253020,12,2025-02-15,2025-02-15
makassar.tribunnews.com,Page,N/A,N/A,makassar.tribunnews.com/2022/01/14/istri-berkhianat-gegara-tak-puas-main-dengan-suami-layani-4-pria-demi-kepuasan-tapi-berakhir-pilu,Yes,Ads Disguised as Content,Restricted ad serving,ca-pub-7784034061253020,12,2025-02-10,2025-02-15
makassar.tribunnews.com,Page,N/A,N/A,makassar.tribunnews.com/2021/11/19/seorang-wanita-histeris-setelah-berhubungan-dikira-suami-ditemani-tidur-30-menit-ternyata-pencuri?page=2,Yes,Google-served ads obscuring content;Modified Javascript: Ads by Google size,Restricted ad serving,ca-pub-7784034061253020,12,2025-02-16,2025-02-16
makassar.tribunnews.com,Page,N/A,N/A,makassar.tribunnews.com/2019/09/01/fakta-3-video-mesum-mahasiswi-banjarmasin-viral-durasi-hingga-alasan-g-n-rekam-hubungan-badannya?page=3,No,Adult: Sexual content,Restricted ad serving,ca-pub-7784034061253020,12,2025-02-14,2025-02-14
makassar.tribunnews.com,Page,N/A,N/A,makassar.tribunnews.com/2017/07/13/terangsang-lihat-tkw-disetubuhi-temannya-di-semak-semak-kuli-bangunan-langsung-kalap,No,Adult: Sexual content,Restricted ad serving,ca-pub-7784034061253020,12,2025-02-14,2025-02-14
m.tribunnews.com,Page,N/A,N/A,m.tribunnews.com/regional/2019/10/03/pria-ini-ajak-bersetubuh-adik-ipar-beraksi-saat-istri-sudah-tidur-hingga-ditemukan-alat-kontrasepsi?page=2,No,Adult: Sexual content,Restricted ad serving,ca-pub-7784034061253020,12,2025-02-11,2025-02-15
m.tribunnews.com,Page,N/A,N/A,m.tribunnews.com/metropolitan/2017/10/08/ini-pelumas-yang-ditemukan-di-lokasi-spa-khusus-kaum-gay-di-harmoni,No,Adult: Sexual content,Restricted ad serving,ca-pub-7784034061253020,12,2025-02-16,2025-02-16
m.tribunnews.com,Page,N/A,N/A,m.tribunnews.com/lifestyle/2016/12/22/hati-hati-onani-ternyata-bisa-sebabkan-penyakit-kelamin-lho,No,Adult: Sexual content,Restricted ad serving,ca-pub-7784034061253020,12,2025-02-15,2025-02-15
m.tribunnews.com,Page,N/A,N/A,m.tribunnews.com/bisnis/2015/08/06/kondom-buatan-indonesia-lebih-digandrungi-pasar-internasional,No,Adult: Sexual content,Restricted ad serving,ca-pub-7784034061253020,12,2025-02-15,2025-02-15
lampung.tribunnews.com,Page,N/A,N/A,lampung.tribunnews.com/2019/05/23/nano-burn-coating-hanya-rp-300-ribu-di-bkp-car-wash,No,Adult: Sexual content,Restricted ad serving,ca-pub-7784034061253020,12,2025-02-15,2025-02-15
lampung.tribunnews.com,Page,N/A,N/A,lampung.tribunnews.com/2017/11/23/temukan-salah-satunya-inilah-12-tanda-sebenarnya-wanita-hot-dan-sensual,No,Adult: Sexual content,Restricted ad serving,ca-pub-7784034061253020,12,2025-02-16,2025-02-16
lampung.tribunnews.com,Page,N/A,N/A,lampung.tribunnews.com/2017/05/30/datangi-pijat-esek-esek-terapis-dan-pelanggan-tepergok-tanpa-busana,No,Adult: Sexual content,Restricted ad serving,ca-pub-7784034061253020,12,2025-02-16,2025-02-16
lampung.tribunnews.com,Page,N/A,N/A,lampung.tribunnews.com/2015/12/04/astaga-kasus-hubungan-intim-antara-manusia-dengan-kuda-meningkat-di-swiss,No,Adult: Sexual content,Restricted ad serving,ca-pub-7784034061253020,12,2025-02-14,2025-02-14
kupang.tribunnews.com,Page,N/A,N/A,kupang.tribunnews.com/2019/09/06/fakta-2-wanita-prostitusi-online-layani-seks-threesome-4-orang-tiap-hari-akhirnya-digerebek-polisi,No,Adult: Sexual content,Restricted ad serving,ca-pub-7784034061253020,12,2025-02-15,2025-02-15
kupang.tribunnews.com,Page,N/A,N/A,kupang.tribunnews.com/2018/09/05/7-artis-ini-miliki-payudara-terindah-di-tahun-2017-adakah-idolamu?page=4,No,Google-served ads obscuring content,Restricted ad serving,ca-pub-7784034061253020,12,2025-02-15,2025-02-15
kupang.tribunnews.com,Page,N/A,N/A,kupang.tribunnews.com/2018/02/07/ternyata-di-usia-ini-penis-mulai-tumbuh-dan-berhenti,No,Adult: Sexual content,Restricted ad serving,ca-pub-7784034061253020,12,2025-02-15,2025-02-15
kupang.tribunnews.com,Page,N/A,N/A,kupang.tribunnews.com/2017/10/13/viral-ibu-ini-ungkap-bh-berisi-silikon-penyebab-kanker-payudara,Yes,Adult: Sexual content;Site Behavior: Navigation,Restricted ad serving,ca-pub-7784034061253020,12,2025-02-11,2025-02-16
kupang.tribunnews.com,Page,N/A,N/A,kupang.tribunnews.com/2015/04/23/tidur-telanjang-buat-tambah-mesra-berunjung-seks,No,Adult: Sexual content,Restricted ad serving,ca-pub-7784034061253020,12,2025-02-14,2025-02-14
kaltim.tribunnews.com,Page,N/A,N/A,kaltim.tribunnews.com/2015/10/16/jamur-misterius-ini-picu-orgasme-spontan-pada-wanita,No,Adult: Sexual content,Restricted ad serving,ca-pub-7784034061253020,12,2025-02-16,2025-02-16
kalteng.tribunnews.com,Page,N/A,N/A,kalteng.tribunnews.com/2017/01/22/pria-pemilik-kelamin-terpanjang-dan-terbesar-di-dunia-mengaku-tersiksa,No,Adult: Sexual content,Restricted ad serving,ca-pub-7784034061253020,12,2025-02-15,2025-02-15
jatim.tribunnews.com,Page,N/A,N/A,jatim.tribunnews.com/2017/04/14/aktor-film-dewasa-tertuta-ini-ungkap-rahasianya-kuat-diatas-ranjang-hingga-usia-82-tahun,No,Adult: Sexual content,Restricted ad serving,ca-pub-7784034061253020,12,2025-02-15,2025-02-15
jateng.tribunnews.com,Page,N/A,N/A,jateng.tribunnews.com/2018/03/04/adegan-cynthiara-alona-lepas-kaus-dan-celana-di-video-ini-jadi-perdebatan-netizen,Yes,Site Behavior: Navigation,Restricted ad serving,ca-pub-7784034061253020,12,2025-02-16,2025-02-16
jambi.tribunnews.com,Page,N/A,N/A,jambi.tribunnews.com/2019/10/23/detik-detik-skandal-video-mahasiswi-cantik-peluk-dosen-pakai-kaca-mata-di-kamar-pakai-bahasa-sunda,No,Adult: Sexual content,Restricted ad serving,ca-pub-7784034061253020,12,2025-02-14,2025-02-14
jambi.tribunnews.com,Page,N/A,N/A,jambi.tribunnews.com/2018/04/29/kelihatan-inilah-ciri-wanita-yang-sering-memuaskan-diri-sendiri-bahayanya-bakal-sakit-seperti-ini?page=4,No,Adult: Sexual content,Restricted ad serving,ca-pub-7784034061253020,12,2025-02-15,2025-02-15
jambi.tribunnews.com,Page,N/A,N/A,jambi.tribunnews.com/2018/04/29/kelihatan-inilah-ciri-wanita-yang-sering-memuaskan-diri-sendiri-bahayanya-bakal-sakit-seperti-ini?page=3,No,Adult: Sexual content,Restricted ad serving,ca-pub-7784034061253020,12,2025-02-15,2025-02-15
jambi.tribunnews.com,Page,N/A,N/A,jambi.tribunnews.com/2018/04/29/kelihatan-inilah-ciri-wanita-yang-sering-memuaskan-diri-sendiri-bahayanya-bakal-sakit-seperti-ini?page=2,No,Adult: Sexual content,Restricted ad serving,ca-pub-7784034061253020,12,2025-02-15,2025-02-15
jambi.tribunnews.com,Page,N/A,N/A,jambi.tribunnews.com/2018/01/31/7-cara-mudah-kenali-wanita-dan-pria-yang-sering-masturbasi-adakah-tanda-ini-pada-temanmu,No,Adult: Sexual content,Restricted ad serving,ca-pub-7784034061253020,12,2025-02-13,2025-02-14
jambi.tribunnews.com,Page,N/A,N/A,jambi.tribunnews.com/2018/01/29/keseringan-beradegan-panas-di-ranjang-5-artis-hollywood-ini-menikmati-juga-akhirnya?page=all,No,Adult: Sexual content,Restricted ad serving,ca-pub-7784034061253020,12,2025-02-15,2025-02-15
jambi.tribunnews.com,Page,N/A,N/A,jambi.tribunnews.com/2018/01/29/keseringan-beradegan-panas-di-ranjang-5-artis-hollywood-ini-menikmati-juga-akhirnya?page=3,No,Adult: Sexual content,Restricted ad serving,ca-pub-7784034061253020,12,2025-02-16,2025-02-16
jambi.tribunnews.com,Page,N/A,N/A,jambi.tribunnews.com/2017/11/25/segelas-minuman-ini-untuk-istri-hasilnya-ya-ampun-kok-jadi-semakin-bergairah-di-ranjang,No,Adult: Sexual content,Restricted ad serving,ca-pub-7784034061253020,12,2025-02-14,2025-02-14
jambi.tribunnews.com,Page,N/A,N/A,jambi.tribunnews.com/2017/11/14/perempuan-yang-ditelanjangi-di-tangerang-ini-dipaksa-ngaku-berbuat-mesum-keterlaluan,No,Adult: Sexual content,Restricted ad serving,ca-pub-7784034061253020,12,2025-02-16,2025-02-16
jakarta.tribunnews.com,Page,N/A,N/A,jakarta.tribunnews.com/2022/03/28/direstui-suami-istri-kerap-open-bo-dengan-pria-lain-sementara-2-anaknya-menunggu-di-kamar-sebelah,Yes,Ads Disguised as Content,Restricted ad serving,ca-pub-7784034061253020,12,2025-02-16,2025-02-16
cirebon.tribunnews.com,Page,N/A,N/A,cirebon.tribunnews.com/2019/09/28/kesaksian-rg-saat-pertama-kali-berhubungan-badan-dengan-ibu-kandung-nafsu-saat-ibu-lakukan-hal-ini,No,Adult: Sexual content,Restricted ad serving,ca-pub-7784034061253020,12,2025-02-16,2025-02-16
bogor.tribunnews.com,Page,N/A,N/A,bogor.tribunnews.com/2019/09/27/terungkap-alasan-ibu-berhubungan-intim-dengan-2-anak-kandungnya-suami-udah-gak-sanggup-lagi?page=3,No,Adult: Sexual content,Restricted ad serving,ca-pub-7784034061253020,12,2025-02-15,2025-02-15
bogor.tribunnews.com,Page,N/A,N/A,bogor.tribunnews.com/2019/09/27/terungkap-alasan-ibu-berhubungan-intim-dengan-2-anak-kandungnya-suami-udah-gak-sanggup-lagi,No,Shocking content,Restricted ad serving,ca-pub-7784034061253020,12,2025-02-15,2025-02-15
bogor.tribunnews.com,Page,N/A,N/A,bogor.tribunnews.com/2017/09/13/kasih-resep-jamu-pembesar-payudara-bentuk-pinggang-wanita-ini-bikin-penonton-ikutan-sesak?page=4,No,Adult: Sexual content,Restricted ad serving,ca-pub-7784034061253020,12,2025-02-15,2025-02-15
bogor.tribunnews.com,Page,N/A,N/A,bogor.tribunnews.com/2016/07/16/4-manfaat-menonton-film-porno-bagi-pasangan-suami-istri-nomor-3-wajib-dibaca,No,Adult: Sexual content,Restricted ad serving,ca-pub-7784034061253020,12,2025-02-15,2025-02-15
belitung.tribunnews.com,Page,N/A,N/A,belitung.tribunnews.com/2017/05/09/heboh-beredar-gambar-seksi-kak-ros-pakai-baju-transparan-hingga-hanya-kenakan-bra?page=4,No,Content obscuring Google-served ads,Restricted ad serving,ca-pub-7784034061253020,12,2025-02-15,2025-02-15
belitung.tribunnews.com,Page,N/A,N/A,belitung.tribunnews.com/2017/05/08/pergoki-anak-gadisnya-yang-masih-remaja-tidur-telanjang-dengan-pacarnya-reaksi-ayah-ini-mengejutkan,No,Google-served ads obscuring content,Restricted ad serving,ca-pub-7784034061253020,12,2025-02-14,2025-02-14
belitung.tribunnews.com,Page,N/A,N/A,belitung.tribunnews.com/2017/04/19/ingat-video-viral-tangan-siswa-masuk-rok-wanita-kali-ini-ada-tangan-pegang-bagian-intim,No,Adult: Sexual content,Restricted ad serving,ca-pub-7784034061253020,12,2025-02-16,2025-02-16
batam.tribunnews.com,Page,N/A,N/A,batam.tribunnews.com/2020/03/27/video-panas-pramugari-berdurasi-18-menit-bersama-kekasihnya-di-kamar-hotel-polisi-ungkap-fakta-baru,Yes,Ads Disguised as Content,Restricted ad serving,ca-pub-7784034061253020,12,2025-02-15,2025-02-15
banyumas.tribunnews.com,Page,N/A,N/A,banyumas.tribunnews.com/2020/12/25/merokok-tingwe-sudah-jadi-gaya-hidup-anak-muda-purwokerto-berikut-pengakuan-mereka,No,Shocking content,Restricted ad serving,ca-pub-7784034061253020,12,2025-02-16,2025-02-16
banjarmasin.tribunnews.com,Page,N/A,N/A,banjarmasin.tribunnews.com/2023/01/12/amuk-pelaku-bersenjata-pisau-di-palangkaraya-seorang-tewas-korban-lainnya-robek-di-jari,No,Shocking content,Restricted ad serving,ca-pub-7784034061253020,12,2025-02-15,2025-02-15
banjarmasin.tribunnews.com,Page,N/A,N/A,banjarmasin.tribunnews.com/2019/04/23/video-mesum-mirip-kriss-hatta-jonatan-christie-richard-kyle-beredar-viral-ini-kata-pengacaranya?page=2,No,Google-served ads obscuring content,Restricted ad serving,ca-pub-7784034061253020,12,2025-02-16,2025-02-16
banjarmasin.tribunnews.com,Page,N/A,N/A,banjarmasin.tribunnews.com/2017/07/18/ternyata-perempuan-harus-lakukan-masturbasi-ini-alasannya,No,Adult: Sexual content,Restricted ad serving,ca-pub-7784034061253020,12,2025-02-15,2025-02-15
banjarmasin.tribunnews.com,Page,N/A,N/A,banjarmasin.tribunnews.com/2015/11/04/ada-yang-penting-dari-perbedaan-hasrat-seksual-pria-dan-wanita,No,Adult: Sexual content,Restricted ad serving,ca-pub-7784034061253020,12,2025-02-15,2025-02-15
bangka.tribunnews.com,Page,N/A,N/A,bangka.tribunnews.com/2022/06/13/bujang-tua-ini-nikahi-janda-mudamalam-pertama-yang-biasanya-indah-malah-berakhir-memilukan,Yes,Ads Disguised as Content,Restricted ad serving,ca-pub-7784034061253020,12,2025-02-12,2025-02-14
bangka.tribunnews.com,Page,N/A,N/A,bangka.tribunnews.com/2019/12/10/video-janda-muda-beradegan-panas-di-kamar-viral-ngaku-ingin-lihat-bentuk-tubuhnya-sendiri,No,Shocking content,Restricted ad serving,ca-pub-7784034061253020,12,2025-02-15,2025-02-15
bangka.tribunnews.com,Page,N/A,N/A,bangka.tribunnews.com/2019/08/26/kasus-video-panas-mantan-karyawati-bank-sumsel-babel-palembang-akun-instagram-si-cewek-menghilang,No,Adult: Sexual content,Restricted ad serving,ca-pub-7784034061253020,12,2025-02-15,2025-02-15
bangka.tribunnews.com,Page,N/A,N/A,bangka.tribunnews.com/2017/12/14/bukti-ini-bikin-mantan-mahasiswi-ui-dan-pacar-tak-bisa-mengelak-jadi-pemeran-video-mesum,No,Adult: Sexual content,Restricted ad serving,ca-pub-7784034061253020,12,2025-02-11,2025-02-14
bangka.tribunnews.com,Page,N/A,N/A,bangka.tribunnews.com/2017/07/17/mengejutkan-ini-temuan-psikolog-soal-hasrat-seksual-wanita-yang-diremehkan-pria,No,Adult: Sexual content,Restricted ad serving,ca-pub-7784034061253020,12,2025-02-15,2025-02-15
bangka.tribunnews.com,Page,N/A,N/A,bangka.tribunnews.com/2017/06/29/artis-seksi-ini-buka-kancing-atas-bajunya-lalu-pamer-bagian-mulus-tubuhnya-tanpa-malu,Yes,Site Behavior: Navigation,Restricted ad serving,ca-pub-7784034061253020,12,2025-02-15,2025-02-15
bangka.tribunnews.com,Page,N/A,N/A,bangka.tribunnews.com/2017/06/07/ternyata-begini-sosok-wanita-cantik-mulus-yang-toples-hebohkan-jakarta,No,Adult: Sexual content,Restricted ad serving,ca-pub-7784034061253020,12,2025-02-10,2025-02-16
bangka.tribunnews.com,Page,N/A,N/A,bangka.tribunnews.com/2017/03/29/sepasang-remaja-cuek-berhubungan-badan-di-depan-toko-direkam-malah-tambah-asyik,No,Adult: Sexual content,Restricted ad serving,ca-pub-7784034061253020,12,2025-02-16,2025-02-16
bangka.tribunnews.com,Page,N/A,N/A,bangka.tribunnews.com/2016/09/09/rahasia-puaskan-istri-ukuran-si-otong-tak-penting-tapi-pahami-gaya-dan-durasi,No,Adult: Sexual content,Restricted ad serving,ca-pub-7784034061253020,12,2025-02-14,2025-02-14
bangka.tribunnews.com,Page,N/A,N/A,bangka.tribunnews.com/2016/09/05/kepribadian-wanita-berdasarkan-bentuk-puting-susunya?page=2,No,Adult: Sexual content,Restricted ad serving,ca-pub-7784034061253020,12,2025-02-14,2025-02-14
bangka.tribunnews.com,Page,N/A,N/A,bangka.tribunnews.com/2015/12/21/ketika-malam-pantai-di-bangka-ini-jadi-lokasi-maksiat,No,Adult: Sexual content,Restricted ad serving,ca-pub-7784034061253020,12,2025-02-11,2025-02-15
bali.tribunnews.com,Page,N/A,N/A,bali.tribunnews.com/2016/01/22/waduh-siswa-pergoki-guru-senggama-di-ruang-laboratorium,No,Adult: Sexual content,Restricted ad serving,ca-pub-7784034061253020,12,2025-02-16,2025-02-16
aceh.tribunnews.com,Page,N/A,N/A,aceh.tribunnews.com/tag/penemuan-mayat,No,Shocking content,Restricted ad serving,ca-pub-7784034061253020,12,2025-02-14,2025-02-14
aceh.tribunnews.com,Page,N/A,N/A,aceh.tribunnews.com/2020/03/24/data-menunjukkan-malaysia-jadi-negara-asia-dengan-kunjungan-situs-dewasa-terbanyak-selama-lockdown,Yes,Encouraging accidental clicks: Layout;Google-served ads obscuring content,Restricted ad serving,ca-pub-7784034061253020,12,2025-02-10,2025-02-15
aceh.tribunnews.com,Page,N/A,N/A,aceh.tribunnews.com/2019/10/29/wanita-yang-tewas-dengan-pisau-tertancap-di-perut-ternyata-dibunuh-suami-polisi-bongkar-motifnya,No,Shocking content,Restricted ad serving,ca-pub-7784034061253020,12,2025-02-15,2025-02-16
aceh.tribunnews.com,Page,N/A,N/A,aceh.tribunnews.com/2016/12/20/terungkap-karakter-wanita-yang-gemar-dengan-posisi-woman-on-top,No,Adult: Sexual content,Restricted ad serving,ca-pub-7784034061253020,12,2025-02-15,2025-02-15
www.tribunnews.com,Page,N/A,N/A,www.tribunnews.com/regional/2020/07/01/kafe-karaoke-di-blitar-layani-plus-plus-pria-hidung-belang-rp-800-ribu-12-purel-diciduk-polisi,No,Shocking content,Restricted ad serving,ca-pub-7784034061253020,11,2025-02-10,2025-02-15
www.tribunnews.com,Page,N/A,N/A,www.tribunnews.com/regional/2018/01/08/lihat-sang-anak-intim-dengan-wanita-dewasa-2-ibu-ini-malah-bilang-begini,No,Shocking content,Restricted ad serving,ca-pub-7784034061253020,11,2025-02-13,2025-02-16
www.tribunnews.com,Page,N/A,N/A,www.tribunnews.com/regional/2017/08/07/cewek-suka-pamer-dada-ini-bikin-resah-fotonya-pun-viral,No,Adult: Sexual content,Restricted ad serving,ca-pub-7784034061253020,11,2025-02-10,2025-02-14
www.tribunnews.com,Page,N/A,N/A,www.tribunnews.com/nasional/2022/11/08/pemeran-video-wanita-kebaya-merah-produksi-92-video-porno-selama-2022-dijual-juga-ke-luar-negeri,Yes,Ads Disguised as Content,Restricted ad serving,ca-pub-7784034061253020,11,2025-02-10,2025-02-14
www.tribunnews.com,Page,N/A,N/A,www.tribunnews.com/lifestyle/2014/08/09/cowok-italia-paling-banyak-jadi-target-fantasi-seks-wanita,No,Adult: Sexual content,Restricted ad serving,ca-pub-7784034061253020,11,2025-02-14,2025-02-15
wartakota.tribunnews.com,Page,N/A,N/A,wartakota.tribunnews.com/2015/04/28/coba-lakukan-ini-usai-hubungan-intim,No,Adult: Sexual content,Restricted ad serving,ca-pub-7784034061253020,11,2025-02-15,2025-02-15
wartakota.tribunnews.com,Page,N/A,N/A,wartakota.tribunnews.com/2015/03/21/stres-malah-bikin-wanita-sering-hubungan-intim,No,Adult: Sexual content,Restricted ad serving,ca-pub-7784034061253020,11,2025-02-15,2025-02-15
wartakota.tribunnews.com,Page,N/A,N/A,wartakota.tribunnews.com/2014/12/29/phone-sex-bermanfaat-untuk-hubungan-jarak-jauh,No,Adult: Sexual content,Restricted ad serving,ca-pub-7784034061253020,11,2025-02-12,2025-02-15
wartakota.tribunnews.com,Page,N/A,N/A,wartakota.tribunnews.com/2014/04/17/pijat-vagina-supaya-lebih-hot,No,Adult: Sexual content,Restricted ad serving,ca-pub-7784034061253020,11,2025-02-10,2025-02-16
wartakota.tribunnews.com,Page,N/A,N/A,wartakota.tribunnews.com/2013/11/02/ini-daftar-alat-bantu-seks-terpopuler?page=2,No,Adult: Sexual content,Restricted ad serving,ca-pub-7784034061253020,11,2025-02-15,2025-02-15
video.tribunnews.com,Page,N/A,N/A,video.tribunnews.com/view/81648/mayat-tanpa-busana-ditemukan-di-underpass-ngurah-rai-polisi-ungkap-fakta-tentang-korban,No,Shocking content,Restricted ad serving,ca-pub-7784034061253020,11,2025-02-14,2025-02-14
suryamalang.tribunnews.com,Page,N/A,N/A,suryamalang.tribunnews.com/2019/05/13/video-viral-gadis-abg-buka-baju-saat-sahur-on-the-road-sambil-kebut-kebutan-ini-identitas-si-pelaku,No,Adult: Sexual content,Restricted ad serving,ca-pub-7784034061253020,11,2025-02-11,2025-02-14
suryamalang.tribunnews.com,Page,N/A,N/A,suryamalang.tribunnews.com/2018/04/22/masa-kelam-sugarcookie-sebelum-jadi-bintang-video-panas-ternama,No,Adult: Sexual content,Restricted ad serving,ca-pub-7784034061253020,11,2025-02-11,2025-02-14
surabaya.tribunnews.com,Page,N/A,N/A,surabaya.tribunnews.com/2019/12/03/breaking-news-seorang-pria-tewas-setelah-lompat-dari-lantai-4-mal-di-surabaya?page=2,No,Shocking content,Restricted ad serving,ca-pub-7784034061253020,11,2025-02-15,2025-02-15
surabaya.tribunnews.com,Page,N/A,N/A,surabaya.tribunnews.com/2014/01/28/ritual-ciamsi-mulai-ditinggalkan,No,Shocking content,Restricted ad serving,ca-pub-7784034061253020,11,2025-02-11,2025-02-16
sumsel.tribunnews.com,Page,N/A,N/A,sumsel.tribunnews.com/2018/01/01/tampil-dengan-pakaian-seksi-jennifer-dunn-dibully-habis-netizen-bagian-tubuh-ini-mirip-hantu-luh,Yes,Encouraging accidental clicks: Layout;Google-served ads obscuring content,Restricted ad serving,ca-pub-7784034061253020,11,2025-02-14,2025-02-14
sumsel.tribunnews.com,Page,N/A,N/A,sumsel.tribunnews.com/2016/04/20/terungkap-ini-sebenarnya-cara-menggunakan-pembalut-yang-benar,No,Shocking content,Restricted ad serving,ca-pub-7784034061253020,11,2025-02-15,2025-02-15
style.tribunnews.com,Page,N/A,N/A,style.tribunnews.com/2018/05/03/tinggi-semampai-begini-10-foto-aisha-modjo-putri-duta-sheila-on-7-yang-mulai-beranjak-dewasa?page=2,Yes,Site Behavior: Navigation,Restricted ad serving,ca-pub-7784034061253020,11,2025-02-16,2025-02-16
style.tribunnews.com,Page,N/A,N/A,style.tribunnews.com/2017/04/24/pose-sexy-dengan-pakaian-minim-untuk-majalah-maxim-aura-kasih-semakin-hot-bikin-salfok,No,Adult: Sexual content,Restricted ad serving,ca-pub-7784034061253020,11,2025-02-15,2025-02-15
pontianak.tribunnews.com,Page,N/A,N/A,pontianak.tribunnews.com/2019/12/16/populer-video-mesum-wanita-pakai-training-bertulis-sman-1-resahkan-kalbar-durasinya-257-menit,Yes,Adult: Sexual content;Child oriented sexual situations (pedophilia);Shocking content,Disabled ad serving,ca-pub-7784034061253020,11,2025-02-15,2025-02-15
pontianak.tribunnews.com,Page,N/A,N/A,pontianak.tribunnews.com/2017/01/02/lima-bentuk-vagina-yang-disukai-pria,No,Adult: Sexual content,Restricted ad serving,ca-pub-7784034061253020,11,2025-02-15,2025-02-15
pekanbaru.tribunnews.com,Page,N/A,N/A,pekanbaru.tribunnews.com/2019/12/31/ajak-lelaki-kenalan-berhubungan-badan-di-kamar-majikan-video-pengakuan-asisten-rumah-tangga-viral,No,Adult: Sexual content,Restricted ad serving,ca-pub-7784034061253020,11,2025-02-15,2025-02-15
palembang.tribunnews.com,Page,N/A,N/A,palembang.tribunnews.com/2016/06/15/tidak-disetujui-nikah-dini-saya-sering-gituan-dengan-jari-tangan-bolehkah?page=4,No,Adult: Sexual content,Restricted ad serving,ca-pub-7784034061253020,11,2025-02-14,2025-02-14
palembang.tribunnews.com,Page,N/A,N/A,palembang.tribunnews.com/2012/03/28/kondom-bergerigi-buatan-indonesia-disukai-orang-timur-tengah,No,Adult: Sexual content,Restricted ad serving,ca-pub-7784034061253020,11,2025-02-15,2025-02-15
medan.tribunnews.com,Page,N/A,N/A,medan.tribunnews.com/2020/08/28/terungkap-kenapa-kucing-kawin-sangat-berisik-seperti-berkelahi-penis-kucing-berduri,Yes,Ads Disguised as Content,Restricted ad serving,ca-pub-7784034061253020,11,2025-02-15,2025-02-15
medan.tribunnews.com,Page,N/A,N/A,medan.tribunnews.com/2018/12/28/dewi-perssik-buka-bukaan-cerita-hubungan-intim-suami-istri-hingga-gaya-bercinta-pria-gak-bosan,No,Adult: Sexual content,Restricted ad serving,ca-pub-7784034061253020,11,2025-02-15,2025-02-15
medan.tribunnews.com,Page,N/A,N/A,medan.tribunnews.com/2018/01/10/berikut-daftar-harga-terbaru-40-merek-rokok-saat-cukai-tembakau-naik-sekitar-1004,No,Tobacco,Restricted ad serving,ca-pub-7784034061253020,11,2025-02-15,2025-02-15
medan.tribunnews.com,Page,N/A,N/A,medan.tribunnews.com/2017/05/27/hilang-perawan-15-tahun-perempuan-ini-ketagihan-hubungan-seks-harus-gituan-tiap-hari,No,Adult: Sexual content,Restricted ad serving,ca-pub-7784034061253020,11,2025-02-14,2025-02-14
medan.tribunnews.com,Page,N/A,N/A,medan.tribunnews.com/2017/04/14/kakek-sugiono-pemeran-tertua-film-panas-blakblakan-kasih-tahu-rahasia-staminanya-nan-prima?page=2,No,Google-served ads obscuring content,Restricted ad serving,ca-pub-7784034061253020,11,2025-02-14,2025-02-14
medan.tribunnews.com,Page,N/A,N/A,medan.tribunnews.com/2016/10/27/kriteria-payudara-terindah-yang-disabet-gadis-manis-jepang-ryoko-nakaoka,No,Adult: Sexual content,Restricted ad serving,ca-pub-7784034061253020,11,2025-02-14,2025-02-14
medan.tribunnews.com,Page,N/A,N/A,medan.tribunnews.com/2014/07/10/cewek-naik-motor-ternyata-dianggap-lebih-seksi-dan-menggoda,No,Shocking content,Restricted ad serving,ca-pub-7784034061253020,11,2025-02-15,2025-02-15
manado.tribunnews.com,Page,N/A,N/A,manado.tribunnews.com/2019/09/17/boneka-pria-pemuas-syahwat-resmi-diperkenalkan-ke-pasar-dewasa-punya-perkakas-bionik-gratis-ongkir,No,Adult: Sexual content,Restricted ad serving,ca-pub-7784034061253020,11,2025-02-15,2025-02-15
makassar.tribunnews.com,Page,N/A,N/A,makassar.tribunnews.com/2024/04/22/nasib-kades-di-jeneponto-usai-viral-video-call-sex-reaksi-pj-bupati,No,Google-served ads obscuring content,Restricted ad serving,ca-pub-7784034061253020,11,2025-02-10,2025-02-15
makassar.tribunnews.com,Page,N/A,N/A,makassar.tribunnews.com/2020/08/21/5-fakta-skandal-video-syur-mirip-adhisty-zara-zaki-pohan-reaksi-keluarga-hingga-hilang-di-medsos?page=2,Yes,Google-served ads obscuring content;Modified Javascript: Ads by Google size,Restricted ad serving,ca-pub-7784034061253020,11,2025-02-15,2025-02-15
makassar.tribunnews.com,Page,N/A,N/A,makassar.tribunnews.com/2019/12/13/usai-video-janda-muda-tanpa-busana-kini-viral-foto-model-cantik-pamer-dada-hebohkan-warga-madura,No,Adult: Sexual content,Restricted ad serving,ca-pub-7784034061253020,11,2025-02-12,2025-02-15
makassar.tribunnews.com,Page,N/A,N/A,makassar.tribunnews.com/2019/11/12/tak-tahan-nafsu-lihat-kemolekan-istri-tetangga-yang-jemur-pakaian-ap-kesetanan-paksa-hubungan-badan,No,Shocking content,Restricted ad serving,ca-pub-7784034061253020,11,2025-02-12,2025-02-15
makassar.tribunnews.com,Page,N/A,N/A,makassar.tribunnews.com/2019/07/21/fakta-fakta-siswasiswi-sma-sewa-kos-pesta-seks-banyak-tisukondom-berserakan-keterangan-polisi?page=3,No,Adult: Sexual content,Restricted ad serving,ca-pub-7784034061253020,11,2025-02-14,2025-02-14
makassar.tribunnews.com,Page,N/A,N/A,makassar.tribunnews.com/2018/01/31/lama-terpendam-beginilah-penyesalan-kate-winslet-soal-dirinya-dilukis-tanpa-busana-di-film-titanic?page=2,Yes,Site Behavior: Navigation,Restricted ad serving,ca-pub-7784034061253020,11,2025-02-15,2025-02-15
makassar.tribunnews.com,Page,N/A,N/A,makassar.tribunnews.com/2017/09/05/awas-terlalu-sering-nonton-film-porno-buat-cowok-tak-mau-lagi-bercinta-begini-hasil-studinya,No,Adult: Sexual content,Restricted ad serving,ca-pub-7784034061253020,11,2025-02-11,2025-02-14
makassar.tribunnews.com,Page,N/A,N/A,makassar.tribunnews.com/2016/05/21/video-suami-istri-siarkan-live-adegan-seks-dari-apartemennya-di-jakarta-polisi-langsung-sergap,No,Adult: Sexual content,Restricted ad serving,ca-pub-7784034061253020,11,2025-02-14,2025-02-14
makassar.tribunnews.com,Page,N/A,N/A,makassar.tribunnews.com/2015/08/29/menjijikkan-kelakuan-pria-ini-terhadap-paha-gadis-di-sampingnya,Yes,Site Behavior: Navigation,Restricted ad serving,ca-pub-7784034061253020,11,2025-02-15,2025-02-15
m.tribunnews.com,Page,N/A,N/A,m.tribunnews.com/tag/zoophilia,No,Adult: Sexual content,Restricted ad serving,ca-pub-7784034061253020,11,2025-02-11,2025-02-14
m.tribunnews.com,Page,N/A,N/A,m.tribunnews.com/superskor/2018/11/09/12-fakta-jose-sarasola-pacar-maria-ozawa-yang-jago-basket,No,Shocking content,Restricted ad serving,ca-pub-7784034061253020,11,2025-02-16,2025-02-16
m.tribunnews.com,Page,N/A,N/A,m.tribunnews.com/seleb/2015/05/11/baby-margaretha-akui-sejak-lama-namanya-masuk-daftar-artis-bisa-di-booking,No,Adult: Sexual content,Restricted ad serving,ca-pub-7784034061253020,11,2025-02-14,2025-02-14
m.tribunnews.com,Page,N/A,N/A,m.tribunnews.com/regional/2018/08/14/usai-berhubungan-intim-di-area-sawah-wanita-ini-jatuh-dan-meninggal-ini-yang-dilakukan-sang-pria,No,Shocking content,Restricted ad serving,ca-pub-7784034061253020,11,2025-02-14,2025-02-14
m.tribunnews.com,Page,N/A,N/A,m.tribunnews.com/regional/2018/01/30/sex-toys-jenis-ini-laris-manis-di-banjarmasin,No,Adult: Sexual content;Shocking content,Restricted ad serving,ca-pub-7784034061253020,11,2025-02-15,2025-02-15
m.tribunnews.com,Page,N/A,N/A,m.tribunnews.com/lifestyle/2017/11/03/foto-selfie-5-cewek-cantik-ini-sempat-viral-sebelum-adanya-kamera-jahat-masih-ingat?page=3,Yes,Site Behavior: Navigation,Restricted ad serving,ca-pub-7784034061253020,11,2025-02-14,2025-02-14
m.tribunnews.com,Page,N/A,N/A,m.tribunnews.com/lifestyle/2016/06/02/ini-dia-viagra-terbaru-berbentuk-koyo-bisa-bikin-pria-tahan-hingga-10-jam,No,Adult: Sexual content,Restricted ad serving,ca-pub-7784034061253020,11,2025-02-15,2025-02-15
m.tribunnews.com,Page,N/A,N/A,m.tribunnews.com/kesehatan/2012/06/03/penis-palsu,No,Adult: Sexual content,Restricted ad serving,ca-pub-7784034061253020,11,2025-02-14,2025-02-14
m.tribunnews.com,Page,N/A,N/A,m.tribunnews.com/internasional/2019/07/06/ajak-hubungan-intim-malah-ditinggal-tidur-wanita-ini-marah-dan-memotong-kelamin-suaminya,No,Adult: Sexual content;Shocking content,Restricted ad serving,ca-pub-7784034061253020,11,2025-02-15,2025-02-15
lampung.tribunnews.com,Page,N/A,N/A,lampung.tribunnews.com/2021/03/24/istri-sewa-abg-untuk-layani-suami-yang-ingin-hubungan-bertiga-sempat-buron-8-bulan,No,Adult: Sexual content,Restricted ad serving,ca-pub-7784034061253020,11,2025-02-16,2025-02-16
lampung.tribunnews.com,Page,N/A,N/A,lampung.tribunnews.com/2016/12/29/rok-tembus-pandang-asal-jepang-yang-bikin-heboh-inilah-fakta-sebenarnya,No,Adult: Sexual content,Restricted ad serving,ca-pub-7784034061253020,11,2025-02-15,2025-02-15
lampung.tribunnews.com,Page,N/A,N/A,lampung.tribunnews.com/2016/06/25/video-nanah-mancur-dari-telapak-tangan-pria-yang-melepuh-besar,Yes,Ads Disguised as Content,Restricted ad serving,ca-pub-7784034061253020,11,2025-02-15,2025-02-15
lampung.tribunnews.com,Page,N/A,N/A,lampung.tribunnews.com/2016/01/01/ibu-muda-pamer-menyusui-anaknya-berusia-tiga-tahun,No,Shocking content,Restricted ad serving,ca-pub-7784034061253020,11,2025-02-14,2025-02-14
lampung.tribunnews.com,Page,N/A,N/A,lampung.tribunnews.com/2012/04/04/pasangan-abg-mesum-unggah-video-seksnya-di-facebook,No,Adult: Sexual content,Restricted ad serving,ca-pub-7784034061253020,11,2025-02-14,2025-02-14
kupang.tribunnews.com,Page,N/A,N/A,kupang.tribunnews.com/2019/08/08/viral-video-adegan-syur-diperankan-murid-sd-berdurasi-1-menit,No,Adult: Sexual content,Restricted ad serving,ca-pub-7784034061253020,11,2025-02-15,2025-02-15
jogja.tribunnews.com,Page,N/A,N/A,jogja.tribunnews.com/2016/12/10/kebiasaan-aneh-pelanggan-psk-yang-dibongkar-di-forum-rahasia,No,Shocking content,Restricted ad serving,ca-pub-7784034061253020,11,2025-02-15,2025-02-15
jogja.tribunnews.com,Page,N/A,N/A,jogja.tribunnews.com/2016/12/10/ini-dia-alasan-wanita-tak-bersuara-saat-bercinta,No,Adult: Sexual content,Restricted ad serving,ca-pub-7784034061253020,11,2025-02-14,2025-02-14
jogja.tribunnews.com,Page,N/A,N/A,jogja.tribunnews.com/2016/06/02/prostitusi-berkedok-tempat-perawatan-tubuh-marak-di-kalasan,No,Adult: Sexual content,Restricted ad serving,ca-pub-7784034061253020,11,2025-02-15,2025-02-15
jatim.tribunnews.com,Page,N/A,N/A,jatim.tribunnews.com/2022/02/09/dulu-terkenal-di-cinta-cenat-cenut-nasib-artis-cantik-keturunan-jepang-kini-jadi-konten-kreator,Yes,Modified ad code: Resizing Ad Frames,Restricted ad serving,ca-pub-7784034061253020,11,2025-02-15,2025-02-15
jatim.tribunnews.com,Page,N/A,N/A,jatim.tribunnews.com/2017/10/09/wow-ganteng-dan-modis-pria-ini-pilih-jadi-tukang-pijit-pasien-rela-berbuat-ini-asal-bisa-dipijit,No,Shocking content,Restricted ad serving,ca-pub-7784034061253020,11,2025-02-14,2025-02-14
jateng.tribunnews.com,Page,N/A,N/A,jateng.tribunnews.com/tag/pornografi?url=2018/02/06/mudahnya-akses-video-bokep-pelarian-bagi-yang-alami-ketidakpuasan-seksual-awas-kecanduan,No,Adult: Sexual content,Restricted ad serving,ca-pub-7784034061253020,11,2025-02-13,2025-02-15
jateng.tribunnews.com,Page,N/A,N/A,jateng.tribunnews.com/2017/03/16/heboh-sejumlah-mahasiswi-takut-ada-pria-naik-motor-berkeliaran-pamer-penis-di-kota-semarang,No,Shocking content,Restricted ad serving,ca-pub-7784034061253020,11,2025-02-14,2025-02-14
jambi.tribunnews.com,Page,N/A,N/A,jambi.tribunnews.com/2019/10/17/tak-pakai-busana-hingga-seluruh-dalaman-tubuhnya-kelihatan-foto-mirip-pamela-safitri-bikin-heboh?page=2,No,Adult: Sexual content,Restricted ad serving,ca-pub-7784034061253020,11,2025-02-14,2025-02-14
jambi.tribunnews.com,Page,N/A,N/A,jambi.tribunnews.com/2018/04/17/2006-meninggal-digantung-kini-geger-beredar-video-jasadnya-saddam-hussein-masih-utuh,No,Shocking content,Restricted ad serving,ca-pub-7784034061253020,11,2025-02-14,2025-02-14
jambi.tribunnews.com,Page,N/A,N/A,jambi.tribunnews.com/2017/07/07/saking-seksi-pemenang-kontes-bokong-terindah-tak-bisa-lakukan-hal-ini-di-tempat-umum,No,Adult: Sexual content,Restricted ad serving,ca-pub-7784034061253020,11,2025-02-14,2025-02-14
bogor.tribunnews.com,Page,N/A,N/A,bogor.tribunnews.com/2016/09/15/4-bintang-film-dewasa-ini-berasal-dari-indonesia-lahir-di-tegal-dan-terkenal-di-luar-negeri?page=4,No,Google-served ads obscuring content,Restricted ad serving,ca-pub-7784034061253020,11,2025-02-15,2025-02-15
bogor.tribunnews.com,Page,N/A,N/A,bogor.tribunnews.com/2016/06/27/inilah-6-tanda-wanita-sudah-tidak-perawan-dari-bentuk-mata-hingga-payudara?page=3,No,Adult: Sexual content,Restricted ad serving,ca-pub-7784034061253020,11,2025-02-15,2025-02-15
belitung.tribunnews.com,Page,N/A,N/A,belitung.tribunnews.com/2016/03/25/ikuti-syuting-kuis-di-televisi-ada-yang-nyembul-di-dada-olla-ramlan,No,Adult: Sexual content,Restricted ad serving,ca-pub-7784034061253020,11,2025-02-15,2025-02-15
batam.tribunnews.com,Page,N/A,N/A,batam.tribunnews.com/2016/05/22/wow-ada-boneka-seks-mirip-dengan-artis-ini-harganya-fantastis,No,Adult: Sexual content,Restricted ad serving,ca-pub-7784034061253020,11,2025-02-16,2025-02-16
batam.tribunnews.com,Page,N/A,N/A,batam.tribunnews.com/2010/12/28/foto-dewi-persik-tidur-berdua-berbikini-beredar,No,Adult: Sexual content,Restricted ad serving,ca-pub-7784034061253020,11,2025-02-15,2025-02-15
banjarmasin.tribunnews.com,Page,N/A,N/A,banjarmasin.tribunnews.com/2021/10/27/bunuh-diri-di-kalsel-pemuda-21-tahun-di-banjarbaru-ditemukan-tewas-gantung-diri-dalam-kamar,Yes,Ads Disguised as Content,Restricted ad serving,ca-pub-7784034061253020,11,2025-02-12,2025-02-14
banjarmasin.tribunnews.com,Page,N/A,N/A,banjarmasin.tribunnews.com/2018/09/12/pengguna-vape-asal-banjarbaru-langsung-jual-alat-hisapnya-efek-rencana-pajak-57-persen,No,Tobacco,Restricted ad serving,ca-pub-7784034061253020,11,2025-02-14,2025-02-14
banjarmasin.tribunnews.com,Page,N/A,N/A,banjarmasin.tribunnews.com/2015/10/11/mengapa-wanita-sedih-dan-gelisah-usai-berhubungan-seks,No,Adult: Sexual content,Restricted ad serving,ca-pub-7784034061253020,11,2025-02-14,2025-02-14
bangka.tribunnews.com,Page,N/A,N/A,bangka.tribunnews.com/2022/02/16/viral-di-twitter-pasangan-gay-buat-video-asusila-siang-hari-di-sawah-raup-cuan-rp17-juta,Yes,Ads Disguised as Content,Restricted ad serving,ca-pub-7784034061253020,11,2025-02-11,2025-02-14
bangka.tribunnews.com,Page,N/A,N/A,bangka.tribunnews.com/2020/04/18/fantasi-tak-normal-suami-ajak-istri-berbuat-dosa-bertiga-dengan-pria-lain-saya-suka-lihatnya,No,Adult: Sexual content,Restricted ad serving,ca-pub-7784034061253020,11,2025-02-14,2025-02-15
bangka.tribunnews.com,Page,N/A,N/A,bangka.tribunnews.com/2020/01/30/ics-lepas-baju-setelah-disawer-rp100-ribu-video-biduan-dangdut-telanjang-dada-direkam-penonton?page=2,No,Shocking content,Restricted ad serving,ca-pub-7784034061253020,11,2025-02-15,2025-02-15
bangka.tribunnews.com,Page,N/A,N/A,bangka.tribunnews.com/2018/02/15/cewek-cewek-asal-bandung-beri-servis-seks-begini-modus-dan-tarifnya,No,Adult: Sexual content,Restricted ad serving,ca-pub-7784034061253020,11,2025-02-10,2025-02-15
bangka.tribunnews.com,Page,N/A,N/A,bangka.tribunnews.com/2017/11/30/astaga-gadis-ini-minta-payudaranya-diremas-demi-kampanye-perdamaian,No,Shocking content,Restricted ad serving,ca-pub-7784034061253020,11,2025-02-14,2025-02-14
bangka.tribunnews.com,Page,N/A,N/A,bangka.tribunnews.com/2017/11/09/ditemani-16-wanita-seksi-nan-cantik-beginilah-aktivitas-wisata-4-hari-di-pulau-seks-ini,No,Adult: Sexual content,Restricted ad serving,ca-pub-7784034061253020,11,2025-02-13,2025-02-14
bangka.tribunnews.com,Page,N/A,N/A,bangka.tribunnews.com/2017/10/31/cantik-luar-biasa-maria-ozawa-pamer-kaki-runcing-begini-penampakannya,Yes,Site Behavior: Navigation,Restricted ad serving,ca-pub-7784034061253020,11,2025-02-16,2025-02-16
bangka.tribunnews.com,Page,N/A,N/A,bangka.tribunnews.com/2017/09/28/lebih-hot-dari-awkaring-pasangan-selebgram-ini-berani-pose-panas-dan-adegan-buka-baju?page=2,Yes,Site Behavior: Navigation,Restricted ad serving,ca-pub-7784034061253020,11,2025-02-15,2025-02-15
bangka.tribunnews.com,Page,N/A,N/A,bangka.tribunnews.com/2017/09/24/dulu-pamer-dada-nyembul-dan-nyesel-kini-pamela-duo-serigala-lebih-hot-lagi-videonya-bikin-melongo,No,Adult: Sexual content,Restricted ad serving,ca-pub-7784034061253020,11,2025-02-15,2025-02-15
bangka.tribunnews.com,Page,N/A,N/A,bangka.tribunnews.com/2017/09/22/sepasang-mayat-pria-wanita-tanpa-busana-di-semak-sama-sama-sudah-berkeluarga-tapi-bermasalah,No,Shocking content,Restricted ad serving,ca-pub-7784034061253020,11,2025-02-13,2025-02-15
bangka.tribunnews.com,Page,N/A,N/A,bangka.tribunnews.com/2017/05/25/baru-berusia-15-tahun-payudara-siswi-ini-membesar-bikin-minder-ternyata-begini-penyebabnya,No,Adult: Sexual content,Restricted ad serving,ca-pub-7784034061253020,11,2025-02-15,2025-02-15
bangka.tribunnews.com,Page,N/A,N/A,bangka.tribunnews.com/2017/05/22/mengapa-pria-bisa-menyukai-sesama-jenis,No,Adult: Sexual content,Restricted ad serving,ca-pub-7784034061253020,11,2025-02-15,2025-02-15
bangka.tribunnews.com,Page,N/A,N/A,bangka.tribunnews.com/2017/04/16/sensasi-tubuh-di-ambang-klimaks-ini-yang-dirasakan-wanita-ketika-orgasme,No,Adult: Sexual content,Restricted ad serving,ca-pub-7784034061253020,11,2025-02-14,2025-02-14
bangka.tribunnews.com,Page,N/A,N/A,bangka.tribunnews.com/2016/08/28/pasangan-ini-gunakan-mentimun-saat-berhubungan-intim-akibatnya-fatal-si-wanita-meninggal-dunia,No,Adult: Sexual content,Restricted ad serving,ca-pub-7784034061253020,11,2025-02-16,2025-02-16
bangka.tribunnews.com,Page,N/A,N/A,bangka.tribunnews.com/2016/03/17/heboh-ada-boneka-seks-gadis-kecil-dipasarkan-rp-145-juta,No,Adult: Sexual content,Restricted ad serving,ca-pub-7784034061253020,11,2025-02-15,2025-02-15
bangka.tribunnews.com,Page,N/A,N/A,bangka.tribunnews.com/2015/12/16/dua-gadis-cantik-kirim-foto-bugilnya-ke-penipu,No,Adult: Sexual content;Shocking content,Restricted ad serving,ca-pub-7784034061253020,11,2025-02-14,2025-02-14
bangka.tribunnews.com,Page,N/A,N/A,bangka.tribunnews.com/2015/10/29/pabrik-rokok-amerika-segera-rilis-rokok-ganja-rp-12-juta-per-bungkus,No,Tobacco,Restricted ad serving,ca-pub-7784034061253020,11,2025-02-14,2025-02-14
bangka.tribunnews.com,Page,N/A,N/A,bangka.tribunnews.com/2012/11/12/video-porno-selebritis-dibayar-mahal,No,Shocking content,Restricted ad serving,ca-pub-7784034061253020,11,2025-02-10,2025-02-15
bali.tribunnews.com,Page,N/A,N/A,bali.tribunnews.com/2017/11/16/cek-darah-haidmu-ternyata-mencerminkan-kesehatan-wanita-jika-warnanya-ini-segera-ke-dokter,No,Adult: Sexual content,Restricted ad serving,ca-pub-7784034061253020,11,2025-02-14,2025-02-14
bali.tribunnews.com,Page,N/A,N/A,bali.tribunnews.com/2016/02/14/benarkah-kondom-laris-manis-saat-hari-valentine?page=2,No,Adult: Sexual content,Restricted ad serving,ca-pub-7784034061253020,11,2025-02-14,2025-02-14
aceh.tribunnews.com,Page,N/A,N/A,aceh.tribunnews.com/2019/09/19/viral-video-syur-wanita-berseragam-pns-beradegan-panas-di-dalam-mobil-polisi-selidiki-pelakunya,No,Adult: Sexual content,Restricted ad serving,ca-pub-7784034061253020,11,2025-02-14,2025-02-14
aceh.tribunnews.com,Page,N/A,N/A,aceh.tribunnews.com/2017/11/10/tkw-cantik-nangis-mengaku-tidak-sanggup-lagi-layani-nafsu-majikan-dan-anaknya-lihat-videonya?page=3,Yes,Site Behavior: Navigation,Restricted ad serving,ca-pub-7784034061253020,11,2025-02-15,2025-02-15
www.tribunnews.com,Page,N/A,N/A,www.tribunnews.com/regional/2021/11/13/cerita-pria-yang-kerap-antar-psk-menemui-pelanggannya-di-hotel,No,Google-served ads obscuring content,Restricted ad serving,ca-pub-7784034061253020,10,2025-02-15,2025-02-15
www.tribunnews.com,Page,N/A,N/A,www.tribunnews.com/regional/2020/07/10/37-pasangan-remaja-diduga-pesta-seks-di-hotel-jambi-ada-kamar-berisi-1-perempuan-6-laki-laki,No,Shocking content,Restricted ad serving,ca-pub-7784034061253020,10,2025-02-13,2025-02-14
www.tribunnews.com,Page,N/A,N/A,www.tribunnews.com/regional/2017/08/07/sebelum-pasien-disetubuhi-suami-disuruh-menunggu-di-luar-mata-ditutup-dan-kemaluan-dicuci,No,Adult: Sexual content,Restricted ad serving,ca-pub-7784034061253020,10,2025-02-15,2025-02-15
www.tribunnews.com,Page,N/A,N/A,www.tribunnews.com/kesehatan/2016/02/12/di-apotek-ini-pembeli-kondom-didominasi-remaja,No,Adult: Sexual content,Restricted ad serving,ca-pub-7784034061253020,10,2025-02-12,2025-02-15
www.tribunnews.com,Page,N/A,N/A,www.tribunnews.com/kesehatan/2012/03/18/ssst-ingin-perkasa-coba-ramuan-kayu-khas-kalimantan,No,Adult: Sexual content,Restricted ad serving,ca-pub-7784034061253020,10,2025-02-10,2025-02-16
www.tribunnews.com,Page,N/A,N/A,www.tribunnews.com/kesehatan/2011/07/16/ini-ukuran-mr-p-yang-lebih-disenangi-kaum-wanita,No,Adult: Sexual content,Restricted ad serving,ca-pub-7784034061253020,10,2025-02-13,2025-02-16
www.tribunnews.com,Page,N/A,N/A,www.tribunnews.com/internasional/2018/01/15/aneh-tapi-nyata-wanita-ini-menikah-dengan-hantu-dan-mengaku-kehidupan-seksnya-lebih-memuaskan,No,Shocking content,Restricted ad serving,ca-pub-7784034061253020,10,2025-02-10,2025-02-14
wartakota.tribunnews.com,Page,N/A,N/A,wartakota.tribunnews.com/2022/01/06/diduga-tawuran-pelajar-bocah-15-tahun-tewas-setelah-celurit-menancap-di-kepalanya,No,Shocking content,Restricted ad serving,ca-pub-7784034061253020,10,2025-02-14,2025-02-14
video.tribunnews.com,Page,N/A,N/A,video.tribunnews.com/view/66389/guru-smk-di-brebes-digerebek-warga-berbuat-mesum-dengan-muridnya-pelaku-dia-tahu-saya-punya-istri,Yes,Site Behavior: Navigation,Restricted ad serving,ca-pub-7784034061253020,10,2025-02-16,2025-02-16
suryamalang.tribunnews.com,Page,N/A,N/A,suryamalang.tribunnews.com/2021/11/17/video-viral-selebgram-asal-ambon-dan-pacarnya-bikin-heboh-ada-adegan-es-batu,Yes,Ads Disguised as Content,Restricted ad serving,ca-pub-7784034061253020,10,2025-02-14,2025-02-14
surabaya.tribunnews.com,Page,N/A,N/A,surabaya.tribunnews.com/2009/02/28/beredar-video-porno-mirip-inul,No,Adult: Sexual content,Restricted ad serving,ca-pub-7784034061253020,10,2025-02-11,2025-02-14
sumsel.tribunnews.com,Page,N/A,N/A,sumsel.tribunnews.com/2017/12/18/berani-ini-9-foto-topless-idol-cewek-korea-yang-bikin-pria-mimisan?page=2,No,Adult: Sexual content,Restricted ad serving,ca-pub-7784034061253020,10,2025-02-14,2025-02-14
style.tribunnews.com,Page,N/A,N/A,style.tribunnews.com/2017/09/13/dj-cantik-live-facebook-sambil-meliuk-liukkan-badan-dan-pamer-tubuh-seksi-ternyata-tujuannya-mulia,No,Adult: Sexual content,Restricted ad serving,ca-pub-7784034061253020,10,2025-02-16,2025-02-16
solo.tribunnews.com,Page,N/A,N/A,solo.tribunnews.com/2017/07/20/boneka-seks-ini-dibuat-untuk-diperkosa-alhasil-dikecam-habis-habisan,No,Adult: Sexual content,Restricted ad serving,ca-pub-7784034061253020,10,2025-02-14,2025-02-14
pontianak.tribunnews.com,Page,N/A,N/A,pontianak.tribunnews.com/2018/02/12/ditinggal-suami-berbulan-bulan-wanita-ini-pakai-sex-toy-untuk-kebutuhan-biologisnya,No,Adult: Sexual content,Restricted ad serving,ca-pub-7784034061253020,10,2025-02-13,2025-02-15
pekanbaru.tribunnews.com,Page,N/A,N/A,pekanbaru.tribunnews.com/2015/01/15/ini-dia-adegan-seks-paling-aneh-di-film-hollywood,No,Adult: Sexual content,Restricted ad serving,ca-pub-7784034061253020,10,2025-02-14,2025-02-15
medan.tribunnews.com,Page,N/A,N/A,medan.tribunnews.com/2017/06/29/foto-bugil-artis-korea-sulli-bocor-di-dunia-maya,No,Google-served ads obscuring content,Restricted ad serving,ca-pub-7784034061253020,10,2025-02-12,2025-02-15
manado.tribunnews.com,Page,N/A,N/A,manado.tribunnews.com/2018/01/30/wanita-wajib-waspada-boneka-pemuas-nafsu-pria-ini-makin-laris-ternyata-segini-harganya,No,Adult: Sexual content,Restricted ad serving,ca-pub-7784034061253020,10,2025-02-10,2025-02-14
makassar.tribunnews.com,Page,N/A,N/A,makassar.tribunnews.com/2021/11/17/siapa-vws-selebgram-ambon-viral-gegara-live-adegan-tak-senonoh-72-detik-bersama-jp-via-aplikasi,No,Google-served ads obscuring content,Restricted ad serving,ca-pub-7784034061253020,10,2025-02-14,2025-02-14
makassar.tribunnews.com,Page,N/A,N/A,makassar.tribunnews.com/2020/02/05/video-detik-detik-suami-jalan-dan-nyanyi-sambil-tenteng-kepala-istri-yang-dipenggal-warga-histeris,Yes,Ads Disguised as Content,Restricted ad serving,ca-pub-7784034061253020,10,2025-02-15,2025-02-15
makassar.tribunnews.com,Page,N/A,N/A,makassar.tribunnews.com/2019/09/24/6-kali-berhubungan-intim-bebby-fey-emang-sih-wik-wik-sama-genderuwo-itu-bener-bener-nagih,No,Adult: Sexual content,Restricted ad serving,ca-pub-7784034061253020,10,2025-02-12,2025-02-14
makassar.tribunnews.com,Page,N/A,N/A,makassar.tribunnews.com/2017/11/14/digemari-banyak-pasangan-tapi-ternyata-bercinta-dengan-posisi-ini-berbahaya-41-berakhir-tragis,No,Adult: Sexual content,Restricted ad serving,ca-pub-7784034061253020,10,2025-02-14,2025-02-14
makassar.tribunnews.com,Page,N/A,N/A,makassar.tribunnews.com/2016/12/01/penelitian-dari-10-mahasiswa-makassar-yang-seks-bebas-7-tanpa-pelindung-4-pernah-aborsi,No,Adult: Sexual content,Restricted ad serving,ca-pub-7784034061253020,10,2025-02-14,2025-02-14
m.tribunnews.com,Page,N/A,N/A,m.tribunnews.com/tag/video-mesum-pns,Yes,Google-served ads on screens without publisher-content,Restricted ad serving,ca-pub-7784034061253020,10,2025-02-13,2025-02-14
m.tribunnews.com,Page,N/A,N/A,m.tribunnews.com/tag/tanpa-busana,No,Adult: Sexual content,Restricted ad serving,ca-pub-7784034061253020,10,2025-02-13,2025-02-15
m.tribunnews.com,Page,N/A,N/A,m.tribunnews.com/regional/2012/09/12/heboh-video-cewek-sedang-mandi,No,Adult: Sexual content,Restricted ad serving,ca-pub-7784034061253020,10,2025-02-14,2025-02-14
m.tribunnews.com,Page,N/A,N/A,m.tribunnews.com/lifestyle/2017/09/04/bentuk-payudara-bisa-cerminkan-kepribadian-wanita-ini-12-bentuknya?page=2,No,Adult: Sexual content,Restricted ad serving,ca-pub-7784034061253020,10,2025-02-15,2025-02-15
m.tribunnews.com,Page,N/A,N/A,m.tribunnews.com/lifestyle/2017/09/04/bentuk-payudara-bisa-cerminkan-kepribadian-wanita-ini-12-bentuknya,No,Adult: Sexual content,Restricted ad serving,ca-pub-7784034061253020,10,2025-02-15,2025-02-15
m.tribunnews.com,Page,N/A,N/A,m.tribunnews.com/iptek/2010/06/26/hah..industri-pornografi-dapat-domain-xxx,No,Adult: Sexual content,Restricted ad serving,ca-pub-7784034061253020,10,2025-02-14,2025-02-14
m.tribunnews.com,Page,N/A,N/A,m.tribunnews.com/internasional/2017/11/18/guru-perempuan-paksa-muridnya-berhubungan-badan-jika-menolak-diberi-nilai-jelek,Yes,Site Behavior: Navigation,Restricted ad serving,ca-pub-7784034061253020,10,2025-02-15,2025-02-15
m.tribunnews.com,Page,N/A,N/A,m.tribunnews.com/internasional/2017/09/20/berita-foto-boneka-seks-di-china-disewakan-rp-600-sehari-warga-rebutan,No,Adult: Sexual content,Restricted ad serving,ca-pub-7784034061253020,10,2025-02-14,2025-02-14
m.tribunnews.com,Page,N/A,N/A,m.tribunnews.com/internasional/2017/09/17/seorang-wanita-lucuti-pakaiannya-sambil-menari-di-tengah-hujan-deras,Yes,Site Behavior: Navigation,Restricted ad serving,ca-pub-7784034061253020,10,2025-02-14,2025-02-14
kupang.tribunnews.com,Page,N/A,N/A,kupang.tribunnews.com/2017/07/31/parah-banget-pria-ini-malah-bugil-di-stasiun-alasannya-bikin-publik-syok,No,Adult: Sexual content,Restricted ad serving,ca-pub-7784034061253020,10,2025-02-14,2025-02-14
kupang.tribunnews.com,Page,N/A,N/A,kupang.tribunnews.com/2017/06/03/ya-ampun-pria-ini-tak-kuat-tahan-nafsu-nekat-bercinta-dengan-kuda-poni-caranya-bikin-elus-dada,No,Adult: Sexual content,Restricted ad serving,ca-pub-7784034061253020,10,2025-02-14,2025-02-14
kupang.tribunnews.com,Page,N/A,N/A,kupang.tribunnews.com/2017/04/05/ssstt-inilah-dia-8-fakta-liar-tentang-mr-p,No,Adult: Sexual content,Restricted ad serving,ca-pub-7784034061253020,10,2025-02-14,2025-02-14
jogja.tribunnews.com,Page,N/A,N/A,jogja.tribunnews.com/2017/09/14/jangan-ngeres-dan-salah-kaprah-ya-ini-makna-sebenarnya-dari-kata-kimochi-dalam-bahasa-jepang,Yes,Ads Disguised as Content,Restricted ad serving,ca-pub-7784034061253020,10,2025-02-14,2025-02-15
jogja.tribunnews.com,Page,N/A,N/A,jogja.tribunnews.com/2017/04/02/tak-cuma-bangkitkan-gairah-inilah-manfaat-hisap-payudara-wanita?page=2,No,Adult: Sexual content,Restricted ad serving,ca-pub-7784034061253020,10,2025-02-14,2025-02-14
jogja.tribunnews.com,Page,N/A,N/A,jogja.tribunnews.com/2015/12/01/perempuan-ini-dinobatkan-sebagai-pemilik-payudara-terindah-di-china,No,Adult: Sexual content,Restricted ad serving,ca-pub-7784034061253020,10,2025-02-15,2025-02-15
jatim.tribunnews.com,Page,N/A,N/A,jatim.tribunnews.com/2017/07/31/sudah-jarang-diperhatikan-dj-butterfly-unggah-foto-bugil-netter-mau-ngerusak-indonesia-nih,No,Adult: Sexual content,Restricted ad serving,ca-pub-7784034061253020,10,2025-02-14,2025-02-14
jatim.tribunnews.com,Page,N/A,N/A,jatim.tribunnews.com/2017/06/29/video-adegan-panas-sulli-dan-kim-so-hyun-tersebar-viral-bikin-netizen-syok-oppa-udah-nggak-suci,Yes,Site Behavior: Navigation,Restricted ad serving,ca-pub-7784034061253020,10,2025-02-10,2025-02-16
jambi.tribunnews.com,Page,N/A,N/A,jambi.tribunnews.com/2022/02/01/pengakuan-dewi-perssik-ketagihan-pakai-benda-ini-demi-penuhi-hasratnya-saat-masih-janda-gak-munafik,Yes,Ads Disguised as Content,Restricted ad serving,ca-pub-7784034061253020,10,2025-02-13,2025-02-15
jambi.tribunnews.com,Page,N/A,N/A,jambi.tribunnews.com/2018/06/20/gay-asal-indonesia-ini-terkenal-di-luar-negeri-sebagai-pemain-film-khusus-sesama-jenis-wow,Yes,Ads Disguised as Content,Restricted ad serving,ca-pub-7784034061253020,10,2025-02-12,2025-02-16
jambi.tribunnews.com,Page,N/A,N/A,jambi.tribunnews.com/2018/06/20/dibalik-trend-pria-memperbesar-alat-vital-hasil-studi-ungkap-alasannya?page=2,No,Adult: Sexual content,Restricted ad serving,ca-pub-7784034061253020,10,2025-02-14,2025-02-14
jambi.tribunnews.com,Page,N/A,N/A,jambi.tribunnews.com/2018/05/24/wow-ini-dia-kisah-asmara-siswi-smp-dan-siswa-sd-berujung-hamil-memilukan?page=4,No,Adult: Sexual content,Restricted ad serving,ca-pub-7784034061253020,10,2025-02-14,2025-02-14
jambi.tribunnews.com,Page,N/A,N/A,jambi.tribunnews.com/2017/12/02/sentuh-area-sensitif-teknik-tukang-pijat-tradisional-ini-malah-tenar-dan-disukai-wanita-cantik?page=3,Yes,Adult: Sexual content;Site Behavior: Navigation,Restricted ad serving,ca-pub-7784034061253020,10,2025-02-14,2025-02-14
jambi.tribunnews.com,Page,N/A,N/A,jambi.tribunnews.com/2015/01/21/perkenalkan-wanita-dengan-ukuran-payudara-terbesar-di-dunia,No,Adult: Sexual content,Restricted ad serving,ca-pub-7784034061253020,10,2025-02-14,2025-02-14
belitung.tribunnews.com,Page,N/A,N/A,belitung.tribunnews.com/2017/02/27/terangsang-gara-gara-nonton-film-porno-remaja-ini-bobok-di-samping-kakak-temannya,No,Adult: Sexual content,Restricted ad serving,ca-pub-7784034061253020,10,2025-02-16,2025-02-16
batam.tribunnews.com,Page,N/A,N/A,batam.tribunnews.com/2017/05/15/ehem-gigolo-di-bali-ungkap-perilaku-kliennya-tak-cuma-begituan-tapi-juga-minta-begini?page=2,No,Google-served ads obscuring content,Restricted ad serving,ca-pub-7784034061253020,10,2025-02-14,2025-02-14
banjarmasin.tribunnews.com,Page,N/A,N/A,banjarmasin.tribunnews.com/2015/03/04/mengapa-reproduksi-manusia-harus-melalui-hubungan-seksual,No,Adult: Sexual content,Restricted ad serving,ca-pub-7784034061253020,10,2025-02-15,2025-02-15
bangka.tribunnews.com,Page,N/A,N/A,bangka.tribunnews.com/2019/11/24/tiga-pria-lagi-pijat-plus-berbuat-dosa-digerebek-mereka-tak-berbusana-kondom-bekas-jadi-bukti,No,Adult: Sexual content,Restricted ad serving,ca-pub-7784034061253020,10,2025-02-16,2025-02-16
bangka.tribunnews.com,Page,N/A,N/A,bangka.tribunnews.com/2019/10/01/suami-tergoda-lihat-adik-ipar-berpakaian-seksi-selesai-main-korban-malah-tanya-mana-uangnya,No,Adult: Sexual content,Restricted ad serving,ca-pub-7784034061253020,10,2025-02-11,2025-02-14
bangka.tribunnews.com,Page,N/A,N/A,bangka.tribunnews.com/2018/03/18/heboh-beredar-video-mesum-sepasang-kekasih-dipaksa-berhubungan-intim,No,Adult: Sexual content,Restricted ad serving,ca-pub-7784034061253020,10,2025-02-15,2025-02-15
bangka.tribunnews.com,Page,N/A,N/A,bangka.tribunnews.com/2017/10/26/wanita-ini-rela-begituan-dengan-tetangga-hanya-karena-ingin-hamil,No,Adult: Sexual content,Restricted ad serving,ca-pub-7784034061253020,10,2025-02-16,2025-02-16
bangka.tribunnews.com,Page,N/A,N/A,bangka.tribunnews.com/2016/09/14/rela-telanjang-bulat-miss-bum-bum-lukis-tubuhnya-dengan-jersey-barcelona,No,Adult: Sexual content,Restricted ad serving,ca-pub-7784034061253020,10,2025-02-12,2025-02-15
bangka.tribunnews.com,Page,N/A,N/A,bangka.tribunnews.com/2013/11/02/inilah-alat-bantu-seks-terpopuler-di-jepang,No,Adult: Sexual content,Restricted ad serving,ca-pub-7784034061253020,10,2025-02-10,2025-02-15
aceh.tribunnews.com,Page,N/A,N/A,aceh.tribunnews.com/2021/02/17/usai-suami-minum-air-ini-istri-minta-ampun-tak-sanggup-layani-di-ranjang-sehari-bisa-7-kali,No,Google-served ads obscuring content,Restricted ad serving,ca-pub-7784034061253020,10,2025-02-15,2025-02-15
aceh.tribunnews.com,Page,N/A,N/A,aceh.tribunnews.com/2020/04/08/diminta-di-rumah-aja-cegah-wabah-corona-kondom-sutra-bekas-pakai-berserakan-di-taman,No,Adult: Sexual content,Restricted ad serving,ca-pub-7784034061253020,10,2025-02-14,2025-02-14
aceh.tribunnews.com,Page,N/A,N/A,aceh.tribunnews.com/2019/09/19/viral-video-syur-wanita-berseragam-pns-beradegan-panas-di-dalam-mobil-polisi-selidiki-pelakunya?page=2,No,Adult: Sexual content,Restricted ad serving,ca-pub-7784034061253020,10,2025-02-14,2025-02-14
www.tribunnewswiki.com,Page,N/A,N/A,www.tribunnewswiki.com/2020/11/07/viral-video-syur-mirip-gisel-beredar-di-internet-mama-gempi-belum-beri-klarifikasi,Yes,Ads Disguised as Content,Restricted ad serving,ca-pub-7784034061253020,9,2025-02-14,2025-02-14
www.tribunnews.com,Page,N/A,N/A,www.tribunnews.com/regional/2019/04/09/raja-judi-asal-medan-bawa-uang-miliaran-rupiah-untuk-membuka-pengobatan-gratis,No,Shocking content,Restricted ad serving,ca-pub-7784034061253020,9,2025-02-11,2025-02-16
www.tribunnews.com,Page,N/A,N/A,www.tribunnews.com/metropolitan/2019/11/27/soal-kasus-jual-beli-film-porno-pengamat-sebut-dampak-kecanduan-video-dewasa-bisa-pengaruhi-saraf,No,Adult: Sexual content,Restricted ad serving,ca-pub-7784034061253020,9,2025-02-14,2025-02-15
www.tribunnews.com,Page,N/A,N/A,www.tribunnews.com/kesehatan/2017/12/07/lima-posisi-ideal-agar-hubungan-suami-istri-makin-panas-tahan-lama-dan-tak-mudah-lelah,No,Adult: Sexual content,Restricted ad serving,ca-pub-7784034061253020,9,2025-02-11,2025-02-15
www.tribunnews.com,Page,N/A,N/A,www.tribunnews.com/kesehatan/2017/08/04/ladies-mau-tahu-kalau-si-dia-sudah-gak-perjaka-ini-6-tanda-tandanya,No,Adult: Sexual content,Restricted ad serving,ca-pub-7784034061253020,9,2025-02-15,2025-02-15
www.tribunnews.com,Page,N/A,N/A,www.tribunnews.com/kesehatan/2011/05/16/anak-desa-punya-mr-p-lebih-besar-ketimbang-anak-kota,No,Adult: Sexual content,Restricted ad serving,ca-pub-7784034061253020,9,2025-02-12,2025-02-15
www.tribunnews.com,Page,N/A,N/A,www.tribunnews.com/internasional/2024/04/25/festival-seks-di-korsel-didemo-warga-dianggap-rusak-moral,Yes,Google-served ads obscuring content;Modified Javascript: Ads by Google size,Restricted ad serving,ca-pub-7784034061253020,9,2025-02-11,2025-02-14
www.tribunnews.com,Page,N/A,N/A,www.tribunnews.com/internasional/2019/10/09/kisah-pria-pilih-menikah-dengan-boneka-seks-cantik-ungkap-alasannya-dia-tak-akan-pernah-selingkuh,No,Adult: Sexual content,Restricted ad serving,ca-pub-7784034061253020,9,2025-02-16,2025-02-16
www.tribunnews.com,Page,N/A,N/A,www.tribunnews.com/internasional/2017/09/06/perempuan-roati-warga-indonesia-pertama-yang-main-film-porno-di-jepang,No,Adult: Sexual content,Restricted ad serving,ca-pub-7784034061253020,9,2025-02-14,2025-02-14
www.tribunnews.com,Page,N/A,N/A,www.tribunnews.com/internasional/2017/07/18/gadis-ini-nyaris-tewas-usai-memasukkan-belut-dalam-kemaluannya-ini-yang-terjadi,No,Shocking content,Restricted ad serving,ca-pub-7784034061253020,9,2025-02-12,2025-02-15
www.tribunnews.com,Page,N/A,N/A,www.tribunnews.com/internasional/2017/05/16/harmony-boneka-seks-yang-bisa-bergerak-dan-bicara,No,Adult: Sexual content,Restricted ad serving,ca-pub-7784034061253020,9,2025-02-12,2025-02-14
www.tribunnews.com,Page,N/A,N/A,www.tribunnews.com/internasional/2016/08/19/foto-wanita-hanya-pakai-celana-dalam-lagi-check-in-di-loket-jadi-viral,No,Adult: Sexual content;Shocking content,Restricted ad serving,ca-pub-7784034061253020,9,2025-02-13,2025-02-14
wartakota.tribunnews.com,Page,N/A,N/A,wartakota.tribunnews.com/2016/11/30/6-panti-pijat-mesum-di-depok-ditutup,No,Shocking content,Restricted ad serving,ca-pub-7784034061253020,9,2025-02-13,2025-02-15
surabaya.tribunnews.com,Page,N/A,N/A,surabaya.tribunnews.com/2019/12/13/foto-foto-wanita-cantik-mojokerto-keramas-di-atas-motor-terungkap-wajah-aslinya-setelah-mandi,No,Shocking content,Restricted ad serving,ca-pub-7784034061253020,9,2025-02-14,2025-02-14
style.tribunnews.com,Page,N/A,N/A,style.tribunnews.com/2017/05/26/bintang-video-dewasa-jepang-pakai-seragam-sekolah-taiwan-netizen-terlanjur-marah-ternyata,Yes,Site Behavior: Navigation,Restricted ad serving,ca-pub-7784034061253020,9,2025-02-14,2025-02-16
style.tribunnews.com,Page,N/A,N/A,style.tribunnews.com/2016/09/30/aduhai-ini-dia-5-presenter-cantik-acara-petualangan-yang-bisa-bikin-kamu-susah-tidur?page=2,Yes,Site Behavior: Navigation,Restricted ad serving,ca-pub-7784034061253020,9,2025-02-15,2025-02-15
style.tribunnews.com,Page,N/A,N/A,style.tribunnews.com/2016/08/25/merek-rokok-makna-lucu-unik-hingga-serius-di-balik-8-brand-batang-tembakau-ini-benarkah?page=1,No,Tobacco,Restricted ad serving,ca-pub-7784034061253020,9,2025-02-14,2025-02-14
solo.tribunnews.com,Page,N/A,N/A,solo.tribunnews.com/2017/09/18/alamak-cina-hadirkan-inovasi-boneka-seks-yang-bisa-disewa-bergantian,No,Adult: Sexual content,Restricted ad serving,ca-pub-7784034061253020,9,2025-02-14,2025-02-14
pekanbaru.tribunnews.com,Page,N/A,N/A,pekanbaru.tribunnews.com/2021/10/06/layani-ibu-mertua-dan-adik-ipar-di-ranjang-pria-ini-ternyata-dapat-izin-istrinya,Yes,Ads Disguised as Content,Restricted ad serving,ca-pub-7784034061253020,9,2025-02-14,2025-02-14
manado.tribunnews.com,Page,N/A,N/A,manado.tribunnews.com/2019/06/06/terbaru-ular-piton-7-meter-mangsa-manusia-korbantewas-diterkam-dan-dililit-ini-kronologinya,Yes,Ads Disguised as Content;Shocking content,Restricted ad serving,ca-pub-7784034061253020,9,2025-02-15,2025-02-15
makassar.tribunnews.com,Page,N/A,N/A,makassar.tribunnews.com/2015/07/27/tahu-arti-mimpi-basah-dengan-teman-berikut-menurut-ahli,No,Adult: Sexual content,Restricted ad serving,ca-pub-7784034061253020,9,2025-02-11,2025-02-16
m.tribunnews.com,Page,N/A,N/A,m.tribunnews.com/tag/dokter-dan-suster-mesum,Yes,Google-served ads on screens without publisher-content,Restricted ad serving,ca-pub-7784034061253020,9,2025-02-13,2025-02-14
m.tribunnews.com,Page,N/A,N/A,m.tribunnews.com/seleb/2020/11/13/klarifikasi-adhietya-soal-video-panas-mirip-gisel-tunjukkan-perbedaan-fisiknya-dengan-pemeran-pria,Yes,Unnatural attention to ads,Restricted ad serving,ca-pub-7784034061253020,9,2025-02-14,2025-02-14
m.tribunnews.com,Page,N/A,N/A,m.tribunnews.com/lifestyle/2014/11/19/wanita-yang-memiliki-banyak-teman-pria-pertanda-libidonya-membara-ini-alasannya,No,Adult: Sexual content,Restricted ad serving,ca-pub-7784034061253020,9,2025-02-11,2025-02-15
m.tribunnews.com,Page,N/A,N/A,m.tribunnews.com/internasional/2015/02/06/jadikan-gelas-sebagai-alat-bantu-seks-tapi-malah-menyangkut-di-bokong,No,Adult: Sexual content,Restricted ad serving,ca-pub-7784034061253020,9,2025-02-14,2025-02-14
kupang.tribunnews.com,Page,N/A,N/A,kupang.tribunnews.com/tag/pornografi,No,Adult: Sexual content,Restricted ad serving,ca-pub-7784034061253020,9,2025-02-14,2025-02-14
kupang.tribunnews.com,Page,N/A,N/A,kupang.tribunnews.com/2020/01/02/setelah-naik-35-persen-inilah-harga-baru-42-merek-rokok-ada-marlboro-gudang-garam-hingga-djarum,No,Tobacco,Restricted ad serving,ca-pub-7784034061253020,9,2025-02-15,2025-02-15
kupang.tribunnews.com,Page,N/A,N/A,kupang.tribunnews.com/2019/08/30/video-cewek-seksi-tawarkan-pijat-plus-plus-di-kos-driver-ojek-online-tergiur-hingga-gadaikan-motor,No,Adult: Sexual content,Restricted ad serving,ca-pub-7784034061253020,9,2025-02-12,2025-02-14
kupang.tribunnews.com,Page,N/A,N/A,kupang.tribunnews.com/2019/01/30/ayo-ikuti-lima-posisi-bercinta-yang-membuat-anda-mendapatkan-orgasme-berkali-kali,No,Adult: Sexual content,Restricted ad serving,ca-pub-7784034061253020,9,2025-02-14,2025-02-14
kupang.tribunnews.com,Page,N/A,N/A,kupang.tribunnews.com/2017/01/10/di-mana-letak-titik-rangsang-pria-pada-telapak-kaki,No,Adult: Sexual content,Restricted ad serving,ca-pub-7784034061253020,9,2025-02-14,2025-02-14
kupang.tribunnews.com,Page,N/A,N/A,kupang.tribunnews.com/2015/04/13/rok-siswi-18-tahun-kena-semprotan-cairan-sperma,No,Adult: Sexual content,Restricted ad serving,ca-pub-7784034061253020,9,2025-02-11,2025-02-14
kupang.tribunnews.com,Page,N/A,N/A,kupang.tribunnews.com/2014/12/09/hemm-vagina-ozon-bikin-miss-v-lebih-kencang-dan-wangi,No,Adult: Sexual content,Restricted ad serving,ca-pub-7784034061253020,9,2025-02-16,2025-02-16
jogja.tribunnews.com,Page,N/A,N/A,jogja.tribunnews.com/2017/07/11/boneka-seks-ini-diklaim-paling-mirip-manusia-bisa-dipesan-sesuai-keinginan,No,Adult: Sexual content,Restricted ad serving,ca-pub-7784034061253020,9,2025-02-10,2025-02-16
jateng.tribunnews.com,Page,N/A,N/A,jateng.tribunnews.com/2019/08/16/cerita-awal-mula-video-vina-garut-yang-kini-heboh-dibuat-dan-kondisi-terkini-para-pelaku,Yes,Ads Disguised as Content,Restricted ad serving,ca-pub-7784034061253020,9,2025-02-13,2025-02-14
jateng.tribunnews.com,Page,N/A,N/A,jateng.tribunnews.com/2017/07/08/ssst-jangan-banyak-bicara-saat-bercinta-ini-4-hal-yang-harus-dihindari-saat-berhubungan-intim,No,Adult: Sexual content,Restricted ad serving,ca-pub-7784034061253020,9,2025-02-13,2025-02-14
jateng.tribunnews.com,Page,N/A,N/A,jateng.tribunnews.com/2017/05/04/wanita-ini-langsung-remas-dan-intip-payudara-reporter-jepang-katanya-putih-dan-bagus,No,Adult: Sexual content,Restricted ad serving,ca-pub-7784034061253020,9,2025-02-14,2025-02-16
jambi.tribunnews.com,Page,N/A,N/A,jambi.tribunnews.com/2022/05/09/pembunuhan-di-jalan-ness-batanghari-h4-lebaran-2022-ari-ditusuk-3-kali-hingga-tewas,No,Shocking content,Restricted ad serving,ca-pub-7784034061253020,9,2025-02-15,2025-02-15
jambi.tribunnews.com,Page,N/A,N/A,jambi.tribunnews.com/2014/11/13/posisi-doggy-style-yang-ini-baru-benar-supaya-punya-anak-lelaki,No,Adult: Sexual content,Restricted ad serving,ca-pub-7784034061253020,9,2025-02-14,2025-02-14
jabar.tribunnews.com,Page,N/A,N/A,jabar.tribunnews.com/2018/01/19/edan-ternyata-gay-di-bandung-manfaatkan-aplikasi-gratisan-dari-playstore-untuk-temukan-pasangan,Yes,Ads Disguised as Content,Restricted ad serving,ca-pub-7784034061253020,9,2025-02-10,2025-02-16
belitung.tribunnews.com,Page,N/A,N/A,belitung.tribunnews.com/2018/03/08/pns-ini-dipaksa-berhubungan-intim-selama-2-tahun-pacaran-video-syurnya-tersebar-saat-putus,No,Adult: Sexual content,Restricted ad serving,ca-pub-7784034061253020,9,2025-02-14,2025-02-14
belitung.tribunnews.com,Page,N/A,N/A,belitung.tribunnews.com/2017/10/19/edan-di-negara-ini-hewan-dijadikan-pemuas-nafsu-seks-dalam-prostitusi-tarifnya-cukup-fantastis,No,Adult: Sexual content,Restricted ad serving,ca-pub-7784034061253020,9,2025-02-10,2025-02-15
banjarmasin.tribunnews.com,Page,N/A,N/A,banjarmasin.tribunnews.com/2019/10/06/kandungannya-bikin-jreng-suami-ini-3-manfaat-telur-bebek-untuk-kemampuan-seks-pria,No,Adult: Sexual content,Restricted ad serving,ca-pub-7784034061253020,9,2025-02-14,2025-02-14
banjarmasin.tribunnews.com,Page,N/A,N/A,banjarmasin.tribunnews.com/2015/04/15/di-kalangan-psk-online-kawasan-tebet-disebut-vagina-street,No,Adult: Sexual content,Restricted ad serving,ca-pub-7784034061253020,9,2025-02-15,2025-02-15
bangka.tribunnews.com,Page,N/A,N/A,bangka.tribunnews.com/2020/02/22/lagi-tren-puaskan-nafsu-dengan-pisang-dan-terong-dokter-binggung-dan-beri-peringatan-ini,No,Adult: Sexual content,Restricted ad serving,ca-pub-7784034061253020,9,2025-02-10,2025-02-15
bangka.tribunnews.com,Page,N/A,N/A,bangka.tribunnews.com/2019/02/12/pria-penyuka-makanan-pedas-punya-performa-seksual-lebih-di-ranjang-ini-penjelasannya,No,Adult: Sexual content,Restricted ad serving,ca-pub-7784034061253020,9,2025-02-11,2025-02-15
bangka.tribunnews.com,Page,N/A,N/A,bangka.tribunnews.com/2017/11/14/kapolres-ungkap-fakta-mengejutkan-pasangan-yang-ditelanjangi-dan-diarak-warga-ternyata,Yes,Site Behavior: Navigation,Restricted ad serving,ca-pub-7784034061253020,9,2025-02-14,2025-02-14
bangka.tribunnews.com,Page,N/A,N/A,bangka.tribunnews.com/2016/10/11/pengantin-wanita-persilakan-tamu-remas-payudaranya,No,Adult: Sexual content,Restricted ad serving,ca-pub-7784034061253020,9,2025-02-12,2025-02-15
bali.tribunnews.com,Page,N/A,N/A,bali.tribunnews.com/2016/05/20/mitos-doyan-making-love-buat-pantat-wanita-melorot-benarkah,No,Adult: Sexual content,Restricted ad serving,ca-pub-7784034061253020,9,2025-02-12,2025-02-15
aceh.tribunnews.com,Page,N/A,N/A,aceh.tribunnews.com/2024/02/06/curhat-istri-alami-hal-aneh-di-rumah-mertua-bra-dan-cd-ada-bercak-mani-suami-sebut-ulah-keponakan,No,Google-served ads obscuring content,Restricted ad serving,ca-pub-7784034061253020,9,2025-02-13,2025-02-14
www.tribunnewswiki.com,Page,N/A,N/A,www.tribunnewswiki.com/2020/11/09/bikin-film-tak-senonoh-di-taman-nasional-4-bintang-film-dewasa-terancam-tuntutan-hukum,Yes,Encouraging accidental clicks: Layout,Restricted ad serving,ca-pub-7784034061253020,8,2025-02-13,2025-02-14
www.tribunnews.com,Page,N/A,N/A,www.tribunnews.com/seleb/2023/12/27/lakoni-adegan-intim-di-film-suami-yang-lain-acha-septriasa-sebut-ada-batasan,No,Google-served ads obscuring content,Restricted ad serving,ca-pub-7784034061253020,8,2025-02-15,2025-02-15
www.tribunnews.com,Page,N/A,N/A,www.tribunnews.com/regional/2021/05/07/viral-video-pemuda-di-ketapang-tewas-gantung-diri-di-pohon-ternyata-korban-berasal-dari-garut,No,Shocking content,Restricted ad serving,ca-pub-7784034061253020,8,2025-02-16,2025-02-16
www.tribunnews.com,Page,N/A,N/A,www.tribunnews.com/regional/2019/07/12/video-hotel-di-purwokerto-digeruduk-karena-pertontonkan-adegan-mesum-ada-temuan-alat-kontrasepsi,No,Adult: Sexual content,Restricted ad serving,ca-pub-7784034061253020,8,2025-02-15,2025-02-15
www.tribunnews.com,Page,N/A,N/A,www.tribunnews.com/regional/2018/02/06/kisah-ayam-kampus-di-semarang-semula-hanya-disuruh-menemani-lama-lama-keenakan-terus-nagih,No,Shocking content,Restricted ad serving,ca-pub-7784034061253020,8,2025-02-14,2025-02-15
www.tribunnews.com,Page,N/A,N/A,www.tribunnews.com/regional/2017/08/01/2-pelajar-sma-di-yogya-kepergok-mesum-di-dalam-mobil-saat-digerebek-mereka-setengah-telanjang,No,Adult: Sexual content,Restricted ad serving,ca-pub-7784034061253020,8,2025-02-12,2025-02-14
www.tribunnews.com,Page,N/A,N/A,www.tribunnews.com/nasional/2019/08/07/menantu-kh-maimoen-zubair-ungkap-keinginan-mbah-moen-sebelum-wafat,No,Shocking content,Restricted ad serving,ca-pub-7784034061253020,8,2025-02-10,2025-02-15
www.tribunnews.com,Page,N/A,N/A,www.tribunnews.com/nasional/2018/03/15/jangan-ditiru-viral-anak-kecil-tonton-video-porno-di-samping-ibunya,Yes,Ads Disguised as Content,Restricted ad serving,ca-pub-7784034061253020,8,2025-02-14,2025-02-15
www.tribunnews.com,Page,N/A,N/A,www.tribunnews.com/metropolitan/2012/10/04/heboh-foto-mayat-penzinah-berdempetan-di-karawang,No,Shocking content,Restricted ad serving,ca-pub-7784034061253020,8,2025-02-14,2025-02-14
www.tribunnews.com,Page,N/A,N/A,www.tribunnews.com/metropolitan/2011/04/02/umar-tak-sadar-istrinya-pria-karena-bercinta-dalam-gelap,No,Google-served ads obscuring content,Restricted ad serving,ca-pub-7784034061253020,8,2025-02-12,2025-02-16
www.tribunnews.com,Page,N/A,N/A,www.tribunnews.com/lifestyle/2020/12/04/sex-toys-sebenarnya-bisa-diperjualbelikan-asal-begini,No,Adult: Sexual content,Restricted ad serving,ca-pub-7784034061253020,8,2025-02-10,2025-02-14
www.tribunnews.com,Page,N/A,N/A,www.tribunnews.com/kesehatan/2014/09/21/tanpa-obat-kuat-ini-empat-cara-mendongkrak-keperkasaan-mr-p-yang-loyo,No,Adult: Sexual content,Restricted ad serving,ca-pub-7784034061253020,8,2025-02-15,2025-02-16
www.tribunnews.com,Page,N/A,N/A,www.tribunnews.com/internasional/2015/07/11/ini-dia-10-negara-dengan-budaya-seks-paling-bebas,No,Adult: Sexual content,Restricted ad serving,ca-pub-7784034061253020,8,2025-02-11,2025-02-15
www.tribunnews.com,Page,N/A,N/A,www.tribunnews.com/bisnis/2017/03/22/ini-dia-lima-merek-rokok-terlaris-dunia,No,Tobacco,Restricted ad serving,ca-pub-7784034061253020,8,2025-02-10,2025-02-15
wartakota.tribunnews.com,Page,N/A,N/A,wartakota.tribunnews.com/amp/2017/10/21/belut-itu-masuk-ke-rahim-wanita-cantik-yang-bermasturbasi-dengan-hewan-ini,No,Adult: Sexual content;Shocking content,Restricted ad serving,ca-pub-7784034061253020,8,2025-02-10,2025-02-15
wartakota.tribunnews.com,Page,N/A,N/A,wartakota.tribunnews.com/2021/03/10/penemuan-mayat-perempuan-tanpa-identitas-bikin-heboh-warga-megamendung-bogor-kondisinya-seperti-ini,No,Shocking content,Restricted ad serving,ca-pub-7784034061253020,8,2025-02-14,2025-02-14
wartakota.tribunnews.com,Page,N/A,N/A,wartakota.tribunnews.com/2021/01/15/apa-arti-sugar-daddy-sugar-babby-dan,No,Google-served ads obscuring content,Restricted ad serving,ca-pub-7784034061253020,8,2025-02-10,2025-02-14
wartakota.tribunnews.com,Page,N/A,N/A,wartakota.tribunnews.com/2018/01/19/perhatian-buat-perempuan-saat-pakai-celana-dalam-no-4-sering-dilakukan,No,Adult: Sexual content,Restricted ad serving,ca-pub-7784034061253020,8,2025-02-14,2025-02-14
wartakota.tribunnews.com,Page,N/A,N/A,wartakota.tribunnews.com/2015/03/02/waria-bertarif-mahal-tawarkan-diri-di-sosial-media,No,Adult: Sexual content,Restricted ad serving,ca-pub-7784034061253020,8,2025-02-14,2025-02-16
wartakota.tribunnews.com,Page,N/A,N/A,wartakota.tribunnews.com/2014/12/30/suara-dan-erangan-saat-bercinta-pengaruhi-kualitas-orgasme,No,Adult: Sexual content,Restricted ad serving,ca-pub-7784034061253020,8,2025-02-14,2025-02-14
wartakota.tribunnews.com,Page,N/A,N/A,wartakota.tribunnews.com/2014/05/22/rahasia-bentuk-pinggul-tunjukkan-kehidupan-seks-anda,No,Adult: Sexual content,Restricted ad serving,ca-pub-7784034061253020,8,2025-02-14,2025-02-15
sumsel.tribunnews.com,Page,N/A,N/A,sumsel.tribunnews.com/2018/01/06/5-fakta-seputar-video-mesum-tante-vs-bocah-sd-yang-bikin-hebohno4-ungkap-siapa-sosok-pelakunya,Yes,Ads Disguised as Content,Restricted ad serving,ca-pub-7784034061253020,8,2025-02-14,2025-02-14
sultra.tribunnews.com,Page,N/A,N/A,sultra.tribunnews.com/2023/01/17/video-viral-twitter-detik-detik-satpam-perkebunan-sawit-dibacok-pakai-kapak-korban-meninggal-dunia,No,Shocking content,Restricted ad serving,ca-pub-7784034061253020,8,2025-02-14,2025-02-14
style.tribunnews.com,Page,N/A,N/A,style.tribunnews.com/2017/04/06/bintang-film-dewasa-jepang-ini-rilis-akun-youtube-siap-ikut-miyabi-berkarir-di-jalan-yang-benar,No,Adult: Sexual content,Restricted ad serving,ca-pub-7784034061253020,8,2025-02-10,2025-02-16
style.tribunnews.com,Page,N/A,N/A,style.tribunnews.com/2017/01/23/10-titik-bagian-tubuh-wanita-ini-yang-paling-dianggap-seksi-oleh-pria,No,Adult: Sexual content,Restricted ad serving,ca-pub-7784034061253020,8,2025-02-14,2025-02-14
solo.tribunnews.com,Page,N/A,N/A,solo.tribunnews.com/2016/10/29/tidak-hanya-ryoko-nakaoka-para-selebgram-ini-juga-dapat-predikat-miliki-payudara-terindah,Yes,Site Behavior: Navigation,Restricted ad serving,ca-pub-7784034061253020,8,2025-02-15,2025-02-15
pontianak.tribunnews.com,Page,N/A,N/A,pontianak.tribunnews.com/2021/02/11/link-video-syur-14-detik-mirip-artis-beredar-di-twitter-dan-telegram-viral-saingi-gisel-dan-nobu,Yes,Ads Disguised as Content,Restricted ad serving,ca-pub-7784034061253020,8,2025-02-10,2025-02-15
pekanbaru.tribunnews.com,Page,N/A,N/A,pekanbaru.tribunnews.com/2020/03/05/download-full-movie-film-frozen-2-subtitle-bahasa-indonesia-sub-indo-cek-sinopsis-video-trailer,Yes,Copyrighted material (DMCA),Disabled ad serving,,8,2025-02-16,2025-02-16
pekanbaru.tribunnews.com,Page,N/A,N/A,pekanbaru.tribunnews.com/2017/11/23/maksudnya-apa-tikus-ini-diberi-minuman-keras-dan-dibakar-hidup-hidup-sampai-mati,No,Shocking content,Restricted ad serving,ca-pub-7784034061253020,8,2025-02-14,2025-02-14
palembang.tribunnews.com,Page,N/A,N/A,palembang.tribunnews.com/2015/03/19/pria-usia-50-tahun-masih-nikmati-seks-layaknya-anak-muda,No,Adult: Sexual content,Restricted ad serving,ca-pub-7784034061253020,8,2025-02-15,2025-02-15
palembang.tribunnews.com,Page,N/A,N/A,palembang.tribunnews.com/2015/02/21/ikut-sabung-ayam-nilai-taruhan-bisa-tembus-rp-10-juta,No,Shocking content,Restricted ad serving,ca-pub-7784034061253020,8,2025-02-15,2025-02-15
medan.tribunnews.com,Page,N/A,N/A,medan.tribunnews.com/2018/01/13/video-syur-mirip-merion-jola-idol-2017-berdurasi-45-menit-bikin-heboh,Yes,Site Behavior: Navigation,Restricted ad serving,ca-pub-7784034061253020,8,2025-02-13,2025-02-14
medan.tribunnews.com,Page,N/A,N/A,medan.tribunnews.com/2017/12/21/pria-pemilik-mr-p-terpanjang-cari-pendamping-dan-ingin-jadi-bintang-film-dewasa,No,Adult: Sexual content,Restricted ad serving,ca-pub-7784034061253020,8,2025-02-10,2025-02-14
medan.tribunnews.com,Page,N/A,N/A,medan.tribunnews.com/2017/11/07/simak-pengakuan-5-seleb-indonesia-yang-blak-blakan-soal-begituan-dan-keperawanan,No,Adult: Sexual content,Restricted ad serving,ca-pub-7784034061253020,8,2025-02-12,2025-02-16
medan.tribunnews.com,Page,N/A,N/A,medan.tribunnews.com/2017/11/04/penyebar-video-bokep-samarinda-dibekuk-di-sleman-tersangka-teman-pemeran-pria-lo,No,Adult: Sexual content,Restricted ad serving,ca-pub-7784034061253020,8,2025-02-13,2025-02-14
medan.tribunnews.com,Page,N/A,N/A,medan.tribunnews.com/2016/12/28/jerit-tangis-kesakitan-gadis-sma-diperkosa-bergilir-hingga-wajah-bejat-terduga-pelaku,No,Adult: Sexual content,Restricted ad serving,ca-pub-7784034061253020,8,2025-02-10,2025-02-14
makassar.tribunnews.com,Page,N/A,N/A,makassar.tribunnews.com/2020/08/21/cerita-wanita-19-tahun-jadi-psk-layani-8-tamu-sehari-meski-terasa-sakit-uang-untuk-beli-obat-ibu,Yes,Ads Disguised as Content,Restricted ad serving,ca-pub-7784034061253020,8,2025-02-11,2025-02-15
makassar.tribunnews.com,Page,N/A,N/A,makassar.tribunnews.com/2019/10/07/cewekgadis-manado-tanpa-busana-di-video-viral-facebook-whatsapp-terungkap-kondisinya-memiriskan,No,Content obscuring Google-served ads,Restricted ad serving,ca-pub-7784034061253020,8,2025-02-14,2025-02-16
makassar.tribunnews.com,Page,N/A,N/A,makassar.tribunnews.com/2019/04/23/beredar-di-medsos-grup-wa-video-tanpa-busana-pria-mirip-aktor-gandhi-fernando-sedang-viral,No,Adult: Sexual content,Restricted ad serving,ca-pub-7784034061253020,8,2025-02-11,2025-02-14
makassar.tribunnews.com,Page,N/A,N/A,makassar.tribunnews.com/2016/05/05/wanita-cantik-ini-ternyata-boneka-seks-harganya-rp-130-juta,No,Adult: Sexual content,Restricted ad serving,ca-pub-7784034061253020,8,2025-02-15,2025-02-16
madura.tribunnews.com,Page,N/A,N/A,madura.tribunnews.com/2019/07/18/dua-anak-sd-di-magetan-malah-asyik-berhubungan-badan-saat-ibunya-pergi-ke-sawah-videonya-viral,Yes,Ads Disguised as Content,Restricted ad serving,ca-pub-7784034061253020,8,2025-02-12,2025-02-15
lampung.tribunnews.com,Page,N/A,N/A,lampung.tribunnews.com/2018/11/21/video-mesum-siswi-sma-diputar-pakai-proyektor-di-ruang-kelas-ditonton-teman-teman-sekolah-korban,No,Adult: Sexual content;Shocking content,Restricted ad serving,ca-pub-7784034061253020,8,2025-02-11,2025-02-15
lampung.tribunnews.com,Page,N/A,N/A,lampung.tribunnews.com/2016/09/15/busana-dewi-persik-mirip-telanjang-netizenkasian-polisinya-pegang-pistole-dewe-dewe,No,Adult: Sexual content,Restricted ad serving,ca-pub-7784034061253020,8,2025-02-10,2025-02-15
lampung.tribunnews.com,Page,N/A,N/A,lampung.tribunnews.com/2016/06/18/gadis-gadis-hanya-tertawa-ketika-bajunya-dirobek-pria-depan-umum,No,Adult: Sexual content,Restricted ad serving,ca-pub-7784034061253020,8,2025-02-15,2025-02-15
kupang.tribunnews.com,Page,N/A,N/A,kupang.tribunnews.com/2020/10/05/pesta-seks-di-rumah-kosong-6-abg-aceh-digerebek-warga-begini-pengakuan-menjijikan-mereka,No,Google-served ads obscuring content,Restricted ad serving,ca-pub-7784034061253020,8,2025-02-10,2025-02-16
kupang.tribunnews.com,Page,N/A,N/A,kupang.tribunnews.com/2017/10/14/6-ciri-bila-seorang-perempuan-tak-lagi-perawan-boleh-percaya-atau-tidak,No,Adult: Sexual content,Restricted ad serving,ca-pub-7784034061253020,8,2025-02-15,2025-02-15
kupang.tribunnews.com,Page,N/A,N/A,kupang.tribunnews.com/2017/04/15/heboh-buka-baju-sampai-bersenggama-video-gadis-18-tahun-di-bali-kencan-dengan-pria-bule,No,Adult: Sexual content,Restricted ad serving,ca-pub-7784034061253020,8,2025-02-14,2025-02-14
kalteng.tribunnews.com,Page,N/A,N/A,kalteng.tribunnews.com/2018/02/13/pengakuan-ibu-dua-anak-yang-akui-gunakan-seks-toys-katanya-begini-rasanya,No,Adult: Sexual content,Restricted ad serving,ca-pub-7784034061253020,8,2025-02-14,2025-02-14
jogja.tribunnews.com,Page,N/A,N/A,jogja.tribunnews.com/tag/simpanan-tante-tante,No,Adult: Sexual content,Restricted ad serving,ca-pub-7784034061253020,8,2025-02-12,2025-02-14
jogja.tribunnews.com,Page,N/A,N/A,jogja.tribunnews.com/2019/10/17/bu-bidan-dan-pak-dokter-terbukti-selingkuh-hasil-visum-buktikan-keduanya-berhubungan-badan,No,Adult: Sexual content,Restricted ad serving,ca-pub-7784034061253020,8,2025-02-14,2025-02-15
jogja.tribunnews.com,Page,N/A,N/A,jogja.tribunnews.com/2017/04/08/ingin-sperma-tidak-tumpah-dari-ms-v-pascaejakulasi-lakukan-7-trik-ini,No,Adult: Sexual content,Restricted ad serving,ca-pub-7784034061253020,8,2025-02-15,2025-02-15
jatim.tribunnews.com,Page,N/A,N/A,jatim.tribunnews.com/2017/05/12/baru-6-tahun-bocah-cilik-ini-diklaim-besarnya-bisa-jadi-gadis-tercantik-sedunia-setuju,Yes,Site Behavior: Navigation,Restricted ad serving,ca-pub-7784034061253020,8,2025-02-10,2025-02-15
jateng.tribunnews.com,Page,N/A,N/A,jateng.tribunnews.com/2018/03/07/setelah-nonton-film-porno-di-pesawat-mahasiswa-ini-serang-pramugari,No,Adult: Sexual content,Restricted ad serving,ca-pub-7784034061253020,8,2025-02-10,2025-02-14
jateng.tribunnews.com,Page,N/A,N/A,jateng.tribunnews.com/2016/08/03/astaga-di-negara-ini-ospek-mesum-sudah-biasa-siswi-diminta-telentang-kemudian-ditindih,No,Shocking content,Restricted ad serving,ca-pub-7784034061253020,8,2025-02-14,2025-02-14
jateng.tribunnews.com,Page,N/A,N/A,jateng.tribunnews.com/2015/03/17/video-kios-pasar-di-kendal-berubah-jadi-kamar-prostitusi,No,Adult: Sexual content,Restricted ad serving,ca-pub-7784034061253020,8,2025-02-13,2025-02-16
jambi.tribunnews.com,Page,N/A,N/A,jambi.tribunnews.com/2020/06/27/remaja-cantik-di-kota-jambi-open-bo-di-kamar-kos-sekali-naik-rp-800-ribu,No,Adult: Sexual content,Restricted ad serving,ca-pub-7784034061253020,8,2025-02-10,2025-02-15
jambi.tribunnews.com,Page,N/A,N/A,jambi.tribunnews.com/2018/06/02/tak-butuh-obat-kuat-cukup-lakukan-hal-ini-untuk-jadi-pria-perkasa-di-atas-ranjang,No,Adult: Sexual content,Restricted ad serving,ca-pub-7784034061253020,8,2025-02-10,2025-02-14
jambi.tribunnews.com,Page,N/A,N/A,jambi.tribunnews.com/2018/05/07/ingin-tidurmu-lebih-nyenyak-berhubungan-intimlah-dahulu-sebelumnya,No,Adult: Sexual content,Restricted ad serving,ca-pub-7784034061253020,8,2025-02-11,2025-02-16
jambi.tribunnews.com,Page,N/A,N/A,jambi.tribunnews.com/2018/02/22/prostitusi-online-gunakan-aplikasi-ini-untuk-transaksi-pesan-otomatis-terhapus-dan-nego-harga,No,Adult: Sexual content,Restricted ad serving,ca-pub-7784034061253020,8,2025-02-15,2025-02-15
jambi.tribunnews.com,Page,N/A,N/A,jambi.tribunnews.com/2018/02/03/video-pria-ini-campur-obat-perangsang-ke-minuman-teman-wanita-lihat-reaksi-wanitanya-beringas,No,Adult: Sexual content,Restricted ad serving,ca-pub-7784034061253020,8,2025-02-15,2025-02-15
jambi.tribunnews.com,Page,N/A,N/A,jambi.tribunnews.com/2017/04/13/7-posisi-tidur-suami-istri-yang-bikin-pasangannya-tertindas,Yes,Site Behavior: Navigation,Restricted ad serving,ca-pub-7784034061253020,8,2025-02-15,2025-02-15
jakarta.tribunnews.com,Page,N/A,N/A,jakarta.tribunnews.com/2020/11/29/relakan-istri-jadi-psk-awalnya-cemburu-ikut-menikmati-hingga-akhirnya-marah-saat-jatahnya-kurang,Yes,Encouraging accidental clicks: Layout,Restricted ad serving,ca-pub-7784034061253020,8,2025-02-15,2025-02-15
bogor.tribunnews.com,Page,N/A,N/A,bogor.tribunnews.com/2016/04/26/waspada-jika-tiba-tiba-mr-p-loyo-saat-berhubungan-intim-bisa-jadi-anda-mengalami-penyakit-ini,No,Adult: Sexual content,Restricted ad serving,ca-pub-7784034061253020,8,2025-02-14,2025-02-14
belitung.tribunnews.com,Page,N/A,N/A,belitung.tribunnews.com/2017/11/18/bu-guru-ini-paksa-siswa-sma-layani-nafsu-birahinya-dengan-ancaman-begini-kirim-foto-dan-video-syur,Yes,Site Behavior: Navigation,Restricted ad serving,ca-pub-7784034061253020,8,2025-02-11,2025-02-15
batam.tribunnews.com,Page,N/A,N/A,batam.tribunnews.com/2017/11/07/mengejutkan-inilah-5-alasan-pria-suka-wanita-pakai-lipstik-nomor-1-bikin-deg-degan,No,Adult: Sexual content,Restricted ad serving,ca-pub-7784034061253020,8,2025-02-14,2025-02-15
banjarmasin.tribunnews.com,Page,N/A,N/A,banjarmasin.tribunnews.com/2016/08/01/10-fakta-yang-harus-kita-ketahui-tentang-kondom-wanita,No,Adult: Sexual content,Restricted ad serving,ca-pub-7784034061253020,8,2025-02-13,2025-02-15
bangka.tribunnews.com,Page,N/A,N/A,bangka.tribunnews.com/2018/09/28/pijat-area-leher-bisa-bikin-aliran-darah-tersumbat-dan-berakibat-kematian,Yes,Site Behavior: Navigation,Restricted ad serving,ca-pub-7784034061253020,8,2025-02-13,2025-02-15
bangka.tribunnews.com,Page,N/A,N/A,bangka.tribunnews.com/2017/03/07/usianya-tak-lagi-muda-tapi-janda-seksi-ini-bikin-orang-terkesima,Yes,Site Behavior: Navigation,Restricted ad serving,ca-pub-7784034061253020,8,2025-02-15,2025-02-15
bangka.tribunnews.com,Page,N/A,N/A,bangka.tribunnews.com/2017/02/28/resep-sederhana-ini-ampuh-atasi-masalah-seksual-anda-dijamin-bikin-istri-bahagia,No,Adult: Sexual content,Restricted ad serving,ca-pub-7784034061253020,8,2025-02-15,2025-02-15
bangka.tribunnews.com,Page,N/A,N/A,bangka.tribunnews.com/2013/05/29/booking-maria-ozawa-rp-145-juta-per-jam,Yes,Encouraging accidental clicks: Layout,Restricted ad serving,ca-pub-7784034061253020,8,2025-02-10,2025-02-16
bali.tribunnews.com,Page,N/A,N/A,bali.tribunnews.com/2018/02/12/pertama-kali-gunakan-sex-toy-dewi-merasa-geli-ditanya-pilih-sex-toy-atau-asli-ini-jawabannya,No,Adult: Sexual content,Restricted ad serving,ca-pub-7784034061253020,8,2025-02-14,2025-02-14
bali.tribunnews.com,Page,N/A,N/A,bali.tribunnews.com/2017/05/29/polisi-gerebek-maxis-spa-teuku-umar-denpasar-terapis-lagi-asik-making-love-bareng-pria,No,Adult: Sexual content,Restricted ad serving,ca-pub-7784034061253020,8,2025-02-16,2025-02-16
bali.tribunnews.com,Page,N/A,N/A,bali.tribunnews.com/2017/03/03/menguak-resep-obat-rahasia-keperkasaan-pria-arab-yang-biasa-jadi-oleh-oleh,No,Adult: Sexual content,Restricted ad serving,ca-pub-7784034061253020,8,2025-02-13,2025-02-15
www.tribunnews.com,Page,N/A,N/A,www.tribunnews.com/regional/2020/01/30/foto-tanpa-busana-siswi-sma-di-tuban-mendadak-viral-disebar-eks-pacar-pelaku-ungkap-niat-sebenarnya,No,Shocking content,Restricted ad serving,ca-pub-7784034061253020,7,2025-02-12,2025-02-16
www.tribunnews.com,Page,N/A,N/A,www.tribunnews.com/regional/2016/06/08/polisi-pati-salon-kok-punya-banyak-kamarnya-plus-kamar-mandi,No,Shocking content,Restricted ad serving,ca-pub-7784034061253020,7,2025-02-12,2025-02-14
www.tribunnews.com,Page,N/A,N/A,www.tribunnews.com/regional/2015/08/24/obat-gila-marak-di-sulut-efeknya-ngeri-adegan-seks-bersama,No,Adult: Sexual content,Restricted ad serving,ca-pub-7784034061253020,7,2025-02-11,2025-02-16
www.tribunnews.com,Page,N/A,N/A,www.tribunnews.com/otomotif/2017/05/01/berburu-spg-sexy-di-ajang-iims-2017-ini-dia-videonya,No,Adult: Sexual content,Restricted ad serving,ca-pub-7784034061253020,7,2025-02-10,2025-02-15
www.tribunnews.com,Page,N/A,N/A,www.tribunnews.com/kesehatan/2017/12/03/bagi-suami-istri-ini-waktu-waktu-terbaik-berhubungan-seks-untuk-mendapatkan-hasil-maksimal,No,Adult: Sexual content,Restricted ad serving,ca-pub-7784034061253020,7,2025-02-14,2025-02-15
www.tribunnews.com,Page,N/A,N/A,www.tribunnews.com/kesehatan/2017/04/03/salah-pilih-ukuran-kondom-peluang-pasangan-hamil-terbuka-lebar,No,Adult: Sexual content,Restricted ad serving,ca-pub-7784034061253020,7,2025-02-14,2025-02-14
www.tribunnews.com,Page,N/A,N/A,www.tribunnews.com/kesehatan/2016/04/08/lima-alasan-istri-sebaiknya-hentikan-ronde-tambahan-saat-bercinta-bersama-suami,No,Adult: Sexual content,Restricted ad serving,ca-pub-7784034061253020,7,2025-02-14,2025-02-14
www.tribunnews.com,Page,N/A,N/A,www.tribunnews.com/internasional/2017/12/03/boneka-seks-tercanggih-saat-ini-sekilas-mirip-wanita-seksi-tutur-bahasa-lembut-dan-pencemburu,No,Adult: Sexual content,Restricted ad serving,ca-pub-7784034061253020,7,2025-02-11,2025-02-14
www.tribunnews.com,Page,N/A,N/A,www.tribunnews.com/internasional/2016/11/08/pemilik-payudara-tercantik-di-jepang-ini-suka-lihat-mobil-mobil-dan-belum-pernah-ke-luar-negeri,No,Adult: Sexual content,Restricted ad serving,ca-pub-7784034061253020,7,2025-02-12,2025-02-14
wartakota.tribunnews.com,Page,N/A,N/A,wartakota.tribunnews.com/2021/04/12/heboh-gadis-14-tahun-telah-hubungan-intim-dengan-25-pria-dari-keluarga-broken-diduga-ketagihan,Yes,Encouraging accidental clicks: Layout;Google-served ads obscuring content,Restricted ad serving,ca-pub-7784034061253020,7,2025-02-11,2025-02-15
wartakota.tribunnews.com,Page,N/A,N/A,wartakota.tribunnews.com/2014/12/16/sensasi-bercinta-wanita-bersepatu-high-heels-dan-lingerie,No,Adult: Sexual content,Restricted ad serving,ca-pub-7784034061253020,7,2025-02-12,2025-02-15
suryamalang.tribunnews.com,Page,N/A,N/A,suryamalang.tribunnews.com/2016/11/30/video-beginilah-cara-tante-tante-di-bali-hentikan-mobil-anda-ngajak-short-time-lalu,No,Adult: Sexual content,Restricted ad serving,ca-pub-7784034061253020,7,2025-02-10,2025-02-14
suryamalang.tribunnews.com,Page,N/A,N/A,suryamalang.tribunnews.com/2016/02/03/spg-cantik-dan-spb-ganteng-dibayar-untuk-blusukan-dalam-kondisi-telanjang,No,Adult: Sexual content,Restricted ad serving,ca-pub-7784034061253020,7,2025-02-14,2025-02-15
surabaya.tribunnews.com,Page,N/A,N/A,surabaya.tribunnews.com/2017/01/09/video-23-pegulat-seksi-siap-layani-para-pria-di-ruang-pasrah-selanjutnya,No,Adult: Sexual content,Restricted ad serving,ca-pub-7784034061253020,7,2025-02-15,2025-02-16
surabaya.tribunnews.com,Page,N/A,N/A,surabaya.tribunnews.com/2016/05/24/polisi-sidoarjo-pergoki-2-pasang-pelajar-mesum-di-warnet-ada-kondom-bekasnya,No,Adult: Sexual content,Restricted ad serving,ca-pub-7784034061253020,7,2025-02-11,2025-02-14
surabaya.tribunnews.com,Page,N/A,N/A,surabaya.tribunnews.com/2010/06/09/heboh-lagi-video-seks-ariel-cut-tari,No,Adult: Sexual content,Restricted ad serving,ca-pub-7784034061253020,7,2025-02-14,2025-02-15
sumsel.tribunnews.com,Page,N/A,N/A,sumsel.tribunnews.com/2017/11/11/ingat-artis-seksi-baby-margaretha-kehidupannya-kini-bikin-melongo,Yes,Site Behavior: Navigation,Restricted ad serving,ca-pub-7784034061253020,7,2025-02-14,2025-02-14
sumsel.tribunnews.com,Page,N/A,N/A,sumsel.tribunnews.com/2017/11/06/astaga-konten-gif-porno-di-whatsapp-sampai-tokoh-teletubies-dan-spiderman-juga-muncul,No,Adult: Sexual content,Restricted ad serving,ca-pub-7784034061253020,7,2025-02-14,2025-02-14
sumsel.tribunnews.com,Page,N/A,N/A,sumsel.tribunnews.com/2017/10/22/apa-kondom-memiliki-kadaluwarsa-ini-yang-harus-anda-tahu,No,Adult: Sexual content,Restricted ad serving,ca-pub-7784034061253020,7,2025-02-14,2025-02-14
style.tribunnews.com,Page,N/A,N/A,style.tribunnews.com/amp/2017/08/22/4-anime-dewasa-yang-tidak-boleh-ditonton-anak-kecil-awas-banyak-adegan-erotisnya,No,Adult: Sexual content,Restricted ad serving,ca-pub-7784034061253020,7,2025-02-15,2025-02-16
style.tribunnews.com,Page,N/A,N/A,style.tribunnews.com/2017/06/17/wow-upgrade-payudaranya-gisella-anastasya-semakin-berani-tanpa-gunakan-bra-bleber,No,Adult: Sexual content,Restricted ad serving,ca-pub-7784034061253020,7,2025-02-14,2025-02-14
style.tribunnews.com,Page,N/A,N/A,style.tribunnews.com/2017/03/16/pamer-body-ramping-mulus-dengan-posisi-begini-shandy-aulia-bikin-netizen-deg-degan,Yes,Site Behavior: Navigation,Restricted ad serving,ca-pub-7784034061253020,7,2025-02-15,2025-02-15
pontianak.tribunnews.com,Page,N/A,N/A,pontianak.tribunnews.com/2017/11/06/tawar-menawar-dengan-psk-di-jakarta-segini-untuk-tarif-long-time,Yes,Site Behavior: Navigation,Restricted ad serving,ca-pub-7784034061253020,7,2025-02-15,2025-02-15
pontianak.tribunnews.com,Page,N/A,N/A,pontianak.tribunnews.com/2017/11/03/prostitusi-online-di-singkawang-terungkap-mucikari-beberkan-identitas-pelanggan-hingga-tarif,No,Adult: Sexual content,Restricted ad serving,ca-pub-7784034061253020,7,2025-02-15,2025-02-15
pekanbaru.tribunnews.com,Page,N/A,N/A,pekanbaru.tribunnews.com/tag/film-bokeh-2017,Yes,Google-served ads on screens without publisher-content,Restricted ad serving,ca-pub-7784034061253020,7,2025-02-13,2025-02-15
pekanbaru.tribunnews.com,Page,N/A,N/A,pekanbaru.tribunnews.com/2023/05/31/nonton-film-love-2015-sub-indo-full-movie-menjadi-film-yang-masih-banyak-dicari,No,Google-served ads obscuring content,Restricted ad serving,ca-pub-7784034061253020,7,2025-02-15,2025-02-15
pekanbaru.tribunnews.com,Page,N/A,N/A,pekanbaru.tribunnews.com/2017/02/21/video-mengerikan-detik-detik-arwah-korban-kecelakaan-keluar-dan-terekam-kamera,No,Shocking content,Restricted ad serving,ca-pub-7784034061253020,7,2025-02-14,2025-02-14
palembang.tribunnews.com,Page,N/A,N/A,palembang.tribunnews.com/2017/10/27/gila-2-versi-video-mesum-durasi-5-menit-itu-masuk-situs-porno-dan-duduki-top-rank-ini-5-faktanya,No,Adult: Sexual content,Restricted ad serving,ca-pub-7784034061253020,7,2025-02-10,2025-02-14
palembang.tribunnews.com,Page,N/A,N/A,palembang.tribunnews.com/2017/04/17/astaga-video-petualangan-seks-bule-di-bali-dengan-gadis-china-dan-58-wanita-indonesia-beredar,No,Adult: Sexual content,Restricted ad serving,ca-pub-7784034061253020,7,2025-02-14,2025-02-14
medan.tribunnews.com,Page,N/A,N/A,medan.tribunnews.com/2024/04/16/viral-lagi-kasus-carok-madura-imam-ditemukan-terkapar-di-rumput-niat-ingin-pulang-ke-rumah-istri,No,Shocking content,Restricted ad serving,ca-pub-7784034061253020,7,2025-02-14,2025-02-14
medan.tribunnews.com,Page,N/A,N/A,medan.tribunnews.com/2017/05/24/viral-video-pria-berseragam-loreng-pecut-dan-tendangi-pria-diduga-anggota-gangster,Yes,Site Behavior: Navigation,Restricted ad serving,ca-pub-7784034061253020,7,2025-02-12,2025-02-16
medan.tribunnews.com,Page,N/A,N/A,medan.tribunnews.com/2015/07/25/darah-belut-cara-psk-china-kelabui-pelanggan-dan-naikkan-tarif,No,Adult: Sexual content,Restricted ad serving,ca-pub-7784034061253020,7,2025-02-14,2025-02-14
manado.tribunnews.com,Page,N/A,N/A,manado.tribunnews.com/2021/04/07/viral-ayah-serang-anak-gadisnya-pakai-parang-dihalangi-adik-korban-minta-netizen-sebar-videonya,Yes,Ads Disguised as Content,Restricted ad serving,ca-pub-7784034061253020,7,2025-02-16,2025-02-16
manado.tribunnews.com,Page,N/A,N/A,manado.tribunnews.com/2021/03/29/sering-ejek-rudi-jualan-dibilang-busuk-ibu-rumah-tangga-ditemukan-tewas-tanpa-busana-di-kebun,No,Shocking content,Restricted ad serving,ca-pub-7784034061253020,7,2025-02-16,2025-02-16
manado.tribunnews.com,Page,N/A,N/A,manado.tribunnews.com/2018/04/20/terobsesi-pornografi-dan-jadi-hyper-seks-bertahun-tahun-hidup-wanita-ini-berubah-di-bali,No,Adult: Sexual content,Restricted ad serving,ca-pub-7784034061253020,7,2025-02-16,2025-02-16
makassar.tribunnews.com,Page,N/A,N/A,makassar.tribunnews.com/2021/11/23/kenal-di-facebook-janda-2-anak-nekat-ke-jambi-sewa-hotel-4-hari-untuk-hubungan-badan-dengan-remaja,Yes,Google-served ads obscuring content;Modified Javascript: Ads by Google size,Restricted ad serving,ca-pub-7784034061253020,7,2025-02-15,2025-02-15
makassar.tribunnews.com,Page,N/A,N/A,makassar.tribunnews.com/2021/05/04/senangnya-wanita-penghibur-saat-dipanggil-pelanggan-muda-setelah-main-malah-alami-hal-tak-terduga,Yes,Ads Disguised as Content,Restricted ad serving,ca-pub-7784034061253020,7,2025-02-12,2025-02-15
makassar.tribunnews.com,Page,N/A,N/A,makassar.tribunnews.com/2017/07/28/video-dan-8ciri-ciri-pemuda-bugil-toraja-yang-bikin-heboh-warga-rantepao,Yes,Site Behavior: Navigation,Restricted ad serving,ca-pub-7784034061253020,7,2025-02-12,2025-02-15
m.tribunnews.com,Page,N/A,N/A,m.tribunnews.com/tag/video-porno-madura,Yes,Google-served ads on screens without publisher-content,Restricted ad serving,ca-pub-7784034061253020,7,2025-02-10,2025-02-15
lampung.tribunnews.com,Page,N/A,N/A,lampung.tribunnews.com/2017/11/07/daftar-artis-indonesia-yang-blakblakan-lepas-keperawanan-yang-ini-ngaku-sudah-sejak-sekolah,No,Adult: Sexual content,Restricted ad serving,ca-pub-7784034061253020,7,2025-02-13,2025-02-15
lampung.tribunnews.com,Page,N/A,N/A,lampung.tribunnews.com/2017/11/01/mengenaskan-wanita-ini-dimutilasi-dan-tubuhnya-dijadikan-boneka-seks-ternyata-pelakunya,No,Adult: Sexual content,Restricted ad serving,ca-pub-7784034061253020,7,2025-02-14,2025-02-14
lampung.tribunnews.com,Page,N/A,N/A,lampung.tribunnews.com/2015/02/25/cina-tonton-porno-jepang-setiap-minggu-catat-adegan-demi-adegan,No,Adult: Sexual content,Restricted ad serving,ca-pub-7784034061253020,7,2025-02-13,2025-02-16
kupang.tribunnews.com,Page,N/A,N/A,kupang.tribunnews.com/2020/11/11/video-mesum-mirip-gisella-anastasia-viral-onad-yakin-itu-mantan-istri-gading-marten-lalu-kenapa,No,Google-served ads obscuring content,Restricted ad serving,ca-pub-7784034061253020,7,2025-02-14,2025-02-14
kupang.tribunnews.com,Page,N/A,N/A,kupang.tribunnews.com/2019/12/06/edan-ibu-guru-cantik-berhubungan-badan-dengan-5-siswanya-video-mesumnya-beredar-di-situs-dewasa,No,Adult: Sexual content,Restricted ad serving,ca-pub-7784034061253020,7,2025-02-14,2025-02-15
kupang.tribunnews.com,Page,N/A,N/A,kupang.tribunnews.com/2019/09/15/7-artis-seksi-ini-pernah-terlibat-prostitusi-online-tarifnya-25-80-juta-nomor-3-kawin-cerai-anak-3,No,Adult: Sexual content,Restricted ad serving,ca-pub-7784034061253020,7,2025-02-14,2025-02-14
kupang.tribunnews.com,Page,N/A,N/A,kupang.tribunnews.com/2019/04/06/guys-wanita-dengan-10-ciri-ini-ternyata-punya-libido-yang-sangat-tinggi-salah-satunya-agresif,No,Adult: Sexual content,Restricted ad serving,ca-pub-7784034061253020,7,2025-02-15,2025-02-15
kaltim.tribunnews.com,Page,N/A,N/A,kaltim.tribunnews.com/2016/05/16/ini-kronologis-tewasnya-wanita-dengan-cangkul-di-kemaluan,No,Shocking content,Restricted ad serving,ca-pub-7784034061253020,7,2025-02-14,2025-02-14
jogja.tribunnews.com,Page,N/A,N/A,jogja.tribunnews.com/2017/11/17/usianya-lebih-dari-setengah-abad-tapi-nenek-ini-miliki-tubuh-kekar-dan-seksi,No,Adult: Sexual content,Restricted ad serving,ca-pub-7784034061253020,7,2025-02-14,2025-02-14
jatim.tribunnews.com,Page,N/A,N/A,jatim.tribunnews.com/2017/04/02/situs-sebar-video-mesum-antar-tentara-terungkap-permainan-dalam-situs-bikin-geleng-kepala,Yes,Google-served ads obscuring content;Modified Javascript: Ads by Google size,Restricted ad serving,ca-pub-7784034061253020,7,2025-02-10,2025-02-14
jateng.tribunnews.com,Page,N/A,N/A,jateng.tribunnews.com/2016/02/11/biar-istri-bisa-orgasme-berkali-kali-cobalah-suami-lakukan-ini,No,Adult: Sexual content,Restricted ad serving,ca-pub-7784034061253020,7,2025-02-15,2025-02-15
jambi.tribunnews.com,Page,N/A,N/A,jambi.tribunnews.com/2020/11/07/video-blak-blakan-kakek-sugiono-bongkar-rahasia-lawan-main-ketagihan-telur-dikonsumsi-cara-ini,Yes,Ads Disguised as Content,Restricted ad serving,ca-pub-7784034061253020,7,2025-02-10,2025-02-15
jambi.tribunnews.com,Page,N/A,N/A,jambi.tribunnews.com/2018/06/17/apa-dampak-pada-suami-jika-istri-sering-menolak-berhubungan,No,Adult: Sexual content,Restricted ad serving,ca-pub-7784034061253020,7,2025-02-12,2025-02-14
jambi.tribunnews.com,Page,N/A,N/A,jambi.tribunnews.com/2018/06/03/perbesar-alat-vital-ikuti-3-cara-alami-ini-untuk-memperbesar-alat-vital,No,Adult: Sexual content,Restricted ad serving,ca-pub-7784034061253020,7,2025-02-13,2025-02-14
jambi.tribunnews.com,Page,N/A,N/A,jambi.tribunnews.com/2018/04/21/wanita-yang-doyan-berhubungan-dapat-dikenali-melalui-11-tanda-ini-duh-no-7-cowok-paling-suka,No,Adult: Sexual content,Restricted ad serving,ca-pub-7784034061253020,7,2025-02-11,2025-02-15
jambi.tribunnews.com,Page,N/A,N/A,jambi.tribunnews.com/2017/08/08/liburan-cabul-ala-tante-tante-kaya-incar-pria-pengungsi-dan-tanggung-biaya-hidup-dengan-syarat,No,Adult: Sexual content,Restricted ad serving,ca-pub-7784034061253020,7,2025-02-10,2025-02-15
jambi.tribunnews.com,Page,N/A,N/A,jambi.tribunnews.com/2014/12/22/gadis-ini-menjuarai-penghargaan-payudara-terbesar,No,Adult: Sexual content,Restricted ad serving,ca-pub-7784034061253020,7,2025-02-14,2025-02-14
belitung.tribunnews.com,Page,N/A,N/A,belitung.tribunnews.com/2017/10/02/mama-muda-ini-diam-saja-saat-dukun-urut-remas-dadanya-begini-reaksinya-saat-diraba-kemaluannya,No,Adult: Sexual content,Restricted ad serving,ca-pub-7784034061253020,7,2025-02-12,2025-02-14
belitung.tribunnews.com,Page,N/A,N/A,belitung.tribunnews.com/2017/03/07/wanita-coba-tidur-tanpa-celana-dalam-miss-v-anda-akan-mengalami-ini,No,Shocking content,Restricted ad serving,ca-pub-7784034061253020,7,2025-02-14,2025-02-15
bekasi.tribunnews.com,Page,N/A,N/A,bekasi.tribunnews.com/2022/10/23/kumpulan-film-korea-terbaru-2022-cocok-disaksikan-untuk-pasangan-yang-baru-menikah-khusus-dewasa,Yes,Ads Disguised as Content,Restricted ad serving,ca-pub-7784034061253020,7,2025-02-15,2025-02-15
batam.tribunnews.com,Page,N/A,N/A,batam.tribunnews.com/2021/02/16/maria-ozawa-miyabi-ungkap-kesulitan-yang-dirasakan-wanita-saat-terjun-ke-industri-film-dewasa,Yes,Ads Disguised as Content,Restricted ad serving,ca-pub-7784034061253020,7,2025-02-11,2025-02-15
bangka.tribunnews.com,Page,N/A,N/A,bangka.tribunnews.com/amp/2022/08/09/kisah-istri-selingkuh-terekam-sedang-berhubungan-suami-istri-dengan-tukang-pijat-di-dalam-mobil,Yes,Encouraging accidental clicks: Layout,Restricted ad serving,ca-pub-7784034061253020,7,2025-02-10,2025-02-15
bangka.tribunnews.com,Page,N/A,N/A,bangka.tribunnews.com/2019/08/23/ayam-kampus-ungkap-cara-kerja-tarif-hingga-pilih-pelanggan-ternyata-seperti-ini,No,Adult: Sexual content,Restricted ad serving,ca-pub-7784034061253020,7,2025-02-12,2025-02-14
bangka.tribunnews.com,Page,N/A,N/A,bangka.tribunnews.com/2018/04/07/5-aktris-cantik-ini-disebut-sebut-miliki-bibir-seksi-nomor-4-sensual-banget,Yes,Adult: Sexual content;Site Behavior: Navigation,Restricted ad serving,ca-pub-7784034061253020,7,2025-02-12,2025-02-15
bangka.tribunnews.com,Page,N/A,N/A,bangka.tribunnews.com/2018/02/17/14-kelainan-fisik-anak-akibat-pernikahan-sedarah-kepala-memanjang-hingga-jari-jari-tangan-menyatu,Yes,Site Behavior: Navigation,Restricted ad serving,ca-pub-7784034061253020,7,2025-02-12,2025-02-15
bangka.tribunnews.com,Page,N/A,N/A,bangka.tribunnews.com/2018/01/18/video-pak-kades-kasih-nafas-buatan-viral-warganet-kok-berani-mesum-di-depan-orang,No,Adult: Sexual content,Restricted ad serving,ca-pub-7784034061253020,7,2025-02-16,2025-02-16
bangka.tribunnews.com,Page,N/A,N/A,bangka.tribunnews.com/2017/08/17/ritual-aneh-tanpa-busana-orang-orang-ini-lumuri-tubuh-dengan-lumpur-lalu-berhubungan-intim,No,Adult: Sexual content,Restricted ad serving,ca-pub-7784034061253020,7,2025-02-10,2025-02-15
bangka.tribunnews.com,Page,N/A,N/A,bangka.tribunnews.com/2017/07/30/inilah-yang-terjadi-jika-sang-istri-lama-tak-dibelai-suaminya,No,Adult: Sexual content,Restricted ad serving,ca-pub-7784034061253020,7,2025-02-14,2025-02-14
bangka.tribunnews.com,Page,N/A,N/A,bangka.tribunnews.com/2017/02/15/benar-benar-edan-mama-muda-ini-bikin-film-porno-sendiri-dengan-bayinya-yang-berusia-3-bulan,No,Adult: Sexual content,Restricted ad serving,ca-pub-7784034061253020,7,2025-02-10,2025-02-15
bangka.tribunnews.com,Page,N/A,N/A,bangka.tribunnews.com/2016/07/14/inilah-artis-film-blue-yang-terlibat-cinlok-hingga-akhirnya-menikah,Yes,Ads Disguised as Content,Restricted ad serving,ca-pub-7784034061253020,7,2025-02-13,2025-02-15
bangka.tribunnews.com,Page,N/A,N/A,bangka.tribunnews.com/2016/05/30/wanita-cantik-buruh-pabrik-wig-tewas-tragis-tanpa-busana-diduga-dirampok-dan-diperkosa,No,Shocking content,Restricted ad serving,ca-pub-7784034061253020,7,2025-02-16,2025-02-16
bali.tribunnews.com,Page,N/A,N/A,bali.tribunnews.com/2019/02/13/cokelat-bentuk-mr-p-laris-manis-jelang-valentine-made-wira-astika-sampai-kelabakan-layani-pemesan,No,Adult: Sexual content,Restricted ad serving,ca-pub-7784034061253020,7,2025-02-14,2025-02-14
bali.tribunnews.com,Page,N/A,N/A,bali.tribunnews.com/2017/06/23/kakek-sugiono-82-tahun-tetap-gagah-hadapi-gadis-muda-di-ranjang-ini-rahasianya,No,Adult: Sexual content,Restricted ad serving,ca-pub-7784034061253020,7,2025-02-10,2025-02-15
aceh.tribunnews.com,Page,N/A,N/A,aceh.tribunnews.com/2020/07/28/kisah-wanita-ingin-tobat-dari-prostitusi-jual-diri-sejak-kuliah-pernah-diajak-nikah-pria-beristri,Yes,Ads Disguised as Content,Restricted ad serving,ca-pub-7784034061253020,7,2025-02-14,2025-02-14
www.tribunnews.com,Page,N/A,N/A,www.tribunnews.com/seleb/2021/11/22/sinopsis-in-the-blood-aksi-seorang-istri-mencari-suaminya-yang-hilang-tayang-malam-ini-di-trans-tv,Yes,Encouraging accidental clicks: Layout;Google-served ads obscuring content,Restricted ad serving,ca-pub-7784034061253020,6,2025-02-14,2025-02-15
www.tribunnews.com,Page,N/A,N/A,www.tribunnews.com/regional/2022/01/12/video-pelajar-sma-berhubungan-intim-gegerkan-nusa-tenggara-barat,Yes,Ads Disguised as Content,Restricted ad serving,ca-pub-7784034061253020,6,2025-02-11,2025-02-14
www.tribunnews.com,Page,N/A,N/A,www.tribunnews.com/regional/2019/11/08/cerita-ibu-guru-saat-ajak-muridnya-berhubungan-intim-bertiga-di-kamar-kos-awalnya-disuruh-nonton,No,Adult: Sexual content,Restricted ad serving,ca-pub-7784034061253020,6,2025-02-10,2025-02-14
www.tribunnews.com,Page,N/A,N/A,www.tribunnews.com/regional/2019/04/25/fakta-fakta-terbaru-video-viral-dua-abg-bali-berhubungan-intim-di-mobil,No,Adult: Sexual content,Restricted ad serving,ca-pub-7784034061253020,6,2025-02-11,2025-02-15
www.tribunnews.com,Page,N/A,N/A,www.tribunnews.com/regional/2018/01/10/kisah-cinta-terlarang-wanita-bercadar-dan-pembunuhnya-sampai-kepergok-suami-berkali-kali,No,Shocking content,Restricted ad serving,ca-pub-7784034061253020,6,2025-02-15,2025-02-15
www.tribunnews.com,Page,N/A,N/A,www.tribunnews.com/nasional/2017/10/26/tragis-pegawai-bni-siantar-tewas-dibegal-dengan-kepala-terseret-di-aspal-ini-5-fakta-kejadiannya,No,Shocking content,Restricted ad serving,ca-pub-7784034061253020,6,2025-02-15,2025-02-15
www.tribunnews.com,Page,N/A,N/A,www.tribunnews.com/lifestyle/2010/04/28/kecil-tak-masalah-yang-penting-keras-dan-tahan-lama,No,Adult: Sexual content,Restricted ad serving,ca-pub-7784034061253020,6,2025-02-14,2025-02-15
www.tribunnews.com,Page,N/A,N/A,www.tribunnews.com/kesehatan/2012/09/27/hubungan-seksual-pertama-kali-umumnya-pada-umur-23-tahun,No,Adult: Sexual content,Restricted ad serving,ca-pub-7784034061253020,6,2025-02-13,2025-02-14
www.tribunnews.com,Page,N/A,N/A,www.tribunnews.com/internasional/2017/12/05/cerita-brian-seorang-perjaka-yang-nekat-mengumpulkan-koin-demi-merasakan-kenikmatan-di-pulau-seks,Yes,Site Behavior: Navigation,Restricted ad serving,ca-pub-7784034061253020,6,2025-02-14,2025-02-14
www.tribunnews.com,Page,N/A,N/A,www.tribunnews.com/internasional/2017/07/19/pria-dengan-mr-p-terbesar-di-dunia-bukannya-bangga-malah-alami-cerita-sedih,No,Adult: Sexual content,Restricted ad serving,ca-pub-7784034061253020,6,2025-02-11,2025-02-14
wartakota.tribunnews.com,Page,N/A,N/A,wartakota.tribunnews.com/2015/08/30/alat-kelamin-pria-ini-panjangnya-50-sentimeter,No,Shocking content,Restricted ad serving,ca-pub-7784034061253020,6,2025-02-10,2025-02-15
travel.tribunnews.com,Page,N/A,N/A,travel.tribunnews.com/2021/02/14/travel-update-omah-latare-ombo-kafe-instagramable-dengan-pemandangan-pegunungan-di-kopeng,Yes,Content obscuring Google-served ads;Encouraging accidental clicks: Layout,Restricted ad serving,ca-pub-7784034061253020,6,2025-02-14,2025-02-14
travel.tribunnews.com,Page,N/A,N/A,travel.tribunnews.com/2018/09/12/kondom-punya-fungsi-tak-biasa-di-kuba-ada-yang-dipakai-jadin-alat-pemancing-sampai-kucir-rambut,No,Adult: Sexual content,Restricted ad serving,ca-pub-7784034061253020,6,2025-02-14,2025-02-14
sumsel.tribunnews.com,Page,N/A,N/A,sumsel.tribunnews.com/2014/08/07/video-sejumlah-orang-bugil-di-pantai-penang-hebohkan-malaysia,No,Adult: Sexual content,Restricted ad serving,ca-pub-7784034061253020,6,2025-02-13,2025-02-16
pontianak.tribunnews.com,Page,N/A,N/A,pontianak.tribunnews.com/2016/08/27/video-begini-cara-memuaskan-suami-saat-haid-menurut-islam,Yes,Adult: Sexual content;Site Behavior: Navigation,Restricted ad serving,ca-pub-7784034061253020,6,2025-02-16,2025-02-16
pekanbaru.tribunnews.com,Page,N/A,N/A,pekanbaru.tribunnews.com/2021/12/22/inilah-seleb-bigo-yang-kerap-tampil-seksi-super-menggoda-dirampok-dan-ditikam-teman-sendiri,Yes,Ads Disguised as Content,Restricted ad serving,ca-pub-7784034061253020,6,2025-02-12,2025-02-15
palembang.tribunnews.com,Page,N/A,N/A,palembang.tribunnews.com/amp/2017/12/06/kenapa-harus-malu6-artis-cantik-ini-buka-bukaan-suka-main-pake-seky-toys-no-5-bikin-serem,No,Adult: Sexual content,Restricted ad serving,ca-pub-7784034061253020,6,2025-02-14,2025-02-15
medan.tribunnews.com,Page,N/A,N/A,medan.tribunnews.com/amp/2019/08/15/trending-topik-link-video-seks-vina-garut-sang-biduan-cantik-berusia-19-tahun-dengan-tiga-pria,No,Adult: Sexual content,Restricted ad serving,ca-pub-7784034061253020,6,2025-02-11,2025-02-14
medan.tribunnews.com,Page,N/A,N/A,medan.tribunnews.com/2022/11/22/rambo-sembiring-saling-tikam-dengan-kartonodi-surbakti-satu-orang-tewas-polisi-masih-dalami-motif,No,Shocking content,Restricted ad serving,ca-pub-7784034061253020,6,2025-02-14,2025-02-14
medan.tribunnews.com,Page,N/A,N/A,medan.tribunnews.com/2020/07/01/foto-foto-panas-ri-sol-ju-istri-sang-kim-jong-un-disebar-pembelot-dulu-disebut-pemain-film-dewasa,No,Shocking content,Restricted ad serving,ca-pub-7784034061253020,6,2025-02-15,2025-02-15
medan.tribunnews.com,Page,N/A,N/A,medan.tribunnews.com/2019/10/29/viral-video-gadis-remaja-16-tahun-diikat-dan-dipukuli-sejumlah-warga,Yes,Ads Disguised as Content,Restricted ad serving,ca-pub-7784034061253020,6,2025-02-16,2025-02-16
makassar.tribunnews.com,Page,N/A,N/A,makassar.tribunnews.com/tag/jual-keperawanan,No,Adult: Sexual content,Restricted ad serving,ca-pub-7784034061253020,6,2025-02-12,2025-02-15
makassar.tribunnews.com,Page,N/A,N/A,makassar.tribunnews.com/2020/06/11/hadirkan-pilihan-film-dewasa-dan-film-anak-ini-18-nonton-film-bioskop-online-mirip-indoxxi,Yes,Ads Disguised as Content,Restricted ad serving,ca-pub-7784034061253020,6,2025-02-14,2025-02-14
makassar.tribunnews.com,Page,N/A,N/A,makassar.tribunnews.com/2019/08/27/video-nikita-mirzani-lagi-mandi-dan-vanessa-angel-bikin-panas-netizen-foto-gisel-tak-kalah-hot,No,Shocking content,Restricted ad serving,ca-pub-7784034061253020,6,2025-02-12,2025-02-16
makassar.tribunnews.com,Page,N/A,N/A,makassar.tribunnews.com/2018/11/22/6-fakta-video-panas-siswi-sma-viral-di-medsos-tersebar-2-link-video-hingga-ditonton-di-depan-kelas,No,Google-served ads obscuring content,Restricted ad serving,ca-pub-7784034061253020,6,2025-02-15,2025-02-15
makassar.tribunnews.com,Page,N/A,N/A,makassar.tribunnews.com/2015/11/30/gadis-ini-menang-kontes-payudara-terindah-lihat-foto-fotonya,No,Adult: Sexual content,Restricted ad serving,ca-pub-7784034061253020,6,2025-02-10,2025-02-15
makassar.tribunnews.com,Page,N/A,N/A,makassar.tribunnews.com/2014/03/28/seksolog-masturbasi-sama-dengan-hubungan-seksual,No,Adult: Sexual content,Restricted ad serving,ca-pub-7784034061253020,6,2025-02-14,2025-02-15
m.tribunnews.com,Page,N/A,N/A,m.tribunnews.com/tag/polda-jatim,No,Adult: Sexual content,Restricted ad serving,ca-pub-7784034061253020,6,2025-02-14,2025-02-14
lampung.tribunnews.com,Page,N/A,N/A,lampung.tribunnews.com/2017/12/14/punya-pasangan-tapi-mimpi-bercinta-dengan-bos-atau-selingkuhan-ini-maknanya,No,Adult: Sexual content,Restricted ad serving,ca-pub-7784034061253020,6,2025-02-15,2025-02-15
kupang.tribunnews.com,Page,N/A,N/A,kupang.tribunnews.com/2014/12/01/raba-bagian-ini-pasangan-wanita-anda-terbang-ke-langit-tujuh,No,Adult: Sexual content;Shocking content,Restricted ad serving,ca-pub-7784034061253020,6,2025-02-16,2025-02-16
jogja.tribunnews.com,Page,N/A,N/A,jogja.tribunnews.com/tag/arti-mimpi-perjudian,Yes,Google-served ads on screens without publisher-content,Restricted ad serving,ca-pub-7784034061253020,6,2025-02-14,2025-02-14
jatim.tribunnews.com,Page,N/A,N/A,jatim.tribunnews.com/2021/06/26/sikap-ibu-citra-kirana-di-tengah-isu-rezky-aditya-hamili-w-curhatan-dibalas-ciki-erica-putri-luv,No,Adult: Sexual content,Restricted ad serving,ca-pub-7784034061253020,6,2025-02-15,2025-02-15
jatim.tribunnews.com,Page,N/A,N/A,jatim.tribunnews.com/2020/01/06/warga-sidokapasan-surabaya-geger-seorang-pria-berkelahi-lawan-9-orang-saling-bawa-sajam,No,Google-served ads obscuring content,Restricted ad serving,ca-pub-7784034061253020,6,2025-02-15,2025-02-15
jatim.tribunnews.com,Page,N/A,N/A,jatim.tribunnews.com/2017/11/06/wow-5-artis-indonesia-jujur-soal-masturbasi-dan-keperawanan-ada-yang-ngaku-sudah-sejak-sekolah,No,Adult: Sexual content,Restricted ad serving,ca-pub-7784034061253020,6,2025-02-14,2025-02-14
jateng.tribunnews.com,Page,N/A,N/A,jateng.tribunnews.com/2017/02/22/gila-pasangan-ini-bercinta-di-atas-motor-yang-berjalan-kencang-videonya-viral,No,Adult: Sexual content,Restricted ad serving,ca-pub-7784034061253020,6,2025-02-14,2025-02-14
jambi.tribunnews.com,Page,N/A,N/A,jambi.tribunnews.com/2018/07/30/apakah-pemain-film-panas-wanita-benar-benar-orgasme-saat-syuting,No,Adult: Sexual content,Restricted ad serving,ca-pub-7784034061253020,6,2025-02-14,2025-02-14
jambi.tribunnews.com,Page,N/A,N/A,jambi.tribunnews.com/2018/02/14/pilih-gunakan-alat-bantu-seks-awalnya-geli-namun-lama-lama-ini-yang-dewi-rasakan,No,Adult: Sexual content,Restricted ad serving,ca-pub-7784034061253020,6,2025-02-15,2025-02-15
jakarta.tribunnews.com,Page,N/A,N/A,jakarta.tribunnews.com/2018/10/08/gambaru-point-tempat-cuci-kendaraan-eksklusif-sambil-ngopi-dan-potong-rambut-ini-daftar-harganya,Yes,Site Behavior: Navigation,Restricted ad serving,ca-pub-7784034061253020,6,2025-02-14,2025-02-14
bogor.tribunnews.com,Page,N/A,N/A,bogor.tribunnews.com/2020/09/14/tafsir-mimpi-berhubungan-badan-ini-artinya-bagi-wanita,No,Google-served ads obscuring content,Restricted ad serving,ca-pub-7784034061253020,6,2025-02-15,2025-02-15
bogor.tribunnews.com,Page,N/A,N/A,bogor.tribunnews.com/2017/04/20/video-abg-mesum-di-warnet-ini-bikin-geleng-geleng-kepala-sampai-buka-rok-dan-lakukan-ini,No,Shocking content,Restricted ad serving,ca-pub-7784034061253020,6,2025-02-13,2025-02-14
belitung.tribunnews.com,Page,N/A,N/A,belitung.tribunnews.com/2018/10/08/lagi-viral-jasa-bersih-bersih-rumah-sambil-telanjang-gajinya-besar-mau-coba,No,Adult: Sexual content,Restricted ad serving,ca-pub-7784034061253020,6,2025-02-15,2025-02-15
batam.tribunnews.com,Page,N/A,N/A,batam.tribunnews.com/2016/11/30/tim-razia-temukan-bungkus-kondom-bekas-di-satu-ruangan-massage,No,Adult: Sexual content;Shocking content,Restricted ad serving,ca-pub-7784034061253020,6,2025-02-14,2025-02-14
banten.tribunnews.com,Page,N/A,N/A,banten.tribunnews.com/2021/05/23/kesal-dimarahi-anak-buah-bunuh-bosnya-di-tempat-kerja-lalu-minum-di-samping-jasad-korban,No,Shocking content,Restricted ad serving,ca-pub-7784034061253020,6,2025-02-14,2025-02-14
banjarmasin.tribunnews.com,Page,N/A,N/A,banjarmasin.tribunnews.com/2018/04/02/astaga-cewek-kakak-adik-kompak-mesum-di-hotel-bareng-pacar-salah-satunya-di-bawah-umur,No,Shocking content,Restricted ad serving,ca-pub-7784034061253020,6,2025-02-15,2025-02-15
bangka.tribunnews.com,Page,N/A,N/A,bangka.tribunnews.com/2016/05/29/8-adegan-seks-yang-jarang-terjadi-di-kehidupan-nyata,No,Adult: Sexual content,Restricted ad serving,ca-pub-7784034061253020,6,2025-02-12,2025-02-14
aceh.tribunnews.com,Page,N/A,N/A,aceh.tribunnews.com/2020/11/07/gisella-anastasia-tanggapi-warganet-soal-kamarnya-yang-juga-disebut-mirip-lokasi-video-syur-itu,Yes,Ads Disguised as Content,Restricted ad serving,ca-pub-7784034061253020,6,2025-02-13,2025-02-15
aceh.tribunnews.com,Page,N/A,N/A,aceh.tribunnews.com/2019/11/20/mia-khalifa-ngaku-dijebak-masuk-industri-film-panas-bertaubat-setelah-mendapat-ancaman-dari-isis,No,Adult: Sexual content,Restricted ad serving,ca-pub-7784034061253020,6,2025-02-10,2025-02-16
www.tribunnews.com,Page,N/A,N/A,www.tribunnews.com/tribunners/2017/05/17/durex-kini-luncurkan-kondom-tertipis,No,Adult: Sexual content,Restricted ad serving,ca-pub-7784034061253020,5,2025-02-13,2025-02-15
www.tribunnews.com,Page,N/A,N/A,www.tribunnews.com/regional/2019/12/10/cerita-lengkap-janda-di-madura-bikin-video-saat-sedang-telanjang-di-kamar-direkam-pakai-hp,No,Adult: Sexual content,Restricted ad serving,ca-pub-7784034061253020,5,2025-02-14,2025-02-15
www.tribunnews.com,Page,N/A,N/A,www.tribunnews.com/regional/2019/03/21/modus-pemerasan-wanita-cantik-ngajak-kencan-saat-mau-hubungan-intim-temannya-pura-pura-menggrebek,No,Adult: Sexual content,Restricted ad serving,ca-pub-7784034061253020,5,2025-02-15,2025-02-15
www.tribunnews.com,Page,N/A,N/A,www.tribunnews.com/regional/2016/10/22/tukang-pijat-ini-nekat-memasukkan-jarinya-ke-alat-vital-pasien-ini-alasannya,No,Adult: Sexual content,Restricted ad serving,ca-pub-7784034061253020,5,2025-02-14,2025-02-16
www.tribunnews.com,Page,N/A,N/A,www.tribunnews.com/regional/2015/04/18/mau-nginap-mas-short-time-apa-long-time,No,Adult: Sexual content,Restricted ad serving,ca-pub-7784034061253020,5,2025-02-15,2025-02-15
www.tribunnews.com,Page,N/A,N/A,www.tribunnews.com/regional/2012/10/10/pekerja-seks-komersil-tewas-di-kamar-hotel,No,Adult: Sexual content,Restricted ad serving,ca-pub-7784034061253020,5,2025-02-15,2025-02-15
www.tribunnews.com,Page,N/A,N/A,www.tribunnews.com/nasional/2015/05/11/ini-nama-nama-artis-dan-tarif-booking-binaan-mucikari-ra,No,Adult: Sexual content,Restricted ad serving,ca-pub-7784034061253020,5,2025-02-14,2025-02-14
www.tribunnews.com,Page,N/A,N/A,www.tribunnews.com/metropolitan/2023/06/21/kronologi-pria-di-depok-ditemukan-tewas-di-tengah-jalan-tubuhnya-penuh-dengan-luka-tusukan,No,Shocking content,Restricted ad serving,ca-pub-7784034061253020,5,2025-02-16,2025-02-16
www.tribunnews.com,Page,N/A,N/A,www.tribunnews.com/kesehatan/2015/12/13/benarkah-gairah-seks-meninggi-usai-makan-pedas,No,Adult: Sexual content,Restricted ad serving,ca-pub-7784034061253020,5,2025-02-16,2025-02-16
www.tribunnews.com,Page,N/A,N/A,www.tribunnews.com/internasional/2016/06/13/adik-kakak-jepang-nekad-mencuri-bra-dan-celana-dalam-wanita,No,Shocking content,Restricted ad serving,ca-pub-7784034061253020,5,2025-02-15,2025-02-15
wartakota.tribunnews.com,Page,N/A,N/A,wartakota.tribunnews.com/2021/11/01/terapi-dan-pengobatan-alat-vital-hj-mak-iyot-kini-hadir-di-jakarta,No,Adult: Sexual content,Restricted ad serving,ca-pub-7784034061253020,5,2025-02-16,2025-02-16
wartakota.tribunnews.com,Page,N/A,N/A,wartakota.tribunnews.com/2015/03/21/31-persen-remaja-ntt-lakukan-hubungan-seks-pranikah,No,Adult: Sexual content,Restricted ad serving,ca-pub-7784034061253020,5,2025-02-15,2025-02-15
wartakota.tribunnews.com,Page,N/A,N/A,wartakota.tribunnews.com/2014/04/09/sex-selfie-kini-makin-marak,No,Adult: Sexual content,Restricted ad serving,ca-pub-7784034061253020,5,2025-02-15,2025-02-15
sumsel.tribunnews.com,Page,N/A,N/A,sumsel.tribunnews.com/tag/payudara,No,Adult: Sexual content,Restricted ad serving,ca-pub-7784034061253020,5,2025-02-15,2025-02-15
sumsel.tribunnews.com,Page,N/A,N/A,sumsel.tribunnews.com/2021/02/03/breaking-news-bunuh-diri-di-ogan-ilir-ibu-histeris-peluk-jasad-anaknya-yang-tergantung,No,Shocking content,Restricted ad serving,ca-pub-7784034061253020,5,2025-02-16,2025-02-16
sumsel.tribunnews.com,Page,N/A,N/A,sumsel.tribunnews.com/2015/07/14/ini-cara-mengetes-cewek-yang-matre,Yes,Content obscuring Google-served ads;Encouraging accidental clicks: Layout;Google-served ads obscuring content,Restricted ad serving,ca-pub-7784034061253020,5,2025-02-15,2025-02-15
sumsel.tribunnews.com,Page,N/A,N/A,sumsel.tribunnews.com/2015/04/30/pelajar-dan-mahasiswa-di-palembang-suka-spa-vagina,No,Shocking content,Restricted ad serving,ca-pub-7784034061253020,5,2025-02-15,2025-02-15
sultra.tribunnews.com,Page,N/A,N/A,sultra.tribunnews.com/tag/lupa-matikan-live,Yes,Mislabeled Ads,Restricted ad serving,ca-pub-7784034061253020,5,2025-02-14,2025-02-14
pontianak.tribunnews.com,Page,N/A,N/A,pontianak.tribunnews.com/2016/05/24/pembalut-cewek-ini-diolesi-cabai-oleh-pacarnya-organ-intimnya-serasa-terbakar-dan-mau-copot,No,Shocking content,Restricted ad serving,ca-pub-7784034061253020,5,2025-02-14,2025-02-14
pontianak.tribunnews.com,Page,N/A,N/A,pontianak.tribunnews.com/2016/03/04/dunia-maya-geger-seorang-siswi-sd-posting-foto-telanjangnya-bersama-pacarnya-di-facebook,No,Google-served ads obscuring content,Restricted ad serving,ca-pub-7784034061253020,5,2025-02-14,2025-02-14
palembang.tribunnews.com,Page,N/A,N/A,palembang.tribunnews.com/2018/01/09/terkuak-video-tante-vs-bocah-ternyata-konsumennya-komunitas-pedofilia-hingga-dampak-ngeri-ini,No,Adult: Sexual content,Restricted ad serving,ca-pub-7784034061253020,5,2025-02-14,2025-02-14
medan.tribunnews.com,Page,N/A,N/A,medan.tribunnews.com/amp/2017/11/03/mudah-dan-cepat-ini-3-cara-alami-untuk-memperbesar-alat-vital,No,Adult: Sexual content,Restricted ad serving,ca-pub-7784034061253020,5,2025-02-14,2025-02-14
medan.tribunnews.com,Page,N/A,N/A,medan.tribunnews.com/2023/03/31/woe-tjat-foe-dibunuh-lalu-ditelanjangi-seluruh-uangnya-diambil-david-alias-ahan,No,Shocking content,Restricted ad serving,ca-pub-7784034061253020,5,2025-02-15,2025-02-15
medan.tribunnews.com,Page,N/A,N/A,medan.tribunnews.com/2021/10/04/penjaja-kenikmatan-tumbuh-subur-di-kabupaten-samosir-begini-modusnya-dalam-beraksi,Yes,Ads Disguised as Content,Restricted ad serving,ca-pub-7784034061253020,5,2025-02-15,2025-02-15
medan.tribunnews.com,Page,N/A,N/A,medan.tribunnews.com/2020/12/14/marindal-heboh-seorang-wanita-ditemukan-tewas-dengan-kondisi-mulut-dan-tangan-terikat,No,Shocking content,Restricted ad serving,ca-pub-7784034061253020,5,2025-02-15,2025-02-15
medan.tribunnews.com,Page,N/A,N/A,medan.tribunnews.com/2017/03/05/4-posisi-seks-ini-dijamin-membuat-wanita-anda-klepek-klepek-mau-coba-malam-ini,No,Adult: Sexual content,Restricted ad serving,ca-pub-7784034061253020,5,2025-02-15,2025-02-15
manado.tribunnews.com,Page,N/A,N/A,manado.tribunnews.com/tag/viral,Yes,Google-served ads on screens without publisher-content,Restricted ad serving,ca-pub-7784034061253020,5,2025-02-15,2025-02-15
manado.tribunnews.com,Page,N/A,N/A,manado.tribunnews.com/2018/02/15/ayam-putih-abu-abu-prostitusi-online-makin-marak-tawarkan-gadis-sma-transaksi-di-kos-kosan,Yes,Ads Disguised as Content,Restricted ad serving,ca-pub-7784034061253020,5,2025-02-16,2025-02-16
manado.tribunnews.com,Page,N/A,N/A,manado.tribunnews.com/2017/12/14/heboh-pengakuan-jujur-hana-annisa-terkait-video-mesum-dirinya,No,Adult: Sexual content,Restricted ad serving,ca-pub-7784034061253020,5,2025-02-16,2025-02-16
manado.tribunnews.com,Page,N/A,N/A,manado.tribunnews.com/2017/11/07/film-dewasa-7-kebohongan-adegan-intim-parahnya-terlanjur-dianggap-nyata,No,Adult: Sexual content,Restricted ad serving,ca-pub-7784034061253020,5,2025-02-15,2025-02-15
makassar.tribunnews.com,Page,N/A,N/A,makassar.tribunnews.com/2020/03/10/direkam-viral-video-2-bule-wanita-tanpa-busana-bersantai-di-depan-umum,No,Shocking content,Restricted ad serving,ca-pub-7784034061253020,5,2025-02-14,2025-02-15
makassar.tribunnews.com,Page,N/A,N/A,makassar.tribunnews.com/2019/09/09/untuk-pasutri-tak-disarankan-mencukur-habis-rambut-kemaluan-sebelum-hubungan-intim-ini-alasannya,No,Adult: Sexual content,Restricted ad serving,ca-pub-7784034061253020,5,2025-02-15,2025-02-15
makassar.tribunnews.com,Page,N/A,N/A,makassar.tribunnews.com/2019/01/03/brigpol-dewi-jurus-kompol-perdayai-bu-polwan-hingga-mau-kirim-foto-setengah-tanpa-busana,No,Content obscuring Google-served ads,Restricted ad serving,ca-pub-7784034061253020,5,2025-02-14,2025-02-14
m.tribunnews.com,Page,N/A,N/A,m.tribunnews.com/amp/kesehatan/2013/02/06/ini-kata-mereka-yang-pernah-mengonsumsi-permen-karet-cinta,No,Adult: Sexual content,Restricted ad serving,ca-pub-7784034061253020,5,2025-02-14,2025-02-14
lampung.tribunnews.com,Page,N/A,N/A,lampung.tribunnews.com/2019/09/27/12-tahun-jadipsk-wanita-ini-ungkap-fakta-mengejutkan-lewat-buku,No,Adult: Sexual content,Restricted ad serving,ca-pub-7784034061253020,5,2025-02-16,2025-02-16
lampung.tribunnews.com,Page,N/A,N/A,lampung.tribunnews.com/2017/12/12/pelakor-rekam-adegan-di-ranjang-bareng-suami-orang-videonya-dikirim-ke-istri-sah-yang-lagi-hamil,No,Adult: Sexual content,Restricted ad serving,ca-pub-7784034061253020,5,2025-02-15,2025-02-15
kupang.tribunnews.com,Page,N/A,N/A,kupang.tribunnews.com/amp/2019/06/30/ini-arti-mimpi-berhubungan-intim-sampai-orgasme,No,Adult: Sexual content,Restricted ad serving,ca-pub-7784034061253020,5,2025-02-16,2025-02-16
kupang.tribunnews.com,Page,N/A,N/A,kupang.tribunnews.com/amp/2018/06/23/video-air-di-mesin-cuci-keluar-terus-begini-cara-praktis-perbaikannya-gampang-loh,Yes,Site Behavior: Navigation,Restricted ad serving,ca-pub-7784034061253020,5,2025-02-13,2025-02-14
kupang.tribunnews.com,Page,N/A,N/A,kupang.tribunnews.com/2019/12/28/penis-pria-ini-digigit-saat-berhubungan-seks-begini-jadinya,No,Adult: Sexual content,Restricted ad serving,ca-pub-7784034061253020,5,2025-02-15,2025-02-15
kupang.tribunnews.com,Page,N/A,N/A,kupang.tribunnews.com/2019/11/20/nikita-mirzani-kembali-buat-ulahganti-bikini-di-kolam-renang-beberkan-terakhir-berhubungan-badan,No,Adult: Sexual content,Restricted ad serving,ca-pub-7784034061253020,5,2025-02-16,2025-02-16
kupang.tribunnews.com,Page,N/A,N/A,kupang.tribunnews.com/2019/09/14/kehidupan-dan-fantaay-seks-zodiak-aries-spontan-scorpio-liar-virgo-suka-jadi-budak,No,Adult: Sexual content,Restricted ad serving,ca-pub-7784034061253020,5,2025-02-14,2025-02-14
kupang.tribunnews.com,Page,N/A,N/A,kupang.tribunnews.com/2018/07/24/tak-perlu-obat-kuat-untuk-bertahan-lama-dalam-berhubungan-suami-istri-lakukan-hal-ini,No,Adult: Sexual content,Restricted ad serving,ca-pub-7784034061253020,5,2025-02-11,2025-02-14
kupang.tribunnews.com,Page,N/A,N/A,kupang.tribunnews.com/2018/01/24/di-jepang-ada-bantal-seks-mirip-anime-seksi-dan-nyaris-bugil-duh-bikin-susah-tidur,No,Adult: Sexual content,Restricted ad serving,ca-pub-7784034061253020,5,2025-02-12,2025-02-14
jogja.tribunnews.com,Page,N/A,N/A,jogja.tribunnews.com/2017/09/04/tak-disangka-4-bahan-alami-ini-bisa-digunakan-untuk-pelumas-bercinta-lho,No,Adult: Sexual content,Restricted ad serving,ca-pub-7784034061253020,5,2025-02-16,2025-02-16
jogja.tribunnews.com,Page,N/A,N/A,jogja.tribunnews.com/2017/02/21/pria-kesepian-ini-beli-7-boneka-seks-tapi-bukan-untuk-urusan-seksual,No,Adult: Sexual content,Restricted ad serving,ca-pub-7784034061253020,5,2025-02-14,2025-02-14
jateng.tribunnews.com,Page,N/A,N/A,jateng.tribunnews.com/2017/08/03/memilih-gaya-hidup-telanjang-ini-cerita-kaum-naturis-di-indonesia,No,Adult: Sexual content,Restricted ad serving,ca-pub-7784034061253020,5,2025-02-16,2025-02-16
jateng.tribunnews.com,Page,N/A,N/A,jateng.tribunnews.com/2016/05/30/bagaimana-rasanya-malam-pertama-hubungan-intim-pengantin-ini-ditonton-orang-banyak,No,Adult: Sexual content;Shocking content,Restricted ad serving,ca-pub-7784034061253020,5,2025-02-16,2025-02-16
jateng.tribunnews.com,Page,N/A,N/A,jateng.tribunnews.com/2016/02/23/inilah-daftar-12-negara-terbesar-di-dunia-yang-warganya-doyan-psk,No,Shocking content,Restricted ad serving,ca-pub-7784034061253020,5,2025-02-16,2025-02-16
jambi.tribunnews.com,Page,N/A,N/A,jambi.tribunnews.com/2017/11/14/layani-pria-hidung-belang-sampai-berteriak-psk-ini-tewas-dalam-kondisi-telanjang-ternyata,No,Shocking content,Restricted ad serving,ca-pub-7784034061253020,5,2025-02-15,2025-02-15
jakarta.tribunnews.com,Page,N/A,N/A,jakarta.tribunnews.com/2022/02/24/viral-tawuran-di-gang-sempit-kawasan-jatiasih-sekelompok-pemuda-petantang-petenteng-bawa-celurit,Yes,Ads Disguised as Content,Restricted ad serving,ca-pub-7784034061253020,5,2025-02-15,2025-02-15
cirebon.tribunnews.com,Page,N/A,N/A,cirebon.tribunnews.com/2019/11/20/terungkap-perbesar-alat-vital-di-mak-erot-ada-mantra-dan-doanya-kini-ada-satu-pewaris-yang-bisa,No,Shocking content,Restricted ad serving,ca-pub-7784034061253020,5,2025-02-14,2025-02-14
belitung.tribunnews.com,Page,N/A,N/A,belitung.tribunnews.com/2016/05/24/pria-ini-mendengar-wanita-mengerang-saat-berhenti-di-hutan-lalu-merekam-adegan-mesum-ini,No,Adult: Sexual content,Restricted ad serving,ca-pub-7784034061253020,5,2025-02-15,2025-02-15
belitung.tribunnews.com,Page,N/A,N/A,belitung.tribunnews.com/2015/09/10/gerah-dituding-payudara-palsu-artis-seksi-ini-jalani-tes-sinar-x,No,Adult: Sexual content,Restricted ad serving,ca-pub-7784034061253020,5,2025-02-14,2025-02-14
batam.tribunnews.com,Page,N/A,N/A,batam.tribunnews.com/2020/12/19/arti-mimpi-berhubungan-intim-dengan-pacar-ternyata-menjadi-pertanda-kurang-baik,No,Shocking content,Restricted ad serving,ca-pub-7784034061253020,5,2025-02-14,2025-02-14
bangka.tribunnews.com,Page,N/A,N/A,bangka.tribunnews.com/2021/11/02/model-seksi-fathbayy-mati-mati-jaga-keperawanannya-demi-jaga-prinsipnya-ini-pernah-ditawar-produser,Yes,Ads Disguised as Content,Restricted ad serving,ca-pub-7784034061253020,5,2025-02-14,2025-02-14
bangka.tribunnews.com,Page,N/A,N/A,bangka.tribunnews.com/2018/03/02/pantaskah-pria-menanyakan-keperawanan-pasangannya-menurutmu-bagaimana,No,Adult: Sexual content,Restricted ad serving,ca-pub-7784034061253020,5,2025-02-16,2025-02-16
bangka.tribunnews.com,Page,N/A,N/A,bangka.tribunnews.com/2018/01/18/siswi-sd-kecanduan-seks-saat-umur-3-tahun-ternyata-sudah-nonton-video-mesum,No,Adult: Sexual content,Restricted ad serving,ca-pub-7784034061253020,5,2025-02-16,2025-02-16
bangka.tribunnews.com,Page,N/A,N/A,bangka.tribunnews.com/2017/06/18/aksi-dua-wanita-buka-baju-di-depan-orang-bikin-geleng-geleng-kepala-ini-yang-dilakukannya,Yes,Site Behavior: Navigation,Restricted ad serving,ca-pub-7784034061253020,5,2025-02-15,2025-02-15
bangka.tribunnews.com,Page,N/A,N/A,bangka.tribunnews.com/2016/07/01/bikin-melongo-wanita-cantik-ini-lupa-nggak-pakai-celana-dalam-saat-belanja-di-mal,No,Adult: Sexual content,Restricted ad serving,ca-pub-7784034061253020,5,2025-02-13,2025-02-14
www.tribunnews.com,Page,N/A,N/A,www.tribunnews.com/travel/2015/11/22/akihabara-surga-belanja-video-games-gadget-komik-hingga-sex-toys-di-tokyo,No,Adult: Sexual content,Restricted ad serving,ca-pub-7784034061253020,4,2025-02-15,2025-02-15
www.tribunnews.com,Page,N/A,N/A,www.tribunnews.com/regional/2021/06/04/video-asusila-bule-dan-wni-di-bali-wna-nya-diiduga-warga-jerman-dan-sudah-tidak-di-indonesia,Yes,Ads Disguised as Content,Restricted ad serving,ca-pub-7784034061253020,4,2025-02-16,2025-02-16
www.tribunnews.com,Page,N/A,N/A,www.tribunnews.com/regional/2021/05/26/kisah-psk-di-subang-jauh-jauh-beroperasi-di-daerah-lainnya-pemesannya-ternyata-teman-dan-tetangga,Yes,Ads Disguised as Content,Restricted ad serving,ca-pub-7784034061253020,4,2025-02-15,2025-02-15
www.tribunnews.com,Page,N/A,N/A,www.tribunnews.com/regional/2020/06/20/video-panas-cewek-asal-madura-gemparkan-warganet-ini-fakta-faktanya,No,Shocking content,Restricted ad serving,ca-pub-7784034061253020,4,2025-02-15,2025-02-15
www.tribunnews.com,Page,N/A,N/A,www.tribunnews.com/regional/2020/01/10/eks-lokalisasi-moroseneng-digerebek-2-pasangan-terciduk-sedang-berzina-berikut-fakta-faktanya,No,Shocking content,Restricted ad serving,ca-pub-7784034061253020,4,2025-02-16,2025-02-16
www.tribunnews.com,Page,N/A,N/A,www.tribunnews.com/regional/2018/08/21/18-psk-terjaring-razia-di-jember,No,Shocking content,Restricted ad serving,ca-pub-7784034061253020,4,2025-02-14,2025-02-14
www.tribunnews.com,Page,N/A,N/A,www.tribunnews.com/regional/2017/05/29/pesta-syahwat-kaum-gay-di-semarang-pakai-striptis-tapi-lebih-privat,No,Shocking content,Restricted ad serving,ca-pub-7784034061253020,4,2025-02-15,2025-02-15
www.tribunnews.com,Page,N/A,N/A,www.tribunnews.com/regional/2017/03/23/cewek-16-tahun-takut-foto-bugilnya-disebar-sang-pacar-begini-yang-kemudian-terjadi,No,Adult: Sexual content,Restricted ad serving,ca-pub-7784034061253020,4,2025-02-14,2025-02-14
www.tribunnews.com,Page,N/A,N/A,www.tribunnews.com/regional/2010/09/17/joged-bumbung-seronok-gemparkan-bali,No,Adult: Sexual content,Restricted ad serving,ca-pub-7784034061253020,4,2025-02-16,2025-02-16
www.tribunnews.com,Page,N/A,N/A,www.tribunnews.com/nasional/2022/01/03/harga-rokok-per-1-januari-2022-naik-berikut-daftar-harga-per-bungkusnya,No,Content obscuring Google-served ads,Restricted ad serving,ca-pub-7784034061253020,4,2025-02-15,2025-02-15
www.tribunnews.com,Page,N/A,N/A,www.tribunnews.com/nasional/2011/10/05/obat-perangsang-dan-disfungsi-ereksi-yang-disita-bpom,No,Adult: Sexual content,Restricted ad serving,ca-pub-7784034061253020,4,2025-02-14,2025-02-14
www.tribunnews.com,Page,N/A,N/A,www.tribunnews.com/metropolitan/2019/12/09/kisah-siska-jadi-waria-di-usia-14-tahun-ungkap-bayaran-di-luar-negeri-hingga-mengaku-tobat,No,Shocking content,Restricted ad serving,ca-pub-7784034061253020,4,2025-02-14,2025-02-14
www.tribunnews.com,Page,N/A,N/A,www.tribunnews.com/metropolitan/2018/04/27/wanita-di-tangerang-yang-layani-dua-laki-laki-sekaligus-beberkan-alasannya-jadi-psk,No,Adult: Sexual content,Restricted ad serving,ca-pub-7784034061253020,4,2025-02-14,2025-02-14
www.tribunnews.com,Page,N/A,N/A,www.tribunnews.com/metropolitan/2016/08/03/diduga-tempat-prostitusi-panti-pijat-di-bekasi-digerebek-polisi,No,Adult: Sexual content;Shocking content,Restricted ad serving,ca-pub-7784034061253020,4,2025-02-16,2025-02-16
www.tribunnews.com,Page,N/A,N/A,www.tribunnews.com/lifestyle/2016/10/21/ternyata-wanita-juga-mengalami-ereksi-ini-tandanya,No,Adult: Sexual content,Restricted ad serving,ca-pub-7784034061253020,4,2025-02-13,2025-02-15
www.tribunnews.com,Page,N/A,N/A,www.tribunnews.com/lifestyle/2016/08/15/7-benda-yang-ada-di-rumah-ini-bisa-bangkitkan-gairah-bercinta,No,Adult: Sexual content,Restricted ad serving,ca-pub-7784034061253020,4,2025-02-16,2025-02-16
www.tribunnews.com,Page,N/A,N/A,www.tribunnews.com/kesehatan/2017/11/29/berikut-ini-7-manfaat-ejakulasi-bagi-pria,No,Adult: Sexual content,Restricted ad serving,ca-pub-7784034061253020,4,2025-02-14,2025-02-14
www.tribunnews.com,Page,N/A,N/A,www.tribunnews.com/kesehatan/2017/11/24/bagaimana-bentuk-miss-v-yang-normal,No,Adult: Sexual content,Restricted ad serving,ca-pub-7784034061253020,4,2025-02-14,2025-02-14
www.tribunnews.com,Page,N/A,N/A,www.tribunnews.com/internasional/2018/12/31/cerita-unik-tentang-seks-dari-sejumlah-tempat,No,Adult: Sexual content,Restricted ad serving,ca-pub-7784034061253020,4,2025-02-15,2025-02-15
www.tribunnews.com,Page,N/A,N/A,www.tribunnews.com/internasional/2015/02/22/tanpa-merasa-berdosa-bintang-porno-jepang-ini-bukukan-kisah-proses-bikin-video-intim,No,Adult: Sexual content,Restricted ad serving,ca-pub-7784034061253020,4,2025-02-13,2025-02-14
wow.tribunnews.com,Page,N/A,N/A,wow.tribunnews.com/2017/11/01/pria-masihkah-kamu-galau-dengan-ukuran-mrp-coba-tanya-istri-dulu,No,Adult: Sexual content,Restricted ad serving,ca-pub-7784034061253020,4,2025-02-14,2025-02-14
wow.tribunnews.com,Page,N/A,N/A,wow.tribunnews.com/2017/10/13/selain-berpakaian-seksi-pria-memandang-hot-wanita-yang-suka-gigit-bibirnya-ini-penjelasannya,No,Adult: Sexual content,Restricted ad serving,ca-pub-7784034061253020,4,2025-02-16,2025-02-16
wow.tribunnews.com,Page,N/A,N/A,wow.tribunnews.com/2017/08/07/ditunggu-tunggu-penggemar-5-artis-ini-akhirnya-beranikan-diri-beradegan-tanpa-busana,No,Adult: Sexual content,Restricted ad serving,ca-pub-7784034061253020,4,2025-02-15,2025-02-15
wartakota.tribunnews.com,Page,N/A,N/A,wartakota.tribunnews.com/2023/05/25/posting-video-turis-asing-bugil-di-bali-tanpa-sensor-peter-f-gontha-siap-diblokir-demi-harga-diri,No,Google-served ads obscuring content,Restricted ad serving,ca-pub-7784034061253020,4,2025-02-14,2025-02-14
wartakota.tribunnews.com,Page,N/A,N/A,wartakota.tribunnews.com/2020/02/21/curhat-menantu-diintip-mertua-saat-berhubungan-badan-dengan-pasangan-begini-kisahnya,No,Shocking content,Restricted ad serving,ca-pub-7784034061253020,4,2025-02-16,2025-02-16
wartakota.tribunnews.com,Page,N/A,N/A,wartakota.tribunnews.com/2018/01/25/temuan-terbaru-istri-jual-suami-di-media-sosial-ini-ada-grup-fantasi-buat-pasutri,No,Adult: Sexual content,Restricted ad serving,ca-pub-7784034061253020,4,2025-02-14,2025-02-14
wartakota.tribunnews.com,Page,N/A,N/A,wartakota.tribunnews.com/2018/01/25/istri-jual-suami-untuk-pesta-seks-threesome-bicara-blak-blakan-fakta-nomor-5-tarif-sekali-kencan,No,Adult: Sexual content,Restricted ad serving,ca-pub-7784034061253020,4,2025-02-15,2025-02-15
wartakota.tribunnews.com,Page,N/A,N/A,wartakota.tribunnews.com/2017/12/18/saran-dokter-berhubungan-sekslah-sebanyak-yang-kamu-bisa,No,Adult: Sexual content,Restricted ad serving,ca-pub-7784034061253020,4,2025-02-14,2025-02-14
wartakota.tribunnews.com,Page,N/A,N/A,wartakota.tribunnews.com/2017/10/30/sihir-sejumlah-suku-di-dunia-yang-paling-mencengangkan-misalnya-hidupkan-mayat,No,Shocking content,Restricted ad serving,ca-pub-7784034061253020,4,2025-02-16,2025-02-16
wartakota.tribunnews.com,Page,N/A,N/A,wartakota.tribunnews.com/2016/08/23/hah-zaskia-gotik-biarkan-penggemarnya-pegang-dan-cium-bokongnya,No,Adult: Sexual content,Restricted ad serving,ca-pub-7784034061253020,4,2025-02-15,2025-02-15
wartakota.tribunnews.com,Page,N/A,N/A,wartakota.tribunnews.com/2016/03/19/7-penyebab-hubungan-intim-menjadi-hambar,No,Adult: Sexual content,Restricted ad serving,ca-pub-7784034061253020,4,2025-02-15,2025-02-15
wartakota.tribunnews.com,Page,N/A,N/A,wartakota.tribunnews.com/2016/02/13/5-manfaat-gunakan-vibrator-bagi-wanita,No,Adult: Sexual content,Restricted ad serving,ca-pub-7784034061253020,4,2025-02-14,2025-02-14
wartakota.tribunnews.com,Page,N/A,N/A,wartakota.tribunnews.com/2015/08/28/wanita-cantik-dan-seksi-buang-air-besar-di-celana-lalu-jatuh-ke-lantai,No,Shocking content,Restricted ad serving,ca-pub-7784034061253020,4,2025-02-13,2025-02-14
wartakota.tribunnews.com,Page,N/A,N/A,wartakota.tribunnews.com/2015/08/21/para-pria-sepakat-suka-dengan-berhubungan-intim-dengan-gadis-20an,No,Adult: Sexual content,Restricted ad serving,ca-pub-7784034061253020,4,2025-02-16,2025-02-16
wartakota.tribunnews.com,Page,N/A,N/A,wartakota.tribunnews.com/2014/05/13/inilah-yang-dipikirkan-pria-saat-melihat-wanita-tanpa-busana,No,Adult: Sexual content,Restricted ad serving,ca-pub-7784034061253020,4,2025-02-15,2025-02-15
video.tribunnews.com,Page,N/A,N/A,video.tribunnews.com/view/92998/viral-di-whatsapp-video-mesum-di-palembang-diduga-diperankan-mantan-pagawai-bank-bumd,No,Adult: Sexual content,Restricted ad serving,ca-pub-7784034061253020,4,2025-02-14,2025-02-14
video.tribunnews.com,Page,N/A,N/A,video.tribunnews.com/view/37754/wanita-berbaju-seksi-joget-tak-jelas-hingga-bra-berserakan-di-ranjang-dikira-mabuk-ternyata,Yes,Site Behavior: Navigation,Restricted ad serving,ca-pub-7784034061253020,4,2025-02-14,2025-02-14
travel.tribunnews.com,Page,N/A,N/A,travel.tribunnews.com/2019/02/20/awas-pakai-celana-dalam-berenda-di-3-negara-ini-bisa-terkena-denda,No,Adult: Sexual content,Restricted ad serving,ca-pub-7784034061253020,4,2025-02-14,2025-02-14
travel.tribunnews.com,Page,N/A,N/A,travel.tribunnews.com/2017/09/07/jangan-asal-ini-3-alasan-kenapa-bokep-sering-disebut-film-biru-ada-sejarahnya-lho,Yes,Site Behavior: Navigation,Restricted ad serving,ca-pub-7784034061253020,4,2025-02-15,2025-02-15
ternate.tribunnews.com,Page,N/A,N/A,ternate.tribunnews.com/2021/02/16/video-tiktok-mesum-anak-sma-di-waingapu-ntt-viral-sekolah-konfirmasi-identitas-ortu-akan-dipanggil,No,Content obscuring Google-served ads,Restricted ad serving,ca-pub-7784034061253020,4,2025-02-16,2025-02-16
suryamalang.tribunnews.com,Page,N/A,N/A,suryamalang.tribunnews.com/tag/maria-ozawa,No,Adult: Sexual content,Restricted ad serving,ca-pub-7784034061253020,4,2025-02-14,2025-02-14
suryamalang.tribunnews.com,Page,N/A,N/A,suryamalang.tribunnews.com/2019/07/30/nikita-mirzani-pamer-tato-di-dada-tapi-bagian-lain-yang-bikin-salfok-jengkel-balasannya-menohok,No,Shocking content,Restricted ad serving,ca-pub-7784034061253020,4,2025-02-14,2025-02-14
suryamalang.tribunnews.com,Page,N/A,N/A,suryamalang.tribunnews.com/2017/07/04/jangan-langsung-tidur-usai-bercinta-biasakan-lakukan-5-hal-ini-ini-demi-kebaikan-bersama,No,Adult: Sexual content,Restricted ad serving,ca-pub-7784034061253020,4,2025-02-15,2025-02-15
suryamalang.tribunnews.com,Page,N/A,N/A,suryamalang.tribunnews.com/2016/12/15/wanita-mirip-barbie-ini-ternyata-asal-indonesia-pengakuannya-mengejutkan,No,Shocking content,Restricted ad serving,ca-pub-7784034061253020,4,2025-02-14,2025-02-14
surabaya.tribunnews.com,Page,N/A,N/A,surabaya.tribunnews.com/amp/2018/01/05/akun-twitter-bagikan-link-donwnload-video-mesum-2-anak-dengan-wanita-dewasa-ini-peringatan-polisi,No,Shocking content,Restricted ad serving,ca-pub-7784034061253020,4,2025-02-14,2025-02-14
surabaya.tribunnews.com,Page,N/A,N/A,surabaya.tribunnews.com/2021/04/16/cerita-pns-cantik-dan-playboy-dprd-lepas-rindu-di-ranjang-hotel-suami-curigai-chat-mesra-di-hp,No,Google-served ads obscuring content,Restricted ad serving,ca-pub-7784034061253020,4,2025-02-15,2025-02-15
surabaya.tribunnews.com,Page,N/A,N/A,surabaya.tribunnews.com/2018/02/28/tawarkan-seks-threesome-sesama-jenis-gay-di-surabaya-kena-grebek-di-hotel,No,Adult: Sexual content,Restricted ad serving,ca-pub-7784034061253020,4,2025-02-14,2025-02-14
surabaya.tribunnews.com,Page,N/A,N/A,surabaya.tribunnews.com/2016/08/23/suguhkan-tarian-striptis-di-hut-kota-negara-panitia-kontes-mobil-ditetapkan-tersangka,No,Shocking content,Restricted ad serving,ca-pub-7784034061253020,4,2025-02-14,2025-02-14
surabaya.tribunnews.com,Page,N/A,N/A,surabaya.tribunnews.com/2016/03/04/foto-gara-gara-selfie-di-depan-kaca-kamar-mandi-gadis-ini-menyesal-seumur-hidupnya,No,Adult: Sexual content;Shocking content,Restricted ad serving,ca-pub-7784034061253020,4,2025-02-14,2025-02-14
sultra.tribunnews.com,Page,N/A,N/A,sultra.tribunnews.com/2021/12/08/giliran-video-viral-sragen-25-detik-bikin-geger-setelah-aksi-tak-senonoh-siskaeee-sosok-pemeran,Yes,Ads Disguised as Content,Restricted ad serving,ca-pub-7784034061253020,4,2025-02-15,2025-02-15
style.tribunnews.com,Page,N/A,N/A,style.tribunnews.com/2019/11/15/ini-manfaat-tembakau-selain-untuk-rokok-bisa-menghilangkan-embun-hingga-obat-diabetes,No,Tobacco,Restricted ad serving,ca-pub-7784034061253020,4,2025-02-14,2025-02-14
style.tribunnews.com,Page,N/A,N/A,style.tribunnews.com/2018/01/05/pria-yang-ngaku-punya-mr-p-terpanjang-di-dunia-ternyata-panjang-aslinya-cuma-segini-doang,No,Adult: Sexual content,Restricted ad serving,ca-pub-7784034061253020,4,2025-02-14,2025-02-14
style.tribunnews.com,Page,N/A,N/A,style.tribunnews.com/2017/09/28/7-potret-super-model-majalah-playboy-versi-muda-dan-sekarang-masih-seksi-nggak-ya,No,Adult: Sexual content,Restricted ad serving,ca-pub-7784034061253020,4,2025-02-14,2025-02-14
style.tribunnews.com,Page,N/A,N/A,style.tribunnews.com/2017/07/03/hati-hati-girls-gemar-tidur-tanpa-busana-lihat-yang-terjadi-pada-gadis-ini-saat-lupa-tutup-pintu,Yes,Site Behavior: Navigation,Restricted ad serving,ca-pub-7784034061253020,4,2025-02-15,2025-02-15
style.tribunnews.com,Page,N/A,N/A,style.tribunnews.com/2016/08/31/baju-transparan-artis-trend-memperlihatkan-puting-payudara-dari-kendall-jenner-hingga-syahrini,No,Adult: Sexual content,Restricted ad serving,ca-pub-7784034061253020,4,2025-02-15,2025-02-15
style.tribunnews.com,Page,N/A,N/A,style.tribunnews.com/2016/08/02/orang-utan-nakal-pegang-pegang-payudara-wisatawan-pawangnya-sampai-misahin-ini-videonya,Yes,Site Behavior: Navigation,Restricted ad serving,ca-pub-7784034061253020,4,2025-02-16,2025-02-16
solo.tribunnews.com,Page,N/A,N/A,solo.tribunnews.com/2019/10/09/kisah-pria-pilih-nikahi-boneka-seks-berwajah-cantik-ungkap-alasannya-dia-tak-akan-pernah-selingkuh,No,Adult: Sexual content,Restricted ad serving,ca-pub-7784034061253020,4,2025-02-16,2025-02-16
pekanbaru.tribunnews.com,Page,N/A,N/A,pekanbaru.tribunnews.com/2022/10/19/nonton-film-fifty-shades-of-grey-full-movie-sub-indo-baca-sinopsisnya-disini,Yes,Ads Disguised as Content,Restricted ad serving,ca-pub-7784034061253020,4,2025-02-15,2025-02-15
pekanbaru.tribunnews.com,Page,N/A,N/A,pekanbaru.tribunnews.com/2022/10/18/maria-vania-main-air-camel-toe-disorot-apa-itu-camel-toe-bahasa-gaul,Yes,Ads Disguised as Content,Restricted ad serving,ca-pub-7784034061253020,4,2025-02-15,2025-02-15
pekanbaru.tribunnews.com,Page,N/A,N/A,pekanbaru.tribunnews.com/2021/09/25/arti-hangout-apa-simak-ini-hangout-artinya-atau-apa-itu-hangout-dalam-bahasa-gaul,Yes,Encouraging accidental clicks: Layout;Google-served ads obscuring content,Restricted ad serving,ca-pub-7784034061253020,4,2025-02-14,2025-02-14
pekanbaru.tribunnews.com,Page,N/A,N/A,pekanbaru.tribunnews.com/2019/08/21/menguak-fenomena-ayam-kampus-ada-yang-sejak-sma-hingga-memenuhi-kebutuhan-sehari-hari,No,Adult: Sexual content,Restricted ad serving,ca-pub-7784034061253020,4,2025-02-16,2025-02-16
pekanbaru.tribunnews.com,Page,N/A,N/A,pekanbaru.tribunnews.com/2017/08/18/ditemukan-tewas-dengan-tubuh-terbakar-ini-jadi-petunjuk-ungkap-identitas-ema-dan-pelaku,Yes,Ads Disguised as Content,Restricted ad serving,ca-pub-7784034061253020,4,2025-02-16,2025-02-16
pekanbaru.tribunnews.com,Page,N/A,N/A,pekanbaru.tribunnews.com/2015/10/22/astaga-ratusan-belatung-menggeliat-dalam-telinga-pria-ini,Yes,Ads Disguised as Content,Restricted ad serving,ca-pub-7784034061253020,4,2025-02-14,2025-02-14
palembang.tribunnews.com,Page,N/A,N/A,palembang.tribunnews.com/2017/08/24/ini-3-bintang-porno-yang-pernah-kunjungani-indonesia-begini-nasibnya-nomor-2-kerap-nangis,No,Shocking content,Restricted ad serving,ca-pub-7784034061253020,4,2025-02-15,2025-02-15
palembang.tribunnews.com,Page,N/A,N/A,palembang.tribunnews.com/2015/08/31/tertangkap-basah-berhubungan-intim-di-pusat-kota-pasangan-ini-usir-polisi,No,Shocking content,Restricted ad serving,ca-pub-7784034061253020,4,2025-02-14,2025-02-14
newsmaker.tribunnews.com,Page,N/A,N/A,newsmaker.tribunnews.com/2020/06/28/11-video-hubungan-badan-ini-bikin-bintang-panas-mia-khalifa-dihantui-dosa-sampai-mati-sangat-hina,No,Shocking content,Restricted ad serving,ca-pub-7784034061253020,4,2025-02-14,2025-02-14
medan.tribunnews.com,Page,N/A,N/A,medan.tribunnews.com/2023/01/24/marudut-nainggolan-tewas-bersimbah-darah-dibunuh-temannya-anak-korban-minta-pelaku-dihukum-berat,No,Shocking content,Restricted ad serving,ca-pub-7784034061253020,4,2025-02-16,2025-02-16
medan.tribunnews.com,Page,N/A,N/A,medan.tribunnews.com/2019/11/16/menteri-kesehatan-zimbabwe-mengeluh-ukuran-kondom-impor-buatan-cina-terlalu-kecil,No,Adult: Sexual content,Restricted ad serving,ca-pub-7784034061253020,4,2025-02-15,2025-02-15
medan.tribunnews.com,Page,N/A,N/A,medan.tribunnews.com/2019/08/15/video-hot-vina-garut-gangbang-3-pria-dan-1-wanita-masih-rajai-twitter-tagar-vina-trending-nomor-1,No,Shocking content,Restricted ad serving,ca-pub-7784034061253020,4,2025-02-15,2025-02-15
medan.tribunnews.com,Page,N/A,N/A,medan.tribunnews.com/2019/03/11/mucikari-di-medan-pasang-tarif-rp-1-hingga-rp-3-juta-untuk-sekali-short-time-pada-tamu-psk,No,Adult: Sexual content,Restricted ad serving,ca-pub-7784034061253020,4,2025-02-14,2025-02-14
medan.tribunnews.com,Page,N/A,N/A,medan.tribunnews.com/2017/09/05/video-dua-cewek-pakaian-minim-saling-jambak-dan-gulat-sampai-sampai-penutup-buah-dada-melorot,Yes,Site Behavior: Navigation,Restricted ad serving,ca-pub-7784034061253020,4,2025-02-16,2025-02-16
medan.tribunnews.com,Page,N/A,N/A,medan.tribunnews.com/2014/12/13/bursa-seks-kota-pempek-dari-siswi-sma-hingga-psk-impor-bertarif-rp-10-juta,No,Adult: Sexual content,Restricted ad serving,ca-pub-7784034061253020,4,2025-02-14,2025-02-14
manado.tribunnews.com,Page,N/A,N/A,manado.tribunnews.com/2020/11/10/video-panas-mirip-jessica-iskandar-durasi-30-detik,Yes,Ads Disguised as Content,Restricted ad serving,ca-pub-7784034061253020,4,2025-02-15,2025-02-15
manado.tribunnews.com,Page,N/A,N/A,manado.tribunnews.com/2017/09/11/video-tertangkap-tangan-mesum-di-mobil-wanita-ini-nangis-simak-videonya,Yes,Site Behavior: Navigation,Restricted ad serving,ca-pub-7784034061253020,4,2025-02-15,2025-02-15
manado.tribunnews.com,Page,N/A,N/A,manado.tribunnews.com/2017/09/01/sentuhan-fisik-yang-mengungkap-rasa-cinta,No,Adult: Sexual content,Restricted ad serving,ca-pub-7784034061253020,4,2025-02-14,2025-02-14
manado.tribunnews.com,Page,N/A,N/A,manado.tribunnews.com/2014/10/03/pasangan-ini-bercinta-bersama-boneka-seks,No,Adult: Sexual content,Restricted ad serving,ca-pub-7784034061253020,4,2025-02-16,2025-02-16
makassar.tribunnews.com,Page,N/A,N/A,makassar.tribunnews.com/tag/seks,No,Adult: Sexual content,Restricted ad serving,ca-pub-7784034061253020,4,2025-02-14,2025-02-14
makassar.tribunnews.com,Page,N/A,N/A,makassar.tribunnews.com/tag/penggerebekan,No,Adult: Sexual content,Restricted ad serving,ca-pub-7784034061253020,4,2025-02-15,2025-02-15
makassar.tribunnews.com,Page,N/A,N/A,makassar.tribunnews.com/2023/12/19/penjelasan-aisyah-dahlan-soal-pentingnya-istri-penuhi-kebutuhan-suami-meski-ikut-kerja-awas-dosa,Yes,Google-served ads obscuring content;Modified Javascript: Ads by Google size,Restricted ad serving,ca-pub-7784034061253020,4,2025-02-14,2025-02-14
makassar.tribunnews.com,Page,N/A,N/A,makassar.tribunnews.com/2021/11/17/pemeran-video-mesum-es-batu-72-detik-bikin-konten-dengan-tujuan-ini,Yes,Ads Disguised as Content,Restricted ad serving,ca-pub-7784034061253020,4,2025-02-12,2025-02-14
makassar.tribunnews.com,Page,N/A,N/A,makassar.tribunnews.com/2020/02/25/wanita-ini-pecahkan-rekor-kontes-gang-bang-mampu-layani-dan-memuaskan-1000-pria-dalam-sehari,No,Shocking content,Restricted ad serving,ca-pub-7784034061253020,4,2025-02-15,2025-02-15
makassar.tribunnews.com,Page,N/A,N/A,makassar.tribunnews.com/2020/01/18/kisah-pesta-seks-berujung-tragis-wanita-ditemukan-tewas-usai-mengeluh-kelelahan-bercinta-2-hari,No,Adult: Sexual content;Shocking content,Restricted ad serving,ca-pub-7784034061253020,4,2025-02-16,2025-02-16
makassar.tribunnews.com,Page,N/A,N/A,makassar.tribunnews.com/2020/01/01/wanita-muda-jual-foto-bugil-teman-saat-sedang-mandi-seharga-rp-1-juta-kronologi,No,Adult: Sexual content,Restricted ad serving,ca-pub-7784034061253020,4,2025-02-16,2025-02-16
makassar.tribunnews.com,Page,N/A,N/A,makassar.tribunnews.com/2019/01/07/giliran-foto-syur-vanessa-angel-saat-mandi-di-hotel-beredar-ternyata-diambil-teman-sesama-artis,No,Adult: Sexual content,Restricted ad serving,ca-pub-7784034061253020,4,2025-02-15,2025-02-15
makassar.tribunnews.com,Page,N/A,N/A,makassar.tribunnews.com/2017/09/08/inilah-salah-satu-adegan-yang-dilakukan-sera-amane-saat-bermain-film-panas-di-jepang,No,Adult: Sexual content,Restricted ad serving,ca-pub-7784034061253020,4,2025-02-14,2025-02-14
makassar.tribunnews.com,Page,N/A,N/A,makassar.tribunnews.com/2017/03/30/mamuju-sarang-ular-piton-terbesar-di-indonesia,No,Shocking content,Restricted ad serving,ca-pub-7784034061253020,4,2025-02-14,2025-02-14
makassar.tribunnews.com,Page,N/A,N/A,makassar.tribunnews.com/2012/06/03/ingin-perkasa-kembali-kini-tersedia-penis-palsu,No,Adult: Sexual content,Restricted ad serving,ca-pub-7784034061253020,4,2025-02-15,2025-02-15
makassar.tribunnews.com,Page,N/A,N/A,makassar.tribunnews.com/2011/12/01/spa-ya-telanjang-bulat-dong,No,Adult: Sexual content,Restricted ad serving,ca-pub-7784034061253020,4,2025-02-13,2025-02-14
m.tribunnews.com,Page,N/A,N/A,m.tribunnews.com/tag/seks-bebas,No,Adult: Sexual content,Restricted ad serving,ca-pub-7784034061253020,4,2025-02-15,2025-02-15
lampung.tribunnews.com,Page,N/A,N/A,lampung.tribunnews.com/2018/05/29/cewek-cantik-pamer-foto-sedang-kencan-sekilas-biasa-tapi-minumannya-janggal-bikin-malu,Yes,Site Behavior: Navigation,Restricted ad serving,ca-pub-7784034061253020,4,2025-02-16,2025-02-16
lampung.tribunnews.com,Page,N/A,N/A,lampung.tribunnews.com/2017/11/15/robot-robot-seks-nan-cantik-dan-seksi-pemuas-nafsu-ternyata-dilahirkan-di-sini,No,Adult: Sexual content,Restricted ad serving,ca-pub-7784034061253020,4,2025-02-16,2025-02-16
lampung.tribunnews.com,Page,N/A,N/A,lampung.tribunnews.com/2017/02/24/video-tawuran-sadis-pelajar-berujung-maut,No,Shocking content,Restricted ad serving,ca-pub-7784034061253020,4,2025-02-15,2025-02-15
lampung.tribunnews.com,Page,N/A,N/A,lampung.tribunnews.com/2014/08/13/boneka-seks-ini-mirip-dengan-manusia,No,Adult: Sexual content,Restricted ad serving,ca-pub-7784034061253020,4,2025-02-15,2025-02-15
lampung.tribunnews.com,Page,N/A,N/A,lampung.tribunnews.com/2012/07/20/siswi-sma-ini-mesum-ria-di-hotel,No,Adult: Sexual content,Restricted ad serving,ca-pub-7784034061253020,4,2025-02-13,2025-02-14
kupang.tribunnews.com,Page,N/A,N/A,kupang.tribunnews.com/2021/02/21/dulu-sukses-jadi-bintang-film-panas-siapa-sangka-maria-ozawa-alias-miyabi-pernah-diusir-orangtua,Yes,Ads Disguised as Content,Restricted ad serving,ca-pub-7784034061253020,4,2025-02-15,2025-02-15
kupang.tribunnews.com,Page,N/A,N/A,kupang.tribunnews.com/2020/04/11/14-remaja-ini-malah-pesta-seks-di-hotel-disaat-orang-orang-sedang-lockdown,No,Adult: Sexual content,Restricted ad serving,ca-pub-7784034061253020,4,2025-02-15,2025-02-15
kupang.tribunnews.com,Page,N/A,N/A,kupang.tribunnews.com/2019/11/02/mirip-kasus-vina-garut-pesta-seks-hubungan-intim-bertiga-muda-mudi-di-bali-bikin-petugas-kaget,No,Adult: Sexual content,Restricted ad serving,ca-pub-7784034061253020,4,2025-02-14,2025-02-14
kupang.tribunnews.com,Page,N/A,N/A,kupang.tribunnews.com/2019/08/01/nikita-mirzani-unggah-foto-video-nyaris-telanjang-sahabat-ruben-onsu-ini-banjir-nyinyir,No,Adult: Sexual content,Restricted ad serving,ca-pub-7784034061253020,4,2025-02-16,2025-02-16
kupang.tribunnews.com,Page,N/A,N/A,kupang.tribunnews.com/2018/02/01/warga-gerebek-pasangan-mesum-di-samping-anak-balita-yang-tidur-videonya-viral,No,Google-served ads obscuring content,Restricted ad serving,ca-pub-7784034061253020,4,2025-02-14,2025-02-14
kupang.tribunnews.com,Page,N/A,N/A,kupang.tribunnews.com/2017/09/30/terkuak-inilah-10-tanda-pria-dan-wanita-yang-miliki-libido-tinggi-kamu-termasuk-nggak,No,Adult: Sexual content,Restricted ad serving,ca-pub-7784034061253020,4,2025-02-15,2025-02-15
kaltim.tribunnews.com,Page,N/A,N/A,kaltim.tribunnews.com/2018/02/08/heboh-driver-ojek-online-mesum-diberi-5-bintang-kok-malah-ajak-penumpang-check-in-di-hotel,No,Adult: Sexual content,Restricted ad serving,ca-pub-7784034061253020,4,2025-02-14,2025-02-14
jogja.tribunnews.com,Page,N/A,N/A,jogja.tribunnews.com/2020/10/17/empat-zodiak-yang-paling-cocok-dengan-taurus-dalam-urusan-ranjang,Yes,Ads Disguised as Content,Restricted ad serving,ca-pub-7784034061253020,4,2025-02-15,2025-02-15
jatim.tribunnews.com,Page,N/A,N/A,jatim.tribunnews.com/2018/10/09/modus-pria-di-surabaya-gaet-pasutri-untuk-diajak-tukar-pasangan-tawarkan-di-twitter-dan-minta-foto,No,Adult: Sexual content,Restricted ad serving,ca-pub-7784034061253020,4,2025-02-15,2025-02-15
jatim.tribunnews.com,Page,N/A,N/A,jatim.tribunnews.com/2017/10/19/makam-kembang-kuning-surabaya-kembali-jadi-sarang-psk,No,Adult: Sexual content,Restricted ad serving,ca-pub-7784034061253020,4,2025-02-14,2025-02-14
jatim.tribunnews.com,Page,N/A,N/A,jatim.tribunnews.com/2017/07/12/rekaman-adegan-panas-guru-seksi-saat-bercinta-dengan-murid-bocor-selanjutnya-terjadi-hal-miris-ini,No,Adult: Sexual content,Restricted ad serving,ca-pub-7784034061253020,4,2025-02-14,2025-02-14
jatim.tribunnews.com,Page,N/A,N/A,jatim.tribunnews.com/2017/06/29/beradegan-panas-dalam-film-real-dengan-kim-soo-hyun-instagram-sulli-dipenuhi-netizen-indonesia,Yes,Site Behavior: Navigation,Restricted ad serving,ca-pub-7784034061253020,4,2025-02-14,2025-02-14
jateng.tribunnews.com,Page,N/A,N/A,jateng.tribunnews.com/2019/05/13/berhubungan-intim-malam-hari-usai-tarawih-utamakan-mandi-junub-dahulu-atau-langsung-santap-sahur,No,Adult: Sexual content,Restricted ad serving,ca-pub-7784034061253020,4,2025-02-16,2025-02-16
jateng.tribunnews.com,Page,N/A,N/A,jateng.tribunnews.com/2018/06/22/heboh-video-porno-mirip-aura-kasih-sang-artis-ajak-pengikutnya-nonton-sok-atuh-ditonton,No,Google-served ads obscuring content,Restricted ad serving,ca-pub-7784034061253020,4,2025-02-14,2025-02-14
jateng.tribunnews.com,Page,N/A,N/A,jateng.tribunnews.com/2016/03/24/video-tragis-dua-wanita-ini-disiksa-dan-diarak-bugil-lalu-dilecehkan-di-jalanan,No,Adult: Sexual content,Restricted ad serving,ca-pub-7784034061253020,4,2025-02-14,2025-02-14
jambi.tribunnews.com,Page,N/A,N/A,jambi.tribunnews.com/amp/2019/07/19/larang-siswanya-pakai-celana-dalam-dan-wajib-pakai-rok-mini-sma-di-jepang-wanitanya-terkenal-vulgar,No,Adult: Sexual content,Restricted ad serving,ca-pub-7784034061253020,4,2025-02-15,2025-02-15
jambi.tribunnews.com,Page,N/A,N/A,jambi.tribunnews.com/2018/05/23/benarkah-ras-tertentu-mempunyai-ukuran-mr-p-melebihi-yang-lainnya,No,Adult: Sexual content,Restricted ad serving,ca-pub-7784034061253020,4,2025-02-15,2025-02-15
jambi.tribunnews.com,Page,N/A,N/A,jambi.tribunnews.com/2014/08/29/pijat-pijat-vagina-supaya-lebih-hot,No,Adult: Sexual content,Restricted ad serving,ca-pub-7784034061253020,4,2025-02-14,2025-02-14
jakarta.tribunnews.com,Page,N/A,N/A,jakarta.tribunnews.com/2019/09/18/5-fakta-video-panas-siswi-sma-di-sumsel-yang-viral-berawal-dari-video-call-hingga-jadi-ancaman,Yes,Google-served ads on screens without publisher-content,Restricted ad serving,ca-pub-7784034061253020,4,2025-02-14,2025-02-14
jakarta.tribunnews.com,Page,N/A,N/A,jakarta.tribunnews.com/2018/10/01/sederet-fakta-23-pria-kelompok-north-face-pesta-ekstasi-bercelana-kolor-hingga-temuan-kondom,No,Adult: Sexual content,Restricted ad serving,ca-pub-7784034061253020,4,2025-02-14,2025-02-14
jabar.tribunnews.com,Page,N/A,N/A,jabar.tribunnews.com/2019/09/30/nonton-film-porno-di-toko-mainan-seks-turis-asal-inggris-meninggal,No,Adult: Sexual content,Restricted ad serving,ca-pub-7784034061253020,4,2025-02-15,2025-02-15
jabar.tribunnews.com,Page,N/A,N/A,jabar.tribunnews.com/2019/08/19/tawuran-hubungan-seks-video-vina-garut-terungkap-bayaran-sebenarnya-sang-perempuan,No,Shocking content,Restricted ad serving,ca-pub-7784034061253020,4,2025-02-14,2025-02-14
jabar.tribunnews.com,Page,N/A,N/A,jabar.tribunnews.com/2015/11/02/wanita-pun-perlu-tahu-ini-17-fakta-tentang-ereksi-seorang-pria,No,Adult: Sexual content,Restricted ad serving,ca-pub-7784034061253020,4,2025-02-14,2025-02-14
jabar.tribunnews.com,Page,N/A,N/A,jabar.tribunnews.com/2015/05/02/heboh-presenter-tv-cantik-ini-bugil-saat-beritakan-hubungan-ronaldo,No,Adult: Sexual content,Restricted ad serving,ca-pub-7784034061253020,4,2025-02-15,2025-02-15
jabar.tribunnews.com,Page,N/A,N/A,jabar.tribunnews.com/2014/08/19/inilah-tips-bercinta-di-malam-pertama-pengantin-baru,No,Adult: Sexual content,Restricted ad serving,ca-pub-7784034061253020,4,2025-02-15,2025-02-15
cirebon.tribunnews.com,Page,N/A,N/A,cirebon.tribunnews.com/2022/06/29/promo-prostitusi-paket-threesome-di-bar-wilayah-jaksel-bikin-heboh-tarif-rp-550-ribu,Yes,Ads Disguised as Content,Restricted ad serving,ca-pub-7784034061253020,4,2025-02-15,2025-02-15
cirebon.tribunnews.com,Page,N/A,N/A,cirebon.tribunnews.com/2022/03/31/open-bo-neng-e-tak-sanggup-mahasiswa-kuningan-minta-2-ronde-menjerit-di-kosan,Yes,Ads Disguised as Content,Restricted ad serving,ca-pub-7784034061253020,4,2025-02-16,2025-02-16
bogor.tribunnews.com,Page,N/A,N/A,bogor.tribunnews.com/2021/08/23/arti-mimpi-berhubungan-badan-dengan-selingkuhan-menurut-primbon-jawa-bukan-jadi-pertanda-buruk,Yes,Ads Disguised as Content,Restricted ad serving,ca-pub-7784034061253020,4,2025-02-16,2025-02-16
belitung.tribunnews.com,Page,N/A,N/A,belitung.tribunnews.com/2019/12/31/cupi-cupita-sering-posting-konten-vulgar-pakar-hukum-ingatkan-soal-pornografi,No,Shocking content,Restricted ad serving,ca-pub-7784034061253020,4,2025-02-14,2025-02-14
belitung.tribunnews.com,Page,N/A,N/A,belitung.tribunnews.com/2018/01/17/aktris-jepang-dikabarkan-tewas-saat-adegan-bercinta-dengan-6-pria-penyebabnya-bikin-geleng-kepala,No,Adult: Sexual content,Restricted ad serving,ca-pub-7784034061253020,4,2025-02-15,2025-02-15
belitung.tribunnews.com,Page,N/A,N/A,belitung.tribunnews.com/2018/01/08/mengaku-tak-perawan-sejak-sma-artis-ini-pilih-alat-seks-jika-lagi-pengen,No,Adult: Sexual content,Restricted ad serving,ca-pub-7784034061253020,4,2025-02-14,2025-02-14
belitung.tribunnews.com,Page,N/A,N/A,belitung.tribunnews.com/2017/11/18/sentuh-area-sensitif-tukang-pijat-ini-malah-disenangi-banyak-wanita-cantik-padahal-tak-gagah,No,Adult: Sexual content,Restricted ad serving,ca-pub-7784034061253020,4,2025-02-14,2025-02-14
belitung.tribunnews.com,Page,N/A,N/A,belitung.tribunnews.com/2017/07/13/tak-mampu-menahan-nafsu-saat-mlelihat-wanita-bugil-pria-ini-nekat-setubuhi-kenalan-teman-sendiri,No,Adult: Sexual content,Restricted ad serving,ca-pub-7784034061253020,4,2025-02-14,2025-02-14
belitung.tribunnews.com,Page,N/A,N/A,belitung.tribunnews.com/2017/07/07/video-nikita-mirzani-menari-seksi-pakai-celana-minim-dan-bra-di-club-malam-beredar-netizen-mencela,No,Adult: Sexual content,Restricted ad serving,ca-pub-7784034061253020,4,2025-02-16,2025-02-16
belitung.tribunnews.com,Page,N/A,N/A,belitung.tribunnews.com/2017/05/04/dada-reporter-wanita-jepang-diremas-bergiliran-suku-pedalaman-papua-sebut-lembut-dan-putih,No,Adult: Sexual content,Restricted ad serving,ca-pub-7784034061253020,4,2025-02-16,2025-02-16
belitung.tribunnews.com,Page,N/A,N/A,belitung.tribunnews.com/2017/04/23/video-bugil-pasangan-ini-karena-menembus-500-ribu-subscribers,No,Shocking content,Restricted ad serving,ca-pub-7784034061253020,4,2025-02-15,2025-02-15
belitung.tribunnews.com,Page,N/A,N/A,belitung.tribunnews.com/2017/04/12/budaya-esek-esek-paling-bebas-di-dunia-ada-di-negara-ini-salah-satunya-di-asia-tenggara,No,Adult: Sexual content,Restricted ad serving,ca-pub-7784034061253020,4,2025-02-14,2025-02-14
belitung.tribunnews.com,Page,N/A,N/A,belitung.tribunnews.com/2016/10/16/wow-model-rusia-ini-klaim-punya-bokong-lebih-indah-dari-kim-kardashian,No,Adult: Sexual content,Restricted ad serving,ca-pub-7784034061253020,4,2025-02-16,2025-02-16
belitung.tribunnews.com,Page,N/A,N/A,belitung.tribunnews.com/2016/09/21/video-aduh-dokter-ini-bukan-periksa-gigi-malah-meraba-tubuh-pasiennya,No,Adult: Sexual content,Restricted ad serving,ca-pub-7784034061253020,4,2025-02-16,2025-02-16
belitung.tribunnews.com,Page,N/A,N/A,belitung.tribunnews.com/2016/03/16/boneka-seks-mirip-anak-kecil-dipasarkan-mulai-2016-seharga-rp-145-juta,No,Adult: Sexual content,Restricted ad serving,ca-pub-7784034061253020,4,2025-02-14,2025-02-14
belitung.tribunnews.com,Page,N/A,N/A,belitung.tribunnews.com/2016/02/20/posisi-bercinta-seperti-ini-konon-bisa-hasilkan-kehamilan-bayi-laki-laki,No,Adult: Sexual content,Restricted ad serving,ca-pub-7784034061253020,4,2025-02-16,2025-02-16
batam.tribunnews.com,Page,N/A,N/A,batam.tribunnews.com/topic/heboh-mahasiswi-bispak,No,Adult: Sexual content,Restricted ad serving,ca-pub-7784034061253020,4,2025-02-15,2025-02-15
batam.tribunnews.com,Page,N/A,N/A,batam.tribunnews.com/2020/11/07/video-syur-mirip-gisel-viral-di-twitter-hingga-trending-tagar-gempi-skandal-juga-menyusul,Yes,Ads Disguised as Content,Restricted ad serving,ca-pub-7784034061253020,4,2025-02-16,2025-02-16
batam.tribunnews.com,Page,N/A,N/A,batam.tribunnews.com/2019/12/11/skandal-cinta-terlarang-ibu-guru-cantik-dengan-5-muridnya-video-mereka-tersebar-di-situs-dewasa,No,Adult: Sexual content,Restricted ad serving,ca-pub-7784034061253020,4,2025-02-14,2025-02-14
batam.tribunnews.com,Page,N/A,N/A,batam.tribunnews.com/2018/01/23/identitas-jasad-wanita-yang-ditemukan-tanpa-busana-itu-diketahui-orangnya-berparas-cantik,No,Shocking content,Restricted ad serving,ca-pub-7784034061253020,4,2025-02-15,2025-02-15
batam.tribunnews.com,Page,N/A,N/A,batam.tribunnews.com/2017/02/08/mengejutkan-inilah-5-bahaya-berhubungan-intim-di-bathtub-air-hangat-jangan-nekat,No,Adult: Sexual content,Restricted ad serving,ca-pub-7784034061253020,4,2025-02-15,2025-02-15
banjarmasin.tribunnews.com,Page,N/A,N/A,banjarmasin.tribunnews.com/2021/12/11/bri-lokal-bricerita-cerita-isar-jadi-agen-brililink-di-kabupaten-batola-dengan-transaksi-besar,No,Google-served ads obscuring content,Restricted ad serving,ca-pub-7784034061253020,4,2025-02-15,2025-02-15
banjarmasin.tribunnews.com,Page,N/A,N/A,banjarmasin.tribunnews.com/2020/02/09/viral-video-penggerebekan-pasangan-mesum-di-gunung-si-wanita-dalam-tenda-terdengar-merintih,No,Google-served ads obscuring content,Restricted ad serving,ca-pub-7784034061253020,4,2025-02-15,2025-02-15
banjarmasin.tribunnews.com,Page,N/A,N/A,banjarmasin.tribunnews.com/2019/02/24/suami-belah-perut-istri-yang-hamil-tua-viral-di-whatsapp-ig-tetangga-lihat-bayi-keluar-dari-luka,Yes,Ads Disguised as Content,Restricted ad serving,ca-pub-7784034061253020,4,2025-02-16,2025-02-16
banjarmasin.tribunnews.com,Page,N/A,N/A,banjarmasin.tribunnews.com/2016/05/17/benar-benar-biadab-hampir-seluruh-ganggang-pacul-ditendang-masuk-ke-kemaluan-enno-farihah,Yes,Ads Disguised as Content,Restricted ad serving,ca-pub-7784034061253020,4,2025-02-15,2025-02-15
bangka.tribunnews.com,Page,N/A,N/A,bangka.tribunnews.com/amp/2018/01/06/video-mesum-tante-dan-bocah-di-bandung-ternyata-juga-berhubungan-dengan-pria-ini,No,Adult: Sexual content;Shocking content,Restricted ad serving,ca-pub-7784034061253020,4,2025-02-14,2025-02-14
bangka.tribunnews.com,Page,N/A,N/A,bangka.tribunnews.com/2020/01/02/satu-bungkus-rokok-ada-yang-harga-rp-50-ribu-ini-daftar-lengkap-harga-semua-merek-rokok,No,Tobacco,Restricted ad serving,ca-pub-7784034061253020,4,2025-02-15,2025-02-15
bangka.tribunnews.com,Page,N/A,N/A,bangka.tribunnews.com/2019/09/19/berniat-tahan-lama-dalam-berhubungan-intim-belasan-pria-di-sumedang-tumbang-usai-minum-kopi-ini,No,Adult: Sexual content,Restricted ad serving,ca-pub-7784034061253020,4,2025-02-14,2025-02-14
bangka.tribunnews.com,Page,N/A,N/A,bangka.tribunnews.com/2019/08/17/8-lomba-17-agustus-yang-lucu-kreatif-dan-anti-mainstream-balap-bangku-pakai-helm-hingga-merangkak,No,Adult: Sexual content,Restricted ad serving,ca-pub-7784034061253020,4,2025-02-15,2025-02-15
bangka.tribunnews.com,Page,N/A,N/A,bangka.tribunnews.com/2019/07/19/video-mesum-sepasang-anak-sd-viral-di-medsos-ada-fakta-video-lain-yang-tak-kalah-miris,No,Adult: Sexual content;Shocking content,Restricted ad serving,ca-pub-7784034061253020,4,2025-02-15,2025-02-15
bangka.tribunnews.com,Page,N/A,N/A,bangka.tribunnews.com/2019/07/15/angkat-rok-lalu-buka-celana-dalam-di-depan-orang-banyak-si-perempuan-beri-alasan-menohok-ini,No,Adult: Sexual content,Restricted ad serving,ca-pub-7784034061253020,4,2025-02-15,2025-02-15
bangka.tribunnews.com,Page,N/A,N/A,bangka.tribunnews.com/2018/01/10/tante-muda-pemeran-video-mesum-bersama-bocah-bandung-ternyata-bekerja-di-tempat-ini,No,Adult: Sexual content,Restricted ad serving,ca-pub-7784034061253020,4,2025-02-15,2025-02-15
bangka.tribunnews.com,Page,N/A,N/A,bangka.tribunnews.com/2017/12/20/tkw-ini-sengaja-rekam-saat-diraba-raba-majikan-lalu-diajak-begituan-endingnya-ngelus-dada,No,Adult: Sexual content,Restricted ad serving,ca-pub-7784034061253020,4,2025-02-15,2025-02-15
bangka.tribunnews.com,Page,N/A,N/A,bangka.tribunnews.com/2017/04/12/begini-pose-seksi-ariel-tatum-yang-jadi-bahan-komentar-nakal-netizen,Yes,Site Behavior: Navigation,Restricted ad serving,ca-pub-7784034061253020,4,2025-02-16,2025-02-16
bangka.tribunnews.com,Page,N/A,N/A,bangka.tribunnews.com/2016/11/08/kisah-pilu-gadis-sma-yang-masih-gadis-tapi-sudah-tak-perawan-lagi,No,Shocking content,Restricted ad serving,ca-pub-7784034061253020,4,2025-02-14,2025-02-14
bangka.tribunnews.com,Page,N/A,N/A,bangka.tribunnews.com/2016/10/15/negara-ini-produksi-80-ribu-video-porno-setahun-pemerannya-para-artis-cantik-kaya-raya,No,Adult: Sexual content,Restricted ad serving,ca-pub-7784034061253020,4,2025-02-14,2025-02-14
bangka.tribunnews.com,Page,N/A,N/A,bangka.tribunnews.com/2016/09/03/pemirsa-heboh-presenter-cantik-ini-terangsang-lalu-buka-pakaian-saat-baca-berita-ronaldo,No,Shocking content,Restricted ad serving,ca-pub-7784034061253020,4,2025-02-15,2025-02-15
bangka.tribunnews.com,Page,N/A,N/A,bangka.tribunnews.com/2016/08/25/guru-berhubungan-intim-dengan-muridnya-di-kelas-videonya-beredar-di-media-sosial,No,Adult: Sexual content,Restricted ad serving,ca-pub-7784034061253020,4,2025-02-14,2025-02-14
bangka.tribunnews.com,Page,N/A,N/A,bangka.tribunnews.com/2016/07/25/jepang-bikin-boneka-seks-anak-buat-pelampiasan-seksual-para-pedofil,No,Adult: Sexual content,Restricted ad serving,ca-pub-7784034061253020,4,2025-02-15,2025-02-15
bali.tribunnews.com,Page,N/A,N/A,bali.tribunnews.com/amp/2018/01/27/ternyata-ini-rahasia-aktor-film-panas-tahan-sepanjang-film,No,Adult: Sexual content,Restricted ad serving,ca-pub-7784034061253020,4,2025-02-14,2025-02-14
bali.tribunnews.com,Page,N/A,N/A,bali.tribunnews.com/2017/10/18/viral-gadis-sma-posting-foto-tak-biasa-di-facebook-ada-cairan-kental-di-wajahnya,No,Shocking content,Restricted ad serving,ca-pub-7784034061253020,4,2025-02-15,2025-02-15
bali.tribunnews.com,Page,N/A,N/A,bali.tribunnews.com/2017/08/14/edan-guru-smp-ini-kirim-gambar-porno-ke-siswinya,No,Adult: Sexual content,Restricted ad serving,ca-pub-7784034061253020,4,2025-02-15,2025-02-15
aceh.tribunnews.com,Page,N/A,N/A,aceh.tribunnews.com/tag/ketahuan-mesum-di-tempat-parkir,Yes,Google-served ads on screens without publisher-content,Restricted ad serving,ca-pub-7784034061253020,4,2025-02-14,2025-02-14
aceh.tribunnews.com,Page,N/A,N/A,aceh.tribunnews.com/2021/02/19/selain-wanita-di-bali-pria-malawi-ini-meregang-nyawa-setelah-berhubungan-intim-ini-penyebabnya,No,Google-served ads obscuring content,Restricted ad serving,ca-pub-7784034061253020,4,2025-02-15,2025-02-15
www.tribunnews.com,Page,N/A,N/A,www.tribunnews.com/techno/2018/09/05/viral-foto-pemuda-diduga-pelaku-pencurian-miliki-payudara-kok-bisa,No,Adult: Sexual content,Restricted ad serving,ca-pub-7784034061253020,3,2025-02-14,2025-02-14
www.tribunnews.com,Page,N/A,N/A,www.tribunnews.com/seleb/2019/12/29/konten-cupi-cupita-pedangdut-duo-gobas-sering-dinilai-seronok-ini-kata-pakar-hukum-soal-pornografi,No,Adult: Sexual content,Restricted ad serving,ca-pub-7784034061253020,3,2025-02-15,2025-02-15
www.tribunnews.com,Page,N/A,N/A,www.tribunnews.com/seleb/2011/07/10/foto-payudara-dewi-perssik-transparan-beredar,No,Adult: Sexual content,Restricted ad serving,ca-pub-7784034061253020,3,2025-02-14,2025-02-14
www.tribunnews.com,Page,N/A,N/A,www.tribunnews.com/regional/2020/02/01/nekat-buka-baju-demi-saweran-rp-100-ribu-penyanyi-dangdut-ini-terancam-10-tahun-penjara,Yes,Ads Disguised as Content,Restricted ad serving,ca-pub-7784034061253020,3,2025-02-14,2025-02-14
www.tribunnews.com,Page,N/A,N/A,www.tribunnews.com/regional/2019/10/11/siswa-siswi-smk-masih-gunakan-seragam-saksikan-adegan-ranjang-rekannya-sambil-direkam,Yes,Google-served ads on screens without publisher-content;Shocking content,Restricted ad serving,ca-pub-7784034061253020,3,2025-02-15,2025-02-15
www.tribunnews.com,Page,N/A,N/A,www.tribunnews.com/regional/2019/10/04/video-gadis-tanpa-busana-logat-manado-bersama-pria-di-kamar-hotel-minta-dibelikan-baju,No,Adult: Sexual content,Restricted ad serving,ca-pub-7784034061253020,3,2025-02-14,2025-02-14
www.tribunnews.com,Page,N/A,N/A,www.tribunnews.com/regional/2017/05/31/ini-seluk-beluk-forum-online-tempat-mucikari-online-jualan,No,Adult: Sexual content,Restricted ad serving,ca-pub-7784034061253020,3,2025-02-15,2025-02-15
www.tribunnews.com,Page,N/A,N/A,www.tribunnews.com/regional/2015/12/18/terima-saja-ajakan-pacar-baru-nginap-di-hotel-ini-akhirnya-yang-terjadi,No,Adult: Sexual content,Restricted ad serving,ca-pub-7784034061253020,3,2025-02-15,2025-02-15
www.tribunnews.com,Page,N/A,N/A,www.tribunnews.com/regional/2013/11/08/video-mesum-pejabat-bumn-dan-mahasiswi-gemparkan-garut,No,Shocking content,Restricted ad serving,ca-pub-7784034061253020,3,2025-02-15,2025-02-15
www.tribunnews.com,Page,N/A,N/A,www.tribunnews.com/regional/2011/11/04/di-kupang-107-dari-365-siswi-smp-dan-sma-tak-perawan,Yes,Google-served ads obscuring content;Modified Javascript: Ads by Google size,Restricted ad serving,ca-pub-7784034061253020,3,2025-02-15,2025-02-15
www.tribunnews.com,Page,N/A,N/A,www.tribunnews.com/metropolitan/2017/05/23/kaum-gay-yang-masih-remaja-disapa-popcorn-dan-diberi-diskon-khusus,No,Adult: Sexual content,Restricted ad serving,ca-pub-7784034061253020,3,2025-02-16,2025-02-16
www.tribunnews.com,Page,N/A,N/A,www.tribunnews.com/lifestyle/2017/07/10/pacarmu-yang-pendiam-itu-bisa-jadi-seorang-hiperseks-coba-cocokkan-dengan-ciri-ciri-ini,No,Adult: Sexual content,Restricted ad serving,ca-pub-7784034061253020,3,2025-02-15,2025-02-15
www.tribunnews.com,Page,N/A,N/A,www.tribunnews.com/lifestyle/2016/06/07/tebak-rata-rata-berapa-kali-pengantin-baru-bercinta-dalam-satu-minggu,No,Adult: Sexual content,Restricted ad serving,ca-pub-7784034061253020,3,2025-02-14,2025-02-14
www.tribunnews.com,Page,N/A,N/A,www.tribunnews.com/lifestyle/2015/05/13/perempuan-ternyata-lebih-suka-tonton-film-porno-lesbian-dan-threesome,No,Adult: Sexual content,Restricted ad serving,ca-pub-7784034061253020,3,2025-02-14,2025-02-14
www.tribunnews.com,Page,N/A,N/A,www.tribunnews.com/kesehatan/2017/09/15/kerap-dipilih-untuk-panaskan-ranjang-ternyata-efek-film-dewasa-faktanya-tak-disangka,No,Adult: Sexual content,Restricted ad serving,ca-pub-7784034061253020,3,2025-02-14,2025-02-14
www.tribunnews.com,Page,N/A,N/A,www.tribunnews.com/kesehatan/2016/12/08/pria-ternyata-punya-g-spot-loh-dimanakah-letaknya-simak-ini,No,Adult: Sexual content,Restricted ad serving,ca-pub-7784034061253020,3,2025-02-15,2025-02-15
www.tribunnews.com,Page,N/A,N/A,www.tribunnews.com/kesehatan/2016/04/29/orgasme-dapat-sembuhkan-sakit-kepala-benarkah,No,Adult: Sexual content,Restricted ad serving,ca-pub-7784034061253020,3,2025-02-15,2025-02-15
www.tribunnews.com,Page,N/A,N/A,www.tribunnews.com/kesehatan/2016/02/21/tak-disangka-lima-hal-ini-hanya-terjadi-di-film-esek-esek,No,Adult: Sexual content,Restricted ad serving,ca-pub-7784034061253020,3,2025-02-16,2025-02-16
www.tribunnews.com,Page,N/A,N/A,www.tribunnews.com/internasional/2018/02/14/bagaimana-kehidupan-seks-orang-orang-di-atas-umur-65-tahun,No,Adult: Sexual content,Restricted ad serving,ca-pub-7784034061253020,3,2025-02-15,2025-02-15
www.tribunnews.com,Page,N/A,N/A,www.tribunnews.com/internasional/2012/11/03/gesekkan-payudara-selama-110-menit-pelanggan-bayar-rp-18-juta-4,No,Adult: Sexual content,Restricted ad serving,ca-pub-7784034061253020,3,2025-02-16,2025-02-16
wartakota.tribunnews.com,Page,N/A,N/A,wartakota.tribunnews.com/2023/07/23/dibacok-pelajar-terkapar-berlumuran-darah-di-teluknaga-tangerang-netizen-sudah-miskin-belagu,No,Shocking content,Restricted ad serving,ca-pub-7784034061253020,3,2025-02-15,2025-02-15
wartakota.tribunnews.com,Page,N/A,N/A,wartakota.tribunnews.com/2018/06/21/beredar-video-porno-diduga-mirip-aura-kasih,No,Adult: Sexual content,Restricted ad serving,ca-pub-7784034061253020,3,2025-02-15,2025-02-15
wartakota.tribunnews.com,Page,N/A,N/A,wartakota.tribunnews.com/2017/12/28/demi-fantasi-seks-driver-ojek-online-jual-isteri-untuk-threesome,No,Adult: Sexual content,Restricted ad serving,ca-pub-7784034061253020,3,2025-02-14,2025-02-14
wartakota.tribunnews.com,Page,N/A,N/A,wartakota.tribunnews.com/2016/07/26/survey-menyatakan-wanita-lebih-suka-menonton-film-porno-setelah-menikah,No,Adult: Sexual content,Restricted ad serving,ca-pub-7784034061253020,3,2025-02-14,2025-02-14
video.tribunnews.com,Page,N/A,N/A,video.tribunnews.com/view/30574/ritual-pesugihan-wanita-lepas-dan-kibaskan-celana-dalam-lalu-kencing-di-depan-toko,Yes,Site Behavior: Navigation,Restricted ad serving,ca-pub-7784034061253020,3,2025-02-15,2025-02-15
suryamalang.tribunnews.com,Page,N/A,N/A,suryamalang.tribunnews.com/tag/prostitusi?url=2017%2F01%2F12%2Fberdarah-darah-usai-bercinta-dipikir-dianiaya-ternyata-ini-yang-terjadi-sebenarnya,No,Shocking content,Restricted ad serving,ca-pub-7784034061253020,3,2025-02-15,2025-02-15
suryamalang.tribunnews.com,Page,N/A,N/A,suryamalang.tribunnews.com/2019/12/13/ada-yang-telanjang-dada-selain-video-2-gadis-cantik-mandi-keramas-sambil-naik-motor-di-mojokerto,No,Adult: Sexual content;Shocking content,Restricted ad serving,ca-pub-7784034061253020,3,2025-02-14,2025-02-14
suryamalang.tribunnews.com,Page,N/A,N/A,suryamalang.tribunnews.com/2019/05/16/gadis-abg-dipaksa-adegan-intim-oleh-pria-blitar-sambil-live-facebook-hasil-kenalan-di-malang,No,Adult: Sexual content,Restricted ad serving,ca-pub-7784034061253020,3,2025-02-15,2025-02-15
suryamalang.tribunnews.com,Page,N/A,N/A,suryamalang.tribunnews.com/2017/04/08/3-posisi-bercinta-yang-bikin-wanita-langsing-hmm-layak-dicoba,No,Adult: Sexual content;Shocking content,Restricted ad serving,ca-pub-7784034061253020,3,2025-02-14,2025-02-14
suryamalang.tribunnews.com,Page,N/A,N/A,suryamalang.tribunnews.com/2017/01/17/wanita-lesbian-ini-pakai-penis-palsu-untuk-cabuli-gadis-abg-caranya-diikat-di,No,Adult: Sexual content,Restricted ad serving,ca-pub-7784034061253020,3,2025-02-14,2025-02-14
suryamalang.tribunnews.com,Page,N/A,N/A,suryamalang.tribunnews.com/2017/01/07/inilah-lokasi-ideal-untuk-melakukan-pemanasan-sebelum-bercinta-dengan-pasangan-dijamin-puas-deh,No,Adult: Sexual content,Restricted ad serving,ca-pub-7784034061253020,3,2025-02-14,2025-02-14
suryamalang.tribunnews.com,Page,N/A,N/A,suryamalang.tribunnews.com/2015/05/06/ibu-muda-asal-tiongkok-mengejar-rekor-pemilik-buah-dada-terindah-di-dunia,No,Adult: Sexual content,Restricted ad serving,ca-pub-7784034061253020,3,2025-02-14,2025-02-14
surabaya.tribunnews.com,Page,N/A,N/A,surabaya.tribunnews.com/2020/01/28/pemuda-pacet-mojokerto-tawarkan-wanita-cantik-tarif-rp-9000002-jam-main-di-vila-begini-triknya,No,Shocking content,Restricted ad serving,ca-pub-7784034061253020,3,2025-02-14,2025-02-14
surabaya.tribunnews.com,Page,N/A,N/A,surabaya.tribunnews.com/2019/10/30/kronologi-seorang-pengamen-di-surabaya-yang-marah-marah-lalu-bacok-tangan-dan-leher-warga-putat-jaya,No,Shocking content,Restricted ad serving,ca-pub-7784034061253020,3,2025-02-15,2025-02-15
surabaya.tribunnews.com,Page,N/A,N/A,surabaya.tribunnews.com/2019/05/28/viral-video-panas-siswi-smp-banyuwangi-wajah-pemain-jadi-meme-di-instagram-ig,No,Shocking content,Restricted ad serving,ca-pub-7784034061253020,3,2025-02-14,2025-02-14
surabaya.tribunnews.com,Page,N/A,N/A,surabaya.tribunnews.com/2019/03/05/detik-detik-siswi-menjerit-saat-oknum-guru-nonton-film-dewasa-di-kelas-viral-di-whatsapp-wa-ig,No,Adult: Sexual content,Restricted ad serving,ca-pub-7784034061253020,3,2025-02-15,2025-02-15
surabaya.tribunnews.com,Page,N/A,N/A,surabaya.tribunnews.com/2018/10/10/tawarkan-jasa-swinger-eko-tak-sembarangan-pilih-partner-di-ranjang,No,Adult: Sexual content,Restricted ad serving,ca-pub-7784034061253020,3,2025-02-14,2025-02-14
surabaya.tribunnews.com,Page,N/A,N/A,surabaya.tribunnews.com/2015/04/08/video-karapan-sapi-berujung-perang-clurit,Yes,Ads Disguised as Content,Restricted ad serving,ca-pub-7784034061253020,3,2025-02-16,2025-02-16
sumsel.tribunnews.com,Page,N/A,N/A,sumsel.tribunnews.com/2017/06/18/wanita-muda-ini-terlihat-buka-baju-dan-celana-di-depan-umum-netizen-justru-berikan-pujian-kepadanya,Yes,Site Behavior: Navigation,Restricted ad serving,ca-pub-7784034061253020,3,2025-02-14,2025-02-14
sumsel.tribunnews.com,Page,N/A,N/A,sumsel.tribunnews.com/2016/05/18/video-sesuatu-yang-keluar-dari-komedo-hitam-mengerikan-ini-bikin-merinding,No,Shocking content,Restricted ad serving,ca-pub-7784034061253020,3,2025-02-14,2025-02-14
style.tribunnews.com,Page,N/A,N/A,style.tribunnews.com/2017/11/17/astaga-guru-perempuan-ini-paksa-muridnya-untuk-berhubungan-badan-kalau-mau-nilainya-bagus,No,Adult: Sexual content,Restricted ad serving,ca-pub-7784034061253020,3,2025-02-15,2025-02-15
style.tribunnews.com,Page,N/A,N/A,style.tribunnews.com/2017/10/28/5-hal-tak-terduga-bikin-wanita-hilang-keperawanan-tanpa-berhubungan-intim-dengan-pria,No,Adult: Sexual content,Restricted ad serving,ca-pub-7784034061253020,3,2025-02-14,2025-02-14
prohaba.tribunnews.com,Page,N/A,N/A,prohaba.tribunnews.com/2024/09/04/seorang-nenek-di-deli-serdang-tewas-bersimbah-di-rumahnya-dengan-leher-tergorokberikut-kronologinya,No,Shocking content,Restricted ad serving,ca-pub-7784034061253020,3,2025-02-14,2025-02-14
pontianak.tribunnews.com,Page,N/A,N/A,pontianak.tribunnews.com/2019/09/10/terekam-kamera-dua-cewek-dan-satu-cowok-telanjang-naik-motor-di-lokasi-berbeda-videonya-beredar,Yes,Encouraging accidental clicks: Layout,Restricted ad serving,ca-pub-7784034061253020,3,2025-02-14,2025-02-14
pontianak.tribunnews.com,Page,N/A,N/A,pontianak.tribunnews.com/2019/01/14/seorang-wanita-bakar-suami-pemicunya-sepele,No,Shocking content,Restricted ad serving,ca-pub-7784034061253020,3,2025-02-15,2025-02-15
pontianak.tribunnews.com,Page,N/A,N/A,pontianak.tribunnews.com/2019/01/03/ingin-puaskan-pasangan-ini-3-posisi-seks-terbaik-untuk-pria-gemuk,No,Adult: Sexual content,Restricted ad serving,ca-pub-7784034061253020,3,2025-02-14,2025-02-14
pontianak.tribunnews.com,Page,N/A,N/A,pontianak.tribunnews.com/2017/12/07/sebuah-pengakuan-pemuda-simpanan-tante-girang-mengaku-jadi-mesin-pemuas,No,Adult: Sexual content,Restricted ad serving,ca-pub-7784034061253020,3,2025-02-14,2025-02-14
pekanbaru.tribunnews.com,Page,N/A,N/A,pekanbaru.tribunnews.com/2022/06/05/sewa-kamar-sehari-100-ribu-brondong-nekat-bawa-stw-ke-dalamnya-kaget-digerebek-suami-orang,Yes,Ads Disguised as Content,Restricted ad serving,ca-pub-7784034061253020,3,2025-02-15,2025-02-15
pekanbaru.tribunnews.com,Page,N/A,N/A,pekanbaru.tribunnews.com/2020/03/30/video-hot-mirip-host-uang-kaget-soraya-rasyid-viral-netizen-dm-lewat-instagram-rp-tf-5-juta-aja,No,Adult: Sexual content,Restricted ad serving,ca-pub-7784034061253020,3,2025-02-15,2025-02-15
pekanbaru.tribunnews.com,Page,N/A,N/A,pekanbaru.tribunnews.com/2015/09/25/gara-gara-nonton-film-porno-8-jam-sehari-hidup-wanita-ini-kacau,No,Adult: Sexual content,Restricted ad serving,ca-pub-7784034061253020,3,2025-02-14,2025-02-14
palembang.tribunnews.com,Page,N/A,N/A,palembang.tribunnews.com/2020/01/02/perokok-di-palembang-menjerit-het-rokok-naik-berpikir-berhenti-merokok-atau-minta-sama-kawan,No,Shocking content,Restricted ad serving,ca-pub-7784034061253020,3,2025-02-15,2025-02-15
palembang.tribunnews.com,Page,N/A,N/A,palembang.tribunnews.com/2014/10/23/video-siswi-smp-mesum-di-hutan-beredar-di-youtube,No,Shocking content,Restricted ad serving,ca-pub-7784034061253020,3,2025-02-14,2025-02-14
palembang.tribunnews.com,Page,N/A,N/A,palembang.tribunnews.com/2014/08/10/obat-kuat-dan-perangsang-dijual-bebas-di-baturaja-oku,No,Adult: Sexual content,Restricted ad serving,ca-pub-7784034061253020,3,2025-02-14,2025-02-14
medan.tribunnews.com,Page,N/A,N/A,medan.tribunnews.com/tag/foto-seksi-yolla-yuliana,Yes,Google-served ads on screens without publisher-content,Restricted ad serving,ca-pub-7784034061253020,3,2025-02-16,2025-02-16
medan.tribunnews.com,Page,N/A,N/A,medan.tribunnews.com/2022/09/24/foto-ranjang-natasha-wilona-dan-aliando-membuat-panas-netizen,Yes,Ads Disguised as Content,Restricted ad serving,ca-pub-7784034061253020,3,2025-02-14,2025-02-14
medan.tribunnews.com,Page,N/A,N/A,medan.tribunnews.com/2022/07/26/6-fakta-video-hubungan-threesome-satu-pria-setubuhi-2-gadis-abg-pelaku-ditangkap-ini-modusnya,Yes,Ads Disguised as Content,Restricted ad serving,ca-pub-7784034061253020,3,2025-02-15,2025-02-15
medan.tribunnews.com,Page,N/A,N/A,medan.tribunnews.com/2020/12/24/foto-seksi-tante-ernie-di-kolam-renang-bikin-gak-kuat-warganet-panas-dingin-hadap-kiri-atau-kanan,Yes,Ads Disguised as Content,Restricted ad serving,ca-pub-7784034061253020,3,2025-02-14,2025-02-14
medan.tribunnews.com,Page,N/A,N/A,medan.tribunnews.com/2019/11/21/video-seks-vina-garut-akan-diputar-di-persidangan-ini-penjelasan-humas-pn,Yes,Mislabeled Ads,Restricted ad serving,ca-pub-7784034061253020,3,2025-02-14,2025-02-14
medan.tribunnews.com,Page,N/A,N/A,medan.tribunnews.com/2018/08/14/inilah-11-fakta-hingga-foto-foto-mencuatnya-kembali-kasus-video-porno-ariel-luna-maya-dan-cut-tari,No,Adult: Sexual content,Restricted ad serving,ca-pub-7784034061253020,3,2025-02-14,2025-02-14
medan.tribunnews.com,Page,N/A,N/A,medan.tribunnews.com/2018/02/02/kisah-pria-yang-melawan-praktik-tes-keperawanan-pada-malam-pertama-berdarah-identik-perawan,No,Adult: Sexual content,Restricted ad serving,ca-pub-7784034061253020,3,2025-02-15,2025-02-15
manado.tribunnews.com,Page,N/A,N/A,manado.tribunnews.com/tag/pencabulan,No,Adult: Sexual content,Restricted ad serving,ca-pub-7784034061253020,3,2025-02-15,2025-02-15
manado.tribunnews.com,Page,N/A,N/A,manado.tribunnews.com/2019/02/21/apakah-seks-swalayan-punya-efek-samping,No,Adult: Sexual content,Restricted ad serving,ca-pub-7784034061253020,3,2025-02-14,2025-02-14
makassar.tribunnews.com,Page,N/A,N/A,makassar.tribunnews.com/tag/pesta-seks-tukar-pasangan-di-surabaya?url=2018%2F10%2F12%2Ffakta-fakta-skandal-pesta-seks-tukar-pasangan-di-surabaya-tarif-istri-eko-hamil-8-bulan,No,Adult: Sexual content,Restricted ad serving,ca-pub-7784034061253020,3,2025-02-14,2025-02-14
makassar.tribunnews.com,Page,N/A,N/A,makassar.tribunnews.com/2020/06/08/video-pinjam-uang-pacar-hingga-disuruh-bugil-saat-video-call-wanita-ini-tak-sadar-direkam,No,Shocking content,Restricted ad serving,ca-pub-7784034061253020,3,2025-02-15,2025-02-15
makassar.tribunnews.com,Page,N/A,N/A,makassar.tribunnews.com/2017/10/10/detik-detik-penggerebekan-pesta-seks-gay-di-t1-spa-harmoni-ditemukan-pelicin-alat-kelamin,No,Adult: Sexual content,Restricted ad serving,ca-pub-7784034061253020,3,2025-02-15,2025-02-15
makassar.tribunnews.com,Page,N/A,N/A,makassar.tribunnews.com/2017/08/09/pengakuan-pemuda-simpanan-tante-tante-saya-hanya-jadi-mesin-pemuas-syahwat,No,Adult: Sexual content,Restricted ad serving,ca-pub-7784034061253020,3,2025-02-15,2025-02-15
makassar.tribunnews.com,Page,N/A,N/A,makassar.tribunnews.com/2017/07/29/daftar-4-fakta-video-panas-terbaru-pamela-dan-dj-dinar-candy-nomor-2-bikin-mampus,No,Google-served ads obscuring content,Restricted ad serving,ca-pub-7784034061253020,3,2025-02-15,2025-02-15
makassar.tribunnews.com,Page,N/A,N/A,makassar.tribunnews.com/2017/07/27/cowok-harus-tahu-3-manfaat-tak-terduga-mencukur-rambut-kemaluan-no-2-bikin-sensitif,No,Adult: Sexual content,Restricted ad serving,ca-pub-7784034061253020,3,2025-02-14,2025-02-14
makassar.tribunnews.com,Page,N/A,N/A,makassar.tribunnews.com/2017/06/06/5-fakta-tentang-viona-wanita-bugil-berbelanja-di-apotek-nomor-3-bikin-syok,No,Adult: Sexual content,Restricted ad serving,ca-pub-7784034061253020,3,2025-02-15,2025-02-15
makassar.tribunnews.com,Page,N/A,N/A,makassar.tribunnews.com/2015/08/11/psk-ini-foto-bareng-pelangganya-di-ranjang-hotel-ini-foto-fotonya,No,Adult: Sexual content,Restricted ad serving,ca-pub-7784034061253020,3,2025-02-14,2025-02-14
m.tribunnews.com,Page,N/A,N/A,m.tribunnews.com/tag/korban-mutilasi,No,Shocking content,Restricted ad serving,ca-pub-7784034061253020,3,2025-02-14,2025-02-14
m.tribunnews.com,Page,N/A,N/A,m.tribunnews.com/tag/beras,Yes,Unnatural attention to ads,Restricted ad serving,ca-pub-7784034061253020,3,2025-02-14,2025-02-14
m.tribunnews.com,Page,N/A,N/A,m.tribunnews.com/amp/tribunners/2012/08/23/digoyang-gigolo-tante-girang-makin-kegirangan,No,Adult: Sexual content,Restricted ad serving,ca-pub-7784034061253020,3,2025-02-14,2025-02-14
lampung.tribunnews.com,Page,N/A,N/A,lampung.tribunnews.com/2018/10/02/4-fakta-mengejutkan-pesta-seks-sesama-jenis-di-sunter-pemilik-rumah-ternyata-sudah-beristri-lho,No,Adult: Sexual content,Restricted ad serving,ca-pub-7784034061253020,3,2025-02-15,2025-02-15
lampung.tribunnews.com,Page,N/A,N/A,lampung.tribunnews.com/2018/05/10/5-artis-cantik-ini-berstatus-janda-muda-pilih-cerai-karena-dipaksa-foto-telanjang,Yes,Adult: Sexual content;Site Behavior: Navigation,Restricted ad serving,ca-pub-7784034061253020,3,2025-02-15,2025-02-15
lampung.tribunnews.com,Page,N/A,N/A,lampung.tribunnews.com/2017/08/29/video-pakai-baju-ketat-dewi-perssik-jingkrak-jingkrak,Yes,Site Behavior: Navigation,Restricted ad serving,ca-pub-7784034061253020,3,2025-02-14,2025-02-14
lampung.tribunnews.com,Page,N/A,N/A,lampung.tribunnews.com/2015/02/21/ingin-bisa-berhubungan-seks-sampai-lanjut-usia-ini-tipsnya,No,Adult: Sexual content,Restricted ad serving,ca-pub-7784034061253020,3,2025-02-13,2025-02-14
lampung.tribunnews.com,Page,N/A,N/A,lampung.tribunnews.com/2011/10/14/rihanna-tampil-bugil-sambil-pamerkan-3-tato,No,Adult: Sexual content,Restricted ad serving,ca-pub-7784034061253020,3,2025-02-13,2025-02-14
kupang.tribunnews.com,Page,N/A,N/A,kupang.tribunnews.com/2024/04/01/berita-viral-lokal-hal-ini-pemicu-anak-kandung-cungkil-mata-ibunya-dan-sayat-leher-di-kupang-ntt,No,Shocking content,Restricted ad serving,ca-pub-7784034061253020,3,2025-02-15,2025-02-15
kupang.tribunnews.com,Page,N/A,N/A,kupang.tribunnews.com/2019/11/24/digaji-rp-45-jutamalam-mahasiswi-keperawatan-jadi-penari-striptis-demi-bayar-biaya-kuliah-info,No,Shocking content,Restricted ad serving,ca-pub-7784034061253020,3,2025-02-14,2025-02-14
kupang.tribunnews.com,Page,N/A,N/A,kupang.tribunnews.com/2019/08/23/kehidupan-masa-kecil-vina-garut-terungkap-sebelum-video-panas-dengan-tiga-pria-viral-di-twitter,No,Adult: Sexual content,Restricted ad serving,ca-pub-7784034061253020,3,2025-02-15,2025-02-15
kupang.tribunnews.com,Page,N/A,N/A,kupang.tribunnews.com/2019/08/20/video-porno-mahasiswi-yogyakarta-sengaja-disebar-di-wa-line-polisi-ungkap-motif,No,Adult: Sexual content,Restricted ad serving,ca-pub-7784034061253020,3,2025-02-14,2025-02-14
kupang.tribunnews.com,Page,N/A,N/A,kupang.tribunnews.com/2019/08/15/video-panas-2-pria-1-wanita-tersebar-di-garut-pemeran-pria-langsung-sakit-keras-polisi-lakukan-ini,No,Shocking content,Restricted ad serving,ca-pub-7784034061253020,3,2025-02-14,2025-02-14
kupang.tribunnews.com,Page,N/A,N/A,kupang.tribunnews.com/2018/05/12/wow-mahasiswi-cantik-anak-profesor-ini-nekat-buka-baju-di-depan-dosennya-sempat-viral-di-medsos,No,Adult: Sexual content,Restricted ad serving,ca-pub-7784034061253020,3,2025-02-14,2025-02-14
kupang.tribunnews.com,Page,N/A,N/A,kupang.tribunnews.com/2018/02/05/bikin-heboh-polwan-seksi-nan-cantik-kepergok-mandi-telanjang-bersama-polisi-pria-di-asrama,No,Adult: Sexual content,Restricted ad serving,ca-pub-7784034061253020,3,2025-02-15,2025-02-15
kupang.tribunnews.com,Page,N/A,N/A,kupang.tribunnews.com/2017/09/17/gawat-china-luncurkan-jasa-boneka-seks-berbagi-ini-bahaya-yang-dikhawatirkan,No,Adult: Sexual content,Restricted ad serving,ca-pub-7784034061253020,3,2025-02-14,2025-02-14
kupang.tribunnews.com,Page,N/A,N/A,kupang.tribunnews.com/2016/10/03/benarkah-pria-puas-dengan-mr-p-miliknya,No,Adult: Sexual content,Restricted ad serving,ca-pub-7784034061253020,3,2025-02-14,2025-02-14
jogja.tribunnews.com,Page,N/A,N/A,jogja.tribunnews.com/amp/2017/04/14/10-negara-ini-ini-punya-budaya-kehidupan-seks-paling-bebas-di-dunia,No,Adult: Sexual content,Restricted ad serving,ca-pub-7784034061253020,3,2025-02-14,2025-02-14
jogja.tribunnews.com,Page,N/A,N/A,jogja.tribunnews.com/2019/07/14/kronologi-terbongkarnya-video-mesum-pelajar-di-tegal-berawal-dari-razia-hp-di-sekolah,No,Adult: Sexual content,Restricted ad serving,ca-pub-7784034061253020,3,2025-02-14,2025-02-14
jogja.tribunnews.com,Page,N/A,N/A,jogja.tribunnews.com/2017/01/28/instruktur-wanita-ini-buka-kelas-senam-bugil-ini-syarat-dan-tarifnya,No,Adult: Sexual content,Restricted ad serving,ca-pub-7784034061253020,3,2025-02-15,2025-02-15
jatim.tribunnews.com,Page,N/A,N/A,jatim.tribunnews.com/2018/04/11/usai-ujian-sma-siswi-cantik-ini-jual-keperawanan-rp-15-juta-untuk-bayar-uang-sekolah,No,Shocking content,Restricted ad serving,ca-pub-7784034061253020,3,2025-02-15,2025-02-15
jatim.tribunnews.com,Page,N/A,N/A,jatim.tribunnews.com/2018/01/17/5-fakta-gadis-8-tahun-yang-kecanduan-seks-dari-tumbuh-di-dolly-hingga-diberi-obat-penurun-libido,No,Adult: Sexual content,Restricted ad serving,ca-pub-7784034061253020,3,2025-02-15,2025-02-15
jateng.tribunnews.com,Page,N/A,N/A,jateng.tribunnews.com/2020/03/12/ada-praktik-pijat-plus-plus-khusus-gay-di-kota-semarang-polisi-amankan-wig-hingga-suplemen,No,Shocking content,Restricted ad serving,ca-pub-7784034061253020,3,2025-02-15,2025-02-15
jateng.tribunnews.com,Page,N/A,N/A,jateng.tribunnews.com/2019/06/19/3-fakta-pasangan-suami-istri-suguhkan-hubungan-seks-secara-livepenonton-bayar-rp-5000,No,Adult: Sexual content,Restricted ad serving,ca-pub-7784034061253020,3,2025-02-14,2025-02-14
jateng.tribunnews.com,Page,N/A,N/A,jateng.tribunnews.com/2019/02/05/kambing-ini-tewas-usai-diperkosa-8-pria-awas-kelainan-seksual-zoofilia,No,Shocking content,Restricted ad serving,ca-pub-7784034061253020,3,2025-02-14,2025-02-14
jateng.tribunnews.com,Page,N/A,N/A,jateng.tribunnews.com/2019/01/09/4-fakta-kasus-pembunuhan-siswi-smk-di-bogor-terekam-cctv-tapiidentitas-pelaku-belumterungkap,Yes,Ads Disguised as Content;Shocking content,Restricted ad serving,ca-pub-7784034061253020,3,2025-02-14,2025-02-14
jateng.tribunnews.com,Page,N/A,N/A,jateng.tribunnews.com/2016/10/28/video-tkw-pamer-goyang-erotis-bikin-geger-netizen,Yes,Site Behavior: Navigation,Restricted ad serving,ca-pub-7784034061253020,3,2025-02-14,2025-02-14
jateng.tribunnews.com,Page,N/A,N/A,jateng.tribunnews.com/2015/10/16/pria-tak-waras-ini-langsung-bacok-pak-carik-ngarjo-hingga-tewas,No,Shocking content,Restricted ad serving,ca-pub-7784034061253020,3,2025-02-14,2025-02-14
jateng.tribunnews.com,Page,N/A,N/A,jateng.tribunnews.com/2015/06/20/heboh-wanita-nekat-kencing-di-jalanan-padat,No,Adult: Sexual content,Restricted ad serving,ca-pub-7784034061253020,3,2025-02-14,2025-02-14
jambi.tribunnews.com,Page,N/A,N/A,jambi.tribunnews.com/2020/11/07/ramuan-obat-kuat-campuran-kopi-hitam-merica-telur-dan-madu-atau-jahe-madu-dan-kuning-telur,No,Adult: Sexual content,Restricted ad serving,ca-pub-7784034061253020,3,2025-02-14,2025-02-14
jambi.tribunnews.com,Page,N/A,N/A,jambi.tribunnews.com/2018/03/18/foto-tanpa-sehelai-benang-wanita-ini-lakukan-ritual-jogging-di-kawasan-bersalju-alasannya,Yes,Site Behavior: Navigation,Restricted ad serving,ca-pub-7784034061253020,3,2025-02-14,2025-02-14
jambi.tribunnews.com,Page,N/A,N/A,jambi.tribunnews.com/2018/01/16/10-alasan-wanita-nonton-film-panas-nomor-3-pria-bisa-terdiam-dibuatnya,No,Adult: Sexual content,Restricted ad serving,ca-pub-7784034061253020,3,2025-02-14,2025-02-14
jambi.tribunnews.com,Page,N/A,N/A,jambi.tribunnews.com/2017/02/05/galeri-foto-astaghfirullah-wanita-ini-upload-foto-telanjangnya-di-fb-diduga-warga-sungai-penuh,No,Google-served ads obscuring content,Restricted ad serving,ca-pub-7784034061253020,3,2025-02-15,2025-02-15
jakarta.tribunnews.com,Page,N/A,N/A,jakarta.tribunnews.com/2020/08/22/pasang-tarif-rp-15-juta-wanita-malam-ini-curhat-caranya-kurangi-rasa-sakit-layani-tamu-8-sehari,Yes,Ads Disguised as Content,Restricted ad serving,ca-pub-7784034061253020,3,2025-02-15,2025-02-15
jakarta.tribunnews.com,Page,N/A,N/A,jakarta.tribunnews.com/2019/12/13/jangan-ditiru-2-perempuan-berpakaian-terbuka-ini-mandi-sambil-kendarai-sepeda-motor-ini-fotonya,No,Shocking content,Restricted ad serving,ca-pub-7784034061253020,3,2025-02-15,2025-02-15
jakarta.tribunnews.com,Page,N/A,N/A,jakarta.tribunnews.com/2019/08/27/wanita-gantung-diri-di-meruyung-depok-warga-rasakan-kejangggalan-ini,No,Shocking content,Restricted ad serving,ca-pub-7784034061253020,3,2025-02-15,2025-02-15
jabar.tribunnews.com,Page,N/A,N/A,jabar.tribunnews.com/2021/07/08/cerita-keluarga-nike-ardilla-saat-ketemu-amel-sikap-amel-ke-ibunya-lucu-bun-ini-gimana-bun,No,Adult: Sexual content,Restricted ad serving,ca-pub-7784034061253020,3,2025-02-14,2025-02-14
jabar.tribunnews.com,Page,N/A,N/A,jabar.tribunnews.com/2021/05/25/pemandu-karaoke-yang-terjun-ke-prostitusi-online-di-kawasan-wisata-kalau-mau-aku-masih-open,Yes,Google-served ads obscuring content;Modified Javascript: Ads by Google size,Restricted ad serving,ca-pub-7784034061253020,3,2025-02-14,2025-02-14
jabar.tribunnews.com,Page,N/A,N/A,jabar.tribunnews.com/2017/06/06/foto-bareng-hantu-di-bandung-masih-marak-ini-penghasilan-para-cosplayer-nya,No,Shocking content,Restricted ad serving,ca-pub-7784034061253020,3,2025-02-14,2025-02-14
jabar.tribunnews.com,Page,N/A,N/A,jabar.tribunnews.com/2016/05/26/kondom-bekas-pakai-dan-baru-banyak-ditemukan-di-kawasan-bungursari-purwakarta,No,Adult: Sexual content,Restricted ad serving,ca-pub-7784034061253020,3,2025-02-14,2025-02-14
jabar.tribunnews.com,Page,N/A,N/A,jabar.tribunnews.com/2014/07/02/tidur-tanpa-busana-rahasia-pernikahan-langgeng,No,Adult: Sexual content,Restricted ad serving,ca-pub-7784034061253020,3,2025-02-14,2025-02-14
cirebon.tribunnews.com,Page,N/A,N/A,cirebon.tribunnews.com/2019/12/02/model-cantik-seksi-tewas-telanjang-di-apartemen-usai-disewa-berhubungan-badan-bertiga-oleh-miliuner,No,Adult: Sexual content,Restricted ad serving,ca-pub-7784034061253020,3,2025-02-15,2025-02-15
bogor.tribunnews.com,Page,N/A,N/A,bogor.tribunnews.com/2018/05/01/masturbasi-bisa-sebabkan-hiv-masa-sih-begini-fakta-lengkapnya,No,Shocking content,Restricted ad serving,ca-pub-7784034061253020,3,2025-02-14,2025-02-14
belitung.tribunnews.com,Page,N/A,N/A,belitung.tribunnews.com/2019/05/25/kakek-shigeo-jadi-bintang-film-dewasa-tertua-di-dunia-begini-rahasianya-tak-pernah-pakai-obat-kuat,No,Adult: Sexual content,Restricted ad serving,ca-pub-7784034061253020,3,2025-02-14,2025-02-14
belitung.tribunnews.com,Page,N/A,N/A,belitung.tribunnews.com/2017/11/20/kisah-4-penari-telanjang-dalam-kondisi-bugil-saat-digerebek-tinggal-di-kos-elite-hingga-bermobil,No,Adult: Sexual content,Restricted ad serving,ca-pub-7784034061253020,3,2025-02-15,2025-02-15
belitung.tribunnews.com,Page,N/A,N/A,belitung.tribunnews.com/2017/05/11/pria-di-atas-wanita-goyang-goyang-di-pinggir-jalan-videonya-viral,No,Adult: Sexual content,Restricted ad serving,ca-pub-7784034061253020,3,2025-02-16,2025-02-16
batam.tribunnews.com,Page,N/A,N/A,batam.tribunnews.com/2019/10/28/viral-wanita-muda-nekat-buka-baju-telanjang-dada-di-jalan-raya-diduga-terpengaruh-alkohol,No,Adult: Sexual content,Restricted ad serving,ca-pub-7784034061253020,3,2025-02-14,2025-02-14
batam.tribunnews.com,Page,N/A,N/A,batam.tribunnews.com/2017/08/12/heboh-video-hubungan-intim-tkw-di-singapura-tersebar-lewat-medsos,No,Adult: Sexual content,Restricted ad serving,ca-pub-7784034061253020,3,2025-02-14,2025-02-14
batam.tribunnews.com,Page,N/A,N/A,batam.tribunnews.com/2017/03/07/terkuak-mengapa-ekspresi-saat-orgasme-sering-terlihat-aneh-jawabannya-bikin-ngakak,No,Adult: Sexual content,Restricted ad serving,ca-pub-7784034061253020,3,2025-02-15,2025-02-15
banjarmasin.tribunnews.com,Page,N/A,N/A,banjarmasin.tribunnews.com/2020/11/23/video-syur-nikita-mirzani-mau-dikirim-pada-jenita-janet-nyai-beri-syarat,No,Google-served ads obscuring content,Restricted ad serving,ca-pub-7784034061253020,3,2025-02-14,2025-02-14
banjarmasin.tribunnews.com,Page,N/A,N/A,banjarmasin.tribunnews.com/2019/11/15/viral-video-mesum-berdurasi-2-menit-46-detik-hebohkan-kendari-diduga-pemeran-perempuan-mahasiswi,No,Adult: Sexual content,Restricted ad serving,ca-pub-7784034061253020,3,2025-02-15,2025-02-15
banjarmasin.tribunnews.com,Page,N/A,N/A,banjarmasin.tribunnews.com/2019/06/09/mimpi-berhubungan-intim-termasuk-dengan-bos-atau-rekan-kerja-ini-artinya-bagi-asmara-anda,No,Adult: Sexual content,Restricted ad serving,ca-pub-7784034061253020,3,2025-02-14,2025-02-14
banjarmasin.tribunnews.com,Page,N/A,N/A,banjarmasin.tribunnews.com/2016/05/20/beredar-rontgen-eno-gagang-cangkul-terlihat-jelas-hingga-paru-paru,Yes,Ads Disguised as Content,Restricted ad serving,ca-pub-7784034061253020,3,2025-02-15,2025-02-15
bangka.tribunnews.com,Page,N/A,N/A,bangka.tribunnews.com/tag/terdakwa-film-mesum,Yes,Google-served ads on screens without publisher-content,Restricted ad serving,ca-pub-7784034061253020,3,2025-02-15,2025-02-15
bangka.tribunnews.com,Page,N/A,N/A,bangka.tribunnews.com/tag/obat-kuat-alami,Yes,Google-served ads on screens without publisher-content,Restricted ad serving,ca-pub-7784034061253020,3,2025-02-14,2025-02-14
bangka.tribunnews.com,Page,N/A,N/A,bangka.tribunnews.com/amp/2019/12/28/streaming-film-online-dan-drama-korea-lk21-dan-indo-xxi-dihentikan-ini-penggantinya,No,Shocking content,Restricted ad serving,ca-pub-7784034061253020,3,2025-02-14,2025-02-14
bangka.tribunnews.com,Page,N/A,N/A,bangka.tribunnews.com/2018/03/30/lauren-jauregui-banting-setir-jadi-model-majalah-playboy,Yes,Site Behavior: Navigation,Restricted ad serving,ca-pub-7784034061253020,3,2025-02-15,2025-02-15
bangka.tribunnews.com,Page,N/A,N/A,bangka.tribunnews.com/2018/01/21/bukin-heboh-lagi-gebby-vesta-buat-video-seronok-mainin-anu-pria-kekecilan-ngak-sih,No,Adult: Sexual content,Restricted ad serving,ca-pub-7784034061253020,3,2025-02-15,2025-02-15
bangka.tribunnews.com,Page,N/A,N/A,bangka.tribunnews.com/2018/01/13/video-mesum-diduga-mirip-artis-pendatang-baru-viral-link-videonya-beredar-di-twitter,No,Adult: Sexual content,Restricted ad serving,ca-pub-7784034061253020,3,2025-02-14,2025-02-14
bangka.tribunnews.com,Page,N/A,N/A,bangka.tribunnews.com/2017/10/10/pria-muda-dapat-diskon-ada-kolam-renang-besar-untuk-pesta-seks-gay,No,Adult: Sexual content,Restricted ad serving,ca-pub-7784034061253020,3,2025-02-14,2025-02-14
bangka.tribunnews.com,Page,N/A,N/A,bangka.tribunnews.com/2017/02/03/wanita-pemijat-ngintip-dibalik-tirai-tunggu-pelanggan-didatangi-malah-ngintip,No,Shocking content,Restricted ad serving,ca-pub-7784034061253020,3,2025-02-15,2025-02-15
bangka.tribunnews.com,Page,N/A,N/A,bangka.tribunnews.com/2017/01/01/wanita-cantik-ini-terungkap-bercinta-dengan-anjing-pitbull-peliharaannya,No,Adult: Sexual content,Restricted ad serving,ca-pub-7784034061253020,3,2025-02-14,2025-02-14
bangka.tribunnews.com,Page,N/A,N/A,bangka.tribunnews.com/2016/09/27/ini-7-mitos-hubungan-intim-yang-beredar-dan-masih-dipercaya-oleh-kebanyakan-masyarakat-indonesia,No,Adult: Sexual content,Restricted ad serving,ca-pub-7784034061253020,3,2025-02-14,2025-02-14
bangka.tribunnews.com,Page,N/A,N/A,bangka.tribunnews.com/2016/08/25/demi-pegang-payudara-pria-85-tahun-ini-tawari-wanita-rp-260-ribu,No,Adult: Sexual content,Restricted ad serving,ca-pub-7784034061253020,3,2025-02-14,2025-02-14
bangka.tribunnews.com,Page,N/A,N/A,bangka.tribunnews.com/2016/03/31/guru-gila-ini-telanjang-lalu-nekad-memerkosa-siswi-di-depan-kerumunan-guru-dan-siswa,No,Adult: Sexual content,Restricted ad serving,ca-pub-7784034061253020,3,2025-02-15,2025-02-15
bangka.tribunnews.com,Page,N/A,N/A,bangka.tribunnews.com/2016/01/22/hamil-tapi-masih-perawan-kok-bisa-ya-simak-penjelasannya,No,Adult: Sexual content,Restricted ad serving,ca-pub-7784034061253020,3,2025-02-15,2025-02-15
bangka.tribunnews.com,Page,N/A,N/A,bangka.tribunnews.com/2015/11/23/setelah-puas-ai-uehara-mendadak-pensiun-dari-dunia-film-porno-jepang,No,Adult: Sexual content,Restricted ad serving,ca-pub-7784034061253020,3,2025-02-15,2025-02-15
bali.tribunnews.com,Page,N/A,N/A,bali.tribunnews.com/2020/12/23/arti-dan-tujuan-perkawinan-menurut-hukum-hindu,Yes,Modified ad code: Resizing Ad Frames,Restricted ad serving,ca-pub-7784034061253020,3,2025-02-15,2025-02-15
bali.tribunnews.com,Page,N/A,N/A,bali.tribunnews.com/2017/04/28/mulan-jameela-ngaku-sempat-nikmati-film-bokep-bareng-dua-pria-ini-biar-nggak-kampungan,No,Shocking content,Restricted ad serving,ca-pub-7784034061253020,3,2025-02-15,2025-02-15
bali.tribunnews.com,Page,N/A,N/A,bali.tribunnews.com/2017/01/24/pasangan-suka-mojok-di-utara-lapangan-puputan-kondom-bekas-berserakan-jadi-tempat-mesum,No,Adult: Sexual content,Restricted ad serving,ca-pub-7784034061253020,3,2025-02-14,2025-02-14
ambon.tribunnews.com,Page,N/A,N/A,ambon.tribunnews.com/2019/10/03/viral-lagi-hangat-gadis-putih-mulus-bersama-pria-di-kamar-obrolan-dialek-manado-soal-baju,No,Adult: Sexual content,Restricted ad serving,ca-pub-7784034061253020,3,2025-02-15,2025-02-15
aceh.tribunnews.com,Page,N/A,N/A,aceh.tribunnews.com/2022/08/11/heboh-video-siswa-dan-siswi-sma-bermesraan-di-masjid-polisi-turun-tangan,No,Google-served ads obscuring content,Restricted ad serving,ca-pub-7784034061253020,3,2025-02-15,2025-02-15
aceh.tribunnews.com,Page,N/A,N/A,aceh.tribunnews.com/2022/06/16/kisah-pilu-tkw-asal-indramayu-disiksa-majikan-di-taiwan-wajah-hancur-ditonjok-dan-disiram-pemutih,No,Shocking content,Restricted ad serving,ca-pub-7784034061253020,3,2025-02-15,2025-02-15
www.tribunnews.com,Page,N/A,N/A,www.tribunnews.com/regional/2013/08/11/pemakainya-dari-suami-istri-hingga-lelaki-penjerat-wanita,No,Adult: Sexual content,Restricted ad serving,ca-pub-7784034061253020,2,2025-02-15,2025-02-15
www.tribunnews.com,Page,N/A,N/A,www.tribunnews.com/regional/2011/07/03/taman-di-kota-medan-berubah-jadi-tempat-mangkal-pelacur,No,Shocking content,Restricted ad serving,ca-pub-7784034061253020,2,2025-02-14,2025-02-14
www.tribunnews.com,Page,N/A,N/A,www.tribunnews.com/lifestyle/2015/01/15/ini-yang-membuat-libido-wanita-kembali-membara-setelah-nonton-film-romantis,No,Adult: Sexual content,Restricted ad serving,ca-pub-7784034061253020,2,2025-02-15,2025-02-15
www.tribunnews.com,Page,N/A,N/A,www.tribunnews.com/lifestyle/2014/11/28/salon-khusus-perawatan-organ-intim-wanita-agar-bersih-semerbak-wangi-di-sini-lokasinya,No,Adult: Sexual content,Restricted ad serving,ca-pub-7784034061253020,2,2025-02-15,2025-02-15
www.tribunnews.com,Page,N/A,N/A,www.tribunnews.com/internasional/2017/11/28/wanita-muda-telanjang-bulat-keliling-kota-lalu-joget-di-atas-mobil-jadi-tontotan-warga,No,Adult: Sexual content,Restricted ad serving,ca-pub-7784034061253020,2,2025-02-14,2025-02-14
www.tribunnews.com,Page,N/A,N/A,www.tribunnews.com/internasional/2017/07/10/berita-foto-gao-qian-wanita-cantik-pemilik-bokong-terindah-di-china,Yes,Site Behavior: Navigation,Restricted ad serving,ca-pub-7784034061253020,2,2025-02-15,2025-02-15
www.tribunnews.com,Page,N/A,N/A,www.tribunnews.com/internasional/2015/11/30/pria-ini-paksa-potret-miss-v-pacarnya-untuk-diikutkan-kontes,No,Adult: Sexual content,Restricted ad serving,ca-pub-7784034061253020,2,2025-02-15,2025-02-15
wow.tribunnews.com,Page,N/A,N/A,wow.tribunnews.com/2017/10/02/pramugari-beri-layanan-plus-plus-pilot-hingga-penumpang-begini-kode-rahasia-dan-segini-tarifnya,Yes,Adult: Sexual content;Site Behavior: Navigation,Restricted ad serving,ca-pub-7784034061253020,2,2025-02-14,2025-02-14
sumsel.tribunnews.com,Page,N/A,N/A,sumsel.tribunnews.com/2013/03/07/pembangkit-gairah-dengan-berbagai-aroma,No,Adult: Sexual content,Restricted ad serving,ca-pub-7784034061253020,2,2025-02-16,2025-02-16
pontianak.tribunnews.com,Page,N/A,N/A,pontianak.tribunnews.com/2018/12/19/mau-tahu-laundry-kiloan-terdekat-di-pontianak-ini-daftarnya,Yes,Site Behavior: Navigation,Restricted ad serving,ca-pub-7784034061253020,2,2025-02-14,2025-02-14
pontianak.tribunnews.com,Page,N/A,N/A,pontianak.tribunnews.com/2017/10/30/nikita-mirzani-telanjang-di-pinggir-pantai-netizen-astaghfirullahaladzim,No,Adult: Sexual content,Restricted ad serving,ca-pub-7784034061253020,2,2025-02-14,2025-02-14
palembang.tribunnews.com,Page,N/A,N/A,palembang.tribunnews.com/tag/kumpulan-berita-video-mesum,No,Adult: Sexual content,Restricted ad serving,ca-pub-7784034061253020,2,2025-02-14,2025-02-14
palembang.tribunnews.com,Page,N/A,N/A,palembang.tribunnews.com/2018/04/17/pesta-sex-tukar-pasangan-swinger-tiga-pasutri-digrebek-tanpa-busana-begini-kronologisnya,No,Adult: Sexual content;Shocking content,Restricted ad serving,ca-pub-7784034061253020,2,2025-02-15,2025-02-15
manado.tribunnews.com,Page,N/A,N/A,manado.tribunnews.com/tag/sex-toys,No,Adult: Sexual content,Restricted ad serving,ca-pub-7784034061253020,2,2025-02-14,2025-02-14
makassar.tribunnews.com,Page,N/A,N/A,makassar.tribunnews.com/2012/12/01/psk-high-class-rp-5-juta-sekali-main,No,Adult: Sexual content,Restricted ad serving,ca-pub-7784034061253020,2,2025-02-15,2025-02-15
m.tribunnews.com,Page,N/A,N/A,m.tribunnews.com/metropolitan/2017/11/02/cewek-seksi-naik-angkot-dan-duduk-di-kursi-depan-hal-yang-dilakukannya-ini-buat-si-sopir-kegirangan,Yes,Site Behavior: Navigation,Restricted ad serving,ca-pub-7784034061253020,2,2025-02-14,2025-02-14
kupang.tribunnews.com,Page,N/A,N/A,kupang.tribunnews.com/2012/09/06/heboh...-siswi-bugil-hebohkan-belu,No,Adult: Sexual content,Restricted ad serving,ca-pub-7784034061253020,2,2025-02-16,2025-02-16
jateng.tribunnews.com,Page,N/A,N/A,jateng.tribunnews.com/2017/03/03/anda-sulit-orgasme-ternyata-inilah-hal-ini-sangat-cespleng-bagi-anda-dan-pasangan,No,Adult: Sexual content,Restricted ad serving,ca-pub-7784034061253020,2,2025-02-14,2025-02-14
jambi.tribunnews.com,Page,N/A,N/A,jambi.tribunnews.com/2017/03/31/7-aktor-film-panas-terkaya-di-dunia-inilah-jumlah-kekayaannya,Yes,Google-served ads interfering with content or user interactions,Disabled ad serving,ca-pub-7784034061253020,2,2025-02-14,2025-02-15
jambi.tribunnews.com,Page,N/A,N/A,jambi.tribunnews.com/2013/04/25/video-porno-beredar-ke-murid-sd-di-kerinci,No,Adult: Sexual content,Restricted ad serving,ca-pub-7784034061253020,2,2025-02-14,2025-02-14
belitung.tribunnews.com,Page,N/A,N/A,belitung.tribunnews.com/tag/wanita,No,Adult: Sexual content,Restricted ad serving,ca-pub-7784034061253020,2,2025-02-15,2025-02-15
belitung.tribunnews.com,Page,N/A,N/A,belitung.tribunnews.com/2017/05/12/lakukan-perbuatan-dosa-siswi-ini-pegang-benda-terlarang-dan-foto-seksi-di-sekolah,No,Adult: Sexual content,Restricted ad serving,ca-pub-7784034061253020,2,2025-02-15,2025-02-15
banjarmasin.tribunnews.com,Page,N/A,N/A,banjarmasin.tribunnews.com/tag/seks-bebas,No,Adult: Sexual content,Restricted ad serving,ca-pub-7784034061253020,2,2025-02-14,2025-02-14
bali.tribunnews.com,Page,N/A,N/A,bali.tribunnews.com/2016/10/31/artis-cantik-bintang-film-porno-ini-bertobat-memilih-nikahi-sugar-daddy,No,Shocking content,Restricted ad serving,ca-pub-7784034061253020,2,2025-02-15,2025-02-15
www.tribunnews.com,Page,N/A,N/A,www.tribunnews.com/seleb/2015/12/11/bikin-film-porno-jepang-adegan-seks-pakai-kondom-tidak,No,Adult: Sexual content,Restricted ad serving,ca-pub-7784034061253020,1,2025-02-15,2025-02-15
wartakota.tribunnews.com,Page,N/A,N/A,wartakota.tribunnews.com/2014/12/12/inilah-8-gejala-seseorang-menderita-hiperseks,No,Adult: Sexual content,Restricted ad serving,ca-pub-7784034061253020,1,2025-02-15,2025-02-15
wartakota.tribunnews.com,Page,N/A,N/A,wartakota.tribunnews.com/2013/12/12/5-manfaat-lain-masturbasi-bagi-wanita,No,Adult: Sexual content,Restricted ad serving,ca-pub-7784034061253020,1,2025-02-15,2025-02-15
suryamalang.tribunnews.com,Page,N/A,N/A,suryamalang.tribunnews.com/2017/01/07/penyanyi-dangdut-berpakaian-seksi-nan-vulgar-dilarang-tampil-begini-alasan-kepolisian,No,Adult: Sexual content,Restricted ad serving,ca-pub-7784034061253020,1,2025-02-14,2025-02-14
surabaya.tribunnews.com,Page,N/A,N/A,surabaya.tribunnews.com/2018/01/27/terungkap-pemeran-video-panas-di-ruang-karaoke-diduga-siswi-sma-tulungagung-ini-pengakuan-temannya,No,Adult: Sexual content,Restricted ad serving,ca-pub-7784034061253020,1,2025-02-14,2025-02-14
sumsel.tribunnews.com,Page,N/A,N/A,sumsel.tribunnews.com/2017/08/24/3-alasan-wanita-berbokong-besar-layak-dijadikan-istri-idaman-nomor-3-kesukaan-pria,Yes,Adult: Sexual content;Site Behavior: Navigation,Restricted ad serving,ca-pub-7784034061253020,1,2025-02-14,2025-02-14
makassar.tribunnews.com,Page,N/A,N/A,makassar.tribunnews.com/2020/06/01/hadirkan-film-anak-hingga-film-dewasa-ini-18-penyedia-nonton-online-download-film-mirip-indoxxi,Yes,Ads Disguised as Content,Restricted ad serving,ca-pub-7784034061253020,1,2025-02-15,2025-02-15
makassar.tribunnews.com,Page,N/A,N/A,makassar.tribunnews.com/2019/12/19/yuni-shara-curhat-ke-deddy-corbuzeir-lebih-pilih-sex-toys-dari-pria-aku-nggak-tau-rasanya-orgasme?page=2,No,Adult: Sexual content,Restricted ad serving,ca-pub-7784034061253020,1,2025-02-14,2025-02-14
makassar.tribunnews.com,Page,N/A,N/A,makassar.tribunnews.com/2015/11/07/beredar-video-pasangan-suami-istri-begituan-di-tempat-umum,Yes,Site Behavior: Navigation,Restricted ad serving,ca-pub-7784034061253020,1,2025-02-15,2025-02-15
makassar.tribunnews.com,Page,N/A,N/A,makassar.tribunnews.com/2013/02/01/romawi-kuno-mengenal-sex-troy,No,Adult: Sexual content,Restricted ad serving,ca-pub-7784034061253020,1,2025-02-16,2025-02-16
m.tribunnews.com,Page,N/A,N/A,m.tribunnews.com/metropolitan/2015/10/03/cewek-cewek-seksi-di-mangga-besar-ngamuk-dirazia-petugas-narkoba,No,Adult: Sexual content,Restricted ad serving,ca-pub-7784034061253020,1,2025-02-16,2025-02-16
m.tribunnews.com,Page,N/A,N/A,m.tribunnews.com/internasional/2019/04/25/pria-ini-dilaporkan-ke-polisi-gara-gara-memasukkan-timun-ke-kelamin-istrinya-saat-hubungan-intim,No,Adult: Sexual content,Restricted ad serving,ca-pub-7784034061253020,1,2025-02-16,2025-02-16
kupang.tribunnews.com,Page,N/A,N/A,kupang.tribunnews.com/2014/06/23/sperma-tumpah-setelah-penetrasi-masih-mungkinkah-hamil,No,Adult: Sexual content,Restricted ad serving,ca-pub-7784034061253020,1,2025-02-15,2025-02-15
jateng.tribunnews.com,Page,N/A,N/A,jateng.tribunnews.com/2016/04/05/pelajar-sma-mesum-di-atas-kursi-ruang-tamu-heboh-videonya-beredar-di-masyarakat,No,Adult: Sexual content,Restricted ad serving,ca-pub-7784034061253020,1,2025-02-16,2025-02-16
jateng.tribunnews.com,Page,N/A,N/A,jateng.tribunnews.com/2016/03/30/survei-terbaru-inilah-4-jenis-alat-vital-pria-yang-paling-disukai-wanita-di-dunia,No,Adult: Sexual content,Restricted ad serving,ca-pub-7784034061253020,1,2025-02-15,2025-02-15
jambi.tribunnews.com,Page,N/A,N/A,jambi.tribunnews.com/2017/11/29/9-posisi-oral-seks-yang-membuat-pasangan-merem-melek-nomor-3-enak-dilakukan-di-sofa?page=3,No,Adult: Sexual content,Restricted ad serving,ca-pub-7784034061253020,1,2025-02-15,2025-02-15
bogor.tribunnews.com,Page,N/A,N/A,bogor.tribunnews.com/2017/05/02/bocah-ini-tanya-dampak-dari-berhubungan-intim-dengan-ayam-jawaban-dokter-mengejutkan,No,Adult: Sexual content,Restricted ad serving,ca-pub-7784034061253020,1,2025-02-14,2025-02-14
bali.tribunnews.com,Page,N/A,N/A,bali.tribunnews.com/tag/mesum,No,Adult: Sexual content,Restricted ad serving,ca-pub-7784034061253020,1,2025-02-14,2025-02-14
