Site or app,Entity,Platform,App package name or store ID,Issue location,Issue type,Issues,Status,Property codes,Ad requests - last 7 days,Date reported,Last date found
m.tribunnews.com,Page,N/A,N/A,m.tribunnews.com/internasional/7796678/wni-asal-semarang-jadi-sopir-bus-profesional-pertama-di-jepang-kini-punya-usaha-rental-sendiri?page=2,Advertiser preference,Shocking content,Restricted ad serving,ca-pub-7784034061253020,18000,2026-02-26,2026-03-02
m.tribunnews.com,Page,N/A,N/A,m.tribunnews.com/internasional/7796678/wni-asal-semarang-jadi-sopir-bus-profesional-pertama-di-jepang-kini-punya-usaha-rental-sendiri,Advertiser preference,Shocking content,Restricted ad serving,ca-pub-7784034061253020,14000,2026-03-01,2026-03-04
medan.tribunnews.com,Page,N/A,N/A,medan.tribunnews.com/news/1783553/kondisi-farah-usai-jalani-operasi-di-rs-mahasiwi-uin-suska-yang-dibacok-raihan-m-di-kampus,Advertiser preference,Shocking content,Restricted ad serving,ca-pub-7784034061253020,11000,2026-02-27,2026-03-04
medan.tribunnews.com,Page,N/A,N/A,medan.tribunnews.com/news/1783559/mudus-permainan-cukai-rokok-pejabat-bea-cukai-dibongkar-kpk-usai-budiman-bayu-ditahan,Advertiser preference,Shocking content,Restricted ad serving,ca-pub-7784034061253020,10000,2026-02-27,2026-03-03
wartakota.tribunnews.com,Page,N/A,N/A,wartakota.tribunnews.com/nasional/882673/rencana-menteri-desa-akan-tutup-indmaret-dan-alfamart-demi-koperasi-desa,Advertiser preference,Shocking content,Restricted ad serving,ca-pub-7784034061253020,10000,2026-02-26,2026-03-04
medan.tribunnews.com,Page,N/A,N/A,medan.tribunnews.com/news/1783951/kronologi-bos-rokok-pengemudi-moge-tabrak-jupiter-mx-istri-korban-meninggal-di-tempat,Advertiser preference,Shocking content,Restricted ad serving,ca-pub-7784034061253020,9300,2026-03-02,2026-03-04
pekanbaru.tribunnews.com,Page,N/A,N/A,pekanbaru.tribunnews.com/riau-region/1099764/breaking-news-mahasiswi-uin-dibacok-saat-gelar-seminar-hasil-pelaku-tiba-tiba-bawa-kapak,Advertiser preference,Shocking content,Restricted ad serving,ca-pub-7784034061253020,7300,2026-02-26,2026-03-02
medan.tribunnews.com,Page,N/A,N/A,medan.tribunnews.com/news/1783240/kronologi-mahasiswi-uin-suska-riau-dibacok-pria-di-ruang-sidang-seminar,Advertiser preference,Shocking content,Restricted ad serving,ca-pub-7784034061253020,5800,2026-02-26,2026-03-04
pekanbaru.tribunnews.com,Page,N/A,N/A,pekanbaru.tribunnews.com/riau-region/1099765/kronologi-mahasiswi-uin-suska-riau-dibacok-kapak-jelang-ujian-munaqosah-diduga-percobaan-pembunuhan,Advertiser preference,Shocking content,Restricted ad serving,ca-pub-7784034061253020,4900,2026-02-26,2026-03-03
bangka.tribunnews.com,Page,N/A,N/A,bangka.tribunnews.com/news/1677658/sosok-ferdi-pacar-farra-mahasiswi-uin-suska-korban-pembacokan-raihan-punya-profesi-mentereng,Advertiser preference,Shocking content,Restricted ad serving,ca-pub-7784034061253020,4300,2026-02-27,2026-03-03
jambi.tribunnews.com,Page,N/A,N/A,jambi.tribunnews.com/2018/02/22/2-kategori-dan-49-istilah-yang-sering-digunakan-di-film-biru?page=all,Advertiser preference,Adult: Sexual content,Restricted ad serving,ca-pub-7784034061253020,3900,2026-02-26,2026-03-04
jatim.tribunnews.com,Page,N/A,N/A,jatim.tribunnews.com/jatim/534614/seleksi-sekda-ponorogo-dibuka-berikut-profil-9-kandidat-eselon-ii,Advertiser preference,Adult: Sexual content,Restricted ad serving,ca-pub-7784034061253020,3600,2026-02-27,2026-03-02
pekanbaru.tribunnews.com,Page,N/A,N/A,pekanbaru.tribunnews.com/riau-region/1099914/pembacok-mahasiswi-uin-suska-riau-sudah-rencanakan-pembunuhan-sejak-2025-asah-kapak-sebelum-beraksi,Advertiser preference,Shocking content,Restricted ad serving,ca-pub-7784034061253020,3600,2026-02-28,2026-03-02
medan.tribunnews.com,Page,N/A,N/A,medan.tribunnews.com/news/1783999/dari-dangdut-ke-bupati-fadia-a-rafiq-ditangkap-kpk-total-kekayaan-bersama-suami-rp-129-miliar,Advertiser preference,Shocking content,Restricted ad serving,ca-pub-7784034061253020,3500,2026-03-04,2026-03-04
pekanbaru.tribunnews.com,Page,N/A,N/A,pekanbaru.tribunnews.com/pekan-life/1099910/ini-identitas-pemotor-wanita-yang-tewas-usai-jatuh-dari-flyover-pasar-pagi-arengka-pekanbaru,Advertiser preference,Shocking content,Restricted ad serving,ca-pub-7784034061253020,3100,2026-03-01,2026-03-03
medan.tribunnews.com,Page,N/A,N/A,medan.tribunnews.com/news/1783553/kondisi-farah-usai-jalani-operasi-di-rs-mahasiwi-uin-suska-yang-dibacok-raihan-m-di-kampus?page=2,Advertiser preference,Shocking content,Restricted ad serving,ca-pub-7784034061253020,2900,2026-02-27,2026-03-02
medan.tribunnews.com,Page,N/A,N/A,medan.tribunnews.com/news/1783559/mudus-permainan-cukai-rokok-pejabat-bea-cukai-dibongkar-kpk-usai-budiman-bayu-ditahan?page=2,Advertiser preference,Shocking content,Restricted ad serving,ca-pub-7784034061253020,2800,2026-02-27,2026-03-02
www.tribunnews.com,Page,N/A,N/A,www.tribunnews.com/internasional/7796678/wni-asal-semarang-jadi-sopir-bus-profesional-pertama-di-jepang-kini-punya-usaha-rental-sendiri,Advertiser preference,Shocking content,Restricted ad serving,ca-pub-7784034061253020,2200,2026-02-27,2026-03-02
medan.tribunnews.com,Page,N/A,N/A,medan.tribunnews.com/news/1783951/kronologi-bos-rokok-pengemudi-moge-tabrak-jupiter-mx-istri-korban-meninggal-di-tempat?page=2,Advertiser preference,Shocking content,Restricted ad serving,ca-pub-7784034061253020,2100,2026-03-02,2026-03-04
batam.tribunnews.com,Page,N/A,N/A,batam.tribunnews.com/bintan/677409/farradhila-mahasiswi-asal-bintan-dibacok-di-kampus-uin-riau-orangtua-berangkat-ke-pekanbaru,Advertiser preference,Shocking content,Restricted ad serving,ca-pub-7784034061253020,1800,2026-02-27,2026-03-02
banjarmasin.tribunnews.com,Page,N/A,N/A,banjarmasin.tribunnews.com/kalsel/1351812/diduga-gegara-balap-liar-dua-pengedara-tewas-di-jalan-gubernur-syarkawi-sungaitabuk-banjar,Advertiser preference,Shocking content,Restricted ad serving,ca-pub-7784034061253020,1400,2026-02-28,2026-03-02
medan.tribunnews.com,Page,N/A,N/A,medan.tribunnews.com/news/1783559/mudus-permainan-cukai-rokok-pejabat-bea-cukai-dibongkar-kpk-usai-budiman-bayu-ditahan?page=3,Advertiser preference,Shocking content,Restricted ad serving,ca-pub-7784034061253020,1400,2026-02-27,2026-03-02
manado.tribunnews.com,Page,N/A,N/A,manado.tribunnews.com/boltim/1866986/asn-di-boltim-nyambi-jadi-penambang-emas-sebut-gaji-tak-cukup-karena-terdampak-efisiensi,Advertiser preference,Shocking content,Restricted ad serving,ca-pub-7784034061253020,1200,2026-03-01,2026-03-02
jatim.tribunnews.com,Page,N/A,N/A,jatim.tribunnews.com/jatim/534614/seleksi-sekda-ponorogo-dibuka-berikut-profil-9-kandidat-eselon-ii?page=2,Advertiser preference,Adult: Sexual content,Restricted ad serving,ca-pub-7784034061253020,957,2026-02-27,2026-03-02
medan.tribunnews.com,Page,N/A,N/A,medan.tribunnews.com/news/1783951/kronologi-bos-rokok-pengemudi-moge-tabrak-jupiter-mx-istri-korban-meninggal-di-tempat?page=3,Advertiser preference,Shocking content,Restricted ad serving,ca-pub-7784034061253020,945,2026-03-02,2026-03-03
m.tribunnews.com,Page,N/A,N/A,m.tribunnews.com/tribunners/7799041/nila-setitik-keluarga-arafiq-habis-fahd-terbitlah-fadia?page=2,Advertiser preference,Crawler denied by robots.txt,Restricted ad serving,ca-pub-7784034061253020,938,2026-03-02,2026-03-03
medan.tribunnews.com,Page,N/A,N/A,medan.tribunnews.com/news/1783559/mudus-permainan-cukai-rokok-pejabat-bea-cukai-dibongkar-kpk-usai-budiman-bayu-ditahan?page=4,Advertiser preference,Shocking content,Restricted ad serving,ca-pub-7784034061253020,928,2026-02-27,2026-03-02
jatim.tribunnews.com,Page,N/A,N/A,jatim.tribunnews.com/jatim/534614/seleksi-sekda-ponorogo-dibuka-berikut-profil-9-kandidat-eselon-ii?page=3,Advertiser preference,Adult: Sexual content,Restricted ad serving,ca-pub-7784034061253020,809,2026-02-27,2026-03-02
medan.tribunnews.com,Page,N/A,N/A,medan.tribunnews.com/news/1783560/fakta-raihan-bacok-fara-mahasiswa-uin-suska-diduga-selingkuhan-video-panas-muncul,Advertiser preference,Shocking content,Restricted ad serving,ca-pub-7784034061253020,796,2026-03-02,2026-03-03
papuatengah.tribunnews.com,Page,N/A,N/A,papuatengah.tribunnews.com/mimika/4839/laka-tunggal-di-depan-diana-mall-timika-pemotor-hilang-nyawa-usai-tabrak-median-dan-tiang-lampu,Advertiser preference,Shocking content,Restricted ad serving,ca-pub-7784034061253020,720,2026-03-01,2026-03-02
m.tribunnews.com,Page,N/A,N/A,m.tribunnews.com/tribunners/7799041/nila-setitik-keluarga-arafiq-habis-fahd-terbitlah-fadia?page=3,Advertiser preference,Crawler denied by robots.txt,Restricted ad serving,ca-pub-7784034061253020,537,2026-03-02,2026-03-03
salak.tribunnews.com,Page,N/A,N/A,salak.tribunnews.com/cluster3/banten/,Advertiser preference,Crawler: Content behind a login,Restricted ad serving,ca-pub-7784034061253020,512,2026-02-26,2026-03-03
medan.tribunnews.com,Page,N/A,N/A,medan.tribunnews.com/news/1784112/daftar-nama-pejabat-dibawa-kpk-saat-ott-bupati-pekalongan-yang-diduga-korupsi-pengadaan-outsourcing?page=3,Advertiser preference,Crawler denied by robots.txt,Restricted ad serving,ca-pub-7784034061253020,462,2026-03-03,2026-03-04
bekasi.tribunnews.com,Page,N/A,N/A,bekasi.tribunnews.com/news/59496/sosok-kembar-cantik-tunarungu-hasna-dan-hasni-yang-diterima-bekerja-di-matahari,Advertiser preference,Shocking content,Restricted ad serving,ca-pub-7784034061253020,428,2026-02-26,2026-03-04
medan.tribunnews.com,Page,N/A,N/A,medan.tribunnews.com/news/1784079/bak-wisata-kpk-boyong-bupati-pekalongan-fadia-arafiq-bersama-10-orang-lainnya-naik-bus-pariwisata?lgn_method=google&google_btn=onetap,Advertiser preference,Crawler denied by robots.txt,Restricted ad serving,ca-pub-7784034061253020,416,2026-03-03,2026-03-04
papuatengah.tribunnews.com,Page,N/A,N/A,papuatengah.tribunnews.com/2025/05/07/merah-putih-jadi-saksi-bisu-dugaan-kebrutalan-opm-saat-bantai-penjaga-rumah-dokter-di-dogiyai,Advertiser preference,Shocking content,Restricted ad serving,ca-pub-7784034061253020,388,2026-03-01,2026-03-02
medan.tribunnews.com,Page,N/A,N/A,medan.tribunnews.com/news/1783553/kondisi-farah-usai-jalani-operasi-di-rs-mahasiwi-uin-suska-yang-dibacok-raihan-m-di-kampus?page=all,Advertiser preference,Shocking content,Restricted ad serving,ca-pub-7784034061253020,369,2026-03-01,2026-03-02
palembang.tribunnews.com,Page,N/A,N/A,palembang.tribunnews.com/sumsel/1311737/pria-yang-sempat-jagoan-dengan-modal-palu-gergaji-ini-babak-belur-diamuk-warga-ini-perbuatannya,Advertiser preference,Shocking content,Restricted ad serving,ca-pub-7784034061253020,350,2026-03-02,2026-03-03
jatim.tribunnews.com,Page,N/A,N/A,jatim.tribunnews.com/surabaya/535449/aturan-baru-usaha-kos-di-surabaya-dibatasi-maksimal-5-kamar-kos-harian-akan-dilarang?page=2,Advertiser preference,Crawler denied by robots.txt,Restricted ad serving,ca-pub-7784034061253020,339,2026-03-02,2026-03-03
sulbar.tribunnews.com,Page,N/A,N/A,sulbar.tribunnews.com/mamuju/76046/viral-mobil-dinas-mewah-bupati-mamuju-di-tengah-efisiensi-anggaran-kepala-bpkad-itu-uang-pribadi,Advertiser preference,Crawler denied by robots.txt,Restricted ad serving,ca-pub-7784034061253020,314,2026-03-01,2026-03-02
jambi.tribunnews.com,Page,N/A,N/A,jambi.tribunnews.com/2018/02/22/2-kategori-dan-49-istilah-yang-sering-digunakan-di-film-biru,Advertiser preference,Adult: Sexual content,Restricted ad serving,ca-pub-7784034061253020,290,2026-02-26,2026-03-03
bengkulu.tribunnews.com,Page,N/A,N/A,bengkulu.tribunnews.com/kepahiang/98099/polisi-bongkar-kuburan-gita-fitri-ratusan-warga-batu-bandung-kepahiang-tuntut-keadilan?page=2,Advertiser preference,Shocking content,Restricted ad serving,ca-pub-7784034061253020,286,2026-03-02,2026-03-03
bengkulu.tribunnews.com,Page,N/A,N/A,bengkulu.tribunnews.com/bengkulu-tengah/98090/dua-maling-kambing-babak-belur-dihajar-massa-motor-dibakar-warga-di-bengkulu-tengah,Advertiser preference,Shocking content,Restricted ad serving,ca-pub-7784034061253020,280,2026-03-02,2026-03-03
jambi.tribunnews.com,Page,N/A,N/A,jambi.tribunnews.com/2018/01/18/perhatikan-ini-ciri-wanita-yang-sering-melakukan-masturbasi-7-tanda-ini-bakal-mengungkapkannya,Advertiser preference,Adult: Sexual content,Restricted ad serving,ca-pub-7784034061253020,269,2026-02-26,2026-03-04
manado.tribunnews.com,Page,N/A,N/A,manado.tribunnews.com/nasional/1867255/pensiunan-akan-cair-pertama-ini-jadwal-pencairan-dan-besaran-tunjangan-thr-pns-pppk-tni-dan-polri?page=2,Advertiser preference,Crawler denied by robots.txt,Restricted ad serving,ca-pub-7784034061253020,252,2026-03-03,2026-03-04
medan.tribunnews.com,Page,N/A,N/A,medan.tribunnews.com/news/1784105/klarifikasi-mabes-polri-viralnya-narkoba-sabu-30-kg-hilang-disebut-meleleh-karena-cuaca-panas?page=2,Advertiser preference,Crawler denied by robots.txt,Restricted ad serving,ca-pub-7784034061253020,251,2026-03-03,2026-03-04
makassar.tribunnews.com,Page,N/A,N/A,makassar.tribunnews.com/2016/11/23/bungkuk-udang-nafsu-tinggi-betulkah,Advertiser preference,Adult: Sexual content,Restricted ad serving,ca-pub-7784034061253020,242,2026-02-26,2026-03-04
manado.tribunnews.com,Page,N/A,N/A,manado.tribunnews.com/sulawesi-utara/1867067/siap-siap-mati-lampu-info-pln-ini-lokasi-terdampak-selasa-3-maret-2026,Advertiser preference,Crawler denied by robots.txt,Restricted ad serving,ca-pub-7784034061253020,236,2026-03-02,2026-03-02
bengkulu.tribunnews.com,Page,N/A,N/A,bengkulu.tribunnews.com/kepahiang/98098/misteri-kematian-gita-fitri-di-kepahiang-terungkap-pemilik-kebun-jadi-tersangka-tersengat-listrik?page=2,Advertiser preference,Shocking content,Restricted ad serving,ca-pub-7784034061253020,229,2026-03-03,2026-03-04
kupang.tribunnews.com,Page,N/A,N/A,kupang.tribunnews.com/2019/04/24/kakak-adik-asal-tegal-jadi-bintang-film-porno-di-amerika-ini-5-cewek-indonesia-yang-main-film-panas?page=all,Advertiser preference,Adult: Sexual content,Restricted ad serving,ca-pub-7784034061253020,226,2026-02-26,2026-03-03
bangka.tribunnews.com,Page,N/A,N/A,bangka.tribunnews.com/lokal/1678007/malam-mencekam-di-smelter-tinus-pedagang-saksikan-drama-penggerebekan-di-bangka,Advertiser preference,Crawler denied by robots.txt,Restricted ad serving,ca-pub-7784034061253020,225,2026-03-03,2026-03-03
m.tribunnews.com,Page,N/A,N/A,m.tribunnews.com/internasional/7796251/belajar-dari-kisah-punch-monyet-viral-dari-jepang-mengapa-seekor-induk-menelantarkan-anaknya,Advertiser preference,Shocking content,Restricted ad serving,ca-pub-7784034061253020,224,2026-03-01,2026-03-03
wow.tribunnews.com,Page,N/A,N/A,wow.tribunnews.com/superball/381067/suporter-persib-bandung-serbu-persija-jakarta-seusai-remis-kontra-borneo-beri-respons-menggelitik?page=2,Advertiser preference,Crawler denied by robots.txt,Restricted ad serving,ca-pub-7784034061253020,219,2026-03-03,2026-03-04
manado.tribunnews.com,Page,N/A,N/A,manado.tribunnews.com/sulawesi-utara/1867058/kejati-sulut-geledah-4-toko-emas-di-manado-dan-kotamobagu-bakal-ada-tersangka?page=2,Advertiser preference,Crawler denied by robots.txt,Restricted ad serving,ca-pub-7784034061253020,217,2026-03-02,2026-03-03
jambi.tribunnews.com,Page,N/A,N/A,jambi.tribunnews.com/2018/01/21/ini-yang-ada-dipikiran-wanita-bila-melihat-kelamin-laki-laki?page=all,Advertiser preference,Adult: Sexual content,Restricted ad serving,ca-pub-7784034061253020,210,2026-02-26,2026-03-03
jatim.tribunnews.com,Page,N/A,N/A,jatim.tribunnews.com/news/535445/daftar-10-negara-yang-aman-jika-perang-dunia-3-terjadi-dari-indonesia-hingga-argentina?page=2,Advertiser preference,Crawler denied by robots.txt,Restricted ad serving,ca-pub-7784034061253020,205,2026-03-02,2026-03-02
surabaya.tribunnews.com,Page,N/A,N/A,surabaya.tribunnews.com/news/1932595/wapres-ke-6-ri-tri-sutrisno-meninggalkan-7-anak-ada-letjen-tni-dan-irjen-purn-polri-ini-sosoknya?page=3,Advertiser preference,Crawler denied by robots.txt,Restricted ad serving,ca-pub-7784034061253020,194,2026-03-01,2026-03-02
pontianak.tribunnews.com,Page,N/A,N/A,pontianak.tribunnews.com/2018/01/28/inilah-7-ciri-wanita-kecanduan-masturbasi-7-persen-cewek-melakukannya-setiap-hari,Advertiser preference,Adult: Sexual content,Restricted ad serving,ca-pub-7784034061253020,192,2026-02-26,2026-03-04
m.tribunnews.com,Page,N/A,N/A,m.tribunnews.com/internasional/7798761/trump-sangat-kecewa-pm-inggris-tak-izinkan-as-gunakan-pangkalan-udara-untuk-serang-iran?page=2,Advertiser preference,Crawler denied by robots.txt,Restricted ad serving,ca-pub-7784034061253020,191,2026-03-02,2026-03-03
bengkulu.tribunnews.com,Page,N/A,N/A,bengkulu.tribunnews.com/kepahiang/98098/misteri-kematian-gita-fitri-di-kepahiang-terungkap-pemilik-kebun-jadi-tersangka-tersengat-listrik,Advertiser preference,Shocking content,Restricted ad serving,ca-pub-7784034061253020,188,2026-03-02,2026-03-02
m.tribunnews.com,Page,N/A,N/A,m.tribunnews.com/kesehatan/2016/02/07/tiga-posisi-bercinta-yang-bikin-suami-merem-melek-bahagia-dan-kian-mesra,Advertiser preference,Adult: Sexual content,Restricted ad serving,ca-pub-7784034061253020,187,2026-02-26,2026-03-03
manado.tribunnews.com,Page,N/A,N/A,manado.tribunnews.com/nasional/1867255/pensiunan-akan-cair-pertama-ini-jadwal-pencairan-dan-besaran-tunjangan-thr-pns-pppk-tni-dan-polri?page=4,Advertiser preference,Crawler denied by robots.txt,Restricted ad serving,ca-pub-7784034061253020,184,2026-03-03,2026-03-04
m.tribunnews.com,Page,N/A,N/A,m.tribunnews.com/internasional/2019/05/22/kakek-jepang-shigeo-tokuda-tak-pernah-pakai-obat-saat-bermain-film-bokep,Advertiser preference,Adult: Sexual content,Restricted ad serving,ca-pub-7784034061253020,176,2026-02-26,2026-03-03
kalteng.tribunnews.com,Page,N/A,N/A,kalteng.tribunnews.com/sport/229052/jadwal-final-four-proliga-2026-live-aksi-megawati-hangestri-lengkap-4-tim-putri-dan-putra?page=3,Advertiser preference,Crawler denied by robots.txt,Restricted ad serving,ca-pub-7784034061253020,165,2026-03-02,2026-03-02
medan.tribunnews.com,Page,N/A,N/A,medan.tribunnews.com/news/1784141/hasil-pertemuan-prabowo-dengan-mantan-presiden-forum-semacam-ini-jarang-terjadi-di-negara-lain?page=all,Advertiser preference,Crawler denied by robots.txt,Restricted ad serving,ca-pub-7784034061253020,161,2026-03-03,2026-03-04
style.tribunnews.com,Page,N/A,N/A,style.tribunnews.com/2017/06/24/ingin-tahan-lama-saat-diranjang-cukup-gunakan-ramuan-sawo-mentah-ini-begini-caranya,Advertiser preference,Adult: Sexual content,Restricted ad serving,ca-pub-7784034061253020,157,2026-02-26,2026-03-04
medan.tribunnews.com,Page,N/A,N/A,medan.tribunnews.com/news/1783560/fakta-raihan-bacok-fara-mahasiswa-uin-suska-diduga-selingkuhan-video-panas-muncul?page=2,Advertiser preference,Shocking content,Restricted ad serving,ca-pub-7784034061253020,155,2026-03-03,2026-03-03
makassar.tribunnews.com,Page,N/A,N/A,makassar.tribunnews.com/2017/03/28/beginilah-ular-piton-menelan-akbar-petani-sawit-memuju-tengah,Advertiser preference,Shocking content,Restricted ad serving,ca-pub-7784034061253020,153,2026-02-26,2026-03-04
jatim.tribunnews.com,Page,N/A,N/A,jatim.tribunnews.com/news/535374/rugi-rp-10-juta-ilham-kurir-paket-apes-usai-titip-2-karung-di-warung-nasgor-cctv-jadi-kunci-kasus?page=2,Advertiser preference,Crawler denied by robots.txt,Restricted ad serving,ca-pub-7784034061253020,153,2026-03-01,2026-03-02
medan.tribunnews.com,Page,N/A,N/A,medan.tribunnews.com/news/1784135/penjelasan-brigjen-donny-usai-viral-prajurit-tni-todong-pistol-dan-borgol-pengemudi-taksi-online?page=2,Advertiser preference,Crawler denied by robots.txt,Restricted ad serving,ca-pub-7784034061253020,148,2026-03-03,2026-03-04
medan.tribunnews.com,Page,N/A,N/A,medan.tribunnews.com/2022/09/27/terungkap-motif-pak-guru-ka-51-sebarkan-video-mesumnya-bareng-ibu-guru-li-41-ke-grup-wa-pgri,Policy issue,Ads Disguised as Content,Restricted ad serving,ca-pub-7784034061253020,146,2026-02-26,2026-03-04
manado.tribunnews.com,Page,N/A,N/A,manado.tribunnews.com/sulawesi-utara/1866969/daftar-lengkap-nama-nama-panitia-sidang-majelis-sinode-istimewa-gmim-ke-82-tahun-2026?page=3,Advertiser preference,Crawler denied by robots.txt,Restricted ad serving,ca-pub-7784034061253020,143,2026-03-01,2026-03-02
batam.tribunnews.com,Page,N/A,N/A,batam.tribunnews.com/news/677519/istri-bos-rokok-hs-tewas-kecelakaan-maut-di-kulon-progo-harley-davidson-miliknya-terseret?page=all,Advertiser preference,Crawler denied by robots.txt,Restricted ad serving,ca-pub-7784034061253020,140,2026-03-01,2026-03-02
www.tribunnews.com,Page,N/A,N/A,www.tribunnews.com/pendidikan/2025/06/03/30-soal-pas-bahasa-jawa-kelas-4-semester-2-kurikulum-merdeka-dan-kunci-jawaban-sas?page=4,Advertiser preference,Crawler denied by robots.txt,Restricted ad serving,ca-pub-7784034061253020,138,2026-02-27,2026-03-04
jatim.tribunnews.com,Page,N/A,N/A,jatim.tribunnews.com/2017/11/28/9-posisi-oral-seks-terbaik-yang-bisa-bikin-pasanganmu-menggila-seketika-no-6-paling-dahsyat?page=3,Advertiser preference,Adult: Sexual content,Restricted ad serving,ca-pub-7784034061253020,136,2026-02-26,2026-03-04
medan.tribunnews.com,Page,N/A,N/A,medan.tribunnews.com/news/1784155/daftar-43-sppg-ditutup-bgn-imbas-menu-mbg-tak-layak-termasuk-di-serdang-bedagai-sumut?page=2,Advertiser preference,Crawler denied by robots.txt,Restricted ad serving,ca-pub-7784034061253020,135,2026-03-03,2026-03-04
medan.tribunnews.com,Page,N/A,N/A,medan.tribunnews.com/news/1783902/besaran-dan-jadwal-pembayaran-thr-tahun-2026?page=all,Advertiser preference,Crawler denied by robots.txt,Restricted ad serving,ca-pub-7784034061253020,135,2026-03-02,2026-03-02
m.tribunnews.com,Page,N/A,N/A,m.tribunnews.com/pendidikan/7792638/kunci-jawaban-pendidikan-pancasila-kelas-11-kurikulum-merdeka-halaman-105-107-uji-kompetensi?page=3,Advertiser preference,Crawler denied by robots.txt,Restricted ad serving,ca-pub-7784034061253020,134,2026-02-26,2026-03-03
jambi.tribunnews.com,Page,N/A,N/A,jambi.tribunnews.com/2019/10/02/berikut-foto-30-gadis-jepang-yang-sering-pamerkan-bagian-dalam-tubuhnya-meski-pakai-baju-transparan?page=2,Advertiser preference,Adult: Sexual content,Restricted ad serving,ca-pub-7784034061253020,134,2026-02-26,2026-03-04
m.tribunnews.com,Page,N/A,N/A,m.tribunnews.com/kesehatan/2014/11/13/ini-posisi-doggy-style-yang-benar-supaya-punya-anak-lelaki,Advertiser preference,Adult: Sexual content,Restricted ad serving,ca-pub-7784034061253020,131,2026-02-26,2026-03-04
makassar.tribunnews.com,Page,N/A,N/A,makassar.tribunnews.com/2019/10/11/karena-sudah-keseringan-adik-kandung-ajak-duluan-kakak-berhubungan-badan-layaknya-suami-istri,Advertiser preference,Adult: Sexual content,Restricted ad serving,ca-pub-7784034061253020,130,2026-02-27,2026-03-04
kaltim.tribunnews.com,Page,N/A,N/A,kaltim.tribunnews.com/2024/08/15/biodata-erika-putri-sosoknya-viral-gegara-video-blunder-8-menit-prank-ojol,Advertiser preference,Adult: Sexual content,Restricted ad serving,ca-pub-7784034061253020,128,2026-02-27,2026-03-02
palembang.tribunnews.com,Page,N/A,N/A,palembang.tribunnews.com/pendidikan/1309161/kunci-jawaban-sejarah-kelas-11-sma-halaman-128-130-kurikulum-merdeka-asesmen-pilihan-ganda-dan-esai?page=2,Advertiser preference,Crawler denied by robots.txt,Restricted ad serving,ca-pub-7784034061253020,126,2026-03-02,2026-03-02
medan.tribunnews.com,Page,N/A,N/A,medan.tribunnews.com/news/1784141/hasil-pertemuan-prabowo-dengan-mantan-presiden-forum-semacam-ini-jarang-terjadi-di-negara-lain?lgn_method=google&google_btn=onetap,Advertiser preference,Crawler denied by robots.txt,Restricted ad serving,ca-pub-7784034061253020,126,2026-03-04,2026-03-04
manado.tribunnews.com,Page,N/A,N/A,manado.tribunnews.com/lifestyle/1865826/pelita-renungan-pkb-gmim-tanah-liat-ditangan-tukang-periuk-demikianlah-kamu-ditanganku?page=2,Advertiser preference,Crawler denied by robots.txt,Restricted ad serving,ca-pub-7784034061253020,125,2026-02-26,2026-03-03
madura.tribunnews.com,Page,N/A,N/A,madura.tribunnews.com/madura/228816/achmad-fauzi-wongsojudo-targetkan-knmp-dapenda-jadi-pusat-ekonomi-baru-nelayan-sumenep,Advertiser preference,Shocking content,Restricted ad serving,ca-pub-7784034061253020,123,2026-03-03,2026-03-03
m.tribunnews.com,Page,N/A,N/A,m.tribunnews.com/nasional/7798658/sosok-moncer-7-anak-try-sutrisno-wapres-ke-6-ri-yang-meninggal-ada-dokter-hingga-jenderal?page=3,Advertiser preference,Crawler denied by robots.txt,Restricted ad serving,ca-pub-7784034061253020,120,2026-03-02,2026-03-02
jogja.tribunnews.com,Page,N/A,N/A,jogja.tribunnews.com/2024/10/04/5-arti-mimpi-membeli-kondom-tanda-perlindungan-atau-kekhawatiran-tersembunyi,Advertiser preference,Adult: Sexual content,Restricted ad serving,ca-pub-7784034061253020,119,2026-02-26,2026-03-04
sulbar.tribunnews.com,Page,N/A,N/A,sulbar.tribunnews.com/mamuju/76064/breaking-news-cemburu-istri-sering-diganggu-pria-asal-tapalang-tikam-warga-di-mamuju?page=2,Advertiser preference,Crawler denied by robots.txt,Restricted ad serving,ca-pub-7784034061253020,118,2026-03-02,2026-03-02
medan.tribunnews.com,Page,N/A,N/A,medan.tribunnews.com/news/1783560/fakta-raihan-bacok-fara-mahasiswa-uin-suska-diduga-selingkuhan-video-panas-muncul?page=3,Advertiser preference,Shocking content,Restricted ad serving,ca-pub-7784034061253020,118,2026-03-03,2026-03-03
www.tribunnews.com,Page,N/A,N/A,www.tribunnews.com/pendidikan/2024/02/12/30-soal-pts-uts-bahasa-indonesia-kelas-4-semester-2-kurikulum-merdeka-dilengkapi-kunci-jawaban?page=all&s=paging_new,Advertiser preference,Crawler denied by robots.txt,Restricted ad serving,ca-pub-7784034061253020,117,2026-03-01,2026-03-02
medan.tribunnews.com,Page,N/A,N/A,medan.tribunnews.com/2020/10/21/tafsir-lengkap-arti-mimpi-berhubungan-dengan-pimpinan-teman-kerja-artis-hingga-suami-orang?page=all&_ga=2.85570201.1271792361.1603144833-191388005.1586819113,Advertiser preference,Adult: Sexual content,Restricted ad serving,ca-pub-7784034061253020,116,2026-02-26,2026-03-03
palembang.tribunnews.com,Page,N/A,N/A,palembang.tribunnews.com/2024/04/12/alternatif-kunci-jawaban-post-test-modul-1-layanan-peminatan-dan-perencanaan-individual-versi-pmm?page=all,Advertiser preference,Crawler denied by robots.txt,Restricted ad serving,ca-pub-7784034061253020,115,2026-02-27,2026-03-02
makassar.tribunnews.com,Page,N/A,N/A,makassar.tribunnews.com/wajo/1830775/andi-rosman-lantik-pejabat-wajo-pakai-baju-adat-daftar-nama-11-kadis-baru-10-camat-dan-30-lurah?page=2,Advertiser preference,Crawler denied by robots.txt,Restricted ad serving,ca-pub-7784034061253020,115,2026-03-04,2026-03-04
jatim.tribunnews.com,Page,N/A,N/A,jatim.tribunnews.com/jember/535111/alasan-gugatan-wabup-rp-25-miliar-ke-bupati-telah-gugur-bahkan-sebelum-bergulir-di-persidangan,Advertiser preference,Adult: Sexual content,Restricted ad serving,ca-pub-7784034061253020,114,2026-02-28,2026-03-03
www.tribunnews.com,Page,N/A,N/A,www.tribunnews.com/pendidikan/2024/02/14/40-contoh-soal-pts-uts-bahasa-inggris-kelas-1-semester-2-kurikulum-merdeka-dan-kunci-jawaban?page=4,Advertiser preference,Crawler denied by robots.txt,Restricted ad serving,ca-pub-7784034061253020,113,2026-02-26,2026-03-02
kupang.tribunnews.com,Page,N/A,N/A,kupang.tribunnews.com/bisnis/951866/jadwal-kapal-pelni-km-wilis-bulan-maret-2026-tiba-di-kupang-tanggal-251518?page=2,Advertiser preference,Crawler denied by robots.txt,Restricted ad serving,ca-pub-7784034061253020,110,2026-02-26,2026-03-04
wartakota.tribunnews.com,Page,N/A,N/A,wartakota.tribunnews.com/tag/bintang-porno/?url=2015/05/06/tiga-cewek-ini-dinobatkan-bintang-film-porno-terpopuler-jepang,Policy issue,Google-served ads on screens without publisher-content,Restricted ad serving,ca-pub-7784034061253020,107,2026-02-26,2026-03-04
m.tribunnews.com,Page,N/A,N/A,m.tribunnews.com/pendidikan/2025/06/19/apa-pengertian-manusia-merdeka-menurut-ki-hadjar-dewantara-jawaban-modul-3-ffpn-topik-1-ppg-2025?page=2,Advertiser preference,Crawler denied by robots.txt,Restricted ad serving,ca-pub-7784034061253020,104,2026-02-27,2026-03-04
m.tribunnews.com,Page,N/A,N/A,m.tribunnews.com/internasional/7799507/pengamat-politik-timur-tengah-iran-punya-strategi-perang-hebat-dan-senjata-rahasia-siap-melawan?page=2,Advertiser preference,Crawler denied by robots.txt,Restricted ad serving,ca-pub-7784034061253020,103,2026-03-03,2026-03-03
jabar.tribunnews.com,Page,N/A,N/A,jabar.tribunnews.com/superball/1165972/sempat-benturan-hebat-begini-kondisi-sergio-castel-siap-turun-dalam-persib-bandung-vs-persik?page=2,Advertiser preference,Crawler denied by robots.txt,Restricted ad serving,ca-pub-7784034061253020,102,2026-03-03,2026-03-03
makassar.tribunnews.com,Page,N/A,N/A,makassar.tribunnews.com/wajo/1830775/andi-rosman-lantik-pejabat-wajo-pakai-baju-adat-daftar-nama-11-kadis-baru-10-camat-dan-30-lurah?page=3,Advertiser preference,Crawler denied by robots.txt,Restricted ad serving,ca-pub-7784034061253020,101,2026-03-04,2026-03-04
jatim.tribunnews.com,Page,N/A,N/A,jatim.tribunnews.com/2024/07/12/akhirnya-munandar-lega-tiang-wifi-yang-dibangun-tanpa-izin-di-tanahnya-dipindah-provider-selesai?page=2,Advertiser preference,Crawler denied by robots.txt,Restricted ad serving,ca-pub-7784034061253020,100,2026-03-02,2026-03-02
manado.tribunnews.com,Page,N/A,N/A,manado.tribunnews.com/sulawesi-utara/1866969/daftar-lengkap-nama-nama-panitia-sidang-majelis-sinode-istimewa-gmim-ke-82-tahun-2026?page=4,Advertiser preference,Crawler denied by robots.txt,Restricted ad serving,ca-pub-7784034061253020,98,2026-03-01,2026-03-02
aceh.tribunnews.com,Page,N/A,N/A,aceh.tribunnews.com/tag/gadis-telanjang,Policy issue,Google-served ads on screens without publisher-content,Restricted ad serving,ca-pub-7784034061253020,98,2026-02-26,2026-03-03
aceh.tribunnews.com,Page,N/A,N/A,aceh.tribunnews.com/news/1014506/as-dan-israel-ketakutan-jika-perang-dengan-iran-berlangsung-lebih-10-hari-pentagon-ingatkan-trump?page=3,Advertiser preference,Crawler denied by robots.txt,Restricted ad serving,ca-pub-7784034061253020,98,2026-03-03,2026-03-03
makassar.tribunnews.com,Page,N/A,N/A,makassar.tribunnews.com/news/1819812/mengenal-true-crime-community-komunitas-di-balik-ledakan-sman-72-jakarta-sasaran-pelajar,Advertiser preference,Shocking content,Restricted ad serving,ca-pub-7784034061253020,96,2026-03-04,2026-03-04
bogor.tribunnews.com,Page,N/A,N/A,bogor.tribunnews.com/berita-menarik/310749/pengakuan-pria-pergoki-calon-istri-check-in-di-hotel-dengan-suami-orang-padahal-seminggu-lagi-nikah?page=2,Advertiser preference,Crawler denied by robots.txt,Restricted ad serving,ca-pub-7784034061253020,96,2026-03-04,2026-03-04
trends.tribunnews.com,Page,N/A,N/A,trends.tribunnews.com/2025/06/09/kunci-jawaban-modul-1-post-test-ppa-umum-3-ppg-2025-anda-adalah-guru-bahasa-inggris-kelas-12?page=2,Advertiser preference,Crawler denied by robots.txt,Restricted ad serving,ca-pub-7784034061253020,94,2026-02-26,2026-03-02
m.tribunnews.com,Page,N/A,N/A,m.tribunnews.com/nasional/7798850/profil-letjen-tni-kunto-arief-wibowo-satu-satunya-anak-try-sutrisno-yang-ikuti-jejak-sang-ayah?lgn_method=google&google_btn=onetap,Advertiser preference,Crawler denied by robots.txt,Restricted ad serving,ca-pub-7784034061253020,94,2026-03-03,2026-03-04
flores.tribunnews.com,Page,N/A,N/A,flores.tribunnews.com/maumere/57993/usai-makan-durian-tersangka-garap-paksa-hingga-bunuh-korban-polisi-semua-keluarga-pelaku-tahu?page=3,Advertiser preference,Crawler denied by robots.txt,Restricted ad serving,ca-pub-7784034061253020,94,2026-03-01,2026-03-02
manado.tribunnews.com,Page,N/A,N/A,manado.tribunnews.com/sulawesi-utara/1867131/daftar-lengkap-toko-emas-di-manado-dan-kotamobagu-yang-digeledah-kejati-sulut?page=2,Advertiser preference,Crawler denied by robots.txt,Restricted ad serving,ca-pub-7784034061253020,91,2026-03-02,2026-03-03
www.tribunnews.com,Page,N/A,N/A,www.tribunnews.com/pendidikan/2024/02/13/20-contoh-soal-pts-uts-bahasa-indonesia-kelas-1-sd-semester-2-kurikulum-merdeka-dan-kunci-jawaban?page=all&s=paging_new,Advertiser preference,Crawler denied by robots.txt,Restricted ad serving,ca-pub-7784034061253020,90,2026-03-01,2026-03-02
manado.tribunnews.com,Page,N/A,N/A,manado.tribunnews.com/sitaro/1867307/bupati-sitaro-chynta-kalangit-kembali-dipanggil-kejati-sulut-terkait-perkara-dugaan-korupsi?sfnsn=wiwspwa,Advertiser preference,Crawler denied by robots.txt,Restricted ad serving,ca-pub-7784034061253020,90,2026-03-04,2026-03-04
www.tribunnews.com,Page,N/A,N/A,www.tribunnews.com/pendidikan/2025/06/19/apa-pengertian-manusia-merdeka-menurut-ki-hadjar-dewantara-jawaban-modul-3-ffpn-topik-1-ppg-2025?page=2,Advertiser preference,Crawler denied by robots.txt,Restricted ad serving,ca-pub-7784034061253020,89,2026-02-26,2026-03-04
bangka.tribunnews.com,Page,N/A,N/A,bangka.tribunnews.com/tag/harga-cabai,Policy issue,Google-served ads on screens without publisher-content,Restricted ad serving,ca-pub-7784034061253020,89,2026-02-26,2026-03-04
sumsel.tribunnews.com,Page,N/A,N/A,sumsel.tribunnews.com/2021/07/06/arti-kata-bullshit-dalam-bahasa-gaul-yang-populer-di-media-sosial-ternyata-ini-pengertiannya,Advertiser preference;Policy issue,Content obscuring Google-served ads;Encouraging accidental clicks: Layout,Restricted ad serving,ca-pub-7784034061253020,88,2026-02-26,2026-03-04
manado.tribunnews.com,Page,N/A,N/A,manado.tribunnews.com/sulawesi-utara/1867066/siap-siap-mati-lampu-selama-8-jam-selasa-3-maret-2026-cek-daftar-lokasi-yang-terdampak?page=2,Advertiser preference,Crawler denied by robots.txt,Restricted ad serving,ca-pub-7784034061253020,88,2026-03-02,2026-03-02
bangka.tribunnews.com,Page,N/A,N/A,bangka.tribunnews.com/2018/01/06/video-mesum-tante-dan-bocah-di-bandung-ternyata-juga-berhubungan-dengan-pria-ini,Advertiser preference,Adult: Sexual content,Restricted ad serving,ca-pub-7784034061253020,87,2026-02-26,2026-03-04
ambon.tribunnews.com,Page,N/A,N/A,ambon.tribunnews.com/ambon/98844/aksi-hmi-brutal-di-unpatti-mahasiswa-siram-bensin-dan-bakar-gazebo?page=2,Advertiser preference,Crawler denied by robots.txt,Restricted ad serving,ca-pub-7784034061253020,87,2026-03-03,2026-03-04
surabaya.tribunnews.com,Page,N/A,N/A,surabaya.tribunnews.com/news/1932590/profil-try-sutrisno-wapres-ke-6-ri-yang-meninggal-dunia-dari-panglima-abri-hingga-dampingi-soeharto?page=3,Advertiser preference,Crawler denied by robots.txt,Restricted ad serving,ca-pub-7784034061253020,86,2026-03-01,2026-03-02
pontianak.tribunnews.com,Page,N/A,N/A,pontianak.tribunnews.com/2025/03/07/50-soal-bahasa-inggris-kelas-12-sma-semester-2-kurikulum-merdeka-2025-kunci-jawaban-pilihan-ganda?page=all,Advertiser preference,Crawler denied by robots.txt,Restricted ad serving,ca-pub-7784034061253020,86,2026-03-03,2026-03-04
makassar.tribunnews.com,Page,N/A,N/A,makassar.tribunnews.com/wajo/1830775/andi-rosman-lantik-pejabat-wajo-pakai-baju-adat-daftar-nama-11-kadis-baru-10-camat-dan-30-lurah?page=4,Advertiser preference,Crawler denied by robots.txt,Restricted ad serving,ca-pub-7784034061253020,86,2026-03-04,2026-03-04
m.tribunnews.com,Page,N/A,N/A,m.tribunnews.com/pendidikan/2022/11/01/kunci-jawaban-bahasa-indonesia-kelas-12-halaman-231-menentukan-nilai-yang-terdapat-dalam-buku-drama?page=2,Advertiser preference,Crawler denied by robots.txt,Restricted ad serving,ca-pub-7784034061253020,85,2026-02-26,2026-03-02
jabar.tribunnews.com,Page,N/A,N/A,jabar.tribunnews.com/2024/03/25/pengobatan-alat-vital-bandung-aa-h-kosasih,Advertiser preference,Adult: Sexual content,Restricted ad serving,ca-pub-7784034061253020,85,2026-02-26,2026-03-03
bali.tribunnews.com,Page,N/A,N/A,bali.tribunnews.com/2016/05/13/anak-ditemukan-tewas-dengan-gagang-cangkul-di-kemaluan-sang-ibu-kejam-banget-allah,Advertiser preference,Shocking content,Restricted ad serving,ca-pub-7784034061253020,84,2026-03-04,2026-03-04
aceh.tribunnews.com,Page,N/A,N/A,aceh.tribunnews.com/2022/03/05/harus-dipelajari-suami-begini-tips-mengajak-istri-berhubungan-intim-menurut-buya-yahya,Advertiser preference,Shocking content,Restricted ad serving,ca-pub-7784034061253020,84,2026-02-27,2026-03-02
pontianak.tribunnews.com,Page,N/A,N/A,pontianak.tribunnews.com/public-service/1164484/resmi-cair-hari-ini-thr-pns-cpns-pppk-tni-polri-dan-pensiunan-2026-cek-dengan-cara-ini,Advertiser preference,Crawler denied by robots.txt,Restricted ad serving,ca-pub-7784034061253020,83,2026-03-03,2026-03-03
makassar.tribunnews.com,Page,N/A,N/A,makassar.tribunnews.com/lipsus/1830456/duduk-tenang-saat-sidang-bripda-pirman-dipecat-polri-kasus-polisi-bunuh-polisi?page=2,Advertiser preference,Crawler denied by robots.txt,Restricted ad serving,ca-pub-7784034061253020,83,2026-03-02,2026-03-02
kaltim.tribunnews.com,Page,N/A,N/A,kaltim.tribunnews.com/news/1138704/10-smp-terbaik-di-balikpapan-versi-puspresnas-referensi-daftar-spmb-2026?page=2,Advertiser preference,Crawler denied by robots.txt,Restricted ad serving,ca-pub-7784034061253020,83,2026-03-01,2026-03-03
bangka.tribunnews.com,Page,N/A,N/A,bangka.tribunnews.com/lokal/1677732/daftar-9-mitra-usaha-terseret-kasus-korupsi-timah-rp416-triliun-terbaru-punya-mantan-cawabup-basel?page=4,Advertiser preference,Crawler denied by robots.txt,Restricted ad serving,ca-pub-7784034061253020,82,2026-03-01,2026-03-02
video.tribunnews.com,Page,N/A,N/A,video.tribunnews.com/viory.video,Advertiser preference,Crawler denied by robots.txt;Crawler: Page not found,Restricted ad serving,ca-pub-7784034061253020,81,2026-03-02,2026-03-04
makassar.tribunnews.com,Page,N/A,N/A,makassar.tribunnews.com/2015/07/31/inilah-lokasi-industri-porno-terbesar-dunia,Advertiser preference,Adult: Sexual content,Restricted ad serving,ca-pub-7784034061253020,81,2026-02-26,2026-03-04
sumsel.tribunnews.com,Page,N/A,N/A,sumsel.tribunnews.com/news/1008932/kondisi-muhammad-suryo-bos-rokok-usai-kecelakaan-moge-di-kulon-progo-bersama-istri-masih-kritis?page=3,Advertiser preference,Crawler denied by robots.txt,Restricted ad serving,ca-pub-7784034061253020,80,2026-03-02,2026-03-03
m.tribunnews.com,Page,N/A,N/A,m.tribunnews.com/internasional/7799350/10-tempat-teraman-di-tengah-kekhawatiran-perang-dunia-iii-indonesia-dan-greenland-masuk-daftar?page=3,Advertiser preference,Crawler denied by robots.txt,Restricted ad serving,ca-pub-7784034061253020,80,2026-03-03,2026-03-03
sumsel.tribunnews.com,Page,N/A,N/A,sumsel.tribunnews.com/2018/01/06/5-fakta-seputar-video-mesum-tante-vs-bocah-sd-yang-bikin-hebohno4-ungkap-siapa-sosok-pelakunya,Policy issue,Ads Disguised as Content,Restricted ad serving,ca-pub-7784034061253020,79,2026-02-26,2026-03-03
kupang.tribunnews.com,Page,N/A,N/A,kupang.tribunnews.com/provinsi-ntt/952642/sinergi-bi-pemprov-djpb-dan-ojk-ekonomi-ntt-2025-tumbuh-514-persen?page=all,Advertiser preference,Crawler denied by robots.txt,Restricted ad serving,ca-pub-7784034061253020,79,2026-03-02,2026-03-03
manado.tribunnews.com,Page,N/A,N/A,manado.tribunnews.com/sulawesi-utara/1866882/siap-siap-mati-lampu-info-pln-lokasi-terdampak-pemadaman-senin-2-maret-2026?page=4,Advertiser preference,Crawler denied by robots.txt,Restricted ad serving,ca-pub-7784034061253020,78,2026-03-01,2026-03-02
jogja.tribunnews.com,Page,N/A,N/A,jogja.tribunnews.com/diy/1209699/pernyataan-polres-kulon-progo-soal-kasus-laka-moge-vs-jupiter-di-temon-yang-tewaskan-anis-syarifah?page=2,Advertiser preference,Crawler denied by robots.txt,Restricted ad serving,ca-pub-7784034061253020,78,2026-03-02,2026-03-02
bogor.tribunnews.com,Page,N/A,N/A,bogor.tribunnews.com/news/310621/nasib-3-artis-indonesia-di-timur-tengah-kena-imbas-perang-iran-as-ada-yang-terjebak-ga-bisa-pulang?page=2,Advertiser preference,Crawler denied by robots.txt,Restricted ad serving,ca-pub-7784034061253020,78,2026-03-02,2026-03-02
www.tribunnewswiki.com,Page,N/A,N/A,www.tribunnewswiki.com/2026/02/17/film-asrama-putri-2026?utm_source=pushnotif?source=kgnotif_1,Advertiser preference,Crawler denied by robots.txt,Restricted ad serving,ca-pub-7784034061253020,77,2026-02-28,2026-03-04
palembang.tribunnews.com,Page,N/A,N/A,palembang.tribunnews.com/2025/08/06/kunci-jawaban-latihan-pemahaman-modul-1-topik-4-ppg-2025-pembelajaran-dengan-pendekatan-crt?page=3,Advertiser preference,Crawler denied by robots.txt,Restricted ad serving,ca-pub-7784034061253020,77,2026-02-26,2026-03-04
manado.tribunnews.com,Page,N/A,N/A,manado.tribunnews.com/boltim/1866986/asn-di-boltim-nyambi-jadi-penambang-emas-sebut-gaji-tak-cukup-karena-terdampak-efisiensi?page=2,Advertiser preference,Shocking content,Restricted ad serving,ca-pub-7784034061253020,77,2026-03-02,2026-03-02
surabaya.tribunnews.com,Page,N/A,N/A,surabaya.tribunnews.com/2023/04/06/bacaan-bilal-sholat-tarawih-lengkap-doa-qunut-witir-mulai-15-ramadhan?page=all,Advertiser preference,Crawler denied by robots.txt,Restricted ad serving,ca-pub-7784034061253020,76,2026-03-04,2026-03-04
ambon.tribunnews.com,Page,N/A,N/A,ambon.tribunnews.com/ambon/98843/kampus-membara-dan-tegang-aktivis-hmi-diduga-bakar-fasilitas-universitas-pattimura?page=2,Advertiser preference,Crawler denied by robots.txt,Restricted ad serving,ca-pub-7784034061253020,76,2026-03-03,2026-03-03
aceh.tribunnews.com,Page,N/A,N/A,aceh.tribunnews.com/news/1014218/digempur-rudal-trump-ajak-dialog-iran-larijani-kami-tak-akan-bernegosiasi-dengan-as?page=2,Advertiser preference,Crawler denied by robots.txt,Restricted ad serving,ca-pub-7784034061253020,76,2026-03-01,2026-03-02
style.tribunnews.com,Page,N/A,N/A,style.tribunnews.com/2017/12/04/cowok-ini-maksa-minta-pacarnya-kirim-foto-dada-tapi-si-cewek-nggak-kehabisan-akal,Policy issue,Ads Disguised as Content,Restricted ad serving,ca-pub-7784034061253020,75,2026-02-27,2026-03-02
medan.tribunnews.com,Page,N/A,N/A,medan.tribunnews.com/news/1783291/terkuaknya-dugaan-pelecehan-seksual-oleh-oknum-dosen-uhn-siantar-manfaatkan-bimbingan-skripsi?page=all,Advertiser preference,Crawler denied by robots.txt,Restricted ad serving,ca-pub-7784034061253020,75,2026-02-26,2026-03-04
medan.tribunnews.com,Page,N/A,N/A,medan.tribunnews.com/medan-terkini/1783720/warga-komplek-contempo-regency-protes-perobohan-tembok-minta-wali-kota-medan-bersikap?page=2,Advertiser preference,Crawler denied by robots.txt,Restricted ad serving,ca-pub-7784034061253020,75,2026-03-01,2026-03-02
jogja.tribunnews.com,Page,N/A,N/A,jogja.tribunnews.com/2022/07/20/kisah-idol-k-pop-chae-seung-ha-mantan-anggota-girlband-baba-kini-jadi-aktris-film-dewasa,Policy issue,Ads Disguised as Content,Restricted ad serving,ca-pub-7784034061253020,75,2026-02-27,2026-03-02
www.tribunnews.com,Page,N/A,N/A,www.tribunnews.com/pendidikan/2025/04/20/50-soal-ujian-sekolah-bahasa-indonesia-kelas-6-2025-dan-kunci-jawaban-us?page=all&s=paging_new,Advertiser preference,Crawler denied by robots.txt,Restricted ad serving,ca-pub-7784034061253020,74,2026-03-01,2026-03-03
palembang.tribunnews.com,Page,N/A,N/A,palembang.tribunnews.com/seleb/1310444/aaliyah-penyelamat-thariq-akhirnya-bongkar-fakta-hubungan-aurel-dan-geni-faruk-singgung-mental?source=kgnotif_1,Advertiser preference,Crawler denied by robots.txt,Restricted ad serving,ca-pub-7784034061253020,74,2026-02-28,2026-03-03
m.tribunnews.com,Page,N/A,N/A,m.tribunnews.com/regional/2011/04/01/subandi-mak-erot-dari-trenggalek,Advertiser preference,Adult: Sexual content,Restricted ad serving,ca-pub-7784034061253020,74,2026-02-27,2026-03-04
pontianak.tribunnews.com,Page,N/A,N/A,pontianak.tribunnews.com/2025/04/08/60-soal-seni-budaya-kelas-12-ujian-sekolah-tahun-2025-lengkap-kunci-jawaban-soal-usbn-sbdp-terbaru?page=4,Advertiser preference,Crawler denied by robots.txt,Restricted ad serving,ca-pub-7784034061253020,73,2026-02-27,2026-03-02
palembang.tribunnews.com,Page,N/A,N/A,palembang.tribunnews.com/2024/03/01/20-soal-ptsuts-seni-rupa-kelas-1-sd-semester-2-kurikulum-merdeka-tahun-2024-beserta-kunci-jawaban?page=2,Advertiser preference,Crawler denied by robots.txt,Restricted ad serving,ca-pub-7784034061253020,73,2026-02-26,2026-03-04
medan.tribunnews.com,Page,N/A,N/A,medan.tribunnews.com/2020/03/19/viral-video-wanita-cantik-dilabrak-istri-di-bandara-singgung-video-mesum-mantan-pegawai-bank-sumsel,Advertiser preference,Shocking content,Restricted ad serving,ca-pub-7784034061253020,73,2026-02-27,2026-03-02
manado.tribunnews.com,Page,N/A,N/A,manado.tribunnews.com/sulawesi-utara/1866981/komposisi-panitia-smsi-gmim-2026-tokoh-gereja-akademisi-hingga-figur-publik-berbaur-dalam-11-seksi?page=2,Advertiser preference,Crawler denied by robots.txt,Restricted ad serving,ca-pub-7784034061253020,73,2026-03-01,2026-03-02
padang.tribunnews.com,Page,N/A,N/A,padang.tribunnews.com/2024/11/14/40-contoh-soal-seni-rupa-kelas-10-semester-1-dan-kunci-jawaban?page=3,Advertiser preference,Crawler denied by robots.txt,Restricted ad serving,ca-pub-7784034061253020,72,2026-03-04,2026-03-04
makassar.tribunnews.com,Page,N/A,N/A,makassar.tribunnews.com/2025/03/03/profil-komjen-albertus-rachmad-wibowo-satu-satunya-alumni-akpol-1993-berpangkat-jenderal-bintang-3?source=kgnotif_1,Advertiser preference,Crawler denied by robots.txt,Restricted ad serving,ca-pub-7784034061253020,72,2026-03-01,2026-03-02
www.tribunnews.com,Page,N/A,N/A,www.tribunnews.com/internasional/7798426/rekap-data-terkini-konflik-iran-vs-israel-amerika-serikat-senin-2-maret-pukul-1100-wib?page=2,Advertiser preference,Crawler denied by robots.txt,Restricted ad serving,ca-pub-7784034061253020,71,2026-03-01,2026-03-02
medan.tribunnews.com,Page,N/A,N/A,medan.tribunnews.com/news/1783995/bupati-pekalongan-fadia-a-rafiq-terjaring-ott-kpk-harta-kekayaan-suami-dan-keluarga-jadi-sorotan?page=all,Advertiser preference,Crawler denied by robots.txt,Restricted ad serving,ca-pub-7784034061253020,71,2026-03-02,2026-03-03
jatim.tribunnews.com,Page,N/A,N/A,jatim.tribunnews.com/jombang/535759/cara-1-keluarga-asal-jombang-bisa-lolos-dari-penyekapan-5-orang-manfaatkan-kesempatan-kecil?page=2,Advertiser preference,Crawler denied by robots.txt,Restricted ad serving,ca-pub-7784034061253020,71,2026-03-04,2026-03-04
bangka.tribunnews.com,Page,N/A,N/A,bangka.tribunnews.com/2020/10/12/5-posisi-bercinta-agar-perempuan-raih-kepuasan-wot-hingga-sideways-straddle?page=all,Advertiser preference,Adult: Sexual content,Restricted ad serving,ca-pub-7784034061253020,71,2026-03-02,2026-03-02
jambi.tribunnews.com,Page,N/A,N/A,jambi.tribunnews.com/makalam/1191018/ternyata-6000-rekening-nasabah-bank-jambi-kena-hack-kehilangan-rp143-miliar?page=2,Advertiser preference,Crawler denied by robots.txt,Restricted ad serving,ca-pub-7784034061253020,70,2026-03-04,2026-03-04
www.tribunnews.com,Page,N/A,N/A,www.tribunnews.com/pendidikan/2025/04/20/50-soal-ujian-sekolah-bahasa-indonesia-kelas-6-2025-dan-kunci-jawaban-us?lgn_method=google&google_btn=onetap,Advertiser preference,Crawler denied by robots.txt,Restricted ad serving,ca-pub-7784034061253020,69,2026-03-03,2026-03-03
pontianak.tribunnews.com,Page,N/A,N/A,pontianak.tribunnews.com/2024/02/26/50-soal-alquran-hadist-kelas-12-ujian-madrasahujian-sekolah-thn-2024-terbaru-lengkap-kunci-jawaban?page=4,Advertiser preference,Crawler denied by robots.txt,Restricted ad serving,ca-pub-7784034061253020,69,2026-03-03,2026-03-03
aceh.tribunnews.com,Page,N/A,N/A,aceh.tribunnews.com/bisnis/1014416/daftar-harga-emas-di-aceh-per-mayam-3-maret-2026langsa-rp95-juta-banda-aceh-masih-di-level-tinggi?page=2,Advertiser preference,Crawler denied by robots.txt,Restricted ad serving,ca-pub-7784034061253020,69,2026-03-03,2026-03-04
pontianak.tribunnews.com,Page,N/A,N/A,pontianak.tribunnews.com/2024/12/18/50-soal-usbn-bahasa-indonesia-kelas-6-sd-lengkap-kunci-jawaban-soal-try-out-ujian-sekolah-tahun-2025?page=4,Advertiser preference,Crawler denied by robots.txt,Restricted ad serving,ca-pub-7784034061253020,68,2026-03-03,2026-03-03
m.tribunnews.com,Page,N/A,N/A,m.tribunnews.com/pendidikan/7789635/30-soal-tka-matematika-sdmi-2026-dilengkapi-kunci-jawaban-sebagai-latihan?page=2,Advertiser preference,Crawler denied by robots.txt,Restricted ad serving,ca-pub-7784034061253020,68,2026-02-26,2026-03-02
m.tribunnews.com,Page,N/A,N/A,m.tribunnews.com/pendidikan/2025/05/05/kunci-jawaban-ips-kelas-8-halaman-219-kurikulum-merdeka-menjawab-soal-esai?page=2,Advertiser preference,Crawler denied by robots.txt,Restricted ad serving,ca-pub-7784034061253020,68,2026-02-26,2026-03-02
m.tribunnews.com,Page,N/A,N/A,m.tribunnews.com/internasional/7799350/10-tempat-teraman-di-tengah-kekhawatiran-perang-dunia-iii-indonesia-dan-greenland-masuk-daftar?page=2,Advertiser preference,Crawler denied by robots.txt,Restricted ad serving,ca-pub-7784034061253020,68,2026-03-03,2026-03-03
health.tribunnews.com,Page,N/A,N/A,health.tribunnews.com/umum/37303/turunkan-tekanan-darah-secara-alami-dengan-konsumsi-8-jenis-buah-ini?utm_source=pushnotif?source=kgnotif_1,Advertiser preference,Crawler denied by robots.txt,Restricted ad serving,ca-pub-7784034061253020,68,2026-03-03,2026-03-03
pekanbaru.tribunnews.com,Page,N/A,N/A,pekanbaru.tribunnews.com/2021/08/27/film-bokeh-maika-monroe-trend-xnxubd-film-bokeh-full-bokeh-lights-bokeh-video-google-apk-download,Policy issue,Ads Disguised as Content,Restricted ad serving,ca-pub-7784034061253020,67,2026-02-26,2026-03-04
padang.tribunnews.com,Page,N/A,N/A,padang.tribunnews.com/2025/06/28/kunci-jawaban-bmr-kelas-12-bab-9-pilihan-ganda-k13-lengkap-dan-akurat?page=all,Advertiser preference,Crawler denied by robots.txt,Restricted ad serving,ca-pub-7784034061253020,67,2026-03-02,2026-03-02
m.tribunnews.com,Page,N/A,N/A,m.tribunnews.com/internasional/2016/07/01/wow-wanita-cantik-ini-lupa-nggak-pakai-celana-dalam-saat-belanja-di-mal,Advertiser preference,Adult: Sexual content,Restricted ad serving,ca-pub-7784034061253020,67,2026-02-26,2026-03-03
m.tribunnews.com,Page,N/A,N/A,m.tribunnews.com/internasional/2015/12/04/edan-kasus-hubungan-intim-manusia-dan-kuda-meningkat,Advertiser preference,Adult: Sexual content,Restricted ad serving,ca-pub-7784034061253020,66,2026-02-26,2026-03-04
jateng.tribunnews.com,Page,N/A,N/A,jateng.tribunnews.com/jawa-tengah/1245374/viral-dikaitkan-lampor-pemuda-purbalingga-tiba-tiba-di-wonosobo-motornya-di-lereng?page=3,Advertiser preference,Crawler denied by robots.txt,Restricted ad serving,ca-pub-7784034061253020,66,2026-02-27,2026-03-03
gorontalo.tribunnews.com,Page,N/A,N/A,gorontalo.tribunnews.com/nasional/81963/kapan-lebaran-2026-ini-jadwal-sidang-isbat-penentuan-1-syawal-1447-h-oleh-kemenag,Advertiser preference,Crawler denied by robots.txt,Restricted ad serving,ca-pub-7784034061253020,66,2026-03-01,2026-03-02
banten.tribunnews.com,Page,N/A,N/A,banten.tribunnews.com/news/149989/lokasi-atm-pecahan-10-20-ribu-terdekat-2026-di-jakarta-tangerang-serang-cilegon-dan-bandung?page=2,Advertiser preference,Crawler denied by robots.txt,Restricted ad serving,ca-pub-7784034061253020,66,2026-02-26,2026-03-03
aceh.tribunnews.com,Page,N/A,N/A,aceh.tribunnews.com/news/1014506/as-dan-israel-ketakutan-jika-perang-dengan-iran-berlangsung-lebih-10-hari-pentagon-ingatkan-trump?page=2,Advertiser preference,Crawler denied by robots.txt,Restricted ad serving,ca-pub-7784034061253020,66,2026-03-03,2026-03-03
manado.tribunnews.com,Page,N/A,N/A,manado.tribunnews.com/sulawesi-utara/1867130/emas-batangan-dan-dokumen-dari-5-toko-disita-kejati-sulut-ini-daftar-namanya?page=2,Advertiser preference,Crawler denied by robots.txt,Restricted ad serving,ca-pub-7784034061253020,65,2026-03-02,2026-03-03
jatim.tribunnews.com,Page,N/A,N/A,jatim.tribunnews.com/madura/528332/setelah-habiskan-rp-2-m-untuk-bangun-jalan-10-km-mat-yasin-siapkan-rp-1-m-untuk-perbaiki-desa-lain?page=2,Advertiser preference,Crawler denied by robots.txt,Restricted ad serving,ca-pub-7784034061253020,65,2026-02-27,2026-03-03
bengkulu.tribunnews.com,Page,N/A,N/A,bengkulu.tribunnews.com/2022/03/12/contoh-soal-dan-jawaban-e-rohani-polri-agama-islam-tahun-2022?page=all,Advertiser preference,Crawler denied by robots.txt,Restricted ad serving,ca-pub-7784034061253020,65,2026-03-03,2026-03-04
palembang.tribunnews.com,Page,N/A,N/A,palembang.tribunnews.com/2024/09/06/30-latihan-soal-bahasa-inggris-he-always-gets-up-at-5-oclock-kelas-4-sd-kurikulum-merdeka-jawaban?page=all,Advertiser preference,Crawler denied by robots.txt,Restricted ad serving,ca-pub-7784034061253020,64,2026-03-01,2026-03-02
m.tribunnews.com,Page,N/A,N/A,m.tribunnews.com/pendidikan/2025/03/04/kunci-jawaban-bahasa-indonesia-halaman-179-kelas-10-sma-kurikulum-merdeka?page=4,Advertiser preference,Crawler denied by robots.txt,Restricted ad serving,ca-pub-7784034061253020,64,2026-02-26,2026-03-02
m.tribunnews.com,Page,N/A,N/A,m.tribunnews.com/internasional/7799221/putin-siap-bantu-stabilkan-situasi-di-timur-tengah-rusia-akan-gunakan-semua-peluang-yang-ada?page=2,Advertiser preference,Crawler denied by robots.txt,Restricted ad serving,ca-pub-7784034061253020,64,2026-03-03,2026-03-03
gorontalo.tribunnews.com,Page,N/A,N/A,gorontalo.tribunnews.com/provinsi-gorontalo/81974/fakta-kasus-revitalisasi-jalan-mt-haryono-team-leader-pengawas-ternyata-residivis-korupsi?page=2,Advertiser preference,Crawler denied by robots.txt,Restricted ad serving,ca-pub-7784034061253020,64,2026-03-01,2026-03-04
style.tribunnews.com,Page,N/A,N/A,style.tribunnews.com/2017/08/02/6-ciri-wanita-sudah-tak-perawan-mulai-hidung-mata-payudara-hingga-bentuk-punggung,Advertiser preference,Adult: Sexual content,Restricted ad serving,ca-pub-7784034061253020,63,2026-02-26,2026-03-04
pontianak.tribunnews.com,Page,N/A,N/A,pontianak.tribunnews.com/2024/06/02/80-soal-pat-akidah-akhlak-kelas-11-sma-ma-kunci-jawaban-ukk-sumatif-akhir-semester-genap-2024?page=all,Advertiser preference,Crawler denied by robots.txt,Restricted ad serving,ca-pub-7784034061253020,63,2026-03-02,2026-03-02
manado.tribunnews.com,Page,N/A,N/A,manado.tribunnews.com/sulawesi-utara/1867130/emas-batangan-dan-dokumen-dari-5-toko-disita-kejati-sulut-ini-daftar-namanya?page=4,Advertiser preference,Crawler denied by robots.txt,Restricted ad serving,ca-pub-7784034061253020,63,2026-03-02,2026-03-03
manado.tribunnews.com,Page,N/A,N/A,manado.tribunnews.com/nasional/1867255/pensiunan-akan-cair-pertama-ini-jadwal-pencairan-dan-besaran-tunjangan-thr-pns-pppk-tni-dan-polri?page=3,Advertiser preference,Crawler denied by robots.txt,Restricted ad serving,ca-pub-7784034061253020,63,2026-03-03,2026-03-04
style.tribunnews.com,Page,N/A,N/A,style.tribunnews.com/2016/08/22/gaya-masturbasi-pria-hayo-kamu-biasanya-pakai-style-yang-mana,Advertiser preference,Adult: Sexual content,Restricted ad serving,ca-pub-7784034061253020,62,2026-02-27,2026-03-03
m.tribunnews.com,Page,N/A,N/A,m.tribunnews.com/pendidikan/7785646/50-soal-osn-ipa-sd-tahun-2026-dan-kunci-jawaban-olimpiade-sains-nasional?page=all&s=paging_new,Advertiser preference,Crawler denied by robots.txt,Restricted ad serving,ca-pub-7784034061253020,61,2026-03-01,2026-03-02
bali.tribunnews.com,Page,N/A,N/A,bali.tribunnews.com/news/592765/kisah-ibu-asal-bali-lindungi-anak-di-tengah-hujan-rudal-di-qatar-sembunyi-di-kamar-mandi?page=2,Advertiser preference,Crawler denied by robots.txt,Restricted ad serving,ca-pub-7784034061253020,61,2026-03-01,2026-03-02
www.tribunnews.com,Page,N/A,N/A,www.tribunnews.com/pendidikan/2024/10/21/kunci-jawaban-pai-kelas-2-sd-halaman-188-189-190-kurikulum-merdeka-ayo-berlatih-bab-7?page=3,Advertiser preference,Crawler denied by robots.txt,Restricted ad serving,ca-pub-7784034061253020,60,2026-03-02,2026-03-02
wartakota.tribunnews.com,Page,N/A,N/A,wartakota.tribunnews.com/nasional/866174/ferry-irwandi-bongkar-otak-demo-rusuh-tracking-medsos-soal-bubarkan-dpr-hingga-contoh-video-gibran?page=all,Advertiser preference,Crawler denied by robots.txt,Restricted ad serving,ca-pub-7784034061253020,60,2026-03-02,2026-03-02
wartakota.tribunnews.com,Page,N/A,N/A,wartakota.tribunnews.com/2021/05/26/cerita-psk-open-bo-di-michat-dapat-pelanggan-tetangga-sendiri-dan-teman-nongkrong-tarif-tetap-sama,Policy issue,Ads Disguised as Content,Restricted ad serving,ca-pub-7784034061253020,60,2026-02-26,2026-03-04
sumsel.tribunnews.com,Page,N/A,N/A,sumsel.tribunnews.com/news/1008976/bripda-pirman-resmi-dipecat-terungkap-fakta-keji-sikap-roket-habisi-nyawa-sang-junior-di-asrama?page=2,Advertiser preference,Crawler denied by robots.txt,Restricted ad serving,ca-pub-7784034061253020,60,2026-03-02,2026-03-02
sumsel.tribunnews.com,Page,N/A,N/A,sumsel.tribunnews.com/2025/03/08/50-soal-pts-matematika-kelas-2-semester-2-2025-kurikulum-merdeka-dan-kunci-jawaban?page=3,Advertiser preference,Crawler denied by robots.txt,Restricted ad serving,ca-pub-7784034061253020,60,2026-02-26,2026-03-03
medan.tribunnews.com,Page,N/A,N/A,medan.tribunnews.com/2018/03/22/7-artis-indonesia-ini-disebut-memiliki-payudara-terindah-nomor-terakhir-sempat-menghebohkan?page=all,Policy issue,Site Behavior: Navigation,Restricted ad serving,ca-pub-7784034061253020,60,2026-02-26,2026-03-02
manado.tribunnews.com,Page,N/A,N/A,manado.tribunnews.com/sulawesi-utara/1866949/harga-bbm-terbaru-maret-2026-naik-serentak-berikut-rinciannya?page=2,Advertiser preference,Crawler denied by robots.txt,Restricted ad serving,ca-pub-7784034061253020,60,2026-03-01,2026-03-02
manado.tribunnews.com,Page,N/A,N/A,manado.tribunnews.com/2019/03/13/cerita-para-psk-waria-terjerumus-ke-prostitusi-alasan-ekonomi-hingga-kepuasan-diri?page=all,Advertiser preference,Shocking content,Restricted ad serving,ca-pub-7784034061253020,60,2026-02-27,2026-03-03
kaltim.tribunnews.com,Page,N/A,N/A,kaltim.tribunnews.com/news/1138520/10-smp-terbaik-di-samarinda-versi-puspresnas-referensi-daftar-spmb-2026?page=3,Advertiser preference,Crawler denied by robots.txt,Restricted ad serving,ca-pub-7784034061253020,60,2026-02-27,2026-03-02
wow.tribunnews.com,Page,N/A,N/A,wow.tribunnews.com/superball/380951/breaking-news-persebaya-vs-persib-kesalahan-barba-dibayar-mahal-teja-paku-alam-pungut-bola?page=2,Advertiser preference,Crawler denied by robots.txt,Restricted ad serving,ca-pub-7784034061253020,59,2026-03-02,2026-03-02
trends.tribunnews.com,Page,N/A,N/A,trends.tribunnews.com/2025/07/09/kunci-jawaban-modul-2-topik-2-ppg-2025-melalui-compassion-bela-rasa-individu-dapat-mengurangi?page=3,Advertiser preference,Crawler denied by robots.txt,Restricted ad serving,ca-pub-7784034061253020,59,2026-02-28,2026-03-03
pontianak.tribunnews.com,Page,N/A,N/A,pontianak.tribunnews.com/2025/03/07/50-soal-ppkn-kelas-12-sma-semester-2-kurikulum-merdeka-2025-kunci-jawaban-pilihan-ganda?page=2,Advertiser preference,Crawler denied by robots.txt,Restricted ad serving,ca-pub-7784034061253020,59,2026-03-01,2026-03-04
manado.tribunnews.com,Page,N/A,N/A,manado.tribunnews.com/boltim,Advertiser preference,Shocking content,Restricted ad serving,ca-pub-7784034061253020,59,2026-03-03,2026-03-03
m.tribunnews.com,Page,N/A,N/A,m.tribunnews.com/pendidikan/7788351/50-soal-osn-ips-smp-2026-dan-kunci-jawaban-olimpiade-sains-nasional?page=all&s=paging_new,Advertiser preference,Crawler denied by robots.txt,Restricted ad serving,ca-pub-7784034061253020,59,2026-02-28,2026-03-02
aceh.tribunnews.com,Page,N/A,N/A,aceh.tribunnews.com/lifestyle/1012419/50-link-twibbon-ramadhan-2026-desainnya-simple-elegan-lengkap-caption-dan-ucapan-bahasa-inggris?source=kgnotif_1,Advertiser preference,Crawler denied by robots.txt,Restricted ad serving,ca-pub-7784034061253020,59,2026-03-01,2026-03-02
www.tribunnewswiki.com,Page,N/A,N/A,www.tribunnewswiki.com/2019/12/28/3-skandal-cupi-cupita-baju-melorot-saat-manggung-hingga-video-syur-mirip-dirinya,Advertiser preference,Adult: Sexual content,Restricted ad serving,ca-pub-7784034061253020,58,2026-02-26,2026-03-04
trends.tribunnews.com,Page,N/A,N/A,trends.tribunnews.com/2024/10/01/kunci-jawaban-pmm-post-test-ppa-umum-3-ppg-daljab-anda-mengetahui-ada-2-suku-asal-peserta-didik?page=3,Advertiser preference,Crawler denied by robots.txt,Restricted ad serving,ca-pub-7784034061253020,58,2026-02-26,2026-03-02
jambi.tribunnews.com,Page,N/A,N/A,jambi.tribunnews.com/2018/06/13/4-film-dengan-adegan-ranjang-terpanas-sepanjang-sejarah-benar-benar-seperti-nyata,Advertiser preference,Adult: Sexual content,Restricted ad serving,ca-pub-7784034061253020,58,2026-02-26,2026-03-02
www.tribunnews.com,Page,N/A,N/A,www.tribunnews.com/internasional/7798672/selat-hormuz-ditutup-bahlil-sebut-cadangan-minyak-ri-hanya-cukup-untuk-20-hari?lgn_method=google&google_btn=onetap,Advertiser preference,Crawler denied by robots.txt,Restricted ad serving,ca-pub-7784034061253020,57,2026-03-02,2026-03-03
wow.tribunnews.com,Page,N/A,N/A,wow.tribunnews.com/superball/380967/8-fakta-duel-persebaya-vs-persib-kakang-tavares-nyaris-ricuh-hingga-kartu-kuning-konyol-adam-alis?page=2,Advertiser preference,Crawler denied by robots.txt,Restricted ad serving,ca-pub-7784034061253020,57,2026-03-02,2026-03-02
makassar.tribunnews.com,Page,N/A,N/A,makassar.tribunnews.com/kareba-parlementa/1829001/dprd-makassar-dukung-perumda-ambil-alih-parkir-pantai-losari-tak-ada-lagi-nariknya-sangat-mahal?source=kgnotif_1,Advertiser preference,Crawler denied by robots.txt,Restricted ad serving,ca-pub-7784034061253020,57,2026-03-02,2026-03-04
www.tribunnews.com,Page,N/A,N/A,www.tribunnews.com/pendidikan/7798014/40-soal-pts-bahasa-indonesia-kelas-4-semester-2-kurikulum-merdeka-dan-kunci-jawaban-sts-uts?page=all&s=paging_new,Advertiser preference,Crawler denied by robots.txt,Restricted ad serving,ca-pub-7784034061253020,56,2026-03-01,2026-03-03
pontianak.tribunnews.com,Page,N/A,N/A,pontianak.tribunnews.com/2021/07/03/cek-promo-naga-swalayan-jumat-sabtu-minggu-ini-promo-jsm-naga-swalayan-dapatkan-harga-termurah,Policy issue,Encouraging accidental clicks: Layout,Restricted ad serving,ca-pub-7784034061253020,56,2026-03-03,2026-03-03
pontianak.tribunnews.com,Page,N/A,N/A,pontianak.tribunnews.com/2018/06/05/9-artis-seksi-indonesia-yang-tampil-toples-di-film-berani-adegan-panas-sama-bule,Advertiser preference,Adult: Sexual content,Restricted ad serving,ca-pub-7784034061253020,56,2026-02-27,2026-03-04
palembang.tribunnews.com,Page,N/A,N/A,palembang.tribunnews.com/2025/04/07/25-soal-bab-7-ipas-kelas-3-sd-kurikulum-merdeka-lengkap-kunci-jawaban-cerita-dari-kampung-halaman?page=2,Advertiser preference,Crawler denied by robots.txt,Restricted ad serving,ca-pub-7784034061253020,56,2026-02-27,2026-03-03
medan.tribunnews.com,Page,N/A,N/A,medan.tribunnews.com/news/1784157/pengakuan-bupati-pekalongan-di-kpk-bingung-ditahan-itu-perusahaan-dari-keluarga-bukan-saya?page=2,Advertiser preference,Crawler denied by robots.txt,Restricted ad serving,ca-pub-7784034061253020,56,2026-03-03,2026-03-04
m.tribunnews.com,Page,N/A,N/A,m.tribunnews.com/pendidikan/2025/05/13/50-soal-ujian-sekolah-pkn-kelas-9-2025-kurikulum-merdeka-dan-kunci-jawaban-us?page=2,Advertiser preference,Crawler denied by robots.txt,Restricted ad serving,ca-pub-7784034061253020,56,2026-03-03,2026-03-03
jatim.tribunnews.com,Page,N/A,N/A,jatim.tribunnews.com/news/535453/alasan-sarifah-istri-gubernur-kaltim-berpakaian-nyentrik-tim-ahli-bongkar-fakta-puluhan-tahun?page=3,Advertiser preference,Crawler denied by robots.txt,Restricted ad serving,ca-pub-7784034061253020,56,2026-03-02,2026-03-02
jambi.tribunnews.com,Page,N/A,N/A,jambi.tribunnews.com/2019/01/28/wanita-ini-usia-16-tahun-sudah-jadi-bintang-film-dewasa-segini-gajinya-sekali-main?page=all,Advertiser preference,Adult: Sexual content,Restricted ad serving,ca-pub-7784034061253020,56,2026-02-27,2026-03-03
palembang.tribunnews.com,Page,N/A,N/A,palembang.tribunnews.com/2024/10/11/10-soal-ipa-kelas-8-smp-bab-11-tentang-cahaya-dan-alat-optik-dilengkapi-kunci-jawaban-pilihan-ganda?page=3,Advertiser preference,Crawler denied by robots.txt,Restricted ad serving,ca-pub-7784034061253020,55,2026-03-01,2026-03-03
m.tribunnews.com,Page,N/A,N/A,m.tribunnews.com/internasional/7799529/putra-ali-khamenei-mojtaba-dilaporkan-terpilih-menjadi-pemimpin-tertinggi-iran-berikutnya?page=2,Advertiser preference,Crawler denied by robots.txt,Restricted ad serving,ca-pub-7784034061253020,55,2026-03-03,2026-03-03
pontianak.tribunnews.com,Page,N/A,N/A,pontianak.tribunnews.com/2025/03/09/50-soal-ujian-pkn-kelas-12-sma-smk-ma-kurikulum-merdeka-lengkap-kunci-jawaban-soal-usbnusp-2025?page=3,Advertiser preference,Crawler denied by robots.txt,Restricted ad serving,ca-pub-7784034061253020,54,2026-02-26,2026-03-02
m.tribunnews.com,Page,N/A,N/A,m.tribunnews.com/tag/injourney-airports,Advertiser preference,Crawler denied by robots.txt,Restricted ad serving,ca-pub-7784034061253020,54,2026-02-27,2026-03-03
jatim-timur.tribunnews.com,Page,N/A,N/A,jatim-timur.tribunnews.com/superball/36312/persebaya-imbang-lawan-persib-bandung-ini-kata-kata-bonek?page=2,Advertiser preference,Crawler denied by robots.txt,Restricted ad serving,ca-pub-7784034061253020,54,2026-03-03,2026-03-03
jateng.tribunnews.com,Page,N/A,N/A,jateng.tribunnews.com/semarang/1245816/pamit-magang-di-saloka-cerita-bilqis-tiba-tiba-dihantam-truk-dari-belakang-di-exit-tol-bawen?page=3,Advertiser preference,Crawler denied by robots.txt,Restricted ad serving,ca-pub-7784034061253020,54,2026-03-03,2026-03-04
health.tribunnews.com,Page,N/A,N/A,health.tribunnews.com/news/38145/5-persiapan-bermain-padel-hingga-risiko-cedera-yang-perlu-diwaspadai?utm_source=pushnotif?source=kgnotif_1,Advertiser preference,Crawler denied by robots.txt,Restricted ad serving,ca-pub-7784034061253020,54,2026-03-02,2026-03-02
flores.tribunnews.com,Page,N/A,N/A,flores.tribunnews.com/ngada/57886/98-desa-di-ngada-akan-gelar-pilkades-serentak-september-2026-mendatang?lgn_method=google&google_btn=onetap,Advertiser preference,Crawler denied by robots.txt,Restricted ad serving,ca-pub-7784034061253020,54,2026-03-01,2026-03-02
bogor.tribunnews.com,Page,N/A,N/A,bogor.tribunnews.com/2016/06/30/ini-6-tanda-pasangan-anda-pernah-tidur-dengan-pria-lain-cukur-rambut-kemaluan-hingga-gaya-bercinta,Advertiser preference,Adult: Sexual content,Restricted ad serving,ca-pub-7784034061253020,54,2026-03-01,2026-03-02
bangka.tribunnews.com,Page,N/A,N/A,bangka.tribunnews.com/news/1678131/besaran-gaji-ke-13-pns-pppk-tni-polri-hingga-pensiunan-pusat-dan-daerah,Advertiser preference,Crawler denied by robots.txt,Restricted ad serving,ca-pub-7784034061253020,54,2026-03-04,2026-03-04
ternate.tribunnews.com,Page,N/A,N/A,ternate.tribunnews.com/lifestyle/91020/kunci-jawaban-pai-kelas-12-kurikulum-merdeka-halaman-159-160-161-pilihan-ganda-bab-5?page=2,Advertiser preference,Crawler denied by robots.txt,Restricted ad serving,ca-pub-7784034061253020,53,2026-03-03,2026-03-04
pontianak.tribunnews.com,Page,N/A,N/A,pontianak.tribunnews.com/edukasi/1158707/tes-kompetensi-akademik-ipas-kelas-6-sd-2026-lengkap-50-soal-dan-kunci-jawaban-tka-ipas-kelas-vi-sd?page=3,Advertiser preference,Crawler denied by robots.txt,Restricted ad serving,ca-pub-7784034061253020,53,2026-02-26,2026-03-03
m.tribunnews.com,Page,N/A,N/A,m.tribunnews.com/pendidikan/7797014/40-soal-pts-ipas-kelas-6-semester-2-kurikulum-merdeka-dan-kunci-jawaban-sts-uts?page=all&s=paging_new,Advertiser preference,Crawler denied by robots.txt,Restricted ad serving,ca-pub-7784034061253020,53,2026-03-02,2026-03-03
lombok.tribunnews.com,Page,N/A,N/A,lombok.tribunnews.com/superball/102079/prediksi-skor-fc-seoul-vs-vissel-kobe-rabu-4-maret-2026-duel-sengit-16-besar-acl-elite?page=2,Advertiser preference,Crawler denied by robots.txt,Restricted ad serving,ca-pub-7784034061253020,53,2026-03-03,2026-03-04
surabaya.tribunnews.com,Page,N/A,N/A,surabaya.tribunnews.com/news/1932619/sosok-taufik-dwi-cahyono-anak-ke-2-try-sutrisno-jadi-imam-salat-jenazah-dosen-unhan-bergelar-doktor?page=2,Advertiser preference,Crawler denied by robots.txt,Restricted ad serving,ca-pub-7784034061253020,52,2026-03-01,2026-03-02
sulbar.tribunnews.com,Page,N/A,N/A,sulbar.tribunnews.com/mamuju/76084/peran-mahasiswa-di-kasus-tppu-rp12-miliar-kejari-sita-tas-gucci-dan-ikat-pinggang-harga-rp14juta?page=2,Advertiser preference,Crawler denied by robots.txt,Restricted ad serving,ca-pub-7784034061253020,52,2026-03-02,2026-03-03
pontianak.tribunnews.com,Page,N/A,N/A,pontianak.tribunnews.com/2024/03/02/50-soal-ujian-madrasah-sejarah-kelas-12-ma-kurikulum-merdeka-kunci-jawaban-asesmen-madrasah-2024?page=3,Advertiser preference,Crawler denied by robots.txt,Restricted ad serving,ca-pub-7784034061253020,52,2026-03-01,2026-03-02
palembang.tribunnews.com,Page,N/A,N/A,palembang.tribunnews.com/2024/07/01/30-soal-pendidikan-pancasila-kelas-5-sd-semester-2-dan-kunci-jawaban-aku-dan-lingkungan-sekitarku?page=2,Advertiser preference,Crawler denied by robots.txt,Restricted ad serving,ca-pub-7784034061253020,52,2026-03-03,2026-03-03
makassar.tribunnews.com,Page,N/A,N/A,makassar.tribunnews.com/2020/07/12/ceplos-nikita-mirzani-cerita-pengalaman-tak-puas-di-ranjang-sebut-vicky-nitinegoro-paling-cepat,Policy issue,Ads Disguised as Content,Restricted ad serving,ca-pub-7784034061253020,52,2026-02-26,2026-03-02
m.tribunnews.com,Page,N/A,N/A,m.tribunnews.com/pendidikan/2024/02/16/45-contoh-soal-pts-uts-sbdp-kelas-5-semester-2-k13-dan-kunci-jawaban?page=3,Advertiser preference,Crawler denied by robots.txt,Restricted ad serving,ca-pub-7784034061253020,52,2026-02-26,2026-03-04
surabaya.tribunnews.com,Page,N/A,N/A,surabaya.tribunnews.com/news/1932831/usai-didesak-agar-keluar-boa-bentukan-trump-imbas-perang-as-israel-vs-iran-ini-sikap-prabowo?page=2,Advertiser preference,Crawler denied by robots.txt,Restricted ad serving,ca-pub-7784034061253020,51,2026-03-03,2026-03-04
surabaya.tribunnews.com,Page,N/A,N/A,surabaya.tribunnews.com/lifestyle/1928117/lirik-ya-rasulallah-salamun-alaik-lengkap-teks-arab-dan-artinya,Advertiser preference,Shocking content,Restricted ad serving,ca-pub-7784034061253020,51,2026-03-03,2026-03-03
surabaya.tribunnews.com,Page,N/A,N/A,surabaya.tribunnews.com/2019/07/12/4-fakta-kakak-adik-kandung-berhubungan-badan-hingga-si-adik-hamil-8-bulan-di-lampung-utara?page=all,Advertiser preference,Google-served ads obscuring content,Restricted ad serving,ca-pub-7784034061253020,51,2026-02-26,2026-03-03
style.tribunnews.com,Page,N/A,N/A,style.tribunnews.com/2017/04/15/terungkap-ini-rahasia-kakek-sugiono-artis-film-panas-tertua-jepang-bisa-tetap-fit-di-usia-lanjut?page=all,Advertiser preference,Adult: Sexual content,Restricted ad serving,ca-pub-7784034061253020,51,2026-02-27,2026-03-04
pontianak.tribunnews.com,Page,N/A,N/A,pontianak.tribunnews.com/2025/01/24/45-soal-pilihan-ganda-agama-kristen-kelas-12-semester-2-k-merdeka-beserta-kunci-jawaban-terbaru-2025?page=4,Advertiser preference,Crawler denied by robots.txt,Restricted ad serving,ca-pub-7784034061253020,51,2026-02-28,2026-03-03
m.tribunnews.com,Page,N/A,N/A,m.tribunnews.com/pendidikan/2024/04/03/50-soal-cerdas-cermat-agama-islam-smpmts-lengkap-dengan-kunci-jawabannya?page=4,Advertiser preference,Crawler denied by robots.txt,Restricted ad serving,ca-pub-7784034061253020,51,2026-02-26,2026-03-04
www.tribunnews.com,Page,N/A,N/A,www.tribunnews.com/pendidikan/2025/02/14/30-soal-pts-bahasa-inggris-kelas-5-dan-kunci-jawaban-sumatif-tengah-semester-2?page=4,Advertiser preference,Crawler denied by robots.txt,Restricted ad serving,ca-pub-7784034061253020,50,2026-02-26,2026-03-04
trends.tribunnews.com,Page,N/A,N/A,trends.tribunnews.com/2024/10/17/kunci-jawaban-sosiologi-kelas-10-sma-menurut-berger-pokok-pembahasan-dalam-sosiologi-adalah?page=2,Advertiser preference,Crawler denied by robots.txt,Restricted ad serving,ca-pub-7784034061253020,50,2026-03-02,2026-03-02
ternate.tribunnews.com,Page,N/A,N/A,ternate.tribunnews.com/lifestyle/96828/6-shio-paling-beruntung-selasa-3-maret-2026-rezeki-dan-finansial-menguat?page=2,Advertiser preference,Crawler denied by robots.txt,Restricted ad serving,ca-pub-7784034061253020,50,2026-03-02,2026-03-03
pontianak.tribunnews.com,Page,N/A,N/A,pontianak.tribunnews.com/2017/11/13/6-artis-papan-atas-ini-menyesal-pernah-bugil-dan-lakukan-adegan-panas-di-film,Advertiser preference,Adult: Sexual content,Restricted ad serving,ca-pub-7784034061253020,50,2026-02-26,2026-03-04
palembang.tribunnews.com,Page,N/A,N/A,palembang.tribunnews.com/2025/05/10/latihan-soal-bahasa-indonesia-kelas-8-smpmts-materi-menemukan-unsur-karya-fiksi-soal-pilihan-ganda?page=3,Advertiser preference,Crawler denied by robots.txt,Restricted ad serving,ca-pub-7784034061253020,50,2026-02-28,2026-03-02
makassar.tribunnews.com,Page,N/A,N/A,makassar.tribunnews.com/2019/09/30/pede-kirim-foto-alat-vital-ke-wanita-pria-ini-kaget-dikirimi-balik-foto-kok-bentuknya-samaternyata?page=all,Advertiser preference,Shocking content,Restricted ad serving,ca-pub-7784034061253020,50,2026-02-27,2026-03-02
m.tribunnews.com,Page,N/A,N/A,m.tribunnews.com/pendidikan/7774659/kunci-jawaban-pkn-kelas-9-halaman-128-buku-pendidikan-pancasila-bahasa-ibu-yang-dirindu?page=2,Advertiser preference,Crawler denied by robots.txt,Restricted ad serving,ca-pub-7784034061253020,50,2026-03-02,2026-03-02
m.tribunnews.com,Page,N/A,N/A,m.tribunnews.com/pendidikan/2024/02/13/40-soal-pts-uts-pjok-kelas-1-sd-semester-2-k13-lengkap-dengan-kunci-jawaban?page=2,Advertiser preference,Crawler denied by robots.txt,Restricted ad serving,ca-pub-7784034061253020,50,2026-03-01,2026-03-03
m.tribunnews.com,Page,N/A,N/A,m.tribunnews.com/kesehatan/2019/06/29/hati-hatu-tinggalkan-jejak-di-leher-pengantin-baru-ini-stroke-hingga-meninggal-karena-ciuman,Advertiser preference,Adult: Sexual content,Restricted ad serving,ca-pub-7784034061253020,50,2026-02-27,2026-03-04
jatim.tribunnews.com,Page,N/A,N/A,jatim.tribunnews.com/news/535310/eks-dubes-ri-sebut-gugurnya-ayatollah-ali-khamenei-tak-buat-pemerintahan-islam-iran-bubar?page=2,Advertiser preference,Crawler denied by robots.txt,Restricted ad serving,ca-pub-7784034061253020,50,2026-03-01,2026-03-02
jatim-timur.tribunnews.com,Page,N/A,N/A,jatim-timur.tribunnews.com/jember/36271/jadwal-buka-puasa-jember-hari-ini-2-maret-2026-kapan-waktu-magrib,Advertiser preference,Crawler denied by robots.txt,Restricted ad serving,ca-pub-7784034061253020,50,2026-03-02,2026-03-03
banten.tribunnews.com,Page,N/A,N/A,banten.tribunnews.com/2023/11/17/kunci-jawaban-bahasa-indonesia-kelas-10-isian-faktor-yang-memengaruhi-keberhasilan-negosiasi?lgn_method=google&google_btn=onetap,Advertiser preference,Crawler denied by robots.txt,Restricted ad serving,ca-pub-7784034061253020,50,2026-03-01,2026-03-02
pekanbaru.tribunnews.com,Page,N/A,N/A,pekanbaru.tribunnews.com/2022/02/05/apa-itu-colay-dalam-bahasa-gaul-colay-adalah-kebiasaan-buruk-ini-arti-colay-di-kamus-gaul,Policy issue,Ads Disguised as Content,Restricted ad serving,ca-pub-7784034061253020,49,2026-03-01,2026-03-04
m.tribunnews.com,Page,N/A,N/A,m.tribunnews.com/lifestyle/2010/04/24/gairah-seks-wanita-menurut-primbon-jawa,Advertiser preference,Adult: Sexual content,Restricted ad serving,ca-pub-7784034061253020,49,2026-02-28,2026-03-03
kupang.tribunnews.com,Page,N/A,N/A,kupang.tribunnews.com/2014/06/19/psk-sarkem-bisa-layani-5-pelanggan-semalam-tarif-rp-150-ribu-rp-300-ribu,Advertiser preference,Adult: Sexual content,Restricted ad serving,ca-pub-7784034061253020,49,2026-02-26,2026-03-04
wartakota.tribunnews.com,Page,N/A,N/A,wartakota.tribunnews.com/2022/11/03/link-video-mesum-perempuan-cantik-kebaya-merah-berdurasi-16-menit-diburu-polda-bali-turun-tangan,Policy issue,Ads Disguised as Content,Restricted ad serving,ca-pub-7784034061253020,48,2026-02-27,2026-03-04
sultra.tribunnews.com,Page,N/A,N/A,sultra.tribunnews.com/2022/10/29/link-video-viral-lombok-vc-tak-senonoh-beredar-di-tiktok-facebook-twitter-telegram-sosok-pemeran,Policy issue,Ads Disguised as Content,Restricted ad serving,ca-pub-7784034061253020,48,2026-02-26,2026-03-04
pekanbaru.tribunnews.com,Page,N/A,N/A,pekanbaru.tribunnews.com/2021/07/03/viral-tiktok-andaikan-hp-ku-tidak-jatuh-ada-apa-dengan-rina-hole-film-anime-stuck-in-the-wall,Policy issue,Ads Disguised as Content,Restricted ad serving,ca-pub-7784034061253020,48,2026-02-26,2026-03-03
m.tribunnews.com,Page,N/A,N/A,m.tribunnews.com/lifestyle/2018/01/19/viral-foto-struk-belanja-tahun-1992-lihat-berapa-harga-rokok-saat-itu,Advertiser preference,Tobacco,Restricted ad serving,ca-pub-7784034061253020,48,2026-02-26,2026-03-03
pontianak.tribunnews.com,Page,N/A,N/A,pontianak.tribunnews.com/2018/12/19/9-bintang-porno-putusnan-pensiun-hingga-artis-indonesia-ungkap-tips-dan-rahasia-seks-siapa-saja?page=all,Advertiser preference,Adult: Sexual content,Restricted ad serving,ca-pub-7784034061253020,47,2026-02-28,2026-03-03
makassar.tribunnews.com,Page,N/A,N/A,makassar.tribunnews.com/2017/12/16/beginilah-nasib-7-bintang-film-panas-jepang-saat-tobat-nomor-7-bikin-cara-sendiri-layani-fans,Policy issue,Site Behavior: Navigation,Restricted ad serving,ca-pub-7784034061253020,47,2026-02-26,2026-03-04
bengkulu.tribunnews.com,Page,N/A,N/A,bengkulu.tribunnews.com/2022/10/07/rebahin-pindah-kemana-berikut-link-alternatif-terbaru-dan-terlaris-nonton-streaming-2022,Policy issue,Ads Disguised as Content,Restricted ad serving,ca-pub-7784034061253020,47,2026-02-27,2026-03-03
wartakota.tribunnews.com,Page,N/A,N/A,wartakota.tribunnews.com/2022/05/26/video-tiktokers-berhijab-pamer-payudara-menuai-kecaman-banyak-netizen,Policy issue,Ads Disguised as Content,Restricted ad serving,ca-pub-7784034061253020,46,2026-03-02,2026-03-03
solo.tribunnews.com,Page,N/A,N/A,solo.tribunnews.com/2020/09/26/chord-kunci-gitar-dan-lirik-lagu-sancang-yayan-jatnika-chord-mudah-dimainkan,Advertiser preference;Policy issue,Encouraging accidental clicks: Layout;Google-served ads obscuring content,Restricted ad serving,ca-pub-7784034061253020,46,2026-02-27,2026-03-03
palembang.tribunnews.com,Page,N/A,N/A,palembang.tribunnews.com/2017/11/07/mantan-anggota-grup-akb48-ini-alih-profesi-ke-dunia-film-dewasa-begini-foto-fotonya,Policy issue,Site Behavior: Navigation,Restricted ad serving,ca-pub-7784034061253020,46,2026-02-27,2026-03-03
bangka.tribunnews.com,Page,N/A,N/A,bangka.tribunnews.com/2017/12/03/ini-dia-7-wanita-indonesia-yang-bintangi-film-panas-di-luar-negeri-nomor-6-bikin-melongo?page=all,Policy issue,Site Behavior: Navigation,Restricted ad serving,ca-pub-7784034061253020,44,2026-03-02,2026-03-04
m.tribunnews.com,Page,N/A,N/A,m.tribunnews.com/regional/2014/12/22/wanita-asal-makassar-ini-jadi-bintang-film-porno-di-amerika-serikat,Advertiser preference,Shocking content,Restricted ad serving,ca-pub-7784034061253020,43,2026-02-26,2026-03-04
surabaya.tribunnews.com,Page,N/A,N/A,surabaya.tribunnews.com/2019/08/04/fransiskus-selviya-pemilik-vihayana-creative-communication-wujudkan-mimpi-lewat-bisnis-penerjemah,Advertiser preference,Shocking content,Restricted ad serving,ca-pub-7784034061253020,42,2026-03-01,2026-03-04
pekanbaru.tribunnews.com,Page,N/A,N/A,pekanbaru.tribunnews.com/2020/03/06/link-download-film-frozen-2-full-sub-indo-bahasa-indonesia-bisa-nonton-streaming-di-hp-video,Advertiser preference,Content obscuring Google-served ads,Restricted ad serving,ca-pub-7784034061253020,42,2026-03-01,2026-03-02
makassar.tribunnews.com,Page,N/A,N/A,makassar.tribunnews.com/2015/07/31/inilah-lokasi-industri-porno-terbesar-dunia?page=all,Advertiser preference,Google-served ads obscuring content,Restricted ad serving,ca-pub-7784034061253020,42,2026-02-28,2026-03-02
m.tribunnews.com,Page,N/A,N/A,m.tribunnews.com/kesehatan/2018/02/12/jauh-dari-suami-ibu-2-anak-ini-3-tahun-pakai-sex-toys-blak-blakan-soal-rasa-dan-pendapat-suaminya,Advertiser preference,Adult: Sexual content,Restricted ad serving,ca-pub-7784034061253020,42,2026-02-27,2026-03-03
jambi.tribunnews.com,Page,N/A,N/A,jambi.tribunnews.com/2019/03/31/ini-16-ciri-cewek-yang-gila-di-ranjang-seperti-bulu-tangan-lebat-kumis-tipis-kamu-yang-mana,Advertiser preference;Policy issue,Adult: Sexual content;Google-served ads on screens without publisher-content,Restricted ad serving,ca-pub-7784034061253020,42,2026-02-27,2026-03-02
bengkulu.tribunnews.com,Page,N/A,N/A,bengkulu.tribunnews.com/2022/08/25/uncensored-kinsou-no-vermeil-episode-8-sub-indo-link-nonton-selain-di-otakudesu-dan-anoboy,Policy issue,Ads Disguised as Content,Restricted ad serving,ca-pub-7784034061253020,42,2026-02-27,2026-03-03
bali.tribunnews.com,Page,N/A,N/A,bali.tribunnews.com/2016/08/21/video-gadis-cantik-ini-jadi-viral-usai-lupa-matikan-kamera-saat-esek-esek?page=1,Advertiser preference,Adult: Sexual content,Restricted ad serving,ca-pub-7784034061253020,42,2026-02-26,2026-03-04
lampung.tribunnews.com,Page,N/A,N/A,lampung.tribunnews.com/2018/06/03/banyak-gadis-china-tidak-perawan-di-usia-17-tahun-akhirnya-operasi-keperawanan-sebelum-menikah,Advertiser preference,Adult: Sexual content,Restricted ad serving,ca-pub-7784034061253020,41,2026-03-02,2026-03-03
jatim.tribunnews.com,Page,N/A,N/A,jatim.tribunnews.com/2017/11/28/9-posisi-oral-seks-terbaik-yang-bisa-bikin-pasanganmu-menggila-seketika-no-6-paling-dahsyat?page=2,Advertiser preference,Adult: Sexual content,Restricted ad serving,ca-pub-7784034061253020,41,2026-02-27,2026-03-04
bangka.tribunnews.com,Page,N/A,N/A,bangka.tribunnews.com/2018/01/08/inilah-sosok-tante-imel-dan-tante-intan-pemeran-video-mesum-bandung-yang-berhasil-ditangkap,Advertiser preference,Adult: Sexual content,Restricted ad serving,ca-pub-7784034061253020,41,2026-02-27,2026-03-04
www.tribunnews.com,Page,N/A,N/A,www.tribunnews.com/internasional/2016/07/01/wow-wanita-cantik-ini-lupa-nggak-pakai-celana-dalam-saat-belanja-di-mal,Advertiser preference,Adult: Sexual content,Restricted ad serving,ca-pub-7784034061253020,40,2026-03-01,2026-03-03
jambi.tribunnews.com,Page,N/A,N/A,jambi.tribunnews.com/2018/01/31/10-negara-surganya-perzinaan-nomor-7-warganya-gemar-bertukar-pasangan?page=all,Advertiser preference,Adult: Sexual content,Restricted ad serving,ca-pub-7784034061253020,40,2026-03-03,2026-03-03
bangka.tribunnews.com,Page,N/A,N/A,bangka.tribunnews.com/2016/08/27/ternyata-beginilah-cara-jin-meniduri-wanita-saat-tidur-ini-cara-mencegahnya,Advertiser preference,Shocking content,Restricted ad serving,ca-pub-7784034061253020,40,2026-03-01,2026-03-04
jabar.tribunnews.com,Page,N/A,N/A,jabar.tribunnews.com/2022/01/10/pengobatan-alat-vital-bandar-lampung-langsung-hasil-di-tempat-bersama-m-asep-judin-dari-banten,Policy issue,Ads Disguised as Content,Restricted ad serving,ca-pub-7784034061253020,39,2026-02-26,2026-03-04
bogor.tribunnews.com,Page,N/A,N/A,bogor.tribunnews.com/2017/04/20/video-abg-mesum-di-warnet-ini-bikin-geleng-geleng-kepala-sampai-buka-rok-dan-lakukan-ini,Advertiser preference,Shocking content,Restricted ad serving,ca-pub-7784034061253020,39,2026-02-28,2026-03-02
sultra.tribunnews.com,Page,N/A,N/A,sultra.tribunnews.com/2023/05/08/full-video-viral-2-menit-27-detik-kasir-minimarket-di-kendari-main-kuda-kudaan-link-videonya,Policy issue,Google-served ads on screens without publisher-content,Restricted ad serving,ca-pub-7784034061253020,38,2026-03-01,2026-03-02
palembang.tribunnews.com,Page,N/A,N/A,palembang.tribunnews.com/2021/07/08/serupa-tapi-tak-sama-ternyata-arti-amal-dan-ibadah-itu-punya-perbedaan-makna-begini-penjelasannya,Advertiser preference;Policy issue,Encouraging accidental clicks: Layout;Google-served ads obscuring content,Restricted ad serving,ca-pub-7784034061253020,38,2026-02-27,2026-03-04
medan.tribunnews.com,Page,N/A,N/A,medan.tribunnews.com/2019/09/20/inilah-daftar-makanan-yang-boleh-dipanaskan-kembali-dan-makanan-uang-tidak-bisa-dipanaskan-lagi,Advertiser preference,Google-served ads obscuring content,Restricted ad serving,ca-pub-7784034061253020,38,2026-03-01,2026-03-02
jambi.tribunnews.com,Page,N/A,N/A,jambi.tribunnews.com/2019/08/18/deretan-foto-30-gadis-jepang-ini-sangat-populer-berani-tampil-terbuka-hingga-tampak-bagian-dalam,Advertiser preference,Adult: Sexual content,Restricted ad serving,ca-pub-7784034061253020,38,2026-02-26,2026-03-04
jabar.tribunnews.com,Page,N/A,N/A,jabar.tribunnews.com/2019/10/09/cara-baru-psk-di-cipanas-cianjur-mencari-mangsa-ada-peran-anjelo-tiap-transaksi-bawa-3-wanita?page=all,Advertiser preference,Shocking content,Restricted ad serving,ca-pub-7784034061253020,38,2026-02-28,2026-03-04
makassar.tribunnews.com,Page,N/A,N/A,makassar.tribunnews.com/2015/10/03/betulkah-wanita-berbokong-besar-karena-doyan-hubungan-badan-baca,Advertiser preference,Adult: Sexual content,Restricted ad serving,ca-pub-7784034061253020,37,2026-02-28,2026-03-02
jakarta.tribunnews.com,Page,N/A,N/A,jakarta.tribunnews.com/tag/video-call-sex,Advertiser preference,Adult: Sexual content,Restricted ad serving,ca-pub-7784034061253020,37,2026-02-28,2026-03-03
jabar.tribunnews.com,Page,N/A,N/A,jabar.tribunnews.com/2022/11/26/pengobatan-alat-vital-semarang-hj-mak-erot-solusi-mengatasi-gangguan-vitalitas,Advertiser preference,Adult: Sexual content,Restricted ad serving,ca-pub-7784034061253020,37,2026-02-27,2026-03-02
sumsel.tribunnews.com,Page,N/A,N/A,sumsel.tribunnews.com/2015/12/11/film-porno-jepang-saat-adegan-seks-pakai-kondom-atau-tidak,Advertiser preference,Adult: Sexual content,Restricted ad serving,ca-pub-7784034061253020,36,2026-02-26,2026-03-04
pontianak.tribunnews.com,Page,N/A,N/A,pontianak.tribunnews.com/2017/09/16/bintang-porno-jepang-ini-hanya-punya-tinggi-1-meter-ia-punya-pesan-mengharukan,Advertiser preference,Adult: Sexual content,Restricted ad serving,ca-pub-7784034061253020,36,2026-02-26,2026-03-04
palembang.tribunnews.com,Page,N/A,N/A,palembang.tribunnews.com/2017/11/03/kejam-kurangi-hasrat-seksual-payudara-abg-putri-di-suku-ini-disetrika-klitoris-disunat-saat-haid,Advertiser preference,Shocking content,Restricted ad serving,ca-pub-7784034061253020,36,2026-03-04,2026-03-04
manado.tribunnews.com,Page,N/A,N/A,manado.tribunnews.com/2021/05/28/viral-pelaku-pembunuhan-marsela-sulu-ditemukan-membusuk-diduga-mati-gantung-diri,Advertiser preference,Shocking content,Restricted ad serving,ca-pub-7784034061253020,36,2026-03-03,2026-03-03
jambi.tribunnews.com,Page,N/A,N/A,jambi.tribunnews.com/2019/08/22/dereta-artis-ini-betobat-sebagai-bintang-film-panas-nasibnya-sekarang-mengejutkan-ada-nama-miyabi,Advertiser preference,Adult: Sexual content,Restricted ad serving,ca-pub-7784034061253020,36,2026-03-01,2026-03-03
jambi.tribunnews.com,Page,N/A,N/A,jambi.tribunnews.com/2019/06/10/6-tanda-istri-selingkuh-dan-pernah-tidur-dengan-pria-lain-ciri-ciri-ini-yang-bikin-ketahuan,Policy issue,Ads Disguised as Content,Restricted ad serving,ca-pub-7784034061253020,36,2026-03-02,2026-03-04
banjarmasin.tribunnews.com,Page,N/A,N/A,banjarmasin.tribunnews.com/2016/05/13/sebelum-berhubungan-seksual-5-hal-ini-pantang-dilakukan,Advertiser preference,Adult: Sexual content,Restricted ad serving,ca-pub-7784034061253020,36,2026-03-02,2026-03-02
aceh.tribunnews.com,Page,N/A,N/A,aceh.tribunnews.com/tag/wanita-telanjang-bulat,Policy issue,Google-served ads on screens without publisher-content,Restricted ad serving,ca-pub-7784034061253020,36,2026-02-27,2026-03-04
pekanbaru.tribunnews.com,Page,N/A,N/A,pekanbaru.tribunnews.com/2021/10/13/apa-itu-tepos-dalam-bahasa-gaul-agak-berbeda-sama-kempes-ini-tepos-artinya-atau-arti-tepos,Advertiser preference,Google-served ads obscuring content,Restricted ad serving,ca-pub-7784034061253020,35,2026-03-03,2026-03-03
medan.tribunnews.com,Page,N/A,N/A,medan.tribunnews.com/2018/01/14/kumpulan-foto-foto-seksi-tyas-mirasih-dari-blak-blakan-urusan-ranjang-hingga-prostitusi-artis?page=all,Policy issue,Site Behavior: Navigation,Restricted ad serving,ca-pub-7784034061253020,35,2026-02-28,2026-03-04
kupang.tribunnews.com,Page,N/A,N/A,kupang.tribunnews.com/2017/12/09/tanpa-sensor-para-pemain-di-lima-film-ini-benar-benar-lakukan-adegan-ranjang-di-depan-kamera?page=all,Policy issue,Site Behavior: Navigation,Restricted ad serving,ca-pub-7784034061253020,35,2026-02-28,2026-03-02
belitung.tribunnews.com,Page,N/A,N/A,belitung.tribunnews.com/2016/11/17/kamar-pengantin-penggugah-gairah-seksual,Advertiser preference,Adult: Sexual content,Restricted ad serving,ca-pub-7784034061253020,35,2026-03-03,2026-03-03
jatim.tribunnews.com,Page,N/A,N/A,jatim.tribunnews.com/2022/03/15/arti-kata-depo-bahasa-gaul-viral-di-media-sosial-gegara-kasus-indra-kenz-dan-doni-salmanan,Advertiser preference,Google-served ads obscuring content,Restricted ad serving,ca-pub-7784034061253020,34,2026-02-27,2026-03-04
bangka.tribunnews.com,Page,N/A,N/A,bangka.tribunnews.com/2022/07/21/ada-panti-pijat-plus-plus-di-pangkalpinang-berkedok-pijat-tradisional-full-service-bayar-rp-400000,Policy issue,Ads Disguised as Content,Restricted ad serving,ca-pub-7784034061253020,34,2026-02-27,2026-03-03
wartakota.tribunnews.com,Page,N/A,N/A,wartakota.tribunnews.com/2020/11/07/warganet-buru-link-video-full-gisel-di-telegram-disebut-pemersatu-bangsa-masih-trending-di-twitter,Policy issue,Ads Disguised as Content,Restricted ad serving,ca-pub-7784034061253020,33,2026-02-26,2026-03-02
travel.tribunnews.com,Page,N/A,N/A,travel.tribunnews.com/2017/06/05/bukan-hanya-cantik-sex-doll-generasi-baru-ini-juga-bisa-bicara-tambah-banyak-ya-saingan-wanita,Advertiser preference,Adult: Sexual content,Restricted ad serving,ca-pub-7784034061253020,33,2026-03-02,2026-03-02
suryamalang.tribunnews.com,Page,N/A,N/A,suryamalang.tribunnews.com/404,Policy issue,Google-served ads on screens without publisher-content,Restricted ad serving,ca-pub-7784034061253020,33,2026-02-26,2026-03-02
sultra.tribunnews.com,Page,N/A,N/A,sultra.tribunnews.com/2023/09/26/nasib-siskaeee-virly-virginia-meli-3gp-chacha-novita-pemeran-film-kelas-bintang-usai-diperiksa,Advertiser preference;Policy issue,Google-served ads obscuring content;Modified Javascript: Ads by Google size,Restricted ad serving,ca-pub-7784034061253020,33,2026-02-26,2026-03-02
pekanbaru.tribunnews.com,Page,N/A,N/A,pekanbaru.tribunnews.com/2020/07/15/surah-yusuf-111-ayat-bacaan-arab-dan-latin-lengkap-dengan-terjemahannya,Policy issue,Modified ad code: Resizing Ad Frames,Restricted ad serving,ca-pub-7784034061253020,33,2026-02-27,2026-03-03
m.tribunnews.com,Page,N/A,N/A,m.tribunnews.com/regional/2017/06/07/ritual-yang-harus-dijalani-pencari-pesugihan-di-gunung-kemukus-termasuk-seks-7-kali,Advertiser preference,Adult: Sexual content,Restricted ad serving,ca-pub-7784034061253020,33,2026-02-26,2026-03-03
jabar.tribunnews.com,Page,N/A,N/A,jabar.tribunnews.com/2022/01/31/spesialis-ahli-pengobatan-alat-vital-tangerang-banten-terbaik-terpercaya-klinik-bpk-habdul-nun,Advertiser preference,Adult: Sexual content,Restricted ad serving,ca-pub-7784034061253020,33,2026-02-28,2026-03-04
bangka.tribunnews.com,Page,N/A,N/A,bangka.tribunnews.com/2021/12/07/video-maria-vania-di-atas-ranjang-viral-sudah-ditonton-34-juta-kali,Policy issue,Ads Disguised as Content,Restricted ad serving,ca-pub-7784034061253020,33,2026-02-27,2026-03-02
www.tribunnews.com,Page,N/A,N/A,www.tribunnews.com/regional/2016/05/12/salon-plus-plus-di-jogja-ini-cuma-punya-dua-gunting-kecil-saat-dirazia-polisi,Advertiser preference,Adult: Sexual content,Restricted ad serving,ca-pub-7784034061253020,32,2026-03-02,2026-03-03
style.tribunnews.com,Page,N/A,N/A,style.tribunnews.com/2017/06/24/ingin-tahan-lama-saat-diranjang-cukup-gunakan-ramuan-sawo-mentah-ini-begini-caranya?page=2,Advertiser preference,Adult: Sexual content,Restricted ad serving,ca-pub-7784034061253020,32,2026-02-27,2026-03-03
style.tribunnews.com,Page,N/A,N/A,style.tribunnews.com/2016/08/31/baju-transparan-artis-trend-memperlihatkan-puting-payudara-dari-kendall-jenner-hingga-syahrini,Advertiser preference,Adult: Sexual content,Restricted ad serving,ca-pub-7784034061253020,32,2026-02-26,2026-03-02
jabar.tribunnews.com,Page,N/A,N/A,jabar.tribunnews.com/2024/07/20/pengobatan-alat-vital-denpasar-bali-aa-aby-abdullah-hj-mak-erot,Advertiser preference,Adult: Sexual content,Restricted ad serving,ca-pub-7784034061253020,32,2026-03-01,2026-03-03
www.tribunjualbeli.com,Page,N/A,N/A,www.tribunjualbeli.com/ntt/2424152/pengobatan-alat-vital-kupang-ntt-bpk-m-kurtubi-dan-putra,Advertiser preference,Adult: Sexual content,Restricted ad serving,ca-pub-7784034061253020,30,2026-02-26,2026-03-04
sumsel.tribunnews.com,Page,N/A,N/A,sumsel.tribunnews.com/2017/12/03/ingat-dengan-miyabi-ini-fakta-mengejutkannya-saat-jadi-bintang-porno-pernah-nangis-saat-adegan-ini?page=all,Policy issue,Site Behavior: Navigation,Restricted ad serving,ca-pub-7784034061253020,30,2026-02-26,2026-03-03
style.tribunnews.com,Page,N/A,N/A,style.tribunnews.com/2017/08/02/6-ciri-wanita-sudah-tak-perawan-mulai-hidung-mata-payudara-hingga-bentuk-punggung?page=4,Advertiser preference,Adult: Sexual content,Restricted ad serving,ca-pub-7784034061253020,30,2026-02-26,2026-03-02
jabar.tribunnews.com,Page,N/A,N/A,jabar.tribunnews.com/2019/09/18/kopi-cleng-si-kuat-jagonya-para-pria-dijual-bebas-dan-murah-di-online-khasiatnya-dipercaya-mujarab?page=all,Advertiser preference,Google-served ads obscuring content,Restricted ad serving,ca-pub-7784034061253020,30,2026-03-02,2026-03-03
aceh.tribunnews.com,Page,N/A,N/A,aceh.tribunnews.com/2020/11/07/video-panas-19-detik-mirip-gisel-viral-di-medsos-mbah-mijan-angkat-bicara-dan-ucapkan-terima-kasih,Policy issue,Ads Disguised as Content,Restricted ad serving,ca-pub-7784034061253020,30,2026-02-26,2026-03-04
sumsel.tribunnews.com,Page,N/A,N/A,sumsel.tribunnews.com/2021/10/01/cara-dan-syarat-mengurus-kartu-atm-bni-tertelan-di-mesin-bisa-di-kantor-terdekat,Advertiser preference,Google-served ads obscuring content,Restricted ad serving,ca-pub-7784034061253020,29,2026-03-01,2026-03-03
makassar.tribunnews.com,Page,N/A,N/A,makassar.tribunnews.com/2019/01/24/viral-di-grup-whatsapp-wa-video-pelajar-sma-berzina-durasi-6-menit-59-detik?page=all,Advertiser preference,Adult: Sexual content,Restricted ad serving,ca-pub-7784034061253020,29,2026-03-04,2026-03-04
kupang.tribunnews.com,Page,N/A,N/A,kupang.tribunnews.com/2019/03/02/scorpio-dan-4-zodiak-ini-paling-lihai-di-ranjang-stamina-prima-dan-mampu-puaskan-pasangan?page=all,Advertiser preference,Adult: Sexual content,Restricted ad serving,ca-pub-7784034061253020,29,2026-02-26,2026-03-03
bangka.tribunnews.com,Page,N/A,N/A,bangka.tribunnews.com/2017/09/09/kebiasaan-masturbasi-saat-usia-15-tahun-wanita-ini-alami-sesuatu-tak-terduga-sepanjang-hidupnya?page=all,Advertiser preference,Google-served ads obscuring content,Restricted ad serving,ca-pub-7784034061253020,29,2026-03-02,2026-03-03
surabaya.tribunnews.com,Page,N/A,N/A,surabaya.tribunnews.com/2017/06/13/foto-bugil-abg-berusia12-tahun-tersebar-di-medsos-identitas-penyebarnya-tak-terduga,Advertiser preference,Adult: Sexual content,Restricted ad serving,ca-pub-7784034061253020,28,2026-02-26,2026-03-04
wartakota.tribunnews.com,Page,N/A,N/A,wartakota.tribunnews.com/2017/08/30/wow-video-goyang-pamela-duo-serigala-dan-teman-wanita-tunjukkan-dada-dikecam-netizen,Advertiser preference,Adult: Sexual content,Restricted ad serving,ca-pub-7784034061253020,27,2026-02-27,2026-03-02
pontianak.tribunnews.com,Page,N/A,N/A,pontianak.tribunnews.com/2018/01/27/ciri-ciri-wanita-bernafsu-tinggi-beberapa-ada-yang-sering-kamu-jumpai?page=all,Advertiser preference,Adult: Sexual content,Restricted ad serving,ca-pub-7784034061253020,27,2026-03-03,2026-03-04
kupang.tribunnews.com,Page,N/A,N/A,kupang.tribunnews.com/2014/11/12/miyabi-tampil-telanjang-lagi,Advertiser preference;Policy issue,Google-served ads obscuring content;Modified Javascript: Ads by Google size,Restricted ad serving,ca-pub-7784034061253020,27,2026-03-01,2026-03-02
kaltim.tribunnews.com,Page,N/A,N/A,kaltim.tribunnews.com/2016/04/11/berapa-lama-pria-bisa-bercinta-lagi-setelah-orgasme,Advertiser preference,Adult: Sexual content,Restricted ad serving,ca-pub-7784034061253020,27,2026-03-03,2026-03-03
jambi.tribunnews.com,Page,N/A,N/A,jambi.tribunnews.com/2018/02/07/5-gaya-kamasutra-yang-praktis-ini-bikin-wanita-merem-melek-ketagihan-gerakannya-mudah?page=all,Advertiser preference,Adult: Sexual content,Restricted ad serving,ca-pub-7784034061253020,27,2026-02-26,2026-03-03
bogor.tribunnews.com,Page,N/A,N/A,bogor.tribunnews.com/2016/07/13/6-alasan-wanita-mau-melepaskan-keperawanannya-kepada-kekasihnya-karena-cinta-hingga-kebelet-nikah,Policy issue,Ads Disguised as Content,Restricted ad serving,ca-pub-7784034061253020,27,2026-02-28,2026-03-04
pekanbaru.tribunnews.com,Page,N/A,N/A,pekanbaru.tribunnews.com/2017/11/09/pernah-dengar-threesome-begini-5-faktanya-yang-ditemukan-seorang-peneliti,Policy issue,Ads Disguised as Content,Restricted ad serving,ca-pub-7784034061253020,26,2026-02-27,2026-03-03
belitung.tribunnews.com,Page,N/A,N/A,belitung.tribunnews.com/2017/05/02/empat-wanita-cantik-ini-peraih-penghargaan-film-panas-di-jepang-siapa-saja-mereka,Policy issue,Ads Disguised as Content,Restricted ad serving,ca-pub-7784034061253020,26,2026-03-02,2026-03-03
belitung.tribunnews.com,Page,N/A,N/A,belitung.tribunnews.com/2016/11/17/kamar-pengantin-penggugah-gairah-seksual?page=all,Advertiser preference,Adult: Sexual content,Restricted ad serving,ca-pub-7784034061253020,26,2026-03-03,2026-03-03
bangka.tribunnews.com,Page,N/A,N/A,bangka.tribunnews.com/2017/03/11/tampil-dengan-bra-di-sampul-majalah-dewasa-andrea-dian-bikin-netizen-ngiler?page=3,Advertiser preference,Adult: Sexual content,Restricted ad serving,ca-pub-7784034061253020,26,2026-03-02,2026-03-02
medan.tribunnews.com,Page,N/A,N/A,medan.tribunnews.com/2017/11/04/penyebar-video-bokep-samarinda-seorang-mahasiswa-gini-kronologinya,Policy issue,Site Behavior: Navigation,Restricted ad serving,ca-pub-7784034061253020,25,2026-02-26,2026-03-03
makassar.tribunnews.com,Page,N/A,N/A,makassar.tribunnews.com/2019/07/22/michat-aplikasi-populer-psk-online-menjaring-pelanggan-kodenya-bo-st-lt-tarif-mulai-rp-300-ribu,Advertiser preference,Adult: Sexual content,Restricted ad serving,ca-pub-7784034061253020,25,2026-02-27,2026-03-04
m.tribunnews.com,Page,N/A,N/A,m.tribunnews.com/kesehatan/2015/03/14/ini-dia-gaya-berhubungan-seks-agar-wanita-orgasme,Advertiser preference,Adult: Sexual content,Restricted ad serving,ca-pub-7784034061253020,25,2026-02-27,2026-03-03
kupang.tribunnews.com,Page,N/A,N/A,kupang.tribunnews.com/2017/08/02/mantan-bintang-film-porno-dari-amerika-serikat-ini-sekarang-menjadi-ibu-bagi-bayinya?page=all,Policy issue,Site Behavior: Navigation,Restricted ad serving,ca-pub-7784034061253020,25,2026-02-26,2026-03-04
jogja.tribunnews.com,Page,N/A,N/A,jogja.tribunnews.com/2016/09/16/begini-kode-terapis-tawarkan-layanan-esek-esek-di-spa-plus?page=1,Advertiser preference,Adult: Sexual content,Restricted ad serving,ca-pub-7784034061253020,25,2026-03-03,2026-03-04
banjarmasin.tribunnews.com,Page,N/A,N/A,banjarmasin.tribunnews.com/2022/08/23/tak-usah-risau-alami-disfungsi-ereksi-dr-zaidul-akbar-bongkar-resep-ampuh-herbal,Policy issue,Ads Disguised as Content,Restricted ad serving,ca-pub-7784034061253020,25,2026-03-01,2026-03-03
style.tribunnews.com,Page,N/A,N/A,style.tribunnews.com/2023/10/05/bak-firasat-postingan-terakhir-janda-anak-1-yang-tewas-seusai-karaoke-bareng-pacar-di-surabaya,Advertiser preference,Shocking content,Restricted ad serving,ca-pub-7784034061253020,24,2026-03-03,2026-03-03
style.tribunnews.com,Page,N/A,N/A,style.tribunnews.com/2016/08/22/aksi-tanpa-busana-seleb-hollywood-9-bintang-ini-pernah-pamerkan-organ-intimnya-dalam-film?page=all,Advertiser preference,Adult: Sexual content,Restricted ad serving,ca-pub-7784034061253020,24,2026-03-03,2026-03-04
palembang.tribunnews.com,Page,N/A,N/A,palembang.tribunnews.com/2019/04/11/diduga-tersinggung-dibilang-malas-anak-di-baturaja-ini-habisi-nyawa-ibu-kandung,Advertiser preference,Shocking content,Restricted ad serving,ca-pub-7784034061253020,24,2026-03-04,2026-03-04
medan.tribunnews.com,Page,N/A,N/A,medan.tribunnews.com/2020/09/19/deretan-foto-foto-seksi-berliana-lovell-yang-bikin-lelaki-salah-fokus-hingga-cenat-cenut,Policy issue,Ads Disguised as Content,Restricted ad serving,ca-pub-7784034061253020,24,2026-03-01,2026-03-04
medan.tribunnews.com,Page,N/A,N/A,medan.tribunnews.com/2019/04/18/ibu-guru-bermaksud-kirim-foto-bugil-pada-kekasih-tapi-tak-sengaja-nyasar-ke-murid-dipecat-sekolah?page=all,Advertiser preference,Adult: Sexual content,Restricted ad serving,ca-pub-7784034061253020,24,2026-02-27,2026-03-04
makassar.tribunnews.com,Page,N/A,N/A,makassar.tribunnews.com/2019/01/07/ungkap-banyak-artis-cowok-jadi-gigolo-ini-jawaban-deddy-corbuzier-diajak-tante-tante-hubungan-intim?page=all,Advertiser preference,Shocking content,Restricted ad serving,ca-pub-7784034061253020,24,2026-02-27,2026-03-02
makassar.tribunnews.com,Page,N/A,N/A,makassar.tribunnews.com/2018/11/10/lagi-nenek-70-tahun-nikahi-brondong-23-tahun-kenalnya-hanya-seminggu,Advertiser preference,Shocking content,Restricted ad serving,ca-pub-7784034061253020,24,2026-03-02,2026-03-02
bangka.tribunnews.com,Page,N/A,N/A,bangka.tribunnews.com/2023/09/11/bisnis-seksi-si-meja-goyang-di-belitung-timur-10-menit-bisa-olah-5-kilogram-pasir-timah,Advertiser preference;Policy issue,Google-served ads obscuring content;Modified Javascript: Ads by Google size,Restricted ad serving,ca-pub-7784034061253020,24,2026-03-02,2026-03-02
style.tribunnews.com,Page,N/A,N/A,style.tribunnews.com/2017/08/02/waduh-siswa-siswi-sd-lakukan-goyangan-sensual-temannya-ikutan-sampai-berebut-cowok?page=all,Advertiser preference,Adult: Sexual content,Restricted ad serving,ca-pub-7784034061253020,23,2026-03-03,2026-03-04
pontianak.tribunnews.com,Page,N/A,N/A,pontianak.tribunnews.com/2017/07/12/breaking-news-ada-penampakan-di-detik-detik-terakhir-sebelum-korban-lojeng-meninggal-dunia,Policy issue,Ads Disguised as Content,Restricted ad serving,ca-pub-7784034061253020,23,2026-03-03,2026-03-04
makassar.tribunnews.com,Page,N/A,N/A,makassar.tribunnews.com/2018/08/13/mengungkap-fenomena-spg-plus-plus-mulai-cara-identifikasi-hingga-tarif-sekali-kencan?page=all,Advertiser preference,Adult: Sexual content,Restricted ad serving,ca-pub-7784034061253020,23,2026-03-04,2026-03-04
belitung.tribunnews.com,Page,N/A,N/A,belitung.tribunnews.com/2017/07/05/video-wanita-goyang-goyang-di-ranjang-sang-pria-lakukan-hal-mengejutkan,Advertiser preference,Shocking content,Restricted ad serving,ca-pub-7784034061253020,23,2026-03-02,2026-03-04
bangka.tribunnews.com,Page,N/A,N/A,bangka.tribunnews.com/2018/01/09/main-film-porno-bareng-bocah-laki-laki-astaga-segini-bayaran-tante-intan-dan-imel?page=all,Advertiser preference,Adult: Sexual content,Restricted ad serving,ca-pub-7784034061253020,23,2026-02-28,2026-03-03
surabaya.tribunnews.com,Page,N/A,N/A,surabaya.tribunnews.com/2019/12/24/satpam-paksa-gadis-cantik-buka-celana-lalu-direkam-terungkap-fakta-mengejutkan-videonya-viral?page=all,Advertiser preference,Shocking content,Restricted ad serving,ca-pub-7784034061253020,22,2026-02-28,2026-03-04
medan.tribunnews.com,Page,N/A,N/A,medan.tribunnews.com/2021/10/18/viral-bocil-tertangkap-basah-bermesraan-di-kamar-mandi-musala,Advertiser preference,Google-served ads obscuring content,Restricted ad serving,ca-pub-7784034061253020,22,2026-02-26,2026-03-02
medan.tribunnews.com,Page,N/A,N/A,medan.tribunnews.com/2020/06/27/skenario-cewek-cantik-open-bo-sengaja-tawarkan-bercinta-2-pria-jemput-hari-tempat-yang-sama,Advertiser preference,Shocking content,Restricted ad serving,ca-pub-7784034061253020,22,2026-02-27,2026-03-03
makassar.tribunnews.com,Page,N/A,N/A,makassar.tribunnews.com/2016/08/25/teman-sekampus-bongkar-identitas-asli-artis-bigo-adelia-zahra-menolak-diplontos-hingga-pakai-rok?page=3,Advertiser preference,Adult: Sexual content,Restricted ad serving,ca-pub-7784034061253020,22,2026-03-03,2026-03-03
m.tribunnews.com,Page,N/A,N/A,m.tribunnews.com/tag/video-porno-madura,Policy issue,Google-served ads on screens without publisher-content,Restricted ad serving,ca-pub-7784034061253020,22,2026-03-02,2026-03-04
m.tribunnews.com,Page,N/A,N/A,m.tribunnews.com/tag/video-call-seks-vcs,Policy issue,Google-served ads on screens without publisher-content,Restricted ad serving,ca-pub-7784034061253020,22,2026-03-04,2026-03-04
m.tribunnews.com,Page,N/A,N/A,m.tribunnews.com/kesehatan/2013/02/06/ini-kata-mereka-yang-pernah-mengonsumsi-permen-karet-cinta,Advertiser preference,Adult: Sexual content,Restricted ad serving,ca-pub-7784034061253020,22,2026-02-27,2026-03-03
jambi.tribunnews.com,Page,N/A,N/A,jambi.tribunnews.com/2018/02/22/2-kategori-dan-49-istilah-yang-sering-digunakan-di-film-biru?page=2,Advertiser preference,Adult: Sexual content,Restricted ad serving,ca-pub-7784034061253020,22,2026-02-26,2026-03-03
jambi.tribunnews.com,Page,N/A,N/A,jambi.tribunnews.com/2018/02/03/video-pria-ini-campur-obat-perangsang-ke-minuman-teman-wanita-lihat-reaksi-wanitanya-beringas,Advertiser preference,Adult: Sexual content,Restricted ad serving,ca-pub-7784034061253020,22,2026-02-27,2026-03-02
bengkulu.tribunnews.com,Page,N/A,N/A,bengkulu.tribunnews.com/2025/07/24/breaking-news-warga-kembang-manis-bengkulu-utara-tewas-bersimbah-darah-ditikam-tetangga,Advertiser preference,Shocking content,Restricted ad serving,ca-pub-7784034061253020,22,2026-03-02,2026-03-02
batam.tribunnews.com,Page,N/A,N/A,batam.tribunnews.com/2021/10/26/cara-booking-hotel-lewat-shopee-bisa-bayar-bulan-depan-pakai-shopee-paylater,Policy issue,Modified ad code: Resizing Ad Frames,Restricted ad serving,ca-pub-7784034061253020,22,2026-03-01,2026-03-02
bangka.tribunnews.com,Page,N/A,N/A,bangka.tribunnews.com/2021/12/07/ditonton-34-juta-kali-video-15-detik-maria-vania-di-atas-ranjang-viral-tiap-hari-lakukan-hal-ini,Policy issue,Ads Disguised as Content,Restricted ad serving,ca-pub-7784034061253020,22,2026-02-26,2026-03-02
bali.tribunnews.com,Page,N/A,N/A,bali.tribunnews.com/2016/04/15/astagaaa-tarif-di-tempat-spa-ini-blowjob-rp-200-ribu-dan-oral-seks-rp-300-ribu,Advertiser preference,Adult: Sexual content,Restricted ad serving,ca-pub-7784034061253020,22,2026-02-27,2026-03-04
sumsel.tribunnews.com,Page,N/A,N/A,sumsel.tribunnews.com/2018/11/20/sering-pakai-karet-gelang-di-leher-tabung-gas-elpiji-ternyata-sangat-berbahaya-ini-penjelasannya,Advertiser preference,Google-served ads obscuring content,Restricted ad serving,ca-pub-7784034061253020,21,2026-03-03,2026-03-03
style.tribunnews.com,Page,N/A,N/A,style.tribunnews.com/2019/05/14/beredar-video-cewek-buka-baju-bangunkan-waktu-sahur-bersama-cowok-cuma-pakai-cd-mui-mengecam-keras,Advertiser preference,Adult: Sexual content,Restricted ad serving,ca-pub-7784034061253020,21,2026-02-28,2026-03-03
pekanbaru.tribunnews.com,Page,N/A,N/A,pekanbaru.tribunnews.com/2022/05/30/nsfw-dipakai-cewek-vcs-dan-cewek-open-bo-apa-arti-nsfw-dalam-bahasa-gaul,Policy issue,Ads Disguised as Content,Restricted ad serving,ca-pub-7784034061253020,21,2026-02-26,2026-03-03
pekanbaru.tribunnews.com,Page,N/A,N/A,pekanbaru.tribunnews.com/2017/08/07/video-pakai-mukena-sambil-bugil-dua-wanita-yang-bikin-heboh-ini-kini-paling-dicari,Policy issue,Site Behavior: Navigation,Restricted ad serving,ca-pub-7784034061253020,21,2026-02-26,2026-03-03
jogja.tribunnews.com,Page,N/A,N/A,jogja.tribunnews.com/2017/09/15/7-bintang-film-panas-jepang-ini-insaf-dan-memutuskan-pensiun-begini-kehidupan-mereka-sekarang,Advertiser preference,Adult: Sexual content,Restricted ad serving,ca-pub-7784034061253020,21,2026-03-01,2026-03-04
bogor.tribunnews.com,Page,N/A,N/A,bogor.tribunnews.com/2024/04/01/8-arti-mimpi-berhubungan-intim-menurut-primbon-jawa-tafsirnya-bisa-baik-dan-buruk,Advertiser preference;Policy issue,Google-served ads obscuring content;Modified Javascript: Ads by Google size,Restricted ad serving,ca-pub-7784034061253020,21,2026-02-27,2026-03-03
bekasi.tribunnews.com,Page,N/A,N/A,bekasi.tribunnews.com/2022/10/23/kumpulan-film-jepang-khusus-dewasa-subtitle-indonesia-resolusi-hd-dan-durasi-dua-jam-ini-daftarnya,Policy issue,Ads Disguised as Content,Restricted ad serving,ca-pub-7784034061253020,21,2026-02-26,2026-03-04
bangka.tribunnews.com,Page,N/A,N/A,bangka.tribunnews.com/2016/10/24/heboh-foto-bugil-artis-cantik-ini-beredar-luas-di-dunia-maya?page=4,Advertiser preference,Adult: Sexual content,Restricted ad serving,ca-pub-7784034061253020,21,2026-03-01,2026-03-03
www.tribunjualbeli.com,Page,N/A,N/A,www.tribunjualbeli.com/kepulauan-riau/2370013/penis-ikat-pinggang-alat-bantu-sex-wanita-bahan-silikon-pekanbaru,Advertiser preference,Adult: Sexual content,Restricted ad serving,ca-pub-7784034061253020,20,2026-02-27,2026-03-03
www.tribunjualbeli.com,Page,N/A,N/A,www.tribunjualbeli.com/kepulauan-riau/2370001/permen-stamina-candy-b-complex-asli-obat-kuat-mengandung-bahan-herbal-pekanbaru,Advertiser preference,Adult: Sexual content,Restricted ad serving,ca-pub-7784034061253020,20,2026-03-01,2026-03-03
bengkulu.tribunnews.com,Page,N/A,N/A,bengkulu.tribunnews.com/2022/06/19/summertime-saga-mod-apk-v0300-terbaru-2022-bisa-buka-semua-kunci-karakter-dan-lokasi,Advertiser preference,Google-served ads obscuring content,Restricted ad serving,ca-pub-7784034061253020,20,2026-03-03,2026-03-03
batam.tribunnews.com,Page,N/A,N/A,batam.tribunnews.com/2020/11/07/video-syur-mirip-gisel-viral-di-twitter-hingga-trending-tagar-gempi-skandal-juga-menyusul,Policy issue,Ads Disguised as Content,Restricted ad serving,ca-pub-7784034061253020,20,2026-02-26,2026-03-02
surabaya.tribunnews.com,Page,N/A,N/A,surabaya.tribunnews.com/404,Policy issue,Google-served ads on screens without publisher-content,Restricted ad serving,ca-pub-7784034061253020,19,2026-03-04,2026-03-04
pekanbaru.tribunnews.com,Page,N/A,N/A,pekanbaru.tribunnews.com/2017/08/06/aika-pemeran-film-dewasa-jepang-ini-akhirnya-bergabung-dengan-klub-deliheru,Advertiser preference,Adult: Sexual content,Restricted ad serving,ca-pub-7784034061253020,19,2026-02-27,2026-03-03
makassar.tribunnews.com,Page,N/A,N/A,makassar.tribunnews.com/2021/11/17/pemeran-video-mesum-es-batu-72-detik-bikin-konten-dengan-tujuan-ini,Policy issue,Ads Disguised as Content,Restricted ad serving,ca-pub-7784034061253020,19,2026-02-27,2026-03-02
m.tribunnews.com,Page,N/A,N/A,m.tribunnews.com/seleb/2017/07/18/ustaz-syam-mengaku-salah-minta-maaf-telah-menyebut-pesta-seks-di-surga,Advertiser preference,Shocking content,Restricted ad serving,ca-pub-7784034061253020,19,2026-03-03,2026-03-04
belitung.tribunnews.com,Page,N/A,N/A,belitung.tribunnews.com/2017/07/07/cewek-ini-bilang-aduh-udah-mau-keluar-sambil-goyangkan-badan-videonya-bikin-heboh,Advertiser preference,Adult: Sexual content,Restricted ad serving,ca-pub-7784034061253020,19,2026-02-27,2026-03-03
aceh.tribunnews.com,Page,N/A,N/A,aceh.tribunnews.com/2017/07/19/memiliki-kelamin-terbesar-di-dunia-pria-ini-tersiksa-hidupnya,Advertiser preference,Adult: Sexual content,Restricted ad serving,ca-pub-7784034061253020,19,2026-02-27,2026-03-03
wartakota.tribunnews.com,Page,N/A,N/A,wartakota.tribunnews.com/2015/11/10/polisitemuan-boneka-seks-diantara-obat-seks-ilegal-tak-melanggar,Advertiser preference,Adult: Sexual content,Restricted ad serving,ca-pub-7784034061253020,18,2026-02-27,2026-03-04
style.tribunnews.com,Page,N/A,N/A,style.tribunnews.com/2017/08/02/6-ciri-wanita-sudah-tak-perawan-mulai-hidung-mata-payudara-hingga-bentuk-punggung?page=2,Advertiser preference,Adult: Sexual content,Restricted ad serving,ca-pub-7784034061253020,18,2026-02-27,2026-03-04
prohaba.tribunnews.com,Page,N/A,N/A,prohaba.tribunnews.com/2021/03/04/pulang-jumpai-mantan-leher-istri-digorok-suami,Advertiser preference,Google-served ads obscuring content,Restricted ad serving,ca-pub-7784034061253020,18,2026-03-02,2026-03-02
pontianak.tribunnews.com,Page,N/A,N/A,pontianak.tribunnews.com/2015/08/20/terbukti-dalam-penelitian-teh-basi-dapat-perbesar-penis,Advertiser preference;Policy issue,Adult: Sexual content;Site Behavior: Navigation,Restricted ad serving,ca-pub-7784034061253020,18,2026-03-01,2026-03-03
makassar.tribunnews.com,Page,N/A,N/A,makassar.tribunnews.com/tag/hanna-anisa,Advertiser preference,Adult: Sexual content,Restricted ad serving,ca-pub-7784034061253020,18,2026-02-26,2026-03-02
m.tribunnews.com,Page,N/A,N/A,m.tribunnews.com/regional/2017/11/14/perilaku-seks-aneh-pns-ini-sering-masukkan-terong-dan-timun-ke-anunya-istri,Advertiser preference,Adult: Sexual content,Restricted ad serving,ca-pub-7784034061253020,18,2026-03-02,2026-03-02
kupang.tribunnews.com,Page,N/A,N/A,kupang.tribunnews.com/2017/05/19/ini-4-bentuk-vagina-yang-disukai-pria-nomor-4-paling-oke-menurutmu-guys?page=all,Advertiser preference,Adult: Sexual content,Restricted ad serving,ca-pub-7784034061253020,18,2026-02-26,2026-03-03
jambi.tribunnews.com,Page,N/A,N/A,jambi.tribunnews.com/2018/04/29/kelihatan-inilah-ciri-wanita-yang-sering-memuaskan-diri-sendiri-bahayanya-bakal-sakit-seperti-ini?page=2,Advertiser preference,Adult: Sexual content,Restricted ad serving,ca-pub-7784034061253020,18,2026-02-26,2026-03-03
jambi.tribunnews.com,Page,N/A,N/A,jambi.tribunnews.com/2018/03/01/kohey-nishi-bintang-panas-paling-kecil-di-dunia-cewek-antre-kencan-saat-tahu-kemampuannya?page=all,Advertiser preference,Adult: Sexual content,Restricted ad serving,ca-pub-7784034061253020,18,2026-03-02,2026-03-03
bekasi.tribunnews.com,Page,N/A,N/A,bekasi.tribunnews.com/2022/07/27/film-film-semi-korea-ini-paling-laris-ditonton-pasangan-muda-baru-menikah-apa-saja-ini-daftarnya,Policy issue,Ads Disguised as Content,Restricted ad serving,ca-pub-7784034061253020,18,2026-02-26,2026-03-03
suryamalang.tribunnews.com,Page,N/A,N/A,suryamalang.tribunnews.com/2021/11/22/sempat-dituduh-pelakor-viral-video-siswi-sd-kota-malang-diperkosa-dan-disiksa-10-pelaku-diciduk,Policy issue,Ads Disguised as Content,Restricted ad serving,ca-pub-7784034061253020,17,2026-03-02,2026-03-03
sumsel.tribunnews.com,Page,N/A,N/A,sumsel.tribunnews.com/2015/01/27/video-pria-ini-jatuh-saat-melihat-cewek-seksi-yang-lewat,Policy issue,Site Behavior: Navigation,Restricted ad serving,ca-pub-7784034061253020,17,2026-03-04,2026-03-04
pontianak.tribunnews.com,Page,N/A,N/A,pontianak.tribunnews.com/2014/12/10/tetap-menikmati-seks-di-usia-60-tahun-ini-caranya,Advertiser preference,Adult: Sexual content,Restricted ad serving,ca-pub-7784034061253020,17,2026-03-03,2026-03-03
palembang.tribunnews.com,Page,N/A,N/A,palembang.tribunnews.com/2018/01/08/heboh-foto-bugil-awkarin-dibocorin-mantan-pacar-gila-parah-banget,Advertiser preference,Adult: Sexual content,Restricted ad serving,ca-pub-7784034061253020,17,2026-03-01,2026-03-03
manado.tribunnews.com,Page,N/A,N/A,manado.tribunnews.com/2018/01/04/heboh-tersebar-video-mesum-bocah-laki-laki-dengan-wanita-dewasa-melakukan-hubungan-badan?page=2,Advertiser preference,Adult: Sexual content,Restricted ad serving,ca-pub-7784034061253020,17,2026-02-28,2026-03-02
jogja.tribunnews.com,Page,N/A,N/A,jogja.tribunnews.com/2016/08/31/suka-doggy-style-spooning-atau-standing-gaya-favorit-ternyata-ungkap-karaktermu,Advertiser preference,Adult: Sexual content,Restricted ad serving,ca-pub-7784034061253020,17,2026-03-03,2026-03-03
jambi.tribunnews.com,Page,N/A,N/A,jambi.tribunnews.com/2016/07/14/ketika-wanita-terangsang-dan-lagi-sendirian-inilah-yang-mereka-lakukan,Advertiser preference,Adult: Sexual content,Restricted ad serving,ca-pub-7784034061253020,17,2026-03-02,2026-03-04
banjarmasin.tribunnews.com,Page,N/A,N/A,banjarmasin.tribunnews.com/2016/01/25/orang-jepang-kuat-terobsesi-seks-tapi-hanya-sedikit-yang-menikmatinya,Advertiser preference,Adult: Sexual content,Restricted ad serving,ca-pub-7784034061253020,17,2026-03-02,2026-03-04
bangka.tribunnews.com,Page,N/A,N/A,bangka.tribunnews.com/2022/08/29/fenomena-open-bo-siswi-smp-dan-sma-di-pangkalpinang-dewan-pendidikan-sebut-perlu-peran-orangtua,Policy issue,Ads Disguised as Content,Restricted ad serving,ca-pub-7784034061253020,17,2026-02-26,2026-03-02
bangka.tribunnews.com,Page,N/A,N/A,bangka.tribunnews.com/2022/07/21/cerita-pelanggan-pijat-plus-plus-di-pingiran-pangkalpinang-tambah-rp-200000-dapat-full-service,Policy issue,Ads Disguised as Content,Restricted ad serving,ca-pub-7784034061253020,17,2026-03-02,2026-03-02
bangka.tribunnews.com,Page,N/A,N/A,bangka.tribunnews.com/2022/05/31/pria-tua-nikahi-janda-muda-anak-diajak-tidur-di-kamar-pengantin-saat-malam-pertama-begini-nasibnya,Policy issue,Ads Disguised as Content,Restricted ad serving,ca-pub-7784034061253020,17,2026-03-02,2026-03-02
pontianak.tribunnews.com,Page,N/A,N/A,pontianak.tribunnews.com/2018/06/05/9-artis-seksi-indonesia-yang-tampil-toples-di-film-berani-adegan-panas-sama-bule?page=2,Advertiser preference;Policy issue,Adult: Sexual content;Site Behavior: Navigation,Restricted ad serving,ca-pub-7784034061253020,16,2026-03-02,2026-03-04
pontianak.tribunnews.com,Page,N/A,N/A,pontianak.tribunnews.com/2017/01/17/dua-remaja-duet-smule-di-ranjang-tanpa-busana-bikin-heboh-selimutnya-melorot,Advertiser preference,Adult: Sexual content,Restricted ad serving,ca-pub-7784034061253020,16,2026-03-04,2026-03-04
pekanbaru.tribunnews.com,Page,N/A,N/A,pekanbaru.tribunnews.com/tag/film-bokeh-2017,Policy issue,Google-served ads on screens without publisher-content,Restricted ad serving,ca-pub-7784034061253020,16,2026-02-26,2026-03-02
palembang.tribunnews.com,Page,N/A,N/A,palembang.tribunnews.com/2017/11/12/menyesal-pernah-bugil-dan-lakukan-adegal-panas-di-film-6-artis-ini-minta-maaf,Advertiser preference,Adult: Sexual content,Restricted ad serving,ca-pub-7784034061253020,16,2026-02-28,2026-03-04
medan.tribunnews.com,Page,N/A,N/A,medan.tribunnews.com/2021/02/09/aktor-film-panas-ini-syok-saat-tahu-dipanggil-kakek-sugiono-beri-pesan-ini-untuk-netizen-indonesia,Advertiser preference,Adult: Sexual content,Restricted ad serving,ca-pub-7784034061253020,16,2026-03-01,2026-03-04
medan.tribunnews.com,Page,N/A,N/A,medan.tribunnews.com/2017/08/22/mengerikan-jangan-coba-coba-masukkan-benda-benda-ini-ke-miss-v-ini-daftar-5-kasusnya?page=all,Advertiser preference,Adult: Sexual content,Restricted ad serving,ca-pub-7784034061253020,16,2026-03-03,2026-03-03
manado.tribunnews.com,Page,N/A,N/A,manado.tribunnews.com/2018/05/13/terbalik-ini-7-kasus-wanita-perkosa-pria?page=2,Advertiser preference,Adult: Sexual content,Restricted ad serving,ca-pub-7784034061253020,16,2026-03-02,2026-03-02
m.tribunnews.com,Page,N/A,N/A,m.tribunnews.com/kesehatan/2018/04/08/perawan-atau-tidak-bisa-dilihat-dari-cara-berjalan-dokter-ungkap-fakta-sesungguhnya,Advertiser preference,Adult: Sexual content,Restricted ad serving,ca-pub-7784034061253020,16,2026-03-02,2026-03-04
m.tribunnews.com,Page,N/A,N/A,m.tribunnews.com/internasional/2017/11/18/guru-perempuan-paksa-muridnya-berhubungan-badan-jika-menolak-diberi-nilai-jelek,Policy issue,Site Behavior: Navigation,Restricted ad serving,ca-pub-7784034061253020,16,2026-02-28,2026-03-02
jateng.tribunnews.com,Page,N/A,N/A,jateng.tribunnews.com/2021/03/07/viral-video-syur-4-menit-di-pekalongan-sejoli-mesum-di-pinggir-jalan-terekam-cctv,Advertiser preference;Policy issue,Google-served ads obscuring content;Modified Javascript: Ads by Google size,Restricted ad serving,ca-pub-7784034061253020,16,2026-02-27,2026-03-04
jambi.tribunnews.com,Page,N/A,N/A,jambi.tribunnews.com/2015/02/03/mudahnya-menemukan-gadis-panggilan-dari-yang-abg-sampai-senior,Advertiser preference,Adult: Sexual content,Restricted ad serving,ca-pub-7784034061253020,16,2026-02-28,2026-03-02
cirebon.tribunnews.com,Page,N/A,N/A,cirebon.tribunnews.com/2019/08/22/bocah-12-tahun-tergila-gila-pada-janda-senang-cintanya-diterima-berlanjut-lakukan-hubungan-seks,Advertiser preference,Adult: Sexual content,Restricted ad serving,ca-pub-7784034061253020,16,2026-03-03,2026-03-03
bangka.tribunnews.com,Page,N/A,N/A,bangka.tribunnews.com/2017/12/21/ini-dia-ciri-orang-yang-mudah-dan-sulit-kena-gendam-begini-cara-mengujinya,Advertiser preference;Policy issue,Encouraging accidental clicks: Layout;Google-served ads obscuring content,Restricted ad serving,ca-pub-7784034061253020,16,2026-03-01,2026-03-03
www.tribunjualbeli.com,Page,N/A,N/A,www.tribunjualbeli.com/jawa-timur/2316025/boneka-full-body-silikon-berkualitas-malang,Advertiser preference,Adult: Sexual content,Restricted ad serving,ca-pub-7784034061253020,15,2026-03-01,2026-03-04
surabaya.tribunnews.com,Page,N/A,N/A,surabaya.tribunnews.com/2024/03/20/sosok-tante-yang-siksa-dan-masukkan-ponakan-ke-dalam-karung-gara-gara-hal-sepele-videonya-viral,Advertiser preference,Google-served ads obscuring content,Restricted ad serving,ca-pub-7784034061253020,15,2026-03-02,2026-03-04
surabaya.tribunnews.com,Page,N/A,N/A,surabaya.tribunnews.com/2012/12/06/setengah-bulan-layani-15-lelaki,Advertiser preference,Adult: Sexual content,Restricted ad serving,ca-pub-7784034061253020,15,2026-02-28,2026-03-02
sumsel.tribunnews.com,Page,N/A,N/A,sumsel.tribunnews.com/tag/tawuran,Policy issue,Mislabeled Ads,Restricted ad serving,ca-pub-7784034061253020,15,2026-02-26,2026-03-02
pontianak.tribunnews.com,Page,N/A,N/A,pontianak.tribunnews.com/2017/02/18/ini-ciri-wanita-hyperseks-suka-umbar-seksualitas-dan-sering-berganti-pasangan,Advertiser preference,Adult: Sexual content,Restricted ad serving,ca-pub-7784034061253020,15,2026-02-26,2026-03-02
palembang.tribunnews.com,Page,N/A,N/A,palembang.tribunnews.com/2017/11/20/bikin-geleng-geleng-10-wanita-ini-disebut-sebagai-bintang-film-panas-paling-tajir-di-dunia?page=8,Policy issue,Ads Disguised as Content,Restricted ad serving,ca-pub-7784034061253020,15,2026-02-26,2026-03-04
newsmaker.tribunnews.com,Page,N/A,N/A,newsmaker.tribunnews.com/2024/03/11/prostitusi-online-yang-sediakan-wanita-gemuk-merebak-ditawarkan-lewat-media-sosial-datang-ke-pesta?page=all,Advertiser preference,Adult: Sexual content,Restricted ad serving,ca-pub-7784034061253020,15,2026-02-28,2026-03-04
medan.tribunnews.com,Page,N/A,N/A,medan.tribunnews.com/2018/12/28/dewi-perssik-buka-bukaan-cerita-hubungan-intim-suami-istri-hingga-gaya-bercinta-pria-gak-bosan?page=3,Policy issue,Google-served ads on screens without publisher-content,Restricted ad serving,ca-pub-7784034061253020,15,2026-02-28,2026-03-02
medan.tribunnews.com,Page,N/A,N/A,medan.tribunnews.com/2018/12/28/dewi-perssik-buka-bukaan-cerita-hubungan-intim-suami-istri-hingga-gaya-bercinta-pria-gak-bosan?page=2,Advertiser preference,Adult: Sexual content,Restricted ad serving,ca-pub-7784034061253020,15,2026-03-02,2026-03-02
medan.tribunnews.com,Page,N/A,N/A,medan.tribunnews.com/2018/01/13/video-syur-mirip-merion-jola-idol-2017-berdurasi-45-menit-bikin-heboh,Policy issue,Site Behavior: Navigation,Restricted ad serving,ca-pub-7784034061253020,15,2026-03-02,2026-03-04
makassar.tribunnews.com,Page,N/A,N/A,makassar.tribunnews.com/2020/05/13/rekaman-video-bocor-dan-viral-cewek-berbusana-minim-lakukan-hal-tak-senonoh-di-toko-sendirian,Policy issue,Ads Disguised as Content,Restricted ad serving,ca-pub-7784034061253020,15,2026-03-01,2026-03-04
makassar.tribunnews.com,Page,N/A,N/A,makassar.tribunnews.com/2017/08/24/ini-foto-foto-bintang-film-dewasa-jepang-yang-followers-terbanyaknya-dari-bekasi-dan-jakarta,Policy issue,Site Behavior: Navigation,Restricted ad serving,ca-pub-7784034061253020,15,2026-03-02,2026-03-02
makassar.tribunnews.com,Page,N/A,N/A,makassar.tribunnews.com/2011/12/01/spa-ya-telanjang-bulat-dong,Advertiser preference,Adult: Sexual content,Restricted ad serving,ca-pub-7784034061253020,15,2026-03-01,2026-03-03
m.tribunnews.com,Page,N/A,N/A,m.tribunnews.com/regional/2019/07/15/pria-ini-jadi-korban-pemerasan-gara-gara-video-call-mesum-begini-kronologinya,Advertiser preference,Adult: Sexual content,Restricted ad serving,ca-pub-7784034061253020,15,2026-03-02,2026-03-04
kupang.tribunnews.com,Page,N/A,N/A,kupang.tribunnews.com/2019/07/30/hai-girls-ini-loh-6-jenis-celana-dalam-yang-wajib-kamu-punya,Policy issue,Site Behavior: Navigation,Restricted ad serving,ca-pub-7784034061253020,15,2026-03-01,2026-03-02
jateng.tribunnews.com,Page,N/A,N/A,jateng.tribunnews.com/2018/02/10/weleh-pengen-punya-buah-dada-seksi-gadis-cantik-rusia-ini-malah-jadi-kotak-lihat-fotonya,Advertiser preference,Adult: Sexual content,Restricted ad serving,ca-pub-7784034061253020,15,2026-03-01,2026-03-02
jabar.tribunnews.com,Page,N/A,N/A,jabar.tribunnews.com/2023/06/15/pengobatan-alat-vital-bandung-paling-ampuh-dan-manjur-izin-praktek-resmi?page=all,Advertiser preference,Adult: Sexual content,Restricted ad serving,ca-pub-7784034061253020,15,2026-03-03,2026-03-03
belitung.tribunnews.com,Page,N/A,N/A,belitung.tribunnews.com/2017/03/13/video-gadis-goyang-goyangkan-dada-saat-pakai-seragam-mendadak-viral,Advertiser preference,Shocking content,Restricted ad serving,ca-pub-7784034061253020,15,2026-02-28,2026-03-03
banjarmasin.tribunnews.com,Page,N/A,N/A,banjarmasin.tribunnews.com/2018/11/18/psk-banjarmasin-instal-aplikasi-ini-tawarkan-jasa-esek-esek-lengkap-dengan-tarif-dan-tempat-bercinta,Advertiser preference,Shocking content,Restricted ad serving,ca-pub-7784034061253020,15,2026-03-02,2026-03-02
bangka.tribunnews.com,Page,N/A,N/A,bangka.tribunnews.com/2022/04/04/inilah-daftar-harga-rokok-di-indomaret-april-2022-gudang-garam-merah-rp14000?page=all,Advertiser preference,Shocking content,Restricted ad serving,ca-pub-7784034061253020,15,2026-03-03,2026-03-03
bangka.tribunnews.com,Page,N/A,N/A,bangka.tribunnews.com/2019/04/27/5-fakta-baru-video-viral-pasien-berhubungan-intim-di-igd-direkam-diam-diam-si-cewek-lihat-kamera,Advertiser preference,Shocking content,Restricted ad serving,ca-pub-7784034061253020,15,2026-02-28,2026-03-03
bangka.tribunnews.com,Page,N/A,N/A,bangka.tribunnews.com/2017/09/26/ternyata-begini-cara-jin-menyetubuhi-wanita,Policy issue,Ads Disguised as Content,Restricted ad serving,ca-pub-7784034061253020,15,2026-02-28,2026-03-02
bangka.tribunnews.com,Page,N/A,N/A,bangka.tribunnews.com/2017/09/23/gara-gara-kondom-mantan-bintang-film-porno-ini-bikin-warga-india-geram-ini-penyebabnya,Advertiser preference,Adult: Sexual content;Shocking content,Restricted ad serving,ca-pub-7784034061253020,15,2026-03-03,2026-03-03
aceh.tribunnews.com,Page,N/A,N/A,aceh.tribunnews.com/tag/2-wanita-tanpa-busana-di-pesta-seks,Policy issue,Google-served ads on screens without publisher-content,Restricted ad serving,ca-pub-7784034061253020,15,2026-02-28,2026-03-02
pekanbaru.tribunnews.com,Page,N/A,N/A,pekanbaru.tribunnews.com/2021/05/22/apa-itu-capslock-caps-lock-arti-caps-lock-dalam-bahasa-gaul-kata-yang-sering-terdengar,Advertiser preference;Policy issue,Encouraging accidental clicks: Layout;Google-served ads obscuring content,Restricted ad serving,ca-pub-7784034061253020,14,2026-02-26,2026-03-03
medan.tribunnews.com,Page,N/A,N/A,medan.tribunnews.com/2019/09/03/ternyata-pemeran-video-mesum-banjarmasin-yang-viral-adalah-selebgram-mahasiswi-dan-model,Advertiser preference,Adult: Sexual content,Restricted ad serving,ca-pub-7784034061253020,14,2026-03-03,2026-03-03
makassar.tribunnews.com,Page,N/A,N/A,makassar.tribunnews.com/2021/08/23/kunci-jawaban-buku-tema-2-kelas-1-sd-halaman-22-30-sebutkan-olahraga-yang-kamu-ketahui,Advertiser preference;Policy issue,Encouraging accidental clicks: Layout;Google-served ads obscuring content,Restricted ad serving,ca-pub-7784034061253020,14,2026-03-04,2026-03-04
makassar.tribunnews.com,Page,N/A,N/A,makassar.tribunnews.com/2020/07/31/ini-29-aplikasi-link-nonton-film-online-film-dewasa-drakor-download-film-mirip-indoxxi-gratis?page=3,Advertiser preference,Google-served ads obscuring content,Restricted ad serving,ca-pub-7784034061253020,14,2026-03-01,2026-03-04
m.tribunnews.com,Page,N/A,N/A,m.tribunnews.com/internasional/2017/06/17/wanita-cantik-buka-baju-dan-celana-di-tempat-umum-demi-tujuan-mulia,Policy issue,Site Behavior: Navigation,Restricted ad serving,ca-pub-7784034061253020,14,2026-02-28,2026-03-02
kupang.tribunnews.com,Page,N/A,N/A,kupang.tribunnews.com/2014/08/18/tante-girang-yang-puas-akan-jadikan-brondong-sebagai-pacar,Advertiser preference,Adult: Sexual content,Restricted ad serving,ca-pub-7784034061253020,14,2026-03-01,2026-03-04
jambi.tribunnews.com,Page,N/A,N/A,jambi.tribunnews.com/2020/07/13/pengakuan-eks-asisten-baim-wong-sering-lihat-nikita-mirzani-telanjang-ayu-ting-ting-langsung-syok,Policy issue,Ads Disguised as Content,Restricted ad serving,ca-pub-7784034061253020,14,2026-03-01,2026-03-03
jabar.tribunnews.com,Page,N/A,N/A,jabar.tribunnews.com/2019/08/19/update-video-vina-garut-dua-dari-tiga-pria-yang-menjadi-pelaku-kabur-ke-jakarta?page=2,Advertiser preference,Adult: Sexual content,Restricted ad serving,ca-pub-7784034061253020,14,2026-03-04,2026-03-04
jabar.tribunnews.com,Page,N/A,N/A,jabar.tribunnews.com/2018/11/23/10-fakta-video-mesum-siswi-sma-karawang-dari-direkam-di-hotel-hingga-korban-merupakan-mojang?page=all,Advertiser preference,Adult: Sexual content,Restricted ad serving,ca-pub-7784034061253020,14,2026-03-03,2026-03-03
banjarmasin.tribunnews.com,Page,N/A,N/A,banjarmasin.tribunnews.com/2016/11/16/kisah-di-balik-pensiunnya-bintang-porno-miyabi,Advertiser preference,Adult: Sexual content,Restricted ad serving,ca-pub-7784034061253020,14,2026-03-01,2026-03-03
bangka.tribunnews.com,Page,N/A,N/A,bangka.tribunnews.com/2019/07/15/angkat-rok-lalu-buka-celana-dalam-di-depan-orang-banyak-si-perempuan-beri-alasan-menohok-ini,Advertiser preference,Adult: Sexual content,Restricted ad serving,ca-pub-7784034061253020,14,2026-03-02,2026-03-02
aceh.tribunnews.com,Page,N/A,N/A,aceh.tribunnews.com/2022/08/11/ditunjukin-video-syur-oleh-tetangga-pria-ini-langsung-syok-ternyata-pemeran-wanita-adalah-istrinya,Policy issue,Ads Disguised as Content,Restricted ad serving,ca-pub-7784034061253020,14,2026-03-04,2026-03-04
aceh.tribunnews.com,Page,N/A,N/A,aceh.tribunnews.com/2020/01/17/ingin-coba-sensasi-baru-seorang-pria-ajak-calon-istri-main-bertiga-dengan-pria-lain,Advertiser preference,Adult: Sexual content,Restricted ad serving,ca-pub-7784034061253020,14,2026-03-03,2026-03-03
wow.tribunnews.com,Page,N/A,N/A,wow.tribunnews.com/2018/01/09/pemerintah-resmi-umumkan-kenaikan-cukai-hasil-tembakau-berikut-daftar-harga-rokok-terbaru?page=all,Advertiser preference,Tobacco,Restricted ad serving,ca-pub-7784034061253020,13,2026-03-02,2026-03-02
wartakota.tribunnews.com,Page,N/A,N/A,wartakota.tribunnews.com/2023/09/13/model-anisa-tasya-amelia-dan-para-pemeran-film-dewasa-birahi-muda-bakal-diperiksa-polisi?page=all,Advertiser preference;Policy issue,Google-served ads obscuring content;Modified Javascript: Ads by Google size,Restricted ad serving,ca-pub-7784034061253020,13,2026-03-02,2026-03-02
wartakota.tribunnews.com,Page,N/A,N/A,wartakota.tribunnews.com/2017/03/06/wooow-bokong-zaskia-goting-dipegang-dan-dicium-pria-saat-manggung?page=all,Advertiser preference,Adult: Sexual content,Restricted ad serving,ca-pub-7784034061253020,13,2026-03-02,2026-03-02
travel.tribunnews.com,Page,N/A,N/A,travel.tribunnews.com/2016/08/30/breast-touching-festival-wow-di-sini-wanita-malah-senang-saat-di-sentuh-dadanya,Advertiser preference,Adult: Sexual content,Restricted ad serving,ca-pub-7784034061253020,13,2026-03-03,2026-03-03
suryamalang.tribunnews.com,Page,N/A,N/A,suryamalang.tribunnews.com/2018/01/06/diduga-dibuat-saat-ramadan-berikut-4-obrolan-video-panas-tante-vs-bocah-sd,Advertiser preference,Adult: Sexual content,Restricted ad serving,ca-pub-7784034061253020,13,2026-03-04,2026-03-04
style.tribunnews.com,Page,N/A,N/A,style.tribunnews.com/2016/09/06/mantan-model-majalah-dewasa-deretan-artis-ini-pernah-tampil-di-fhm-siap-siap-terkejut?page=5,Policy issue,Site Behavior: Navigation,Restricted ad serving,ca-pub-7784034061253020,13,2026-03-03,2026-03-03
solo.tribunnews.com,Page,N/A,N/A,solo.tribunnews.com/2016/10/29/tidak-hanya-ryoko-nakaoka-para-selebgram-ini-juga-dapat-predikat-miliki-payudara-terindah,Policy issue,Site Behavior: Navigation,Restricted ad serving,ca-pub-7784034061253020,13,2026-03-01,2026-03-02
medan.tribunnews.com,Page,N/A,N/A,medan.tribunnews.com/2019/04/06/heboh-siswi-smp-kecanduan-seks-simak-5-ciri-ciri-wanita-abg-memiliki-kecanduan-hubungan-intim,Advertiser preference,Shocking content,Restricted ad serving,ca-pub-7784034061253020,13,2026-02-27,2026-03-02
medan.tribunnews.com,Page,N/A,N/A,medan.tribunnews.com/2017/09/18/tiga-wanita-cantik-kecanduan-berhubungan-intim-akibatnya-mengerikan,Advertiser preference,Adult: Sexual content,Restricted ad serving,ca-pub-7784034061253020,13,2026-03-02,2026-03-03
medan.tribunnews.com,Page,N/A,N/A,medan.tribunnews.com/2016/12/25/tyas-mirasih-dari-jasa-seks-hingga-tarif-inilah-bukti-percakapan-yang-ditunjukkan-sang-mucikari?page=all,Advertiser preference,Adult: Sexual content,Restricted ad serving,ca-pub-7784034061253020,13,2026-03-03,2026-03-03
makassar.tribunnews.com,Page,N/A,N/A,makassar.tribunnews.com/2019/09/01/fakta-3-video-mesum-mahasiswi-banjarmasin-viral-durasi-hingga-alasan-g-n-rekam-hubungan-badannya,Advertiser preference,Adult: Sexual content,Restricted ad serving,ca-pub-7784034061253020,13,2026-03-03,2026-03-04
makassar.tribunnews.com,Page,N/A,N/A,makassar.tribunnews.com/2017/09/13/bikin-malu-atau-bangga-pria-ini-cetak-rekor-warga-indonesia-pertama-bintang-film-biru-khusus-gay?page=all,Advertiser preference;Policy issue,Adult: Sexual content;Site Behavior: Navigation,Restricted ad serving,ca-pub-7784034061253020,13,2026-03-03,2026-03-03
makassar.tribunnews.com,Page,N/A,N/A,makassar.tribunnews.com/2015/05/11/ada-ct-dan-lm-ini-daftar-nama-artis-yang-bisa-dibooking,Advertiser preference,Adult: Sexual content,Restricted ad serving,ca-pub-7784034061253020,13,2026-02-27,2026-03-03
m.tribunnews.com,Page,N/A,N/A,m.tribunnews.com/kesehatan/2012/11/01/rokok-kawung-dianjurkan-karena-menyehatkan,Advertiser preference,Tobacco,Restricted ad serving,ca-pub-7784034061253020,13,2026-02-28,2026-03-02
jambi.tribunnews.com,Page,N/A,N/A,jambi.tribunnews.com/2018/07/07/ciri-ciri-fisik-yang-terlihat-pada-wanita-yang-nafsu-birahinya-tinggi,Advertiser preference,Adult: Sexual content,Restricted ad serving,ca-pub-7784034061253020,13,2026-03-02,2026-03-02
jambi.tribunnews.com,Page,N/A,N/A,jambi.tribunnews.com/2017/08/24/kapan-ya-wanita-bisa-kembali-berhubungan-seks-setelah-keguguran,Advertiser preference,Adult: Sexual content,Restricted ad serving,ca-pub-7784034061253020,13,2026-03-02,2026-03-02
banjarmasin.tribunnews.com,Page,N/A,N/A,banjarmasin.tribunnews.com/2016/05/20/beredar-rontgen-eno-gagang-cangkul-terlihat-jelas-hingga-paru-paru,Policy issue,Ads Disguised as Content,Restricted ad serving,ca-pub-7784034061253020,13,2026-03-02,2026-03-04
bangka.tribunnews.com,Page,N/A,N/A,bangka.tribunnews.com/2016/10/17/10-bintang-porno-ini-ternyata-berpendidikan-tinggi-ada-yang-bergelar-master?page=all,Advertiser preference,Adult: Sexual content,Restricted ad serving,ca-pub-7784034061253020,13,2026-03-04,2026-03-04
wartakota.tribunnews.com,Page,N/A,N/A,wartakota.tribunnews.com/2016/09/20/tampilkan-wanita-berdarah-iklan-grab-dinilai-langgar-etika,Advertiser preference,Shocking content,Restricted ad serving,ca-pub-7784034061253020,12,2026-03-03,2026-03-03
style.tribunnews.com,Page,N/A,N/A,style.tribunnews.com/2017/10/07/terlalu-ketat-dan-transparan-16-orang-ini-malah-terlihat-konyol-saat-pakai-legging-malu-maluin?page=3,Advertiser preference,Adult: Sexual content,Restricted ad serving,ca-pub-7784034061253020,12,2026-03-03,2026-03-03
pekanbaru.tribunnews.com,Page,N/A,N/A,pekanbaru.tribunnews.com/2022/01/28/link-download-tiktok-18-plus-versi-android-dan-download-tiktok-18-mod-apk,Policy issue,Ads Disguised as Content,Restricted ad serving,ca-pub-7784034061253020,12,2026-03-03,2026-03-03
pekanbaru.tribunnews.com,Page,N/A,N/A,pekanbaru.tribunnews.com/2021/09/11/arti-paok-dalam-bahasa-gaul-apa-inilah-paok-artinya-atau-apa-itu-paok-dalam-bahasa-gaul-dari-medan,Advertiser preference,Google-served ads obscuring content,Restricted ad serving,ca-pub-7784034061253020,12,2026-03-03,2026-03-03
palembang.tribunnews.com,Page,N/A,N/A,palembang.tribunnews.com/2018/01/17/bukan-cuma-olivia-artis-porno-jepang-ini-meninggal-lebih-tragis-dipaksa-adegan-intim-ini-ngeri,Advertiser preference,Adult: Sexual content,Restricted ad serving,ca-pub-7784034061253020,12,2026-03-03,2026-03-03
medan.tribunnews.com,Page,N/A,N/A,medan.tribunnews.com/news/1758317/fakta-bocah-perempuan-kolaka-jadi-korban-pembunuhan-motif-dendam-pelaku-sering-diejek-korban,Advertiser preference,Shocking content,Restricted ad serving,ca-pub-7784034061253020,12,2026-03-02,2026-03-02
medan.tribunnews.com,Page,N/A,N/A,medan.tribunnews.com/2021/12/30/sebelum-tewas-mengenaskan-tahanan-narkoba-ngaku-disiksa-di-polsek-medan-kota,Advertiser preference,Shocking content,Restricted ad serving,ca-pub-7784034061253020,12,2026-03-02,2026-03-02
manado.tribunnews.com,Page,N/A,N/A,manado.tribunnews.com/2016/08/30/video-ayam-dan-babi-direbus-hidup-hidup-sebelum-dihidangkan-rekaman-investigasi-buktikan,Advertiser preference,Shocking content,Restricted ad serving,ca-pub-7784034061253020,12,2026-03-03,2026-03-03
makassar.tribunnews.com,Page,N/A,N/A,makassar.tribunnews.com/2018/11/14/tribunwiki-ini-5-rumah-kos-dekat-umi-makassar-lengkap-harga-fasilitas-dan-nomor-kontak,Advertiser preference,Shocking content,Restricted ad serving,ca-pub-7784034061253020,12,2026-03-02,2026-03-02
m.tribunnews.com,Page,N/A,N/A,m.tribunnews.com/regional/2013/12/15/video-mesum-mahasiswi-kembali-hebohkan-warga-sumenep,Advertiser preference,Adult: Sexual content,Restricted ad serving,ca-pub-7784034061253020,12,2026-03-03,2026-03-03
m.tribunnews.com,Page,N/A,N/A,m.tribunnews.com/lifestyle/2017/12/19/11-negara-dengan-pria-tampan-dan-wanita-cantik-di-dunia-indonesia-masuk-nggak-ya,Policy issue,Site Behavior: Navigation,Restricted ad serving,ca-pub-7784034061253020,12,2026-03-03,2026-03-03
m.tribunnews.com,Page,N/A,N/A,m.tribunnews.com/internasional/2015/02/22/tanpa-merasa-berdosa-bintang-porno-jepang-ini-bukukan-kisah-proses-bikin-video-intim,Advertiser preference,Adult: Sexual content,Restricted ad serving,ca-pub-7784034061253020,12,2026-03-04,2026-03-04
kupang.tribunnews.com,Page,N/A,N/A,kupang.tribunnews.com/2018/07/05/perempuan-suka-nonton-film-dewasa-karena-10-alasan-unik-ini-apa-saja-ya,Advertiser preference,Adult: Sexual content,Restricted ad serving,ca-pub-7784034061253020,12,2026-03-02,2026-03-02
kupang.tribunnews.com,Page,N/A,N/A,kupang.tribunnews.com/2017/12/29/coba-lihat-jari-manis-kamu-ternyata-jari-manis-bisa-juga-lihat-ukuran-mr-p-lo?page=all,Advertiser preference,Adult: Sexual content,Restricted ad serving,ca-pub-7784034061253020,12,2026-03-03,2026-03-03
kaltim.tribunnews.com,Page,N/A,N/A,kaltim.tribunnews.com/2016/11/10/ryoko-nakaoka-juara-kontes-payudara-terindah-ini-mau-bekerja-di-indonesia,Advertiser preference,Adult: Sexual content,Restricted ad serving,ca-pub-7784034061253020,12,2026-03-02,2026-03-02
jogja.tribunnews.com,Page,N/A,N/A,jogja.tribunnews.com/2019/07/04/bukan-hanya-bunga-tidur-ini-arti-mimpi-berhubungan-intim-dengan-mantan-atau-selingkuhan,Advertiser preference,Adult: Sexual content;Shocking content,Restricted ad serving,ca-pub-7784034061253020,12,2026-03-02,2026-03-02
jogja.tribunnews.com,Page,N/A,N/A,jogja.tribunnews.com/2017/02/21/pria-kesepian-ini-beli-7-boneka-seks-tapi-bukan-untuk-urusan-seksual,Advertiser preference,Adult: Sexual content,Restricted ad serving,ca-pub-7784034061253020,12,2026-03-02,2026-03-02
jogja.tribunnews.com,Page,N/A,N/A,jogja.tribunnews.com/2016/05/11/polsek-ngaglik-razia-salon-plus-petugas-temukan-kondom-bekas-dan-selusin-kapster,Advertiser preference,Adult: Sexual content,Restricted ad serving,ca-pub-7784034061253020,12,2026-03-02,2026-03-02
bogor.tribunnews.com,Page,N/A,N/A,bogor.tribunnews.com/2017/02/18/seperti-ini-ciri-wanita-hiperseks-suka-berganti-pasangan-dan-pamer-materi-pornografi,Advertiser preference,Adult: Sexual content,Restricted ad serving,ca-pub-7784034061253020,12,2026-03-03,2026-03-03
belitung.tribunnews.com,Page,N/A,N/A,belitung.tribunnews.com/2017/10/09/heboh-video-goyang-hot-dua-cewek-bohay-di-dapur-salah-satunya-penyanyi-dangdut-terkenal?page=2,Advertiser preference,Adult: Sexual content,Restricted ad serving,ca-pub-7784034061253020,12,2026-03-03,2026-03-03
bangka.tribunnews.com,Page,N/A,N/A,bangka.tribunnews.com/2021/10/07/video-gisel-terbaru-pakai-baju-tidur-rambut-terurai-goyang-bareng-2-pria-ditonton-47-juta-kali,Policy issue,Ads Disguised as Content,Restricted ad serving,ca-pub-7784034061253020,12,2026-03-02,2026-03-02
www.tribunnews.com,Page,N/A,N/A,www.tribunnews.com/regional/2017/06/12/tante-tante-cantik-nan-seksi-gelar-buka-puasa-bareng-yang-dicari-petai,Policy issue,Site Behavior: Navigation,Restricted ad serving,ca-pub-7784034061253020,11,2026-03-03,2026-03-03
wartakota.tribunnews.com,Page,N/A,N/A,wartakota.tribunnews.com/2015/09/06/wanita-ternyata-paling-suka-mr-p-berukuran-16-cm,Advertiser preference,Adult: Sexual content,Restricted ad serving,ca-pub-7784034061253020,11,2026-03-02,2026-03-03
medan.tribunnews.com,Page,N/A,N/A,medan.tribunnews.com/2018/12/28/dewi-perssik-buka-bukaan-cerita-hubungan-intim-suami-istri-hingga-gaya-bercinta-pria-gak-bosan,Advertiser preference,Adult: Sexual content,Restricted ad serving,ca-pub-7784034061253020,11,2026-03-02,2026-03-02
manado.tribunnews.com,Page,N/A,N/A,manado.tribunnews.com/2019/02/20/sesuaikan-irama-bercinta-untuk-capai-orgasme-bersama,Advertiser preference,Adult: Sexual content,Restricted ad serving,ca-pub-7784034061253020,11,2026-03-04,2026-03-04
makassar.tribunnews.com,Page,N/A,N/A,makassar.tribunnews.com/2019/12/27/pengakuan-artis-dangdut-cupi-cupita-setelah-video-syur-mirip-dirinya-viral-di-instagram-ig,Advertiser preference,Adult: Sexual content,Restricted ad serving,ca-pub-7784034061253020,11,2026-03-02,2026-03-04
lampung.tribunnews.com,Page,N/A,N/A,lampung.tribunnews.com/2018/05/11/cewek-cantik-ini-mendadak-buka-baju-gara-gara-dikritik-dosen-saat-presentasi,Advertiser preference,Adult: Sexual content,Restricted ad serving,ca-pub-7784034061253020,11,2026-03-03,2026-03-03
kaltim.tribunnews.com,Page,N/A,N/A,kaltim.tribunnews.com/2016/05/23/sanksi-untuk-mahasiswi-bertato-bunga-mawar-yang-berfoto-syur-di-stadion-tunggu-ketetapan-hukum,Advertiser preference,Adult: Sexual content,Restricted ad serving,ca-pub-7784034061253020,11,2026-03-02,2026-03-02
jatim.tribunnews.com,Page,N/A,N/A,jatim.tribunnews.com/2018/11/07/keseringan-nonton-video-porno-pelajar-sma-di-sampang-setubuhi-kakak-kelasnya,Advertiser preference,Adult: Sexual content,Restricted ad serving,ca-pub-7784034061253020,11,2026-03-02,2026-03-02
jambi.tribunnews.com,Page,N/A,N/A,jambi.tribunnews.com/2018/04/29/kelihatan-inilah-ciri-wanita-yang-sering-memuaskan-diri-sendiri-bahayanya-bakal-sakit-seperti-ini?page=3,Advertiser preference,Adult: Sexual content,Restricted ad serving,ca-pub-7784034061253020,11,2026-03-03,2026-03-03
jabar.tribunnews.com,Page,N/A,N/A,jabar.tribunnews.com/2023/04/06/pusat-klinik-pengobatan-alat-vital-bogor-bantu-menjaga-keharmonisan-pasangan-suami-istri?page=3,Advertiser preference,Adult: Sexual content,Restricted ad serving,ca-pub-7784034061253020,11,2026-03-02,2026-03-02
belitung.tribunnews.com,Page,N/A,N/A,belitung.tribunnews.com/2017/07/20/pasangan-muda-mudi-nekat-berbuat-mesum-di-mobil-parkir-di-depan-kantor-gubernur-simak-videonya,Policy issue,Site Behavior: Navigation,Restricted ad serving,ca-pub-7784034061253020,11,2026-03-02,2026-03-02
www.tribunnews.com,Page,N/A,N/A,www.tribunnews.com/regional/2025/07/08/4-fakta-pria-tewas-dalam-perut-ular-piton-di-buton-selatan-videonya-viral-keluarga-menangis,Advertiser preference,Shocking content,Restricted ad serving,ca-pub-7784034061253020,10,2026-03-02,2026-03-02
www.tribunnews.com,Page,N/A,N/A,www.tribunnews.com/lifestyle/2016/08/20/beredar-di-grup-messenger-ini-daftar-harga-rokok-per-september-2016-mengerikan,Advertiser preference,Shocking content,Restricted ad serving,ca-pub-7784034061253020,10,2026-03-02,2026-03-02
www.tribunnews.com,Page,N/A,N/A,www.tribunnews.com/internasional/2019/05/23/aktor-senior-film-dewasa-jepang-hubungan-pria-dan-wanita-terpenting-adalah-komunikasi,Advertiser preference,Adult: Sexual content,Restricted ad serving,ca-pub-7784034061253020,10,2026-03-02,2026-03-02
www.tribunjualbeli.com,Page,N/A,N/A,www.tribunjualbeli.com/sumatera-utara/2524880/jasa-terapi-pijat-urut-lemah-syahwat-impotensi-binjai,Advertiser preference,Adult: Sexual content,Restricted ad serving,ca-pub-7784034061253020,10,2026-02-26,2026-03-02
www.tribunjualbeli.com,Page,N/A,N/A,www.tribunjualbeli.com/jawa-tengah/2366425/alat-bantu-sex-pria-vagina-center-flashlight-tanpa-efek-samping-sragen,Advertiser preference,Adult: Sexual content,Restricted ad serving,ca-pub-7784034061253020,10,2026-03-02,2026-03-02
www.tribunjualbeli.com,Page,N/A,N/A,www.tribunjualbeli.com/jawa-tengah/2328383/titan-gel-asli-cream-titan-gel-harga-murah-bisa-cod-sragen,Advertiser preference,Adult: Sexual content,Restricted ad serving,ca-pub-7784034061253020,10,2026-03-03,2026-03-03
www.tribunjualbeli.com,Page,N/A,N/A,www.tribunjualbeli.com/bali/2369423/obat-kuat-viagra-asli-bali-original-usa-beli-3-gratis-1-pembayaran-bisa-ditempat-denpasar,Advertiser preference,Adult: Sexual content;Healthcare: Prescription drugs,Restricted ad serving,ca-pub-7784034061253020,10,2026-03-04,2026-03-04
wartakota.tribunnews.com,Page,N/A,N/A,wartakota.tribunnews.com/2014/04/15/perpedaan-ukuran-mr-p-orang-indonesia-dan-timur-tengah,Advertiser preference,Adult: Sexual content,Restricted ad serving,ca-pub-7784034061253020,10,2026-03-03,2026-03-03
suryamalang.tribunnews.com,Page,N/A,N/A,suryamalang.tribunnews.com/2017/06/13/video-tante-tante-seksi-buka-puasa-makan-nasi-liwet-paha-mulus-mereka-bikin-meriang,Policy issue,Site Behavior: Navigation,Restricted ad serving,ca-pub-7784034061253020,10,2026-03-03,2026-03-03
pekanbaru.tribunnews.com,Page,N/A,N/A,pekanbaru.tribunnews.com/2016/08/27/bolehkah-permainan-seksual-dijual-di-indonesia,Advertiser preference,Adult: Sexual content,Restricted ad serving,ca-pub-7784034061253020,10,2026-03-03,2026-03-03
medan.tribunnews.com,Page,N/A,N/A,medan.tribunnews.com/2019/11/19/geliat-mucikari-dan-wanita-psk-di-medan-dan-aceh-daya-tawar-pakai-kondom-rendah-hingga-tarif-tinggi,Advertiser preference,Adult: Sexual content,Restricted ad serving,ca-pub-7784034061253020,10,2026-03-03,2026-03-03
lampung.tribunnews.com,Page,N/A,N/A,lampung.tribunnews.com/2018/01/06/video-mesum-bocah-dengan-tante-viral-tak-berani-melawan-karena-takut-ibu,Advertiser preference,Google-served ads obscuring content;Shocking content,Restricted ad serving,ca-pub-7784034061253020,10,2026-02-26,2026-03-02
jabar.tribunnews.com,Page,N/A,N/A,jabar.tribunnews.com/2022/11/26/pengobatan-alat-vital-semarang-hj-mak-erot-solusi-mengatasi-gangguan-vitalitas?page=all,Advertiser preference,Adult: Sexual content,Restricted ad serving,ca-pub-7784034061253020,10,2026-03-03,2026-03-03
belitung.tribunnews.com,Page,N/A,N/A,belitung.tribunnews.com/2018/03/02/pengakuan-mengejutkan-ternyata-ini-alasan-mia-khalifa-pensiun-main-film-dewasa?page=all,Advertiser preference,Adult: Sexual content,Restricted ad serving,ca-pub-7784034061253020,10,2026-03-04,2026-03-04
bekasi.tribunnews.com,Page,N/A,N/A,bekasi.tribunnews.com/2022/10/19/berikut-139-judul-film-jepang-terbaru-2022-beresolusi-hd-dan-berdurasi-dua-jam-lebih-khusus-dewasa,Policy issue,Ads Disguised as Content,Restricted ad serving,ca-pub-7784034061253020,10,2026-03-03,2026-03-03
bangka.tribunnews.com,Page,N/A,N/A,bangka.tribunnews.com/tag/polda-babel,Policy issue,Google-served ads on screens without publisher-content,Restricted ad serving,ca-pub-7784034061253020,10,2026-03-03,2026-03-04
bangka.tribunnews.com,Page,N/A,N/A,bangka.tribunnews.com/2017/06/18/aksi-dua-wanita-buka-baju-di-depan-orang-bikin-geleng-geleng-kepala-ini-yang-dilakukannya?page=all,Advertiser preference;Policy issue,Adult: Sexual content;Site Behavior: Navigation,Restricted ad serving,ca-pub-7784034061253020,10,2026-03-02,2026-03-02
bangka.tribunnews.com,Page,N/A,N/A,bangka.tribunnews.com/2017/01/09/inilah-7-tanda-seseorang-kecanduan-seks-dan-wanita-yang-punya-nafsu-seks-besar?page=3,Advertiser preference,Adult: Sexual content,Restricted ad serving,ca-pub-7784034061253020,10,2026-03-02,2026-03-02
bangka.tribunnews.com,Page,N/A,N/A,bangka.tribunnews.com/2016/09/14/rela-telanjang-bulat-miss-bum-bum-lukis-tubuhnya-dengan-jersey-barcelona,Advertiser preference,Adult: Sexual content,Restricted ad serving,ca-pub-7784034061253020,10,2026-03-03,2026-03-03
bangka.tribunnews.com,Page,N/A,N/A,bangka.tribunnews.com/2016/05/17/mengerikan-inilah-cangkul-yang-dimasukkan-ke-kemaluan-korban-perkosaan?page=all,Advertiser preference,Shocking content,Restricted ad serving,ca-pub-7784034061253020,10,2026-03-03,2026-03-03
wartakota.tribunnews.com,Page,N/A,N/A,wartakota.tribunnews.com/2015/08/30/alat-kelamin-pria-ini-panjangnya-50-sentimeter,Advertiser preference,Shocking content,Restricted ad serving,ca-pub-7784034061253020,9,2026-03-02,2026-03-02
style.tribunnews.com,Page,N/A,N/A,style.tribunnews.com/2016/08/22/gaya-masturbasi-pria-hayo-kamu-biasanya-pakai-style-yang-mana?page=1,Advertiser preference,Adult: Sexual content,Restricted ad serving,ca-pub-7784034061253020,9,2026-03-03,2026-03-03
mataraman.tribunnews.com,Page,N/A,N/A,mataraman.tribunnews.com/2022/11/04/video-dewasa-kebaya-merah-di-hotel-viral-bikin-penasaran-warganetternyata-pemerannya-ini?page=2,Policy issue,Ads Disguised as Content,Restricted ad serving,ca-pub-7784034061253020,9,2026-03-03,2026-03-03
makassar.tribunnews.com,Page,N/A,N/A,makassar.tribunnews.com/2020/06/11/hadirkan-pilihan-film-dewasa-dan-film-anak-ini-18-nonton-film-bioskop-online-mirip-indoxxi,Policy issue,Ads Disguised as Content,Restricted ad serving,ca-pub-7784034061253020,9,2026-03-03,2026-03-03
makassar.tribunnews.com,Page,N/A,N/A,makassar.tribunnews.com/2019/07/19/pelajar-sma-di-blitar-sewa-rumah-untuk-pesta-seks-ditemukan-banyak-kondom-tisu-cek-kronologinya?page=3,Advertiser preference,Adult: Sexual content,Restricted ad serving,ca-pub-7784034061253020,9,2026-03-02,2026-03-02
kupang.tribunnews.com,Page,N/A,N/A,kupang.tribunnews.com/2023/09/04/viral-ekshibisionisme-di-kupang-ntt-warga-resah-pria-pamer-alat-kelamin-di-ruang-publik?page=all,Advertiser preference;Policy issue,Google-served ads obscuring content;Modified Javascript: Ads by Google size,Restricted ad serving,ca-pub-7784034061253020,9,2026-03-02,2026-03-02
jatim.tribunnews.com,Page,N/A,N/A,jatim.tribunnews.com/2017/10/19/makam-kembang-kuning-surabaya-kembali-jadi-sarang-psk,Advertiser preference,Adult: Sexual content,Restricted ad serving,ca-pub-7784034061253020,9,2026-03-02,2026-03-02
jambi.tribunnews.com,Page,N/A,N/A,jambi.tribunnews.com/2018/04/29/kelihatan-inilah-ciri-wanita-yang-sering-memuaskan-diri-sendiri-bahayanya-bakal-sakit-seperti-ini,Advertiser preference,Adult: Sexual content,Restricted ad serving,ca-pub-7784034061253020,9,2026-03-03,2026-03-03
jambi.tribunnews.com,Page,N/A,N/A,jambi.tribunnews.com/2018/04/23/ngeri-syarat-ikut-pesta-bercinta-tukar-istri-di-malang-begini-cara-mereka-tukar-pasangan,Advertiser preference,Adult: Sexual content,Restricted ad serving,ca-pub-7784034061253020,9,2026-03-02,2026-03-02
jambi.tribunnews.com,Page,N/A,N/A,jambi.tribunnews.com/2014/08/29/pijat-pijat-vagina-supaya-lebih-hot,Advertiser preference,Adult: Sexual content,Restricted ad serving,ca-pub-7784034061253020,9,2026-03-02,2026-03-02
bogor.tribunnews.com,Page,N/A,N/A,bogor.tribunnews.com/2016/06/30/ini-6-tanda-pasangan-anda-pernah-tidur-dengan-pria-lain-cukur-rambut-kemaluan-hingga-gaya-bercinta?page=3,Advertiser preference,Adult: Sexual content,Restricted ad serving,ca-pub-7784034061253020,9,2026-03-02,2026-03-02
belitung.tribunnews.com,Page,N/A,N/A,belitung.tribunnews.com/2017/10/25/inilah-11-hal-yang-terjadi-di-balik-layar-film-dewasa,Advertiser preference,Adult: Sexual content,Restricted ad serving,ca-pub-7784034061253020,9,2026-02-27,2026-03-03
batam.tribunnews.com,Page,N/A,N/A,batam.tribunnews.com/2017/07/03/lagi-syuting-film-panas-aktris-jepang-tewas-saat-lakukan-adegan-ini,Advertiser preference,Adult: Sexual content,Restricted ad serving,ca-pub-7784034061253020,9,2026-03-03,2026-03-03
batam.tribunnews.com,Page,N/A,N/A,batam.tribunnews.com/2015/06/18/reka-ulang-pembunuhan-baloi-tomy-tikam-istri-di-depan-kedua-anaknya,Advertiser preference,Shocking content,Restricted ad serving,ca-pub-7784034061253020,9,2026-03-03,2026-03-03
banjarmasin.tribunnews.com,Page,N/A,N/A,banjarmasin.tribunnews.com/tag/gadis-bugil,Policy issue,Google-served ads on screens without publisher-content,Restricted ad serving,ca-pub-7784034061253020,9,2026-02-26,2026-03-04
bangka.tribunnews.com,Page,N/A,N/A,bangka.tribunnews.com/2020/01/30/ics-lepas-baju-setelah-disawer-rp100-ribu-video-biduan-dangdut-telanjang-dada-direkam-penonton?page=2,Advertiser preference,Shocking content,Restricted ad serving,ca-pub-7784034061253020,9,2026-03-02,2026-03-02
bangka.tribunnews.com,Page,N/A,N/A,bangka.tribunnews.com/2017/11/24/dari-bentuk-bibir-wanita-ternyata-bisa-ungkap-tingkat-agresivitas-seksualnya?page=2,Advertiser preference,Adult: Sexual content,Restricted ad serving,ca-pub-7784034061253020,9,2026-03-03,2026-03-03
bali.tribunnews.com,Page,N/A,N/A,bali.tribunnews.com/2021/12/14/tiga-video-syur-selebgram-tante-sisca-mellyana-di-vila-hebohkan-ubud-sampai-panggil-pecalang,Policy issue,Ads Disguised as Content,Restricted ad serving,ca-pub-7784034061253020,9,2026-02-26,2026-03-02
aceh.tribunnews.com,Page,N/A,N/A,aceh.tribunnews.com/2022/08/15/bosan-dengan-suami-wanita-ini-nekat-selingkuh-dengan-pria-beristri-kini-malu-fotonya-disebar,Policy issue,Ads Disguised as Content,Restricted ad serving,ca-pub-7784034061253020,9,2026-03-03,2026-03-03
aceh.tribunnews.com,Page,N/A,N/A,aceh.tribunnews.com/2022/04/20/nikahi-duda-anak-4-gadis-ini-langsung-menyesal-setelah-dengar-bisikan-suami-pada-malam-pertama,Policy issue,Ads Disguised as Content,Restricted ad serving,ca-pub-7784034061253020,9,2026-03-04,2026-03-04
suryamalang.tribunnews.com,Page,N/A,N/A,suryamalang.tribunnews.com/2018/04/25/videonya-viral-tukang-remas-payudara-siswi-sma-diciduk-polisi-pengakuannya-bikin-jengkel?page=all,Advertiser preference,Adult: Sexual content,Restricted ad serving,ca-pub-7784034061253020,8,2026-03-03,2026-03-03
suryamalang.tribunnews.com,Page,N/A,N/A,suryamalang.tribunnews.com/2017/08/29/7-bintang-film-dewasa-ini-meninggal-secara-tragis-nomor-1-sangat-sadis-dan-penuh-darah?page=3,Advertiser preference,Shocking content,Restricted ad serving,ca-pub-7784034061253020,8,2026-03-02,2026-03-02
style.tribunnews.com,Page,N/A,N/A,style.tribunnews.com/2017/10/10/foto-foto-ini-bakal-ngetes-otak-kamu-punya-pikiran-ngeres-atau-nggak-ambigu-banget-sih,Advertiser preference,Adult: Sexual content,Restricted ad serving,ca-pub-7784034061253020,8,2026-03-03,2026-03-03
style.tribunnews.com,Page,N/A,N/A,style.tribunnews.com/2017/06/17/wow-upgrade-payudaranya-gisella-anastasya-semakin-berani-tanpa-gunakan-bra-bleber,Advertiser preference,Adult: Sexual content,Restricted ad serving,ca-pub-7784034061253020,8,2026-03-02,2026-03-02
solo.tribunnews.com,Page,N/A,N/A,solo.tribunnews.com/2016/09/29/tahu-asia-carrera-bintang-film-panas-terkenal-90-an-seperti-ini-kabar-dan-pekerjaannya-sekarang?page=4,Advertiser preference,Adult: Sexual content,Restricted ad serving,ca-pub-7784034061253020,8,2026-03-04,2026-03-04
pontianak.tribunnews.com,Page,N/A,N/A,pontianak.tribunnews.com/2018/01/24/10-foto-dan-video-artis-indonesia-telanjang-beredar-di-internet-ada-yang-dilaporkan-ke-polisi?page=2,Advertiser preference,Adult: Sexual content,Restricted ad serving,ca-pub-7784034061253020,8,2026-03-03,2026-03-03
pekanbaru.tribunnews.com,Page,N/A,N/A,pekanbaru.tribunnews.com/2022/10/27/cewek-wajib-tahu-34b-kecil-atau-besar-34b-artinya-bahasa-gaul-apa,Policy issue,Ads Disguised as Content,Restricted ad serving,ca-pub-7784034061253020,8,2026-03-02,2026-03-02
palembang.tribunnews.com,Page,N/A,N/A,palembang.tribunnews.com/2023/05/24/ciri-mr-x-yang-tewas-dengan-kepala-remuk-di-empat-lawang-berkumis-dan-jenggot-lebat-dicukur-pendek,Advertiser preference,Shocking content,Restricted ad serving,ca-pub-7784034061253020,8,2026-03-03,2026-03-03
medan.tribunnews.com,Page,N/A,N/A,medan.tribunnews.com/2022/09/24/foto-ranjang-natasha-wilona-dan-aliando-membuat-panas-netizen,Policy issue,Ads Disguised as Content,Restricted ad serving,ca-pub-7784034061253020,8,2026-03-03,2026-03-03
medan.tribunnews.com,Page,N/A,N/A,medan.tribunnews.com/2018/01/07/video-mesum-anak-kecil-dan-wanita-dewasa-diduga-dilakukan-selama-3-hari-di-hotel?page=all,Advertiser preference,Content obscuring Google-served ads,Restricted ad serving,ca-pub-7784034061253020,8,2026-03-02,2026-03-02
medan.tribunnews.com,Page,N/A,N/A,medan.tribunnews.com/2017/09/12/chef-ririn-marinka-bikin-gagal-fokuslihat-foto-fotonya,Policy issue,Site Behavior: Navigation,Restricted ad serving,ca-pub-7784034061253020,8,2026-03-03,2026-03-03
makassar.tribunnews.com,Page,N/A,N/A,makassar.tribunnews.com/2019/10/11/karena-sudah-keseringan-adik-kandung-ajak-duluan-kakak-berhubungan-badan-layaknya-suami-istri?page=2,Advertiser preference,Adult: Sexual content,Restricted ad serving,ca-pub-7784034061253020,8,2026-03-04,2026-03-04
makassar.tribunnews.com,Page,N/A,N/A,makassar.tribunnews.com/2018/01/04/ini-alasan-nikita-mirzani-batal-bugil-di-majalah-playboy,Advertiser preference,Adult: Sexual content,Restricted ad serving,ca-pub-7784034061253020,8,2026-03-03,2026-03-03
makassar.tribunnews.com,Page,N/A,N/A,makassar.tribunnews.com/2016/09/23/bikin-gagal-fokus-coba-perhatikan-foto-model-seksi-baby-margaretha-saat-memanah,Advertiser preference,Adult: Sexual content,Restricted ad serving,ca-pub-7784034061253020,8,2026-03-02,2026-03-02
makassar.tribunnews.com,Page,N/A,N/A,makassar.tribunnews.com/2016/09/01/masih-ingatkah-artis-panas-sarah-azhari-lama-menghilang-dan-sekarang-kabarnya-malah-begini,Advertiser preference,Shocking content,Restricted ad serving,ca-pub-7784034061253020,8,2026-03-02,2026-03-02
makassar.tribunnews.com,Page,N/A,N/A,makassar.tribunnews.com/2015/10/12/tanda-tanda-wanita-digauli-jin-termasuk-mimpi-ular-dan-susah-tidur,Advertiser preference,Adult: Sexual content,Restricted ad serving,ca-pub-7784034061253020,8,2026-03-02,2026-03-02
makassar.tribunnews.com,Page,N/A,N/A,makassar.tribunnews.com/2015/06/12/cewek-cantik-ini-ikuti-lomba-pamer-pusar-di-media-sosial-ini-foto-fotonya,Advertiser preference,Adult: Sexual content,Restricted ad serving,ca-pub-7784034061253020,8,2026-03-03,2026-03-03
m.tribunnews.com,Page,N/A,N/A,m.tribunnews.com/metropolitan/2017/01/08/20-psk-cantik-warga-china-dan-thailand-ini-terjaring-razia-di-jakarta-barat,Advertiser preference,Adult: Sexual content,Restricted ad serving,ca-pub-7784034061253020,8,2026-03-02,2026-03-02
m.tribunnews.com,Page,N/A,N/A,m.tribunnews.com/kesehatan/2017/09/27/seks-bebas-jumlah-penderita-penyakit-menular-seksual-di-amerika-serikat-capai-rekor-tertinggi,Advertiser preference,Shocking content,Restricted ad serving,ca-pub-7784034061253020,8,2026-03-02,2026-03-02
m.tribunnews.com,Page,N/A,N/A,m.tribunnews.com/kesehatan/2016/05/10/agar-makin-orgasme-lakukan-senam-legel-sebelum-berhubungan-seks,Advertiser preference,Adult: Sexual content,Restricted ad serving,ca-pub-7784034061253020,8,2026-03-02,2026-03-02
m.tribunnews.com,Page,N/A,N/A,m.tribunnews.com/internasional/2016/03/31/wanita-ini-ketahuan-selingkuh-oleh-sahabat-suami-videonya-viral-di-dunia-maya,Advertiser preference,Adult: Sexual content,Restricted ad serving,ca-pub-7784034061253020,8,2026-03-02,2026-03-02
lampung.tribunnews.com,Page,N/A,N/A,lampung.tribunnews.com/2017/12/15/nafa-urbach-buka-bukaan-gaya-bercinta-saat-pacaran-dan-malam-pertamanya,Policy issue,Ads Disguised as Content,Restricted ad serving,ca-pub-7784034061253020,8,2026-03-02,2026-03-02
lampung.tribunnews.com,Page,N/A,N/A,lampung.tribunnews.com/2016/06/20/kenapa-kita-bisa-mimpi-basah-dengan-musuh-ini-penjelasannya,Advertiser preference,Adult: Sexual content,Restricted ad serving,ca-pub-7784034061253020,8,2026-03-04,2026-03-04
kupang.tribunnews.com,Page,N/A,N/A,kupang.tribunnews.com/2017/08/02/mantan-bintang-film-porno-dari-amerika-serikat-ini-sekarang-menjadi-ibu-bagi-bayinya,Policy issue,Site Behavior: Navigation,Restricted ad serving,ca-pub-7784034061253020,8,2026-03-02,2026-03-02
kupang.tribunnews.com,Page,N/A,N/A,kupang.tribunnews.com/2017/06/28/bayar-cuma-seiklasnya-gadis-ini-rela-payudaranya-diremas-remas-para-pria,Advertiser preference,Adult: Sexual content,Restricted ad serving,ca-pub-7784034061253020,8,2026-03-03,2026-03-03
jogja.tribunnews.com,Page,N/A,N/A,jogja.tribunnews.com/2017/11/17/usianya-lebih-dari-setengah-abad-tapi-nenek-ini-miliki-tubuh-kekar-dan-seksi,Advertiser preference,Adult: Sexual content,Restricted ad serving,ca-pub-7784034061253020,8,2026-03-03,2026-03-03
jogja.tribunnews.com,Page,N/A,N/A,jogja.tribunnews.com/2017/04/24/ukuran-dan-letak-klitoris-memengaruhi-kemampuan-orgasme-perempuan-lho,Advertiser preference,Adult: Sexual content,Restricted ad serving,ca-pub-7784034061253020,8,2026-03-04,2026-03-04
jateng.tribunnews.com,Page,N/A,N/A,jateng.tribunnews.com/2021/05/31/kisah-korban-toxic-relationship-di-semarang-sering-kirim-foto-payudara-ke-pacar-pap-tt,Policy issue,Ads Disguised as Content,Restricted ad serving,ca-pub-7784034061253020,8,2026-03-02,2026-03-02
jambi.tribunnews.com,Page,N/A,N/A,jambi.tribunnews.com/2018/11/02/terbukti-berhubungan-badan-dengan-seekor-kambing-betina-pria-afsel-diadili,Advertiser preference,Adult: Sexual content,Restricted ad serving,ca-pub-7784034061253020,8,2026-03-04,2026-03-04
jambi.tribunnews.com,Page,N/A,N/A,jambi.tribunnews.com/2017/08/29/beginilah-gambar-4d-orang-saat-berhubungan-seks-ilmuwan-menemukan-rekaman-video-yang-menarik?page=2,Advertiser preference,Adult: Sexual content,Restricted ad serving,ca-pub-7784034061253020,8,2026-03-03,2026-03-03
jabar.tribunnews.com,Page,N/A,N/A,jabar.tribunnews.com/2022/01/17/asli-cucu-mak-erot-hbukhori-bisa-bikin-besar-dan-kuat-mr-p-tanpa-efek-samping,Advertiser preference,Adult: Sexual content,Restricted ad serving,ca-pub-7784034061253020,8,2026-03-02,2026-03-02
jabar.tribunnews.com,Page,N/A,N/A,jabar.tribunnews.com/2016/01/06/mengejutkan-ternyata-3-wanita-cantik-ini-kecanduan-berhubungan-intim-dengan-pria,Advertiser preference,Adult: Sexual content,Restricted ad serving,ca-pub-7784034061253020,8,2026-03-02,2026-03-02
cirebon.tribunnews.com,Page,N/A,N/A,cirebon.tribunnews.com/2019/08/23/video-viral-wanita-muda-telanjang-dada-di-mal-summarecon-bekasi-videonya-beredar-di-whatsapp,Advertiser preference,Adult: Sexual content,Restricted ad serving,ca-pub-7784034061253020,8,2026-03-03,2026-03-03
bekasi.tribunnews.com,Page,N/A,N/A,bekasi.tribunnews.com/2022/07/28/rekomendasi-film-semi-barat-terbaru-yang-cocok-ditonton-bareng-pasangan-di-rumah-khusus-dewasa-lho?page=2,Advertiser preference,Adult: Sexual content,Restricted ad serving,ca-pub-7784034061253020,8,2026-03-02,2026-03-02
banjarmasin.tribunnews.com,Page,N/A,N/A,banjarmasin.tribunnews.com/2017/08/17/inilah-5-fakta-wujud-pabrik-boneka-seks-terbesar-di-amerika-no-3-seniman-penuh-gairah?page=2,Advertiser preference,Adult: Sexual content,Restricted ad serving,ca-pub-7784034061253020,8,2026-03-04,2026-03-04
banjarmasin.tribunnews.com,Page,N/A,N/A,banjarmasin.tribunnews.com/2017/08/17/inilah-5-fakta-wujud-pabrik-boneka-seks-terbesar-di-amerika-no-3-seniman-penuh-gairah,Advertiser preference;Policy issue,Adult: Sexual content;Site Behavior: Navigation,Restricted ad serving,ca-pub-7784034061253020,8,2026-03-04,2026-03-04
bangka.tribunnews.com,Page,N/A,N/A,bangka.tribunnews.com/2021/09/03/heboh-video-gisel-cuma-13-detik-ditonton-20-juta-kali-gisel-masih-bisa-ternyata,Policy issue,Ads Disguised as Content,Restricted ad serving,ca-pub-7784034061253020,8,2026-03-03,2026-03-03
bangka.tribunnews.com,Page,N/A,N/A,bangka.tribunnews.com/2019/09/20/ini-sosok-wanita-pemeran-video-syur-pns-pemprov-jabar-yang-bikin-heboh,Advertiser preference,Adult: Sexual content,Restricted ad serving,ca-pub-7784034061253020,8,2026-03-03,2026-03-03
bangka.tribunnews.com,Page,N/A,N/A,bangka.tribunnews.com/2018/03/18/heboh-beredar-video-mesum-sepasang-kekasih-dipaksa-berhubungan-intim,Advertiser preference,Adult: Sexual content,Restricted ad serving,ca-pub-7784034061253020,8,2026-03-03,2026-03-03
bangka.tribunnews.com,Page,N/A,N/A,bangka.tribunnews.com/2018/01/05/heboh-video-mesum-perempuan-dewasa-dan-dua-bocah-viral-direkam-sebulan-lalu-di-bandung,Advertiser preference,Shocking content,Restricted ad serving,ca-pub-7784034061253020,8,2026-03-04,2026-03-04
bangka.tribunnews.com,Page,N/A,N/A,bangka.tribunnews.com/2017/01/01/wanita-cantik-ini-terungkap-bercinta-dengan-anjing-pitbull-peliharaannya,Advertiser preference,Adult: Sexual content,Restricted ad serving,ca-pub-7784034061253020,8,2026-03-02,2026-03-02
bangka.tribunnews.com,Page,N/A,N/A,bangka.tribunnews.com/2016/10/06/jepang-produksi-80-ribu-video-porno-setahun-pemerannya-para-artis-cantik-kaya-raya?page=5,Advertiser preference,Google-served ads obscuring content,Restricted ad serving,ca-pub-7784034061253020,8,2026-03-04,2026-03-04
bangka.tribunnews.com,Page,N/A,N/A,bangka.tribunnews.com/2016/02/20/contohlah-variasi-bercinta-di-film-porno-tapi-5-gaya-ini-jangan-ditiru,Advertiser preference,Adult: Sexual content,Restricted ad serving,ca-pub-7784034061253020,8,2026-03-04,2026-03-04
wartakota.tribunnews.com,Page,N/A,N/A,wartakota.tribunnews.com/2023/05/25/posting-video-turis-asing-bugil-di-bali-tanpa-sensor-peter-f-gontha-siap-diblokir-demi-harga-diri,Advertiser preference,Google-served ads obscuring content,Restricted ad serving,ca-pub-7784034061253020,7,2026-03-02,2026-03-02
wartakota.tribunnews.com,Page,N/A,N/A,wartakota.tribunnews.com/2020/11/07/link-download-video-full-gisel-viral-di-medsos-jadi-buruan-warganet-di-twitter-dan-telegram?page=3,Advertiser preference;Policy issue,Encouraging accidental clicks: Layout;Google-served ads obscuring content,Restricted ad serving,ca-pub-7784034061253020,7,2026-03-02,2026-03-02
wartakota.tribunnews.com,Page,N/A,N/A,wartakota.tribunnews.com/2019/06/25/video-digerebek-satpol-pp-tangsel-terapis-panti-pijat-di-bsd-bilang-pakai-baju-dulu-inih,Advertiser preference,Adult: Sexual content,Restricted ad serving,ca-pub-7784034061253020,7,2026-03-02,2026-03-02
wartakota.tribunnews.com,Page,N/A,N/A,wartakota.tribunnews.com/2017/12/28/psk-usia-35-tahun-ini-sudah-taklukan-30-pria-dalam-2-bulan,Advertiser preference,Adult: Sexual content,Restricted ad serving,ca-pub-7784034061253020,7,2026-03-02,2026-03-02
suryamalang.tribunnews.com,Page,N/A,N/A,suryamalang.tribunnews.com/2017/10/26/video-ranjang-mahasiswi-cantik-hanna-anissa-tersebar-ini-pernyataan-universitas-indonesia?page=3,Advertiser preference,Adult: Sexual content,Restricted ad serving,ca-pub-7784034061253020,7,2026-03-04,2026-03-04
suryamalang.tribunnews.com,Page,N/A,N/A,suryamalang.tribunnews.com/2017/08/29/7-bintang-film-dewasa-ini-meninggal-secara-tragis-nomor-1-sangat-sadis-dan-penuh-darah?page=2,Advertiser preference,Adult: Sexual content,Restricted ad serving,ca-pub-7784034061253020,7,2026-03-02,2026-03-02
surabaya.tribunnews.com,Page,N/A,N/A,surabaya.tribunnews.com/2009/06/01/pevita-pearce-asyik-dengan-sex-toy,Advertiser preference,Adult: Sexual content,Restricted ad serving,ca-pub-7784034061253020,7,2026-03-03,2026-03-03
sumsel.tribunnews.com,Page,N/A,N/A,sumsel.tribunnews.com/2017/08/30/istri-ketiduran-saat-suami-mau-berhubungan-intim-sikapnya-keesokan-hari-sangat-mengejutkan,Advertiser preference,Google-served ads obscuring content,Restricted ad serving,ca-pub-7784034061253020,7,2026-03-04,2026-03-04
sumsel.tribunnews.com,Page,N/A,N/A,sumsel.tribunnews.com/2014/12/01/di-desa-kecil-ini-semua-warga-telanjang-saat-beraktifitas,Advertiser preference,Adult: Sexual content,Restricted ad serving,ca-pub-7784034061253020,7,2026-03-02,2026-03-02
sultra.tribunnews.com,Page,N/A,N/A,sultra.tribunnews.com/2022/10/31/link-video-viral-gadis-tabanan-bali-dengan-pacarnya-yang-jadi-buruan-netizen-di-twitter-dan-facobook,Policy issue,Ads Disguised as Content,Restricted ad serving,ca-pub-7784034061253020,7,2026-03-02,2026-03-02
sultra.tribunnews.com,Page,N/A,N/A,sultra.tribunnews.com/2021/12/11/sosok-kienzy-myelin-dikaitkan-video-viral-32-detik-dijuluki-ratu-pargoy-dan-cewek-pemersatu-bangsa,Advertiser preference,Shocking content,Restricted ad serving,ca-pub-7784034061253020,7,2026-03-04,2026-03-04
sulbar.tribunnews.com,Page,N/A,N/A,sulbar.tribunnews.com/2023/01/09/viral-empat-bersaudara-melakukan-adegan-asusila-link-tersebar-di-twitter-dan-tiktok,Advertiser preference,Google-served ads obscuring content,Restricted ad serving,ca-pub-7784034061253020,7,2026-03-03,2026-03-03
style.tribunnews.com,Page,N/A,N/A,style.tribunnews.com/2017/08/18/pria-dengan-2-kelamin-ceritakan-bagaimana-susah-dan-senangnya-jalani-hidup-terutama-masalah-wanita,Policy issue,Site Behavior: Navigation,Restricted ad serving,ca-pub-7784034061253020,7,2026-03-04,2026-03-04
style.tribunnews.com,Page,N/A,N/A,style.tribunnews.com/2017/03/15/ulala-dikabarkan-lakukan-operasi-payudara-gisel-semakin-percaya-diri-pamerkan-bagian-dada,Policy issue,Site Behavior: Navigation,Restricted ad serving,ca-pub-7784034061253020,7,2026-03-03,2026-03-03
style.tribunnews.com,Page,N/A,N/A,style.tribunnews.com/2016/08/22/gaya-masturbasi-pria-hayo-kamu-biasanya-pakai-style-yang-mana?page=4,Advertiser preference,Adult: Sexual content,Restricted ad serving,ca-pub-7784034061253020,7,2026-03-03,2026-03-03
solo.tribunnews.com,Page,N/A,N/A,solo.tribunnews.com/2017/07/20/boneka-seks-ini-dibuat-untuk-diperkosa-alhasil-dikecam-habis-habisan,Advertiser preference,Adult: Sexual content,Restricted ad serving,ca-pub-7784034061253020,7,2026-03-03,2026-03-03
pekanbaru.tribunnews.com,Page,N/A,N/A,pekanbaru.tribunnews.com/2021/03/31/yuk-nonton-nonton-film-secret-in-bed-with-my-boss-sub-indo-full-movie-download-film-romantis-2020,Policy issue,Ads Disguised as Content,Restricted ad serving,ca-pub-7784034061253020,7,2026-03-02,2026-03-02
pekanbaru.tribunnews.com,Page,N/A,N/A,pekanbaru.tribunnews.com/2018/01/26/6-zodiak-dengan-gairah-yang-menggelegar-aquarius-penakluk-sejati-di-ranjang,Advertiser preference;Policy issue,Adult: Sexual content;Site Behavior: Navigation,Restricted ad serving,ca-pub-7784034061253020,7,2026-03-04,2026-03-04
pekanbaru.tribunnews.com,Page,N/A,N/A,pekanbaru.tribunnews.com/2016/02/11/agar-murid-cepat-paham-para-pengajar-kursus-ini-tampil-tanpa-busana,Advertiser preference,Adult: Sexual content,Restricted ad serving,ca-pub-7784034061253020,7,2026-03-02,2026-03-02
pekanbaru.tribunnews.com,Page,N/A,N/A,pekanbaru.tribunnews.com/2015/01/17/pria-ini-curi-pakaian-dalam-istri-dewan-untuk-bahan-khayalan-saat-onani,Advertiser preference,Adult: Sexual content,Restricted ad serving,ca-pub-7784034061253020,7,2026-03-03,2026-03-03
palembang.tribunnews.com,Page,N/A,N/A,palembang.tribunnews.com/2018/05/19/puasa-lakukan-onani-apa-hukumnya-dan-apa-azabnya-begini-penjelasannya-jika-sperma-keluar,Advertiser preference,Adult: Sexual content,Restricted ad serving,ca-pub-7784034061253020,7,2026-03-02,2026-03-02
palembang.tribunnews.com,Page,N/A,N/A,palembang.tribunnews.com/2016/04/15/beredar-video-anak-anak-berseragam-sekolah-berdansa-dengan-gerakan-erotis,Advertiser preference,Adult: Sexual content,Restricted ad serving,ca-pub-7784034061253020,7,2026-03-02,2026-03-02
palembang.tribunnews.com,Page,N/A,N/A,palembang.tribunnews.com/2015/05/26/tiru-film-porno-gadis-sampang-ini-rela-disetubuhi-3-pemuda,Advertiser preference,Adult: Sexual content,Restricted ad serving,ca-pub-7784034061253020,7,2026-03-02,2026-03-02
medan.tribunnews.com,Page,N/A,N/A,medan.tribunnews.com/2022/05/15/seorang-pria-dipukuli-hingga-tak-sadarkan-diri-di-warung-tuak-pelaku-diduga-mabuk?page=all,Advertiser preference,Google-served ads obscuring content,Restricted ad serving,ca-pub-7784034061253020,7,2026-03-03,2026-03-03
medan.tribunnews.com,Page,N/A,N/A,medan.tribunnews.com/2021/04/09/ritual-hidupkan-mayat-dada-orang-mati-dipukuli-sepuas-hati-disiram-air-lalu-diiringi-mantra-mantra,Advertiser preference;Policy issue,Ads Disguised as Content;Shocking content,Restricted ad serving,ca-pub-7784034061253020,7,2026-03-03,2026-03-03
medan.tribunnews.com,Page,N/A,N/A,medan.tribunnews.com/2019/08/15/viral-dan-trending-topik-di-twitter-terkait-link-video-mesum-vina-garut-yang-diperankan-pedangdut?page=3,Advertiser preference,Adult: Sexual content,Restricted ad serving,ca-pub-7784034061253020,7,2026-03-02,2026-03-02
medan.tribunnews.com,Page,N/A,N/A,medan.tribunnews.com/2018/11/23/fakta-video-mesum-siswi-sma-karawang-mulai-kronologi-hingga-bantahan-guru-soal-nobar-di-ruang-kelas,Advertiser preference,Adult: Sexual content,Restricted ad serving,ca-pub-7784034061253020,7,2026-03-04,2026-03-04
medan.tribunnews.com,Page,N/A,N/A,medan.tribunnews.com/2017/03/10/bukan-main-kondom-bergetar-masuk-apbd-jadi-aspirasi-warga-kecamatan-ini,Advertiser preference,Adult: Sexual content,Restricted ad serving,ca-pub-7784034061253020,7,2026-03-02,2026-03-02
medan.tribunnews.com,Page,N/A,N/A,medan.tribunnews.com/2017/02/04/istri-tahu-suami-rutin-genjot-pelacur-remaja-mungil-hingga-sisihkan-gaji-tabir-gelap-tersibak,Advertiser preference,Shocking content,Restricted ad serving,ca-pub-7784034061253020,7,2026-03-04,2026-03-04
manado.tribunnews.com,Page,N/A,N/A,manado.tribunnews.com/2018/04/18/fantasi-ini-yang-bikin-3-pasutri-nekat-pesta-seks-di-hotel-tukar-pasangan-telanjang-seks?page=3,Advertiser preference,Adult: Sexual content,Restricted ad serving,ca-pub-7784034061253020,7,2026-03-04,2026-03-04
makassar.tribunnews.com,Page,N/A,N/A,makassar.tribunnews.com/404,Policy issue,Google-served ads on screens without publisher-content,Restricted ad serving,ca-pub-7784034061253020,7,2026-03-02,2026-03-02
makassar.tribunnews.com,Page,N/A,N/A,makassar.tribunnews.com/2021/12/03/video-1-menit-20-detik-rekam-cewek-buka-baju-di-bandara,Policy issue,Ads Disguised as Content,Restricted ad serving,ca-pub-7784034061253020,7,2026-02-28,2026-03-03
makassar.tribunnews.com,Page,N/A,N/A,makassar.tribunnews.com/2020/07/07/banyak-adegan-ranjang-gay-threesome-siswa-sma-ini-sinopsis-elite-di-netflix-ada-yang-berhijab,Policy issue,Ads Disguised as Content,Restricted ad serving,ca-pub-7784034061253020,7,2026-03-04,2026-03-04
makassar.tribunnews.com,Page,N/A,N/A,makassar.tribunnews.com/2020/07/02/video-mesum-pns-dikirim-ke-istri-sah-nurul-pingsan-pergoki-suami-dan-karyawan-minimarket-di-ranjang,Advertiser preference,Google-served ads obscuring content,Restricted ad serving,ca-pub-7784034061253020,7,2026-03-02,2026-03-02
m.tribunnews.com,Page,N/A,N/A,m.tribunnews.com/regional/2011/11/23/90-psk-terjaring-satpol-pp-kutai-barat,Advertiser preference,Shocking content,Restricted ad serving,ca-pub-7784034061253020,7,2026-03-02,2026-03-02
m.tribunnews.com,Page,N/A,N/A,m.tribunnews.com/nasional/2017/11/01/hasil-survei-usia-segini-pertamakali-berpacaran-dan-mayoritas-pernah-berhubungan-seks,Advertiser preference,Shocking content,Restricted ad serving,ca-pub-7784034061253020,7,2026-03-02,2026-03-02
m.tribunnews.com,Page,N/A,N/A,m.tribunnews.com/metropolitan/2019/11/27/soal-kasus-jual-beli-film-porno-pengamat-sebut-dampak-kecanduan-video-dewasa-bisa-pengaruhi-saraf,Advertiser preference,Adult: Sexual content,Restricted ad serving,ca-pub-7784034061253020,7,2026-03-04,2026-03-04
m.tribunnews.com,Page,N/A,N/A,m.tribunnews.com/kesehatan/2017/09/27/hasil-penelitian-di-amerika-ungkap-hal-mengejutkan-tentang-masturbasi,Advertiser preference,Adult: Sexual content,Restricted ad serving,ca-pub-7784034061253020,7,2026-03-03,2026-03-03
m.tribunnews.com,Page,N/A,N/A,m.tribunnews.com/kesehatan/2013/02/06/ini-kata-mereka-yang-pernah-mengonsumsi-permen-karet-cinta?page=2,Advertiser preference,Adult: Sexual content,Restricted ad serving,ca-pub-7784034061253020,7,2026-03-03,2026-03-03
m.tribunnews.com,Page,N/A,N/A,m.tribunnews.com/internasional/2019/05/23/aktor-senior-film-dewasa-jepang-hubungan-pria-dan-wanita-terpenting-adalah-komunikasi,Advertiser preference,Shocking content,Restricted ad serving,ca-pub-7784034061253020,7,2026-03-04,2026-03-04
m.tribunnews.com,Page,N/A,N/A,m.tribunnews.com/internasional/2018/05/15/mengenal-sekolah-nampa-di-jepang-ujung-ujungnya-berhubungan-seks,Advertiser preference,Adult: Sexual content,Restricted ad serving,ca-pub-7784034061253020,7,2026-03-04,2026-03-04
m.tribunnews.com,Page,N/A,N/A,m.tribunnews.com/internasional/2017/07/01/bikin-panas-internet-inilah-balada-foto-foto-seksi-tentara-wanita-israel,Policy issue,Site Behavior: Navigation,Restricted ad serving,ca-pub-7784034061253020,7,2026-03-04,2026-03-04
lampung.tribunnews.com,Page,N/A,N/A,lampung.tribunnews.com/2017/04/11/ini-jenis-tisu-yang-paling-aman-untuk-mengeringkan-area-genital,Policy issue,Ads Disguised as Content,Restricted ad serving,ca-pub-7784034061253020,7,2026-03-03,2026-03-03
jogja.tribunnews.com,Page,N/A,N/A,jogja.tribunnews.com/2017/09/24/promosikan-produk-bagian-tubuh-wanita-cantik-ini-dielus-elus-netizen-pada-heboh,Advertiser preference,Adult: Sexual content,Restricted ad serving,ca-pub-7784034061253020,7,2026-03-03,2026-03-03
jateng.tribunnews.com,Page,N/A,N/A,jateng.tribunnews.com/2022/07/20/vcs-57-detik-wanita-oknum-asn-bersama-seorang-pria-tersebar-tunjukan-bagian-sensitif-di-kamera-hp,Policy issue,Ads Disguised as Content,Restricted ad serving,ca-pub-7784034061253020,7,2026-03-03,2026-03-03
jateng.tribunnews.com,Page,N/A,N/A,jateng.tribunnews.com/2020/07/01/mbah-kung-resah-banyak-akun-palsu-pakai-namanya-menyebar-konten-porno-akun-saya-tak-ada-pornografi,Advertiser preference,Content obscuring Google-served ads,Restricted ad serving,ca-pub-7784034061253020,7,2026-03-03,2026-03-03
jateng.tribunnews.com,Page,N/A,N/A,jateng.tribunnews.com/2018/02/06/cobain-deh-4-posisi-bercinta-di-dalam-selimut-ini-sensasinya-bikin-nagih?page=2,Advertiser preference,Adult: Sexual content,Restricted ad serving,ca-pub-7784034061253020,7,2026-03-03,2026-03-03
jateng.tribunnews.com,Page,N/A,N/A,jateng.tribunnews.com/2017/01/02/inilah-jebakan-pemijat-plus-plus-singapura-agar-pelanggan-klepek-klepek-tak-berkutik?page=2,Advertiser preference,Adult: Sexual content,Restricted ad serving,ca-pub-7784034061253020,7,2026-03-03,2026-03-03
jateng.tribunnews.com,Page,N/A,N/A,jateng.tribunnews.com/2015/03/04/ini-manfaat-goyangan-pinggul-saat-bercinta,Advertiser preference,Adult: Sexual content,Restricted ad serving,ca-pub-7784034061253020,7,2026-03-02,2026-03-02
jambi.tribunnews.com,Page,N/A,N/A,jambi.tribunnews.com/2021/06/07/video-viral-muda-mudi-mesum-di-kebun-teh-kemuning-terekam-cctv,Advertiser preference,Content obscuring Google-served ads,Restricted ad serving,ca-pub-7784034061253020,7,2026-03-01,2026-03-03
jambi.tribunnews.com,Page,N/A,N/A,jambi.tribunnews.com/2019/08/22/dereta-artis-ini-betobat-sebagai-bintang-film-panas-nasibnya-sekarang-mengejutkan-ada-nama-miyabi?page=2,Advertiser preference,Adult: Sexual content,Restricted ad serving,ca-pub-7784034061253020,7,2026-03-03,2026-03-03
jambi.tribunnews.com,Page,N/A,N/A,jambi.tribunnews.com/2018/04/17/2006-meninggal-digantung-kini-geger-beredar-video-jasadnya-saddam-hussein-masih-utuh,Advertiser preference,Shocking content,Restricted ad serving,ca-pub-7784034061253020,7,2026-03-03,2026-03-03
jambi.tribunnews.com,Page,N/A,N/A,jambi.tribunnews.com/2018/01/29/keseringan-beradegan-panas-di-ranjang-5-artis-hollywood-ini-menikmati-juga-akhirnya?page=2,Advertiser preference,Adult: Sexual content,Restricted ad serving,ca-pub-7784034061253020,7,2026-03-02,2026-03-02
jambi.tribunnews.com,Page,N/A,N/A,jambi.tribunnews.com/2018/01/16/depot-jamu-jual-bebas-suplemen-perangsang-wanita-di-jambi,Advertiser preference,Adult: Sexual content,Restricted ad serving,ca-pub-7784034061253020,7,2026-03-04,2026-03-04
jambi.tribunnews.com,Page,N/A,N/A,jambi.tribunnews.com/2017/07/30/galeri-foto-tanpa-sensor-ini-5-film-dewasa-dengan-adegan-intim-nyata,Advertiser preference,Adult: Sexual content,Restricted ad serving,ca-pub-7784034061253020,7,2026-03-02,2026-03-02
jabar.tribunnews.com,Page,N/A,N/A,jabar.tribunnews.com/2019/08/20/suami-jual-istri-untuk-layanan-threesome-tak-tahu-50-video-vina-garut-dijual-kini-sakit-stroke,Advertiser preference,Adult: Sexual content,Restricted ad serving,ca-pub-7784034061253020,7,2026-03-02,2026-03-02
jabar.tribunnews.com,Page,N/A,N/A,jabar.tribunnews.com/2014/12/05/khusus-wanita-membangkitkan-gairah-seks-sendiri-siapa-takut,Advertiser preference,Adult: Sexual content,Restricted ad serving,ca-pub-7784034061253020,7,2026-03-04,2026-03-04
bogor.tribunnews.com,Page,N/A,N/A,bogor.tribunnews.com/2019/09/28/kesaksian-remaja-16-tahun-saat-pertama-kali-berhubungan-intim-dengan-ibu-kandung-mama-yang-ngajak,Advertiser preference,Adult: Sexual content,Restricted ad serving,ca-pub-7784034061253020,7,2026-03-03,2026-03-03
bogor.tribunnews.com,Page,N/A,N/A,bogor.tribunnews.com/2019/09/27/terungkap-alasan-ibu-berhubungan-intim-dengan-2-anak-kandungnya-suami-udah-gak-sanggup-lagi,Advertiser preference,Shocking content,Restricted ad serving,ca-pub-7784034061253020,7,2026-03-03,2026-03-03
bogor.tribunnews.com,Page,N/A,N/A,bogor.tribunnews.com/2018/02/19/siswi-sma-di-gunungkidul-buat-video-tak-senonoh-di-dalam-kelas-ini-yang-dilakukan-mereka,Advertiser preference,Adult: Sexual content,Restricted ad serving,ca-pub-7784034061253020,7,2026-03-03,2026-03-03
batam.tribunnews.com,Page,N/A,N/A,batam.tribunnews.com/2018/10/02/video-mesum-mahasiwa-uin-bandung-viral-ini-5-fakta-dibaliknya,Advertiser preference,Adult: Sexual content,Restricted ad serving,ca-pub-7784034061253020,7,2026-03-03,2026-03-03
batam.tribunnews.com,Page,N/A,N/A,batam.tribunnews.com/2016/10/08/geger-adegan-mesum-terapis-dan-tamunya-di-ranjang-massage-jadi-viral-lokasi-diduga-di-bali,Advertiser preference,Adult: Sexual content,Restricted ad serving,ca-pub-7784034061253020,7,2026-03-03,2026-03-03
banjarmasin.tribunnews.com,Page,N/A,N/A,banjarmasin.tribunnews.com/2020/12/30/durasi-asli-video-syur-gisella-anastasia-dan-myd-disorot-ahli-gak-cuma-19-detik,Policy issue,Ads Disguised as Content,Restricted ad serving,ca-pub-7784034061253020,7,2026-03-01,2026-03-03
bangka.tribunnews.com,Page,N/A,N/A,bangka.tribunnews.com/2022/01/10/beraninya-dianna-dee-goyang-di-atas-kasur-pakai-baju-malam-ada-yang-bilang-begini,Advertiser preference,Adult: Sexual content,Restricted ad serving,ca-pub-7784034061253020,7,2026-03-04,2026-03-04
bangka.tribunnews.com,Page,N/A,N/A,bangka.tribunnews.com/2020/01/02/satu-bungkus-rokok-ada-yang-harga-rp-50-ribu-ini-daftar-lengkap-harga-semua-merek-rokok,Advertiser preference,Tobacco,Restricted ad serving,ca-pub-7784034061253020,7,2026-03-04,2026-03-04
bangka.tribunnews.com,Page,N/A,N/A,bangka.tribunnews.com/2019/08/15/vina-garut-kronologi-terbongkarnya-video-viral-1-wanita-dan-3-pria-puluhan-video-dijual-di-twitter,Advertiser preference,Adult: Sexual content,Restricted ad serving,ca-pub-7784034061253020,7,2026-03-02,2026-03-02
bangka.tribunnews.com,Page,N/A,N/A,bangka.tribunnews.com/2019/01/07/prostitusi-online-mengancam-kenali-dan-waspada-inilah-istilah-populer-yang-mereka-gunakan?page=4,Advertiser preference,Adult: Sexual content,Restricted ad serving,ca-pub-7784034061253020,7,2026-03-04,2026-03-04
bangka.tribunnews.com,Page,N/A,N/A,bangka.tribunnews.com/2018/12/11/spesialis-ahli-atasi-keluhan-kejantanan-pria,Advertiser preference,Adult: Sexual content,Restricted ad serving,ca-pub-7784034061253020,7,2026-03-02,2026-03-02
bangka.tribunnews.com,Page,N/A,N/A,bangka.tribunnews.com/2017/07/05/mendesah-wanita-ini-goyang-goyang-tubuhnya-sambil-menahan-sesuatu-aduh-udah-mau-keluar,Advertiser preference,Adult: Sexual content,Restricted ad serving,ca-pub-7784034061253020,7,2026-03-02,2026-03-02
bangka.tribunnews.com,Page,N/A,N/A,bangka.tribunnews.com/2017/02/20/abg-ini-tak-kuat-dengar-rayuan-pria-bandung-ini-rela-kegadisannya-direnggut-di-ruang-tamu,Advertiser preference,Adult: Sexual content,Restricted ad serving,ca-pub-7784034061253020,7,2026-03-02,2026-03-02
bangka.tribunnews.com,Page,N/A,N/A,bangka.tribunnews.com/2016/05/16/wanita-ini-digituin-sebelum-dimasukkan-gagang-cangkul-begini-kronologisnya,Advertiser preference,Shocking content,Restricted ad serving,ca-pub-7784034061253020,7,2026-03-02,2026-03-02
bali.tribunnews.com,Page,N/A,N/A,bali.tribunnews.com/2016/12/02/bongkar-esek-esek-online-di-tukad-musi-renon-denpasar-polisi-keler-muncikari-dan-psk-22-tahun,Advertiser preference,Adult: Sexual content,Restricted ad serving,ca-pub-7784034061253020,7,2026-03-04,2026-03-04
aceh.tribunnews.com,Page,N/A,N/A,aceh.tribunnews.com/2022/03/23/pelaku-pembunuhan-sadis-yang-mutilasi-payudara-dan-kelamin-irt-bungkam-hanya-mau-ucapkan-ini,Advertiser preference,Shocking content,Restricted ad serving,ca-pub-7784034061253020,7,2026-03-02,2026-03-02
aceh.tribunnews.com,Page,N/A,N/A,aceh.tribunnews.com/2022/01/07/pantas-selalu-tolak-main-usai-nikah-suami-ini-syok-tahu-rahasia-istri-akhirnya-lapor-polisi,Policy issue,Ads Disguised as Content,Restricted ad serving,ca-pub-7784034061253020,7,2026-03-03,2026-03-03
suryamalang.tribunnews.com,Page,N/A,N/A,suryamalang.tribunnews.com/2022/11/15/muncul-video-panas-cewek-batik-hijau-setelah-kebaya-merah-pemerannya-ternyata-siswi-smk-sampang,Policy issue,Ads Disguised as Content,Restricted ad serving,ca-pub-7784034061253020,6,2026-03-03,2026-03-03
suryamalang.tribunnews.com,Page,N/A,N/A,suryamalang.tribunnews.com/2019/07/25/hotman-paris-beberkan-ciri-ciri-suami-yang-suka-jajan-di-luar-ada-jam-khusus-istri-boleh-tahu,Advertiser preference,Google-served ads obscuring content,Restricted ad serving,ca-pub-7784034061253020,6,2026-03-02,2026-03-02
sulbar.tribunnews.com,Page,N/A,N/A,sulbar.tribunnews.com/2023/04/26/video-terbaru-syakirah-viral-durasi-full-5-dan-2-menit-di-twitter-dan-tiktok-terus-diburu-warganet?page=2,Advertiser preference,Google-served ads obscuring content,Restricted ad serving,ca-pub-7784034061253020,6,2026-03-03,2026-03-03
pontianak.tribunnews.com,Page,N/A,N/A,pontianak.tribunnews.com/2019/10/02/sering-nonton-video-porno-paman-di-ketapang-cabuli-keponakan-sendiri-hingga-hamil-6-bulan,Advertiser preference,Adult: Sexual content,Restricted ad serving,ca-pub-7784034061253020,6,2026-03-04,2026-03-04
pekanbaru.tribunnews.com,Page,N/A,N/A,pekanbaru.tribunnews.com/2021/11/17/link-video-viral-ambon-es-batu-dicari-cari-nasib-si-nona-ambon-es-batu-berakhir-seperti-ini,Advertiser preference,Google-served ads obscuring content,Restricted ad serving,ca-pub-7784034061253020,6,2026-03-03,2026-03-03
palembang.tribunnews.com,Page,N/A,N/A,palembang.tribunnews.com/tag/remas-payudara,Advertiser preference,Adult: Sexual content,Restricted ad serving,ca-pub-7784034061253020,6,2026-03-02,2026-03-02
palembang.tribunnews.com,Page,N/A,N/A,palembang.tribunnews.com/2017/11/20/bikin-geleng-geleng-10-wanita-ini-disebut-sebagai-bintang-film-panas-paling-tajir-di-dunia?page=7,Policy issue,Ads Disguised as Content,Restricted ad serving,ca-pub-7784034061253020,6,2026-03-04,2026-03-04
palembang.tribunnews.com,Page,N/A,N/A,palembang.tribunnews.com/2015/02/21/ikut-sabung-ayam-nilai-taruhan-bisa-tembus-rp-10-juta,Advertiser preference,Shocking content,Restricted ad serving,ca-pub-7784034061253020,6,2026-03-02,2026-03-02
medan.tribunnews.com,Page,N/A,N/A,medan.tribunnews.com/2022/06/18/kelakuan-sejoli-mandi-bareng-sambil-video-call-apes-videonya-tersebar-sampai-viral,Advertiser preference,Shocking content,Restricted ad serving,ca-pub-7784034061253020,6,2026-03-03,2026-03-03
makassar.tribunnews.com,Page,N/A,N/A,makassar.tribunnews.com/2019/12/25/heboh-video-mesum-dan-ngaku-perawan-ini-4-kasus-cupi-cupita-goyang-basah-prostitusi-kemben-melorot?page=4,Advertiser preference,Adult: Sexual content,Restricted ad serving,ca-pub-7784034061253020,6,2026-03-04,2026-03-04
makassar.tribunnews.com,Page,N/A,N/A,makassar.tribunnews.com/2016/01/20/payudara-gadis-ini-disebut-paling-indah-lihat-foto-lengkapnya,Advertiser preference,Adult: Sexual content,Restricted ad serving,ca-pub-7784034061253020,6,2026-03-02,2026-03-02
m.tribunnews.com,Page,N/A,N/A,m.tribunnews.com/seleb/2017/10/24/hot-inilah-deretan-foto-foto-jadul-trio-azhari-yang-jarang-terpublikasikan-seksi-abis?page=2,Advertiser preference;Policy issue,Adult: Sexual content;Site Behavior: Navigation,Restricted ad serving,ca-pub-7784034061253020,6,2026-03-04,2026-03-04
m.tribunnews.com,Page,N/A,N/A,m.tribunnews.com/regional/2025/07/08/4-fakta-pria-tewas-dalam-perut-ular-piton-di-buton-selatan-videonya-viral-keluarga-menangis?page=2,Advertiser preference,Shocking content,Restricted ad serving,ca-pub-7784034061253020,6,2026-03-04,2026-03-04
m.tribunnews.com,Page,N/A,N/A,m.tribunnews.com/regional/2020/08/15/sudah-2-tahun-pasutri-kediri-layani-seks-bertiga-tukar-pasangan-menikmati-jika-ada-pasangan-lain,Policy issue,Unnatural attention to ads,Restricted ad serving,ca-pub-7784034061253020,6,2026-03-02,2026-03-02
m.tribunnews.com,Page,N/A,N/A,m.tribunnews.com/regional/2019/07/09/demi-fantasi-dan-uang-suami-jual-istri-untuk-kencan-bertiga-bersama-pria-lain,Advertiser preference,Adult: Sexual content,Restricted ad serving,ca-pub-7784034061253020,6,2026-03-04,2026-03-04
m.tribunnews.com,Page,N/A,N/A,m.tribunnews.com/regional/2017/07/11/beragam-model-boneka-dan-sex-toys-dikirim-dari-luar-negeri-ke-kediri-lewat-paket-pos,Advertiser preference,Adult: Sexual content,Restricted ad serving,ca-pub-7784034061253020,6,2026-03-03,2026-03-03
m.tribunnews.com,Page,N/A,N/A,m.tribunnews.com/metropolitan/2016/08/04/ada-puluhan-bungkus-kondom-di-panti-pijat-edelweis,Advertiser preference,Adult: Sexual content,Restricted ad serving,ca-pub-7784034061253020,6,2026-03-02,2026-03-02
m.tribunnews.com,Page,N/A,N/A,m.tribunnews.com/internasional/2015/01/09/jangan-ditiru-orang-jepang-disarankan-bercinta-dulu-baru-menikah,Advertiser preference,Adult: Sexual content;Shocking content,Restricted ad serving,ca-pub-7784034061253020,6,2026-03-04,2026-03-04
m.tribunnews.com,Page,N/A,N/A,m.tribunnews.com/euro-2012/2012/07/02/hindari-razia-psk-ukraina-cari-mangsa-di-pinggir-hutan,Advertiser preference,Adult: Sexual content,Restricted ad serving,ca-pub-7784034061253020,6,2026-03-02,2026-03-02
lampung.tribunnews.com,Page,N/A,N/A,lampung.tribunnews.com/2018/10/25/20-persen-pelanggan-psk-di-lampung-ternyata-siswa-sma-pkbi-ungkap-fakta-lainnya,Advertiser preference,Adult: Sexual content,Restricted ad serving,ca-pub-7784034061253020,6,2026-03-02,2026-03-02
jatim.tribunnews.com,Page,N/A,N/A,jatim.tribunnews.com/2019/02/14/6terapis-pijat-plus-plus-di-surabaya-ini-diiming-imingi-gaji-rp-1-juta-sebulan-oleh-pemilik,Advertiser preference,Adult: Sexual content,Restricted ad serving,ca-pub-7784034061253020,6,2026-03-02,2026-03-02
jateng.tribunnews.com,Page,N/A,N/A,jateng.tribunnews.com/2019/12/11/kecanduan-film-porno-pelajar-sma-di-solo-ini-pamer-kemaluan-dan-onani-di-lingkungan-kos-putri,Advertiser preference,Adult: Sexual content,Restricted ad serving,ca-pub-7784034061253020,6,2026-03-04,2026-03-04
jateng.tribunnews.com,Page,N/A,N/A,jateng.tribunnews.com/2017/03/16/heboh-sejumlah-mahasiswi-takut-ada-pria-naik-motor-berkeliaran-pamer-penis-di-kota-semarang,Advertiser preference,Shocking content,Restricted ad serving,ca-pub-7784034061253020,6,2026-03-03,2026-03-03
jambi.tribunnews.com,Page,N/A,N/A,jambi.tribunnews.com/2019/04/02/mereka-cari-kepuasan-5eks-dari-berondong-tapi-suami-istri-edan-ini-mengaku-bahagia,Advertiser preference,Shocking content,Restricted ad serving,ca-pub-7784034061253020,6,2026-03-03,2026-03-03
bogor.tribunnews.com,Page,N/A,N/A,bogor.tribunnews.com/2016/08/11/duh-ikuti-saran-dukun-ibu-lakukan-hubungan-intim-dengan-anaknya-sendiri-tujuannya-mengejutkan,Advertiser preference,Adult: Sexual content,Restricted ad serving,ca-pub-7784034061253020,6,2026-03-04,2026-03-04
bengkulu.tribunnews.com,Page,N/A,N/A,bengkulu.tribunnews.com/2022/04/21/viral-video-syur-istri-kades-di-ntt-dengan-perangkat-desa-suami-sah-maafkan-istri-meski-salah,Policy issue,Ads Disguised as Content,Restricted ad serving,ca-pub-7784034061253020,6,2026-03-04,2026-03-04
batam.tribunnews.com,Page,N/A,N/A,batam.tribunnews.com/2025/01/30/pengobatan-alat-vital-batam-hj-mak-erot-bapak-h-zaenal-di-batam,Advertiser preference,Adult: Sexual content,Restricted ad serving,ca-pub-7784034061253020,6,2026-03-02,2026-03-02
batam.tribunnews.com,Page,N/A,N/A,batam.tribunnews.com/2017/01/26/terungkap-inikah-ciri-perempuan-perkasa-di-ranjang-ala-asmaragama-kama-sutra-ala-jawa,Advertiser preference,Adult: Sexual content,Restricted ad serving,ca-pub-7784034061253020,6,2026-03-04,2026-03-04
bangka.tribunnews.com,Page,N/A,N/A,bangka.tribunnews.com/2019/08/15/identitas-si-cewek-di-video-mesum-terungkap-usia-baru-19-tahun-ini-profesi-hingga-status-faktanya,Advertiser preference,Adult: Sexual content,Restricted ad serving,ca-pub-7784034061253020,6,2026-03-02,2026-03-02
bangka.tribunnews.com,Page,N/A,N/A,bangka.tribunnews.com/2015/01/30/mengintip-jejak-mesum-waria-fly-over-jakarta,Advertiser preference,Adult: Sexual content,Restricted ad serving,ca-pub-7784034061253020,6,2026-03-04,2026-03-04
bali.tribunnews.com,Page,N/A,N/A,bali.tribunnews.com/2019/06/11/fakta-video-nakal-oknum-bidan-desa-di-jembrana-viral-kurang-rp-20-juta-hingga-timun,Advertiser preference,Adult: Sexual content,Restricted ad serving,ca-pub-7784034061253020,6,2026-03-03,2026-03-03
bali.tribunnews.com,Page,N/A,N/A,bali.tribunnews.com/2018/02/13/dinkes-bali-sebut-sex-toy-barang-ilegal-namun-terungkap-fakta-mengejutkan-para-pembelinya,Advertiser preference,Adult: Sexual content,Restricted ad serving,ca-pub-7784034061253020,6,2026-03-03,2026-03-03
aceh.tribunnews.com,Page,N/A,N/A,aceh.tribunnews.com/2015/08/22/ini-penjelasan-medis-mengapa-tak-boleh-bercinta-saat-menstruasi,Advertiser preference,Adult: Sexual content,Restricted ad serving,ca-pub-7784034061253020,6,2026-03-03,2026-03-03
www.tribunjualbeli.com,Page,N/A,N/A,www.tribunjualbeli.com/kepulauan-riau/2370011/kondom-sambung-jumbo-100-silicone-alat-bantu-sex-pria-pekanbaru,Advertiser preference,Adult: Sexual content,Restricted ad serving,ca-pub-7784034061253020,5,2026-03-03,2026-03-03
www.tribunjualbeli.com,Page,N/A,N/A,www.tribunjualbeli.com/jawa-tengah/2326042/obat-kuat-cialis-tadalafil-england-harga-murah-jawa-tengah,Advertiser preference,Adult: Sexual content;Healthcare: Prescription drugs,Restricted ad serving,ca-pub-7784034061253020,5,2026-03-02,2026-03-02
www.tribunjualbeli.com,Page,N/A,N/A,www.tribunjualbeli.com/dki-jakarta/1794169/alat-bantu-sex-boneka-full-body-elektrik,Advertiser preference,Adult: Sexual content,Restricted ad serving,ca-pub-7784034061253020,5,2026-03-02,2026-03-02
wartakota.tribunnews.com,Page,N/A,N/A,wartakota.tribunnews.com/2020/11/07/link-download-video-full-gisel-viral-di-medsos-jadi-buruan-warganet-di-twitter-dan-telegram,Policy issue,Ads Disguised as Content,Restricted ad serving,ca-pub-7784034061253020,5,2026-03-04,2026-03-04
wartakota.tribunnews.com,Page,N/A,N/A,wartakota.tribunnews.com/2016/03/24/puting-payudara-olla-ramlan-tercetak-saat-syuting?page=4,Advertiser preference;Policy issue,Adult: Sexual content;Google-served ads on screens without publisher-content,Restricted ad serving,ca-pub-7784034061253020,5,2026-03-03,2026-03-03
sumsel.tribunnews.com,Page,N/A,N/A,sumsel.tribunnews.com/2017/12/06/tiga-hari-pacaran-sudah-berani-minta-foto-payudara-pacar-pas-dikirim-si-cowok-malah-syok?page=4,Policy issue,Site Behavior: Navigation,Restricted ad serving,ca-pub-7784034061253020,5,2026-03-03,2026-03-03
style.tribunnews.com,Page,N/A,N/A,style.tribunnews.com/2016/08/25/merek-rokok-makna-lucu-unik-hingga-serius-di-balik-8-brand-batang-tembakau-ini-benarkah?page=4,Advertiser preference,Tobacco,Restricted ad serving,ca-pub-7784034061253020,5,2026-03-04,2026-03-04
pekanbaru.tribunnews.com,Page,N/A,N/A,pekanbaru.tribunnews.com/tag/wanita,Advertiser preference,Shocking content,Restricted ad serving,ca-pub-7784034061253020,5,2026-03-04,2026-03-04
medan.tribunnews.com,Page,N/A,N/A,medan.tribunnews.com/2018/02/03/aktris-cantik-ini-pamer-foto-vulgar-dan-buka-bukaan-di-media-sosial-lihat-fotonya-step-by-step,Advertiser preference,Shocking content,Restricted ad serving,ca-pub-7784034061253020,5,2026-03-04,2026-03-04
makassar.tribunnews.com,Page,N/A,N/A,makassar.tribunnews.com/2020/06/30/23-link-nonton-online-streaming-film-dewasa-dan-film-anak-film-india-drama-korea-serial-barat,Policy issue,Ads Disguised as Content,Restricted ad serving,ca-pub-7784034061253020,5,2026-03-04,2026-03-04
makassar.tribunnews.com,Page,N/A,N/A,makassar.tribunnews.com/2016/08/25/teman-sekampus-bongkar-identitas-asli-artis-bigo-adelia-zahra-menolak-diplontos-hingga-pakai-rok?page=4,Policy issue,Google-served ads on screens without publisher-content,Restricted ad serving,ca-pub-7784034061253020,5,2026-03-03,2026-03-03
madura.tribunnews.com,Page,N/A,N/A,madura.tribunnews.com/2022/11/15/video-mesum-siswi-smk-pakai-batik-hijau-di-sampang-tersebar-di-media-sosial-kondisi-direkam-pacar,Policy issue,Ads Disguised as Content,Restricted ad serving,ca-pub-7784034061253020,5,2026-03-03,2026-03-03
m.tribunnews.com,Page,N/A,N/A,m.tribunnews.com/tag/sopir-selingkuh-dengan-istri-majikan,Advertiser preference,Google-served ads obscuring content,Restricted ad serving,ca-pub-7784034061253020,5,2026-03-03,2026-03-03
m.tribunnews.com,Page,N/A,N/A,m.tribunnews.com/tag/mesum,Advertiser preference,Adult: Sexual content,Restricted ad serving,ca-pub-7784034061253020,5,2026-03-03,2026-03-03
jateng.tribunnews.com,Page,N/A,N/A,jateng.tribunnews.com/2016/09/24/setelah-skandal-beredarnya-foto-pns-bugil-bupati-pekalongan-ungkap-fakta-mencengangkan,Advertiser preference,Adult: Sexual content,Restricted ad serving,ca-pub-7784034061253020,5,2026-03-03,2026-03-03
bogor.tribunnews.com,Page,N/A,N/A,bogor.tribunnews.com/tag/payudara,Advertiser preference,Adult: Sexual content,Restricted ad serving,ca-pub-7784034061253020,5,2026-03-03,2026-03-03
bogor.tribunnews.com,Page,N/A,N/A,bogor.tribunnews.com/tag/hubungan-intim,Advertiser preference,Adult: Sexual content,Restricted ad serving,ca-pub-7784034061253020,5,2026-03-04,2026-03-04
bengkulu.tribunnews.com,Page,N/A,N/A,bengkulu.tribunnews.com/2022/09/27/link-nonton-anime-kinsou-no-vermeil-uncensored-full-episode-lengkap-dengan-sub-indo?page=2,Advertiser preference;Policy issue,Content obscuring Google-served ads;Encouraging accidental clicks: Layout,Restricted ad serving,ca-pub-7784034061253020,5,2026-03-03,2026-03-03
belitung.tribunnews.com,Page,N/A,N/A,belitung.tribunnews.com/tag/wanita,Advertiser preference,Adult: Sexual content,Restricted ad serving,ca-pub-7784034061253020,5,2026-03-02,2026-03-02
belitung.tribunnews.com,Page,N/A,N/A,belitung.tribunnews.com/tag/kondom,Advertiser preference,Adult: Sexual content,Restricted ad serving,ca-pub-7784034061253020,5,2026-03-02,2026-03-02
belitung.tribunnews.com,Page,N/A,N/A,belitung.tribunnews.com/tag/bercinta,Advertiser preference,Adult: Sexual content,Restricted ad serving,ca-pub-7784034061253020,5,2026-03-02,2026-03-02
belitung.tribunnews.com,Page,N/A,N/A,belitung.tribunnews.com/2018/08/03/ternyata-7-benda-ini-pernah-dipakai-jadi-pengganti-kondom-ini-akibatnya?page=3,Advertiser preference,Adult: Sexual content,Restricted ad serving,ca-pub-7784034061253020,5,2026-03-03,2026-03-03
banjarmasin.tribunnews.com,Page,N/A,N/A,banjarmasin.tribunnews.com/2014/09/03/sepasang-pelajar-sma-bersetubuh-di-warnet,Advertiser preference,Adult: Sexual content,Restricted ad serving,ca-pub-7784034061253020,5,2026-03-04,2026-03-04
bangka.tribunnews.com,Page,N/A,N/A,bangka.tribunnews.com/tag/video-pecah-keperawanan,Policy issue,Google-served ads on screens without publisher-content,Restricted ad serving,ca-pub-7784034061253020,5,2026-03-04,2026-03-04
bangka.tribunnews.com,Page,N/A,N/A,bangka.tribunnews.com/2015/10/16/kisah-cinta-lewat-dunia-maya-istri-tega-khianati-suami,Advertiser preference,Adult: Sexual content,Restricted ad serving,ca-pub-7784034061253020,5,2026-03-03,2026-03-03
bangka.tribunnews.com,Page,N/A,N/A,bangka.tribunnews.com/2015/08/15/wanita-lebih-senang-foreplay-ketimbang-penetrasi,Advertiser preference,Adult: Sexual content,Restricted ad serving,ca-pub-7784034061253020,5,2026-03-02,2026-03-02
bali.tribunnews.com,Page,N/A,N/A,bali.tribunnews.com/2018/01/19/video-hot-anak-smp-dan-siswi-smk-beredar-ini-4-video-panas-lainnya-yang-paling-heboh-2017,Advertiser preference,Adult: Sexual content,Restricted ad serving,ca-pub-7784034061253020,5,2026-03-03,2026-03-03
aceh.tribunnews.com,Page,N/A,N/A,aceh.tribunnews.com/2013/04/08/gudang-garam-luncurkan-gg-mild,Advertiser preference,Tobacco,Restricted ad serving,ca-pub-7784034061253020,5,2026-03-04,2026-03-04
www.tribunjualbeli.com,Page,N/A,N/A,www.tribunjualbeli.com/jawa-tengah/2398171/pengobatan-alat-vital-terbaik-dan-terpercaya-di-kota-demak-jawa-tengah,Advertiser preference,Adult: Sexual content,Restricted ad serving,ca-pub-7784034061253020,4,2026-03-02,2026-03-02
wartakota.tribunnews.com,Page,N/A,N/A,wartakota.tribunnews.com/tag/pasangan-suami-istri,Advertiser preference,Adult: Sexual content,Restricted ad serving,ca-pub-7784034061253020,4,2026-03-03,2026-03-03
wartakota.tribunnews.com,Page,N/A,N/A,wartakota.tribunnews.com/2019/10/21/tersebar-video-mesum-pelajar-smk-berseragam-pramuka-di-ruang-tamu-begini-nasib-pemerannya?page=4,Advertiser preference,Adult: Sexual content,Restricted ad serving,ca-pub-7784034061253020,4,2026-03-04,2026-03-04
manado.tribunnews.com,Page,N/A,N/A,manado.tribunnews.com/tag/wanita,Advertiser preference,Shocking content,Restricted ad serving,ca-pub-7784034061253020,4,2026-03-02,2026-03-02
manado.tribunnews.com,Page,N/A,N/A,manado.tribunnews.com/tag/pencabulan,Advertiser preference,Adult: Sexual content,Restricted ad serving,ca-pub-7784034061253020,4,2026-03-02,2026-03-02
m.tribunnews.com,Page,N/A,N/A,m.tribunnews.com/topic/prostitusi-online,Advertiser preference,Adult: Sexual content,Restricted ad serving,ca-pub-7784034061253020,4,2026-03-04,2026-03-04
m.tribunnews.com,Page,N/A,N/A,m.tribunnews.com/kilas-daerah/2019/12/10/ini-pengakuan-janda-muda-yang-rekam-tubuhnya-saat-telanjang-di-kamar,Advertiser preference,Adult: Sexual content,Restricted ad serving,ca-pub-7784034061253020,4,2026-03-03,2026-03-03
kupang.tribunnews.com,Page,N/A,N/A,kupang.tribunnews.com/tag/video-bugil,Advertiser preference,Adult: Sexual content,Restricted ad serving,ca-pub-7784034061253020,4,2026-03-02,2026-03-02
kupang.tribunnews.com,Page,N/A,N/A,kupang.tribunnews.com/2017/12/31/foto-viral-pramugari-berpose-bersama-3-pria-dalam-balutan-koteka-di-dalam-pesawat-kocak?page=3,Advertiser preference,Adult: Sexual content,Restricted ad serving,ca-pub-7784034061253020,4,2026-03-03,2026-03-03
jatim.tribunnews.com,Page,N/A,N/A,jatim.tribunnews.com/2017/05/19/10-foto-bugil-artis-yang-dipajang-di-cover-majalah-pria-tanpa-seijin-mereka-melotot-liat-posenya,Advertiser preference,Adult: Sexual content,Restricted ad serving,ca-pub-7784034061253020,4,2026-03-02,2026-03-02
batam.tribunnews.com,Page,N/A,N/A,batam.tribunnews.com/2012/12/20/diperas-foto-adegan-ranjang-wanita-malaysia-ini-akan-disebar-pacar,Advertiser preference,Google-served ads obscuring content,Restricted ad serving,ca-pub-7784034061253020,4,2026-03-03,2026-03-03
bangka.tribunnews.com,Page,N/A,N/A,bangka.tribunnews.com/tag/pencabulan,Policy issue,Google-served ads on screens without publisher-content;Mislabeled Ads,Restricted ad serving,ca-pub-7784034061253020,4,2026-03-03,2026-03-03
bangka.tribunnews.com,Page,N/A,N/A,bangka.tribunnews.com/epaper/,Policy issue,Google-served ads interfering with content or user interactions,Disabled ad serving,ca-pub-7784034061253020,4,2026-03-02,2026-03-02
aceh.tribunnews.com,Page,N/A,N/A,aceh.tribunnews.com/tag/perzinahan,Policy issue,Google-served ads on screens without publisher-content,Restricted ad serving,ca-pub-7784034061253020,4,2026-03-04,2026-03-04
aceh.tribunnews.com,Page,N/A,N/A,aceh.tribunnews.com/2020/11/07/video-panas-19-detik-mirip-gisel-viral-di-medsos-mbah-mijan-angkat-bicara-dan-ucapkan-terima-kasih?page=4,Policy issue,Ads Disguised as Content,Restricted ad serving,ca-pub-7784034061253020,4,2026-03-04,2026-03-04
bangka.tribunnews.com,Page,N/A,N/A,bangka.tribunnews.com/2022/07/13/tips-dewasa-inez-kristanti-gerakan-paling-tepat-untuk-titik-rahasia-wanita-jangan-grasak-grusuk,Advertiser preference,Adult: Sexual content,Restricted ad serving,ca-pub-7784034061253020,2,2026-03-02,2026-03-02
wow.tribunnews.com,Page,N/A,N/A,wow.tribunnews.com/2020/11/22/sosok-olivia-allan-istri-denny-sumargo-ngaku-lulus-sd-meski-jarang-masuk-sekolah?page=all,Policy issue,Copyrighted material (DMCA),Disabled ad serving,,1,2026-03-03,2026-03-03
makassar.tribunnews.com,Page,N/A,N/A,makassar.tribunnews.com/2022/01/25/ingat-misskay-pemeran-video-61-detik-miripnagita-dulu-bisa-dibayar-murah-kini-kabarnya-beda,Policy issue,Ads Disguised as Content,Restricted ad serving,ca-pub-7784034061253020,1,2026-03-03,2026-03-03
m.tribunnews.com,Page,N/A,N/A,m.tribunnews.com/internasional/2017/07/19/bermasturbasi-dengan-memasukkan-belut-ke-kemaluan-perempuan-di-china-ini-nyaris-kehilangan-nyawa,Advertiser preference,Adult: Sexual content;Shocking content,Restricted ad serving,ca-pub-7784034061253020,1,2026-03-03,2026-03-03
kaltim.tribunnews.com,Page,N/A,N/A,kaltim.tribunnews.com/2020/11/07/update-link-video-mirip-gisel-full-kini-diburu-2-medsos-ini-jadi-lokasi-pencarian-satunya-twitter,Policy issue,Ads Disguised as Content,Restricted ad serving,ca-pub-7784034061253020,1,2026-03-02,2026-03-02
belitung.tribunnews.com,Page,N/A,N/A,belitung.tribunnews.com/2016/09/15/empat-wanita-cantik-asal-indonesia-ini-sukses-jadi-bintang-film-porno-simak-siapa-saja-mereka,Advertiser preference,Adult: Sexual content,Restricted ad serving,ca-pub-7784034061253020,1,2026-03-03,2026-03-03
bangka.tribunnews.com,Page,N/A,N/A,bangka.tribunnews.com/2015/09/02/fantasi-adegan-film-porno-tak-terjadi-dalam-kehidupan-nyata,Advertiser preference,Adult: Sexual content,Restricted ad serving,ca-pub-7784034061253020,1,2026-03-02,2026-03-02
