Site or app,Entity,Platform,App package name or store ID,Issue location,Must fix,Issues,Status,Property codes,Ad requests - last 7 days,Date reported,Last date found
aceh.tribunnews.com,Page,N/A,N/A,aceh.tribunnews.com/2024/08/02/solusi-mudah-mengatasi-keputihan-menggumpal-seperti-tepung-simak-penjelasan-seksolog-dr-boyke,No,Adult: Sexual content,Restricted ad serving,ca-pub-7784034061253020,132000,2024-08-01,2024-08-06
bali.tribunnews.com,Page,N/A,N/A,bali.tribunnews.com/2024/08/01/3-celurit-dibeli-pelaku-niat-habisi-nyawa-mangku-tawan-hubungan-asmara-diketahui-usai-sadap-wa,No,Adult: Sexual content,Restricted ad serving,ca-pub-7784034061253020,131000,2024-08-01,2024-08-04
jatim.tribunnews.com,Page,N/A,N/A,jatim.tribunnews.com/,No,Adult: Sexual content,Restricted ad serving,ca-pub-7784034061253020;ca-video-pub-7784034061253020,92000,2024-08-04,2024-08-04
aceh.tribunnews.com,Page,N/A,N/A,aceh.tribunnews.com/2024/08/02/solusi-mudah-mengatasi-keputihan-menggumpal-seperti-tepung-simak-penjelasan-seksolog-dr-boyke?page=2,No,Adult: Sexual content,Restricted ad serving,ca-pub-7784034061253020,59000,2024-08-01,2024-08-06
bali.tribunnews.com,Page,N/A,N/A,bali.tribunnews.com/2024/08/02/terungkap-saat-hari-pembunuhan-mangku-tawan-di-kintamani-bangli-istri-pelaku-ucap-sukseme?page=3,No,Adult: Sexual content,Restricted ad serving,ca-pub-7784034061253020,36000,2024-08-01,2024-08-05
sultra.tribunnews.com,Page,N/A,N/A,sultra.tribunnews.com/2023/02/20/video-erika-viral-di-tiktok-prank-ojol-full-1-menit-31-detik-awalnya-masuk-rumah-lalu-kamar-mandi,No,Adult: Sexual content,Restricted ad serving,ca-pub-7784034061253020,36000,2024-07-31,2024-08-06
bali.tribunnews.com,Page,N/A,N/A,bali.tribunnews.com/2024/08/01/3-celurit-dibeli-pelaku-niat-habisi-nyawa-mangku-tawan-hubungan-asmara-diketahui-usai-sadap-wa?page=2,No,Adult: Sexual content,Restricted ad serving,ca-pub-7784034061253020,32000,2024-08-01,2024-08-04
bali.tribunnews.com,Page,N/A,N/A,bali.tribunnews.com/2024/08/01/kronologi-mangku-tawan-dibacok-hingga-tewas-di-kintamani-bangli-berawal-kloning-whatsapp-istri?page=2,No,Shocking content,Restricted ad serving,ca-pub-7784034061253020,32000,2024-07-31,2024-08-04
bali.tribunnews.com,Page,N/A,N/A,bali.tribunnews.com/2024/08/02/terungkap-saat-hari-pembunuhan-mangku-tawan-di-kintamani-bangli-istri-pelaku-ucap-sukseme?page=4,No,Adult: Sexual content,Restricted ad serving,ca-pub-7784034061253020,26000,2024-08-01,2024-08-05
makassar.tribunnews.com,Page,N/A,N/A,makassar.tribunnews.com/2024/08/05/viral-video-detik-detik-pemotor-di-toddopuli-10-makassar-nyaris-dibegal-di-depan-rumahnya?source=kgnotif_1,No,Shocking content,Restricted ad serving,ca-pub-7784034061253020,19000,2024-08-04,2024-08-06
jatim.tribunnews.com,Page,N/A,N/A,jatim.tribunnews.com/2024/08/04/ketakutan-tkw-layani-majikan-lansia-sudah-alami-kerusakan-otak-sudah-ikhlas-tubuhnya-jadi-korban,No,Adult: Sexual content,Restricted ad serving,ca-pub-7784034061253020,18000,2024-08-04,2024-08-06
www.tribunnews.com,Page,N/A,N/A,www.tribunnews.com/pendidikan/2022/08/01/kunci-jawaban-ipa-kelas-9-smp-halaman-8-organ-penyusun-sistem-reproduksi-laki-laki-dan-fungsinya,No,Adult: Sexual content,Restricted ad serving,ca-pub-7784034061253020,17000,2024-08-02,2024-08-06
makassar.tribunnews.com,Page,N/A,N/A,makassar.tribunnews.com/2024/08/06/viral-pengantin-pria-di-makassar-murka-pestanya-sepi-gegara-ulah-pendemo?source=kgnotif_1,No,Shocking content,Restricted ad serving,ca-pub-7784034061253020,16000,2024-08-05,2024-08-06
makassar.tribunnews.com,Page,N/A,N/A,makassar.tribunnews.com/2020/07/06/ciri-ciri-wanita-tidak-perawan-lihat-6-bentuk-fisiknya?page=2,No,Adult: Sexual content,Restricted ad serving,ca-pub-7784034061253020,12000,2024-07-31,2024-08-06
bali.tribunnews.com,Page,N/A,N/A,bali.tribunnews.com/2024/08/01/jenazah-mangku-tawan-mengenaskan-pasca-dibacok-membabi-buta-beli-3-celurit-di-online-harga-jutaan?page=2,No,Adult: Sexual content,Restricted ad serving,ca-pub-7784034061253020,12000,2024-08-01,2024-08-04
aceh.tribunnews.com,Page,N/A,N/A,aceh.tribunnews.com/2022/09/15/istri-perlu-tahu-begini-cara-puaskan-suami-jika-sedang-haid-jangan-biarkan-pasangan-anda-buat-dosa,No,Adult: Sexual content,Restricted ad serving,ca-pub-7784034061253020,12000,2024-07-31,2024-08-06
jatim.tribunnews.com,Page,N/A,N/A,jatim.tribunnews.com/2024/01/13/penyebab-duel-carok-2-vs-4-di-bangkalan-tak-terima-hanya-karena-lampu-sorot-sepeda-motor,No,Shocking content,Restricted ad serving,ca-pub-7784034061253020,11000,2024-08-05,2024-08-06
jatim.tribunnews.com,Page,N/A,N/A,jatim.tribunnews.com/2024/08/04/hasil-forensik-ibu-dan-anak-tewas-tinggal-kerangka-penyebab-kematian-dan-fakta-kekerasan-terkuak,No,Adult: Sexual content,Restricted ad serving,ca-pub-7784034061253020,11000,2024-08-04,2024-08-06
jogja.tribunnews.com,Page,N/A,N/A,jogja.tribunnews.com/2023/09/23/lirik-dan-terjemahan-lagu-youre-on-your-own-kid-taylor-swift,No,Adult: Sexual content,Restricted ad serving,ca-pub-7784034061253020,9100,2024-07-31,2024-08-06
aceh.tribunnews.com,Page,N/A,N/A,aceh.tribunnews.com/2024/08/01/mempersingkat-atau-menghentikan-haid-emang-bisa-seksolog-dr-boyke-ini-obatnya,No,Adult: Sexual content,Restricted ad serving,ca-pub-7784034061253020,9100,2024-07-31,2024-08-06
kupang.tribunnews.com,Page,N/A,N/A,kupang.tribunnews.com/2017/12/09/tanpa-sensor-para-pemain-di-lima-film-ini-benar-benar-lakukan-adegan-ranjang-di-depan-kamera,No,Adult: Sexual content,Restricted ad serving,ca-pub-7784034061253020,9100,2024-07-31,2024-08-06
m.tribunnews.com,Page,N/A,N/A,m.tribunnews.com/sport/bulutangkis,No,Google-served ads obscuring content,Restricted ad serving,ca-pub-7784034061253020,8900,2024-07-31,2024-08-06
sultra.tribunnews.com,Page,N/A,N/A,sultra.tribunnews.com/2023/04/19/video-syakirah-viral-di-tiktok-dan-twitter-kini-16-link-full-videonya-diburu-warganet-sosok-pemeran,No,Adult: Sexual content,Restricted ad serving,ca-pub-7784034061253020,8700,2024-07-31,2024-08-06
bali.tribunnews.com,Page,N/A,N/A,bali.tribunnews.com/2024/08/02/pemicu-pembunuhan-sadis-di-kintamani-bali-terkuak-endus-perselingkuhan-bos-vila-bacok-mangku-tawan?page=2,No,Adult: Sexual content,Restricted ad serving,ca-pub-7784034061253020,8300,2024-08-01,2024-08-04
makassar.tribunnews.com,Page,N/A,N/A,makassar.tribunnews.com/2020/07/06/ciri-ciri-wanita-tidak-perawan-lihat-6-bentuk-fisiknya?page=3,No,Adult: Sexual content,Restricted ad serving,ca-pub-7784034061253020,6700,2024-07-31,2024-08-06
pontianak.tribunnews.com,Page,N/A,N/A,pontianak.tribunnews.com/2024/08/06/kronologi-suami-bakar-istri-di-kubu-raya-teriakan-istri-minta-tolong-saat-api-membakar-tubuhnya,No,Shocking content,Restricted ad serving,ca-pub-7784034061253020,6600,2024-08-05,2024-08-06
trends.tribunnews.com,Page,N/A,N/A,trends.tribunnews.com/2024/07/30/kunci-jawaban-ipa-kelas-9-smp-halaman-8-gambar-sistem-reproduksi-pria,No,Adult: Sexual content,Restricted ad serving,ca-pub-7784034061253020,6400,2024-08-02,2024-08-05
sultra.tribunnews.com,Page,N/A,N/A,sultra.tribunnews.com/2023/02/22/video-erika-viral-di-tiktok-dan-twitter-full-durasi-yang-dicari-carirekam-adegan-hingga-kamar-mandi,No,Adult: Sexual content,Restricted ad serving,ca-pub-7784034061253020,6400,2024-08-01,2024-08-06
makassar.tribunnews.com,Page,N/A,N/A,makassar.tribunnews.com/2024/08/06/viral-video-bayi-di-makassar-disiksa-pacar-ibunya-korban-diayun-keras-lalu-dilempar-ke-udara?source=kgnotif_1,No,Shocking content,Restricted ad serving,ca-pub-7784034061253020,5600,2024-08-05,2024-08-06
jatim.tribunnews.com,Page,N/A,N/A,jatim.tribunnews.com/2024/08/04/kelakuan-mahasiswa-tabrak-emak-emak-hingga-tewas-ngaku-dalam-pengaruh-alkohol-positif-narkoba?source=kgnotif_1,No,Adult: Sexual content,Restricted ad serving,ca-pub-7784034061253020,5300,2024-08-04,2024-08-06
jatim.tribunnews.com,Page,N/A,N/A,jatim.tribunnews.com/2024/08/04/ketakutan-tkw-layani-majikan-lansia-sudah-alami-kerusakan-otak-sudah-ikhlas-tubuhnya-jadi-korban?page=2,No,Adult: Sexual content,Restricted ad serving,ca-pub-7784034061253020,5100,2024-08-04,2024-08-06
makassar.tribunnews.com,Page,N/A,N/A,makassar.tribunnews.com/2022/06/29/ciri-ciri-wanita-yang-sudah-tidak-perawan-perhatikan-telapak-tangannya,Yes,Ads Disguised as Content;Adult: Sexual content,Restricted ad serving,ca-pub-7784034061253020,5100,2024-07-31,2024-08-06
jatim.tribunnews.com,Page,N/A,N/A,jatim.tribunnews.com/2024/08/04/hasil-forensik-ibu-dan-anak-tewas-tinggal-kerangka-penyebab-kematian-dan-fakta-kekerasan-terkuak?page=2,No,Adult: Sexual content,Restricted ad serving,ca-pub-7784034061253020,5000,2024-08-04,2024-08-06
bangka.tribunnews.com,Page,N/A,N/A,bangka.tribunnews.com/2024/04/12/kunci-jawaban-ipa-kelas-9-smp-halaman-44-kurikulum-merdeka-kontrasepsi-dan-kesehatan-reproduksi,No,Adult: Sexual content,Restricted ad serving,ca-pub-7784034061253020,4800,2024-08-04,2024-08-06
bangka.tribunnews.com,Page,N/A,N/A,bangka.tribunnews.com/2020/10/12/5-posisi-bercinta-agar-perempuan-raih-kepuasan-wot-hingga-sideways-straddle,No,Adult: Sexual content,Restricted ad serving,ca-pub-7784034061253020,4300,2024-07-31,2024-08-06
jatim.tribunnews.com,Page,N/A,N/A,jatim.tribunnews.com/surabaya,No,Adult: Sexual content,Restricted ad serving,ca-pub-7784034061253020,4300,2024-07-31,2024-08-06
jogja.tribunnews.com,Page,N/A,N/A,jogja.tribunnews.com/2016/09/16/begini-kode-terapis-tawarkan-layanan-esek-esek-di-spa-plus,No,Adult: Sexual content,Restricted ad serving,ca-pub-7784034061253020,4300,2024-07-31,2024-08-06
makassar.tribunnews.com,Page,N/A,N/A,makassar.tribunnews.com/2016/11/26/rugi-kalau-tak-tahu-inilah-arti-bo-st-lt-di-ucapan-terima-kasih-psk-kepada-anji-drive,Yes,Adult: Sexual content;Site Behavior: Navigation,Restricted ad serving,ca-pub-7784034061253020,4200,2024-07-31,2024-08-06
bangka.tribunnews.com,Page,N/A,N/A,bangka.tribunnews.com/2022/11/04/amalan-doa-kuat-dan-tahan-lama-khusus-suami-ketika-berhubungan-dengan-istri,No,Adult: Sexual content,Restricted ad serving,ca-pub-7784034061253020,3900,2024-07-31,2024-08-06
sumsel.tribunnews.com,Page,N/A,N/A,sumsel.tribunnews.com/2021/08/25/belajar-gitar-7-lagu-romantis-armada-dan-dewa-19-pakai-kunci-paling-mudah-cocok-bagi-pemula,Yes,Encouraging accidental clicks: Layout,Restricted ad serving,ca-pub-7784034061253020,3900,2024-07-31,2024-08-06
kaltim.tribunnews.com,Page,N/A,N/A,kaltim.tribunnews.com/404,Yes,Google-served ads on screens without publisher-content,Restricted ad serving,ca-pub-7784034061253020,3700,2024-07-31,2024-08-06
bengkulu.tribunnews.com,Page,N/A,N/A,bengkulu.tribunnews.com/2024/03/18/10-arti-mimpi-berhubungan-badan-dalam-islam-dengan-mantan-hingga-ibu-kandung,No,Adult: Sexual content,Restricted ad serving,ca-pub-7784034061253020,3600,2024-08-01,2024-08-06
lampung.tribunnews.com,Page,N/A,N/A,lampung.tribunnews.com/2017/02/19/4-film-ini-disebut-punya-adegan-intim-paling-parah-dibanding-50-shades-of-grey,No,Adult: Sexual content,Restricted ad serving,ca-pub-7784034061253020,3600,2024-07-31,2024-08-06
kupang.tribunnews.com,Page,N/A,N/A,kupang.tribunnews.com/kupang-news,Yes,Modified ad code: Resizing Ad Frames,Restricted ad serving,ca-pub-7784034061253020,3500,2024-07-31,2024-08-06
jogja.tribunnews.com,Page,N/A,N/A,jogja.tribunnews.com/2017/05/23/10-sifat-dan-ciri-yang-biasanya-melekat-pada-pria-homoseksual,No,Adult: Sexual content,Restricted ad serving,ca-pub-7784034061253020,3500,2024-07-31,2024-08-06
jatim.tribunnews.com,Page,N/A,N/A,jatim.tribunnews.com/2024/08/04/hasil-forensik-ibu-dan-anak-tewas-tinggal-kerangka-penyebab-kematian-dan-fakta-kekerasan-terkuak?page=3,No,Adult: Sexual content,Restricted ad serving,ca-pub-7784034061253020,3400,2024-08-04,2024-08-06
padang.tribunnews.com,Page,N/A,N/A,padang.tribunnews.com/2022/11/03/kunci-jawaban-ipa-kelas-9-halaman-47-48-bagian-testis-yang-berperan-dalam-produksi-sperma,No,Adult: Sexual content,Restricted ad serving,ca-pub-7784034061253020,3400,2024-07-31,2024-08-06
jatim.tribunnews.com,Page,N/A,N/A,jatim.tribunnews.com/2024/08/04/sentilan-menohok-mantan-wakapolri-ke-iptu-rudiana-di-kasus-vina-polisi-kok-dibohongi-anak-kecil,No,Adult: Sexual content,Restricted ad serving,ca-pub-7784034061253020,3400,2024-08-04,2024-08-06
makassar.tribunnews.com,Page,N/A,N/A,makassar.tribunnews.com/2020/07/06/ciri-ciri-wanita-tidak-perawan-lihat-6-bentuk-fisiknya?page=4,No,Adult: Sexual content,Restricted ad serving,ca-pub-7784034061253020,3300,2024-07-31,2024-08-06
sultra.tribunnews.com,Page,N/A,N/A,sultra.tribunnews.com/2022/11/01/cara-nonton-yandex-ru-video-viral-full-no-sensor-tanpa-vpn-dengan-mudah-link-website-dan-aplikasi,No,Adult: Sexual content,Restricted ad serving,ca-pub-7784034061253020,3200,2024-07-31,2024-08-06
jatim.tribunnews.com,Page,N/A,N/A,jatim.tribunnews.com/2024/08/04/hasil-forensik-ibu-dan-anak-tewas-tinggal-kerangka-penyebab-kematian-dan-fakta-kekerasan-terkuak?source=kgnotif_1,No,Adult: Sexual content,Restricted ad serving,ca-pub-7784034061253020,3100,2024-08-04,2024-08-06
medan.tribunnews.com,Page,N/A,N/A,medan.tribunnews.com/medan-terkini,No,Shocking content,Restricted ad serving,ca-pub-7784034061253020,3100,2024-08-04,2024-08-04
aceh.tribunnews.com,Page,N/A,N/A,aceh.tribunnews.com/2022/12/01/buya-yahya-beberkan-tips-puaskan-suami-saat-istri-dalam-keadaan-haid,No,Adult: Sexual content,Restricted ad serving,ca-pub-7784034061253020,3100,2024-07-31,2024-08-06
www.tribunnews.com,Page,N/A,N/A,www.tribunnews.com/parapuan/2022/10/08/ada-3-posisi-klasik-saat-berhubungan-intim-salah-satunya-missionary,No,Adult: Sexual content,Restricted ad serving,ca-pub-7784034061253020,3000,2024-07-31,2024-08-06
jambi.tribunnews.com,Page,N/A,N/A,jambi.tribunnews.com/2019/12/04/lima-wanita-bintang-film-dewasa-paling-favorit-nomor-4-kategori-adegan-sesama-jenis-terbaik,No,Adult: Sexual content,Restricted ad serving,ca-pub-7784034061253020,3000,2024-07-31,2024-08-06
jatim.tribunnews.com,Page,N/A,N/A,jatim.tribunnews.com/2024/08/04/ketakutan-tkw-layani-majikan-lansia-sudah-alami-kerusakan-otak-sudah-ikhlas-tubuhnya-jadi-korban?page=3,No,Adult: Sexual content,Restricted ad serving,ca-pub-7784034061253020,3000,2024-08-04,2024-08-06
aceh.tribunnews.com,Page,N/A,N/A,aceh.tribunnews.com/2024/08/01/mempersingkat-atau-menghentikan-haid-emang-bisa-seksolog-dr-boyke-ini-obatnya?page=2,No,Adult: Sexual content,Restricted ad serving,ca-pub-7784034061253020,3000,2024-08-05,2024-08-06
medan.tribunnews.com,Page,N/A,N/A,medan.tribunnews.com/2022/11/22/cara-memanjakan-mr-p-suami-menurut-seksolog-zoya-amirin,No,Adult: Sexual content,Restricted ad serving,ca-pub-7784034061253020,2900,2024-07-31,2024-08-06
bangka.tribunnews.com,Page,N/A,N/A,bangka.tribunnews.com/2016/01/27/begini-cara-mengamankan-akun-facebook-dari-konten-porno,No,Shocking content,Restricted ad serving,ca-pub-7784034061253020,2700,2024-07-31,2024-08-06
kaltim.tribunnews.com,Page,N/A,N/A,kaltim.tribunnews.com/2023/06/06/dilarang-tayang-di-indonesia-5-anime-penuh-adegan-panas-18-tanpa-sensor,No,Adult: Sexual content,Restricted ad serving,ca-pub-7784034061253020,2700,2024-07-31,2024-08-06
pekanbaru.tribunnews.com,Page,N/A,N/A,pekanbaru.tribunnews.com/2020/08/23/aplikasi-video-bokef-video-bokeh-terbaik-mudah-dan-gampang-digunakan,No,Adult: Sexual content,Restricted ad serving,ca-pub-7784034061253020,2700,2024-07-31,2024-08-06
makassar.tribunnews.com,Page,N/A,N/A,makassar.tribunnews.com/2024/08/06/viral-aksi-2-personel-polantas-bone-sulsel-bantu-anak-sekolah-yang-sesak-nafas?source=kgnotif_1,No,Shocking content,Restricted ad serving,ca-pub-7784034061253020,2700,2024-08-06,2024-08-06
aceh.tribunnews.com,Page,N/A,N/A,aceh.tribunnews.com/2022/10/15/tips-agar-hamil-anak-perempuan-seksolog-dr-boyke-ungkap-3-cara-mudah-ini-untuk-dilakukan-pasutri,No,Adult: Sexual content,Restricted ad serving,ca-pub-7784034061253020,2600,2024-07-31,2024-08-06
bogor.tribunnews.com,Page,N/A,N/A,bogor.tribunnews.com/2024/03/22/arti-mimpi-diperkosa-menurut-primbon-jawa-pertanda-akan-ada-masalah-dengan-bisnismu,Yes,Google-served ads obscuring content;Modified Javascript: Ads by Google size,Restricted ad serving,ca-pub-7784034061253020,2500,2024-07-31,2024-08-06
aceh.tribunnews.com,Page,N/A,N/A,aceh.tribunnews.com/2024/06/24/cara-mengetahui-perempuan-masih-perawan-atau-tidak-apa-bisa-dilihat-dari-fisik-ini-kata-dr-boyke,No,Adult: Sexual content,Restricted ad serving,ca-pub-7784034061253020,2500,2024-07-31,2024-08-06
jatim.tribunnews.com,Page,N/A,N/A,jatim.tribunnews.com/2024/08/04/sentilan-menohok-mantan-wakapolri-ke-iptu-rudiana-di-kasus-vina-polisi-kok-dibohongi-anak-kecil?source=kgnotif_1,No,Adult: Sexual content,Restricted ad serving,ca-pub-7784034061253020,2500,2024-08-04,2024-08-06
bogor.tribunnews.com,Page,N/A,N/A,bogor.tribunnews.com/2022/06/23/arti-mimpi-berhubungan-badan-dengan-artis-pertanda-baik-atau-burk-ini-penjelasan-pakar,No,Adult: Sexual content,Restricted ad serving,ca-pub-7784034061253020,2400,2024-07-31,2024-08-06
sumsel.tribunnews.com,Page,N/A,N/A,sumsel.tribunnews.com/2018/02/10/5-film-ini-aktornya-lakukan-adegan-ranjang-beneran-namun-ada-yang-terbongkar-rahasianya,No,Adult: Sexual content,Restricted ad serving,ca-pub-7784034061253020,2300,2024-07-31,2024-08-06
bekasi.tribunnews.com,Page,N/A,N/A,bekasi.tribunnews.com/2022/10/23/kumpulan-film-jepang-khusus-dewasa-subtitle-indonesia-resolusi-hd-dan-durasi-dua-jam-ini-daftarnya,Yes,Ads Disguised as Content,Restricted ad serving,ca-pub-7784034061253020,2300,2024-07-31,2024-08-06
bangka.tribunnews.com,Page,N/A,N/A,bangka.tribunnews.com/2024/08/02/motif-istri-bunuh-suami-di-belitung-sempat-cekcok-dipaksa-hubungan-badan-dan-diancam-pakai-celurit,No,Shocking content,Restricted ad serving,ca-pub-7784034061253020,2300,2024-08-02,2024-08-04
www.tribunnews.com,Page,N/A,N/A,www.tribunnews.com/kesehatan/2023/07/25/normalkah-seorang-wanita-melakukan-masturbasi-begini-penjelasan-dr-binsar-martin,No,Adult: Sexual content,Restricted ad serving,ca-pub-7784034061253020,2300,2024-07-31,2024-08-06
medan.tribunnews.com,Page,N/A,N/A,medan.tribunnews.com/2024/05/07/anda-lemah-syahwat-dr-zaidul-akbar-ungkap-rahasia-obat-herbal-keperkasaan-di-ranjang,No,Adult: Sexual content,Restricted ad serving,ca-pub-7784034061253020,2200,2024-07-31,2024-08-06
jambi.tribunnews.com,Page,N/A,N/A,jambi.tribunnews.com/2018/01/18/perhatikan-ini-ciri-wanita-yang-sering-melakukan-masturbasi-7-tanda-ini-bakal-mengungkapkannya,No,Adult: Sexual content,Restricted ad serving,ca-pub-7784034061253020,2200,2024-07-31,2024-08-06
jatim.tribunnews.com,Page,N/A,N/A,jatim.tribunnews.com/2024/08/04/kelakuan-mahasiswa-tabrak-emak-emak-hingga-tewas-ngaku-dalam-pengaruh-alkohol-positif-narkoba?page=2,No,Adult: Sexual content,Restricted ad serving,ca-pub-7784034061253020,2200,2024-08-04,2024-08-05
pekanbaru.tribunnews.com,Page,N/A,N/A,pekanbaru.tribunnews.com/2021/08/21/apa-arti-amunisi-dalam-bahasa-gaul-bukan-soal-senjata-ini-amunisi-artinya-bahasa-gaul,No,Google-served ads obscuring content,Restricted ad serving,ca-pub-7784034061253020,2200,2024-07-31,2024-08-06
jabar.tribunnews.com,Page,N/A,N/A,jabar.tribunnews.com/superball/persibmania,Yes,Modified ad code: Resizing Ad Frames,Restricted ad serving,ca-pub-7784034061253020,2200,2024-07-31,2024-08-06
pontianak.tribunnews.com,Page,N/A,N/A,pontianak.tribunnews.com/2018/01/28/inilah-7-ciri-wanita-kecanduan-masturbasi-7-persen-cewek-melakukannya-setiap-hari,No,Adult: Sexual content,Restricted ad serving,ca-pub-7784034061253020,2200,2024-07-31,2024-08-06
aceh.tribunnews.com,Page,N/A,N/A,aceh.tribunnews.com/2021/06/16/suami-istri-adalah-muhrim-apakah-batal-wudhunya-jika-bersentuhan-kulit-simak-kata-uas-buya-yahya,No,Google-served ads obscuring content,Restricted ad serving,ca-pub-7784034061253020,2200,2024-07-31,2024-08-06
medan.tribunnews.com,Page,N/A,N/A,medan.tribunnews.com/2023/01/09/dr-boyke-bongkar-cara-puaskan-istri-saat-berhubungan-intim-lakukan-tips-ala-casanova-ini,No,Adult: Sexual content,Restricted ad serving,ca-pub-7784034061253020,2100,2024-07-31,2024-08-06
jatim.tribunnews.com,Page,N/A,N/A,jatim.tribunnews.com/2024/08/04/ketakutan-tkw-layani-majikan-lansia-sudah-alami-kerusakan-otak-sudah-ikhlas-tubuhnya-jadi-korban?page=4,No,Adult: Sexual content,Restricted ad serving,ca-pub-7784034061253020,2100,2024-08-04,2024-08-06
bangka.tribunnews.com,Page,N/A,N/A,bangka.tribunnews.com/2022/03/06/begini-cara-meracik-merica-kopi-telur-dan-madu-sebagai-obat-kuat-pria-minum-pas-hangat,No,Adult: Sexual content,Restricted ad serving,ca-pub-7784034061253020,2100,2024-07-31,2024-08-06
jambi.tribunnews.com,Page,N/A,N/A,jambi.tribunnews.com/2018/02/22/2-kategori-dan-49-istilah-yang-sering-digunakan-di-film-biru,No,Adult: Sexual content,Restricted ad serving,ca-pub-7784034061253020,2100,2024-07-31,2024-08-06
jogja.tribunnews.com,Page,N/A,N/A,jogja.tribunnews.com/2016/10/22/mengapa-disebut-blue-film-ini-sejarahnya,No,Google-served ads obscuring content,Restricted ad serving,ca-pub-7784034061253020,2100,2024-07-31,2024-08-06
trends.tribunnews.com,Page,N/A,N/A,trends.tribunnews.com/2023/12/07/apa-arti-pijat-plus-plus-istilah-viral-tiktok-sering-muncul-dalam-bahasa-gaul-ini-maknanya,No,Adult: Sexual content,Restricted ad serving,ca-pub-7784034061253020,2100,2024-07-31,2024-08-06
aceh.tribunnews.com,Page,N/A,N/A,aceh.tribunnews.com/2021/06/10/lafazkan-doa-ini-agar-tahan-lama-di-ranjang-dibaca-sebelum-berhubungan-suami-istri,No,Adult: Sexual content,Restricted ad serving,ca-pub-7784034061253020,2000,2024-07-31,2024-08-06
m.tribunnews.com,Page,N/A,N/A,m.tribunnews.com/pendidikan/2021/07/16/kunci-jawaban-tema-1-kelas-6-sd-halaman-40-41-42-43-44-45-46-47-subtema-1-pembelajaran-4,Yes,Unnatural attention to ads,Restricted ad serving,ca-pub-7784034061253020,1900,2024-07-31,2024-08-06
jabar.tribunnews.com,Page,N/A,N/A,jabar.tribunnews.com/2024/07/03/sosok-kusumayati-ibu-di-karawang-digugat-anak-rp-500-m-minta-damai-tak-sanggup-penuhi-permintaan,No,Shocking content,Restricted ad serving,ca-pub-7784034061253020,1900,2024-07-31,2024-08-06
bogor.tribunnews.com,Page,N/A,N/A,bogor.tribunnews.com/2024/04/18/jangan-kaget-ini-5-arti-mimpi-berhubungan-badan-dengan-mantan-pertanda-akan-datangnya-masalah,Yes,Google-served ads obscuring content;Modified Javascript: Ads by Google size,Restricted ad serving,ca-pub-7784034061253020,1900,2024-07-31,2024-08-06
kupang.tribunnews.com,Page,N/A,N/A,kupang.tribunnews.com/2022/10/10/link-tiktok-dewasa-aplikasi-tiktok-18-plus-dengan-video-vulgar-bukan-untuk-anak-anak,No,Adult: Sexual content,Restricted ad serving,ca-pub-7784034061253020,1800,2024-07-31,2024-08-06
aceh.tribunnews.com,Page,N/A,N/A,aceh.tribunnews.com/2024/07/06/cara-mengetahui-perempuan-masih-perawan-atau-tidak-dr-boyke-ungkap-caranya,No,Adult: Sexual content,Restricted ad serving,ca-pub-7784034061253020,1800,2024-07-31,2024-08-06
aceh.tribunnews.com,Page,N/A,N/A,aceh.tribunnews.com/2022/08/20/mitos-atau-fakta-benarkah-wanita-berbulu-lebat-punya-gairah-seksual-tinggi-begini-kata-dr-boyke,No,Adult: Sexual content,Restricted ad serving,ca-pub-7784034061253020,1800,2024-07-31,2024-08-06
aceh.tribunnews.com,Page,N/A,N/A,aceh.tribunnews.com/2023/01/23/seksolog-dr-boyke-beri-tips-cara-memuaskan-pasangan-saat-berhubungan-intim-singgung-bermacam-gaya,No,Adult: Sexual content,Restricted ad serving,ca-pub-7784034061253020,1800,2024-07-31,2024-08-06
bangka.tribunnews.com,Page,N/A,N/A,bangka.tribunnews.com/2022/11/04/amalan-doa-kuat-dan-tahan-lama-khusus-suami-ketika-berhubungan-dengan-istri?page=all,No,Adult: Sexual content,Restricted ad serving,ca-pub-7784034061253020,1800,2024-07-31,2024-08-06
aceh.tribunnews.com,Page,N/A,N/A,aceh.tribunnews.com/2022/12/17/mitos-atau-fakta-pria-berbulu-lebat-identik-dengan-gairah-seksual-tinggi-dr-boyke-jelaskan-begini,No,Adult: Sexual content,Restricted ad serving,ca-pub-7784034061253020,1700,2024-07-31,2024-08-06
health.tribunnews.com,Page,N/A,N/A,health.tribunnews.com/2023/12/23/ini-arti-kode-p1-p2-p3-p4-p-l-l-2-tl-th-aps-dan-s-dalam-hasil-kelulusan-pppk-guru-2023,No,Shocking content,Restricted ad serving,ca-pub-7784034061253020,1700,2024-07-31,2024-08-06
pekanbaru.tribunnews.com,Page,N/A,N/A,pekanbaru.tribunnews.com/2021/10/05/ngebj-adalah-suatu-istilah-kotor-inilah-arti-nge-bj-atau-aapa-itu-nge-bj-dalam-bahasa-gaul,No,Adult: Sexual content,Restricted ad serving,ca-pub-7784034061253020,1700,2024-07-31,2024-08-06
aceh.tribunnews.com,Page,N/A,N/A,aceh.tribunnews.com/2022/09/15/istri-perlu-tahu-begini-cara-puaskan-suami-jika-sedang-haid-jangan-biarkan-pasangan-anda-buat-dosa?page=2,No,Adult: Sexual content,Restricted ad serving,ca-pub-7784034061253020,1600,2024-07-31,2024-08-06
jabar.tribunnews.com,Page,N/A,N/A,jabar.tribunnews.com/2019/09/18/inilah-sejumlah-manfaat-dan-khasiat-kopi-cleng-kopi-perkasa-tumbangkan-belasan-pria-sumedang,No,Adult: Sexual content,Restricted ad serving,ca-pub-7784034061253020,1600,2024-07-31,2024-08-06
kupang.tribunnews.com,Page,N/A,N/A,kupang.tribunnews.com/2019/09/16/26-tanda-wanita-mempermainkan-perasaanmu-nomor-8-10-23-25-dan-26-bikin-baper,No,Adult: Sexual content,Restricted ad serving,ca-pub-7784034061253020,1600,2024-07-31,2024-08-06
aceh.tribunnews.com,Page,N/A,N/A,aceh.tribunnews.com/2022/12/10/ternyata-ini-4-penyebab-hawa-nafsu-pria-sulit-dikontrol-seksolog-dr-boyke-ungkap-cara-mengatasinya,No,Adult: Sexual content,Restricted ad serving,ca-pub-7784034061253020,1600,2024-07-31,2024-08-06
kupang.tribunnews.com,Page,N/A,N/A,kupang.tribunnews.com/2018/07/24/kenali-6-ciri-wanita-sudah-tak-perawan-dari-mata-hidung-sampai-telapak-tangan,No,Adult: Sexual content,Restricted ad serving,ca-pub-7784034061253020,1600,2024-07-31,2024-08-06
bekasi.tribunnews.com,Page,N/A,N/A,bekasi.tribunnews.com/2022/07/28/62-film-semi-jepang-terbaru-2022-beresolusi-hd-paling-laris-ditonton-romansa-hingga-perselingkuhan,No,Adult: Sexual content,Restricted ad serving,ca-pub-7784034061253020,1600,2024-07-31,2024-08-06
belitung.tribunnews.com,Page,N/A,N/A,belitung.tribunnews.com/2019/04/17/6-negara-ini-tak-ada-pemilu-hanya-satu-partai-dan-semua-rakyat-tunduk-setia-kepada-pemerintah,Yes,Encouraging accidental clicks: Layout;Google-served ads obscuring content,Restricted ad serving,ca-pub-7784034061253020,1500,2024-07-31,2024-08-06
kaltim.tribunnews.com,Page,N/A,N/A,kaltim.tribunnews.com/2024/06/01/perusahaan-kulit-manusia-terbesar-di-dunia-ada-di-israel-diduga-curi-jasad-warga-palestina,No,Shocking content,Restricted ad serving,ca-pub-7784034061253020,1500,2024-07-31,2024-08-06
sultra.tribunnews.com,Page,N/A,N/A,sultra.tribunnews.com/2023/04/26/video-syakirah-viral-full-5-menit-di-twitter-tiktok-yandex-hingga-link-videonya-masih-saja-dicari,No,Adult: Sexual content,Restricted ad serving,ca-pub-7784034061253020,1500,2024-07-31,2024-08-06
jambi.tribunnews.com,Page,N/A,N/A,jambi.tribunnews.com/2019/10/02/berikut-foto-30-gadis-jepang-yang-sering-pamerkan-bagian-dalam-tubuhnya-meski-pakai-baju-transparan,No,Adult: Sexual content,Restricted ad serving,ca-pub-7784034061253020,1500,2024-07-31,2024-08-06
aceh.tribunnews.com,Page,N/A,N/A,aceh.tribunnews.com/2022/11/01/berhubungan-intim-lebih-dari-2-kali-sehari-berapa-kali-idealnya-begini-jawaban-seksolog-dr-boyke,No,Adult: Sexual content,Restricted ad serving,ca-pub-7784034061253020,1500,2024-07-31,2024-08-06
makassar.tribunnews.com,Page,N/A,N/A,makassar.tribunnews.com/2018/01/06/video-viral-tante-vs-bocah-anak-anak-itu-sebenarnya-tolak-hubungan-badan-tapi-diimingi-ini,Yes,Ads Disguised as Content;Adult: Sexual content,Restricted ad serving,ca-pub-7784034061253020,1500,2024-07-31,2024-08-06
aceh.tribunnews.com,Page,N/A,N/A,aceh.tribunnews.com/tafakur,No,Google-served ads obscuring content,Restricted ad serving,ca-pub-7784034061253020,1500,2024-07-31,2024-08-06
surabaya.tribunnews.com,Page,N/A,N/A,surabaya.tribunnews.com/404,Yes,Google-served ads on screens without publisher-content,Restricted ad serving,ca-pub-7784034061253020,1500,2024-07-31,2024-08-06
bangka.tribunnews.com,Page,N/A,N/A,bangka.tribunnews.com/2020/10/12/5-posisi-bercinta-agar-perempuan-raih-kepuasan-wot-hingga-sideways-straddle?page=all,No,Adult: Sexual content,Restricted ad serving,ca-pub-7784034061253020,1500,2024-07-31,2024-08-06
jambi.tribunnews.com,Page,N/A,N/A,jambi.tribunnews.com/2020/12/19/daftar-6-film-miyabi-maria-ozawa-judul-irokoishi-sd-nilalang-yang-paling-santai,No,Adult: Sexual content,Restricted ad serving,ca-pub-7784034061253020,1500,2024-07-31,2024-08-06
jatim.tribunnews.com,Page,N/A,N/A,jatim.tribunnews.com/2024/07/19/sosok-suami-jennifer-coppen-yang-tewas-kecelakaan-pesan-terakhir-ayah-kamari-ke-istri-bahas-maut,No,Shocking content,Restricted ad serving,ca-pub-7784034061253020,1500,2024-07-31,2024-08-06
pekanbaru.tribunnews.com,Page,N/A,N/A,pekanbaru.tribunnews.com/2023/03/11/lagi-link-mediafire-video-viral-12-menit-erika-prank-ojol-beredar-d-twitter,No,Adult: Sexual content,Restricted ad serving,ca-pub-7784034061253020,1500,2024-07-31,2024-08-06
palembang.tribunnews.com,Page,N/A,N/A,palembang.tribunnews.com/2016/06/15/tidak-disetujui-nikah-dini-saya-sering-gituan-dengan-jari-tangan-bolehkah,No,Adult: Sexual content,Restricted ad serving,ca-pub-7784034061253020,1400,2024-07-31,2024-08-06
aceh.tribunnews.com,Page,N/A,N/A,aceh.tribunnews.com/2024/07/11/tiga-manfaat-daun-sirih-untuk-organ-intim-dan-mimisan-dr-boyke-ini-takaran-dan-cara-menggunakannya,No,Adult: Sexual content,Restricted ad serving,ca-pub-7784034061253020,1400,2024-07-31,2024-08-06
wartakota.tribunnews.com,Page,N/A,N/A,wartakota.tribunnews.com/2020/10/21/ternyata-ini-arti-mimpi-berhubungan-intim-dengan-banyak-orang,Yes,Ads Disguised as Content;Adult: Sexual content,Restricted ad serving,ca-pub-7784034061253020,1400,2024-07-31,2024-08-06
pekanbaru.tribunnews.com,Page,N/A,N/A,pekanbaru.tribunnews.com/2024/08/04/kejinya-cara-asep-habisi-nyawa-irma-novita-sari-jasad-dilempar-melalui-jendela-sebelum-diseret,No,Shocking content,Restricted ad serving,ca-pub-7784034061253020,1400,2024-08-03,2024-08-05
pekanbaru.tribunnews.com,Page,N/A,N/A,pekanbaru.tribunnews.com/2023/07/06/link-video-viral-acha-viral-cewek-tobrut-beredar-tobrut-adalah-bahasa-gaul,No,Adult: Sexual content,Restricted ad serving,ca-pub-7784034061253020,1400,2024-07-31,2024-08-06
jatim.tribunnews.com,Page,N/A,N/A,jatim.tribunnews.com/2024/08/04/kelakuan-mahasiswa-tabrak-emak-emak-hingga-tewas-ngaku-dalam-pengaruh-alkohol-positif-narkoba?page=3,No,Adult: Sexual content,Restricted ad serving,ca-pub-7784034061253020,1400,2024-08-04,2024-08-05
suryamalang.tribunnews.com,Page,N/A,N/A,suryamalang.tribunnews.com/2024/07/15/foto-puluhan-cewek-gresik-diedit-dengan-pose-telanjang-pelaku-punya-fantasi-seksual-agak-lain,No,Adult: Sexual content,Restricted ad serving,ca-pub-7784034061253020,1400,2024-07-31,2024-08-06
sumsel.tribunnews.com,Page,N/A,N/A,sumsel.tribunnews.com/2021/07/06/arti-kata-bullshit-dalam-bahasa-gaul-yang-populer-di-media-sosial-ternyata-ini-pengertiannya,Yes,Content obscuring Google-served ads;Encouraging accidental clicks: Layout,Restricted ad serving,ca-pub-7784034061253020,1400,2024-07-31,2024-08-06
www.tribunnews.com,Page,N/A,N/A,www.tribunnews.com/kesehatan/2021/07/16/manfaat-minyak-zaitun-untuk-pria-benarkah-bisa-memperbesar-alat-vital-ahli-beberkan-faktanya,Yes,Ads Disguised as Content;Adult: Sexual content,Restricted ad serving,ca-pub-7784034061253020,1300,2024-07-31,2024-08-06
aceh.tribunnews.com,Page,N/A,N/A,aceh.tribunnews.com/2024/05/02/ingat-hubungan-suami-istri-full-tanpa-busana-sah-buya-yahyaafdalnya-pakai-selimut-karena-sunnah,No,Adult: Sexual content,Restricted ad serving,ca-pub-7784034061253020,1300,2024-07-31,2024-08-06
aceh.tribunnews.com,Page,N/A,N/A,aceh.tribunnews.com/2024/08/01/mempersingkat-atau-menghentikan-haid-emang-bisa-seksolog-dr-boyke-ini-obatnya?page=3,No,Adult: Sexual content,Restricted ad serving,ca-pub-7784034061253020,1300,2024-08-05,2024-08-06
jambi.tribunnews.com,Page,N/A,N/A,jambi.tribunnews.com/2024/05/16/video-skandal-20-detik-diduga-mahasiswi-di-jambi-viral-warganet-cantik-ceweknya,No,Adult: Sexual content,Restricted ad serving,ca-pub-7784034061253020,1300,2024-07-31,2024-08-06
bangka.tribunnews.com,Page,N/A,N/A,bangka.tribunnews.com/2021/03/29/18-situs-link-nonton-film-korea-jepang-india-full-movie-sub-indo-banyak-film-baru-di-sini-gratis,No,Adult: Sexual content,Restricted ad serving,ca-pub-7784034061253020,1300,2024-07-31,2024-08-06
bangka.tribunnews.com,Page,N/A,N/A,bangka.tribunnews.com/2022/07/21/ini-perbedaan-antara-pijat-plus-plus-dengan-pijat-kesehatan-jangan-sampai-salah,No,Adult: Sexual content,Restricted ad serving,ca-pub-7784034061253020,1300,2024-07-31,2024-08-06
bangka.tribunnews.com,Page,N/A,N/A,bangka.tribunnews.com/2017/09/14/bertobat-pemeran-tarzan-x-tinggalkan-film-biru-setelah-banyak-merenung?page=all,No,Adult: Sexual content,Restricted ad serving,ca-pub-7784034061253020,1300,2024-07-31,2024-08-06
jabar.tribunnews.com,Page,N/A,N/A,jabar.tribunnews.com/2024/08/03/tim-khusus-kasus-vina-bentukan-kapolri-sudah-punya-gambaran-dan-kronologi-lengkap-dari-awal,No,Shocking content,Restricted ad serving,ca-pub-7784034061253020,1300,2024-08-03,2024-08-06
pekanbaru.tribunnews.com,Page,N/A,N/A,pekanbaru.tribunnews.com/2017/11/09/pernah-dengar-threesome-begini-5-faktanya-yang-ditemukan-seorang-peneliti,Yes,Ads Disguised as Content,Restricted ad serving,ca-pub-7784034061253020,1300,2024-07-31,2024-08-06
aceh.tribunnews.com,Page,N/A,N/A,aceh.tribunnews.com/2022/06/22/berapa-lama-suami-butuh-waktu-istirahat-sebelum-memasuki-ronde-kedua-begini-kata-dr-boyke,No,Adult: Sexual content,Restricted ad serving,ca-pub-7784034061253020,1300,2024-07-31,2024-08-06
aceh.tribunnews.com,Page,N/A,N/A,aceh.tribunnews.com/2024/07/11/dear-para-gadis-dr-boyke-bagikan-tiga-tips-atasi-keputihan-jangan-makan-nanas,No,Adult: Sexual content,Restricted ad serving,ca-pub-7784034061253020,1200,2024-08-05,2024-08-06
jogja.tribunnews.com,Page,N/A,N/A,jogja.tribunnews.com/2023/11/18/materi-ipa-kelas-ix-alat-reproduksi-wanita-fungsi-dan-metode-mudah-menghafal,No,Adult: Sexual content,Restricted ad serving,ca-pub-7784034061253020,1200,2024-07-31,2024-08-05
pontianak.tribunnews.com,Page,N/A,N/A,pontianak.tribunnews.com/kalbar/kapuashulu,Yes,Encouraging accidental clicks: Layout,Restricted ad serving,ca-pub-7784034061253020,1200,2024-07-31,2024-08-06
sultra.tribunnews.com,Page,N/A,N/A,sultra.tribunnews.com/2023/04/11/video-ojol-sama-ayam-viral-di-tiktok-dan-twitter-aksi-pemeran-lelaki-dianggap-meresahkan,No,Adult: Sexual content,Restricted ad serving,ca-pub-7784034061253020,1200,2024-07-31,2024-08-06
aceh.tribunnews.com,Page,N/A,N/A,aceh.tribunnews.com/2022/11/21/sudah-menikah-tapi-masih-sering-masturbasi-normalkah-begini-jawaban-seksolog-dr-boyke,No,Adult: Sexual content,Restricted ad serving,ca-pub-7784034061253020,1200,2024-07-31,2024-08-06
style.tribunnews.com,Page,N/A,N/A,style.tribunnews.com/2021/07/30/tontonan-dewasa-5-anime-18-ini-penuh-adegan-fanservice-jangan-nonton-bareng-anak-kecil,No,Adult: Sexual content,Restricted ad serving,ca-pub-7784034061253020,1200,2024-07-31,2024-08-06
trends.tribunnews.com,Page,N/A,N/A,trends.tribunnews.com/2024/07/09/kunci-jawaban-mengenai-pendidikan-dengan-perspektif-global-khd-menyebutkan-bahwa-guru-sebaiknya,No,Shocking content,Restricted ad serving,ca-pub-7784034061253020,1200,2024-08-06,2024-08-06
kupang.tribunnews.com,Page,N/A,N/A,kupang.tribunnews.com/2017/12/09/tanpa-sensor-para-pemain-di-lima-film-ini-benar-benar-lakukan-adegan-ranjang-di-depan-kamera?page=2,Yes,Adult: Sexual content;Site Behavior: Navigation,Restricted ad serving,ca-pub-7784034061253020,1200,2024-07-31,2024-08-06
makassar.tribunnews.com,Page,N/A,N/A,makassar.tribunnews.com/2022/11/02/enam-ciri-ciri-fisik-perempuan-jika-tak-lagi-perawan-bisa-ketahuan-dilihat-dari-jarak-jauh,No,Adult: Sexual content,Restricted ad serving,ca-pub-7784034061253020,1200,2024-07-31,2024-08-06
makassar.tribunnews.com,Page,N/A,N/A,makassar.tribunnews.com/2017/12/13/6-cara-tahu-wanita-tak-perawan-nomor-1-hidung-nomor-2-mata-nomor-5-telapak-tangan,No,Shocking content,Restricted ad serving,ca-pub-7784034061253020,1200,2024-07-31,2024-08-06
pekanbaru.tribunnews.com,Page,N/A,N/A,pekanbaru.tribunnews.com/2023/03/05/ini-sebenarnya-arti-cim-cif-dalam-bahasa-gaul-istilah-dewasa-dalam-berhubungan,No,Adult: Sexual content,Restricted ad serving,ca-pub-7784034061253020,1100,2024-07-31,2024-08-06
pekanbaru.tribunnews.com,Page,N/A,N/A,pekanbaru.tribunnews.com/2023/09/04/link-video-viral-artis-malaysia-ms-puiyi-onlyfans-beredar-di-twitter,No,Adult: Sexual content,Restricted ad serving,ca-pub-7784034061253020,1100,2024-07-31,2024-08-06
aceh.tribunnews.com,Page,N/A,N/A,aceh.tribunnews.com/2023/01/03/resmi-naik-ini-daftar-harga-rokok-di-alfamart-dan-indomaret-januari-2023,No,Tobacco,Restricted ad serving,ca-pub-7784034061253020,1100,2024-07-31,2024-08-06
aceh.tribunnews.com,Page,N/A,N/A,aceh.tribunnews.com/2024/08/05/ini-sosok-perempuan-hilang-7-bulan-dan-ditemukan-dikubur-sempat-dijemput-mantan-suami,No,Shocking content,Restricted ad serving,ca-pub-7784034061253020,1100,2024-08-04,2024-08-06
surabaya.tribunnews.com,Page,N/A,N/A,surabaya.tribunnews.com/2020/11/10/lirik-dan-arti-sholawat-law-kana-bainanal-habib,No,Google-served ads obscuring content,Restricted ad serving,ca-pub-7784034061253020,1100,2024-07-31,2024-08-06
wartakota.tribunnews.com,Page,N/A,N/A,wartakota.tribunnews.com/2020/07/12/ciri-ciri-organ-intim-wanita-sudah-tak-perawan-lagi,No,Adult: Sexual content,Restricted ad serving,ca-pub-7784034061253020,1100,2024-07-31,2024-08-06
wartakota.tribunnews.com,Page,N/A,N/A,wartakota.tribunnews.com/tag/video-panas-ariel-noah-dengan-cut-tari,Yes,Google-served ads on screens without publisher-content,Restricted ad serving,ca-pub-7784034061253020,1100,2024-07-31,2024-08-06
manado.tribunnews.com,Page,N/A,N/A,manado.tribunnews.com/2019/07/24/ternyata-status-whatsapp-kamu-tersimpan-di-folder-ini-bisa-buka-kapan-saja-begini-caranya,No,Google-served ads obscuring content,Restricted ad serving,ca-pub-7784034061253020,1100,2024-07-31,2024-08-06
bangka.tribunnews.com,Page,N/A,N/A,bangka.tribunnews.com/2024/07/25/pengendara-ojol-yang-tewas-dibacok-odgj-di-kendari-bukan-driver-maxim,No,Shocking content,Restricted ad serving,ca-pub-7784034061253020,1100,2024-08-02,2024-08-05
bangka.tribunnews.com,Page,N/A,N/A,bangka.tribunnews.com/2016/04/01/inilah-5-tanda-tanda-wanita-yang-baru-saja-berhubungan-cinta,No,Adult: Sexual content,Restricted ad serving,ca-pub-7784034061253020,1100,2024-07-31,2024-08-06
pekanbaru.tribunnews.com,Page,N/A,N/A,pekanbaru.tribunnews.com/2023/06/02/arti-bbw-dalam-bahasa-gaul-digunakan-khusus-untuk-cewek,No,Google-served ads obscuring content,Restricted ad serving,ca-pub-7784034061253020,1100,2024-07-31,2024-08-06
www.tribunnewswiki.com,Page,N/A,N/A,www.tribunnewswiki.com/2024/07/20/belum-tentu-ngebut-penyebab-dali-wassink-meninggal-kecelakaan-motor-fix-karena-out-of-control,No,Shocking content,Restricted ad serving,ca-pub-7784034061253020,1100,2024-07-31,2024-08-06
sulbar.tribunnews.com,Page,N/A,N/A,sulbar.tribunnews.com/2022/12/14/link-full-video-kebaya-merah-dan-kebaya-ungu-tanpa-sensor-masih-viral-di-twitter-tiktok-telegram,No,Adult: Sexual content,Restricted ad serving,ca-pub-7784034061253020,1100,2024-07-31,2024-08-06
medan.tribunnews.com,Page,N/A,N/A,medan.tribunnews.com/2022/02/05/resep-sup-sayur-iga-babi-makanan-non-halal-yang-mudah-dibuat-di-rumah,Yes,Modified ad code: Resizing Ad Frames,Restricted ad serving,ca-pub-7784034061253020,1100,2024-07-31,2024-08-06
style.tribunnews.com,Page,N/A,N/A,style.tribunnews.com/2023/01/02/5-anime-penuh-adegan-panas-18-dilarang-tayang-di-indonesia-ada-school-days-kiss-x-sis,No,Adult: Sexual content,Restricted ad serving,ca-pub-7784034061253020,1100,2024-07-31,2024-08-06
aceh.tribunnews.com,Page,N/A,N/A,aceh.tribunnews.com/2024/08/05/ini-sosok-perempuan-hilang-7-bulan-dan-ditemukan-dikubur-sempat-dijemput-mantan-suami?page=2,No,Shocking content,Restricted ad serving,ca-pub-7784034061253020,1000,2024-08-04,2024-08-05
padang.tribunnews.com,Page,N/A,N/A,padang.tribunnews.com/2022/11/03/kunci-jawaban-ipa-kelas-9-halaman-47-48-bagian-testis-yang-berperan-dalam-produksi-sperma?page=2,No,Adult: Sexual content,Restricted ad serving,ca-pub-7784034061253020,1000,2024-07-31,2024-08-06
aceh.tribunnews.com,Page,N/A,N/A,aceh.tribunnews.com/2024/07/05/bentuk-fisik-orang-yang-tidak-perawan-begini-kata-seksolog-dr-boyke-bisa-dilihat-dari-ciri-fisik,No,Adult: Sexual content,Restricted ad serving,ca-pub-7784034061253020,1000,2024-07-31,2024-08-06
style.tribunnews.com,Page,N/A,N/A,style.tribunnews.com/2017/06/24/ingin-tahan-lama-saat-diranjang-cukup-gunakan-ramuan-sawo-mentah-ini-begini-caranya,No,Adult: Sexual content,Restricted ad serving,ca-pub-7784034061253020,1000,2024-07-31,2024-08-06
bangka.tribunnews.com,Page,N/A,N/A,bangka.tribunnews.com/2020/03/03/18-situs-download-film-indonesia-korea-jepang-india-hingga-hollywood-full-movie-sub-indo-lengkap,No,Adult: Sexual content,Restricted ad serving,ca-pub-7784034061253020,1000,2024-07-31,2024-08-06
aceh.tribunnews.com,Page,N/A,N/A,aceh.tribunnews.com/2024/04/22/pasien-anak-smp-hamil-tapi-masih-perawan-ternyata-ini-penyebabnya,No,Adult: Sexual content,Restricted ad serving,ca-pub-7784034061253020,1000,2024-07-31,2024-08-06
medan.tribunnews.com,Page,N/A,N/A,medan.tribunnews.com/2023/01/16/4-tips-masturbasi-yang-aman-jangan-pakai-sabun-bolong-simak-penjelasan-seksolog-dr-dina,No,Adult: Sexual content,Restricted ad serving,ca-pub-7784034061253020,1000,2024-07-31,2024-08-06
jogja.tribunnews.com,Page,N/A,N/A,jogja.tribunnews.com/2023/08/28/15-arti-suara-burung-gagak-di-siang-hari,No,Shocking content,Restricted ad serving,ca-pub-7784034061253020,1000,2024-07-31,2024-08-06
aceh.tribunnews.com,Page,N/A,N/A,aceh.tribunnews.com/2022/09/15/istri-perlu-tahu-begini-cara-puaskan-suami-jika-sedang-haid-jangan-biarkan-pasangan-anda-buat-dosa?page=3,No,Adult: Sexual content,Restricted ad serving,ca-pub-7784034061253020,1000,2024-07-31,2024-08-06
surabaya.tribunnews.com,Page,N/A,N/A,surabaya.tribunnews.com/2024/08/04/bikin-syok-pamer-alat-kelamin-dan-onani-didepan-emak-emak-di-gresikdriver-ojol-ini-diamankan,No,Adult: Sexual content,Restricted ad serving,ca-pub-7784034061253020,1000,2024-08-03,2024-08-05
jatim.tribunnews.com,Page,N/A,N/A,jatim.tribunnews.com/2024/08/04/kelakuan-mahasiswa-tabrak-emak-emak-hingga-tewas-ngaku-dalam-pengaruh-alkohol-positif-narkoba?page=4,No,Adult: Sexual content,Restricted ad serving,ca-pub-7784034061253020,1000,2024-08-04,2024-08-05
m.tribunnews.com,Page,N/A,N/A,m.tribunnews.com/sport/2024/08/05/federasi-spanyol-ambil-tindakan-untuk-carolina-marin-minta-ioc-pikir-pikir-berikan-medali?page=2,No,Adult: Sexual content,Restricted ad serving,ca-pub-7784034061253020,986,2024-08-04,2024-08-05
m.tribunnews.com,Page,N/A,N/A,m.tribunnews.com/kesehatan/2019/04/04/saat-bercinta-ini-6-tahapan-yang-dirasakan-perempuan-sampai-orgasme,No,Adult: Sexual content,Restricted ad serving,ca-pub-7784034061253020,967,2024-07-31,2024-08-06
pekanbaru.tribunnews.com,Page,N/A,N/A,pekanbaru.tribunnews.com/2022/03/18/7-artis-cantik-korea-ini-pernah-berhubungan-badan-tanpa-sensor-aktor-yang-melayani-sangat-nikmat,No,Adult: Sexual content,Restricted ad serving,ca-pub-7784034061253020,963,2024-07-31,2024-08-06
wartakota.tribunnews.com,Page,N/A,N/A,wartakota.tribunnews.com/epaper/,No,Google-served ads obscuring content,Restricted ad serving,ca-pub-7784034061253020,957,2024-07-31,2024-08-06
bekasi.tribunnews.com,Page,N/A,N/A,bekasi.tribunnews.com/2022/07/27/daftar-film-semi-jepang-terbaru-2022-kisah-menantu-dan-mertua-selingkuh-yang-paling-laris-ditonton,No,Adult: Sexual content,Restricted ad serving,ca-pub-7784034061253020,943,2024-07-31,2024-08-06
bangka.tribunnews.com,Page,N/A,N/A,bangka.tribunnews.com/2022/04/04/inilah-daftar-harga-rokok-di-indomaret-april-2022-gudang-garam-merah-rp14000?page=all,No,Shocking content;Tobacco,Restricted ad serving,ca-pub-7784034061253020,942,2024-07-31,2024-08-06
bekasi.tribunnews.com,Page,N/A,N/A,bekasi.tribunnews.com/2022/10/19/film-jepang-terbaru-2022-cocok-ditonton-untuk-pasangan-baru-menikah-bikin-hubungan-semakin-lengket,No,Adult: Sexual content,Restricted ad serving,ca-pub-7784034061253020,938,2024-08-01,2024-08-04
wartakota.tribunnews.com,Page,N/A,N/A,wartakota.tribunnews.com/2024/06/05/hotman-paris-sebut-razman-nasution-sosok-tidak-tahu-malu-cari-nama-di-kasus-vina-cirebon,No,Shocking content,Restricted ad serving,ca-pub-7784034061253020,937,2024-08-01,2024-08-06
jambi.tribunnews.com,Page,N/A,N/A,jambi.tribunnews.com/2020/10/31/obat-kuat-bawang-putih-campuran-kopi-hitam-dan-madu-hingga-jahe-campur-madu,Yes,Ads Disguised as Content,Restricted ad serving,ca-pub-7784034061253020,935,2024-07-31,2024-08-06
www.tribunnews.com,Page,N/A,N/A,www.tribunnews.com/kesehatan/2018/04/08/perawan-atau-tidak-bisa-dilihat-dari-cara-berjalan-dokter-ungkap-fakta-sesungguhnya,No,Adult: Sexual content,Restricted ad serving,ca-pub-7784034061253020,933,2024-07-31,2024-08-06
aceh.tribunnews.com,Page,N/A,N/A,aceh.tribunnews.com/2024/05/02/bolehkan-hubungan-suami-istri-tanpa-busana-full-begini-hukumnya-kata-buya-yahya,No,Adult: Sexual content,Restricted ad serving,ca-pub-7784034061253020,925,2024-07-31,2024-08-06
kupang.tribunnews.com,Page,N/A,N/A,kupang.tribunnews.com/2017/12/09/tanpa-sensor-para-pemain-di-lima-film-ini-benar-benar-lakukan-adegan-ranjang-di-depan-kamera?page=3,No,Adult: Sexual content,Restricted ad serving,ca-pub-7784034061253020,919,2024-07-31,2024-08-06
aceh.tribunnews.com,Page,N/A,N/A,aceh.tribunnews.com/2023/04/04/wanita-tidak-berdarah-saat-pertama-kali-berhubungan-intim-normal-atau-tidak-ini-penjelasan-dokter,No,Adult: Sexual content,Restricted ad serving,ca-pub-7784034061253020,919,2024-07-31,2024-08-06
bali.tribunnews.com,Page,N/A,N/A,bali.tribunnews.com/2022/01/24/6-arti-mimpi-tentang-ular-berkepala-dua-sebuah-pertanda-yang-harus-diperhatikan,No,Shocking content,Restricted ad serving,ca-pub-7784034061253020,913,2024-07-31,2024-08-06
bali.tribunnews.com,Page,N/A,N/A,bali.tribunnews.com/2024/07/18/tragedi-kecelakaan-suami-jennifer-coppen-meninggal-hilang-kendali-tabrak-pembatas-pulau-jalan,No,Shocking content,Restricted ad serving,ca-pub-7784034061253020,902,2024-07-31,2024-08-06
aceh.tribunnews.com,Page,N/A,N/A,aceh.tribunnews.com/2024/06/29/dr-boyke-ungkap-cara-mengetahui-perempuan-masih-perawan-atau-tidak-apa-bisa-dilihat-dari-fisik,No,Adult: Sexual content,Restricted ad serving,ca-pub-7784034061253020,895,2024-07-31,2024-08-06
trends.tribunnews.com,Page,N/A,N/A,trends.tribunnews.com/2023/12/07/apa-arti-pijat-plus-plus-istilah-viral-tiktok-sering-muncul-dalam-bahasa-gaul-ini-maknanya?page=all,No,Adult: Sexual content,Restricted ad serving,ca-pub-7784034061253020,855,2024-07-31,2024-08-06
bekasi.tribunnews.com,Page,N/A,N/A,bekasi.tribunnews.com/2022/07/28/rekomendasi-film-semi-barat-terbaru-yang-cocok-ditonton-bareng-pasangan-di-rumah-khusus-dewasa-lho,No,Adult: Sexual content,Restricted ad serving,ca-pub-7784034061253020,842,2024-07-31,2024-08-06
wartakota.tribunnews.com,Page,N/A,N/A,wartakota.tribunnews.com/2016/02/13/5-manfaat-gunakan-vibrator-bagi-wanita,No,Adult: Sexual content,Restricted ad serving,ca-pub-7784034061253020,831,2024-07-31,2024-08-06
bali.tribunnews.com,Page,N/A,N/A,bali.tribunnews.com/2018/01/27/ternyata-ini-rahasia-aktor-film-panas-tahan-sepanjang-film,No,Adult: Sexual content,Restricted ad serving,ca-pub-7784034061253020,829,2024-07-31,2024-08-06
aceh.tribunnews.com,Page,N/A,N/A,aceh.tribunnews.com/2023/08/12/ini-bahaya-menonton-film-biru-atau-pornografi-bagi-otak-menurut-dr-boyke,No,Adult: Sexual content,Restricted ad serving,ca-pub-7784034061253020,828,2024-07-31,2024-08-05
bogor.tribunnews.com,Page,N/A,N/A,bogor.tribunnews.com/2024/01/14/arti-mimpi-bercinta-dengan-sesama-jenis-menurut-primbon-bisa-jadi-sinyal-buruk-untuk-karir,No,Adult: Sexual content,Restricted ad serving,ca-pub-7784034061253020,827,2024-08-01,2024-08-05
jateng.tribunnews.com,Page,N/A,N/A,jateng.tribunnews.com/2024/07/18/7-cara-gampang-nonton-video-viral-jepang-terbaru-hari-ini-kamis-18-juli-2024-di-yandex-tanpa-vpn,No,Adult: Sexual content,Restricted ad serving,ca-pub-7784034061253020,808,2024-07-31,2024-08-05
jambi.tribunnews.com,Page,N/A,N/A,jambi.tribunnews.com/2018/11/09/trik-membangkitkan-gairah-gituan-untuk-diri-sendiri-wanita-wajib-baca,No,Adult: Sexual content,Restricted ad serving,ca-pub-7784034061253020,808,2024-07-31,2024-08-06
lampung.tribunnews.com,Page,N/A,N/A,lampung.tribunnews.com/2018/01/02/ini-penjelasan-dokter-tentang-miss-v-tembem-yang-bikin-suami-heran,No,Adult: Sexual content,Restricted ad serving,ca-pub-7784034061253020,800,2024-07-31,2024-08-06
sultra.tribunnews.com,Page,N/A,N/A,sultra.tribunnews.com/2022/10/29/link-video-viral-lombok-vc-tak-senonoh-beredar-di-tiktok-facebook-twitter-telegram-sosok-pemeran,Yes,Ads Disguised as Content,Restricted ad serving,ca-pub-7784034061253020,799,2024-07-31,2024-08-06
bekasi.tribunnews.com,Page,N/A,N/A,bekasi.tribunnews.com/2022/10/05/film-jepang-terbaru-2022-yang-hanya-boleh-disaksikan-untuk-penonton-usia-18-tahun-ke-atas-apa-saja,No,Adult: Sexual content,Restricted ad serving,ca-pub-7784034061253020,798,2024-07-31,2024-08-04
pekanbaru.tribunnews.com,Page,N/A,N/A,pekanbaru.tribunnews.com/2023/06/13/syakirah-viral-twitter-dan-link-video-viral-durasi-2-menit-dan-24-video-dicari,No,Adult: Sexual content,Restricted ad serving,ca-pub-7784034061253020,794,2024-07-31,2024-08-06
aceh.tribunnews.com,Page,N/A,N/A,aceh.tribunnews.com/2021/12/22/nafsu-bergejolak-dan-ingin-masturbasi-apa-yang-harus-dilakukan-ini-penjelasan-buya-yahya,No,Adult: Sexual content,Restricted ad serving,ca-pub-7784034061253020,793,2024-07-31,2024-08-06
belitung.tribunnews.com,Page,N/A,N/A,belitung.tribunnews.com/2024/07/31/kronologis-tewasnya-gudet-terungkap-dari-10-adegan-rekonstruksi-di-desa-tanjung-binga-belitung,No,Shocking content,Restricted ad serving,ca-pub-7784034061253020,784,2024-08-02,2024-08-05
pekanbaru.tribunnews.com,Page,N/A,N/A,pekanbaru.tribunnews.com/2023/12/14/baby-suji-viral-dijuliki-tiktoker-dan-selebgram-tobrut-link-video-viral-disebar-di-twitter,No,Adult: Sexual content,Restricted ad serving,ca-pub-7784034061253020,782,2024-07-31,2024-08-06
bangka.tribunnews.com,Page,N/A,N/A,bangka.tribunnews.com/2023/12/27/harga-rokok-2024-naik-harga-sampoerna-mild-surya-la-djarum-marlboro-diprediksi-jadi-segini,No,Tobacco,Restricted ad serving,ca-pub-7784034061253020,782,2024-08-01,2024-08-06
makassar.tribunnews.com,Page,N/A,N/A,makassar.tribunnews.com/2024/08/06/viral-video-bayi-di-makassar-disiksa-pacar-ibunya-korban-diayun-keras-lalu-dilempar-ke-udara,No,Shocking content,Restricted ad serving,ca-pub-7784034061253020,778,2024-08-05,2024-08-06
m.tribunnews.com,Page,N/A,N/A,m.tribunnews.com/regional,No,Adult: Sexual content,Restricted ad serving,ca-pub-7784034061253020,777,2024-08-06,2024-08-06
pontianak.tribunnews.com,Page,N/A,N/A,pontianak.tribunnews.com/2024/03/12/daftar-caleg-terpilih-dprd-kabupaten-musi-banyuasin-2024-2029-hasil-rekapitulasi-suara-pemilu-2024,No,Google-served ads obscuring content,Restricted ad serving,ca-pub-7784034061253020,776,2024-07-31,2024-08-06
bangka.tribunnews.com,Page,N/A,N/A,bangka.tribunnews.com/2022/07/31/3-gerakan-yang-disukai-wanita-agar-capai-klimaks-inez-kristanti-naik-turun-dan-beritme,No,Adult: Sexual content,Restricted ad serving,ca-pub-7784034061253020,772,2024-07-31,2024-08-06
aceh.tribunnews.com,Page,N/A,N/A,aceh.tribunnews.com/2022/12/09/uas-sebut-jangan-berhubungan-intim-ketika-adzan-berkumandang-dr-boyke-sebaiknya-sebelum-shubuh,No,Adult: Sexual content,Restricted ad serving,ca-pub-7784034061253020,771,2024-07-31,2024-08-06
aceh.tribunnews.com,Page,N/A,N/A,aceh.tribunnews.com/2024/07/06/5-alasan-pria-sulit-menghamili-pasangannya-dr-boyke-sering-pakai-celana-jeans-yang-ketat,No,Adult: Sexual content,Restricted ad serving,ca-pub-7784034061253020,769,2024-08-06,2024-08-06
makassar.tribunnews.com,Page,N/A,N/A,makassar.tribunnews.com/2020/07/31/ini-29-aplikasi-link-nonton-film-online-film-dewasa-drakor-download-film-mirip-indoxxi-gratis,No,Adult: Sexual content,Restricted ad serving,ca-pub-7784034061253020,768,2024-07-31,2024-08-06
makassar.tribunnews.com,Page,N/A,N/A,makassar.tribunnews.com/2022/11/01/tak-hanya-bentuk-payudara-kenali-lima-ciri-ciri-fisik-lain-wanita-tak-perawan-lagi,No,Adult: Sexual content,Restricted ad serving,ca-pub-7784034061253020,767,2024-07-31,2024-08-06
makassar.tribunnews.com,Page,N/A,N/A,makassar.tribunnews.com/2019/10/18/efek-tisu-magic-belum-habis-psk-cantik-minta-ridwan-yang-lagi-di-puncak-berhenti-akhirnya-tragis,No,Adult: Sexual content,Restricted ad serving,ca-pub-7784034061253020,767,2024-07-31,2024-08-06
www.tribunnews.com,Page,N/A,N/A,www.tribunnews.com/regional/2024/08/02/kronologis-suami-bunuh-istri-di-bandung-dipicu-cemburu-hingga-kubur-korban-di-belakang-rumah,No,Shocking content,Restricted ad serving,ca-pub-7784034061253020,765,2024-08-02,2024-08-04
pekanbaru.tribunnews.com,Page,N/A,N/A,pekanbaru.tribunnews.com/2020/10/29/ciri-ciri-wanita-pernah-berhubungan-badan-hingga-tak-virgin-dan-ciri-ciri-wanita-perawan,No,Adult: Sexual content,Restricted ad serving,ca-pub-7784034061253020,764,2024-07-31,2024-08-06
banjarmasin.tribunnews.com,Page,N/A,N/A,banjarmasin.tribunnews.com/kalsel/tapin,No,Google-served ads obscuring content,Restricted ad serving,ca-pub-7784034061253020,759,2024-07-31,2024-08-06
medan.tribunnews.com,Page,N/A,N/A,medan.tribunnews.com/2021/01/30/sudah-1-dekade-main-film-panas-peran-pertama-kakek-sugiono-tokuda-jadi-guru-nakal-ozawa-muridnya,No,Adult: Sexual content,Restricted ad serving,ca-pub-7784034061253020,758,2024-07-31,2024-08-06
bali.tribunnews.com,Page,N/A,N/A,bali.tribunnews.com/2021/04/22/aquarius-dan-4-zodiak-ini-punya-gairah-seks-yang-tinggi-bagaimana-dengan-pasangan-kamu,No,Adult: Sexual content,Restricted ad serving,ca-pub-7784034061253020,752,2024-07-31,2024-08-06
aceh.tribunnews.com,Page,N/A,N/A,aceh.tribunnews.com/2022/01/15/cara-mudah-membuat-ramuan-obat-kuat-pria-di-ranjang-dengan-bahan-alami,No,Adult: Sexual content,Restricted ad serving,ca-pub-7784034061253020,748,2024-07-31,2024-08-06
aceh.tribunnews.com,Page,N/A,N/A,aceh.tribunnews.com/2022/09/30/6-cara-ini-bisa-bikin-istri-puas-di-ranjang-kata-dr-boyke-suami-wajib-tahu-tips-casonova-berikut,No,Adult: Sexual content,Restricted ad serving,ca-pub-7784034061253020,743,2024-07-31,2024-08-06
trends.tribunnews.com,Page,N/A,N/A,trends.tribunnews.com/2024/07/02/pasangan-suami-istri-nonton-film-dewasa-sebelum-berhubungan-apa-hukumnya-dalam-islam,No,Adult: Sexual content,Restricted ad serving,ca-pub-7784034061253020,742,2024-08-01,2024-08-06
jogja.tribunnews.com,Page,N/A,N/A,jogja.tribunnews.com/2022/06/08/5-gaya-bercinta-yang-bisa-tahan-lama-yang-mana-favorit-anda,No,Adult: Sexual content,Restricted ad serving,ca-pub-7784034061253020,734,2024-07-31,2024-08-06
priangan.tribunnews.com,Page,N/A,N/A,priangan.tribunnews.com/2023/03/09/tak-banyak-yang-tahu-inilah-5-bentuk-miss-v-yang-paling-disukai-kaum-pria,No,Adult: Sexual content,Restricted ad serving,ca-pub-7784034061253020,728,2024-08-01,2024-08-06
aceh.tribunnews.com,Page,N/A,N/A,aceh.tribunnews.com/2022/09/15/istri-perlu-tahu-begini-cara-puaskan-suami-jika-sedang-haid-jangan-biarkan-pasangan-anda-buat-dosa?page=4,No,Adult: Sexual content,Restricted ad serving,ca-pub-7784034061253020,727,2024-07-31,2024-08-06
bekasi.tribunnews.com,Page,N/A,N/A,bekasi.tribunnews.com/2022/12/06/deretan-film-jepang-terbaru-khusus-penonton-berusia-dewasa-berbahasa-indonesia-hingga-beresolusi-hd,Yes,Encouraging accidental clicks: Layout,Restricted ad serving,ca-pub-7784034061253020,726,2024-07-31,2024-08-06
pekanbaru.tribunnews.com,Page,N/A,N/A,pekanbaru.tribunnews.com/2021/07/03/viral-tiktok-andaikan-hp-ku-tidak-jatuh-ada-apa-dengan-rina-hole-film-anime-stuck-in-the-wall,Yes,Ads Disguised as Content,Restricted ad serving,ca-pub-7784034061253020,721,2024-07-31,2024-08-06
pekanbaru.tribunnews.com,Page,N/A,N/A,pekanbaru.tribunnews.com/2021/11/22/bahasa-gaul-kaum-dewasa-museum-hingga-ml-apa-arti-kata-museum-dan-arti-ml,Yes,Ads Disguised as Content;Adult: Sexual content,Restricted ad serving,ca-pub-7784034061253020,710,2024-07-31,2024-08-06
papua.tribunnews.com,Page,N/A,N/A,papua.tribunnews.com/2024/08/05/kkb-bunuh-pilot-helikopter-intan-angkasa-saat-antar-petugas-nakes-ke-distrik-alama-mimika,No,Shocking content,Restricted ad serving,ca-pub-7784034061253020,709,2024-08-05,2024-08-06
makassar.tribunnews.com,Page,N/A,N/A,makassar.tribunnews.com/2019/10/11/karena-sudah-keseringan-adik-kandung-ajak-duluan-kakak-berhubungan-badan-layaknya-suami-istri,No,Adult: Sexual content,Restricted ad serving,ca-pub-7784034061253020,708,2024-07-31,2024-08-06
bangka.tribunnews.com,Page,N/A,N/A,bangka.tribunnews.com/2022/01/19/selain-kejang-kejang-ini-ciri-ciri-lain-wanita-mengalami-orgasme-saat-berhubungan-kata-dr-boyke,No,Adult: Sexual content,Restricted ad serving,ca-pub-7784034061253020,700,2024-07-31,2024-08-06
bangka.tribunnews.com,Page,N/A,N/A,bangka.tribunnews.com/2021/11/12/tak-bisa-puaskan-istri-bolehkah-suami-gunakan-alat-ini-simak-solusinya-dari-buya-yahya,No,Adult: Sexual content,Restricted ad serving,ca-pub-7784034061253020,699,2024-07-31,2024-08-06
aceh.tribunnews.com,Page,N/A,N/A,aceh.tribunnews.com/2022/02/14/kopi-ternyata-bisa-jadi-obat-kuat-untuk-pria-syaratnya-harus-rutin-minum-jenis-ini,No,Adult: Sexual content,Restricted ad serving,ca-pub-7784034061253020,698,2024-07-31,2024-08-06
jogja.tribunnews.com,Page,N/A,N/A,jogja.tribunnews.com/2023/05/07/lirik-lagu-dan-terjemahan-snooze-sza-viral-tiktok-i-cant-lose-when-im-with-you-how-can-i-snooze,No,Adult: Sexual content,Restricted ad serving,ca-pub-7784034061253020,689,2024-07-31,2024-08-06
aceh.tribunnews.com,Page,N/A,N/A,aceh.tribunnews.com/2024/07/11/tiga-manfaat-daun-sirih-untuk-organ-intim-dan-mimisan-dr-boyke-ini-takaran-dan-cara-menggunakannya?page=2,No,Adult: Sexual content,Restricted ad serving,ca-pub-7784034061253020,679,2024-08-05,2024-08-06
bekasi.tribunnews.com,Page,N/A,N/A,bekasi.tribunnews.com/2022/07/27/khusus-dewasa-berikut-ini-daftar-film-semi-korea-2022-tentang-perselingkuhan-percintaan-dan-erotis,No,Adult: Sexual content,Restricted ad serving,ca-pub-7784034061253020,677,2024-07-31,2024-08-06
aceh.tribunnews.com,Page,N/A,N/A,aceh.tribunnews.com/2024/07/11/tiga-manfaat-daun-sirih-untuk-organ-intim-dan-mimisan-dr-boyke-ini-takaran-dan-cara-menggunakannya?page=3,No,Adult: Sexual content,Restricted ad serving,ca-pub-7784034061253020,676,2024-08-05,2024-08-06
batam.tribunnews.com,Page,N/A,N/A,batam.tribunnews.com/2024/08/05/joni-pria-yang-viral-panjat-tiang-bendera-dan-dijanjikan-jadi-tni-ternyata-gagal-karena-tinggi-badan,No,Shocking content,Restricted ad serving,ca-pub-7784034061253020,674,2024-08-05,2024-08-05
bangka.tribunnews.com,Page,N/A,N/A,bangka.tribunnews.com/2022/04/04/inilah-daftar-harga-rokok-di-indomaret-april-2022-gudang-garam-merah-rp14000,No,Tobacco,Restricted ad serving,ca-pub-7784034061253020,673,2024-07-31,2024-08-05
wow.tribunnews.com,Page,N/A,N/A,wow.tribunnews.com/2018/01/04/bongkar-isi-kepala-cowok-terkait-soal-seks-ungkap-alasan-kenapa-cowok-kerap-mikirin-seks,No,Adult: Sexual content,Restricted ad serving,ca-pub-7784034061253020,669,2024-07-31,2024-08-06
medan.tribunnews.com,Page,N/A,N/A,medan.tribunnews.com/sumut-terkini,No,Shocking content,Restricted ad serving,ca-pub-7784034061253020,669,2024-08-04,2024-08-05
madura.tribunnews.com,Page,N/A,N/A,madura.tribunnews.com/2023/07/05/daftar-harga-rokok-filter-di-indomaret-l-a-rokok-filter-ice-purple-rp-30-ribu-clas-mild-rp-21-ribu,No,Tobacco,Restricted ad serving,ca-pub-7784034061253020,664,2024-07-31,2024-08-06
wartakota.tribunnews.com,Page,N/A,N/A,wartakota.tribunnews.com/2024/07/25/cerita-abah-otong-ahli-terapi-kejantanan-pria-langganan-para-artis-tidak-sembarang-lakukan-terapi?source=kgnotif_1,No,Adult: Sexual content,Restricted ad serving,ca-pub-7784034061253020,663,2024-07-31,2024-08-06
medan.tribunnews.com,Page,N/A,N/A,medan.tribunnews.com/2024/07/27/ketakutan-ditilang-pengendara-motor-sport-tabrak-polisi-setelah-menerobos-lampu-merah-lalu-lintas?source=kgnotif_1,No,Shocking content,Restricted ad serving,ca-pub-7784034061253020,662,2024-07-31,2024-08-05
aceh.tribunnews.com,Page,N/A,N/A,aceh.tribunnews.com/2024/08/05/ini-sosok-perempuan-hilang-7-bulan-dan-ditemukan-dikubur-sempat-dijemput-mantan-suami?page=3,No,Shocking content,Restricted ad serving,ca-pub-7784034061253020,660,2024-08-04,2024-08-05
bekasi.tribunnews.com,Page,N/A,N/A,bekasi.tribunnews.com/2022/07/30/film-semi-thailand-terlaris-ditonton-mulai-dari-kisah-percintaan-dan-perselingkuhan-khusus-dewasa,No,Adult: Sexual content,Restricted ad serving,ca-pub-7784034061253020,659,2024-07-31,2024-08-06
belitung.tribunnews.com,Page,N/A,N/A,belitung.tribunnews.com/2017/08/13/cerita-mengapa-ada-orang-yang-meninggal-tersenyum,No,Shocking content,Restricted ad serving,ca-pub-7784034061253020,657,2024-07-31,2024-08-06
makassar.tribunnews.com,Page,N/A,N/A,makassar.tribunnews.com/2024/07/30/kala-jenderal-jebolan-akpol-91-bagi-bagi-tiket-umrah-untuk-pemandi-jenazah-di-jeneponto?source=kgnotif_1,No,Shocking content,Restricted ad serving,ca-pub-7784034061253020,654,2024-07-31,2024-08-05
lampung.tribunnews.com,Page,N/A,N/A,lampung.tribunnews.com/2017/02/19/4-film-ini-disebut-punya-adegan-intim-paling-parah-dibanding-50-shades-of-grey?page=all,No,Adult: Sexual content,Restricted ad serving,ca-pub-7784034061253020,647,2024-07-31,2024-08-05
jateng.tribunnews.com,Page,N/A,N/A,jateng.tribunnews.com/2024/06/07/empat-orang-dikeroyok-massa-di-sumbersoko-pati-yang-dikira-maling-ternyata-mau-ambil-mobil-rentalan?source=kgnotif_1,No,Shocking content,Restricted ad serving,ca-pub-7784034061253020,640,2024-07-31,2024-08-05
pekanbaru.tribunnews.com,Page,N/A,N/A,pekanbaru.tribunnews.com/2020/09/27/full-aplikasi-video-bokef-terbaik-2020-fitur-lengkap-video-bokeh-dengan-hasil-kinclong,No,Adult: Sexual content,Restricted ad serving,ca-pub-7784034061253020,637,2024-07-31,2024-08-06
medan.tribunnews.com,Page,N/A,N/A,medan.tribunnews.com/2021/08/26/uah-ungkap-rahasia-surat-ad-dhuha-dan-al-insyirah-selama-ini-belum-banyak-yang-tahu,Yes,Encouraging accidental clicks: Layout,Restricted ad serving,ca-pub-7784034061253020,633,2024-07-31,2024-08-06
wartakota.tribunnews.com,Page,N/A,N/A,wartakota.tribunnews.com/2020/07/12/ciri-ciri-organ-intim-wanita-sudah-tak-perawan-lagi?page=2,No,Adult: Sexual content,Restricted ad serving,ca-pub-7784034061253020,631,2024-07-31,2024-08-05
bekasi.tribunnews.com,Page,N/A,N/A,bekasi.tribunnews.com/2022/10/05/film-jepang-terbaru-2022-yang-hanya-boleh-disaksikan-untuk-penonton-usia-18-tahun-ke-atas-apa-saja?page=all,No,Adult: Sexual content,Restricted ad serving,ca-pub-7784034061253020,629,2024-07-31,2024-08-05
trends.tribunnews.com,Page,N/A,N/A,trends.tribunnews.com/2023/08/17/apa-arti-period-istilah-viral-tiktok-bahasa-gaul-sering-muncul-di-sosmed-ternyata-ini-maknanya,No,Adult: Sexual content,Restricted ad serving,ca-pub-7784034061253020,623,2024-08-03,2024-08-06
bangka.tribunnews.com,Page,N/A,N/A,bangka.tribunnews.com/2020/12/31/kecanduan-onani-ini-amalan-ampuh-untuk-menghentikannya-cukup-lakukan-hal-ini,No,Adult: Sexual content,Restricted ad serving,ca-pub-7784034061253020,622,2024-07-31,2024-08-04
sultra.tribunnews.com,Page,N/A,N/A,sultra.tribunnews.com/2023/05/01/video-viral-syakirah-full-album-link-videonya-yang-masih-marak-beredar-di-twitter-tiktok-yandex,No,Adult: Sexual content,Restricted ad serving,ca-pub-7784034061253020,619,2024-07-31,2024-08-06
pontianak.tribunnews.com,Page,N/A,N/A,pontianak.tribunnews.com/2018/02/05/puaskan-istri-saat-haid-begini-caranya-dalam-islam,No,Adult: Sexual content,Restricted ad serving,ca-pub-7784034061253020,612,2024-07-31,2024-08-06
batam.tribunnews.com,Page,N/A,N/A,batam.tribunnews.com/2020/09/02/ibu-guru-di-inggris-berhubungan-badan-sama-murid-di-lapangan-sekolah-rayu-siswa-kirim-foto-seksi,No,Adult: Sexual content,Restricted ad serving,ca-pub-7784034061253020,611,2024-08-01,2024-08-06
bangka.tribunnews.com,Page,N/A,N/A,bangka.tribunnews.com/2024/07/05/catat-daftar-tanggal-merah-dan-cuti-bersama-bulan-juli-2024,No,Shocking content,Restricted ad serving,ca-pub-7784034061253020,610,2024-08-01,2024-08-06
m.tribunnews.com,Page,N/A,N/A,m.tribunnews.com/internasional/2019/05/23/aktor-senior-film-dewasa-jepang-hubungan-pria-dan-wanita-terpenting-adalah-komunikasi,No,Adult: Sexual content;Shocking content,Restricted ad serving,ca-pub-7784034061253020,609,2024-07-31,2024-08-06
aceh.tribunnews.com,Page,N/A,N/A,aceh.tribunnews.com/2024/08/02/solusi-mudah-mengatasi-keputihan-menggumpal-seperti-tepung-simak-penjelasan-seksolog-dr-boyke?page=all,No,Adult: Sexual content,Restricted ad serving,ca-pub-7784034061253020,607,2024-08-03,2024-08-04
kaltim.tribunnews.com,Page,N/A,N/A,kaltim.tribunnews.com/2022/10/27/kenapa-keep-me-signed-in-saat-login-whatsapp-web-tidak-muncul-cek-faktanya-berikut,No,Adult: Sexual content,Restricted ad serving,ca-pub-7784034061253020,604,2024-08-03,2024-08-05
aceh.tribunnews.com,Page,N/A,N/A,aceh.tribunnews.com/2023/03/21/bolehkah-menonton-film-biru-sebelum-berhubungan-intim-dengan-istri-begini-penjelasan-buya-yahya,No,Adult: Sexual content,Restricted ad serving,ca-pub-7784034061253020,601,2024-07-31,2024-08-06
bengkulu.tribunnews.com,Page,N/A,N/A,bengkulu.tribunnews.com/2022/09/12/aplikasi-kamera-tembus-pandang-yang-dilarang-usia-dibawah-18-kebawah-jangan-coba-coba-download,Yes,Ads Disguised as Content,Restricted ad serving,ca-pub-7784034061253020,597,2024-07-31,2024-08-06
makassar.tribunnews.com,Page,N/A,N/A,makassar.tribunnews.com/2017/12/16/beginilah-nasib-7-bintang-film-panas-jepang-saat-tobat-nomor-7-bikin-cara-sendiri-layani-fans,Yes,Adult: Sexual content;Site Behavior: Navigation,Restricted ad serving,ca-pub-7784034061253020,595,2024-07-31,2024-08-06
pekanbaru.tribunnews.com,Page,N/A,N/A,pekanbaru.tribunnews.com/2023/12/15/chika-viral-20-juta-link-dicari-dan-link-video-chika-yang-lagi-viral-disebar-di-twitter,No,Adult: Sexual content,Restricted ad serving,ca-pub-7784034061253020,592,2024-07-31,2024-08-05
kupang.tribunnews.com,Page,N/A,N/A,kupang.tribunnews.com/2020/10/08/pertanda-mimpi-ini-siap-siap-bakal-mendapat-rezeki-nomplok,No,Adult: Sexual content,Restricted ad serving,ca-pub-7784034061253020,592,2024-08-01,2024-08-06
medan.tribunnews.com,Page,N/A,N/A,medan.tribunnews.com/2021/12/12/video-adegan-ranjang-selebgram-tante-sisca-mellyana-hingga-heboh-soal-apem-sultan,Yes,Ads Disguised as Content;Adult: Sexual content,Restricted ad serving,ca-pub-7784034061253020,590,2024-07-31,2024-08-06
aceh.tribunnews.com,Page,N/A,N/A,aceh.tribunnews.com/2022/07/12/sate-kambing-bisa-bikin-pria-makin-perkasa-di-ranjang-tapi-dr-boyke-anjurkan-makan-sebelum-ini,No,Adult: Sexual content,Restricted ad serving,ca-pub-7784034061253020,588,2024-07-31,2024-08-06
aceh.tribunnews.com,Page,N/A,N/A,aceh.tribunnews.com/2022/10/15/cara-muda-agar-hamil-anak-perempuan-menurut-seksolog-dr-boyke-pasutri-lakukan-3-tips-ini,No,Adult: Sexual content,Restricted ad serving,ca-pub-7784034061253020,584,2024-08-01,2024-08-06
bekasi.tribunnews.com,Page,N/A,N/A,bekasi.tribunnews.com/2022/10/19/film-jepang-terbaru-2022-cocok-ditonton-untuk-pasangan-baru-menikah-bikin-hubungan-semakin-lengket?page=3,No,Adult: Sexual content,Restricted ad serving,ca-pub-7784034061253020,583,2024-07-31,2024-08-04
wartakota.tribunnews.com,Page,N/A,N/A,wartakota.tribunnews.com/2021/05/26/cerita-psk-open-bo-di-michat-dapat-pelanggan-tetangga-sendiri-dan-teman-nongkrong-tarif-tetap-sama,Yes,Ads Disguised as Content;Adult: Sexual content,Restricted ad serving,ca-pub-7784034061253020,579,2024-07-31,2024-08-06
wartakota.tribunnews.com,Page,N/A,N/A,wartakota.tribunnews.com/2015/12/04/kasus-hubungan-intim-antara-manusia-dan-kuda-meningkat-di-swiss,No,Adult: Sexual content,Restricted ad serving,ca-pub-7784034061253020,576,2024-07-31,2024-08-05
makassar.tribunnews.com,Page,N/A,N/A,makassar.tribunnews.com/2024/08/06/pengakuan-pria-di-makassar-siksa-bayi-pacar-kini-ditangkap-terancam-3-tahun-penjara,No,Shocking content,Restricted ad serving,ca-pub-7784034061253020,576,2024-08-06,2024-08-06
aceh.tribunnews.com,Page,N/A,N/A,aceh.tribunnews.com/2023/02/08/dr-boyke-sebut-baking-soda-bisa-bikin-pasutri-punya-anak-laki-laki-kok-bisa-simak-penjelasannya,No,Adult: Sexual content,Restricted ad serving,ca-pub-7784034061253020,575,2024-08-01,2024-08-06
jogja.tribunnews.com,Page,N/A,N/A,jogja.tribunnews.com/2021/03/16/istri-wajib-tahu-inilah-5-posisi-bercinta-favorit-para-pria,No,Adult: Sexual content,Restricted ad serving,ca-pub-7784034061253020,572,2024-07-31,2024-08-06
m.tribunnews.com,Page,N/A,N/A,m.tribunnews.com/regional/2024/08/02/kronologis-suami-bunuh-istri-di-bandung-dipicu-cemburu-hingga-kubur-korban-di-belakang-rumah,No,Shocking content,Restricted ad serving,ca-pub-7784034061253020,571,2024-08-02,2024-08-05
pekanbaru.tribunnews.com,Page,N/A,N/A,pekanbaru.tribunnews.com/tag/kiwora-mlbb,Yes,Mislabeled Ads,Restricted ad serving,ca-pub-7784034061253020,564,2024-07-31,2024-08-06
aceh.tribunnews.com,Page,N/A,N/A,aceh.tribunnews.com/2022/02/14/ternyata-kopi-bisa-jadi-obat-kuat-untuk-pria-syaratnya-harus-rutin-minum-kopi-jenis-ini,No,Adult: Sexual content,Restricted ad serving,ca-pub-7784034061253020,564,2024-07-31,2024-08-05
makassar.tribunnews.com,Page,N/A,N/A,makassar.tribunnews.com/2024/07/29/detik-detik-aksi-brutal-odgj-serang-warga-palopo-dengan-parang-suasana-mencekam?source=kgnotif_1,No,Shocking content,Restricted ad serving,ca-pub-7784034061253020,563,2024-07-31,2024-08-04
www.tribunnews.com,Page,N/A,N/A,www.tribunnews.com/kesehatan/2021/02/26/mitos-atau-fakta-perempuan-usia-40-tahun-lebih-agresif-berhubungan-intim-begini-kata-dokter,No,Adult: Sexual content,Restricted ad serving,ca-pub-7784034061253020,561,2024-07-31,2024-08-06
bangka.tribunnews.com,Page,N/A,N/A,bangka.tribunnews.com/2023/01/22/siapa-tokyo-lagi-seleb-tiktok-yang-bikin-pria-terpana-ini-nama-lengkap-asal-umur-akun-ig-nya,No,Google-served ads obscuring content,Restricted ad serving,ca-pub-7784034061253020,561,2024-07-31,2024-08-06
makassar.tribunnews.com,Page,N/A,N/A,makassar.tribunnews.com/2020/07/25/bebas-pilih-29-aplikasi-link-nonton-film-online-film-dewasa-drakor-download-film-mirip-indoxxi,Yes,Ads Disguised as Content;Adult: Sexual content,Restricted ad serving,ca-pub-7784034061253020,556,2024-07-31,2024-08-06
jambi.tribunnews.com,Page,N/A,N/A,jambi.tribunnews.com/2019/11/22/lima-wanita-cantik-bintang-film-dewasa-terfavorit-nomor-4-pemeran-terbaik-adegan-sesama-jenis,No,Adult: Sexual content,Restricted ad serving,ca-pub-7784034061253020,554,2024-07-31,2024-08-06
belitung.tribunnews.com,Page,N/A,N/A,belitung.tribunnews.com/2018/05/28/6-ciri-wanita-sudah-tak-perawan-mulai-hidung-mata-payudara-hingga-bentuk-perut,No,Adult: Sexual content,Restricted ad serving,ca-pub-7784034061253020,554,2024-07-31,2024-08-06
bangka.tribunnews.com,Page,N/A,N/A,bangka.tribunnews.com/2021/01/31/18-link-situs-download-film-korea-jepang-india-sub-indo-tanpa-iklan-banyak-film-baru-di-sini,No,Adult: Sexual content,Restricted ad serving,ca-pub-7784034061253020,551,2024-07-31,2024-08-06
bangka.tribunnews.com,Page,N/A,N/A,bangka.tribunnews.com/2022/01/24/jangan-anggap-sepele-ini-alasan-suami-sering-minta-jatah-hubungan-biologis-pada-istri,No,Adult: Sexual content,Restricted ad serving,ca-pub-7784034061253020,547,2024-08-03,2024-08-06
jambi.tribunnews.com,Page,N/A,N/A,jambi.tribunnews.com/2024/07/10/download-lagu-mp3-nella-kharisma-full-album-terbaru-2024-ada-deretan-lagi-didi-kempot-terpopuler,No,Adult: Sexual content,Restricted ad serving,ca-pub-7784034061253020,544,2024-08-02,2024-08-06
belitung.tribunnews.com,Page,N/A,N/A,belitung.tribunnews.com/2017/05/02/empat-wanita-cantik-ini-peraih-penghargaan-film-panas-di-jepang-siapa-saja-mereka,Yes,Ads Disguised as Content,Restricted ad serving,ca-pub-7784034061253020,540,2024-07-31,2024-08-05
jateng.tribunnews.com,Page,N/A,N/A,jateng.tribunnews.com/2024/02/28/segini-tarif-harga-terapi-alat-vital-di-h-saepudin-cucu-mak-erot,No,Adult: Sexual content,Restricted ad serving,ca-pub-7784034061253020,537,2024-07-31,2024-08-06
aceh.tribunnews.com,Page,N/A,N/A,aceh.tribunnews.com/2022/09/26/dr-boyke-ungkap-6-hal-ini-bisa-bikin-istri-bergetar-di-ranjang-suami-cukup-lakukan-rahasia-ini,No,Adult: Sexual content,Restricted ad serving,ca-pub-7784034061253020,536,2024-08-01,2024-08-06
makassar.tribunnews.com,Page,N/A,N/A,makassar.tribunnews.com/2016/11/23/bungkuk-udang-nafsu-tinggi-betulkah,No,Adult: Sexual content,Restricted ad serving,ca-pub-7784034061253020,527,2024-07-31,2024-08-06
aceh.tribunnews.com,Page,N/A,N/A,aceh.tribunnews.com/2024/05/17/benarkah-posisi-woman-on-top-bisa-menghindari-kehamilan-begini-penjelasan-seksolog-dr-boyke,No,Adult: Sexual content,Restricted ad serving,ca-pub-7784034061253020,526,2024-07-31,2024-08-06
aceh.tribunnews.com,Page,N/A,N/A,aceh.tribunnews.com/2022/10/28/mudah-banget-dr-boyke-ungkap-cara-mengatasi-lemah-syahwat-pada-penderita-diabetes,No,Adult: Sexual content,Restricted ad serving,ca-pub-7784034061253020,522,2024-07-31,2024-08-06
aceh.tribunnews.com,Page,N/A,N/A,aceh.tribunnews.com/2024/07/03/kasus-odgj-mutilasi-odgj-di-garut-pelaku-tawarkan-daging-anyar-ke-warga-dipotong-jadi-12-bagian,No,Shocking content,Restricted ad serving,ca-pub-7784034061253020,520,2024-07-31,2024-08-06
aceh.tribunnews.com,Page,N/A,N/A,aceh.tribunnews.com/2024/07/06/cara-mengetahui-perempuan-masih-perawan-atau-tidak-dr-boyke-ungkap-caranya?page=2,No,Adult: Sexual content,Restricted ad serving,ca-pub-7784034061253020,516,2024-08-05,2024-08-06
aceh.tribunnews.com,Page,N/A,N/A,aceh.tribunnews.com/2023/02/08/pasutri-wajib-tahu-ternyata-ini-waktu-paling-dianjurkan-berhubungan-suami-istri-bukan-malam-jumat,No,Adult: Sexual content,Restricted ad serving,ca-pub-7784034061253020,513,2024-08-01,2024-08-06
bangka.tribunnews.com,Page,N/A,N/A,bangka.tribunnews.com/2021/07/01/lafaz-doa-hubungan-suami-istri-agar-tahan-lama-di-ranjang-ingat-dibaca-sebelum-berjimak,No,Adult: Sexual content,Restricted ad serving,ca-pub-7784034061253020,511,2024-08-03,2024-08-05
bangka.tribunnews.com,Page,N/A,N/A,bangka.tribunnews.com/2020/10/07/kode-rahasia-prostitusi-online-di-facebook-twitter-whatsapp-dan-michat,No,Adult: Sexual content,Restricted ad serving,ca-pub-7784034061253020,508,2024-08-02,2024-08-05
aceh.tribunnews.com,Page,N/A,N/A,aceh.tribunnews.com/2024/08/06/bayi-7-bulan-dianiaya-pacar-ibu-kandung-di-makassar-kaki-korban-ditarik-dan-dilempar-ke-atas,No,Shocking content,Restricted ad serving,ca-pub-7784034061253020,507,2024-08-06,2024-08-06
lampung.tribunnews.com,Page,N/A,N/A,lampung.tribunnews.com/2016/02/08/video-benjolan-membengkak-di-dada-meledak-usai-diremas,Yes,Site Behavior: Navigation,Restricted ad serving,ca-pub-7784034061253020,506,2024-07-31,2024-08-06
style.tribunnews.com,Page,N/A,N/A,style.tribunnews.com/2023/03/05/5-anime-kontroversial-yang-dilarang-di-sejumlah-negara-ada-aki-sora-penuh-adegan-17-tanpa-sensor,No,Adult: Sexual content,Restricted ad serving,ca-pub-7784034061253020,504,2024-07-31,2024-08-06
banjarmasin.tribunnews.com,Page,N/A,N/A,banjarmasin.tribunnews.com/2020/07/06/6-ciri-wanita-tidak-perawan-berikut-pengetahuan-tentang-selaput-dara-pada-perempuan,No,Adult: Sexual content,Restricted ad serving,ca-pub-7784034061253020,503,2024-07-31,2024-08-05
jogja.tribunnews.com,Page,N/A,N/A,jogja.tribunnews.com/2022/05/09/apakah-wanita-bisa-hamil-meski-sperma-dikeluarkan-di-luar-vagina,No,Adult: Sexual content,Restricted ad serving,ca-pub-7784034061253020,500,2024-07-31,2024-08-06
aceh.tribunnews.com,Page,N/A,N/A,aceh.tribunnews.com/2022/09/15/berapa-kali-idealnya-pasutri-berhubungan-intim-dalam-seminggu-dr-boyke-normalnya-segini-ikut-usia,No,Adult: Sexual content,Restricted ad serving,ca-pub-7784034061253020,496,2024-07-31,2024-08-06
trends.tribunnews.com,Page,N/A,N/A,trends.tribunnews.com/2024/08/06/terbaru-kode-harian-tapswap-6-agustus-2024-selesaikan-tugas-berikut-raih-koin-ratusan-ribu,No,Adult: Sexual content,Restricted ad serving,ca-pub-7784034061253020,494,2024-08-05,2024-08-06
m.tribunnews.com,Page,N/A,N/A,m.tribunnews.com/seleb/2020/11/02/chord-gitar-lagu-shallow-lady-gaga-feat-bradley-cooper-mudah-dimainkan,Yes,Unnatural attention to ads,Restricted ad serving,ca-pub-7784034061253020,489,2024-07-31,2024-08-06
belitung.tribunnews.com,Page,N/A,N/A,belitung.tribunnews.com/2017/01/16/tiga-wanita-ini-dinobatkan-sebagai-pemilik-payudara-terindah-di-dunia?page=all,No,Adult: Sexual content,Restricted ad serving,ca-pub-7784034061253020,489,2024-08-01,2024-08-06
medan.tribunnews.com,Page,N/A,N/A,medan.tribunnews.com/2023/07/11/penggunaan-seks-toys-bahaya-atau-tidak-simak-penjelasan-dr-boyke,No,Adult: Sexual content,Restricted ad serving,ca-pub-7784034061253020,488,2024-07-31,2024-08-04
jogja.tribunnews.com,Page,N/A,N/A,jogja.tribunnews.com/2020/07/05/kata-wanita-soal-berapa-ukuran-ideal-penis-yang-bisa-memuaskan-pasangan,No,Adult: Sexual content,Restricted ad serving,ca-pub-7784034061253020,483,2024-07-31,2024-08-06
aceh.tribunnews.com,Page,N/A,N/A,aceh.tribunnews.com/2024/07/29/deretan-kebiasaan-ini-berisiko-bikin-wanita-mandul-simak-penjelasan-seksolog-dr-boyke,No,Adult: Sexual content,Restricted ad serving,ca-pub-7784034061253020,482,2024-07-31,2024-08-06
wartakota.tribunnews.com,Page,N/A,N/A,wartakota.tribunnews.com/2013/02/28/kiat-jitu-memanjakan-mr-p,No,Adult: Sexual content,Restricted ad serving,ca-pub-7784034061253020,478,2024-07-31,2024-08-06
bangka.tribunnews.com,Page,N/A,N/A,bangka.tribunnews.com/2020/11/17/kode-hot-gigolo-buat-tante-girang-begini-target-dan-tarif-kencannya,No,Adult: Sexual content,Restricted ad serving,ca-pub-7784034061253020,478,2024-07-31,2024-08-05
sumsel.tribunnews.com,Page,N/A,N/A,sumsel.tribunnews.com/2017/05/02/4-bintang-film-jav-sempat-bikin-heboh-indonesia-nomor-1-dan-2-paling-populer,No,Adult: Sexual content,Restricted ad serving,ca-pub-7784034061253020,477,2024-07-31,2024-08-06
lampung.tribunnews.com,Page,N/A,N/A,lampung.tribunnews.com/2017/10/08/2-tkw-seksi-ini-goyang-hot-di-kamar-yang-baju-biru-paling-sering-dipeluk,No,Adult: Sexual content,Restricted ad serving,ca-pub-7784034061253020,477,2024-08-03,2024-08-05
bangka.tribunnews.com,Page,N/A,N/A,bangka.tribunnews.com/2024/01/02/daftar-harga-rokok-sampoerna-la-marlboro-surya-djarum-super-usai-cukai-2024-naik-10-persen,No,Tobacco,Restricted ad serving,ca-pub-7784034061253020,474,2024-07-31,2024-08-06
jambi.tribunnews.com,Page,N/A,N/A,jambi.tribunnews.com/2019/10/02/berikut-foto-30-gadis-jepang-yang-sering-pamerkan-bagian-dalam-tubuhnya-meski-pakai-baju-transparan?page=2,No,Adult: Sexual content,Restricted ad serving,ca-pub-7784034061253020,473,2024-07-31,2024-08-06
bangka.tribunnews.com,Page,N/A,N/A,bangka.tribunnews.com/2022/02/18/viral-resep-kuat-di-ranjang-pakai-bawang-putih-bakar-dan-madu-begini-penjelasan-dr-dina-oktaviani,No,Adult: Sexual content,Restricted ad serving,ca-pub-7784034061253020,473,2024-07-31,2024-08-06
wartakota.tribunnews.com,Page,N/A,N/A,wartakota.tribunnews.com/2019/11/10/ini-cara-psk-open-bo-tipu-pria-hidung-belang-pakai-aplikasi-kencan-michat-awal-minta-dp-rp-100-ribu,No,Adult: Sexual content,Restricted ad serving,ca-pub-7784034061253020,469,2024-08-01,2024-08-05
sultra.tribunnews.com,Page,N/A,N/A,sultra.tribunnews.com/amp/2023/02/20/video-erika-viral-di-tiktok-prank-ojol-full-1-menit-31-detik-awalnya-masuk-rumah-lalu-kamar-mandi,No,Adult: Sexual content,Restricted ad serving,ca-pub-7784034061253020,469,2024-08-02,2024-08-06
kupang.tribunnews.com,Page,N/A,N/A,kupang.tribunnews.com/2018/06/23/video-air-di-mesin-cuci-keluar-terus-begini-cara-praktis-perbaikannya-gampang-loh,Yes,Site Behavior: Navigation,Restricted ad serving,ca-pub-7784034061253020,469,2024-07-31,2024-08-06
www.tribunnewswiki.com,Page,N/A,N/A,www.tribunnewswiki.com/2024/06/24/video-6-menit-opa-ambon-dan-wanita-muda-viral-di-twitter-x-link-tersebar-ternyata-tetanggaan,Yes,Google-served ads obscuring content;Modified Javascript: Ads by Google size,Restricted ad serving,ca-pub-7784034061253020,466,2024-07-31,2024-08-06
aceh.tribunnews.com,Page,N/A,N/A,aceh.tribunnews.com/2020/07/12/suami-istri-bermesraan-di-depan-umum-atau-media-sosial-buya-yahya-menjelaskan-begini-hukumnya,No,Adult: Sexual content,Restricted ad serving,ca-pub-7784034061253020,466,2024-07-31,2024-08-06
medan.tribunnews.com,Page,N/A,N/A,medan.tribunnews.com/2019/09/20/inilah-daftar-makanan-yang-boleh-dipanaskan-kembali-dan-makanan-uang-tidak-bisa-dipanaskan-lagi,No,Google-served ads obscuring content,Restricted ad serving,ca-pub-7784034061253020,464,2024-07-31,2024-08-06
aceh.tribunnews.com,Page,N/A,N/A,aceh.tribunnews.com/2024/07/06/5-alasan-pria-sulit-menghamili-pasangannya-dr-boyke-sering-pakai-celana-jeans-yang-ketat?page=2,No,Adult: Sexual content,Restricted ad serving,ca-pub-7784034061253020,464,2024-08-05,2024-08-06
style.tribunnews.com,Page,N/A,N/A,style.tribunnews.com/2024/03/29/5-ciri-ciri-wanita-sudah-terangsang-dan-ingin-berhubungan-intim-pria-wajib-tahu-kode-kode-ini,No,Adult: Sexual content,Restricted ad serving,ca-pub-7784034061253020,459,2024-07-31,2024-08-06
medan.tribunnews.com,Page,N/A,N/A,medan.tribunnews.com/2017/09/18/6-artis-cantik-korea-ini-rela-beradegan-panas-akhirnya-sukses-besar-lho,Yes,Site Behavior: Navigation,Restricted ad serving,ca-pub-7784034061253020,459,2024-07-31,2024-08-06
jogja.tribunnews.com,Page,N/A,N/A,jogja.tribunnews.com/2023/05/27/13-arti-mimpi-ejakulasi-dan-orgasme-menurut-primbon-jawa-mengacu-pada-perasaan-tertekan,No,Adult: Sexual content,Restricted ad serving,ca-pub-7784034061253020,459,2024-07-31,2024-08-06
bali.tribunnews.com,Page,N/A,N/A,bali.tribunnews.com/2024/07/19/firasat-kematian-dali-wassink-kondisi-motor-kawasaki-pasca-kecelakaan-di-jalan-sunset-road-bali,No,Shocking content,Restricted ad serving,ca-pub-7784034061253020,459,2024-08-02,2024-08-06
aceh.tribunnews.com,Page,N/A,N/A,aceh.tribunnews.com/2021/06/10/lafazkan-doa-ini-agar-tahan-lama-di-ranjang-dibaca-sebelum-berhubungan-suami-istri?page=2,No,Adult: Sexual content,Restricted ad serving,ca-pub-7784034061253020,459,2024-08-03,2024-08-06
medan.tribunnews.com,Page,N/A,N/A,medan.tribunnews.com/2023/08/11/apakah-gadis-yang-lakukan-colmek-dengan-jari-bisa-hilangkan-keperawanan-berikut-penjelasan-pakar,No,Adult: Sexual content,Restricted ad serving,ca-pub-7784034061253020,458,2024-08-01,2024-08-06
www.tribunnews.com,Page,N/A,N/A,www.tribunnews.com/metropolitan/2024/07/31/viral-video-influencer-parenting-diduga-aniaya-balita-di-daycare-korban-dipukul-hingga-ditusuk,No,Shocking content,Restricted ad serving,ca-pub-7784034061253020,456,2024-07-31,2024-08-05
jatim.tribunnews.com,Page,N/A,N/A,jatim.tribunnews.com/2022/03/15/arti-kata-depo-bahasa-gaul-viral-di-media-sosial-gegara-kasus-indra-kenz-dan-doni-salmanan,No,Google-served ads obscuring content,Restricted ad serving,ca-pub-7784034061253020,446,2024-07-31,2024-08-06
bogor.tribunnews.com,Page,N/A,N/A,bogor.tribunnews.com/2017/10/13/tanpa-sensor-begini-foto-foto-perayaan-no-bra-day-di-seluruh-dunia,No,Adult: Sexual content,Restricted ad serving,ca-pub-7784034061253020,446,2024-07-31,2024-08-06
bekasi.tribunnews.com,Page,N/A,N/A,bekasi.tribunnews.com/2022/10/05/khusus-dewasa-berikut-daftar-film-jepang-terbaru-2022-beresolusi-hd-durasinya-sampai-dua-jam-lebih?page=all,No,Adult: Sexual content,Restricted ad serving,ca-pub-7784034061253020,445,2024-07-31,2024-08-06
style.tribunnews.com,Page,N/A,N/A,style.tribunnews.com/2022/11/04/5-rekomendasi-anime-erotis-tanpa-sensor-penuh-dengan-adegan-syur-ada-serial-high-school-dxd,No,Adult: Sexual content,Restricted ad serving,ca-pub-7784034061253020,444,2024-07-31,2024-08-06
bangka.tribunnews.com,Page,N/A,N/A,bangka.tribunnews.com/2020/06/23/nonton-film-gratis-legal-di-18-situs-ini-bisa-download-sub-indo-bukan-di-indoxxi-lk21-indo-movie,No,Adult: Sexual content,Restricted ad serving,ca-pub-7784034061253020,444,2024-07-31,2024-08-06
palembang.tribunnews.com,Page,N/A,N/A,palembang.tribunnews.com/2024/05/21/daftar-kapolres-cirebon-dari-2016-2024-8-pamen-tidak-mampu-tangkap-3-dpo-kasus-vina-cirebon,No,Shocking content,Restricted ad serving,ca-pub-7784034061253020,441,2024-07-31,2024-08-06
medan.tribunnews.com,Page,N/A,N/A,medan.tribunnews.com/2022/04/24/video-syurnya-bikin-geger-tahun-2010-lalu-artis-luna-maya-akhirnya-bongkar-tabiat-minor-ariel-noah,Yes,Ads Disguised as Content,Restricted ad serving,ca-pub-7784034061253020,439,2024-07-31,2024-08-06
wartakota.tribunnews.com,Page,N/A,N/A,wartakota.tribunnews.com/tag/bintang-porno/?url=2015/05/06/tiga-cewek-ini-dinobatkan-bintang-film-porno-terpopuler-jepang,Yes,Google-served ads on screens without publisher-content,Restricted ad serving,ca-pub-7784034061253020,438,2024-07-31,2024-08-06
video.tribunnews.com,Page,N/A,N/A,video.tribunnews.com/view/40573/tanpa-sensor-adegan-intim-pada-5-film-ini-benar-benar-dilakukan-di-depan-kamera,Yes,Adult: Sexual content;Site Behavior: Navigation,Restricted ad serving,ca-pub-7784034061253020,437,2024-07-31,2024-08-06
wartakota.tribunnews.com,Page,N/A,N/A,wartakota.tribunnews.com/2013/03/08/cara-membantu-suami-dapatkan-orgasme-terhebat,No,Adult: Sexual content,Restricted ad serving,ca-pub-7784034061253020,435,2024-07-31,2024-08-06
bangka.tribunnews.com,Page,N/A,N/A,bangka.tribunnews.com/2017/09/26/ternyata-begini-cara-jin-menyetubuhi-wanita,Yes,Ads Disguised as Content,Restricted ad serving,ca-pub-7784034061253020,433,2024-07-31,2024-08-06
jambi.tribunnews.com,Page,N/A,N/A,jambi.tribunnews.com/2018/01/18/inilah-4-adegan-panas-yang-paling-parah-sepanjang-sejarah,No,Adult: Sexual content,Restricted ad serving,ca-pub-7784034061253020,430,2024-07-31,2024-08-06
bangka.tribunnews.com,Page,N/A,N/A,bangka.tribunnews.com/2021/10/02/apa-saja-organ-reproduksi-laki-laki-ipa-kelas-9-smp-lengkap-latihan-soal-dan-pembahasan,No,Adult: Sexual content,Restricted ad serving,ca-pub-7784034061253020,430,2024-08-05,2024-08-06
style.tribunnews.com,Page,N/A,N/A,style.tribunnews.com/2016/08/22/gaya-masturbasi-pria-hayo-kamu-biasanya-pakai-style-yang-mana,No,Adult: Sexual content,Restricted ad serving,ca-pub-7784034061253020,424,2024-07-31,2024-08-06
jateng.tribunnews.com,Page,N/A,N/A,jateng.tribunnews.com/2022/03/12/tsubomi-artis-film-jepang-jav-hamil-seusai-main-dengan-aktor-pria-tanpa-pengaman,No,Adult: Sexual content,Restricted ad serving,ca-pub-7784034061253020,424,2024-08-01,2024-08-05
jateng.tribunnews.com,Page,N/A,N/A,jateng.tribunnews.com/2018/01/06/babak-baru-video-viral-tante-vs-bocah-sd-kesaksian-dari-petugas-pengantar-makanan,No,Adult: Sexual content,Restricted ad serving,ca-pub-7784034061253020,424,2024-07-31,2024-08-06
makassar.tribunnews.com,Page,N/A,N/A,makassar.tribunnews.com/2021/04/03/janda-muda-jadi-pemuas-nafsu-dibayar-murah-sekali-main-bingung-saat-dapat-tamu-pertama,Yes,Ads Disguised as Content,Restricted ad serving,ca-pub-7784034061253020,420,2024-07-31,2024-08-06
wartakota.tribunnews.com,Page,N/A,N/A,wartakota.tribunnews.com/2020/11/07/link-download-video-full-gisel-viral-di-medsos-jadi-buruan-warganet-di-twitter-dan-telegram,Yes,Ads Disguised as Content,Restricted ad serving,ca-pub-7784034061253020,418,2024-07-31,2024-08-06
m.tribunnews.com,Page,N/A,N/A,m.tribunnews.com/kesehatan/2014/11/13/ini-posisi-doggy-style-yang-benar-supaya-punya-anak-lelaki,No,Adult: Sexual content,Restricted ad serving,ca-pub-7784034061253020,415,2024-08-03,2024-08-05
jogja.tribunnews.com,Page,N/A,N/A,jogja.tribunnews.com/2023/09/23/lirik-dan-terjemahan-lagu-youre-on-your-own-kid-taylor-swift?page=2,No,Adult: Sexual content,Restricted ad serving,ca-pub-7784034061253020,413,2024-08-01,2024-08-06
m.tribunnews.com,Page,N/A,N/A,m.tribunnews.com/parapuan/2022/10/08/ada-3-posisi-klasik-saat-berhubungan-intim-salah-satunya-missionary,No,Adult: Sexual content,Restricted ad serving,ca-pub-7784034061253020,411,2024-07-31,2024-08-06
pekanbaru.tribunnews.com,Page,N/A,N/A,pekanbaru.tribunnews.com/2021/08/27/film-bokeh-maika-monroe-trend-xnxubd-film-bokeh-full-bokeh-lights-bokeh-video-google-apk-download,Yes,Ads Disguised as Content;Adult: Sexual content,Restricted ad serving,ca-pub-7784034061253020,410,2024-07-31,2024-08-06
kupang.tribunnews.com,Page,N/A,N/A,kupang.tribunnews.com/2020/10/17/anda-ingin-memperbesar-alat-vital-6-metode-ini-bisa-memperbesar-mr-p-manakah-cara-yang-ampuh,No,Adult: Sexual content,Restricted ad serving,ca-pub-7784034061253020,410,2024-08-01,2024-08-04
kupang.tribunnews.com,Page,N/A,N/A,kupang.tribunnews.com/2018/07/24/kenali-6-ciri-wanita-sudah-tak-perawan-dari-mata-hidung-sampai-telapak-tangan?page=3,No,Adult: Sexual content,Restricted ad serving,ca-pub-7784034061253020,408,2024-07-31,2024-08-06
pekanbaru.tribunnews.com,Page,N/A,N/A,pekanbaru.tribunnews.com/2023/08/02/video-viral-cewek-hijab-viral-beredar-di-instagram,No,Adult: Sexual content,Restricted ad serving,ca-pub-7784034061253020,404,2024-08-04,2024-08-06
aceh.tribunnews.com,Page,N/A,N/A,aceh.tribunnews.com/2023/06/03/tren-laser-bikin-gundul-bulu-kemaluan-ternyata-dilarang-begini-penjelasan-seksolog-dr-boyke,No,Adult: Sexual content,Restricted ad serving,ca-pub-7784034061253020,404,2024-07-31,2024-08-05
jambi.tribunnews.com,Page,N/A,N/A,jambi.tribunnews.com/2018/02/22/2-kategori-dan-49-istilah-yang-sering-digunakan-di-film-biru?page=all,No,Adult: Sexual content,Restricted ad serving,ca-pub-7784034061253020,403,2024-07-31,2024-08-06
medan.tribunnews.com,Page,N/A,N/A,medan.tribunnews.com/2020/12/15/masih-gadis-tapi-payudara-kendor-ahli-ciri-ciri-cewek-sudah-tak-perawan-berikut-selengkapnya,No,Adult: Sexual content,Restricted ad serving,ca-pub-7784034061253020,402,2024-07-31,2024-08-06
belitung.tribunnews.com,Page,N/A,N/A,belitung.tribunnews.com/2022/03/04/sering-melompat-dalam-mimpi-sebenarnya-ini-pertanda-yang-harus-diperhatikan,No,Shocking content,Restricted ad serving,ca-pub-7784034061253020,402,2024-07-31,2024-08-04
makassar.tribunnews.com,Page,N/A,N/A,makassar.tribunnews.com/2024/07/29/viral-kisah-pilu-mahasiswi-dapat-nilai-c-gegara-bolos-kuliah-lantaran-ayahnya-meninggal?source=kgnotif_1,No,Shocking content,Restricted ad serving,ca-pub-7784034061253020,399,2024-07-31,2024-08-05
sumsel.tribunnews.com,Page,N/A,N/A,sumsel.tribunnews.com/sumsel,No,Adult: Sexual content,Restricted ad serving,ca-pub-7784034061253020,396,2024-08-06,2024-08-06
medan.tribunnews.com,Page,N/A,N/A,medan.tribunnews.com/2021/11/03/pengertian-perlindungan-dan-penegakan-hukum-di-negara-peran-lembaga-dan-dinamika-pelanggaran,Yes,Encouraging accidental clicks: Layout;Google-served ads obscuring content,Restricted ad serving,ca-pub-7784034061253020,394,2024-07-31,2024-08-06
m.tribunnews.com,Page,N/A,N/A,m.tribunnews.com/tag/pijat-plus-plus,No,Adult: Sexual content,Restricted ad serving,ca-pub-7784034061253020,394,2024-08-02,2024-08-06
jateng.tribunnews.com,Page,N/A,N/A,jateng.tribunnews.com/2021/11/12/nampu-tumbuhan-bermanfaat-tingkatkan-gairah-seksual-biar-suami-kuat-di-ranjang,No,Adult: Sexual content,Restricted ad serving,ca-pub-7784034061253020,394,2024-08-01,2024-08-05
bangka.tribunnews.com,Page,N/A,N/A,bangka.tribunnews.com/2022/07/21/tamu-yang-datang-banyak-minta-pijat-plus-terapis-beberkan-tarifnya-untuk-layanan-full,Yes,Ads Disguised as Content;Adult: Sexual content,Restricted ad serving,ca-pub-7784034061253020,393,2024-07-31,2024-08-06
bangka.tribunnews.com,Page,N/A,N/A,bangka.tribunnews.com/2016/07/22/begini-caranya-membedakan-wanita-masih-perawan-atau-tidak,No,Adult: Sexual content,Restricted ad serving,ca-pub-7784034061253020,391,2024-07-31,2024-08-06
makassar.tribunnews.com,Page,N/A,N/A,makassar.tribunnews.com/2017/03/28/beginilah-ular-piton-menelan-akbar-petani-sawit-memuju-tengah,No,Shocking content,Restricted ad serving,ca-pub-7784034061253020,388,2024-07-31,2024-08-06
aceh.tribunnews.com,Page,N/A,N/A,aceh.tribunnews.com/2024/07/06/cara-mengetahui-perempuan-masih-perawan-atau-tidak-dr-boyke-ungkap-caranya?page=3,No,Adult: Sexual content,Restricted ad serving,ca-pub-7784034061253020,387,2024-08-05,2024-08-06
lampung.tribunnews.com,Page,N/A,N/A,lampung.tribunnews.com/2017/10/04/tips-agar-miss-v-tak-terlihat-menyembul-saat-memakai-celana-model-ini,No,Adult: Sexual content,Restricted ad serving,ca-pub-7784034061253020,386,2024-07-31,2024-08-06
surabaya.tribunnews.com,Page,N/A,N/A,surabaya.tribunnews.com/2022/07/08/ternyata-mudah-ini-cara-simpan-nomor-baru-via-whatsapp-web-tak-banyak-yang-tahu,No,Adult: Sexual content,Restricted ad serving,ca-pub-7784034061253020,385,2024-07-31,2024-08-04
kupang.tribunnews.com,Page,N/A,N/A,kupang.tribunnews.com/tag/film-bokeh-jepang,No,Adult: Sexual content,Restricted ad serving,ca-pub-7784034061253020,384,2024-07-31,2024-08-06
belitung.tribunnews.com,Page,N/A,N/A,belitung.tribunnews.com/2017/06/18/video-cewek-cewek-seksi-makan-bersama-itunya-nyembul,No,Adult: Sexual content,Restricted ad serving,ca-pub-7784034061253020,383,2024-07-31,2024-08-06
pekanbaru.tribunnews.com,Page,N/A,N/A,pekanbaru.tribunnews.com/2022/10/27/cewek-wajib-tahu-34b-kecil-atau-besar-34b-artinya-bahasa-gaul-apa,Yes,Ads Disguised as Content,Restricted ad serving,ca-pub-7784034061253020,381,2024-07-31,2024-08-06
jambi.tribunnews.com,Page,N/A,N/A,jambi.tribunnews.com/2016/07/14/ketika-wanita-terangsang-dan-lagi-sendirian-inilah-yang-mereka-lakukan,No,Adult: Sexual content,Restricted ad serving,ca-pub-7784034061253020,381,2024-07-31,2024-08-06
jateng.tribunnews.com,Page,N/A,N/A,jateng.tribunnews.com/2021/04/20/chord-kunci-gitar-apocalypse-cas,Yes,Google-served ads obscuring content;Modified Javascript: Ads by Google size,Restricted ad serving,ca-pub-7784034061253020,380,2024-07-31,2024-08-06
kaltim.tribunnews.com,Page,N/A,N/A,kaltim.tribunnews.com/tribun-etam/samarinda,No,Adult: Sexual content,Restricted ad serving,ca-pub-7784034061253020,378,2024-08-06,2024-08-06
jogja.tribunnews.com,Page,N/A,N/A,jogja.tribunnews.com/2017/09/24/5-cara-mencapai-orgasme-tanpa-penetrasi-nomor-4-dan-5-mungkin-perlu-dicoba,No,Adult: Sexual content,Restricted ad serving,ca-pub-7784034061253020,378,2024-07-31,2024-08-06
www.tribunnews.com,Page,N/A,N/A,www.tribunnews.com/lifestyle/2010/04/24/gairah-seks-wanita-menurut-primbon-jawa,No,Adult: Sexual content,Restricted ad serving,ca-pub-7784034061253020,376,2024-07-31,2024-08-06
sultra.tribunnews.com,Page,N/A,N/A,sultra.tribunnews.com/2022/10/31/link-video-viral-tiktok-wanita-kebaya-merah-16-menit-full-no-sensor-beradegan-tak-senonoh-di-hotel,No,Adult: Sexual content,Restricted ad serving,ca-pub-7784034061253020,370,2024-08-01,2024-08-06
aceh.tribunnews.com,Page,N/A,N/A,aceh.tribunnews.com/2020/11/07/video-panas-19-detik-mirip-gisel-viral-di-medsos-mbah-mijan-angkat-bicara-dan-ucapkan-terima-kasih,Yes,Ads Disguised as Content,Restricted ad serving,ca-pub-7784034061253020,370,2024-07-31,2024-08-06
pontianak.tribunnews.com,Page,N/A,N/A,pontianak.tribunnews.com/2015/08/20/terbukti-dalam-penelitian-teh-basi-dapat-perbesar-penis,Yes,Adult: Sexual content;Site Behavior: Navigation,Restricted ad serving,ca-pub-7784034061253020,369,2024-07-31,2024-08-06
pekanbaru.tribunnews.com,Page,N/A,N/A,pekanbaru.tribunnews.com/2021/06/11/apa-arti-isin-bahasa-gaul-istilah-jawa-yang-disebut-bahasa-gaul-inilah-isin-artinya-apa-itu-isin,Yes,Encouraging accidental clicks: Layout,Restricted ad serving,ca-pub-7784034061253020,369,2024-07-31,2024-08-06
sultra.tribunnews.com,Page,N/A,N/A,sultra.tribunnews.com/2023/04/25/terbaru-video-popo-dan-rozi-viral-tiktok-dan-twitter-hingga-link-full-videonya-masih-diburu-warganet,No,Google-served ads obscuring content,Restricted ad serving,ca-pub-7784034061253020,365,2024-07-31,2024-08-06
bangka.tribunnews.com,Page,N/A,N/A,bangka.tribunnews.com/2020/01/06/tips-latihan-dan-senam-kegel-bakal-buat-wanita-maksimal-dan-nyaman-di-ranjang-begini-caranya,No,Adult: Sexual content,Restricted ad serving,ca-pub-7784034061253020,365,2024-07-31,2024-08-06
bangka.tribunnews.com,Page,N/A,N/A,bangka.tribunnews.com/2024/05/22/inilah-penyebab-sulitnya-tuntaskan-kasus-pembunuhan-vina-cirebon,No,Shocking content,Restricted ad serving,ca-pub-7784034061253020,362,2024-07-31,2024-08-06
m.tribunnews.com,Page,N/A,N/A,m.tribunnews.com/?lgn_method=google&google_btn=onetap,No,Shocking content,Restricted ad serving,ca-pub-7784034061253020,360,2024-08-06,2024-08-06
wartakota.tribunnews.com,Page,N/A,N/A,wartakota.tribunnews.com/2020/12/03/rasa-penyesalan-lana-rhoades-eks-bintang-film-dewasa-akui-tak-lagi-bergairah-saat-berhubungan-badan,No,Adult: Sexual content,Restricted ad serving,ca-pub-7784034061253020,358,2024-08-01,2024-08-05
jatim.tribunnews.com,Page,N/A,N/A,jatim.tribunnews.com/2023/03/07/arti-kata-bokep-bahasa-gaul-tahun-70an-simak-sejarah-pornografi-dari-seni-klasik-industri-film-biru,No,Adult: Sexual content,Restricted ad serving,ca-pub-7784034061253020,358,2024-07-31,2024-08-04
jatim.tribunnews.com,Page,N/A,N/A,jatim.tribunnews.com/2023/02/08/arti-kata-fwb-alias-friends-with-benefits-istilah-gaul-anak-muda-ketahui-keuntungannya-di-sini,No,Google-served ads obscuring content,Restricted ad serving,ca-pub-7784034061253020,358,2024-07-31,2024-08-06
sulbar.tribunnews.com,Page,N/A,N/A,sulbar.tribunnews.com/2024/04/01/video-viral-jepang-di-yandex-com-dan-yandex-browser-nonton-tanpa-blokir-link-beredar-di-twitter,No,Adult: Sexual content,Restricted ad serving,ca-pub-7784034061253020,357,2024-07-31,2024-08-04
aceh.tribunnews.com,Page,N/A,N/A,aceh.tribunnews.com/2024/07/05/bentuk-fisik-orang-yang-tidak-perawan-begini-kata-seksolog-dr-boyke-bisa-dilihat-dari-ciri-fisik?page=2,No,Adult: Sexual content,Restricted ad serving,ca-pub-7784034061253020,357,2024-08-04,2024-08-06
www.tribunnews.com,Page,N/A,N/A,www.tribunnews.com/lifestyle/2016/08/15/7-benda-yang-ada-di-rumah-ini-bisa-bangkitkan-gairah-bercinta,No,Adult: Sexual content,Restricted ad serving,ca-pub-7784034061253020,354,2024-07-31,2024-08-06
bangka.tribunnews.com,Page,N/A,N/A,bangka.tribunnews.com/2021/10/29/jangan-sampai-menular-ini-obat-tradisional-penyakit-sifilis-coba-daun-sirih-dan-daun-kumis-kucing,No,Shocking content,Restricted ad serving,ca-pub-7784034061253020,353,2024-07-31,2024-08-06
aceh.tribunnews.com,Page,N/A,N/A,aceh.tribunnews.com/2021/01/03/simak-cara-bedakan-cairan-yang-keluar-dari-kemaluan-mani-atau-bukan-lengkap-tata-cara-mandi-junub?page=all,No,Adult: Sexual content,Restricted ad serving,ca-pub-7784034061253020,353,2024-08-04,2024-08-06
jambi.tribunnews.com,Page,N/A,N/A,jambi.tribunnews.com/2017/09/19/hati-hati-posisi-bercinta-ini-dapat-merusak-mr-p-anda,No,Adult: Sexual content,Restricted ad serving,ca-pub-7784034061253020,350,2024-07-31,2024-08-06
bengkulu.tribunnews.com,Page,N/A,N/A,bengkulu.tribunnews.com/2024/08/07/viral-sangkaan-kekerasan-oknum-tni-di-pekanbaru-riau-korban-meninggal-dan-cctv-disebut-aneh?s=09,No,Shocking content,Restricted ad serving,ca-pub-7784034061253020,350,2024-08-06,2024-08-06
bangka.tribunnews.com,Page,N/A,N/A,bangka.tribunnews.com/2022/06/11/obat-lemah-syahwat-ala-dr-zaidul-akbar-coba-saja-buat-ramuan-sederhana-ini-di-rumah,Yes,Ads Disguised as Content,Restricted ad serving,ca-pub-7784034061253020,350,2024-07-31,2024-08-06
wartakota.tribunnews.com,Page,N/A,N/A,wartakota.tribunnews.com/2015/06/11/posisi-gunting-duduk-bikin-si-dia-teriak-berkali-kali,No,Adult: Sexual content,Restricted ad serving,ca-pub-7784034061253020,344,2024-07-31,2024-08-06
sulbar.tribunnews.com,Page,N/A,N/A,sulbar.tribunnews.com/2024/05/14/dapat-ditonton-sekarang-video-viral-jepang-terbaru-di-yandex-com-gratis-full-hd-dan-tanpa-sensor,No,Adult: Sexual content,Restricted ad serving,ca-pub-7784034061253020,343,2024-07-31,2024-08-05
solo.tribunnews.com,Page,N/A,N/A,solo.tribunnews.com/2020/01/23/chord-ukulele-dan-lirik-lagu-harusnya-aku-armada-harusnya-aku-yang-disana,Yes,Encouraging accidental clicks: Layout;Google-served ads obscuring content,Restricted ad serving,ca-pub-7784034061253020,343,2024-07-31,2024-08-06
makassar.tribunnews.com,Page,N/A,N/A,makassar.tribunnews.com/2015/10/03/betulkah-wanita-berbokong-besar-karena-doyan-hubungan-badan-baca,No,Adult: Sexual content,Restricted ad serving,ca-pub-7784034061253020,343,2024-07-31,2024-08-06
pekanbaru.tribunnews.com,Page,N/A,N/A,pekanbaru.tribunnews.com/2023/04/26/video-syakirah-viral-twitter-full-album-beredar-pemeran-malu-keluar-rumah-saat-lebaran,No,Adult: Sexual content,Restricted ad serving,ca-pub-7784034061253020,342,2024-08-01,2024-08-06
sulbar.tribunnews.com,Page,N/A,N/A,sulbar.tribunnews.com/2023/10/23/kumpulan-link-video-video-viral-di-yandex-ru-dapat-ditonton-dengan-kualitas-hd,No,Adult: Sexual content,Restricted ad serving,ca-pub-7784034061253020,341,2024-07-31,2024-08-05
belitung.tribunnews.com,Page,N/A,N/A,belitung.tribunnews.com/2016/12/21/lihat-jari-kelingking-anda-kalau-di-bawah-ruas-jari-manis-berarti-tipe-penyendiri,No,Adult: Sexual content,Restricted ad serving,ca-pub-7784034061253020,340,2024-07-31,2024-08-06
bangka.tribunnews.com,Page,N/A,N/A,bangka.tribunnews.com/2021/11/11/obat-tradisional-susu-telur-madu-jahe-apakah-ampuh-untuk-vitalitas-pria,No,Adult: Sexual content,Restricted ad serving,ca-pub-7784034061253020,340,2024-07-31,2024-08-04
medan.tribunnews.com,Page,N/A,N/A,medan.tribunnews.com/2022/12/13/istilah-istilah-yang-ada-dalam-seks-berikut-penjelasan-seksolog-dr-dina,No,Adult: Sexual content,Restricted ad serving,ca-pub-7784034061253020,337,2024-07-31,2024-08-05
aceh.tribunnews.com,Page,N/A,N/A,aceh.tribunnews.com/2021/02/15/7-cara-rahasia-pria-jadi-perkasa-di-ranjang-tak-perlu-obat-kuat-dijamin-bikin-puas-pasangan,No,Adult: Sexual content,Restricted ad serving,ca-pub-7784034061253020,337,2024-08-01,2024-08-06
bangka.tribunnews.com,Page,N/A,N/A,bangka.tribunnews.com/2019/08/17/8-lomba-17-agustus-yang-lucu-kreatif-dan-anti-mainstream-balap-bangku-pakai-helm-hingga-merangkak,No,Adult: Sexual content,Restricted ad serving,ca-pub-7784034061253020,336,2024-07-31,2024-08-06
wartakota.tribunnews.com,Page,N/A,N/A,wartakota.tribunnews.com/2020/02/21/ibu-mertua-intip-menantu-dan-anaknya-berhubungan-badan-ternyata-ini-tujuan-sebenarnya,Yes,Adult: Sexual content;Modified ad code: Resizing Ad Frames,Restricted ad serving,ca-pub-7784034061253020,335,2024-07-31,2024-08-06
trends.tribunnews.com,Page,N/A,N/A,trends.tribunnews.com/2023/12/07/apa-arti-pijat-plus-plus-istilah-viral-tiktok-sering-muncul-dalam-bahasa-gaul-ini-maknanya?page=2,No,Adult: Sexual content,Restricted ad serving,ca-pub-7784034061253020,334,2024-08-01,2024-08-05
kupang.tribunnews.com,Page,N/A,N/A,kupang.tribunnews.com/2017/12/09/tanpa-sensor-para-pemain-di-lima-film-ini-benar-benar-lakukan-adegan-ranjang-di-depan-kamera?page=all,Yes,Adult: Sexual content;Site Behavior: Navigation,Restricted ad serving,ca-pub-7784034061253020,333,2024-07-31,2024-08-05
sulbar.tribunnews.com,Page,N/A,N/A,sulbar.tribunnews.com/2023/01/17/proxy-whatsapp-tidak-aman-begini-penjelasannya,No,Adult: Sexual content,Restricted ad serving,ca-pub-7784034061253020,331,2024-07-31,2024-08-05
www.tribunnews.com,Page,N/A,N/A,www.tribunnews.com/regional/2011/04/01/subandi-mak-erot-dari-trenggalek,No,Adult: Sexual content,Restricted ad serving,ca-pub-7784034061253020,330,2024-07-31,2024-08-06
pontianak.tribunnews.com,Page,N/A,N/A,pontianak.tribunnews.com/2018/01/27/ciri-ciri-wanita-bernafsu-tinggi-beberapa-ada-yang-sering-kamu-jumpai,No,Adult: Sexual content,Restricted ad serving,ca-pub-7784034061253020,329,2024-07-31,2024-08-06
jabar.tribunnews.com,Page,N/A,N/A,jabar.tribunnews.com/2024/05/20/kronologi-penangkapan-sudirman-terpidana-kasus-vina-cirebon-yang-ditangkap-atas-info-dede-dan-aep,No,Shocking content,Restricted ad serving,ca-pub-7784034061253020,328,2024-08-01,2024-08-06
bekasi.tribunnews.com,Page,N/A,N/A,bekasi.tribunnews.com/2022/07/30/deretan-film-semi-thailand-terlaris-ditonton-pasangan-muda-yang-baru-menikah-bikin-deg-degan-banget,No,Adult: Sexual content,Restricted ad serving,ca-pub-7784034061253020,325,2024-07-31,2024-08-04
palembang.tribunnews.com,Page,N/A,N/A,palembang.tribunnews.com/2018/01/06/gila-bukan-cuma-satu-video-mesum-tante-vs-bocah-itu-ternyata-juga-berhubungan-dengan-pria-ini,No,Adult: Sexual content,Restricted ad serving,ca-pub-7784034061253020,321,2024-07-31,2024-08-06
jogja.tribunnews.com,Page,N/A,N/A,jogja.tribunnews.com/2021/12/16/harga-rokok-di-singapura-mencapai-rp-146-ribu-ini-daftar-rinciannya,Yes,Encouraging accidental clicks: Layout,Restricted ad serving,ca-pub-7784034061253020,321,2024-07-31,2024-08-06
belitung.tribunnews.com,Page,N/A,N/A,belitung.tribunnews.com/2019/03/05/tisu-magic-biasa-dipakai-untuk-atasi-kram-otot-begini-penjelasan-dokter,No,Adult: Sexual content;Shocking content,Restricted ad serving,ca-pub-7784034061253020,319,2024-07-31,2024-08-06
jakarta.tribunnews.com,Page,N/A,N/A,jakarta.tribunnews.com/2023/05/25/kasus-dugaan-mafia-tanah-di-cakung-berlanjut-kuasa-hukum-kecewa-saksi-perusahaan-tak-muncul,No,Shocking content,Restricted ad serving,ca-pub-7784034061253020,318,2024-08-06,2024-08-06
pontianak.tribunnews.com,Page,N/A,N/A,pontianak.tribunnews.com/2022/07/31/kunci-jawaban-ipa-kelas-9-halaman-8-dan-halaman-16-tentang-alat-reproduksi?page=2,No,Adult: Sexual content,Restricted ad serving,ca-pub-7784034061253020,317,2024-07-31,2024-08-05
jakarta.tribunnews.com,Page,N/A,N/A,jakarta.tribunnews.com/2019/09/18/5-fakta-video-panas-siswi-sma-di-sumsel-yang-viral-berawal-dari-video-call-hingga-jadi-ancaman,Yes,Google-served ads on screens without publisher-content,Restricted ad serving,ca-pub-7784034061253020,317,2024-07-31,2024-08-06
aceh.tribunnews.com,Page,N/A,N/A,aceh.tribunnews.com/2023/11/01/khasiat-sering-minum-air-rebusan-daun-sirih-bagi-wanita-dr-boyke-hati-hati-tetap-ada-takarannya,No,Adult: Sexual content,Restricted ad serving,ca-pub-7784034061253020,316,2024-07-31,2024-08-05
aceh.tribunnews.com,Page,N/A,N/A,aceh.tribunnews.com/2022/09/15/istri-perlu-tahu-begini-cara-puaskan-suami-jika-sedang-haid-jangan-biarkan-pasangan-anda-buat-dosa?page=all,No,Adult: Sexual content,Restricted ad serving,ca-pub-7784034061253020,316,2024-07-31,2024-08-06
pontianak.tribunnews.com,Page,N/A,N/A,pontianak.tribunnews.com/2021/09/28/urutan-alat-reproduksi-wanita-dari-sistem-reproduksi-luar-hingga-dalam,No,Adult: Sexual content,Restricted ad serving,ca-pub-7784034061253020,315,2024-08-05,2024-08-06
medan.tribunnews.com,Page,N/A,N/A,medan.tribunnews.com/2024/06/23/viral-video-duel-maut-pemuda-di-ternate-satu-korban-tumbang-hingga-meninggal-dunia-sekali-pukul,No,Shocking content,Restricted ad serving,ca-pub-7784034061253020,315,2024-08-01,2024-08-04
kupang.tribunnews.com,Page,N/A,N/A,kupang.tribunnews.com/tag/cara-membesarkan-alat-vital-dengan-daun-sirih,No,Adult: Sexual content,Restricted ad serving,ca-pub-7784034061253020,315,2024-07-31,2024-08-05
aceh.tribunnews.com,Page,N/A,N/A,aceh.tribunnews.com/tag/dr-boyke,No,Adult: Sexual content,Restricted ad serving,ca-pub-7784034061253020,315,2024-08-05,2024-08-06
aceh.tribunnews.com,Page,N/A,N/A,aceh.tribunnews.com/2022/06/15/inilah-dosis-yang-tepat-gunakan-daun-sirih-untuk-area-miss-v-dr-boyke-bahaya-jangan-sering-sering,No,Adult: Sexual content,Restricted ad serving,ca-pub-7784034061253020,313,2024-08-01,2024-08-04
health.tribunnews.com,Page,N/A,N/A,health.tribunnews.com/2023/10/04/dr-zaidul-akbar-rekomendasikan-obat-kuat-alami-murah-mudah-dan-bikin-momen-bercinta-lebih-panas,No,Adult: Sexual content,Restricted ad serving,ca-pub-7784034061253020,312,2024-08-01,2024-08-05
m.tribunnews.com,Page,N/A,N/A,m.tribunnews.com/kesehatan/2018/01/06/video-mesum-2-bocah-dengan-seorang-tante-beredar-inilah-dampak-menyeramkan-eksploitasi-seksual-dini,No,Adult: Sexual content,Restricted ad serving,ca-pub-7784034061253020,311,2024-07-31,2024-08-06
palembang.tribunnews.com,Page,N/A,N/A,palembang.tribunnews.com/2017/04/13/6-aplikasi-ini-tingkatkan-kualitas-bercinta-kembali-bersemangat,No,Adult: Sexual content,Restricted ad serving,ca-pub-7784034061253020,308,2024-07-31,2024-08-06
medan.tribunnews.com,Page,N/A,N/A,medan.tribunnews.com/2023/03/11/dampak-buruk-terlalu-sering-masturbasi-pada-wanita-menurut-dokter-dina,No,Adult: Sexual content,Restricted ad serving,ca-pub-7784034061253020,308,2024-08-02,2024-08-05
bangka.tribunnews.com,Page,N/A,N/A,bangka.tribunnews.com/2022/07/21/ada-panti-pijat-plus-plus-di-pangkalpinang-berkedok-pijat-tradisional-full-service-bayar-rp-400000,Yes,Ads Disguised as Content;Adult: Sexual content,Restricted ad serving,ca-pub-7784034061253020,308,2024-07-31,2024-08-05
makassar.tribunnews.com,Page,N/A,N/A,makassar.tribunnews.com/2020/06/29/18-tempat-nonton-online-film-dewasa-film-anak-drakor-bollywood-mirip-indoxxi-ganool-streaming,No,Adult: Sexual content,Restricted ad serving,ca-pub-7784034061253020,307,2024-08-01,2024-08-04
jatim.tribunnews.com,Page,N/A,N/A,jatim.tribunnews.com/2024/05/07/cari-tahu-5-arti-mimpi-menemukan-uang-mimpi-nemu-uang-banyak-hingga-nemu-uang-koin-pertanda-apa,No,Adult: Sexual content,Restricted ad serving,ca-pub-7784034061253020,305,2024-08-04,2024-08-05
www.tribunnews.com,Page,N/A,N/A,www.tribunnews.com/regional/2021/01/06/mayat-wanita-muda-di-hotel-rio-palembang-dikabarkan-menginap-dengan-2-teman-prianya,No,Shocking content,Restricted ad serving,ca-pub-7784034061253020,304,2024-07-31,2024-08-06
sulbar.tribunnews.com,Page,N/A,N/A,sulbar.tribunnews.com/2023/12/15/tanpa-sensor-nonton-video-viral-sampai-puas-di-mesin-pencarian-pintar-yandex-com-dan-yandex-browser,Yes,Google-served ads obscuring content;Modified Javascript: Ads by Google size,Restricted ad serving,ca-pub-7784034061253020,304,2024-07-31,2024-08-06
health.tribunnews.com,Page,N/A,N/A,health.tribunnews.com/2023/07/25/jika-seseorang-mudah-geli-apakah-berpengaruh-dengan-area-sensitif-dr-binsar-beri-penjelasan,No,Adult: Sexual content,Restricted ad serving,ca-pub-7784034061253020,304,2024-07-31,2024-08-06
bangka.tribunnews.com,Page,N/A,N/A,bangka.tribunnews.com/2023/09/24/tata-cara-mandi-wajib-setelah-keluar-mani-berjimak-dan-haid-lengkap-bacaan-niatnya,No,Adult: Sexual content,Restricted ad serving,ca-pub-7784034061253020,303,2024-08-01,2024-08-06
belitung.tribunnews.com,Page,N/A,N/A,belitung.tribunnews.com/2021/01/24/kode-khusus-tempat-prostitusi-di-puncak-bogor-tulisan-villa-dan-villa-double-l-ini-artinya,Yes,Ads Disguised as Content,Restricted ad serving,ca-pub-7784034061253020,302,2024-07-31,2024-08-06
m.tribunnews.com,Page,N/A,N/A,m.tribunnews.com/kesehatan/2024/08/05/gibran-uji-coba-makan-bergizi-gratis-di-sdn-4-tangerang-menunya-nasi-telur-dadar-sayur-dan-susu,No,Adult: Sexual content,Restricted ad serving,ca-pub-7784034061253020,301,2024-08-04,2024-08-05
aceh.tribunnews.com,Page,N/A,N/A,aceh.tribunnews.com/2024/07/06/sering-pakai-celana-jeans-ketat-pengaruhi-kesuburan-pria-simak-penjelasan-lengkap-seksolog-dr-boyke,No,Adult: Sexual content,Restricted ad serving,ca-pub-7784034061253020,301,2024-08-06,2024-08-06
style.tribunnews.com,Page,N/A,N/A,style.tribunnews.com/2016/08/25/merek-rokok-makna-lucu-unik-hingga-serius-di-balik-8-brand-batang-tembakau-ini-benarkah,No,Tobacco,Restricted ad serving,ca-pub-7784034061253020,299,2024-07-31,2024-08-06
pekanbaru.tribunnews.com,Page,N/A,N/A,pekanbaru.tribunnews.com/2021/12/11/video-intip-tante-sisca-mellyana-lagi-pipis-viral-ditonton-lebih-500-ribu-kali,No,Adult: Sexual content,Restricted ad serving,ca-pub-7784034061253020,298,2024-07-31,2024-08-05
bangka.tribunnews.com,Page,N/A,N/A,bangka.tribunnews.com/2010/10/16/mahkota-kegadisan-direnggut-ayah-kandung,No,Adult: Sexual content,Restricted ad serving,ca-pub-7784034061253020,298,2024-07-31,2024-08-06
bangka.tribunnews.com,Page,N/A,N/A,bangka.tribunnews.com/2020/12/23/gigolo-jadi-buruan-tante-tante-dibayar-mahal-cuma-modal-rayuan-dan-layanan-ini-kode-rahasianya,Yes,Ads Disguised as Content,Restricted ad serving,ca-pub-7784034061253020,297,2024-07-31,2024-08-06
pontianak.tribunnews.com,Page,N/A,N/A,pontianak.tribunnews.com/404,Yes,Google-served ads on screens without publisher-content,Restricted ad serving,ca-pub-7784034061253020,294,2024-07-31,2024-08-06
bogor.tribunnews.com,Page,N/A,N/A,bogor.tribunnews.com/2024/05/14/foto-foto-kasus-vina-cirebon-unggahan-tahun-2016-kembali-viral-tampang-pelaku-bikin-netizen-geram,No,Shocking content,Restricted ad serving,ca-pub-7784034061253020,294,2024-08-01,2024-08-04
www.tribunnews.com,Page,N/A,N/A,www.tribunnews.com/regional/2013/08/11/10-tetes-langsung-bereaksi,No,Adult: Sexual content,Restricted ad serving,ca-pub-7784034061253020,293,2024-07-31,2024-08-06
www.tribunnews.com,Page,N/A,N/A,www.tribunnews.com/seleb/2022/09/16/lirik-lagu-kutukan-mantan-alx-studio-tidur-malam-minum-es-teh-satu-gelas,Yes,Ads Disguised as Content,Restricted ad serving,ca-pub-7784034061253020,292,2024-07-31,2024-08-06
pekanbaru.tribunnews.com,Page,N/A,N/A,pekanbaru.tribunnews.com/2021/08/16/trend-sexxxxyyyy-bokeh-bokeh-museum-video-download-berikut-aplikasi-video-bokeh-2021-terbaru,No,Adult: Sexual content,Restricted ad serving,ca-pub-7784034061253020,292,2024-08-01,2024-08-06
jatim.tribunnews.com,Page,N/A,N/A,jatim.tribunnews.com/2017/05/05/main-sama-anjing-sambil-nungging-bagian-belakang-awkarin-ada-yang-nongol-posenya-mesum,Yes,Site Behavior: Navigation,Restricted ad serving,ca-pub-7784034061253020,292,2024-07-31,2024-08-06
belitung.tribunnews.com,Page,N/A,N/A,belitung.tribunnews.com/2018/09/04/ini-arti-dari-6-bentuk-bibir-ini-lihat-seperti-apa-bentuk-bibir-kamu?page=2,No,Shocking content,Restricted ad serving,ca-pub-7784034061253020,292,2024-07-31,2024-08-06
jambi.tribunnews.com,Page,N/A,N/A,jambi.tribunnews.com/2019/03/31/ini-16-ciri-cewek-yang-gila-di-ranjang-seperti-bulu-tangan-lebat-kumis-tipis-kamu-yang-mana,Yes,Adult: Sexual content;Google-served ads on screens without publisher-content,Restricted ad serving,ca-pub-7784034061253020,290,2024-07-31,2024-08-06
bogor.tribunnews.com,Page,N/A,N/A,bogor.tribunnews.com/2024/04/01/8-arti-mimpi-berhubungan-intim-menurut-primbon-jawa-tafsirnya-bisa-baik-dan-buruk,Yes,Adult: Sexual content;Google-served ads obscuring content;Modified Javascript: Ads by Google size,Restricted ad serving,ca-pub-7784034061253020,289,2024-07-31,2024-08-06
makassar.tribunnews.com,Page,N/A,N/A,makassar.tribunnews.com/2022/06/29/ciri-ciri-wanita-yang-sudah-tidak-perawan-perhatikan-telapak-tangannya?page=3,No,Adult: Sexual content,Restricted ad serving,ca-pub-7784034061253020,286,2024-08-05,2024-08-06
jambi.tribunnews.com,Page,N/A,N/A,jambi.tribunnews.com/2019/08/18/deretan-foto-30-gadis-jepang-ini-sangat-populer-berani-tampil-terbuka-hingga-tampak-bagian-dalam,No,Adult: Sexual content,Restricted ad serving,ca-pub-7784034061253020,286,2024-07-31,2024-08-06
jambi.tribunnews.com,Page,N/A,N/A,jambi.tribunnews.com/404,Yes,Google-served ads on screens without publisher-content,Restricted ad serving,ca-pub-7784034061253020,284,2024-07-31,2024-08-05
jabar.tribunnews.com,Page,N/A,N/A,jabar.tribunnews.com/2022/03/25/pengobatan-alat-vital-mak-erot-terpercaya-cigadog-cisolok-sukabumi-dan-pondok-gede-bekasi,Yes,Ads Disguised as Content,Restricted ad serving,ca-pub-7784034061253020,284,2024-07-31,2024-08-06
bekasi.tribunnews.com,Page,N/A,N/A,bekasi.tribunnews.com/2022/11/29/rekomendasi-film-jepang-khusus-dewasa-terbaru-2022-ada-139-film-beresolusi-hd-dan-bahasa-indonesia,No,Adult: Sexual content,Restricted ad serving,ca-pub-7784034061253020,284,2024-08-03,2024-08-06
sumsel.tribunnews.com,Page,N/A,N/A,sumsel.tribunnews.com/2021/10/01/cara-dan-syarat-mengurus-kartu-atm-bni-tertelan-di-mesin-bisa-di-kantor-terdekat,No,Google-served ads obscuring content,Restricted ad serving,ca-pub-7784034061253020,283,2024-07-31,2024-08-06
batam.tribunnews.com,Page,N/A,N/A,batam.tribunnews.com/2017/11/24/ehem-inilah-5-fakta-cewek-yang-suka-nonton-film-hot-ada-fakta-yang-bikin-syok-dari-indonesia,No,Adult: Sexual content,Restricted ad serving,ca-pub-7784034061253020,283,2024-07-31,2024-08-06
banjarmasin.tribunnews.com,Page,N/A,N/A,banjarmasin.tribunnews.com/2015/05/30/inilah-yang-terjadi-pada-pria-saat-terangsang,No,Adult: Sexual content,Restricted ad serving,ca-pub-7784034061253020,282,2024-07-31,2024-08-06
jambi.tribunnews.com,Page,N/A,N/A,jambi.tribunnews.com/2018/04/29/kelihatan-inilah-ciri-wanita-yang-sering-memuaskan-diri-sendiri-bahayanya-bakal-sakit-seperti-ini,No,Adult: Sexual content,Restricted ad serving,ca-pub-7784034061253020,281,2024-07-31,2024-08-06
jatim.tribunnews.com,Page,N/A,N/A,jatim.tribunnews.com/2024/07/17/ide-tema-kemerdekaan-17-agustus-2024-yang-menarik-cocok-untuk-kegiatan-di-sekolah-hingga-karnaval,No,Shocking content,Restricted ad serving,ca-pub-7784034061253020,279,2024-07-31,2024-08-06
bangka.tribunnews.com,Page,N/A,N/A,bangka.tribunnews.com/2024/06/10/formasi-casn-2024-pemprov-sumsel-6138-cek-rinciannya-di-laman-sscasn,No,Shocking content,Restricted ad serving,ca-pub-7784034061253020,278,2024-08-06,2024-08-06
bangka.tribunnews.com,Page,N/A,N/A,bangka.tribunnews.com/2017/11/09/9-kasus-pasangan-mati-gancet-4-diantaranya-terjadi-di-indonesia,Yes,Ads Disguised as Content,Restricted ad serving,ca-pub-7784034061253020,277,2024-07-31,2024-08-05
kupang.tribunnews.com,Page,N/A,N/A,kupang.tribunnews.com/2019/07/18/terlihat-sangat-perkasaternyata-ini-cara-aktor-film-porno-menjaga-ereksinya-bertahan-sepanjang-film,No,Adult: Sexual content,Restricted ad serving,ca-pub-7784034061253020,276,2024-07-31,2024-08-06
pontianak.tribunnews.com,Page,N/A,N/A,pontianak.tribunnews.com/2018/01/28/inilah-7-ciri-wanita-kecanduan-masturbasi-7-persen-cewek-melakukannya-setiap-hari?page=2,No,Adult: Sexual content,Restricted ad serving,ca-pub-7784034061253020,274,2024-07-31,2024-08-06
bangka.tribunnews.com,Page,N/A,N/A,bangka.tribunnews.com/2024/07/25/pengendara-ojol-yang-tewas-dibacok-odgj-di-kendari-bukan-driver-maxim?page=2,No,Shocking content,Restricted ad serving,ca-pub-7784034061253020,274,2024-08-01,2024-08-04
www.tribunnews.com,Page,N/A,N/A,www.tribunnews.com/internasional/2019/05/23/aktor-senior-film-dewasa-jepang-hubungan-pria-dan-wanita-terpenting-adalah-komunikasi,No,Adult: Sexual content,Restricted ad serving,ca-pub-7784034061253020,273,2024-07-31,2024-08-06
jabar.tribunnews.com,Page,N/A,N/A,jabar.tribunnews.com/2022/01/31/spesialis-ahli-pengobatan-alat-vital-tangerang-banten-terbaik-terpercaya-klinik-bpk-habdul-nun,No,Adult: Sexual content,Restricted ad serving,ca-pub-7784034061253020,273,2024-07-31,2024-08-06
belitung.tribunnews.com,Page,N/A,N/A,belitung.tribunnews.com/2022/10/07/pasutri-harus-tahu-ternyata-air-mani-dan-sperma-tidak-sama-ini-penjelasan-dr-saddam-ismail,No,Adult: Sexual content,Restricted ad serving,ca-pub-7784034061253020,273,2024-07-31,2024-08-06
wartakota.tribunnews.com,Page,N/A,N/A,wartakota.tribunnews.com/2024/02/26/pengobatan-alternatif-mak-erot-diminati-dari-kalangan-pejabat-hingga-artis-hanya-pakai-rempah,No,Google-served ads obscuring content,Restricted ad serving,ca-pub-7784034061253020,272,2024-07-31,2024-08-06
www.tribunnews.com,Page,N/A,N/A,www.tribunnews.com/kesehatan/2013/02/06/ini-kata-mereka-yang-pernah-mengonsumsi-permen-karet-cinta,Yes,Adult: Sexual content;Content obscuring Google-served ads,Restricted ad serving,ca-pub-7784034061253020,271,2024-07-31,2024-08-06
makassar.tribunnews.com,Page,N/A,N/A,makassar.tribunnews.com/2020/07/07/banyak-adegan-ranjang-gay-threesome-siswa-sma-ini-sinopsis-elite-di-netflix-ada-yang-berhijab,Yes,Ads Disguised as Content;Adult: Sexual content,Restricted ad serving,ca-pub-7784034061253020,271,2024-07-31,2024-08-06
depok.tribunnews.com,Page,N/A,N/A,depok.tribunnews.com/2024/06/13/viral-beredar-video-ungkap-eky-dan-vina-cirebon-merupakan-target-pembunuhan-mafia-narkoba,No,Shocking content,Restricted ad serving,ca-pub-7784034061253020,271,2024-08-02,2024-08-06
jambi.tribunnews.com,Page,N/A,N/A,jambi.tribunnews.com/2017/08/18/cerita-dewasa-ditulis-secara-kolektif-pembaca-jadi-deg-deg-ser,No,Adult: Sexual content,Restricted ad serving,ca-pub-7784034061253020,270,2024-07-31,2024-08-05
jabar.tribunnews.com,Page,N/A,N/A,jabar.tribunnews.com/2022/06/01/pengobatan-alat-vital-aa-abdul-jalil-jogja-pusat-vitalitas-terbaik,No,Adult: Sexual content,Restricted ad serving,ca-pub-7784034061253020,269,2024-07-31,2024-08-06
aceh.tribunnews.com,Page,N/A,N/A,aceh.tribunnews.com/2021/01/03/simak-cara-bedakan-cairan-yang-keluar-dari-kemaluan-mani-atau-bukan-lengkap-tata-cara-mandi-junub,No,Adult: Sexual content,Restricted ad serving,ca-pub-7784034061253020,269,2024-08-02,2024-08-06
batam.tribunnews.com,Page,N/A,N/A,batam.tribunnews.com/2021/10/26/cara-booking-hotel-lewat-shopee-bisa-bayar-bulan-depan-pakai-shopee-paylater,Yes,Modified ad code: Resizing Ad Frames,Restricted ad serving,ca-pub-7784034061253020,267,2024-07-31,2024-08-06
wartakota.tribunnews.com,Page,N/A,N/A,wartakota.tribunnews.com/2020/06/27/pengakuan-cewek-cantik-open-bo-di-michat-pria-hidung-belang-dikenakan-tarif-rp-800-ribu-sekali-main,No,Adult: Sexual content,Restricted ad serving,ca-pub-7784034061253020,265,2024-08-03,2024-08-06
trends.tribunnews.com,Page,N/A,N/A,trends.tribunnews.com/viral,No,Adult: Sexual content,Restricted ad serving,ca-pub-7784034061253020,265,2024-08-06,2024-08-06
pekanbaru.tribunnews.com,Page,N/A,N/A,pekanbaru.tribunnews.com/2022/01/28/link-download-tiktok-18-plus-versi-android-dan-download-tiktok-18-mod-apk,Yes,Ads Disguised as Content,Restricted ad serving,ca-pub-7784034061253020,265,2024-07-31,2024-08-06
jambi.tribunnews.com,Page,N/A,N/A,jambi.tribunnews.com/2017/12/20/8-tanda-wanita-yang-lama-tak-berhubungan-seksual-no-8-sangat-dihindari-wanita,No,Adult: Sexual content,Restricted ad serving,ca-pub-7784034061253020,265,2024-07-31,2024-08-06
jabar.tribunnews.com,Page,N/A,N/A,jabar.tribunnews.com/2024/03/25/pengobatan-alat-vital-bandung-aa-h-kosasih,No,Adult: Sexual content,Restricted ad serving,ca-pub-7784034061253020,264,2024-07-31,2024-08-06
medan.tribunnews.com,Page,N/A,N/A,medan.tribunnews.com/2018/05/09/akhirnya-terkuak-7-perempuan-indonesia-yang-membintangi-film-panas-di-luar-negeri?page=all,No,Adult: Sexual content,Restricted ad serving,ca-pub-7784034061253020,263,2024-08-03,2024-08-06
batam.tribunnews.com,Page,N/A,N/A,batam.tribunnews.com/2021/05/27/6-film-maria-ozawa-miyabi-jarang-diketahui-mulai-erotibot-irokoishi-hingga-nilalang,No,Adult: Sexual content,Restricted ad serving,ca-pub-7784034061253020,262,2024-08-04,2024-08-05
bangka.tribunnews.com,Page,N/A,N/A,bangka.tribunnews.com/2017/11/06/10-adegan-kissing-terpanas-film-indonesia-ada-yang-sampai-nyaris-telanjang,No,Adult: Sexual content,Restricted ad serving,ca-pub-7784034061253020,262,2024-07-31,2024-08-05
jatim.tribunnews.com,Page,N/A,N/A,jatim.tribunnews.com/2022/01/04/lirik-dan-terjemahan-lagu-enjoy-life-airr-yang-populer-di-tiktok-and-maybe-we-can-enjoy-life,Yes,Copyrighted material (DMCA),Disabled ad serving,,260,2024-07-31,2024-08-04
bangka.tribunnews.com,Page,N/A,N/A,bangka.tribunnews.com/2024/05/22/terungkap-terpidana-kasus-vina-cirebon-ternyata-pernah-ajukan-grasi-ke-presiden-tapi-ditolak,No,Shocking content,Restricted ad serving,ca-pub-7784034061253020,260,2024-08-03,2024-08-05
belitung.tribunnews.com,Page,N/A,N/A,belitung.tribunnews.com/2016/09/15/empat-wanita-cantik-asal-indonesia-ini-sukses-jadi-bintang-film-porno-simak-siapa-saja-mereka,No,Adult: Sexual content,Restricted ad serving,ca-pub-7784034061253020,259,2024-07-31,2024-08-06
aceh.tribunnews.com,Page,N/A,N/A,aceh.tribunnews.com/2024/08/02/solusi-mudah-mengatasi-keputihan-menggumpal-seperti-tepung-simak-penjelasan-seksolog-dr-boyke?lgn_method=google&google_btn=onetap,No,Adult: Sexual content,Restricted ad serving,ca-pub-7784034061253020,259,2024-08-03,2024-08-04
wartakota.tribunnews.com,Page,N/A,N/A,wartakota.tribunnews.com/2021/05/05/penelitian-terbaru-semakin-besar-hidung-menunjukan-ukuran-alat-vital-pria-lebih-panjang?page=all,No,Adult: Sexual content,Restricted ad serving,ca-pub-7784034061253020,256,2024-08-01,2024-08-05
jatim.tribunnews.com,Page,N/A,N/A,jatim.tribunnews.com/2024/08/04/pantas-cynthia-bisa-undang-eks-westlife-ke-ultah-anak-suami-makan-nasi-padang-bareng-sedeket-itu?page=2,No,Adult: Sexual content,Restricted ad serving,ca-pub-7784034061253020,256,2024-08-04,2024-08-04
sulbar.tribunnews.com,Page,N/A,N/A,sulbar.tribunnews.com/2023/02/13/nesya-viral-trending-di-twitter-video-adegan-wikwik-gadis-18-tahun-no-sensor-link-dicari-nitizen,No,Adult: Sexual content,Restricted ad serving,ca-pub-7784034061253020,255,2024-07-31,2024-08-06
pontianak.tribunnews.com,Page,N/A,N/A,pontianak.tribunnews.com/tag/video-mesum-ariel-luna-maya,No,Adult: Sexual content,Restricted ad serving,ca-pub-7784034061253020,255,2024-07-31,2024-08-06
palembang.tribunnews.com,Page,N/A,N/A,palembang.tribunnews.com/mata-lokal-memilih,No,Adult: Sexual content,Restricted ad serving,ca-pub-7784034061253020,255,2024-08-06,2024-08-06
bangka.tribunnews.com,Page,N/A,N/A,bangka.tribunnews.com/2017/10/04/intip-kampung-cinta-di-subang-gadisnya-cantik-dan-nikahnya-murah-ditinggalin-jika-bosan,Yes,Site Behavior: Navigation,Restricted ad serving,ca-pub-7784034061253020,254,2024-07-31,2024-08-04
banjarmasin.tribunnews.com,Page,N/A,N/A,banjarmasin.tribunnews.com/2022/01/26/kaum-muda-temui-kasus-edi-tansil-dr-boyke-bongkar-rahasia-atasi-perkara-ini,Yes,Ads Disguised as Content,Restricted ad serving,ca-pub-7784034061253020,253,2024-07-31,2024-08-04
aceh.tribunnews.com,Page,N/A,N/A,aceh.tribunnews.com/2023/11/07/pergoki-istri-tetangga-selingkuh-pria-ini-minta-jatah-berhubungan-badan-istri-sah-lapor-polisi,No,Adult: Sexual content,Restricted ad serving,ca-pub-7784034061253020,253,2024-08-01,2024-08-05
makassar.tribunnews.com,Page,N/A,N/A,makassar.tribunnews.com/2021/12/03/video-1-menit-20-detik-rekam-cewek-buka-baju-di-bandara,Yes,Ads Disguised as Content,Restricted ad serving,ca-pub-7784034061253020,252,2024-07-31,2024-08-06
m.tribunnews.com,Page,N/A,N/A,m.tribunnews.com/nasional/2018/01/06/video-mesum-bocah-dengan-wanita-dewasa-ibu-si-bocah-ternyata-ikut-menyaksikan-adegan-di-hotel,No,Adult: Sexual content,Restricted ad serving,ca-pub-7784034061253020,252,2024-07-31,2024-08-06
kupang.tribunnews.com,Page,N/A,N/A,kupang.tribunnews.com/2018/03/08/ingin-gunakan-sex-toys-tahu-dulu-fungsi-dan-dampak-negatifnya,No,Adult: Sexual content,Restricted ad serving,ca-pub-7784034061253020,252,2024-07-31,2024-08-06
surabaya.tribunnews.com,Page,N/A,N/A,surabaya.tribunnews.com/2019/09/14/5-fakta-video-viral-mama-muda-sumedang-supir-truk-beradegan-panas-dari-lokasi-identitas-pemain,No,Adult: Sexual content,Restricted ad serving,ca-pub-7784034061253020,251,2024-08-03,2024-08-04
jogja.tribunnews.com,Page,N/A,N/A,jogja.tribunnews.com/2016/12/03/ini-dia-sejarah-masturbasi-anggapan-dulu-dan-sekarang,No,Adult: Sexual content,Restricted ad serving,ca-pub-7784034061253020,250,2024-07-31,2024-08-06
bali.tribunnews.com,Page,N/A,N/A,bali.tribunnews.com/2020/12/23/arti-dan-tujuan-perkawinan-menurut-hukum-hindu,Yes,Modified ad code: Resizing Ad Frames,Restricted ad serving,ca-pub-7784034061253020,250,2024-07-31,2024-08-06
jambi.tribunnews.com,Page,N/A,N/A,jambi.tribunnews.com/2018/01/21/ini-yang-ada-dipikiran-wanita-bila-melihat-kelamin-laki-laki,No,Adult: Sexual content,Restricted ad serving,ca-pub-7784034061253020,249,2024-07-31,2024-08-06
bali.tribunnews.com,Page,N/A,N/A,bali.tribunnews.com/2021/06/23/hubungan-suami-istri-dalam-usada-hindu-di-bali,No,Adult: Sexual content,Restricted ad serving,ca-pub-7784034061253020,249,2024-08-01,2024-08-04
sumsel.tribunnews.com,Page,N/A,N/A,sumsel.tribunnews.com/404,Yes,Google-served ads on screens without publisher-content,Restricted ad serving,ca-pub-7784034061253020,248,2024-07-31,2024-08-05
aceh.tribunnews.com,Page,N/A,N/A,aceh.tribunnews.com/2022/10/13/dr-boyke-ingatkan-wanita-jangan-sering-pakai-lingerie-bisa-bikin-organ-intim-wanita-menderita,Yes,Ads Disguised as Content;Adult: Sexual content,Restricted ad serving,ca-pub-7784034061253020,248,2024-07-31,2024-08-06
pontianak.tribunnews.com,Page,N/A,N/A,pontianak.tribunnews.com/2018/01/28/inilah-7-ciri-wanita-kecanduan-masturbasi-7-persen-cewek-melakukannya-setiap-hari?page=3,No,Adult: Sexual content,Restricted ad serving,ca-pub-7784034061253020,247,2024-07-31,2024-08-06
pontianak.tribunnews.com,Page,N/A,N/A,pontianak.tribunnews.com/techno,Yes,Encouraging accidental clicks: Layout,Restricted ad serving,ca-pub-7784034061253020,246,2024-07-31,2024-08-06
m.tribunnews.com,Page,N/A,N/A,m.tribunnews.com/kesehatan/2018/04/08/perawan-atau-tidak-bisa-dilihat-dari-cara-berjalan-dokter-ungkap-fakta-sesungguhnya,No,Adult: Sexual content,Restricted ad serving,ca-pub-7784034061253020,246,2024-07-31,2024-08-06
kupang.tribunnews.com,Page,N/A,N/A,kupang.tribunnews.com/404,Yes,Google-served ads on screens without publisher-content,Restricted ad serving,ca-pub-7784034061253020,245,2024-07-31,2024-08-06
bali.tribunnews.com,Page,N/A,N/A,bali.tribunnews.com/2024/07/19/hal-aneh-dari-kecelakaan-dali-wassink-suami-jennifer-coppen-di-sunset-road-bali-kok-bisa-nabrak,No,Shocking content,Restricted ad serving,ca-pub-7784034061253020,245,2024-07-31,2024-08-06
jambi.tribunnews.com,Page,N/A,N/A,jambi.tribunnews.com/2023/08/11/kunci-jawaban-ipa-kelas-9-halaman-44-macam-macam-alat-kontrasepsi-pada-laki-laki?page=all,No,Adult: Sexual content,Restricted ad serving,ca-pub-7784034061253020,242,2024-07-31,2024-08-05
makassar.tribunnews.com,Page,N/A,N/A,makassar.tribunnews.com/2017/10/12/kamu-wajib-tahu-6-cara-tahu-cewek-tak-perawan-cukup-lihat-hidung-telapak-tangan-matanya,No,Adult: Sexual content,Restricted ad serving,ca-pub-7784034061253020,240,2024-08-01,2024-08-05
bali.tribunnews.com,Page,N/A,N/A,bali.tribunnews.com/tag/kecelakaan,No,Shocking content,Restricted ad serving,ca-pub-7784034061253020,240,2024-08-04,2024-08-06
jambi.tribunnews.com,Page,N/A,N/A,jambi.tribunnews.com/2020/11/07/kakek-sugiono-bintang-film-panas-jepang-siap-ke-indonesia-jika-ada-tawaran-begini-pengakuannya,No,Adult: Sexual content,Restricted ad serving,ca-pub-7784034061253020,239,2024-08-06,2024-08-06
aceh.tribunnews.com,Page,N/A,N/A,aceh.tribunnews.com/2023/02/27/berhubungan-intim-teralu-lama-bisa-fatal-akibatnya-seksolog-dr-boyke-beberkan-durasi-yang-ideal,No,Adult: Sexual content,Restricted ad serving,ca-pub-7784034061253020,238,2024-07-31,2024-08-06
sultra.tribunnews.com,Page,N/A,N/A,sultra.tribunnews.com/2023/07/02/video-popo-dan-patung-21-detik-viral-di-twitter-hingga-buat-seleb-tiktok-asal-jambi-diamankan-polisi,No,Adult: Sexual content,Restricted ad serving,ca-pub-7784034061253020,237,2024-08-03,2024-08-06
aceh.tribunnews.com,Page,N/A,N/A,aceh.tribunnews.com/2022/03/05/harus-dipelajari-suami-begini-tips-mengajak-istri-berhubungan-intim-menurut-buya-yahya,No,Shocking content,Restricted ad serving,ca-pub-7784034061253020,236,2024-07-31,2024-08-06
www.tribunnews.com,Page,N/A,N/A,www.tribunnews.com/kesehatan/2016/02/07/tiga-posisi-bercinta-yang-bikin-suami-merem-melek-bahagia-dan-kian-mesra,No,Adult: Sexual content,Restricted ad serving,ca-pub-7784034061253020,235,2024-07-31,2024-08-06
kupang.tribunnews.com,Page,N/A,N/A,kupang.tribunnews.com/2020/02/25/berani-coba-guys-5-benda-sederhana-di-rumah-yang-dipercaya-bisa-meningkatkan-gairah-bercinta,No,Adult: Sexual content,Restricted ad serving,ca-pub-7784034061253020,235,2024-07-31,2024-08-05
wartakota.tribunnews.com,Page,N/A,N/A,wartakota.tribunnews.com/tag/video-telanjang-janda-muda,Yes,Google-served ads on screens without publisher-content,Restricted ad serving,ca-pub-7784034061253020,233,2024-07-31,2024-08-06
jatim.tribunnews.com,Page,N/A,N/A,jatim.tribunnews.com/2024/07/12/syok-tunangan-selingkuh-sama-ibu-sampai-ada-anak-wanita-depresi-bocah-3-tahun-dikira-adik-kandung,No,Shocking content,Restricted ad serving,ca-pub-7784034061253020,233,2024-08-03,2024-08-06
aceh.tribunnews.com,Page,N/A,N/A,aceh.tribunnews.com/2021/12/26/70-persen-wanita-tak-puas-berhubungan-dengan-suami-dr-boyke-beberkan-penyebabnya,No,Adult: Sexual content,Restricted ad serving,ca-pub-7784034061253020,233,2024-08-01,2024-08-04
www.tribunnews.com,Page,N/A,N/A,www.tribunnews.com/kesehatan/2017/07/08/terungkap-rahasia-bentuk-bibir-wanita-dan-tingginya-nafsu-seksual,No,Adult: Sexual content,Restricted ad serving,ca-pub-7784034061253020,232,2024-07-31,2024-08-06
kaltim.tribunnews.com,Page,N/A,N/A,kaltim.tribunnews.com/2023/06/06/dilarang-tayang-di-indonesia-5-anime-penuh-adegan-panas-18-tanpa-sensor?page=all,No,Adult: Sexual content,Restricted ad serving,ca-pub-7784034061253020,232,2024-08-01,2024-08-04
jogja.tribunnews.com,Page,N/A,N/A,jogja.tribunnews.com/2017/10/13/enam-penyanyi-dangdut-ini-suka-tampil-hot-saat-manggung-bikin-mata-pria-merem-melek,No,Adult: Sexual content,Restricted ad serving,ca-pub-7784034061253020,232,2024-07-31,2024-08-06
aceh.tribunnews.com,Page,N/A,N/A,aceh.tribunnews.com/2022/03/02/cara-mengembalikan-gairah-seksual-pria-dan-wanita-saat-usia-40-an-ikuti-tips-dr-boyke?page=3,No,Adult: Sexual content,Restricted ad serving,ca-pub-7784034061253020,232,2024-08-05,2024-08-05
bekasi.tribunnews.com,Page,N/A,N/A,bekasi.tribunnews.com/2022/07/30/film-semi-jepang-terlaris-ditonton-dari-business-trip-with-2-lady-bosses-hingga-lost-track-of-time?page=all,No,Adult: Sexual content,Restricted ad serving,ca-pub-7784034061253020,231,2024-08-02,2024-08-04
wartakota.tribunnews.com,Page,N/A,N/A,wartakota.tribunnews.com/2020/06/17/terungkap-ciri-ciri-wanita-berlibido-tinggi-berikut-ini-10-karakteristiknya,No,Adult: Sexual content,Restricted ad serving,ca-pub-7784034061253020,229,2024-07-31,2024-08-06
health.tribunnews.com,Page,N/A,N/A,health.tribunnews.com/2023/09/27/wanita-terasa-geli-ketika-berhubungan-seksual-tergolong-normal-begini-penjelasan-dokter,No,Adult: Sexual content,Restricted ad serving,ca-pub-7784034061253020,229,2024-07-31,2024-08-05
banjarmasin.tribunnews.com,Page,N/A,N/A,banjarmasin.tribunnews.com/2022/08/23/tak-usah-risau-alami-disfungsi-ereksi-dr-zaidul-akbar-bongkar-resep-ampuh-herbal,Yes,Ads Disguised as Content,Restricted ad serving,ca-pub-7784034061253020,228,2024-07-31,2024-08-06
bangka.tribunnews.com,Page,N/A,N/A,bangka.tribunnews.com/2021/02/09/tanda-tanda-wanita-sedang-birahi-dan-mau-diajak-berhubungan-intim-dr-aisah-dahlan-jelaskan-ini,Yes,Ads Disguised as Content,Restricted ad serving,ca-pub-7784034061253020,227,2024-07-31,2024-08-06
www.tribunnews.com,Page,N/A,N/A,www.tribunnews.com/regional/2024/08/01/motif-adik-di-surabaya-bunuh-kakak-perempuan-jasad-ditemukan-dalam-kondisi-terikat-kabel,No,Shocking content,Restricted ad serving,ca-pub-7784034061253020,226,2024-08-05,2024-08-06
medan.tribunnews.com,Page,N/A,N/A,medan.tribunnews.com/2024/08/05/detik-detik-alat-vital-guru-renang-wanita-ditendang-pelatih-pria-di-sumut-pingsan-alami-pendarahan,No,Shocking content,Restricted ad serving,ca-pub-7784034061253020,225,2024-08-05,2024-08-05
aceh.tribunnews.com,Page,N/A,N/A,aceh.tribunnews.com/2022/11/14/dr-boyke-ungkap-cirinya-ini-perbedaan-selaput-dara-robek-karena-olahraga-dan-hubungan-intim,No,Adult: Sexual content,Restricted ad serving,ca-pub-7784034061253020,225,2024-08-02,2024-08-06
manado.tribunnews.com,Page,N/A,N/A,manado.tribunnews.com/2019/03/13/bingung-hadapi-pelakor-ini-jurus-jitu-nan-elegan-agar-pelaku-jera-jangan-umbar-di-media-sosial,Yes,Ads Disguised as Content,Restricted ad serving,ca-pub-7784034061253020,224,2024-07-31,2024-08-06
jatim.tribunnews.com,Page,N/A,N/A,jatim.tribunnews.com/2022/12/09/arti-mimpi-berhubungan-badan-dengan-suami-menurut-primbon-jawa-pertanda-rezeki-hingga-umur-panjang,No,Adult: Sexual content,Restricted ad serving,ca-pub-7784034061253020,224,2024-07-31,2024-08-06
makassar.tribunnews.com,Page,N/A,N/A,makassar.tribunnews.com/2017/12/10/si-wanita-cantik-masuk-toilet-lalu-lepas-baju-dan-celana-hal-tak-disangka-pun-terjadi,Yes,Ads Disguised as Content,Restricted ad serving,ca-pub-7784034061253020,223,2024-07-31,2024-08-06
bogor.tribunnews.com,Page,N/A,N/A,bogor.tribunnews.com/2023/02/15/mimpi-bercinta-sesama-jenis-ternyata-pertanda-akan-dapat-masalah-ini-9-arti-mimpi-berhubungan-intim,No,Adult: Sexual content,Restricted ad serving,ca-pub-7784034061253020,222,2024-08-01,2024-08-06
aceh.tribunnews.com,Page,N/A,N/A,aceh.tribunnews.com/2024/07/24/menstruasi-tak-lancar-bikin-tambah-stres-dokter-boyke-bagikan-tips-bermanfaat-bagi-kaum-hawa,No,Adult: Sexual content,Restricted ad serving,ca-pub-7784034061253020,222,2024-08-03,2024-08-06
bogor.tribunnews.com,Page,N/A,N/A,bogor.tribunnews.com/2015/12/08/tempat-pijat-plus-di-bogor-alamak-terapisnya-topless,No,Adult: Sexual content,Restricted ad serving,ca-pub-7784034061253020,221,2024-07-31,2024-08-05
belitung.tribunnews.com,Page,N/A,N/A,belitung.tribunnews.com/2016/12/28/ini-foto-foto-pembunuhan-sadis-di-pulomas-yang-beredar-di-media-sosial?page=all,No,Shocking content,Restricted ad serving,ca-pub-7784034061253020,220,2024-07-31,2024-08-06
bali.tribunnews.com,Page,N/A,N/A,bali.tribunnews.com/2018/04/09/kencan-dengan-pria-di-atas-50-tahun-ada-8-saran-dari-seorang-penulis-lisa-copeland,Yes,Ads Disguised as Content,Restricted ad serving,ca-pub-7784034061253020,220,2024-07-31,2024-08-06
pekanbaru.tribunnews.com,Page,N/A,N/A,pekanbaru.tribunnews.com/2020/07/26/hukum-oral-seks-dalam-islam-berikut-tiga-pandangan-hukum-yang-mengatur-tentang-oral-seks?page=all,No,Adult: Sexual content,Restricted ad serving,ca-pub-7784034061253020,219,2024-08-01,2024-08-06
bangka.tribunnews.com,Page,N/A,N/A,bangka.tribunnews.com/2024/07/25/pengendara-ojol-yang-tewas-dibacok-odgj-di-kendari-bukan-driver-maxim?page=3,No,Shocking content,Restricted ad serving,ca-pub-7784034061253020,219,2024-08-01,2024-08-04
aceh.tribunnews.com,Page,N/A,N/A,aceh.tribunnews.com/2022/11/11/penyebab-cara-atasi-puting-payudara-tidak-timbul-apakah-pengaruh-saat-menyusui-ini-kata-dr-boyke,No,Google-served ads obscuring content,Restricted ad serving,ca-pub-7784034061253020,218,2024-07-31,2024-08-06
bangka.tribunnews.com,Page,N/A,N/A,bangka.tribunnews.com/2022/02/20/ternyata-inilah-alasan-mengapa-wanita-suka-berisik-saat-berhubungan-biologis,No,Adult: Sexual content,Restricted ad serving,ca-pub-7784034061253020,217,2024-08-04,2024-08-06
bangka.tribunnews.com,Page,N/A,N/A,bangka.tribunnews.com/2017/04/14/ini-rahasia-pemain-film-porno-tertua-di-jepang-tetap-sehat-dan-bugar,No,Adult: Sexual content,Restricted ad serving,ca-pub-7784034061253020,216,2024-08-04,2024-08-06
pontianak.tribunnews.com,Page,N/A,N/A,pontianak.tribunnews.com/2018/05/28/6-ciri-wanita-sudah-tak-perawan-mulai-hidung-mata-payudara-hingga-bentuk-punggung,No,Adult: Sexual content,Restricted ad serving,ca-pub-7784034061253020,215,2024-07-31,2024-08-06
medan.tribunnews.com,Page,N/A,N/A,medan.tribunnews.com/2021/07/08/doa-dikuatkan-zakar-dan-tahan-lama-untuk-bahagiakan-istri-di-ranjang-peraduan,No,Adult: Sexual content,Restricted ad serving,ca-pub-7784034061253020,214,2024-07-31,2024-08-06
bogor.tribunnews.com,Page,N/A,N/A,bogor.tribunnews.com/2016/06/30/ini-6-tanda-pasangan-anda-pernah-tidur-dengan-pria-lain-cukur-rambut-kemaluan-hingga-gaya-bercinta,No,Adult: Sexual content,Restricted ad serving,ca-pub-7784034061253020,214,2024-07-31,2024-08-06
sumsel.tribunnews.com,Page,N/A,N/A,sumsel.tribunnews.com/2018/02/10/5-film-ini-aktornya-lakukan-adegan-ranjang-beneran-namun-ada-yang-terbongkar-rahasianya?page=2,Yes,Ads Disguised as Content,Restricted ad serving,ca-pub-7784034061253020,213,2024-07-31,2024-08-06
pekanbaru.tribunnews.com,Page,N/A,N/A,pekanbaru.tribunnews.com/2022/10/04/kode-gigolo-buat-tante-girang-dan-mama-muda-kesepian-apa-itu,No,Adult: Sexual content,Restricted ad serving,ca-pub-7784034061253020,213,2024-08-01,2024-08-05
aceh.tribunnews.com,Page,N/A,N/A,aceh.tribunnews.com/2018/08/13/cerita-di-balik-foto-menyeramkan-momo-challenge-ada-tantangan-yang-berbahaya,No,Shocking content,Restricted ad serving,ca-pub-7784034061253020,213,2024-08-01,2024-08-04
makassar.tribunnews.com,Page,N/A,N/A,makassar.tribunnews.com/2016/11/26/rugi-kalau-tak-tahu-inilah-arti-bo-st-lt-di-ucapan-terima-kasih-psk-kepada-anji-drive?page=4,No,Adult: Sexual content,Restricted ad serving,ca-pub-7784034061253020,212,2024-07-31,2024-08-06
kaltim.tribunnews.com,Page,N/A,N/A,kaltim.tribunnews.com/2023/06/02/dilarang-di-sejumlah-negara-5-anime-populer-ini-penuh-adegan-17-tanpa-sensor,No,Adult: Sexual content,Restricted ad serving,ca-pub-7784034061253020,212,2024-08-06,2024-08-06
bekasi.tribunnews.com,Page,N/A,N/A,bekasi.tribunnews.com/2022/10/05/khusus-dewasa-berikut-daftar-film-jepang-terbaru-2022-beresolusi-hd-durasinya-sampai-dua-jam-lebih,No,Adult: Sexual content,Restricted ad serving,ca-pub-7784034061253020,212,2024-08-02,2024-08-05
m.tribunnews.com,Page,N/A,N/A,m.tribunnews.com/lifestyle/2018/01/19/viral-foto-struk-belanja-tahun-1992-lihat-berapa-harga-rokok-saat-itu,No,Tobacco,Restricted ad serving,ca-pub-7784034061253020,211,2024-07-31,2024-08-06
jogja.tribunnews.com,Page,N/A,N/A,jogja.tribunnews.com/2017/02/22/ini-yang-bisa-dilakukan-pada-klitoris-bikin-wanita-orgasme-berkali-kali,No,Adult: Sexual content;Shocking content,Restricted ad serving,ca-pub-7784034061253020,210,2024-07-31,2024-08-06
bogor.tribunnews.com,Page,N/A,N/A,bogor.tribunnews.com/2020/09/14/tafsir-mimpi-berhubungan-badan-ini-artinya-bagi-wanita,No,Google-served ads obscuring content,Restricted ad serving,ca-pub-7784034061253020,210,2024-07-31,2024-08-06
jakarta.tribunnews.com,Page,N/A,N/A,jakarta.tribunnews.com/2023/09/03/bayi-nala-yang-sempat-diduga-korban-malpraktik-kini-membaik-orang-tua-diberi-edukasi-perawatan,No,Shocking content,Restricted ad serving,ca-pub-7784034061253020,209,2024-08-05,2024-08-05
bangka.tribunnews.com,Page,N/A,N/A,bangka.tribunnews.com/2016/08/27/ternyata-beginilah-cara-jin-meniduri-wanita-saat-tidur-ini-cara-mencegahnya,No,Shocking content,Restricted ad serving,ca-pub-7784034061253020,209,2024-07-31,2024-08-06
aceh.tribunnews.com,Page,N/A,N/A,aceh.tribunnews.com/2022/07/18/konsumsi-cairan-laki-laki-ini-ternyata-kaya-protein-dr-boyke-sama-dengan-minum-segelas-susu,No,Adult: Sexual content,Restricted ad serving,ca-pub-7784034061253020,209,2024-08-01,2024-08-04
banyumas.tribunnews.com,Page,N/A,N/A,banyumas.tribunnews.com/2023/01/15/unik-rokok-kretek-gupolo-kudus-100-persen-terbuat-dari-daun-talas-harga-rp5000bungkus,No,Tobacco,Restricted ad serving,ca-pub-7784034061253020,208,2024-07-31,2024-08-06
sulbar.tribunnews.com,Page,N/A,N/A,sulbar.tribunnews.com/2023/04/01/link-video-viral-adegan-tak-senonoh-seleb-tiktok-baby-putie-beredar-di-twitter-ada-2-versi,No,Adult: Sexual content,Restricted ad serving,ca-pub-7784034061253020,207,2024-08-04,2024-08-04
www.tribunnews.com,Page,N/A,N/A,www.tribunnews.com/seleb/2017/09/15/7-bintang-film-porno-jepang-ini-pilih-tobat-begini-nasibnya-sekarang,No,Adult: Sexual content,Restricted ad serving,ca-pub-7784034061253020,206,2024-07-31,2024-08-06
pekanbaru.tribunnews.com,Page,N/A,N/A,pekanbaru.tribunnews.com/index.php2023/07/06/link-video-viral-acha-viral-cewek-tobrut-beredar-tobrut-adalah-bahasa-gaul,No,Adult: Sexual content,Restricted ad serving,ca-pub-7784034061253020,206,2024-08-01,2024-08-06
m.tribunnews.com,Page,N/A,N/A,m.tribunnews.com/internasional/2015/12/04/edan-kasus-hubungan-intim-manusia-dan-kuda-meningkat,No,Adult: Sexual content,Restricted ad serving,ca-pub-7784034061253020,206,2024-07-31,2024-08-06
jabar.tribunnews.com,Page,N/A,N/A,jabar.tribunnews.com/2023/05/01/pakar-pengobatan-alat-vital-abah-disa-depok-sawangan,No,Adult: Sexual content,Restricted ad serving,ca-pub-7784034061253020,205,2024-07-31,2024-08-06
bogor.tribunnews.com,Page,N/A,N/A,bogor.tribunnews.com/2024/02/16/arti-mimpi-berhubungan-intim-dengan-kekasih-menurut-primbon-jawa-bakal-terjadi-masalah-besar,No,Adult: Sexual content,Restricted ad serving,ca-pub-7784034061253020,205,2024-08-01,2024-08-05
aceh.tribunnews.com,Page,N/A,N/A,aceh.tribunnews.com/2021/12/15/membuat-ramuan-obat-kuat-pria-ala-dr-zaidul-akbar-campurkan-dengan-3-bahan-ini,No,Adult: Sexual content,Restricted ad serving,ca-pub-7784034061253020,205,2024-08-02,2024-08-04
jabar.tribunnews.com,Page,N/A,N/A,jabar.tribunnews.com/2021/01/31/cerita-kakek-sugiono-yang-sering-muncul-di-meme-ternyata-istri-tak-tahu-kalau-dia-bintang-film-panas,Yes,Ads Disguised as Content,Restricted ad serving,ca-pub-7784034061253020,204,2024-07-31,2024-08-06
bangka.tribunnews.com,Page,N/A,N/A,bangka.tribunnews.com/2021/11/18/penjelasan-buya-yahya-apakah-berkhayal-berhubungan-badan-dengan-wanita-selain-istri-hukumnya-haram,No,Adult: Sexual content,Restricted ad serving,ca-pub-7784034061253020,204,2024-08-01,2024-08-05
aceh.tribunnews.com,Page,N/A,N/A,aceh.tribunnews.com/2024/07/06/mudah-begini-cara-meningkatkan-kesuburan-pria-dan-wanita-ini-saran-seksolog-dr-boyke,No,Adult: Sexual content,Restricted ad serving,ca-pub-7784034061253020,204,2024-08-05,2024-08-06
www.tribunnews.com,Page,N/A,N/A,www.tribunnews.com/internasional/2015/12/04/edan-kasus-hubungan-intim-manusia-dan-kuda-meningkat,No,Adult: Sexual content,Restricted ad serving,ca-pub-7784034061253020,203,2024-08-03,2024-08-06
medan.tribunnews.com,Page,N/A,N/A,medan.tribunnews.com/2019/03/20/ini-dia-5-merek-rokok-paling-mahal-di-dunia-ada-yang-harganya-capai-rp-953-ribu,Yes,Site Behavior: Navigation;Tobacco,Restricted ad serving,ca-pub-7784034061253020,202,2024-07-31,2024-08-05
bangka.tribunnews.com,Page,N/A,N/A,bangka.tribunnews.com/2023/10/15/dr-zaidul-akbar-ungkap-resep-obat-kuat-tahan-lama-alami-murah-dan-bisa-buat-sendiri,No,Adult: Sexual content,Restricted ad serving,ca-pub-7784034061253020,202,2024-08-03,2024-08-05
bogor.tribunnews.com,Page,N/A,N/A,bogor.tribunnews.com/2022/01/03/tafsir-mimpi-berhubungan-badan-dengan-bos-pertanda-apa,No,Adult: Sexual content,Restricted ad serving,ca-pub-7784034061253020,201,2024-08-01,2024-08-04
bangka.tribunnews.com,Page,N/A,N/A,bangka.tribunnews.com/2020/01/06/tips-latihan-dan-senam-kegel-bakal-buat-wanita-maksimal-dan-nyaman-di-ranjang-begini-caranya?page=all,No,Adult: Sexual content,Restricted ad serving,ca-pub-7784034061253020,201,2024-07-31,2024-08-05
wartakota.tribunnews.com,Page,N/A,N/A,wartakota.tribunnews.com/2023/08/08/viral-suami-hobi-besarkan-alat-kelamin-istri-datang-ke-dokter-kandungan-mengeluh-keputihan,No,Adult: Sexual content,Restricted ad serving,ca-pub-7784034061253020,200,2024-07-31,2024-08-05
pekanbaru.tribunnews.com,Page,N/A,N/A,pekanbaru.tribunnews.com/2021/11/17/arti-dan-makna-mimpi-berhubungan-badan-mimpi-dengan-guru-bos-main-di-dapur-hingga-dengan-teman,Yes,Ads Disguised as Content;Modified ad code: Resizing Ad Frames,Restricted ad serving,ca-pub-7784034061253020,200,2024-07-31,2024-08-06
bekasi.tribunnews.com,Page,N/A,N/A,bekasi.tribunnews.com/2022/07/30/deretan-film-semi-thailand-terlaris-ditonton-pasangan-muda-yang-baru-menikah-bikin-deg-degan-banget?page=2,Yes,Ads Disguised as Content,Restricted ad serving,ca-pub-7784034061253020,200,2024-07-31,2024-08-05
aceh.tribunnews.com,Page,N/A,N/A,aceh.tribunnews.com/tag/harga-cabai-merah,Yes,Google-served ads on screens without publisher-content,Restricted ad serving,ca-pub-7784034061253020,200,2024-07-31,2024-08-06
suryamalang.tribunnews.com,Page,N/A,N/A,suryamalang.tribunnews.com/2020/09/02/daftar-6-film-miyabi-sinopsis-populer-di-taiwan-indonesia-menculik-miyabi-hantu-tanah-kusir,Yes,Ads Disguised as Content,Restricted ad serving,ca-pub-7784034061253020,199,2024-07-31,2024-08-06
manado.tribunnews.com,Page,N/A,N/A,manado.tribunnews.com/kesehatan,No,Adult: Sexual content,Restricted ad serving,ca-pub-7784034061253020,199,2024-07-31,2024-08-06
bangka.tribunnews.com,Page,N/A,N/A,bangka.tribunnews.com/2020/11/07/kisah-nyata-pengakuan-istri-selingkuh-berkali-kali-berhubungan-intim-begini-cara-menangkal-pelet,Yes,Ads Disguised as Content,Restricted ad serving,ca-pub-7784034061253020,199,2024-07-31,2024-08-06
trends.tribunnews.com,Page,N/A,N/A,trends.tribunnews.com/2024/08/06/gaji-paskibraka-2024-kabupaten-hingga-nasional-bisa-capai-rp-10-juta-ditambah-peluang-beasiswa,No,Adult: Sexual content,Restricted ad serving,ca-pub-7784034061253020,198,2024-08-05,2024-08-06
palembang.tribunnews.com,Page,N/A,N/A,palembang.tribunnews.com/2021/07/08/serupa-tapi-tak-sama-ternyata-arti-amal-dan-ibadah-itu-punya-perbedaan-makna-begini-penjelasannya,Yes,Encouraging accidental clicks: Layout;Google-served ads obscuring content,Restricted ad serving,ca-pub-7784034061253020,198,2024-07-31,2024-08-06
aceh.tribunnews.com,Page,N/A,N/A,aceh.tribunnews.com/2021/03/26/ini-5-ramuan-obat-kuat-tradisional-warisan-nenek-moyang-khusus-untuk-suami-istri,No,Adult: Sexual content,Restricted ad serving,ca-pub-7784034061253020,198,2024-07-31,2024-08-06
wartakota.tribunnews.com,Page,N/A,N/A,wartakota.tribunnews.com/2024/03/17/hukum-mengeluarkan-madzi-di-siang-hari-saat-puasa-serta-bedanya-dengan-air-mani,No,Adult: Sexual content,Restricted ad serving,ca-pub-7784034061253020,197,2024-08-03,2024-08-06
bali.tribunnews.com,Page,N/A,N/A,bali.tribunnews.com/2019/11/09/penjelasan-dr-boyke-ada-pasien-yang-senang-lihat-istrinya-digauli-orang-lain-dulu-sakit-jiwa,No,Adult: Sexual content,Restricted ad serving,ca-pub-7784034061253020,197,2024-08-02,2024-08-04
www.tribunnews.com,Page,N/A,N/A,www.tribunnews.com/regional/2021/03/05/kronologi-lengkap-pembunuhan-gadis-cantik-di-hotel-kediri-korban-ditikam-pisau-belati-usai-bercinta,Yes,Ads Disguised as Content,Restricted ad serving,ca-pub-7784034061253020,196,2024-07-31,2024-08-06
bangka.tribunnews.com,Page,N/A,N/A,bangka.tribunnews.com/2021/10/20/salah-satunya-sering-berhubungan-suami-istri-ternyata-3-hal-inilah-yang-bikin-pria-cepat-tua,No,Adult: Sexual content,Restricted ad serving,ca-pub-7784034061253020,195,2024-08-01,2024-08-05
aceh.tribunnews.com,Page,N/A,N/A,aceh.tribunnews.com/2024/06/27/segudang-manfaat-daun-sirih-untuk-kesehatan-tubuh-ini-penjelasan-dr-boyke,No,Adult: Sexual content,Restricted ad serving,ca-pub-7784034061253020,195,2024-08-01,2024-08-05
medan.tribunnews.com,Page,N/A,N/A,medan.tribunnews.com/tag/mega-iskanti-mantan-suami-gay,Yes,Google-served ads on screens without publisher-content;Mislabeled Ads,Restricted ad serving,ca-pub-7784034061253020,194,2024-08-03,2024-08-06
makassar.tribunnews.com,Page,N/A,N/A,makassar.tribunnews.com/2020/11/07/video-panas-19-detik-mirip-gisella-anastasia-netter-temukan-kemiripan-dengan-isi-kamar-gisel,Yes,Ads Disguised as Content,Restricted ad serving,ca-pub-7784034061253020,194,2024-07-31,2024-08-05
lampung.tribunnews.com,Page,N/A,N/A,lampung.tribunnews.com/2018/01/06/video-mesum-bocah-dengan-tante-viral-tak-berani-melawan-karena-takut-ibu,No,Google-served ads obscuring content;Shocking content,Restricted ad serving,ca-pub-7784034061253020,194,2024-07-31,2024-08-05
kupang.tribunnews.com,Page,N/A,N/A,kupang.tribunnews.com/2017/09/13/6-cara-membuat-wanita-terangsang-sentuh-pada-titik-titik-sensitif-ini-dan-bikin-doi-melayang,No,Adult: Sexual content,Restricted ad serving,ca-pub-7784034061253020,194,2024-07-31,2024-08-06
www.tribunnews.com,Page,N/A,N/A,www.tribunnews.com/regional/2019/12/12/foto-wanita-buka-baju-tapi-mukanya-ditutu-jadi-viral-nitizen-jadi-penasaran-identitas-pelakunya,Yes,Ads Disguised as Content,Restricted ad serving,ca-pub-7784034061253020,193,2024-07-31,2024-08-06
sultra.tribunnews.com,Page,N/A,N/A,sultra.tribunnews.com/2022/11/01/cara-nonton-yandex-ru-video-viral-full-no-sensor-tanpa-vpn-dengan-mudah-link-website-dan-aplikasi?page=all,No,Adult: Sexual content,Restricted ad serving,ca-pub-7784034061253020,193,2024-08-02,2024-08-06
pekanbaru.tribunnews.com,Page,N/A,N/A,pekanbaru.tribunnews.com/2024/03/28/mengapa-yandex-ru-video-dan-film-yandex-eu-banyak-dicari,Yes,Google-served ads obscuring content;Modified Javascript: Ads by Google size,Restricted ad serving,ca-pub-7784034061253020,193,2024-07-31,2024-08-06
bogor.tribunnews.com,Page,N/A,N/A,bogor.tribunnews.com/2021/11/26/arti-mimpi-berhubungan-badan-di-depan-umum-ini-kata-ahli-ingin-pamer-hubungan,No,Adult: Sexual content,Restricted ad serving,ca-pub-7784034061253020,193,2024-07-31,2024-08-06
jogja.tribunnews.com,Page,N/A,N/A,jogja.tribunnews.com/2017/04/08/ingin-sperma-tidak-tumpah-dari-ms-v-pascaejakulasi-lakukan-7-trik-ini,No,Adult: Sexual content,Restricted ad serving,ca-pub-7784034061253020,192,2024-07-31,2024-08-06
aceh.tribunnews.com,Page,N/A,N/A,aceh.tribunnews.com/2023/01/28/agar-istri-cepat-hamil-dr-boyke-ungkap-3-cara-mengentalkan-sperma-untuk-meningkatkan-kesuburan-pria,No,Adult: Sexual content,Restricted ad serving,ca-pub-7784034061253020,192,2024-08-04,2024-08-06
bengkulu.tribunnews.com,Page,N/A,N/A,bengkulu.tribunnews.com/2024/08/06/pelatih-renang-tendang-alat-vital-guru-olahraga-wanita-hingga-pingsan-di-asahan-kini-dipolisikan?page=3,No,Shocking content,Restricted ad serving,ca-pub-7784034061253020,191,2024-08-05,2024-08-05
banjarmasin.tribunnews.com,Page,N/A,N/A,banjarmasin.tribunnews.com/2024/05/02/kpu-tanahbumbu-tetapkan-35-anggota-dewan-terpilih-ini-nama-namanya,No,Shocking content,Restricted ad serving,ca-pub-7784034061253020,191,2024-08-05,2024-08-05
sumsel.tribunnews.com,Page,N/A,N/A,sumsel.tribunnews.com/2023/10/21/tak-hanya-dibunuh-amalia-ternyata-ditemukan-tanpa-busana-menjerit-ditengah-malam-saat-disiksa,No,Shocking content,Restricted ad serving,ca-pub-7784034061253020,190,2024-07-31,2024-08-05
m.tribunnews.com,Page,N/A,N/A,m.tribunnews.com/regional/2015/05/11/batu-akik-ini-dipercaya-meningkatkan-libido-seks-dan-kejantanan-pemakainya,No,Adult: Sexual content,Restricted ad serving,ca-pub-7784034061253020,190,2024-07-31,2024-08-06
bali.tribunnews.com,Page,N/A,N/A,bali.tribunnews.com/2017/03/22/bintang-porno-tertua-di-jepang-pensiun-dalam-usia-80-tahun,No,Shocking content,Restricted ad serving,ca-pub-7784034061253020,190,2024-07-31,2024-08-06
kupang.tribunnews.com,Page,N/A,N/A,kupang.tribunnews.com/2020/04/22/mantan-artis-film-dewasa-thailand-yang-cantik-dan-seksi-ini-cari-suami-baru-ini-syarat-syaratnya,Yes,Encouraging accidental clicks: Layout;Google-served ads obscuring content,Restricted ad serving,ca-pub-7784034061253020,188,2024-07-31,2024-08-06
jogja.tribunnews.com,Page,N/A,N/A,jogja.tribunnews.com/2022/07/20/kisah-idol-k-pop-chae-seung-ha-mantan-anggota-girlband-baba-kini-jadi-aktris-film-dewasa,Yes,Ads Disguised as Content,Restricted ad serving,ca-pub-7784034061253020;ca-video-pub-7784034061253020,188,2024-07-31,2024-08-06
palembang.tribunnews.com,Page,N/A,N/A,palembang.tribunnews.com/2017/11/07/mantan-anggota-grup-akb48-ini-alih-profesi-ke-dunia-film-dewasa-begini-foto-fotonya,Yes,Site Behavior: Navigation,Restricted ad serving,ca-pub-7784034061253020,187,2024-07-31,2024-08-05
manado.tribunnews.com,Page,N/A,N/A,manado.tribunnews.com/2017/12/07/jarak-antara-paha-bagian-dalam-bisa-menggambarkan-sikapmu-di-tempat-tidur,No,Adult: Sexual content,Restricted ad serving,ca-pub-7784034061253020,187,2024-07-31,2024-08-05
jambi.tribunnews.com,Page,N/A,N/A,jambi.tribunnews.com/2016/08/21/diajak-pakai-minyak-lintah-untuk-besarkan-alat-kelamin-bocah-14-tahun-diicabuli,No,Adult: Sexual content,Restricted ad serving,ca-pub-7784034061253020,187,2024-07-31,2024-08-05
banjarmasin.tribunnews.com,Page,N/A,N/A,banjarmasin.tribunnews.com/2020/11/07/tato-di-paha-gisella-anastasia-disorot-pasca-video-syur-mirip-gisel-heboh-dan-viral,Yes,Ads Disguised as Content,Restricted ad serving,ca-pub-7784034061253020,187,2024-08-01,2024-08-06
jogja.tribunnews.com,Page,N/A,N/A,jogja.tribunnews.com/2016/12/22/6-cara-rangsang-klitoris-agar-wanita-capai-orgasme-maksimal,No,Adult: Sexual content,Restricted ad serving,ca-pub-7784034061253020,186,2024-07-31,2024-08-06
jambi.tribunnews.com,Page,N/A,N/A,jambi.tribunnews.com/2018/01/27/5-artis-ini-pernah-dijuluki-bom-seks-ini-profesi-mereka-sekarang-ada-yang-sudah-meninggal,Yes,Ads Disguised as Content,Restricted ad serving,ca-pub-7784034061253020,186,2024-07-31,2024-08-06
makassar.tribunnews.com,Page,N/A,N/A,makassar.tribunnews.com/2020/07/31/ini-29-aplikasi-link-nonton-film-online-film-dewasa-drakor-download-film-mirip-indoxxi-gratis?page=1,No,Adult: Sexual content,Restricted ad serving,ca-pub-7784034061253020,185,2024-07-31,2024-08-06
jogja.tribunnews.com,Page,N/A,N/A,jogja.tribunnews.com/2023/07/04/lirik-dan-terjemahan-lagu-question-penyanyi-taylor-swift-i-just-may-like-some-explanations,No,Adult: Sexual content,Restricted ad serving,ca-pub-7784034061253020,184,2024-08-02,2024-08-06
bangka.tribunnews.com,Page,N/A,N/A,bangka.tribunnews.com/2023/05/26/kisah-don-juan-kena-sifilis-sampai-membusuk-seusai-berhubungan-dengan-2-mahasiswi-1-lc-dan-1-psk?page=all,No,Adult: Sexual content,Restricted ad serving,ca-pub-7784034061253020,184,2024-08-02,2024-08-04
bali.tribunnews.com,Page,N/A,N/A,bali.tribunnews.com/404,Yes,Google-served ads on screens without publisher-content,Restricted ad serving,ca-pub-7784034061253020,184,2024-07-31,2024-08-06
aceh.tribunnews.com,Page,N/A,N/A,aceh.tribunnews.com/2023/06/14/pakai-kb-masih-bisa-hamil-simak-penjelasan-seksolog-dr-boyke,No,Adult: Sexual content,Restricted ad serving,ca-pub-7784034061253020,184,2024-08-01,2024-08-06
pekanbaru.tribunnews.com,Page,N/A,N/A,pekanbaru.tribunnews.com/2020/03/06/link-download-film-frozen-2-full-sub-indo-bahasa-indonesia-bisa-nonton-streaming-di-hp-video,Yes,Content obscuring Google-served ads,Restricted ad serving,ca-pub-7784034061253020,183,2024-08-02,2024-08-06
m.tribunnews.com,Page,N/A,N/A,m.tribunnews.com/regional/2018/01/17/bocah-perempuan-kelas-1-sd-yang-kecanduan-seks-ternyata-umur-3-tahun-sudah-nonton-video-mesum,No,Adult: Sexual content,Restricted ad serving,ca-pub-7784034061253020,183,2024-07-31,2024-08-06
batam.tribunnews.com,Page,N/A,N/A,batam.tribunnews.com/2020/05/17/penyebab-dan-cara-mengatasi-jerawat-di-kemaluan-pria-salah-satunya-adalah-pakaian-ketat,Yes,Encouraging accidental clicks: Layout,Restricted ad serving,ca-pub-7784034061253020,183,2024-07-31,2024-08-06
video.tribunnews.com,Page,N/A,N/A,video.tribunnews.com/view/693051/terjemahan-lirik-lagu-act-right-ann-marie-come-slide-on-me-right-now-boy-i-know-how-to-handle-you,No,Adult: Sexual content,Restricted ad serving,ca-pub-7784034061253020,182,2024-08-01,2024-08-06
belitung.tribunnews.com,Page,N/A,N/A,belitung.tribunnews.com/2021/12/14/biodata-sisca-mellyana-tante-sisca-selebgram-kerap-unggah-konten-dewasa-juga-dipanggil-mami-sisca,No,Adult: Sexual content,Restricted ad serving,ca-pub-7784034061253020,182,2024-08-02,2024-08-06
bali.tribunnews.com,Page,N/A,N/A,bali.tribunnews.com/2017/02/18/ciri-wanita-hiperseks-suka-gonta-ganti-pasangan-dan-umbar-konten-porno,No,Adult: Sexual content,Restricted ad serving,ca-pub-7784034061253020,182,2024-07-31,2024-08-06
bali.tribunnews.com,Page,N/A,N/A,bali.tribunnews.com/2020/05/12/5-arti-mimpi-dikejar-kejar-seseorang-memiliki-musuh-hingga-masalah-keuangan,No,Google-served ads obscuring content,Restricted ad serving,ca-pub-7784034061253020,181,2024-07-31,2024-08-05
www.tribunnews.com,Page,N/A,N/A,www.tribunnews.com/seleb/2023/01/02/5-rekomendasi-film-indonesia-tayang-di-netflix-pada-januari-2023-mencuri-raden-saleh-hingga-adagium?page=4,No,Adult: Sexual content,Restricted ad serving,ca-pub-7784034061253020,180,2024-08-06,2024-08-06
bali.tribunnews.com,Page,N/A,N/A,bali.tribunnews.com/2024/07/19/status-pilu-jennifer-coppen-minta-mendiang-suami-balikkronologi-kecelakaan-tunggal-dalli-wassink,No,Shocking content,Restricted ad serving,ca-pub-7784034061253020,180,2024-08-01,2024-08-06
belitung.tribunnews.com,Page,N/A,N/A,belitung.tribunnews.com/2016/10/17/curhatan-kisah-cinta-siswi-sma-gadis-tapi-bukan-perawan,No,Adult: Sexual content,Restricted ad serving,ca-pub-7784034061253020,179,2024-08-01,2024-08-06
bekasi.tribunnews.com,Page,N/A,N/A,bekasi.tribunnews.com/2022/10/04/berikut-ini-121-film-jepang-khusus-dewasa-terbaru-2022-beresolusi-hd-durasinya-hingga-dua-jam-lebih?page=3,Yes,Ads Disguised as Content,Restricted ad serving,ca-pub-7784034061253020,179,2024-07-31,2024-08-06
medan.tribunnews.com,Page,N/A,N/A,medan.tribunnews.com/2020/01/30/viral-penyanyi-dangdut-buka-baju-lepas-bra-di-panggung-hingga-penonton-berlomba-beri-saweran,Yes,Adult: Sexual content;Site Behavior: Navigation,Restricted ad serving,ca-pub-7784034061253020,178,2024-07-31,2024-08-06
bangka.tribunnews.com,Page,N/A,N/A,bangka.tribunnews.com/2022/01/24/inilah-ciri-ciri-wanita-yang-memiliki-gairah-tinggi-dr-boyke-bisa-juga-pengaruh-makanan,No,Adult: Sexual content,Restricted ad serving,ca-pub-7784034061253020,178,2024-07-31,2024-08-05
bali.tribunnews.com,Page,N/A,N/A,bali.tribunnews.com/2017/08/08/risiko-seks-oral-bukan-sipilis-dan-hiv-namun-malah-memicu-kanker-lidah-dan-mulut-bagaimana-bisa,Yes,Ads Disguised as Content,Restricted ad serving,ca-pub-7784034061253020,178,2024-07-31,2024-08-06
pekanbaru.tribunnews.com,Page,N/A,N/A,pekanbaru.tribunnews.com/2022/10/06/yok-ini-bocoran-cara-nonton-streaming-film-young-mother-sub-indo-full-movie,Yes,Ads Disguised as Content,Restricted ad serving,ca-pub-7784034061253020,176,2024-07-31,2024-08-06
makassar.tribunnews.com,Page,N/A,N/A,makassar.tribunnews.com/2023/04/30/3-posisi-hubungan-suami-istri-paling-dilarang-oleh-islam-dan-medis-dianggap-tidak-bermoral,No,Adult: Sexual content,Restricted ad serving,ca-pub-7784034061253020,176,2024-08-01,2024-08-05
bangka.tribunnews.com,Page,N/A,N/A,bangka.tribunnews.com/2018/01/08/inilah-sosok-tante-imel-dan-tante-intan-pemeran-video-mesum-bandung-yang-berhasil-ditangkap,No,Adult: Sexual content,Restricted ad serving,ca-pub-7784034061253020,176,2024-07-31,2024-08-06
manado.tribunnews.com,Page,N/A,N/A,manado.tribunnews.com/2017/12/13/ada-yang-diduga-mahasiswi-inilah-5-video-mesum-paling-heboh-sepanjang-tahun-2017,No,Adult: Sexual content,Restricted ad serving,ca-pub-7784034061253020,173,2024-07-31,2024-08-06
makassar.tribunnews.com,Page,N/A,N/A,makassar.tribunnews.com/2016/11/26/rugi-kalau-tak-tahu-inilah-arti-bo-st-lt-di-ucapan-terima-kasih-psk-kepada-anji-drive?page=3,No,Adult: Sexual content,Restricted ad serving,ca-pub-7784034061253020,173,2024-07-31,2024-08-06
batam.tribunnews.com,Page,N/A,N/A,batam.tribunnews.com/2020/08/24/janda-cantik-kedapatan-mesum-dengan-brondong-di-kamar-kos-ternyata-wanita-panggilan-via-mechat,No,Adult: Sexual content,Restricted ad serving,ca-pub-7784034061253020,173,2024-08-04,2024-08-04
bangka.tribunnews.com,Page,N/A,N/A,bangka.tribunnews.com/2022/05/18/inilah-cara-istri-tetap-bergairah-layani-suami-meski-sudah-menopause-tips-dr-zaidul-akbar,No,Adult: Sexual content,Restricted ad serving,ca-pub-7784034061253020,173,2024-08-02,2024-08-05
jambi.tribunnews.com,Page,N/A,N/A,jambi.tribunnews.com/2018/01/18/perhatikan-ini-ciri-wanita-yang-sering-melakukan-masturbasi-7-tanda-ini-bakal-mengungkapkannya?page=2,No,Adult: Sexual content,Restricted ad serving,ca-pub-7784034061253020,172,2024-07-31,2024-08-06
medan.tribunnews.com,Page,N/A,N/A,medan.tribunnews.com/2022/12/19/tips-dr-boyke-agar-pasutri-dapat-anak-perempuan-anjurkan-istri-basuh-miss-v-dengan-cuka,No,Adult: Sexual content,Restricted ad serving,ca-pub-7784034061253020,171,2024-08-01,2024-08-04
jambi.tribunnews.com,Page,N/A,N/A,jambi.tribunnews.com/2019/06/10/6-tanda-istri-selingkuh-dan-pernah-tidur-dengan-pria-lain-ciri-ciri-ini-yang-bikin-ketahuan,Yes,Ads Disguised as Content,Restricted ad serving,ca-pub-7784034061253020,171,2024-07-31,2024-08-06
jakarta.tribunnews.com,Page,N/A,N/A,jakarta.tribunnews.com/2020/02/04/biduan-dangdut-menari-erotis-rela-buka-baju-lepas-pakaian-dalam-ini-penjelasan-wakapolres,No,Adult: Sexual content,Restricted ad serving,ca-pub-7784034061253020,171,2024-08-06,2024-08-06
makassar.tribunnews.com,Page,N/A,N/A,makassar.tribunnews.com/2023/05/04/manfaat-berwudhu-sebelum-dan-sesudah-hubungan-suami-istri-buya-yahya-sunah-dianjurkan-nabi,No,Google-served ads obscuring content,Restricted ad serving,ca-pub-7784034061253020,170,2024-07-31,2024-08-06
kupang.tribunnews.com,Page,N/A,N/A,kupang.tribunnews.com/2019/06/30/ini-arti-mimpi-berhubungan-intim-sampai-orgasme,No,Adult: Sexual content,Restricted ad serving,ca-pub-7784034061253020,170,2024-07-31,2024-08-06
jogja.tribunnews.com,Page,N/A,N/A,jogja.tribunnews.com/2023/09/23/lirik-dan-terjemahan-lagu-youre-on-your-own-kid-taylor-swift?page=3,No,Adult: Sexual content,Restricted ad serving,ca-pub-7784034061253020,170,2024-08-05,2024-08-05
aceh.tribunnews.com,Page,N/A,N/A,aceh.tribunnews.com/2023/01/12/mengaku-jago-di-ranjang-ini-enam-tanda-cara-mengetahui-pasangan-tidak-puas-seusai-berhubungan-intim,No,Adult: Sexual content,Restricted ad serving,ca-pub-7784034061253020,170,2024-08-01,2024-08-06
jatim.tribunnews.com,Page,N/A,N/A,jatim.tribunnews.com/2018/01/24/terungkap-ini-video-detik-detik-sebelum-wanita-bercadar-dibunuh-oleh-selingkuhannya-di-kediri,No,Shocking content,Restricted ad serving,ca-pub-7784034061253020,168,2024-07-31,2024-08-05
wartakota.tribunnews.com,Page,N/A,N/A,wartakota.tribunnews.com/2021/02/10/ibu-muda-vcs-dengan-napi-di-whatsapp-tunjukkan-bagian-intim-tidak-sadar-direkam-berujung-pemerasan,No,Adult: Sexual content,Restricted ad serving,ca-pub-7784034061253020,167,2024-08-04,2024-08-05
aceh.tribunnews.com,Page,N/A,N/A,aceh.tribunnews.com/404,Yes,Adult: Sexual content;Google-served ads on screens without publisher-content,Restricted ad serving,ca-pub-7784034061253020,167,2024-07-31,2024-08-05
pekanbaru.tribunnews.com,Page,N/A,N/A,pekanbaru.tribunnews.com/2022/02/05/apa-itu-colay-dalam-bahasa-gaul-colay-adalah-kebiasaan-buruk-ini-arti-colay-di-kamus-gaul,Yes,Ads Disguised as Content,Restricted ad serving,ca-pub-7784034061253020,166,2024-07-31,2024-08-06
jambi.tribunnews.com,Page,N/A,N/A,jambi.tribunnews.com/2024/07/19/breaking-news-seorang-peserta-mtq-di-tebo-meninggal-dunia-akibat-laka-lantas,No,Shocking content,Restricted ad serving,ca-pub-7784034061253020,166,2024-07-31,2024-08-04
bangka.tribunnews.com,Page,N/A,N/A,bangka.tribunnews.com/2020/12/07/arti-wahdaniyah-sifat-wajib-allah-swt-yang-disebut-dalam-al-quran-surat-al-anbiya-ayat-22,No,Google-served ads obscuring content,Restricted ad serving,ca-pub-7784034061253020,166,2024-07-31,2024-08-06
bali.tribunnews.com,Page,N/A,N/A,bali.tribunnews.com/2021/09/28/sperma-lama-tidak-dikeluarkan-apakah-berbahaya-bagi-kesehatan,Yes,Ads Disguised as Content,Restricted ad serving,ca-pub-7784034061253020,166,2024-07-31,2024-08-06
aceh.tribunnews.com,Page,N/A,N/A,aceh.tribunnews.com/2022/03/02/cara-mengembalikan-gairah-seksual-pria-dan-wanita-saat-usia-40-an-ikuti-tips-dr-boyke,No,Adult: Sexual content,Restricted ad serving,ca-pub-7784034061253020,166,2024-08-02,2024-08-04
style.tribunnews.com,Page,N/A,N/A,style.tribunnews.com/2016/08/21/tentang-perempuan-jauh-dari-pasangan-benda-ini-biasa-digunakan-wanita-untuk-tuntaskan-birahinya,No,Adult: Sexual content,Restricted ad serving,ca-pub-7784034061253020,165,2024-07-31,2024-08-06
m.tribunnews.com,Page,N/A,N/A,m.tribunnews.com/internasional/2016/03/03/hatsumi-saki-terpilih-sebagai-artis-porno-jepang-terpopuler-2016,No,Adult: Sexual content,Restricted ad serving,ca-pub-7784034061253020,165,2024-08-01,2024-08-05
bangka.tribunnews.com,Page,N/A,N/A,bangka.tribunnews.com/2020/08/07/waspada-inilah-10-dampak-buruk-buat-pria-yang-sering-keluarkan-air-mani-wajib-baca,No,Adult: Sexual content,Restricted ad serving,ca-pub-7784034061253020,165,2024-07-31,2024-08-06
www.tribunnews.com,Page,N/A,N/A,www.tribunnews.com/kesehatan/2016/03/31/kesalahan-cara-minum-obat-kuat-yang-membuatnya-gagal-bikin-pria-jadi-jantan,No,Adult: Sexual content,Restricted ad serving,ca-pub-7784034061253020,164,2024-07-31,2024-08-06
kupang.tribunnews.com,Page,N/A,N/A,kupang.tribunnews.com/2018/07/05/perempuan-suka-nonton-film-dewasa-karena-10-alasan-unik-ini-apa-saja-ya,No,Adult: Sexual content,Restricted ad serving,ca-pub-7784034061253020,164,2024-08-01,2024-08-06
bekasi.tribunnews.com,Page,N/A,N/A,bekasi.tribunnews.com/2022/07/30/film-semi-thailand-terlaris-ditonton-mulai-dari-kisah-percintaan-dan-perselingkuhan-khusus-dewasa?page=2,No,Adult: Sexual content,Restricted ad serving,ca-pub-7784034061253020,164,2024-08-05,2024-08-06
banjarmasin.tribunnews.com,Page,N/A,N/A,banjarmasin.tribunnews.com/2015/01/10/agar-pria-mencapai-puncak-dengan-ujung-jari-jari,No,Adult: Sexual content,Restricted ad serving,ca-pub-7784034061253020,164,2024-08-01,2024-08-06
bali.tribunnews.com,Page,N/A,N/A,bali.tribunnews.com/2021/12/14/tiga-video-syur-selebgram-tante-sisca-mellyana-di-vila-hebohkan-ubud-sampai-panggil-pecalang,Yes,Ads Disguised as Content,Restricted ad serving,ca-pub-7784034061253020,164,2024-07-31,2024-08-06
aceh.tribunnews.com,Page,N/A,N/A,aceh.tribunnews.com/2024/08/02/fakta-irma-novitasari-dibunuh-suami-siri-jasad-dikubur-di-belakang-rumah-motif-perselingkuhan,No,Shocking content,Restricted ad serving,ca-pub-7784034061253020,164,2024-08-06,2024-08-06
makassar.tribunnews.com,Page,N/A,N/A,makassar.tribunnews.com/2024/07/17/manfaat-wudhu-sebelum-dan-sesudah-berhubungan-suami-istri-menurut-buya-yahya?source=kgnotif_1,No,Adult: Sexual content,Restricted ad serving,ca-pub-7784034061253020,163,2024-08-03,2024-08-04
batam.tribunnews.com,Page,N/A,N/A,batam.tribunnews.com/2020/12/18/tarif-miyabi-ternyata-dihitung-per-jam-dengan-harga-fantastis-masih-tetap-cantik-hingga-kini,Yes,Ads Disguised as Content,Restricted ad serving,ca-pub-7784034061253020,163,2024-07-31,2024-08-06
aceh.tribunnews.com,Page,N/A,N/A,aceh.tribunnews.com/2024/05/02/bolehkan-hubungan-suami-istri-tanpa-busana-full-begini-hukumnya-kata-buya-yahya?page=2,Yes,Google-served ads obscuring content;Modified Javascript: Ads by Google size,Restricted ad serving,ca-pub-7784034061253020,163,2024-08-01,2024-08-06
aceh.tribunnews.com,Page,N/A,N/A,aceh.tribunnews.com/2022/04/20/nikahi-duda-anak-4-gadis-ini-langsung-menyesal-setelah-dengar-bisikan-suami-pada-malam-pertama,Yes,Ads Disguised as Content,Restricted ad serving,ca-pub-7784034061253020,163,2024-07-31,2024-08-05
medan.tribunnews.com,Page,N/A,N/A,medan.tribunnews.com/2020/09/19/deretan-foto-foto-seksi-berliana-lovell-yang-bikin-lelaki-salah-fokus-hingga-cenat-cenut,Yes,Ads Disguised as Content,Restricted ad serving,ca-pub-7784034061253020,162,2024-07-31,2024-08-06
medan.tribunnews.com,Page,N/A,N/A,medan.tribunnews.com/2020/03/06/10-bagian-sensitif-wanita-yang-sangat-suka-disentuh-membuat-mereka-senang-saat-berhubungan-intim,No,Adult: Sexual content,Restricted ad serving,ca-pub-7784034061253020,162,2024-07-31,2024-08-04
jambi.tribunnews.com,Page,N/A,N/A,jambi.tribunnews.com/2018/07/21/ini-lho-9-posisi-paling-memuaskan-menurut-dr-boyke-parents-sudah-coba-yang-mana,No,Adult: Sexual content,Restricted ad serving,ca-pub-7784034061253020,162,2024-07-31,2024-08-06
bengkulu.tribunnews.com,Page,N/A,N/A,bengkulu.tribunnews.com/2024/08/06/viral-video-pria-di-sulsel-tega-sandera-anak-kandungnya-sendiri-korban-dianiaya-dan-digantung,No,Shocking content,Restricted ad serving,ca-pub-7784034061253020,162,2024-08-06,2024-08-06
bali.tribunnews.com,Page,N/A,N/A,bali.tribunnews.com/2020/12/12/arti-mimpi-berhubungan-seks-dengan-teman-sendiri-ternyata-pertanda-baik,No,Adult: Sexual content,Restricted ad serving,ca-pub-7784034061253020,162,2024-08-06,2024-08-06
sulbar.tribunnews.com,Page,N/A,N/A,sulbar.tribunnews.com/2023/09/19/sinopsis-film-x-pembantaian-kru-film-porno-amatir-di-rumah-pertanian-texas-dibintangi-jenna-ortega,Yes,Google-served ads obscuring content;Modified Javascript: Ads by Google size,Restricted ad serving,ca-pub-7784034061253020,161,2024-07-31,2024-08-06
manado.tribunnews.com,Page,N/A,N/A,manado.tribunnews.com/2020/08/29/benarkah-alat-kelamin-kucing-jantan-berduri-sehingga-kucing-betina-berisik-saat-kawin-ini-faktanya?page=2,No,Google-served ads obscuring content,Restricted ad serving,ca-pub-7784034061253020,161,2024-07-31,2024-08-06
makassar.tribunnews.com,Page,N/A,N/A,makassar.tribunnews.com/2015/05/22/ini-daftar-travel-agen-di-makassar-lengkap-telepon-dan-alamat,Yes,Content obscuring Google-served ads;Encouraging accidental clicks: Layout;Google-served ads obscuring content,Restricted ad serving,ca-pub-7784034061253020,161,2024-07-31,2024-08-06
medan.tribunnews.com,Page,N/A,N/A,medan.tribunnews.com/2019/10/24/adegan-panasnya-bersama-zack-lee-viral-alexandra-gottardo-sebut-sudah-basi,No,Shocking content,Restricted ad serving,ca-pub-7784034061253020,160,2024-07-31,2024-08-06
m.tribunnews.com,Page,N/A,N/A,m.tribunnews.com/seleb/2017/09/15/7-bintang-film-porno-jepang-ini-pilih-tobat-begini-nasibnya-sekarang,No,Adult: Sexual content,Restricted ad serving,ca-pub-7784034061253020,160,2024-07-31,2024-08-06
jogja.tribunnews.com,Page,N/A,N/A,jogja.tribunnews.com/2020/01/02/kelebihan-cerutu-golden-boy-cerutu-premium-yang-harganya-rp-2-juta-perbatang,No,Tobacco,Restricted ad serving,ca-pub-7784034061253020,160,2024-08-03,2024-08-04
bangka.tribunnews.com,Page,N/A,N/A,bangka.tribunnews.com/2016/09/29/inilah-8-artis-panas-jepang-pangganti-maria-ozawa-siapakah-yang-paling-cocok,No,Adult: Sexual content,Restricted ad serving,ca-pub-7784034061253020,160,2024-08-03,2024-08-06
aceh.tribunnews.com,Page,N/A,N/A,aceh.tribunnews.com/2022/09/22/banyak-bercinta-sebelum-menikah-ternyata-bikin-orang-susah-menemukan-kepuasan-ini-kata-buya-yahya,No,Adult: Sexual content,Restricted ad serving,ca-pub-7784034061253020,160,2024-07-31,2024-08-04
suryamalang.tribunnews.com,Page,N/A,N/A,suryamalang.tribunnews.com/2022/05/26/pengakuan-terapis-di-surabaya-yang-bisa-layani-pijat-plus-plus-bersedia-hubungan-intim-dalam-bilik,No,Adult: Sexual content,Restricted ad serving,ca-pub-7784034061253020,159,2024-08-04,2024-08-05
solo.tribunnews.com,Page,N/A,N/A,solo.tribunnews.com/2024/08/06/5-apotek-yang-buka-24-jam-di-solo-jateng-bisa-jadi-toko-obat-andalan-saat-tengah-malam,No,Adult: Sexual content,Restricted ad serving,ca-pub-7784034061253020,159,2024-08-06,2024-08-06
jabar.tribunnews.com,Page,N/A,N/A,jabar.tribunnews.com/2024/06/21/respnada-suara-dony-ahmad-munir-setiap-sebelum-azan-di-masjid-agung-sumedang-disoal-umuh-muchtar,No,Shocking content,Restricted ad serving,ca-pub-7784034061253020,159,2024-08-01,2024-08-05
health.tribunnews.com,Page,N/A,N/A,health.tribunnews.com/2023/06/23/geli-saat-berhubungan-seksual-bisa-bersifat-lokal-hingga-gairah-yang-hilang-ini-penjelasannya,No,Adult: Sexual content,Restricted ad serving,ca-pub-7784034061253020,159,2024-08-01,2024-08-05
bangka.tribunnews.com,Page,N/A,N/A,bangka.tribunnews.com/2020/03/05/tips-gerakan-senam-kegel-untuk-wanita-manfaatnya-bisa-bahagiakan-pasangan-anda,No,Adult: Sexual content,Restricted ad serving,ca-pub-7784034061253020,159,2024-08-03,2024-08-05
bangka.tribunnews.com,Page,N/A,N/A,bangka.tribunnews.com/2022/04/28/link-video-chandrika-chika-bikin-heboh-satu-indonesia-jangan-asal-klik-kalau-enggak-mau-kena-ini,Yes,Ads Disguised as Content,Restricted ad serving,ca-pub-7784034061253020,158,2024-07-31,2024-08-06
bangka.tribunnews.com,Page,N/A,N/A,bangka.tribunnews.com/2017/09/15/tanda-seorang-pria-belum-pernah-berhubungan-badan-alias-perjaka,No,Adult: Sexual content,Restricted ad serving,ca-pub-7784034061253020,158,2024-07-31,2024-08-06
jatim.tribunnews.com,Page,N/A,N/A,jatim.tribunnews.com/2017/12/07/25-lukisan-fenomenal-yang-tunjukkan-kehidupan-milenial-zaman-ini-mana-yang-paling-bener?page=all,No,Shocking content,Restricted ad serving,ca-pub-7784034061253020,157,2024-08-04,2024-08-05
bangka.tribunnews.com,Page,N/A,N/A,bangka.tribunnews.com/2017/12/21/ini-dia-ciri-orang-yang-mudah-dan-sulit-kena-gendam-begini-cara-mengujinya,Yes,Encouraging accidental clicks: Layout;Google-served ads obscuring content,Restricted ad serving,ca-pub-7784034061253020,157,2024-07-31,2024-08-06
www.tribunnews.com,Page,N/A,N/A,www.tribunnews.com/kesehatan/2022/01/06/apakah-alat-bantu-seksual-aman-digunakan-berikut-penjelasan-dokter,No,Adult: Sexual content,Restricted ad serving,ca-pub-7784034061253020,156,2024-08-01,2024-08-04
www.tribunnews.com,Page,N/A,N/A,www.tribunnews.com/kesehatan/2017/11/27/perempuan-juga-perlu-tahu-inilah-yang-dirasakan-suami-anda-ketika-orgasme,No,Adult: Sexual content,Restricted ad serving,ca-pub-7784034061253020,156,2024-07-31,2024-08-06
sultra.tribunnews.com,Page,N/A,N/A,sultra.tribunnews.com/2023/05/03/terungkap-sosok-pemeran-video-viral-gadis-bali-di-twitter-dan-telegram-durasi-47-detik-serta-2-menit,No,Adult: Sexual content,Restricted ad serving,ca-pub-7784034061253020,156,2024-08-03,2024-08-04
jogja.tribunnews.com,Page,N/A,N/A,jogja.tribunnews.com/2017/08/25/beda-rasa-gak-sih-antaramr-p-yang-disunat-dan-tidak-ini-penjelasan-para-ahli,No,Adult: Sexual content,Restricted ad serving,ca-pub-7784034061253020,156,2024-07-31,2024-08-06
bangka.tribunnews.com,Page,N/A,N/A,bangka.tribunnews.com/2024/08/05/sosok-vina-di-mata-iptu-rudiana-pernah-dibawa-eky-saat-makan-malam-baik-dan-sopan?page=4,No,Shocking content,Restricted ad serving,ca-pub-7784034061253020,156,2024-08-05,2024-08-05
bangka.tribunnews.com,Page,N/A,N/A,bangka.tribunnews.com/2022/01/08/bagaimana-melayani-suami-jika-istri-sedang-haid-buya-yahya-berikan-penjelasan,Yes,Ads Disguised as Content,Restricted ad serving,ca-pub-7784034061253020,156,2024-07-31,2024-08-06
medan.tribunnews.com,Page,N/A,N/A,medan.tribunnews.com/2019/11/16/menteri-kesehatan-zimbabwe-mengeluh-ukuran-kondom-impor-buatan-cina-terlalu-kecil,No,Adult: Sexual content,Restricted ad serving,ca-pub-7784034061253020,155,2024-08-03,2024-08-06
bangka.tribunnews.com,Page,N/A,N/A,bangka.tribunnews.com/2016/05/01/ssst-inilah-ciri-ciri-orang-yang-kecanduan-onani,No,Adult: Sexual content,Restricted ad serving,ca-pub-7784034061253020,155,2024-07-31,2024-08-06
www.tribunnews.com,Page,N/A,N/A,www.tribunnews.com/regional/2017/11/20/fenomena-prostitusi-pelajar-di-jogja-begitu-mudahnya-mencari-teman-kencan-di,No,Adult: Sexual content,Restricted ad serving,ca-pub-7784034061253020,154,2024-08-01,2024-08-06
www.tribunnews.com,Page,N/A,N/A,www.tribunnews.com/kesehatan/2022/12/18/pria-berbulu-lebat-memiliki-gairah-tinggi-mitos-atau-fakta-begini-penjelasan-dr-boyke,No,Adult: Sexual content,Restricted ad serving,ca-pub-7784034061253020,154,2024-08-05,2024-08-05
aceh.tribunnews.com,Page,N/A,N/A,aceh.tribunnews.com/2022/09/17/miss-v-kurang-mencengkram-usai-melahirkan-dr-boyke-bongkar-cara-mengatasinya-lakukan-hal-ini-rutin,No,Adult: Sexual content,Restricted ad serving,ca-pub-7784034061253020,154,2024-08-01,2024-08-04
pekanbaru.tribunnews.com,Page,N/A,N/A,pekanbaru.tribunnews.com/2023/09/09/nonton-punit-na-langit-film-filipina-terbaru-september-2023,No,Google-served ads obscuring content,Restricted ad serving,ca-pub-7784034061253020,153,2024-07-31,2024-08-05
jogja.tribunnews.com,Page,N/A,N/A,jogja.tribunnews.com/2023/09/23/lirik-dan-terjemahan-lagu-youre-on-your-own-kid-taylor-swift?page=4,No,Adult: Sexual content,Restricted ad serving,ca-pub-7784034061253020,153,2024-08-01,2024-08-05
aceh.tribunnews.com,Page,N/A,N/A,aceh.tribunnews.com/2024/07/24/haid-tak-lancar-coba-lakukan-4-tips-ini-di-rumah-saran-seksolog-dr-boyke-gangguan-menstruasi-bye,No,Adult: Sexual content,Restricted ad serving,ca-pub-7784034061253020,153,2024-07-31,2024-08-05
www.tribunnews.com,Page,N/A,N/A,www.tribunnews.com/regional/2020/01/30/foto-tanpa-busana-siswi-sma-di-tuban-mendadak-viral-disebar-eks-pacar-pelaku-ungkap-niat-sebenarnya,No,Shocking content,Restricted ad serving,ca-pub-7784034061253020,151,2024-07-31,2024-08-06
belitung.tribunnews.com,Page,N/A,N/A,belitung.tribunnews.com/2018/12/15/bagaimana-memuaskan-suami-gampang-intip-tips-dan-intriknya-disini,No,Adult: Sexual content,Restricted ad serving,ca-pub-7784034061253020,151,2024-07-31,2024-08-05
jambi.tribunnews.com,Page,N/A,N/A,jambi.tribunnews.com/2018/02/22/2-kategori-dan-49-istilah-yang-sering-digunakan-di-film-biru?page=3,No,Adult: Sexual content,Restricted ad serving,ca-pub-7784034061253020,150,2024-07-31,2024-08-05
bangka.tribunnews.com,Page,N/A,N/A,bangka.tribunnews.com/2024/08/05/sosok-vina-di-mata-iptu-rudiana-pernah-dibawa-eky-saat-makan-malam-baik-dan-sopan?page=2,No,Shocking content,Restricted ad serving,ca-pub-7784034061253020,150,2024-08-05,2024-08-05
palembang.tribunnews.com,Page,N/A,N/A,palembang.tribunnews.com/2014/01/08/ini-arti-kode-khusus-di-karaoke-esek-esek,No,Adult: Sexual content,Restricted ad serving,ca-pub-7784034061253020,149,2024-07-31,2024-08-06
suryamalang.tribunnews.com,Page,N/A,N/A,suryamalang.tribunnews.com/2017/07/21/perempuan-ini-punya-bentuk-dada-yang-montok-tapi-curhatannya-soal-payudaranya-bikin-heran?page=all,No,Adult: Sexual content,Restricted ad serving,ca-pub-7784034061253020,147,2024-08-01,2024-08-05
makassar.tribunnews.com,Page,N/A,N/A,makassar.tribunnews.com/2019/10/18/efek-tisu-magic-belum-habis-psk-cantik-minta-ridwan-yang-lagi-di-puncak-berhenti-akhirnya-tragis?page=2,No,Adult: Sexual content,Restricted ad serving,ca-pub-7784034061253020,147,2024-07-31,2024-08-06
www.tribunnews.com,Page,N/A,N/A,www.tribunnews.com/regional/2018/02/12/mayoritas-emak-emak-muda-dan-remaja-putri-pembeli-alat-bantu-seks-di-bali,No,Adult: Sexual content,Restricted ad serving,ca-pub-7784034061253020,146,2024-07-31,2024-08-06
pontianak.tribunnews.com,Page,N/A,N/A,pontianak.tribunnews.com/2017/11/06/6-ramuan-tradisional-bisa-besarkan-payudara-nomor-4-dari-bunga,No,Adult: Sexual content,Restricted ad serving,ca-pub-7784034061253020,146,2024-07-31,2024-08-06
jateng.tribunnews.com,Page,N/A,N/A,jateng.tribunnews.com/2021/11/22/awalnya-suami-istri-ini-minta-pijat-ke-terapis-lalu-minta-tidur-threesome,No,Adult: Sexual content,Restricted ad serving,ca-pub-7784034061253020,146,2024-08-01,2024-08-05
bangka.tribunnews.com,Page,N/A,N/A,bangka.tribunnews.com/2018/07/22/7-jurus-elit-memulai-chat-duluan-ke-cowok-gebetenmu?page=2,No,Shocking content,Restricted ad serving,ca-pub-7784034061253020,146,2024-08-01,2024-08-06
www.tribunnews.com,Page,N/A,N/A,www.tribunnews.com/regional/2021/05/26/kejahatan-di-prostitusi-online-mengintai-para-pria-hidung-belang-berikut-modusnya,No,Shocking content,Restricted ad serving,ca-pub-7784034061253020,145,2024-07-31,2024-08-05
bali.tribunnews.com,Page,N/A,N/A,bali.tribunnews.com/2019/12/13/kesalahan-pemakaian-lip-balm-harusnya-saat-malam-hari-untuk-bibir-lembap-dan-sehat-esok-hari,No,Google-served ads obscuring content,Restricted ad serving,ca-pub-7784034061253020,145,2024-07-31,2024-08-06
aceh.tribunnews.com,Page,N/A,N/A,aceh.tribunnews.com/2022/11/30/selalu-lemas-saat-menstruasi-coba-trik-manjur-ini-ala-dr-boyke-cuma-makan-buah-dan-sayur-berikut,No,Adult: Sexual content,Restricted ad serving,ca-pub-7784034061253020,145,2024-07-31,2024-08-05
trends.tribunnews.com,Page,N/A,N/A,trends.tribunnews.com/2024/07/11/6-kunci-jawaban-post-test-modul-2-merdeka-belajar-pilihan-ganda-dan-cerita-reflektif,No,Shocking content,Restricted ad serving,ca-pub-7784034061253020,144,2024-08-05,2024-08-06
surabaya.tribunnews.com,Page,N/A,N/A,surabaya.tribunnews.com/2020/01/01/tahun-baru-2020-harga-rokok-naik-berikut-daftar-harga-per-bungkus-ada-yang-naik-sampai-rp-31-ribu,No,Tobacco,Restricted ad serving,ca-pub-7784034061253020,144,2024-07-31,2024-08-06
pontianak.tribunnews.com,Page,N/A,N/A,pontianak.tribunnews.com/2018/01/24/10-foto-dan-video-artis-indonesia-telanjang-beredar-di-internet-ada-yang-dilaporkan-ke-polisi,No,Adult: Sexual content,Restricted ad serving,ca-pub-7784034061253020,144,2024-07-31,2024-08-06
jogja.tribunnews.com,Page,N/A,N/A,jogja.tribunnews.com/2023/11/18/materi-ipa-kelas-ix-alat-reproduksi-wanita-fungsi-dan-metode-mudah-menghafal?page=all,No,Adult: Sexual content,Restricted ad serving,ca-pub-7784034061253020,144,2024-08-04,2024-08-04
aceh.tribunnews.com,Page,N/A,N/A,aceh.tribunnews.com/2022/12/14/ternyata-sunat-berpengaruh-besar-pada-kenyamanan-istri-saat-hubungan-intim-ini-penjelasan-dr-boyke,No,Adult: Sexual content,Restricted ad serving,ca-pub-7784034061253020,144,2024-08-04,2024-08-05
www.tribunnews.com,Page,N/A,N/A,www.tribunnews.com/lifestyle/2016/07/26/ciri-ciri-wanita-yang-ingin-bercinta-tapi-malu-mengungkapkan-pada-pasangannya,No,Adult: Sexual content,Restricted ad serving,ca-pub-7784034061253020,143,2024-07-31,2024-08-06
pekanbaru.tribunnews.com,Page,N/A,N/A,pekanbaru.tribunnews.com/2021/03/31/yuk-nonton-nonton-film-secret-in-bed-with-my-boss-sub-indo-full-movie-download-film-romantis-2020,Yes,Ads Disguised as Content,Restricted ad serving,ca-pub-7784034061253020,143,2024-07-31,2024-08-06
jambi.tribunnews.com,Page,N/A,N/A,jambi.tribunnews.com/2018/01/18/perhatikan-ini-ciri-wanita-yang-sering-melakukan-masturbasi-7-tanda-ini-bakal-mengungkapkannya?page=3,No,Adult: Sexual content,Restricted ad serving,ca-pub-7784034061253020,143,2024-07-31,2024-08-06
bangka.tribunnews.com,Page,N/A,N/A,bangka.tribunnews.com/2021/03/04/6-gaya-posisi-bercinta-kalau-mr-p-pasangan-kecil,No,Adult: Sexual content,Restricted ad serving,ca-pub-7784034061253020,143,2024-08-01,2024-08-05
www.tribunnews.com,Page,N/A,N/A,www.tribunnews.com/kesehatan/2017/12/07/lima-posisi-ideal-agar-hubungan-suami-istri-makin-panas-tahan-lama-dan-tak-mudah-lelah,No,Adult: Sexual content,Restricted ad serving,ca-pub-7784034061253020,142,2024-07-31,2024-08-06
wartakota.tribunnews.com,Page,N/A,N/A,wartakota.tribunnews.com/2017/04/24/video-adegan-ayu-ting-ting-di-atas-ranjang-bikin-heboh,Yes,Adult: Sexual content;Site Behavior: Navigation,Restricted ad serving,ca-pub-7784034061253020,142,2024-07-31,2024-08-06
medan.tribunnews.com,Page,N/A,N/A,medan.tribunnews.com/epaper/,No,Shocking content,Restricted ad serving,ca-pub-7784034061253020,142,2024-08-04,2024-08-05
kupang.tribunnews.com,Page,N/A,N/A,kupang.tribunnews.com/2017/07/12/wanita-dengan-5-ciri-fisik-ini-terbukti-hot-di-ranjang,No,Adult: Sexual content,Restricted ad serving,ca-pub-7784034061253020,142,2024-07-31,2024-08-06
jambi.tribunnews.com,Page,N/A,N/A,jambi.tribunnews.com/2019/07/19/larang-siswanya-pakai-celana-dalam-dan-wajib-pakai-rok-mini-sma-di-jepang-wanitanya-terkenal-vulgar,No,Adult: Sexual content,Restricted ad serving,ca-pub-7784034061253020,142,2024-07-31,2024-08-06
banjarmasin.tribunnews.com,Page,N/A,N/A,banjarmasin.tribunnews.com/2019/12/24/heboh-video-syur-mirip-cupi-cupita-yang-beredar-viral-senasib-gisella-anastasia-nagita-slavina,Yes,Ads Disguised as Content,Restricted ad serving,ca-pub-7784034061253020,142,2024-07-31,2024-08-05
bangka.tribunnews.com,Page,N/A,N/A,bangka.tribunnews.com/2018/04/07/kisah-pedagang-pakai-penglaris-awalnya-pembeli-jadi-ramai-lalu-selanjutnya-begini,No,Shocking content,Restricted ad serving,ca-pub-7784034061253020,142,2024-07-31,2024-08-05
bali.tribunnews.com,Page,N/A,N/A,bali.tribunnews.com/2023/02/18/6-arti-mimpi-seks-mimpi-berhubungan-dengan-orang-asing-pertanda-kesepian-baca-lengkapnya-di-sini,No,Adult: Sexual content,Restricted ad serving,ca-pub-7784034061253020,142,2024-08-06,2024-08-06
jambi.tribunnews.com,Page,N/A,N/A,jambi.tribunnews.com/2020/02/15/dalam-film-dewasa-2005-aktris-aomi-muyock-melakukan-adegan-intim-betulan-di-depan-kamera?page=all,No,Adult: Sexual content,Restricted ad serving,ca-pub-7784034061253020,141,2024-08-03,2024-08-05
medan.tribunnews.com,Page,N/A,N/A,medan.tribunnews.com/tag/film-bokep-korea,No,Adult: Sexual content,Restricted ad serving,ca-pub-7784034061253020,140,2024-08-01,2024-08-05
kupang.tribunnews.com,Page,N/A,N/A,kupang.tribunnews.com/2014/06/19/psk-sarkem-bisa-layani-5-pelanggan-semalam-tarif-rp-150-ribu-rp-300-ribu,No,Adult: Sexual content,Restricted ad serving,ca-pub-7784034061253020,140,2024-07-31,2024-08-06
jateng.tribunnews.com,Page,N/A,N/A,jateng.tribunnews.com/2016/04/14/video-seronok-tarian-erotis-dan-seronok-anak-sd-ini-dikecam-netizen,Yes,Adult: Sexual content;Site Behavior: Navigation,Restricted ad serving,ca-pub-7784034061253020,140,2024-07-31,2024-08-06
pekanbaru.tribunnews.com,Page,N/A,N/A,pekanbaru.tribunnews.com/2021/05/22/apa-itu-capslock-caps-lock-arti-caps-lock-dalam-bahasa-gaul-kata-yang-sering-terdengar,Yes,Encouraging accidental clicks: Layout;Google-served ads obscuring content,Restricted ad serving,ca-pub-7784034061253020,139,2024-07-31,2024-08-06
makassar.tribunnews.com,Page,N/A,N/A,makassar.tribunnews.com/2022/06/29/ciri-ciri-wanita-yang-sudah-tidak-perawan-perhatikan-telapak-tangannya?page=4,No,Adult: Sexual content,Restricted ad serving,ca-pub-7784034061253020,139,2024-08-05,2024-08-06
kaltim.tribunnews.com,Page,N/A,N/A,kaltim.tribunnews.com/2020/11/07/update-link-video-mirip-gisel-full-kini-diburu-2-medsos-ini-jadi-lokasi-pencarian-satunya-twitter,Yes,Ads Disguised as Content,Restricted ad serving,ca-pub-7784034061253020,139,2024-07-31,2024-08-06
jambi.tribunnews.com,Page,N/A,N/A,jambi.tribunnews.com/2017/09/13/epin-tawarkan-layanan-3s-di-medsos-lengkap-foto-dan-tarif-yang-bikin-nganga-main-sama-istrinya,No,Adult: Sexual content,Restricted ad serving,ca-pub-7784034061253020,139,2024-07-31,2024-08-06
bekasi.tribunnews.com,Page,N/A,N/A,bekasi.tribunnews.com/2022/07/30/koleksi-film-semi-korea-terbaru-2022-yang-paling-laris-ditonton-bikin-penonton-mupeng-hingga-baper,Yes,Ads Disguised as Content,Restricted ad serving,ca-pub-7784034061253020,139,2024-07-31,2024-08-05
jabar.tribunnews.com,Page,N/A,N/A,jabar.tribunnews.com/2015/12/05/hei-wanita-bibir-miss-v-anda-bisa-jadi-berwarna-pink-dan-sehat-lho-ini-caranya-cuma-20-menit,Yes,Ads Disguised as Content,Restricted ad serving,ca-pub-7784034061253020,138,2024-07-31,2024-08-06
bekasi.tribunnews.com,Page,N/A,N/A,bekasi.tribunnews.com/2022/07/11/ini-daftar-film-semi-korea-terbaru-2022-yang-cocok-dan-seru-untuk-ditonton-bareng-sama-pasangan-kamu,No,Adult: Sexual content,Restricted ad serving,ca-pub-7784034061253020,137,2024-08-02,2024-08-04
bangka.tribunnews.com,Page,N/A,N/A,bangka.tribunnews.com/2017/04/16/inilah-kata-kunci-untuk-ziarah-dan-ritual-seks-di-gunung-kemukus,No,Adult: Sexual content,Restricted ad serving,ca-pub-7784034061253020,137,2024-08-04,2024-08-05
health.tribunnews.com,Page,N/A,N/A,health.tribunnews.com/2023/10/24/minum-kopi-sebelum-berhubungan-seksual-dapat-meningkatkan-stamina-dan-gairah-ini-penjelasan-dokter,No,Adult: Sexual content,Restricted ad serving,ca-pub-7784034061253020,136,2024-07-31,2024-08-04
www.tribunnews.com,Page,N/A,N/A,www.tribunnews.com/kesehatan/2014/11/13/ini-posisi-doggy-style-yang-benar-supaya-punya-anak-lelaki,No,Adult: Sexual content,Restricted ad serving,ca-pub-7784034061253020,135,2024-07-31,2024-08-06
sultra.tribunnews.com,Page,N/A,N/A,sultra.tribunnews.com/2023/05/04/video-viral-ciwidey-wanita-bercadar-di-kebun-teh-durasi-39-detikpemeran-dikaitkan-dengan-sososk-ini,Yes,Google-served ads on screens without publisher-content,Restricted ad serving,ca-pub-7784034061253020,135,2024-08-01,2024-08-06
pekanbaru.tribunnews.com,Page,N/A,N/A,pekanbaru.tribunnews.com/2024/03/15/harusnya-di-link-ini-nonton-film-tuhog-2023-sub-indo-full-movie-pemerannya-apple-dy,Yes,Google-served ads obscuring content;Modified Javascript: Ads by Google size,Restricted ad serving,ca-pub-7784034061253020,135,2024-08-01,2024-08-06
medan.tribunnews.com,Page,N/A,N/A,medan.tribunnews.com/2022/05/17/pernah-tersandung-skandal-luna-maya-sempat-menangis-ceritakan-soal-video-panas-dengan-ariel-noah,Yes,Ads Disguised as Content,Restricted ad serving,ca-pub-7784034061253020,135,2024-07-31,2024-08-06
palembang.tribunnews.com,Page,N/A,N/A,palembang.tribunnews.com/2018/04/08/begini-cara-mengobati-bisul-dan-langkah-langkah-membersihkannya-setelah-pecah-sampai-tuntas,No,Shocking content,Restricted ad serving,ca-pub-7784034061253020,134,2024-08-02,2024-08-06
bangka.tribunnews.com,Page,N/A,N/A,bangka.tribunnews.com/2022/02/16/tak-perlu-obat-kuat-di-apotik-bahan-alami-ini-ampuh-buat-pria-jago-di-ranjang-cukup-ambil-di-dapur,No,Adult: Sexual content,Restricted ad serving,ca-pub-7784034061253020,134,2024-08-01,2024-08-05
pekanbaru.tribunnews.com,Page,N/A,N/A,pekanbaru.tribunnews.com/2023/06/12/nonton-atau-download-film-keramat-tunggak-bisa-cek-link-ini,Yes,Google-served ads obscuring content;Modified Javascript: Ads by Google size,Restricted ad serving,ca-pub-7784034061253020,133,2024-07-31,2024-08-06
www.tribunnews.com,Page,N/A,N/A,www.tribunnews.com/kesehatan/2018/02/12/jauh-dari-suami-ibu-2-anak-ini-3-tahun-pakai-sex-toys-blak-blakan-soal-rasa-dan-pendapat-suaminya,No,Adult: Sexual content,Restricted ad serving,ca-pub-7784034061253020,132,2024-07-31,2024-08-06
wartakota.tribunnews.com,Page,N/A,N/A,wartakota.tribunnews.com/2015/05/21/sentuhlah-bagian-wanita-yang-satu-ini-buat-mereka-ketagihan,No,Adult: Sexual content,Restricted ad serving,ca-pub-7784034061253020,132,2024-08-01,2024-08-04
trends.tribunnews.com,Page,N/A,N/A,trends.tribunnews.com/2023/12/07/apa-arti-pijat-plus-plus-istilah-viral-tiktok-sering-muncul-dalam-bahasa-gaul-ini-maknanya?page=3,No,Adult: Sexual content,Restricted ad serving,ca-pub-7784034061253020,132,2024-08-03,2024-08-04
madura.tribunnews.com,Page,N/A,N/A,madura.tribunnews.com/2023/07/05/daftar-harga-rokok-filter-di-indomaret-l-a-rokok-filter-ice-purple-rp-30-ribu-clas-mild-rp-21-ribu?page=3,No,Tobacco,Restricted ad serving,ca-pub-7784034061253020,132,2024-08-04,2024-08-05
jogja.tribunnews.com,Page,N/A,N/A,jogja.tribunnews.com/kesehatan,No,Adult: Sexual content,Restricted ad serving,ca-pub-7784034061253020,132,2024-08-01,2024-08-06
pekanbaru.tribunnews.com,Page,N/A,N/A,pekanbaru.tribunnews.com/2021/08/18/apa-itu-ndak-og-artinya-dalam-bahasa-gaul-ternyata-begini-penjelasan-arti-ndak-og-bahasa-gaul,No,Google-served ads obscuring content,Restricted ad serving,ca-pub-7784034061253020,131,2024-07-31,2024-08-06
kaltim.tribunnews.com,Page,N/A,N/A,kaltim.tribunnews.com/2023/02/12/6-anime-yang-haram-ditonton-oleh-bocil-miliki-adegan-dan-karakter-panas-tanpa-sensor?page=2,No,Adult: Sexual content,Restricted ad serving,ca-pub-7784034061253020,131,2024-08-04,2024-08-05
jogja.tribunnews.com,Page,N/A,N/A,jogja.tribunnews.com/2021/06/15/sebaiknya-hati-hati-jika-mimpi-melihat-banyak-jenazah-di-jalan-begini-artinya,No,Shocking content,Restricted ad serving,ca-pub-7784034061253020,131,2024-08-02,2024-08-05
aceh.tribunnews.com,Page,N/A,N/A,aceh.tribunnews.com/2024/08/06/cara-obati-panas-dalam-atau-sariawan-dengan-daun-sirih-dr-boyke-ungkap-takarannya?page=3,No,Adult: Sexual content,Restricted ad serving,ca-pub-7784034061253020,131,2024-08-06,2024-08-06
www.tribunnews.com,Page,N/A,N/A,www.tribunnews.com/kesehatan/2021/11/22/loyo-di-ranjang-dokter-boyke-beri-resep-tingkatkan-vitalitas-pria-tak-perlu-obat-kimia-cukup-kopi,No,Adult: Sexual content,Restricted ad serving,ca-pub-7784034061253020,130,2024-08-01,2024-08-05
madura.tribunnews.com,Page,N/A,N/A,madura.tribunnews.com/2023/07/05/daftar-harga-rokok-filter-di-indomaret-l-a-rokok-filter-ice-purple-rp-30-ribu-clas-mild-rp-21-ribu?page=2,No,Tobacco,Restricted ad serving,ca-pub-7784034061253020,130,2024-08-04,2024-08-05
jogja.tribunnews.com,Page,N/A,N/A,jogja.tribunnews.com/404,Yes,Google-served ads on screens without publisher-content,Restricted ad serving,ca-pub-7784034061253020,130,2024-08-02,2024-08-05
batam.tribunnews.com,Page,N/A,N/A,batam.tribunnews.com/2020/12/19/arti-mimpi-berhubungan-intim-dengan-pacar-ternyata-menjadi-pertanda-kurang-baik,No,Shocking content,Restricted ad serving,ca-pub-7784034061253020,130,2024-07-31,2024-08-06
bangka.tribunnews.com,Page,N/A,N/A,bangka.tribunnews.com/2017/06/25/bukan-porno-ternyata-inilah-makna-sebenarnya-dari-penggunaan-kata-ikeh-ikeh-dan-kimochi,No,Adult: Sexual content,Restricted ad serving,ca-pub-7784034061253020,130,2024-08-05,2024-08-06
sumsel.tribunnews.com,Page,N/A,N/A,sumsel.tribunnews.com/2021/07/16/mengapa-kita-harus-saling-menghargai-perbedaan-kunci-jawaban-tema-1-kelas-3-sdmi-halaman-85,No,Google-served ads obscuring content,Restricted ad serving,ca-pub-7784034061253020,129,2024-07-31,2024-08-06
pekanbaru.tribunnews.com,Page,N/A,N/A,pekanbaru.tribunnews.com/2024/02/15/apa-itu-making-love-dalam-bahasa-gaul-dan-arti-kata-making-love-serta-link-nonton-film-making-love,No,Adult: Sexual content,Restricted ad serving,ca-pub-7784034061253020,129,2024-08-03,2024-08-04
m.tribunnews.com,Page,N/A,N/A,m.tribunnews.com/regional/2024/08/07/viral-video-ayah-sandera-bayinya-16-jam-di-pinrang-korban-disiksa-diduga-depresi-karena-nyabu,No,Shocking content,Restricted ad serving,ca-pub-7784034061253020,129,2024-08-06,2024-08-06
trends.tribunnews.com,Page,N/A,N/A,trends.tribunnews.com/2023/09/15/sosok-meli-3gp-main-film-porno-bareng-siskaeee-virly-virginia-ig-penuh-foto-seksi-eks-spg-rokok,No,Adult: Sexual content,Restricted ad serving,ca-pub-7784034061253020,128,2024-08-01,2024-08-04
sultra.tribunnews.com,Page,N/A,N/A,sultra.tribunnews.com/2022/10/31/link-video-viral-di-artis-lombok-masih-dicari-vcs-sambil-ngangkang-di-ranjang-monyongkan-bibir,Yes,Ads Disguised as Content,Restricted ad serving,ca-pub-7784034061253020,128,2024-07-31,2024-08-06
pekanbaru.tribunnews.com,Page,N/A,N/A,pekanbaru.tribunnews.com/2023/05/31/erika-prank-ojol-viral-7-menit-asli-link-dicari-link-disebar-di-twitter?page=all,No,Adult: Sexual content,Restricted ad serving,ca-pub-7784034061253020,128,2024-08-03,2024-08-04
aceh.tribunnews.com,Page,N/A,N/A,aceh.tribunnews.com/2022/11/23/aman-nggak-sih-setiap-hari-bersihkan-miss-v-pakai-sabun-pembersih-kewanitaan-ini-jawaban-dr-boyke,No,Adult: Sexual content,Restricted ad serving,ca-pub-7784034061253020,128,2024-08-01,2024-08-05
makassar.tribunnews.com,Page,N/A,N/A,makassar.tribunnews.com/2020/05/28/suami-jadi-bintang-film-dewasa-hingga-8000-kali-adegan-panas-istri-dia-hanya-bekerja,Yes,Adult: Sexual content;Content obscuring Google-served ads,Restricted ad serving,ca-pub-7784034061253020,127,2024-07-31,2024-08-06
jabar.tribunnews.com,Page,N/A,N/A,jabar.tribunnews.com/2018/08/13/momo-challenge-cerita-di-balik-foto-yang-menyeramkan-dan-tantangannya-yang-berbahaya,No,Shocking content,Restricted ad serving,ca-pub-7784034061253020,127,2024-08-02,2024-08-04
medan.tribunnews.com,Page,N/A,N/A,medan.tribunnews.com/2024/07/28/mahasiswa-di-ntt-tega-sebarkan-video-syur-dengan-mantan-ternyata-rekam-diam-diam-pakai-laptop,No,Adult: Sexual content,Restricted ad serving,ca-pub-7784034061253020,126,2024-08-04,2024-08-04
m.tribunnews.com,Page,N/A,N/A,m.tribunnews.com/regional/2011/04/01/subandi-mak-erot-dari-trenggalek,No,Adult: Sexual content,Restricted ad serving,ca-pub-7784034061253020,126,2024-08-01,2024-08-05
jogja.tribunnews.com,Page,N/A,N/A,jogja.tribunnews.com/2015/03/04/13-cm-adalah-ukuran-normal-alat-vital-lelaki,No,Adult: Sexual content,Restricted ad serving,ca-pub-7784034061253020,126,2024-07-31,2024-08-06
jambi.tribunnews.com,Page,N/A,N/A,jambi.tribunnews.com/2018/02/22/2-kategori-dan-49-istilah-yang-sering-digunakan-di-film-biru?page=2,No,Adult: Sexual content,Restricted ad serving,ca-pub-7784034061253020,126,2024-07-31,2024-08-05
belitung.tribunnews.com,Page,N/A,N/A,belitung.tribunnews.com/2016/05/16/ternyata-ini-alasan-pelaku-habisi-enno-gunakan-gagang-cangkul-dimasukkan-waktu-korban-masih-hidup,No,Shocking content,Restricted ad serving,ca-pub-7784034061253020,126,2024-07-31,2024-08-06
batam.tribunnews.com,Page,N/A,N/A,batam.tribunnews.com/2019/09/19/video-panas-siswi-sma-buka-bukaan-baju-beredar-dan-viral-satu-sekolah-tahu-cuma-ditutup-tutupi,Yes,Ads Disguised as Content,Restricted ad serving,ca-pub-7784034061253020,126,2024-07-31,2024-08-06
bangka.tribunnews.com,Page,N/A,N/A,bangka.tribunnews.com/2016/12/24/jika-wanita-tak-perawan-lagi-bokongnya-melorot-benarkah,No,Adult: Sexual content,Restricted ad serving,ca-pub-7784034061253020,126,2024-07-31,2024-08-06
www.tribunnews.com,Page,N/A,N/A,www.tribunnews.com/kesehatan/2018/01/06/video-mesum-2-bocah-dengan-seorang-tante-beredar-inilah-dampak-menyeramkan-eksploitasi-seksual-dini,No,Adult: Sexual content,Restricted ad serving,ca-pub-7784034061253020,125,2024-07-31,2024-08-06
pontianak.tribunnews.com,Page,N/A,N/A,pontianak.tribunnews.com/2016/11/01/hanya-dalam-beberapa-minggu-penis-bisa-besar-begini-caranya,No,Adult: Sexual content,Restricted ad serving,ca-pub-7784034061253020,125,2024-07-31,2024-08-06
batam.tribunnews.com,Page,N/A,N/A,batam.tribunnews.com/2018/01/27/berwajah-tampan-pria-ini-sudah-tiduri-3000-an-wanita-ini-profesinya,Yes,Ads Disguised as Content,Restricted ad serving,ca-pub-7784034061253020,125,2024-07-31,2024-08-06
bangka.tribunnews.com,Page,N/A,N/A,bangka.tribunnews.com/2021/12/05/kisah-cinta-terlarang-paman-dan-ponakan-yang-masih-sma-bibi-urus-seperti-anak-sendiri,Yes,Modified ad code: Resizing Ad Frames,Restricted ad serving,ca-pub-7784034061253020,125,2024-07-31,2024-08-06
www.tribunnews.com,Page,N/A,N/A,www.tribunnews.com/kesehatan/2017/08/14/tak-ada-suntik-kb-ternyata-orang-zaman-dulu-gunakan-cara-unik-ini-untuk-cegah-kehamilan,No,Adult: Sexual content,Restricted ad serving,ca-pub-7784034061253020,124,2024-07-31,2024-08-06
sultra.tribunnews.com,Page,N/A,N/A,sultra.tribunnews.com/2023/05/18/zalva-tiktok-yandex-ru-video-viral-terbaru-2023-giliran-aksi-di-sofa-yang-ditonton-2-juta-kali,No,Adult: Sexual content,Restricted ad serving,ca-pub-7784034061253020,124,2024-08-05,2024-08-05
pekanbaru.tribunnews.com,Page,N/A,N/A,pekanbaru.tribunnews.com/2020/10/14/bagaimana-hukum-threesome-di-dalam-islam-begini-penjelasannya,No,Adult: Sexual content,Restricted ad serving,ca-pub-7784034061253020,124,2024-08-03,2024-08-06
jogja.tribunnews.com,Page,N/A,N/A,jogja.tribunnews.com/2020/10/17/empat-zodiak-yang-paling-cocok-dengan-taurus-dalam-urusan-ranjang,Yes,Ads Disguised as Content,Restricted ad serving,ca-pub-7784034061253020,124,2024-07-31,2024-08-06
aceh.tribunnews.com,Page,N/A,N/A,aceh.tribunnews.com/2022/01/15/ingin-kuat-bertempur-pria-wajib-coba-minum-air-rebusan-daun-putri-malu-hangat-ini-manfaatnya,No,Adult: Sexual content,Restricted ad serving,ca-pub-7784034061253020,124,2024-07-31,2024-08-04
solo.tribunnews.com,Page,N/A,N/A,solo.tribunnews.com/2021/07/05/chord-kunci-gitar-dan-lirik-lagu-tiara-kris-jika-kau-bertemu-aku-begini,No,Google-served ads obscuring content,Restricted ad serving,ca-pub-7784034061253020,123,2024-07-31,2024-08-05
bogor.tribunnews.com,Page,N/A,N/A,bogor.tribunnews.com/2022/07/06/arti-mimpi-selingkuh-dengan-suami-orang-pertanda-buruk-simak-penjelasannya-menurut-pakar-mimpi,Yes,Ads Disguised as Content,Restricted ad serving,ca-pub-7784034061253020,123,2024-07-31,2024-08-06
bali.tribunnews.com,Page,N/A,N/A,bali.tribunnews.com/2017/09/27/bisa-diremas-remas-harga-boneka-nikita-mirzani-sampai-rp-15-juta-seperti-jelly,No,Adult: Sexual content,Restricted ad serving,ca-pub-7784034061253020,123,2024-07-31,2024-08-06
aceh.tribunnews.com,Page,N/A,N/A,aceh.tribunnews.com/2019/10/12/miliki-panjang-organ-vital-hampir-setengah-meter-pria-ini-justru-jadi-penyandang-cacat-kok-bisa?page=2,No,Adult: Sexual content,Restricted ad serving,ca-pub-7784034061253020,123,2024-08-01,2024-08-06
palembang.tribunnews.com,Page,N/A,N/A,palembang.tribunnews.com/2017/12/06/terkenal-anggun-14-artis-ini-rupanya-pernah-buka-bukaan-di-majalah-dewasa-no-13-bikin-ngiler?page=all,Yes,Google-served ads obscuring content;Site Behavior: Navigation,Restricted ad serving,ca-pub-7784034061253020,122,2024-08-03,2024-08-04
makassar.tribunnews.com,Page,N/A,N/A,makassar.tribunnews.com/2017/12/13/6-cara-tahu-wanita-tak-perawan-nomor-1-hidung-nomor-2-mata-nomor-5-telapak-tangan?page=3,Yes,Mislabeled Ads,Restricted ad serving,ca-pub-7784034061253020,122,2024-07-31,2024-08-05
kupang.tribunnews.com,Page,N/A,N/A,kupang.tribunnews.com/2018/09/05/7-artis-ini-miliki-payudara-terindah-di-tahun-2017-adakah-idolamu,No,Shocking content,Restricted ad serving,ca-pub-7784034061253020,121,2024-07-31,2024-08-06
jatim.tribunnews.com,Page,N/A,N/A,jatim.tribunnews.com/2018/02/10/selain-heteroseksual-ini-7-istilah-orientasi-seksual-yang-mungkin-anda-belum-tahu-artinya,Yes,Ads Disguised as Content,Restricted ad serving,ca-pub-7784034061253020,121,2024-08-01,2024-08-06
bogor.tribunnews.com,Page,N/A,N/A,bogor.tribunnews.com/2016/03/12/jangan-sering-memainkan-organ-intim-dengan-jari-ini-bahayanya,No,Adult: Sexual content,Restricted ad serving,ca-pub-7784034061253020,121,2024-07-31,2024-08-04
style.tribunnews.com,Page,N/A,N/A,style.tribunnews.com/2017/08/01/4-artis-hollywood-tercantik-dan-terpanas-yang-berani-lepas-baju-dalam-film-nomer-3-bikin-bloon?page=2,No,Adult: Sexual content,Restricted ad serving,ca-pub-7784034061253020,120,2024-07-31,2024-08-06
kaltim.tribunnews.com,Page,N/A,N/A,kaltim.tribunnews.com/2016/02/12/banyak-abg-beli-kondom-petugas-apotek-sungkan-tanya-buat-apa,No,Adult: Sexual content,Restricted ad serving,ca-pub-7784034061253020,120,2024-08-01,2024-08-05
jogja.tribunnews.com,Page,N/A,N/A,jogja.tribunnews.com/2014/04/10/panjang-mrp-saat-ereksi-hanyalah-14-centimeter,No,Adult: Sexual content,Restricted ad serving,ca-pub-7784034061253020,120,2024-07-31,2024-08-06
aceh.tribunnews.com,Page,N/A,N/A,aceh.tribunnews.com/2024/06/28/berhubungan-intim-saat-haid-bisa-sebabkan-kista-cokelatdr-boyke-itu-darah-hidup,No,Adult: Sexual content,Restricted ad serving,ca-pub-7784034061253020,120,2024-07-31,2024-08-05
style.tribunnews.com,Page,N/A,N/A,style.tribunnews.com/2019/09/24/8-dampak-negatif-sering-menonton-film-dewasa-untuk-kehidupan-pernikahan-jauhi,Yes,Ads Disguised as Content,Restricted ad serving,ca-pub-7784034061253020,119,2024-07-31,2024-08-06
medan.tribunnews.com,Page,N/A,N/A,medan.tribunnews.com/2017/05/24/bintang-film-porno-bertubuh-kerdil-ini-mengaku-punya-misi-mulia,Yes,Site Behavior: Navigation,Restricted ad serving,ca-pub-7784034061253020,118,2024-08-01,2024-08-06
jabar.tribunnews.com,Page,N/A,N/A,jabar.tribunnews.com/2018/11/23/10-fakta-video-mesum-siswi-sma-karawang-dari-direkam-di-hotel-hingga-korban-merupakan-mojang,No,Adult: Sexual content,Restricted ad serving,ca-pub-7784034061253020,118,2024-07-31,2024-08-05
belitung.tribunnews.com,Page,N/A,N/A,belitung.tribunnews.com/2022/01/17/obat-kuat-herbal-dari-bumbu-dapur-dijamin-bisa-bikin-tahan-lama-jauh-lebih-aman-dari-obat-kimia,No,Adult: Sexual content,Restricted ad serving,ca-pub-7784034061253020,118,2024-07-31,2024-08-06
bogor.tribunnews.com,Page,N/A,N/A,bogor.tribunnews.com/2021/08/29/tafsir-mimpi-berhubungan-badan-dengan-artis-ini-artinya-menurut-primbon-jawa,No,Adult: Sexual content,Restricted ad serving,ca-pub-7784034061253020,117,2024-08-01,2024-08-05
bekasi.tribunnews.com,Page,N/A,N/A,bekasi.tribunnews.com/2022/07/27/khusus-dewasa-berikut-ini-daftar-film-semi-korea-2022-tentang-perselingkuhan-percintaan-dan-erotis?page=all,No,Adult: Sexual content,Restricted ad serving,ca-pub-7784034061253020,117,2024-08-04,2024-08-05
aceh.tribunnews.com,Page,N/A,N/A,aceh.tribunnews.com/2024/06/29/dr-boyke-ungkap-cara-mengetahui-perempuan-masih-perawan-atau-tidak-apa-bisa-dilihat-dari-fisik?page=3,No,Adult: Sexual content,Restricted ad serving,ca-pub-7784034061253020,115,2024-08-02,2024-08-04
aceh.tribunnews.com,Page,N/A,N/A,aceh.tribunnews.com/2021/05/16/kisah-kutukan-ariel-sharon-jenderal-israel-pembantai-rakyat-palestina-8-tahun-hidup-koma-membusuk,No,Shocking content,Restricted ad serving,ca-pub-7784034061253020,115,2024-08-04,2024-08-06
newsmaker.tribunnews.com,Page,N/A,N/A,newsmaker.tribunnews.com/2020/06/28/11-video-hubungan-badan-ini-bikin-bintang-panas-mia-khalifa-dihantui-dosa-sampai-mati-sangat-hina,No,Shocking content,Restricted ad serving,ca-pub-7784034061253020,114,2024-07-31,2024-08-06
jakarta.tribunnews.com,Page,N/A,N/A,jakarta.tribunnews.com/2021/01/07/begini-cara-membuat-obat-kuat-berbahan-jahe-merah-dan-khasiat-tingkatkan-daya-tahan-tubuh,Yes,Ads Disguised as Content,Restricted ad serving,ca-pub-7784034061253020,114,2024-07-31,2024-08-06
bangka.tribunnews.com,Page,N/A,N/A,bangka.tribunnews.com/2022/03/06/begini-cara-meracik-merica-kopi-telur-dan-madu-sebagai-obat-kuat-pria-minum-pas-hangat?page=all,No,Adult: Sexual content,Restricted ad serving,ca-pub-7784034061253020,114,2024-08-05,2024-08-05
www.tribunnews.com,Page,N/A,N/A,www.tribunnews.com/kesehatan/2015/12/18/tujuh-hal-yang-bikin-suami-malas-bercinta-saat-istri-hamil,No,Adult: Sexual content,Restricted ad serving,ca-pub-7784034061253020,113,2024-07-31,2024-08-06
bangka.tribunnews.com,Page,N/A,N/A,bangka.tribunnews.com/2018/01/06/video-mesum-tante-dan-bocah-di-bandung-ternyata-juga-berhubungan-dengan-pria-ini,No,Adult: Sexual content,Restricted ad serving,ca-pub-7784034061253020,113,2024-07-31,2024-08-06
bangka.tribunnews.com,Page,N/A,N/A,bangka.tribunnews.com/2016/10/08/ini-5-negara-yang-melegalkan-bisnis-esek-esek-dua-negara-ada-di-asia,No,Adult: Sexual content,Restricted ad serving,ca-pub-7784034061253020,113,2024-07-31,2024-08-05
aceh.tribunnews.com,Page,N/A,N/A,aceh.tribunnews.com/2017/07/19/memiliki-kelamin-terbesar-di-dunia-pria-ini-tersiksa-hidupnya,No,Adult: Sexual content,Restricted ad serving,ca-pub-7784034061253020,113,2024-07-31,2024-08-06
medan.tribunnews.com,Page,N/A,N/A,medan.tribunnews.com/2021/02/17/cara-jitu-menghilangkan-ejakulasi-dini-atau-lemah-syahwat-pria-cukup-pijat-daerah-ini,No,Adult: Sexual content,Restricted ad serving,ca-pub-7784034061253020,112,2024-08-01,2024-08-05
kupang.tribunnews.com,Page,N/A,N/A,kupang.tribunnews.com/2015/06/16/10-trik-bikin-wanita-orgasme-dengan-permainan-jari,No,Adult: Sexual content,Restricted ad serving,ca-pub-7784034061253020,112,2024-07-31,2024-08-06
wartakota.tribunnews.com,Page,N/A,N/A,wartakota.tribunnews.com/2014/11/13/inilah-posisi-doggy-style-yang-benar,No,Adult: Sexual content,Restricted ad serving,ca-pub-7784034061253020,111,2024-07-31,2024-08-06
kupang.tribunnews.com,Page,N/A,N/A,kupang.tribunnews.com/2020/09/04/ciri-wanita-sudah-tak-perawan-lagi-dapat-dilihat-dari-perubahan-hidung-mata-dan-telapak-tangan,Yes,Ads Disguised as Content,Restricted ad serving,ca-pub-7784034061253020,111,2024-07-31,2024-08-06
www.tribunnews.com,Page,N/A,N/A,www.tribunnews.com/bisnis/2017/03/22/ini-dia-lima-merek-rokok-terlaris-dunia,No,Tobacco,Restricted ad serving,ca-pub-7784034061253020,110,2024-07-31,2024-08-06
sultra.tribunnews.com,Page,N/A,N/A,sultra.tribunnews.com/2023/09/26/nasib-siskaeee-virly-virginia-meli-3gp-chacha-novita-pemeran-film-kelas-bintang-usai-diperiksa,Yes,Google-served ads obscuring content;Modified Javascript: Ads by Google size,Restricted ad serving,ca-pub-7784034061253020,110,2024-07-31,2024-08-05
manado.tribunnews.com,Page,N/A,N/A,manado.tribunnews.com/2017/09/26/inilah-3-alasan-kenapa-pria-memasukkan-tangan-ke-dalam-celana-saat-sedang-tidur,No,Adult: Sexual content,Restricted ad serving,ca-pub-7784034061253020,110,2024-08-01,2024-08-06
health.tribunnews.com,Page,N/A,N/A,health.tribunnews.com/2023/10/04/kemampuan-orgasme-berulang-pada-wanita-dokter-ungkap-syarat-wanita-dapat-alami-orgasme-berulang,No,Adult: Sexual content,Restricted ad serving,ca-pub-7784034061253020,110,2024-07-31,2024-08-05
bangka.tribunnews.com,Page,N/A,N/A,bangka.tribunnews.com/2017/08/14/pensiun-dari-film-esek-esek-5-bintang-film-dewasa-ini-sukses-bermain-di-layar-lebar,Yes,Ads Disguised as Content,Restricted ad serving,ca-pub-7784034061253020,110,2024-07-31,2024-08-06
m.tribunnews.com,Page,N/A,N/A,m.tribunnews.com/regional/2013/08/11/10-tetes-langsung-bereaksi,No,Adult: Sexual content,Restricted ad serving,ca-pub-7784034061253020,109,2024-07-31,2024-08-06
kupang.tribunnews.com,Page,N/A,N/A,kupang.tribunnews.com/2019/08/30/video-cewek-seksi-tawarkan-pijat-plus-plus-di-kos-driver-ojek-online-tergiur-hingga-gadaikan-motor,No,Adult: Sexual content,Restricted ad serving,ca-pub-7784034061253020,109,2024-07-31,2024-08-06
jateng.tribunnews.com,Page,N/A,N/A,jateng.tribunnews.com/2021/11/12/nampu-tumbuhan-bermanfaat-tingkatkan-gairah-seksual-biar-suami-kuat-di-ranjang?page=2,No,Adult: Sexual content,Restricted ad serving,ca-pub-7784034061253020,109,2024-08-04,2024-08-04
jateng.tribunnews.com,Page,N/A,N/A,jateng.tribunnews.com/2021/08/04/arti-mimpi-menolong-orang-melahirkan-salah-satunya-bermakna-akan-mendapat-tambahan-penghasilan,Yes,Encouraging accidental clicks: Layout;Google-served ads obscuring content,Restricted ad serving,ca-pub-7784034061253020,109,2024-07-31,2024-08-06
jambi.tribunnews.com,Page,N/A,N/A,jambi.tribunnews.com/2019/10/02/berikut-foto-30-gadis-jepang-yang-sering-pamerkan-bagian-dalam-tubuhnya-meski-pakai-baju-transparan?page=4,No,Adult: Sexual content,Restricted ad serving,ca-pub-7784034061253020,109,2024-07-31,2024-08-05
bali.tribunnews.com,Page,N/A,N/A,bali.tribunnews.com/2017/10/24/anggota-komunitas-telanjang-ini-sebut-10-tempat-di-seminyak-sebagai-surganya-kaum-tanpa-busana,No,Google-served ads obscuring content,Restricted ad serving,ca-pub-7784034061253020,109,2024-08-01,2024-08-04
wartakota.tribunnews.com,Page,N/A,N/A,wartakota.tribunnews.com/2014/12/29/phone-sex-bermanfaat-untuk-hubungan-jarak-jauh,No,Adult: Sexual content,Restricted ad serving,ca-pub-7784034061253020,108,2024-07-31,2024-08-06
pekanbaru.tribunnews.com,Page,N/A,N/A,pekanbaru.tribunnews.com/2021/07/04/apa-itu-sbb-ternyata-ini-arti-sbb-dalam-bahasa-gaul-digunakan-pada-saat-chatting,Yes,Modified ad code: Resizing Ad Frames,Restricted ad serving,ca-pub-7784034061253020,108,2024-07-31,2024-08-06
jambi.tribunnews.com,Page,N/A,N/A,jambi.tribunnews.com/2017/11/29/9-posisi-oral-seks-yang-membuat-pasangan-merem-melek-nomor-3-enak-dilakukan-di-sofa,No,Adult: Sexual content,Restricted ad serving,ca-pub-7784034061253020,108,2024-07-31,2024-08-05
jambi.tribunnews.com,Page,N/A,N/A,jambi.tribunnews.com/2017/08/29/beginilah-gambar-4d-orang-saat-berhubungan-seks-ilmuwan-menemukan-rekaman-video-yang-menarik?page=2,No,Adult: Sexual content,Restricted ad serving,ca-pub-7784034061253020,108,2024-07-31,2024-08-06
bali.tribunnews.com,Page,N/A,N/A,bali.tribunnews.com/2020/01/02/ini-daftar-harga-rokok-di-denpasar-saat-ini-beberapa-merk-alami-kenaikan-harga-sebelum-tahun-baru,No,Tobacco,Restricted ad serving,ca-pub-7784034061253020,108,2024-07-31,2024-08-05
sultra.tribunnews.com,Page,N/A,N/A,sultra.tribunnews.com/2021/12/11/sosok-kienzy-myelin-dikaitkan-video-viral-32-detik-dijuluki-ratu-pargoy-dan-cewek-pemersatu-bangsa,No,Shocking content,Restricted ad serving,ca-pub-7784034061253020,107,2024-07-31,2024-08-06
pontianak.tribunnews.com,Page,N/A,N/A,pontianak.tribunnews.com/2017/11/13/6-artis-papan-atas-ini-menyesal-pernah-bugil-dan-lakukan-adegan-panas-di-film?page=all,No,Adult: Sexual content,Restricted ad serving,ca-pub-7784034061253020,107,2024-07-31,2024-08-06
pontianak.tribunnews.com,Page,N/A,N/A,pontianak.tribunnews.com/2017/09/30/seperti-apa-sih-orgasme-pada-wanita-ini-penjelasannya,No,Adult: Sexual content,Restricted ad serving,ca-pub-7784034061253020,107,2024-08-01,2024-08-05
makassar.tribunnews.com,Page,N/A,N/A,makassar.tribunnews.com/2015/07/27/tahu-arti-mimpi-basah-dengan-teman-berikut-menurut-ahli,No,Adult: Sexual content,Restricted ad serving,ca-pub-7784034061253020,107,2024-07-31,2024-08-06
jambi.tribunnews.com,Page,N/A,N/A,jambi.tribunnews.com/2015/10/07/awas-sering-onani-usia-muda-tuanya-kena-penyakit-ini,No,Adult: Sexual content,Restricted ad serving,ca-pub-7784034061253020,107,2024-07-31,2024-08-06
aceh.tribunnews.com,Page,N/A,N/A,aceh.tribunnews.com/2022/12/10/ternyata-ini-4-penyebab-hawa-nafsu-pria-sulit-dikontrol-seksolog-dr-boyke-ungkap-cara-mengatasinya?page=2,No,Adult: Sexual content,Restricted ad serving,ca-pub-7784034061253020,107,2024-08-06,2024-08-06
www.tribunnews.com,Page,N/A,N/A,www.tribunnews.com/internasional/2015/10/07/ibu-dan-anak-ini-jadi-bintang-film-porno-bareng-ini-alasan-mereka,No,Adult: Sexual content,Restricted ad serving,ca-pub-7784034061253020,106,2024-07-31,2024-08-06
medan.tribunnews.com,Page,N/A,N/A,medan.tribunnews.com/2023/03/12/cara-pakai-alat-bantu-seks-untuk-perempuan-dr-boyke-wanti-wanti-hal-penting-ini-dan-beri-tips,No,Adult: Sexual content,Restricted ad serving,ca-pub-7784034061253020,106,2024-08-01,2024-08-06
manado.tribunnews.com,Page,N/A,N/A,manado.tribunnews.com/2019/10/02/kisah-seorang-gigolo-bahagia-puaskan-sejumlah-wanita-sebulan-raih-untung-ratusan-juta-rupiah,No,Shocking content,Restricted ad serving,ca-pub-7784034061253020,106,2024-07-31,2024-08-05
jambi.tribunnews.com,Page,N/A,N/A,jambi.tribunnews.com/2019/08/22/dereta-artis-ini-betobat-sebagai-bintang-film-panas-nasibnya-sekarang-mengejutkan-ada-nama-miyabi,No,Adult: Sexual content,Restricted ad serving,ca-pub-7784034061253020,106,2024-07-31,2024-08-06
aceh.tribunnews.com,Page,N/A,N/A,aceh.tribunnews.com/2024/06/29/dr-boyke-ungkap-cara-mengetahui-perempuan-masih-perawan-atau-tidak-apa-bisa-dilihat-dari-fisik?page=2,No,Adult: Sexual content,Restricted ad serving,ca-pub-7784034061253020,106,2024-08-03,2024-08-04
aceh.tribunnews.com,Page,N/A,N/A,aceh.tribunnews.com/2022/09/15/berapa-kali-idealnya-pasutri-berhubungan-intim-dalam-seminggu-dr-boyke-normalnya-segini-ikut-usia?page=all,No,Adult: Sexual content,Restricted ad serving,ca-pub-7784034061253020,106,2024-07-31,2024-08-04
suryamalang.tribunnews.com,Page,N/A,N/A,suryamalang.tribunnews.com/2017/07/30/bodi-seksi-siswi-smp-bikin-hasrat-cowok-smk-meledak-kemudian-inilah-yang-terjadi-di-kamar-kos,No,Shocking content,Restricted ad serving,ca-pub-7784034061253020,105,2024-07-31,2024-08-06
sultra.tribunnews.com,Page,N/A,N/A,sultra.tribunnews.com/2023/05/10/video-terbaru-syakirah-baju-putih-motif-hello-kitty-viral-di-tiktok-sudah-ditonton-41-juta-kali,No,Adult: Sexual content,Restricted ad serving,ca-pub-7784034061253020,105,2024-08-06,2024-08-06
style.tribunnews.com,Page,N/A,N/A,style.tribunnews.com/2017/09/27/setelah-jadi-tersangka-kpk-video-mesum-yang-diduga-bupati-kukar-rita-widyasari-kini-beredar,No,Adult: Sexual content,Restricted ad serving,ca-pub-7784034061253020,105,2024-08-01,2024-08-06
jogja.tribunnews.com,Page,N/A,N/A,jogja.tribunnews.com/2017/09/15/7-bintang-film-panas-jepang-ini-insaf-dan-memutuskan-pensiun-begini-kehidupan-mereka-sekarang,No,Adult: Sexual content,Restricted ad serving,ca-pub-7784034061253020,105,2024-07-31,2024-08-06
jateng.tribunnews.com,Page,N/A,N/A,jateng.tribunnews.com/2022/03/08/apa-itu-suntik-catin-jadi-persyaratan-daftar-nikah-di-kua-dan-5-vaksin-penting-sebelum-menikah,Yes,Encouraging accidental clicks: Layout;Google-served ads obscuring content,Restricted ad serving,ca-pub-7784034061253020,105,2024-07-31,2024-08-06
jambi.tribunnews.com,Page,N/A,N/A,jambi.tribunnews.com/2018/02/22/2-kategori-dan-49-istilah-yang-sering-digunakan-di-film-biru?page=4,No,Adult: Sexual content,Restricted ad serving,ca-pub-7784034061253020,105,2024-07-31,2024-08-04
belitung.tribunnews.com,Page,N/A,N/A,belitung.tribunnews.com/2018/10/11/jenis-layanan-seksual-soft-dan-hard-swinger-ini-terbongkar-di-surabaya,No,Adult: Sexual content,Restricted ad serving,ca-pub-7784034061253020,105,2024-07-31,2024-08-06
bekasi.tribunnews.com,Page,N/A,N/A,bekasi.tribunnews.com/tag/nonton-film-semi-thailand,No,Adult: Sexual content,Restricted ad serving,ca-pub-7784034061253020,105,2024-08-04,2024-08-06
aceh.tribunnews.com,Page,N/A,N/A,aceh.tribunnews.com/2024/06/24/spacex-resmi-luncurkan-starlink-mini-berapa-harganya,No,Shocking content,Restricted ad serving,ca-pub-7784034061253020,105,2024-08-03,2024-08-05
aceh.tribunnews.com,Page,N/A,N/A,aceh.tribunnews.com/2024/06/05/mau-cepat-hamil-istri-harus-lakukan-posisi-ini-usai-berhubungan,No,Adult: Sexual content,Restricted ad serving,ca-pub-7784034061253020,105,2024-07-31,2024-08-05
wartakota.tribunnews.com,Page,N/A,N/A,wartakota.tribunnews.com/2015/09/06/wanita-ternyata-paling-suka-mr-p-berukuran-16-cm,No,Adult: Sexual content,Restricted ad serving,ca-pub-7784034061253020,104,2024-07-31,2024-08-06
medan.tribunnews.com,Page,N/A,N/A,medan.tribunnews.com/2017/08/09/simak-kisah-pemuda-yang-pemuas-tante-tante-ini-dari-pengungsi-jadi-hidup-mewah,No,Adult: Sexual content,Restricted ad serving,ca-pub-7784034061253020,104,2024-08-01,2024-08-06
makassar.tribunnews.com,Page,N/A,N/A,makassar.tribunnews.com/2021/02/26/apa-itu-sexual-assault-berikut-penjelasan-jenis-jenis-dan-efek-serta-pencegahan,No,Google-served ads obscuring content,Restricted ad serving,ca-pub-7784034061253020,104,2024-07-31,2024-08-06
surabaya.tribunnews.com,Page,N/A,N/A,surabaya.tribunnews.com/2019/05/28/viral-video-panas-siswi-smp-banyuwangi-wajah-pemain-jadi-meme-di-instagram-ig,No,Shocking content,Restricted ad serving,ca-pub-7784034061253020,103,2024-07-31,2024-08-06
manado.tribunnews.com,Page,N/A,N/A,manado.tribunnews.com/2018/04/26/beredar-video-pengangkatan-larva-dari-kulit-anjing-penderita-trypophobia-jangan-berani-lihat,No,Shocking content,Restricted ad serving,ca-pub-7784034061253020,103,2024-07-31,2024-08-04
m.tribunnews.com,Page,N/A,N/A,m.tribunnews.com/tag/bioskop-trans-tv-malam-ini,Yes,Unnatural attention to ads,Restricted ad serving,ca-pub-7784034061253020,103,2024-07-31,2024-08-06
kupang.tribunnews.com,Page,N/A,N/A,kupang.tribunnews.com/amp/2017/12/09/tanpa-sensor-para-pemain-di-lima-film-ini-benar-benar-lakukan-adegan-ranjang-di-depan-kamera,Yes,Site Behavior: Navigation,Restricted ad serving,ca-pub-7784034061253020,103,2024-07-31,2024-08-06
bangka.tribunnews.com,Page,N/A,N/A,bangka.tribunnews.com/2017/08/16/ada-gaya-berkuda-ini-dia-5-posisi-hubungan-intim-favorit-di-5-negara,No,Adult: Sexual content,Restricted ad serving,ca-pub-7784034061253020,103,2024-08-01,2024-08-06
aceh.tribunnews.com,Page,N/A,N/A,aceh.tribunnews.com/2024/07/05/bentuk-fisik-orang-yang-tidak-perawan-begini-kata-seksolog-dr-boyke-bisa-dilihat-dari-ciri-fisik?page=3,No,Adult: Sexual content,Restricted ad serving,ca-pub-7784034061253020,103,2024-08-05,2024-08-05
pekanbaru.tribunnews.com,Page,N/A,N/A,pekanbaru.tribunnews.com/tag/sexxxxyyyy-bokeh-bokeh-museum,No,Adult: Sexual content,Restricted ad serving,ca-pub-7784034061253020,102,2024-08-01,2024-08-05
medan.tribunnews.com,Page,N/A,N/A,medan.tribunnews.com/2020/08/29/ternyata-ini-yang-bikin-kucing-bersuara-berisik-seperti-berkelahi-dan-kejar-kejaran-saat-kawin,Yes,Ads Disguised as Content,Restricted ad serving,ca-pub-7784034061253020,102,2024-07-31,2024-08-06
makassar.tribunnews.com,Page,N/A,N/A,makassar.tribunnews.com/2019/08/14/ternyata-banyak-salah-sangka-mia-khalifa-akhirnya-ungkap-nilai-gajinya-bintangi-film-panas?page=1,No,Shocking content,Restricted ad serving,ca-pub-7784034061253020,102,2024-08-02,2024-08-05
belitung.tribunnews.com,Page,N/A,N/A,belitung.tribunnews.com/2017/12/18/foto-toples-8-artis-cantik-ini-beredar-di-internet-rata-rata-perlihatkan-area-dada-tanpa-penutup,No,Adult: Sexual content,Restricted ad serving,ca-pub-7784034061253020,101,2024-08-05,2024-08-05
bali.tribunnews.com,Page,N/A,N/A,bali.tribunnews.com/2016/12/17/idih-7-benda-ini-pernah-dipakai-jadi-pengganti-kondom-akibatnya-serem,No,Adult: Sexual content,Restricted ad serving,ca-pub-7784034061253020,101,2024-08-01,2024-08-06
medan.tribunnews.com,Page,N/A,N/A,medan.tribunnews.com/2017/10/06/heboh-mentimun-tertancap-di-miss-v-perempuan-dokter-yang-menangani-pun-kaget,Yes,Site Behavior: Navigation,Restricted ad serving,ca-pub-7784034061253020,100,2024-07-31,2024-08-05
jateng.tribunnews.com,Page,N/A,N/A,jateng.tribunnews.com/2018/02/03/ngeri-wanita-ini-diberi-obat-perangsang-oleh-pacarnya-efeknya-sungguh-mengerikan,No,Adult: Sexual content,Restricted ad serving,ca-pub-7784034061253020,100,2024-08-01,2024-08-06
jambi.tribunnews.com,Page,N/A,N/A,jambi.tribunnews.com/2019/10/02/berikut-foto-30-gadis-jepang-yang-sering-pamerkan-bagian-dalam-tubuhnya-meski-pakai-baju-transparan?page=3,No,Adult: Sexual content,Restricted ad serving,ca-pub-7784034061253020,100,2024-07-31,2024-08-05
belitung.tribunnews.com,Page,N/A,N/A,belitung.tribunnews.com/2016/12/28/ini-foto-foto-pembunuhan-sadis-di-pulomas-yang-beredar-di-media-sosial,Yes,Ads Disguised as Content;Shocking content,Restricted ad serving,ca-pub-7784034061253020,100,2024-07-31,2024-08-05
bangka.tribunnews.com,Page,N/A,N/A,bangka.tribunnews.com/2021/11/04/dulu-ditawar-open-bo-selebgram-berliana-lovell-dijuluki-wanita-pemersatu-bangsa-kepergok-ngamen,Yes,Ads Disguised as Content,Restricted ad serving,ca-pub-7784034061253020,100,2024-07-31,2024-08-06
aceh.tribunnews.com,Page,N/A,N/A,aceh.tribunnews.com/2024/07/01/viral-odgj-mutilasi-sesama-odgj-di-garut-korban-dibungkus-karung-warga-takut-mendekat,No,Shocking content,Restricted ad serving,ca-pub-7784034061253020,100,2024-07-31,2024-08-06
makassar.tribunnews.com,Page,N/A,N/A,makassar.tribunnews.com/2022/06/29/ciri-ciri-wanita-yang-sudah-tidak-perawan-perhatikan-telapak-tangannya?page=2,No,Adult: Sexual content,Restricted ad serving,ca-pub-7784034061253020,99,2024-08-06,2024-08-06
bangka.tribunnews.com,Page,N/A,N/A,bangka.tribunnews.com/2022/03/06/begini-cara-meracik-merica-kopi-telur-dan-madu-sebagai-obat-kuat-pria-minum-pas-hangat?page=2,No,Adult: Sexual content,Restricted ad serving,ca-pub-7784034061253020,99,2024-08-05,2024-08-05
bangka.tribunnews.com,Page,N/A,N/A,bangka.tribunnews.com/2021/09/06/10-selebriti-korea-terkenal-yang-pernah-melakukan-operasi-plastik-nggak-nyangka-berubah-drastis,Yes,Modified ad code: Resizing Ad Frames,Restricted ad serving,ca-pub-7784034061253020,99,2024-07-31,2024-08-05
www.tribunnews.com,Page,N/A,N/A,www.tribunnews.com/lifestyle/2020/12/04/sex-toys-sebenarnya-bisa-diperjualbelikan-asal-begini,No,Adult: Sexual content,Restricted ad serving,ca-pub-7784034061253020,98,2024-07-31,2024-08-06
m.tribunnews.com,Page,N/A,N/A,m.tribunnews.com/pendidikan/2023/01/18/kunci-jawaban-ipa-kelas-9-smp-halaman-12-semester-1-fungsi-fruktosa-dan-hormon-prostaglandin,No,Adult: Sexual content,Restricted ad serving,ca-pub-7784034061253020,98,2024-08-05,2024-08-05
kupang.tribunnews.com,Page,N/A,N/A,kupang.tribunnews.com/2017/10/26/setelah-video-panasnya-tersebar-pihak-universitas-indonesia-ungkap-status-hanna-annisa,No,Adult: Sexual content,Restricted ad serving,ca-pub-7784034061253020,98,2024-08-05,2024-08-06
jogja.tribunnews.com,Page,N/A,N/A,jogja.tribunnews.com/2017/10/12/inilah-nasib-5-bintang-film-panas-era-1990-an-ada-yang-jualan-lontong-sayur-hingga-jadi-religius,No,Adult: Sexual content,Restricted ad serving,ca-pub-7784034061253020,98,2024-07-31,2024-08-04
jogja.tribunnews.com,Page,N/A,N/A,jogja.tribunnews.com/2017/02/05/fakta-fakta-soal-seks-bebas-di-kalangan-remaja,No,Adult: Sexual content,Restricted ad serving,ca-pub-7784034061253020,98,2024-07-31,2024-08-06
jambi.tribunnews.com,Page,N/A,N/A,jambi.tribunnews.com/2018/03/01/5-posisi-hubungan-intim-yang-diinginkan-wanita-agar-cepat-klimaks-nomor-3-bikin-meleleh,No,Adult: Sexual content,Restricted ad serving,ca-pub-7784034061253020,98,2024-07-31,2024-08-05
palembang.tribunnews.com,Page,N/A,N/A,palembang.tribunnews.com/2016/02/22/hati-hati-penyakit-menular-seksual-psm-bisa-menjangkiti-semua-orang-meski-tidak-berhubungan,No,Adult: Sexual content,Restricted ad serving,ca-pub-7784034061253020,97,2024-07-31,2024-08-05
makassar.tribunnews.com,Page,N/A,N/A,makassar.tribunnews.com/2015/07/31/inilah-lokasi-industri-porno-terbesar-dunia,No,Adult: Sexual content,Restricted ad serving,ca-pub-7784034061253020,97,2024-08-01,2024-08-06
aceh.tribunnews.com,Page,N/A,N/A,aceh.tribunnews.com/2019/10/12/miliki-panjang-organ-vital-hampir-setengah-meter-pria-ini-justru-jadi-penyandang-cacat-kok-bisa,No,Adult: Sexual content,Restricted ad serving,ca-pub-7784034061253020,97,2024-08-04,2024-08-04
www.tribunnews.com,Page,N/A,N/A,www.tribunnews.com/metropolitan/2016/04/04/wanita-berpakaian-minim-terjun-dari-lantai-9-apartement-park-view,No,Shocking content,Restricted ad serving,ca-pub-7784034061253020,96,2024-08-04,2024-08-04
suryamalang.tribunnews.com,Page,N/A,N/A,suryamalang.tribunnews.com/2018/02/21/video-ikan-ini-viral-gara-gara-punya-bibir-layaknya-artis-hollywood-gak-percaya-coba-bandingkan,Yes,Site Behavior: Navigation,Restricted ad serving,ca-pub-7784034061253020,96,2024-08-02,2024-08-05
makassar.tribunnews.com,Page,N/A,N/A,makassar.tribunnews.com/2022/01/25/ingat-misskay-pemeran-video-61-detik-miripnagita-dulu-bisa-dibayar-murah-kini-kabarnya-beda,Yes,Ads Disguised as Content,Restricted ad serving,ca-pub-7784034061253020,96,2024-07-31,2024-08-04
madura.tribunnews.com,Page,N/A,N/A,madura.tribunnews.com/2020/01/02/daftar-harga-rokok-terbaru-setelah-tarif-cukai-rokok-naik-2020marlboro-ice-blast-capai-rp-52500,No,Shocking content,Restricted ad serving,ca-pub-7784034061253020,96,2024-07-31,2024-08-06
bekasi.tribunnews.com,Page,N/A,N/A,bekasi.tribunnews.com/2022/07/27/film-film-semi-korea-ini-paling-laris-ditonton-pasangan-muda-baru-menikah-apa-saja-ini-daftarnya,Yes,Ads Disguised as Content,Restricted ad serving,ca-pub-7784034061253020,96,2024-07-31,2024-08-06
aceh.tribunnews.com,Page,N/A,N/A,aceh.tribunnews.com/2020/11/15/youtuber-ini-selalu-berpakaian-terbuka-saat-bikin-video-alasannya-untuk-menarik-penonton?page=all,Yes,Ads Disguised as Content,Restricted ad serving,ca-pub-7784034061253020,96,2024-07-31,2024-08-06
www.tribunnews.com,Page,N/A,N/A,www.tribunnews.com/lifestyle/2016/12/22/hati-hati-onani-ternyata-bisa-sebabkan-penyakit-kelamin-lho,No,Adult: Sexual content,Restricted ad serving,ca-pub-7784034061253020,95,2024-08-01,2024-08-06
wartakota.tribunnews.com,Page,N/A,N/A,wartakota.tribunnews.com/2015/08/28/wanita-cantik-dan-seksi-buang-air-besar-di-celana-lalu-jatuh-ke-lantai,No,Shocking content,Restricted ad serving,ca-pub-7784034061253020,95,2024-07-31,2024-08-06
jateng.tribunnews.com,Page,N/A,N/A,jateng.tribunnews.com/kesehatan,No,Adult: Sexual content,Restricted ad serving,ca-pub-7784034061253020,95,2024-08-04,2024-08-06
jambi.tribunnews.com,Page,N/A,N/A,jambi.tribunnews.com/2018/01/18/inilah-4-adegan-panas-yang-paling-parah-sepanjang-sejarah?page=2,No,Adult: Sexual content,Restricted ad serving,ca-pub-7784034061253020,95,2024-08-02,2024-08-05
bogor.tribunnews.com,Page,N/A,N/A,bogor.tribunnews.com/2017/01/04/hasil-penelitian-tiga-gaya-bercinta-ini-paling-disukai-wanita,No,Adult: Sexual content,Restricted ad serving,ca-pub-7784034061253020,95,2024-07-31,2024-08-05
wartakota.tribunnews.com,Page,N/A,N/A,wartakota.tribunnews.com/tag/gambar-porno-syahrini,Yes,Google-served ads on screens without publisher-content,Restricted ad serving,ca-pub-7784034061253020,94,2024-08-02,2024-08-06
pekanbaru.tribunnews.com,Page,N/A,N/A,pekanbaru.tribunnews.com/2020/03/10/arti-bahasa-gaul-2020-apa-itu-missqueen-sobat-missqueen-berawal-dari-media-sosial-ini-artinya,No,Google-served ads obscuring content,Restricted ad serving,ca-pub-7784034061253020,94,2024-08-01,2024-08-05
m.tribunnews.com,Page,N/A,N/A,m.tribunnews.com/images/model/view/493732/baby-margaretha,No,Adult: Sexual content,Restricted ad serving,ca-pub-7784034061253020,94,2024-07-31,2024-08-06
bangka.tribunnews.com,Page,N/A,N/A,bangka.tribunnews.com/2018/01/02/5-gerakan-jari-tangan-ini-bisa-hilangkan-stres-yuk-dicoba,Yes,Site Behavior: Navigation,Restricted ad serving,ca-pub-7784034061253020,94,2024-07-31,2024-08-06
sultra.tribunnews.com,Page,N/A,N/A,sultra.tribunnews.com/2023/09/13/terungkap-120-judul-film-produksi-ph-kelas-bintang-termasuk-siskae-keramat-tunggak-2023,No,Adult: Sexual content,Restricted ad serving,ca-pub-7784034061253020,93,2024-08-05,2024-08-05
m.tribunnews.com,Page,N/A,N/A,m.tribunnews.com/nasional/2024/08/05/tiba-di-bareskrim-benny-rhamdani-tetap-bungkam-soal-sosok-t-pengendali-judi-online,No,Adult: Sexual content,Restricted ad serving,ca-pub-7784034061253020,93,2024-08-05,2024-08-05
aceh.tribunnews.com,Page,N/A,N/A,aceh.tribunnews.com/2024/03/28/ini-bukti-puasa-bermanfaat-bagi-kesehatan-reproduksi-pria-dr-boyke-hormon-testosteron-meningkat,No,Adult: Sexual content,Restricted ad serving,ca-pub-7784034061253020,93,2024-08-05,2024-08-05
papua.tribunnews.com,Page,N/A,N/A,papua.tribunnews.com/2024/08/05/buka-kegiatan-hut-ke-79-kemerdekaan-ri-ka-ajendam-wujud-kemanunggalan-prajurit-tni-dengan-rakyat,No,Shocking content,Restricted ad serving,ca-pub-7784034061253020,92,2024-08-06,2024-08-06
jogja.tribunnews.com,Page,N/A,N/A,jogja.tribunnews.com/2018/01/04/bisakah-hiv-menular-melalui-seks-oral-dan-ciuman-begini-penjelasannya,No,Adult: Sexual content;Shocking content,Restricted ad serving,ca-pub-7784034061253020,92,2024-07-31,2024-08-06
makassar.tribunnews.com,Page,N/A,N/A,makassar.tribunnews.com/seleb/gosipi,No,Adult: Sexual content,Restricted ad serving,ca-pub-7784034061253020,91,2024-07-31,2024-08-05
m.tribunnews.com,Page,N/A,N/A,m.tribunnews.com/video/2016/03/10/gerebek-apotik-ceria-ditemukan-jutaan-obat-tak-berizin-dan-alat-bantu-seks,No,Adult: Sexual content,Restricted ad serving,ca-pub-7784034061253020,91,2024-07-31,2024-08-06
m.tribunnews.com,Page,N/A,N/A,m.tribunnews.com/seleb/2017/09/06/wow-7-wanita-indonesia-ini-bintangi-film-panas-di-luar-negeri-ini-profil-mereka?page=3,Yes,Site Behavior: Navigation,Restricted ad serving,ca-pub-7784034061253020,91,2024-07-31,2024-08-06
jakarta.tribunnews.com,Page,N/A,N/A,jakarta.tribunnews.com/2023/09/27/sok-jago-siswa-smp-di-cilacap-bully-teman-pelaku-diteriaki-warga-saat-digiring-polisi-bikin-malu,No,Google-served ads obscuring content,Restricted ad serving,ca-pub-7784034061253020,91,2024-08-04,2024-08-04
belitung.tribunnews.com,Page,N/A,N/A,belitung.tribunnews.com/2017/01/08/ternyata-ini-alasan-para-wanita-rela-umbar-aurat-di-bigo-live-ada-imbalannya,No,Shocking content,Restricted ad serving,ca-pub-7784034061253020,91,2024-08-01,2024-08-06
bangka.tribunnews.com,Page,N/A,N/A,bangka.tribunnews.com/2018/01/08/ini-7-nama-tersangka-video-mesum-tante-vs-bocah-di-bandung,No,Adult: Sexual content,Restricted ad serving,ca-pub-7784034061253020,91,2024-07-31,2024-08-06
www.tribunnews.com,Page,N/A,N/A,www.tribunnews.com/internasional/2017/07/19/psk-asing-di-jepang-banyak-pakai-tinder-dan-line-pusingkan-pihak-kepolisian,No,Adult: Sexual content,Restricted ad serving,ca-pub-7784034061253020,90,2024-07-31,2024-08-06
wartakota.tribunnews.com,Page,N/A,N/A,wartakota.tribunnews.com/2014/06/03/ini-tanda-pria-sedang-orgasme,No,Adult: Sexual content,Restricted ad serving,ca-pub-7784034061253020,90,2024-07-31,2024-08-06
pontianak.tribunnews.com,Page,N/A,N/A,pontianak.tribunnews.com/2021/09/28/titik-refleksi-darah-tinggi-pada-tangan-kepala-leher-kaki-titik-pijat-hilangkan-sakit-kepala,No,Google-served ads obscuring content,Restricted ad serving,ca-pub-7784034061253020,90,2024-07-31,2024-08-06
bangka.tribunnews.com,Page,N/A,N/A,bangka.tribunnews.com/2021/12/30/terungkap-mengapa-suami-suka-lihat-istri-tanpa-busana-begini-penjelasan-dari-dr-aisah-dahlan,Yes,Ads Disguised as Content,Restricted ad serving,ca-pub-7784034061253020,90,2024-08-01,2024-08-05
aceh.tribunnews.com,Page,N/A,N/A,aceh.tribunnews.com/2021/11/30/jangan-dilakukan-buya-yahya-ingatkan-suami-berdosa-jika-mengeluarkan-sperma-dengan-cara-ini,No,Adult: Sexual content,Restricted ad serving,ca-pub-7784034061253020,90,2024-08-05,2024-08-05
m.tribunnews.com,Page,N/A,N/A,m.tribunnews.com/regional/2014/12/22/wanita-asal-makassar-ini-jadi-bintang-film-porno-di-amerika-serikat,No,Shocking content,Restricted ad serving,ca-pub-7784034061253020,89,2024-07-31,2024-08-06
jabar.tribunnews.com,Page,N/A,N/A,jabar.tribunnews.com/2022/01/10/pengobatan-alat-vital-bandar-lampung-langsung-hasil-di-tempat-bersama-m-asep-judin-dari-banten,Yes,Ads Disguised as Content,Restricted ad serving,ca-pub-7784034061253020,89,2024-07-31,2024-08-06
aceh.tribunnews.com,Page,N/A,N/A,aceh.tribunnews.com/2023/09/20/miris-4-dari-5-pria-ini-mengaku-seks-sebelum-nikah-sangat-penting-dr-boyke-test-drive-gak-boleh,Yes,Google-served ads obscuring content;Modified Javascript: Ads by Google size,Restricted ad serving,ca-pub-7784034061253020,89,2024-07-31,2024-08-05
www.tribunnews.com,Page,N/A,N/A,www.tribunnews.com/kesehatan/2014/05/22/pijat-refleksi-buyarkan-sumbatan-kristal-di-bawah-kulit-badan-pun-terasa-segar,No,Shocking content,Restricted ad serving,ca-pub-7784034061253020,88,2024-07-31,2024-08-06
www.tribunnews.com,Page,N/A,N/A,www.tribunnews.com/bisnis/2020/09/23/pertamina-lubricants-kuasai-58-persen-market-share-pasar-pelumas,No,Google-served ads obscuring content,Restricted ad serving,ca-pub-7784034061253020,88,2024-07-31,2024-08-06
wartakota.tribunnews.com,Page,N/A,N/A,wartakota.tribunnews.com/2014/04/15/perpedaan-ukuran-mr-p-orang-indonesia-dan-timur-tengah,No,Adult: Sexual content,Restricted ad serving,ca-pub-7784034061253020,88,2024-07-31,2024-08-06
style.tribunnews.com,Page,N/A,N/A,style.tribunnews.com/2024/06/12/viral-siswi-smpn-216-jakarta-ejek-anak-palestina-singgung-tulang-hingga-darah-anak-palestina,No,Shocking content,Restricted ad serving,ca-pub-7784034061253020,88,2024-08-04,2024-08-04
style.tribunnews.com,Page,N/A,N/A,style.tribunnews.com/2017/04/15/terungkap-ini-rahasia-kakek-sugiono-artis-film-panas-tertua-jepang-bisa-tetap-fit-di-usia-lanjut,Yes,Site Behavior: Navigation,Restricted ad serving,ca-pub-7784034061253020,88,2024-07-31,2024-08-06
style.tribunnews.com,Page,N/A,N/A,style.tribunnews.com/2016/08/25/merek-rokok-makna-lucu-unik-hingga-serius-di-balik-8-brand-batang-tembakau-ini-benarkah?page=4,No,Tobacco,Restricted ad serving,ca-pub-7784034061253020,88,2024-08-02,2024-08-06
medan.tribunnews.com,Page,N/A,N/A,medan.tribunnews.com/2020/12/15/masih-gadis-tapi-payudara-kendor-ahli-ciri-ciri-cewek-sudah-tak-perawan-berikut-selengkapnya?page=all,No,Adult: Sexual content,Restricted ad serving,ca-pub-7784034061253020,88,2024-08-04,2024-08-04
medan.tribunnews.com,Page,N/A,N/A,medan.tribunnews.com/2018/03/22/7-artis-indonesia-ini-disebut-memiliki-payudara-terindah-nomor-terakhir-sempat-menghebohkan?page=all,Yes,Site Behavior: Navigation,Restricted ad serving,ca-pub-7784034061253020,88,2024-08-06,2024-08-06
manado.tribunnews.com,Page,N/A,N/A,manado.tribunnews.com/2017/12/13/gadis-ini-sempat-viral-dengan-video-salam-pramuka-begini-kabarnya-sekarang?page=2,Yes,Ads Disguised as Content,Restricted ad serving,ca-pub-7784034061253020,88,2024-07-31,2024-08-05
gayo.tribunnews.com,Page,N/A,N/A,gayo.tribunnews.com/2023/05/26/malam-pertama-ayah-mertua-masuk-ke-kamar-aku-ketakutan-ingin-pingsan-ternyata,No,Google-served ads obscuring content,Restricted ad serving,ca-pub-7784034061253020,88,2024-07-31,2024-08-06
batam.tribunnews.com,Page,N/A,N/A,batam.tribunnews.com/2021/02/16/maria-ozawa-miyabi-ungkap-kesulitan-yang-dirasakan-wanita-saat-terjun-ke-industri-film-dewasa,Yes,Ads Disguised as Content,Restricted ad serving,ca-pub-7784034061253020,88,2024-08-01,2024-08-06
bangka.tribunnews.com,Page,N/A,N/A,bangka.tribunnews.com/2022/07/25/apakah-sah-mandi-wajib-tidak-memakai-pakaian-berikut-penjelasan-tata-cara-hingga-niatnya,No,Adult: Sexual content,Restricted ad serving,ca-pub-7784034061253020,88,2024-08-06,2024-08-06
bangka.tribunnews.com,Page,N/A,N/A,bangka.tribunnews.com/2020/03/05/tips-gerakan-senam-kegel-untuk-wanita-manfaatnya-bisa-bahagiakan-pasangan-anda?page=3,No,Shocking content,Restricted ad serving,ca-pub-7784034061253020,88,2024-07-31,2024-08-05
www.tribunnews.com,Page,N/A,N/A,www.tribunnews.com/regional/2020/07/10/37-pasangan-remaja-diduga-pesta-seks-di-hotel-jambi-ada-kamar-berisi-1-perempuan-6-laki-laki,No,Shocking content,Restricted ad serving,ca-pub-7784034061253020,87,2024-07-31,2024-08-04
makassar.tribunnews.com,Page,N/A,N/A,makassar.tribunnews.com/2018/11/14/tribunwiki-ini-5-rumah-kos-dekat-umi-makassar-lengkap-harga-fasilitas-dan-nomor-kontak,No,Shocking content,Restricted ad serving,ca-pub-7784034061253020,87,2024-07-31,2024-08-06
jambi.tribunnews.com,Page,N/A,N/A,jambi.tribunnews.com/2019/02/02/8-artis-cantik-papan-atas-ini-memilih-pensiun-main-film-dewasa-begini-kabar-mereka-sekarang,No,Shocking content,Restricted ad serving,ca-pub-7784034061253020,87,2024-08-02,2024-08-06
bangka.tribunnews.com,Page,N/A,N/A,bangka.tribunnews.com/2020/03/05/tutorial-senam-kegel-untuk-wanita-khasiatnya-untuk-membuat-bahagia-pasangan,No,Adult: Sexual content,Restricted ad serving,ca-pub-7784034061253020,87,2024-07-31,2024-08-06
bali.tribunnews.com,Page,N/A,N/A,bali.tribunnews.com/2019/10/23/cara-minum-telur-bebek-mentah-agar-tidak-amis-berkhasiat-meningkatkan-gairah-suami-istri,No,Adult: Sexual content,Restricted ad serving,ca-pub-7784034061253020,87,2024-08-02,2024-08-06
www.tribunnews.com,Page,N/A,N/A,www.tribunnews.com/internasional/2017/08/10/10-negara-terkenal-dengan-destinasi-wisata-seksual-nomor-4-bikin-gigit-jari,No,Shocking content,Restricted ad serving,ca-pub-7784034061253020,86,2024-08-02,2024-08-06
lampung.tribunnews.com,Page,N/A,N/A,lampung.tribunnews.com/2016/06/13/induk-kucing-disteril-adakah-efek-bagi-produksi-susu,No,Shocking content,Restricted ad serving,ca-pub-7784034061253020,86,2024-07-31,2024-08-06
jambi.tribunnews.com,Page,N/A,N/A,jambi.tribunnews.com/2019/09/01/5-bintang-film-dewasa-ini-tewas-secara-mengerikan-no-5-alami-depresi-berat-hingga-bunuh-diri,No,Shocking content,Restricted ad serving,ca-pub-7784034061253020,86,2024-08-01,2024-08-06
www.tribunnews.com,Page,N/A,N/A,www.tribunnews.com/seleb/2017/08/07/para-aktris-ini-tunggu-momen-tepat-hingga-akhirnya-berani-beradegan-tanpa-busana,Yes,Site Behavior: Navigation,Restricted ad serving,ca-pub-7784034061253020,85,2024-08-01,2024-08-04
www.tribunnews.com,Page,N/A,N/A,www.tribunnews.com/regional/2019/10/31/kronologi-lengkap-sopir-taksi-online-tewas-dibunuh-di-bogor-korban-digorok-pakai-pisau-cutter,No,Shocking content,Restricted ad serving,ca-pub-7784034061253020,85,2024-08-05,2024-08-05
www.tribunnews.com,Page,N/A,N/A,www.tribunnews.com/internasional/2019/05/22/kakek-jepang-shigeo-tokuda-tak-pernah-pakai-obat-saat-bermain-film-bokep,No,Adult: Sexual content,Restricted ad serving,ca-pub-7784034061253020,85,2024-07-31,2024-08-06
trends.tribunnews.com,Page,N/A,N/A,trends.tribunnews.com/2024/08/04/saipul-jamil-diduga-lakukan-pelecehan-lagi-pamer-alat-vital-saat-video-call-korban-disuruh-buka?page=2,No,Adult: Sexual content,Restricted ad serving,ca-pub-7784034061253020,85,2024-08-04,2024-08-04
sumsel.tribunnews.com,Page,N/A,N/A,sumsel.tribunnews.com/2017/05/02/4-bintang-film-jav-sempat-bikin-heboh-indonesia-nomor-1-dan-2-paling-populer?page=2,Yes,Ads Disguised as Content,Restricted ad serving,ca-pub-7784034061253020,85,2024-07-31,2024-08-06
medan.tribunnews.com,Page,N/A,N/A,medan.tribunnews.com/2017/07/02/sajikan-ayam-goreng-mirip-kelamin-laki-laki-wanita-ini-minta-ganti-rugi,No,Adult: Sexual content,Restricted ad serving,ca-pub-7784034061253020,85,2024-07-31,2024-08-06
jatim.tribunnews.com,Page,N/A,N/A,jatim.tribunnews.com/2024/08/04/pantas-cynthia-bisa-undang-eks-westlife-ke-ultah-anak-suami-makan-nasi-padang-bareng-sedeket-itu?page=3,No,Adult: Sexual content,Restricted ad serving,ca-pub-7784034061253020,85,2024-08-04,2024-08-04
jatim.tribunnews.com,Page,N/A,N/A,jatim.tribunnews.com/2018/01/04/banyak-diburu-netizen-video-panas-tante-tante-dengan-bocah-adegannya-tak-pantas-dilihat-anak-kecil,No,Shocking content,Restricted ad serving,ca-pub-7784034061253020,85,2024-07-31,2024-08-06
batam.tribunnews.com,Page,N/A,N/A,batam.tribunnews.com/404,Yes,Google-served ads on screens without publisher-content,Restricted ad serving,ca-pub-7784034061253020,85,2024-08-05,2024-08-06
batam.tribunnews.com,Page,N/A,N/A,batam.tribunnews.com/2017/01/26/terungkap-inikah-ciri-perempuan-perkasa-di-ranjang-ala-asmaragama-kama-sutra-ala-jawa,No,Adult: Sexual content,Restricted ad serving,ca-pub-7784034061253020,85,2024-07-31,2024-08-06
sumsel.tribunnews.com,Page,N/A,N/A,sumsel.tribunnews.com/2021/04/23/lirik-dan-arti-lagu-she-going-ham-on-my-tonight-viral-di-tiktok-dick-starboi3-feat-doja-cat,Yes,Ads Disguised as Content,Restricted ad serving,ca-pub-7784034061253020,84,2024-07-31,2024-08-05
pekanbaru.tribunnews.com,Page,N/A,N/A,pekanbaru.tribunnews.com/2021/07/16/lagi-trending-di-twitter-ceweksange-apa-arti-cewek-sange-arti-sange-dalam-bahasa-gaul,Yes,Content obscuring Google-served ads;Encouraging accidental clicks: Layout,Restricted ad serving,ca-pub-7784034061253020,84,2024-07-31,2024-08-06
medan.tribunnews.com,Page,N/A,N/A,medan.tribunnews.com/2018/02/03/aktris-cantik-ini-pamer-foto-vulgar-dan-buka-bukaan-di-media-sosial-lihat-fotonya-step-by-step,No,Shocking content,Restricted ad serving,ca-pub-7784034061253020,84,2024-07-31,2024-08-05
manado.tribunnews.com,Page,N/A,N/A,manado.tribunnews.com/2022/11/10/viral-video-dewasa-selebgram-bali-main-di-sofa-durasi-2-menit-14-detik-kini-terungkap-pemeran-asli,Yes,Ads Disguised as Content,Restricted ad serving,ca-pub-7784034061253020,84,2024-07-31,2024-08-06
jogja.tribunnews.com,Page,N/A,N/A,jogja.tribunnews.com/2018/09/17/interactive-floor-curi-perhatian-pengunjung-yogyakomtek-2018,No,Adult: Sexual content,Restricted ad serving,ca-pub-7784034061253020,84,2024-08-05,2024-08-05
jabar.tribunnews.com,Page,N/A,N/A,jabar.tribunnews.com/2024/06/28/kronologi-penangkapan-jaya-terpidana-kasus-vina-kebingungan-saat-ditangkap-kakak-tak-kalah-bingung,No,Shocking content,Restricted ad serving,ca-pub-7784034061253020,84,2024-08-06,2024-08-06
bengkulu.tribunnews.com,Page,N/A,N/A,bengkulu.tribunnews.com/2024/03/13/translate-lagu-bust-it-open-sound-dance-tiktok-viral-pecahkan-buka-vagxxx-itu,No,Google-served ads obscuring content,Restricted ad serving,ca-pub-7784034061253020,84,2024-07-31,2024-08-06
bengkulu.tribunnews.com,Page,N/A,N/A,bengkulu.tribunnews.com/2022/11/05/peter-grill-to-kenja-no-jikan-season-2-uncensored-sub-indo-full-episode-ada-5-link-nonton,No,Adult: Sexual content,Restricted ad serving,ca-pub-7784034061253020,84,2024-08-06,2024-08-06
belitung.tribunnews.com,Page,N/A,N/A,belitung.tribunnews.com/2016/08/01/delapan-cara-ini-ampuh-memancing-hasrat-wanita,No,Adult: Sexual content,Restricted ad serving,ca-pub-7784034061253020,84,2024-08-01,2024-08-06
bali.tribunnews.com,Page,N/A,N/A,bali.tribunnews.com/2016/08/24/inilah-bentuk-miss-v-yang-paling-disukai-kaum-pria,No,Adult: Sexual content,Restricted ad serving,ca-pub-7784034061253020,84,2024-07-31,2024-08-06
bali.tribunnews.com,Page,N/A,N/A,bali.tribunnews.com/2014/08/04/awalnya-geli-geli-tapi-setelah-mencoba-jadi-ketagihan,No,Adult: Sexual content,Restricted ad serving,ca-pub-7784034061253020,84,2024-07-31,2024-08-06
aceh.tribunnews.com,Page,N/A,N/A,aceh.tribunnews.com/2023/07/24/pasutri-wajib-tahu-dr-boyke-bagikan-6-cara-meningkatkan-gairah-berhubungan-nomor-5-paling-penting?page=4,No,Adult: Sexual content,Restricted ad serving,ca-pub-7784034061253020,84,2024-08-05,2024-08-05
trends.tribunnews.com,Page,N/A,N/A,trends.tribunnews.com/2024/08/06/kafe-wanita-kuat-jepang-para-cewek-berotot-ini-sediakan-menu-tampar-gendong-tendang-pelanggan,No,Adult: Sexual content,Restricted ad serving,ca-pub-7784034061253020,83,2024-08-06,2024-08-06
pontianak.tribunnews.com,Page,N/A,N/A,pontianak.tribunnews.com/2019/04/16/daftar-kode-pos-pontianak-timur,Yes,Encouraging accidental clicks: Layout;Google-served ads obscuring content,Restricted ad serving,ca-pub-7784034061253020,83,2024-07-31,2024-08-06
m.tribunnews.com,Page,N/A,N/A,m.tribunnews.com/internasional/2017/07/01/bikin-panas-internet-inilah-balada-foto-foto-seksi-tentara-wanita-israel,Yes,Site Behavior: Navigation,Restricted ad serving,ca-pub-7784034061253020,83,2024-07-31,2024-08-06
jambi.tribunnews.com,Page,N/A,N/A,jambi.tribunnews.com/2017/07/30/galeri-foto-tanpa-sensor-ini-5-film-dewasa-dengan-adegan-intim-nyata?page=all,No,Adult: Sexual content,Restricted ad serving,ca-pub-7784034061253020,83,2024-07-31,2024-08-06
jabar.tribunnews.com,Page,N/A,N/A,jabar.tribunnews.com/2021/10/07/pengobatan-alat-vital-bandungaa-muchsin-berpengalaman-dan-terpercaya-di-kota-bandung-jawa-barat,Yes,Ads Disguised as Content;Adult: Sexual content,Restricted ad serving,ca-pub-7784034061253020,83,2024-08-01,2024-08-06
ambon.tribunnews.com,Page,N/A,N/A,ambon.tribunnews.com/2024/05/17/jadwal-km-awu-17-mei-10-juni-2024-rute-kumai-surabaya-denpasar-bima-waingapu-ende-kupang,No,Shocking content,Restricted ad serving,ca-pub-7784034061253020,83,2024-08-04,2024-08-04
m.tribunnews.com,Page,N/A,N/A,m.tribunnews.com/internasional/2019/05/22/kakek-jepang-shigeo-tokuda-tak-pernah-pakai-obat-saat-bermain-film-bokep,No,Adult: Sexual content,Restricted ad serving,ca-pub-7784034061253020,82,2024-07-31,2024-08-05
jatim.tribunnews.com,Page,N/A,N/A,jatim.tribunnews.com/2017/11/28/9-posisi-oral-seks-terbaik-yang-bisa-bikin-pasanganmu-menggila-seketika-no-6-paling-dahsyat,No,Adult: Sexual content,Restricted ad serving,ca-pub-7784034061253020,82,2024-07-31,2024-08-06
jambi.tribunnews.com,Page,N/A,N/A,jambi.tribunnews.com/2018/04/21/unggahan-pevita-pearce-yang-buat-jari-netter-gatel-sebut-g-string-hingga-heboh-liat-foto-ranjang,No,Adult: Sexual content,Restricted ad serving,ca-pub-7784034061253020,82,2024-08-05,2024-08-05
bogor.tribunnews.com,Page,N/A,N/A,bogor.tribunnews.com/2016/07/13/6-alasan-wanita-mau-melepaskan-keperawanannya-kepada-kekasihnya-karena-cinta-hingga-kebelet-nikah,Yes,Ads Disguised as Content,Restricted ad serving,ca-pub-7784034061253020,82,2024-07-31,2024-08-06
bangka.tribunnews.com,Page,N/A,N/A,bangka.tribunnews.com/2021/12/07/ditonton-34-juta-kali-video-15-detik-maria-vania-di-atas-ranjang-viral-tiap-hari-lakukan-hal-ini,Yes,Ads Disguised as Content,Restricted ad serving,ca-pub-7784034061253020,82,2024-07-31,2024-08-06
surabaya.tribunnews.com,Page,N/A,N/A,surabaya.tribunnews.com/2020/10/01/kisah-sebenarnya-kenapa-pki-membunuh-6-jenderal-dan-satu-perwira-pada-30-september-1965,No,Shocking content,Restricted ad serving,ca-pub-7784034061253020,81,2024-08-06,2024-08-06
pekanbaru.tribunnews.com,Page,N/A,N/A,pekanbaru.tribunnews.com/2017/12/17/tentang-threesome-peneliti-banyak-responden-menyukai-komposisi-2-perempuan-1-pria,No,Adult: Sexual content,Restricted ad serving,ca-pub-7784034061253020,81,2024-07-31,2024-08-06
makassar.tribunnews.com,Page,N/A,N/A,makassar.tribunnews.com/2017/04/26/balut-singkong-dengan-kondom-lalu-masukkan-ke-organ-intim-lihat-keadaan-wanita-ini,No,Adult: Sexual content,Restricted ad serving,ca-pub-7784034061253020,81,2024-08-01,2024-08-06
jogja.tribunnews.com,Page,N/A,N/A,jogja.tribunnews.com/2017/07/11/boneka-seks-ini-diklaim-paling-mirip-manusia-bisa-dipesan-sesuai-keinginan,No,Adult: Sexual content,Restricted ad serving,ca-pub-7784034061253020,81,2024-07-31,2024-08-05
jogja.tribunnews.com,Page,N/A,N/A,jogja.tribunnews.com/2017/03/25/telan-cairan-ms-v-saat-oral-seks-aman-tidak-ya,No,Adult: Sexual content,Restricted ad serving,ca-pub-7784034061253020,81,2024-07-31,2024-08-06
jatim.tribunnews.com,Page,N/A,N/A,jatim.tribunnews.com/2018/01/06/deretan-percakapan-dalam-video-tante-vs-bocah-yang-viral-di-medsos-no-4-ungkap-fakta-tak-terduga,No,Shocking content,Restricted ad serving,ca-pub-7784034061253020,81,2024-07-31,2024-08-04
jambi.tribunnews.com,Page,N/A,N/A,jambi.tribunnews.com/2023/08/11/kunci-jawaban-ipa-kelas-9-halaman-44-macam-macam-alat-kontrasepsi-pada-laki-laki,No,Adult: Sexual content,Restricted ad serving,ca-pub-7784034061253020,81,2024-08-05,2024-08-05
jambi.tribunnews.com,Page,N/A,N/A,jambi.tribunnews.com/2018/04/25/usir-sakit-kepala-dengan-pijatan-hanya-butuh-waktu-5-menit-lho,Yes,Site Behavior: Navigation,Restricted ad serving,ca-pub-7784034061253020,81,2024-07-31,2024-08-06
jambi.tribunnews.com,Page,N/A,N/A,jambi.tribunnews.com/2018/02/05/7-tata-cara-bersetubuh-dan-posisi-seks-menurut-islam-ingat-nomor-6-haram-dilakukan,No,Adult: Sexual content,Restricted ad serving,ca-pub-7784034061253020,81,2024-08-01,2024-08-06
belitung.tribunnews.com,Page,N/A,N/A,belitung.tribunnews.com/2018/02/06/pengakuan-penikmat-ayam-kampus-lebih-berkelas-dan-pintar-jaga-ini-layanannya-tak-melulu-ranjang,No,Adult: Sexual content,Restricted ad serving,ca-pub-7784034061253020,81,2024-07-31,2024-08-06
bangka.tribunnews.com,Page,N/A,N/A,bangka.tribunnews.com/2020/03/05/tips-gerakan-senam-kegel-untuk-wanita-manfaatnya-bisa-bahagiakan-pasangan-anda?page=2,No,Adult: Sexual content,Restricted ad serving,ca-pub-7784034061253020,81,2024-07-31,2024-08-05
bangka.tribunnews.com,Page,N/A,N/A,bangka.tribunnews.com/2017/09/30/ngaku-sudah-tidur-dengan-8000an-wanita-tak-disangka-begini-kehidupan-raja-film-panas-ini,Yes,Google-served ads obscuring content;Modified Javascript: Ads by Google size,Restricted ad serving,ca-pub-7784034061253020,81,2024-07-31,2024-08-04
palembang.tribunnews.com,Page,N/A,N/A,palembang.tribunnews.com/2018/03/10/10-fakta-orang-eskimo-paling-bikin-bergidik-dari-bertukar-istri-hingga-membunuh,Yes,Ads Disguised as Content,Restricted ad serving,ca-pub-7784034061253020,80,2024-08-01,2024-08-06
makassar.tribunnews.com,Page,N/A,N/A,makassar.tribunnews.com/2019/08/23/blak-blakan-mahasiswi-ayam-kampus-tarif-sekali-berzina-dan-alasan-jual-diri-untuk-diajak-tidur,No,Adult: Sexual content,Restricted ad serving,ca-pub-7784034061253020,80,2024-08-05,2024-08-05
m.tribunnews.com,Page,N/A,N/A,m.tribunnews.com/?l=c,No,Shocking content,Restricted ad serving,ca-pub-7784034061253020,80,2024-08-06,2024-08-06
jogja.tribunnews.com,Page,N/A,N/A,jogja.tribunnews.com/2020/02/01/arti-mimpi-tentang-kematian-apakah-benar-benar-tanda-ajal-akan-menjemput,Yes,Encouraging accidental clicks: Layout,Restricted ad serving,ca-pub-7784034061253020,80,2024-07-31,2024-08-06
bali.tribunnews.com,Page,N/A,N/A,bali.tribunnews.com/2017/07/11/video-wanita-lepas-baju-dan-celana-di-kamar-mandi-kejadian-selanjutnya-mengejutkan,No,Adult: Sexual content,Restricted ad serving,ca-pub-7784034061253020,80,2024-08-05,2024-08-05
aceh.tribunnews.com,Page,N/A,N/A,aceh.tribunnews.com/2020/07/30/5-alasan-kenapa-wanita-suka-pria-gemuk,No,Google-served ads obscuring content,Restricted ad serving,ca-pub-7784034061253020,80,2024-08-01,2024-08-06
www.tribunnews.com,Page,N/A,N/A,www.tribunnews.com/internasional/2018/01/17/bintang-porno-jepang-umumkan-rencana-menikah-banyak-penggemarnya-di-china-patah-hati,No,Adult: Sexual content,Restricted ad serving,ca-pub-7784034061253020,79,2024-07-31,2024-08-06
wartakota.tribunnews.com,Page,N/A,N/A,wartakota.tribunnews.com/2020/11/07/warganet-buru-link-video-full-gisel-di-telegram-disebut-pemersatu-bangsa-masih-trending-di-twitter,Yes,Ads Disguised as Content,Restricted ad serving,ca-pub-7784034061253020,79,2024-07-31,2024-08-06
medan.tribunnews.com,Page,N/A,N/A,medan.tribunnews.com/2017/08/15/5-bentuk-kelamin-wanita-miss-v-yang-disukai-pria-bagaimana-bentuk-punya-kamu,No,Adult: Sexual content,Restricted ad serving,ca-pub-7784034061253020,79,2024-07-31,2024-08-06
makassar.tribunnews.com,Page,N/A,N/A,makassar.tribunnews.com/404,Yes,Google-served ads on screens without publisher-content,Restricted ad serving,ca-pub-7784034061253020,79,2024-08-01,2024-08-06
jogja.tribunnews.com,Page,N/A,N/A,jogja.tribunnews.com/2018/01/08/soal-video-panas-tante-dan-anak-kecil-ini-berbagai-fakta-yang-berhasil-diungkap-polisi,No,Shocking content,Restricted ad serving,ca-pub-7784034061253020,79,2024-07-31,2024-08-06
jambi.tribunnews.com,Page,N/A,N/A,jambi.tribunnews.com/2017/08/29/beginilah-gambar-4d-orang-saat-berhubungan-seks-ilmuwan-menemukan-rekaman-video-yang-menarik?page=3,No,Adult: Sexual content,Restricted ad serving,ca-pub-7784034061253020,79,2024-07-31,2024-08-06
jabar.tribunnews.com,Page,N/A,N/A,jabar.tribunnews.com/2014/12/12/hati-hati-tanpa-berhubungan-intim-perempuan-bisa-hamil,No,Adult: Sexual content,Restricted ad serving,ca-pub-7784034061253020,79,2024-07-31,2024-08-06
aceh.tribunnews.com,Page,N/A,N/A,aceh.tribunnews.com/2022/11/06/video-viral-wanita-kebaya-merah-adegan-16-menit-tak-senonoh-dengan-pria-dalam-kamar-hotel,Yes,Ads Disguised as Content,Restricted ad serving,ca-pub-7784034061253020;ca-video-pub-7784034061253020,79,2024-07-31,2024-08-06
www.tribunnews.com,Page,N/A,N/A,www.tribunnews.com/regional/2020/06/28/cewek-cantik-di-kota-jambi-jual-diri-lewat-michat-tarif-sekali-kencan-rp-800-ribu,No,Shocking content,Restricted ad serving,ca-pub-7784034061253020,78,2024-07-31,2024-08-06
wartakota.tribunnews.com,Page,N/A,N/A,wartakota.tribunnews.com/tag/bunga-zainal-bintang-film-porno-korea,Yes,Google-served ads on screens without publisher-content,Restricted ad serving,ca-pub-7784034061253020,78,2024-07-31,2024-08-04
sulbar.tribunnews.com,Page,N/A,N/A,sulbar.tribunnews.com/2023/04/19/viral-video-adegan-tak-senonoh-diduga-diperankan-amanda-manopo-ada-di-twitter-tiktok-dan-telegram?page=all,No,Google-served ads obscuring content,Restricted ad serving,ca-pub-7784034061253020,78,2024-07-31,2024-08-06
lampung.tribunnews.com,Page,N/A,N/A,lampung.tribunnews.com/2018/02/02/ini-kode-kode-rahasia-prostitusi-via-media-sosial,No,Google-served ads obscuring content,Restricted ad serving,ca-pub-7784034061253020,78,2024-07-31,2024-08-06
jateng.tribunnews.com,Page,N/A,N/A,jateng.tribunnews.com/2017/11/29/sssstt-ini-rahasia-merawat-payudara-tetap-kencang-dan-indah,Yes,Adult: Sexual content;Site Behavior: Navigation,Restricted ad serving,ca-pub-7784034061253020,78,2024-07-31,2024-08-06
jambi.tribunnews.com,Page,N/A,N/A,jambi.tribunnews.com/2018/07/07/ciri-ciri-fisik-yang-terlihat-pada-wanita-yang-nafsu-birahinya-tinggi,No,Adult: Sexual content,Restricted ad serving,ca-pub-7784034061253020,78,2024-07-31,2024-08-06
jambi.tribunnews.com,Page,N/A,N/A,jambi.tribunnews.com/2018/01/17/bintang-film-dewasa-jepang-umumkan-akan-menikah-penggemar-patah-hati,No,Adult: Sexual content,Restricted ad serving,ca-pub-7784034061253020,78,2024-07-31,2024-08-04
bangka.tribunnews.com,Page,N/A,N/A,bangka.tribunnews.com/2017/04/16/tak-disangka-dr-zakir-naik-ngomong-begini-soal-islam-di-indonesia?page=2,No,Adult: Sexual content,Restricted ad serving,ca-pub-7784034061253020,78,2024-08-06,2024-08-06
www.tribunnews.com,Page,N/A,N/A,www.tribunnews.com/internasional/2016/08/19/foto-wanita-hanya-pakai-celana-dalam-lagi-check-in-di-loket-jadi-viral,No,Adult: Sexual content;Shocking content,Restricted ad serving,ca-pub-7784034061253020,77,2024-07-31,2024-08-06
medan.tribunnews.com,Page,N/A,N/A,medan.tribunnews.com/2017/12/13/6-cara-baru-merangsang-mr-p-suami-tercinta-di-ranjang,No,Adult: Sexual content,Restricted ad serving,ca-pub-7784034061253020,77,2024-08-01,2024-08-05
kupang.tribunnews.com,Page,N/A,N/A,kupang.tribunnews.com/2021/02/11/tersebar-link-dan-video-14-detik-wanita-tanpa-busanagrup-telegram-gabriella-larasati-bermunculan,Yes,Ads Disguised as Content,Restricted ad serving,ca-pub-7784034061253020,77,2024-07-31,2024-08-06
bangka.tribunnews.com,Page,N/A,N/A,bangka.tribunnews.com/2016/10/29/mengerikan-pria-ini-bunuh-diri-live-video-streaming-di-facebook-alasannya-bikin-miris?page=all,No,Shocking content,Restricted ad serving,ca-pub-7784034061253020,77,2024-08-03,2024-08-06
aceh.tribunnews.com,Page,N/A,N/A,aceh.tribunnews.com/2024/07/06/mudah-begini-cara-meningkatkan-kesuburan-pria-dan-wanita-ini-saran-seksolog-dr-boyke?page=2,No,Adult: Sexual content,Restricted ad serving,ca-pub-7784034061253020,77,2024-08-05,2024-08-05
solo.tribunnews.com,Page,N/A,N/A,solo.tribunnews.com/2020/09/26/chord-kunci-gitar-dan-lirik-lagu-sancang-yayan-jatnika-chord-mudah-dimainkan,Yes,Encouraging accidental clicks: Layout;Google-served ads obscuring content,Restricted ad serving,ca-pub-7784034061253020,76,2024-08-01,2024-08-06
makassar.tribunnews.com,Page,N/A,N/A,makassar.tribunnews.com/2015/09/10/puting-berubah-warna-mati-rasa-kempis-atau-mengeras-mengapa-baca-ini,No,Adult: Sexual content,Restricted ad serving,ca-pub-7784034061253020,76,2024-07-31,2024-08-06
m.tribunnews.com,Page,N/A,N/A,m.tribunnews.com/regional/2019/09/18/sejumlah-fakta-tentang-kopi-cleng-murah-meriah-hingga-jadi-pilihan-obat-kuat-pria?page=3,No,Adult: Sexual content,Restricted ad serving,ca-pub-7784034061253020,76,2024-08-01,2024-08-06
kupang.tribunnews.com,Page,N/A,N/A,kupang.tribunnews.com/2016/09/27/ssstt-lupa-matikan-kamera-video-gamer-cantik-ini-ketahuan-sedang-asik-sendiri,No,Shocking content,Restricted ad serving,ca-pub-7784034061253020,76,2024-07-31,2024-08-06
jambi.tribunnews.com,Page,N/A,N/A,jambi.tribunnews.com/2018/02/12/jenis-alat-bantu-kayak-ini-katanya-bisa-bikin-cewek-klimaks-berkali-kali-ada-geriginya,No,Adult: Sexual content,Restricted ad serving,ca-pub-7784034061253020,76,2024-07-31,2024-08-04
belitung.tribunnews.com,Page,N/A,N/A,belitung.tribunnews.com/2018/05/28/6-ciri-wanita-sudah-tak-perawan-mulai-hidung-mata-payudara-hingga-bentuk-perut?page=3,No,Adult: Sexual content,Restricted ad serving,ca-pub-7784034061253020,76,2024-07-31,2024-08-05
bangka.tribunnews.com,Page,N/A,N/A,bangka.tribunnews.com/2017/10/24/beginilah-penampakan-foto-foto-jadul-trio-azhari-yang-jarang-terpublikasikan-seksi-abis,Yes,Google-served ads obscuring content;Modified Javascript: Ads by Google size,Restricted ad serving,ca-pub-7784034061253020,76,2024-08-01,2024-08-05
bali.tribunnews.com,Page,N/A,N/A,bali.tribunnews.com/2017/08/08/risiko-seks-oral-bukan-sipilis-dan-hiv-namun-malah-memicu-kanker-lidah-dan-mulut-bagaimana-bisa?page=2,No,Google-served ads obscuring content,Restricted ad serving,ca-pub-7784034061253020,76,2024-07-31,2024-08-05
aceh.tribunnews.com,Page,N/A,N/A,aceh.tribunnews.com/2019/04/01/kembali-beredar-video-pasangan-gay-meraung-raung-kena-gancet,No,Adult: Sexual content,Restricted ad serving,ca-pub-7784034061253020,76,2024-07-31,2024-08-05
manado.tribunnews.com,Page,N/A,N/A,manado.tribunnews.com/2018/01/30/wanita-wajib-waspada-boneka-pemuas-nafsu-pria-ini-makin-laris-ternyata-segini-harganya,No,Adult: Sexual content,Restricted ad serving,ca-pub-7784034061253020,75,2024-07-31,2024-08-06
makassar.tribunnews.com,Page,N/A,N/A,makassar.tribunnews.com/2021/03/03/ulama-muda-enrekang-sebut-ternyata-onani-atau-masturbasi-bisa-dilakukan-dalam-kondisi-tertentu,Yes,Ads Disguised as Content,Restricted ad serving,ca-pub-7784034061253020,75,2024-07-31,2024-08-05
m.tribunnews.com,Page,N/A,N/A,m.tribunnews.com/internasional/2015/07/11/ini-dia-10-negara-dengan-budaya-seks-paling-bebas?page=2,No,Adult: Sexual content,Restricted ad serving,ca-pub-7784034061253020,75,2024-08-03,2024-08-06
lampung.tribunnews.com,Page,N/A,N/A,lampung.tribunnews.com/2017/12/08/boleh-ga-sih-wanita-belum-menikah-gunakan-sabun-kewanitaan,No,Adult: Sexual content,Restricted ad serving,ca-pub-7784034061253020,75,2024-08-04,2024-08-04
kaltara.tribunnews.com,Page,N/A,N/A,kaltara.tribunnews.com/kaltara/nunukan,No,Adult: Sexual content,Restricted ad serving,ca-pub-7784034061253020,75,2024-08-06,2024-08-06
makassar.tribunnews.com,Page,N/A,N/A,makassar.tribunnews.com/2024/08/06/viral-pengantin-pria-di-makassar-murka-pestanya-sepi-gegara-ulah-pendemo?lgn_method=google&google_btn=onetap,No,Shocking content,Restricted ad serving,ca-pub-7784034061253020,74,2024-08-05,2024-08-05
makassar.tribunnews.com,Page,N/A,N/A,makassar.tribunnews.com/2023/04/30/deretan-gaya-bercinta-suami-istri-sunah-rasulullah-ada-bikin-bosan-tapi-bisa-tingkatkan-kenyamanan,No,Adult: Sexual content,Restricted ad serving,ca-pub-7784034061253020,74,2024-08-05,2024-08-05
jateng.tribunnews.com,Page,N/A,N/A,jateng.tribunnews.com/2018/05/02/kisah-nyata-penderitaan-wanitaini-tetap-tak-puas-meski-berhubungan-seks-5-kali-sehari?page=all.,No,Adult: Sexual content,Restricted ad serving,ca-pub-7784034061253020,74,2024-07-31,2024-08-06
jambi.tribunnews.com,Page,N/A,N/A,jambi.tribunnews.com/2018/04/29/kelihatan-inilah-ciri-wanita-yang-sering-memuaskan-diri-sendiri-bahayanya-bakal-sakit-seperti-ini?page=all,No,Adult: Sexual content,Restricted ad serving,ca-pub-7784034061253020,74,2024-07-31,2024-08-06
bangka.tribunnews.com,Page,N/A,N/A,bangka.tribunnews.com/2022/07/21/cerita-pelanggan-pijat-plus-plus-di-pingiran-pangkalpinang-tambah-rp-200000-dapat-full-service,Yes,Ads Disguised as Content,Restricted ad serving,ca-pub-7784034061253020,74,2024-07-31,2024-08-06
bangka.tribunnews.com,Page,N/A,N/A,bangka.tribunnews.com/2019/10/01/suami-tergoda-lihat-adik-ipar-berpakaian-seksi-selesai-main-korban-malah-tanya-mana-uangnya,No,Adult: Sexual content,Restricted ad serving,ca-pub-7784034061253020,74,2024-07-31,2024-08-04
bali.tribunnews.com,Page,N/A,N/A,bali.tribunnews.com/2017/09/07/duh-istri-tega-oleskan-balsem-pada-alat-vital-suami-gara-gara-tak-puas-di-ranjang,No,Adult: Sexual content,Restricted ad serving,ca-pub-7784034061253020,74,2024-08-05,2024-08-05
aceh.tribunnews.com,Page,N/A,N/A,aceh.tribunnews.com/2023/09/16/cara-buat-obat-kuat-pria-ampuh-bikin-suami-perkasa-taklukkan-istri-tiap-malam?page=2,No,Adult: Sexual content,Restricted ad serving,ca-pub-7784034061253020,74,2024-08-06,2024-08-06
www.tribunnews.com,Page,N/A,N/A,www.tribunnews.com/travel/2019/12/04/dugaan-penipuan-agen-perjalanan-wisata-traveler-mengaku-rugi-hingga-ratusan-juta,No,Google-served ads obscuring content,Restricted ad serving,ca-pub-7784034061253020,73,2024-07-31,2024-08-05
wartakota.tribunnews.com,Page,N/A,N/A,wartakota.tribunnews.com/2016/06/30/perhatikan-6-ciri-ini-bisa-jadi-istri-anda-beralih-ke-pria-lain?page=3,No,Adult: Sexual content,Restricted ad serving,ca-pub-7784034061253020,73,2024-08-05,2024-08-05
palembang.tribunnews.com,Page,N/A,N/A,palembang.tribunnews.com/2017/11/20/bikin-geleng-geleng-10-wanita-ini-disebut-sebagai-bintang-film-panas-paling-tajir-di-dunia?page=7,Yes,Ads Disguised as Content,Restricted ad serving,ca-pub-7784034061253020,73,2024-08-01,2024-08-05
makassar.tribunnews.com,Page,N/A,N/A,makassar.tribunnews.com/2019/09/20/viral-video-mesum-mojang-bandung-seragam-pns-hijab-durasi-219-menit-4-foto-syur-juga-tersebar,No,Adult: Sexual content,Restricted ad serving,ca-pub-7784034061253020,73,2024-07-31,2024-08-06
jatim.tribunnews.com,Page,N/A,N/A,jatim.tribunnews.com/2017/07/06/beda-sama-indonesia-di-jepang-punya-mobil-dianggap-kampungan-kok-bisa-gitu-ya,No,Shocking content,Restricted ad serving,ca-pub-7784034061253020,73,2024-07-31,2024-08-06
jakarta.tribunnews.com,Page,N/A,N/A,jakarta.tribunnews.com/2020/01/10/praktisi-kesehatan-ungkap-penyebab-seseorang-melakukan-seks-anal-dengan-pasangan-waspadai-resikonya,No,Adult: Sexual content,Restricted ad serving,ca-pub-7784034061253020,73,2024-07-31,2024-08-05
jabar.tribunnews.com,Page,N/A,N/A,jabar.tribunnews.com/2015/07/12/waktu-yang-tepat-untuk-mendapatkan-keturunan-menurut,No,Adult: Sexual content,Restricted ad serving,ca-pub-7784034061253020,73,2024-08-01,2024-08-05
bogor.tribunnews.com,Page,N/A,N/A,bogor.tribunnews.com/2022/03/08/arti-mimpi-berhubungan-badan-dengan-lawan-jenis-ini-tafsir-mimpi-jadi-lesbian-gharap-waspada,No,Adult: Sexual content,Restricted ad serving,ca-pub-7784034061253020,73,2024-08-05,2024-08-05
bangka.tribunnews.com,Page,N/A,N/A,bangka.tribunnews.com/2023/10/25/lagi-detik-detik-dokter-selingkuh-di-makassar-digerebek-berduaan-dengan-mahasiswi-kedokteran-unhas,No,Adult: Sexual content,Restricted ad serving,ca-pub-7784034061253020,73,2024-08-05,2024-08-05
bangka.tribunnews.com,Page,N/A,N/A,bangka.tribunnews.com/2022/04/07/inilah-dampak-negatif-hubungan-tanpa-pemanasan-dr-dina-oktaviani-jelaskan-5-trik-foreplay,No,Adult: Sexual content,Restricted ad serving,ca-pub-7784034061253020,73,2024-08-04,2024-08-04
aceh.tribunnews.com,Page,N/A,N/A,aceh.tribunnews.com/2022/06/15/inilah-dosis-yang-tepat-gunakan-daun-sirih-untuk-area-miss-v-dr-boyke-bahaya-jangan-sering-sering?page=all,No,Adult: Sexual content,Restricted ad serving,ca-pub-7784034061253020,73,2024-08-05,2024-08-05
www.tribunnews.com,Page,N/A,N/A,www.tribunnews.com/seleb/2017/09/06/wow-7-wanita-indonesia-ini-bintangi-film-panas-di-luar-negeri-ini-profil-mereka?page=3,Yes,Site Behavior: Navigation,Restricted ad serving,ca-pub-7784034061253020,72,2024-07-31,2024-08-06
www.tribunnews.com,Page,N/A,N/A,www.tribunnews.com/kesehatan/2016/03/22/lima-bahasa-tubuh-pria-yang-ingin-bercinta,No,Adult: Sexual content,Restricted ad serving,ca-pub-7784034061253020,72,2024-08-01,2024-08-06
trends.tribunnews.com,Page,N/A,N/A,trends.tribunnews.com/2024/08/04/saipul-jamil-diduga-lakukan-pelecehan-lagi-pamer-alat-vital-saat-video-call-korban-disuruh-buka?page=3,No,Adult: Sexual content,Restricted ad serving,ca-pub-7784034061253020,72,2024-08-04,2024-08-04
medan.tribunnews.com,Page,N/A,N/A,medan.tribunnews.com/2024/01/22/pelaku-mutilasi-anak-8-tahun-ini-terancam-hukuman-mati-korban-putri-tunggal-kabid-bina-marga-pu,No,Shocking content,Restricted ad serving,ca-pub-7784034061253020,72,2024-08-05,2024-08-05
m.tribunnews.com,Page,N/A,N/A,m.tribunnews.com/tag/abg-jepang,No,Adult: Sexual content,Restricted ad serving,ca-pub-7784034061253020,72,2024-08-06,2024-08-06
m.tribunnews.com,Page,N/A,N/A,m.tribunnews.com/regional/2018/02/12/mayoritas-emak-emak-muda-dan-remaja-putri-pembeli-alat-bantu-seks-di-bali,No,Adult: Sexual content,Restricted ad serving,ca-pub-7784034061253020,72,2024-07-31,2024-08-06
bangka.tribunnews.com,Page,N/A,N/A,bangka.tribunnews.com/2022/06/09/ini-yang-disukai-pria-saat-aktivitas-intim-inez-kristanti-wanita-jangan-diam-saja,Yes,Content obscuring Google-served ads,Restricted ad serving,ca-pub-7784034061253020,72,2024-07-31,2024-08-06
aceh.tribunnews.com,Page,N/A,N/A,aceh.tribunnews.com/2023/09/06/3-tips-mudah-atasi-keputihan-pada-wanita-begini-kata-seksolog-dr-boyke?page=4,No,Adult: Sexual content,Restricted ad serving,ca-pub-7784034061253020,72,2024-08-04,2024-08-04
aceh.tribunnews.com,Page,N/A,N/A,aceh.tribunnews.com/2021/09/01/benarkah-suami-istri-tak-boleh-telanjang-saat-berhubungan-badan-ini-jawaban-ustaz-khalid-basalamah,No,Adult: Sexual content,Restricted ad serving,ca-pub-7784034061253020,72,2024-08-05,2024-08-05
www.tribunnews.com,Page,N/A,N/A,www.tribunnews.com/regional/2017/10/11/empat-hotel-ini-jadi-lokasi-bisnis-esek-esek-di-medan,No,Adult: Sexual content,Restricted ad serving,ca-pub-7784034061253020,71,2024-07-31,2024-08-06
wartakota.tribunnews.com,Page,N/A,N/A,wartakota.tribunnews.com/2017/05/18/perawat-basah-perawat-khusus-menyusui-pria-dewasa-looh,No,Adult: Sexual content,Restricted ad serving,ca-pub-7784034061253020,71,2024-07-31,2024-08-06
sultra.tribunnews.com,Page,N/A,N/A,sultra.tribunnews.com/2022/10/21/link-video-wanita-baju-merah-viral-di-tiktok-hingga-twitter-bagian-rimbun-ramai-disorot-warganet,Yes,Ads Disguised as Content,Restricted ad serving,ca-pub-7784034061253020,71,2024-07-31,2024-08-06
style.tribunnews.com,Page,N/A,N/A,style.tribunnews.com/2017/12/04/cowok-ini-maksa-minta-pacarnya-kirim-foto-dada-tapi-si-cewek-nggak-kehabisan-akal,Yes,Ads Disguised as Content,Restricted ad serving,ca-pub-7784034061253020,71,2024-07-31,2024-08-06
makassar.tribunnews.com,Page,N/A,N/A,makassar.tribunnews.com/2021/05/04/senangnya-wanita-penghibur-saat-dipanggil-pelanggan-muda-setelah-main-malah-alami-hal-tak-terduga,Yes,Ads Disguised as Content,Restricted ad serving,ca-pub-7784034061253020,71,2024-07-31,2024-08-06
makassar.tribunnews.com,Page,N/A,N/A,makassar.tribunnews.com/2017/11/17/cantiknya-giselle-perempuan-19-tahun-yang-jual-keperawanannya-rp-35-miliar,No,Shocking content,Restricted ad serving,ca-pub-7784034061253020,71,2024-08-05,2024-08-05
m.tribunnews.com,Page,N/A,N/A,m.tribunnews.com/kesehatan/2023/07/25/normalkah-seorang-wanita-melakukan-masturbasi-begini-penjelasan-dr-binsar-martin,No,Adult: Sexual content,Restricted ad serving,ca-pub-7784034061253020,71,2024-08-06,2024-08-06
m.tribunnews.com,Page,N/A,N/A,m.tribunnews.com/kesehatan/2013/02/06/ini-kata-mereka-yang-pernah-mengonsumsi-permen-karet-cinta,No,Adult: Sexual content,Restricted ad serving,ca-pub-7784034061253020,71,2024-08-01,2024-08-06
banjarmasin.tribunnews.com,Page,N/A,N/A,banjarmasin.tribunnews.com/2022/01/04/harga-naik-kini-rokok-murah-banyak-dicari,No,Shocking content,Restricted ad serving,ca-pub-7784034061253020,71,2024-07-31,2024-08-06
bangka.tribunnews.com,Page,N/A,N/A,bangka.tribunnews.com/2020/12/02/3-perbedaan-laki-laki-yang-disunat-dan-tidak-disunat-ternyata-bekasnya-paling-sensitif?page=3,No,Adult: Sexual content,Restricted ad serving,ca-pub-7784034061253020,71,2024-08-02,2024-08-04
www.tribunnews.com,Page,N/A,N/A,www.tribunnews.com/kesehatan/2015/09/02/fakta-mengerikan-di-balik-produksi-film-porno,No,Adult: Sexual content,Restricted ad serving,ca-pub-7784034061253020,70,2024-08-02,2024-08-06
sumsel.tribunnews.com,Page,N/A,N/A,sumsel.tribunnews.com/2018/03/17/pernah-dengar-dan-diminta-pap-di-sosial-media-ternyata-ini-maksudnya,Yes,Encouraging accidental clicks: Layout;Google-served ads obscuring content,Restricted ad serving,ca-pub-7784034061253020,70,2024-07-31,2024-08-05
pekanbaru.tribunnews.com,Page,N/A,N/A,pekanbaru.tribunnews.com/2019/01/03/ini-9-artis-porno-terkenal-yang-pensiun-ada-yang-tobat-dan-ada-yang-jadi-girlband-k-pop?page=all,No,Adult: Sexual content,Restricted ad serving,ca-pub-7784034061253020,70,2024-08-05,2024-08-05
makassar.tribunnews.com,Page,N/A,N/A,makassar.tribunnews.com/2020/01/02/daftar-harga-rokok-yang-naik-tahun-2020-surya-16-djarum-76-marlboro-sampoerna-cara-berhenti,No,Tobacco,Restricted ad serving,ca-pub-7784034061253020,70,2024-08-03,2024-08-06
m.tribunnews.com,Page,N/A,N/A,m.tribunnews.com/images/model/view/493842/baby-margaretha,No,Adult: Sexual content,Restricted ad serving,ca-pub-7784034061253020,70,2024-08-03,2024-08-06
jogja.tribunnews.com,Page,N/A,N/A,jogja.tribunnews.com/2017/04/02/tak-cuma-bangkitkan-gairah-inilah-manfaat-hisap-payudara-wanita,No,Adult: Sexual content,Restricted ad serving,ca-pub-7784034061253020,70,2024-08-01,2024-08-04
jateng.tribunnews.com,Page,N/A,N/A,jateng.tribunnews.com/2022/06/11/video-viral-video-tawuran-pelajar-di-pati-sudah-diselesaikan-secara-damai,Yes,Ads Disguised as Content,Restricted ad serving,ca-pub-7784034061253020;ca-video-pub-7784034061253020,70,2024-08-01,2024-08-06
jateng.tribunnews.com,Page,N/A,N/A,jateng.tribunnews.com/2021/03/07/viral-video-syur-4-menit-di-pekalongan-sejoli-mesum-di-pinggir-jalan-terekam-cctv,Yes,Google-served ads obscuring content;Modified Javascript: Ads by Google size,Restricted ad serving,ca-pub-7784034061253020;ca-video-pub-7784034061253020,70,2024-07-31,2024-08-06
belitung.tribunnews.com,Page,N/A,N/A,belitung.tribunnews.com/2022/01/28/gadis-abg-bandung-dijual-rp300-ribu-kenakan-busana-seksi-dipaksa-layani-pria-pelaku-dibekuk-polisi,Yes,Ads Disguised as Content,Restricted ad serving,ca-pub-7784034061253020,70,2024-08-02,2024-08-05
banten.tribunnews.com,Page,N/A,N/A,banten.tribunnews.com/2021/01/29/ini-pekerjaan-asli-kakek-sugiono-sebut-nama-wanita-saat-pertama-kali-syuting-saya-cuma-ingat-ozawa,Yes,Ads Disguised as Content,Restricted ad serving,ca-pub-7784034061253020,70,2024-07-31,2024-08-05
bangka.tribunnews.com,Page,N/A,N/A,bangka.tribunnews.com/2021/07/01/lafaz-doa-hubungan-suami-istri-agar-tahan-lama-di-ranjang-ingat-dibaca-sebelum-berjimak?page=2,No,Adult: Sexual content,Restricted ad serving,ca-pub-7784034061253020,70,2024-08-06,2024-08-06
wartakota.tribunnews.com,Page,N/A,N/A,wartakota.tribunnews.com/2021/05/26/cerita-psk-open-bo-di-michat-dapat-pelanggan-tetangga-sendiri-dan-teman-nongkrong-tarif-tetap-sama?page=2,Yes,Ads Disguised as Content,Restricted ad serving,ca-pub-7784034061253020,69,2024-07-31,2024-08-04
sultra.tribunnews.com,Page,N/A,N/A,sultra.tribunnews.com/2022/11/15/7-judul-video-milik-icha-ceeby-dan-aro-selain-kebaya-merah-termasuk-tiga-lawan-satu-bersama-cz,Yes,Ads Disguised as Content,Restricted ad serving,ca-pub-7784034061253020,69,2024-07-31,2024-08-06
makassar.tribunnews.com,Page,N/A,N/A,makassar.tribunnews.com/2023/09/18/fakta-terungkap-di-balik-video-viral-bule-lawan-polisi-di-bali-pelaku-kini-panas-dingin?source=kgnotif_1,No,Adult: Sexual content,Restricted ad serving,ca-pub-7784034061253020,69,2024-08-04,2024-08-04
m.tribunnews.com,Page,N/A,N/A,m.tribunnews.com/internasional/2017/09/24/berhubungan-seks-sambil-menyusui-anaknya-wanita-ini-panen-hujatan,No,Adult: Sexual content,Restricted ad serving,ca-pub-7784034061253020,69,2024-07-31,2024-08-04
lampung.tribunnews.com,Page,N/A,N/A,lampung.tribunnews.com/2015/03/11/bintang-porno-jepang-keluhkan-kurangnya-pemain-pria,Yes,Google-served ads obscuring content;Modified Javascript: Ads by Google size,Restricted ad serving,ca-pub-7784034061253020,69,2024-08-02,2024-08-04
jatim.tribunnews.com,Page,N/A,N/A,jatim.tribunnews.com/2024/01/14/nasib-kakak-beradik-tersangka-duel-carok-2-vs-4-di-bangkalan-menghela-nafas-terancam-menua-di-bui,No,Shocking content,Restricted ad serving,ca-pub-7784034061253020,69,2024-08-06,2024-08-06
jambi.tribunnews.com,Page,N/A,N/A,jambi.tribunnews.com/2020/01/10/kisah-awal-mula-terjerumus-ke-industri-film-dewasa-mia-khalifa-bikin-pengakuan-mencengangkan,No,Adult: Sexual content,Restricted ad serving,ca-pub-7784034061253020,69,2024-07-31,2024-08-05
cirebon.tribunnews.com,Page,N/A,N/A,cirebon.tribunnews.com/2020/03/18/ketahui-istri-anda-puas-atau-tidak-setelah-bercinta-nih-tanda-tanda-orgasme-pada-wanita,No,Adult: Sexual content,Restricted ad serving,ca-pub-7784034061253020,69,2024-08-01,2024-08-06
bangka.tribunnews.com,Page,N/A,N/A,bangka.tribunnews.com/2016/09/05/kepribadian-wanita-berdasarkan-bentuk-puting-susunya,No,Adult: Sexual content,Restricted ad serving,ca-pub-7784034061253020,69,2024-08-05,2024-08-05
bangka.tribunnews.com,Page,N/A,N/A,bangka.tribunnews.com/2015/11/27/parah-siswa-sd-paksa-teman-sekelas-lakukan-adegan-film-dewasa,Yes,Site Behavior: Navigation,Restricted ad serving,ca-pub-7784034061253020,69,2024-07-31,2024-08-06
aceh.tribunnews.com,Page,N/A,N/A,aceh.tribunnews.com/2022/10/04/dr-boyke-sarankan-suami-sentuh-bagian-ini-pada-istri-hubungan-rumah-tangga-makin-erat-dan-harmonis,Yes,Ads Disguised as Content,Restricted ad serving,ca-pub-7784034061253020,69,2024-07-31,2024-08-06
www.tribunnews.com,Page,N/A,N/A,www.tribunnews.com/lifestyle/2015/10/08/apakah-seorang-istri-perlu-cukur-rambut-kemaluan-di-malam-pertama,No,Adult: Sexual content,Restricted ad serving,ca-pub-7784034061253020,68,2024-07-31,2024-08-06
www.tribunnews.com,Page,N/A,N/A,www.tribunnews.com/kesehatan/2016/08/03/enam-ciri-ciri-istri-ingin-berhubungan-intim-yang-jarang-diketahui-suami,No,Adult: Sexual content,Restricted ad serving,ca-pub-7784034061253020,68,2024-07-31,2024-08-06
wartakota.tribunnews.com,Page,N/A,N/A,wartakota.tribunnews.com/2014/08/20/wanita-30-tahun-paling-hot-di-atas-ranjang,No,Adult: Sexual content,Restricted ad serving,ca-pub-7784034061253020,68,2024-08-01,2024-08-06
palembang.tribunnews.com,Page,N/A,N/A,palembang.tribunnews.com/2021/02/22/wajib-tahu-apa-itu-bokep?page=all,No,Adult: Sexual content,Restricted ad serving,ca-pub-7784034061253020,68,2024-08-05,2024-08-05
jambi.tribunnews.com,Page,N/A,N/A,jambi.tribunnews.com/2018/01/19/sssstt-ternyata-beberapa-gaya-kamasutra-ini-buat-wanita-ketagihan,No,Adult: Sexual content,Restricted ad serving,ca-pub-7784034061253020,68,2024-07-31,2024-08-06
jambi.tribunnews.com,Page,N/A,N/A,jambi.tribunnews.com/2015/11/22/tujuh-bentuk-penis-dan-karakter-pemiliknya-punya-kamu-menyerupai-yang-mana,No,Adult: Sexual content,Restricted ad serving,ca-pub-7784034061253020,68,2024-07-31,2024-08-06
jakarta.tribunnews.com,Page,N/A,N/A,jakarta.tribunnews.com/2023/03/10/kronologi-lengkap-pelajar-tewas-dibacok-di-bogor-terkuak-tangis-rintihan-sebelum-meregang-nyawa,No,Shocking content,Restricted ad serving,ca-pub-7784034061253020,68,2024-07-31,2024-08-06
jabar.tribunnews.com,Page,N/A,N/A,jabar.tribunnews.com/2019/09/30/nonton-film-porno-di-toko-mainan-seks-turis-asal-inggris-meninggal,No,Adult: Sexual content,Restricted ad serving,ca-pub-7784034061253020,68,2024-07-31,2024-08-06
belitung.tribunnews.com,Page,N/A,N/A,belitung.tribunnews.com/2018/08/03/ternyata-7-benda-ini-pernah-dipakai-jadi-pengganti-kondom-ini-akibatnya,No,Adult: Sexual content,Restricted ad serving,ca-pub-7784034061253020,68,2024-08-01,2024-08-04
banjarmasin.tribunnews.com,Page,N/A,N/A,banjarmasin.tribunnews.com/404,Yes,Adult: Sexual content;Google-served ads on screens without publisher-content,Restricted ad serving,ca-pub-7784034061253020,68,2024-08-01,2024-08-06
bangka.tribunnews.com,Page,N/A,N/A,bangka.tribunnews.com/2020/01/06/tips-latihan-dan-senam-kegel-bakal-buat-wanita-maksimal-dan-nyaman-di-ranjang-begini-caranya?page=2,No,Adult: Sexual content,Restricted ad serving,ca-pub-7784034061253020,68,2024-07-31,2024-08-05
bangka.tribunnews.com,Page,N/A,N/A,bangka.tribunnews.com/2016/05/29/tamu-hotel-ini-tinggal-pilih-cewek-lewat-foto-kalau-cocok-bayar-rp-300-ribu,No,Adult: Sexual content,Restricted ad serving,ca-pub-7784034061253020,68,2024-07-31,2024-08-06
bali.tribunnews.com,Page,N/A,N/A,bali.tribunnews.com/tag/pembunuhan-sadis,No,Shocking content,Restricted ad serving,ca-pub-7784034061253020,68,2024-07-31,2024-08-05
wartakota.tribunnews.com,Page,N/A,N/A,wartakota.tribunnews.com/2024/06/07/viral-ibu-berbaju-oranye-cabuli-anak-lelakinya-sendiri-sudah-ditangkap-polisi,No,Adult: Sexual content,Restricted ad serving,ca-pub-7784034061253020,67,2024-08-05,2024-08-05
wartakota.tribunnews.com,Page,N/A,N/A,wartakota.tribunnews.com/2021/02/07/psk-di-depok-masih-marak-di-masa-pandemi-covid-19-ditemukan-kerap-mangkal-di-pasar-kambing-cisalak,Yes,Ads Disguised as Content,Restricted ad serving,ca-pub-7784034061253020,67,2024-07-31,2024-08-05
pekanbaru.tribunnews.com,Page,N/A,N/A,pekanbaru.tribunnews.com/2021/04/10/arti-vibes-dalam-bahasa-gaul-simak-disini-vibes-artinya-atau-apa-itu-vibes-dalam-bahasa-gaul,No,Google-served ads obscuring content,Restricted ad serving,ca-pub-7784034061253020,67,2024-07-31,2024-08-05
pekanbaru.tribunnews.com,Page,N/A,N/A,pekanbaru.tribunnews.com/2020/12/19/update-bahasa-gaul-cek-arti-dikenyot-apa-itu-rese-maksud-bangke-apa-arti-giras,No,Google-served ads obscuring content,Restricted ad serving,ca-pub-7784034061253020,67,2024-07-31,2024-08-06
medan.tribunnews.com,Page,N/A,N/A,medan.tribunnews.com/2017/12/03/suami-istri-ini-berhubungan-intim-tiap-hari-selama-setahun-inilah-yang-terjadi,No,Adult: Sexual content,Restricted ad serving,ca-pub-7784034061253020,67,2024-07-31,2024-08-05
m.tribunnews.com,Page,N/A,N/A,m.tribunnews.com/kesehatan/2019/04/04/saat-bercinta-ini-6-tahapan-yang-dirasakan-perempuan-sampai-orgasme?page=2,No,Adult: Sexual content,Restricted ad serving,ca-pub-7784034061253020,67,2024-08-02,2024-08-06
m.tribunnews.com,Page,N/A,N/A,m.tribunnews.com/kesehatan/2017/09/18/penyakit-penyakit-berbahaya-yang-mengincar-jika-sembarangan-menggunakan-sex-toys,No,Adult: Sexual content,Restricted ad serving,ca-pub-7784034061253020,67,2024-07-31,2024-08-04
jateng.tribunnews.com,Page,N/A,N/A,jateng.tribunnews.com/2016/04/20/inilah-sosok-penjual-jamu-yang-menghebohkan-media-sosial,No,Adult: Sexual content,Restricted ad serving,ca-pub-7784034061253020,67,2024-07-31,2024-08-06
jambi.tribunnews.com,Page,N/A,N/A,jambi.tribunnews.com/2017/08/16/ini-lho-yang-terjadi-saat-selaput-dara-sobek-beginilah-rasanya-saat-keperawanan-itu-hilang,No,Adult: Sexual content,Restricted ad serving,ca-pub-7784034061253020,67,2024-07-31,2024-08-05
jabar.tribunnews.com,Page,N/A,N/A,jabar.tribunnews.com/2024/07/18/bikin-heboh-aksi-tawuran-pelajar-di-cirebon-terekam-kamera-dan-viral-di-medsos,No,Shocking content,Restricted ad serving,ca-pub-7784034061253020,67,2024-08-05,2024-08-05
bangka.tribunnews.com,Page,N/A,N/A,bangka.tribunnews.com/2022/08/20/amalan-dan-doa-khusus-di-ajarkan-rasulullah-saw-agar-suami-perkasa-saat-lakukan-hubungan-suami-istri,No,Adult: Sexual content,Restricted ad serving,ca-pub-7784034061253020,67,2024-08-06,2024-08-06
wartakota.tribunnews.com,Page,N/A,N/A,wartakota.tribunnews.com/2023/08/11/pengeroyok-pria-bertato-yang-tewas-di-jembatan-hayam-wuruk-dibekuk-salah-satunya-pacar-korban,No,Shocking content,Restricted ad serving,ca-pub-7784034061253020,66,2024-08-05,2024-08-05
sultra.tribunnews.com,Page,N/A,N/A,sultra.tribunnews.com/2023/02/20/video-erika-viral-di-tiktok-prank-ojol-full-1-menit-31-detik-awalnya-masuk-rumah-lalu-kamar-mandi?page=4,No,Adult: Sexual content,Restricted ad serving,ca-pub-7784034061253020,66,2024-08-04,2024-08-04
palembang.tribunnews.com,Page,N/A,N/A,palembang.tribunnews.com/metro/metronews,No,Adult: Sexual content,Restricted ad serving,ca-pub-7784034061253020,66,2024-08-06,2024-08-06
bangka.tribunnews.com,Page,N/A,N/A,bangka.tribunnews.com/2021/06/25/8-ciri-wanita-mudah-tergoda-untuk-selingkuh-waduh-satu-di-antaranya-bisa-karena-bawaan-keturunan,Yes,Ads Disguised as Content,Restricted ad serving,ca-pub-7784034061253020,66,2024-07-31,2024-08-06
aceh.tribunnews.com,Page,N/A,N/A,aceh.tribunnews.com/2022/09/08/malam-jumat-pasangan-sah-harus-tahu-hukum-oral-anu-suami-menurut-buya-yahya-bolehkah?page=2,No,Adult: Sexual content,Restricted ad serving,ca-pub-7784034061253020,66,2024-08-05,2024-08-05
aceh.tribunnews.com,Page,N/A,N/A,aceh.tribunnews.com/2020/09/09/detik-detik-penyelamatan-kucing-tersangkut-di-galon-media-asing-tuding-sengaja-dimasukkan-seseorang?page=all,No,Shocking content,Restricted ad serving,ca-pub-7784034061253020,66,2024-08-06,2024-08-06
sulbar.tribunnews.com,Page,N/A,N/A,sulbar.tribunnews.com/2023/08/31/video-viral-perselingkuhan-asn-trending-twitter-link-adegan-syur-diburu-warganet,No,Adult: Sexual content,Restricted ad serving,ca-pub-7784034061253020,65,2024-08-06,2024-08-06
pekanbaru.tribunnews.com,Page,N/A,N/A,pekanbaru.tribunnews.com/2023/07/04/tobrut-artinya-apa-dalam-bahasa-gaul-dan-link-video-viral-tobrut-beredar-di-twitter,No,Google-served ads obscuring content,Restricted ad serving,ca-pub-7784034061253020,65,2024-07-31,2024-08-05
palembang.tribunnews.com,Page,N/A,N/A,palembang.tribunnews.com/2018/01/17/bukan-cuma-olivia-artis-porno-jepang-ini-meninggal-lebih-tragis-dipaksa-adegan-intim-ini-ngeri,No,Adult: Sexual content,Restricted ad serving,ca-pub-7784034061253020,65,2024-07-31,2024-08-06
medan.tribunnews.com,Page,N/A,N/A,medan.tribunnews.com/2017/10/27/hanna-anissa-sempat-bantah-video-bokep-viral-postingannya-sebut-soal-dada-pemeran?page=all,No,Adult: Sexual content,Restricted ad serving,ca-pub-7784034061253020,65,2024-07-31,2024-08-06
lampung.tribunnews.com,Page,N/A,N/A,lampung.tribunnews.com/2017/04/11/ini-jenis-tisu-yang-paling-aman-untuk-mengeringkan-area-genital,Yes,Ads Disguised as Content,Restricted ad serving,ca-pub-7784034061253020,65,2024-07-31,2024-08-06
bangka.tribunnews.com,Page,N/A,N/A,bangka.tribunnews.com/2017/12/13/pria-ini-pilih-berpacaran-dengan-bintang-film-porno-amerika-reaksi-sang-ibu-sungguh-mengejutkan,Yes,Site Behavior: Navigation,Restricted ad serving,ca-pub-7784034061253020,65,2024-07-31,2024-08-06
bali.tribunnews.com,Page,N/A,N/A,bali.tribunnews.com/2023/12/19/lakalantas-maut-di-jalan-bypass-ngurah-rai-denpasar-bali-bule-belanda-meninggal-dunia-ditempat,No,Shocking content,Restricted ad serving,ca-pub-7784034061253020,65,2024-08-06,2024-08-06
aceh.tribunnews.com,Page,N/A,N/A,aceh.tribunnews.com/2022/02/23/bermain-di-taman-bayi-1-tahun-nyaris-tewas-dicabik-cabik-5-anjing-pitbul?page=2,No,Shocking content,Restricted ad serving,ca-pub-7784034061253020,65,2024-08-05,2024-08-05
wartakota.tribunnews.com,Page,N/A,N/A,wartakota.tribunnews.com/2023/08/15/kumpulan-film-jepang-terbaru-2023-cocok-disaksikan-bagi-pasangan-yang-baru-menikah-khusus-dewasa?page=all,No,Adult: Sexual content,Restricted ad serving,ca-pub-7784034061253020,64,2024-08-04,2024-08-04
pontianak.tribunnews.com,Page,N/A,N/A,pontianak.tribunnews.com/2018/12/19/9-bintang-porno-putusnan-pensiun-hingga-artis-indonesia-ungkap-tips-dan-rahasia-seks-siapa-saja?page=all,No,Adult: Sexual content,Restricted ad serving,ca-pub-7784034061253020,64,2024-08-03,2024-08-04
pontianak.tribunnews.com,Page,N/A,N/A,pontianak.tribunnews.com/2018/06/05/9-artis-seksi-indonesia-yang-tampil-toples-di-film-berani-adegan-panas-sama-bule,No,Adult: Sexual content,Restricted ad serving,ca-pub-7784034061253020,64,2024-07-31,2024-08-06
pontianak.tribunnews.com,Page,N/A,N/A,pontianak.tribunnews.com/2018/01/27/ciri-ciri-wanita-bernafsu-tinggi-beberapa-ada-yang-sering-kamu-jumpai?page=all,No,Adult: Sexual content,Restricted ad serving,ca-pub-7784034061253020,64,2024-07-31,2024-08-05
pekanbaru.tribunnews.com,Page,N/A,N/A,pekanbaru.tribunnews.com/2021/12/22/apa-arti-sange-dalam-bahasa-gaul-kata-sange-berkaitan-dengan-seksualitas,No,Adult: Sexual content,Restricted ad serving,ca-pub-7784034061253020,64,2024-08-04,2024-08-04
pantura.tribunnews.com,Page,N/A,N/A,pantura.tribunnews.com/2024/04/24/butuh-jasa-pijat-terdekat-pakai-aplikasi-halojasa-aja-tersedia-24-jam,No,Adult: Sexual content,Restricted ad serving,ca-pub-7784034061253020,64,2024-08-04,2024-08-04
palembang.tribunnews.com,Page,N/A,N/A,palembang.tribunnews.com/2019/05/05/hati-hati-7-ciri-ciri-wanita-seperti-ini-mudah-mendua-awasi-pasangan-anda-jangan-sampai-selingkuh,Yes,Encouraging accidental clicks: Layout,Restricted ad serving,ca-pub-7784034061253020,64,2024-08-02,2024-08-05
medan.tribunnews.com,Page,N/A,N/A,medan.tribunnews.com/news/internasional,Yes,Encouraging accidental clicks: Layout;Google-served ads obscuring content,Restricted ad serving,ca-pub-7784034061253020,64,2024-07-31,2024-08-06
makassar.tribunnews.com,Page,N/A,N/A,makassar.tribunnews.com/2015/07/27/keseringan-onani-bikin-lutut-kopong-dan-merusak-kualitas-sperma,No,Adult: Sexual content,Restricted ad serving,ca-pub-7784034061253020,64,2024-07-31,2024-08-06
m.tribunnews.com,Page,N/A,N/A,m.tribunnews.com/regional/2017/11/17/siang-jadi-karyawati-malam-jadi-psk-tarifnya-segini,No,Adult: Sexual content,Restricted ad serving,ca-pub-7784034061253020,64,2024-07-31,2024-08-06
jatim.tribunnews.com,Page,N/A,N/A,jatim.tribunnews.com/2024/08/04/hasil-forensik-ibu-dan-anak-tewas-tinggal-kerangka-penyebab-kematian-dan-fakta-kekerasan-terkuak?page=all,No,Adult: Sexual content,Restricted ad serving,ca-pub-7784034061253020,64,2024-08-04,2024-08-04
jambi.tribunnews.com,Page,N/A,N/A,jambi.tribunnews.com/2020/11/09/link-full-video-panas-gisella-anastasia-malah-jadi-bahan-tertawaan-di-twitter,Yes,Ads Disguised as Content,Restricted ad serving,ca-pub-7784034061253020,64,2024-08-02,2024-08-06
jambi.tribunnews.com,Page,N/A,N/A,jambi.tribunnews.com/2018/03/01/kohey-nishi-bintang-panas-paling-kecil-di-dunia-cewek-antre-kencan-saat-tahu-kemampuannya,No,Adult: Sexual content,Restricted ad serving,ca-pub-7784034061253020,64,2024-07-31,2024-08-06
belitung.tribunnews.com,Page,N/A,N/A,belitung.tribunnews.com/2019/04/28/terungkap-kronologi-video-mesum-abg-di-mobil-bisa-tersebar-berasal-dari-hp-pelaku-disebar-sosok-ini,No,Adult: Sexual content,Restricted ad serving,ca-pub-7784034061253020,64,2024-07-31,2024-08-06
belitung.tribunnews.com,Page,N/A,N/A,belitung.tribunnews.com/2016/10/27/inilah-wanita-pemilik-payudara-terindah-di-jepang,No,Shocking content,Restricted ad serving,ca-pub-7784034061253020,64,2024-07-31,2024-08-06
aceh.tribunnews.com,Page,N/A,N/A,aceh.tribunnews.com/2019/12/08/viral-video-seorang-ibu-tega-injak-injak-anaknya-hingga-menangis-dan-menjerit-warganet-kecam-keras,No,Shocking content,Restricted ad serving,ca-pub-7784034061253020,64,2024-07-31,2024-08-04
makassar.tribunnews.com,Page,N/A,N/A,makassar.tribunnews.com/2016/01/20/payudara-gadis-ini-disebut-paling-indah-lihat-foto-lengkapnya,No,Adult: Sexual content,Restricted ad serving,ca-pub-7784034061253020,63,2024-07-31,2024-08-06
jogja.tribunnews.com,Page,N/A,N/A,jogja.tribunnews.com/2017/05/23/10-sifat-dan-ciri-yang-biasanya-melekat-pada-pria-homoseksual?page=all,No,Adult: Sexual content,Restricted ad serving,ca-pub-7784034061253020,63,2024-08-05,2024-08-05
jambi.tribunnews.com,Page,N/A,N/A,jambi.tribunnews.com/2019/07/07/ada-berperan-tanpa-busana-intip-7-artis-film-horor-indonesia-yang-paling-bikin-gemetar-para-pria,No,Adult: Sexual content,Restricted ad serving,ca-pub-7784034061253020,63,2024-08-02,2024-08-06
jakarta.tribunnews.com,Page,N/A,N/A,jakarta.tribunnews.com/2023/08/18/postingan-bayi-nala-korban-malpraktik-rs-harapan-kita-kini-lenyap-tim-hotman-paris-buka-suara,No,Shocking content,Restricted ad serving,ca-pub-7784034061253020,63,2024-08-04,2024-08-04
jabar.tribunnews.com,Page,N/A,N/A,jabar.tribunnews.com/2021/08/02/doa-sebelum-makan-minum-dan-doa-setelah-makan-lengkap-artinya-berharap-berkah-dan-ungkapan-syukur,No,Google-served ads obscuring content,Restricted ad serving,ca-pub-7784034061253020,63,2024-07-31,2024-08-06
belitung.tribunnews.com,Page,N/A,N/A,belitung.tribunnews.com/2018/10/19/bahan-parfum-termahal-rp-900-juta-sekilo-berasal-dari-umbi-tanaman-ini,Yes,Encouraging accidental clicks: Layout;Google-served ads obscuring content,Restricted ad serving,ca-pub-7784034061253020,63,2024-07-31,2024-08-06
belitung.tribunnews.com,Page,N/A,N/A,belitung.tribunnews.com/2016/03/15/miss-v-punya-berbagai-bentuk-ukuran-dan-warna-ini-yang-paling-disukai-pria,No,Adult: Sexual content,Restricted ad serving,ca-pub-7784034061253020,63,2024-08-04,2024-08-05
batam.tribunnews.com,Page,N/A,N/A,batam.tribunnews.com/2021/05/26/cerita-gadis-kencan-online-sempat-layani-tetangga-tarif-rp-12-juta-dan-sekali-main-rp-400-ribu?page=all,Yes,Encouraging accidental clicks: Layout;Google-served ads obscuring content,Restricted ad serving,ca-pub-7784034061253020,63,2024-08-03,2024-08-06
batam.tribunnews.com,Page,N/A,N/A,batam.tribunnews.com/2020/12/06/ternyata-ini-arti-mimpi-berhubungan-intim-dengan-pacar-menurut-primbon-jawa-anda-harus-waspada?page=3,Yes,Ads Disguised as Content,Restricted ad serving,ca-pub-7784034061253020,63,2024-08-01,2024-08-06
bangka.tribunnews.com,Page,N/A,N/A,bangka.tribunnews.com/2023/11/13/sosok-tetty-rumondang-yang-tewas-dihabisi-suami-kedua-gegara-cemburu-seorang-asn-dan-eks-dirut-rsud?page=all,No,Shocking content,Restricted ad serving,ca-pub-7784034061253020,63,2024-08-06,2024-08-06
bangka.tribunnews.com,Page,N/A,N/A,bangka.tribunnews.com/2016/10/09/ssttt-ini-10-titik-ini-daerah-paling-sensitif-pada-tubuh-wanita,No,Adult: Sexual content,Restricted ad serving,ca-pub-7784034061253020,63,2024-07-31,2024-08-06
aceh.tribunnews.com,Page,N/A,N/A,aceh.tribunnews.com/tag/wanita-telanjang-bulat,Yes,Google-served ads on screens without publisher-content,Restricted ad serving,ca-pub-7784034061253020,63,2024-07-31,2024-08-06
style.tribunnews.com,Page,N/A,N/A,style.tribunnews.com/2016/12/14/benarkah-wanita-yang-berjalan-ngangkang-pertanda-tak-perawan-baca-7-mitos-salah-kaprah-ini,No,Adult: Sexual content,Restricted ad serving,ca-pub-7784034061253020,62,2024-08-01,2024-08-06
makassar.tribunnews.com,Page,N/A,N/A,makassar.tribunnews.com/2020/07/19/aktif-ini-29-aplikasi-link-nonton-film-online-film-dewasa-drakor-download-film-bukan-indoxxi,Yes,Ads Disguised as Content,Restricted ad serving,ca-pub-7784034061253020,62,2024-07-31,2024-08-06
kupang.tribunnews.com,Page,N/A,N/A,kupang.tribunnews.com/2021/01/28/main-nyosor-aja-5-zodiak-ini-dikenal-punya-nafsu-paling-tinggi-di-antara-12-zodiak-lainnya-kamu,No,Adult: Sexual content,Restricted ad serving,ca-pub-7784034061253020,62,2024-08-05,2024-08-05
jogja.tribunnews.com,Page,N/A,N/A,jogja.tribunnews.com/2018/01/04/apakah-petting-bisa-picu-kehamilan-jawabannya-bisa-asalkan,No,Adult: Sexual content,Restricted ad serving,ca-pub-7784034061253020,62,2024-07-31,2024-08-06
jatim.tribunnews.com,Page,N/A,N/A,jatim.tribunnews.com/2024/01/14/nasib-kakak-beradik-tersangka-duel-carok-2-vs-4-di-bangkalan-menghela-nafas-terancam-menua-di-bui?page=2,No,Shocking content,Restricted ad serving,ca-pub-7784034061253020,62,2024-08-06,2024-08-06
jambi.tribunnews.com,Page,N/A,N/A,jambi.tribunnews.com/2020/11/10/link-full-video-panas-gisella-anastasia-diburu-warganet-hingga-jadi-bahan-guyonan-di-media-sosial,No,Google-served ads obscuring content,Restricted ad serving,ca-pub-7784034061253020,62,2024-08-01,2024-08-05
belitung.tribunnews.com,Page,N/A,N/A,belitung.tribunnews.com/2017/10/16/video-cewek-seksi-tidur-di-ranjang-rekam-teman-sendiri-begituan,No,Adult: Sexual content,Restricted ad serving,ca-pub-7784034061253020,62,2024-07-31,2024-08-06
bangka.tribunnews.com,Page,N/A,N/A,bangka.tribunnews.com/2017/03/15/gadis-gadis-cantik-ini-siap-layani-pijat-payudara-hingga-threesome,No,Adult: Sexual content,Restricted ad serving,ca-pub-7784034061253020,62,2024-07-31,2024-08-06
www.tribunnews.com,Page,N/A,N/A,www.tribunnews.com/internasional/2017/01/22/pria-pemilik-organ-intim-terpanjang-dan-terbesar-ini-mengaku-tersiksa,No,Shocking content,Restricted ad serving,ca-pub-7784034061253020,61,2024-07-31,2024-08-06
surabaya.tribunnews.com,Page,N/A,N/A,surabaya.tribunnews.com/2019/06/25/berhubungan-badan-maraton-48-jam-pengantin-baru-wanita-tewas-mengenaskan,No,Adult: Sexual content,Restricted ad serving,ca-pub-7784034061253020,61,2024-07-31,2024-08-04
sultra.tribunnews.com,Page,N/A,N/A,sultra.tribunnews.com/2023/02/20/video-erika-viral-di-tiktok-prank-ojol-full-1-menit-31-detik-awalnya-masuk-rumah-lalu-kamar-mandi?page=2,No,Adult: Sexual content,Restricted ad serving,ca-pub-7784034061253020,61,2024-08-04,2024-08-04
pekanbaru.tribunnews.com,Page,N/A,N/A,pekanbaru.tribunnews.com/2021/08/30/seleb-tiktok-aceh-mia-khalifa-punya-dada-jumbo-ternyata-balon-berikut-fakta-fakta-miftahul-husna,Yes,Encouraging accidental clicks: Layout;Google-served ads obscuring content,Restricted ad serving,ca-pub-7784034061253020,61,2024-07-31,2024-08-04
makassar.tribunnews.com,Page,N/A,N/A,makassar.tribunnews.com/2020/07/12/ceplos-nikita-mirzani-cerita-pengalaman-tak-puas-di-ranjang-sebut-vicky-nitinegoro-paling-cepat,Yes,Ads Disguised as Content,Restricted ad serving,ca-pub-7784034061253020,61,2024-07-31,2024-08-06
makassar.tribunnews.com,Page,N/A,N/A,makassar.tribunnews.com/2019/09/24/6-kali-berhubungan-intim-bebby-fey-emang-sih-wik-wik-sama-genderuwo-itu-bener-bener-nagih,No,Adult: Sexual content,Restricted ad serving,ca-pub-7784034061253020,61,2024-08-03,2024-08-05
m.tribunnews.com,Page,N/A,N/A,m.tribunnews.com/internasional/2015/01/09/jangan-ditiru-orang-jepang-disarankan-bercinta-dulu-baru-menikah,No,Adult: Sexual content;Shocking content,Restricted ad serving,ca-pub-7784034061253020,61,2024-08-01,2024-08-04
kaltim.tribunnews.com,Page,N/A,N/A,kaltim.tribunnews.com/2024/07/23/2-jam-pencarian-wanita-paruh-baya-di-kukar-yang-lompat-ke-sungai-mahakam-ditemukan-selamat,No,Shocking content,Restricted ad serving,ca-pub-7784034061253020,61,2024-08-05,2024-08-05
jateng.tribunnews.com,Page,N/A,N/A,jateng.tribunnews.com/2024/07/23/cerita-dongeng-anak-pengantar-tidur-kisah-putri-serindang-bulan-dari-bengkulu,No,Shocking content,Restricted ad serving,ca-pub-7784034061253020,61,2024-08-06,2024-08-06
jambi.tribunnews.com,Page,N/A,N/A,jambi.tribunnews.com/2020/06/27/remaja-cantik-di-kota-jambi-open-bo-di-kamar-kos-sekali-naik-rp-800-ribu,No,Adult: Sexual content,Restricted ad serving,ca-pub-7784034061253020,61,2024-08-01,2024-08-06
jambi.tribunnews.com,Page,N/A,N/A,jambi.tribunnews.com/2011/07/17/miyabi-usia-19-tahun-sudah-kenal-48-posisi-sex,No,Adult: Sexual content,Restricted ad serving,ca-pub-7784034061253020,61,2024-07-31,2024-08-05
jabar.tribunnews.com,Page,N/A,N/A,jabar.tribunnews.com/2023/10/18/pengobatan-alat-vital-garut-jawa-barat-h-abdul-azis-resmi-terbukti-telepon-0852-1712-3567,No,Adult: Sexual content,Restricted ad serving,ca-pub-7784034061253020,61,2024-08-02,2024-08-05
bengkulu.tribunnews.com,Page,N/A,N/A,bengkulu.tribunnews.com/2022/07/27/rebahin-streaming-pindah-kemana-cek-link-terbaru-nonton-film-gratis-dan-link-alternatif-legal,Yes,Google-served ads obscuring content;Modified Javascript: Ads by Google size,Restricted ad serving,ca-pub-7784034061253020,61,2024-07-31,2024-08-05
bangka.tribunnews.com,Page,N/A,N/A,bangka.tribunnews.com/2022/11/04/amalan-doa-kuat-dan-tahan-lama-khusus-suami-ketika-berhubungan-dengan-istri?page=2,No,Adult: Sexual content,Restricted ad serving,ca-pub-7784034061253020,61,2024-08-04,2024-08-04
bangka.tribunnews.com,Page,N/A,N/A,bangka.tribunnews.com/2019/12/29/heboh-video-mesum-abg-di-ayunan-cafe-hingga-viral-dan-tersebar-di-grup-wa-polisi-ungkap-fakta-ini,No,Adult: Sexual content,Restricted ad serving,ca-pub-7784034061253020,61,2024-07-31,2024-08-06
bali.tribunnews.com,Page,N/A,N/A,bali.tribunnews.com/2016/10/14/video-nikita-mirzani-buka-bra-dan-mandi-beredar-usai-mesra-bareng-zack-lee-katanya-biar-meleleh,No,Adult: Sexual content,Restricted ad serving,ca-pub-7784034061253020,61,2024-08-06,2024-08-06
aceh.tribunnews.com,Page,N/A,N/A,aceh.tribunnews.com/2024/02/07/pengakuan-junaedi-siswa-smk-yang-bunuh-1-keluarga-di-babulu-laut-setubuhi-jasad-ibu-eks-pacar,No,Google-served ads obscuring content,Restricted ad serving,ca-pub-7784034061253020,61,2024-07-31,2024-08-06
www.tribunnews.com,Page,N/A,N/A,www.tribunnews.com/kesehatan/2018/02/15/wow-ngomong-soal-ukuran-panjang-burung-punya-orang-surabaya-ternyata-lebihi-orang-china,No,Adult: Sexual content,Restricted ad serving,ca-pub-7784034061253020,60,2024-07-31,2024-08-05
www.tribunnews.com,Page,N/A,N/A,www.tribunnews.com/bisnis/2018/03/29/ini-dia-cerutu-rasa-kuba-made-in-jember-sudah-ekspor-ke-penjuru-dunia-lho,No,Tobacco,Restricted ad serving,ca-pub-7784034061253020,60,2024-07-31,2024-08-04
sumsel.tribunnews.com,Page,N/A,N/A,sumsel.tribunnews.com/2017/09/28/ngeri-ini-dia-tanda-tanda-pria-yang-sedang-bercinta-dengan-jin-wanita,No,Adult: Sexual content,Restricted ad serving,ca-pub-7784034061253020,60,2024-07-31,2024-08-06
pontianak.tribunnews.com,Page,N/A,N/A,pontianak.tribunnews.com/2019/09/24/fakta-baru-video-mesum-pns-cantik-dengan-selingkuhan-di-mobil-begini-reaksi-suami-pemeran-wanita,No,Adult: Sexual content,Restricted ad serving,ca-pub-7784034061253020,60,2024-08-04,2024-08-04
pontianak.tribunnews.com,Page,N/A,N/A,pontianak.tribunnews.com/2016/09/16/waduh-artis-populer-ini-nekat-untuk-tampil-telanjang-di-film-terbarunya,No,Adult: Sexual content,Restricted ad serving,ca-pub-7784034061253020,60,2024-08-01,2024-08-06
pekanbaru.tribunnews.com,Page,N/A,N/A,pekanbaru.tribunnews.com/2021/12/07/apakah-selaput-dara-maria-vania-sudah-robek-karena-berhubungan-badan,No,Adult: Sexual content,Restricted ad serving,ca-pub-7784034061253020,60,2024-08-04,2024-08-04
makassar.tribunnews.com,Page,N/A,N/A,makassar.tribunnews.com/2021/05/26/wanita-muda-nekat-jual-diri-setelah-melahirkan-pasang-tarif-rp-500-ribu-sekali-kencan,Yes,Ads Disguised as Content,Restricted ad serving,ca-pub-7784034061253020,60,2024-07-31,2024-08-06
m.tribunnews.com,Page,N/A,N/A,m.tribunnews.com/kesehatan/2016/02/07/tiga-posisi-bercinta-yang-bikin-suami-merem-melek-bahagia-dan-kian-mesra,No,Adult: Sexual content,Restricted ad serving,ca-pub-7784034061253020,60,2024-08-01,2024-08-05
kupang.tribunnews.com,Page,N/A,N/A,kupang.tribunnews.com/2019/12/09/virgo-dan-5-zodiak-yang-pikirannya-selalu-mesum-jangan-jangan-pasangan-kamu-termasuk,Yes,Ads Disguised as Content,Restricted ad serving,ca-pub-7784034061253020,60,2024-08-01,2024-08-04
kupang.tribunnews.com,Page,N/A,N/A,kupang.tribunnews.com/2014/12/10/vagina-ozon-bikin-suami-puas-istri-makin-disayang,No,Adult: Sexual content,Restricted ad serving,ca-pub-7784034061253020,60,2024-08-01,2024-08-05
jogja.tribunnews.com,Page,N/A,N/A,jogja.tribunnews.com/2015/08/20/bagaimana-hukum-pasutri-mengkonsumsi-obat-perangsang,No,Adult: Sexual content,Restricted ad serving,ca-pub-7784034061253020,60,2024-07-31,2024-08-05
jateng.tribunnews.com,Page,N/A,N/A,jateng.tribunnews.com/2021/12/08/heboh-siswi-smp-kirim-foto-tanpa-busana-sebagai-syarat-jadi-anggota-paskibra-ini-faktanya,Yes,Ads Disguised as Content,Restricted ad serving,ca-pub-7784034061253020,60,2024-07-31,2024-08-06
jabar.tribunnews.com,Page,N/A,N/A,jabar.tribunnews.com/2023/08/06/pengobatan-alat-vital-htobi-putra-mak-erot-asli,Yes,Google-served ads obscuring content;Modified Javascript: Ads by Google size,Restricted ad serving,ca-pub-7784034061253020,60,2024-08-02,2024-08-06
health.tribunnews.com,Page,N/A,N/A,health.tribunnews.com/2023/07/27/jangan-pijat-penis-memijat-mr-p-bisa-timbulkan-bahaya-dan-sebabkan-gangguan-ereksi,No,Adult: Sexual content,Restricted ad serving,ca-pub-7784034061253020,60,2024-08-06,2024-08-06
belitung.tribunnews.com,Page,N/A,N/A,belitung.tribunnews.com/2022/05/10/wanita-tanpa-busana-histeris-lagi-asik-mandi-pria-tak-diundang-datang-syok-tubuhnya-jadi-tontonan,Yes,Ads Disguised as Content,Restricted ad serving,ca-pub-7784034061253020,60,2024-08-02,2024-08-05
belitung.tribunnews.com,Page,N/A,N/A,belitung.tribunnews.com/2017/03/13/video-gadis-goyang-goyangkan-dada-saat-pakai-seragam-mendadak-viral,No,Shocking content,Restricted ad serving,ca-pub-7784034061253020,60,2024-07-31,2024-08-06
batam.tribunnews.com,Page,N/A,N/A,batam.tribunnews.com/2019/04/10/polisi-beberkan-pengeroyokan-siswi-smpoleh-siswi-sma-sempat-kabur-korban-dikejar-dan-dianiaya-lagi?page=2,No,Adult: Sexual content,Restricted ad serving,ca-pub-7784034061253020,60,2024-08-05,2024-08-05
aceh.tribunnews.com,Page,N/A,N/A,aceh.tribunnews.com/2023/02/08/dr-boyke-sebut-baking-soda-bisa-bikin-pasutri-punya-anak-laki-laki-kok-bisa-simak-penjelasannya?page=2,No,Adult: Sexual content,Restricted ad serving,ca-pub-7784034061253020,60,2024-08-04,2024-08-04
wartakota.tribunnews.com,Page,N/A,N/A,wartakota.tribunnews.com/2021/02/25/video-pasangan-kekasih-berhubungan-intim-di-taman-kota-viral-cuek-jadi-tontonan-anak-anak-dan-warga,No,Google-served ads obscuring content,Restricted ad serving,ca-pub-7784034061253020,59,2024-07-31,2024-08-06
suryamalang.tribunnews.com,Page,N/A,N/A,suryamalang.tribunnews.com/2023/10/18/buka-jasa-pijat-plus-plus-di-malang-cewek-open-bo-asal-jakarta-jember-dan-dampit-diciduk-satpol-pp,No,Adult: Sexual content,Restricted ad serving,ca-pub-7784034061253020,59,2024-08-05,2024-08-05
sulbar.tribunnews.com,Page,N/A,N/A,sulbar.tribunnews.com/2023/10/12/video-viral-wanita-mirip-rebecca-di-yandex-tanpa-sensor-durasi-4-dan-11-menit-dulu-viral-47-detik?page=2,No,Adult: Sexual content,Restricted ad serving,ca-pub-7784034061253020,59,2024-08-04,2024-08-04
prohaba.tribunnews.com,Page,N/A,N/A,prohaba.tribunnews.com/2022/11/08/fakta-baru-video-mesum-kebaya-merah-pemeran-wanita-mengaku-24-tahun-prianya-mirip-dengan-sosok-ini,Yes,Ads Disguised as Content,Restricted ad serving,ca-pub-7784034061253020,59,2024-08-01,2024-08-06
pontianak.tribunnews.com,Page,N/A,N/A,pontianak.tribunnews.com/2017/11/13/6-artis-papan-atas-ini-menyesal-pernah-bugil-dan-lakukan-adegan-panas-di-film,No,Adult: Sexual content,Restricted ad serving,ca-pub-7784034061253020,59,2024-07-31,2024-08-06
pekanbaru.tribunnews.com,Page,N/A,N/A,pekanbaru.tribunnews.com/2018/05/25/5-bentuk-tangan-pengaruhi-kepribadian-si-tangan-air-kamu-pandai-menyimpan-rahasia-orang-lain,No,Shocking content,Restricted ad serving,ca-pub-7784034061253020,59,2024-07-31,2024-08-04
makassar.tribunnews.com,Page,N/A,N/A,makassar.tribunnews.com/2017/07/26/3-khasiat-luar-biasa-air-mani-bagi-wanita-nomor-2-tak-disangka-loh,No,Adult: Sexual content,Restricted ad serving,ca-pub-7784034061253020,59,2024-08-01,2024-08-04
kupang.tribunnews.com,Page,N/A,N/A,kupang.tribunnews.com/2017/06/23/video-ya-ampun-tak-pakai-celana-dalam-artis-korea-ini-tak-sadar-organ-intimnya-kelihatan?page=all,Yes,Ads Disguised as Content,Restricted ad serving,ca-pub-7784034061253020,59,2024-07-31,2024-08-06
jateng.tribunnews.com,Page,N/A,N/A,jateng.tribunnews.com/2017/01/09/usia-baru-7-tahun-ukuran-payudara-bocah-ini-bikin-heboh-ini-yang-terjadi-padanya?page=all,No,Adult: Sexual content,Restricted ad serving,ca-pub-7784034061253020,59,2024-08-01,2024-08-06
jambi.tribunnews.com,Page,N/A,N/A,jambi.tribunnews.com/2021/04/13/bintang-film-panas-rusia-ini-dikerubuti-para-lelaki-saat-liburan-di-bali-lihat-ekspresinya?page=all,Yes,Ads Disguised as Content,Restricted ad serving,ca-pub-7784034061253020,59,2024-08-02,2024-08-06
belitung.tribunnews.com,Page,N/A,N/A,belitung.tribunnews.com/2018/01/04/heboh-video-mesum-wanita-dewasa-dengan-2-bocah-di-hotel-bikin-netter-penasaran-begini-cuplikannya,No,Adult: Sexual content,Restricted ad serving,ca-pub-7784034061253020,59,2024-07-31,2024-08-06
bangka.tribunnews.com,Page,N/A,N/A,bangka.tribunnews.com/2019/09/19/berniat-tahan-lama-dalam-berhubungan-intim-belasan-pria-di-sumedang-tumbang-usai-minum-kopi-ini,No,Adult: Sexual content,Restricted ad serving,ca-pub-7784034061253020,59,2024-07-31,2024-08-06
bangka.tribunnews.com,Page,N/A,N/A,bangka.tribunnews.com/2018/06/12/sekilah-tentang-kabbalah-kitab-mistisisme-yahudi-yang-ramai-diperbincangkan,No,Google-served ads obscuring content,Restricted ad serving,ca-pub-7784034061253020,59,2024-08-01,2024-08-06
aceh.tribunnews.com,Page,N/A,N/A,aceh.tribunnews.com/2024/06/24/ingat-tak-semua-selaput-dara-miss-v-robek-tak-berdarah-pertanda-tidak-perawan-ini-penjelasannya,No,Adult: Sexual content,Restricted ad serving,ca-pub-7784034061253020,59,2024-08-04,2024-08-04
aceh.tribunnews.com,Page,N/A,N/A,aceh.tribunnews.com/2023/01/30/dr-boyke-bagikan-cara-hitung-masa-subur-agar-hamil-usai-hubungan-intim-pasutri-jangan-salah-jadwal,No,Adult: Sexual content,Restricted ad serving,ca-pub-7784034061253020,59,2024-08-05,2024-08-05
aceh.tribunnews.com,Page,N/A,N/A,aceh.tribunnews.com/2019/03/23/dompet-kosong-dapat-sebabkan-sakit-jantung-simak-penjelasannya,Yes,Site Behavior: Navigation,Restricted ad serving,ca-pub-7784034061253020,59,2024-08-03,2024-08-06
wartakota.tribunnews.com,Page,N/A,N/A,wartakota.tribunnews.com/2017/10/30/sihir-sejumlah-suku-di-dunia-yang-paling-mencengangkan-misalnya-hidupkan-mayat,No,Shocking content,Restricted ad serving,ca-pub-7784034061253020,58,2024-07-31,2024-08-05
style.tribunnews.com,Page,N/A,N/A,style.tribunnews.com/2017/06/26/lirik-lagu-brother-kodaline-malu-ungkapin-rasa-sayang-ke-saudara-kodein-aja-pakai-hits-baru-ini,Yes,Encouraging accidental clicks: Layout,Restricted ad serving,ca-pub-7784034061253020,58,2024-07-31,2024-08-06
pontianak.tribunnews.com,Page,N/A,N/A,pontianak.tribunnews.com/2018/02/05/puaskan-istri-saat-haid-begini-caranya-dalam-islam?page=2,No,Adult: Sexual content,Restricted ad serving,ca-pub-7784034061253020,58,2024-07-31,2024-08-06
pekanbaru.tribunnews.com,Page,N/A,N/A,pekanbaru.tribunnews.com/2020/11/18/pengakuan-pria-dari-komunitas-gigolo-di-jakarta-ada-kode-nakal-gigolo-buat-tante-girang,No,Adult: Sexual content,Restricted ad serving,ca-pub-7784034061253020,58,2024-08-04,2024-08-04
medan.tribunnews.com,Page,N/A,N/A,medan.tribunnews.com/2019/02/23/terungkap-rahasia-kaisar-china-kuat-tiduri-121-wanita-dalam-15-hari-ini-jatah-ratu-istri-selir,No,Shocking content,Restricted ad serving,ca-pub-7784034061253020,58,2024-07-31,2024-08-04
m.tribunnews.com,Page,N/A,N/A,m.tribunnews.com/kesehatan/2018/02/12/jauh-dari-suami-ibu-2-anak-ini-3-tahun-pakai-sex-toys-blak-blakan-soal-rasa-dan-pendapat-suaminya,No,Adult: Sexual content,Restricted ad serving,ca-pub-7784034061253020,58,2024-07-31,2024-08-06
kupang.tribunnews.com,Page,N/A,N/A,kupang.tribunnews.com/2018/02/19/selain-ladyboy-thailand-punya-10-wanita-tomboy-yang-jadi-pria-ganteng,No,Shocking content,Restricted ad serving,ca-pub-7784034061253020,58,2024-08-01,2024-08-04
kupang.tribunnews.com,Page,N/A,N/A,kupang.tribunnews.com/2014/08/18/tante-girang-yang-puas-akan-jadikan-brondong-sebagai-pacar,No,Adult: Sexual content,Restricted ad serving,ca-pub-7784034061253020,58,2024-07-31,2024-08-06
kaltim.tribunnews.com,Page,N/A,N/A,kaltim.tribunnews.com/2017/09/13/pria-indonesia-ini-jadi-bintang-film-dewasa-khusus-gay-di-luar-negeri,No,Shocking content,Restricted ad serving,ca-pub-7784034061253020,58,2024-08-02,2024-08-06
jatim.tribunnews.com,Page,N/A,N/A,jatim.tribunnews.com/2021/04/06/pulang-bimbel-siswi-berlumur-darah-orang-tua-syok-anak-digilir-4-pria-ending-tewas-tak-kuat,No,Shocking content,Restricted ad serving,ca-pub-7784034061253020,58,2024-08-06,2024-08-06
belitung.tribunnews.com,Page,N/A,N/A,belitung.tribunnews.com/2017/02/27/siswi-sma-dipaksa-layani-nafsu-lelaki-ini-aksinya-direkam,No,Adult: Sexual content,Restricted ad serving,ca-pub-7784034061253020,58,2024-08-06,2024-08-06
belitung.tribunnews.com,Page,N/A,N/A,belitung.tribunnews.com/2016/04/20/sering-nonton-film-porno-pelajar-sma-lampiaskan-birahinya-ke-pacar,No,Adult: Sexual content,Restricted ad serving,ca-pub-7784034061253020,58,2024-08-04,2024-08-04
belitung.tribunnews.com,Page,N/A,N/A,belitung.tribunnews.com/2016/03/26/enam-hal-nakal-sebagai-variasi-saat-bercinta-yang-perlu-dicoba,No,Adult: Sexual content,Restricted ad serving,ca-pub-7784034061253020,58,2024-08-02,2024-08-05
batam.tribunnews.com,Page,N/A,N/A,batam.tribunnews.com/2019/03/12/pembunuhan-sadis-remaja-diperkosa-wajahnya-dikuliti-lalu-dibuang-di-lapangan-3-pria-diburu-polisi?page=1,No,Shocking content,Restricted ad serving,ca-pub-7784034061253020,58,2024-08-04,2024-08-04
bangka.tribunnews.com,Page,N/A,N/A,bangka.tribunnews.com/2017/03/13/astaga-pria-ini-puaskan-nafsunya-ke-alat-bantu-seks-kalau-nggak-ada-bocah-buat-dicabuli,No,Adult: Sexual content,Restricted ad serving,ca-pub-7784034061253020,58,2024-08-01,2024-08-06
bangka.tribunnews.com,Page,N/A,N/A,bangka.tribunnews.com/2017/02/11/kisah-pilu-pemilik-penis-terbesar-di-dunia-ditolak-wanita-hingga-pengen-jadi-bintang-porno,Yes,Ads Disguised as Content,Restricted ad serving,ca-pub-7784034061253020,58,2024-07-31,2024-08-04
bali.tribunnews.com,Page,N/A,N/A,bali.tribunnews.com/2016/05/30/setelah-eno-tewas-dengan-cangkul-gadis-20-tahun-kembali-tewas-dengan-kondisi-tanpa-busana,Yes,Encouraging accidental clicks: Layout,Restricted ad serving,ca-pub-7784034061253020,58,2024-07-31,2024-08-06
suryamalang.tribunnews.com,Page,N/A,N/A,suryamalang.tribunnews.com/2021/04/27/siang-dan-malam-psk-di-pemalang-siap-layani-birahi-pelanggan-saat-ramadan-2021-modusnya-tutup-pintu,No,Adult: Sexual content,Restricted ad serving,ca-pub-7784034061253020,57,2024-08-04,2024-08-04
pekanbaru.tribunnews.com,Page,N/A,N/A,pekanbaru.tribunnews.com/2022/10/27/cewek-wajib-tahu-34b-kecil-atau-besar-34b-artinya-bahasa-gaul-apa?page=all,No,Adult: Sexual content,Restricted ad serving,ca-pub-7784034061253020,57,2024-08-05,2024-08-05
newsmaker.tribunnews.com,Page,N/A,N/A,newsmaker.tribunnews.com/2024/05/15/bolehkah-istri-menolak-menyalurkan-syahwat-suami-lewat-video-call-begini-pandangan-buya-yahya?source=kgnotif_1,No,Adult: Sexual content,Restricted ad serving,ca-pub-7784034061253020,57,2024-08-04,2024-08-04
medan.tribunnews.com,Page,N/A,N/A,medan.tribunnews.com/2020/10/27/ternyata-memainkan-puting-payudara-juga-bisa-bikin-wanita-cepat-orgasme-berikut-penjelasannya?page=all,No,Adult: Sexual content,Restricted ad serving,ca-pub-7784034061253020,57,2024-08-06,2024-08-06
m.tribunnews.com,Page,N/A,N/A,m.tribunnews.com/pendidikan/2024/02/09/kunci-jawaban-bahasa-inggris-kelas-9-kurikulum-merdeka-halaman-70-71-chapter-1-section-6-dan-7,No,Adult: Sexual content,Restricted ad serving,ca-pub-7784034061253020,57,2024-08-06,2024-08-06
bangka.tribunnews.com,Page,N/A,N/A,bangka.tribunnews.com/2022/05/12/susah-hamil-karena-letak-rahim-terbalik-ini-tips-berhubungan-biologis-yang-tepat,No,Adult: Sexual content,Restricted ad serving,ca-pub-7784034061253020,57,2024-08-06,2024-08-06
bangka.tribunnews.com,Page,N/A,N/A,bangka.tribunnews.com/2018/05/03/pensiun-dari-film-dewasa-ini-kabar-terakhir-artis-jepang-yang-pernah-main-film-indonesia-ini,No,Shocking content,Restricted ad serving,ca-pub-7784034061253020,57,2024-08-01,2024-08-05
bangka.tribunnews.com,Page,N/A,N/A,bangka.tribunnews.com/2016/11/24/mengejutkan-ternyata-negara-ini-penduduknya-yang-paling-sering-berhubungan-seks,No,Adult: Sexual content,Restricted ad serving,ca-pub-7784034061253020,57,2024-07-31,2024-08-05
bangka.tribunnews.com,Page,N/A,N/A,bangka.tribunnews.com/2016/05/01/ssst-inilah-ciri-ciri-orang-yang-kecanduan-onani?page=2,Yes,Google-served ads obscuring content;Modified Javascript: Ads by Google size,Restricted ad serving,ca-pub-7784034061253020,57,2024-08-02,2024-08-05
aceh.tribunnews.com,Page,N/A,N/A,aceh.tribunnews.com/2022/09/15/berapa-kali-idealnya-pasutri-berhubungan-intim-dalam-seminggu-dr-boyke-normalnya-segini-ikut-usia?page=2,No,Adult: Sexual content,Restricted ad serving,ca-pub-7784034061253020,57,2024-08-04,2024-08-04
www.tribunnews.com,Page,N/A,N/A,www.tribunnews.com/section/2019/03/14/pembunuhan-sadis-jasad-gadis-16-tahun-ditemukan-dengan-wajah-dikuliti-dan-beberapa-organ-hilang,Yes,Ads Disguised as Content,Restricted ad serving,ca-pub-7784034061253020,56,2024-07-31,2024-08-05
www.tribunnews.com,Page,N/A,N/A,www.tribunnews.com/regional/2021/03/05/selebgram-di-makassar-tewas-ditikam-pacar-sendiri-diduga-karena-dendam,Yes,Ads Disguised as Content,Restricted ad serving,ca-pub-7784034061253020,56,2024-08-06,2024-08-06
www.tribunnews.com,Page,N/A,N/A,www.tribunnews.com/lifestyle/2017/02/13/inilah-ciri-cirinya-pacar-anda-sudah-tidak-perjaka-lagi,No,Adult: Sexual content,Restricted ad serving,ca-pub-7784034061253020,56,2024-07-31,2024-08-04
wartakota.tribunnews.com,Page,N/A,N/A,wartakota.tribunnews.com/tag/janda-muda-jadi-objek-seks,Yes,Google-served ads on screens without publisher-content,Restricted ad serving,ca-pub-7784034061253020,56,2024-08-01,2024-08-05
makassar.tribunnews.com,Page,N/A,N/A,makassar.tribunnews.com/2019/10/03/tubuh-adik-ipar-lebih-molek-ketimbang-istri-suami-rela-menyebrang-ke-ranjang-na-hampir-setiap-malam,No,Adult: Sexual content,Restricted ad serving,ca-pub-7784034061253020,56,2024-08-04,2024-08-04
jambi.tribunnews.com,Page,N/A,N/A,jambi.tribunnews.com/2018/01/29/resep-rahasia-aktor-film-panas-tetap-tegang-sepanjang-film-efek-bisa-merugikan,No,Adult: Sexual content;Shocking content,Restricted ad serving,ca-pub-7784034061253020,56,2024-07-31,2024-08-06
jabar.tribunnews.com,Page,N/A,N/A,jabar.tribunnews.com/2015/11/02/wanita-pun-perlu-tahu-ini-17-fakta-tentang-ereksi-seorang-pria,No,Adult: Sexual content,Restricted ad serving,ca-pub-7784034061253020,56,2024-08-02,2024-08-06
aceh.tribunnews.com,Page,N/A,N/A,aceh.tribunnews.com/2022/11/30/3-cara-mengontrol-hawa-nafsu-berlebihan-ala-seksolog-dr-boyke-lakukan-3-kegiatan-bermanfaat-ini,No,Adult: Sexual content,Restricted ad serving,ca-pub-7784034061253020,56,2024-08-06,2024-08-06
www.tribunnews.com,Page,N/A,N/A,www.tribunnews.com/lifestyle/2017/07/10/pacarmu-yang-pendiam-itu-bisa-jadi-seorang-hiperseks-coba-cocokkan-dengan-ciri-ciri-ini,No,Adult: Sexual content,Restricted ad serving,ca-pub-7784034061253020,55,2024-07-31,2024-08-06
www.tribunnews.com,Page,N/A,N/A,www.tribunnews.com/internasional/2012/06/29/sadis-kartel-obat-terlarang-rekam-adegan-penggal-kepala,No,Shocking content,Restricted ad serving,ca-pub-7784034061253020,55,2024-07-31,2024-08-06
newsmaker.tribunnews.com,Page,N/A,N/A,newsmaker.tribunnews.com/2024/06/14/bolehkah-istri-menolak-hubungan-intim-dengan-suami-karena-sakit-buya-yahya-jelaskan-pandangan-islam?source=kgnotif_1,No,Adult: Sexual content,Restricted ad serving,ca-pub-7784034061253020,55,2024-08-04,2024-08-04
medan.tribunnews.com,Page,N/A,N/A,medan.tribunnews.com/2019/03/20/ini-dia-5-merek-rokok-paling-mahal-di-dunia-ada-yang-harganya-capai-rp-953-ribu?page=3,No,Tobacco,Restricted ad serving,ca-pub-7784034061253020,55,2024-08-02,2024-08-05
makassar.tribunnews.com,Page,N/A,N/A,makassar.tribunnews.com/2021/08/23/kunci-jawaban-buku-tema-2-kelas-1-sd-halaman-22-30-sebutkan-olahraga-yang-kamu-ketahui,Yes,Encouraging accidental clicks: Layout;Google-served ads obscuring content,Restricted ad serving,ca-pub-7784034061253020,55,2024-07-31,2024-08-06
kupang.tribunnews.com,Page,N/A,N/A,kupang.tribunnews.com/2020/12/08/bikin-heboh-5-artis-film-dewasa-keturunan-indonesia-ada-kakak-adik-asal-tegal-jawa-tengah?page=2,No,Adult: Sexual content,Restricted ad serving,ca-pub-7784034061253020,55,2024-08-04,2024-08-04
jateng.tribunnews.com,Page,N/A,N/A,jateng.tribunnews.com/2024/02/28/segini-tarif-harga-terapi-alat-vital-di-h-saepudin-cucu-mak-erot?page=3,No,Adult: Sexual content,Restricted ad serving,ca-pub-7784034061253020,55,2024-08-04,2024-08-04
jambi.tribunnews.com,Page,N/A,N/A,jambi.tribunnews.com/2018/04/08/hubungan-cara-berjalan-dengan-keperawanan-anda-jangan-salah-kaprah,No,Adult: Sexual content,Restricted ad serving,ca-pub-7784034061253020,55,2024-07-31,2024-08-05
bangka.tribunnews.com,Page,N/A,N/A,bangka.tribunnews.com/2018/01/04/bikin-netizen-penasaran-heboh-video-bokep-anak-kecil-dengan-wanita-dewasa?page=2,No,Adult: Sexual content,Restricted ad serving,ca-pub-7784034061253020,55,2024-08-05,2024-08-05
bangka.tribunnews.com,Page,N/A,N/A,bangka.tribunnews.com/2017/11/09/reaksi-3-janda-cantik-saat-goyang-goyang-turun-naik-bikin-salah-fokus-pada-itunya,No,Shocking content,Restricted ad serving,ca-pub-7784034061253020,55,2024-08-01,2024-08-06
aceh.tribunnews.com,Page,N/A,N/A,aceh.tribunnews.com/2023/09/20/artis-film-porno-yang-disutradarai-irwansyah-ternyata-dibayar-rp-1-juta-kini-ngaku-jadi-korban?page=4,No,Google-served ads obscuring content,Restricted ad serving,ca-pub-7784034061253020,55,2024-07-31,2024-08-06
aceh.tribunnews.com,Page,N/A,N/A,aceh.tribunnews.com/2022/12/09/uas-sebut-jangan-berhubungan-intim-ketika-adzan-berkumandang-dr-boyke-sebaiknya-sebelum-shubuh?page=2,No,Adult: Sexual content,Restricted ad serving,ca-pub-7784034061253020,55,2024-08-04,2024-08-04
aceh.tribunnews.com,Page,N/A,N/A,aceh.tribunnews.com/2022/05/14/7-ciri-ciri-wanita-gampang-selingkuh-faktor-kesuksesannya-juga-berpengaruh?page=2,No,Google-served ads obscuring content,Restricted ad serving,ca-pub-7784034061253020,55,2024-08-04,2024-08-06
www.tribunnewswiki.com,Page,N/A,N/A,www.tribunnewswiki.com/2020/11/09/bikin-film-tak-senonoh-di-taman-nasional-4-bintang-film-dewasa-terancam-tuntutan-hukum,Yes,Encouraging accidental clicks: Layout,Restricted ad serving,ca-pub-7784034061253020,54,2024-07-31,2024-08-06
www.tribunnews.com,Page,N/A,N/A,www.tribunnews.com/internasional/2019/11/29/perilaku-seks-menyimpang-pasangan-ditampar-dan-diludahi-saat-berhubungan-intim,No,Adult: Sexual content,Restricted ad serving,ca-pub-7784034061253020,54,2024-08-01,2024-08-05
wartakota.tribunnews.com,Page,N/A,N/A,wartakota.tribunnews.com/2022/10/03/viral-video-mesum-gadis-cantik-berpakaian-adat-bali-di-dalam-mobil-phdibali-kecam-keras,Yes,Ads Disguised as Content,Restricted ad serving,ca-pub-7784034061253020,54,2024-07-31,2024-08-06
video.tribunnews.com,Page,N/A,N/A,video.tribunnews.com/view/746813/dolly-terduga-pelaku-pembacokan-anggota-tni-dijemput-dari-rumah-berakhir-lebam-lebam-dipukuli,No,Shocking content,Restricted ad serving,ca-pub-7784034061253020,54,2024-08-06,2024-08-06
travel.tribunnews.com,Page,N/A,N/A,travel.tribunnews.com/2017/07/01/astaga-karena-alasan-ini-banyak-pria-jepang-lebih-pilih-boneka-seks-ketimbang-perempuan,No,Adult: Sexual content,Restricted ad serving,ca-pub-7784034061253020,54,2024-07-31,2024-08-06
sumsel.tribunnews.com,Page,N/A,N/A,sumsel.tribunnews.com/2018/02/07/sebentar-lagi-menikah-artis-cantik-ini-malah-sering-posting-foto-seksi-pose-bikininya-nggak-kuat,Yes,Ads Disguised as Content,Restricted ad serving,ca-pub-7784034061253020,54,2024-07-31,2024-08-05
sulbar.tribunnews.com,Page,N/A,N/A,sulbar.tribunnews.com/2023/04/24/16-link-full-video-syakirah-viral-tampil-vulgar-beredar-di-tiktok-dan-twitter-masih-diburu-nitizen?page=2,No,Google-served ads obscuring content,Restricted ad serving,ca-pub-7784034061253020,54,2024-07-31,2024-08-05
pontianak.tribunnews.com,Page,N/A,N/A,pontianak.tribunnews.com/2021/11/18/simvastatin-adalah-obat-penurun-kolesterol-kenali-efek-samping-obat-simvastatin,No,Google-served ads obscuring content,Restricted ad serving,ca-pub-7784034061253020,54,2024-08-01,2024-08-06
medan.tribunnews.com,Page,N/A,N/A,medan.tribunnews.com/tag/video-syur-cut-tari-dan-ariel,Yes,Google-served ads on screens without publisher-content,Restricted ad serving,ca-pub-7784034061253020,54,2024-08-02,2024-08-04
makassar.tribunnews.com,Page,N/A,N/A,makassar.tribunnews.com/2021/07/15/manfaat-daun-jarak-untuk-menambah-ukuran-keperkasaan-pria-caranya-ambil-air-ramuan-dan-urut,No,Adult: Sexual content,Restricted ad serving,ca-pub-7784034061253020,54,2024-08-04,2024-08-04
makassar.tribunnews.com,Page,N/A,N/A,makassar.tribunnews.com/2015/08/31/sebaiknya-hindari-alat-bantu-suami-istri-ini-bahayanya-mengerikan,No,Adult: Sexual content,Restricted ad serving,ca-pub-7784034061253020,54,2024-08-02,2024-08-05
m.tribunnews.com,Page,N/A,N/A,m.tribunnews.com/lifestyle/2016/08/15/7-benda-yang-ada-di-rumah-ini-bisa-bangkitkan-gairah-bercinta,No,Adult: Sexual content,Restricted ad serving,ca-pub-7784034061253020,54,2024-08-01,2024-08-06
m.tribunnews.com,Page,N/A,N/A,m.tribunnews.com/lifestyle/2010/04/24/gairah-seks-wanita-menurut-primbon-jawa,No,Adult: Sexual content,Restricted ad serving,ca-pub-7784034061253020,54,2024-07-31,2024-08-05
m.tribunnews.com,Page,N/A,N/A,m.tribunnews.com/images/model/view/493902/baby-margaretha,No,Adult: Sexual content,Restricted ad serving,ca-pub-7784034061253020,54,2024-08-05,2024-08-05
kupang.tribunnews.com,Page,N/A,N/A,kupang.tribunnews.com/2020/03/31/heboh-video-mesum-mirip-soraya-rasyid-beredar-presenter-uang-kaget-ini-bikin-pengakuan-benarkah,No,Google-served ads obscuring content,Restricted ad serving,ca-pub-7784034061253020;ca-video-pub-7784034061253020,54,2024-07-31,2024-08-06
kupang.tribunnews.com,Page,N/A,N/A,kupang.tribunnews.com/2017/05/19/ini-4-bentuk-vagina-yang-disukai-pria-nomor-4-paling-oke-menurutmu-guys,No,Adult: Sexual content,Restricted ad serving,ca-pub-7784034061253020,54,2024-07-31,2024-08-05
jogja.tribunnews.com,Page,N/A,N/A,jogja.tribunnews.com/2020/06/16/ciri-ciri-penyebab-dan-cara-mengobati-orang-hiperseks,No,Adult: Sexual content,Restricted ad serving,ca-pub-7784034061253020,54,2024-08-06,2024-08-06
jambi.tribunnews.com,Page,N/A,N/A,jambi.tribunnews.com/2018/08/27/diam-diam-wanita-tidak-suka-4-gaya-hubungan-intim-ini-suami-perlu-tahu,No,Adult: Sexual content,Restricted ad serving,ca-pub-7784034061253020,54,2024-07-31,2024-08-05
health.tribunnews.com,Page,N/A,N/A,health.tribunnews.com/2023/06/16/seks-anal-merajalela-dokter-banyak-sekali-posisi-hubungan-seksual-dan-banyak-orang-bereksperimen,No,Adult: Sexual content,Restricted ad serving,ca-pub-7784034061253020,54,2024-08-05,2024-08-05
bogor.tribunnews.com,Page,N/A,N/A,bogor.tribunnews.com/2016/04/11/muncul-salam-osis-setelah-geger-video-seronok-salam-pramuka,No,Adult: Sexual content,Restricted ad serving,ca-pub-7784034061253020,54,2024-08-01,2024-08-06
belitung.tribunnews.com,Page,N/A,N/A,belitung.tribunnews.com/2023/05/19/biodata-eva-elfie-aktris-film-panas-masuk-daftar-pembunuhan-ukraina-ini-penyebabnya,No,Adult: Sexual content,Restricted ad serving,ca-pub-7784034061253020,54,2024-08-04,2024-08-04
bangka.tribunnews.com,Page,N/A,N/A,bangka.tribunnews.com/2016/05/01/ssst-inilah-ciri-ciri-orang-yang-kecanduan-onani?page=1,No,Adult: Sexual content,Restricted ad serving,ca-pub-7784034061253020,54,2024-08-02,2024-08-06
aceh.tribunnews.com,Page,N/A,N/A,aceh.tribunnews.com/2024/06/25/dr-boyke-ungkap-cara-mengetahui-perempuan-masih-perawan-atau-tidak-begini-caranya,No,Adult: Sexual content,Restricted ad serving,ca-pub-7784034061253020,54,2024-08-05,2024-08-05
aceh.tribunnews.com,Page,N/A,N/A,aceh.tribunnews.com/2023/06/03/viral-alat-kontrasepsi-dipakai-untuk-hubungan-seks-saat-menstruasi-begini-kata-buya-yahya,No,Adult: Sexual content,Restricted ad serving,ca-pub-7784034061253020,54,2024-08-06,2024-08-06
www.tribunnews.com,Page,N/A,N/A,www.tribunnews.com/regional/2017/11/14/perilaku-seks-aneh-pns-ini-sering-masukkan-terong-dan-timun-ke-anunya-istri,No,Adult: Sexual content,Restricted ad serving,ca-pub-7784034061253020,53,2024-07-31,2024-08-05
pontianak.tribunnews.com,Page,N/A,N/A,pontianak.tribunnews.com/2018/03/29/usianya-masih-muda-ini-5-bintang-porno-meninggal-tak-wajar-ada-yang-misterius?page=all,No,Adult: Sexual content,Restricted ad serving,ca-pub-7784034061253020,53,2024-08-02,2024-08-04
makassar.tribunnews.com,Page,N/A,N/A,makassar.tribunnews.com/2017/12/16/beginilah-nasib-7-bintang-film-panas-jepang-saat-tobat-nomor-7-bikin-cara-sendiri-layani-fans?page=all,Yes,Site Behavior: Navigation,Restricted ad serving,ca-pub-7784034061253020,53,2024-08-01,2024-08-06
lampung.tribunnews.com,Page,N/A,N/A,lampung.tribunnews.com/2018/06/03/banyak-gadis-china-tidak-perawan-di-usia-17-tahun-akhirnya-operasi-keperawanan-sebelum-menikah,No,Adult: Sexual content,Restricted ad serving,ca-pub-7784034061253020,53,2024-07-31,2024-08-06
lampung.tribunnews.com,Page,N/A,N/A,lampung.tribunnews.com/2018/03/27/beredar-foto-syur-dokter-ganteng-terkenal-dengan-sesama-jenis-instagramnya-banjir-hujatan,No,Adult: Sexual content,Restricted ad serving,ca-pub-7784034061253020,53,2024-07-31,2024-08-06
kupang.tribunnews.com,Page,N/A,N/A,kupang.tribunnews.com/2017/06/07/ini-dia-5-permainan-nakal-yang-dapat-bangkitkan-hasrat-seksual,No,Adult: Sexual content,Restricted ad serving,ca-pub-7784034061253020,53,2024-08-04,2024-08-05
jambi.tribunnews.com,Page,N/A,N/A,jambi.tribunnews.com/2017/07/30/galeri-foto-tanpa-sensor-ini-5-film-dewasa-dengan-adegan-intim-nyata?page=2,No,Adult: Sexual content,Restricted ad serving,ca-pub-7784034061253020,53,2024-08-01,2024-08-04
jabar.tribunnews.com,Page,N/A,N/A,jabar.tribunnews.com/2015/05/02/heboh-presenter-tv-cantik-ini-bugil-saat-beritakan-hubungan-ronaldo,No,Adult: Sexual content,Restricted ad serving,ca-pub-7784034061253020,53,2024-08-01,2024-08-05
jabar.tribunnews.com,Page,N/A,N/A,jabar.tribunnews.com/2015/04/07/perempuan-simpanan-ini-dipukuli-dan-dilucuti-celana-dalamnya,Yes,Ads Disguised as Content,Restricted ad serving,ca-pub-7784034061253020,53,2024-08-06,2024-08-06
health.tribunnews.com,Page,N/A,N/A,health.tribunnews.com/2023/12/20/wanita-sudah-orgasme-itu-bagaimana-tandanya-ini-kata-seksolog-dr-binsar-martin,No,Adult: Sexual content,Restricted ad serving,ca-pub-7784034061253020,53,2024-08-05,2024-08-05
banjarmasin.tribunnews.com,Page,N/A,N/A,banjarmasin.tribunnews.com/2021/02/05/aksi-nikita-mirzani-telanjang-dada-bikin-heboh-ada-di-foto-rayakan-1-juta-followers-akun-ig-baru,Yes,Ads Disguised as Content,Restricted ad serving,ca-pub-7784034061253020,53,2024-07-31,2024-08-05
bangka.tribunnews.com,Page,N/A,N/A,bangka.tribunnews.com/2020/02/22/lagi-tren-puaskan-nafsu-dengan-pisang-dan-terong-dokter-binggung-dan-beri-peringatan-ini,No,Adult: Sexual content,Restricted ad serving,ca-pub-7784034061253020,53,2024-07-31,2024-08-06
aceh.tribunnews.com,Page,N/A,N/A,aceh.tribunnews.com/2022/10/31/5-cara-menjaga-kebersihan-miss-v-ala-dr-boyke-nomor-4-bikin-syok-karena-sering-dilakukan-wanita,No,Adult: Sexual content,Restricted ad serving,ca-pub-7784034061253020,53,2024-08-04,2024-08-04
www.tribunnews.com,Page,N/A,N/A,www.tribunnews.com/seleb/2022/05/04/sinopsis-film-rampage-aksi-gorila-albino-lawan-serigala-dan-buaya-mutagen-yang-berbahaya,No,Shocking content,Restricted ad serving,ca-pub-7784034061253020,52,2024-08-04,2024-08-04
www.tribunnews.com,Page,N/A,N/A,www.tribunnews.com/seleb/2015/12/11/artis-porno-mahal-jepang-punya-tarif-sekitar-10-juta-yen-sekali-main-film,No,Adult: Sexual content,Restricted ad serving,ca-pub-7784034061253020,52,2024-08-01,2024-08-06
wartakota.tribunnews.com,Page,N/A,N/A,wartakota.tribunnews.com/2021/05/05/penelitian-terbaru-semakin-besar-hidung-menunjukan-ukuran-alat-vital-pria-lebih-panjang,No,Adult: Sexual content,Restricted ad serving,ca-pub-7784034061253020,52,2024-08-05,2024-08-05
sumsel.tribunnews.com,Page,N/A,N/A,sumsel.tribunnews.com/2018/01/06/viral-video-cewe-bertatto-di-bagian-dadaceramahi-netizen-soal-postingan-vulgar-pegang-payudara,No,Adult: Sexual content,Restricted ad serving,ca-pub-7784034061253020,52,2024-08-05,2024-08-05
sorong.tribunnews.com,Page,N/A,N/A,sorong.tribunnews.com/2023/08/16/arti-kata-emuk-jeru-yang-viral-di-tiktok-ramai-dipakai-saat-lomba-canthol-cething-17-agustus?page=all,No,Adult: Sexual content,Restricted ad serving,ca-pub-7784034061253020,52,2024-08-04,2024-08-04
prohaba.tribunnews.com,Page,N/A,N/A,prohaba.tribunnews.com/2022/07/03/beda-otak-pria-dan-wanita-saat-berhubungan-intim-simak-penjelasan-dr-aisah-dahlan,No,Google-served ads obscuring content,Restricted ad serving,ca-pub-7784034061253020,52,2024-07-31,2024-08-06
pekanbaru.tribunnews.com,Page,N/A,N/A,pekanbaru.tribunnews.com/2023/01/03/video-review-susu-viral-ada-cewek-4-bersaudara-yang-viral-pamer-buah-dada,No,Adult: Sexual content,Restricted ad serving,ca-pub-7784034061253020,52,2024-08-04,2024-08-04
pekanbaru.tribunnews.com,Page,N/A,N/A,pekanbaru.tribunnews.com/2019/10/13/tintik-rangsang-sensitif-pasangan-berdasarkan-zodiak-gemini-berada-di-jemari-lengan-hingga-bahu,No,Adult: Sexual content,Restricted ad serving,ca-pub-7784034061253020,52,2024-07-31,2024-08-04
medan.tribunnews.com,Page,N/A,N/A,medan.tribunnews.com/tag/video-bokep-ibu-kadus,Yes,Google-served ads on screens without publisher-content,Restricted ad serving,ca-pub-7784034061253020,52,2024-08-02,2024-08-06
medan.tribunnews.com,Page,N/A,N/A,medan.tribunnews.com/tag/link-video-bokep-vina-garut,No,Adult: Sexual content,Restricted ad serving,ca-pub-7784034061253020,52,2024-08-04,2024-08-04
medan.tribunnews.com,Page,N/A,N/A,medan.tribunnews.com/2020/01/30/viral-penyanyi-dangdut-buka-baju-lepas-bra-di-panggung-hingga-penonton-berlomba-beri-saweran?page=2,Yes,Site Behavior: Navigation,Restricted ad serving,ca-pub-7784034061253020,52,2024-08-02,2024-08-04
m.tribunnews.com,Page,N/A,N/A,m.tribunnews.com/kesehatan/2021/02/26/mitos-atau-fakta-perempuan-usia-40-tahun-lebih-agresif-berhubungan-intim-begini-kata-dokter,No,Adult: Sexual content,Restricted ad serving,ca-pub-7784034061253020,52,2024-08-06,2024-08-06
kupang.tribunnews.com,Page,N/A,N/A,kupang.tribunnews.com/2015/04/22/banyak-jasa-layanan-pijat-yang-plus-plus-berikut-ini-ciri-cirinya,No,Adult: Sexual content,Restricted ad serving,ca-pub-7784034061253020,52,2024-08-06,2024-08-06
jateng.tribunnews.com,Page,N/A,N/A,jateng.tribunnews.com/2024/07/22/7-cara-gampang-nonton-video-viral-rusia-terbaru-hari-ini-senin-22-juli-2024-di-yandex-tanpa-vpn,No,Adult: Sexual content,Restricted ad serving,ca-pub-7784034061253020,52,2024-08-05,2024-08-05
jambi.tribunnews.com,Page,N/A,N/A,jambi.tribunnews.com/2019/10/23/doa-agar-tidak-malas-terhindar-dari-fitnah-bahasa-arab-latin-dan-terjemahan-indonesia?page=all,No,Adult: Sexual content,Restricted ad serving,ca-pub-7784034061253020,52,2024-08-06,2024-08-06
jambi.tribunnews.com,Page,N/A,N/A,jambi.tribunnews.com/2018/06/13/4-film-dengan-adegan-ranjang-terpanas-sepanjang-sejarah-benar-benar-seperti-nyata,No,Adult: Sexual content,Restricted ad serving,ca-pub-7784034061253020,52,2024-08-01,2024-08-06
jambi.tribunnews.com,Page,N/A,N/A,jambi.tribunnews.com/2018/04/29/kelihatan-inilah-ciri-wanita-yang-sering-memuaskan-diri-sendiri-bahayanya-bakal-sakit-seperti-ini?page=2,No,Adult: Sexual content,Restricted ad serving,ca-pub-7784034061253020,52,2024-07-31,2024-08-06
jambi.tribunnews.com,Page,N/A,N/A,jambi.tribunnews.com/2016/02/04/pengetahuan-untuk-perempuan-apakah-sakit-saat-kehilangan-keperawanan,No,Adult: Sexual content,Restricted ad serving,ca-pub-7784034061253020,52,2024-08-01,2024-08-05
jabar.tribunnews.com,Page,N/A,N/A,jabar.tribunnews.com/2022/11/18/pengobatan-alat-vital-hj-mak-erot-terpercayacigadog-cisolok-sukabumi-dan-pondok-gede-bekasi,Yes,Ads Disguised as Content,Restricted ad serving,ca-pub-7784034061253020,52,2024-07-31,2024-08-05
belitung.tribunnews.com,Page,N/A,N/A,belitung.tribunnews.com/2017/07/07/cewek-ini-bilang-aduh-udah-mau-keluar-sambil-goyangkan-badan-videonya-bikin-heboh,No,Adult: Sexual content,Restricted ad serving,ca-pub-7784034061253020,52,2024-08-02,2024-08-06
banjarmasin.tribunnews.com,Page,N/A,N/A,banjarmasin.tribunnews.com/2016/03/28/razia-thm-di-banjarmasin-pengunjung-kaget-mami-ladies-karaoke-pun-ikut-dites-urine,No,Shocking content,Restricted ad serving,ca-pub-7784034061253020,52,2024-08-01,2024-08-06
bangka.tribunnews.com,Page,N/A,N/A,bangka.tribunnews.com/2021/11/12/tak-bisa-puaskan-istri-bolehkah-suami-gunakan-alat-ini-simak-solusinya-dari-buya-yahya?page=all,No,Adult: Sexual content,Restricted ad serving,ca-pub-7784034061253020,52,2024-08-05,2024-08-05
aceh.tribunnews.com,Page,N/A,N/A,aceh.tribunnews.com/2017/09/26/kpk-tetapkan-bupati-kukar-jadi-tersangkavideo-mesumnya-diduga-pernah-gemparkan-indonesia,No,Adult: Sexual content,Restricted ad serving,ca-pub-7784034061253020,52,2024-08-06,2024-08-06
www.tribunnews.com,Page,N/A,N/A,www.tribunnews.com/kesehatan/2020/02/24/kelainan-seksual-masturbasi-pakai-pisang-dan-terong-dokter-risiko-alergi-sebabkan-bengkak,No,Adult: Sexual content,Restricted ad serving,ca-pub-7784034061253020,51,2024-08-04,2024-08-04
ternate.tribunnews.com,Page,N/A,N/A,ternate.tribunnews.com/2021/01/28/menonton-film-porno-sambil-masturbasi-bisa-menyebabkan-disfungsi-ereksi-begini-kata-pakar,No,Adult: Sexual content,Restricted ad serving,ca-pub-7784034061253020,51,2024-08-05,2024-08-05
pekanbaru.tribunnews.com,Page,N/A,N/A,pekanbaru.tribunnews.com/index.php2023/05/09/arti-tobrut-dalam-bahasa-gaul-apa-soal-bagian-sensitif-wanita?jxrecoid=75ad47c2-29d4-47b8-800d-f89e10866c05~mix_tribunnews?source=widgetArtikelRekomendasi&engine=JXA,No,Adult: Sexual content,Restricted ad serving,ca-pub-7784034061253020,51,2024-08-05,2024-08-05
pekanbaru.tribunnews.com,Page,N/A,N/A,pekanbaru.tribunnews.com/2023/09/21/link-download-film-birahi-muda-kelas-bintang-diperankan-chaca-novita-dan-meli-3gp-disebar-di-twitter,No,Adult: Sexual content,Restricted ad serving,ca-pub-7784034061253020,51,2024-08-05,2024-08-05
medan.tribunnews.com,Page,N/A,N/A,medan.tribunnews.com/tag/bintang-film-bokep-mia-khalifa,No,Adult: Sexual content,Restricted ad serving,ca-pub-7784034061253020,51,2024-08-05,2024-08-05
makassar.tribunnews.com,Page,N/A,N/A,makassar.tribunnews.com/2019/05/29/viral-pengakuan-teman-ini-kronologi-tersebarnya-video-mesum-youtuber-banyuwangi-dengan-siswi-smp,Yes,Ads Disguised as Content,Restricted ad serving,ca-pub-7784034061253020,51,2024-07-31,2024-08-05
kupang.tribunnews.com,Page,N/A,N/A,kupang.tribunnews.com/2019/09/14/kehidupan-dan-fantaay-seks-zodiak-aries-spontan-scorpio-liar-virgo-suka-jadi-budak,No,Adult: Sexual content,Restricted ad serving,ca-pub-7784034061253020,51,2024-08-01,2024-08-06
kupang.tribunnews.com,Page,N/A,N/A,kupang.tribunnews.com/2016/01/25/inikah-yang-dipikirkan-wanita-saat-melihat-kelamin-pria,No,Adult: Sexual content,Restricted ad serving,ca-pub-7784034061253020,51,2024-07-31,2024-08-04
jatim.tribunnews.com,Page,N/A,N/A,jatim.tribunnews.com/2017/05/25/perusahaan-industri-film-panas-jepang-akan-buka-audisi-di-malaysia-bakat-yang-dicari-mengejutkan,Yes,Ads Disguised as Content,Restricted ad serving,ca-pub-7784034061253020,51,2024-08-01,2024-08-05
jambi.tribunnews.com,Page,N/A,N/A,jambi.tribunnews.com/2021/11/30/video-adegan-tante-ernie-di-kamar-goyang-seksi-mendadak-bikin-heboh-ya-ampun-kelihatan-jelas-banget,No,Adult: Sexual content,Restricted ad serving,ca-pub-7784034061253020,51,2024-08-04,2024-08-04
depok.tribunnews.com,Page,N/A,N/A,depok.tribunnews.com/2024/02/24/cerita-cucu-mak-erot-cara-membuat-alat-vital-pria-keras-dan-panjang-ramuannya-diambil-dari-hutan,No,Adult: Sexual content,Restricted ad serving,ca-pub-7784034061253020,51,2024-08-05,2024-08-05
bangka.tribunnews.com,Page,N/A,N/A,bangka.tribunnews.com/2023/12/26/daftar-harga-rokok-2024-sampoerna-esse-djarum-surya-hingga-rokok-elektrik-naik-15-persen,No,Tobacco,Restricted ad serving,ca-pub-7784034061253020,51,2024-08-04,2024-08-04
bali.tribunnews.com,Page,N/A,N/A,bali.tribunnews.com/2019/03/14/saat-berhubungan-suami-istri-tak-boleh-membayangkan-mantan-ini-sebabnya,No,Adult: Sexual content,Restricted ad serving,ca-pub-7784034061253020,51,2024-08-01,2024-08-06
aceh.tribunnews.com,Page,N/A,N/A,aceh.tribunnews.com/2024/05/27/rafah-membara-dibom-israel-35-pengungsi-tewas-termasuk-seorang-anak-dengan-kepala-putus,No,Shocking content,Restricted ad serving,ca-pub-7784034061253020,51,2024-07-31,2024-08-04
aceh.tribunnews.com,Page,N/A,N/A,aceh.tribunnews.com/2022/06/14/dokter-boyke-sebut-khasiat-sering-minum-air-rebusan-daun-sirih-bagi-wanita,No,Adult: Sexual content,Restricted ad serving,ca-pub-7784034061253020,51,2024-08-06,2024-08-06
video.tribunnews.com,Page,N/A,N/A,video.tribunnews.com/view/395046/aksi-keji-ayah-mutilasi-anak-kandung-tenteng-potongan-tubuh-sambil-teriak-ini-yangkalian-mau,No,Shocking content,Restricted ad serving,ca-pub-7784034061253020,50,2024-08-01,2024-08-06
pontianak.tribunnews.com,Page,N/A,N/A,pontianak.tribunnews.com/2018/01/16/tak-pasang-tarif-gigolo-ini-ceritakan-bagaimana-cara-memuaskan-pelanggan-wanitanya-di-ranjang,No,Adult: Sexual content,Restricted ad serving,ca-pub-7784034061253020,50,2024-08-01,2024-08-06
lampung.tribunnews.com,Page,N/A,N/A,lampung.tribunnews.com/404,Yes,Google-served ads on screens without publisher-content,Restricted ad serving,ca-pub-7784034061253020,50,2024-07-31,2024-08-06
kupang.tribunnews.com,Page,N/A,N/A,kupang.tribunnews.com/2019/06/30/istri-menolak-ajakan-berhubungan-intim-begini-hukumnya-dalam-islam,No,Adult: Sexual content,Restricted ad serving,ca-pub-7784034061253020,50,2024-07-31,2024-08-05
kupang.tribunnews.com,Page,N/A,N/A,kupang.tribunnews.com/2017/09/13/6-cara-membuat-wanita-terangsang-sentuh-pada-titik-titik-sensitif-ini-dan-bikin-doi-melayang?page=2,No,Adult: Sexual content,Restricted ad serving,ca-pub-7784034061253020,50,2024-08-01,2024-08-04
bengkulu.tribunnews.com,Page,N/A,N/A,bengkulu.tribunnews.com/2022/08/25/uncensored-kinsou-no-vermeil-episode-8-sub-indo-link-nonton-selain-di-otakudesu-dan-anoboy,Yes,Ads Disguised as Content,Restricted ad serving,ca-pub-7784034061253020,50,2024-08-03,2024-08-06
bangka.tribunnews.com,Page,N/A,N/A,bangka.tribunnews.com/2016/09/13/mengejutkan-empat-aktris-tv-terkenal-ini-pindah-haluan-jadi-pemain-film-dewasa,No,Adult: Sexual content,Restricted ad serving,ca-pub-7784034061253020,50,2024-07-31,2024-08-05
www.tribunnews.com,Page,N/A,N/A,www.tribunnews.com/regional/2018/02/12/katanya-alat-bantu-seks-seperti-ini-bikin-kaum-hawa-bisa-klimaks-berkali-kali,No,Adult: Sexual content,Restricted ad serving,ca-pub-7784034061253020,49,2024-08-01,2024-08-06
pekanbaru.tribunnews.com,Page,N/A,N/A,pekanbaru.tribunnews.com/2021/09/23/sugar-mommy-adalah-simak-ini-arti-sugar-mommy-atau-sugar-mommy-artinya-dalam-bahasa-gaul,Yes,Encouraging accidental clicks: Layout;Google-served ads obscuring content,Restricted ad serving,ca-pub-7784034061253020,49,2024-08-01,2024-08-05
makassar.tribunnews.com,Page,N/A,N/A,makassar.tribunnews.com/2015/01/22/beda-dengan-pria-wanita-langsung-mual-dan-muntah-jika-lihat-gambar-porno,No,Adult: Sexual content,Restricted ad serving,ca-pub-7784034061253020,49,2024-07-31,2024-08-06
m.tribunnews.com,Page,N/A,N/A,m.tribunnews.com/internasional/2012/06/28/koki-mao-hidangkan-alat-kelaminnya-ke-tamu-foto,No,Adult: Sexual content,Restricted ad serving,ca-pub-7784034061253020,49,2024-08-03,2024-08-06
jogja.tribunnews.com,Page,N/A,N/A,jogja.tribunnews.com/2021/06/04/viral-video-pesta-seks-di-sebuah-villa-di-bali-pelaku-sengaja-unggah-lewat-tiktok,Yes,Ads Disguised as Content,Restricted ad serving,ca-pub-7784034061253020,49,2024-07-31,2024-08-05
jambi.tribunnews.com,Page,N/A,N/A,jambi.tribunnews.com/2019/11/30/siswa-sma-pacaran-dengan-janda-muda-20-kerap-hubungan-badan-wajah-ceweknya-dirusak,No,Shocking content,Restricted ad serving,ca-pub-7784034061253020,49,2024-07-31,2024-08-05
batam.tribunnews.com,Page,N/A,N/A,batam.tribunnews.com/2020/03/27/video-panas-pramugari-berdurasi-18-menit-bersama-kekasihnya-di-kamar-hotel-polisi-ungkap-fakta-baru,Yes,Ads Disguised as Content,Restricted ad serving,ca-pub-7784034061253020,49,2024-07-31,2024-08-06
banten.tribunnews.com,Page,N/A,N/A,banten.tribunnews.com/2021/12/10/arti-kata-hot-daddy-yang-populer-di-media-sosial-dan-perbedaannya-dengan-sugar-daddy,Yes,Ads Disguised as Content,Restricted ad serving,ca-pub-7784034061253020,49,2024-08-02,2024-08-06
bangka.tribunnews.com,Page,N/A,N/A,bangka.tribunnews.com/2019/08/23/ayam-kampus-ungkap-cara-kerja-tarif-hingga-pilih-pelanggan-ternyata-seperti-ini,No,Adult: Sexual content,Restricted ad serving,ca-pub-7784034061253020,49,2024-07-31,2024-08-06
bangka.tribunnews.com,Page,N/A,N/A,bangka.tribunnews.com/2016/07/17/jomblo-di-hongkong-ternyata-sangat-ambisius-cari-pasangan-hidup,No,Shocking content,Restricted ad serving,ca-pub-7784034061253020,49,2024-07-31,2024-08-06
www.tribunnews.com,Page,N/A,N/A,www.tribunnews.com/kesehatan/2014/12/13/bibir-miss-v-yang-bergelambir-picu-keputihan-ini-cara-mengatasinya,No,Adult: Sexual content,Restricted ad serving,ca-pub-7784034061253020,48,2024-07-31,2024-08-05
www.tribunnews.com,Page,N/A,N/A,www.tribunnews.com/internasional/2016/07/01/wow-wanita-cantik-ini-lupa-nggak-pakai-celana-dalam-saat-belanja-di-mal,No,Adult: Sexual content,Restricted ad serving,ca-pub-7784034061253020,48,2024-07-31,2024-08-05
wartakota.tribunnews.com,Page,N/A,N/A,wartakota.tribunnews.com/2022/11/09/penjelasan-polisi-terkait-video-porno-di-atas-sofa-benarkah-diperankan-selebgram-asal-bali,Yes,Ads Disguised as Content,Restricted ad serving,ca-pub-7784034061253020,48,2024-08-01,2024-08-04
wartakota.tribunnews.com,Page,N/A,N/A,wartakota.tribunnews.com/2014/04/11/minimarket-di-cengkareng-jadi-tempat-mangkal-cabe,No,Adult: Sexual content,Restricted ad serving,ca-pub-7784034061253020,48,2024-08-02,2024-08-04
sumsel.tribunnews.com,Page,N/A,N/A,sumsel.tribunnews.com/2018/01/12/video-mesum-anak-vs-tante-ternyata-dibuat-di-bulan-puasa-ini-obrolan-mengejutkan-tante-tante,No,Adult: Sexual content,Restricted ad serving,ca-pub-7784034061253020,48,2024-07-31,2024-08-06
makassar.tribunnews.com,Page,N/A,N/A,makassar.tribunnews.com/2022/01/14/istri-berkhianat-gegara-tak-puas-main-dengan-suami-layani-4-pria-demi-kepuasan-tapi-berakhir-pilu,Yes,Ads Disguised as Content,Restricted ad serving,ca-pub-7784034061253020,48,2024-08-04,2024-08-05
makassar.tribunnews.com,Page,N/A,N/A,makassar.tribunnews.com/2017/04/04/ciri-ciri-perempuan-tak-perawan-nomor-2-sangat-mudah-diketahui,No,Adult: Sexual content,Restricted ad serving,ca-pub-7784034061253020,48,2024-07-31,2024-08-06
jatim.tribunnews.com,Page,N/A,N/A,jatim.tribunnews.com/2017/10/30/nggak-nyangka-10-artis-indonesia-ini-ketahuan-merokok-2-diantaranya-dikenal-kalem-dan-berhijab?page=3,Yes,Site Behavior: Navigation,Restricted ad serving,ca-pub-7784034061253020,48,2024-08-02,2024-08-06
jateng.tribunnews.com,Page,N/A,N/A,jateng.tribunnews.com/2022/04/20/viral-9-video-syur-mahasiswi-cantik-jakarta-tersebar-di-twitter-paling-lama-45-detik,Yes,Ads Disguised as Content,Restricted ad serving,ca-pub-7784034061253020,48,2024-08-02,2024-08-05
jateng.tribunnews.com,Page,N/A,N/A,jateng.tribunnews.com/2017/05/24/kisah-bintang-porno-bertubuh-mungil-asal-jepang-ia-harus-kuat-minimal-5-menit,No,Adult: Sexual content,Restricted ad serving,ca-pub-7784034061253020,48,2024-08-01,2024-08-06
jambi.tribunnews.com,Page,N/A,N/A,jambi.tribunnews.com/2018/01/16/10-alasan-wanita-nonton-film-panas-nomor-3-pria-bisa-terdiam-dibuatnya,No,Adult: Sexual content,Restricted ad serving,ca-pub-7784034061253020,48,2024-07-31,2024-08-06
batam.tribunnews.com,Page,N/A,N/A,batam.tribunnews.com/2021/01/09/kisah-pilu-bayi-jung-in-9-bulan-disiksa-hingga-tewas-mengenaskan-di-tangan-orangtua-angkat,Yes,Ads Disguised as Content,Restricted ad serving,ca-pub-7784034061253020,48,2024-08-05,2024-08-05
banjarmasin.tribunnews.com,Page,N/A,N/A,banjarmasin.tribunnews.com/2017/04/17/mau-ikut-ritual-seks-di-gunung-kemukus-ini-kaya-kuncinya,No,Adult: Sexual content,Restricted ad serving,ca-pub-7784034061253020,48,2024-08-05,2024-08-05
aceh.tribunnews.com,Page,N/A,N/A,aceh.tribunnews.com/2023/06/23/geger-hubungan-sedarah-di-bukittinggi-ibu-berhubungan-badan-dengan-anak-lelaki-selama-11-tahun,No,Google-served ads obscuring content,Restricted ad serving,ca-pub-7784034061253020,48,2024-07-31,2024-08-05
www.tribunnewswiki.com,Page,N/A,N/A,www.tribunnewswiki.com/2021/05/05/bagelen,No,Google-served ads obscuring content,Restricted ad serving,ca-pub-7784034061253020,47,2024-08-01,2024-08-06
www.tribunnews.com,Page,N/A,N/A,www.tribunnews.com/regional/2016/04/08/dipercaya-kuatkan-vitalitas-pria-tangkur-buaya-singkil-banyak-diincar-pembeli,No,Adult: Sexual content;Shocking content,Restricted ad serving,ca-pub-7784034061253020,47,2024-08-03,2024-08-06
www.tribunnews.com,Page,N/A,N/A,www.tribunnews.com/lifestyle/2018/01/19/viral-foto-struk-belanja-tahun-1992-lihat-berapa-harga-rokok-saat-itu,No,Tobacco,Restricted ad serving,ca-pub-7784034061253020,47,2024-07-31,2024-08-05
www.tribunnews.com,Page,N/A,N/A,www.tribunnews.com/lifestyle/2014/11/19/wanita-yang-memiliki-banyak-teman-pria-pertanda-libidonya-membara-ini-alasannya,No,Adult: Sexual content,Restricted ad serving,ca-pub-7784034061253020,47,2024-07-31,2024-08-05
wartakota.tribunnews.com,Page,N/A,N/A,wartakota.tribunnews.com/2015/06/09/6-cara-bikin-wanita-orgasme-1-menit-penuh,No,Adult: Sexual content,Restricted ad serving,ca-pub-7784034061253020,47,2024-08-02,2024-08-06
style.tribunnews.com,Page,N/A,N/A,style.tribunnews.com/2017/04/08/18-jenis-celana-dalam-wanita-ini-tunjukkan-kalau-ada-banyak-opsi-buat-daleman-bawah-girls,No,Adult: Sexual content,Restricted ad serving,ca-pub-7784034061253020,47,2024-07-31,2024-08-05
medan.tribunnews.com,Page,N/A,N/A,medan.tribunnews.com/2020/03/19/viral-video-wanita-cantik-dilabrak-istri-di-bandara-singgung-video-mesum-mantan-pegawai-bank-sumsel,No,Shocking content,Restricted ad serving,ca-pub-7784034061253020,47,2024-07-31,2024-08-06
makassar.tribunnews.com,Page,N/A,N/A,makassar.tribunnews.com/2020/01/14/aturan-baru-di-grup-whatsapp-anggota-kirim-gambar-porno-admin-langsung-ditangkap,No,Shocking content,Restricted ad serving,ca-pub-7784034061253020,47,2024-08-02,2024-08-06
makassar.tribunnews.com,Page,N/A,N/A,makassar.tribunnews.com/2019/07/21/fakta-fakta-siswasiswi-sma-sewa-kos-pesta-seks-banyak-tisukondom-berserakan-keterangan-polisi,No,Adult: Sexual content,Restricted ad serving,ca-pub-7784034061253020,47,2024-07-31,2024-08-06
makassar.tribunnews.com,Page,N/A,N/A,makassar.tribunnews.com/2017/11/07/unch-unch-dewi-persik-dan-4-artis-ini-blak-blakan-soal-ranjang-pakai-sex-toys-hingga-ini,No,Adult: Sexual content,Restricted ad serving,ca-pub-7784034061253020,47,2024-08-01,2024-08-04
makassar.tribunnews.com,Page,N/A,N/A,makassar.tribunnews.com/2017/08/10/jangan-coba-ketik-siapkan-sabun-sambil-nonton-di-youtube-hasilnya-mengejutkan-dan-dosa-besar,No,Adult: Sexual content,Restricted ad serving,ca-pub-7784034061253020,47,2024-07-31,2024-08-05
makassar.tribunnews.com,Page,N/A,N/A,makassar.tribunnews.com/2015/10/30/ini-yang-terjadi-pada-gunung-kembar-saat-bercinta,No,Adult: Sexual content,Restricted ad serving,ca-pub-7784034061253020,47,2024-08-02,2024-08-05
m.tribunnews.com,Page,N/A,N/A,m.tribunnews.com/regional/2017/10/11/empat-hotel-ini-jadi-lokasi-bisnis-esek-esek-di-medan,No,Adult: Sexual content,Restricted ad serving,ca-pub-7784034061253020,47,2024-08-03,2024-08-06
kupang.tribunnews.com,Page,N/A,N/A,kupang.tribunnews.com/2018/01/18/mengejutkan-ternyata-pria-dan-wanita-di-korea-melepas-keperawanan-di-usia-ini,Yes,Ads Disguised as Content,Restricted ad serving,ca-pub-7784034061253020,47,2024-08-01,2024-08-05
jambi.tribunnews.com,Page,N/A,N/A,jambi.tribunnews.com/2018/07/07/benarkah-wanita-bertubuh-mungil-miliki-miss-v-lebih-sempit,No,Adult: Sexual content,Restricted ad serving,ca-pub-7784034061253020,47,2024-07-31,2024-08-05
bogor.tribunnews.com,Page,N/A,N/A,bogor.tribunnews.com/2017/07/31/bisa-punya-payudara-meski-tak-oplas-pria-ini-tunjukkan-cara-buat-dada-terlihat-montok,No,Adult: Sexual content,Restricted ad serving,ca-pub-7784034061253020,47,2024-08-01,2024-08-05
bangka.tribunnews.com,Page,N/A,N/A,bangka.tribunnews.com/tag/harga-cabai,Yes,Google-served ads on screens without publisher-content,Restricted ad serving,ca-pub-7784034061253020,47,2024-07-31,2024-08-06
bangka.tribunnews.com,Page,N/A,N/A,bangka.tribunnews.com/2016/08/11/heboh-wanita-ini-bersetubuh-dengan-anjing-dan-rekam-videonya,No,Adult: Sexual content,Restricted ad serving,ca-pub-7784034061253020,47,2024-07-31,2024-08-05
bali.tribunnews.com,Page,N/A,N/A,bali.tribunnews.com/2018/09/02/video-mesum-pelajar-smk-jembrana-viral-polisi-kedua-pemeran-video-mesum-bisa-saja-jadi-tersangka,No,Adult: Sexual content,Restricted ad serving,ca-pub-7784034061253020,47,2024-07-31,2024-08-05
www.tribunnews.com,Page,N/A,N/A,www.tribunnews.com/kesehatan/2019/04/04/saat-bercinta-ini-6-tahapan-yang-dirasakan-perempuan-sampai-orgasme,No,Adult: Sexual content,Restricted ad serving,ca-pub-7784034061253020,46,2024-08-02,2024-08-06
pekanbaru.tribunnews.com,Page,N/A,N/A,pekanbaru.tribunnews.com/2017/10/06/foto-foto-syur-marilyn-monroe-ini-laku-keras-dilelang,No,Adult: Sexual content,Restricted ad serving,ca-pub-7784034061253020,46,2024-08-05,2024-08-05
makassar.tribunnews.com,Page,N/A,N/A,makassar.tribunnews.com/2019/10/11/karena-sudah-keseringan-adik-kandung-ajak-duluan-kakak-berhubungan-badan-layaknya-suami-istri?page=2,No,Adult: Sexual content,Restricted ad serving,ca-pub-7784034061253020,46,2024-08-01,2024-08-06
makassar.tribunnews.com,Page,N/A,N/A,makassar.tribunnews.com/2019/05/24/donatello-makassar-kini-miliki-3600-model-sendal-sepatu-harga-mulai-rp-125-ribu,No,Shocking content,Restricted ad serving,ca-pub-7784034061253020,46,2024-08-04,2024-08-06
makassar.tribunnews.com,Page,N/A,N/A,makassar.tribunnews.com/2017/09/08/luna-cewek-bali-ikut-main-film-porno-jepang-lebih-hot-dari-sera-amane-buahnya-lebih-gede,No,Adult: Sexual content,Restricted ad serving,ca-pub-7784034061253020,46,2024-08-01,2024-08-05
m.tribunnews.com,Page,N/A,N/A,m.tribunnews.com/kesehatan/2018/02/15/wow-ngomong-soal-ukuran-panjang-burung-punya-orang-surabaya-ternyata-lebihi-orang-china,No,Adult: Sexual content,Restricted ad serving,ca-pub-7784034061253020,46,2024-07-31,2024-08-05
lampung.tribunnews.com,Page,N/A,N/A,lampung.tribunnews.com/2015/12/22/video-benjolan-gede-di-kulit-kepala-ternyata-isinya-seperti-ini,Yes,Site Behavior: Navigation,Restricted ad serving,ca-pub-7784034061253020,46,2024-08-01,2024-08-05
lampung.tribunnews.com,Page,N/A,N/A,lampung.tribunnews.com/2012/08/23/digoyang-gigolo-tante-girang-makin-kegirangan,No,Adult: Sexual content,Restricted ad serving,ca-pub-7784034061253020,46,2024-08-01,2024-08-05
jogja.tribunnews.com,Page,N/A,N/A,jogja.tribunnews.com/2018/04/08/kisah-jasad-abadi-hannelore-schmatz-pendaki-everest-wanita-pertama-yang-temui-ajal-di-zona-maut,No,Shocking content,Restricted ad serving,ca-pub-7784034061253020,46,2024-08-01,2024-08-05
jatim.tribunnews.com,Page,N/A,N/A,jatim.tribunnews.com/2017/04/14/baru-belasan-tahun-udah-doyan-pamer-bikini-dan-baju-terbuka-inikah-sosok-penerus-awkarin,Yes,Site Behavior: Navigation,Restricted ad serving,ca-pub-7784034061253020,46,2024-07-31,2024-08-04
jateng.tribunnews.com,Page,N/A,N/A,jateng.tribunnews.com/2022/08/05/cerita-psk-soal-perbedaan-pelanggan-tua-dan-muda-meski-cara-melayani-tetap-sama,Yes,Ads Disguised as Content,Restricted ad serving,ca-pub-7784034061253020,46,2024-08-01,2024-08-04
jambi.tribunnews.com,Page,N/A,N/A,jambi.tribunnews.com/2018/06/05/hasrat-seks-menurun-usai-menikah-ini-penting-kamu-harus-cari-tahu-penyebab-dan-solusinya,No,Adult: Sexual content,Restricted ad serving,ca-pub-7784034061253020,46,2024-08-02,2024-08-06
jambi.tribunnews.com,Page,N/A,N/A,jambi.tribunnews.com/2016/11/23/seputar-mitos-istilah-perempuan-bungkuk-udang-memiliki-gairah-seks-yang-luar-biasa,No,Adult: Sexual content,Restricted ad serving,ca-pub-7784034061253020,46,2024-07-31,2024-08-05
bangka.tribunnews.com,Page,N/A,N/A,bangka.tribunnews.com/2020/12/07/tak-disangka-aktor-aktor-ini-disebut-lakukan-adegan-panas-sungguhan-di-film-ada-robert-pattinson,Yes,Ads Disguised as Content,Restricted ad serving,ca-pub-7784034061253020,46,2024-08-04,2024-08-06
bangka.tribunnews.com,Page,N/A,N/A,bangka.tribunnews.com/2019/10/01/kronologi-suami-tergoda-tubuh-molek-adik-ipar-ketahuan-istri-setelah-berhubungan-badan-berkali-kali?page=all,No,Google-served ads obscuring content,Restricted ad serving,ca-pub-7784034061253020,46,2024-08-02,2024-08-05
style.tribunnews.com,Page,N/A,N/A,style.tribunnews.com/404,Yes,Google-served ads on screens without publisher-content,Restricted ad serving,ca-pub-7784034061253020,45,2024-08-01,2024-08-06
pontianak.tribunnews.com,Page,N/A,N/A,pontianak.tribunnews.com/2019/05/30/alamat-5-salon-terbaik-di-pontianak,No,Adult: Sexual content,Restricted ad serving,ca-pub-7784034061253020,45,2024-07-31,2024-08-05
pontianak.tribunnews.com,Page,N/A,N/A,pontianak.tribunnews.com/2018/01/19/lagi-viral-pns-asal-aceh-ini-cantiknya-bikin-jantung-berdegub-kencang,Yes,Site Behavior: Navigation,Restricted ad serving,ca-pub-7784034061253020,45,2024-07-31,2024-08-06
palembang.tribunnews.com,Page,N/A,N/A,palembang.tribunnews.com/21/12/2010/panda-lokal-jadi-buruan,No,Adult: Sexual content,Restricted ad serving,ca-pub-7784034061253020,45,2024-07-31,2024-08-04
medan.tribunnews.com,Page,N/A,N/A,medan.tribunnews.com/2017/10/22/yuk-ikuti-panduan-ini-bagaimana-cara-mencari-g-spot-sendiri,No,Adult: Sexual content,Restricted ad serving,ca-pub-7784034061253020,45,2024-08-01,2024-08-05
kupang.tribunnews.com,Page,N/A,N/A,kupang.tribunnews.com/2021/04/10/mau-rasakan-bule-uzbekistan-tarifnya-hingga-rp-25-juta-ini-awal-mula-robby-gaet-gadis-mulus-anu,Yes,Encouraging accidental clicks: Layout;Google-served ads obscuring content,Restricted ad serving,ca-pub-7784034061253020,45,2024-07-31,2024-08-04
jambi.tribunnews.com,Page,N/A,N/A,jambi.tribunnews.com/2018/06/20/gay-asal-indonesia-ini-terkenal-di-luar-negeri-sebagai-pemain-film-khusus-sesama-jenis-wow,Yes,Ads Disguised as Content,Restricted ad serving,ca-pub-7784034061253020,45,2024-08-01,2024-08-06
bangka.tribunnews.com,Page,N/A,N/A,bangka.tribunnews.com/2017/08/05/pakai-daleman-vibrator-ke-supermarket-begini-reaksi-wanita-ini-saat-kekasihnya-pencet-remote,No,Adult: Sexual content,Restricted ad serving,ca-pub-7784034061253020,45,2024-08-01,2024-08-06
bali.tribunnews.com,Page,N/A,N/A,bali.tribunnews.com/2019/09/01/duo-semangka-asuransikan-payudara-tak-khawatir-jarang-kenakan-bra,No,Adult: Sexual content,Restricted ad serving,ca-pub-7784034061253020,45,2024-08-04,2024-08-04
bali.tribunnews.com,Page,N/A,N/A,bali.tribunnews.com/2017/04/02/10-foto-mesum-pasangan-mahasiswa-ntt-viral-di-media-sosial-diambil-ketika-berhubungan-intim?page=2,Yes,Adult: Sexual content;Site Behavior: Navigation,Restricted ad serving,ca-pub-7784034061253020,45,2024-08-03,2024-08-04
www.tribunnews.com,Page,N/A,N/A,www.tribunnews.com/regional/2017/11/17/siang-jadi-karyawati-malam-jadi-psk-tarifnya-segini,No,Adult: Sexual content,Restricted ad serving,ca-pub-7784034061253020,44,2024-07-31,2024-08-06
www.tribunnews.com,Page,N/A,N/A,www.tribunnews.com/lifestyle/2016/08/20/beredar-di-grup-messenger-ini-daftar-harga-rokok-per-september-2016-mengerikan,No,Shocking content,Restricted ad serving,ca-pub-7784034061253020,44,2024-08-01,2024-08-05
www.tribunnews.com,Page,N/A,N/A,www.tribunnews.com/kesehatan/2018/10/01/ternyata-mr-p-bisa-kesemiutan-lho-begini-cara-cegahnya,No,Adult: Sexual content,Restricted ad serving,ca-pub-7784034061253020,44,2024-07-31,2024-08-06
wartakota.tribunnews.com,Page,N/A,N/A,wartakota.tribunnews.com/2015/02/06/oral-seks-menu-pembuka-nan-penuh-sensasi,No,Adult: Sexual content,Restricted ad serving,ca-pub-7784034061253020,44,2024-07-31,2024-08-05
solo.tribunnews.com,Page,N/A,N/A,solo.tribunnews.com/2019/09/21/chord-kunci-gitar-dan-lirik-lagu-balonku-ada-lima-meletus-balon-hijau-dor,No,Adult: Sexual content,Restricted ad serving,ca-pub-7784034061253020,44,2024-08-03,2024-08-06
pontianak.tribunnews.com,Page,N/A,N/A,pontianak.tribunnews.com/2021/02/11/link-video-syur-14-detik-mirip-artis-beredar-di-twitter-dan-telegram-viral-saingi-gisel-dan-nobu,Yes,Ads Disguised as Content,Restricted ad serving,ca-pub-7784034061253020,44,2024-08-01,2024-08-06
makassar.tribunnews.com,Page,N/A,N/A,makassar.tribunnews.com/2019/10/21/kronologi-video-panas-siswi-smk-berseragam-pramuka-viral-di-medsos-whatsapp-wa-nih-4-faktanya,Yes,Ads Disguised as Content,Restricted ad serving,ca-pub-7784034061253020,44,2024-08-01,2024-08-04
m.tribunnews.com,Page,N/A,N/A,m.tribunnews.com/seleb/2012/06/25/payudara-melorot-si-seksi-amy-childs-ingin-implan-baru,No,Adult: Sexual content,Restricted ad serving,ca-pub-7784034061253020,44,2024-08-01,2024-08-06
m.tribunnews.com,Page,N/A,N/A,m.tribunnews.com/metropolitan/2015/05/25/ya-ampun-bocah-ingusan-berhubungan-intim-direkam-temannya,No,Adult: Sexual content,Restricted ad serving,ca-pub-7784034061253020,44,2024-07-31,2024-08-06
lampung.tribunnews.com,Page,N/A,N/A,lampung.tribunnews.com/2017/01/19/tak-langsing-5-seleb-bertubuh-montok-ini-tetap-cantik-pakai-baju-seksi?page=2,Yes,Site Behavior: Navigation,Restricted ad serving,ca-pub-7784034061253020,44,2024-08-02,2024-08-06
jateng.tribunnews.com,Page,N/A,N/A,jateng.tribunnews.com/2023/10/19/nasib-pilu-bintang-jav-hinata-aoi-keseringan-main-film-dewasa-organ-vitalnya-berjamur-dan-membusuk?page=all,Yes,Google-served ads obscuring content;Modified Javascript: Ads by Google size,Restricted ad serving,ca-pub-7784034061253020,44,2024-07-31,2024-08-06
jateng.tribunnews.com,Page,N/A,N/A,jateng.tribunnews.com/2017/05/16/6-pengakuan-suami-tentang-apa-yang-memuaskannya-saat-berhubungan-intim,No,Adult: Sexual content,Restricted ad serving,ca-pub-7784034061253020,44,2024-07-31,2024-08-06
jambi.tribunnews.com,Page,N/A,N/A,jambi.tribunnews.com/2017/08/02/6-tanda-wanita-sudah-tidak-perawan-dilihat-dari-fisiknya-coba-deh-cek?page=2,No,Adult: Sexual content,Restricted ad serving,ca-pub-7784034061253020,44,2024-08-05,2024-08-05
jambi.tribunnews.com,Page,N/A,N/A,jambi.tribunnews.com/2016/08/09/mengapa-hanya-28-persen-wanita-menyukai-seks-oral,No,Adult: Sexual content,Restricted ad serving,ca-pub-7784034061253020,44,2024-07-31,2024-08-05
cirebon.tribunnews.com,Page,N/A,N/A,cirebon.tribunnews.com/2019/12/31/video-ganti-baju-shinta-bachir-sempat-menghebohkan-publik-begini-tanggapan-artis-cantik-itu,No,Shocking content,Restricted ad serving,ca-pub-7784034061253020,44,2024-07-31,2024-08-05
bekasi.tribunnews.com,Page,N/A,N/A,bekasi.tribunnews.com/2022/07/26/film-semi-korea-terbaik-2022-terbaru-dan-bikin-deg-degan-laris-ditonton-pasangan-yang-baru-menikah,Yes,Ads Disguised as Content,Restricted ad serving,ca-pub-7784034061253020,44,2024-07-31,2024-08-06
banten.tribunnews.com,Page,N/A,N/A,banten.tribunnews.com/2021/10/17/pengakuan-karyawan-pinjol-ada-modal-yang-digerebek-sekali-login-semua-data-pelanggan-didapat,Yes,Encouraging accidental clicks: Layout;Google-served ads obscuring content,Restricted ad serving,ca-pub-7784034061253020,44,2024-07-31,2024-08-06
bangka.tribunnews.com,Page,N/A,N/A,bangka.tribunnews.com/2019/04/25/terungkap-fakta-video-telanjang-6-artis-pria-dan-dua-atlet-ganteng-pria-ini-malah-minta-maaf,Yes,Ads Disguised as Content,Restricted ad serving,ca-pub-7784034061253020,44,2024-07-31,2024-08-06
bangka.tribunnews.com,Page,N/A,N/A,bangka.tribunnews.com/2016/08/18/beginilah-ciri-ciri-orang-yang-kecanduan-onani,No,Adult: Sexual content,Restricted ad serving,ca-pub-7784034061253020,44,2024-07-31,2024-08-05
www.tribunnews.com,Page,N/A,N/A,www.tribunnews.com/regional/2022/09/22/kronologi-suami-bunuh-istri-gegara-live-streaming-korban-tak-sabar-hingga-berkata-kasar-ke-pelaku,No,Shocking content,Restricted ad serving,ca-pub-7784034061253020,43,2024-07-31,2024-08-04
pontianak.tribunnews.com,Page,N/A,N/A,pontianak.tribunnews.com/2022/06/13/pusat-pengobatan-alat-vital-bpk-dasep-langsung-terbukti,No,Adult: Sexual content,Restricted ad serving,ca-pub-7784034061253020,43,2024-08-01,2024-08-06
palembang.tribunnews.com,Page,N/A,N/A,palembang.tribunnews.com/2017/11/16/terkuak-ini-foto-masa-lalu-5-bintang-porno-terkenal-dunia-tak-disangka-dulu-mereka-wujudnya-begini,Yes,Ads Disguised as Content,Restricted ad serving,ca-pub-7784034061253020,43,2024-08-01,2024-08-06
makassar.tribunnews.com,Page,N/A,N/A,makassar.tribunnews.com/2020/05/29/daftar-5-artis-indonesia-pernah-diterpa-kasus-video-mesum-terbaru-syahrini-dan-gisella-anastasia,Yes,Ads Disguised as Content,Restricted ad serving,ca-pub-7784034061253020,43,2024-08-01,2024-08-04
makassar.tribunnews.com,Page,N/A,N/A,makassar.tribunnews.com/2017/11/05/12-hari-bergulir-ini-4-fakta-baru-hanna-anisa-seputar-kasus-video-panasnya,No,Adult: Sexual content,Restricted ad serving,ca-pub-7784034061253020,43,2024-08-01,2024-08-06
makassar.tribunnews.com,Page,N/A,N/A,makassar.tribunnews.com/2015/04/27/terapi-kelingking-untuk-tetap-langsing,No,Adult: Sexual content,Restricted ad serving,ca-pub-7784034061253020,43,2024-07-31,2024-08-05
m.tribunnews.com,Page,N/A,N/A,m.tribunnews.com/images/model/view/493852/baby-margaretha,No,Adult: Sexual content,Restricted ad serving,ca-pub-7784034061253020,43,2024-07-31,2024-08-06
kupang.tribunnews.com,Page,N/A,N/A,kupang.tribunnews.com/2018/07/21/lakukang-ini-pada-pasanganmu-6-cara-membuat-wanita-bergairah-bikin-si-dia-melayang,No,Adult: Sexual content,Restricted ad serving,ca-pub-7784034061253020,43,2024-07-31,2024-08-06
kupang.tribunnews.com,Page,N/A,N/A,kupang.tribunnews.com/2018/02/07/ternyata-di-usia-ini-penis-mulai-tumbuh-dan-berhenti,No,Adult: Sexual content,Restricted ad serving,ca-pub-7784034061253020,43,2024-07-31,2024-08-06
jatim.tribunnews.com,Page,N/A,N/A,jatim.tribunnews.com/2017/07/28/cukup-bayar-rp-50-ribu-sekali-kencan-psk-pasuruan-beri-layanan-istimewa-ini-ke-pelanggannya,No,Adult: Sexual content,Restricted ad serving,ca-pub-7784034061253020,43,2024-08-02,2024-08-06
jateng.tribunnews.com,Page,N/A,N/A,jateng.tribunnews.com/2021/11/02/ternyata-jahe-bisa-bantu-memperbesar-payudara-begini-caranya,Yes,Ads Disguised as Content,Restricted ad serving,ca-pub-7784034061253020,43,2024-07-31,2024-08-06
jambi.tribunnews.com,Page,N/A,N/A,jambi.tribunnews.com/2018/01/29/keseringan-beradegan-panas-di-ranjang-5-artis-hollywood-ini-menikmati-juga-akhirnya?page=3,No,Adult: Sexual content,Restricted ad serving,ca-pub-7784034061253020,43,2024-08-02,2024-08-06
jambi.tribunnews.com,Page,N/A,N/A,jambi.tribunnews.com/2016/07/17/4-tindakan-orangtua-saat-mengetahui-anaknya-sudah-tidak-perawan-nomor-3-jarang-dilakukan,No,Shocking content,Restricted ad serving,ca-pub-7784034061253020,43,2024-07-31,2024-08-06
jambi.tribunnews.com,Page,N/A,N/A,jambi.tribunnews.com/2015/08/05/motor-matic-anda-mati-mendadak-bisa-jadi-anda-dikerjai,No,Adult: Sexual content,Restricted ad serving,ca-pub-7784034061253020,43,2024-08-02,2024-08-05
belitung.tribunnews.com,Page,N/A,N/A,belitung.tribunnews.com/2020/10/26/detik-detik-psk-tewas-dibunuh-pelanggan-leher-ditusuk-sajam-sempat-melawang-gigit-tangan-pelaku,No,Shocking content,Restricted ad serving,ca-pub-7784034061253020,43,2024-08-01,2024-08-05
belitung.tribunnews.com,Page,N/A,N/A,belitung.tribunnews.com/2017/12/21/miliki-mr-p-terbesar-di-dunia-dan-ingin-jadi-bintang-film-panas-ternyata-roberto-malah-derita-ini,No,Adult: Sexual content,Restricted ad serving,ca-pub-7784034061253020,43,2024-07-31,2024-08-06
banjarmasin.tribunnews.com,Page,N/A,N/A,banjarmasin.tribunnews.com/2018/01/05/video-mesum-anak-kecil-dan-wanita-dewasa-di-bandung-lokasinya-pembuatannya-terdeteksi-polisi?page=all,Yes,Ads Disguised as Content,Restricted ad serving,ca-pub-7784034061253020,43,2024-07-31,2024-08-05
bangka.tribunnews.com,Page,N/A,N/A,bangka.tribunnews.com/2017/08/14/pensiun-dari-film-esek-esek-5-bintang-film-dewasa-ini-sukses-bermain-di-layar-lebar?page=2,No,Adult: Sexual content,Restricted ad serving,ca-pub-7784034061253020,43,2024-08-06,2024-08-06
aceh.tribunnews.com,Page,N/A,N/A,aceh.tribunnews.com/2024/02/13/sosok-nurul-adelia-ditemukan-tewas-dibunuh-di-luwu-luka-tusuk-di-dada-sempat-dilaporkan-hilang,No,Shocking content,Restricted ad serving,ca-pub-7784034061253020,43,2024-07-31,2024-08-05
sultra.tribunnews.com,Page,N/A,N/A,sultra.tribunnews.com/2022/04/27/usai-heboh-link-video-ckhika-20-juta-muncul-ig-story-chandrika-chika-keceplosan-bilang-k,Yes,Ads Disguised as Content,Restricted ad serving,ca-pub-7784034061253020,42,2024-07-31,2024-08-06
style.tribunnews.com,Page,N/A,N/A,style.tribunnews.com/2019/11/16/tak-hanya-rokok-4-sayuran-ini-juga-terdapat-nikotin-di-dalamnya-mulai-kentang-hingga-tomat,No,Shocking content,Restricted ad serving,ca-pub-7784034061253020,42,2024-08-01,2024-08-04
medan.tribunnews.com,Page,N/A,N/A,medan.tribunnews.com/2021/10/13/pembunuhan-di-pemandian-biru-biru-tersangka-mengaku-marah-orangtuanya-yang-sakit-dihina,No,Shocking content,Restricted ad serving,ca-pub-7784034061253020,42,2024-08-01,2024-08-04
medan.tribunnews.com,Page,N/A,N/A,medan.tribunnews.com/2021/10/11/cerita-mahasiswi-terang-terangan-open-bo-karena-kuliah-di-2-kampus-mengaku-cukup-2-kali-sehari-aja,Yes,Ads Disguised as Content,Restricted ad serving,ca-pub-7784034061253020,42,2024-08-02,2024-08-06
medan.tribunnews.com,Page,N/A,N/A,medan.tribunnews.com/2017/09/18/6-artis-cantik-korea-ini-rela-beradegan-panas-akhirnya-sukses-besar-lho?page=3,Yes,Site Behavior: Navigation,Restricted ad serving,ca-pub-7784034061253020,42,2024-07-31,2024-08-06
m.tribunnews.com,Page,N/A,N/A,m.tribunnews.com/lifestyle/2016/07/26/ciri-ciri-wanita-yang-ingin-bercinta-tapi-malu-mengungkapkan-pada-pasangannya,No,Adult: Sexual content,Restricted ad serving,ca-pub-7784034061253020,42,2024-08-01,2024-08-05
kupang.tribunnews.com,Page,N/A,N/A,kupang.tribunnews.com/2017/10/13/viral-ibu-ini-ungkap-bh-berisi-silikon-penyebab-kanker-payudara,Yes,Adult: Sexual content;Site Behavior: Navigation,Restricted ad serving,ca-pub-7784034061253020,42,2024-07-31,2024-08-06
kupang.tribunnews.com,Page,N/A,N/A,kupang.tribunnews.com/2014/10/21/duh-kelamin-sang-pria-terjepit-di-kemaluan-sang-wanita-di-tengah-laut,No,Shocking content,Restricted ad serving,ca-pub-7784034061253020,42,2024-07-31,2024-08-06
jambi.tribunnews.com,Page,N/A,N/A,jambi.tribunnews.com/2017/05/04/amankah-penggunaan-tisu-penguat-seksual-ini-penjelasan-dinkes,No,Adult: Sexual content,Restricted ad serving,ca-pub-7784034061253020,42,2024-08-01,2024-08-04
jabar.tribunnews.com,Page,N/A,N/A,jabar.tribunnews.com/2022/02/28/pengobatan-alat-vital-bogor-cibinong-h-saepudin-cucu-mak-erot,Yes,Ads Disguised as Content,Restricted ad serving,ca-pub-7784034061253020,42,2024-07-31,2024-08-04
jabar.tribunnews.com,Page,N/A,N/A,jabar.tribunnews.com/2018/02/28/fakta-yang-terjadi-saat-wanita-melakukan-hubungan-intim,No,Adult: Sexual content,Restricted ad serving,ca-pub-7784034061253020,42,2024-08-05,2024-08-06
cirebon.tribunnews.com,Page,N/A,N/A,cirebon.tribunnews.com/2023/12/29/viral-video-pria-putus-kepala-akibat-aksi-brutal-geng-motor-di-indramayu-polisi-video-hoaks,No,Shocking content,Restricted ad serving,ca-pub-7784034061253020,42,2024-08-03,2024-08-06
belitung.tribunnews.com,Page,N/A,N/A,belitung.tribunnews.com/2016/02/21/jangan-lakukan-variasi-bercinta-seperti-ini-meski-banyak-di-film-porno,No,Adult: Sexual content,Restricted ad serving,ca-pub-7784034061253020,42,2024-07-31,2024-08-06
bangka.tribunnews.com,Page,N/A,N/A,bangka.tribunnews.com/2020/01/02/satu-bungkus-rokok-ada-yang-harga-rp-50-ribu-ini-daftar-lengkap-harga-semua-merek-rokok,No,Tobacco,Restricted ad serving,ca-pub-7784034061253020,42,2024-07-31,2024-08-06
bangka.tribunnews.com,Page,N/A,N/A,bangka.tribunnews.com/2019/08/23/ayam-kampus-ungkap-cara-kerja-tarif-hingga-pilih-pelanggan-ternyata-seperti-ini?page=all,No,Adult: Sexual content,Restricted ad serving,ca-pub-7784034061253020,42,2024-07-31,2024-08-06
bangka.tribunnews.com,Page,N/A,N/A,bangka.tribunnews.com/2018/01/05/cantik-muda-dan-seksi-inilah-5-artis-muda-indonesia-sering-pamer-kemolekan-tubuhnya?page=all,Yes,Site Behavior: Navigation,Restricted ad serving,ca-pub-7784034061253020,42,2024-08-04,2024-08-04
www.tribunnews.com,Page,N/A,N/A,www.tribunnews.com/pendidikan/2021/10/11/kunci-jawaban-buku-tematik-kelas-4-sd-tema-4-halaman-45-dan-46-subtema-1-pembelajaran-6,Yes,Modified ad code: Resizing Ad Frames,Restricted ad serving,ca-pub-7784034061253020,41,2024-08-01,2024-08-06
wartakota.tribunnews.com,Page,N/A,N/A,wartakota.tribunnews.com/2015/08/30/alat-kelamin-pria-ini-panjangnya-50-sentimeter,No,Shocking content,Restricted ad serving,ca-pub-7784034061253020,41,2024-08-03,2024-08-06
wartakota.tribunnews.com,Page,N/A,N/A,wartakota.tribunnews.com/2015/06/23/pernah-tidur-ditindih-makhluk-halus-ini-penjelasannya,No,Adult: Sexual content,Restricted ad serving,ca-pub-7784034061253020,41,2024-07-31,2024-08-04
wartakota.tribunnews.com,Page,N/A,N/A,wartakota.tribunnews.com/2015/01/17/hubungan-tinggi-badan-dan-gaya-bercinta-pria,No,Adult: Sexual content,Restricted ad serving,ca-pub-7784034061253020,41,2024-08-01,2024-08-05
pontianak.tribunnews.com,Page,N/A,N/A,pontianak.tribunnews.com/2018/06/11/9-aktris-kategori-paling-hot-dan-super-seksi-total-saat-beradegan-panas?page=all,No,Adult: Sexual content,Restricted ad serving,ca-pub-7784034061253020,41,2024-07-31,2024-08-05
pekanbaru.tribunnews.com,Page,N/A,N/A,pekanbaru.tribunnews.com/2022/02/15/siswi-sma-berhubungan-badan-dengan-pacar-hingga-7-kali-di-rumah-dan-hotel,Yes,Ads Disguised as Content,Restricted ad serving,ca-pub-7784034061253020,41,2024-07-31,2024-08-05
pekanbaru.tribunnews.com,Page,N/A,N/A,pekanbaru.tribunnews.com/2020/07/15/surah-yusuf-111-ayat-bacaan-arab-dan-latin-lengkap-dengan-terjemahannya,Yes,Modified ad code: Resizing Ad Frames,Restricted ad serving,ca-pub-7784034061253020,41,2024-08-04,2024-08-06
medan.tribunnews.com,Page,N/A,N/A,medan.tribunnews.com/tag/video-xxx-di-kamar-hotel,Yes,Google-served ads on screens without publisher-content,Restricted ad serving,ca-pub-7784034061253020,41,2024-08-06,2024-08-06
m.tribunnews.com,Page,N/A,N/A,m.tribunnews.com/lifestyle/2017/10/13/percaya-gak-percaya-ini-ciri-cewek-yang-sudah-enggak-perawan,No,Adult: Sexual content,Restricted ad serving,ca-pub-7784034061253020,41,2024-07-31,2024-08-06
m.tribunnews.com,Page,N/A,N/A,m.tribunnews.com/internasional/2014/03/13/persaingan-prostitusi-di-jepang-boleh-bersenang-senang-tapi-jangan-mencium,No,Adult: Sexual content,Restricted ad serving,ca-pub-7784034061253020,41,2024-08-05,2024-08-06
jambi.tribunnews.com,Page,N/A,N/A,jambi.tribunnews.com/2017/07/30/galeri-foto-tanpa-sensor-ini-5-film-dewasa-dengan-adegan-intim-nyata?page=4,No,Adult: Sexual content,Restricted ad serving,ca-pub-7784034061253020,41,2024-07-31,2024-08-05
bali.tribunnews.com,Page,N/A,N/A,bali.tribunnews.com/2018/03/19/percayakah-karakter-seorang-wanita-bisa-dilihat-dari-pantatnya-mulai-persegi-sampai-bentuk-v,No,Shocking content,Restricted ad serving,ca-pub-7784034061253020,41,2024-08-04,2024-08-05
www.tribunnews.com,Page,N/A,N/A,www.tribunnews.com/seleb/2012/12/24/inilah-25-film-box-office-terlaris-sepanjang-tahun-2012,Yes,Copyrighted material (DMCA),Disabled ad serving,,40,2024-08-03,2024-08-06
www.tribunnews.com,Page,N/A,N/A,www.tribunnews.com/regional/2018/02/23/ini-modus-prostitusi-online-di-manado-aman-cepat-terhapus-dan-pakai-kode-tertentu,No,Adult: Sexual content,Restricted ad serving,ca-pub-7784034061253020,40,2024-07-31,2024-08-05
www.tribunnews.com,Page,N/A,N/A,www.tribunnews.com/internasional/2017/11/20/jepang-ternyata-punya-pulau-khusus-prostitusi-didukung-para-yakuza,No,Adult: Sexual content,Restricted ad serving,ca-pub-7784034061253020,40,2024-07-31,2024-08-06
www.tribunnews.com,Page,N/A,N/A,www.tribunnews.com/internasional/2017/07/18/gadis-ini-nyaris-tewas-usai-memasukkan-belut-dalam-kemaluannya-ini-yang-terjadi,No,Shocking content,Restricted ad serving,ca-pub-7784034061253020,40,2024-08-02,2024-08-06
prohaba.tribunnews.com,Page,N/A,N/A,prohaba.tribunnews.com/2024/04/03/viral-video-aksi-tak-senonoh-wna-berpose-setengah-telanjang-di-spbu-bali,No,Google-served ads obscuring content,Restricted ad serving,ca-pub-7784034061253020,40,2024-07-31,2024-08-05
pontianak.tribunnews.com,Page,N/A,N/A,pontianak.tribunnews.com/2018/03/29/usianya-masih-muda-ini-5-bintang-porno-meninggal-tak-wajar-ada-yang-misterius?page=4,No,Adult: Sexual content,Restricted ad serving,ca-pub-7784034061253020,40,2024-08-04,2024-08-05
pekanbaru.tribunnews.com,Page,N/A,N/A,pekanbaru.tribunnews.com/2020/03/30/video-hot-mirip-host-uang-kaget-soraya-rasyid-viral-netizen-dm-lewat-instagram-rp-tf-5-juta-aja,No,Adult: Sexual content,Restricted ad serving,ca-pub-7784034061253020,40,2024-08-03,2024-08-06
palembang.tribunnews.com,Page,N/A,N/A,palembang.tribunnews.com/2017/11/18/celana-dalam-sering-basah-kenali-rahasia-cairan-ini-sebelum-terlambat-wanita-wajib-tahu,No,Shocking content,Restricted ad serving,ca-pub-7784034061253020,40,2024-07-31,2024-08-04
palembang.tribunnews.com,Page,N/A,N/A,palembang.tribunnews.com/2017/11/12/menyesal-pernah-bugil-dan-lakukan-adegal-panas-di-film-6-artis-ini-minta-maaf,No,Adult: Sexual content,Restricted ad serving,ca-pub-7784034061253020,40,2024-08-01,2024-08-06
medan.tribunnews.com,Page,N/A,N/A,medan.tribunnews.com/2019/04/06/heboh-siswi-smp-kecanduan-seks-simak-5-ciri-ciri-wanita-abg-memiliki-kecanduan-hubungan-intim,No,Shocking content,Restricted ad serving,ca-pub-7784034061253020,40,2024-07-31,2024-08-05
manado.tribunnews.com,Page,N/A,N/A,manado.tribunnews.com/2018/02/15/ayam-putih-abu-abu-prostitusi-online-makin-marak-tawarkan-gadis-sma-transaksi-di-kos-kosan,Yes,Ads Disguised as Content,Restricted ad serving,ca-pub-7784034061253020,40,2024-08-01,2024-08-06
kupang.tribunnews.com,Page,N/A,N/A,kupang.tribunnews.com/2014/11/12/miyabi-tampil-telanjang-lagi,Yes,Google-served ads obscuring content;Modified Javascript: Ads by Google size,Restricted ad serving,ca-pub-7784034061253020,40,2024-07-31,2024-08-06
jateng.tribunnews.com,Page,N/A,N/A,jateng.tribunnews.com/tag/tawuran-pelajar-di-tegal,Yes,More ads or paid promotional material than publisher-content,Restricted ad serving,ca-pub-7784034061253020,40,2024-08-01,2024-08-04
jateng.tribunnews.com,Page,N/A,N/A,jateng.tribunnews.com/2019/08/16/cerita-awal-mula-video-vina-garut-yang-kini-heboh-dibuat-dan-kondisi-terkini-para-pelaku,Yes,Ads Disguised as Content,Restricted ad serving,ca-pub-7784034061253020,40,2024-08-02,2024-08-06
jateng.tribunnews.com,Page,N/A,N/A,jateng.tribunnews.com/2016/05/12/miris-siswi-smp-ini-kecanduan-seks-sejak-usia-4-tahun-bikin-menangis-bila-membacanya,No,Shocking content,Restricted ad serving,ca-pub-7784034061253020,40,2024-08-01,2024-08-06
jambi.tribunnews.com,Page,N/A,N/A,jambi.tribunnews.com/2013/04/04/merasa-digoda-ibu-mertua-sampai-berfantasi-seks-harus-bagaimana,No,Adult: Sexual content,Restricted ad serving,ca-pub-7784034061253020,40,2024-07-31,2024-08-05
cirebon.tribunnews.com,Page,N/A,N/A,cirebon.tribunnews.com/2019/10/17/beredar-luas-foto-pamela-safitri-tak-pakai-busana-hingga-terlihat-seluruh-dalaman-tubuhnya,No,Adult: Sexual content,Restricted ad serving,ca-pub-7784034061253020,40,2024-08-01,2024-08-04
belitung.tribunnews.com,Page,N/A,N/A,belitung.tribunnews.com/2018/01/05/polisi-ungkap-fakta-ini-terkait-video-mesum-seorang-wanita-dewasa-dan-2-bocah-sd-berdurasi-1-jam,No,Shocking content,Restricted ad serving,ca-pub-7784034061253020,40,2024-07-31,2024-08-06
batam.tribunnews.com,Page,N/A,N/A,batam.tribunnews.com/2017/03/14/ternyata-uap-panas-masakan-bisa-sebabkan-flek-kulit-begini-cara-menghindarinya,No,Shocking content,Restricted ad serving,ca-pub-7784034061253020,40,2024-07-31,2024-08-06
banjarmasin.tribunnews.com,Page,N/A,N/A,banjarmasin.tribunnews.com/2021/08/06/kalselpedia-daftar-tari-daerah-tradisi-khas-kalimantan-selatan,No,Google-served ads obscuring content,Restricted ad serving,ca-pub-7784034061253020,40,2024-07-31,2024-08-05
bangka.tribunnews.com,Page,N/A,N/A,bangka.tribunnews.com/2018/09/17/cara-mudah-agar-tekanan-darah-tinggi-dan-sakit-kepala-reda-tekan-5-titik-pada-tubuh-ini,No,Shocking content,Restricted ad serving,ca-pub-7784034061253020,40,2024-08-02,2024-08-05
aceh.tribunnews.com,Page,N/A,N/A,aceh.tribunnews.com/2023/08/29/luar-biasa-ini-manfaat-daun-sirih-untuk-kesehatan-kata-dr-boyke-nomor-3-bagus-banget-untuk-wanita,No,Google-served ads obscuring content,Restricted ad serving,ca-pub-7784034061253020,40,2024-08-05,2024-08-05
aceh.tribunnews.com,Page,N/A,N/A,aceh.tribunnews.com/2015/02/28/aceh-dalam-gurita-seks-bebas,No,Google-served ads obscuring content,Restricted ad serving,ca-pub-7784034061253020,40,2024-07-31,2024-08-05
www.tribunnews.com,Page,N/A,N/A,www.tribunnews.com/kesehatan/2016/02/11/ingin-sensasi-bercinta-lebih-fantastis-coba-cara-sederhana-ini-bersama-suami,No,Adult: Sexual content,Restricted ad serving,ca-pub-7784034061253020,39,2024-07-31,2024-08-05
wartakota.tribunnews.com,Page,N/A,N/A,wartakota.tribunnews.com/2021/01/15/apa-arti-sugar-daddy-sugar-babby-dan,No,Google-served ads obscuring content,Restricted ad serving,ca-pub-7784034061253020,39,2024-08-02,2024-08-05
wartakota.tribunnews.com,Page,N/A,N/A,wartakota.tribunnews.com/2020/07/30/apa-itu-fetish-berikut-penjelasan-lengkap-soal-fetish-yang-jadi-perbincangan-publik,Yes,Ads Disguised as Content,Restricted ad serving,ca-pub-7784034061253020,39,2024-08-01,2024-08-04
wartakota.tribunnews.com,Page,N/A,N/A,wartakota.tribunnews.com/2014/07/25/waduh-alat-bantu-seks-tertinggal-di-vagina-selama-10-tahun,No,Adult: Sexual content,Restricted ad serving,ca-pub-7784034061253020,39,2024-07-31,2024-08-05
sultra.tribunnews.com,Page,N/A,N/A,sultra.tribunnews.com/2022/02/19/video-viral-anak-sma-masih-pakai-seragam-beradegan-tak-senonoh-terekam-kamera-cctv-di-kafe?page=all,Yes,Ads Disguised as Content,Restricted ad serving,ca-pub-7784034061253020,39,2024-07-31,2024-08-05
makassar.tribunnews.com,Page,N/A,N/A,makassar.tribunnews.com/2017/10/25/gempar-video-mesum-diduga-mahasiswa-universitas-ternama-indonesia-viral-netizen-ributkan-ini,No,Adult: Sexual content,Restricted ad serving,ca-pub-7784034061253020,39,2024-08-02,2024-08-06
kupang.tribunnews.com,Page,N/A,N/A,kupang.tribunnews.com/2017/09/13/6-cara-membuat-wanita-terangsang-sentuh-pada-titik-titik-sensitif-ini-dan-bikin-doi-melayang?page=3,No,Adult: Sexual content,Restricted ad serving,ca-pub-7784034061253020,39,2024-08-01,2024-08-04
kupang.tribunnews.com,Page,N/A,N/A,kupang.tribunnews.com/2014/08/11/hubungan-seks-pernah-dilakukan-46-persen-remaja-15-19-tahun,No,Adult: Sexual content,Restricted ad serving,ca-pub-7784034061253020,39,2024-07-31,2024-08-05
jateng.tribunnews.com,Page,N/A,N/A,jateng.tribunnews.com/2018/05/02/kisah-nyata-penderitaan-wanitaini-tetap-tak-puas-meski-berhubungan-seks-5-kali-sehari?page=1,No,Adult: Sexual content,Restricted ad serving,ca-pub-7784034061253020,39,2024-07-31,2024-08-06
jateng.tribunnews.com,Page,N/A,N/A,jateng.tribunnews.com/2013/11/23/satpol-pp-razia-warnet-di-semarang-temukan-banyak-kondom,No,Adult: Sexual content,Restricted ad serving,ca-pub-7784034061253020,39,2024-08-03,2024-08-04
bogor.tribunnews.com,Page,N/A,N/A,bogor.tribunnews.com/2017/04/20/video-abg-mesum-di-warnet-ini-bikin-geleng-geleng-kepala-sampai-buka-rok-dan-lakukan-ini,No,Shocking content,Restricted ad serving,ca-pub-7784034061253020,39,2024-08-02,2024-08-05
bengkulu.tribunnews.com,Page,N/A,N/A,bengkulu.tribunnews.com/2022/09/27/link-nonton-anime-kinsou-no-vermeil-uncensored-full-episode-lengkap-dengan-sub-indo?page=2,Yes,Content obscuring Google-served ads;Encouraging accidental clicks: Layout,Restricted ad serving,ca-pub-7784034061253020,39,2024-08-04,2024-08-04
belitung.tribunnews.com,Page,N/A,N/A,belitung.tribunnews.com/2018/02/11/punya-tanda-di-bawah-punggung-untuk-pria-dan-wanita-menandakan-anda-begini-di-ranjang,No,Adult: Sexual content,Restricted ad serving,ca-pub-7784034061253020,39,2024-08-01,2024-08-05
aceh.tribunnews.com,Page,N/A,N/A,aceh.tribunnews.com/tag/pencabulan,Yes,Google-served ads on screens without publisher-content,Restricted ad serving,ca-pub-7784034061253020,39,2024-07-31,2024-08-06
www.tribunnews.com,Page,N/A,N/A,www.tribunnews.com/kesehatan/2017/09/27/hasil-penelitian-di-amerika-ungkap-hal-mengejutkan-tentang-masturbasi,No,Adult: Sexual content,Restricted ad serving,ca-pub-7784034061253020,38,2024-07-31,2024-08-05
www.tribunnews.com,Page,N/A,N/A,www.tribunnews.com/kesehatan/2012/03/18/ssst-ingin-perkasa-coba-ramuan-kayu-khas-kalimantan,No,Adult: Sexual content,Restricted ad serving,ca-pub-7784034061253020,38,2024-07-31,2024-08-05
www.tribunnews.com,Page,N/A,N/A,www.tribunnews.com/internasional/2015/07/11/ini-dia-10-negara-dengan-budaya-seks-paling-bebas,No,Adult: Sexual content,Restricted ad serving,ca-pub-7784034061253020,38,2024-08-01,2024-08-06
pontianak.tribunnews.com,Page,N/A,N/A,pontianak.tribunnews.com/2019/06/20/hubungan-suami-istri-tapi-tidak-orgasme-tetapkah-wajib-mandi-junub-berikut-penjelasannya,No,Adult: Sexual content,Restricted ad serving,ca-pub-7784034061253020,38,2024-08-02,2024-08-06
pontianak.tribunnews.com,Page,N/A,N/A,pontianak.tribunnews.com/2018/01/28/4-artis-seksi-ini-blak-blakan-cara-puaskan-diri-di-ranjang-ada-yang-koleksi-banyak-boneka-seks?page=all,No,Adult: Sexual content,Restricted ad serving,ca-pub-7784034061253020,38,2024-08-03,2024-08-04
medan.tribunnews.com,Page,N/A,N/A,medan.tribunnews.com/2020/12/24/foto-seksi-tante-ernie-di-kolam-renang-bikin-gak-kuat-warganet-panas-dingin-hadap-kiri-atau-kanan,Yes,Ads Disguised as Content,Restricted ad serving,ca-pub-7784034061253020,38,2024-08-02,2024-08-06
medan.tribunnews.com,Page,N/A,N/A,medan.tribunnews.com/2015/02/11/inilah-lima-tempat-prostitusi-teraneh-di-dunia,No,Adult: Sexual content,Restricted ad serving,ca-pub-7784034061253020,38,2024-07-31,2024-08-04
makassar.tribunnews.com,Page,N/A,N/A,makassar.tribunnews.com/2017/12/08/heboh-ini-pengakuan-pemeran-wanita-di-video-panas-samarinda-yang-bikin-geger,Yes,Ads Disguised as Content,Restricted ad serving,ca-pub-7784034061253020,38,2024-08-02,2024-08-06
m.tribunnews.com,Page,N/A,N/A,m.tribunnews.com/sains/2017/08/24/mengapa-alat-kelamin-laki-laki-tak-bertulang-ini-penjelasan-ilmiahnya,No,Adult: Sexual content,Restricted ad serving,ca-pub-7784034061253020,38,2024-08-04,2024-08-05
kupang.tribunnews.com,Page,N/A,N/A,kupang.tribunnews.com/2019/05/07/ini-tanda-tanda-wanita-yang-sudah-tidak-perawan-dilihat-dari-bentuk-mata-hingga-payudara,No,Adult: Sexual content,Restricted ad serving,ca-pub-7784034061253020,38,2024-08-02,2024-08-06
jogja.tribunnews.com,Page,N/A,N/A,jogja.tribunnews.com/2017/10/06/bermodal-tubuh-padat-berisi-cewek-ini-justru-jadi-model-sensasional-di-internet,Yes,Site Behavior: Navigation,Restricted ad serving,ca-pub-7784034061253020,38,2024-08-01,2024-08-06
jakarta.tribunnews.com,Page,N/A,N/A,jakarta.tribunnews.com/tag/video-call-sex,No,Adult: Sexual content,Restricted ad serving,ca-pub-7784034061253020,38,2024-08-02,2024-08-06
jabar.tribunnews.com,Page,N/A,N/A,jabar.tribunnews.com/2019/09/24/padahal-berprestasi-guru-berseragam-pns-jabar-di-video-syur-kini-tercoreng-gini-nasibnya?page=all,No,Adult: Sexual content,Restricted ad serving,ca-pub-7784034061253020,38,2024-08-06,2024-08-06
jabar.tribunnews.com,Page,N/A,N/A,jabar.tribunnews.com/2018/01/19/edan-ternyata-gay-di-bandung-manfaatkan-aplikasi-gratisan-dari-playstore-untuk-temukan-pasangan,Yes,Ads Disguised as Content,Restricted ad serving,ca-pub-7784034061253020,38,2024-07-31,2024-08-05
belitung.tribunnews.com,Page,N/A,N/A,belitung.tribunnews.com/2017/09/28/mudah-dikenali-ini-ciri-pria-yang-doyan-menonton-film-porno,No,Adult: Sexual content,Restricted ad serving,ca-pub-7784034061253020,38,2024-07-31,2024-08-05
batam.tribunnews.com,Page,N/A,N/A,batam.tribunnews.com/2021/08/10/waktu-qobliyah-subuh-yang-diperbolehkan-setelah-atau-sebelum-adzan-subuh,Yes,Content obscuring Google-served ads;Encouraging accidental clicks: Layout,Restricted ad serving,ca-pub-7784034061253020,38,2024-07-31,2024-08-05
bangka.tribunnews.com,Page,N/A,N/A,bangka.tribunnews.com/2017/10/13/tkw-seksi-pakai-baju-ketat-direkam-tengah-begituan-dengan-pria-berkumis-videonya-viral,No,Adult: Sexual content,Restricted ad serving,ca-pub-7784034061253020,38,2024-07-31,2024-08-06
bali.tribunnews.com,Page,N/A,N/A,bali.tribunnews.com/2017/05/22/video-detik-detik-transaksi-seks-sang-ibu-jadikan-anak-budak-seks-turis-lakukan-di-hadapan-bayi,Yes,Ads Disguised as Content,Restricted ad serving,ca-pub-7784034061253020,38,2024-08-01,2024-08-04
pontianak.tribunnews.com,Page,N/A,N/A,pontianak.tribunnews.com/2018/02/12/kesepian-wanita-ini-ketergantungan-alat-bantu-seks-awalnya-geli-lalu-terasa-begini?page=all,No,Adult: Sexual content,Restricted ad serving,ca-pub-7784034061253020,37,2024-07-31,2024-08-06
pontianak.tribunnews.com,Page,N/A,N/A,pontianak.tribunnews.com/2017/07/12/breaking-news-ada-penampakan-di-detik-detik-terakhir-sebelum-korban-lojeng-meninggal-dunia,Yes,Ads Disguised as Content,Restricted ad serving,ca-pub-7784034061253020,37,2024-07-31,2024-08-04
medan.tribunnews.com,Page,N/A,N/A,medan.tribunnews.com/2017/10/22/yuk-ikuti-panduan-ini-bagaimana-cara-mencari-g-spot-sendiri?page=all,No,Adult: Sexual content,Restricted ad serving,ca-pub-7784034061253020,37,2024-08-02,2024-08-06
manado.tribunnews.com,Page,N/A,N/A,manado.tribunnews.com/2020/10/12/5-arti-mimpi-bergandengan-tangan-bisa-jadi-anda-sangat-membutuhkan-kasih-sayang-ini-tafsirannya,Yes,Modified ad code: Resizing Ad Frames,Restricted ad serving,ca-pub-7784034061253020,37,2024-07-31,2024-08-06
makassar.tribunnews.com,Page,N/A,N/A,makassar.tribunnews.com/2021/11/17/pemeran-video-mesum-es-batu-72-detik-bikin-konten-dengan-tujuan-ini,Yes,Ads Disguised as Content,Restricted ad serving,ca-pub-7784034061253020,37,2024-08-01,2024-08-04
makassar.tribunnews.com,Page,N/A,N/A,makassar.tribunnews.com/2020/01/06/5-artis-perankan-hubungan-intim-tapi-akhirnya-menikmati-adegan-ranjang-itu-ada-yang-bareng-brondong,No,Adult: Sexual content,Restricted ad serving,ca-pub-7784034061253020,37,2024-07-31,2024-08-06
m.tribunnews.com,Page,N/A,N/A,m.tribunnews.com/internasional/2017/07/19/bermasturbasi-dengan-memasukkan-belut-ke-kemaluan-perempuan-di-china-ini-nyaris-kehilangan-nyawa,No,Adult: Sexual content;Shocking content,Restricted ad serving,ca-pub-7784034061253020,37,2024-08-03,2024-08-06
jateng.tribunnews.com,Page,N/A,N/A,jateng.tribunnews.com/2021/05/31/kisah-korban-toxic-relationship-di-semarang-sering-kirim-foto-payudara-ke-pacar-pap-tt,Yes,Ads Disguised as Content,Restricted ad serving,ca-pub-7784034061253020,37,2024-08-01,2024-08-06
jateng.tribunnews.com,Page,N/A,N/A,jateng.tribunnews.com/2016/02/22/inilah-arti-dan-makna-posisi-tidur-anda-dan-pasangan-menurut-ahli-bahasa-tubuh?page=1,No,Adult: Sexual content,Restricted ad serving,ca-pub-7784034061253020,37,2024-07-31,2024-08-04
jambi.tribunnews.com,Page,N/A,N/A,jambi.tribunnews.com/2018/01/21/5-bagian-wanita-ini-haram-disentuh-pria-saat-berhubungan-intim-suami-harus-tahu,No,Adult: Sexual content,Restricted ad serving,ca-pub-7784034061253020,37,2024-07-31,2024-08-05
jambi.tribunnews.com,Page,N/A,N/A,jambi.tribunnews.com/2017/11/25/segelas-minuman-ini-untuk-istri-hasilnya-ya-ampun-kok-jadi-semakin-bergairah-di-ranjang,No,Adult: Sexual content,Restricted ad serving,ca-pub-7784034061253020,37,2024-07-31,2024-08-06
jakarta.tribunnews.com,Page,N/A,N/A,jakarta.tribunnews.com/2020/08/22/pasang-tarif-rp-15-juta-wanita-malam-ini-curhat-caranya-kurangi-rasa-sakit-layani-tamu-8-sehari,Yes,Ads Disguised as Content,Restricted ad serving,ca-pub-7784034061253020,37,2024-08-05,2024-08-06
cirebon.tribunnews.com,Page,N/A,N/A,cirebon.tribunnews.com/404,Yes,Google-served ads on screens without publisher-content,Restricted ad serving,ca-pub-7784034061253020,37,2024-08-03,2024-08-04
belitung.tribunnews.com,Page,N/A,N/A,belitung.tribunnews.com/2016/03/24/tren-baru-membentuk-bokong-besar-ini-caranya,No,Adult: Sexual content,Restricted ad serving,ca-pub-7784034061253020,37,2024-08-06,2024-08-06
bangka.tribunnews.com,Page,N/A,N/A,bangka.tribunnews.com/2017/08/18/cerita-bu-guru-cantik-dihamili-murid-yang-masih-abg-begini-hubungan-terlarang-itu-terungkap,No,Adult: Sexual content,Restricted ad serving,ca-pub-7784034061253020,37,2024-07-31,2024-08-06
bangka.tribunnews.com,Page,N/A,N/A,bangka.tribunnews.com/2017/07/30/inilah-yang-terjadi-jika-sang-istri-lama-tak-dibelai-suaminya,No,Adult: Sexual content,Restricted ad serving,ca-pub-7784034061253020,37,2024-08-01,2024-08-05
aceh.tribunnews.com,Page,N/A,N/A,aceh.tribunnews.com/2021/07/15/inilah-pulau-di-indonesia-yang-hanya-dihuni-wanita-dan-tak-boleh-berbusana-vietnam-dibuat-keheranan,Yes,Ads Disguised as Content,Restricted ad serving,ca-pub-7784034061253020,37,2024-07-31,2024-08-06
aceh.tribunnews.com,Page,N/A,N/A,aceh.tribunnews.com/2021/02/10/wanita-ini-tak-sadar-direkam-saat-video-call-kapok-diperas-terus-ternyata-pelaku-seorang-napi,No,Google-served ads obscuring content,Restricted ad serving,ca-pub-7784034061253020,37,2024-08-02,2024-08-04
aceh.tribunnews.com,Page,N/A,N/A,aceh.tribunnews.com/2020/02/13/terungkap-remaja-indonesia-jual-keperawanan-di-cinderella-escorts-laku-rp-19-m-begini-kisahnya,No,Shocking content,Restricted ad serving,ca-pub-7784034061253020,37,2024-08-01,2024-08-04
www.tribunnews.com,Page,N/A,N/A,www.tribunnews.com/kesehatan/2016/05/10/agar-makin-orgasme-lakukan-senam-legel-sebelum-berhubungan-seks,No,Adult: Sexual content,Restricted ad serving,ca-pub-7784034061253020,36,2024-07-31,2024-08-06
wartakota.tribunnews.com,Page,N/A,N/A,wartakota.tribunnews.com/2017/11/01/wanita-ini-tak-rela-alat-kelamin-cowoknya-dinikmati-cewek-lain-maka-alat-kelamin-itu-dibakar,Yes,Site Behavior: Navigation,Restricted ad serving,ca-pub-7784034061253020,36,2024-07-31,2024-08-06
wartakota.tribunnews.com,Page,N/A,N/A,wartakota.tribunnews.com/2017/01/19/inilah-foto-foto-seksi-baby-margaretha,No,Adult: Sexual content,Restricted ad serving,ca-pub-7784034061253020,36,2024-07-31,2024-08-06
wartakota.tribunnews.com,Page,N/A,N/A,wartakota.tribunnews.com/2013/10/29/penelitian-terakhir-orgasme-wanita-dimulai-dari-buka-bh,No,Adult: Sexual content,Restricted ad serving,ca-pub-7784034061253020,36,2024-07-31,2024-08-05
suryamalang.tribunnews.com,Page,N/A,N/A,suryamalang.tribunnews.com/2019/07/25/hotman-paris-beberkan-ciri-ciri-suami-yang-suka-jajan-di-luar-ada-jam-khusus-istri-boleh-tahu,No,Google-served ads obscuring content,Restricted ad serving,ca-pub-7784034061253020,36,2024-08-01,2024-08-06
sumsel.tribunnews.com,Page,N/A,N/A,sumsel.tribunnews.com/2016/12/15/ini-dia-ciri-pria-gay-meski-sudah-beristri-dan-punya-anak,Yes,Ads Disguised as Content,Restricted ad serving,ca-pub-7784034061253020,36,2024-07-31,2024-08-06
palembang.tribunnews.com,Page,N/A,N/A,palembang.tribunnews.com/2017/12/10/tak-kalah-hot-meski-jadul-5-film-dewasa-ini-berani-buka-bukaan-di-setiap-adegannya,No,Adult: Sexual content,Restricted ad serving,ca-pub-7784034061253020,36,2024-08-04,2024-08-06
makassar.tribunnews.com,Page,N/A,N/A,makassar.tribunnews.com/2015/10/27/jl-sungai-saddang-dan-jl-sulawesi-jadi-tempat-mangkal-psk-di-makassar,No,Shocking content,Restricted ad serving,ca-pub-7784034061253020,36,2024-08-02,2024-08-05
m.tribunnews.com,Page,N/A,N/A,m.tribunnews.com/seleb/2018/02/21/wow-5-bintang-porno-berotak-jenius-bahkan-ada-yang-nyaris-menyamai-einstein,No,Adult: Sexual content,Restricted ad serving,ca-pub-7784034061253020,36,2024-08-01,2024-08-06
jateng.tribunnews.com,Page,N/A,N/A,jateng.tribunnews.com/2018/02/10/weleh-pengen-punya-buah-dada-seksi-gadis-cantik-rusia-ini-malah-jadi-kotak-lihat-fotonya,No,Adult: Sexual content,Restricted ad serving,ca-pub-7784034061253020,36,2024-07-31,2024-08-06
jambi.tribunnews.com,Page,N/A,N/A,jambi.tribunnews.com/2020/11/07/video-blak-blakan-kakek-sugiono-bongkar-rahasia-lawan-main-ketagihan-telur-dikonsumsi-cara-ini,Yes,Ads Disguised as Content,Restricted ad serving,ca-pub-7784034061253020,36,2024-07-31,2024-08-06
jambi.tribunnews.com,Page,N/A,N/A,jambi.tribunnews.com/2017/10/13/6-ciri-fisik-wanita-yang-sudah-tidak-perawan-no-3-sering-dipergunjingkan-kamu-percaya,No,Adult: Sexual content,Restricted ad serving,ca-pub-7784034061253020,36,2024-07-31,2024-08-04
jabar.tribunnews.com,Page,N/A,N/A,jabar.tribunnews.com/2015/01/24/hasil-penelitian-ahli-soal-ejakulasi-wanita-itu-kencing-atau-bukan,No,Adult: Sexual content;Shocking content,Restricted ad serving,ca-pub-7784034061253020,36,2024-08-02,2024-08-06
bengkulu.tribunnews.com,Page,N/A,N/A,bengkulu.tribunnews.com/2022/06/19/summertime-saga-mod-apk-v0300-terbaru-2022-bisa-buka-semua-kunci-karakter-dan-lokasi,No,Google-served ads obscuring content,Restricted ad serving,ca-pub-7784034061253020,36,2024-08-03,2024-08-05
belitung.tribunnews.com,Page,N/A,N/A,belitung.tribunnews.com/2019/08/14/pria-dewasa-terekam-cctv-mencicipi-mainan-seks-di-toko-dewasa-hingga-sewa-boneka-seks-online,No,Adult: Sexual content,Restricted ad serving,ca-pub-7784034061253020,36,2024-08-04,2024-08-06
belitung.tribunnews.com,Page,N/A,N/A,belitung.tribunnews.com/2017/01/01/wanita-cantik-ini-bercinta-dengan-anjing-dan-merekamnya-begini-cerita-lengkapnya?page=all,No,Adult: Sexual content,Restricted ad serving,ca-pub-7784034061253020,36,2024-08-02,2024-08-05
belitung.tribunnews.com,Page,N/A,N/A,belitung.tribunnews.com/2016/04/09/panaskan-gairah-ranjang-dengan-meniru-6-adegan-film,No,Adult: Sexual content,Restricted ad serving,ca-pub-7784034061253020,36,2024-08-03,2024-08-06
bekasi.tribunnews.com,Page,N/A,N/A,bekasi.tribunnews.com/2022/07/21/film-semi-korea-terbaru-2022-dari-secret-flower-arrangement-hingga-close-contact-mata-enggak-kedip,No,Adult: Sexual content,Restricted ad serving,ca-pub-7784034061253020,36,2024-07-31,2024-08-04
batam.tribunnews.com,Page,N/A,N/A,batam.tribunnews.com/2021/07/27/profil-nazwa-fidhia-nazwaft-selebgram-viral-gegara-fotonya-trending-di-medsos-eks-bowo-alpenliebe,No,Google-served ads obscuring content,Restricted ad serving,ca-pub-7784034061253020,36,2024-08-03,2024-08-05
bangka.tribunnews.com,Page,N/A,N/A,bangka.tribunnews.com/2017/09/12/kisah-janda-cantik-rela-ditiduri-di-kamar-hotel?page=2,No,Shocking content,Restricted ad serving,ca-pub-7784034061253020,36,2024-07-31,2024-08-05
bangka.tribunnews.com,Page,N/A,N/A,bangka.tribunnews.com/2017/05/22/141-pria-digerebek-sedang-pesta-gay-tempat-fitnes,Yes,Site Behavior: Navigation,Restricted ad serving,ca-pub-7784034061253020,36,2024-07-31,2024-08-06
bangka.tribunnews.com,Page,N/A,N/A,bangka.tribunnews.com/2017/01/20/namanya-menjijikkan-tapi-inilah-dia-durian-termahal-di-indonesia-dari-pulau-bangka,No,Adult: Sexual content,Restricted ad serving,ca-pub-7784034061253020,36,2024-07-31,2024-08-04
bali.tribunnews.com,Page,N/A,N/A,bali.tribunnews.com/2018/02/11/video-kaum-muda-di-bali-gemari-sex-toys-didominasi-para-wanita,No,Adult: Sexual content,Restricted ad serving,ca-pub-7784034061253020,36,2024-08-02,2024-08-05
bali.tribunnews.com,Page,N/A,N/A,bali.tribunnews.com/2017/11/07/5-artis-cantik-ini-blak-blakan-ngaku-begituan-walau-tak-ada-pasangan-nggak-malu-pakai-alat-ini,No,Shocking content,Restricted ad serving,ca-pub-7784034061253020,36,2024-08-01,2024-08-05
aceh.tribunnews.com,Page,N/A,N/A,aceh.tribunnews.com/2021/03/03/mengenal-muntahan-paus-atau-ambergris-harganya-mahal-hingga-miliaran-rupiah-ini-manfaatnya?page=all,No,Shocking content,Restricted ad serving,ca-pub-7784034061253020,36,2024-08-02,2024-08-05
www.tribunnewswiki.com,Page,N/A,N/A,www.tribunnewswiki.com/2022/01/28/christ-laurent,Yes,Encouraging accidental clicks: Layout;Google-served ads obscuring content,Restricted ad serving,ca-pub-7784034061253020,35,2024-08-03,2024-08-04
www.tribunnewswiki.com,Page,N/A,N/A,www.tribunnewswiki.com/2020/11/07/viral-video-syur-mirip-gisel-beredar-di-internet-mama-gempi-belum-beri-klarifikasi,Yes,Ads Disguised as Content,Restricted ad serving,ca-pub-7784034061253020,35,2024-08-02,2024-08-04
www.tribunnews.com,Page,N/A,N/A,www.tribunnews.com/seleb/2020/11/04/chord-gitar-hujan-kemarin-taxi-band-tak-ingin-lagi-rasanya-ku-bercinta-setelah-kurasa-perih,Yes,Ads Disguised as Content,Restricted ad serving,ca-pub-7784034061253020,35,2024-08-01,2024-08-04
www.tribunnews.com,Page,N/A,N/A,www.tribunnews.com/regional/2014/12/13/bursa-seks-kota-pempek-dari-siswi-sma-hingga-psk-impor-bertarif-rp-10-juta,No,Adult: Sexual content,Restricted ad serving,ca-pub-7784034061253020,35,2024-08-02,2024-08-05
www.tribunnews.com,Page,N/A,N/A,www.tribunnews.com/lifestyle/2016/06/30/ini-6-tanda-istri-anda-pernah-tidur-dengan-pria-lain,Yes,Ads Disguised as Content,Restricted ad serving,ca-pub-7784034061253020,35,2024-07-31,2024-08-06
www.tribunnews.com,Page,N/A,N/A,www.tribunnews.com/kesehatan/2016/07/16/mengenali-4-ciri-suami-yang-jago-memuaskan-istri-di-ranjang,No,Adult: Sexual content,Restricted ad serving,ca-pub-7784034061253020,35,2024-07-31,2024-08-04
wartakota.tribunnews.com,Page,N/A,N/A,wartakota.tribunnews.com/2017/07/13/video-ibu-berhijab-ini-ancam-telanjang-bulat-di-depan-smp-negeri-di-tangsel-kenapa,Yes,Site Behavior: Navigation,Restricted ad serving,ca-pub-7784034061253020,35,2024-08-04,2024-08-04
wartakota.tribunnews.com,Page,N/A,N/A,wartakota.tribunnews.com/2016/03/24/puting-payudara-olla-ramlan-tercetak-saat-syuting,No,Adult: Sexual content,Restricted ad serving,ca-pub-7784034061253020,35,2024-08-01,2024-08-04
sultra.tribunnews.com,Page,N/A,N/A,sultra.tribunnews.com/2022/08/02/video-viral-2-menit-50-detik-guru-sd-beradegan-tak-senonoh-di-sekolah-sosok-pemeran-sudah-terungkap,Yes,Ads Disguised as Content,Restricted ad serving,ca-pub-7784034061253020,35,2024-08-02,2024-08-06
style.tribunnews.com,Page,N/A,N/A,style.tribunnews.com/2016/08/31/baju-transparan-artis-trend-memperlihatkan-puting-payudara-dari-kendall-jenner-hingga-syahrini,No,Adult: Sexual content,Restricted ad serving,ca-pub-7784034061253020,35,2024-08-03,2024-08-04
pekanbaru.tribunnews.com,Page,N/A,N/A,pekanbaru.tribunnews.com/2022/01/14/gambar-bebek-viral-tiktok-cara-membuat-bebek-kertas-paper-duck,No,Google-served ads obscuring content,Restricted ad serving,ca-pub-7784034061253020,35,2024-07-31,2024-08-06
pekanbaru.tribunnews.com,Page,N/A,N/A,pekanbaru.tribunnews.com/2018/01/31/ragu-si-dia-tak-perawan-lagi-ini-6-tanda-wanita-yang-sudah-ditiduri-pria-harus-tahu,No,Adult: Sexual content,Restricted ad serving,ca-pub-7784034061253020,35,2024-08-05,2024-08-05
makassar.tribunnews.com,Page,N/A,N/A,makassar.tribunnews.com/2019/10/11/karena-sudah-keseringan-adik-kandung-ajak-duluan-kakak-berhubungan-badan-layaknya-suami-istri?page=4,No,Adult: Sexual content,Restricted ad serving,ca-pub-7784034061253020,35,2024-08-01,2024-08-06
makassar.tribunnews.com,Page,N/A,N/A,makassar.tribunnews.com/2017/08/24/ini-foto-foto-bintang-film-dewasa-jepang-yang-followers-terbanyaknya-dari-bekasi-dan-jakarta,Yes,Site Behavior: Navigation,Restricted ad serving,ca-pub-7784034061253020,35,2024-07-31,2024-08-05
makassar.tribunnews.com,Page,N/A,N/A,makassar.tribunnews.com/2015/10/12/tanda-tanda-wanita-digauli-jin-termasuk-mimpi-ular-dan-susah-tidur,No,Adult: Sexual content,Restricted ad serving,ca-pub-7784034061253020,35,2024-08-05,2024-08-05
m.tribunnews.com,Page,N/A,N/A,m.tribunnews.com/seleb/2017/09/08/ini-adegan-yang-dimainkan-sara-amane-dalam-film-dewasa-di-jepang,Yes,Site Behavior: Navigation,Restricted ad serving,ca-pub-7784034061253020,35,2024-08-01,2024-08-06
m.tribunnews.com,Page,N/A,N/A,m.tribunnews.com/images/model/view/493692/baby-margaretha,No,Adult: Sexual content,Restricted ad serving,ca-pub-7784034061253020,35,2024-08-03,2024-08-06
jateng.tribunnews.com,Page,N/A,N/A,jateng.tribunnews.com/2017/10/09/dituding-incar-cewek-indonesia-untuk-bikin-video-seks-ini-bantahan-bule-david-bond-percaya?page=3,No,Adult: Sexual content,Restricted ad serving,ca-pub-7784034061253020,35,2024-08-02,2024-08-06
bangka.tribunnews.com,Page,N/A,N/A,bangka.tribunnews.com/2017/01/21/dari-masalah-ereksi-hingga-bayaran-inilah-7-kegalauan-yang-dialami-aktor-film-porno,No,Adult: Sexual content,Restricted ad serving,ca-pub-7784034061253020,35,2024-08-02,2024-08-06
www.tribunnews.com,Page,N/A,N/A,www.tribunnews.com/kesehatan/2019/11/28/menduga-mak-erot-pakai-metode-ini-pada-pasiennya-tompi-tak-mungkin-diurut-doang-tiba-tiba-gede,No,Shocking content,Restricted ad serving,ca-pub-7784034061253020,34,2024-08-01,2024-08-04
www.tribunnews.com,Page,N/A,N/A,www.tribunnews.com/internasional/2015/06/05/ada-toko-seks-halal-khusus-muslim-di-belanda,No,Adult: Sexual content,Restricted ad serving,ca-pub-7784034061253020,34,2024-08-02,2024-08-04
wow.tribunnews.com,Page,N/A,N/A,wow.tribunnews.com/2019/07/18/10-bahasa-tubuh-yang-menandakan-dia-tidak-tertarik-padamu-lihat-dan-pelajari,Yes,Content obscuring Google-served ads;Encouraging accidental clicks: Layout,Restricted ad serving,ca-pub-7784034061253020,34,2024-08-04,2024-08-04
wartakota.tribunnews.com,Page,N/A,N/A,wartakota.tribunnews.com/2019/02/22/kronologi-lengkap-kasus-suami-belah-perut-istri-pakai-parang-untuk-keluarkan-bayi,No,Shocking content,Restricted ad serving,ca-pub-7784034061253020,34,2024-08-01,2024-08-05
wartakota.tribunnews.com,Page,N/A,N/A,wartakota.tribunnews.com/2018/02/13/siswa-smp-remas-payudara-siswi-adik-kelas-kepergok-guru-dan-disaksikan-teman,No,Adult: Sexual content,Restricted ad serving,ca-pub-7784034061253020,34,2024-07-31,2024-08-04
wartakota.tribunnews.com,Page,N/A,N/A,wartakota.tribunnews.com/2014/05/27/rahasia-ciuman-yang-perlu-anda-tahu,No,Adult: Sexual content,Restricted ad serving,ca-pub-7784034061253020,34,2024-07-31,2024-08-05
medan.tribunnews.com,Page,N/A,N/A,medan.tribunnews.com/2020/02/13/inilah-7-titik-sensitif-wanita-yang-perlu-anda-sentuh-untuk-membangkitkan-gairah-seksual-mereka,No,Adult: Sexual content,Restricted ad serving,ca-pub-7784034061253020,34,2024-08-03,2024-08-04
makassar.tribunnews.com,Page,N/A,N/A,makassar.tribunnews.com/2020/07/10/37-pasangan-anak-smp-pesta-seks-di-hotel-petugas-temukan-barang-bukti-kondom-obat-kuat-miras,Yes,Ads Disguised as Content,Restricted ad serving,ca-pub-7784034061253020,34,2024-07-31,2024-08-05
m.tribunnews.com,Page,N/A,N/A,m.tribunnews.com/regional/2019/09/29/yuyu-ajak-berhubungan-usai-rg-mandi-hal-sama-dilakukan-putranya-itu-terhadap-np-sebelum-membunuhnya?page=2,No,Adult: Sexual content,Restricted ad serving,ca-pub-7784034061253020,34,2024-08-02,2024-08-04
lampung.tribunnews.com,Page,N/A,N/A,lampung.tribunnews.com/2019/10/31/psk-online-lampung-usia-19-tahun-kelar-main-dengan-pelanggan-setor-ke-mami-rp-100-ribu,No,Adult: Sexual content,Restricted ad serving,ca-pub-7784034061253020,34,2024-07-31,2024-08-05
jatim.tribunnews.com,Page,N/A,N/A,jatim.tribunnews.com/2022/09/13/duel-carok-satu-lawan-dua-terjadi-di-madura-1-nyawa-pria-sampang-melayang-dipicu-sakit-hati,Yes,Ads Disguised as Content,Restricted ad serving,ca-pub-7784034061253020,34,2024-08-05,2024-08-06
jatim.tribunnews.com,Page,N/A,N/A,jatim.tribunnews.com/2017/07/31/sudah-jarang-diperhatikan-dj-butterfly-unggah-foto-bugil-netter-mau-ngerusak-indonesia-nih,No,Adult: Sexual content,Restricted ad serving,ca-pub-7784034061253020,34,2024-07-31,2024-08-06
jateng.tribunnews.com,Page,N/A,N/A,jateng.tribunnews.com/2017/01/29/beredar-foto-foto-hot-diduga-janda-cantik-anggita-eka-putri-teman-patrialis-akbar?page=2,No,Adult: Sexual content,Restricted ad serving,ca-pub-7784034061253020,34,2024-08-05,2024-08-06
jateng.tribunnews.com,Page,N/A,N/A,jateng.tribunnews.com/2015/11/01/adinda-obati-kista-menggunakan-daun-sirih-dan-sirsak,No,Shocking content,Restricted ad serving,ca-pub-7784034061253020,34,2024-07-31,2024-08-06
jambi.tribunnews.com,Page,N/A,N/A,jambi.tribunnews.com/2019/08/18/deretan-foto-30-gadis-jepang-ini-sangat-populer-berani-tampil-terbuka-hingga-tampak-bagian-dalam?page=3,No,Adult: Sexual content,Restricted ad serving,ca-pub-7784034061253020,34,2024-08-01,2024-08-04
jambi.tribunnews.com,Page,N/A,N/A,jambi.tribunnews.com/2018/01/21/ini-yang-ada-dipikiran-wanita-bila-melihat-kelamin-laki-laki?page=all,No,Adult: Sexual content,Restricted ad serving,ca-pub-7784034061253020,34,2024-07-31,2024-08-04
jambi.tribunnews.com,Page,N/A,N/A,jambi.tribunnews.com/2017/09/24/curhat-berhubungan-seks-sambil-menyusui-anak-kelakuan-tasha-dinilai-tak-pantas,No,Shocking content,Restricted ad serving,ca-pub-7784034061253020,34,2024-07-31,2024-08-06
belitung.tribunnews.com,Page,N/A,N/A,belitung.tribunnews.com/2017/11/21/cewek-sma-jual-diri-langsung-masuk-aja-nanti-naik-ya,No,Adult: Sexual content,Restricted ad serving,ca-pub-7784034061253020,34,2024-07-31,2024-08-06
bangka.tribunnews.com,Page,N/A,N/A,bangka.tribunnews.com/2020/12/20/terlibat-cinta-lokasi-empat-pemain-film-dewasa-ini-pilih-menikah-dan-punya-anak-endingnya,Yes,Ads Disguised as Content,Restricted ad serving,ca-pub-7784034061253020,34,2024-08-01,2024-08-06
bangka.tribunnews.com,Page,N/A,N/A,bangka.tribunnews.com/2016/03/23/10-cara-olahraga-wanita-agar-bokong-tetap-kencang,No,Adult: Sexual content,Restricted ad serving,ca-pub-7784034061253020,34,2024-08-05,2024-08-06
bali.tribunnews.com,Page,N/A,N/A,bali.tribunnews.com/2018/04/19/awalnya-berbau-busuk-lalu-wangi-ini-5-fakta-muntahan-paus-yang-bernilai-fantastis,No,Shocking content,Restricted ad serving,ca-pub-7784034061253020,34,2024-08-02,2024-08-05
wartakota.tribunnews.com,Page,N/A,N/A,wartakota.tribunnews.com/2019/06/25/video-digerebek-satpol-pp-tangsel-terapis-panti-pijat-di-bsd-bilang-pakai-baju-dulu-inih,No,Adult: Sexual content,Restricted ad serving,ca-pub-7784034061253020,33,2024-07-31,2024-08-06
suryamalang.tribunnews.com,Page,N/A,N/A,suryamalang.tribunnews.com/2017/07/21/perempuan-ini-punya-bentuk-dada-yang-montok-tapi-curhatannya-soal-payudaranya-bikin-heran,Yes,Adult: Sexual content;Site Behavior: Navigation,Restricted ad serving,ca-pub-7784034061253020,33,2024-08-02,2024-08-05
surabaya.tribunnews.com,Page,N/A,N/A,surabaya.tribunnews.com/2016/05/24/polisi-sidoarjo-pergoki-2-pasang-pelajar-mesum-di-warnet-ada-kondom-bekasnya,No,Adult: Sexual content,Restricted ad serving,ca-pub-7784034061253020,33,2024-08-01,2024-08-05
sultra.tribunnews.com,Page,N/A,N/A,sultra.tribunnews.com/2022/10/29/link-video-viral-lombok-vc-tak-senonoh-beredar-di-tiktok-facebook-twitter-telegram-sosok-pemeran?page=4,Yes,Ads Disguised as Content,Restricted ad serving,ca-pub-7784034061253020,33,2024-08-04,2024-08-06
solo.tribunnews.com,Page,N/A,N/A,solo.tribunnews.com/2017/05/09/aktris-jav-terkenal-ini-posting-foto-tanpa-riasan-make-up-netizen-syok,Yes,Ads Disguised as Content,Restricted ad serving,ca-pub-7784034061253020,33,2024-07-31,2024-08-06
pontianak.tribunnews.com,Page,N/A,N/A,pontianak.tribunnews.com/2020/03/14/grand-opening-sanjaya-raja-laundry-mart-dalam-bisnis-startup-u-wash-berbasis-digital,No,Shocking content,Restricted ad serving,ca-pub-7784034061253020,33,2024-07-31,2024-08-05
pekanbaru.tribunnews.com,Page,N/A,N/A,pekanbaru.tribunnews.com/tag/film-bokeh-2017,Yes,Google-served ads on screens without publisher-content,Restricted ad serving,ca-pub-7784034061253020,33,2024-07-31,2024-08-06
pekanbaru.tribunnews.com,Page,N/A,N/A,pekanbaru.tribunnews.com/2021/06/17/nonton-film-loki-sub-indo-full-episode-lengkap-download-film-loki,No,Adult: Sexual content,Restricted ad serving,ca-pub-7784034061253020,33,2024-08-03,2024-08-05
manado.tribunnews.com,Page,N/A,N/A,manado.tribunnews.com/2017/07/18/monyet-hidup-dibelah-kepalanya-disendok-otaknya-dimakan-warga-beramai-ramai,No,Shocking content,Restricted ad serving,ca-pub-7784034061253020,33,2024-07-31,2024-08-05
lampung.tribunnews.com,Page,N/A,N/A,lampung.tribunnews.com/2017/08/03/cewek-berjilbab-pamer-bra-dan-buka-baju-di-jembatan-suramadu-jadi-viral-di-facebook,No,Adult: Sexual content,Restricted ad serving,ca-pub-7784034061253020,33,2024-08-01,2024-08-05
lampung.tribunnews.com,Page,N/A,N/A,lampung.tribunnews.com/2015/01/10/adegan-seksi-drama-tiongkok-dihapus-warga-protes,No,Adult: Sexual content,Restricted ad serving,ca-pub-7784034061253020,33,2024-07-31,2024-08-05
kupang.tribunnews.com,Page,N/A,N/A,kupang.tribunnews.com/2015/09/19/inilah-titik-klitoris-yang-membuat-wanita-bahagia,No,Adult: Sexual content,Restricted ad serving,ca-pub-7784034061253020,33,2024-08-01,2024-08-04
jambi.tribunnews.com,Page,N/A,N/A,jambi.tribunnews.com/2018/06/17/ini-dia-6-fantasi-yang-dibayangkan-pasangan-anda-saat-berhubungan-intim-nomor-6-sungguh-liar,No,Adult: Sexual content,Restricted ad serving,ca-pub-7784034061253020,33,2024-08-02,2024-08-04
jambi.tribunnews.com,Page,N/A,N/A,jambi.tribunnews.com/2015/10/07/awas-sering-onani-usia-muda-tuanya-kena-penyakit-ini?page=2,Yes,Google-served ads obscuring content;Modified Javascript: Ads by Google size,Restricted ad serving,ca-pub-7784034061253020,33,2024-08-03,2024-08-06
jabar.tribunnews.com,Page,N/A,N/A,jabar.tribunnews.com/2022/02/23/pengobatan-alat-vital-bandung-klinik-a-deni-pahrudin-yang-handal-dan-profesional,No,Adult: Sexual content,Restricted ad serving,ca-pub-7784034061253020,33,2024-07-31,2024-08-05
batam.tribunnews.com,Page,N/A,N/A,batam.tribunnews.com/2016/08/11/gila-wanita-ingi-ngaku-suka-berhubungan-seks-dengan-anjing,No,Adult: Sexual content,Restricted ad serving,ca-pub-7784034061253020,33,2024-07-31,2024-08-06
bangka.tribunnews.com,Page,N/A,N/A,bangka.tribunnews.com/2023/09/08/video-viral-tiktok-pengakuan-istri-ketagihan-selingkuh-nggak-peduli-lajang-atau-suami-orang,No,Google-served ads obscuring content,Restricted ad serving,ca-pub-7784034061253020,33,2024-07-31,2024-08-05
www.tribunnews.com,Page,N/A,N/A,www.tribunnews.com/regional/2013/08/23/pria-membeli-wanita-dalam-adat-nikahan-oku-selatan,No,Shocking content,Restricted ad serving,ca-pub-7784034061253020,32,2024-07-31,2024-08-05
wartakota.tribunnews.com,Page,N/A,N/A,wartakota.tribunnews.com/2024/01/14/ternyata-ini-penyebab-terjadinya-carok-massal-di-madura-dua-orang-tewaskan-empat-lawan-duelnya,Yes,Google-served ads obscuring content;Modified Javascript: Ads by Google size,Restricted ad serving,ca-pub-7784034061253020,32,2024-08-01,2024-08-06
wartakota.tribunnews.com,Page,N/A,N/A,wartakota.tribunnews.com/2014/11/15/begini-trik-mr-p-kecil-memuaskan-pasangan-anda,No,Adult: Sexual content,Restricted ad serving,ca-pub-7784034061253020,32,2024-07-31,2024-08-06
trends.tribunnews.com,Page,N/A,N/A,trends.tribunnews.com/2022/10/29/sinopsis-drakor-pachinko-lee-min-ho-jadi-tokoh-antagonis-ini-link-nonton-episode-1-8-sub-indo,Yes,Copyrighted material (DMCA),Disabled ad serving,,32,2024-08-02,2024-08-06
suryamalang.tribunnews.com,Page,N/A,N/A,suryamalang.tribunnews.com/2021/02/06/heboh-video-viral-main-bertiga-di-ngawi-janda-dan-anaknya-layani-1-pria,Yes,Ads Disguised as Content,Restricted ad serving,ca-pub-7784034061253020,32,2024-08-03,2024-08-05
sumsel.tribunnews.com,Page,N/A,N/A,sumsel.tribunnews.com/2018/01/06/5-fakta-seputar-video-mesum-tante-vs-bocah-sd-yang-bikin-hebohno4-ungkap-siapa-sosok-pelakunya,Yes,Ads Disguised as Content,Restricted ad serving,ca-pub-7784034061253020,32,2024-08-02,2024-08-04
palembang.tribunnews.com,Page,N/A,N/A,palembang.tribunnews.com/2017/02/20/diduga-menyungguhkan-tarian-telanjang-polisi-sidik-mega-karaoke,No,Adult: Sexual content,Restricted ad serving,ca-pub-7784034061253020,32,2024-08-03,2024-08-06
palembang.tribunnews.com,Page,N/A,N/A,palembang.tribunnews.com/2014/08/14/boneka-seks-buatan-jepang-ini-sungguh-mirip-manusia,No,Adult: Sexual content,Restricted ad serving,ca-pub-7784034061253020,32,2024-08-03,2024-08-06
medan.tribunnews.com,Page,N/A,N/A,medan.tribunnews.com/2021/04/15/fakta-tentang-nikita-mirzani-jebolan-pesantren-hingga-kuliah-jurusanhubungan-internasional,Yes,Encouraging accidental clicks: Layout;Google-served ads obscuring content,Restricted ad serving,ca-pub-7784034061253020,32,2024-07-31,2024-08-04
medan.tribunnews.com,Page,N/A,N/A,medan.tribunnews.com/2016/10/29/yuk-lihat-foto-foto-empunya-payudara-terindah-ryoko-nakaoka,Yes,Site Behavior: Navigation,Restricted ad serving,ca-pub-7784034061253020,32,2024-07-31,2024-08-06
m.tribunnews.com,Page,N/A,N/A,m.tribunnews.com/regional/2024/06/08/viral-wanita-di-sidrap-dikira-hilang-ternyata-tewas-ditelan-ular-piton-curiga-barangnya-di-kebun?source=kgnotif_1,No,Shocking content,Restricted ad serving,ca-pub-7784034061253020,32,2024-07-31,2024-08-06
m.tribunnews.com,Page,N/A,N/A,m.tribunnews.com/kesehatan/2017/11/27/perempuan-juga-perlu-tahu-inilah-yang-dirasakan-suami-anda-ketika-orgasme,No,Adult: Sexual content,Restricted ad serving,ca-pub-7784034061253020,32,2024-08-02,2024-08-04
m.tribunnews.com,Page,N/A,N/A,m.tribunnews.com/internasional/2015/11/03/tubuh-pelaku-bom-bunuh-diri-tinggal-setengah-tapi-masih-bicara,No,Shocking content,Restricted ad serving,ca-pub-7784034061253020,32,2024-08-02,2024-08-05
kupang.tribunnews.com,Page,N/A,N/A,kupang.tribunnews.com/2020/12/26/jangan-diabaikan-ini-arti-mimpi-hubungan-badan-dengan-istri-atau-suami-orangtafsir-mimpi-lengkap,Yes,Google-served ads obscuring content;Modified Javascript: Ads by Google size,Restricted ad serving,ca-pub-7784034061253020,32,2024-08-03,2024-08-06
jogja.tribunnews.com,Page,N/A,N/A,jogja.tribunnews.com/2014/08/13/boneka-seks-ini-sangat-mirip-dengan-manusia,No,Adult: Sexual content,Restricted ad serving,ca-pub-7784034061253020,32,2024-07-31,2024-08-06
jateng.tribunnews.com,Page,N/A,N/A,jateng.tribunnews.com/2018/02/06/terbongkar-inilah-rahasia-aktor-film-bokep-bisa-tahan-berjam-jam?page=3,No,Adult: Sexual content,Restricted ad serving,ca-pub-7784034061253020,32,2024-08-06,2024-08-06
jambi.tribunnews.com,Page,N/A,N/A,jambi.tribunnews.com/2019/10/17/tak-pakai-busana-hingga-seluruh-dalaman-tubuhnya-kelihatan-foto-mirip-pamela-safitri-bikin-heboh,No,Adult: Sexual content,Restricted ad serving,ca-pub-7784034061253020,32,2024-07-31,2024-08-06
jambi.tribunnews.com,Page,N/A,N/A,jambi.tribunnews.com/2018/02/11/astaga-hanya-dalam-beberapa-minggu-mr-p-bisa-besar-dengan-cara-ini,No,Adult: Sexual content,Restricted ad serving,ca-pub-7784034061253020,32,2024-08-01,2024-08-06
jakarta.tribunnews.com,Page,N/A,N/A,jakarta.tribunnews.com/2018/10/08/gambaru-point-tempat-cuci-kendaraan-eksklusif-sambil-ngopi-dan-potong-rambut-ini-daftar-harganya,Yes,Site Behavior: Navigation,Restricted ad serving,ca-pub-7784034061253020,32,2024-08-02,2024-08-04
bangka.tribunnews.com,Page,N/A,N/A,bangka.tribunnews.com/2022/05/31/pria-tua-nikahi-janda-muda-anak-diajak-tidur-di-kamar-pengantin-saat-malam-pertama-begini-nasibnya,Yes,Ads Disguised as Content,Restricted ad serving,ca-pub-7784034061253020,32,2024-07-31,2024-08-05
bangka.tribunnews.com,Page,N/A,N/A,bangka.tribunnews.com/2019/10/17/wanita-cantik-ini-berkencan-dan-berhubungan-badan-dengan-3-pria-tewas-saat-layani-pria-terakhir,No,Adult: Sexual content,Restricted ad serving,ca-pub-7784034061253020,32,2024-08-04,2024-08-04
bangka.tribunnews.com,Page,N/A,N/A,bangka.tribunnews.com/2016/10/29/inilah-fakta-fakta-menarik-tentang-ryoko-nakaoka-payudara-terindah-dari-jepang,No,Adult: Sexual content,Restricted ad serving,ca-pub-7784034061253020,32,2024-07-31,2024-08-06
bali.tribunnews.com,Page,N/A,N/A,bali.tribunnews.com/2018/04/09/khusus-pasutri-ini-ramuan-tradisional-penjaga-vitalitas-dan-mantra-menurut-lontar-rahasya-sanggama,No,Adult: Sexual content,Restricted ad serving,ca-pub-7784034061253020,32,2024-08-03,2024-08-06
www.tribunnews.com,Page,N/A,N/A,www.tribunnews.com/regional/2020/02/13/prostitusi-berkedok-warung-kopi-di-lintas-timur-palembang-betung-digrebek-satpol-pp-3-psk-diamankan,No,Adult: Sexual content,Restricted ad serving,ca-pub-7784034061253020,31,2024-07-31,2024-08-06
www.tribunnews.com,Page,N/A,N/A,www.tribunnews.com/regional/2017/08/20/fakta-fakta-pembunuhan-ema-wanita-hamil-yang-dibunuh-pacar-pakai-kain-jilbab-lalu-dibakar,No,Shocking content,Restricted ad serving,ca-pub-7784034061253020,31,2024-08-01,2024-08-05
wartakota.tribunnews.com,Page,N/A,N/A,wartakota.tribunnews.com/2017/10/16/abg-jual-keperawanan-demi-bisa-sekolah-akhirnya-jadi-ketagihan-dan-ditangkap,No,Shocking content,Restricted ad serving,ca-pub-7784034061253020,31,2024-08-03,2024-08-06
wartakota.tribunnews.com,Page,N/A,N/A,wartakota.tribunnews.com/2015/08/22/oh-ini-toh-alasan-pria-tak-suka-pakai-kondom,No,Adult: Sexual content,Restricted ad serving,ca-pub-7784034061253020,31,2024-07-31,2024-08-05
sumsel.tribunnews.com,Page,N/A,N/A,sumsel.tribunnews.com/2021/02/24/arti-kata-rebahan-istilah-yang-sering-dipakai-oleh-pengguna-instagram-di-tahun-2021,No,Google-served ads obscuring content,Restricted ad serving,ca-pub-7784034061253020,31,2024-07-31,2024-08-04
style.tribunnews.com,Page,N/A,N/A,style.tribunnews.com/2017/08/02/6-ciri-wanita-sudah-tak-perawan-mulai-hidung-mata-payudara-hingga-bentuk-punggung?page=2,No,Adult: Sexual content,Restricted ad serving,ca-pub-7784034061253020,31,2024-07-31,2024-08-04
style.tribunnews.com,Page,N/A,N/A,style.tribunnews.com/2017/06/24/ingin-tahan-lama-saat-diranjang-cukup-gunakan-ramuan-sawo-mentah-ini-begini-caranya?page=2,No,Adult: Sexual content,Restricted ad serving,ca-pub-7784034061253020,31,2024-08-01,2024-08-06
style.tribunnews.com,Page,N/A,N/A,style.tribunnews.com/2016/08/30/5-tanda-fisik-wanita-yang-nafsu-birahinya-meletup-letup,No,Adult: Sexual content,Restricted ad serving,ca-pub-7784034061253020,31,2024-08-03,2024-08-04
pontianak.tribunnews.com,Page,N/A,N/A,pontianak.tribunnews.com/2019/01/03/ingin-puaskan-pasangan-ini-3-posisi-seks-terbaik-untuk-pria-gemuk,No,Adult: Sexual content,Restricted ad serving,ca-pub-7784034061253020,31,2024-08-04,2024-08-06
pontianak.tribunnews.com,Page,N/A,N/A,pontianak.tribunnews.com/2017/10/21/payudara-terasa-sakit-saat-menstruasi-ini-solusinya,No,Adult: Sexual content,Restricted ad serving,ca-pub-7784034061253020,31,2024-08-03,2024-08-06
pekanbaru.tribunnews.com,Page,N/A,N/A,pekanbaru.tribunnews.com/2022/09/28/link-video-jojo-atau-jeje-jj-viral-2-menit-hingga-15-menit-diburu-netizen-lolewpop-penyebabnya,Yes,Ads Disguised as Content,Restricted ad serving,ca-pub-7784034061253020,31,2024-08-03,2024-08-04
palembang.tribunnews.com,Page,N/A,N/A,palembang.tribunnews.com/2018/01/25/dibilang-bentuknya-berubah-ubah-ini-cara-ariel-tatum-buktikan-payudaranya-tak-pakai-sumpalan,Yes,Site Behavior: Navigation,Restricted ad serving,ca-pub-7784034061253020,31,2024-08-01,2024-08-04
palembang.tribunnews.com,Page,N/A,N/A,palembang.tribunnews.com/2017/11/20/bikin-geleng-geleng-10-wanita-ini-disebut-sebagai-bintang-film-panas-paling-tajir-di-dunia?page=8,Yes,Ads Disguised as Content,Restricted ad serving,ca-pub-7784034061253020,31,2024-08-05,2024-08-06
medan.tribunnews.com,Page,N/A,N/A,medan.tribunnews.com/2022/05/24/terungkap-7-fakta-remaja-pria-jadi-budak-nafsu-tante-izin-ibadah-malah-belok-ke-kosan-janda,Yes,Ads Disguised as Content,Restricted ad serving,ca-pub-7784034061253020,31,2024-08-03,2024-08-05
medan.tribunnews.com,Page,N/A,N/A,medan.tribunnews.com/2017/05/21/kisah-intim-nia-nikmat-membawa-sengsara-imbas-ladeni-penis-jumbo-suami,No,Adult: Sexual content,Restricted ad serving,ca-pub-7784034061253020,31,2024-07-31,2024-08-04
manado.tribunnews.com,Page,N/A,N/A,manado.tribunnews.com/2019/04/23/viral-video-mastrubasi-artis-gandhi-berdurasi-1-menit-44-detik-dari-berdiri-hingga-duduk-di-sofa,No,Adult: Sexual content;Shocking content,Restricted ad serving,ca-pub-7784034061253020,31,2024-08-01,2024-08-04
makassar.tribunnews.com,Page,N/A,N/A,makassar.tribunnews.com/2017/04/14/blak-blakan-kakek-sugiono-soal-kariernya-ini-rahasia-artis-film-porno-tertua-jaga-stamina,No,Adult: Sexual content,Restricted ad serving,ca-pub-7784034061253020,31,2024-08-01,2024-08-05
makassar.tribunnews.com,Page,N/A,N/A,makassar.tribunnews.com/2015/06/12/cewek-cantik-ini-ikuti-lomba-pamer-pusar-di-media-sosial-ini-foto-fotonya,No,Adult: Sexual content,Restricted ad serving,ca-pub-7784034061253020,31,2024-08-03,2024-08-06
makassar.tribunnews.com,Page,N/A,N/A,makassar.tribunnews.com/2015/05/06/12-titik-erotis-wanita-bugis,No,Adult: Sexual content,Restricted ad serving,ca-pub-7784034061253020,31,2024-08-05,2024-08-05
m.tribunnews.com,Page,N/A,N/A,m.tribunnews.com/internasional/2015/02/22/tanpa-merasa-berdosa-bintang-porno-jepang-ini-bukukan-kisah-proses-bikin-video-intim,No,Adult: Sexual content,Restricted ad serving,ca-pub-7784034061253020,31,2024-07-31,2024-08-04
jogja.tribunnews.com,Page,N/A,N/A,jogja.tribunnews.com/2017/04/24/ukuran-dan-letak-klitoris-memengaruhi-kemampuan-orgasme-perempuan-lho,No,Adult: Sexual content,Restricted ad serving,ca-pub-7784034061253020,31,2024-07-31,2024-08-06
jambi.tribunnews.com,Page,N/A,N/A,jambi.tribunnews.com/2018/01/29/keseringan-beradegan-panas-di-ranjang-5-artis-hollywood-ini-menikmati-juga-akhirnya?page=2,No,Adult: Sexual content,Restricted ad serving,ca-pub-7784034061253020,31,2024-08-02,2024-08-06
cirebon.tribunnews.com,Page,N/A,N/A,cirebon.tribunnews.com/2019/08/03/foto-bugil-siti-badriah-krisjiana-tersebar-luas-di-medsos-saling-menempelkan-kening-mabuk-asmara,No,Adult: Sexual content,Restricted ad serving,ca-pub-7784034061253020,31,2024-07-31,2024-08-05
banjarmasin.tribunnews.com,Page,N/A,N/A,banjarmasin.tribunnews.com/2021/04/22/viral-video-syur-durasi-3-menit-44-detik-diduga-bule-rusia-di-gunung-batur-polisi-bali-buru-pelaku,Yes,Ads Disguised as Content,Restricted ad serving,ca-pub-7784034061253020,31,2024-08-01,2024-08-05
bangka.tribunnews.com,Page,N/A,N/A,bangka.tribunnews.com/2022/01/14/inilah-hutan-keramat-di-indonesia-yang-isinya-wanita-tanpa-busana-pria-yang-lihat-kena-akibat-ini,Yes,Google-served ads obscuring content;Modified Javascript: Ads by Google size,Restricted ad serving,ca-pub-7784034061253020,31,2024-07-31,2024-08-05
bangka.tribunnews.com,Page,N/A,N/A,bangka.tribunnews.com/2021/11/22/intip-foto-pose-gemoy-tante-ernie-pakai-outfit-merah-di-pantai-diingatkan-jangan-sampai-lepas,No,Google-served ads obscuring content,Restricted ad serving,ca-pub-7784034061253020,31,2024-07-31,2024-08-05
bangka.tribunnews.com,Page,N/A,N/A,bangka.tribunnews.com/2020/09/23/janda-gila-seks-hingga-cerita-janda-keok-ladeni-suami-orang-sampai-kejang-kejang,Yes,Encouraging accidental clicks: Layout,Restricted ad serving,ca-pub-7784034061253020,31,2024-07-31,2024-08-05
bangka.tribunnews.com,Page,N/A,N/A,bangka.tribunnews.com/2016/01/04/video-wanita-seksi-ini-memasak-dengan-cara-yang-tidak-lazim,Yes,Site Behavior: Navigation,Restricted ad serving,ca-pub-7784034061253020,31,2024-08-01,2024-08-05
www.tribunnewswiki.com,Page,N/A,N/A,www.tribunnewswiki.com/2020/09/30/celana-dalam-hilang-misterius-ternyata-dibuang-di-pekarangan-hingga-di-atap-dalam-keadaan-kotor,Yes,Encouraging accidental clicks: Layout;Google-served ads obscuring content,Restricted ad serving,ca-pub-7784034061253020,30,2024-07-31,2024-08-06
www.tribunnews.com,Page,N/A,N/A,www.tribunnews.com/regional/2024/03/26/kronologi-lengkap-odgj-di-bengkulu-bunuh-warga-dapat-bisikan-hisap-darah-dan-makan-otak-korban,Yes,Google-served ads obscuring content;Modified Javascript: Ads by Google size,Restricted ad serving,ca-pub-7784034061253020,30,2024-08-01,2024-08-05
www.tribunnews.com,Page,N/A,N/A,www.tribunnews.com/lifestyle/2017/12/19/11-negara-dengan-pria-tampan-dan-wanita-cantik-di-dunia-indonesia-masuk-nggak-ya,Yes,Site Behavior: Navigation,Restricted ad serving,ca-pub-7784034061253020,30,2024-07-31,2024-08-05
wartakota.tribunnews.com,Page,N/A,N/A,wartakota.tribunnews.com/amp/2015/12/04/kasus-hubungan-intim-antara-manusia-dan-kuda-meningkat-di-swiss,No,Adult: Sexual content,Restricted ad serving,ca-pub-7784034061253020,30,2024-07-31,2024-08-06
wartakota.tribunnews.com,Page,N/A,N/A,wartakota.tribunnews.com/2015/03/02/waria-bertarif-mahal-tawarkan-diri-di-sosial-media,No,Adult: Sexual content,Restricted ad serving,ca-pub-7784034061253020,30,2024-08-01,2024-08-06
video.tribunnews.com,Page,N/A,N/A,video.tribunnews.com/view/36007/ibu-guru-ajak-dua-muridnya-berhubungan-seks-begini-sosok-dan-ceritanya,Yes,Site Behavior: Navigation,Restricted ad serving,ca-pub-7784034061253020,30,2024-08-05,2024-08-06
surabaya.tribunnews.com,Page,N/A,N/A,surabaya.tribunnews.com/2019/09/19/foto-panas-dinar-candy-yang-disebar-pria-bule-itu-diambil-saat-tidur-lalu-dikirim-via-dm-instagram,No,Shocking content,Restricted ad serving,ca-pub-7784034061253020,30,2024-08-03,2024-08-06
pekanbaru.tribunnews.com,Page,N/A,N/A,pekanbaru.tribunnews.com/2022/11/15/umur-18-tahun-jadi-artis-jav-sora-aoi-ungkap-bayaran-lebih-dari-maria-ozawa,Yes,Ads Disguised as Content,Restricted ad serving,ca-pub-7784034061253020,30,2024-07-31,2024-08-05
pekanbaru.tribunnews.com,Page,N/A,N/A,pekanbaru.tribunnews.com/2022/10/24/boner-artinya-apa-apa-itu-boner-arti-boner-dan-boner-artinya-bahasa-gaul,Yes,Ads Disguised as Content,Restricted ad serving,ca-pub-7784034061253020,30,2024-07-31,2024-08-04
palembang.tribunnews.com,Page,N/A,N/A,palembang.tribunnews.com/2016/04/15/beredar-video-anak-anak-berseragam-sekolah-berdansa-dengan-gerakan-erotis,No,Adult: Sexual content,Restricted ad serving,ca-pub-7784034061253020,30,2024-08-02,2024-08-06
medan.tribunnews.com,Page,N/A,N/A,medan.tribunnews.com/tag/bintang-film-porno-jepang,Yes,Google-served ads on screens without publisher-content,Restricted ad serving,ca-pub-7784034061253020,30,2024-07-31,2024-08-05
medan.tribunnews.com,Page,N/A,N/A,medan.tribunnews.com/2017/10/24/mr-p-bengkok-apakah-berpengaruh-pada-kenikmatan-dalam-berhubungan-intim-simak-di-sini,No,Adult: Sexual content,Restricted ad serving,ca-pub-7784034061253020,30,2024-08-01,2024-08-06
medan.tribunnews.com,Page,N/A,N/A,medan.tribunnews.com/2015/11/27/telaah-kesehatan-masturbasi-tanpa-film-porno,No,Adult: Sexual content,Restricted ad serving,ca-pub-7784034061253020,30,2024-07-31,2024-08-06
makassar.tribunnews.com,Page,N/A,N/A,makassar.tribunnews.com/2020/06/01/hadirkan-film-anak-hingga-film-dewasa-ini-18-penyedia-nonton-online-download-film-mirip-indoxxi,Yes,Ads Disguised as Content,Restricted ad serving,ca-pub-7784034061253020,30,2024-08-02,2024-08-06
m.tribunnews.com,Page,N/A,N/A,m.tribunnews.com/kesehatan/seks,No,Adult: Sexual content,Restricted ad serving,ca-pub-7784034061253020,30,2024-08-01,2024-08-04
m.tribunnews.com,Page,N/A,N/A,m.tribunnews.com/kesehatan/2017/12/01/penyebab-munculnya-flek-coklat-seusai-berhubungan,No,Adult: Sexual content,Restricted ad serving,ca-pub-7784034061253020,30,2024-08-03,2024-08-06
m.tribunnews.com,Page,N/A,N/A,m.tribunnews.com/kesehatan/2015/09/03/hai-wanita-jangan-remehkan-rasa-sakit-saat-berhubungan-intim,No,Adult: Sexual content,Restricted ad serving,ca-pub-7784034061253020,30,2024-08-04,2024-08-06
kaltim.tribunnews.com,Page,N/A,N/A,kaltim.tribunnews.com/2019/05/19/lebih-menjanjikan-alasan-wanita-ini-memilih-bekerja-di-smartfren,Yes,Encouraging accidental clicks: Layout;Google-served ads obscuring content,Restricted ad serving,ca-pub-7784034061253020,30,2024-07-31,2024-08-06
jambi.tribunnews.com,Page,N/A,N/A,jambi.tribunnews.com/2017/02/18/film-ini-dianggap-punya-adegan-seks-paling-parah-penasaran-simak-di-sini,No,Adult: Sexual content,Restricted ad serving,ca-pub-7784034061253020,30,2024-08-05,2024-08-06
belitung.tribunnews.com,Page,N/A,N/A,belitung.tribunnews.com/2016/09/15/baju-ini-bikin-dewi-persik-seperti-telanjang-kata-netizen-lihat-video-aksinya-di-atas-panggung,No,Adult: Sexual content,Restricted ad serving,ca-pub-7784034061253020,30,2024-07-31,2024-08-06
belitung.tribunnews.com,Page,N/A,N/A,belitung.tribunnews.com/2016/01/16/lihat-ini-10-komentar-lucu-wanita-saat-pertama-kali-melihat-mr-p,No,Adult: Sexual content,Restricted ad serving,ca-pub-7784034061253020,30,2024-07-31,2024-08-05
batam.tribunnews.com,Page,N/A,N/A,batam.tribunnews.com/2018/02/14/kebiasaan-ini-yang-dilakukan-sang-gigolo-sebelum-naik-ke-ranjang-hasilnya-bikin-wanita-ketagihan,No,Adult: Sexual content,Restricted ad serving,ca-pub-7784034061253020,30,2024-08-01,2024-08-05
bangka.tribunnews.com,Page,N/A,N/A,bangka.tribunnews.com/2023/09/11/bisnis-seksi-si-meja-goyang-di-belitung-timur-10-menit-bisa-olah-5-kilogram-pasir-timah,Yes,Google-served ads obscuring content;Modified Javascript: Ads by Google size,Restricted ad serving,ca-pub-7784034061253020,30,2024-08-03,2024-08-06
bangka.tribunnews.com,Page,N/A,N/A,bangka.tribunnews.com/2022/10/18/bripka-rr-lihat-brigadir-j-menangis-keluar-dari-kamar-putri-ternyata-istri-sambo-katakan-ini,Yes,Encouraging accidental clicks: Layout,Restricted ad serving,ca-pub-7784034061253020,30,2024-08-01,2024-08-06
bangka.tribunnews.com,Page,N/A,N/A,bangka.tribunnews.com/2022/01/09/wanita-tidur-tanpa-pakai-celana-dalam-ternyata-bisa-bikin-dapatkan-manfaat-menakjubkan-ini,No,Google-served ads obscuring content,Restricted ad serving,ca-pub-7784034061253020,30,2024-08-01,2024-08-04
bangka.tribunnews.com,Page,N/A,N/A,bangka.tribunnews.com/2016/03/02/saat-gerbek-apartemen-tamansari-bandung-polisi-temukan-11-dus-kondom,No,Adult: Sexual content,Restricted ad serving,ca-pub-7784034061253020,30,2024-07-31,2024-08-05
aceh.tribunnews.com,Page,N/A,N/A,aceh.tribunnews.com/2022/07/19/beredar-video-mesum-asn-perempuan-berdurasi-57-detik-pelaku-video-call-sambil-buka-baju-di-kantor,Yes,Ads Disguised as Content,Restricted ad serving,ca-pub-7784034061253020,30,2024-07-31,2024-08-06
aceh.tribunnews.com,Page,N/A,N/A,aceh.tribunnews.com/2020/07/27/video-warga-aceh-barat-ditemukan-tak-bernyawa-tanggannya-masih-menggenggam-parang,No,Shocking content,Restricted ad serving,ca-pub-7784034061253020;ca-video-pub-7784034061253020,30,2024-08-01,2024-08-05
aceh.tribunnews.com,Page,N/A,N/A,aceh.tribunnews.com/2020/01/17/ingin-coba-sensasi-baru-seorang-pria-ajak-calon-istri-main-bertiga-dengan-pria-lain,No,Adult: Sexual content,Restricted ad serving,ca-pub-7784034061253020,30,2024-08-01,2024-08-04
aceh.tribunnews.com,Page,N/A,N/A,aceh.tribunnews.com/2019/02/03/kambing-hamil-diperkosa-8-orang-hingga-tewas-kelainan-seksual-melibatkan-hewan-sulit-disembuhkan,No,Shocking content,Restricted ad serving,ca-pub-7784034061253020,30,2024-07-31,2024-08-05
www.tribunnewswiki.com,Page,N/A,N/A,www.tribunnewswiki.com/2019/12/28/3-skandal-cupi-cupita-baju-melorot-saat-manggung-hingga-video-syur-mirip-dirinya,No,Adult: Sexual content,Restricted ad serving,ca-pub-7784034061253020,29,2024-08-03,2024-08-05
www.tribunnews.com,Page,N/A,N/A,www.tribunnews.com/kesehatan/2017/06/05/mengapa-pria-dan-wanita-kerap-menyesal-usai-berhubungan-intim-ini-bedanya,No,Adult: Sexual content,Restricted ad serving,ca-pub-7784034061253020,29,2024-08-01,2024-08-06
suryamalang.tribunnews.com,Page,N/A,N/A,suryamalang.tribunnews.com/2019/01/25/selain-putus-cinta-inilah-6-fakta-video-p0rno-siswi-sma-di-madiun-yang-beredar-di-whatsapp-wa,No,Adult: Sexual content,Restricted ad serving,ca-pub-7784034061253020,29,2024-08-02,2024-08-05
style.tribunnews.com,Page,N/A,N/A,style.tribunnews.com/2017/10/07/terlalu-ketat-dan-transparan-16-orang-ini-malah-terlihat-konyol-saat-pakai-legging-malu-maluin,No,Adult: Sexual content,Restricted ad serving,ca-pub-7784034061253020,29,2024-08-04,2024-08-05
pontianak.tribunnews.com,Page,N/A,N/A,pontianak.tribunnews.com/2014/12/02/yakuza-produksi-tayangan-porno-di-internet,No,Google-served ads obscuring content,Restricted ad serving,ca-pub-7784034061253020,29,2024-08-03,2024-08-04
pekanbaru.tribunnews.com,Page,N/A,N/A,pekanbaru.tribunnews.com/2021/10/06/layani-ibu-mertua-dan-adik-ipar-di-ranjang-pria-ini-ternyata-dapat-izin-istrinya,Yes,Ads Disguised as Content,Restricted ad serving,ca-pub-7784034061253020,29,2024-08-01,2024-08-06
palembang.tribunnews.com,Page,N/A,N/A,palembang.tribunnews.com/tag/video-mesum-gisel,Yes,Google-served ads on screens without publisher-content,Restricted ad serving,ca-pub-7784034061253020,29,2024-07-31,2024-08-06
medan.tribunnews.com,Page,N/A,N/A,medan.tribunnews.com/2015/03/14/balas-dendam-prajurit-irak-penggal-kepala-isis-dan-jadikannya-bola-kaki,No,Shocking content,Restricted ad serving,ca-pub-7784034061253020,29,2024-08-02,2024-08-06
manado.tribunnews.com,Page,N/A,N/A,manado.tribunnews.com/2021/05/21/5-fakta-pembunuhan-ko-sonny-di-wonasa-korban-tewas-6-tusukan-pelaku-singgung-soal-curi-ayam,No,Shocking content,Restricted ad serving,ca-pub-7784034061253020,29,2024-07-31,2024-08-05
kupang.tribunnews.com,Page,N/A,N/A,kupang.tribunnews.com/2014/06/27/fantasi-seks-diikat-di-tempat-tidur-tanda-suka-mendominasi,No,Adult: Sexual content,Restricted ad serving,ca-pub-7784034061253020,29,2024-08-05,2024-08-06
jogja.tribunnews.com,Page,N/A,N/A,jogja.tribunnews.com/2016/08/31/suka-doggy-style-spooning-atau-standing-gaya-favorit-ternyata-ungkap-karaktermu,No,Adult: Sexual content,Restricted ad serving,ca-pub-7784034061253020,29,2024-07-31,2024-08-05
jateng.tribunnews.com,Page,N/A,N/A,jateng.tribunnews.com/2019/04/25/video-panas-masturbasi-6-artis-dan-atlet-mulai-tersebar-di-grup-whatsapp-polisi-turun-tangan,No,Adult: Sexual content,Restricted ad serving,ca-pub-7784034061253020,29,2024-08-01,2024-08-04
jambi.tribunnews.com,Page,N/A,N/A,jambi.tribunnews.com/2019/08/03/drama-manis-perekrutan-gadis-bawah-umur-untuk-pijat-plus-plus-pelanggan-kalangan-menengah-atas,No,Adult: Sexual content,Restricted ad serving,ca-pub-7784034061253020,29,2024-08-01,2024-08-06
belitung.tribunnews.com,Page,N/A,N/A,belitung.tribunnews.com/2023/11/05/biodata-erika-carlina-beradegan-hot-tapi-tidak-jorok-dalam-serial-madame-rose,Yes,Google-served ads obscuring content;Modified Javascript: Ads by Google size,Restricted ad serving,ca-pub-7784034061253020,29,2024-07-31,2024-08-06
belitung.tribunnews.com,Page,N/A,N/A,belitung.tribunnews.com/2018/08/22/mengintip-kehidupan-malam-di-little-tokyo-jakarta-diduga-lokasi-4-atlet-jepang-booking-cewek,No,Shocking content,Restricted ad serving,ca-pub-7784034061253020,29,2024-08-01,2024-08-05
banjarmasin.tribunnews.com,Page,N/A,N/A,banjarmasin.tribunnews.com/2019/06/09/mimpi-berhubungan-intim-termasuk-dengan-bos-atau-rekan-kerja-ini-artinya-bagi-asmara-anda,No,Adult: Sexual content,Restricted ad serving,ca-pub-7784034061253020,29,2024-08-01,2024-08-06
bangka.tribunnews.com,Page,N/A,N/A,bangka.tribunnews.com/2022/01/13/video-goyangan-13-detik-gisel-ini-masih-banjir-tontonan-ngaku-rasanya-paling-enak,Yes,Ads Disguised as Content,Restricted ad serving,ca-pub-7784034061253020,29,2024-08-04,2024-08-04
bangka.tribunnews.com,Page,N/A,N/A,bangka.tribunnews.com/2019/04/05/whatsapp-kamu-kena-blokir-mantan-begini-caranya-agar-tetap-bisa-kirim-chat-meski-diblokir,Yes,Content obscuring Google-served ads;Encouraging accidental clicks: Layout;Google-served ads on screens without publisher-content,Restricted ad serving,ca-pub-7784034061253020,29,2024-08-04,2024-08-05
bangka.tribunnews.com,Page,N/A,N/A,bangka.tribunnews.com/2018/03/13/hoes-hoin-bocorkan-ratusan-foto-telanjang-tentara-wanita-amerika-serikat,Yes,Site Behavior: Navigation,Restricted ad serving,ca-pub-7784034061253020,29,2024-08-02,2024-08-05
bangka.tribunnews.com,Page,N/A,N/A,bangka.tribunnews.com/2017/08/03/cewek-berjilbab-pamer-bra-dan-buka-baju-di-jembatan-suramadu-bikin-heboh?page=3,No,Adult: Sexual content,Restricted ad serving,ca-pub-7784034061253020,29,2024-08-06,2024-08-06
bangka.tribunnews.com,Page,N/A,N/A,bangka.tribunnews.com/2017/07/01/hewan-unik-mirip-kelamin-pria-bisa-memanjang-dan-mengeras-bila-ada-ancaman,No,Adult: Sexual content,Restricted ad serving,ca-pub-7784034061253020,29,2024-07-31,2024-08-06
bangka.tribunnews.com,Page,N/A,N/A,bangka.tribunnews.com/2016/07/27/ini-lho-7-cara-ciuman-yang-paling-disukai-wanita,No,Adult: Sexual content;Shocking content,Restricted ad serving,ca-pub-7784034061253020,29,2024-08-01,2024-08-05
bali.tribunnews.com,Page,N/A,N/A,bali.tribunnews.com/2019/03/17/9-kasus-video-dan-foto-bugil-yang-pernah-heboh-di-ntt-motif-sakit-hati-hingga-pemerasan,No,Adult: Sexual content,Restricted ad serving,ca-pub-7784034061253020,29,2024-08-03,2024-08-04
bali.tribunnews.com,Page,N/A,N/A,bali.tribunnews.com/2017/04/02/10-foto-mesum-pasangan-mahasiswa-ntt-viral-di-media-sosial-diambil-ketika-berhubungan-intim,No,Adult: Sexual content,Restricted ad serving,ca-pub-7784034061253020,29,2024-08-03,2024-08-04
aceh.tribunnews.com,Page,N/A,N/A,aceh.tribunnews.com/2021/10/07/barakallah-fii-umrik-ini-70-ucapan-selamat-ulang-tahun-islami-bahasa-arab-bahasa-indonesia,Yes,Modified ad code: Resizing Ad Frames,Restricted ad serving,ca-pub-7784034061253020,29,2024-07-31,2024-08-06
www.tribunnews.com,Page,N/A,N/A,www.tribunnews.com/seleb/2017/01/10/wow-8-artis-hollywood-ini-berani-pamer-bulu-dari-ketiak-hingga-kemaluan,No,Adult: Sexual content,Restricted ad serving,ca-pub-7784034061253020,28,2024-08-01,2024-08-05
www.tribunnews.com,Page,N/A,N/A,www.tribunnews.com/regional/2021/11/13/cerita-pria-yang-kerap-antar-psk-menemui-pelanggannya-di-hotel,No,Google-served ads obscuring content,Restricted ad serving,ca-pub-7784034061253020,28,2024-08-02,2024-08-05
www.tribunnews.com,Page,N/A,N/A,www.tribunnews.com/kesehatan/2017/08/03/mengapa-saat-siang-pria-tak-mengalami-ereksi-seperti-pagi-dan-malam-hari-ini-penjelasan-medisnya,No,Adult: Sexual content,Restricted ad serving,ca-pub-7784034061253020,28,2024-07-31,2024-08-05
www.tribunnews.com,Page,N/A,N/A,www.tribunnews.com/internasional/2015/02/22/tanpa-merasa-berdosa-bintang-porno-jepang-ini-bukukan-kisah-proses-bikin-video-intim,No,Adult: Sexual content,Restricted ad serving,ca-pub-7784034061253020,28,2024-07-31,2024-08-06
www.tribunnews.com,Page,N/A,N/A,www.tribunnews.com/bisnis/2020/12/04/tokopedia-angkat-bicara-terkait-peredaran-produk-sex-toys-di-e-commerce,No,Adult: Sexual content,Restricted ad serving,ca-pub-7784034061253020,28,2024-08-04,2024-08-06
travel.tribunnews.com,Page,N/A,N/A,travel.tribunnews.com/2017/11/15/khusus-dewasa-inilah-3-tempat-wisata-malam-yang-terkenal-di-thailand-ada-lady-boy-ga?page=2,Yes,Site Behavior: Navigation,Restricted ad serving,ca-pub-7784034061253020,28,2024-07-31,2024-08-05
pontianak.tribunnews.com,Page,N/A,N/A,pontianak.tribunnews.com/2015/08/23/lima-tanda-kalau-miss-v-tidak-sehat,No,Adult: Sexual content,Restricted ad serving,ca-pub-7784034061253020,28,2024-08-01,2024-08-04
pekanbaru.tribunnews.com,Page,N/A,N/A,pekanbaru.tribunnews.com/2018/01/21/pamer-paha-mulus-di-medsos-8-artis-ini-bikin-para-cowok-tak-berkedip-siapa-saja,No,Adult: Sexual content,Restricted ad serving,ca-pub-7784034061253020,28,2024-08-05,2024-08-05
palembang.tribunnews.com,Page,N/A,N/A,palembang.tribunnews.com/2017/10/02/tak-kuat-tahan-nafsu-dukun-pijat-ini-nekat-remas-anu-pasiennya-sampai-begini-beruntung-ada,No,Adult: Sexual content,Restricted ad serving,ca-pub-7784034061253020,28,2024-08-01,2024-08-06
medan.tribunnews.com,Page,N/A,N/A,medan.tribunnews.com/2022/06/27/video-miyabi-telanjur-tersebar-di-internet-terungkap-penghasilan-maria-ozawa-jadi-artis-film-dewasa,Yes,Ads Disguised as Content;Modified ad code: Resizing Ad Frames,Restricted ad serving,ca-pub-7784034061253020,28,2024-07-31,2024-08-05
manado.tribunnews.com,Page,N/A,N/A,manado.tribunnews.com/2019/01/28/3-cara-mengetahui-suami-anda-selingkuh-atau-tidak-hotman-paris-cium-celana-dalam-dan-ketek-suami,Yes,Ads Disguised as Content,Restricted ad serving,ca-pub-7784034061253020,28,2024-08-01,2024-08-04
makassar.tribunnews.com,Page,N/A,N/A,makassar.tribunnews.com/2019/10/07/cewekgadis-manado-tanpa-busana-di-video-viral-facebook-whatsapp-terungkap-kondisinya-memiriskan,Yes,Content obscuring Google-served ads,Restricted ad serving,ca-pub-7784034061253020,28,2024-08-01,2024-08-05
m.tribunnews.com,Page,N/A,N/A,m.tribunnews.com/tag/sopir-selingkuh-dengan-istri-majikan,No,Google-served ads obscuring content,Restricted ad serving,ca-pub-7784034061253020,28,2024-07-31,2024-08-06
m.tribunnews.com,Page,N/A,N/A,m.tribunnews.com/kesehatan/2016/05/10/agar-makin-orgasme-lakukan-senam-legel-sebelum-berhubungan-seks,No,Adult: Sexual content,Restricted ad serving,ca-pub-7784034061253020,28,2024-08-01,2024-08-04
kupang.tribunnews.com,Page,N/A,N/A,kupang.tribunnews.com/2024/07/04/breaking-news-penemuan-mayat-bayi-di-ttsleher-terjerat-tali-usus-terburai,No,Shocking content,Restricted ad serving,ca-pub-7784034061253020,28,2024-07-31,2024-08-06
kupang.tribunnews.com,Page,N/A,N/A,kupang.tribunnews.com/2019/10/23/sekitar-50-wanita-pekerja-seks-jalanan-berkeliaran-di-kota-lewoleba-lembata,No,Adult: Sexual content,Restricted ad serving,ca-pub-7784034061253020,28,2024-08-01,2024-08-04
jateng.tribunnews.com,Page,N/A,N/A,jateng.tribunnews.com/2019/05/07/pengumumanselama-bulan-suci-ramadan-lokalisasi-gang-sadar-baturraden-tutup-total,No,Shocking content,Restricted ad serving,ca-pub-7784034061253020,28,2024-08-03,2024-08-05
jambi.tribunnews.com,Page,N/A,N/A,jambi.tribunnews.com/2019/09/18/tak-perlu-obat-kuat-kopi-cleng-dan-jantan-5-resep-alami-ini-bisa-tingkatkan-stamina-pria-dewasa,No,Adult: Sexual content,Restricted ad serving,ca-pub-7784034061253020,28,2024-07-31,2024-08-06
belitung.tribunnews.com,Page,N/A,N/A,belitung.tribunnews.com/2017/11/18/sentuh-area-sensitif-tukang-pijat-ini-malah-disenangi-banyak-wanita-cantik-padahal-tak-gagah,No,Adult: Sexual content,Restricted ad serving,ca-pub-7784034061253020,28,2024-08-01,2024-08-06
belitung.tribunnews.com,Page,N/A,N/A,belitung.tribunnews.com/2017/10/25/inilah-11-hal-yang-terjadi-di-balik-layar-film-dewasa,No,Adult: Sexual content,Restricted ad serving,ca-pub-7784034061253020,28,2024-07-31,2024-08-06
bangka.tribunnews.com,Page,N/A,N/A,bangka.tribunnews.com/2019/09/21/video-syur-guru-cantik-pakai-seragam-pns-pemprov-jabar-diburu-iwan-fals-tanya-ada-linknya-nggak-ya,No,Adult: Sexual content,Restricted ad serving,ca-pub-7784034061253020,28,2024-08-04,2024-08-04
bali.tribunnews.com,Page,N/A,N/A,bali.tribunnews.com/2018/02/10/viral-video-goyangan-hot-3-siswi-sma-masih-mengenakan-seragam-sekolah,Yes,Site Behavior: Navigation,Restricted ad serving,ca-pub-7784034061253020,28,2024-07-31,2024-08-04
bali.tribunnews.com,Page,N/A,N/A,bali.tribunnews.com/2018/02/09/video-mesum-pelajar-sma-kediri-viral-ada-dua-rekaman,No,Shocking content,Restricted ad serving,ca-pub-7784034061253020,28,2024-08-01,2024-08-06
bali.tribunnews.com,Page,N/A,N/A,bali.tribunnews.com/2016/10/31/video-seranjang-bareng-celine-stefan-cantik-banget-pengen-cepat-hamil-ditonton-42-ribu-kali,Yes,Ads Disguised as Content,Restricted ad serving,ca-pub-7784034061253020,28,2024-07-31,2024-08-04
bali.tribunnews.com,Page,N/A,N/A,bali.tribunnews.com/2016/04/25/al-ghazali-akui-foto-ciuman-bibir-dia-ngaku-kecolongan,No,Google-served ads obscuring content,Restricted ad serving,ca-pub-7784034061253020,28,2024-07-31,2024-08-04
www.tribunnews.com,Page,N/A,N/A,www.tribunnews.com/metropolitan/2016/05/15/di-spa-ini-terapisnya-topless-sekatnya-hanya-pakai-gorden,Yes,Site Behavior: Navigation,Restricted ad serving,ca-pub-7784034061253020,27,2024-08-01,2024-08-05
www.tribunnews.com,Page,N/A,N/A,www.tribunnews.com/kesehatan/2014/12/10/tidur-kok-bisa-berhubungan-seks-ada-yang-salah,No,Adult: Sexual content,Restricted ad serving,ca-pub-7784034061253020,27,2024-08-02,2024-08-05
wow.tribunnews.com,Page,N/A,N/A,wow.tribunnews.com/2017/11/11/wanita-harus-tahu-ini-6-ciri-pria-sudah-tak-perjaka-warna-itunya-berubah-hingga-soal-stamina,No,Adult: Sexual content,Restricted ad serving,ca-pub-7784034061253020,27,2024-07-31,2024-08-04
wartakota.tribunnews.com,Page,N/A,N/A,wartakota.tribunnews.com/2017/02/03/pria-ini-langsung-buka-baju-dan-celananya-saat-berada-di-depan-toko,No,Adult: Sexual content,Restricted ad serving,ca-pub-7784034061253020,27,2024-08-01,2024-08-05
sultra.tribunnews.com,Page,N/A,N/A,sultra.tribunnews.com/2023/05/08/full-video-viral-2-menit-27-detik-kasir-minimarket-di-kendari-main-kuda-kudaan-link-videonya,Yes,Google-served ads on screens without publisher-content,Restricted ad serving,ca-pub-7784034061253020,27,2024-08-01,2024-08-04
pekanbaru.tribunnews.com,Page,N/A,N/A,pekanbaru.tribunnews.com/2021/11/15/pengakuan-janda-muda-yang-tak-tahan-lagi-layani-pria-tiap-malam-demi-uang-mau-kerja-apa-lagi,Yes,Ads Disguised as Content,Restricted ad serving,ca-pub-7784034061253020,27,2024-08-01,2024-08-06
makassar.tribunnews.com,Page,N/A,N/A,makassar.tribunnews.com/2017/09/07/ternyata-inilah-alasan-mahasiswi-dari-indonesia-sera-amane-nyaman-jadi-bintang-film-panas,Yes,Ads Disguised as Content,Restricted ad serving,ca-pub-7784034061253020,27,2024-08-01,2024-08-05
makassar.tribunnews.com,Page,N/A,N/A,makassar.tribunnews.com/2015/08/04/sering-telat-menstruasi-jangan-panik-ambil-jeruk-nipis-berikut-caranya,Yes,Google-served ads on screens without publisher-content,Restricted ad serving,ca-pub-7784034061253020,27,2024-08-02,2024-08-06
m.tribunnews.com,Page,N/A,N/A,m.tribunnews.com/kesehatan/2017/11/05/pemicu-rambut-di-area-kemaluan-cowok-lebih-cepat-tumbuh,No,Adult: Sexual content,Restricted ad serving,ca-pub-7784034061253020,27,2024-08-02,2024-08-05
lampung.tribunnews.com,Page,N/A,N/A,lampung.tribunnews.com/2018/08/04/kasus-video-porno-luna-maya-dan-cut-tari-ternyata-menggantung,No,Adult: Sexual content,Restricted ad serving,ca-pub-7784034061253020,27,2024-07-31,2024-08-04
kupang.tribunnews.com,Page,N/A,N/A,kupang.tribunnews.com/2020/01/21/psk-tak-kuat-layani-nafsu-pelanggan-pakai-obat-kuat-2-hari-2-malam-non-stop-tewas?page=2,No,Adult: Sexual content,Restricted ad serving,ca-pub-7784034061253020,27,2024-08-03,2024-08-05
kupang.tribunnews.com,Page,N/A,N/A,kupang.tribunnews.com/2019/08/01/nikita-mirzani-unggah-foto-video-nyaris-telanjang-sahabat-ruben-onsu-ini-banjir-nyinyir,No,Adult: Sexual content,Restricted ad serving,ca-pub-7784034061253020,27,2024-07-31,2024-08-06
kupang.tribunnews.com,Page,N/A,N/A,kupang.tribunnews.com/2018/03/08/ingin-gunakan-sex-toys-tahu-dulu-fungsi-dan-dampak-negatifnya?page=2,No,Adult: Sexual content,Restricted ad serving,ca-pub-7784034061253020,27,2024-08-04,2024-08-04
jambi.tribunnews.com,Page,N/A,N/A,jambi.tribunnews.com/2018/04/12/5-bentuk-pantat-perempuan-ini-bisa-gambarkan-karakter-punya-anda-jenis-yang-mana,No,Shocking content,Restricted ad serving,ca-pub-7784034061253020,27,2024-08-01,2024-08-06
jambi.tribunnews.com,Page,N/A,N/A,jambi.tribunnews.com/2018/04/05/disfungsi-ereksi-bisa-disebabkan-terganggunya-aliran-darah-ke-mr-p-ini-kiat-melancarkannya,No,Adult: Sexual content,Restricted ad serving,ca-pub-7784034061253020,27,2024-08-05,2024-08-06
jambi.tribunnews.com,Page,N/A,N/A,jambi.tribunnews.com/2018/02/08/7-wanita-indonesia-ini-jadi-bintang-film-panas-di-luar-negeri-siapa-saja-ya?page=all,No,Adult: Sexual content,Restricted ad serving,ca-pub-7784034061253020,27,2024-07-31,2024-08-04
jabar.tribunnews.com,Page,N/A,N/A,jabar.tribunnews.com/2021/03/07/fakta-pembunuhan-mira-yura-gadis-bandung-di-kediri-pelakunya-sadis-sampai-dijual-keluarga-pacar,Yes,Ads Disguised as Content,Restricted ad serving,ca-pub-7784034061253020,27,2024-08-06,2024-08-06
cirebon.tribunnews.com,Page,N/A,N/A,cirebon.tribunnews.com/2019/06/25/suami-tarif-rp-3-juta-bagi-siapapun-pria-yang-mau-menikmati-tubuh-istrinya-berhubungan-seks-bertiga,No,Adult: Sexual content,Restricted ad serving,ca-pub-7784034061253020,27,2024-08-06,2024-08-06
bogor.tribunnews.com,Page,N/A,N/A,bogor.tribunnews.com/2022/07/05/mengungkap-tarif-psk-lokal-dan-psk-asing-di-puncak-bogor-perempuan-magribi-pasang-harga-jutaan,Yes,Ads Disguised as Content,Restricted ad serving,ca-pub-7784034061253020,27,2024-07-31,2024-08-04
bogor.tribunnews.com,Page,N/A,N/A,bogor.tribunnews.com/2018/02/24/waspadai-fenomena-akhwat-hunter-jadikan-wanita-berjilbab-hingga-bercadar-sebagai-bahan-fantasi,No,Google-served ads obscuring content,Restricted ad serving,ca-pub-7784034061253020,27,2024-08-02,2024-08-04
belitung.tribunnews.com,Page,N/A,N/A,belitung.tribunnews.com/2018/01/20/cowok-smp-begituan-bareng-cewek-smk-rekamannya-di-luar-sekolah,No,Adult: Sexual content,Restricted ad serving,ca-pub-7784034061253020,27,2024-08-03,2024-08-04
belitung.tribunnews.com,Page,N/A,N/A,belitung.tribunnews.com/2016/10/24/foto-bugil-artis-cantik-dan-lawan-mainnya-di-tv-tersebar-secara-online-ini-tanggapannya,No,Adult: Sexual content,Restricted ad serving,ca-pub-7784034061253020,27,2024-07-31,2024-08-04
bekasi.tribunnews.com,Page,N/A,N/A,bekasi.tribunnews.com/2022/10/19/berikut-139-judul-film-jepang-terbaru-2022-beresolusi-hd-dan-berdurasi-dua-jam-lebih-khusus-dewasa,Yes,Ads Disguised as Content,Restricted ad serving,ca-pub-7784034061253020,27,2024-08-02,2024-08-04
banjarmasin.tribunnews.com,Page,N/A,N/A,banjarmasin.tribunnews.com/2018/01/30/wow-jenis-getar-goyang-paling-diminati-pemesan-sex-toys-di-banjarmasin,No,Adult: Sexual content,Restricted ad serving,ca-pub-7784034061253020,27,2024-08-01,2024-08-05
bangka.tribunnews.com,Page,N/A,N/A,bangka.tribunnews.com/2022/02/16/viral-di-twitter-pasangan-gay-buat-video-asusila-siang-hari-di-sawah-raup-cuan-rp17-juta,Yes,Ads Disguised as Content,Restricted ad serving,ca-pub-7784034061253020,27,2024-07-31,2024-08-06
bangka.tribunnews.com,Page,N/A,N/A,bangka.tribunnews.com/2016/09/23/foto-foto-bugil-wanita-pns-pekalongan-yang-menghebohkan,No,Adult: Sexual content,Restricted ad serving,ca-pub-7784034061253020,27,2024-08-02,2024-08-06
bangka.tribunnews.com,Page,N/A,N/A,bangka.tribunnews.com/2016/07/26/beginilah-ciri-ciri-wanita-yang-ingin-bercinta-tapi-malu-mengungkapkan-kepada-pasangannya,No,Adult: Sexual content,Restricted ad serving,ca-pub-7784034061253020,27,2024-08-02,2024-08-06
www.tribunnewswiki.com,Page,N/A,N/A,www.tribunnewswiki.com/2022/07/03/rina-arano,No,Google-served ads obscuring content,Restricted ad serving,ca-pub-7784034061253020,26,2024-08-02,2024-08-06
www.tribunnews.com,Page,N/A,N/A,www.tribunnews.com/regional/2022/07/28/rekaman-video-mesum-2-oknum-guru-sd-hebohkan-ciamis-diunggah-pertamakali-oleh-pelaku,Yes,Ads Disguised as Content,Restricted ad serving,ca-pub-7784034061253020,26,2024-08-05,2024-08-05
www.tribunnews.com,Page,N/A,N/A,www.tribunnews.com/lifestyle/2015/04/06/tiga-hal-yang-diinginkan-pria-ketika-menggoda-wanita,No,Adult: Sexual content,Restricted ad serving,ca-pub-7784034061253020,26,2024-07-31,2024-08-06
www.tribunnews.com,Page,N/A,N/A,www.tribunnews.com/kesehatan/2015/03/14/ini-dia-gaya-berhubungan-seks-agar-wanita-orgasme,No,Adult: Sexual content,Restricted ad serving,ca-pub-7784034061253020,26,2024-07-31,2024-08-04
www.tribunnews.com,Page,N/A,N/A,www.tribunnews.com/internasional/2019/04/25/pria-ini-dilaporkan-ke-polisi-gara-gara-memasukkan-timun-ke-kelamin-istrinya-saat-hubungan-intim,No,Adult: Sexual content,Restricted ad serving,ca-pub-7784034061253020,26,2024-07-31,2024-08-04
wartakota.tribunnews.com,Page,N/A,N/A,wartakota.tribunnews.com/2022/05/11/isis-eksekusi-20-orang-nigeria-dengan-disembelih-pisau-video-rekamannya-disebarkan,No,Shocking content,Restricted ad serving,ca-pub-7784034061253020,26,2024-07-31,2024-08-06
wartakota.tribunnews.com,Page,N/A,N/A,wartakota.tribunnews.com/2016/12/06/wow-pria-ini-pasang-alat-vital-buatan-lalu-kewalahan-hadapi-perempuan-yang-ajak-berkencan,No,Adult: Sexual content,Restricted ad serving,ca-pub-7784034061253020,26,2024-08-05,2024-08-06
wartakota.tribunnews.com,Page,N/A,N/A,wartakota.tribunnews.com/2015/05/06/tiga-cewek-ini-dinobatkan-bintang-film-porno-terpopuler-jepang,No,Adult: Sexual content,Restricted ad serving,ca-pub-7784034061253020,26,2024-08-01,2024-08-04
wartakota.tribunnews.com,Page,N/A,N/A,wartakota.tribunnews.com/2013/11/02/ini-daftar-alat-bantu-seks-terpopuler,No,Adult: Sexual content,Restricted ad serving,ca-pub-7784034061253020,26,2024-07-31,2024-08-05
suryamalang.tribunnews.com,Page,N/A,N/A,suryamalang.tribunnews.com/2018/10/10/soft-dan-hard-swinger-jenis-layanan-seksual-terbongkar-di-surabaya,Yes,Google-served ads obscuring content;Modified Javascript: Ads by Google size,Restricted ad serving,ca-pub-7784034061253020,26,2024-07-31,2024-08-06
pekanbaru.tribunnews.com,Page,N/A,N/A,pekanbaru.tribunnews.com/2021/06/02/apa-itu-avv-bahasa-gaul-receh-banyak-yang-tak-tau-pahami-disini-avv-artinya-dalam-bahasa-gaul,Yes,Modified ad code: Resizing Ad Frames,Restricted ad serving,ca-pub-7784034061253020,26,2024-07-31,2024-08-06
pekanbaru.tribunnews.com,Page,N/A,N/A,pekanbaru.tribunnews.com/2018/07/15/insiden-bendera-zohri-meski-mirip-ini-perbedaan-bendera-indonesia-monako-dan-polandia,Yes,Content obscuring Google-served ads;Encouraging accidental clicks: Layout,Restricted ad serving,ca-pub-7784034061253020,26,2024-08-03,2024-08-06
palembang.tribunnews.com,Page,N/A,N/A,palembang.tribunnews.com/2016/10/23/tukang-pijat-masukkan-jarinya-ke-alat-vital-pasien-alasannya-mengejutkan,No,Adult: Sexual content,Restricted ad serving,ca-pub-7784034061253020,26,2024-08-01,2024-08-05
medan.tribunnews.com,Page,N/A,N/A,medan.tribunnews.com/tag/artis-simbol-seks-bollywood,Yes,Google-served ads on screens without publisher-content,Restricted ad serving,ca-pub-7784034061253020,26,2024-08-04,2024-08-04
medan.tribunnews.com,Page,N/A,N/A,medan.tribunnews.com/2023/08/12/ngaku-dendam-sejak-sd-anak-bunuh-ibu-kandung-di-depok-50-tusukan-ayahnya-juga-jadi-korban,No,Google-served ads obscuring content,Restricted ad serving,ca-pub-7784034061253020,26,2024-08-05,2024-08-05
makassar.tribunnews.com,Page,N/A,N/A,makassar.tribunnews.com/2020/01/06/5-artis-perankan-hubungan-intim-tapi-akhirnya-menikmati-adegan-ranjang-itu-ada-yang-bareng-brondong?page=1,No,Adult: Sexual content,Restricted ad serving,ca-pub-7784034061253020,26,2024-08-04,2024-08-04
makassar.tribunnews.com,Page,N/A,N/A,makassar.tribunnews.com/2019/08/15/video-vina-garut-viral-di-media-sosial-kondisi-salah-satu-pria-dalam-video-itu-kini-memprihatinkan,Yes,Ads Disguised as Content,Restricted ad serving,ca-pub-7784034061253020,26,2024-08-03,2024-08-06
makassar.tribunnews.com,Page,N/A,N/A,makassar.tribunnews.com/2014/10/25/toyota-fj40-dengan-konsep-offroad-tubular-extreme,No,Shocking content,Restricted ad serving,ca-pub-7784034061253020,26,2024-07-31,2024-08-04
lampung.tribunnews.com,Page,N/A,N/A,lampung.tribunnews.com/2018/01/14/setelah-video-mesum-bocah-dengan-wanita-dewasa-beredar-lagi-video-bocah-3-tahun-dengan-tante,No,Adult: Sexual content,Restricted ad serving,ca-pub-7784034061253020,26,2024-07-31,2024-08-06
lampung.tribunnews.com,Page,N/A,N/A,lampung.tribunnews.com/2017/05/30/datangi-pijat-esek-esek-terapis-dan-pelanggan-tepergok-tanpa-busana,No,Adult: Sexual content,Restricted ad serving,ca-pub-7784034061253020,26,2024-08-01,2024-08-06
jogja.tribunnews.com,Page,N/A,N/A,jogja.tribunnews.com/kesehatan/seks,No,Adult: Sexual content,Restricted ad serving,ca-pub-7784034061253020,26,2024-07-31,2024-08-05
jateng.tribunnews.com,Page,N/A,N/A,jateng.tribunnews.com/2016/08/21/gamer-cantik-lupa-matikan-video-streaming-saat-masturbasi-akhirnya-jadi-begini,No,Adult: Sexual content,Restricted ad serving,ca-pub-7784034061253020,26,2024-08-01,2024-08-04
jambi.tribunnews.com,Page,N/A,N/A,jambi.tribunnews.com/2018/01/15/10-kelainan-pada-manusia-nomor-7-transvestic-fetisisme-suka-pakai-pakaian-perempuan?page=2,No,Adult: Sexual content,Restricted ad serving,ca-pub-7784034061253020,26,2024-08-05,2024-08-05
cirebon.tribunnews.com,Page,N/A,N/A,cirebon.tribunnews.com/2019/10/22/ucapan-pemeran-cewek-di-video-porno-dosen-vs-mahasiswi-di-kota-b-viral-si-bapak-mah-pikasebeleun,No,Adult: Sexual content,Restricted ad serving,ca-pub-7784034061253020,26,2024-08-04,2024-08-04
banjarmasin.tribunnews.com,Page,N/A,N/A,banjarmasin.tribunnews.com/2017/05/18/astaga-perawat-cantik-ini-yang-khusus-menyusui-kaum-pria-dewasa-ini-resmi-lho,No,Shocking content,Restricted ad serving,ca-pub-7784034061253020,26,2024-07-31,2024-08-05
bangka.tribunnews.com,Page,N/A,N/A,bangka.tribunnews.com/2023/07/05/segitunya-popo-barbie-viralkan-video-sama-patung-demi-followers-ngaku-hp-hilang-tapi-ternyata,No,Google-served ads obscuring content,Restricted ad serving,ca-pub-7784034061253020,26,2024-08-02,2024-08-06
bangka.tribunnews.com,Page,N/A,N/A,bangka.tribunnews.com/2017/05/22/mengapa-pria-bisa-menyukai-sesama-jenis,No,Adult: Sexual content,Restricted ad serving,ca-pub-7784034061253020,26,2024-08-01,2024-08-04
bangka.tribunnews.com,Page,N/A,N/A,bangka.tribunnews.com/2017/03/16/18-terapis-spa-layani-jasa-esek-esek-paket-khusus-threesome,No,Shocking content,Restricted ad serving,ca-pub-7784034061253020,26,2024-08-03,2024-08-04
aceh.tribunnews.com,Page,N/A,N/A,aceh.tribunnews.com/2022/08/10/suami-istri-di-bali-buat-video-syur-selama-2-tahun-adegan-direkam-dan-dijual-puluhan-juta,No,Google-served ads obscuring content,Restricted ad serving,ca-pub-7784034061253020,26,2024-07-31,2024-08-06
www.tribunnewswiki.com,Page,N/A,N/A,www.tribunnewswiki.com/2021/07/17/suishintai-barisan-pelopor,Yes,Content obscuring Google-served ads;Encouraging accidental clicks: Layout,Restricted ad serving,ca-pub-7784034061253020,25,2024-07-31,2024-08-06
www.tribunnews.com,Page,N/A,N/A,www.tribunnews.com/internasional/2017/12/05/cerita-seorang-janda-kaya-dan-cantik-yang-bangga-sudah-tiduri-100-pria-beristri,No,Adult: Sexual content,Restricted ad serving,ca-pub-7784034061253020,25,2024-08-01,2024-08-05
wow.tribunnews.com,Page,N/A,N/A,wow.tribunnews.com/2017/07/25/terbongkar-8-area-rahasia-suami-yang-bisa-bikin-doi-panas-di-ranjang,No,Adult: Sexual content,Restricted ad serving,ca-pub-7784034061253020,25,2024-08-03,2024-08-04
wartakota.tribunnews.com,Page,N/A,N/A,wartakota.tribunnews.com/2015/09/29/wow-tomat-ternyata-bisa-tingkatkan-gairah-di-ranjang,No,Adult: Sexual content,Restricted ad serving,ca-pub-7784034061253020,25,2024-07-31,2024-08-04
surabaya.tribunnews.com,Page,N/A,N/A,surabaya.tribunnews.com/2017/12/05/heboh-jarik-bekas-dibuat-gituan-netizen-sampai-bilang-awas-kebablasan,Yes,Adult: Sexual content;Site Behavior: Navigation,Restricted ad serving,ca-pub-7784034061253020,25,2024-07-31,2024-08-04
style.tribunnews.com,Page,N/A,N/A,style.tribunnews.com/2017/08/02/6-ciri-wanita-sudah-tak-perawan-mulai-hidung-mata-payudara-hingga-bentuk-punggung,No,Adult: Sexual content,Restricted ad serving,ca-pub-7784034061253020,25,2024-08-01,2024-08-05
pekanbaru.tribunnews.com,Page,N/A,N/A,pekanbaru.tribunnews.com/2022/01/15/apa-itu-bj-alex-sinopsis-bj-alex,Yes,Ads Disguised as Content,Restricted ad serving,ca-pub-7784034061253020,25,2024-08-01,2024-08-06
medan.tribunnews.com,Page,N/A,N/A,medan.tribunnews.com/tag/malam-pertama-pengantin-baru-jadi-video-unboxing,Yes,Google-served ads on screens without publisher-content,Restricted ad serving,ca-pub-7784034061253020,25,2024-08-02,2024-08-04
medan.tribunnews.com,Page,N/A,N/A,medan.tribunnews.com/2019/09/20/dua-sopir-truk-saling-bacok-demi-memperebutkan-janda-badan-sudah-luka-parah-siapa-pemenangnya,No,Shocking content,Restricted ad serving,ca-pub-7784034061253020,25,2024-07-31,2024-08-05
makassar.tribunnews.com,Page,N/A,N/A,makassar.tribunnews.com/2019/08/15/2-video-mesum-vina-garut-main-2-pria-durasi-1-menit-30-detik-3-lelaki-1-menit-7-detik-ada-44-video,No,Adult: Sexual content,Restricted ad serving,ca-pub-7784034061253020,25,2024-08-04,2024-08-04
makassar.tribunnews.com,Page,N/A,N/A,makassar.tribunnews.com/2016/01/20/payudara-gadis-ini-disebut-paling-indah-lihat-foto-lengkapnya?page=5,No,Adult: Sexual content,Restricted ad serving,ca-pub-7784034061253020,25,2024-08-04,2024-08-05
m.tribunnews.com,Page,N/A,N/A,m.tribunnews.com/regional/2019/10/29/menelusuri-praktik-prostitusi-online-di-lampung-pasang-foto-vulgar-hingga-cantumkan-kode-khusus,No,Adult: Sexual content,Restricted ad serving,ca-pub-7784034061253020,25,2024-08-01,2024-08-05
lampung.tribunnews.com,Page,N/A,N/A,lampung.tribunnews.com/2017/10/26/dek-buat-dedek-bayi-yuk-rayu-sang-kekasih-sebelum-ml-di-kolam-renang-lalu-terjadilah,No,Adult: Sexual content,Restricted ad serving,ca-pub-7784034061253020,25,2024-08-02,2024-08-05
kupang.tribunnews.com,Page,N/A,N/A,kupang.tribunnews.com/2019/08/30/video-cewek-seksi-tawarkan-pijat-plus-plus-di-kos-driver-ojek-online-tergiur-hingga-gadaikan-motor?page=all,No,Adult: Sexual content,Restricted ad serving,ca-pub-7784034061253020,25,2024-08-01,2024-08-06
jatim.tribunnews.com,Page,N/A,N/A,jatim.tribunnews.com/2018/01/24/terungkap-ini-video-detik-detik-sebelum-wanita-bercadar-dibunuh-oleh-selingkuhannya-di-kediri?page=all,No,Shocking content,Restricted ad serving,ca-pub-7784034061253020,25,2024-08-02,2024-08-05
jateng.tribunnews.com,Page,N/A,N/A,jateng.tribunnews.com/2018/02/06/mudahnya-akses-video-bokep-pelarian-bagi-yang-alami-ketidakpuasan-seksual-awas-kecanduan,No,Adult: Sexual content,Restricted ad serving,ca-pub-7784034061253020,25,2024-08-02,2024-08-06
jateng.tribunnews.com,Page,N/A,N/A,jateng.tribunnews.com/2016/04/18/wanita-ini-pemecah-rekor-payudara-terbesar-di-dunia-ingin-tahu-ukurannya,No,Adult: Sexual content,Restricted ad serving,ca-pub-7784034061253020,25,2024-08-01,2024-08-04
jambi.tribunnews.com,Page,N/A,N/A,jambi.tribunnews.com/amp/2019/10/02/berikut-foto-30-gadis-jepang-yang-sering-pamerkan-bagian-dalam-tubuhnya-meski-pakai-baju-transparan,No,Adult: Sexual content,Restricted ad serving,ca-pub-7784034061253020,25,2024-07-31,2024-08-04
belitung.tribunnews.com,Page,N/A,N/A,belitung.tribunnews.com/2016/03/21/posisi-bercinta-ini-bikin-istri-anda-puas-bahkan-ketagihan-di-ranjang?page=2,No,Adult: Sexual content,Restricted ad serving,ca-pub-7784034061253020,25,2024-07-31,2024-08-04
bangka.tribunnews.com,Page,N/A,N/A,bangka.tribunnews.com/2022/06/13/bujang-tua-ini-nikahi-janda-mudamalam-pertama-yang-biasanya-indah-malah-berakhir-memilukan,Yes,Ads Disguised as Content,Restricted ad serving,ca-pub-7784034061253020,25,2024-08-06,2024-08-06
bangka.tribunnews.com,Page,N/A,N/A,bangka.tribunnews.com/2021/11/08/wahai-para-istri-lakukan-amalan-ini-agar-suami-makin-cinta-dan-ketagihan-menurut-dr-aisah-dahlan,Yes,Ads Disguised as Content,Restricted ad serving,ca-pub-7784034061253020,25,2024-07-31,2024-08-04
bangka.tribunnews.com,Page,N/A,N/A,bangka.tribunnews.com/2019/04/25/deretan-fakta-video-abg-berhubungan-intim-di-mobil-viral-di-media-sosial-terdengar-suara-radio,No,Adult: Sexual content,Restricted ad serving,ca-pub-7784034061253020,25,2024-07-31,2024-08-06
bangka.tribunnews.com,Page,N/A,N/A,bangka.tribunnews.com/2016/09/03/inilah-wanita-cantik-ini-terjun-ke-film-panas-mulai-dari-bantu-teman-hingga-salurkan-hobi,Yes,Ads Disguised as Content,Restricted ad serving,ca-pub-7784034061253020,25,2024-08-02,2024-08-06
bali.tribunnews.com,Page,N/A,N/A,bali.tribunnews.com/2016/04/15/kasus-rokok-elektrik-meledak-di-bali-resahkan-netizen-ngisepnya-jadi-parno-duluan,No,Shocking content,Restricted ad serving,ca-pub-7784034061253020,25,2024-08-01,2024-08-05
aceh.tribunnews.com,Page,N/A,N/A,aceh.tribunnews.com/2022/05/11/inilah-dua-wanita-perekam-dan-pengunggah-video-tiga-bocil-pamer-kelamin-klarifikasi-dan-minta-maaf,Yes,Ads Disguised as Content,Restricted ad serving,ca-pub-7784034061253020,25,2024-08-03,2024-08-06
aceh.tribunnews.com,Page,N/A,N/A,aceh.tribunnews.com/2022/04/27/tak-perlu-obat-kimia-cukup-gunakan-bumbu-dapur-ini-untuk-kuat-di-ranjang,No,Google-served ads obscuring content,Restricted ad serving,ca-pub-7784034061253020,25,2024-08-02,2024-08-05
aceh.tribunnews.com,Page,N/A,N/A,aceh.tribunnews.com/2019/09/21/video-panas-oknum-pns-pemprov-jabar-viral-di-whatsapp-berikut-8-faktanya,No,Adult: Sexual content;Shocking content,Restricted ad serving,ca-pub-7784034061253020,25,2024-08-04,2024-08-04
www.tribunnews.com,Page,N/A,N/A,www.tribunnews.com/regional/2017/12/12/jasad-pria-yang-terpotong-potong-dekat-stasiun-nambo-ternyata-di-bunuh-temannya-begini-kejadiannya,No,Google-served ads obscuring content,Restricted ad serving,ca-pub-7784034061253020,24,2024-08-06,2024-08-06
www.tribunnews.com,Page,N/A,N/A,www.tribunnews.com/regional/2017/05/30/geliat-kaum-gay-semarang-tempat-nongkrong-hingga-kucing,No,Adult: Sexual content,Restricted ad serving,ca-pub-7784034061253020,24,2024-07-31,2024-08-06
www.tribunnews.com,Page,N/A,N/A,www.tribunnews.com/regional/2016/11/21/mayat-wanita-sebelum-dibunuh-diduga-diperkosa-di-kebun-karet,No,Shocking content,Restricted ad serving,ca-pub-7784034061253020,24,2024-07-31,2024-08-06
wartakota.tribunnews.com,Page,N/A,N/A,wartakota.tribunnews.com/2021/06/13/gadis-17-tahun-jadi-psk-tak-takut-dilaporkan-orangtuanya-mama-sudah-taku-kok-aku-kerja-begini,Yes,Encouraging accidental clicks: Layout;Google-served ads obscuring content,Restricted ad serving,ca-pub-7784034061253020,24,2024-08-01,2024-08-05
wartakota.tribunnews.com,Page,N/A,N/A,wartakota.tribunnews.com/2019/10/04/beredar-video-panas-diduga-dj-bebby-fey-dengan-pria-misterius-bukan-atta-halilintar,No,Adult: Sexual content,Restricted ad serving,ca-pub-7784034061253020,24,2024-07-31,2024-08-06
wartakota.tribunnews.com,Page,N/A,N/A,wartakota.tribunnews.com/2018/04/06/lelaki-ini-meregang-nyawa-saat-pijat-terapis-di-tangerang,No,Shocking content,Restricted ad serving,ca-pub-7784034061253020,24,2024-08-01,2024-08-05
video.tribunnews.com,Page,N/A,N/A,video.tribunnews.com/view/26807/dua-wanita-cantik-nekat-pipis-sembarangan-di-tengah-keramaian,Yes,Site Behavior: Navigation,Restricted ad serving,ca-pub-7784034061253020,24,2024-08-04,2024-08-06
travel.tribunnews.com,Page,N/A,N/A,travel.tribunnews.com/2017/07/13/sex-doll-terbongkar-ternyata-begini-bentuk-pabrik-boneka-seks-terbesar-di-amerika,No,Adult: Sexual content,Restricted ad serving,ca-pub-7784034061253020,24,2024-08-01,2024-08-06
suryamalang.tribunnews.com,Page,N/A,N/A,suryamalang.tribunnews.com/2021/01/16/nikita-mirzani-syok-dengar-tarif-diana-dee-starlight-si-selebgram-cantik-mahal-banget-loh,Yes,Ads Disguised as Content,Restricted ad serving,ca-pub-7784034061253020,24,2024-07-31,2024-08-05
suryamalang.tribunnews.com,Page,N/A,N/A,suryamalang.tribunnews.com/2019/05/13/video-viral-gadis-abg-buka-baju-saat-sahur-on-the-road-sambil-kebut-kebutan-ini-identitas-si-pelaku,No,Adult: Sexual content,Restricted ad serving,ca-pub-7784034061253020,24,2024-07-31,2024-08-06
surabaya.tribunnews.com,Page,N/A,N/A,surabaya.tribunnews.com/tag/mimpi-berhubungan-badan-dengan-teman-kerja,Yes,Google-served ads on screens without publisher-content,Restricted ad serving,ca-pub-7784034061253020,24,2024-08-04,2024-08-04
surabaya.tribunnews.com,Page,N/A,N/A,surabaya.tribunnews.com/2018/06/17/mencoba-layanan-pijat-ala-jepang-setelah-lelah-silaturahmi,Yes,Encouraging accidental clicks: Layout;Google-served ads obscuring content,Restricted ad serving,ca-pub-7784034061253020,24,2024-08-03,2024-08-05
medan.tribunnews.com,Page,N/A,N/A,medan.tribunnews.com/2023/09/04/siswi-smp-lestari-sihombing-tewas-diduga-dirudapaksa-kakak-kelas-ditemukan-balok-kayu-penuh-darah,No,Shocking content,Restricted ad serving,ca-pub-7784034061253020,24,2024-08-04,2024-08-04
medan.tribunnews.com,Page,N/A,N/A,medan.tribunnews.com/2015/03/24/apakah-memakai-kondom-diperbolehkan-dalam-islam,No,Adult: Sexual content,Restricted ad serving,ca-pub-7784034061253020,24,2024-07-31,2024-08-05
manado.tribunnews.com,Page,N/A,N/A,manado.tribunnews.com/2019/02/21/berikut-alasan-seorang-suami-lebih-memilih-masturbasi,No,Adult: Sexual content,Restricted ad serving,ca-pub-7784034061253020,24,2024-08-02,2024-08-06
makassar.tribunnews.com,Page,N/A,N/A,makassar.tribunnews.com/2016/09/18/pria-paruh-baya-tewas-di-kamar-hotel-grand-populer-ditemukan-tissue-magic-dan-obat-kuat,No,Adult: Sexual content,Restricted ad serving,ca-pub-7784034061253020,24,2024-08-04,2024-08-04
m.tribunnews.com,Page,N/A,N/A,m.tribunnews.com/tag/beras,Yes,Unnatural attention to ads,Restricted ad serving,ca-pub-7784034061253020,24,2024-08-01,2024-08-05
m.tribunnews.com,Page,N/A,N/A,m.tribunnews.com/metropolitan/2016/02/20/ada-sisa-bekas-sperma-di-cafe-kawasan-kalijodo,No,Adult: Sexual content,Restricted ad serving,ca-pub-7784034061253020,24,2024-08-04,2024-08-05
lampung.tribunnews.com,Page,N/A,N/A,lampung.tribunnews.com/2019/02/16/sejumlah-pria-jadi-korban-jasa-video-call-sex-terungkap-cara-tersangka-laki-laki-jebak-korban,No,Adult: Sexual content,Restricted ad serving,ca-pub-7784034061253020,24,2024-08-02,2024-08-04
kupang.tribunnews.com,Page,N/A,N/A,kupang.tribunnews.com/2015/08/02/habis-remas-payudara-pria-itu-sembunyi-di-toilet-masjid,No,Adult: Sexual content,Restricted ad serving,ca-pub-7784034061253020,24,2024-08-02,2024-08-06
kaltim.tribunnews.com,Page,N/A,N/A,kaltim.tribunnews.com/2017/12/06/istri-semakin-sulit-deteksi-suami-selingkuh-perhatikan-5-tanda-ini-ya-bu-waspada,Yes,Ads Disguised as Content,Restricted ad serving,ca-pub-7784034061253020,24,2024-08-02,2024-08-05
kaltim.tribunnews.com,Page,N/A,N/A,kaltim.tribunnews.com/2016/03/04/heboh-anak-sekolah-berselimut-selfie-bersama-pacar-netizen-geram-masih-bau-kencur-tapi-mesum,No,Adult: Sexual content,Restricted ad serving,ca-pub-7784034061253020,24,2024-07-31,2024-08-05
jogja.tribunnews.com,Page,N/A,N/A,jogja.tribunnews.com/2018/12/14/penampakan-lokasi-pesta-seks-yang-digerebek-di-congcat-sleman-tarif-sewa-rp450-ribu-per-12-jam?page=2,No,Adult: Sexual content,Restricted ad serving,ca-pub-7784034061253020,24,2024-08-06,2024-08-06
jogja.tribunnews.com,Page,N/A,N/A,jogja.tribunnews.com/2015/06/10/kompetisi-unik-pamer-bulu-ketek-bagi-cewek,No,Adult: Sexual content,Restricted ad serving,ca-pub-7784034061253020,24,2024-08-01,2024-08-04
jateng.tribunnews.com,Page,N/A,N/A,jateng.tribunnews.com/2016/05/02/inilah-9-wanita-berparas-cantik-namun-memilih-karier-sebagai-bintang-film-porno,No,Adult: Sexual content,Restricted ad serving,ca-pub-7784034061253020,24,2024-08-01,2024-08-06
jateng.tribunnews.com,Page,N/A,N/A,jateng.tribunnews.com/2016/01/11/kenapa-alat-yang-dijuluki-cangkir-hisap-ini-bisa-membuat-wanita-terangsang-ini-penjelasannya,No,Adult: Sexual content,Restricted ad serving,ca-pub-7784034061253020,24,2024-08-02,2024-08-05
jambi.tribunnews.com,Page,N/A,N/A,jambi.tribunnews.com/2015/09/30/benarkah-bokong-melorot-pertanda-wanita-pernah-berhubungan,No,Adult: Sexual content,Restricted ad serving,ca-pub-7784034061253020,24,2024-07-31,2024-08-04
belitung.tribunnews.com,Page,N/A,N/A,belitung.tribunnews.com/2018/04/30/adiknya-cerita-ke-ibu-diajari-kakak-lakukan-adegan-dewasa-lalu-direkam,No,Adult: Sexual content,Restricted ad serving,ca-pub-7784034061253020,24,2024-07-31,2024-08-05
belitung.tribunnews.com,Page,N/A,N/A,belitung.tribunnews.com/2017/04/02/agar-gairah-seksual-pria-membara-rangsanglah-5-titik-ini,No,Adult: Sexual content,Restricted ad serving,ca-pub-7784034061253020,24,2024-08-06,2024-08-06
batam.tribunnews.com,Page,N/A,N/A,batam.tribunnews.com/2016/11/23/tubuh-bungkuk-udang-identik-nafsu-tinggi-ini-jawaban-sebenarnya,No,Adult: Sexual content,Restricted ad serving,ca-pub-7784034061253020,24,2024-07-31,2024-08-05
bangka.tribunnews.com,Page,N/A,N/A,bangka.tribunnews.com/2022/07/31/tiap-pulang-kerja-sang-suami-diminta-jatah-ke-ranjang-sampai-curhat-tak-sanggup-dan-takut-pulang,Yes,Ads Disguised as Content,Restricted ad serving,ca-pub-7784034061253020,24,2024-08-02,2024-08-05
bangka.tribunnews.com,Page,N/A,N/A,bangka.tribunnews.com/2021/09/02/maria-vania-bongkar-alasannya-selalu-beri-full-service-untuk-pacarnya-ini-tanggapan-zoya-amirin,No,Google-served ads obscuring content,Restricted ad serving,ca-pub-7784034061253020,24,2024-07-31,2024-08-06
bangka.tribunnews.com,Page,N/A,N/A,bangka.tribunnews.com/2016/08/28/pasangan-ini-gunakan-mentimun-saat-berhubungan-intim-akibatnya-fatal-si-wanita-meninggal-dunia,No,Adult: Sexual content,Restricted ad serving,ca-pub-7784034061253020,24,2024-08-01,2024-08-04
bangka.tribunnews.com,Page,N/A,N/A,bangka.tribunnews.com/2015/09/20/paket-kencan-7-eleven-kondom-dan-permen-diantar-ke-tempat,No,Adult: Sexual content,Restricted ad serving,ca-pub-7784034061253020,24,2024-08-03,2024-08-06
www.tribunnews.com,Page,N/A,N/A,www.tribunnews.com/regional/2018/10/07/tempat-hiburan-malam-di-parepare-hanya-boleh-beroperasi-hingga-jam-12-malam,No,Shocking content,Restricted ad serving,ca-pub-7784034061253020,23,2024-07-31,2024-08-05
www.tribunnews.com,Page,N/A,N/A,www.tribunnews.com/regional/2015/11/27/saya-diajak-teman-katanya-psk-di-medan-murah-murah,No,Shocking content,Restricted ad serving,ca-pub-7784034061253020,23,2024-07-31,2024-08-05
wartakota.tribunnews.com,Page,N/A,N/A,wartakota.tribunnews.com/2014/05/15/karaoke-dan-salon-plus-menjamur-di-pasar-rumput-manggarai-jaksel,No,Adult: Sexual content,Restricted ad serving,ca-pub-7784034061253020,23,2024-08-03,2024-08-06
surabaya.tribunnews.com,Page,N/A,N/A,surabaya.tribunnews.com/2024/03/20/sosok-tante-yang-siksa-dan-masukkan-ponakan-ke-dalam-karung-gara-gara-hal-sepele-videonya-viral,No,Google-served ads obscuring content,Restricted ad serving,ca-pub-7784034061253020,23,2024-08-04,2024-08-04
surabaya.tribunnews.com,Page,N/A,N/A,surabaya.tribunnews.com/2014/04/05/banyak-pabrik-rokok-di-kota-malang-mati-suri,No,Tobacco,Restricted ad serving,ca-pub-7784034061253020,23,2024-08-01,2024-08-05
sumsel.tribunnews.com,Page,N/A,N/A,sumsel.tribunnews.com/2024/05/07/ucapan-terakhir-rohinda-istri-di-minahasa-selatan-sebelum-tewas-dibunuh-suami-pelaku-naik-pitam?page=2,No,Google-served ads obscuring content,Restricted ad serving,ca-pub-7784034061253020,23,2024-08-02,2024-08-05
sumsel.tribunnews.com,Page,N/A,N/A,sumsel.tribunnews.com/2017/09/27/iklan-wanita-hanya-kenakan-celana-dalam-bikin-heboh-sampai-begini-di-kolam-renang,No,Adult: Sexual content,Restricted ad serving,ca-pub-7784034061253020,23,2024-08-03,2024-08-06
style.tribunnews.com,Page,N/A,N/A,style.tribunnews.com/2016/08/25/merek-rokok-makna-lucu-unik-hingga-serius-di-balik-8-brand-batang-tembakau-ini-benarkah?page=1,No,Tobacco,Restricted ad serving,ca-pub-7784034061253020,23,2024-08-02,2024-08-04
pontianak.tribunnews.com,Page,N/A,N/A,pontianak.tribunnews.com/2017/01/17/dua-remaja-duet-smule-di-ranjang-tanpa-busana-bikin-heboh-selimutnya-melorot,No,Adult: Sexual content,Restricted ad serving,ca-pub-7784034061253020,23,2024-07-31,2024-08-06
medan.tribunnews.com,Page,N/A,N/A,medan.tribunnews.com/2021/11/16/bukannya-nikmati-malam-pertama-pengantin-wanita-baru-nikah-ini-diseret-ke-kamar-pelaku-bukan-suami,Yes,Ads Disguised as Content,Restricted ad serving,ca-pub-7784034061253020,23,2024-07-31,2024-08-04
medan.tribunnews.com,Page,N/A,N/A,medan.tribunnews.com/2021/05/31/fakta-viral-gadis-remaja-open-bo-sehari-5-kali-berhubungan-badan-kpaid-pulihkan-trauma-psikologis,Yes,Ads Disguised as Content,Restricted ad serving,ca-pub-7784034061253020,23,2024-07-31,2024-08-06
medan.tribunnews.com,Page,N/A,N/A,medan.tribunnews.com/2020/02/24/10-artis-seksi-parasnya-bikin-melongo-dalam-film-warkop-dki-dulu-kamu-pasti-diam-diam-suka-mereka,No,Shocking content,Restricted ad serving,ca-pub-7784034061253020,23,2024-08-04,2024-08-05
medan.tribunnews.com,Page,N/A,N/A,medan.tribunnews.com/2019/10/26/anwar-kongo-penjagal-pki-dari-medan-meninggal-dunia?page=2,No,Shocking content,Restricted ad serving,ca-pub-7784034061253020;ca-video-pub-7784034061253020,23,2024-08-03,2024-08-04
medan.tribunnews.com,Page,N/A,N/A,medan.tribunnews.com/2018/11/23/fakta-video-mesum-siswi-sma-karawang-mulai-kronologi-hingga-bantahan-guru-soal-nobar-di-ruang-kelas,No,Adult: Sexual content,Restricted ad serving,ca-pub-7784034061253020,23,2024-08-01,2024-08-06
medan.tribunnews.com,Page,N/A,N/A,medan.tribunnews.com/2017/12/20/kisah-sopir-grab-dinikahi-penumpang-pria-asal-maroko-suami-melihat-saya-dengan-hati,No,Shocking content,Restricted ad serving,ca-pub-7784034061253020,23,2024-08-04,2024-08-04
medan.tribunnews.com,Page,N/A,N/A,medan.tribunnews.com/2017/05/24/viral-video-pria-berseragam-loreng-pecut-dan-tendangi-pria-diduga-anggota-gangster,Yes,Site Behavior: Navigation,Restricted ad serving,ca-pub-7784034061253020,23,2024-07-31,2024-08-06
medan.tribunnews.com,Page,N/A,N/A,medan.tribunnews.com/2017/03/05/4-posisi-seks-ini-dijamin-membuat-wanita-anda-klepek-klepek-mau-coba-malam-ini,No,Adult: Sexual content,Restricted ad serving,ca-pub-7784034061253020,23,2024-08-06,2024-08-06
makassar.tribunnews.com,Page,N/A,N/A,makassar.tribunnews.com/2020/08/21/5-fakta-skandal-video-syur-mirip-adhisty-zara-zaki-pohan-reaksi-keluarga-hingga-hilang-di-medsos,Yes,Ads Disguised as Content,Restricted ad serving,ca-pub-7784034061253020,23,2024-08-03,2024-08-06
makassar.tribunnews.com,Page,N/A,N/A,makassar.tribunnews.com/2015/08/11/psk-ini-foto-bareng-pelangganya-di-ranjang-hotel-ini-foto-fotonya,No,Adult: Sexual content,Restricted ad serving,ca-pub-7784034061253020,23,2024-08-02,2024-08-06
m.tribunnews.com,Page,N/A,N/A,m.tribunnews.com/metropolitan/2019/12/09/kisah-siska-jadi-waria-di-usia-belasan-masuk-hiburan-dunia-malam-di-negeri-jiran-dibayar-jutaan,Yes,Unnatural attention to ads,Restricted ad serving,ca-pub-7784034061253020,23,2024-08-06,2024-08-06
lampung.tribunnews.com,Page,N/A,N/A,lampung.tribunnews.com/2018/01/06/viral-video-mesum-bocah-dengan-tante-ada-hubungan-antara-adegan-panas-dengan-playstation,Yes,Ads Disguised as Content,Restricted ad serving,ca-pub-7784034061253020,23,2024-07-31,2024-08-04
lampung.tribunnews.com,Page,N/A,N/A,lampung.tribunnews.com/2016/06/20/kenapa-kita-bisa-mimpi-basah-dengan-musuh-ini-penjelasannya,No,Adult: Sexual content,Restricted ad serving,ca-pub-7784034061253020,23,2024-08-01,2024-08-06
bogor.tribunnews.com,Page,N/A,N/A,bogor.tribunnews.com/2017/01/04/hasil-penelitian-tiga-gaya-bercinta-ini-paling-disukai-wanita?page=2,No,Adult: Sexual content,Restricted ad serving,ca-pub-7784034061253020,23,2024-07-31,2024-08-05
belitung.tribunnews.com,Page,N/A,N/A,belitung.tribunnews.com/2022/12/01/tergiur-hidup-hedon-remaja-di-pangkalpinang-gunakan-michat-jaring-pelanggan-berikut-faktanya,No,Google-served ads obscuring content,Restricted ad serving,ca-pub-7784034061253020,23,2024-08-05,2024-08-05
belitung.tribunnews.com,Page,N/A,N/A,belitung.tribunnews.com/2017/01/12/foto-seksi-kathy-indera-snorkeling-ini-disorot-netizen-jawaban-eks-anak-jalanan-ini-mengejutkan,No,Adult: Sexual content,Restricted ad serving,ca-pub-7784034061253020,23,2024-08-01,2024-08-04
batam.tribunnews.com,Page,N/A,N/A,batam.tribunnews.com/2017/05/17/polisi-singapura-gerebek-prostitusi-online-di-hotel-23-psk-asing-ditangkap,No,Adult: Sexual content,Restricted ad serving,ca-pub-7784034061253020,23,2024-08-06,2024-08-06
batam.tribunnews.com,Page,N/A,N/A,batam.tribunnews.com/2014/12/02/film-pertama-miss-singapore-ini-justru-film-panas-berjudul-sub-yang-enak,No,Adult: Sexual content,Restricted ad serving,ca-pub-7784034061253020,23,2024-08-03,2024-08-04
banjarmasin.tribunnews.com,Page,N/A,N/A,banjarmasin.tribunnews.com/2020/12/30/durasi-asli-video-syur-gisella-anastasia-dan-myd-disorot-ahli-gak-cuma-19-detik,Yes,Ads Disguised as Content,Restricted ad serving,ca-pub-7784034061253020,23,2024-08-01,2024-08-06
banjarmasin.tribunnews.com,Page,N/A,N/A,banjarmasin.tribunnews.com/2016/01/23/organ-intim-wanita-yang-normal-punya-bau-alami-seperti-apa-ya,Yes,Ads Disguised as Content,Restricted ad serving,ca-pub-7784034061253020,23,2024-08-06,2024-08-06
bangka.tribunnews.com,Page,N/A,N/A,bangka.tribunnews.com/2022/08/29/fenomena-open-bo-siswi-smp-dan-sma-di-pangkalpinang-dewan-pendidikan-sebut-perlu-peran-orangtua,Yes,Ads Disguised as Content,Restricted ad serving,ca-pub-7784034061253020,23,2024-08-02,2024-08-05
bangka.tribunnews.com,Page,N/A,N/A,bangka.tribunnews.com/2021/05/28/pengakuan-cewek-bandung-merantau-jadi-psk-online-begini-jadinya-saat-yang-pesan-teman-sendiri,Yes,Ads Disguised as Content,Restricted ad serving,ca-pub-7784034061253020,23,2024-08-01,2024-08-05
bangka.tribunnews.com,Page,N/A,N/A,bangka.tribunnews.com/2018/01/05/direkam-di-kota-bandung-video-porno-2-bocah-wanita-dewasa-ini-ternyata-berisi-adegan-threesome,No,Adult: Sexual content;Shocking content,Restricted ad serving,ca-pub-7784034061253020,23,2024-08-02,2024-08-05
bangka.tribunnews.com,Page,N/A,N/A,bangka.tribunnews.com/2016/09/05/kepribadian-wanita-berdasarkan-bentuk-puting-susunya?page=2,No,Adult: Sexual content,Restricted ad serving,ca-pub-7784034061253020,23,2024-08-03,2024-08-05
bangka.tribunnews.com,Page,N/A,N/A,bangka.tribunnews.com/2016/08/27/seorang-wanita-tewas-saat-oral-seks-menggunakan-mentimun,No,Adult: Sexual content,Restricted ad serving,ca-pub-7784034061253020,23,2024-08-01,2024-08-05
bangka.tribunnews.com,Page,N/A,N/A,bangka.tribunnews.com/2016/08/10/video-siswi-smp-dan-sma-berantem-rebutan-cowok,Yes,Site Behavior: Navigation,Restricted ad serving,ca-pub-7784034061253020,23,2024-08-03,2024-08-06
bali.tribunnews.com,Page,N/A,N/A,bali.tribunnews.com/2018/02/12/pembeli-sex-toy-di-bali-adalah-ibu-muda-dan-remaja-putri-jenis-ini-bisa-bikin-klimaks-berkali-kali,No,Adult: Sexual content,Restricted ad serving,ca-pub-7784034061253020,23,2024-07-31,2024-08-05
bali.tribunnews.com,Page,N/A,N/A,bali.tribunnews.com/2017/06/14/dijuluki-bom-seks-hingga-berani-akting-telanjang-dada-nasibnya-kini-jualan-lontong?page=2,No,Adult: Sexual content,Restricted ad serving,ca-pub-7784034061253020,23,2024-07-31,2024-08-05
bali.tribunnews.com,Page,N/A,N/A,bali.tribunnews.com/2016/04/15/astagaaa-tarif-di-tempat-spa-ini-blowjob-rp-200-ribu-dan-oral-seks-rp-300-ribu,No,Adult: Sexual content,Restricted ad serving,ca-pub-7784034061253020,23,2024-07-31,2024-08-05
aceh.tribunnews.com,Page,N/A,N/A,aceh.tribunnews.com/2024/04/21/wanita-hamil-ditemukan-tewas-setengah-telanjang-selama-ini-kumpul-kebo-pacar-korban-menghilang?page=2,No,Google-served ads obscuring content,Restricted ad serving,ca-pub-7784034061253020,23,2024-08-01,2024-08-05
aceh.tribunnews.com,Page,N/A,N/A,aceh.tribunnews.com/2017/09/08/ini-dia-pelumas-seks-alami-yang-bisa-anda-pakai,No,Adult: Sexual content,Restricted ad serving,ca-pub-7784034061253020,23,2024-07-31,2024-08-05
www.tribunnews.com,Page,N/A,N/A,www.tribunnews.com/travel/2015/11/22/akihabara-surga-belanja-video-games-gadget-komik-hingga-sex-toys-di-tokyo,No,Adult: Sexual content,Restricted ad serving,ca-pub-7784034061253020,22,2024-08-02,2024-08-06
www.tribunnews.com,Page,N/A,N/A,www.tribunnews.com/regional/2017/11/15/aku-bilang-ituku-sakit-tapi-dia-terus-ngajak-hubungan-intim-pakai-terong-dan-timun,No,Adult: Sexual content,Restricted ad serving,ca-pub-7784034061253020,22,2024-08-01,2024-08-05
wartakota.tribunnews.com,Page,N/A,N/A,wartakota.tribunnews.com/2019/11/17/menteri-kesehatan-mengeluh-ukuran-kondom-impor-buatan-cina-terlalu-kecil-ini-pernyataan-lengkapnya,No,Adult: Sexual content,Restricted ad serving,ca-pub-7784034061253020,22,2024-08-03,2024-08-04
suryamalang.tribunnews.com,Page,N/A,N/A,suryamalang.tribunnews.com/2017/01/07/penyanyi-dangdut-berpakaian-seksi-nan-vulgar-dilarang-tampil-begini-alasan-kepolisian,No,Adult: Sexual content,Restricted ad serving,ca-pub-7784034061253020,22,2024-08-03,2024-08-04
pontianak.tribunnews.com,Page,N/A,N/A,pontianak.tribunnews.com/2018/03/29/usianya-masih-muda-ini-5-bintang-porno-meninggal-tak-wajar-ada-yang-misterius?page=2,No,Adult: Sexual content,Restricted ad serving,ca-pub-7784034061253020,22,2024-08-04,2024-08-04
pekanbaru.tribunnews.com,Page,N/A,N/A,pekanbaru.tribunnews.com/2022/06/05/sewa-kamar-sehari-100-ribu-brondong-nekat-bawa-stw-ke-dalamnya-kaget-digerebek-suami-orang,Yes,Ads Disguised as Content,Restricted ad serving,ca-pub-7784034061253020,22,2024-08-01,2024-08-05
pekanbaru.tribunnews.com,Page,N/A,N/A,pekanbaru.tribunnews.com/2021/06/25/mia-khalifa-artinya-di-dalam-bahasa-gaul-simak-penjelasan-ini,Yes,Ads Disguised as Content,Restricted ad serving,ca-pub-7784034061253020,22,2024-08-03,2024-08-06
makassar.tribunnews.com,Page,N/A,N/A,makassar.tribunnews.com/2019/08/16/bintang-film-dewasa-amaranta-hank-dirikan-universitas-porno-pertama-di-dunia-apa-saja-diajarkan,No,Adult: Sexual content,Restricted ad serving,ca-pub-7784034061253020,22,2024-07-31,2024-08-06
makassar.tribunnews.com,Page,N/A,N/A,makassar.tribunnews.com/2017/04/17/heboh-pengakuan-peziarah-gunung-kemukus-usai-lakukan-ritual-seks-ternyata,Yes,Ads Disguised as Content,Restricted ad serving,ca-pub-7784034061253020,22,2024-08-04,2024-08-04
makassar.tribunnews.com,Page,N/A,N/A,makassar.tribunnews.com/2015/05/06/kenapa-berzikir-dan-atur-nafas-bersenggama-posted-on-23022009?page=3,No,Adult: Sexual content,Restricted ad serving,ca-pub-7784034061253020,22,2024-08-05,2024-08-05
m.tribunnews.com,Page,N/A,N/A,m.tribunnews.com/regional/2019/08/21/penuturan-ayam-kampus-kota-palembang-terjerumus-ke-dunia-kelam-karena-pacar-enggan-jadi-simpanan?page=2,No,Adult: Sexual content,Restricted ad serving,ca-pub-7784034061253020,22,2024-08-05,2024-08-05
m.tribunnews.com,Page,N/A,N/A,m.tribunnews.com/kesehatan/2016/03/31/kesalahan-cara-minum-obat-kuat-yang-membuatnya-gagal-bikin-pria-jadi-jantan,No,Adult: Sexual content,Restricted ad serving,ca-pub-7784034061253020,22,2024-08-01,2024-08-06
kupang.tribunnews.com,Page,N/A,N/A,kupang.tribunnews.com/2019/08/12/spg-cantik-tak-puas-pelayanan-seks-gigolo-di-bali-malah-dibekap-handuk-seusai-berzina-di-hotel,No,Shocking content,Restricted ad serving,ca-pub-7784034061253020,22,2024-08-04,2024-08-06
kupang.tribunnews.com,Page,N/A,N/A,kupang.tribunnews.com/2018/02/06/tiga-hal-yang-diinginkan-pria-dari-wanita-saat-bersama-di-tempat-tidur,No,Adult: Sexual content,Restricted ad serving,ca-pub-7784034061253020,22,2024-08-03,2024-08-04
kupang.tribunnews.com,Page,N/A,N/A,kupang.tribunnews.com/2018/01/18/mengejutkan-ternyata-pria-dan-wanita-di-korea-melepas-keperawanan-di-usia-ini?page=2,No,Adult: Sexual content,Restricted ad serving,ca-pub-7784034061253020,22,2024-08-02,2024-08-04
jogja.tribunnews.com,Page,N/A,N/A,jogja.tribunnews.com/2017/09/14/jangan-ngeres-dan-salah-kaprah-ya-ini-makna-sebenarnya-dari-kata-kimochi-dalam-bahasa-jepang,Yes,Ads Disguised as Content,Restricted ad serving,ca-pub-7784034061253020,22,2024-08-02,2024-08-05
jogja.tribunnews.com,Page,N/A,N/A,jogja.tribunnews.com/2017/04/15/di-mana-letak-g-spot-yang-bikin-wanita-melayang,No,Adult: Sexual content,Restricted ad serving,ca-pub-7784034061253020,22,2024-07-31,2024-08-06
jogja.tribunnews.com,Page,N/A,N/A,jogja.tribunnews.com/2011/02/09/pijat-ini-tak-pakai-tangan-tapi-kaki,No,Shocking content,Restricted ad serving,ca-pub-7784034061253020,22,2024-07-31,2024-08-06
jateng.tribunnews.com,Page,N/A,N/A,jateng.tribunnews.com/2017/03/16/heboh-sejumlah-mahasiswi-takut-ada-pria-naik-motor-berkeliaran-pamer-penis-di-kota-semarang,No,Shocking content,Restricted ad serving,ca-pub-7784034061253020,22,2024-08-06,2024-08-06
jambi.tribunnews.com,Page,N/A,N/A,jambi.tribunnews.com/2018/07/23/kepergok-anak-saat-sedang-bercinta-jangan-panik-ini-yang-perlu-dilakukan-kepada-anak,No,Adult: Sexual content,Restricted ad serving,ca-pub-7784034061253020,22,2024-08-05,2024-08-05
jabar.tribunnews.com,Page,N/A,N/A,jabar.tribunnews.com/2018/06/22/aura-kasih-penasaran-dengan-video-mesum-yang-lagi-viral-sepasaran-itukah-muka-aku,No,Adult: Sexual content,Restricted ad serving,ca-pub-7784034061253020,22,2024-08-01,2024-08-05
jabar.tribunnews.com,Page,N/A,N/A,jabar.tribunnews.com/2017/11/11/bahaya-cara-baru-bikin-vape-menggunakan-fitting-lampu-cairannya-pakai-minyak-kayu-putih,No,Tobacco,Restricted ad serving,ca-pub-7784034061253020,22,2024-08-01,2024-08-05
jabar.tribunnews.com,Page,N/A,N/A,jabar.tribunnews.com/2016/01/05/ternyata-hal-ini-yang-dipikirkan-wanita-saat-berhubungan-intim-dengan-pria,No,Adult: Sexual content,Restricted ad serving,ca-pub-7784034061253020,22,2024-08-04,2024-08-06
bogor.tribunnews.com,Page,N/A,N/A,bogor.tribunnews.com/2015/12/01/pijat-plus-di-bogor-ketuk-pintu-muncul-wanita-berdaster-tipis?page=2,No,Adult: Sexual content,Restricted ad serving,ca-pub-7784034061253020,22,2024-08-01,2024-08-05
belitung.tribunnews.com,Page,N/A,N/A,belitung.tribunnews.com/2017/07/12/lihat-lima-tanda-fisik-ini-pada-wanita-konon-nafsu-birahinya-meletup-letup?page=all,No,Adult: Sexual content,Restricted ad serving,ca-pub-7784034061253020,22,2024-08-04,2024-08-04
batam.tribunnews.com,Page,N/A,N/A,batam.tribunnews.com/2011/10/11/mau-buka-salon-cek-disini-dulu,No,Adult: Sexual content;Shocking content,Restricted ad serving,ca-pub-7784034061253020,22,2024-08-04,2024-08-05
bangka.tribunnews.com,Page,N/A,N/A,bangka.tribunnews.com/2021/11/13/video-tante-erni-mandi-keringetan-bikin-kaum-adam-salah-fokus-auto-ikutan-keringetan,No,Google-served ads obscuring content,Restricted ad serving,ca-pub-7784034061253020,22,2024-07-31,2024-08-06
bangka.tribunnews.com,Page,N/A,N/A,bangka.tribunnews.com/2017/05/28/netizen-terlanjur-marah-bintang-film-panas-jepang-pakai-seragam-sekolah-taiwan-ternyata?page=2,Yes,Ads Disguised as Content,Restricted ad serving,ca-pub-7784034061253020,22,2024-08-05,2024-08-05
bangka.tribunnews.com,Page,N/A,N/A,bangka.tribunnews.com/2017/04/07/ini-tandanya-kamu-kecanduan-masturbasi-jika-hal-ini-sering-dirasakan?page=2,No,Adult: Sexual content,Restricted ad serving,ca-pub-7784034061253020,22,2024-08-04,2024-08-04
bangka.tribunnews.com,Page,N/A,N/A,bangka.tribunnews.com/2017/03/15/inilah-5-paket-khusus-yang-ditawarkan-spa-plus-plus-melalui-medsos,No,Adult: Sexual content,Restricted ad serving,ca-pub-7784034061253020,22,2024-08-01,2024-08-05
bangka.tribunnews.com,Page,N/A,N/A,bangka.tribunnews.com/2016/10/25/posisi-seks-ini-paling-seksi-dan-menantang-tapi-wanita-paling-nggak-suka,No,Adult: Sexual content,Restricted ad serving,ca-pub-7784034061253020,22,2024-08-01,2024-08-06
bali.tribunnews.com,Page,N/A,N/A,bali.tribunnews.com/2018/02/12/pembeli-sex-toy-di-bali-adalah-ibu-muda-dan-remaja-putri-jenis-ini-bisa-bikin-klimaks-berkali-kali?page=2,No,Adult: Sexual content,Restricted ad serving,ca-pub-7784034061253020,22,2024-08-05,2024-08-05
bali.tribunnews.com,Page,N/A,N/A,bali.tribunnews.com/2017/06/12/foto-bugil-abg-ini-viral-di-facebook-ternyata-diunggah-tetangga,No,Google-served ads obscuring content,Restricted ad serving,ca-pub-7784034061253020,22,2024-08-03,2024-08-06
bali.tribunnews.com,Page,N/A,N/A,bali.tribunnews.com/2016/08/21/video-gadis-cantik-ini-jadi-viral-usai-lupa-matikan-kamera-saat-esek-esek?page=2,No,Adult: Sexual content,Restricted ad serving,ca-pub-7784034061253020,22,2024-08-04,2024-08-04
aceh.tribunnews.com,Page,N/A,N/A,aceh.tribunnews.com/2022/03/05/harus-dipelajari-suami-begini-tips-mengajak-istri-berhubungan-intim-menurut-buya-yahya?page=2,Yes,Google-served ads obscuring content;Modified Javascript: Ads by Google size,Restricted ad serving,ca-pub-7784034061253020,22,2024-07-31,2024-08-06
www.tribunnews.com,Page,N/A,N/A,www.tribunnews.com/regional/2017/10/02/tak-kuat-menahan-nafsu-dukun-pijat-ini-pegang-anunya-si-pasien-wanita,No,Adult: Sexual content,Restricted ad serving,ca-pub-7784034061253020,21,2024-08-02,2024-08-05
www.tribunnews.com,Page,N/A,N/A,www.tribunnews.com/regional/2014/03/02/wanita-panggilan-gelar-expo-di-palembang,No,Adult: Sexual content,Restricted ad serving,ca-pub-7784034061253020,21,2024-07-31,2024-08-05
www.tribunnews.com,Page,N/A,N/A,www.tribunnews.com/kesehatan/2020/11/26/punya-dampak-buruk-bagi-kesehatan-inilah-5-sisi-positif-merokok-yang-jarang-diketahui,No,Google-served ads obscuring content,Restricted ad serving,ca-pub-7784034061253020,21,2024-08-02,2024-08-05
wartakota.tribunnews.com,Page,N/A,N/A,wartakota.tribunnews.com/2020/03/13/griya-pijat-golden-hands-disegel-satpol-pp-ini-penyebabnya,No,Shocking content,Restricted ad serving,ca-pub-7784034061253020,21,2024-08-04,2024-08-06
wartakota.tribunnews.com,Page,N/A,N/A,wartakota.tribunnews.com/2019/11/23/kisah-cinta-siswa-sma-ditolak-guru-bersuami-berujung-penusukan-kepsek-sebut-pelaku-dikenal-baik,No,Shocking content,Restricted ad serving,ca-pub-7784034061253020,21,2024-08-03,2024-08-06
wartakota.tribunnews.com,Page,N/A,N/A,wartakota.tribunnews.com/2014/12/14/seks-di-luar-kamar-tidur-inilah-sensasinya,No,Adult: Sexual content,Restricted ad serving,ca-pub-7784034061253020,21,2024-08-01,2024-08-05
wartakota.tribunnews.com,Page,N/A,N/A,wartakota.tribunnews.com/2014/06/06/ciuman-ini-bikin-wanita-ketagihan,No,Adult: Sexual content,Restricted ad serving,ca-pub-7784034061253020,21,2024-08-01,2024-08-06
wartakota.tribunnews.com,Page,N/A,N/A,wartakota.tribunnews.com/2014/05/23/klitoris-ternyata-penentu-perangsang-orgasme-perempuan-bukan-g-spot,No,Adult: Sexual content,Restricted ad serving,ca-pub-7784034061253020,21,2024-07-31,2024-08-06
travel.tribunnews.com,Page,N/A,N/A,travel.tribunnews.com/2017/10/06/6-obsesi-orang-jepang-ini-bikin-geleng-geleng-kepala-gigi-gingsul-hingga-menjilat-bola-mata,Yes,Site Behavior: Navigation,Restricted ad serving,ca-pub-7784034061253020,21,2024-08-03,2024-08-06
suryamalang.tribunnews.com,Page,N/A,N/A,suryamalang.tribunnews.com/2016/12/17/pantaskah-sudah-pakai-rok-mini-siswi-sma-ini-angkat-kaki-dan-pamer-paha-di-bus,No,Shocking content,Restricted ad serving,ca-pub-7784034061253020,21,2024-08-04,2024-08-05
style.tribunnews.com,Page,N/A,N/A,style.tribunnews.com/2017/08/02/6-ciri-wanita-sudah-tak-perawan-mulai-hidung-mata-payudara-hingga-bentuk-punggung?page=3,No,Adult: Sexual content,Restricted ad serving,ca-pub-7784034061253020,21,2024-07-31,2024-08-04
pontianak.tribunnews.com,Page,N/A,N/A,pontianak.tribunnews.com/2016/12/01/miyabi-ketergantungan-seks-saat-umur-13-tahun-8-fakta-karier-kontroversial-ratu-film-dewasa-ini?page=2,Yes,Shocking content;Site Behavior: Navigation,Restricted ad serving,ca-pub-7784034061253020,21,2024-08-02,2024-08-05
palembang.tribunnews.com,Page,N/A,N/A,palembang.tribunnews.com/2017/10/14/waktunya-mepet-tapi-ingin-bercinta-ini-tipnya,No,Adult: Sexual content,Restricted ad serving,ca-pub-7784034061253020,21,2024-08-04,2024-08-04
medan.tribunnews.com,Page,N/A,N/A,medan.tribunnews.com/2021/09/17/sadisnya-kkb-papua-nakes-wanita-ditelanjangi-kemudian-ditikam-dan-dibuang-ke-jurang,Yes,Ads Disguised as Content,Restricted ad serving,ca-pub-7784034061253020,21,2024-08-04,2024-08-06
makassar.tribunnews.com,Page,N/A,N/A,makassar.tribunnews.com/2018/11/22/6-fakta-video-panas-siswi-sma-viral-di-medsos-tersebar-2-link-video-hingga-ditonton-di-depan-kelas,No,Google-served ads obscuring content,Restricted ad serving,ca-pub-7784034061253020,21,2024-08-02,2024-08-05
kupang.tribunnews.com,Page,N/A,N/A,kupang.tribunnews.com/2023/06/06/kisah-nabi-ibrahim-dan-putranya-ismail-awal-mula-ibadah-kurban-di-hari-raya-idul-adha,No,Shocking content,Restricted ad serving,ca-pub-7784034061253020,21,2024-08-02,2024-08-06
jogja.tribunnews.com,Page,N/A,N/A,jogja.tribunnews.com/2017/10/05/belasan-terapis-panti-pijat-kaget-didatangi-tim-elang,No,Adult: Sexual content,Restricted ad serving,ca-pub-7784034061253020,21,2024-08-02,2024-08-06
jateng.tribunnews.com,Page,N/A,N/A,jateng.tribunnews.com/2024/04/18/viral-pasangan-mesum-alami-kecelakaan-saat-berhubungan-badan-di-dalam-mobil-yang-berjalan-autopilot,No,Google-served ads obscuring content,Restricted ad serving,ca-pub-7784034061253020,21,2024-08-04,2024-08-06
jateng.tribunnews.com,Page,N/A,N/A,jateng.tribunnews.com/2016/05/04/gila-lebih-dari-32000-orang-mengantre-untuk-dinner-telanjang,No,Adult: Sexual content,Restricted ad serving,ca-pub-7784034061253020,21,2024-08-06,2024-08-06
jateng.tribunnews.com,Page,N/A,N/A,jateng.tribunnews.com/2015/05/24/gadis-remaja-ini-dibakar-massa-di-guatemala,No,Shocking content,Restricted ad serving,ca-pub-7784034061253020,21,2024-08-04,2024-08-06
jambi.tribunnews.com,Page,N/A,N/A,jambi.tribunnews.com/2018/04/29/kelihatan-inilah-ciri-wanita-yang-sering-memuaskan-diri-sendiri-bahayanya-bakal-sakit-seperti-ini?page=4,No,Adult: Sexual content,Restricted ad serving,ca-pub-7784034061253020,21,2024-07-31,2024-08-04
jambi.tribunnews.com,Page,N/A,N/A,jambi.tribunnews.com/2018/04/29/kelihatan-inilah-ciri-wanita-yang-sering-memuaskan-diri-sendiri-bahayanya-bakal-sakit-seperti-ini?page=3,No,Adult: Sexual content,Restricted ad serving,ca-pub-7784034061253020,21,2024-07-31,2024-08-04
jambi.tribunnews.com,Page,N/A,N/A,jambi.tribunnews.com/2017/12/03/heboh-video-viral-wanita-praktekkan-cara-gunakan-kondom-berduri-ternyata-ini-alasannya?page=1,No,Adult: Sexual content,Restricted ad serving,ca-pub-7784034061253020,21,2024-08-04,2024-08-05
jambi.tribunnews.com,Page,N/A,N/A,jambi.tribunnews.com/2017/09/30/pengantin-baru-diwajibkan-malam-pertama-di-atas-kain-putih-keluarga-nunggu-di-depan-pintu,No,Adult: Sexual content,Restricted ad serving,ca-pub-7784034061253020,21,2024-08-05,2024-08-05
jakarta.tribunnews.com,Page,N/A,N/A,jakarta.tribunnews.com/2020/11/29/relakan-istri-jadi-psk-awalnya-cemburu-ikut-menikmati-hingga-akhirnya-marah-saat-jatahnya-kurang,Yes,Encouraging accidental clicks: Layout,Restricted ad serving,ca-pub-7784034061253020,21,2024-08-01,2024-08-04
jabar.tribunnews.com,Page,N/A,N/A,jabar.tribunnews.com/2023/04/06/pusat-klinik-pengobatan-alat-vital-bogor-bantu-menjaga-keharmonisan-pasangan-suami-istri,No,Adult: Sexual content,Restricted ad serving,ca-pub-7784034061253020,21,2024-08-03,2024-08-05
jabar.tribunnews.com,Page,N/A,N/A,jabar.tribunnews.com/2018/01/20/beredar-video-bullying-siswi-smp-di-garut-berkata-kasar-hingga-nekat-semburkan-air-ke-wajah,No,Shocking content,Restricted ad serving,ca-pub-7784034061253020,21,2024-08-03,2024-08-04
jabar.tribunnews.com,Page,N/A,N/A,jabar.tribunnews.com/2016/08/17/suka-sembunyikan-ekspresi-ini-ciri-ciri-wanita-orgasme-yang-penting-diketahui-pria,No,Shocking content,Restricted ad serving,ca-pub-7784034061253020,21,2024-07-31,2024-08-05
cirebon.tribunnews.com,Page,N/A,N/A,cirebon.tribunnews.com/2022/06/29/promo-prostitusi-paket-threesome-di-bar-wilayah-jaksel-bikin-heboh-tarif-rp-550-ribu,Yes,Ads Disguised as Content,Restricted ad serving,ca-pub-7784034061253020,21,2024-07-31,2024-08-04
bogor.tribunnews.com,Page,N/A,N/A,bogor.tribunnews.com/2019/09/27/cerita-ibu-di-sukabumi-berhubungan-intim-dengan-2-anak-kandung-lebih-banyak-sama-yang-gede?page=3,No,Adult: Sexual content,Restricted ad serving,ca-pub-7784034061253020,21,2024-07-31,2024-08-05
bogor.tribunnews.com,Page,N/A,N/A,bogor.tribunnews.com/2019/07/07/cari-sepatu-pantofel-yang-harga-dibawah-rp-100-ribu-di-bogor-ini-tempatnya,No,Shocking content,Restricted ad serving,ca-pub-7784034061253020,21,2024-07-31,2024-08-05
belitung.tribunnews.com,Page,N/A,N/A,belitung.tribunnews.com/2016/05/19/mau-tahu-perbedaan-pria-disunat-atau-tidak-ternyata-ada-kenikmatan-lebih,No,Adult: Sexual content,Restricted ad serving,ca-pub-7784034061253020,21,2024-08-02,2024-08-05
batam.tribunnews.com,Page,N/A,N/A,batam.tribunnews.com/2019/12/26/seluk-beluk-kawin-kontrak-di-puncak-bogor-dari-tarif-sekali-kawin-hingga-ijab-kabul-5-menit,No,Shocking content,Restricted ad serving,ca-pub-7784034061253020,21,2024-08-06,2024-08-06
bangka.tribunnews.com,Page,N/A,N/A,bangka.tribunnews.com/2021/11/07/malam-pertama-pengantin-baru-berujung-duka-semangat-menggebu-berujung-fatal-istri-terkulai-lemas,Yes,Encouraging accidental clicks: Layout,Restricted ad serving,ca-pub-7784034061253020,21,2024-08-06,2024-08-06
bangka.tribunnews.com,Page,N/A,N/A,bangka.tribunnews.com/2020/01/06/tips-latihan-dan-senam-kegel-bakal-buat-wanita-maksimal-dan-nyaman-di-ranjang-begini-caranya?page=3,No,Adult: Sexual content,Restricted ad serving,ca-pub-7784034061253020,21,2024-07-31,2024-08-04
bangka.tribunnews.com,Page,N/A,N/A,bangka.tribunnews.com/2018/09/28/pijat-area-leher-bisa-bikin-aliran-darah-tersumbat-dan-berakibat-kematian,Yes,Site Behavior: Navigation,Restricted ad serving,ca-pub-7784034061253020,21,2024-08-02,2024-08-04
bangka.tribunnews.com,Page,N/A,N/A,bangka.tribunnews.com/2018/01/03/pria-pemilik-mr-p-terpanjang-ini-gagal-jadi-bintang-film-malah-jadi-cacat-hidupnya-merana,No,Adult: Sexual content,Restricted ad serving,ca-pub-7784034061253020,21,2024-07-31,2024-08-04
bangka.tribunnews.com,Page,N/A,N/A,bangka.tribunnews.com/2017/09/23/gara-gara-kondom-mantan-bintang-film-porno-ini-bikin-warga-india-geram-ini-penyebabnya,No,Adult: Sexual content;Shocking content,Restricted ad serving,ca-pub-7784034061253020,21,2024-07-31,2024-08-06
bangka.tribunnews.com,Page,N/A,N/A,bangka.tribunnews.com/2017/09/15/tanda-seorang-pria-belum-pernah-berhubungan-badan-alias-perjaka?page=2,Yes,Site Behavior: Navigation,Restricted ad serving,ca-pub-7784034061253020,21,2024-08-05,2024-08-05
bali.tribunnews.com,Page,N/A,N/A,bali.tribunnews.com/2020/02/09/video-sejoli-mesum-saat-camping-di-gunung-viral-adegan-para-pendaki-tarik-selimut-jadi-sorotan?page=2,No,Google-served ads obscuring content,Restricted ad serving,ca-pub-7784034061253020,21,2024-08-02,2024-08-04
bali.tribunnews.com,Page,N/A,N/A,bali.tribunnews.com/2017/03/15/mengapa-wanita-yang-telah-menikah-masih-melakukan-masturbasi,No,Adult: Sexual content,Restricted ad serving,ca-pub-7784034061253020,21,2024-08-04,2024-08-05
bali.tribunnews.com,Page,N/A,N/A,bali.tribunnews.com/2016/12/28/sadis-pembunuhan-satu-keluarga-di-jakarta-korban-hidup-dan-mati-bertumpuk-di-kamar-mandi,Yes,Ads Disguised as Content,Restricted ad serving,ca-pub-7784034061253020,21,2024-08-05,2024-08-06
www.tribunnews.com,Page,N/A,N/A,www.tribunnews.com/seleb/2010/06/08/video-mirip-ariel-dan-cut-tari-beredar-di-youtube,No,Adult: Sexual content,Restricted ad serving,ca-pub-7784034061253020,20,2024-08-03,2024-08-06
www.tribunnews.com,Page,N/A,N/A,www.tribunnews.com/regional/2014/08/18/arisan-tante-hadiah-brondong-bertarif-rp-20-juta,No,Shocking content,Restricted ad serving,ca-pub-7784034061253020,20,2024-08-06,2024-08-06
www.tribunnews.com,Page,N/A,N/A,www.tribunnews.com/lifestyle/2014/08/09/cowok-italia-paling-banyak-jadi-target-fantasi-seks-wanita,No,Adult: Sexual content,Restricted ad serving,ca-pub-7784034061253020,20,2024-07-31,2024-08-05
wartakota.tribunnews.com,Page,N/A,N/A,wartakota.tribunnews.com/2019/08/14/mantan-bintang-film-panas-ungkap-penghasilannya-sekali-main-berhenti-gara-gara-isis,No,Adult: Sexual content,Restricted ad serving,ca-pub-7784034061253020,20,2024-08-01,2024-08-06
wartakota.tribunnews.com,Page,N/A,N/A,wartakota.tribunnews.com/2017/08/30/wow-video-goyang-pamela-duo-serigala-dan-teman-wanita-tunjukkan-dada-dikecam-netizen,No,Adult: Sexual content,Restricted ad serving,ca-pub-7784034061253020,20,2024-07-31,2024-08-05
wartakota.tribunnews.com,Page,N/A,N/A,wartakota.tribunnews.com/2015/12/12/inilah-penyakit-yang-mengenai-miss-v-akibat-hubungan-intim,No,Adult: Sexual content,Restricted ad serving,ca-pub-7784034061253020,20,2024-08-02,2024-08-05
wartakota.tribunnews.com,Page,N/A,N/A,wartakota.tribunnews.com/2015/02/07/wanita-mengharapkan-sentuhlah-di-4-anggota-tubuh-ini,No,Adult: Sexual content,Restricted ad serving,ca-pub-7784034061253020,20,2024-08-04,2024-08-04
sumsel.tribunnews.com,Page,N/A,N/A,sumsel.tribunnews.com/2023/01/09/50-rekomendasi-pertanyaan-truth-or-dare-online-untuk-dimainkan-bersama-teman-dan-sahabat-via-medsos?page=2,No,Google-served ads obscuring content,Restricted ad serving,ca-pub-7784034061253020,20,2024-08-05,2024-08-06
sumsel.tribunnews.com,Page,N/A,N/A,sumsel.tribunnews.com/2017/08/30/istri-ketiduran-saat-suami-mau-berhubungan-intim-sikapnya-keesokan-hari-sangat-mengejutkan,No,Google-served ads obscuring content,Restricted ad serving,ca-pub-7784034061253020,20,2024-08-03,2024-08-04
style.tribunnews.com,Page,N/A,N/A,style.tribunnews.com/2017/10/16/nggak-hanya-ganteng-7-seleb-pria-ini-punya-bokong-seksi-yang-layak-bikin-iri,No,Adult: Sexual content,Restricted ad serving,ca-pub-7784034061253020,20,2024-08-04,2024-08-06
pontianak.tribunnews.com,Page,N/A,N/A,pontianak.tribunnews.com/2017/11/12/ampun-pak-kepergok-mesum-pasangan-ini-diarak-warga-di-jalan-raya-dan-dipaksa-bugil,Yes,Site Behavior: Navigation,Restricted ad serving,ca-pub-7784034061253020,20,2024-08-03,2024-08-06
pontianak.tribunnews.com,Page,N/A,N/A,pontianak.tribunnews.com/2016/12/01/miyabi-ketergantungan-seks-saat-umur-13-tahun-8-fakta-karier-kontroversial-ratu-film-dewasa-ini,Yes,Adult: Sexual content;Site Behavior: Navigation,Restricted ad serving,ca-pub-7784034061253020,20,2024-08-02,2024-08-05
pontianak.tribunnews.com,Page,N/A,N/A,pontianak.tribunnews.com/2016/07/27/berhubungan-seks-dengan-dua-pemain-real-madrid-dan-barcelona-samira-mereka-luar-biasa,No,Google-served ads obscuring content,Restricted ad serving,ca-pub-7784034061253020,20,2024-08-04,2024-08-04
pekanbaru.tribunnews.com,Page,N/A,N/A,pekanbaru.tribunnews.com/2023/11/30/nonton-film-filipina-sugar-baby-2023,Yes,Google-served ads obscuring content;Modified Javascript: Ads by Google size,Restricted ad serving,ca-pub-7784034061253020,20,2024-08-03,2024-08-05
medan.tribunnews.com,Page,N/A,N/A,medan.tribunnews.com/2017/09/21/video-desahan-wanita-cantik-bertelanjang-dada-di-ranjang-bikin-netizen-salah-fokus,Yes,Site Behavior: Navigation,Restricted ad serving,ca-pub-7784034061253020,20,2024-08-02,2024-08-06
medan.tribunnews.com,Page,N/A,N/A,medan.tribunnews.com/2017/08/16/semuril-o2-air-minum-sehat-dan-steril-ingin-rasakan-tiga-cabangnya-berada-di-sini,No,Adult: Sexual content,Restricted ad serving,ca-pub-7784034061253020,20,2024-08-04,2024-08-06
manado.tribunnews.com,Page,N/A,N/A,manado.tribunnews.com/2019/09/17/boneka-pria-pemuas-syahwat-resmi-diperkenalkan-ke-pasar-dewasa-punya-perkakas-bionik-gratis-ongkir,No,Adult: Sexual content,Restricted ad serving,ca-pub-7784034061253020,20,2024-08-02,2024-08-06
makassar.tribunnews.com,Page,N/A,N/A,makassar.tribunnews.com/tag/vina-garut?page=2,No,Shocking content,Restricted ad serving,ca-pub-7784034061253020,20,2024-07-31,2024-08-05
makassar.tribunnews.com,Page,N/A,N/A,makassar.tribunnews.com/2020/06/30/23-link-nonton-online-streaming-film-dewasa-dan-film-anak-film-india-drama-korea-serial-barat,Yes,Ads Disguised as Content,Restricted ad serving,ca-pub-7784034061253020,20,2024-07-31,2024-08-05
makassar.tribunnews.com,Page,N/A,N/A,makassar.tribunnews.com/2016/08/25/mengapa-wanita-rela-umbar-aurat-di-bigo-live-ternyata-segini-uang-yang-mereka-dapat,No,Shocking content,Restricted ad serving,ca-pub-7784034061253020,20,2024-08-01,2024-08-04
m.tribunnews.com,Page,N/A,N/A,m.tribunnews.com/tag/orgasme,No,Adult: Sexual content,Restricted ad serving,ca-pub-7784034061253020,20,2024-08-02,2024-08-06
m.tribunnews.com,Page,N/A,N/A,m.tribunnews.com/kesehatan/2012/11/01/rokok-kawung-dianjurkan-karena-menyehatkan,No,Tobacco,Restricted ad serving,ca-pub-7784034061253020,20,2024-07-31,2024-08-05
m.tribunnews.com,Page,N/A,N/A,m.tribunnews.com/internasional/2015/05/02/bintang-porno-jepang-ini-suka-sekali-dengan-seks,No,Adult: Sexual content,Restricted ad serving,ca-pub-7784034061253020,20,2024-08-01,2024-08-04
jogja.tribunnews.com,Page,N/A,N/A,jogja.tribunnews.com/2020/01/17/pakai-alat-pengaman-dua-lapis-masih-bisa-menghamili-pria-ini-tuntut-perusahaan-kontrasepsi,No,Adult: Sexual content,Restricted ad serving,ca-pub-7784034061253020,20,2024-08-04,2024-08-04
jateng.tribunnews.com,Page,N/A,N/A,jateng.tribunnews.com/2018/05/02/kisah-nyata-penderitaan-wanitaini-tetap-tak-puas-meski-berhubungan-seks-5-kali-sehari?page=2,No,Adult: Sexual content,Restricted ad serving,ca-pub-7784034061253020,20,2024-07-31,2024-08-06
jambi.tribunnews.com,Page,N/A,N/A,jambi.tribunnews.com/2017/11/08/tercyduk-video-pelajar-smp-mesum-di-wc-umum-tersebar-di-medsos-lokasi-di-adi-sucipto,No,Adult: Sexual content,Restricted ad serving,ca-pub-7784034061253020,20,2024-07-31,2024-08-05
bogor.tribunnews.com,Page,N/A,N/A,bogor.tribunnews.com/2016/11/08/begini-cara-mendapatkan-mimpi-basah-yang-dasyat-no-5-paling-mudah,No,Adult: Sexual content,Restricted ad serving,ca-pub-7784034061253020,20,2024-08-04,2024-08-04
belitung.tribunnews.com,Page,N/A,N/A,belitung.tribunnews.com/2016/03/25/ikuti-syuting-kuis-di-televisi-ada-yang-nyembul-di-dada-olla-ramlan,No,Adult: Sexual content,Restricted ad serving,ca-pub-7784034061253020,20,2024-08-01,2024-08-05
batam.tribunnews.com,Page,N/A,N/A,batam.tribunnews.com/2018/01/27/terungkap-ini-rahasia-aktor-film-panas-agar-tahan-sepanjang-film,No,Adult: Sexual content,Restricted ad serving,ca-pub-7784034061253020,20,2024-07-31,2024-08-06
batam.tribunnews.com,Page,N/A,N/A,batam.tribunnews.com/2017/02/08/mengejutkan-inilah-5-bahaya-berhubungan-intim-di-bathtub-air-hangat-jangan-nekat,No,Adult: Sexual content,Restricted ad serving,ca-pub-7784034061253020,20,2024-07-31,2024-08-06
banyumas.tribunnews.com,Page,N/A,N/A,banyumas.tribunnews.com/2020/12/25/merokok-tingwe-sudah-jadi-gaya-hidup-anak-muda-purwokerto-berikut-pengakuan-mereka,No,Shocking content,Restricted ad serving,ca-pub-7784034061253020,20,2024-08-02,2024-08-04
banjarmasin.tribunnews.com,Page,N/A,N/A,banjarmasin.tribunnews.com/2014/12/15/alat-pijat-dari-jepang-ini-diklaim-bisa-besarkan-payudara,No,Adult: Sexual content,Restricted ad serving,ca-pub-7784034061253020,20,2024-08-02,2024-08-04
bangka.tribunnews.com,Page,N/A,N/A,bangka.tribunnews.com/2023/02/11/segini-tarif-open-bo-wanita-asal-subang-dan-jakarta-di-belitung-pekerjaan-lama-terkuak,No,Google-served ads obscuring content,Restricted ad serving,ca-pub-7784034061253020,20,2024-08-01,2024-08-04
bangka.tribunnews.com,Page,N/A,N/A,bangka.tribunnews.com/2021/12/07/video-maria-vania-di-atas-ranjang-viral-sudah-ditonton-34-juta-kali,Yes,Ads Disguised as Content,Restricted ad serving,ca-pub-7784034061253020,20,2024-07-31,2024-08-06
bangka.tribunnews.com,Page,N/A,N/A,bangka.tribunnews.com/2019/08/26/kasus-video-panas-mantan-karyawati-bank-sumsel-babel-palembang-akun-instagram-si-cewek-menghilang,No,Adult: Sexual content,Restricted ad serving,ca-pub-7784034061253020,20,2024-08-04,2024-08-06
bangka.tribunnews.com,Page,N/A,N/A,bangka.tribunnews.com/2015/01/30/mengintip-jejak-mesum-waria-fly-over-jakarta,No,Adult: Sexual content,Restricted ad serving,ca-pub-7784034061253020,20,2024-07-31,2024-08-04
bangka.tribunnews.com,Page,N/A,N/A,bangka.tribunnews.com/2015/01/16/mayra-hills-pecahkan-rekor-dunia-payudara-terbesar,No,Adult: Sexual content,Restricted ad serving,ca-pub-7784034061253020,20,2024-07-31,2024-08-04
www.tribunnewswiki.com,Page,N/A,N/A,www.tribunnewswiki.com/2020/06/26/kisah-miyabi-bintang-film-dewasa-masih-cantik-di-usia-34-akui-sudah-tak-perawan-di-usia-13-tahun?page=all.html,Yes,Google-served ads obscuring content;Modified Javascript: Ads by Google size,Restricted ad serving,ca-pub-7784034061253020,19,2024-08-05,2024-08-05
www.tribunnews.com,Page,N/A,N/A,www.tribunnews.com/section/2019/02/01/6-fakta-tawuran-maut-pelajar-di-magelang-kronologi-hingga-dipicu-saling-ejek-di-medsos,Yes,Ads Disguised as Content;Shocking content,Restricted ad serving,ca-pub-7784034061253020,19,2024-07-31,2024-08-06
wartakota.tribunnews.com,Page,N/A,N/A,wartakota.tribunnews.com/2024/07/09/pria-ditemukan-tewas-tergantung-di-rumah-mewah-di-duren-sawit-jaktim-tubuh-berceceran-darah,No,Shocking content,Restricted ad serving,ca-pub-7784034061253020,19,2024-08-06,2024-08-06
suryamalang.tribunnews.com,Page,N/A,N/A,suryamalang.tribunnews.com/2022/11/04/pemeran-wanita-video-kebaya-merah-di-kamar-hotel-itu-berakting-seperti-bintang-film-dewasa,Yes,Ads Disguised as Content,Restricted ad serving,ca-pub-7784034061253020,19,2024-07-31,2024-08-05
suryamalang.tribunnews.com,Page,N/A,N/A,suryamalang.tribunnews.com/2017/04/24/pengobatan-macam-apa-pria-ini-katanya-bisa-sembuhkan-berbagai-penyakit-dengan-pijat-payudara-wanita,No,Adult: Sexual content,Restricted ad serving,ca-pub-7784034061253020,19,2024-07-31,2024-08-05
surabaya.tribunnews.com,Page,N/A,N/A,surabaya.tribunnews.com/topic/gadis-penghibur-di-malang,No,Adult: Sexual content,Restricted ad serving,ca-pub-7784034061253020,19,2024-07-31,2024-08-06
surabaya.tribunnews.com,Page,N/A,N/A,surabaya.tribunnews.com/2017/10/21/edan-lokalisasi-ini-fasilitasi-pengunjung-berhubungan-badan-dengan-binatang,No,Adult: Sexual content,Restricted ad serving,ca-pub-7784034061253020,19,2024-08-04,2024-08-06
sumsel.tribunnews.com,Page,N/A,N/A,sumsel.tribunnews.com/2016/08/15/tak-puas-dengan-permainan-suami-di-ranjang-istri-pilih-berhubungan-intim-bareng-mertua,No,Adult: Sexual content,Restricted ad serving,ca-pub-7784034061253020,19,2024-08-03,2024-08-05
style.tribunnews.com,Page,N/A,N/A,style.tribunnews.com/amp/2017/08/22/4-anime-dewasa-yang-tidak-boleh-ditonton-anak-kecil-awas-banyak-adegan-erotisnya,No,Adult: Sexual content,Restricted ad serving,ca-pub-7784034061253020,19,2024-07-31,2024-08-04
solo.tribunnews.com,Page,N/A,N/A,solo.tribunnews.com/2021/03/10/dijual-via-open-bo-gadis-solo-di-bawah-umur-dapat-rp-200-ribu-padahal-tarif-rp-500-ribu-per-kencan,No,Adult: Sexual content,Restricted ad serving,ca-pub-7784034061253020,19,2024-08-02,2024-08-05
pontianak.tribunnews.com,Page,N/A,N/A,pontianak.tribunnews.com/2017/11/11/gadis-cantik-ini-gratiskan-tubuhnya-difoto-bugil-sesi-malam-bisa-sampai-pagi-ngapain-aja,No,Adult: Sexual content,Restricted ad serving,ca-pub-7784034061253020,19,2024-08-04,2024-08-05
pekanbaru.tribunnews.com,Page,N/A,N/A,pekanbaru.tribunnews.com/2017/11/26/7-titik-rangsangan-wanita-menurut-kita-assikalabineng-bugis-ternyata-berdasarkan-hari,No,Adult: Sexual content,Restricted ad serving,ca-pub-7784034061253020,19,2024-08-05,2024-08-05
pekanbaru.tribunnews.com,Page,N/A,N/A,pekanbaru.tribunnews.com/2017/11/23/maksudnya-apa-tikus-ini-diberi-minuman-keras-dan-dibakar-hidup-hidup-sampai-mati,No,Shocking content,Restricted ad serving,ca-pub-7784034061253020,19,2024-08-05,2024-08-06
palembang.tribunnews.com,Page,N/A,N/A,palembang.tribunnews.com/2018/02/28/pernikahannya-tinggal-hitungan-hari-lagi-bripda-ismi-aisyah-beri-kabar-sedih-ini-ternyata-dirinya,Yes,Site Behavior: Navigation,Restricted ad serving,ca-pub-7784034061253020,19,2024-08-02,2024-08-06
medan.tribunnews.com,Page,N/A,N/A,medan.tribunnews.com/2022/09/27/terungkap-motif-pak-guru-ka-51-sebarkan-video-mesumnya-bareng-ibu-guru-li-41-ke-grup-wa-pgri,Yes,Ads Disguised as Content,Restricted ad serving,ca-pub-7784034061253020,19,2024-08-05,2024-08-06
medan.tribunnews.com,Page,N/A,N/A,medan.tribunnews.com/2017/07/28/ternyata-seks-yang-sehat-dilakukan-lebih-3-kali-seminggu-akan-membuat-umur-panjang,No,Adult: Sexual content,Restricted ad serving,ca-pub-7784034061253020,19,2024-07-31,2024-08-04
manado.tribunnews.com,Page,N/A,N/A,manado.tribunnews.com/2021/09/13/masih-ingat-tiphaine-poulon-bule-cantik-viral-jadi-mualaf-lalu-nikahi-pria-aceh-kini-sudah-pisah,Yes,Encouraging accidental clicks: Layout;Google-served ads obscuring content,Restricted ad serving,ca-pub-7784034061253020,19,2024-08-05,2024-08-05
makassar.tribunnews.com,Page,N/A,N/A,makassar.tribunnews.com/2019/11/15/video-panas-mahasiswi-kendari-viral-di-whatsapp-wa-durasi-2-menit-46-detik?page=all,No,Adult: Sexual content,Restricted ad serving,ca-pub-7784034061253020,19,2024-08-06,2024-08-06
makassar.tribunnews.com,Page,N/A,N/A,makassar.tribunnews.com/2013/11/11/tempat-mangkal-waria-tak-hanya-di-tmp-panaikang,No,Adult: Sexual content,Restricted ad serving,ca-pub-7784034061253020,19,2024-08-03,2024-08-06
m.tribunnews.com,Page,N/A,N/A,m.tribunnews.com/regional/2017/10/13/ini-reaksi-para-siswi-sma-di-surabaya-saat-tahu-payudara-dihisap-pacarnya-berpotensi-sebabkan-kanker,No,Adult: Sexual content,Restricted ad serving,ca-pub-7784034061253020,19,2024-08-05,2024-08-05
m.tribunnews.com,Page,N/A,N/A,m.tribunnews.com/metropolitan/2016/08/04/ada-puluhan-bungkus-kondom-di-panti-pijat-edelweis,No,Adult: Sexual content,Restricted ad serving,ca-pub-7784034061253020,19,2024-08-02,2024-08-06
kupang.tribunnews.com,Page,N/A,N/A,kupang.tribunnews.com/2017/06/03/ya-ampun-pria-ini-tak-kuat-tahan-nafsu-nekat-bercinta-dengan-kuda-poni-caranya-bikin-elus-dada,No,Adult: Sexual content,Restricted ad serving,ca-pub-7784034061253020,19,2024-08-01,2024-08-06
kupang.tribunnews.com,Page,N/A,N/A,kupang.tribunnews.com/2017/03/13/polisi-sita-alat-bantu-seks-dari-pelaku-pencabulan-anak,No,Adult: Sexual content,Restricted ad serving,ca-pub-7784034061253020,19,2024-08-02,2024-08-04
jogja.tribunnews.com,Page,N/A,N/A,jogja.tribunnews.com/amp/2016/09/16/begini-kode-terapis-tawarkan-layanan-esek-esek-di-spa-plus,No,Adult: Sexual content,Restricted ad serving,ca-pub-7784034061253020,19,2024-08-01,2024-08-06
jogja.tribunnews.com,Page,N/A,N/A,jogja.tribunnews.com/2024/03/24/tak-perlu-antre-bayar-angsuran-kur-bri-bisa-di-agen-brilink?page=3,Yes,Google-served ads obscuring content;Modified Javascript: Ads by Google size,Restricted ad serving,ca-pub-7784034061253020,19,2024-08-05,2024-08-05
jogja.tribunnews.com,Page,N/A,N/A,jogja.tribunnews.com/2016/11/18/lakukanlah-ini-agar-istri-puas-saat-bercinta,No,Adult: Sexual content,Restricted ad serving,ca-pub-7784034061253020,19,2024-08-05,2024-08-05
jogja.tribunnews.com,Page,N/A,N/A,jogja.tribunnews.com/2014/11/07/hasil-studi-wanita-ingin-bercinta-dengan-diikat,No,Adult: Sexual content,Restricted ad serving,ca-pub-7784034061253020,19,2024-07-31,2024-08-06
jogja.tribunnews.com,Page,N/A,N/A,jogja.tribunnews.com/2014/08/27/9-aktris-porno-jepang-izinkan-payudaranya-diremas-remas,No,Adult: Sexual content,Restricted ad serving,ca-pub-7784034061253020,19,2024-08-05,2024-08-06
jatim.tribunnews.com,Page,N/A,N/A,jatim.tribunnews.com/2017/10/09/wow-ganteng-dan-modis-pria-ini-pilih-jadi-tukang-pijit-pasien-rela-berbuat-ini-asal-bisa-dipijit,No,Shocking content,Restricted ad serving,ca-pub-7784034061253020,19,2024-08-04,2024-08-04
jatim.tribunnews.com,Page,N/A,N/A,jatim.tribunnews.com/2017/07/30/video-cita-citata-nyaris-terlihat-bugil-karena-bajunya-netter-heboh-liat-pose-dan-goyangannya,Yes,Adult: Sexual content;Site Behavior: Navigation,Restricted ad serving,ca-pub-7784034061253020,19,2024-08-01,2024-08-06
jatim.tribunnews.com,Page,N/A,N/A,jatim.tribunnews.com/2017/06/27/pria-jomblo-tak-bisa-menahan-nafsu-ampun-merinding-liat-yang-dilakukannya-dengan-kerang-tiram,Yes,Adult: Sexual content;Site Behavior: Navigation,Restricted ad serving,ca-pub-7784034061253020,19,2024-08-02,2024-08-04
jateng.tribunnews.com,Page,N/A,N/A,jateng.tribunnews.com/2016/03/03/gila-siswi-sd-ini-dibully-setelah-pasang-foto-telanjang-bersama-pacarnya-di-facebook,No,Adult: Sexual content,Restricted ad serving,ca-pub-7784034061253020,19,2024-08-04,2024-08-06
jambi.tribunnews.com,Page,N/A,N/A,jambi.tribunnews.com/2019/01/12/bikin-wanita-organsme-tak-sulit-4-langkah-mudah-ini-terbukti-bikin-si-dia-terbang-ke-langit-ke-7,No,Adult: Sexual content,Restricted ad serving,ca-pub-7784034061253020,19,2024-08-06,2024-08-06
jambi.tribunnews.com,Page,N/A,N/A,jambi.tribunnews.com/2018/07/03/keseringan-berhubungan-bikin-miss-v-tak-lagi-elastis-ini-jawaban-dan-saran-dokter,No,Adult: Sexual content,Restricted ad serving,ca-pub-7784034061253020,19,2024-08-04,2024-08-06
jambi.tribunnews.com,Page,N/A,N/A,jambi.tribunnews.com/2018/05/12/ragu-menikah-karena-ukuran-mr-p-hanya-2-cm-bisakah-dok,No,Adult: Sexual content,Restricted ad serving,ca-pub-7784034061253020,19,2024-08-03,2024-08-06
jambi.tribunnews.com,Page,N/A,N/A,jambi.tribunnews.com/2015/04/10/foto-wanita-ini-eksibisionis-atau-salah-kostum,No,Adult: Sexual content,Restricted ad serving,ca-pub-7784034061253020,19,2024-08-04,2024-08-06
jabar.tribunnews.com,Page,N/A,N/A,jabar.tribunnews.com/2015/12/13/hiiiy-ngeri-maksudnya-pencet-jerawat-tapi-dari-hidung-wanita-ini-malah-keluar-sesuatu,No,Shocking content,Restricted ad serving,ca-pub-7784034061253020,19,2024-07-31,2024-08-05
bogor.tribunnews.com,Page,N/A,N/A,bogor.tribunnews.com/2020/12/18/tafsir-mimpi-selingkuh-lalu-berhubungan-intim-dengan-orang-lain-hati-hati-anda-harus-minta-maaf,Yes,Ads Disguised as Content,Restricted ad serving,ca-pub-7784034061253020,19,2024-08-03,2024-08-04
belitung.tribunnews.com,Page,N/A,N/A,belitung.tribunnews.com/2017/04/23/kabarnya-gisella-anastasia-operasi-payudara-jadi-makin-berani-tampil-seksi,No,Adult: Sexual content,Restricted ad serving,ca-pub-7784034061253020,19,2024-08-01,2024-08-06
belitung.tribunnews.com,Page,N/A,N/A,belitung.tribunnews.com/2016/07/29/berikan-kebahagiaan-kepada-wanita-dengan-melakukan-ini-saat-foreplay,No,Adult: Sexual content,Restricted ad serving,ca-pub-7784034061253020,19,2024-08-04,2024-08-04
bangka.tribunnews.com,Page,N/A,N/A,bangka.tribunnews.com/2018/01/10/tante-muda-pemeran-video-mesum-bersama-bocah-bandung-ternyata-bekerja-di-tempat-ini,No,Adult: Sexual content,Restricted ad serving,ca-pub-7784034061253020,19,2024-08-03,2024-08-04
bangka.tribunnews.com,Page,N/A,N/A,bangka.tribunnews.com/2016/01/22/hamil-tapi-masih-perawan-kok-bisa-ya-simak-penjelasannya,No,Adult: Sexual content,Restricted ad serving,ca-pub-7784034061253020,19,2024-07-31,2024-08-06
bali.tribunnews.com,Page,N/A,N/A,bali.tribunnews.com/2021/12/14/ini-kronologi-lengkap-tante-sisca-dan-boris-terekam-sedang-berhubungan-suami-istri-di-ubud-bali,Yes,Ads Disguised as Content,Restricted ad serving,ca-pub-7784034061253020,19,2024-08-03,2024-08-04
bali.tribunnews.com,Page,N/A,N/A,bali.tribunnews.com/2017/05/26/video-dua-remaja-kepergok-bermesraan-di-toilet-viral-disuruh-reka-ulang-adegan-mesum-oleh-petugas,No,Adult: Sexual content,Restricted ad serving,ca-pub-7784034061253020,19,2024-08-02,2024-08-06
www.tribunnews.com,Page,N/A,N/A,www.tribunnews.com/regional/2015/08/24/obat-gila-marak-di-sulut-efeknya-ngeri-adegan-seks-bersama,No,Adult: Sexual content,Restricted ad serving,ca-pub-7784034061253020,18,2024-07-31,2024-08-06
www.tribunnews.com,Page,N/A,N/A,www.tribunnews.com/parapuan/2022/06/14/dianggap-sekadar-sajikan-cerita-pengalaman-video-sex-education-youtube-viral-di-twitter,Yes,Ads Disguised as Content,Restricted ad serving,ca-pub-7784034061253020,18,2024-08-02,2024-08-06
www.tribunnews.com,Page,N/A,N/A,www.tribunnews.com/lifestyle/2019/06/08/viral-kucing-mati-setelah-anak-kecil-memukul-kepalanya-dengan-benda-keras-saat-acara-halal-bihalal,No,Shocking content,Restricted ad serving,ca-pub-7784034061253020,18,2024-07-31,2024-08-05
www.tribunnews.com,Page,N/A,N/A,www.tribunnews.com/kesehatan/2019/05/12/pijat-di-punggung-dan-tangan-bisa-kurangi-migrain-dan-nyeri-saat-haid,Yes,Encouraging accidental clicks: Layout,Restricted ad serving,ca-pub-7784034061253020,18,2024-08-02,2024-08-06
www.tribunnews.com,Page,N/A,N/A,www.tribunnews.com/internasional/2016/08/16/gara-gara-penis-menonjol-atlet-lompat-galah-jepang-gagal-menang,No,Adult: Sexual content,Restricted ad serving,ca-pub-7784034061253020,18,2024-08-04,2024-08-06
www.tribunnews.com,Page,N/A,N/A,www.tribunnews.com/internasional/2015/07/03/gadis-jepang-berpayudara-besar-ingin-main-film-di-indonesia,No,Adult: Sexual content,Restricted ad serving,ca-pub-7784034061253020,18,2024-07-31,2024-08-04
www.tribunnews.com,Page,N/A,N/A,www.tribunnews.com/internasional/2015/02/14/video-gadis-indonesia-jalan-telanjang-bulat-di-malaysia-beredar,No,Adult: Sexual content,Restricted ad serving,ca-pub-7784034061253020,18,2024-08-02,2024-08-06
wartakota.tribunnews.com,Page,N/A,N/A,wartakota.tribunnews.com/2022/05/26/video-tiktokers-berhijab-pamer-payudara-menuai-kecaman-banyak-netizen,Yes,Ads Disguised as Content,Restricted ad serving,ca-pub-7784034061253020,18,2024-08-02,2024-08-06
wartakota.tribunnews.com,Page,N/A,N/A,wartakota.tribunnews.com/2018/08/02/fakta-dari-amerika-serikat-warga-amerika-serikat-pakai-kondom-dua-kali,No,Adult: Sexual content,Restricted ad serving,ca-pub-7784034061253020,18,2024-08-02,2024-08-04
suryamalang.tribunnews.com,Page,N/A,N/A,suryamalang.tribunnews.com/tag/pijat-plus-plus,No,Adult: Sexual content,Restricted ad serving,ca-pub-7784034061253020,18,2024-07-31,2024-08-04
suryamalang.tribunnews.com,Page,N/A,N/A,suryamalang.tribunnews.com/2018/12/17/pesan-berantai-video-mesum-via-whatsapp-goncang-mojokerto-pemeran-video-lebih-dari-satu-pasangan,No,Adult: Sexual content,Restricted ad serving,ca-pub-7784034061253020,18,2024-08-06,2024-08-06
suryamalang.tribunnews.com,Page,N/A,N/A,suryamalang.tribunnews.com/2017/06/23/si-otak-mesum-ngajak-chat-sex-endingnya-tak-disangka-langsung-kapok,No,Adult: Sexual content,Restricted ad serving,ca-pub-7784034061253020,18,2024-08-02,2024-08-04
suryamalang.tribunnews.com,Page,N/A,N/A,suryamalang.tribunnews.com/2017/03/16/lihat-apa-jadinya-saat-banyak-yang-tahu-wanita-sexy-bertato-ini-adalah-seorang-perawat,No,Adult: Sexual content,Restricted ad serving,ca-pub-7784034061253020,18,2024-08-05,2024-08-05
surabaya.tribunnews.com,Page,N/A,N/A,surabaya.tribunnews.com/2010/06/09/heboh-lagi-video-seks-ariel-cut-tari,No,Adult: Sexual content,Restricted ad serving,ca-pub-7784034061253020,18,2024-07-31,2024-08-04
sumsel.tribunnews.com,Page,N/A,N/A,sumsel.tribunnews.com/2016/07/26/wanita-cantik-berusaha-ambil-barangnya-yang-jatuh-namun-malah-nyundul-burung-pria-didepannya,No,Google-served ads obscuring content,Restricted ad serving,ca-pub-7784034061253020,18,2024-07-31,2024-08-06
style.tribunnews.com,Page,N/A,N/A,style.tribunnews.com/2019/01/24/deretan-foto-transformasi-penampilan-aldira-chena-jadi-saksi-kasus-prostitusi-artis,Yes,Site Behavior: Navigation,Restricted ad serving,ca-pub-7784034061253020,18,2024-08-06,2024-08-06
style.tribunnews.com,Page,N/A,N/A,style.tribunnews.com/2018/01/01/foto-foto-wanita-ini-jadi-sensasi-di-dunia-maya-dulu-badannya-kurus-kini-seksi-abis-body-goals,Yes,Site Behavior: Navigation,Restricted ad serving,ca-pub-7784034061253020,18,2024-08-03,2024-08-06
pontianak.tribunnews.com,Page,N/A,N/A,pontianak.tribunnews.com/2017/11/04/tak-perlu-viagra-4-buah-ini-bikin-ereksi-keras-kuat-dan-tahan-lama-di-ranjang,No,Adult: Sexual content,Restricted ad serving,ca-pub-7784034061253020,18,2024-08-02,2024-08-04
pekanbaru.tribunnews.com,Page,N/A,N/A,pekanbaru.tribunnews.com/2022/05/30/nsfw-dipakai-cewek-vcs-dan-cewek-open-bo-apa-arti-nsfw-dalam-bahasa-gaul,Yes,Ads Disguised as Content,Restricted ad serving,ca-pub-7784034061253020,18,2024-07-31,2024-08-06
pekanbaru.tribunnews.com,Page,N/A,N/A,pekanbaru.tribunnews.com/2018/01/08/viral-video-mesum-perempuan-dewasa-dan-bocah-di-bandung-7-orang-jadi-tersangka,No,Adult: Sexual content,Restricted ad serving,ca-pub-7784034061253020,18,2024-07-31,2024-08-05
palembang.tribunnews.com,Page,N/A,N/A,palembang.tribunnews.com/2015/10/14/ini-pelajaran-penting-dari-kamasutra-bagi-wanita,No,Adult: Sexual content,Restricted ad serving,ca-pub-7784034061253020,18,2024-07-31,2024-08-04
newsmaker.tribunnews.com,Page,N/A,N/A,newsmaker.tribunnews.com/2022/03/12/usia-22-tahun-cerai-artis-ini-batal-rujuk-dengan-mantan-kini-dinikahi-konglomerat-jadi-pengusaha,Yes,Encouraging accidental clicks: Layout,Restricted ad serving,ca-pub-7784034061253020,18,2024-08-04,2024-08-04
medan.tribunnews.com,Page,N/A,N/A,medan.tribunnews.com/2024/05/07/tampang-refrain-suami-di-minahasaselatan-bunuh-istri-baru-sebulan-lahiran-mertua-juga-dibacok,Yes,Google-served ads obscuring content;Modified Javascript: Ads by Google size,Restricted ad serving,ca-pub-7784034061253020,18,2024-08-04,2024-08-04
manado.tribunnews.com,Page,N/A,N/A,manado.tribunnews.com/2019/08/29/benarkah-makan-daging-kambing-penis-sapi-bikin-lelaki-perkasa-begini-kata-seksolog,No,Adult: Sexual content;Shocking content,Restricted ad serving,ca-pub-7784034061253020,18,2024-07-31,2024-08-04
makassar.tribunnews.com,Page,N/A,N/A,makassar.tribunnews.com/2024/04/22/nasib-kades-di-jeneponto-usai-viral-video-call-sex-reaksi-pj-bupati,No,Google-served ads obscuring content,Restricted ad serving,ca-pub-7784034061253020,18,2024-07-31,2024-08-05
makassar.tribunnews.com,Page,N/A,N/A,makassar.tribunnews.com/2020/08/21/cerita-wanita-19-tahun-jadi-psk-layani-8-tamu-sehari-meski-terasa-sakit-uang-untuk-beli-obat-ibu,Yes,Ads Disguised as Content,Restricted ad serving,ca-pub-7784034061253020,18,2024-08-01,2024-08-06
makassar.tribunnews.com,Page,N/A,N/A,makassar.tribunnews.com/2019/07/22/7-fakta-siswa-sma-pesta-seks-di-rumah-kos-kosan-usai-pulang-sekolah-kronologi-keanehan-di-lokasi,No,Adult: Sexual content,Restricted ad serving,ca-pub-7784034061253020,18,2024-08-02,2024-08-04
makassar.tribunnews.com,Page,N/A,N/A,makassar.tribunnews.com/2019/04/25/5-fakta-video-panas-abg-di-bali-viral-di-media-sosial-dan-whatsapp-wa-durasi-lima-menit?page=all,No,Adult: Sexual content,Restricted ad serving,ca-pub-7784034061253020,18,2024-08-05,2024-08-05
makassar.tribunnews.com,Page,N/A,N/A,makassar.tribunnews.com/2015/05/06/kenapa-berzikir-dan-atur-nafas-bersenggama-posted-on-23022009?page=2,No,Adult: Sexual content,Restricted ad serving,ca-pub-7784034061253020,18,2024-08-05,2024-08-05
m.tribunnews.com,Page,N/A,N/A,m.tribunnews.com/otomotif/tips-trik-mobil,Yes,Unnatural attention to ads,Restricted ad serving,ca-pub-7784034061253020,18,2024-08-04,2024-08-04
m.tribunnews.com,Page,N/A,N/A,m.tribunnews.com/internasional/2017/07/10/berita-foto-gao-qian-wanita-cantik-pemilik-bokong-terindah-di-china,No,Adult: Sexual content,Restricted ad serving,ca-pub-7784034061253020,18,2024-08-05,2024-08-05
m.tribunnews.com,Page,N/A,N/A,m.tribunnews.com/images/model/view/493942/baby-margaretha,No,Adult: Sexual content,Restricted ad serving,ca-pub-7784034061253020,18,2024-08-02,2024-08-05
kupang.tribunnews.com,Page,N/A,N/A,kupang.tribunnews.com/2018/01/13/simak-10-tanda-wanita-memiliki-libido-tinggi-ada-bulu-bulunya,No,Adult: Sexual content,Restricted ad serving,ca-pub-7784034061253020,18,2024-08-01,2024-08-05
kupang.tribunnews.com,Page,N/A,N/A,kupang.tribunnews.com/2017/09/26/goyangan-pamela-duo-serigala-panas-dari-insiden-dada-nyembul-sampai-pose-nugingnya-bikin-heboh,No,Adult: Sexual content,Restricted ad serving,ca-pub-7784034061253020,18,2024-08-01,2024-08-04
kupang.tribunnews.com,Page,N/A,N/A,kupang.tribunnews.com/2014/02/03/ciuam-area-paha-bangkitkan-gairah-perempuan,No,Adult: Sexual content,Restricted ad serving,ca-pub-7784034061253020,18,2024-08-03,2024-08-06
kupang.tribunnews.com,Page,N/A,N/A,kupang.tribunnews.com/2013/05/16/selvy-saya-sering-dipakai-om-pns,No,Adult: Sexual content,Restricted ad serving,ca-pub-7784034061253020,18,2024-08-04,2024-08-05
jogja.tribunnews.com,Page,N/A,N/A,jogja.tribunnews.com/2018/02/21/morning-sex-hanya-dilakukan-orang-yang-bahagia-dan-sehat,No,Adult: Sexual content,Restricted ad serving,ca-pub-7784034061253020,18,2024-08-04,2024-08-05
jogja.tribunnews.com,Page,N/A,N/A,jogja.tribunnews.com/2014/03/01/benarkah-vibrator-bikin-wanita-lebih-bergairah,No,Adult: Sexual content,Restricted ad serving,ca-pub-7784034061253020,18,2024-08-01,2024-08-06
jambi.tribunnews.com,Page,N/A,N/A,jambi.tribunnews.com/tag/video-call,No,Adult: Sexual content,Restricted ad serving,ca-pub-7784034061253020,18,2024-08-04,2024-08-04
jambi.tribunnews.com,Page,N/A,N/A,jambi.tribunnews.com/2018/09/18/sperma-keluar-saat-buang-air-kecil-normalkah-dok,No,Adult: Sexual content,Restricted ad serving,ca-pub-7784034061253020,18,2024-07-31,2024-08-05
jambi.tribunnews.com,Page,N/A,N/A,jambi.tribunnews.com/2018/05/23/benarkah-ras-tertentu-mempunyai-ukuran-mr-p-melebihi-yang-lainnya,No,Adult: Sexual content,Restricted ad serving,ca-pub-7784034061253020,18,2024-08-03,2024-08-06
bogor.tribunnews.com,Page,N/A,N/A,bogor.tribunnews.com/2016/07/16/4-manfaat-menonton-film-porno-bagi-pasangan-suami-istri-nomor-3-wajib-dibaca,No,Adult: Sexual content,Restricted ad serving,ca-pub-7784034061253020,18,2024-08-01,2024-08-05
bangka.tribunnews.com,Page,N/A,N/A,bangka.tribunnews.com/2021/09/05/video-gisel-13-detik-dintonton-jutaan-kali-siapa-sosok-di-sampingnya,Yes,Ads Disguised as Content,Restricted ad serving,ca-pub-7784034061253020,18,2024-07-31,2024-08-04
bangka.tribunnews.com,Page,N/A,N/A,bangka.tribunnews.com/2019/12/10/video-janda-muda-beradegan-panas-di-kamar-viral-ngaku-ingin-lihat-bentuk-tubuhnya-sendiri,No,Shocking content,Restricted ad serving,ca-pub-7784034061253020,18,2024-08-01,2024-08-04
bangka.tribunnews.com,Page,N/A,N/A,bangka.tribunnews.com/2017/03/30/tanpa-malu-dan-canggung-para-wanita-cantik-seksi-ini-pasang-kondom-di-muka,No,Adult: Sexual content,Restricted ad serving,ca-pub-7784034061253020,18,2024-08-01,2024-08-05
bangka.tribunnews.com,Page,N/A,N/A,bangka.tribunnews.com/2017/02/18/penari-telanjang-asik-meliuk-liuk-di-tempat-karaoke-kocak-kacir-cari-pakaian-digrebek-petugas,No,Google-served ads obscuring content,Restricted ad serving,ca-pub-7784034061253020,18,2024-08-03,2024-08-06
bangka.tribunnews.com,Page,N/A,N/A,bangka.tribunnews.com/2016/10/24/heboh-foto-bugil-artis-cantik-dan-lawan-mainnya-tersebar,No,Adult: Sexual content;Shocking content,Restricted ad serving,ca-pub-7784034061253020,18,2024-08-03,2024-08-04
bangka.tribunnews.com,Page,N/A,N/A,bangka.tribunnews.com/2016/09/21/inilah-ciri-orang-yang-kecanduan-onani-dan-masturbasi,No,Adult: Sexual content,Restricted ad serving,ca-pub-7784034061253020,18,2024-08-06,2024-08-06
bali.tribunnews.com,Page,N/A,N/A,bali.tribunnews.com/2018/04/06/bagi-pasutri-lontar-rahasya-sanggama-ungkap-ramuan-yang-mampu-buat-pasangan-klimaks,No,Adult: Sexual content,Restricted ad serving,ca-pub-7784034061253020,18,2024-07-31,2024-08-04
bali.tribunnews.com,Page,N/A,N/A,bali.tribunnews.com/2017/01/23/pria-ini-miliki-penis-terpanjang-di-dunia-saat-berhubungan-intim-beginilah-jadinya?page=all,No,Adult: Sexual content,Restricted ad serving,ca-pub-7784034061253020,18,2024-08-06,2024-08-06
bali.tribunnews.com,Page,N/A,N/A,bali.tribunnews.com/2016/07/14/video-ketika-calvin-membawa-mayat-pegawai-bank-cantik-mata-sang-ibu-terus-menyoroti-isi-box,Yes,Ads Disguised as Content,Restricted ad serving,ca-pub-7784034061253020,18,2024-08-04,2024-08-05
aceh.tribunnews.com,Page,N/A,N/A,aceh.tribunnews.com/tag/penemuan-mayat,No,Shocking content,Restricted ad serving,ca-pub-7784034061253020,18,2024-08-04,2024-08-05
aceh.tribunnews.com,Page,N/A,N/A,aceh.tribunnews.com/2022/06/16/kisah-pilu-tkw-asal-indramayu-disiksa-majikan-di-taiwan-wajah-hancur-ditonjok-dan-disiram-pemutih,No,Shocking content,Restricted ad serving,ca-pub-7784034061253020,18,2024-08-01,2024-08-05
aceh.tribunnews.com,Page,N/A,N/A,aceh.tribunnews.com/2021/10/09/wanita-ini-bocorkan-tarif-jadi-sugar-baby-di-tengah-kesibukannya-sebagai-mahasiswa,Yes,Ads Disguised as Content,Restricted ad serving,ca-pub-7784034061253020,18,2024-08-05,2024-08-05
www.tribunnews.com,Page,N/A,N/A,www.tribunnews.com/seleb/2011/07/10/foto-payudara-dewi-perssik-transparan-beredar,No,Adult: Sexual content,Restricted ad serving,ca-pub-7784034061253020,17,2024-08-02,2024-08-04
www.tribunnews.com,Page,N/A,N/A,www.tribunnews.com/regional/2020/01/30/penyanyi-dangdut-buka-baju-dan-lepas-bra-di-panggung-hebohkan-warga-barru-sulsel,Yes,Google-served ads obscuring content;Modified Javascript: Ads by Google size,Restricted ad serving,ca-pub-7784034061253020,17,2024-08-01,2024-08-06
www.tribunnews.com,Page,N/A,N/A,www.tribunnews.com/lifestyle/2017/10/13/percaya-gak-percaya-ini-ciri-cewek-yang-sudah-enggak-perawan,No,Adult: Sexual content,Restricted ad serving,ca-pub-7784034061253020,17,2024-08-02,2024-08-04
www.tribunnews.com,Page,N/A,N/A,www.tribunnews.com/lifestyle/2015/11/10/ini-ciri-wanita-dan-pria-yang-sering-melakukan-masturbasi,No,Adult: Sexual content,Restricted ad serving,ca-pub-7784034061253020,17,2024-08-03,2024-08-06
www.tribunnews.com,Page,N/A,N/A,www.tribunnews.com/lifestyle/2013/10/22/alasan-kaum-pria-sembunyi-sembunyi-nonton-film-porno,No,Adult: Sexual content,Restricted ad serving,ca-pub-7784034061253020,17,2024-07-31,2024-08-05
www.tribunnews.com,Page,N/A,N/A,www.tribunnews.com/kesehatan/2017/07/10/pengaruh-pemilihan-jenis-kasur-pada-kepuasan-hubungan-suami-istri,No,Adult: Sexual content,Restricted ad serving,ca-pub-7784034061253020,17,2024-07-31,2024-08-06
www.tribunnews.com,Page,N/A,N/A,www.tribunnews.com/internasional/2019/06/13/video-homoseksual-menteri-malaysia-tersebar-pelaku-dia-memaksa-saya,No,Google-served ads obscuring content,Restricted ad serving,ca-pub-7784034061253020,17,2024-08-04,2024-08-05
wartakota.tribunnews.com,Page,N/A,N/A,wartakota.tribunnews.com/2019/11/10/penyebab-pria-sering-jajan-di-luar-rumah-diungkap-seorang-psk-layani-10-pria-selama-12-tahun,No,Adult: Sexual content,Restricted ad serving,ca-pub-7784034061253020,17,2024-07-31,2024-08-05
wartakota.tribunnews.com,Page,N/A,N/A,wartakota.tribunnews.com/2017/07/21/hasil-autopsi-simpulkan-jenazah-perempuan-di-jembatan-gdc-korban-pembunuhan,No,Shocking content,Restricted ad serving,ca-pub-7784034061253020,17,2024-08-06,2024-08-06
wartakota.tribunnews.com,Page,N/A,N/A,wartakota.tribunnews.com/2017/05/15/video-viral-wanita-muda-asyik-garuk-garuk-bagian-intim-di-kereta-penumpang-lain-jadi-kikuk,No,Adult: Sexual content,Restricted ad serving,ca-pub-7784034061253020,17,2024-08-01,2024-08-05
wartakota.tribunnews.com,Page,N/A,N/A,wartakota.tribunnews.com/2015/08/21/faktanya-wanita-bisa-capai-orgasme-tanpa-mr-p,No,Adult: Sexual content,Restricted ad serving,ca-pub-7784034061253020,17,2024-08-05,2024-08-05
travel.tribunnews.com,Page,N/A,N/A,travel.tribunnews.com/2017/09/07/jangan-asal-ini-3-alasan-kenapa-bokep-sering-disebut-film-biru-ada-sejarahnya-lho,Yes,Site Behavior: Navigation,Restricted ad serving,ca-pub-7784034061253020,17,2024-07-31,2024-08-05
suryamalang.tribunnews.com,Page,N/A,N/A,suryamalang.tribunnews.com/2017/07/18/jomblo-ngenes-dan-kesepian-cewek-ini-bercinta-dengan-belut-dan-disiarkan-langsung-di-medsos,No,Adult: Sexual content,Restricted ad serving,ca-pub-7784034061253020,17,2024-08-05,2024-08-06
suryamalang.tribunnews.com,Page,N/A,N/A,suryamalang.tribunnews.com/2015/05/06/ibu-muda-asal-tiongkok-mengejar-rekor-pemilik-buah-dada-terindah-di-dunia,No,Adult: Sexual content,Restricted ad serving,ca-pub-7784034061253020,17,2024-08-02,2024-08-06
surabaya.tribunnews.com,Page,N/A,N/A,surabaya.tribunnews.com/2021/04/23/kronologi-temuan-mayat-wanita-hamil-di-dekat-masjid-al-akbar-surabaya-janin-keluar-ini-pembunuhnya,Yes,Ads Disguised as Content,Restricted ad serving,ca-pub-7784034061253020,17,2024-08-04,2024-08-04
sumsel.tribunnews.com,Page,N/A,N/A,sumsel.tribunnews.com/2018/11/20/sering-pakai-karet-gelang-di-leher-tabung-gas-elpiji-ternyata-sangat-berbahaya-ini-penjelasannya,No,Google-served ads obscuring content,Restricted ad serving,ca-pub-7784034061253020,17,2024-08-01,2024-08-06
sultra.tribunnews.com,Page,N/A,N/A,sultra.tribunnews.com/2022/11/17/video-denise-chariesta-beradegan-tak-senonoh-sosok-rd-di-meja-kantor-pengakuan-kini-viral-di-tiktok,Yes,Ads Disguised as Content,Restricted ad serving,ca-pub-7784034061253020,17,2024-08-05,2024-08-06
sultra.tribunnews.com,Page,N/A,N/A,sultra.tribunnews.com/2021/03/26/tarif-prostitusi-online-kendari-siswi-smk-dan-smp-di-michat-dan-grup-1-kamar-dipakai-bergiliran,Yes,Ads Disguised as Content,Restricted ad serving,ca-pub-7784034061253020,17,2024-08-03,2024-08-06
style.tribunnews.com,Page,N/A,N/A,style.tribunnews.com/2018/02/02/cewek-viral-karena-sering-pamer-foto-pakai-bikini-bukan-tunjukkan-keseksian-alasannya-menyakitkan?page=all,Yes,Site Behavior: Navigation,Restricted ad serving,ca-pub-7784034061253020,17,2024-08-06,2024-08-06
pekanbaru.tribunnews.com,Page,N/A,N/A,pekanbaru.tribunnews.com/2022/06/17/lagi-mandi-tak-berbusana-cewek-ini-video-call-dengan-pacar-apes-videonya-tersebar-dan-viral,Yes,Ads Disguised as Content;Google-served ads obscuring content,Restricted ad serving,ca-pub-7784034061253020,17,2024-08-01,2024-08-05
palembang.tribunnews.com,Page,N/A,N/A,palembang.tribunnews.com/2017/04/17/astaga-video-petualangan-seks-bule-di-bali-dengan-gadis-china-dan-58-wanita-indonesia-beredar,No,Adult: Sexual content,Restricted ad serving,ca-pub-7784034061253020,17,2024-07-31,2024-08-05
medan.tribunnews.com,Page,N/A,N/A,medan.tribunnews.com/2022/11/08/fakta-baru-video-syur-judul-tiga-lawan-satu-dua-wanita-terkait-link-viral-kebaya-merah,Yes,Ads Disguised as Content,Restricted ad serving,ca-pub-7784034061253020,17,2024-08-04,2024-08-04
medan.tribunnews.com,Page,N/A,N/A,medan.tribunnews.com/2018/01/14/video-mesum-mirip-merion-jola-lala-kontestan-indonesian-idol-2018-beredar-berikut-foto-fotonya?page=all,Yes,Site Behavior: Navigation,Restricted ad serving,ca-pub-7784034061253020,17,2024-08-05,2024-08-05
medan.tribunnews.com,Page,N/A,N/A,medan.tribunnews.com/2016/08/30/5-posisi-seks-ini-populer-di-luar-negeri,No,Adult: Sexual content,Restricted ad serving,ca-pub-7784034061253020,17,2024-08-01,2024-08-06
manado.tribunnews.com,Page,N/A,N/A,manado.tribunnews.com/2015/05/09/astaga-pria-kotamobagu-penggal-kepala-menenteng-dan-minum-darah-korban,Yes,Ads Disguised as Content,Restricted ad serving,ca-pub-7784034061253020,17,2024-07-31,2024-08-05
m.tribunnews.com,Page,N/A,N/A,m.tribunnews.com/regional/2019/12/21/modus-sopir-taksi-online-setubuhi-14-penumpang-wanita-diam-diam-rekam-video-untuk-poroti-korban,No,Adult: Sexual content,Restricted ad serving,ca-pub-7784034061253020,17,2024-08-05,2024-08-05
m.tribunnews.com,Page,N/A,N/A,m.tribunnews.com/regional/2018/02/12/katanya-alat-bantu-seks-seperti-ini-bikin-kaum-hawa-bisa-klimaks-berkali-kali,No,Adult: Sexual content,Restricted ad serving,ca-pub-7784034061253020,17,2024-08-05,2024-08-05
lampung.tribunnews.com,Page,N/A,N/A,lampung.tribunnews.com/2022/02/06/penampilan-terbaru-celine-evangelista-bikin-pangling-janda-stefan-william-pakai-hijab,Yes,Modified ad code: Resizing Ad Frames,Restricted ad serving,ca-pub-7784034061253020,17,2024-08-06,2024-08-06
lampung.tribunnews.com,Page,N/A,N/A,lampung.tribunnews.com/2018/01/06/viral-video-mesum-bocah-dengan-tante-geger-aksi-cabul-itu-diduga-terjadi-di-bulan-puasa,No,Shocking content,Restricted ad serving,ca-pub-7784034061253020,17,2024-08-03,2024-08-04
kupang.tribunnews.com,Page,N/A,N/A,kupang.tribunnews.com/2019/02/15/begini-cara-bercinta-kaisar-china-dan-cara-tiduri-121-perempuan-dalam-15-hari,No,Adult: Sexual content,Restricted ad serving,ca-pub-7784034061253020,17,2024-07-31,2024-08-05
kupang.tribunnews.com,Page,N/A,N/A,kupang.tribunnews.com/2018/01/06/pria-ini-klaim-sebagai-pemilik-penis-terpanjang-di-dunia-namun-dokter-ungkap-fakta-mengerikan-ini,No,Adult: Sexual content,Restricted ad serving,ca-pub-7784034061253020,17,2024-08-01,2024-08-05
kupang.tribunnews.com,Page,N/A,N/A,kupang.tribunnews.com/2014/05/01/di-maumere-ada-4-lokasi-ese-esek,No,Adult: Sexual content,Restricted ad serving,ca-pub-7784034061253020,17,2024-07-31,2024-08-04
jateng.tribunnews.com,Page,N/A,N/A,jateng.tribunnews.com/amp/2016/06/29/tanda-wanita-tidak-perawan-dilihat-dari-mata-telapak-tangan-dan-punggungnya,No,Adult: Sexual content,Restricted ad serving,ca-pub-7784034061253020,17,2024-07-31,2024-08-06
jambi.tribunnews.com,Page,N/A,N/A,jambi.tribunnews.com/2018/04/12/5-bentuk-pantat-perempuan-ini-bisa-gambarkan-karakter-punya-anda-jenis-yang-mana?page=2,No,Adult: Sexual content,Restricted ad serving,ca-pub-7784034061253020,17,2024-08-06,2024-08-06
jambi.tribunnews.com,Page,N/A,N/A,jambi.tribunnews.com/2018/01/24/bikin-viagra-alami-campuran-semangka-dan-buah-ini-efeknya-setara-obat-kuat-istri-tersenyum-puas,No,Adult: Sexual content,Restricted ad serving,ca-pub-7784034061253020,17,2024-08-06,2024-08-06
jambi.tribunnews.com,Page,N/A,N/A,jambi.tribunnews.com/2017/08/23/wanita-ini-rela-berhubungan-seks-dengan-sang-ayah-apa-alasannya,No,Adult: Sexual content,Restricted ad serving,ca-pub-7784034061253020,17,2024-08-06,2024-08-06
jambi.tribunnews.com,Page,N/A,N/A,jambi.tribunnews.com/2015/12/11/ini-sejarah-pelacuran-pria-terkenal-karena-trik-memutar-1,No,Adult: Sexual content,Restricted ad serving,ca-pub-7784034061253020,17,2024-08-03,2024-08-05
jambi.tribunnews.com,Page,N/A,N/A,jambi.tribunnews.com/2012/08/23/digoyang-gigolo-tante-girang-makin-kegirangan,No,Adult: Sexual content,Restricted ad serving,ca-pub-7784034061253020,17,2024-07-31,2024-08-06
jabar.tribunnews.com,Page,N/A,N/A,jabar.tribunnews.com/2014/12/06/ini-cara-pria-membuat-wanita-mabuk-kepayang-dan-menikmati-seks,No,Adult: Sexual content,Restricted ad serving,ca-pub-7784034061253020,17,2024-07-31,2024-08-04
belitung.tribunnews.com,Page,N/A,N/A,belitung.tribunnews.com/2020/01/02/tergiur-iming-iming-uang-rp-1juta-gadis-ini-jual-foto-bugil-teman-sendiri-saat-lagi-mandi,No,Shocking content,Restricted ad serving,ca-pub-7784034061253020,17,2024-08-01,2024-08-05
belitung.tribunnews.com,Page,N/A,N/A,belitung.tribunnews.com/2018/04/19/artis-muda-pamer-pose-pakai-bikini-ada-anak-artis-terkenal-hingga-pelabrak-pelakor?page=2,Yes,Site Behavior: Navigation,Restricted ad serving,ca-pub-7784034061253020,17,2024-08-06,2024-08-06
belitung.tribunnews.com,Page,N/A,N/A,belitung.tribunnews.com/2018/02/02/kelakuan-siswa-sma-zaman-now-beginiian-pakai-musik-di-dalam-kelas,No,Adult: Sexual content,Restricted ad serving,ca-pub-7784034061253020,17,2024-08-04,2024-08-05
belitung.tribunnews.com,Page,N/A,N/A,belitung.tribunnews.com/2016/04/19/lima-aktris-ini-terkenal-berani-beradegan-panas-dalam-film,No,Adult: Sexual content,Restricted ad serving,ca-pub-7784034061253020,17,2024-08-05,2024-08-05
banjarmasin.tribunnews.com,Page,N/A,N/A,banjarmasin.tribunnews.com/2020/12/24/nikita-mirzani-ungkap-kisah-hubungan-intim-terliar-anastasya-khosasih-bereaksi-standar-sih,Yes,Ads Disguised as Content,Restricted ad serving,ca-pub-7784034061253020,17,2024-08-06,2024-08-06
banjarmasin.tribunnews.com,Page,N/A,N/A,banjarmasin.tribunnews.com/2018/11/18/psk-banjarmasin-instal-aplikasi-ini-tawarkan-jasa-esek-esek-lengkap-dengan-tarif-dan-tempat-bercinta,No,Shocking content,Restricted ad serving,ca-pub-7784034061253020,17,2024-08-02,2024-08-06
banjarmasin.tribunnews.com,Page,N/A,N/A,banjarmasin.tribunnews.com/2016/01/06/tanpa-menyentuh-anda-bisa-membuat-perempuan-bergairah-perhatikan-trik-ini,No,Adult: Sexual content,Restricted ad serving,ca-pub-7784034061253020,17,2024-08-03,2024-08-05
bangka.tribunnews.com,Page,N/A,N/A,bangka.tribunnews.com/2017/04/10/sadis-satu-keluarga-dibantai-tanpa-ampun-ini-3-kasus-pembunuhan-yang-bikin-heboh,No,Shocking content,Restricted ad serving,ca-pub-7784034061253020,17,2024-08-05,2024-08-05
bangka.tribunnews.com,Page,N/A,N/A,bangka.tribunnews.com/2016/09/11/video-inilah-wajah-gigolo-imigran-langganan-tante-tante-girang,Yes,Site Behavior: Navigation,Restricted ad serving,ca-pub-7784034061253020,17,2024-07-31,2024-08-04
bangka.tribunnews.com,Page,N/A,N/A,bangka.tribunnews.com/2016/01/02/kecantikan-wanita-nampak-jika-sering-melakukan-5-hal-ini,No,Adult: Sexual content,Restricted ad serving,ca-pub-7784034061253020,17,2024-07-31,2024-08-05
www.tribunnews.com,Page,N/A,N/A,www.tribunnews.com/travel/2018/10/25/6-fakta-suku-arya-membuat-wanita-dari-berbagai-negara-tertarik-hingga-ingin-diberi-keturunan,No,Google-served ads obscuring content,Restricted ad serving,ca-pub-7784034061253020,16,2024-08-02,2024-08-06
www.tribunnews.com,Page,N/A,N/A,www.tribunnews.com/tag/tuban,No,Shocking content,Restricted ad serving,ca-pub-7784034061253020,16,2024-08-02,2024-08-06
www.tribunnews.com,Page,N/A,N/A,www.tribunnews.com/regional/2018/01/08/lihat-sang-anak-intim-dengan-wanita-dewasa-2-ibu-ini-malah-bilang-begini,No,Shocking content,Restricted ad serving,ca-pub-7784034061253020,16,2024-07-31,2024-08-04
www.tribunnews.com,Page,N/A,N/A,www.tribunnews.com/regional/2018/01/06/sebelum-ditemukan-tewas-di-area-masjid-wanita-bercadar-ini-dijemput-pria-bermobil,No,Shocking content,Restricted ad serving,ca-pub-7784034061253020,16,2024-08-06,2024-08-06
www.tribunnews.com,Page,N/A,N/A,www.tribunnews.com/regional/2014/03/25/sisi-lain-aceh-dunia-malam-night-party-seks-dan-alkohol,No,Adult: Sexual content,Restricted ad serving,ca-pub-7784034061253020,16,2024-08-01,2024-08-06
www.tribunnews.com,Page,N/A,N/A,www.tribunnews.com/regional/2012/12/28/masih-ada-42-lokalisasi-psk-di-jawa-timur,No,Google-served ads obscuring content,Restricted ad serving,ca-pub-7784034061253020,16,2024-07-31,2024-08-06
www.tribunnews.com,Page,N/A,N/A,www.tribunnews.com/metropolitan/2016/08/04/ada-puluhan-bungkus-kondom-di-panti-pijat-edelweis,No,Adult: Sexual content,Restricted ad serving,ca-pub-7784034061253020,16,2024-08-04,2024-08-05
www.tribunnews.com,Page,N/A,N/A,www.tribunnews.com/lifestyle/2016/10/21/ternyata-wanita-juga-mengalami-ereksi-ini-tandanya,No,Adult: Sexual content,Restricted ad serving,ca-pub-7784034061253020,16,2024-07-31,2024-08-06
www.tribunnews.com,Page,N/A,N/A,www.tribunnews.com/kesehatan/2016/12/08/pria-ternyata-punya-g-spot-loh-dimanakah-letaknya-simak-ini,No,Adult: Sexual content,Restricted ad serving,ca-pub-7784034061253020,16,2024-08-02,2024-08-05
www.tribunnews.com,Page,N/A,N/A,www.tribunnews.com/kesehatan/2016/04/29/orgasme-dapat-sembuhkan-sakit-kepala-benarkah,No,Adult: Sexual content,Restricted ad serving,ca-pub-7784034061253020,16,2024-08-01,2024-08-05
www.tribunnews.com,Page,N/A,N/A,www.tribunnews.com/internasional/2013/11/02/daftar-alat-bantu-seks-terpopuler-versi-majalah-shukan-posto,No,Adult: Sexual content,Restricted ad serving,ca-pub-7784034061253020,16,2024-08-03,2024-08-04
wow.tribunnews.com,Page,N/A,N/A,wow.tribunnews.com/2017/09/29/10-tanda-pria-dan-wanita-yang-miliki-libido-tinggi-kamu-termasuk-nggak,Yes,Adult: Sexual content;Site Behavior: Navigation,Restricted ad serving,ca-pub-7784034061253020,16,2024-07-31,2024-08-06
wartakota.tribunnews.com,Page,N/A,N/A,wartakota.tribunnews.com/2019/10/16/ada-kondom-bekas-pakai-saat-layanan-pijat-mr-braid-digeledah-selama-4-jam?page=3,No,Adult: Sexual content,Restricted ad serving,ca-pub-7784034061253020,16,2024-08-04,2024-08-04
wartakota.tribunnews.com,Page,N/A,N/A,wartakota.tribunnews.com/2018/01/15/video-pelajar-yang-terciduk-di-pesta-gay-cianjur-mengaku-pria-normal,Yes,Site Behavior: Navigation,Restricted ad serving,ca-pub-7784034061253020,16,2024-08-02,2024-08-06
wartakota.tribunnews.com,Page,N/A,N/A,wartakota.tribunnews.com/2014/04/17/pijat-vagina-supaya-lebih-hot,No,Adult: Sexual content,Restricted ad serving,ca-pub-7784034061253020,16,2024-07-31,2024-08-06
suryamalang.tribunnews.com,Page,N/A,N/A,suryamalang.tribunnews.com/2017/09/17/lewat-aplikasi-ini-bisa-pilih-boneka-s3ks-bermacam-versi-intip-harga-sewanya,No,Adult: Sexual content,Restricted ad serving,ca-pub-7784034061253020,16,2024-07-31,2024-08-05
surabaya.tribunnews.com,Page,N/A,N/A,surabaya.tribunnews.com/2022/11/07/sosok-wanita-kebaya-merah-dalam-video-hot-jual-konten-rp-50-ribu-dibuat-di-surabaya,Yes,Ads Disguised as Content,Restricted ad serving,ca-pub-7784034061253020,16,2024-08-04,2024-08-05
style.tribunnews.com,Page,N/A,N/A,style.tribunnews.com/2016/08/29/tips-bercinta-berikut-tanda-wanita-yang-ingin-melakukan-seks-pria-harus-mengerti,No,Adult: Sexual content,Restricted ad serving,ca-pub-7784034061253020,16,2024-08-05,2024-08-05
style.tribunnews.com,Page,N/A,N/A,style.tribunnews.com/2016/08/22/gaya-masturbasi-pria-hayo-kamu-biasanya-pakai-style-yang-mana?page=4,No,Adult: Sexual content,Restricted ad serving,ca-pub-7784034061253020,16,2024-08-03,2024-08-05
style.tribunnews.com,Page,N/A,N/A,style.tribunnews.com/2016/08/22/gaya-masturbasi-pria-hayo-kamu-biasanya-pakai-style-yang-mana?page=3,No,Adult: Sexual content,Restricted ad serving,ca-pub-7784034061253020,16,2024-08-03,2024-08-05
style.tribunnews.com,Page,N/A,N/A,style.tribunnews.com/2016/08/22/gaya-masturbasi-pria-hayo-kamu-biasanya-pakai-style-yang-mana?page=2,No,Adult: Sexual content,Restricted ad serving,ca-pub-7784034061253020,16,2024-08-03,2024-08-05
sorong.tribunnews.com,Page,N/A,N/A,sorong.tribunnews.com/2023/05/20/bakit-vrin-asmuruf-calon-dokter-asal-maybrat-yang-tak-gengsi-bantu-orang-tuanya-jualan-keliling,Yes,Encouraging accidental clicks: Layout,Restricted ad serving,ca-pub-7784034061253020,16,2024-08-03,2024-08-06
pontianak.tribunnews.com,Page,N/A,N/A,pontianak.tribunnews.com/2018/09/02/ditanya-soal-kasus-video-mesum-dengan-ariel-noah-luna-maya-jalani-seperti-roller-coaster,No,Adult: Sexual content,Restricted ad serving,ca-pub-7784034061253020,16,2024-08-03,2024-08-05
pekanbaru.tribunnews.com,Page,N/A,N/A,pekanbaru.tribunnews.com/2021/12/22/inilah-seleb-bigo-yang-kerap-tampil-seksi-super-menggoda-dirampok-dan-ditikam-teman-sendiri,Yes,Ads Disguised as Content,Restricted ad serving,ca-pub-7784034061253020,16,2024-07-31,2024-08-04
pekanbaru.tribunnews.com,Page,N/A,N/A,pekanbaru.tribunnews.com/2019/11/14/woles-artinya-wales-adalah-arti-kata-gaul-yang-sering-ditanyakan-di-kumpulan-kamus-bahasa-gaul,Yes,Encouraging accidental clicks: Layout,Restricted ad serving,ca-pub-7784034061253020,16,2024-08-01,2024-08-05
palembang.tribunnews.com,Page,N/A,N/A,palembang.tribunnews.com/2017/06/17/manfaatkan-trik-sulap-pria-ini-bebas-pegang-payudara-wanita-rupanya-begini-caranya,No,Adult: Sexual content,Restricted ad serving,ca-pub-7784034061253020,16,2024-08-06,2024-08-06
padang.tribunnews.com,Page,N/A,N/A,padang.tribunnews.com/2020/02/12/cara-download-film-stuber-video-iko-uwais-subtitle-bahasa-indonesia-cara-nonton-film-barat-di-hp,Yes,Copyrighted material (DMCA),Disabled ad serving,,16,2024-08-05,2024-08-05
medan.tribunnews.com,Page,N/A,N/A,medan.tribunnews.com/2019/02/06/akhirnya-terungkap-pemeran-video-mesum-yang-viral-berdinas-sman-1-polisi-sebut-di-bawah-umur,Yes,Ads Disguised as Content,Restricted ad serving,ca-pub-7784034061253020,16,2024-08-03,2024-08-06
medan.tribunnews.com,Page,N/A,N/A,medan.tribunnews.com/2017/04/01/penampilannya-amat-aduhai-saat-berpose-di-majalah-dewasa-kini-penampilan-5-model-ini-tak-disangka,No,Adult: Sexual content,Restricted ad serving,ca-pub-7784034061253020,16,2024-08-04,2024-08-04
makassar.tribunnews.com,Page,N/A,N/A,makassar.tribunnews.com/tag/berhubungan-badan?page=4,No,Adult: Sexual content,Restricted ad serving,ca-pub-7784034061253020,16,2024-08-05,2024-08-05
makassar.tribunnews.com,Page,N/A,N/A,makassar.tribunnews.com/2019/04/01/amelia-jual-keperawanan-rp-15-juta-jelang-unbk-sma-hari-ini-kehidupan-pribadi-saya-hancur,No,Google-served ads obscuring content,Restricted ad serving,ca-pub-7784034061253020,16,2024-08-04,2024-08-06
makassar.tribunnews.com,Page,N/A,N/A,makassar.tribunnews.com/2017/04/26/balut-singkong-dengan-kondom-lalu-masukkan-ke-organ-intim-lihat-keadaan-wanita-ini?page=all,No,Adult: Sexual content,Restricted ad serving,ca-pub-7784034061253020,16,2024-08-04,2024-08-04
m.tribunnews.com,Page,N/A,N/A,m.tribunnews.com/tag/tanpa-busana,No,Adult: Sexual content,Restricted ad serving,ca-pub-7784034061253020,16,2024-08-01,2024-08-04
m.tribunnews.com,Page,N/A,N/A,m.tribunnews.com/tag/panti-pijat,No,Adult: Sexual content,Restricted ad serving,ca-pub-7784034061253020,16,2024-08-01,2024-08-05
m.tribunnews.com,Page,N/A,N/A,m.tribunnews.com/regional/2018/02/12/mayoritas-emak-emak-muda-dan-remaja-putri-pembeli-alat-bantu-seks-di-bali?page=2,No,Adult: Sexual content,Restricted ad serving,ca-pub-7784034061253020,16,2024-08-03,2024-08-04
m.tribunnews.com,Page,N/A,N/A,m.tribunnews.com/regional/2017/11/15/aku-bilang-ituku-sakit-tapi-dia-terus-ngajak-hubungan-intim-pakai-terong-dan-timun,No,Adult: Sexual content,Restricted ad serving,ca-pub-7784034061253020,16,2024-07-31,2024-08-05
m.tribunnews.com,Page,N/A,N/A,m.tribunnews.com/kesehatan/2016/08/03/enam-ciri-ciri-istri-ingin-berhubungan-intim-yang-jarang-diketahui-suami,No,Adult: Sexual content,Restricted ad serving,ca-pub-7784034061253020,16,2024-08-04,2024-08-04
lampung.tribunnews.com,Page,N/A,N/A,lampung.tribunnews.com/2022/01/23/sosok-miss-kay-pemeran-video-syur-mirip-nagita-slavina-populer-di-kalangan-pria-sejak-lama,Yes,Ads Disguised as Content,Restricted ad serving,ca-pub-7784034061253020,16,2024-08-01,2024-08-06
lampung.tribunnews.com,Page,N/A,N/A,lampung.tribunnews.com/2017/06/29/diperkosa-saat-tidur-korban-saya-mengira-sedang-mimpi-basah,No,Adult: Sexual content,Restricted ad serving,ca-pub-7784034061253020,16,2024-08-04,2024-08-05
kupang.tribunnews.com,Page,N/A,N/A,kupang.tribunnews.com/2020/01/02/setelah-naik-35-persen-inilah-harga-baru-42-merek-rokok-ada-marlboro-gudang-garam-hingga-djarum,No,Tobacco,Restricted ad serving,ca-pub-7784034061253020,16,2024-07-31,2024-08-05
kupang.tribunnews.com,Page,N/A,N/A,kupang.tribunnews.com/2019/08/01/unggah-foto-nikita-mirzani-telanjang-dada-mantan-istri-dipo-latief-bikin-geger-dulu-berjilbab-kini,No,Adult: Sexual content,Restricted ad serving,ca-pub-7784034061253020,16,2024-08-01,2024-08-04
kupang.tribunnews.com,Page,N/A,N/A,kupang.tribunnews.com/2017/03/25/pijat-genital-untuk-raih-multi-orgasme-silahkan-mencoba,No,Adult: Sexual content,Restricted ad serving,ca-pub-7784034061253020,16,2024-08-03,2024-08-04
kupang.tribunnews.com,Page,N/A,N/A,kupang.tribunnews.com/2015/02/22/bintang-porno-jepang-ini-bukukan-kisah-proses-bikin-video-intim,No,Adult: Sexual content,Restricted ad serving,ca-pub-7784034061253020,16,2024-07-31,2024-08-06
kaltim.tribunnews.com,Page,N/A,N/A,kaltim.tribunnews.com/2019/08/21/ayam-kampus-di-palembang-dijanjikan-rp-20-juta-tiap-bulan-syaratnya-jadi-istri-simpanan-om-om?page=all,No,Adult: Sexual content,Restricted ad serving,ca-pub-7784034061253020,16,2024-08-05,2024-08-05
kaltim.tribunnews.com,Page,N/A,N/A,kaltim.tribunnews.com/2017/12/17/ehm-bisa-bikin-makin-bergairah-di-ranjang-begini-cara-konsumsi-telur-bebek,No,Adult: Sexual content,Restricted ad serving,ca-pub-7784034061253020,16,2024-07-31,2024-08-06
jogja.tribunnews.com,Page,N/A,N/A,jogja.tribunnews.com/2017/12/29/tante-mer-yang-dalam-2-bulan-sudah-puaskan-nafsu-30-pria-akhirnya-tertangkap,No,Adult: Sexual content,Restricted ad serving,ca-pub-7784034061253020,16,2024-08-05,2024-08-05
jatim.tribunnews.com,Page,N/A,N/A,jatim.tribunnews.com/tag/foto-bugil-pamela-safitri,Yes,Google-served ads on screens without publisher-content,Restricted ad serving,ca-pub-7784034061253020,16,2024-07-31,2024-08-04
jateng.tribunnews.com,Page,N/A,N/A,jateng.tribunnews.com/2017/02/11/kisah-kehidupan-seks-pemilik-penis-terbesar-dan-terpanjang-di-dunia-pacarnya-tak-sanggup,No,Adult: Sexual content,Restricted ad serving,ca-pub-7784034061253020,16,2024-08-02,2024-08-06
jambi.tribunnews.com,Page,N/A,N/A,jambi.tribunnews.com/amp/2018/01/18/inilah-4-adegan-panas-yang-paling-parah-sepanjang-sejarah,No,Adult: Sexual content,Restricted ad serving,ca-pub-7784034061253020,16,2024-08-01,2024-08-05
jambi.tribunnews.com,Page,N/A,N/A,jambi.tribunnews.com/2019/09/08/pilih-pensiun-ini-penyesalan-terbesar-bintang-film-panas-mia-khalifa-orangtua-lakukan-hal-ini?page=all,No,Google-served ads obscuring content,Restricted ad serving,ca-pub-7784034061253020,16,2024-08-06,2024-08-06
jambi.tribunnews.com,Page,N/A,N/A,jambi.tribunnews.com/2018/01/18/inilah-4-adegan-panas-yang-paling-parah-sepanjang-sejarah?page=all,No,Adult: Sexual content,Restricted ad serving,ca-pub-7784034061253020,16,2024-08-05,2024-08-05
jambi.tribunnews.com,Page,N/A,N/A,jambi.tribunnews.com/2017/04/15/wanita-makin-hot-saat-disentuh-bagian-g-spot-ini-dia-cara-menemukannya,No,Adult: Sexual content,Restricted ad serving,ca-pub-7784034061253020,16,2024-08-04,2024-08-05
jabar.tribunnews.com,Page,N/A,N/A,jabar.tribunnews.com/2019/07/20/cara-mudah-menghilangkan-bau-tak-sedap-dan-bau-menyengat-pada-mr-p-yuk-ikuti-langkah-langkah-ini,No,Adult: Sexual content,Restricted ad serving,ca-pub-7784034061253020,16,2024-08-04,2024-08-04
jabar.tribunnews.com,Page,N/A,N/A,jabar.tribunnews.com/2016/05/03/video-astaga-siswi-sma-negeri-3-jakarta-disuruh-pake-bh-diluar-dan-merokok-oleh-seniornya,Yes,Site Behavior: Navigation,Restricted ad serving,ca-pub-7784034061253020,16,2024-07-31,2024-08-05
jabar.tribunnews.com,Page,N/A,N/A,jabar.tribunnews.com/2016/01/06/mengejutkan-ternyata-3-wanita-cantik-ini-kecanduan-berhubungan-intim-dengan-pria,No,Adult: Sexual content,Restricted ad serving,ca-pub-7784034061253020,16,2024-08-01,2024-08-06
cirebon.tribunnews.com,Page,N/A,N/A,cirebon.tribunnews.com/2019/09/17/ryan-seorang-gigolo-layani-ribuan-wanita-selama-3-tahun-ada-ritual-khusus-sebelum-adegan-ranjang,No,Adult: Sexual content,Restricted ad serving,ca-pub-7784034061253020,16,2024-08-06,2024-08-06
belitung.tribunnews.com,Page,N/A,N/A,belitung.tribunnews.com/2018/01/23/tolong-hamili-aku-mau-gaya-apapun-aku-siap,No,Adult: Sexual content,Restricted ad serving,ca-pub-7784034061253020,16,2024-08-02,2024-08-05
belitung.tribunnews.com,Page,N/A,N/A,belitung.tribunnews.com/2017/11/13/video-viral-remaja-pasangan-mesum-tepergok-warga-cewek-sempat-ditelanjangi-saat-diarak,No,Adult: Sexual content,Restricted ad serving,ca-pub-7784034061253020,16,2024-08-03,2024-08-06
belitung.tribunnews.com,Page,N/A,N/A,belitung.tribunnews.com/2017/05/01/perempuan-seksi-makan-ini-videonya-viral,No,Shocking content,Restricted ad serving,ca-pub-7784034061253020,16,2024-08-03,2024-08-04
belitung.tribunnews.com,Page,N/A,N/A,belitung.tribunnews.com/2017/04/20/video-viral-pria-ini-pegang-tekan-tekan-hingga-guncangkan-dada-tapi-wanitanya-pasrah,No,Shocking content,Restricted ad serving,ca-pub-7784034061253020,16,2024-08-06,2024-08-06
banjarmasin.tribunnews.com,Page,N/A,N/A,banjarmasin.tribunnews.com/2020/09/04/viral-video-seorang-wanita-tanpa-pakai-baju-diarak-warga-termasuk-anak-anak-2-kali-kepergok-mesum,Yes,Ads Disguised as Content,Restricted ad serving,ca-pub-7784034061253020,16,2024-08-02,2024-08-06
bangka.tribunnews.com,Page,N/A,N/A,bangka.tribunnews.com/2021/06/08/gaya-gayaan-sewa-psk-bocah-laki-laki-berusia-15-tahun-ini-malah-babak-belur-usai-berkencan,No,Adult: Sexual content,Restricted ad serving,ca-pub-7784034061253020,16,2024-08-03,2024-08-06
bangka.tribunnews.com,Page,N/A,N/A,bangka.tribunnews.com/2020/02/22/lagi-tren-puaskan-nafsu-dengan-pisang-dan-terong-dokter-binggung-dan-beri-peringatan-ini?page=all,No,Adult: Sexual content,Restricted ad serving,ca-pub-7784034061253020,16,2024-08-05,2024-08-05
bangka.tribunnews.com,Page,N/A,N/A,bangka.tribunnews.com/2018/07/15/ratna-sari-dewi-bisakah-cinta-dibeli-dengan-uang,No,Adult: Sexual content,Restricted ad serving,ca-pub-7784034061253020,16,2024-07-31,2024-08-06
bangka.tribunnews.com,Page,N/A,N/A,bangka.tribunnews.com/2018/02/01/artis-cantik-ini-tampil-buka-bukaan-saat-hamil-ini-tujuannya-pamer-tubuh-polos-di-media-sosial,No,Adult: Sexual content,Restricted ad serving,ca-pub-7784034061253020,16,2024-08-02,2024-08-06
bangka.tribunnews.com,Page,N/A,N/A,bangka.tribunnews.com/2017/09/26/inilah-video-asli-pengangkatan-jenazah-para-jenderal-di-lubang-buaya,No,Shocking content,Restricted ad serving,ca-pub-7784034061253020,16,2024-08-04,2024-08-04
bangka.tribunnews.com,Page,N/A,N/A,bangka.tribunnews.com/2017/05/08/coba-ucapkan-kata-ini-usai-bercinta-hubungan-intim-bisa-lebih-hot-dan-menyenangkan,No,Adult: Sexual content,Restricted ad serving,ca-pub-7784034061253020,16,2024-08-06,2024-08-06
bangka.tribunnews.com,Page,N/A,N/A,bangka.tribunnews.com/2017/02/17/alangkah-kagetnya-ibu-ini-lihat-foto-abg-setengah-bugil-di-facebook-yang-bikin-syok-itu-putrinya,No,Adult: Sexual content,Restricted ad serving,ca-pub-7784034061253020,16,2024-08-01,2024-08-06
bangka.tribunnews.com,Page,N/A,N/A,bangka.tribunnews.com/2016/07/03/mau-lihat-foto-wanita-cantik-nan-seksi-yang-menghiasi-laga-jerman-kontra-italia-ini-dia,No,Shocking content,Restricted ad serving,ca-pub-7784034061253020,16,2024-08-05,2024-08-06
bangka.tribunnews.com,Page,N/A,N/A,bangka.tribunnews.com/2015/12/31/gadis-melapor-ke-polisi-setelah-10-kali-disodomi-kekasihnya,Yes,Google-served ads obscuring content;Modified Javascript: Ads by Google size,Restricted ad serving,ca-pub-7784034061253020,16,2024-07-31,2024-08-05
bangka.tribunnews.com,Page,N/A,N/A,bangka.tribunnews.com/2015/07/23/wanita-jepang-rela-bayar-beach-boys-di-bali-rp-11-juta-sekali-bercinta,No,Adult: Sexual content,Restricted ad serving,ca-pub-7784034061253020,16,2024-07-31,2024-08-05
bali.tribunnews.com,Page,N/A,N/A,bali.tribunnews.com/2016/11/11/lima-tahun-dikubur-jasad-psk-ini-masih-utuh-dan-wangi-dikubur-layak-binatang,No,Shocking content,Restricted ad serving,ca-pub-7784034061253020,16,2024-07-31,2024-08-04
aceh.tribunnews.com,Page,N/A,N/A,aceh.tribunnews.com/2020/06/30/malam-pertama-berakhir-tragis-wanita-ini-tewas-gara-gara-suami-cium-leher-dengan-brutal,No,Shocking content,Restricted ad serving,ca-pub-7784034061253020,16,2024-08-05,2024-08-05
aceh.tribunnews.com,Page,N/A,N/A,aceh.tribunnews.com/2017/08/08/kyriad-jaringan-hotel-perancis-ini-akan-menjadi-yang-tertinggi-di-banda-aceh,No,Shocking content,Restricted ad serving,ca-pub-7784034061253020,16,2024-07-31,2024-08-06
www.tribunnewswiki.com,Page,N/A,N/A,www.tribunnewswiki.com/2021/07/06/film-jobs-2013,Yes,Content obscuring Google-served ads;Encouraging accidental clicks: Layout;Google-served ads obscuring content,Restricted ad serving,ca-pub-7784034061253020,15,2024-08-01,2024-08-06
www.tribunnews.com,Page,N/A,N/A,www.tribunnews.com/seleb/2015/12/11/bikin-film-porno-jepang-adegan-seks-pakai-kondom-tidak,No,Adult: Sexual content,Restricted ad serving,ca-pub-7784034061253020,15,2024-07-31,2024-08-06
www.tribunnews.com,Page,N/A,N/A,www.tribunnews.com/regional/2019/08/13/tewas-dibunuh-sahabatnya-di-rumah-kosong-korban-pembunuhan-gadis-dalam-karung-dikenal-pendiam,Yes,Ads Disguised as Content,Restricted ad serving,ca-pub-7784034061253020,15,2024-08-05,2024-08-05
www.tribunnews.com,Page,N/A,N/A,www.tribunnews.com/kesehatan/2017/09/18/penyakit-penyakit-berbahaya-yang-mengincar-jika-sembarangan-menggunakan-sex-toys,No,Adult: Sexual content,Restricted ad serving,ca-pub-7784034061253020,15,2024-08-03,2024-08-06
www.tribunnews.com,Page,N/A,N/A,www.tribunnews.com/kesehatan/2016/03/28/survei-libido-wanita-memuncak-dari-pukul-11-malam-hingga-pukul-dua-pagi,No,Adult: Sexual content,Restricted ad serving,ca-pub-7784034061253020,15,2024-08-01,2024-08-04
www.tribunnews.com,Page,N/A,N/A,www.tribunnews.com/kesehatan/2010/10/05/makin-keset-setelah-melahirkan,No,Adult: Sexual content,Restricted ad serving,ca-pub-7784034061253020,15,2024-08-04,2024-08-05
www.tribunnews.com,Page,N/A,N/A,www.tribunnews.com/internasional/2018/03/05/artis-film-dewasa-jepang-tidak-masalah-menikah-dengan-orang-indonesia,No,Adult: Sexual content,Restricted ad serving,ca-pub-7784034061253020,15,2024-08-02,2024-08-04
wartakota.tribunnews.com,Page,N/A,N/A,wartakota.tribunnews.com/2019/12/08/tangan-pelajar-smk-di-kabupaten-bekasi-putus-disabet-celurit-saat-duel,No,Shocking content,Restricted ad serving,ca-pub-7784034061253020,15,2024-08-06,2024-08-06
wartakota.tribunnews.com,Page,N/A,N/A,wartakota.tribunnews.com/2019/10/16/ada-kondom-bekas-pakai-saat-layanan-pijat-mr-braid-digeledah-selama-4-jam?page=2,No,Adult: Sexual content,Restricted ad serving,ca-pub-7784034061253020,15,2024-08-04,2024-08-04
wartakota.tribunnews.com,Page,N/A,N/A,wartakota.tribunnews.com/2019/10/16/ada-kondom-bekas-pakai-saat-layanan-pijat-mr-braid-digeledah-selama-4-jam,No,Adult: Sexual content,Restricted ad serving,ca-pub-7784034061253020,15,2024-08-04,2024-08-04
video.tribunnews.com,Page,N/A,N/A,video.tribunnews.com/view/65848/mantan-bintang-film-dewasa-maria-ozawa-diperiksa-imigrasi-bali-selama-3-jam,No,Shocking content,Restricted ad serving,ca-pub-7784034061253020,15,2024-08-02,2024-08-05
suryamalang.tribunnews.com,Page,N/A,N/A,suryamalang.tribunnews.com/2017/12/29/cowok-jomblo-beli-boneka-pemuas-nafsu-terjadilah-insiden-mengejutkan-bikin-ngakak-jungkir-balik,No,Adult: Sexual content,Restricted ad serving,ca-pub-7784034061253020,15,2024-08-02,2024-08-04
suryamalang.tribunnews.com,Page,N/A,N/A,suryamalang.tribunnews.com/2017/04/17/selain-sedap-dipandang-mata-ini-loh-manfaat-lain-punya-pacar-cantik-dan-seksi,No,Shocking content,Restricted ad serving,ca-pub-7784034061253020,15,2024-08-01,2024-08-06
prohaba.tribunnews.com,Page,N/A,N/A,prohaba.tribunnews.com/2021/06/07/terekam-cctv-sejoli-mesum-dan-ciuman-mesra-di-kebun-teh-polisi-usut-pelakunya,No,Google-served ads obscuring content,Restricted ad serving,ca-pub-7784034061253020,15,2024-08-04,2024-08-05
pontianak.tribunnews.com,Page,N/A,N/A,pontianak.tribunnews.com/2018/01/04/video-bokep-anak-sd-dengan-wanita-dewasa-tersebar-polisi-temukan-fakta-mengejutkan,No,Adult: Sexual content,Restricted ad serving,ca-pub-7784034061253020,15,2024-08-01,2024-08-05
palembang.tribunnews.com,Page,N/A,N/A,palembang.tribunnews.com/2016/01/08/video-intimnya-tersebar-burung-pria-ini-disiram-kekasihnya-dengan-cairan-asam,Yes,Google-served ads obscuring content;Modified Javascript: Ads by Google size,Restricted ad serving,ca-pub-7784034061253020,15,2024-08-03,2024-08-06
medan.tribunnews.com,Page,N/A,N/A,medan.tribunnews.com/2024/03/29/viral-kronologis-pembunuhan-iwan-sutrisman-telaumbanua-korban-penipuan-melamar-tni-al-tahun-2022,No,Google-served ads obscuring content,Restricted ad serving,ca-pub-7784034061253020,15,2024-08-03,2024-08-05
medan.tribunnews.com,Page,N/A,N/A,medan.tribunnews.com/2020/07/01/foto-foto-panas-ri-sol-ju-istri-sang-kim-jong-un-disebar-pembelot-dulu-disebut-pemain-film-dewasa,No,Shocking content,Restricted ad serving,ca-pub-7784034061253020,15,2024-08-04,2024-08-04
manado.tribunnews.com,Page,N/A,N/A,manado.tribunnews.com/2022/02/17/arti-mimpi-berhubungan-badan-dengan-suami-orang-ternyata-punya-makna-seperti-ini,Yes,Ads Disguised as Content,Restricted ad serving,ca-pub-7784034061253020,15,2024-08-06,2024-08-06
makassar.tribunnews.com,Page,N/A,N/A,makassar.tribunnews.com/2022/05/23/janda-cantik-cari-calon-suami-dan-sebar-lamaran-jadi-istri-di-medsos-ngaku-hafal-27-posisi-bercinta,No,Google-served ads obscuring content,Restricted ad serving,ca-pub-7784034061253020,15,2024-08-04,2024-08-06
makassar.tribunnews.com,Page,N/A,N/A,makassar.tribunnews.com/2017/09/05/awas-terlalu-sering-nonton-film-porno-buat-cowok-tak-mau-lagi-bercinta-begini-hasil-studinya,No,Adult: Sexual content,Restricted ad serving,ca-pub-7784034061253020,15,2024-08-05,2024-08-05
m.tribunnews.com,Page,N/A,N/A,m.tribunnews.com/regional/2018/02/06/terungkap-video-purel-siswi-di-tulungagung-telanjang-ternyata-dibuat-di-tempat-karaoke-ini,No,Adult: Sexual content,Restricted ad serving,ca-pub-7784034061253020,15,2024-08-04,2024-08-04
m.tribunnews.com,Page,N/A,N/A,m.tribunnews.com/internasional/2011/05/26/janin-manusia-jadi-sup-dipercaya-perkuat-seks,No,Shocking content,Restricted ad serving,ca-pub-7784034061253020,15,2024-08-01,2024-08-04
lampung.tribunnews.com,Page,N/A,N/A,lampung.tribunnews.com/2018/02/02/ini-kode-kode-rahasia-prostitusi-via-media-sosial?page=all,No,Adult: Sexual content,Restricted ad serving,ca-pub-7784034061253020,15,2024-08-06,2024-08-06
lampung.tribunnews.com,Page,N/A,N/A,lampung.tribunnews.com/2016/01/01/ibu-muda-pamer-menyusui-anaknya-berusia-tiga-tahun,No,Shocking content,Restricted ad serving,ca-pub-7784034061253020,15,2024-07-31,2024-08-05
jogja.tribunnews.com,Page,N/A,N/A,jogja.tribunnews.com/2017/12/10/robot-pemuas-nafsu-masa-depan-mampu-keluarkan-pelumas-otomatis,No,Adult: Sexual content,Restricted ad serving,ca-pub-7784034061253020,15,2024-08-02,2024-08-06
jatim.tribunnews.com,Page,N/A,N/A,jatim.tribunnews.com/2017/12/22/mak-jleb-102-wanita-penghibur-di-magetan-terjangkiti-aidshiv,Yes,Content obscuring Google-served ads,Restricted ad serving,ca-pub-7784034061253020,15,2024-08-02,2024-08-05
jateng.tribunnews.com,Page,N/A,N/A,jateng.tribunnews.com/2017/03/06/tak-boleh-pakai-celana-dalam-lagi-saat-kepergok-mesum-di-ruang-ganti-netizen-cecar-satpam-mal,No,Adult: Sexual content,Restricted ad serving,ca-pub-7784034061253020,15,2024-08-06,2024-08-06
jambi.tribunnews.com,Page,N/A,N/A,jambi.tribunnews.com/2019/10/24/lima-fakta-tisu-magic-yang-mengerikan-bisa-memicu-efek-samping-hingga-menyebabkan-kematian,No,Adult: Sexual content,Restricted ad serving,ca-pub-7784034061253020,15,2024-08-01,2024-08-04
jambi.tribunnews.com,Page,N/A,N/A,jambi.tribunnews.com/2019/10/17/tak-pakai-busana-hingga-seluruh-dalaman-tubuhnya-kelihatan-foto-mirip-pamela-safitri-bikin-heboh?page=all,No,Adult: Sexual content,Restricted ad serving,ca-pub-7784034061253020,15,2024-08-05,2024-08-05
jambi.tribunnews.com,Page,N/A,N/A,jambi.tribunnews.com/2015/09/09/kisah-sedih-dan-menderitanya-para-bintang-film-porno-jalani-profesinya,No,Adult: Sexual content,Restricted ad serving,ca-pub-7784034061253020,15,2024-08-03,2024-08-04
depok.tribunnews.com,Page,N/A,N/A,depok.tribunnews.com/2024/06/14/korban-tawuran-di-depok-akhirnya-tewas-ditinggal-teman-temannya-setelah-tahu-ada-ceceran-darah,No,Shocking content,Restricted ad serving,ca-pub-7784034061253020,15,2024-08-02,2024-08-06
bogor.tribunnews.com,Page,N/A,N/A,bogor.tribunnews.com/2018/05/01/masturbasi-bisa-sebabkan-hiv-masa-sih-begini-fakta-lengkapnya,No,Shocking content,Restricted ad serving,ca-pub-7784034061253020,15,2024-07-31,2024-08-05
belitung.tribunnews.com,Page,N/A,N/A,belitung.tribunnews.com/tag/wanita,No,Adult: Sexual content,Restricted ad serving,ca-pub-7784034061253020,15,2024-08-04,2024-08-05
belitung.tribunnews.com,Page,N/A,N/A,belitung.tribunnews.com/2017/11/16/ingin-lebih-dahsyat-di-ranjang-ini-makanan-penambah-gairah-resep-dari-bapak-kedokteran-muslim,No,Adult: Sexual content,Restricted ad serving,ca-pub-7784034061253020,15,2024-08-06,2024-08-06
belitung.tribunnews.com,Page,N/A,N/A,belitung.tribunnews.com/2017/02/03/wanita-cantik-bergelar-mba-pilih-jadi-bintang-porno-hanya-untuk-ini,No,Adult: Sexual content,Restricted ad serving,ca-pub-7784034061253020,15,2024-08-06,2024-08-06
belitung.tribunnews.com,Page,N/A,N/A,belitung.tribunnews.com/2016/05/16/wow-tahi-lalatnya-ada-dua,No,Google-served ads obscuring content,Restricted ad serving,ca-pub-7784034061253020,15,2024-07-31,2024-08-04
batam.tribunnews.com,Page,N/A,N/A,batam.tribunnews.com/2017/09/22/iklan-kondom-bintang-film-esek-esek-sunny-leone-bikin-heboh-di-india-ini-sebabnya,No,Adult: Sexual content,Restricted ad serving,ca-pub-7784034061253020,15,2024-07-31,2024-08-06
banjarmasin.tribunnews.com,Page,N/A,N/A,banjarmasin.tribunnews.com/2017/12/03/untuk-para-istri-ini-tanda-tanda-suami-tidak-puas-dengan-layanan-ranjang-anda,No,Adult: Sexual content,Restricted ad serving,ca-pub-7784034061253020,15,2024-08-04,2024-08-04
bangka.tribunnews.com,Page,N/A,N/A,bangka.tribunnews.com/2016/07/23/video-model-cantik-china-rela-disusui-pengusaha-kaya-saat-makan-malam,Yes,Ads Disguised as Content,Restricted ad serving,ca-pub-7784034061253020,15,2024-08-01,2024-08-05
bali.tribunnews.com,Page,N/A,N/A,bali.tribunnews.com/2018/06/30/benarkah-wanita-berbulu-lebat-memiliki-libido-tinggi-begini-penjelasan-para-ahli,No,Adult: Sexual content,Restricted ad serving,ca-pub-7784034061253020,15,2024-08-05,2024-08-05
aceh.tribunnews.com,Page,N/A,N/A,aceh.tribunnews.com/2022/04/21/video-aksi-nekat-wanita-joget-tanpa-busana-dari-jendela-hotel-saat-pemuda-keliling-bangunkan-sahur,Yes,Ads Disguised as Content,Restricted ad serving,ca-pub-7784034061253020,15,2024-08-05,2024-08-05
aceh.tribunnews.com,Page,N/A,N/A,aceh.tribunnews.com/2020/01/30/nekat-penyanyi-dangdut-buka-baju-lepas-bra-di-panggung-penonton-rekam-video-di-whatsapp,Yes,Ads Disguised as Content,Restricted ad serving,ca-pub-7784034061253020,15,2024-08-03,2024-08-05
www.tribunnews.com,Page,N/A,N/A,www.tribunnews.com/regional/2013/02/04/anggota-tni-dikeroyok-lalu-dibakar-hidup-hidup,Yes,Google-served ads obscuring content;Modified Javascript: Ads by Google size,Restricted ad serving,ca-pub-7784034061253020,14,2024-07-31,2024-08-05
www.tribunnews.com,Page,N/A,N/A,www.tribunnews.com/kesehatan/2016/01/21/sudah-hamil-tapi-masih-perawan-ini-penjelasan-ilmiahnya,No,Adult: Sexual content,Restricted ad serving,ca-pub-7784034061253020,14,2024-08-04,2024-08-05
www.tribunnews.com,Page,N/A,N/A,www.tribunnews.com/kesehatan/2013/04/06/inilah-30-lagu-yang-mampu-bangkitkan-hasrat-seks,No,Adult: Sexual content,Restricted ad serving,ca-pub-7784034061253020,14,2024-07-31,2024-08-04
wartakota.tribunnews.com,Page,N/A,N/A,wartakota.tribunnews.com/tag/berhubungan-seks-di-semak-semak,Yes,Google-served ads on screens without publisher-content,Restricted ad serving,ca-pub-7784034061253020,14,2024-07-31,2024-08-04
wartakota.tribunnews.com,Page,N/A,N/A,wartakota.tribunnews.com/2015/01/06/inilah-posisi-seks-paling-ideal-untuk-pasangan-tua,No,Adult: Sexual content,Restricted ad serving,ca-pub-7784034061253020,14,2024-08-03,2024-08-06
suryamalang.tribunnews.com,Page,N/A,N/A,suryamalang.tribunnews.com/2017/01/18/ternyata-titik-rangsang-pria-ada-di-jempol-tangannya,No,Adult: Sexual content,Restricted ad serving,ca-pub-7784034061253020,14,2024-08-01,2024-08-06
surabaya.tribunnews.com,Page,N/A,N/A,surabaya.tribunnews.com/2014/01/28/ritual-ciamsi-mulai-ditinggalkan,No,Shocking content,Restricted ad serving,ca-pub-7784034061253020,14,2024-08-03,2024-08-04
solo.tribunnews.com,Page,N/A,N/A,solo.tribunnews.com/2016/08/13/profesi-inilah-yang-membuat-film-panas-terlihat-realistis-dan-sukses-menipu-banyak-orang,No,Adult: Sexual content,Restricted ad serving,ca-pub-7784034061253020,14,2024-08-02,2024-08-05
pekanbaru.tribunnews.com,Page,N/A,N/A,pekanbaru.tribunnews.com/2022/03/25/kisah-ayah-mertua-nakal-ko-duluan-saat-paksa-menantu-berhubungan-badan,No,Google-served ads obscuring content,Restricted ad serving,ca-pub-7784034061253020,14,2024-08-02,2024-08-06
pekanbaru.tribunnews.com,Page,N/A,N/A,pekanbaru.tribunnews.com/2020/03/16/streaming-download-film-frozen-2013-i-full-movie-hd-video-sub-indo-subtitle-bahasa-indonesia,Yes,Copyrighted material (DMCA),Disabled ad serving,,14,2024-08-05,2024-08-06
medan.tribunnews.com,Page,N/A,N/A,medan.tribunnews.com/2021/06/26/modal-nekat-psk-bertubuh-mungil-duduk-pasang-pose-menantang-pasti-ada-datang-biasanya-om-om?page=all,No,Google-served ads obscuring content,Restricted ad serving,ca-pub-7784034061253020,14,2024-08-04,2024-08-04
medan.tribunnews.com,Page,N/A,N/A,medan.tribunnews.com/2018/06/25/fakta-air-mani-yang-jarang-diketahui-orang?page=all,Yes,Site Behavior: Navigation,Restricted ad serving,ca-pub-7784034061253020;ca-video-pub-7784034061253020,14,2024-08-04,2024-08-04
medan.tribunnews.com,Page,N/A,N/A,medan.tribunnews.com/2017/06/29/foto-bugil-artis-korea-sulli-bocor-di-dunia-maya,No,Google-served ads obscuring content,Restricted ad serving,ca-pub-7784034061253020,14,2024-08-02,2024-08-06
medan.tribunnews.com,Page,N/A,N/A,medan.tribunnews.com/2017/06/08/astaga-bule-dan-terapis-di-spa-river-view-digerebek-masih-kondisi-bugil,No,Adult: Sexual content,Restricted ad serving,ca-pub-7784034061253020,14,2024-08-02,2024-08-04
medan.tribunnews.com,Page,N/A,N/A,medan.tribunnews.com/2017/03/07/mengejutkan-perempuan-medan-sering-belanja-sex-toys-ke-luar-negeri-via-pos,No,Adult: Sexual content,Restricted ad serving,ca-pub-7784034061253020,14,2024-08-05,2024-08-05
manado.tribunnews.com,Page,N/A,N/A,manado.tribunnews.com/2018/09/05/skandal-kasus-video-mesum-kembali-mencuat-cut-tari-luna-maya-dan-ariel-asyik-lakukan-hal-ini,No,Adult: Sexual content,Restricted ad serving,ca-pub-7784034061253020,14,2024-08-03,2024-08-05
makassar.tribunnews.com,Page,N/A,N/A,makassar.tribunnews.com/2021/03/05/ditikam-saat-bugil-siapa-selebgram-ap-atau-ari-pratama-tewas-di-wisma-jl-topaz-panakukang-makassar,Yes,Ads Disguised as Content,Restricted ad serving,ca-pub-7784034061253020,14,2024-08-04,2024-08-06
makassar.tribunnews.com,Page,N/A,N/A,makassar.tribunnews.com/2020/06/11/hadirkan-pilihan-film-dewasa-dan-film-anak-ini-18-nonton-film-bioskop-online-mirip-indoxxi,Yes,Ads Disguised as Content,Restricted ad serving,ca-pub-7784034061253020,14,2024-08-01,2024-08-04
makassar.tribunnews.com,Page,N/A,N/A,makassar.tribunnews.com/2019/09/02/7-fakta-kasus-video-panas-mahasiswi-model-banjarmasin-direkam-pakai-hp-cowok-dicuri-hingga-viral,No,Shocking content,Restricted ad serving,ca-pub-7784034061253020,14,2024-07-31,2024-08-05
makassar.tribunnews.com,Page,N/A,N/A,makassar.tribunnews.com/2017/12/08/wajah-3-gadis-ini-imut-siapa-sangka-ternyata-ini-pekerjaan-sebenarnya-dijamin-terkejut?page=all,No,Adult: Sexual content,Restricted ad serving,ca-pub-7784034061253020,14,2024-08-04,2024-08-04
makassar.tribunnews.com,Page,N/A,N/A,makassar.tribunnews.com/2017/06/24/video-astaga-tak-pakai-cd-artis-korea-ini-tak-sadar-anunya-kelihatan-saat-manggung,No,Adult: Sexual content,Restricted ad serving,ca-pub-7784034061253020,14,2024-08-03,2024-08-06
m.tribunnews.com,Page,N/A,N/A,m.tribunnews.com/seleb/2010/06/09/video-mesum-mirip-ariel-dan-aura-kasih-di-youtube-ternyata,No,Shocking content,Restricted ad serving,ca-pub-7784034061253020,14,2024-08-06,2024-08-06
m.tribunnews.com,Page,N/A,N/A,m.tribunnews.com/amp/lifestyle/2010/04/24/gairah-seks-wanita-menurut-primbon-jawa,No,Adult: Sexual content,Restricted ad serving,ca-pub-7784034061253020,14,2024-08-01,2024-08-04
lombok.tribunnews.com,Page,N/A,N/A,lombok.tribunnews.com/2023/02/17/kronologi-bos-ayam-goreng-di-bekasi-dibunuh-2-karyawan-korban-diduga-dihajar-pakai-tabung-gas-3-kg,No,Shocking content,Restricted ad serving,ca-pub-7784034061253020,14,2024-08-02,2024-08-05
lampung.tribunnews.com,Page,N/A,N/A,lampung.tribunnews.com/2018/04/29/ingat-buku-buku-karya-enny-arrow-jadi-wabah-digandrungi-remaja-bikin-orangtua-kelimpungan,No,Adult: Sexual content,Restricted ad serving,ca-pub-7784034061253020,14,2024-08-03,2024-08-05
lampung.tribunnews.com,Page,N/A,N/A,lampung.tribunnews.com/2017/07/08/bibir-wanita-bentuk-busur-cupid-kemampuannya-dianggap-12-kali-lebih-tinggi-untuk-orgasme,Yes,Site Behavior: Navigation,Restricted ad serving,ca-pub-7784034061253020,14,2024-08-02,2024-08-05
lampung.tribunnews.com,Page,N/A,N/A,lampung.tribunnews.com/2015/07/08/para-pria-antre-untuk-pose-dengan-wanita-telanjang,No,Adult: Sexual content,Restricted ad serving,ca-pub-7784034061253020,14,2024-08-04,2024-08-04
kupang.tribunnews.com,Page,N/A,N/A,kupang.tribunnews.com/2020/10/19/5-artis-dicap-kelewat-mesra-sama-pacar-sampai-berani-foto-di-ranjang-lihat-billy-amanda-manopo,Yes,Ads Disguised as Content,Restricted ad serving,ca-pub-7784034061253020,14,2024-08-05,2024-08-05
kupang.tribunnews.com,Page,N/A,N/A,kupang.tribunnews.com/2019/10/21/viral-video-berzina-diduga-dosen-vs-mahasiswi-di-bandung-ngobrol-bahasa-sunda-jadi-penanda,No,Shocking content,Restricted ad serving,ca-pub-7784034061253020,14,2024-08-01,2024-08-05
kaltim.tribunnews.com,Page,N/A,N/A,kaltim.tribunnews.com/2020/01/07/viral-whatsapp-video-adegan-panas-gadis-pasangan-di-madura-di-lapangan-terbuka-saat-siang-bolong,No,Adult: Sexual content,Restricted ad serving,ca-pub-7784034061253020,14,2024-08-04,2024-08-04
kaltim.tribunnews.com,Page,N/A,N/A,kaltim.tribunnews.com/2018/01/31/4-fantasi-bercinta-yang-biasa-dilakukan-pria-dan-wanita-nomor-3-ehem-banget,No,Adult: Sexual content,Restricted ad serving,ca-pub-7784034061253020,14,2024-08-04,2024-08-04
jogja.tribunnews.com,Page,N/A,N/A,jogja.tribunnews.com/2017/09/04/tak-disangka-4-bahan-alami-ini-bisa-digunakan-untuk-pelumas-bercinta-lho,No,Adult: Sexual content,Restricted ad serving,ca-pub-7784034061253020,14,2024-08-04,2024-08-04
jateng.tribunnews.com,Page,N/A,N/A,jateng.tribunnews.com/2018/10/03/praktik-pijat-plus-plus-sesama-jenis-terbongkar-polisi-nyamar-jadi-pelanggan-lewat-medsos,No,Adult: Sexual content,Restricted ad serving,ca-pub-7784034061253020,14,2024-08-03,2024-08-06
jateng.tribunnews.com,Page,N/A,N/A,jateng.tribunnews.com/2017/06/15/desahan-hot-bikin-abg-ini-terbangun-ternyata-orangtuanya-sedang-gituan-hal-terduga-dia-lakukan,Yes,Site Behavior: Navigation,Restricted ad serving,ca-pub-7784034061253020,14,2024-08-05,2024-08-06
jambi.tribunnews.com,Page,N/A,N/A,jambi.tribunnews.com/2019/06/09/5-ciri-ciri-fisik-wanita-yang-nafsu-birahinya-meletup-letup-pasangan-bahagia-banyak-variasi-bercinta,No,Adult: Sexual content,Restricted ad serving,ca-pub-7784034061253020,14,2024-08-06,2024-08-06
jambi.tribunnews.com,Page,N/A,N/A,jambi.tribunnews.com/2019/03/12/video-dipaksa-berhubungan-badan-begini-kronologi-terapis-pijat-go-massage-layani-pelanggan-di-kos?page=2,No,Adult: Sexual content,Restricted ad serving,ca-pub-7784034061253020,14,2024-08-05,2024-08-05
jambi.tribunnews.com,Page,N/A,N/A,jambi.tribunnews.com/2014/09/21/kegalauan-wanita-venezuela-akibat-krisis-implan-payudara,No,Adult: Sexual content,Restricted ad serving,ca-pub-7784034061253020,14,2024-08-05,2024-08-05
jabar.tribunnews.com,Page,N/A,N/A,jabar.tribunnews.com/2019/09/29/awal-dua-remaja-diajak-berhubungan-badan-dengan-ibu-kandung-langsung-ditarik-ke-kamar-setelah-mandi,No,Adult: Sexual content;Shocking content,Restricted ad serving,ca-pub-7784034061253020,14,2024-08-04,2024-08-04
flores.tribunnews.com,Page,N/A,N/A,flores.tribunnews.com/2022/10/04/pengakuan-penjaga-toko-di-maumere-pria-dewasa-pamer-bagian-sensitif-suwenti-dia-ulang-ulang-pamer,Yes,Ads Disguised as Content,Restricted ad serving,ca-pub-7784034061253020,14,2024-08-05,2024-08-05
bogor.tribunnews.com,Page,N/A,N/A,bogor.tribunnews.com/404,Yes,Google-served ads on screens without publisher-content,Restricted ad serving,ca-pub-7784034061253020,14,2024-08-05,2024-08-05
belitung.tribunnews.com,Page,N/A,N/A,belitung.tribunnews.com/2019/03/23/jangan-takut-sparepart-master-rem-aftermarket-ternyata-mudah-didapat,No,Shocking content,Restricted ad serving,ca-pub-7784034061253020,14,2024-07-31,2024-08-06
belitung.tribunnews.com,Page,N/A,N/A,belitung.tribunnews.com/2017/11/16/ingin-lebih-dahsyat-di-ranjang-ini-makanan-penambah-gairah-resep-dari-bapak-kedokteran-muslim?page=2,No,Adult: Sexual content,Restricted ad serving,ca-pub-7784034061253020,14,2024-08-06,2024-08-06
batam.tribunnews.com,Page,N/A,N/A,batam.tribunnews.com/2019/12/11/skandal-cinta-terlarang-ibu-guru-cantik-dengan-5-muridnya-video-mereka-tersebar-di-situs-dewasa,No,Adult: Sexual content,Restricted ad serving,ca-pub-7784034061253020,14,2024-08-04,2024-08-05
banyumas.tribunnews.com,Page,N/A,N/A,banyumas.tribunnews.com/2020/03/07/drama-cinta-segitiga-ayah-anak-dan-ibu-tiri-suami-mengar-suara-mereka-bermain-di-ruang-keluarga,Yes,Ads Disguised as Content,Restricted ad serving,ca-pub-7784034061253020,14,2024-08-04,2024-08-05
banjarmasin.tribunnews.com,Page,N/A,N/A,banjarmasin.tribunnews.com/2014/06/09/ternyata-pepaya-pun-bisa-bangkitkan-gairah-seksual,No,Adult: Sexual content,Restricted ad serving,ca-pub-7784034061253020,14,2024-08-01,2024-08-05
bangka.tribunnews.com,Page,N/A,N/A,bangka.tribunnews.com/2021/11/19/cerita-2-psk-kerja-di-warung-ngaku-capek-layani-pria-hingga-tak-sengaja-main-dengan-tetangga,Yes,Encouraging accidental clicks: Layout;Google-served ads obscuring content,Restricted ad serving,ca-pub-7784034061253020,14,2024-07-31,2024-08-04
bangka.tribunnews.com,Page,N/A,N/A,bangka.tribunnews.com/2020/06/09/uangnya-kurang-untuk-bayar-layanan-psk-di-bekasi-pria-ini-tewas-menggenaskan?page=all,No,Adult: Sexual content,Restricted ad serving,ca-pub-7784034061253020,14,2024-08-06,2024-08-06
bangka.tribunnews.com,Page,N/A,N/A,bangka.tribunnews.com/2017/07/17/mengejutkan-ini-temuan-psikolog-soal-hasrat-seksual-wanita-yang-diremehkan-pria,No,Adult: Sexual content,Restricted ad serving,ca-pub-7784034061253020,14,2024-08-04,2024-08-06
bangka.tribunnews.com,Page,N/A,N/A,bangka.tribunnews.com/2016/10/17/10-bintang-porno-ini-ternyata-berpendidikan-tinggi-ada-yang-bergelar-master?page=all,No,Adult: Sexual content,Restricted ad serving,ca-pub-7784034061253020,14,2024-08-04,2024-08-04
bangka.tribunnews.com,Page,N/A,N/A,bangka.tribunnews.com/2016/08/25/video-tiga-lesbi-ini-pertama-kali-pegang-burung-ini-yang-terjadi,No,Adult: Sexual content,Restricted ad serving,ca-pub-7784034061253020,14,2024-08-01,2024-08-05
bangka.tribunnews.com,Page,N/A,N/A,bangka.tribunnews.com/2016/02/20/contohlah-variasi-bercinta-di-film-porno-tapi-5-gaya-ini-jangan-ditiru,No,Adult: Sexual content,Restricted ad serving,ca-pub-7784034061253020,14,2024-08-03,2024-08-05
bali.tribunnews.com,Page,N/A,N/A,bali.tribunnews.com/2018/01/27/ternyata-ini-rahasia-aktor-film-panas-tahan-sepanjang-film?page=2,No,Adult: Sexual content,Restricted ad serving,ca-pub-7784034061253020,14,2024-08-06,2024-08-06
bali.tribunnews.com,Page,N/A,N/A,bali.tribunnews.com/2017/10/18/viral-gadis-sma-posting-foto-tak-biasa-di-facebook-ada-cairan-kental-di-wajahnya,No,Shocking content,Restricted ad serving,ca-pub-7784034061253020,14,2024-07-31,2024-08-04
aceh.tribunnews.com,Page,N/A,N/A,aceh.tribunnews.com/2019/08/25/kayu-bajakah-juga-tumbuh-di-subulusalam-tapi,No,Shocking content,Restricted ad serving,ca-pub-7784034061253020,14,2024-07-31,2024-08-06
aceh.tribunnews.com,Page,N/A,N/A,aceh.tribunnews.com/2018/01/08/video-viral-ternyata-demi-uang-ibunya-suruh-dan-saksikan-anaknya-beradegan-mesum-dengan-tante,No,Adult: Sexual content,Restricted ad serving,ca-pub-7784034061253020,14,2024-07-31,2024-08-06
www.tribunnewswiki.com,Page,N/A,N/A,www.tribunnewswiki.com/2019/10/24/40-arti-tahi-lalat-berdasarkan-lokasinya-di-tubuh-banyak-tahi-lalat-jadi-panen-keberuntungan-nih?page=all,Yes,Encouraging accidental clicks: Layout;Google-served ads obscuring content,Restricted ad serving,ca-pub-7784034061253020,13,2024-08-04,2024-08-04
www.tribunnews.com,Page,N/A,N/A,www.tribunnews.com/regional/2019/09/19/geliat-prostitusi-online-di-kupang-gunakan-aplikasi-michat-dan-pilih-penginapan-short-time,No,Adult: Sexual content,Restricted ad serving,ca-pub-7784034061253020,13,2024-07-31,2024-08-05
www.tribunnews.com,Page,N/A,N/A,www.tribunnews.com/regional/2019/07/04/tawarkan-pijat-plus-plus-manajer-panti-pijat-di-tangerang-ditangkap-polisi-tarifnya-rp-600-ribu,No,Adult: Sexual content,Restricted ad serving,ca-pub-7784034061253020,13,2024-07-31,2024-08-05
www.tribunnews.com,Page,N/A,N/A,www.tribunnews.com/regional/2019/01/17/psk-muda-ini-selalu-konsumsi-sabu-saat-layani-pelanggan-simak-alasannya,No,Adult: Sexual content,Restricted ad serving,ca-pub-7784034061253020,13,2024-08-05,2024-08-06
www.tribunnews.com,Page,N/A,N/A,www.tribunnews.com/regional/2018/08/18/seorang-warga-pekanbaru-video-call-dengan-istri-sebelum-bunuh-diri,No,Shocking content,Restricted ad serving,ca-pub-7784034061253020,13,2024-08-03,2024-08-05
www.tribunnews.com,Page,N/A,N/A,www.tribunnews.com/regional/2015/06/02/biar-bisa-teler-jamur-tai-sapi-jadi-pilihan-remaja-bolsel,No,Adult: Sexual content,Restricted ad serving,ca-pub-7784034061253020,13,2024-08-02,2024-08-04
www.tribunnews.com,Page,N/A,N/A,www.tribunnews.com/internasional/2013/01/21/gadis-cantik-tak-sengaja-unggah-foto-telanjangnya-di-ebay,No,Adult: Sexual content,Restricted ad serving,ca-pub-7784034061253020,13,2024-08-03,2024-08-06
wartakota.tribunnews.com,Page,N/A,N/A,wartakota.tribunnews.com/2022/12/17/penemuan-mayat-bocah-perempuan-di-dalam-karung-gegerkan-warga-gunung-putri,No,Shocking content,Restricted ad serving,ca-pub-7784034061253020,13,2024-08-02,2024-08-04
wartakota.tribunnews.com,Page,N/A,N/A,wartakota.tribunnews.com/2020/02/21/curhat-menantu-diintip-mertua-saat-berhubungan-badan-dengan-pasangan-begini-kisahnya,No,Shocking content,Restricted ad serving,ca-pub-7784034061253020,13,2024-08-02,2024-08-06
wartakota.tribunnews.com,Page,N/A,N/A,wartakota.tribunnews.com/2015/09/19/inilah-titik-klitoris-yang-membuat-wanita-bahagia?page=3,No,Adult: Sexual content,Restricted ad serving,ca-pub-7784034061253020,13,2024-08-05,2024-08-05
wartakota.tribunnews.com,Page,N/A,N/A,wartakota.tribunnews.com/2012/12/22/pekerjaan-pria-ini-melintir-puting-payudara-selebritis,No,Adult: Sexual content,Restricted ad serving,ca-pub-7784034061253020,13,2024-08-05,2024-08-05
travel.tribunnews.com,Page,N/A,N/A,travel.tribunnews.com/2018/01/08/jleb-banget-10-ilustrasi-ini-ungkap-realita-kehidupan-di-zaman-now-bikin-elus-dada,Yes,Site Behavior: Navigation,Restricted ad serving,ca-pub-7784034061253020,13,2024-08-01,2024-08-05
suryamalang.tribunnews.com,Page,N/A,N/A,suryamalang.tribunnews.com/404,Yes,Google-served ads on screens without publisher-content,Restricted ad serving,ca-pub-7784034061253020,13,2024-08-04,2024-08-04
suryamalang.tribunnews.com,Page,N/A,N/A,suryamalang.tribunnews.com/2021/11/12/viral-karyawan-balas-chat-bos-pakai-emoji-langsung-dipecat-disemprot-tak-sopan-oleh-atasan,No,Google-served ads obscuring content,Restricted ad serving,ca-pub-7784034061253020,13,2024-07-31,2024-08-04
suryamalang.tribunnews.com,Page,N/A,N/A,suryamalang.tribunnews.com/2020/04/19/video-cewek-surabaya-bikin-geger-warkop-di-gresik-buka-baju-ngaku-diperkosa-demi-rokok-gratisan,No,Shocking content,Restricted ad serving,ca-pub-7784034061253020,13,2024-08-04,2024-08-04
suryamalang.tribunnews.com,Page,N/A,N/A,suryamalang.tribunnews.com/2018/04/23/kuli-bangunan-di-lamongan-hilang-kendali-saat-lihat-tante-tidur-pakai-baju-seksi-akibatnya-fatal,No,Shocking content,Restricted ad serving,ca-pub-7784034061253020,13,2024-08-04,2024-08-04
suryamalang.tribunnews.com,Page,N/A,N/A,suryamalang.tribunnews.com/2018/01/06/diduga-dibuat-saat-ramadan-berikut-4-obrolan-video-panas-tante-vs-bocah-sd,No,Adult: Sexual content,Restricted ad serving,ca-pub-7784034061253020,13,2024-08-05,2024-08-05
suryamalang.tribunnews.com,Page,N/A,N/A,suryamalang.tribunnews.com/2017/04/18/alamak-diduga-ketahuan-selingkuh-wanita-telanjang-ini-dikelilingi-warga-sambil-minta-maaf,No,Adult: Sexual content,Restricted ad serving,ca-pub-7784034061253020,13,2024-08-02,2024-08-04
suryamalang.tribunnews.com,Page,N/A,N/A,suryamalang.tribunnews.com/2017/04/06/sepasang-kekasih-ini-gancet-usai-begituan-di-hotel-lihat-kondisinya-di-video-ini,No,Google-served ads obscuring content,Restricted ad serving,ca-pub-7784034061253020,13,2024-08-05,2024-08-05
suryamalang.tribunnews.com,Page,N/A,N/A,suryamalang.tribunnews.com/2017/01/07/inilah-lokasi-ideal-untuk-melakukan-pemanasan-sebelum-bercinta-dengan-pasangan-dijamin-puas-deh,No,Adult: Sexual content,Restricted ad serving,ca-pub-7784034061253020,13,2024-08-03,2024-08-05
surabaya.tribunnews.com,Page,N/A,N/A,surabaya.tribunnews.com/2020/11/24/video-mesum-219-menit-diperankan-abg-viral-dan-resahkan-warga-dapat-rp-8-juta-sekali-rekaman,Yes,Ads Disguised as Content,Restricted ad serving,ca-pub-7784034061253020,13,2024-08-01,2024-08-04
surabaya.tribunnews.com,Page,N/A,N/A,surabaya.tribunnews.com/2017/07/18/wanita-ini-nyaris-tewas-usai-memasukkan-belut-di-vaginanya-kenapa-malah-ditangkap-polisi,No,Adult: Sexual content;Shocking content,Restricted ad serving,ca-pub-7784034061253020,13,2024-08-02,2024-08-05
surabaya.tribunnews.com,Page,N/A,N/A,surabaya.tribunnews.com/2009/02/28/beredar-video-porno-mirip-inul,No,Adult: Sexual content,Restricted ad serving,ca-pub-7784034061253020,13,2024-08-01,2024-08-05
sumsel.tribunnews.com,Page,N/A,N/A,sumsel.tribunnews.com/2017/08/10/lagi-asyik-nonton-film-begituan-karyawan-pria-ini-tak-sadar-kelakuannya-dilihat-seluruh-dunia,No,Adult: Sexual content,Restricted ad serving,ca-pub-7784034061253020,13,2024-08-06,2024-08-06
sumsel.tribunnews.com,Page,N/A,N/A,sumsel.tribunnews.com/2017/06/28/demi-kumpulkan-uang-wanita-cantik-ini-rela-payudaranya-diremas-pria,No,Adult: Sexual content,Restricted ad serving,ca-pub-7784034061253020,13,2024-07-31,2024-08-06
sumsel.tribunnews.com,Page,N/A,N/A,sumsel.tribunnews.com/2014/11/12/eksklusif-tanpa-kondom-satu-hari-bisa-layani-4-pelanggan,No,Adult: Sexual content,Restricted ad serving,ca-pub-7784034061253020,13,2024-08-04,2024-08-04
sumsel.tribunnews.com,Page,N/A,N/A,sumsel.tribunnews.com/2014/09/08/alasan-pria-tiba-tiba-ingin-lakukan-seks-oral,No,Adult: Sexual content,Restricted ad serving,ca-pub-7784034061253020,13,2024-08-05,2024-08-05
pontianak.tribunnews.com,Page,N/A,N/A,pontianak.tribunnews.com/2019/01/14/seorang-wanita-bakar-suami-pemicunya-sepele,No,Shocking content,Restricted ad serving,ca-pub-7784034061253020,13,2024-07-31,2024-08-06
pontianak.tribunnews.com,Page,N/A,N/A,pontianak.tribunnews.com/2018/01/28/inilah-7-ciri-wanita-kecanduan-masturbasi-7-persen-cewek-melakukannya-setiap-hari?page=4,No,Adult: Sexual content,Restricted ad serving,ca-pub-7784034061253020,13,2024-08-06,2024-08-06
pekanbaru.tribunnews.com,Page,N/A,N/A,pekanbaru.tribunnews.com/2015/01/15/ini-dia-adegan-seks-paling-aneh-di-film-hollywood,No,Adult: Sexual content,Restricted ad serving,ca-pub-7784034061253020,13,2024-08-05,2024-08-06
palembang.tribunnews.com,Page,N/A,N/A,palembang.tribunnews.com/2024/03/28/viral-pria-paruh-baya-di-lubuklinggau-digerebek-berbuat-tak-senonoh-dengan-wanita-muda-di-wisma,Yes,Google-served ads obscuring content;Modified Javascript: Ads by Google size,Restricted ad serving,ca-pub-7784034061253020,13,2024-08-03,2024-08-05
palembang.tribunnews.com,Page,N/A,N/A,palembang.tribunnews.com/2020/03/05/tes-kepribadian-pilih-satu-bentuk-alis-mata-dan-temukan-gambaran-cinta-kehidupanmu,No,Shocking content,Restricted ad serving,ca-pub-7784034061253020,13,2024-08-05,2024-08-05
palembang.tribunnews.com,Page,N/A,N/A,palembang.tribunnews.com/2017/04/17/astaga-video-petualangan-seks-bule-di-bali-dengan-gadis-china-dan-58-wanita-indonesia-beredar?page=all,No,Adult: Sexual content,Restricted ad serving,ca-pub-7784034061253020,13,2024-08-06,2024-08-06
medan.tribunnews.com,Page,N/A,N/A,medan.tribunnews.com/2022/11/13/mutilasi-setelah-penggal-kepala-istri-harapan-munthe-rebus-tangan-nurmaya-situmorang-di-panci,Yes,Ads Disguised as Content,Restricted ad serving,ca-pub-7784034061253020,13,2024-08-05,2024-08-05
medan.tribunnews.com,Page,N/A,N/A,medan.tribunnews.com/2018/01/19/oknum-kades-tercyduk-begituan-dengan-wanita-dewasa-pakai-seragam-pemerintah,No,Adult: Sexual content,Restricted ad serving,ca-pub-7784034061253020,13,2024-08-05,2024-08-05
medan.tribunnews.com,Page,N/A,N/A,medan.tribunnews.com/2017/09/13/jangan-kaget-terungkap-buku-kama-sutra-dari-dunia-arab?page=2,No,Adult: Sexual content,Restricted ad serving,ca-pub-7784034061253020,13,2024-08-04,2024-08-04
mataram.tribunnews.com,Page,N/A,N/A,mataram.tribunnews.com/2020/03/15/populer-viral-curhatan-mitra-go-massage-dipaksa-pijat-plus-plus-ada-yang-dijebak-1-kamar-5-pria,No,Shocking content,Restricted ad serving,ca-pub-7784034061253020,13,2024-08-05,2024-08-05
makassar.tribunnews.com,Page,N/A,N/A,makassar.tribunnews.com/2020/05/13/rekaman-video-bocor-dan-viral-cewek-berbusana-minim-lakukan-hal-tak-senonoh-di-toko-sendirian,Yes,Ads Disguised as Content,Restricted ad serving,ca-pub-7784034061253020,13,2024-08-01,2024-08-06
makassar.tribunnews.com,Page,N/A,N/A,makassar.tribunnews.com/2020/01/06/5-artis-perankan-hubungan-intim-tapi-akhirnya-menikmati-adegan-ranjang-itu-ada-yang-bareng-brondong?page=5,No,Adult: Sexual content,Restricted ad serving,ca-pub-7784034061253020,13,2024-08-04,2024-08-04
makassar.tribunnews.com,Page,N/A,N/A,makassar.tribunnews.com/2020/01/06/5-artis-perankan-hubungan-intim-tapi-akhirnya-menikmati-adegan-ranjang-itu-ada-yang-bareng-brondong?page=3,No,Adult: Sexual content,Restricted ad serving,ca-pub-7784034061253020,13,2024-08-04,2024-08-04
makassar.tribunnews.com,Page,N/A,N/A,makassar.tribunnews.com/2020/01/06/5-artis-perankan-hubungan-intim-tapi-akhirnya-menikmati-adegan-ranjang-itu-ada-yang-bareng-brondong?page=2,No,Shocking content,Restricted ad serving,ca-pub-7784034061253020,13,2024-08-04,2024-08-04
makassar.tribunnews.com,Page,N/A,N/A,makassar.tribunnews.com/2019/12/30/direkam-viral-pria-ini-nekat-bersetubuh-dengan-pacar-di-ranjang-igd-padahal-infus-masih-terpasang,No,Adult: Sexual content,Restricted ad serving,ca-pub-7784034061253020,13,2024-07-31,2024-08-04
makassar.tribunnews.com,Page,N/A,N/A,makassar.tribunnews.com/2017/10/25/gempar-video-panas-diduga-dilakukan-pelajar-sma-ini-link-videonya-netizen-tolong-dihapus-ya?page=all,Yes,Site Behavior: Navigation,Restricted ad serving,ca-pub-7784034061253020,13,2024-08-04,2024-08-04
makassar.tribunnews.com,Page,N/A,N/A,makassar.tribunnews.com/2017/10/13/natalia-bugil-saat-maut-menjemput-detik-detik-kematiannya-disaksikan-rekannya,No,Adult: Sexual content,Restricted ad serving,ca-pub-7784034061253020,13,2024-08-02,2024-08-05
makassar.tribunnews.com,Page,N/A,N/A,makassar.tribunnews.com/2016/05/05/wanita-cantik-ini-ternyata-boneka-seks-harganya-rp-130-juta,No,Adult: Sexual content,Restricted ad serving,ca-pub-7784034061253020,13,2024-08-02,2024-08-05
makassar.tribunnews.com,Page,N/A,N/A,makassar.tribunnews.com/2014/06/02/ada-panti-pijat-esek-esek-di-jl-perintis-kemerdekaan-km-15-makassar,No,Adult: Sexual content,Restricted ad serving,ca-pub-7784034061253020,13,2024-08-01,2024-08-04
m.tribunnews.com,Page,N/A,N/A,m.tribunnews.com/regional/2017/05/30/seorang-gay-di-samarinda-bicara-blak-blakan-pengakuannya-sungguh-mengejutkan,No,Adult: Sexual content,Restricted ad serving,ca-pub-7784034061253020,13,2024-08-04,2024-08-04
m.tribunnews.com,Page,N/A,N/A,m.tribunnews.com/lifestyle/2014/11/19/wanita-yang-memiliki-banyak-teman-pria-pertanda-libidonya-membara-ini-alasannya,No,Adult: Sexual content,Restricted ad serving,ca-pub-7784034061253020,13,2024-08-01,2024-08-04
m.tribunnews.com,Page,N/A,N/A,m.tribunnews.com/internasional/2016/07/01/wow-wanita-cantik-ini-lupa-nggak-pakai-celana-dalam-saat-belanja-di-mal,No,Adult: Sexual content,Restricted ad serving,ca-pub-7784034061253020,13,2024-08-01,2024-08-04
lampung.tribunnews.com,Page,N/A,N/A,lampung.tribunnews.com/2019/03/05/model-dewasa-sarah-ardhelia-blak-blakan-tentang-prostitusi-artis-pernah-di-booking-ke-dubai?page=all,Yes,Site Behavior: Navigation,Restricted ad serving,ca-pub-7784034061253020,13,2024-08-05,2024-08-05
lampung.tribunnews.com,Page,N/A,N/A,lampung.tribunnews.com/2016/07/21/video-pria-ini-rekam-celana-dalam-wanita-diam-diam-saat-di-supermarket,No,Shocking content,Restricted ad serving,ca-pub-7784034061253020,13,2024-08-02,2024-08-06
lampung.tribunnews.com,Page,N/A,N/A,lampung.tribunnews.com/2015/08/09/berapa-kali-dalam-seminggu-bercinta-disebut-sehat,No,Adult: Sexual content,Restricted ad serving,ca-pub-7784034061253020,13,2024-08-02,2024-08-05
lampung.tribunnews.com,Page,N/A,N/A,lampung.tribunnews.com/2014/12/22/empat-mitos-penis-yang-sering-muncul,No,Adult: Sexual content,Restricted ad serving,ca-pub-7784034061253020,13,2024-08-03,2024-08-05
kupang.tribunnews.com,Page,N/A,N/A,kupang.tribunnews.com/2022/11/01/video-viral-tiktok-video-syur-perempuan-berkebaya-merah-digoda-di-kamar-hotel-lepas-handuk,Yes,Ads Disguised as Content,Restricted ad serving,ca-pub-7784034061253020,13,2024-08-01,2024-08-06
kupang.tribunnews.com,Page,N/A,N/A,kupang.tribunnews.com/2018/01/17/video-dua-gadis-belia-dihabisi-secara-sadis-dilakban-hingga-dikarungi-lalu-dibuang-ke-sungai,Yes,Ads Disguised as Content,Restricted ad serving,ca-pub-7784034061253020,13,2024-08-02,2024-08-05
kupang.tribunnews.com,Page,N/A,N/A,kupang.tribunnews.com/2017/11/14/wanita-ini-bisa-melepas-kancing-bajunya-tanpa-tangan-ternyata-payudaranya?page=2,No,Adult: Sexual content,Restricted ad serving,ca-pub-7784034061253020,13,2024-08-05,2024-08-05
kaltim.tribunnews.com,Page,N/A,N/A,kaltim.tribunnews.com/2018/01/12/oh-ketahuan-ternyata-wanita-juga-suka-nonton-film-porno-loh,No,Adult: Sexual content,Restricted ad serving,ca-pub-7784034061253020,13,2024-08-05,2024-08-05
jogja.tribunnews.com,Page,N/A,N/A,jogja.tribunnews.com/2017/04/29/wanita-ini-suka-yang-herbal-dia-gunakan-singkong-untuk-alat-mainan-seks-akhirnya-malah-fatal,No,Adult: Sexual content,Restricted ad serving,ca-pub-7784034061253020,13,2024-08-01,2024-08-04
jateng.tribunnews.com,Page,N/A,N/A,jateng.tribunnews.com/2018/04/08/inilah-3-merek-kondom-vegan-terobosan-baru-aman-bagi-penderita-alergi-lateks,No,Adult: Sexual content,Restricted ad serving,ca-pub-7784034061253020,13,2024-08-04,2024-08-04
jateng.tribunnews.com,Page,N/A,N/A,jateng.tribunnews.com/2016/09/27/gadis-abg-ini-kaget-ayah-kandungnya-yang-telanjang-bulat-minta-dilayani-inilah-akibatnya,No,Adult: Sexual content,Restricted ad serving,ca-pub-7784034061253020,13,2024-08-03,2024-08-06
jateng.tribunnews.com,Page,N/A,N/A,jateng.tribunnews.com/2016/02/22/inilah-arti-dan-makna-posisi-tidur-anda-dan-pasangan-menurut-ahli-bahasa-tubuh,No,Adult: Sexual content,Restricted ad serving,ca-pub-7784034061253020,13,2024-07-31,2024-08-04
jambi.tribunnews.com,Page,N/A,N/A,jambi.tribunnews.com/2019/12/31/video-ganti-bajunya-tersebar-di-youtube-artis-seksi-ini-berikan-reaksi-tak-terduga-aku-baru-tahu?page=all,No,Adult: Sexual content,Restricted ad serving,ca-pub-7784034061253020,13,2024-08-04,2024-08-04
jambi.tribunnews.com,Page,N/A,N/A,jambi.tribunnews.com/2019/08/18/deretan-foto-30-gadis-jepang-ini-sangat-populer-berani-tampil-terbuka-hingga-tampak-bagian-dalam?page=4,No,Adult: Sexual content,Restricted ad serving,ca-pub-7784034061253020,13,2024-08-04,2024-08-04
jambi.tribunnews.com,Page,N/A,N/A,jambi.tribunnews.com/2019/04/30/makin-aneh-tempat-ini-sediakan-boneka-pemuas-pria-bebas-pilih-jenis-baju-rp-16-juta-perjam,No,Adult: Sexual content,Restricted ad serving,ca-pub-7784034061253020,13,2024-07-31,2024-08-04
jambi.tribunnews.com,Page,N/A,N/A,jambi.tribunnews.com/2018/04/02/kesaksian-artis-era-90-an-yang-bikin-bioskop-indonesia-panas-dari-inneke-hingga-ayu-azhari,No,Adult: Sexual content,Restricted ad serving,ca-pub-7784034061253020,13,2024-08-03,2024-08-04
jambi.tribunnews.com,Page,N/A,N/A,jambi.tribunnews.com/2018/02/07/barista-seksi-ini-nyaris-tanpa-busana-saat-layani-pelanggan-dimana-ya-kedai-kopinya,No,Adult: Sexual content,Restricted ad serving,ca-pub-7784034061253020,13,2024-07-31,2024-08-05
jambi.tribunnews.com,Page,N/A,N/A,jambi.tribunnews.com/2018/01/31/7-cara-mudah-kenali-wanita-dan-pria-yang-sering-masturbasi-adakah-tanda-ini-pada-temanmu?page=all,No,Adult: Sexual content,Restricted ad serving,ca-pub-7784034061253020,13,2024-08-04,2024-08-04
jambi.tribunnews.com,Page,N/A,N/A,jambi.tribunnews.com/2018/01/15/10-kelainan-pada-manusia-nomor-7-transvestic-fetisisme-suka-pakai-pakaian-perempuan,No,Adult: Sexual content,Restricted ad serving,ca-pub-7784034061253020,13,2024-08-05,2024-08-05
jambi.tribunnews.com,Page,N/A,N/A,jambi.tribunnews.com/2017/08/14/pengungsi-pria-jatuh-ke-tangan-tante-girang-ini-kisah-hassan-4-kali-sehari-harus-melayani,No,Adult: Sexual content,Restricted ad serving,ca-pub-7784034061253020,13,2024-08-04,2024-08-06
belitung.tribunnews.com,Page,N/A,N/A,belitung.tribunnews.com/2018/07/29/salah-satunya-pasif-5-hal-yang-tak-disukai-pria-dari-perempuan-saat-berhubungan-suami-istri,No,Adult: Sexual content,Restricted ad serving,ca-pub-7784034061253020,13,2024-08-01,2024-08-06
belitung.tribunnews.com,Page,N/A,N/A,belitung.tribunnews.com/2017/04/19/ingat-video-viral-tangan-siswa-masuk-rok-wanita-kali-ini-ada-tangan-pegang-bagian-intim,No,Adult: Sexual content,Restricted ad serving,ca-pub-7784034061253020,13,2024-08-05,2024-08-05
belitung.tribunnews.com,Page,N/A,N/A,belitung.tribunnews.com/2016/06/30/bra-model-wanita-ini-lepas-di-atas-ring-saat-pertunjukan-gulat-profesional,No,Adult: Sexual content,Restricted ad serving,ca-pub-7784034061253020,13,2024-08-02,2024-08-05
belitung.tribunnews.com,Page,N/A,N/A,belitung.tribunnews.com/2016/03/16/boneka-seks-mirip-anak-kecil-dipasarkan-mulai-2016-seharga-rp-145-juta,No,Adult: Sexual content,Restricted ad serving,ca-pub-7784034061253020,13,2024-08-05,2024-08-06
bekasi.tribunnews.com,Page,N/A,N/A,bekasi.tribunnews.com/2022/10/20/terbaru-daftar-film-jepang-berbahasa-indonesia-hingga-beresolusi-hd-khusus-penonton-berusia-dewasa,Yes,Ads Disguised as Content,Restricted ad serving,ca-pub-7784034061253020,13,2024-07-31,2024-08-05
batam.tribunnews.com,Page,N/A,N/A,batam.tribunnews.com/2020/12/21/kisah-cinta-4-pasangan-pemeran-film-panas-terjebak-cinta-lokasi-hingga-menikah-ada-yang-punya-anak?page=all,No,Google-served ads obscuring content,Restricted ad serving,ca-pub-7784034061253020,13,2024-08-04,2024-08-04
batam.tribunnews.com,Page,N/A,N/A,batam.tribunnews.com/2019/12/03/janda-cantik-kelelahan-layani-pria-bertarif-rp-12-juta-hasrat-tak-terbendung-malah-lakukan-ini,No,Shocking content,Restricted ad serving,ca-pub-7784034061253020,13,2024-08-04,2024-08-04
batam.tribunnews.com,Page,N/A,N/A,batam.tribunnews.com/2017/05/15/ehem-gigolo-di-bali-ungkap-perilaku-kliennya-tak-cuma-begituan-tapi-juga-minta-begini,No,Adult: Sexual content,Restricted ad serving,ca-pub-7784034061253020,13,2024-07-31,2024-08-06
banjarmasin.tribunnews.com,Page,N/A,N/A,banjarmasin.tribunnews.com/2022/03/09/video-heboh-banget-rebutan-perempuan-penghibur-di-warung-tuak-pria-di-batubara-tewas-dikeroyok,No,Shocking content,Restricted ad serving,ca-pub-7784034061253020;ca-video-pub-7784034061253020,13,2024-08-04,2024-08-04
banjarmasin.tribunnews.com,Page,N/A,N/A,banjarmasin.tribunnews.com/2017/11/15/mengejutkan-jackie-chan-dan-tiga-bintang-hollywood-ini-ternyata-pernah-main-film-dewasa,No,Shocking content,Restricted ad serving,ca-pub-7784034061253020,13,2024-08-03,2024-08-05
banjarmasin.tribunnews.com,Page,N/A,N/A,banjarmasin.tribunnews.com/2013/10/24/jenis-cokelat-yang-meningkatkan-gairah-seksual,No,Adult: Sexual content,Restricted ad serving,ca-pub-7784034061253020,13,2024-08-01,2024-08-04
bangka.tribunnews.com,Page,N/A,N/A,bangka.tribunnews.com/2022/01/27/inilah-cara-berhubungan-biologis-yang-baik-agar-suami-istri-makin-harmonis-kata-dr-aisah-dahlan,No,Google-served ads obscuring content,Restricted ad serving,ca-pub-7784034061253020,13,2024-07-31,2024-08-06
bangka.tribunnews.com,Page,N/A,N/A,bangka.tribunnews.com/2019/12/31/video-ganti-bajunya-tersebar-di-youtube-di-tahun-2013-artis-seksi-ini-ngaku-aku-baru-tahu,No,Shocking content,Restricted ad serving,ca-pub-7784034061253020,13,2024-08-02,2024-08-05
bangka.tribunnews.com,Page,N/A,N/A,bangka.tribunnews.com/2018/07/24/miliki-aura-kecantikan-ini-5-fakta-wanita-berkumis-tipis?page=all,No,Adult: Sexual content,Restricted ad serving,ca-pub-7784034061253020,13,2024-08-06,2024-08-06
bangka.tribunnews.com,Page,N/A,N/A,bangka.tribunnews.com/2017/10/16/terdengar-suara-desahan-di-dalam-lift-astaga-wanita-cantik-lakukan-ini-pada-pria-di-sebelahnya,No,Adult: Sexual content,Restricted ad serving,ca-pub-7784034061253020,13,2024-08-04,2024-08-04
bangka.tribunnews.com,Page,N/A,N/A,bangka.tribunnews.com/2017/09/16/pilih-pensiun-dari-jav-beginilah-nasib-7-bintang-film-panas-jepang-sekarang?page=2,No,Adult: Sexual content,Restricted ad serving,ca-pub-7784034061253020,13,2024-08-05,2024-08-05
bangka.tribunnews.com,Page,N/A,N/A,bangka.tribunnews.com/2017/09/09/kebiasaan-masturbasi-saat-usia-15-tahun-wanita-ini-alami-sesuatu-tak-terduga-sepanjang-hidupnya,No,Shocking content,Restricted ad serving,ca-pub-7784034061253020,13,2024-07-31,2024-08-06
bangka.tribunnews.com,Page,N/A,N/A,bangka.tribunnews.com/2017/08/02/sebelum-terjun-di-industri-film-dewasa-para-wanita-cantik-ini-dulu-kerjanya,No,Adult: Sexual content,Restricted ad serving,ca-pub-7784034061253020,13,2024-08-04,2024-08-05
bangka.tribunnews.com,Page,N/A,N/A,bangka.tribunnews.com/2017/07/26/pria-ini-tolak-saat-diminta-pegang-paha-wanita-tapi-tak-kuasa-saat-diperlihatkan-benda-ini,No,Shocking content,Restricted ad serving,ca-pub-7784034061253020,13,2024-08-05,2024-08-05
bangka.tribunnews.com,Page,N/A,N/A,bangka.tribunnews.com/2017/02/19/wanita-seksi-ini-buat-pengakuan-mengejutkan-usai-nikahi-bule-kaya-usia-70-tahun,No,Adult: Sexual content,Restricted ad serving,ca-pub-7784034061253020,13,2024-07-31,2024-08-04
bangka.tribunnews.com,Page,N/A,N/A,bangka.tribunnews.com/2016/09/29/terkenal-di-era-90-an-beginilah-pekerjaan-asia-carrera-sekarang?page=2,No,Adult: Sexual content,Restricted ad serving,ca-pub-7784034061253020,13,2024-08-06,2024-08-06
bangka.tribunnews.com,Page,N/A,N/A,bangka.tribunnews.com/2016/09/09/rahasia-puaskan-istri-ukuran-si-otong-tak-penting-tapi-pahami-gaya-dan-durasi,No,Adult: Sexual content,Restricted ad serving,ca-pub-7784034061253020,13,2024-08-06,2024-08-06
bangka.tribunnews.com,Page,N/A,N/A,bangka.tribunnews.com/2016/07/26/mau-coba-kondom-baru-ini-menjanjikan-bercinta-anda-lebih-nikmat?page=2,No,Adult: Sexual content,Restricted ad serving,ca-pub-7784034061253020,13,2024-08-04,2024-08-04
bangka.tribunnews.com,Page,N/A,N/A,bangka.tribunnews.com/2016/06/25/inilah-fakta-unik-tentang-puting-susu-yang-mungkin-belum-anda-ketahui,No,Adult: Sexual content,Restricted ad serving,ca-pub-7784034061253020,13,2024-08-05,2024-08-05
bali.tribunnews.com,Page,N/A,N/A,bali.tribunnews.com/2018/10/10/tiga-pasangan-lakukan-swinger-di-kamar-hotel-seorang-wanita-muda-sedang-hamil-8-bulan,No,Adult: Sexual content,Restricted ad serving,ca-pub-7784034061253020,13,2024-08-02,2024-08-06
bali.tribunnews.com,Page,N/A,N/A,bali.tribunnews.com/2018/05/09/walau-dibayar-mahal-mantan-bintang-porno-jepang-ini-kerap-nangis-usai-syuting-begini-pesannya?page=4,Yes,Encouraging accidental clicks: Layout;Google-served ads obscuring content,Restricted ad serving,ca-pub-7784034061253020,13,2024-08-04,2024-08-04
aceh.tribunnews.com,Page,N/A,N/A,aceh.tribunnews.com/2024/02/06/curhat-istri-alami-hal-aneh-di-rumah-mertua-bra-dan-cd-ada-bercak-mani-suami-sebut-ulah-keponakan,No,Google-served ads obscuring content,Restricted ad serving,ca-pub-7784034061253020,13,2024-08-04,2024-08-05
aceh.tribunnews.com,Page,N/A,N/A,aceh.tribunnews.com/2019/03/03/wanita-mengaku-psk-sampaikan-hal-mengejutkan-saat-dinasihati-haji-uma,No,Shocking content,Restricted ad serving,ca-pub-7784034061253020,13,2024-08-04,2024-08-04
www.tribunnews.com,Page,N/A,N/A,www.tribunnews.com/seleb/2011/07/14/ayu-lestari-model-playboy-internasional-bercerai,Yes,Google-served ads obscuring content;Modified Javascript: Ads by Google size,Restricted ad serving,ca-pub-7784034061253020,12,2024-08-06,2024-08-06
www.tribunnews.com,Page,N/A,N/A,www.tribunnews.com/regional/2021/06/26/viral-kisah-mahasiswa-meneliti-monyet-yaki-temukan-hal-menarik-tentang-perilaku-monyet-yang-unik,No,Adult: Sexual content,Restricted ad serving,ca-pub-7784034061253020,12,2024-08-02,2024-08-05
www.tribunnews.com,Page,N/A,N/A,www.tribunnews.com/regional/2019/08/15/video-vina-garut-ternyata-ada-44-yang-tersebar-cuma-2-lainnya-di-twitter-dijual-rp-50-ribu,Yes,Ads Disguised as Content,Restricted ad serving,ca-pub-7784034061253020,12,2024-07-31,2024-08-05
www.tribunnews.com,Page,N/A,N/A,www.tribunnews.com/regional/2019/04/05/tolak-layani-3-lelaki-hidung-belang-penyanyi-dangdut-dibunuh-dan-mayatnya-dibuang-di-pinggir-jalan,No,Shocking content,Restricted ad serving,ca-pub-7784034061253020,12,2024-08-06,2024-08-06
www.tribunnews.com,Page,N/A,N/A,www.tribunnews.com/regional/2017/03/14/polda-bali-gerebek-spa-yang-tawarkan-paket-pijat-payudara,No,Adult: Sexual content,Restricted ad serving,ca-pub-7784034061253020,12,2024-07-31,2024-08-04
www.tribunnews.com,Page,N/A,N/A,www.tribunnews.com/regional/2016/02/26/lorong-di-kota-manado-ini-ditulisi-tempat-banci-isap-goci-ribuan-kondom-bekas-berserakan-di-sini,No,Adult: Sexual content,Restricted ad serving,ca-pub-7784034061253020,12,2024-08-06,2024-08-06
www.tribunnews.com,Page,N/A,N/A,www.tribunnews.com/regional/2015/05/11/batu-akik-ini-dipercaya-meningkatkan-libido-seks-dan-kejantanan-pemakainya,No,Adult: Sexual content,Restricted ad serving,ca-pub-7784034061253020,12,2024-08-04,2024-08-04
www.tribunnews.com,Page,N/A,N/A,www.tribunnews.com/regional/2010/10/16/abg-digilir-kawanan-lelaki-bejat-di-gubuk-sawah,No,Adult: Sexual content,Restricted ad serving,ca-pub-7784034061253020,12,2024-08-05,2024-08-05
www.tribunnews.com,Page,N/A,N/A,www.tribunnews.com/nasional/2019/08/07/menantu-kh-maimoen-zubair-ungkap-keinginan-mbah-moen-sebelum-wafat,No,Shocking content,Restricted ad serving,ca-pub-7784034061253020,12,2024-08-06,2024-08-06
www.tribunnews.com,Page,N/A,N/A,www.tribunnews.com/nasional/2014/11/18/ini-dia-video-fenomena-seks-di-gunung-kemukus-jawa-tengah,Yes,Site Behavior: Navigation,Restricted ad serving,ca-pub-7784034061253020,12,2024-08-05,2024-08-05
www.tribunnews.com,Page,N/A,N/A,www.tribunnews.com/lifestyle/2015/08/17/ini-aroma-parfum-kuno-yang-bikin-libido-wanita-melonjak,No,Adult: Sexual content,Restricted ad serving,ca-pub-7784034061253020,12,2024-08-04,2024-08-04
www.tribunnews.com,Page,N/A,N/A,www.tribunnews.com/lifestyle/2010/04/28/kecil-tak-masalah-yang-penting-keras-dan-tahan-lama,No,Adult: Sexual content,Restricted ad serving,ca-pub-7784034061253020,12,2024-08-03,2024-08-06
www.tribunnews.com,Page,N/A,N/A,www.tribunnews.com/kesehatan/2017/12/07/lima-posisi-ideal-agar-hubungan-suami-istri-makin-panas-tahan-lama-dan-tak-mudah-lelah?page=2,No,Adult: Sexual content,Restricted ad serving,ca-pub-7784034061253020,12,2024-08-06,2024-08-06
www.tribunnews.com,Page,N/A,N/A,www.tribunnews.com/kesehatan/2013/02/06/ini-kata-mereka-yang-pernah-mengonsumsi-permen-karet-cinta?page=3,No,Adult: Sexual content,Restricted ad serving,ca-pub-7784034061253020,12,2024-08-06,2024-08-06
www.tribunnews.com,Page,N/A,N/A,www.tribunnews.com/kesehatan/2013/02/06/ini-kata-mereka-yang-pernah-mengonsumsi-permen-karet-cinta?page=2,No,Adult: Sexual content,Restricted ad serving,ca-pub-7784034061253020,12,2024-08-06,2024-08-06
www.tribunnews.com,Page,N/A,N/A,www.tribunnews.com/kesehatan/2011/07/15/pelajari-sifat-seksual-wanita-dari-buah-kesukaannya,No,Adult: Sexual content,Restricted ad serving,ca-pub-7784034061253020,12,2024-08-02,2024-08-04
www.tribunnews.com,Page,N/A,N/A,www.tribunnews.com/internasional/2017/07/07/menyusui-anak-sambil-berhubungan-intim-wanita-ini-dihujani-kritikan,No,Adult: Sexual content,Restricted ad serving,ca-pub-7784034061253020,12,2024-07-31,2024-08-04
www.tribunnews.com,Page,N/A,N/A,www.tribunnews.com/internasional/2016/12/06/artis-panas-italia-tawarkan-servis-seks-bagi-penolak-referendum,No,Adult: Sexual content,Restricted ad serving,ca-pub-7784034061253020,12,2024-07-31,2024-08-04
wartakota.tribunnews.com,Page,N/A,N/A,wartakota.tribunnews.com/tag/video-panas-wanita-manado-bugil,Yes,Google-served ads on screens without publisher-content,Restricted ad serving,ca-pub-7784034061253020,12,2024-08-05,2024-08-05
wartakota.tribunnews.com,Page,N/A,N/A,wartakota.tribunnews.com/2017/04/14/inilah-pria-pemeran-film-porno-tertua-di-dunia-buka-rahasia-untuk-menjaga-stamina,No,Adult: Sexual content,Restricted ad serving,ca-pub-7784034061253020,12,2024-08-06,2024-08-06
wartakota.tribunnews.com,Page,N/A,N/A,wartakota.tribunnews.com/2016/02/13/hah-guru-bahasa-inggris-di-negara-ini-tampil-tanpa-busana,No,Adult: Sexual content,Restricted ad serving,ca-pub-7784034061253020,12,2024-08-05,2024-08-05
wartakota.tribunnews.com,Page,N/A,N/A,wartakota.tribunnews.com/2015/09/19/inilah-titik-klitoris-yang-membuat-wanita-bahagia?page=2,No,Adult: Sexual content,Restricted ad serving,ca-pub-7784034061253020,12,2024-08-05,2024-08-05
wartakota.tribunnews.com,Page,N/A,N/A,wartakota.tribunnews.com/2015/07/23/inilah-asyiknya-lihat-wanita-orgasme,No,Adult: Sexual content,Restricted ad serving,ca-pub-7784034061253020,12,2024-07-31,2024-08-05
wartakota.tribunnews.com,Page,N/A,N/A,wartakota.tribunnews.com/2015/01/08/vagina-kembali-rapat-jika-jarang-bercinta-benarkah,No,Adult: Sexual content,Restricted ad serving,ca-pub-7784034061253020,12,2024-08-05,2024-08-05
wartakota.tribunnews.com,Page,N/A,N/A,wartakota.tribunnews.com/2015/01/07/ini-yang-dibayangkan-suami-saat-bercinta-dengan-istri,No,Adult: Sexual content,Restricted ad serving,ca-pub-7784034061253020,12,2024-08-04,2024-08-06
wartakota.tribunnews.com,Page,N/A,N/A,wartakota.tribunnews.com/2014/09/07/ini-penyebab-muka-wanita-aneh-saat-orgasme,No,Google-served ads obscuring content,Restricted ad serving,ca-pub-7784034061253020,12,2024-08-05,2024-08-06
suryamalang.tribunnews.com,Page,N/A,N/A,suryamalang.tribunnews.com/2021/11/22/sempat-dituduh-pelakor-viral-video-siswi-sd-kota-malang-diperkosa-dan-disiksa-10-pelaku-diciduk,Yes,Ads Disguised as Content,Restricted ad serving,ca-pub-7784034061253020,12,2024-08-04,2024-08-05
suryamalang.tribunnews.com,Page,N/A,N/A,suryamalang.tribunnews.com/2019/11/07/6-alur-jaringan-ayam-kampus-di-surabaya-malang-bocor-mucikari-kenalkan-teman-sma-tarif-17-juta,No,Adult: Sexual content,Restricted ad serving,ca-pub-7784034061253020,12,2024-08-04,2024-08-04
surabaya.tribunnews.com,Page,N/A,N/A,surabaya.tribunnews.com/2022/11/07/sosok-wanita-kebaya-merah-dalam-video-hot-jual-konten-rp-50-ribu-dibuat-di-surabaya?page=2,Yes,Ads Disguised as Content,Restricted ad serving,ca-pub-7784034061253020,12,2024-08-04,2024-08-04
sultra.tribunnews.com,Page,N/A,N/A,sultra.tribunnews.com/2021/10/23/video-viral-bullying-siswa-wakatobi-siswi-sma-2-wangiwangi-keroyok-pelajar-pria-dipukul-diinjak,Yes,Ads Disguised as Content,Restricted ad serving,ca-pub-7784034061253020,12,2024-08-04,2024-08-04
sulbar.tribunnews.com,Page,N/A,N/A,sulbar.tribunnews.com/2023/04/26/video-terbaru-syakirah-viral-durasi-full-5-dan-2-menit-di-twitter-dan-tiktok-terus-diburu-warganet?page=2,No,Google-served ads obscuring content,Restricted ad serving,ca-pub-7784034061253020,12,2024-08-06,2024-08-06
style.tribunnews.com,Page,N/A,N/A,style.tribunnews.com/amp/2017/01/29/ini-dia-5-wanita-bintang-film-panas-terfavorit-2017-adakah-artis-favoritmu,No,Adult: Sexual content,Restricted ad serving,ca-pub-7784034061253020,12,2024-07-31,2024-08-06
style.tribunnews.com,Page,N/A,N/A,style.tribunnews.com/2016/12/17/cari-tahu-yuk-karakter-cowok-lewat-11-jenis-kumis-dan-jenggot-mereka-ada-yang-bikin-melting,Yes,Site Behavior: Navigation,Restricted ad serving,ca-pub-7784034061253020,12,2024-08-03,2024-08-05
solo.tribunnews.com,Page,N/A,N/A,solo.tribunnews.com/2016/07/26/ini-lo-ciri-ciri-wanita-yang-ingin-bercinta-tapi-malu-mengungkapkan-pada-pasangannya,No,Adult: Sexual content,Restricted ad serving,ca-pub-7784034061253020,12,2024-08-04,2024-08-04
pontianak.tribunnews.com,Page,N/A,N/A,pontianak.tribunnews.com/tag/pembacokan,No,Shocking content,Restricted ad serving,ca-pub-7784034061253020,12,2024-08-01,2024-08-06
pontianak.tribunnews.com,Page,N/A,N/A,pontianak.tribunnews.com/2021/10/29/streaming-gratis-little-mom-eps-10-11-12-13-ada-kejutan-keenan-untuk-naura-fakta-yuda-membuat-onar,No,Google-served ads obscuring content,Restricted ad serving,ca-pub-7784034061253020,12,2024-08-04,2024-08-04
pontianak.tribunnews.com,Page,N/A,N/A,pontianak.tribunnews.com/2018/05/05/kalah-challenge-video-pamela-safitri-buka-baju-beredar-di-youtube-netter-semurah-itukah?page=all,No,Adult: Sexual content,Restricted ad serving,ca-pub-7784034061253020,12,2024-08-05,2024-08-05
pontianak.tribunnews.com,Page,N/A,N/A,pontianak.tribunnews.com/2017/07/04/video-istri-telanjangi-wanita-simpanan-suaminya-di-tempat-umum,Yes,Site Behavior: Navigation,Restricted ad serving,ca-pub-7784034061253020,12,2024-08-03,2024-08-06
pontianak.tribunnews.com,Page,N/A,N/A,pontianak.tribunnews.com/2017/05/03/soal-foto-telanjang-pamela-safitri-yang-pernah-tersebar-di-dunia-maya-manajer-duo-serigala-malu,No,Adult: Sexual content,Restricted ad serving,ca-pub-7784034061253020,12,2024-07-31,2024-08-05
pekanbaru.tribunnews.com,Page,N/A,N/A,pekanbaru.tribunnews.com/tag/berhubungan-badan,Yes,Google-served ads on screens without publisher-content,Restricted ad serving,ca-pub-7784034061253020,12,2024-08-02,2024-08-05
pekanbaru.tribunnews.com,Page,N/A,N/A,pekanbaru.tribunnews.com/404,Yes,Google-served ads on screens without publisher-content,Restricted ad serving,ca-pub-7784034061253020,12,2024-08-05,2024-08-05
pekanbaru.tribunnews.com,Page,N/A,N/A,pekanbaru.tribunnews.com/2023/05/04/siapa-sosok-pada-video-viral-47-deti-dan-2-menit-gadis-bali-terungkap,Yes,Google-served ads obscuring content;Modified Javascript: Ads by Google size,Restricted ad serving,ca-pub-7784034061253020,12,2024-08-05,2024-08-05
pekanbaru.tribunnews.com,Page,N/A,N/A,pekanbaru.tribunnews.com/2019/11/23/twitter-siskaeee-real-dicari-siapa-siskaee-telanjang-dada-di-depan-umum-prank-ojol-hingga-dihujat,No,Adult: Sexual content,Restricted ad serving,ca-pub-7784034061253020,12,2024-08-04,2024-08-04
palembang.tribunnews.com,Page,N/A,N/A,palembang.tribunnews.com/amp/2017/04/14/kakek-sugiono-82-aktor-film-dewasa-jepang-buka-rahasia-jaga-stamina,No,Adult: Sexual content,Restricted ad serving,ca-pub-7784034061253020,12,2024-08-03,2024-08-04
palembang.tribunnews.com,Page,N/A,N/A,palembang.tribunnews.com/2017/11/27/muncul-ruam-kulit-pada-anak-pertanda-adanya-7-jenis-penyakit-ini-begini-membedakannya?page=4,Yes,Site Behavior: Navigation,Restricted ad serving,ca-pub-7784034061253020,12,2024-08-06,2024-08-06
palembang.tribunnews.com,Page,N/A,N/A,palembang.tribunnews.com/2017/10/04/asyik-goyang-gadis-cantik-ini-menjerit-darah-kental-merembes-dari-bagian-bawahannya,No,Shocking content,Restricted ad serving,ca-pub-7784034061253020,12,2024-07-31,2024-08-06
palembang.tribunnews.com,Page,N/A,N/A,palembang.tribunnews.com/2017/08/21/merinding-saking-semangat-begituan-mis-v-wanita-ini-copot-rupanya-pasangannya-melakukan-ini?page=all,No,Adult: Sexual content,Restricted ad serving,ca-pub-7784034061253020,12,2024-08-05,2024-08-05
palembang.tribunnews.com,Page,N/A,N/A,palembang.tribunnews.com/2016/10/27/inilah-ciri-ciri-paling-mudah-tanda-seorang-wanita-tidak-perawan-lagi,No,Adult: Sexual content,Restricted ad serving,ca-pub-7784034061253020,12,2024-08-06,2024-08-06
palembang.tribunnews.com,Page,N/A,N/A,palembang.tribunnews.com/2016/10/01/videokaty-perry-buka-baju-bra-lalu-goyang-bagian-atas-dan-nyoblos-pipres-pria-ini-terjatuh-wow,No,Adult: Sexual content,Restricted ad serving,ca-pub-7784034061253020,12,2024-08-02,2024-08-04
medan.tribunnews.com,Page,N/A,N/A,medan.tribunnews.com/2023/09/23/curiga-keponakannya-kerap-pakai-baju-seksi-di-rumah-wanita-ini-syok-tahu-suaminya-5-kali-selingkuh,No,Google-served ads obscuring content,Restricted ad serving,ca-pub-7784034061253020,12,2024-08-04,2024-08-04
medan.tribunnews.com,Page,N/A,N/A,medan.tribunnews.com/2017/10/30/bikin-bergidik-dokter-gigi-temukan-hal-mengerikan-ini-di-mulut-pasiennya?page=all,No,Shocking content,Restricted ad serving,ca-pub-7784034061253020,12,2024-08-05,2024-08-05
medan.tribunnews.com,Page,N/A,N/A,medan.tribunnews.com/2017/08/22/mengerikan-jangan-coba-coba-masukkan-benda-benda-ini-ke-miss-v-ini-daftar-5-kasusnya?page=all,No,Adult: Sexual content,Restricted ad serving,ca-pub-7784034061253020,12,2024-08-06,2024-08-06
medan.tribunnews.com,Page,N/A,N/A,medan.tribunnews.com/2016/12/28/jerit-tangis-kesakitan-gadis-sma-diperkosa-bergilir-hingga-wajah-bejat-terduga-pelaku,No,Adult: Sexual content,Restricted ad serving,ca-pub-7784034061253020,12,2024-08-04,2024-08-04
makassar.tribunnews.com,Page,N/A,N/A,makassar.tribunnews.com/2021/03/20/fakta-baru-pemeran-video-asusila-di-hotel-bogor-26konten-dijual-ke-pornhub-tapi-keuntungan-sedikit,No,Google-served ads obscuring content,Restricted ad serving,ca-pub-7784034061253020,12,2024-08-01,2024-08-04
madura.tribunnews.com,Page,N/A,N/A,madura.tribunnews.com/2019/07/18/dua-anak-sd-di-magetan-malah-asyik-berhubungan-badan-saat-ibunya-pergi-ke-sawah-videonya-viral,Yes,Ads Disguised as Content,Restricted ad serving,ca-pub-7784034061253020,12,2024-07-31,2024-08-05
m.tribunnews.com,Page,N/A,N/A,m.tribunnews.com/tag/seks-bebas,No,Adult: Sexual content,Restricted ad serving,ca-pub-7784034061253020,12,2024-07-31,2024-08-05
m.tribunnews.com,Page,N/A,N/A,m.tribunnews.com/kesehatan/2017/12/07/lima-posisi-ideal-agar-hubungan-suami-istri-makin-panas-tahan-lama-dan-tak-mudah-lelah,No,Adult: Sexual content,Restricted ad serving,ca-pub-7784034061253020,12,2024-08-04,2024-08-04
m.tribunnews.com,Page,N/A,N/A,m.tribunnews.com/amp/lifestyle/2016/07/26/ciri-ciri-wanita-yang-ingin-bercinta-tapi-malu-mengungkapkan-pada-pasangannya,No,Adult: Sexual content,Restricted ad serving,ca-pub-7784034061253020,12,2024-08-02,2024-08-04
m.tribunnews.com,Page,N/A,N/A,m.tribunnews.com/amp/kesehatan/2017/07/08/terungkap-rahasia-bentuk-bibir-wanita-dan-tingginya-nafsu-seksual,No,Adult: Sexual content,Restricted ad serving,ca-pub-7784034061253020,12,2024-08-01,2024-08-04
kupang.tribunnews.com,Page,N/A,N/A,kupang.tribunnews.com/2020/05/08/inilah-10-bagian-tubuh-wanita-yang-ingin-disentuh-mulai-dari-leher-bibir-hingga-payudara,No,Adult: Sexual content,Restricted ad serving,ca-pub-7784034061253020,12,2024-08-05,2024-08-05
kupang.tribunnews.com,Page,N/A,N/A,kupang.tribunnews.com/2019/05/24/bintang-film-dewasa-tertua-shigeo-lebih-enak-main-dengan-wanita-usia-30-an-dari-pada-20-an?page=2,No,Adult: Sexual content,Restricted ad serving,ca-pub-7784034061253020,12,2024-08-05,2024-08-05
kupang.tribunnews.com,Page,N/A,N/A,kupang.tribunnews.com/2017/06/02/video-ini-kata-peserta-seleksi-duta-genre-harus-bisa-pacaran-tanpa-seks,Yes,Site Behavior: Navigation,Restricted ad serving,ca-pub-7784034061253020,12,2024-07-31,2024-08-05
kupang.tribunnews.com,Page,N/A,N/A,kupang.tribunnews.com/2017/04/02/heboh-adegan-mesum-pasangan-mahasiswa-ntt-viral-di-media-sosial-ini-pose-pose-intimnya,No,Adult: Sexual content;Shocking content,Restricted ad serving,ca-pub-7784034061253020,12,2024-08-04,2024-08-04
kupang.tribunnews.com,Page,N/A,N/A,kupang.tribunnews.com/2016/10/19/tali-bra-bikin-pria-mendadak-bergairah,No,Adult: Sexual content,Restricted ad serving,ca-pub-7784034061253020,12,2024-07-31,2024-08-04
kupang.tribunnews.com,Page,N/A,N/A,kupang.tribunnews.com/2014/12/09/hemm-vagina-ozon-bikin-miss-v-lebih-kencang-dan-wangi,No,Adult: Sexual content,Restricted ad serving,ca-pub-7784034061253020,12,2024-08-06,2024-08-06
jogja.tribunnews.com,Page,N/A,N/A,jogja.tribunnews.com/2017/10/18/viral-remaja-ini-dibully-setelah-unggah-foto-selfie-wajah-penuh-cairan-kental,No,Adult: Sexual content,Restricted ad serving,ca-pub-7784034061253020,12,2024-07-31,2024-08-06
jogja.tribunnews.com,Page,N/A,N/A,jogja.tribunnews.com/2017/02/08/pemuda-ini-diberi-kado-boneka-pemuas-nafsu-oleh-ayahnya-begini-tujuannya,No,Adult: Sexual content,Restricted ad serving,ca-pub-7784034061253020,12,2024-08-04,2024-08-04
jateng.tribunnews.com,Page,N/A,N/A,jateng.tribunnews.com/amp/2018/08/17/koleksi-video-porno-antara-manusia-dengan-kuda-anjing-babi-hingga-ular-pria-ini-diadili,No,Adult: Sexual content,Restricted ad serving,ca-pub-7784034061253020,12,2024-08-02,2024-08-06
jateng.tribunnews.com,Page,N/A,N/A,jateng.tribunnews.com/2024/03/26/siswi-sma-di-cilacap-membunuh-bayi-mulut-disumpal-celana-dalam-mayat-dilempar-seakan-sampah,No,Google-served ads obscuring content;Shocking content,Restricted ad serving,ca-pub-7784034061253020,12,2024-08-05,2024-08-05
jateng.tribunnews.com,Page,N/A,N/A,jateng.tribunnews.com/2022/10/15/manfaat-jahe-bagi-kesehatan-pria-bantu-naikkan-vitalitas,Yes,Ads Disguised as Content,Restricted ad serving,ca-pub-7784034061253020,12,2024-08-06,2024-08-06
jateng.tribunnews.com,Page,N/A,N/A,jateng.tribunnews.com/2022/07/26/6-fakta-pembunuhan-mutilasi-yang-potongan-tubuhnya-ditemukan-di-ungaran-semarang,Yes,Ads Disguised as Content,Restricted ad serving,ca-pub-7784034061253020,12,2024-08-05,2024-08-05
jateng.tribunnews.com,Page,N/A,N/A,jateng.tribunnews.com/2018/06/22/heboh-video-porno-mirip-aura-kasih-sang-artis-ajak-pengikutnya-nonton-sok-atuh-ditonton,No,Google-served ads obscuring content,Restricted ad serving,ca-pub-7784034061253020,12,2024-08-01,2024-08-06
jateng.tribunnews.com,Page,N/A,N/A,jateng.tribunnews.com/2018/02/06/terbongkar-inilah-rahasia-aktor-film-bokep-bisa-tahan-berjam-jam,No,Adult: Sexual content,Restricted ad serving,ca-pub-7784034061253020,12,2024-08-06,2024-08-06
jateng.tribunnews.com,Page,N/A,N/A,jateng.tribunnews.com/2016/05/30/seperti-apa-bentuk-bokongmu-inilah-celana-dalam-yang-cocok-dengan-bokong-anda?page=all,No,Adult: Sexual content,Restricted ad serving,ca-pub-7784034061253020,12,2024-08-04,2024-08-04
jateng.tribunnews.com,Page,N/A,N/A,jateng.tribunnews.com/2016/04/16/konser-duo-serigala-hampir-bugil-bikin-heboh-lihat-videonya,Yes,Site Behavior: Navigation,Restricted ad serving,ca-pub-7784034061253020,12,2024-08-01,2024-08-05
jambi.tribunnews.com,Page,N/A,N/A,jambi.tribunnews.com/2020/01/02/cek-harga-rokok-yang-sering-kamu-hisap-1-januari-resmi-naik-ini-daftar-kenaikan-harga-semua-merek,No,Tobacco,Restricted ad serving,ca-pub-7784034061253020,12,2024-08-05,2024-08-05
jambi.tribunnews.com,Page,N/A,N/A,jambi.tribunnews.com/2019/10/23/detik-detik-skandal-video-mahasiswi-cantik-peluk-dosen-pakai-kaca-mata-di-kamar-pakai-bahasa-sunda?page=all,No,Shocking content,Restricted ad serving,ca-pub-7784034061253020,12,2024-08-05,2024-08-05
jambi.tribunnews.com,Page,N/A,N/A,jambi.tribunnews.com/2019/01/12/bikin-wanita-organsme-tak-sulit-4-langkah-mudah-ini-terbukti-bikin-si-dia-terbang-ke-langit-ke-7?page=2,No,Adult: Sexual content,Restricted ad serving,ca-pub-7784034061253020,12,2024-08-06,2024-08-06
jambi.tribunnews.com,Page,N/A,N/A,jambi.tribunnews.com/2018/06/07/10-negara-ini-miliki-budaya-begituan-paling-bebas-di-dunia-ada-yang-gemar-bertukar-pasangan,No,Adult: Sexual content,Restricted ad serving,ca-pub-7784034061253020,12,2024-08-04,2024-08-04
jambi.tribunnews.com,Page,N/A,N/A,jambi.tribunnews.com/2018/04/21/wahai-wanita-kepribadianmu-bisa-terlihat-melalui-bentuk-puting-payudaramu,No,Adult: Sexual content,Restricted ad serving,ca-pub-7784034061253020,12,2024-08-04,2024-08-04
jambi.tribunnews.com,Page,N/A,N/A,jambi.tribunnews.com/2018/03/18/foto-tanpa-sehelai-benang-wanita-ini-lakukan-ritual-jogging-di-kawasan-bersalju-alasannya,Yes,Site Behavior: Navigation,Restricted ad serving,ca-pub-7784034061253020,12,2024-08-01,2024-08-05
jambi.tribunnews.com,Page,N/A,N/A,jambi.tribunnews.com/2018/02/10/dari-cukur-bulu-kemaluan-hingga-gaya-bercinta-ini-tanda-pasanganmu-pernah-tidur-dengan-pria-lain,No,Adult: Sexual content,Restricted ad serving,ca-pub-7784034061253020,12,2024-07-31,2024-08-06
jambi.tribunnews.com,Page,N/A,N/A,jambi.tribunnews.com/2018/01/16/10-alasan-wanita-nonton-film-panas-nomor-3-pria-bisa-terdiam-dibuatnya?page=2,No,Adult: Sexual content,Restricted ad serving,ca-pub-7784034061253020,12,2024-08-06,2024-08-06
jambi.tribunnews.com,Page,N/A,N/A,jambi.tribunnews.com/2017/11/21/video-gadis-cantik-telanjang-di-mal-bagian-pribadi-hanya-ditutupi-cat-orang-orang-pada-ngeliatin,No,Adult: Sexual content,Restricted ad serving,ca-pub-7784034061253020,12,2024-08-06,2024-08-06
jambi.tribunnews.com,Page,N/A,N/A,jambi.tribunnews.com/2017/04/14/foto-shigeo-pemain-film-porno-jepang-yang-sudah-lanjut-usia-berbagi-tips-tahan-lama,No,Adult: Sexual content,Restricted ad serving,ca-pub-7784034061253020,12,2024-07-31,2024-08-04
jambi.tribunnews.com,Page,N/A,N/A,jambi.tribunnews.com/2016/05/05/foto-kocak-nelayan-di-indonesia-ini-anggap-malaikat-dari-surga-ternyata-boneka-seks,No,Adult: Sexual content,Restricted ad serving,ca-pub-7784034061253020,12,2024-08-04,2024-08-04
jambi.tribunnews.com,Page,N/A,N/A,jambi.tribunnews.com/2014/01/02/kisah-ayam-abg-yang-jadi-piala-bergilir-pembalap-jalanan,No,Adult: Sexual content,Restricted ad serving,ca-pub-7784034061253020,12,2024-08-02,2024-08-04
jakarta.tribunnews.com,Page,N/A,N/A,jakarta.tribunnews.com/2024/05/07/gerak-gerik-janggal-tarsum-sebelum-mutilasi-istri-di-ciamis-ucap-ini-saat-diminta-ingat-allah-swt?source=kgnotif_1,No,Google-served ads obscuring content,Restricted ad serving,ca-pub-7784034061253020,12,2024-08-06,2024-08-06
jakarta.tribunnews.com,Page,N/A,N/A,jakarta.tribunnews.com/2018/10/02/pesta-seks-sesama-jenis-di-sunter-terduga-pelaku-akur-dengan-istri-hingga-cara-kelabui-sekuriti?page=3,No,Adult: Sexual content,Restricted ad serving,ca-pub-7784034061253020,12,2024-08-05,2024-08-05
bogor.tribunnews.com,Page,N/A,N/A,bogor.tribunnews.com/tag/hubungan-intim,No,Adult: Sexual content,Restricted ad serving,ca-pub-7784034061253020,12,2024-08-02,2024-08-05
bogor.tribunnews.com,Page,N/A,N/A,bogor.tribunnews.com/2017/01/04/hasil-penelitian-tiga-gaya-bercinta-ini-paling-disukai-wanita?page=4,No,Adult: Sexual content,Restricted ad serving,ca-pub-7784034061253020,12,2024-08-05,2024-08-05
bogor.tribunnews.com,Page,N/A,N/A,bogor.tribunnews.com/2016/10/07/mengerikan-dokter-temukan-alat-bantu-seks-di-dalam-perut-wanita-ini-penyebabnya-tidak-diduga?page=2,No,Adult: Sexual content,Restricted ad serving,ca-pub-7784034061253020,12,2024-08-04,2024-08-04
bogor.tribunnews.com,Page,N/A,N/A,bogor.tribunnews.com/2016/07/01/5-permainan-yang-bisa-membangkitkan-gairah-bercinta-main-dadu-hingga-arisan,No,Adult: Sexual content,Restricted ad serving,ca-pub-7784034061253020,12,2024-08-05,2024-08-05
belitung.tribunnews.com,Page,N/A,N/A,belitung.tribunnews.com/2020/03/08/tantra-gerakan-yang-buat-wanita-orgasme-hanya-dalam-beberapa-tarikan-nafas-begini-jelasnya?page=3,No,Adult: Sexual content,Restricted ad serving,ca-pub-7784034061253020,12,2024-08-04,2024-08-04
belitung.tribunnews.com,Page,N/A,N/A,belitung.tribunnews.com/2020/03/08/tantra-gerakan-yang-buat-wanita-orgasme-hanya-dalam-beberapa-tarikan-nafas-begini-jelasnya?page=2,No,Adult: Sexual content,Restricted ad serving,ca-pub-7784034061253020,12,2024-08-04,2024-08-04
belitung.tribunnews.com,Page,N/A,N/A,belitung.tribunnews.com/2018/01/07/pembuatan-video-mesum-tante-cantik-dan-bocah-sd-diduga-dilakukan-selama-3-hari-di-hotel?page=3,No,Adult: Sexual content,Restricted ad serving,ca-pub-7784034061253020,12,2024-08-06,2024-08-06
belitung.tribunnews.com,Page,N/A,N/A,belitung.tribunnews.com/2017/12/12/video-rok-aura-kasih-tersingkap-bagian-sensitif-ini-terlihat,Yes,Site Behavior: Navigation,Restricted ad serving,ca-pub-7784034061253020,12,2024-08-06,2024-08-06
belitung.tribunnews.com,Page,N/A,N/A,belitung.tribunnews.com/2017/10/21/ini-para-artis-yang-rela-lakukan-adegan-ranjang-di-film-ada-yang-dilakuin-beneran-lho?page=all,Yes,Site Behavior: Navigation,Restricted ad serving,ca-pub-7784034061253020,12,2024-08-06,2024-08-06
belitung.tribunnews.com,Page,N/A,N/A,belitung.tribunnews.com/2016/11/01/mengejutkan-lima-wanita-muslim-ini-pilih-profesi-sebagai-bintang-film-porno?page=2,No,Google-served ads obscuring content,Restricted ad serving,ca-pub-7784034061253020,12,2024-08-04,2024-08-04
batam.tribunnews.com,Page,N/A,N/A,batam.tribunnews.com/2018/12/04/boleh-coba-sebelum-membeli-perusahaan-penjual-boneka-pemuas-nafsu-ditutup-polisi?page=2,No,Adult: Sexual content,Restricted ad serving,ca-pub-7784034061253020,12,2024-08-05,2024-08-05
batam.tribunnews.com,Page,N/A,N/A,batam.tribunnews.com/2018/12/04/boleh-coba-sebelum-membeli-perusahaan-penjual-boneka-pemuas-nafsu-ditutup-polisi,No,Adult: Sexual content,Restricted ad serving,ca-pub-7784034061253020,12,2024-08-05,2024-08-05
banjarmasin.tribunnews.com,Page,N/A,N/A,banjarmasin.tribunnews.com/2021/01/07/foto-dan-video-syur-nikita-mirzani-boleh-ditonton-publik-nyai-beri-syarat,Yes,Google-served ads obscuring content;Modified Javascript: Ads by Google size,Restricted ad serving,ca-pub-7784034061253020,12,2024-07-31,2024-08-06
banjarmasin.tribunnews.com,Page,N/A,N/A,banjarmasin.tribunnews.com/2016/05/14/wanita-cantik-ini-memijat-tanpa-busana-paket-yang-bisa-maen-lebih-rp-600000,No,Shocking content,Restricted ad serving,ca-pub-7784034061253020,12,2024-07-31,2024-08-05
bangka.tribunnews.com,Page,N/A,N/A,bangka.tribunnews.com/2022/01/10/beraninya-dianna-dee-goyang-di-atas-kasur-pakai-baju-malam-ada-yang-bilang-begini,No,Adult: Sexual content,Restricted ad serving,ca-pub-7784034061253020,12,2024-08-03,2024-08-06
bangka.tribunnews.com,Page,N/A,N/A,bangka.tribunnews.com/2021/03/19/fakta-video-panas-gaun-merah-di-hotel-bogor-kerjasama-buat-konten-asusila-keuntungan-rp-195-juta,Yes,Ads Disguised as Content,Restricted ad serving,ca-pub-7784034061253020,12,2024-08-01,2024-08-04
bangka.tribunnews.com,Page,N/A,N/A,bangka.tribunnews.com/2020/07/11/abg-rayakan-ulang-tahun-bawa-obat-kuat-untuk-pesta-seks-di-kamar-hotel,No,Google-served ads obscuring content,Restricted ad serving,ca-pub-7784034061253020,12,2024-08-02,2024-08-04
bangka.tribunnews.com,Page,N/A,N/A,bangka.tribunnews.com/2019/02/12/pria-penyuka-makanan-pedas-punya-performa-seksual-lebih-di-ranjang-ini-penjelasannya,No,Adult: Sexual content,Restricted ad serving,ca-pub-7784034061253020,12,2024-08-05,2024-08-05
bangka.tribunnews.com,Page,N/A,N/A,bangka.tribunnews.com/2019/02/02/kambing-hamil-diperkosa-beramai-ramai-hingga-tewas-pengidap-zoophilia-sulit-disembuhkan?page=all,No,Shocking content,Restricted ad serving,ca-pub-7784034061253020,12,2024-08-06,2024-08-06
bangka.tribunnews.com,Page,N/A,N/A,bangka.tribunnews.com/2018/01/17/tersebar-lewat-wa-heboh-beredar-video-mesum-berdurasi-3-menit-pelajar-smk-dan-smp,No,Adult: Sexual content,Restricted ad serving,ca-pub-7784034061253020,12,2024-08-04,2024-08-05
bangka.tribunnews.com,Page,N/A,N/A,bangka.tribunnews.com/2018/01/07/fakta-tersembunyi-ini-5-film-dewasa-yang-adegan-intim-beneran-dilakukan-bukan-rekayasa,No,Adult: Sexual content,Restricted ad serving,ca-pub-7784034061253020,12,2024-08-06,2024-08-06
bangka.tribunnews.com,Page,N/A,N/A,bangka.tribunnews.com/2017/08/16/cantik-cantik-5-artis-ini-ternyata-bobotoh-persib?page=2,No,Shocking content,Restricted ad serving,ca-pub-7784034061253020,12,2024-08-05,2024-08-05
bangka.tribunnews.com,Page,N/A,N/A,bangka.tribunnews.com/2017/08/15/deg-degan-malam-pertama-ini-yang-mesti-disiapkan-pengantin-baru-agar-sempurna,No,Adult: Sexual content,Restricted ad serving,ca-pub-7784034061253020,12,2024-08-04,2024-08-04
bangka.tribunnews.com,Page,N/A,N/A,bangka.tribunnews.com/2017/07/05/mendesah-wanita-ini-goyang-goyang-tubuhnya-sambil-menahan-sesuatu-aduh-udah-mau-keluar,No,Adult: Sexual content,Restricted ad serving,ca-pub-7784034061253020,12,2024-08-02,2024-08-05
bangka.tribunnews.com,Page,N/A,N/A,bangka.tribunnews.com/2017/06/18/aksi-dua-wanita-buka-baju-di-depan-orang-bikin-geleng-geleng-kepala-ini-yang-dilakukannya,Yes,Site Behavior: Navigation,Restricted ad serving,ca-pub-7784034061253020,12,2024-08-02,2024-08-05
bali.tribunnews.com,Page,N/A,N/A,bali.tribunnews.com/2020/01/12/benarkah-wanita-dengan-bulu-yang-lebat-menandakan-punya-libido-tinggi-berikut-faktanya?page=2,No,Adult: Sexual content,Restricted ad serving,ca-pub-7784034061253020,12,2024-08-06,2024-08-06
bali.tribunnews.com,Page,N/A,N/A,bali.tribunnews.com/2019/09/01/oral-seks-variasi-aktivitas-seks-dan-resikonya,No,Adult: Sexual content,Restricted ad serving,ca-pub-7784034061253020,12,2024-08-04,2024-08-04
bali.tribunnews.com,Page,N/A,N/A,bali.tribunnews.com/2019/05/23/wawancara-khusus-dengan-kakek-sugiono-di-jepang-paling-enak-kerja-dengan-wanita-usia-30-40-tahunan,No,Adult: Sexual content,Restricted ad serving,ca-pub-7784034061253020,12,2024-07-31,2024-08-04
bali.tribunnews.com,Page,N/A,N/A,bali.tribunnews.com/2018/01/09/pemeran-wanita-pada-video-porno-bareng-bocah-sudah-syuting-2-kali-polisi-duga-dijual-ke-bali,No,Adult: Sexual content,Restricted ad serving,ca-pub-7784034061253020,12,2024-08-04,2024-08-04
bali.tribunnews.com,Page,N/A,N/A,bali.tribunnews.com/2017/12/17/waspada-driver-ojek-online-ini-sebar-nomor-pelanggan-mahasiswi-ke-tempat-pelacuran-gegara-ini,No,Shocking content,Restricted ad serving,ca-pub-7784034061253020,12,2024-08-06,2024-08-06
bali.tribunnews.com,Page,N/A,N/A,bali.tribunnews.com/2017/07/08/intip-aksi-nikita-mirzani-pamer-dada-netizen-heboh?page=all,No,Google-served ads obscuring content,Restricted ad serving,ca-pub-7784034061253020,12,2024-08-05,2024-08-05
bali.tribunnews.com,Page,N/A,N/A,bali.tribunnews.com/2016/10/12/video-model-dewasa-serliana-sebut-suka-posisi-di-bawah-lihat-lidahnya,No,Adult: Sexual content,Restricted ad serving,ca-pub-7784034061253020,12,2024-08-04,2024-08-04
aceh.tribunnews.com,Page,N/A,N/A,aceh.tribunnews.com/2024/07/01/viral-odgj-mutilasi-sesama-odgj-di-garut-korban-dibungkus-karung-warga-takut-mendekat?page=2,No,Shocking content,Restricted ad serving,ca-pub-7784034061253020,12,2024-08-06,2024-08-06
aceh.tribunnews.com,Page,N/A,N/A,aceh.tribunnews.com/2024/03/26/curhat-seorang-istri-trauma-tinggal-di-rumah-mertua-kerap-temukan-bra-celana-dalamnya-penuh-mani?page=2,Yes,Google-served ads obscuring content;Modified Javascript: Ads by Google size,Restricted ad serving,ca-pub-7784034061253020,12,2024-08-04,2024-08-04
aceh.tribunnews.com,Page,N/A,N/A,aceh.tribunnews.com/2023/09/15/habisi-setubuhi-mantan-kekasih-saat-sekarat-oknum-tni-cuma-dibui-15-tahun-ayah-korban-tak-terima,No,Shocking content,Restricted ad serving,ca-pub-7784034061253020,12,2024-08-04,2024-08-04
aceh.tribunnews.com,Page,N/A,N/A,aceh.tribunnews.com/2023/08/09/bahaya-ini-mengintai-hubungan-sedarah-atau-inses-dr-boyke-ingatkan-menikah-harus-dengan-orang-jauh,Yes,Google-served ads obscuring content;Modified Javascript: Ads by Google size,Restricted ad serving,ca-pub-7784034061253020,12,2024-08-05,2024-08-05
aceh.tribunnews.com,Page,N/A,N/A,aceh.tribunnews.com/2020/11/15/youtuber-ini-selalu-berpakaian-terbuka-saat-bikin-video-alasannya-untuk-menarik-penonton?page=3,No,Shocking content,Restricted ad serving,ca-pub-7784034061253020,12,2024-08-04,2024-08-04
aceh.tribunnews.com,Page,N/A,N/A,aceh.tribunnews.com/2020/01/16/cerita-driver-ojek-online-diajak-hubungan-intim-oleh-customer-isi-chat-bikin-driver-ngelus-dada?page=3,No,Adult: Sexual content;Shocking content,Restricted ad serving,ca-pub-7784034061253020,12,2024-08-04,2024-08-04
aceh.tribunnews.com,Page,N/A,N/A,aceh.tribunnews.com/2018/04/12/7-aplikasi-ini-bisa-membantumu-untuk-hemat-kuota-internet-boleh-dicoba,No,Shocking content,Restricted ad serving,ca-pub-7784034061253020,12,2024-08-06,2024-08-06
www.tribunnews.com,Page,N/A,N/A,www.tribunnews.com/regional/2020/04/12/cerita-janda-yang-ajak-pria-kenalan-di-medos-ke-rumahnya-korban-dibuat-tak-berdaya-di-ruang-tamu,No,Shocking content,Restricted ad serving,ca-pub-7784034061253020,11,2024-08-04,2024-08-06
www.tribunnews.com,Page,N/A,N/A,www.tribunnews.com/regional/2017/11/22/pengakuan-terapis-pijat-di-palembang-kalau-pakai-layanan-plus-penghasilannya-wow?page=4,No,Adult: Sexual content,Restricted ad serving,ca-pub-7784034061253020,11,2024-08-06,2024-08-06
www.tribunnews.com,Page,N/A,N/A,www.tribunnews.com/regional/2017/10/18/alamak-gadis-cantik-nan-mulus-ini-rela-jual-kegadisannya-hanya-demi-sebuah-iphone,No,Adult: Sexual content,Restricted ad serving,ca-pub-7784034061253020,11,2024-08-06,2024-08-06
www.tribunnews.com,Page,N/A,N/A,www.tribunnews.com/regional/2016/03/10/diduga-salon-plus-plus-damor-solo-digerebek-ormas-dan-polisi,No,Shocking content,Restricted ad serving,ca-pub-7784034061253020,11,2024-08-05,2024-08-05
www.tribunnews.com,Page,N/A,N/A,www.tribunnews.com/lifestyle/2016/09/17/hasil-penelitian-ungkap-puncak-nikmat-wanita-soal-semburan-apakah-sama-dengan-pria,No,Adult: Sexual content,Restricted ad serving,ca-pub-7784034061253020,11,2024-08-05,2024-08-06
www.tribunnews.com,Page,N/A,N/A,www.tribunnews.com/kesehatan/2016/07/21/berapa-sebenarnya-ukuran-payudara-yang-ideal-itu,No,Adult: Sexual content,Restricted ad serving,ca-pub-7784034061253020,11,2024-08-01,2024-08-04
www.tribunnews.com,Page,N/A,N/A,www.tribunnews.com/kesehatan/2015/09/25/suami-anda-mulai-malas-bercinta-jangan-panik-cepat-lakukan-tiga-hal-ini,No,Adult: Sexual content,Restricted ad serving,ca-pub-7784034061253020,11,2024-08-01,2024-08-05
www.tribunnews.com,Page,N/A,N/A,www.tribunnews.com/kesehatan/2015/02/02/ejakulasi-pada-perempuan-itu-seperti-apa,No,Adult: Sexual content,Restricted ad serving,ca-pub-7784034061253020,11,2024-07-31,2024-08-06
www.tribunnews.com,Page,N/A,N/A,www.tribunnews.com/internasional/2015/07/11/ini-dia-10-negara-dengan-budaya-seks-paling-bebas?page=2,No,Adult: Sexual content,Restricted ad serving,ca-pub-7784034061253020,11,2024-08-06,2024-08-06
wartakota.tribunnews.com,Page,N/A,N/A,wartakota.tribunnews.com/2023/09/13/model-anisa-tasya-amelia-dan-para-pemeran-film-dewasa-birahi-muda-bakal-diperiksa-polisi?page=all,Yes,Google-served ads obscuring content;Modified Javascript: Ads by Google size,Restricted ad serving,ca-pub-7784034061253020,11,2024-08-04,2024-08-04
wartakota.tribunnews.com,Page,N/A,N/A,wartakota.tribunnews.com/2022/11/03/link-video-mesum-perempuan-cantik-kebaya-merah-berdurasi-16-menit-diburu-polda-bali-turun-tangan,Yes,Ads Disguised as Content,Restricted ad serving,ca-pub-7784034061253020,11,2024-07-31,2024-08-06
wartakota.tribunnews.com,Page,N/A,N/A,wartakota.tribunnews.com/2017/11/25/rumah-kos-yang-dijaga-tante-vero-khusus-pria,No,Shocking content,Restricted ad serving,ca-pub-7784034061253020,11,2024-08-02,2024-08-06
video.tribunnews.com,Page,N/A,N/A,video.tribunnews.com/view/39814/kasus-mesum-artis-aceh-senator-haji-uma-sekaligus-seniman-merasa-sangat-terpukul,Yes,Site Behavior: Navigation,Restricted ad serving,ca-pub-7784034061253020,11,2024-08-06,2024-08-06
travel.tribunnews.com,Page,N/A,N/A,travel.tribunnews.com/2017/07/01/astaga-karena-alasan-ini-banyak-pria-jepang-lebih-pilih-boneka-seks-ketimbang-perempuan?page=all,No,Adult: Sexual content,Restricted ad serving,ca-pub-7784034061253020,11,2024-08-04,2024-08-04
surabaya.tribunnews.com,Page,N/A,N/A,surabaya.tribunnews.com/2019/10/03/ini-pemeran-cewek-video-panas-siswi-smk-di-tuban-terungkap-berawal-dari-identitas-kaus-kaki,No,Google-served ads obscuring content,Restricted ad serving,ca-pub-7784034061253020,11,2024-08-06,2024-08-06
surabaya.tribunnews.com,Page,N/A,N/A,surabaya.tribunnews.com/2017/10/21/totalitas-deretan-para-artis-yang-sungguhan-lakukan-adegan-ranjang?page=all,Yes,Site Behavior: Navigation,Restricted ad serving,ca-pub-7784034061253020,11,2024-08-06,2024-08-06
sumsel.tribunnews.com,Page,N/A,N/A,sumsel.tribunnews.com/2015/11/24/waw-pamela-duo-serigala-unggah-foto-payudara-dipegang-pria,No,Adult: Sexual content,Restricted ad serving,ca-pub-7784034061253020,11,2024-08-04,2024-08-04
style.tribunnews.com,Page,N/A,N/A,style.tribunnews.com/2023/10/03/keji-oknum-tni-sekongkol-dengan-selingkuhan-habisi-istri-sah-usai-membunuh-mampir-hotel-begituan,No,Shocking content,Restricted ad serving,ca-pub-7784034061253020,11,2024-08-05,2024-08-05
style.tribunnews.com,Page,N/A,N/A,style.tribunnews.com/2016/09/02/selebgram-dunia-terseksi-5-model-instagram-ini-dijamin-bikin-mata-kamu-nggak-berkedip,Yes,Site Behavior: Navigation,Restricted ad serving,ca-pub-7784034061253020,11,2024-08-02,2024-08-05
pontianak.tribunnews.com,Page,N/A,N/A,pontianak.tribunnews.com/2018/01/29/perankan-ratusan-film-porno-artis-ini-merasakan-sakit-saat-seks-di-ranjang-rahimnya-sering-disodok,No,Adult: Sexual content,Restricted ad serving,ca-pub-7784034061253020,11,2024-08-05,2024-08-05
pekanbaru.tribunnews.com,Page,N/A,N/A,pekanbaru.tribunnews.com/2019/01/03/mengenal-gaya-sendok-posisi-bercinta-yang-bisa-memuaskan-pasangan-meski-saat-tubuh-lelah,No,Adult: Sexual content,Restricted ad serving,ca-pub-7784034061253020,11,2024-08-06,2024-08-06
pekanbaru.tribunnews.com,Page,N/A,N/A,pekanbaru.tribunnews.com/2018/01/18/para-ladies-6-mitos-celana-dalam-yang-bisa-membahayakan-mrsv,No,Adult: Sexual content,Restricted ad serving,ca-pub-7784034061253020,11,2024-08-04,2024-08-04
pekanbaru.tribunnews.com,Page,N/A,N/A,pekanbaru.tribunnews.com/2014/11/30/berkelana-mencari-wisata-nafsu-di-kota-dumai,No,Adult: Sexual content,Restricted ad serving,ca-pub-7784034061253020,11,2024-08-01,2024-08-06
palembang.tribunnews.com,Page,N/A,N/A,palembang.tribunnews.com/2018/01/17/baru-saja-pamer-foto-nyaris-bugil-video-seronok-gebby-vesta-ini-bikin-lemes-mainin-anu-pria,No,Adult: Sexual content,Restricted ad serving,ca-pub-7784034061253020,11,2024-08-04,2024-08-06
palembang.tribunnews.com,Page,N/A,N/A,palembang.tribunnews.com/2017/08/11/viral-pelajar-cantik-ini-ajak-gurunya-begituan-gurunya-tak-bisa-menolak-dan-terpaksa-lakukan-ini,No,Adult: Sexual content,Restricted ad serving,ca-pub-7784034061253020,11,2024-08-05,2024-08-05
palembang.tribunnews.com,Page,N/A,N/A,palembang.tribunnews.com/2015/02/06/pakai-gelas-untuk-alat-bantu-seks-pria-ini-dilarikan-ke-rumah-sakit,No,Adult: Sexual content,Restricted ad serving,ca-pub-7784034061253020,11,2024-08-04,2024-08-04
newsmaker.tribunnews.com,Page,N/A,N/A,newsmaker.tribunnews.com/2020/11/07/video-syur-mirip-gisella-anastasia-viral-deretan-benda-milik-sang-artis-ini-jadi-sorotan,Yes,Ads Disguised as Content,Restricted ad serving,ca-pub-7784034061253020,11,2024-08-06,2024-08-06
medan.tribunnews.com,Page,N/A,N/A,medan.tribunnews.com/2023/05/03/kecelakaan-di-simpang-sicanang-belawan-pengendara-motor-tewas-terlindas-truk-berikut-identitasnya,No,Shocking content,Restricted ad serving,ca-pub-7784034061253020,11,2024-08-06,2024-08-06
medan.tribunnews.com,Page,N/A,N/A,medan.tribunnews.com/2022/08/19/razia-di-sekolah-tak-pernah-dilakukan-pelajar-makin-brutal-disuruh-sekolah-malah-bacok-bacokan,Yes,Ads Disguised as Content,Restricted ad serving,ca-pub-7784034061253020,11,2024-08-06,2024-08-06
medan.tribunnews.com,Page,N/A,N/A,medan.tribunnews.com/2021/11/22/dua-wanita-ini-cerita-sakitnya-diselingkuhi-kini-janda-dan-jadi-pemuas-nafsu-tetangga-pun-dilayani,Yes,Google-served ads obscuring content;Modified Javascript: Ads by Google size,Restricted ad serving,ca-pub-7784034061253020,11,2024-08-06,2024-08-06
medan.tribunnews.com,Page,N/A,N/A,medan.tribunnews.com/2021/07/09/inilah-video-viral-polisi-dikeroyok-geng-motor-didorong-hingga-ditendang,Yes,Encouraging accidental clicks: Layout,Restricted ad serving,ca-pub-7784034061253020,11,2024-08-05,2024-08-05
medan.tribunnews.com,Page,N/A,N/A,medan.tribunnews.com/2017/12/03/suami-istri-ini-berhubungan-intim-tiap-hari-selama-setahun-inilah-yang-terjadi?page=3,No,Adult: Sexual content,Restricted ad serving,ca-pub-7784034061253020,11,2024-08-04,2024-08-04
medan.tribunnews.com,Page,N/A,N/A,medan.tribunnews.com/2017/05/04/wanita-suku-pemakan-manusia-ini-remas-payudara-reporter-dan-bilang-begini,No,Adult: Sexual content,Restricted ad serving,ca-pub-7784034061253020,11,2024-08-06,2024-08-06
medan.tribunnews.com,Page,N/A,N/A,medan.tribunnews.com/2017/03/17/mengulik-kisah-rio-martil-maut-pembunuh-sadis-melegenda-yang-berakhir-di-depan-regu-tembak-mati?page=2,Yes,Google-served ads on screens without publisher-content,Restricted ad serving,ca-pub-7784034061253020,11,2024-08-05,2024-08-05
manado.tribunnews.com,Page,N/A,N/A,manado.tribunnews.com/2019/09/19/viral-foto-dan-video-durasi-2-menit-adegan-tak-senonoh-wanita-yang-diduga-asn-ini-tanggapan-pemprov,No,Adult: Sexual content,Restricted ad serving,ca-pub-7784034061253020,11,2024-08-05,2024-08-05
manado.tribunnews.com,Page,N/A,N/A,manado.tribunnews.com/2018/01/28/ternyata-begini-cara-aktor-film-porno-menjaga-ereksinya-bertahan-sepanjang-film,No,Adult: Sexual content,Restricted ad serving,ca-pub-7784034061253020,11,2024-08-06,2024-08-06
makassar.tribunnews.com,Page,N/A,N/A,makassar.tribunnews.com/2020/12/31/fakta-terbaru-gisel-mengaku-rekam-adegan-ranjang-dengan-myd-dalam-kondisi-mabuk,No,Google-served ads obscuring content,Restricted ad serving,ca-pub-7784034061253020,11,2024-08-05,2024-08-05
makassar.tribunnews.com,Page,N/A,N/A,makassar.tribunnews.com/2019/08/16/bintang-film-dewasa-amaranta-hank-dirikan-universitas-porno-pertama-di-dunia-apa-saja-diajarkan?page=2,No,Adult: Sexual content,Restricted ad serving,ca-pub-7784034061253020,11,2024-08-04,2024-08-04
makassar.tribunnews.com,Page,N/A,N/A,makassar.tribunnews.com/2018/01/15/mahasiswi-farmasi-nyambi-prostitusi-online-berikut-istilah-prostitusi-online-populer-di-medsos?page=4,No,Adult: Sexual content,Restricted ad serving,ca-pub-7784034061253020,11,2024-08-05,2024-08-05
makassar.tribunnews.com,Page,N/A,N/A,makassar.tribunnews.com/2014/11/19/video-ritual-seks-di-gunung-kemukus,No,Adult: Sexual content,Restricted ad serving,ca-pub-7784034061253020,11,2024-08-06,2024-08-06
m.tribunnews.com,Page,N/A,N/A,m.tribunnews.com/nasional/2019/07/08/bahaya-liquid-palsu-untuk-pengguna-vape,No,Tobacco,Restricted ad serving,ca-pub-7784034061253020,11,2024-08-04,2024-08-04
m.tribunnews.com,Page,N/A,N/A,m.tribunnews.com/metropolitan/2018/02/07/lahirkan-anak-ke-11-tersangka-video-mesum-tante-vs-bocah-sd-jalani-tes-hiv?page=2,Yes,Site Behavior: Navigation,Restricted ad serving,ca-pub-7784034061253020,11,2024-08-04,2024-08-04
m.tribunnews.com,Page,N/A,N/A,m.tribunnews.com/metropolitan/2017/11/02/cewek-seksi-naik-angkot-dan-duduk-di-kursi-depan-hal-yang-dilakukannya-ini-buat-si-sopir-kegirangan,Yes,Site Behavior: Navigation,Restricted ad serving,ca-pub-7784034061253020,11,2024-08-05,2024-08-05
m.tribunnews.com,Page,N/A,N/A,m.tribunnews.com/lifestyle/2016/08/10/ini-pesan-nenek-usia-112-tahun-yang-sudah-95-tahun-merokok-pada-perokok-di-seluruh-dunia,No,Shocking content,Restricted ad serving,ca-pub-7784034061253020,11,2024-08-05,2024-08-05
lampung.tribunnews.com,Page,N/A,N/A,lampung.tribunnews.com/2017/10/29/cewek-indonesia-diajak-chatting-hingga-buka-baju-videonya-disebar-orang-asing?page=3,No,Adult: Sexual content,Restricted ad serving,ca-pub-7784034061253020,11,2024-08-04,2024-08-04
kupang.tribunnews.com,Page,N/A,N/A,kupang.tribunnews.com/2022/10/10/link-tiktok-dewasa-aplikasi-tiktok-18-plus-dengan-video-vulgar-bukan-untuk-anak-anak?page=all,Yes,Content obscuring Google-served ads,Restricted ad serving,ca-pub-7784034061253020,11,2024-08-05,2024-08-05
kupang.tribunnews.com,Page,N/A,N/A,kupang.tribunnews.com/2019/03/28/ada-ada-saja-pamer-kalung-liontin-pakai-bokong-lelaki-bukan-payudara-ide-nakal-palina-rojinski?page=2,No,Adult: Sexual content,Restricted ad serving,ca-pub-7784034061253020,11,2024-08-04,2024-08-04
kupang.tribunnews.com,Page,N/A,N/A,kupang.tribunnews.com/2018/10/18/ini-kiat-pemkot-tanggulangi-transaksi-seks-online,No,Adult: Sexual content,Restricted ad serving,ca-pub-7784034061253020,11,2024-08-04,2024-08-04
kupang.tribunnews.com,Page,N/A,N/A,kupang.tribunnews.com/2018/07/05/perempuan-suka-nonton-film-dewasa-karena-10-alasan-unik-ini-apa-saja-ya?page=2,No,Adult: Sexual content,Restricted ad serving,ca-pub-7784034061253020,11,2024-08-05,2024-08-05
kaltim.tribunnews.com,Page,N/A,N/A,kaltim.tribunnews.com/2016/05/16/ini-kronologis-tewasnya-wanita-dengan-cangkul-di-kemaluan,No,Shocking content,Restricted ad serving,ca-pub-7784034061253020,11,2024-08-06,2024-08-06
jogja.tribunnews.com,Page,N/A,N/A,jogja.tribunnews.com/2019/08/14/mantan-aktris-disney-bella-thorne-terjun-ke-industri-film-dewasa,Yes,Ads Disguised as Content,Restricted ad serving,ca-pub-7784034061253020,11,2024-08-06,2024-08-06
jogja.tribunnews.com,Page,N/A,N/A,jogja.tribunnews.com/2017/07/08/benar-benar-tak-terduga-ternyata-begini-kode-penginapan-di-puncak-yang-sediakan-jasa-plus-plus,No,Adult: Sexual content,Restricted ad serving,ca-pub-7784034061253020,11,2024-08-05,2024-08-05
jogja.tribunnews.com,Page,N/A,N/A,jogja.tribunnews.com/2017/03/22/boneka-seks-ini-bisa-rasakan-orgasme-msv-nya-dipasangi-sensor-robot,No,Adult: Sexual content,Restricted ad serving,ca-pub-7784034061253020,11,2024-08-06,2024-08-06
jateng.tribunnews.com,Page,N/A,N/A,jateng.tribunnews.com/2018/02/08/heboh-video-porno-pemain-bola-tottenham-hostpur-delle-alli-12-detik-beredar?page=all,Yes,Google-served ads obscuring content;Modified Javascript: Ads by Google size,Restricted ad serving,ca-pub-7784034061253020,11,2024-08-05,2024-08-05
jambi.tribunnews.com,Page,N/A,N/A,jambi.tribunnews.com/2019/10/28/video-detik-detik-gadis-cantik-nekat-buka-baju-di-pinggir-jalan-nyaris-tanpa-busana-teriak-ini,No,Adult: Sexual content,Restricted ad serving,ca-pub-7784034061253020,11,2024-08-04,2024-08-04
jambi.tribunnews.com,Page,N/A,N/A,jambi.tribunnews.com/2018/03/13/buat-yang-ngidam-honda-astrea-grand-ini-lebih-murah-dari-yang-kemarin-rp-80-juta,No,Shocking content,Restricted ad serving,ca-pub-7784034061253020,11,2024-08-05,2024-08-05
jambi.tribunnews.com,Page,N/A,N/A,jambi.tribunnews.com/2018/02/09/kenal-miyabi-di-usianya-yang-ke-19-tahun-dirinya-menguasai-48-gaya-hubungan-intim-intip-disini,No,Adult: Sexual content,Restricted ad serving,ca-pub-7784034061253020,11,2024-08-04,2024-08-06
jakarta.tribunnews.com,Page,N/A,N/A,jakarta.tribunnews.com/2022/06/16/pulangkan-ibu-saya-jeritan-anak-tkw-saat-tahu-ibunya-dipaksa-makan-kotoran-hewan-di-taiwan?source=kgnotif_1,Yes,Ads Disguised as Content,Restricted ad serving,ca-pub-7784034061253020,11,2024-08-05,2024-08-05
jakarta.tribunnews.com,Page,N/A,N/A,jakarta.tribunnews.com/2019/11/09/bu-guru-paksa-murid-bersetubuh-ber-3-dokter-bahas-peluang-pecandu-porno-sembuh-beratnya-luar-biasa,No,Adult: Sexual content,Restricted ad serving,ca-pub-7784034061253020,11,2024-08-01,2024-08-05
jakarta.tribunnews.com,Page,N/A,N/A,jakarta.tribunnews.com/2019/04/01/sederet-fakta-video-viral-pasangan-gancet-usai-berhubungan-intim-tinjauan-medis-dan-penanganan?page=all,No,Adult: Sexual content,Restricted ad serving,ca-pub-7784034061253020,11,2024-08-04,2024-08-04
jabar.tribunnews.com,Page,N/A,N/A,jabar.tribunnews.com/2023/06/15/pengobatan-alat-vital-bandung-paling-ampuh-dan-manjur-izin-praktek-resmi,No,Adult: Sexual content,Restricted ad serving,ca-pub-7784034061253020,11,2024-08-06,2024-08-06
jabar.tribunnews.com,Page,N/A,N/A,jabar.tribunnews.com/2017/06/06/video-razia-panti-pijat-di-bandung-petugas-temukan-barang-ini,No,Adult: Sexual content,Restricted ad serving,ca-pub-7784034061253020,11,2024-08-04,2024-08-04
cirebon.tribunnews.com,Page,N/A,N/A,cirebon.tribunnews.com/2019/10/22/ucapan-pemeran-cewek-di-video-porno-dosen-vs-mahasiswi-di-kota-b-viral-si-bapak-mah-pikasebeleun?page=2,No,Adult: Sexual content,Restricted ad serving,ca-pub-7784034061253020,11,2024-08-06,2024-08-06
cirebon.tribunnews.com,Page,N/A,N/A,cirebon.tribunnews.com/2019/07/25/viral-video-bule-cowok-cewek-ciuman-hot-dan-meraba-raba-di-tempat-umum-duduk-di-sebelah-angkot,No,Adult: Sexual content,Restricted ad serving,ca-pub-7784034061253020,11,2024-08-04,2024-08-04
belitung.tribunnews.com,Page,N/A,N/A,belitung.tribunnews.com/2019/08/14/pria-dewasa-terekam-cctv-mencicipi-mainan-seks-di-toko-dewasa-hingga-sewa-boneka-seks-online?page=3,No,Adult: Sexual content,Restricted ad serving,ca-pub-7784034061253020,11,2024-08-05,2024-08-05
belitung.tribunnews.com,Page,N/A,N/A,belitung.tribunnews.com/2017/10/30/intip-isi-bra-pacar-lelaki-ini-temukan-fakta-mengejutkan,No,Shocking content,Restricted ad serving,ca-pub-7784034061253020,11,2024-08-05,2024-08-05
belitung.tribunnews.com,Page,N/A,N/A,belitung.tribunnews.com/2017/10/25/heboh-video-mesum-siswi-sma-berdurasi-5-menit-di-media-sosial-begini-keterangan-pihak-sekolah?page=2,No,Adult: Sexual content,Restricted ad serving,ca-pub-7784034061253020,11,2024-08-04,2024-08-04
belitung.tribunnews.com,Page,N/A,N/A,belitung.tribunnews.com/2017/04/06/wanita-ini-rela-ditiduri-pria-lain-demi-rujuk-ke-suami,No,Adult: Sexual content,Restricted ad serving,ca-pub-7784034061253020,11,2024-08-05,2024-08-05
belitung.tribunnews.com,Page,N/A,N/A,belitung.tribunnews.com/2017/02/27/terangsang-gara-gara-nonton-film-porno-remaja-ini-bobok-di-samping-kakak-temannya,No,Adult: Sexual content,Restricted ad serving,ca-pub-7784034061253020,11,2024-08-06,2024-08-06
batam.tribunnews.com,Page,N/A,N/A,batam.tribunnews.com/2015/07/14/dituduh-mencuri-bocah-13-tahun-diikat-dan-disiksa-hingga-meninggal-dunia,Yes,Ads Disguised as Content,Restricted ad serving,ca-pub-7784034061253020,11,2024-08-05,2024-08-05
banjarmasin.tribunnews.com,Page,N/A,N/A,banjarmasin.tribunnews.com/2014/10/17/awas-masturbasi-bisa-berbahaya-bagi-wanita,No,Adult: Sexual content,Restricted ad serving,ca-pub-7784034061253020,11,2024-08-04,2024-08-04
bangka.tribunnews.com,Page,N/A,N/A,bangka.tribunnews.com/2023/01/11/banyak-adegan-panas-di-serial-mendua-ternyata-pakai-jasa-intimacy-coordinator-apa-itu?page=2,No,Google-served ads obscuring content,Restricted ad serving,ca-pub-7784034061253020,11,2024-08-05,2024-08-05
bangka.tribunnews.com,Page,N/A,N/A,bangka.tribunnews.com/2021/06/15/sesak-nafas-karena-asam-lambung-ciri-cirinya-serta-obat-yang-direkomendasikan,No,Adult: Sexual content,Restricted ad serving,ca-pub-7784034061253020,11,2024-08-04,2024-08-04
bangka.tribunnews.com,Page,N/A,N/A,bangka.tribunnews.com/2018/01/16/heboh-mahasiswi-farmasi-nyambi-jadi-psk-elite-yuk-intip-istilah-prostitusi-online-populer-di-medsos,No,Adult: Sexual content,Restricted ad serving,ca-pub-7784034061253020,11,2024-08-04,2024-08-05
bangka.tribunnews.com,Page,N/A,N/A,bangka.tribunnews.com/2017/11/09/5-olahraga-yang-bikin-pria-hot-di-ranjang,No,Adult: Sexual content,Restricted ad serving,ca-pub-7784034061253020,11,2024-08-01,2024-08-05
bangka.tribunnews.com,Page,N/A,N/A,bangka.tribunnews.com/2017/05/30/bersepeda-bisa-bikin-mandul-dan-disfungsi-ereksi-mitos-atau-fakta,No,Adult: Sexual content,Restricted ad serving,ca-pub-7784034061253020,11,2024-08-04,2024-08-04
bangka.tribunnews.com,Page,N/A,N/A,bangka.tribunnews.com/2017/04/07/ini-tandanya-kamu-kecanduan-masturbasi-jika-hal-ini-sering-dirasakan?page=3,No,Adult: Sexual content,Restricted ad serving,ca-pub-7784034061253020,11,2024-08-04,2024-08-04
bangka.tribunnews.com,Page,N/A,N/A,bangka.tribunnews.com/2017/04/07/ini-tandanya-kamu-kecanduan-masturbasi-jika-hal-ini-sering-dirasakan,No,Adult: Sexual content,Restricted ad serving,ca-pub-7784034061253020,11,2024-08-04,2024-08-04
bangka.tribunnews.com,Page,N/A,N/A,bangka.tribunnews.com/2016/08/13/memalukan-lakukan-asusila-para-abg-ini-tunjukkan-ekspresi-bahagia,No,Adult: Sexual content,Restricted ad serving,ca-pub-7784034061253020,11,2024-08-06,2024-08-06
bangka.tribunnews.com,Page,N/A,N/A,bangka.tribunnews.com/2016/03/15/perempuan-juga-keluarkan-mani-saat-orgasme-apakah-benar,No,Adult: Sexual content,Restricted ad serving,ca-pub-7784034061253020,11,2024-08-04,2024-08-04
bali.tribunnews.com,Page,N/A,N/A,bali.tribunnews.com/2022/11/09/terungkap-aktor-video-syur-wanita-kebaya-telah-buat-92-video-100-foto-dijual-mulai-rp750-ribu?page=all,Yes,Ads Disguised as Content,Restricted ad serving,ca-pub-7784034061253020,11,2024-08-05,2024-08-05
bali.tribunnews.com,Page,N/A,N/A,bali.tribunnews.com/2017/07/17/astaga-sepasang-remaja-berbuat-mesum-ini-di-kolam-renang-videonya-beredar?page=3,No,Adult: Sexual content,Restricted ad serving,ca-pub-7784034061253020,11,2024-08-06,2024-08-06
bali.tribunnews.com,Page,N/A,N/A,bali.tribunnews.com/2016/08/21/video-gadis-cantik-ini-jadi-viral-usai-lupa-matikan-kamera-saat-esek-esek?page=1,No,Adult: Sexual content,Restricted ad serving,ca-pub-7784034061253020,11,2024-08-04,2024-08-04
bali.tribunnews.com,Page,N/A,N/A,bali.tribunnews.com/2016/04/19/pamela-duo-serigala-berawal-dari-meraba-payudara-hingga-tawaran-booking,No,Adult: Sexual content,Restricted ad serving,ca-pub-7784034061253020,11,2024-08-01,2024-08-04
aceh.tribunnews.com,Page,N/A,N/A,aceh.tribunnews.com/2022/11/12/7-pria-lakukan-praktik-tukar-istri-korban-diberi-obat-bius-agar-tak-ketahuan-akhirnya-terbongkar?page=2,Yes,Ads Disguised as Content,Restricted ad serving,ca-pub-7784034061253020,11,2024-08-05,2024-08-05
aceh.tribunnews.com,Page,N/A,N/A,aceh.tribunnews.com/2019/09/19/viral-video-syur-wanita-berseragam-pns-beradegan-panas-di-dalam-mobil-polisi-selidiki-pelakunya,No,Adult: Sexual content,Restricted ad serving,ca-pub-7784034061253020,11,2024-08-04,2024-08-04
aceh.tribunnews.com,Page,N/A,N/A,aceh.tribunnews.com/2012/07/04/suara-jeritan-saat-ngesek-buat-orgasme,No,Adult: Sexual content,Restricted ad serving,ca-pub-7784034061253020,11,2024-08-06,2024-08-06
www.tribunnews.com,Page,N/A,N/A,www.tribunnews.com/seleb/2012/07/26/foto-foto-aktris-india-pertama-telanjang-di-playboy,No,Adult: Sexual content,Restricted ad serving,ca-pub-7784034061253020,10,2024-08-02,2024-08-05
www.tribunnews.com,Page,N/A,N/A,www.tribunnews.com/regional/2020/07/01/kafe-karaoke-di-blitar-layani-plus-plus-pria-hidung-belang-rp-800-ribu-12-purel-diciduk-polisi,No,Shocking content,Restricted ad serving,ca-pub-7784034061253020,10,2024-08-04,2024-08-05
www.tribunnews.com,Page,N/A,N/A,www.tribunnews.com/regional/2018/09/19/jaring-lelaki-hidung-belang-lewat-aplikasi-beetalks-tiga-abg-ini-pasang-tarif-segini,No,Adult: Sexual content,Restricted ad serving,ca-pub-7784034061253020,10,2024-08-05,2024-08-05
www.tribunnews.com,Page,N/A,N/A,www.tribunnews.com/regional/2018/04/19/praktik-pijat-plus-plus-di-banjarmasin-pesan-pakai-hp-dijamin-aman-aparat-pun-kesulitan-mengusut,No,Adult: Sexual content,Restricted ad serving,ca-pub-7784034061253020,10,2024-08-02,2024-08-04
www.tribunnews.com,Page,N/A,N/A,www.tribunnews.com/kesehatan/2016/04/09/hasil-penelitian-ada-perempuan-yang-memikirkan-orang-lain-ketika-berhubungan-seks-dengan-pasangan,No,Adult: Sexual content,Restricted ad serving,ca-pub-7784034061253020,10,2024-08-03,2024-08-04
wartakota.tribunnews.com,Page,N/A,N/A,wartakota.tribunnews.com/tag/video-janda-muda-telanjang-di-kamar-tidur,Yes,Google-served ads on screens without publisher-content,Restricted ad serving,ca-pub-7784034061253020,10,2024-08-04,2024-08-04
wartakota.tribunnews.com,Page,N/A,N/A,wartakota.tribunnews.com/tag/foto-wanita-setengah-bugil,Yes,Google-served ads on screens without publisher-content,Restricted ad serving,ca-pub-7784034061253020,10,2024-08-05,2024-08-05
wartakota.tribunnews.com,Page,N/A,N/A,wartakota.tribunnews.com/2023/03/15/heboh-video-mesum-kades-di-lebak-dengan-wanita-muda-kini-terungkap-siapa-sosok-pemeran-wanitanya,No,Google-served ads obscuring content,Restricted ad serving,ca-pub-7784034061253020,10,2024-08-04,2024-08-04
wartakota.tribunnews.com,Page,N/A,N/A,wartakota.tribunnews.com/2017/01/13/cewek-cantik-ini-dipaksa-melakukan-oral-seks-oleh-sosok-tak-terduga-saat-pulang-kerja?page=1,Yes,Google-served ads obscuring content;Modified Javascript: Ads by Google size,Restricted ad serving,ca-pub-7784034061253020,10,2024-08-05,2024-08-05
wartakota.tribunnews.com,Page,N/A,N/A,wartakota.tribunnews.com/2015/03/20/foto-payudara-sendiri-jadi-tren-selfie-di-thailand,Yes,Google-served ads obscuring content;Modified Javascript: Ads by Google size,Restricted ad serving,ca-pub-7784034061253020,10,2024-07-31,2024-08-04
wartakota.tribunnews.com,Page,N/A,N/A,wartakota.tribunnews.com/2014/07/02/ini-tujuh-posisi-bercinta-sesuai-suasana-hati,No,Adult: Sexual content,Restricted ad serving,ca-pub-7784034061253020,10,2024-08-05,2024-08-05
travel.tribunnews.com,Page,N/A,N/A,travel.tribunnews.com/2017/10/10/disuguhi-wanita-cantik-kokain-hingga-alkohol-gratis-ternyata-segini-tarif-wisata-seks-di-kolombia,No,Adult: Sexual content,Restricted ad serving,ca-pub-7784034061253020,10,2024-08-04,2024-08-04
travel.tribunnews.com,Page,N/A,N/A,travel.tribunnews.com/2017/05/19/punya-aset-itu-super-besar-model-korea-selatan-ini-mendadak-viral-media-sosial,No,Adult: Sexual content,Restricted ad serving,ca-pub-7784034061253020,10,2024-08-04,2024-08-04
suryamalang.tribunnews.com,Page,N/A,N/A,suryamalang.tribunnews.com/2019/10/15/7-fakta-baru-live-show-hubungan-badan-pelajar-smk-di-tuban-videonya-viral-di-facebook-whatsapp,Yes,Ads Disguised as Content,Restricted ad serving,ca-pub-7784034061253020,10,2024-08-05,2024-08-05
suryamalang.tribunnews.com,Page,N/A,N/A,suryamalang.tribunnews.com/2019/10/03/beredar-video-dj-bebby-fey-dengan-sosok-pria-bukan-atta-halilintar-pamer-adegan-panas-baju-minim?page=2,No,Adult: Sexual content,Restricted ad serving,ca-pub-7784034061253020,10,2024-08-05,2024-08-05
suryamalang.tribunnews.com,Page,N/A,N/A,suryamalang.tribunnews.com/2019/08/02/inilah-drama-perekrutan-gadis-gadis-di-bawah-umur-untuk-dipekerjakan-di-panti-pijat-plus-plus-kediri,No,Adult: Sexual content,Restricted ad serving,ca-pub-7784034061253020,10,2024-08-04,2024-08-04
surabaya.tribunnews.com,Page,N/A,N/A,surabaya.tribunnews.com/2017/08/18/normalkan-ukuran-dengan-metode-totok-payudara,No,Shocking content,Restricted ad serving,ca-pub-7784034061253020,10,2024-08-06,2024-08-06
solo.tribunnews.com,Page,N/A,N/A,solo.tribunnews.com/2017/04/16/pensiun-dari-profesinya-mantan-bintang-film-porno-jepang-ini-banting-setir-jadi-dj,No,Adult: Sexual content,Restricted ad serving,ca-pub-7784034061253020,10,2024-08-02,2024-08-06
pontianak.tribunnews.com,Page,N/A,N/A,pontianak.tribunnews.com/2017/09/25/viral-apa-sebenarnya-ikeh-dalam-bahasa-jepang,No,Shocking content,Restricted ad serving,ca-pub-7784034061253020,10,2024-08-04,2024-08-04
pontianak.tribunnews.com,Page,N/A,N/A,pontianak.tribunnews.com/2016/10/03/5-mimpi-bercinta-paling-sering-anda-alami-nomer-4-ngeri-tapi-artinya-baik,No,Adult: Sexual content,Restricted ad serving,ca-pub-7784034061253020,10,2024-08-05,2024-08-05
pontianak.tribunnews.com,Page,N/A,N/A,pontianak.tribunnews.com/2016/03/04/dunia-maya-geger-seorang-siswi-sd-posting-foto-telanjangnya-bersama-pacarnya-di-facebook,No,Google-served ads obscuring content,Restricted ad serving,ca-pub-7784034061253020,10,2024-08-06,2024-08-06
pontianak.tribunnews.com,Page,N/A,N/A,pontianak.tribunnews.com/2012/06/04/foto-sahrini-hebohkan-dunia-maya,No,Adult: Sexual content,Restricted ad serving,ca-pub-7784034061253020,10,2024-08-04,2024-08-04
pekanbaru.tribunnews.com,Page,N/A,N/A,pekanbaru.tribunnews.com/2022/03/02/video-popo-viral-tiktok-vidio-popo-trending-twitter-ada-apa-dengan-popo,Yes,Ads Disguised as Content,Restricted ad serving,ca-pub-7784034061253020,10,2024-08-04,2024-08-04
pekanbaru.tribunnews.com,Page,N/A,N/A,pekanbaru.tribunnews.com/2021/08/23/nnxubd-film-bokeh-video-google-apk-download-dan-cara-menginstal-xnview-indonesia-2020-apk-di-android,Yes,Ads Disguised as Content,Restricted ad serving,ca-pub-7784034061253020,10,2024-08-06,2024-08-06
pekanbaru.tribunnews.com,Page,N/A,N/A,pekanbaru.tribunnews.com/2018/12/19/anda-belum-punya-anak-berikut-5-cara-gampang-hamil,No,Adult: Sexual content,Restricted ad serving,ca-pub-7784034061253020,10,2024-08-04,2024-08-04
palembang.tribunnews.com,Page,N/A,N/A,palembang.tribunnews.com/2021/06/17/mitos-vs-fakta-mengangkat-kaki-ke-tembok-setelah-berhubungan-intim-akan-cepat-hamil-ini-jawabannya,No,Google-served ads obscuring content,Restricted ad serving,ca-pub-7784034061253020,10,2024-08-06,2024-08-06
palembang.tribunnews.com,Page,N/A,N/A,palembang.tribunnews.com/2019/12/12/seusai-berhubungan-intim-di-sebuah-kosan-pria-di-palembang-ini-kabur-dalam-kondisi-telanjang-bulat,No,Adult: Sexual content,Restricted ad serving,ca-pub-7784034061253020,10,2024-08-05,2024-08-05
medan.tribunnews.com,Page,N/A,N/A,medan.tribunnews.com/2018/04/20/inilah-6-seleb-remaja-indonesia-yang-doyan-pamer-pose-pakai-bikini-nomor-1-dan-4-paling-vulgar,Yes,Site Behavior: Navigation,Restricted ad serving,ca-pub-7784034061253020,10,2024-08-05,2024-08-05
medan.tribunnews.com,Page,N/A,N/A,medan.tribunnews.com/2018/01/27/masih-ingat-kasus-video-mesum-anak-kecil-dengan-wanita-dewasa-ternyata-dibiayai-rp-108-juta,No,Adult: Sexual content,Restricted ad serving,ca-pub-7784034061253020,10,2024-08-04,2024-08-04
medan.tribunnews.com,Page,N/A,N/A,medan.tribunnews.com/2017/12/03/suami-istri-ini-berhubungan-intim-tiap-hari-selama-setahun-inilah-yang-terjadi?page=2,No,Adult: Sexual content,Restricted ad serving,ca-pub-7784034061253020,10,2024-08-04,2024-08-04
medan.tribunnews.com,Page,N/A,N/A,medan.tribunnews.com/2017/10/29/penyebar-video-bokep-hanna-anissa-dijerat-pidana-12-tahun,No,Adult: Sexual content,Restricted ad serving,ca-pub-7784034061253020,10,2024-08-06,2024-08-06
medan.tribunnews.com,Page,N/A,N/A,medan.tribunnews.com/2017/04/21/akun-mama-muda-tawarkan-short-time-lewat-bigo-live-bertarif-hingga-rp-500-ribu,No,Adult: Sexual content,Restricted ad serving,ca-pub-7784034061253020,10,2024-08-04,2024-08-04
medan.tribunnews.com,Page,N/A,N/A,medan.tribunnews.com/2017/04/01/penampilannya-amat-aduhai-saat-berpose-di-majalah-dewasa-kini-penampilan-5-model-ini-tak-disangka?page=4,No,Adult: Sexual content,Restricted ad serving,ca-pub-7784034061253020,10,2024-08-05,2024-08-05
medan.tribunnews.com,Page,N/A,N/A,medan.tribunnews.com/2017/04/01/penampilannya-amat-aduhai-saat-berpose-di-majalah-dewasa-kini-penampilan-5-model-ini-tak-disangka?page=2,No,Adult: Sexual content,Restricted ad serving,ca-pub-7784034061253020,10,2024-08-05,2024-08-05
manado.tribunnews.com,Page,N/A,N/A,manado.tribunnews.com/2021/11/21/pria-ini-terkejut-keluar-kamar-mandi-lihat-istri-dan-anaknya-ngobrol-dengan-wanita-selingkuhan,Yes,Encouraging accidental clicks: Layout;Google-served ads obscuring content,Restricted ad serving,ca-pub-7784034061253020,10,2024-08-05,2024-08-05
manado.tribunnews.com,Page,N/A,N/A,manado.tribunnews.com/2021/11/18/nasib-artis-cantik-dulu-bintang-panas-yang-tenar-kini-berubah-drastis-hijrah-hingga-jualan-lontong,No,Shocking content,Restricted ad serving,ca-pub-7784034061253020,10,2024-08-06,2024-08-06
makassar.tribunnews.com,Page,N/A,N/A,makassar.tribunnews.com/2021/09/06/mau-cepat-kaya-sekeluarga-di-gowa-pakai-ilmu-pesugihan-2-anak-jadi-tumbal-anggota-tubuhnya-diambil,Yes,Ads Disguised as Content,Restricted ad serving,ca-pub-7784034061253020,10,2024-08-02,2024-08-04
makassar.tribunnews.com,Page,N/A,N/A,makassar.tribunnews.com/2017/12/14/pengakuan-pria-yang-pacaran-dengan-bintang-film-panas,No,Adult: Sexual content,Restricted ad serving,ca-pub-7784034061253020,10,2024-08-05,2024-08-05
m.tribunnews.com,Page,N/A,N/A,m.tribunnews.com/seleb/2017/09/11/alasan-5-artis-korea-yang-nekat-bunuh-diri-dari-diperkosa-hingga-karena-adegan-telanjang,Yes,Site Behavior: Navigation,Restricted ad serving,ca-pub-7784034061253020,10,2024-08-05,2024-08-05
m.tribunnews.com,Page,N/A,N/A,m.tribunnews.com/seleb/2015/12/11/penonton-jepang-justru-paling-suka-film-porno-biasa,No,Adult: Sexual content,Restricted ad serving,ca-pub-7784034061253020,10,2024-08-04,2024-08-04
m.tribunnews.com,Page,N/A,N/A,m.tribunnews.com/regional/2017/11/14/perilaku-seks-aneh-pns-ini-sering-masukkan-terong-dan-timun-ke-anunya-istri,No,Adult: Sexual content,Restricted ad serving,ca-pub-7784034061253020,10,2024-08-04,2024-08-04
m.tribunnews.com,Page,N/A,N/A,m.tribunnews.com/pendidikan/2021/07/31/kunci-jawaban-tema-1-kelas-2-sd-halaman-170-171-172-173-174-177-178-dan-179-subtema-4?page=2,Yes,Unnatural attention to ads,Restricted ad serving,ca-pub-7784034061253020,10,2024-08-06,2024-08-06
m.tribunnews.com,Page,N/A,N/A,m.tribunnews.com/nasional/2018/01/06/video-mesum-bocah-dengan-wanita-dewasa-ibu-si-bocah-ternyata-ikut-menyaksikan-adegan-di-hotel?page=3,No,Adult: Sexual content,Restricted ad serving,ca-pub-7784034061253020,10,2024-08-04,2024-08-04
m.tribunnews.com,Page,N/A,N/A,m.tribunnews.com/lifestyle/2019/09/24/termasuk-berselingkuh-simak-8-efek-negatif-sering-menonton-film-dewasa-untuk-pasangan-suami-istri,No,Adult: Sexual content,Restricted ad serving,ca-pub-7784034061253020,10,2024-08-05,2024-08-05
m.tribunnews.com,Page,N/A,N/A,m.tribunnews.com/kesehatan/2015/09/22/khasiat-bawang-putih-untuk-kejantanan-pria-kalahkan-viagra,No,Adult: Sexual content,Restricted ad serving,ca-pub-7784034061253020,10,2024-08-04,2024-08-04
m.tribunnews.com,Page,N/A,N/A,m.tribunnews.com/kesehatan/2012/11/01/survei-70-persen-wanita-organ-kewanitaannya-bermasalah,No,Adult: Sexual content,Restricted ad serving,ca-pub-7784034061253020,10,2024-08-06,2024-08-06
lampung.tribunnews.com,Page,N/A,N/A,lampung.tribunnews.com/2018/04/20/ketahuan-orangtua-sedang-mesum-di-kamar-pacarnya-abg-ini-lari-tanpa-busana?page=4,No,Adult: Sexual content,Restricted ad serving,ca-pub-7784034061253020,10,2024-08-06,2024-08-06
lampung.tribunnews.com,Page,N/A,N/A,lampung.tribunnews.com/2017/11/12/sambung-bulu-mata-agar-tak-repot-dandan-muli-lampura-ini-pilih-model-doll-eyes,No,Shocking content,Restricted ad serving,ca-pub-7784034061253020,10,2024-08-05,2024-08-05
lampung.tribunnews.com,Page,N/A,N/A,lampung.tribunnews.com/2014/06/13/hukum-phonesex-bukan-suami-istri,No,Adult: Sexual content,Restricted ad serving,ca-pub-7784034061253020,10,2024-07-31,2024-08-06
kupang.tribunnews.com,Page,N/A,N/A,kupang.tribunnews.com/2020/01/21/psk-tak-kuat-layani-nafsu-pelanggan-pakai-obat-kuat-2-hari-2-malam-non-stop-tewas?page=3,No,Adult: Sexual content,Restricted ad serving,ca-pub-7784034061253020,10,2024-08-05,2024-08-05
kupang.tribunnews.com,Page,N/A,N/A,kupang.tribunnews.com/2017/10/17/yosef-katoda-tewas-dianiaya-massa-sedangkan-petrus-rapote-menderita-luka-menganga,No,Shocking content,Restricted ad serving,ca-pub-7784034061253020,10,2024-08-06,2024-08-06
kupang.tribunnews.com,Page,N/A,N/A,kupang.tribunnews.com/2017/05/07/terbongkar-seks-tukar-pasangan-itu-nyata-di-indonesia-adapula-tawaran-threesome,No,Adult: Sexual content,Restricted ad serving,ca-pub-7784034061253020,10,2024-07-31,2024-08-06
kupang.tribunnews.com,Page,N/A,N/A,kupang.tribunnews.com/2014/09/01/hemm-ini-dia-wanita-pemilik-bokong-terindah-di-korea-selatan,No,Adult: Sexual content,Restricted ad serving,ca-pub-7784034061253020,10,2024-08-04,2024-08-04
kaltim.tribunnews.com,Page,N/A,N/A,kaltim.tribunnews.com/2017/06/10/liburan-ke-vietnam-bule-ini-coba-menghisap-thuoc-lao-efek-selanjutnya-bikin-ngeri,Yes,Site Behavior: Navigation,Restricted ad serving,ca-pub-7784034061253020,10,2024-08-03,2024-08-04
jogja.tribunnews.com,Page,N/A,N/A,jogja.tribunnews.com/2018/01/06/terungkap-pria-dengan-mr-p-terpanjang-asal-meksiko-ternyata-gunakan-trik-ini?page=2,No,Shocking content,Restricted ad serving,ca-pub-7784034061253020,10,2024-08-04,2024-08-04
jogja.tribunnews.com,Page,N/A,N/A,jogja.tribunnews.com/2017/11/17/usianya-lebih-dari-setengah-abad-tapi-nenek-ini-miliki-tubuh-kekar-dan-seksi,No,Adult: Sexual content,Restricted ad serving,ca-pub-7784034061253020,10,2024-08-05,2024-08-05
jogja.tribunnews.com,Page,N/A,N/A,jogja.tribunnews.com/2017/08/14/diduga-karena-sakit-seorang-waria-ditemukan-tewas-di-magelang,No,Shocking content,Restricted ad serving,ca-pub-7784034061253020,10,2024-08-06,2024-08-06
jogja.tribunnews.com,Page,N/A,N/A,jogja.tribunnews.com/2017/01/15/gadis-muda-naik-motor-tanpa-busana-bikin-geger-warga,No,Adult: Sexual content,Restricted ad serving,ca-pub-7784034061253020,10,2024-08-05,2024-08-05
jogja.tribunnews.com,Page,N/A,N/A,jogja.tribunnews.com/2016/04/08/tren-robot-pemuas-nafsu-relakah-berbagi-ranjang-dengan-mesin,No,Adult: Sexual content,Restricted ad serving,ca-pub-7784034061253020,10,2024-08-04,2024-08-04
jogja.tribunnews.com,Page,N/A,N/A,jogja.tribunnews.com/2013/10/24/demi-cari-pacar-enam-perempuan-rela-berpose-telanjang,No,Google-served ads obscuring content,Restricted ad serving,ca-pub-7784034061253020,10,2024-08-04,2024-08-04
jateng.tribunnews.com,Page,N/A,N/A,jateng.tribunnews.com/2024/02/28/sosok-h-saepudin-cucu-tertua-mak-erot-tak-hanya-mengobati-pria-namun-bisa-memperbesar-payudara,No,Google-served ads obscuring content,Restricted ad serving,ca-pub-7784034061253020,10,2024-07-31,2024-08-04
jateng.tribunnews.com,Page,N/A,N/A,jateng.tribunnews.com/2023/08/16/kronologi-briptu-s-sodorkan-kelaminnya-supaya-tahanan-perempuan-mau-lakukan-oral-seks,Yes,Google-served ads obscuring content;Modified Javascript: Ads by Google size,Restricted ad serving,ca-pub-7784034061253020,10,2024-08-05,2024-08-05
jateng.tribunnews.com,Page,N/A,N/A,jateng.tribunnews.com/2017/07/25/miris-beredar-video-bocah-smp-pelukan-di-jembatan-penyebarangan-netizen-heboh,No,Adult: Sexual content,Restricted ad serving,ca-pub-7784034061253020,10,2024-08-05,2024-08-06
jateng.tribunnews.com,Page,N/A,N/A,jateng.tribunnews.com/2016/10/13/super-hot-tarian-hot-seronok-terbaru-dewi-persik-dicibir-netizen,No,Adult: Sexual content,Restricted ad serving,ca-pub-7784034061253020,10,2024-08-05,2024-08-05
jambi.tribunnews.com,Page,N/A,N/A,jambi.tribunnews.com/tag/seksi,No,Adult: Sexual content,Restricted ad serving,ca-pub-7784034061253020,10,2024-07-31,2024-08-06
jambi.tribunnews.com,Page,N/A,N/A,jambi.tribunnews.com/2019/02/05/pengakuan-psk-dibooking-2-jam-kenakan-baju-seksi-namun-hal-aneh-ini-yang-diminta-pelanggannya,Yes,Site Behavior: Navigation,Restricted ad serving,ca-pub-7784034061253020,10,2024-08-05,2024-08-05
jambi.tribunnews.com,Page,N/A,N/A,jambi.tribunnews.com/2019/02/02/8-artis-cantik-papan-atas-ini-memilih-pensiun-main-film-dewasa-begini-kabar-mereka-sekarang?page=2,No,Adult: Sexual content,Restricted ad serving,ca-pub-7784034061253020,10,2024-08-04,2024-08-04
jambi.tribunnews.com,Page,N/A,N/A,jambi.tribunnews.com/2018/12/01/jawaban-mengejutkan-ketika-bos-rokok-sampoerna-ditanya-dirinya-merokok-atau-tidak,No,Tobacco,Restricted ad serving,ca-pub-7784034061253020,10,2024-08-04,2024-08-04
jambi.tribunnews.com,Page,N/A,N/A,jambi.tribunnews.com/2018/02/12/cewek-tanpa-pakaian-beredar-5-foto-kulit-putih-dan-diduga-pns?page=2,No,Adult: Sexual content,Restricted ad serving,ca-pub-7784034061253020,10,2024-08-06,2024-08-06
jambi.tribunnews.com,Page,N/A,N/A,jambi.tribunnews.com/2018/01/19/sssstt-ternyata-beberapa-gaya-kamasutra-ini-buat-wanita-ketagihan?page=2,No,Adult: Sexual content,Restricted ad serving,ca-pub-7784034061253020,10,2024-08-06,2024-08-06
jambi.tribunnews.com,Page,N/A,N/A,jambi.tribunnews.com/2018/01/14/tanpa-sensor-inilah-5-film-dewasa-dengan-adegan-intim-nyata-yang-terakhir-aktornya-ganteng-banget?page=3,No,Adult: Sexual content,Restricted ad serving,ca-pub-7784034061253020,10,2024-08-06,2024-08-06
jambi.tribunnews.com,Page,N/A,N/A,jambi.tribunnews.com/2018/01/14/tanpa-sensor-inilah-5-film-dewasa-dengan-adegan-intim-nyata-yang-terakhir-aktornya-ganteng-banget?page=2,No,Adult: Sexual content,Restricted ad serving,ca-pub-7784034061253020,10,2024-08-06,2024-08-06
jambi.tribunnews.com,Page,N/A,N/A,jambi.tribunnews.com/2017/07/02/foto-pria-jepang-ini-bawa-pulang-boneka-seks-reaksi-istri-dan-anaknya-lama-lama-berubah,No,Adult: Sexual content,Restricted ad serving,ca-pub-7784034061253020,10,2024-08-05,2024-08-06
jambi.tribunnews.com,Page,N/A,N/A,jambi.tribunnews.com/2016/11/27/bikin-sendiri-jus-viagra-dengan-dua-bahan-alami,No,Adult: Sexual content,Restricted ad serving,ca-pub-7784034061253020,10,2024-08-04,2024-08-04
jambi.tribunnews.com,Page,N/A,N/A,jambi.tribunnews.com/2016/03/22/awas-ini-risikonya-memainkan-organ-intim-dengan-jari,No,Adult: Sexual content,Restricted ad serving,ca-pub-7784034061253020,10,2024-08-06,2024-08-06
jambi.tribunnews.com,Page,N/A,N/A,jambi.tribunnews.com/2015/12/26/kisah-boneka-seks-dan-pria-pria-kesepian-di-ibu-kota,No,Adult: Sexual content,Restricted ad serving,ca-pub-7784034061253020,10,2024-08-04,2024-08-04
jambi.tribunnews.com,Page,N/A,N/A,jambi.tribunnews.com/2015/04/09/rebutan-cowok-siswi-sma-berkelahi-lagi-sampai-kerudung-terlepas,Yes,Ads Disguised as Content,Restricted ad serving,ca-pub-7784034061253020,10,2024-08-03,2024-08-06
jambi.tribunnews.com,Page,N/A,N/A,jambi.tribunnews.com/2014/11/13/posisi-doggy-style-yang-ini-baru-benar-supaya-punya-anak-lelaki,No,Adult: Sexual content,Restricted ad serving,ca-pub-7784034061253020,10,2024-08-06,2024-08-06
jakarta.tribunnews.com,Page,N/A,N/A,jakarta.tribunnews.com/2019/04/01/sederet-fakta-video-viral-pasangan-gancet-usai-berhubungan-intim-tinjauan-medis-dan-penanganan,No,Adult: Sexual content,Restricted ad serving,ca-pub-7784034061253020,10,2024-08-06,2024-08-06
jakarta.tribunnews.com,Page,N/A,N/A,jakarta.tribunnews.com/2018/10/05/9-cara-tingkatkan-gairah-seksual-perempuan-beri-fantasi-hingga-redupkan-lampu,No,Adult: Sexual content,Restricted ad serving,ca-pub-7784034061253020,10,2024-08-06,2024-08-06
jabar.tribunnews.com,Page,N/A,N/A,jabar.tribunnews.com/amp/2022/01/18/pengobatan-alat-vital-bekasi-cikarang-h-saefudin-ahli-waris-mak-erot,No,Adult: Sexual content,Restricted ad serving,ca-pub-7784034061253020,10,2024-08-04,2024-08-04
jabar.tribunnews.com,Page,N/A,N/A,jabar.tribunnews.com/2021/03/17/video-asusila-di-sebuah-hotel-beredar-lewat-whatsapp-diduga-sengaja-direkam-lokasinya-di-bogor,No,Google-served ads obscuring content,Restricted ad serving,ca-pub-7784034061253020,10,2024-08-05,2024-08-05
jabar.tribunnews.com,Page,N/A,N/A,jabar.tribunnews.com/2015/02/09/sst-ini-loh-yang-perlu-pria-tahu-tentang-vagina-pasangannya,No,Adult: Sexual content,Restricted ad serving,ca-pub-7784034061253020,10,2024-07-31,2024-08-05
bogor.tribunnews.com,Page,N/A,N/A,bogor.tribunnews.com/2017/04/17/alamak-diduga-ketahuan-selingkuh-wanita-telanjang-ini-dikelilingi-warga-sambil-minta-maaf?page=2,No,Adult: Sexual content,Restricted ad serving,ca-pub-7784034061253020,10,2024-08-04,2024-08-04
belitung.tribunnews.com,Page,N/A,N/A,belitung.tribunnews.com/2021/06/02/terdengar-desahan-oh-sayang-video-syur-kades-dengan-janda-muda-warga-geram-demo-ke-bupati-asahan,Yes,Encouraging accidental clicks: Layout,Restricted ad serving,ca-pub-7784034061253020,10,2024-08-05,2024-08-05
belitung.tribunnews.com,Page,N/A,N/A,belitung.tribunnews.com/2017/12/22/cewek-seksi-jual-pisang-goreng-di-pasar-tradisional-ini-alasannya,No,Adult: Sexual content,Restricted ad serving,ca-pub-7784034061253020,10,2024-08-04,2024-08-04
belitung.tribunnews.com,Page,N/A,N/A,belitung.tribunnews.com/2017/11/16/ingin-lebih-dahsyat-di-ranjang-ini-makanan-penambah-gairah-resep-dari-bapak-kedokteran-muslim?page=3,No,Adult: Sexual content,Restricted ad serving,ca-pub-7784034061253020,10,2024-08-06,2024-08-06
belitung.tribunnews.com,Page,N/A,N/A,belitung.tribunnews.com/2017/04/17/lihat-3-cewek-ini-goyang-naik-turun-netizen-malah-fokus-ke-tengah-dan-yang-hitam,No,Google-served ads obscuring content,Restricted ad serving,ca-pub-7784034061253020,10,2024-08-06,2024-08-06
belitung.tribunnews.com,Page,N/A,N/A,belitung.tribunnews.com/2017/02/03/suami-jual-istri-untuk-seks-threesome-ini-tarifnya,No,Adult: Sexual content,Restricted ad serving,ca-pub-7784034061253020,10,2024-08-04,2024-08-04
belitung.tribunnews.com,Page,N/A,N/A,belitung.tribunnews.com/2016/04/18/mau-tahu-berapa-tarif-dj-gia-sekali-tampil-berani,No,Google-served ads obscuring content,Restricted ad serving,ca-pub-7784034061253020,10,2024-08-05,2024-08-06
belitung.tribunnews.com,Page,N/A,N/A,belitung.tribunnews.com/2016/03/06/mengerikan-6-makhluk-halus-ini-gemar-memperkosa-wanita?page=4,No,Google-served ads obscuring content,Restricted ad serving,ca-pub-7784034061253020,10,2024-08-04,2024-08-04
bekasi.tribunnews.com,Page,N/A,N/A,bekasi.tribunnews.com/2022/07/30/tak-kalah-seru-dengan-film-semi-korea-dan-barat-ini-daftar-judul-film-semi-jepang-menarik-dintonton?page=2,Yes,Ads Disguised as Content,Restricted ad serving,ca-pub-7784034061253020,10,2024-08-04,2024-08-04
batam.tribunnews.com,Page,N/A,N/A,batam.tribunnews.com/2019/01/11/4-fakta-maulia-lestari-model-asal-jambi-diperiksa-kasus-prostitusi-online,No,Adult: Sexual content,Restricted ad serving,ca-pub-7784034061253020,10,2024-08-06,2024-08-06
batam.tribunnews.com,Page,N/A,N/A,batam.tribunnews.com/2017/11/07/mengejutkan-inilah-5-alasan-pria-suka-wanita-pakai-lipstik-nomor-1-bikin-deg-degan,No,Adult: Sexual content,Restricted ad serving,ca-pub-7784034061253020,10,2024-08-03,2024-08-06
batam.tribunnews.com,Page,N/A,N/A,batam.tribunnews.com/2014/01/25/prostitusi-menjalar-ke-pemukiman,No,Adult: Sexual content,Restricted ad serving,ca-pub-7784034061253020,10,2024-08-06,2024-08-06
banjarmasin.tribunnews.com,Page,N/A,N/A,banjarmasin.tribunnews.com/2017/07/06/nggak-sadar-tidur-telanjang-ternyata-manfaatnya-luar-biasa,No,Adult: Sexual content,Restricted ad serving,ca-pub-7784034061253020,10,2024-08-06,2024-08-06
banjarmasin.tribunnews.com,Page,N/A,N/A,banjarmasin.tribunnews.com/2014/11/21/bertunangan-bintang-porno-terkenal-ini-tinggalkan-pekerjaannya,No,Adult: Sexual content,Restricted ad serving,ca-pub-7784034061253020,10,2024-08-01,2024-08-06
bangka.tribunnews.com,Page,N/A,N/A,bangka.tribunnews.com/2019/06/01/foto-vulgar-cinta-laura-dan-pacar-tersebar-begini-klarifikasi-sang-ibunda-herdiana-kiehl-editan,No,Adult: Sexual content,Restricted ad serving,ca-pub-7784034061253020,10,2024-08-04,2024-08-04
bangka.tribunnews.com,Page,N/A,N/A,bangka.tribunnews.com/2019/02/22/nelayan-sungailiat-bangka-ini-bisa-kaya-mendadak-temukan-benda-mirip-muntahan-paus-segini-harganya,No,Shocking content,Restricted ad serving,ca-pub-7784034061253020,10,2024-07-31,2024-08-05
bangka.tribunnews.com,Page,N/A,N/A,bangka.tribunnews.com/2018/04/05/ternyata-inilah-3-alasan-kenapa-film-dewasa-disebut-blue-film,No,Adult: Sexual content,Restricted ad serving,ca-pub-7784034061253020,10,2024-08-06,2024-08-06
bangka.tribunnews.com,Page,N/A,N/A,bangka.tribunnews.com/2018/01/18/siswi-sd-kecanduan-seks-saat-umur-3-tahun-ternyata-sudah-nonton-video-mesum,No,Adult: Sexual content,Restricted ad serving,ca-pub-7784034061253020,10,2024-07-31,2024-08-05
bangka.tribunnews.com,Page,N/A,N/A,bangka.tribunnews.com/2017/10/26/wanita-cantik-cuma-pakai-kemben-tiduran-bersama-piton-raksasa-tonton-videonya,Yes,Site Behavior: Navigation,Restricted ad serving,ca-pub-7784034061253020,10,2024-08-06,2024-08-06
bangka.tribunnews.com,Page,N/A,N/A,bangka.tribunnews.com/2017/10/10/pria-muda-dapat-diskon-ada-kolam-renang-besar-untuk-pesta-seks-gay,No,Adult: Sexual content,Restricted ad serving,ca-pub-7784034061253020,10,2024-08-01,2024-08-04
bangka.tribunnews.com,Page,N/A,N/A,bangka.tribunnews.com/2017/09/29/bahaya-ciuman-cupang-di-leher-bisa-sebabkan-nyawa-melayang-ini-penjelasan-ilmiahnya,No,Adult: Sexual content,Restricted ad serving,ca-pub-7784034061253020,10,2024-08-04,2024-08-04
bangka.tribunnews.com,Page,N/A,N/A,bangka.tribunnews.com/2017/09/15/tanda-seorang-pria-belum-pernah-berhubungan-badan-alias-perjaka?page=3,No,Adult: Sexual content,Restricted ad serving,ca-pub-7784034061253020,10,2024-08-05,2024-08-05
bangka.tribunnews.com,Page,N/A,N/A,bangka.tribunnews.com/2017/07/10/bikin-pria-ngiler-di-tempat-ini-pria-rela-antri-untuk-bercinta-dengan-robot-ini-alasan-mengejutkan,No,Adult: Sexual content,Restricted ad serving,ca-pub-7784034061253020,10,2024-08-05,2024-08-06
bangka.tribunnews.com,Page,N/A,N/A,bangka.tribunnews.com/2017/05/14/janda-hamil-5-bulan-ini-mau-layani-treesome-ternyata-bayarannya-menggiurkan,No,Adult: Sexual content,Restricted ad serving,ca-pub-7784034061253020,10,2024-08-04,2024-08-04
bangka.tribunnews.com,Page,N/A,N/A,bangka.tribunnews.com/2017/02/25/bukannya-senang-pria-ini-malah-menyesal-istrinya-miliki-payudara-mantap-seperti-ini,No,Adult: Sexual content,Restricted ad serving,ca-pub-7784034061253020,10,2024-08-06,2024-08-06
bangka.tribunnews.com,Page,N/A,N/A,bangka.tribunnews.com/2017/02/17/artis-seksi-ini-umbar-foto-hot-di-bandara-netizen-semoga-cepat-tobat,No,Shocking content,Restricted ad serving,ca-pub-7784034061253020,10,2024-07-31,2024-08-04
bangka.tribunnews.com,Page,N/A,N/A,bangka.tribunnews.com/2017/02/03/ternyata-dulu-penis-berduri-lho-inilah-8-fakta-penis-yang-jarang-diketahui,No,Adult: Sexual content,Restricted ad serving,ca-pub-7784034061253020,10,2024-08-04,2024-08-04
bangka.tribunnews.com,Page,N/A,N/A,bangka.tribunnews.com/2016/03/17/heboh-ada-boneka-seks-gadis-kecil-dipasarkan-rp-145-juta,No,Adult: Sexual content,Restricted ad serving,ca-pub-7784034061253020,10,2024-08-01,2024-08-06
bali.tribunnews.com,Page,N/A,N/A,bali.tribunnews.com/2020/01/02/tarif-cukai-rokok-naik-benarkah-rokok-alternatif-selain-vape-ini-risikonya-lebih-kecil,No,Tobacco,Restricted ad serving,ca-pub-7784034061253020,10,2024-08-06,2024-08-06
bali.tribunnews.com,Page,N/A,N/A,bali.tribunnews.com/2019/02/05/satpol-pp-gianyar-gencar-cari-massage-esek-esek-sebut-pelanggannya-cowok-cowok-saja,No,Adult: Sexual content,Restricted ad serving,ca-pub-7784034061253020,10,2024-08-04,2024-08-06
bali.tribunnews.com,Page,N/A,N/A,bali.tribunnews.com/2017/12/11/bila-anda-atau-pasangan-mempunyai-7-tanda-ini-maka-bisa-disebut-hipersex,No,Adult: Sexual content,Restricted ad serving,ca-pub-7784034061253020,10,2024-08-06,2024-08-06
bali.tribunnews.com,Page,N/A,N/A,bali.tribunnews.com/2017/04/11/pria-hidung-belang-bisa-dilayani-wanita-panggilan-beramai-ramai-asal-bayar-rp-15-juta,No,Adult: Sexual content,Restricted ad serving,ca-pub-7784034061253020,10,2024-08-04,2024-08-04
aceh.tribunnews.com,Page,N/A,N/A,aceh.tribunnews.com/2022/11/09/profil-dan-sosok-icha-ceeby-pemeran-wanita-kebaya-merah-merasa-bangga-videonya-viral?page=3,Yes,Ads Disguised as Content,Restricted ad serving,ca-pub-7784034061253020;ca-video-pub-7784034061253020,10,2024-08-04,2024-08-04
aceh.tribunnews.com,Page,N/A,N/A,aceh.tribunnews.com/2022/07/22/catat-ini-waktu-paling-dianjurkan-untuk-berhubungan-suami-istri-bukan-malam-jumat-begini-dalilnya,Yes,Encouraging accidental clicks: Layout;Google-served ads obscuring content,Restricted ad serving,ca-pub-7784034061253020,10,2024-08-01,2024-08-05
aceh.tribunnews.com,Page,N/A,N/A,aceh.tribunnews.com/2020/01/15/cerita-driver-ojek-online-diajak-hubungan-badan-oleh-penumpa-wanita-kirim-chat-bikin-istighfar?page=2,No,Adult: Sexual content;Shocking content,Restricted ad serving,ca-pub-7784034061253020,10,2024-08-04,2024-08-04
aceh.tribunnews.com,Page,N/A,N/A,aceh.tribunnews.com/2017/01/05/mengapa-bisa-salah-sebut-nama-saat-orgasme,No,Adult: Sexual content,Restricted ad serving,ca-pub-7784034061253020,10,2024-08-06,2024-08-06
www.tribunnews.com,Page,N/A,N/A,www.tribunnews.com/lifestyle/2015/03/02/daripada-ajakan-seks-ditolak-istri-suami-mending-selingkuh,No,Adult: Sexual content,Restricted ad serving,ca-pub-7784034061253020,9,2024-08-04,2024-08-06
www.tribunnews.com,Page,N/A,N/A,www.tribunnews.com/kesehatan/2024/04/12/bolehkah-ibu-berhubungan-intim-saat-hamil-begini-kata-dokter,No,Google-served ads obscuring content,Restricted ad serving,ca-pub-7784034061253020,9,2024-08-03,2024-08-04
www.tribunnews.com,Page,N/A,N/A,www.tribunnews.com/kesehatan/2018/02/07/fakta-tentang-petting-yang-bisa-bikin-hamil-remaja-perlu-tahu,No,Adult: Sexual content,Restricted ad serving,ca-pub-7784034061253020,9,2024-08-03,2024-08-05
www.tribunnews.com,Page,N/A,N/A,www.tribunnews.com/internasional/2017/09/29/ingin-jadi-orang-kuat-pria-ini-bersetubuh-dengan-keledai,No,Adult: Sexual content,Restricted ad serving,ca-pub-7784034061253020,9,2024-08-01,2024-08-06
www.tribunnews.com,Page,N/A,N/A,www.tribunnews.com/internasional/2014/08/27/payudara-9-artis-ini-diamalkan-untuk-kampanye-aids,Yes,Ads Disguised as Content,Restricted ad serving,ca-pub-7784034061253020,9,2024-08-03,2024-08-04
www.tribunnews.com,Page,N/A,N/A,www.tribunnews.com/bisnis/2019/03/22/philip-morris-indonesia-ekspor-perdana-rokok-marlboro-dan-lm-ke-pasar-jepang,No,Tobacco,Restricted ad serving,ca-pub-7784034061253020,9,2024-08-05,2024-08-05
wow.tribunnews.com,Page,N/A,N/A,wow.tribunnews.com/2018/08/30/3-titik-yang-mampu-tingkatkan-gairah-seorang-wanita-saat-disentuh,No,Adult: Sexual content,Restricted ad serving,ca-pub-7784034061253020,9,2024-08-04,2024-08-04
wow.tribunnews.com,Page,N/A,N/A,wow.tribunnews.com/2018/04/03/nostalgia-6-produk-jadul-yang-pernah-bikin-penampilan-kamu-jadi-kece,Yes,Site Behavior: Navigation,Restricted ad serving,ca-pub-7784034061253020,9,2024-08-04,2024-08-04
wow.tribunnews.com,Page,N/A,N/A,wow.tribunnews.com/2017/08/03/viral-foto-cewek-berjilbab-pamer-bra-dan-payudara-di-jembatan-suramadu,No,Adult: Sexual content,Restricted ad serving,ca-pub-7784034061253020,9,2024-08-06,2024-08-06
wartakota.tribunnews.com,Page,N/A,N/A,wartakota.tribunnews.com/2014/05/18/hindari-11-hal-ini-kalau-mau-sukses-berhubungan-intim,No,Adult: Sexual content,Restricted ad serving,ca-pub-7784034061253020,9,2024-08-04,2024-08-04
travel.tribunnews.com,Page,N/A,N/A,travel.tribunnews.com/2017/10/14/cowok-yang-mimisan-saat-lihat-cewek-seksi-beneran-ada-lihat-pria-yang-hidungnya-berdarah-ini,No,Adult: Sexual content,Restricted ad serving,ca-pub-7784034061253020,9,2024-08-06,2024-08-06
suryamalang.tribunnews.com,Page,N/A,N/A,suryamalang.tribunnews.com/2017/02/07/hasil-survei-ini-lho-posisi-bercinta-paling-populer-apakah-anda-juga-melakukannya,No,Adult: Sexual content,Restricted ad serving,ca-pub-7784034061253020,9,2024-08-04,2024-08-05
surabaya.tribunnews.com,Page,N/A,N/A,surabaya.tribunnews.com/2015/09/30/breaking-news-foto-mesum-pelajar-beredar-luas-di-magetan,No,Adult: Sexual content,Restricted ad serving,ca-pub-7784034061253020,9,2024-08-01,2024-08-04
sumsel.tribunnews.com,Page,N/A,N/A,sumsel.tribunnews.com/2023/02/15/arti-no-cim-no-cif-no-rimming-no-bdsm-vcs-istilah-istilah-populer-dunia-prostitusi,Yes,Google-served ads on screens without publisher-content,Restricted ad serving,ca-pub-7784034061253020,9,2024-07-31,2024-08-06
sumsel.tribunnews.com,Page,N/A,N/A,sumsel.tribunnews.com/2018/01/13/makin-panas-pose-nungging-denada-bikin-ngelus-dada-anunya-keliatan,No,Adult: Sexual content,Restricted ad serving,ca-pub-7784034061253020,9,2024-08-05,2024-08-05
style.tribunnews.com,Page,N/A,N/A,style.tribunnews.com/2019/11/15/ini-manfaat-tembakau-selain-untuk-rokok-bisa-menghilangkan-embun-hingga-obat-diabetes,No,Tobacco,Restricted ad serving,ca-pub-7784034061253020,9,2024-08-02,2024-08-04
style.tribunnews.com,Page,N/A,N/A,style.tribunnews.com/2017/10/25/heboh-video-mesum-diduga-mahasiswa-ui-akun-instagramnya-langsung-diserbu,Yes,Site Behavior: Navigation,Restricted ad serving,ca-pub-7784034061253020,9,2024-08-04,2024-08-04
style.tribunnews.com,Page,N/A,N/A,style.tribunnews.com/2016/08/30/waspada-deteksi-tanda-tanda-pria-penderita-hiperseks-dari-sekarang,No,Adult: Sexual content,Restricted ad serving,ca-pub-7784034061253020,9,2024-08-06,2024-08-06
pontianak.tribunnews.com,Page,N/A,N/A,pontianak.tribunnews.com/2021/07/03/cek-promo-naga-swalayan-jumat-sabtu-minggu-ini-promo-jsm-naga-swalayan-dapatkan-harga-termurah,Yes,Encouraging accidental clicks: Layout,Restricted ad serving,ca-pub-7784034061253020,9,2024-08-03,2024-08-04
pontianak.tribunnews.com,Page,N/A,N/A,pontianak.tribunnews.com/2018/04/16/ngeri-detik-detik-pria-tersengat-listrik-di-atap-rumah-percikan-api-muncul,No,Shocking content,Restricted ad serving,ca-pub-7784034061253020,9,2024-08-04,2024-08-04
pekanbaru.tribunnews.com,Page,N/A,N/A,pekanbaru.tribunnews.com/tag/index/all,No,Adult: Sexual content,Restricted ad serving,ca-pub-7784034061253020,9,2024-08-03,2024-08-04
pekanbaru.tribunnews.com,Page,N/A,N/A,pekanbaru.tribunnews.com/2021/09/25/arti-hangout-apa-simak-ini-hangout-artinya-atau-apa-itu-hangout-dalam-bahasa-gaul,Yes,Encouraging accidental clicks: Layout;Google-served ads obscuring content,Restricted ad serving,ca-pub-7784034061253020,9,2024-08-01,2024-08-05
pekanbaru.tribunnews.com,Page,N/A,N/A,pekanbaru.tribunnews.com/2017/12/17/sisir-wisma-di-pangkalan-kerinci-polisi-temukan-pasangan-mesum,No,Shocking content,Restricted ad serving,ca-pub-7784034061253020,9,2024-08-05,2024-08-05
palembang.tribunnews.com,Page,N/A,N/A,palembang.tribunnews.com/2017/11/05/ngintip-saya-naik-meja-lalu-jinjit-dan-angkat-hp-hakim-tertunduk-malu-saat-korban-lakukan-ini,No,Adult: Sexual content,Restricted ad serving,ca-pub-7784034061253020,9,2024-08-05,2024-08-05
palembang.tribunnews.com,Page,N/A,N/A,palembang.tribunnews.com/2017/10/17/di-tempat-umum-kakek-cabul-ini-perlihatkan-video-porno-ke-dua-anak-gadis-akhirnya-ini-yang-terjadi,Yes,Site Behavior: Navigation,Restricted ad serving,ca-pub-7784034061253020,9,2024-08-05,2024-08-05
palembang.tribunnews.com,Page,N/A,N/A,palembang.tribunnews.com/2017/05/04/lihat-dulu-di-mal-tapi-belinya-di-pasar-16-ilir-ini-penyebabnya,No,Shocking content,Restricted ad serving,ca-pub-7784034061253020,9,2024-08-03,2024-08-05
palembang.tribunnews.com,Page,N/A,N/A,palembang.tribunnews.com/2016/06/26/dibacok-membabi-buta-agus-salim-tewas-mengenaskan,Yes,Ads Disguised as Content,Restricted ad serving,ca-pub-7784034061253020,9,2024-08-04,2024-08-04
palembang.tribunnews.com,Page,N/A,N/A,palembang.tribunnews.com/2015/05/14/saat-tes-keperawanan-kata-dokter-itu-dua-jari-dimasukkan-untuk-mengetahui,No,Adult: Sexual content,Restricted ad serving,ca-pub-7784034061253020,9,2024-07-31,2024-08-04
medan.tribunnews.com,Page,N/A,N/A,medan.tribunnews.com/2019/11/23/cinta-ditolak-bu-guru-sang-siswa-nekat-masuk-kamar-dan-tikam-ibu-guru-yang-sudah-bersuami,Yes,Ads Disguised as Content,Restricted ad serving,ca-pub-7784034061253020,9,2024-08-05,2024-08-05
medan.tribunnews.com,Page,N/A,N/A,medan.tribunnews.com/2018/12/28/dewi-perssik-buka-bukaan-cerita-hubungan-intim-suami-istri-hingga-gaya-bercinta-pria-gak-bosan,No,Adult: Sexual content,Restricted ad serving,ca-pub-7784034061253020,9,2024-08-04,2024-08-04
medan.tribunnews.com,Page,N/A,N/A,medan.tribunnews.com/2018/08/14/inilah-11-fakta-hingga-foto-foto-mencuatnya-kembali-kasus-video-porno-ariel-luna-maya-dan-cut-tari,No,Adult: Sexual content,Restricted ad serving,ca-pub-7784034061253020,9,2024-07-31,2024-08-04
medan.tribunnews.com,Page,N/A,N/A,medan.tribunnews.com/2018/03/17/tempat-duduk-yang-paling-aman-di-mobil-bus-kereta-api-hingga-pesawat-gak-nyangka-banget,Yes,Site Behavior: Navigation,Restricted ad serving,ca-pub-7784034061253020,9,2024-08-05,2024-08-05
medan.tribunnews.com,Page,N/A,N/A,medan.tribunnews.com/2018/01/24/6-hal-inilah-bikin-cewek-terlihat-cantik-dan-keren-di-mata-cowok-nomor-4-berkaitan-suara-desahan,No,Adult: Sexual content,Restricted ad serving,ca-pub-7784034061253020,9,2024-08-04,2024-08-04
medan.tribunnews.com,Page,N/A,N/A,medan.tribunnews.com/2017/10/29/polisi-periksa-hanna-anisa-dan-farhan-bukan-pemeran-video-bokep-viral-lantas-siapa,No,Adult: Sexual content,Restricted ad serving,ca-pub-7784034061253020,9,2024-08-04,2024-08-06
medan.tribunnews.com,Page,N/A,N/A,medan.tribunnews.com/2017/02/04/istri-tahu-suami-rutin-genjot-pelacur-remaja-mungil-hingga-sisihkan-gaji-tabir-gelap-tersibak,No,Shocking content,Restricted ad serving,ca-pub-7784034061253020,9,2024-08-02,2024-08-06
medan.tribunnews.com,Page,N/A,N/A,medan.tribunnews.com/2015/01/11/toko-online-membuat-orang-mudah-dapatkan-sex-toys,No,Adult: Sexual content,Restricted ad serving,ca-pub-7784034061253020,9,2024-07-31,2024-08-05
manado.tribunnews.com,Page,N/A,N/A,manado.tribunnews.com/2019/08/29/obat-kuat-ini-2-hingga-3-jam-minum-baru-bereaksi-disarankan-coba-hingga-6-kali-baru-menyerah,No,Adult: Sexual content,Restricted ad serving,ca-pub-7784034061253020,9,2024-07-31,2024-08-06
makassar.tribunnews.com,Page,N/A,N/A,makassar.tribunnews.com/2014/03/28/seksolog-masturbasi-sama-dengan-hubungan-seksual,No,Adult: Sexual content,Restricted ad serving,ca-pub-7784034061253020,9,2024-07-31,2024-08-04
makassar.tribunnews.com,Page,N/A,N/A,makassar.tribunnews.com/2012/12/02/pria-nekat-curi-bh-dan-cd-di-toddopuli-untuk-onani,No,Adult: Sexual content,Restricted ad serving,ca-pub-7784034061253020,9,2024-08-06,2024-08-06
m.tribunnews.com,Page,N/A,N/A,m.tribunnews.com/techno/2017/01/04/viral-di-facebook-dikado-alat-bantu-wanita-ini-ucap-syukur-dan-mengira-itu-microphone,No,Adult: Sexual content,Restricted ad serving,ca-pub-7784034061253020,9,2024-08-05,2024-08-05
m.tribunnews.com,Page,N/A,N/A,m.tribunnews.com/seleb/2017/07/31/terlalu-model-polisi-paksa-wanita-ini-dipaksa-buka-baju-dan-menari-di-depan-tahanan-pria,No,Adult: Sexual content,Restricted ad serving,ca-pub-7784034061253020,9,2024-08-06,2024-08-06
m.tribunnews.com,Page,N/A,N/A,m.tribunnews.com/seleb/2010/06/23/bintang-porno-jepang-tawarkan-ml-gratis-bagi-muridnya,No,Adult: Sexual content,Restricted ad serving,ca-pub-7784034061253020,9,2024-08-04,2024-08-04
m.tribunnews.com,Page,N/A,N/A,m.tribunnews.com/regional/2019/10/22/heboh-video-2-menit-adegan-panas-dosen-dan-mahasiswi-diduga-di-bandung-latar-video-gedung-sate,No,Google-served ads obscuring content,Restricted ad serving,ca-pub-7784034061253020,9,2024-08-05,2024-08-05
m.tribunnews.com,Page,N/A,N/A,m.tribunnews.com/regional/2019/09/29/ini-pengakuan-remaja-di-sukabumi-pertama-kali-diajak-ibunya-berhubungan-intim,No,Adult: Sexual content;Shocking content,Restricted ad serving,ca-pub-7784034061253020,9,2024-08-04,2024-08-04
m.tribunnews.com,Page,N/A,N/A,m.tribunnews.com/regional/2017/10/24/video-mesum-diduga-libatkan-siswa-sma-ternama-di-samarinda,No,Adult: Sexual content,Restricted ad serving,ca-pub-7784034061253020,9,2024-08-06,2024-08-06
m.tribunnews.com,Page,N/A,N/A,m.tribunnews.com/regional/2017/10/02/tak-kuat-menahan-nafsu-dukun-pijat-ini-pegang-anunya-si-pasien-wanita,No,Adult: Sexual content,Restricted ad serving,ca-pub-7784034061253020,9,2024-08-04,2024-08-04
m.tribunnews.com,Page,N/A,N/A,m.tribunnews.com/regional/2016/09/25/ridwan-kamil-segera-panggil-pemilik-panti-pijat-untuk-prostitusi,No,Adult: Sexual content,Restricted ad serving,ca-pub-7784034061253020,9,2024-08-05,2024-08-05
m.tribunnews.com,Page,N/A,N/A,m.tribunnews.com/regional/2014/08/18/arisan-tante-hadiah-brondong-bertarif-rp-20-juta,No,Adult: Sexual content,Restricted ad serving,ca-pub-7784034061253020,9,2024-08-06,2024-08-06
m.tribunnews.com,Page,N/A,N/A,m.tribunnews.com/regional/2012/09/12/heboh-video-cewek-sedang-mandi,No,Adult: Sexual content,Restricted ad serving,ca-pub-7784034061253020,9,2024-08-04,2024-08-04
m.tribunnews.com,Page,N/A,N/A,m.tribunnews.com/nasional/2023/05/10/terungkap-penyebab-kematian-irwan-hutagalung-bagian-kepala-dipukul-dimutilasi-dalam-keadaan-hidup?source=kgnotif_1,No,Shocking content,Restricted ad serving,ca-pub-7784034061253020,9,2024-08-06,2024-08-06
m.tribunnews.com,Page,N/A,N/A,m.tribunnews.com/metropolitan/2017/11/13/viral-sepasang-sejoli-yang-diarak-dan-ditelanjangi-di-tangerang-ternyata-bukan-pasangan-mesum,No,Adult: Sexual content,Restricted ad serving,ca-pub-7784034061253020,9,2024-08-04,2024-08-04
m.tribunnews.com,Page,N/A,N/A,m.tribunnews.com/metropolitan/2017/05/22/yang-bikin-heboh-di-pesta-seks-kaum-gay-di-kelapa-gading,Yes,Site Behavior: Navigation,Restricted ad serving,ca-pub-7784034061253020,9,2024-08-04,2024-08-04
m.tribunnews.com,Page,N/A,N/A,m.tribunnews.com/metropolitan/2016/05/14/grand-velvet-spa-digerebek-polisi-pelanggan-pemijat-cantik-tampil-polos-tanpa-busana,No,Adult: Sexual content,Restricted ad serving,ca-pub-7784034061253020,9,2024-08-04,2024-08-04
m.tribunnews.com,Page,N/A,N/A,m.tribunnews.com/lifestyle/2018/03/01/manfaat-tak-terduga-bagi-wanita-saat-bercinta,No,Adult: Sexual content,Restricted ad serving,ca-pub-7784034061253020,9,2024-08-06,2024-08-06
m.tribunnews.com,Page,N/A,N/A,m.tribunnews.com/internasional/2017/08/30/edan-bu-guru-sd-ajak-muridnya-berhubungan-intim-di-dalam-kelas,No,Adult: Sexual content,Restricted ad serving,ca-pub-7784034061253020,9,2024-08-05,2024-08-05
m.tribunnews.com,Page,N/A,N/A,m.tribunnews.com/internasional/2017/06/03/iris-wajah-hingga-diarak-telanjang-ini-5-tradisi-ekstrem-di-dunia-memasuki-masa-puber,No,Shocking content,Restricted ad serving,ca-pub-7784034061253020,9,2024-08-06,2024-08-06
m.tribunnews.com,Page,N/A,N/A,m.tribunnews.com/amp/kesehatan/2017/12/07/lima-posisi-ideal-agar-hubungan-suami-istri-makin-panas-tahan-lama-dan-tak-mudah-lelah,No,Adult: Sexual content,Restricted ad serving,ca-pub-7784034061253020,9,2024-08-04,2024-08-05
lampung.tribunnews.com,Page,N/A,N/A,lampung.tribunnews.com/2021/09/01/video-gisel-berdurasi-11-detik-viral-ditonton-puluhan-juta-kali,Yes,Google-served ads obscuring content;Modified Javascript: Ads by Google size,Restricted ad serving,ca-pub-7784034061253020,9,2024-08-04,2024-08-04
lampung.tribunnews.com,Page,N/A,N/A,lampung.tribunnews.com/2017/11/01/mengenaskan-wanita-ini-dimutilasi-dan-tubuhnya-dijadikan-boneka-seks-ternyata-pelakunya,No,Adult: Sexual content,Restricted ad serving,ca-pub-7784034061253020,9,2024-08-01,2024-08-04
lampung.tribunnews.com,Page,N/A,N/A,lampung.tribunnews.com/2015/02/22/lihat-mukanya-bintang-porno-ini-bukukan-kisah-saat-bikin-video-intim,No,Adult: Sexual content,Restricted ad serving,ca-pub-7784034061253020,9,2024-07-31,2024-08-05
kupang.tribunnews.com,Page,N/A,N/A,kupang.tribunnews.com/2023/10/30/viral-gadis-asal-sabu-ntt-ditemukan-meninggal-di-kamar-mandi-posisi-bunuh-diri-dinilai-janggal,No,Shocking content,Restricted ad serving,ca-pub-7784034061253020,9,2024-08-04,2024-08-04
kupang.tribunnews.com,Page,N/A,N/A,kupang.tribunnews.com/2019/12/05/posisi-tidur-terhadap-pasangan-bisa-memancing-gairah-seks-dan-tanda-seberapa-harmonis-hubungan-anda,No,Adult: Sexual content;Shocking content,Restricted ad serving,ca-pub-7784034061253020,9,2024-08-05,2024-08-05
kupang.tribunnews.com,Page,N/A,N/A,kupang.tribunnews.com/2019/03/23/jangan-malu-ajaklah-suami-untuk-berhubungan-intim-ini-hukumnya-istri-minta-duluan-menurut-islam,No,Adult: Sexual content,Restricted ad serving,ca-pub-7784034061253020,9,2024-08-04,2024-08-06
kupang.tribunnews.com,Page,N/A,N/A,kupang.tribunnews.com/2018/09/13/mengaku-berhubungan-seks-6-kali-dalam-sehari-kriss-hatta-kecanduan-seks,No,Adult: Sexual content,Restricted ad serving,ca-pub-7784034061253020,9,2024-08-03,2024-08-06
kupang.tribunnews.com,Page,N/A,N/A,kupang.tribunnews.com/2018/02/08/ngakak-chat-pria-dan-wanita-mas-kamu-minum-susu-gemesku-ya-viral-ini-yang-terjadi,No,Adult: Sexual content,Restricted ad serving,ca-pub-7784034061253020,9,2024-08-06,2024-08-06
kupang.tribunnews.com,Page,N/A,N/A,kupang.tribunnews.com/2017/10/24/lokalisasi-ini-patok-tarif-rp-12-juta-per-satu-jam-namun-hal-tak-terduga-ini-yang-akan-anda-temui,No,Adult: Sexual content,Restricted ad serving,ca-pub-7784034061253020,9,2024-08-05,2024-08-05
kupang.tribunnews.com,Page,N/A,N/A,kupang.tribunnews.com/2017/09/29/tak-ingin-umbar-tubuh-7-aktris-cantik-hollywood-ini-tolak-lakukan-adegan-telanjang-dalam-film,Yes,Site Behavior: Navigation,Restricted ad serving,ca-pub-7784034061253020,9,2024-08-06,2024-08-06
kupang.tribunnews.com,Page,N/A,N/A,kupang.tribunnews.com/2017/07/20/4-wanita-cantik-ini-dinobatkan-sebagai-pemilik-bokong-terseksi-lihat-foto-fotonya?page=2,Yes,Adult: Sexual content;Site Behavior: Navigation,Restricted ad serving,ca-pub-7784034061253020,9,2024-08-04,2024-08-04
kupang.tribunnews.com,Page,N/A,N/A,kupang.tribunnews.com/2017/04/26/mau-pamer-pose-seksi-ketiak-hitam-artis-ini-malah-bikin-netizen-gagal-fokus?page=3,No,Adult: Sexual content,Restricted ad serving,ca-pub-7784034061253020,9,2024-08-06,2024-08-06
jogja.tribunnews.com,Page,N/A,N/A,jogja.tribunnews.com/2017/12/11/boneka-pemuas-nafsu-super-canggih-bagi-pria-kesepian-hingga-donald-trump-kelu-lidah?page=2,No,Adult: Sexual content,Restricted ad serving,ca-pub-7784034061253020,9,2024-08-05,2024-08-05
jogja.tribunnews.com,Page,N/A,N/A,jogja.tribunnews.com/2017/09/24/promosikan-produk-bagian-tubuh-wanita-cantik-ini-dielus-elus-netizen-pada-heboh,No,Adult: Sexual content,Restricted ad serving,ca-pub-7784034061253020,9,2024-08-05,2024-08-05
jogja.tribunnews.com,Page,N/A,N/A,jogja.tribunnews.com/2016/02/05/video-fenomena-mati-gancet-mr-p-kakek-ini-tak-mau-dicopot,No,Adult: Sexual content;Shocking content,Restricted ad serving,ca-pub-7784034061253020,9,2024-08-04,2024-08-04
jogja.tribunnews.com,Page,N/A,N/A,jogja.tribunnews.com/2015/04/02/duh-video-mesum-siswi-berhijab-beredar-di-grobogan,No,Adult: Sexual content,Restricted ad serving,ca-pub-7784034061253020,9,2024-08-04,2024-08-06
jogja.tribunnews.com,Page,N/A,N/A,jogja.tribunnews.com/2012/11/29/psk-abg-manado-biasa-mangkal-di-mal,No,Adult: Sexual content,Restricted ad serving,ca-pub-7784034061253020,9,2024-08-04,2024-08-04
jatim.tribunnews.com,Page,N/A,N/A,jatim.tribunnews.com/2022/02/09/dulu-terkenal-di-cinta-cenat-cenut-nasib-artis-cantik-keturunan-jepang-kini-jadi-konten-kreator,Yes,Modified ad code: Resizing Ad Frames,Restricted ad serving,ca-pub-7784034061253020,9,2024-07-31,2024-08-05
jatim.tribunnews.com,Page,N/A,N/A,jatim.tribunnews.com/2021/03/06/penggal-sang-putri-ayah-lalu-tenteng-kepala-anak-gadisnya-diarak-di-jalanan-demi-kehormatan,Yes,Ads Disguised as Content,Restricted ad serving,ca-pub-7784034061253020,9,2024-08-04,2024-08-04
jatim.tribunnews.com,Page,N/A,N/A,jatim.tribunnews.com/2017/06/19/ampun-makin-mesum-ayu-ting-ting-jongkok-depan-pria-dan-sengaja-buka-celananya-netizen-merinding,Yes,Site Behavior: Navigation,Restricted ad serving,ca-pub-7784034061253020,9,2024-08-06,2024-08-06
jatim.tribunnews.com,Page,N/A,N/A,jatim.tribunnews.com/2017/05/19/10-foto-bugil-artis-yang-dipajang-di-cover-majalah-pria-tanpa-seijin-mereka-melotot-liat-posenya,No,Adult: Sexual content,Restricted ad serving,ca-pub-7784034061253020,9,2024-08-02,2024-08-04
jateng.tribunnews.com,Page,N/A,N/A,jateng.tribunnews.com/2019/10/14/viral-sekelompok-pelajar-nonton-bareng-live-show-temannya-berhubungan-badan-direkam-dengan-ponsel,No,Adult: Sexual content,Restricted ad serving,ca-pub-7784034061253020,9,2024-08-04,2024-08-04
jateng.tribunnews.com,Page,N/A,N/A,jateng.tribunnews.com/2016/08/02/luna-maya-operasi-plastik-lihat-foto-yang-beredar-di-medsos-ini-cantik-tapi,Yes,Site Behavior: Navigation,Restricted ad serving,ca-pub-7784034061253020,9,2024-08-04,2024-08-04
jambi.tribunnews.com,Page,N/A,N/A,jambi.tribunnews.com/2024/01/23/viral-wanita-joget-joget-sensual-di-mall-manado-tak-malu-dilihat-banyak-orang,No,Google-served ads obscuring content,Restricted ad serving,ca-pub-7784034061253020,9,2024-08-04,2024-08-04
jambi.tribunnews.com,Page,N/A,N/A,jambi.tribunnews.com/2018/04/22/penakut-bacanya-jangan-sendirian-kisah-nyata-siswi-smp-yang-belajar-di-kelas-ditemani-hantu,No,Adult: Sexual content,Restricted ad serving,ca-pub-7784034061253020,9,2024-08-05,2024-08-05
jambi.tribunnews.com,Page,N/A,N/A,jambi.tribunnews.com/2012/10/11/dewi-perssik-usir-kesepian-dengan-sex-toy,No,Adult: Sexual content,Restricted ad serving,ca-pub-7784034061253020,9,2024-08-04,2024-08-04
cirebon.tribunnews.com,Page,N/A,N/A,cirebon.tribunnews.com/2019/10/17/beredar-luas-foto-pamela-safitri-tak-pakai-busana-hingga-terlihat-seluruh-dalaman-tubuhnya?page=2,No,Adult: Sexual content,Restricted ad serving,ca-pub-7784034061253020,9,2024-08-06,2024-08-06
bogor.tribunnews.com,Page,N/A,N/A,bogor.tribunnews.com/2017/01/23/geger-siswi-sma-melahirkan-di-kelas-saat-jam-pelajaran-yang-dilakukan-guru-tak-disangka?page=3,No,Adult: Sexual content,Restricted ad serving,ca-pub-7784034061253020,9,2024-08-06,2024-08-06
belitung.tribunnews.com,Page,N/A,N/A,belitung.tribunnews.com/2018/10/08/lagi-viral-jasa-bersih-bersih-rumah-sambil-telanjang-gajinya-besar-mau-coba,No,Adult: Sexual content,Restricted ad serving,ca-pub-7784034061253020,9,2024-08-04,2024-08-04
belitung.tribunnews.com,Page,N/A,N/A,belitung.tribunnews.com/2017/09/26/ini-video-asli-evakuasi-jenazah-para-jenderal-dari-sumur-lubang-buaya-usai-g30-s-pki,No,Shocking content,Restricted ad serving,ca-pub-7784034061253020,9,2024-08-02,2024-08-04
belitung.tribunnews.com,Page,N/A,N/A,belitung.tribunnews.com/2017/05/27/mengerikan-warga-sekampung-geger-lihat-wanita-lahirkan-hewan-ini-rekamannya-jadi-viral,No,Shocking content,Restricted ad serving,ca-pub-7784034061253020,9,2024-08-05,2024-08-05
belitung.tribunnews.com,Page,N/A,N/A,belitung.tribunnews.com/2016/08/01/cewek-ini-masih-sempat-mendesah-1-kali-saat-digerebek-warga-bangka-belitung-di-tepi-pantai?page=4,No,Adult: Sexual content,Restricted ad serving,ca-pub-7784034061253020,9,2024-08-05,2024-08-05
bekasi.tribunnews.com,Page,N/A,N/A,bekasi.tribunnews.com/2022/10/23/kumpulan-film-korea-terbaru-2022-cocok-disaksikan-untuk-pasangan-yang-baru-menikah-khusus-dewasa,Yes,Ads Disguised as Content,Restricted ad serving,ca-pub-7784034061253020,9,2024-08-05,2024-08-05
bekasi.tribunnews.com,Page,N/A,N/A,bekasi.tribunnews.com/2022/10/22/pengemudi-ojol-tewas-bersimbah-darah-usai-berkelahi-dengan-orang-tak-dikenal,Yes,Ads Disguised as Content,Restricted ad serving,ca-pub-7784034061253020,9,2024-08-04,2024-08-04
bekasi.tribunnews.com,Page,N/A,N/A,bekasi.tribunnews.com/2022/07/28/rekomendasi-film-semi-barat-terbaru-yang-cocok-ditonton-bareng-pasangan-di-rumah-khusus-dewasa-lho?page=2,No,Adult: Sexual content,Restricted ad serving,ca-pub-7784034061253020,9,2024-08-05,2024-08-05
batam.tribunnews.com,Page,N/A,N/A,batam.tribunnews.com/2017/12/20/dewi-persik-dapat-kejutan-tapi-marah-anu-suaminya-malah-dipegang-dancer,No,Adult: Sexual content,Restricted ad serving,ca-pub-7784034061253020,9,2024-08-04,2024-08-04
batam.tribunnews.com,Page,N/A,N/A,batam.tribunnews.com/2016/08/23/lima-kisah-berhubungan-seks-yang-berakhir-maut-tragis-hingga-ngakak-habis,No,Adult: Sexual content;Shocking content,Restricted ad serving,ca-pub-7784034061253020,9,2024-08-05,2024-08-05
batam.tribunnews.com,Page,N/A,N/A,batam.tribunnews.com/2013/02/09/para-guru-di-batam-terhenyak-setelah-permen-cinta-beredar-luas,No,Adult: Sexual content,Restricted ad serving,ca-pub-7784034061253020,9,2024-08-06,2024-08-06
banjarmasin.tribunnews.com,Page,N/A,N/A,banjarmasin.tribunnews.com/2022/10/25/pelaku-pemukulan-tetangga-terkapar-karena-luka-bacok-di-sungai-bali-kabupaten-kotabaru,No,Shocking content,Restricted ad serving,ca-pub-7784034061253020,9,2024-08-06,2024-08-06
banjarmasin.tribunnews.com,Page,N/A,N/A,banjarmasin.tribunnews.com/2017/08/28/ternyata-wanita-lebih-suka-duda-ini-alasannya,No,Adult: Sexual content,Restricted ad serving,ca-pub-7784034061253020,9,2024-07-31,2024-08-05
banjarmasin.tribunnews.com,Page,N/A,N/A,banjarmasin.tribunnews.com/2016/05/20/beredar-rontgen-eno-gagang-cangkul-terlihat-jelas-hingga-paru-paru,Yes,Ads Disguised as Content,Restricted ad serving,ca-pub-7784034061253020,9,2024-07-31,2024-08-06
bangka.tribunnews.com,Page,N/A,N/A,bangka.tribunnews.com/2021/11/07/tak-perlu-perangkap-cuma-modal-baking-soda-ternyata-bisa-bikin-tikus-di-rumah-kabur-gini-caranya,No,Google-served ads obscuring content,Restricted ad serving,ca-pub-7784034061253020,9,2024-08-04,2024-08-04
bangka.tribunnews.com,Page,N/A,N/A,bangka.tribunnews.com/2021/04/10/4-kontroversi-wika-salim-yang-sempat-buat-geger-dari-video-mesum-hingga-isu-jual-diri-ke-pejabat,Yes,Ads Disguised as Content,Restricted ad serving,ca-pub-7784034061253020,9,2024-08-04,2024-08-04
bangka.tribunnews.com,Page,N/A,N/A,bangka.tribunnews.com/2019/11/27/video-eks-bintang-film-panas-maria-ozawa-tonton-timnas-indonesia-vs-thailand-miyabi-cium-bendera-ri,No,Shocking content,Restricted ad serving,ca-pub-7784034061253020,9,2024-08-03,2024-08-05
bangka.tribunnews.com,Page,N/A,N/A,bangka.tribunnews.com/2019/04/05/kronologi-cewek-smp-ketagihan-berhubungan-intim-kakak-kelas-sekolah-lain-pun-jadi-sasaran,No,Adult: Sexual content,Restricted ad serving,ca-pub-7784034061253020,9,2024-08-06,2024-08-06
bangka.tribunnews.com,Page,N/A,N/A,bangka.tribunnews.com/2017/10/09/david-bond-blak-blakan-soal-bikin-film-porno-dibintangi-wanita-indonesia?page=3,No,Adult: Sexual content,Restricted ad serving,ca-pub-7784034061253020,9,2024-08-06,2024-08-06
bangka.tribunnews.com,Page,N/A,N/A,bangka.tribunnews.com/2017/10/08/waspada-turis-asing-yang-gemar-esek-esek-ini-incar-cewek-indonesia-untuk-video-porno-ini-modusnya?page=4,Yes,Site Behavior: Navigation,Restricted ad serving,ca-pub-7784034061253020,9,2024-08-04,2024-08-04
bangka.tribunnews.com,Page,N/A,N/A,bangka.tribunnews.com/2017/09/07/5-fakta-adegan-film-porno-awalnya-bikin-kagum,No,Adult: Sexual content,Restricted ad serving,ca-pub-7784034061253020,9,2024-08-04,2024-08-04
bangka.tribunnews.com,Page,N/A,N/A,bangka.tribunnews.com/2017/08/25/tidur-dengan-paman-alat-vital-wanita-ini-dilumuri-lem-ini-5-cerita-pasangan-kepergok-selingkuh,No,Adult: Sexual content,Restricted ad serving,ca-pub-7784034061253020,9,2024-08-06,2024-08-06
bangka.tribunnews.com,Page,N/A,N/A,bangka.tribunnews.com/2017/07/07/ketemu-mia-khalifa-pria-coba-coba-selfie-malah-kena-bogem,No,Google-served ads obscuring content,Restricted ad serving,ca-pub-7784034061253020,9,2024-08-05,2024-08-05
bangka.tribunnews.com,Page,N/A,N/A,bangka.tribunnews.com/2017/02/25/dua-orgasme-jenis-ini-tak-banyak-diketahui-orang-nikmatnya-sungguh-wow,No,Adult: Sexual content,Restricted ad serving,ca-pub-7784034061253020,9,2024-08-05,2024-08-05
bangka.tribunnews.com,Page,N/A,N/A,bangka.tribunnews.com/2017/01/01/wanita-cantik-ini-terungkap-bercinta-dengan-anjing-pitbull-peliharaannya,No,Adult: Sexual content,Restricted ad serving,ca-pub-7784034061253020,9,2024-08-02,2024-08-06
bangka.tribunnews.com,Page,N/A,N/A,bangka.tribunnews.com/2016/10/13/dosen-dv-beberkan-kronologi-penggerebekan-dirinya-bersama-mahasiswa-begini-ceritanya,No,Adult: Sexual content,Restricted ad serving,ca-pub-7784034061253020,9,2024-08-05,2024-08-05
bangka.tribunnews.com,Page,N/A,N/A,bangka.tribunnews.com/2016/09/29/inilah-8-artis-panas-jepang-pangganti-maria-ozawa-siapakah-yang-paling-cocok?page=5,No,Adult: Sexual content,Restricted ad serving,ca-pub-7784034061253020,9,2024-08-04,2024-08-04
bangka.tribunnews.com,Page,N/A,N/A,bangka.tribunnews.com/2016/09/15/empat-bintang-film-panas-terkenal-ini-dikabarkan-berasal-dari-indonesia?page=6,Yes,Google-served ads on screens without publisher-content,Restricted ad serving,ca-pub-7784034061253020,9,2024-08-05,2024-08-05
bali.tribunnews.com,Page,N/A,N/A,bali.tribunnews.com/amp/2021/09/28/sperma-lama-tidak-dikeluarkan-apakah-berbahaya-bagi-kesehatan,Yes,Encouraging accidental clicks: Layout,Restricted ad serving,ca-pub-7784034061253020,9,2024-08-04,2024-08-04
bali.tribunnews.com,Page,N/A,N/A,bali.tribunnews.com/2017/06/23/kakek-sugiono-82-tahun-tetap-gagah-hadapi-gadis-muda-di-ranjang-ini-rahasianya,No,Adult: Sexual content,Restricted ad serving,ca-pub-7784034061253020,9,2024-07-31,2024-08-04
bali.tribunnews.com,Page,N/A,N/A,bali.tribunnews.com/2016/05/20/mitos-doyan-making-love-buat-pantat-wanita-melorot-benarkah,No,Adult: Sexual content,Restricted ad serving,ca-pub-7784034061253020,9,2024-08-01,2024-08-04
bali.tribunnews.com,Page,N/A,N/A,bali.tribunnews.com/2014/09/16/atlet-pesepeda-perempuan-ini-tak-pakai-celana,No,Adult: Sexual content,Restricted ad serving,ca-pub-7784034061253020,9,2024-08-04,2024-08-04
ambon.tribunnews.com,Page,N/A,N/A,ambon.tribunnews.com/2019/10/05/ada-foto-video-call-bugil-bareng-pria-pakai-11-akun-ig-sebar-foto-syur-pegawai-bank,No,Adult: Sexual content,Restricted ad serving,ca-pub-7784034061253020,9,2024-08-05,2024-08-05
aceh.tribunnews.com,Page,N/A,N/A,aceh.tribunnews.com/tag/organ-intim,No,Adult: Sexual content,Restricted ad serving,ca-pub-7784034061253020,9,2024-07-31,2024-08-06
aceh.tribunnews.com,Page,N/A,N/A,aceh.tribunnews.com/tag/langkat,Yes,Google-served ads on screens without publisher-content,Restricted ad serving,ca-pub-7784034061253020,9,2024-08-03,2024-08-06
aceh.tribunnews.com,Page,N/A,N/A,aceh.tribunnews.com/tag/adegan-seks-di-film-sacred-game,Yes,Google-served ads on screens without publisher-content,Restricted ad serving,ca-pub-7784034061253020,9,2024-08-03,2024-08-05
aceh.tribunnews.com,Page,N/A,N/A,aceh.tribunnews.com/2023/09/05/siswi-smp-di-bengkalis-dibunuh-kakak-kelas-korban-juga-dirudapaksa-modus-cinta-ditolak,No,Shocking content,Restricted ad serving,ca-pub-7784034061253020,9,2024-07-31,2024-08-05
www.tribunnews.com,Page,N/A,N/A,www.tribunnews.com/seleb/2021/11/22/sinopsis-in-the-blood-aksi-seorang-istri-mencari-suaminya-yang-hilang-tayang-malam-ini-di-trans-tv,Yes,Encouraging accidental clicks: Layout;Google-served ads obscuring content,Restricted ad serving,ca-pub-7784034061253020,8,2024-08-03,2024-08-04
www.tribunnews.com,Page,N/A,N/A,www.tribunnews.com/regional/2013/12/18/masih-ada-psk-mangkal-di-parangkusumo,No,Shocking content,Restricted ad serving,ca-pub-7784034061253020,8,2024-08-05,2024-08-06
www.tribunnews.com,Page,N/A,N/A,www.tribunnews.com/regional/2012/01/31/video-pesta-sex-pelajar-beredar-di-gunungkidul,No,Shocking content,Restricted ad serving,ca-pub-7784034061253020,8,2024-08-03,2024-08-06
www.tribunnews.com,Page,N/A,N/A,www.tribunnews.com/metropolitan/2019/05/17/empat-waria-terjaring-razia-satpol-pp-di-apartemen-modernland-tangerang,No,Adult: Sexual content,Restricted ad serving,ca-pub-7784034061253020,8,2024-08-05,2024-08-05
www.tribunnews.com,Page,N/A,N/A,www.tribunnews.com/lifestyle/2015/04/17/12-hal-yang-paling-sering-disiapkan-wanita-sebelum-siap-disentuh-di-ranjang,No,Adult: Sexual content,Restricted ad serving,ca-pub-7784034061253020,8,2024-08-05,2024-08-05
www.tribunnews.com,Page,N/A,N/A,www.tribunnews.com/kesehatan/2013/10/25/wahai-suami-puasa-payudaralah-saat-istri-menyusui,No,Adult: Sexual content,Restricted ad serving,ca-pub-7784034061253020,8,2024-08-01,2024-08-05
www.tribunnews.com,Page,N/A,N/A,www.tribunnews.com/kesehatan/2011/05/16/anak-desa-punya-mr-p-lebih-besar-ketimbang-anak-kota,No,Adult: Sexual content,Restricted ad serving,ca-pub-7784034061253020,8,2024-08-02,2024-08-05
www.tribunnews.com,Page,N/A,N/A,www.tribunnews.com/internasional/2022/07/02/kelompok-stop-av-law-jepang-menentang-ruu-yang-melegalkan-hubungan-badan-dalam-produksi-film-dewasa,Yes,Ads Disguised as Content,Restricted ad serving,ca-pub-7784034061253020,8,2024-08-02,2024-08-05
www.tribunnews.com,Page,N/A,N/A,www.tribunnews.com/internasional/2017/09/20/berita-foto-boneka-seks-di-china-disewakan-rp-600-sehari-warga-rebutan,No,Adult: Sexual content,Restricted ad serving,ca-pub-7784034061253020,8,2024-08-02,2024-08-04
www.tribunnews.com,Page,N/A,N/A,www.tribunnews.com/internasional/2016/11/15/wanita-cantik-ini-minum-sperma-setiap-pagi-untuk-meningkatkan-energi-dan-perawatan-kulit,No,Shocking content,Restricted ad serving,ca-pub-7784034061253020,8,2024-07-31,2024-08-06
www.tribunnews.com,Page,N/A,N/A,www.tribunnews.com/internasional/2012/11/04/masturbasi-tujuh-kali-sehari-pemuda-ini-butuh-pertolongan,No,Adult: Sexual content,Restricted ad serving,ca-pub-7784034061253020,8,2024-08-04,2024-08-06
wow.tribunnews.com,Page,N/A,N/A,wow.tribunnews.com/2019/03/06/viral-video-oknum-guru-putar-video-porno-di-kelas-kpai-sesalkan-perilaku-sang-guru,Yes,Site Behavior: Navigation,Restricted ad serving,ca-pub-7784034061253020,8,2024-08-03,2024-08-06
wow.tribunnews.com,Page,N/A,N/A,wow.tribunnews.com/2018/12/06/video-kamera-tersembunyi-di-toilet-dan-ruang-ganti-mewabah-bahkan-jadi-kanal-di-situs-ini-modusnya,No,Shocking content,Restricted ad serving,ca-pub-7784034061253020,8,2024-08-02,2024-08-04
wartakota.tribunnews.com,Page,N/A,N/A,wartakota.tribunnews.com/lifestyle/seks,No,Adult: Sexual content,Restricted ad serving,ca-pub-7784034061253020,8,2024-08-06,2024-08-06
wartakota.tribunnews.com,Page,N/A,N/A,wartakota.tribunnews.com/2022/11/06/fakta-baru-video-mesum-wanita-kebaya-merah-diperankan-influencer-cantik-polisi-periksa-kamar-hotel,Yes,Ads Disguised as Content,Restricted ad serving,ca-pub-7784034061253020,8,2024-08-06,2024-08-06
wartakota.tribunnews.com,Page,N/A,N/A,wartakota.tribunnews.com/2021/05/21/video-viral-bocah-5-tahun-dianiaya-ayah-kandung-di-tangsel-pelaku-sudah-ditangkap-polisi,Yes,Ads Disguised as Content,Restricted ad serving,ca-pub-7784034061253020,8,2024-08-06,2024-08-06
wartakota.tribunnews.com,Page,N/A,N/A,wartakota.tribunnews.com/2019/07/19/kontrakan-disewa-dan-jadi-tempat-pesta-mesum-para-abg-bukti-petugas-temukan-kondom-bekas-tercecer,No,Adult: Sexual content,Restricted ad serving,ca-pub-7784034061253020,8,2024-08-01,2024-08-05
wartakota.tribunnews.com,Page,N/A,N/A,wartakota.tribunnews.com/2017/12/18/saran-dokter-berhubungan-sekslah-sebanyak-yang-kamu-bisa,No,Adult: Sexual content,Restricted ad serving,ca-pub-7784034061253020,8,2024-08-06,2024-08-06
wartakota.tribunnews.com,Page,N/A,N/A,wartakota.tribunnews.com/2015/09/02/wah-ternyata-film-porno-tidak-seindah-aslinya,No,Adult: Sexual content,Restricted ad serving,ca-pub-7784034061253020,8,2024-07-31,2024-08-06
wartakota.tribunnews.com,Page,N/A,N/A,wartakota.tribunnews.com/2015/05/27/payudara-duo-serigala-paling-tinggi-jadi-pembicaraan-netizen,No,Shocking content,Restricted ad serving,ca-pub-7784034061253020,8,2024-08-01,2024-08-04
wartakota.tribunnews.com,Page,N/A,N/A,wartakota.tribunnews.com/2015/05/12/baby-margaretha-ngaku-pernah-diajak-tidur-bareng,No,Adult: Sexual content,Restricted ad serving,ca-pub-7784034061253020,8,2024-08-04,2024-08-04
wartakota.tribunnews.com,Page,N/A,N/A,wartakota.tribunnews.com/2014/06/19/cukup-dioleskan-tunggu-30-menit-langsung-ereksi,No,Adult: Sexual content,Restricted ad serving,ca-pub-7784034061253020,8,2024-08-04,2024-08-04
suryamalang.tribunnews.com,Page,N/A,N/A,suryamalang.tribunnews.com/2017/06/13/video-tante-tante-seksi-buka-puasa-makan-nasi-liwet-paha-mulus-mereka-bikin-meriang,Yes,Site Behavior: Navigation,Restricted ad serving,ca-pub-7784034061253020,8,2024-07-31,2024-08-06
surabaya.tribunnews.com,Page,N/A,N/A,surabaya.tribunnews.com/2019/12/12/video-siswi-smp-surabaya-disetubuhi-pemuda-di-tempat-terbuka-terkirim-keorangtua-korban,No,Shocking content,Restricted ad serving,ca-pub-7784034061253020,8,2024-08-04,2024-08-06
sumsel.tribunnews.com,Page,N/A,N/A,sumsel.tribunnews.com/2020/01/09/harga-rokok-mulai-naik-marlboro-tertinggi-dijual-rp-31-ribu-per-bungkus,No,Tobacco,Restricted ad serving,ca-pub-7784034061253020,8,2024-08-01,2024-08-06
sumsel.tribunnews.com,Page,N/A,N/A,sumsel.tribunnews.com/2017/08/08/astaga-gadis-cantik-ini-ditemukkan-dalam-toilet-lihat-bagian-bokongnya-sampai-segitunya,No,Google-served ads obscuring content,Restricted ad serving,ca-pub-7784034061253020,8,2024-08-06,2024-08-06
sumsel.tribunnews.com,Page,N/A,N/A,sumsel.tribunnews.com/2015/12/11/film-porno-jepang-saat-adegan-seks-pakai-kondom-atau-tidak,No,Adult: Sexual content,Restricted ad serving,ca-pub-7784034061253020,8,2024-08-03,2024-08-05
sumsel.tribunnews.com,Page,N/A,N/A,sumsel.tribunnews.com/2013/10/25/8-hal-yang-hanya-terjadi-dalam-film-porno,No,Adult: Sexual content,Restricted ad serving,ca-pub-7784034061253020,8,2024-08-06,2024-08-06
style.tribunnews.com,Page,N/A,N/A,style.tribunnews.com/2017/11/13/heboh-video-cewek-jaman-now-saling-pukul-bak-petinju-sampai-nyaris-ada-yang-nyembul-bikin-gemas,No,Shocking content,Restricted ad serving,ca-pub-7784034061253020,8,2024-08-05,2024-08-05
style.tribunnews.com,Page,N/A,N/A,style.tribunnews.com/2017/03/12/naik-wahana-hiburan-celana-cewek-ini-melorot-sampai-bokong-yang-terjadi-selanjutnya-tambah-parah?page=3,No,Adult: Sexual content,Restricted ad serving,ca-pub-7784034061253020,8,2024-08-05,2024-08-05
style.tribunnews.com,Page,N/A,N/A,style.tribunnews.com/2016/11/28/miyabi-di-bali-pose-berbikini-di-pulau-dewata-netizen-sibuk-tanyakan-ozawa-menginap-di-hotel-mana,No,Adult: Sexual content,Restricted ad serving,ca-pub-7784034061253020,8,2024-08-05,2024-08-05
pontianak.tribunnews.com,Page,N/A,N/A,pontianak.tribunnews.com/2019/08/23/tarif-ayam-kampus-di-prostitusi-online-lokasi-bercinta-favorit-hingga-disebut-berbeda-dari-psk,No,Adult: Sexual content,Restricted ad serving,ca-pub-7784034061253020,8,2024-08-06,2024-08-06
pontianak.tribunnews.com,Page,N/A,N/A,pontianak.tribunnews.com/2018/01/13/sering-nonton-video-porno-picu-kerusakan-otak-dan-perilaku-menyimpang-ini-tips-mengatasinya,No,Adult: Sexual content,Restricted ad serving,ca-pub-7784034061253020,8,2024-07-31,2024-08-05
pontianak.tribunnews.com,Page,N/A,N/A,pontianak.tribunnews.com/2017/11/06/sekarang-ada-boneka-seks-untuk-wanita-dan-gay-harganya-bisa-beli-sepeda-motor,No,Adult: Sexual content;Shocking content,Restricted ad serving,ca-pub-7784034061253020,8,2024-08-01,2024-08-06
pontianak.tribunnews.com,Page,N/A,N/A,pontianak.tribunnews.com/2014/08/19/sekali-kencan-brondong-bisa-dapat-imbalan-rp-5-juta-dari-tante-girang,No,Shocking content,Restricted ad serving,ca-pub-7784034061253020,8,2024-07-31,2024-08-04
pekanbaru.tribunnews.com,Page,N/A,N/A,pekanbaru.tribunnews.com/2021/06/01/penjelasan-terbaru-apa-itu-sponge-dalam-bahasa-gaul-arti-sponge-dicari-karena-viral-di-tiktok,Yes,Modified ad code: Resizing Ad Frames,Restricted ad serving,ca-pub-7784034061253020,8,2024-08-03,2024-08-05
pekanbaru.tribunnews.com,Page,N/A,N/A,pekanbaru.tribunnews.com/2020/04/02/full-hd-film-terminator-dark-fate-2019-download-tonton-streaming-terminator,Yes,Copyrighted material (DMCA),Disabled ad serving,,8,2024-08-05,2024-08-05
palembang.tribunnews.com,Page,N/A,N/A,palembang.tribunnews.com/2017/11/18/jangan-ditiru-cukup-modal-hotel-dan-kondom-karyawati-ini-raup-penghasilan-fantastis,No,Adult: Sexual content,Restricted ad serving,ca-pub-7784034061253020,8,2024-08-04,2024-08-04
palembang.tribunnews.com,Page,N/A,N/A,palembang.tribunnews.com/2015/12/12/video-sopir-ini-nonton-film-porno-dan-onani-sambil-menyetir,No,Google-served ads obscuring content,Restricted ad serving,ca-pub-7784034061253020,8,2024-08-04,2024-08-04
newsmaker.tribunnews.com,Page,N/A,N/A,newsmaker.tribunnews.com/2021/08/31/bagaimana-hukum-menonton-film-dewasa-bersama-pasangan-halal-ini-penjelasan-ustaz-khalid-basalamah,Yes,Ads Disguised as Content,Restricted ad serving,ca-pub-7784034061253020,8,2024-08-04,2024-08-04
medan.tribunnews.com,Page,N/A,N/A,medan.tribunnews.com/amp/2018/01/04/viral-video-bokep-anak-kecil-dengan-wanita-dewasa-netizen-pun-dibikin-heboh-hingga-penasaran,No,Adult: Sexual content,Restricted ad serving,ca-pub-7784034061253020,8,2024-08-02,2024-08-05
medan.tribunnews.com,Page,N/A,N/A,medan.tribunnews.com/2022/11/29/siskaeee-beberkan-ingin-jadi-bintang-film-dewasa-di-luar-negeri-bisa-cerita-ke-anak-cucu,No,Google-served ads obscuring content,Restricted ad serving,ca-pub-7784034061253020,8,2024-08-04,2024-08-04
medan.tribunnews.com,Page,N/A,N/A,medan.tribunnews.com/2022/09/25/baru-tahu-ini-arti-mimpi-berhubungan-dengan-istri-orang-terkesan-tabu,Yes,Ads Disguised as Content,Restricted ad serving,ca-pub-7784034061253020,8,2024-08-05,2024-08-05
medan.tribunnews.com,Page,N/A,N/A,medan.tribunnews.com/2022/01/31/pengamat-budaya-berikan-pandangan-terkait-pernikahan-yanti-nainggolan,Yes,Modified ad code: Resizing Ad Frames,Restricted ad serving,ca-pub-7784034061253020,8,2024-07-31,2024-08-04
medan.tribunnews.com,Page,N/A,N/A,medan.tribunnews.com/2019/03/11/mucikari-di-medan-pasang-tarif-rp-1-hingga-rp-3-juta-untuk-sekali-short-time-pada-tamu-psk,No,Adult: Sexual content,Restricted ad serving,ca-pub-7784034061253020,8,2024-08-04,2024-08-06
medan.tribunnews.com,Page,N/A,N/A,medan.tribunnews.com/2018/02/07/inilah-kisah-gadis-si-ayam-kampus-mulai-dari-tarif-layanan-online-hingga-pelanggan-tetap?page=all,No,Adult: Sexual content,Restricted ad serving,ca-pub-7784034061253020,8,2024-08-05,2024-08-05
medan.tribunnews.com,Page,N/A,N/A,medan.tribunnews.com/2017/11/28/heran-ada-rambut-di-area-bokong-gak-diduga-manfaatnya-begitu-terasa-simak-ulasannya,No,Adult: Sexual content,Restricted ad serving,ca-pub-7784034061253020,8,2024-08-05,2024-08-05
medan.tribunnews.com,Page,N/A,N/A,medan.tribunnews.com/2017/11/10/kisah-cewek-yang-selalu-terangsang-dan-ingin-intim-dengan-pria-setiap-saat-ini-fakta-sebenarnya,No,Adult: Sexual content,Restricted ad serving,ca-pub-7784034061253020,8,2024-07-31,2024-08-06
medan.tribunnews.com,Page,N/A,N/A,medan.tribunnews.com/2017/10/27/hanna-anissa-sempat-bantah-video-bokep-viral-postingannya-sebut-soal-dada-pemeran,No,Adult: Sexual content,Restricted ad serving,ca-pub-7784034061253020,8,2024-08-04,2024-08-05
medan.tribunnews.com,Page,N/A,N/A,medan.tribunnews.com/2017/08/28/5-video-paling-top-pria-arab-paksa-tkw-melayani-nafsu-remaja-melahirkan-hingga-operasi-buah-dada,Yes,Site Behavior: Navigation,Restricted ad serving,ca-pub-7784034061253020,8,2024-08-03,2024-08-05
medan.tribunnews.com,Page,N/A,N/A,medan.tribunnews.com/2011/11/07/295-persen-siswi-smp-sma-tidak-perawan,No,Adult: Sexual content,Restricted ad serving,ca-pub-7784034061253020,8,2024-08-01,2024-08-05
manado.tribunnews.com,Page,N/A,N/A,manado.tribunnews.com/tag/ancam-sebar-video-porno-aurel-hermansyah,Yes,Google-served ads on screens without publisher-content,Restricted ad serving,ca-pub-7784034061253020,8,2024-08-02,2024-08-05
makassar.tribunnews.com,Page,N/A,N/A,makassar.tribunnews.com/2020/03/10/direkam-viral-video-2-bule-wanita-tanpa-busana-bersantai-di-depan-umum,No,Shocking content,Restricted ad serving,ca-pub-7784034061253020,8,2024-07-31,2024-08-06
makassar.tribunnews.com,Page,N/A,N/A,makassar.tribunnews.com/2019/11/08/pengen-coba-main-bertiga-janda-muda-ini-bawakan-pacar-siswi-smk,No,Adult: Sexual content,Restricted ad serving,ca-pub-7784034061253020,8,2024-08-03,2024-08-04
makassar.tribunnews.com,Page,N/A,N/A,makassar.tribunnews.com/2019/10/04/video-syur-bebby-fey-bersama-seorang-pria-viral-di-instagram-di-tengah-perseteruannya-dengan-atta,Yes,Ads Disguised as Content,Restricted ad serving,ca-pub-7784034061253020,8,2024-08-05,2024-08-05
makassar.tribunnews.com,Page,N/A,N/A,makassar.tribunnews.com/2017/04/27/tanpa-baju-dan-celana-baby-margaretha-tampil-panas-pada-sampul-majalah-dewasa,Yes,Site Behavior: Navigation,Restricted ad serving,ca-pub-7784034061253020,8,2024-08-05,2024-08-05
makassar.tribunnews.com,Page,N/A,N/A,makassar.tribunnews.com/2016/12/01/penelitian-dari-10-mahasiswa-makassar-yang-seks-bebas-7-tanpa-pelindung-4-pernah-aborsi,No,Adult: Sexual content,Restricted ad serving,ca-pub-7784034061253020,8,2024-08-06,2024-08-06
madura.tribunnews.com,Page,N/A,N/A,madura.tribunnews.com/2019/05/01/video-viral-ada-kondom-ini-detik-detik-bos-bumn-mau-dinas-malah-mati-usai-ngamar-sama-cewek-seksi,No,Adult: Sexual content,Restricted ad serving,ca-pub-7784034061253020,8,2024-08-05,2024-08-05
m.tribunnews.com,Page,N/A,N/A,m.tribunnews.com/seleb/2017/07/18/ustaz-syam-mengaku-salah-minta-maaf-telah-menyebut-pesta-seks-di-surga,No,Shocking content,Restricted ad serving,ca-pub-7784034061253020,8,2024-08-06,2024-08-06
m.tribunnews.com,Page,N/A,N/A,m.tribunnews.com/regional/2019/12/03/14-pasangan-mesum-digrebek-satpol-pp-saat-lagi-kencan-di-sejumlah-vila-objek-wisata-guci,No,Shocking content,Restricted ad serving,ca-pub-7784034061253020,8,2024-08-05,2024-08-05
m.tribunnews.com,Page,N/A,N/A,m.tribunnews.com/regional/2018/05/10/diduga-jadi-tempat-mesum-kondom-bekas-berserakan-di-gedung-kosong-kawasan-renon-ini,No,Adult: Sexual content,Restricted ad serving,ca-pub-7784034061253020,8,2024-08-04,2024-08-04
m.tribunnews.com,Page,N/A,N/A,m.tribunnews.com/regional/2013/10/28/heboh-siswi-pesantren-di-sumenep-bikin-video-mesum,No,Adult: Sexual content,Restricted ad serving,ca-pub-7784034061253020,8,2024-08-05,2024-08-05
m.tribunnews.com,Page,N/A,N/A,m.tribunnews.com/kesehatan/2012/11/14/ini-tiga-gaya-bercinta-favorit-chantal-della-concetta,No,Adult: Sexual content,Restricted ad serving,ca-pub-7784034061253020,8,2024-08-04,2024-08-04
m.tribunnews.com,Page,N/A,N/A,m.tribunnews.com/internasional/2018/05/15/mengenal-sekolah-nampa-di-jepang-ujung-ujungnya-berhubungan-seks,No,Adult: Sexual content,Restricted ad serving,ca-pub-7784034061253020,8,2024-08-05,2024-08-05
m.tribunnews.com,Page,N/A,N/A,m.tribunnews.com/internasional/2016/09/13/pakai-kantong-plastik-saat-hubungan-intim-pasangan-mahasiswa-ini-dilarikan-ke-rumah-sakit,No,Adult: Sexual content,Restricted ad serving,ca-pub-7784034061253020,8,2024-08-05,2024-08-05
m.tribunnews.com,Page,N/A,N/A,m.tribunnews.com/internasional/2016/04/25/pria-ini-pegang-alat-vital-sendiri-sambil-melihat-arah-dada-wanita-di-sampingnya,No,Adult: Sexual content,Restricted ad serving,ca-pub-7784034061253020,8,2024-08-04,2024-08-04
m.tribunnews.com,Page,N/A,N/A,m.tribunnews.com/internasional/2015/04/10/cewek-indonesia-ini-jadi-bintang-film-dewasa-profesional-di-as,No,Adult: Sexual content,Restricted ad serving,ca-pub-7784034061253020,8,2024-08-05,2024-08-05
m.tribunnews.com,Page,N/A,N/A,m.tribunnews.com/internasional/2010/12/04/wanita-ini-tewas-saat-mastrubasi-pakai-seks-toys,No,Adult: Sexual content,Restricted ad serving,ca-pub-7784034061253020,8,2024-08-05,2024-08-05
lampung.tribunnews.com,Page,N/A,N/A,lampung.tribunnews.com/2017/11/23/temukan-salah-satunya-inilah-12-tanda-sebenarnya-wanita-hot-dan-sensual,No,Adult: Sexual content,Restricted ad serving,ca-pub-7784034061253020,8,2024-08-01,2024-08-06
lampung.tribunnews.com,Page,N/A,N/A,lampung.tribunnews.com/2017/10/25/usai-lima-kali-download-link-video-mesum-diduga-mahasiswi-ternama-cowok-ini-malah-insyaf,No,Adult: Sexual content,Restricted ad serving,ca-pub-7784034061253020,8,2024-08-01,2024-08-06
lampung.tribunnews.com,Page,N/A,N/A,lampung.tribunnews.com/2015/05/16/hukum-menggunakan-krim-pembesar-payudara-dalam-perspektif-islam,Yes,Encouraging accidental clicks: Layout;Google-served ads obscuring content,Restricted ad serving,ca-pub-7784034061253020,8,2024-08-05,2024-08-05
lampung.tribunnews.com,Page,N/A,N/A,lampung.tribunnews.com/2015/01/01/putri-orang-terkenal-di-jepang-jadi-artis-film-porno,No,Adult: Sexual content,Restricted ad serving,ca-pub-7784034061253020,8,2024-07-31,2024-08-05
kupang.tribunnews.com,Page,N/A,N/A,kupang.tribunnews.com/2019/12/22/edan-sopir-taksi-online-berhubungan-badan-dengan-14-eks-penumpang-hingga-video-panas-ini-modusnya,No,Adult: Sexual content,Restricted ad serving,ca-pub-7784034061253020,8,2024-08-05,2024-08-06
kupang.tribunnews.com,Page,N/A,N/A,kupang.tribunnews.com/2019/10/02/kakak-ipar-tak-tahan-nafsu-adik-ipar-pakai-baju-tipis-ajak-kuda-lumping-imingi-duit-kronologi,No,Adult: Sexual content,Restricted ad serving,ca-pub-7784034061253020,8,2024-08-02,2024-08-04
kupang.tribunnews.com,Page,N/A,N/A,kupang.tribunnews.com/2018/02/05/bikin-heboh-polwan-seksi-nan-cantik-kepergok-mandi-telanjang-bersama-polisi-pria-di-asrama,No,Adult: Sexual content,Restricted ad serving,ca-pub-7784034061253020,8,2024-08-05,2024-08-05
kupang.tribunnews.com,Page,N/A,N/A,kupang.tribunnews.com/2017/05/03/buah-dada-wanita-jepang-bagus-cantik-dan-putih-kata-orang-korowai,No,Adult: Sexual content,Restricted ad serving,ca-pub-7784034061253020,8,2024-08-03,2024-08-04
jogja.tribunnews.com,Page,N/A,N/A,jogja.tribunnews.com/2017/02/18/5-cara-orgasme-tanpa-melakukan-senggama,No,Adult: Sexual content,Restricted ad serving,ca-pub-7784034061253020,8,2024-08-06,2024-08-06
jatim.tribunnews.com,Page,N/A,N/A,jatim.tribunnews.com/2017/02/06/wow-ini-dia-daftar-negara-negara-yang-unik-dan-gila-untuk-urusan-seks,No,Adult: Sexual content,Restricted ad serving,ca-pub-7784034061253020,8,2024-08-04,2024-08-04
jateng.tribunnews.com,Page,N/A,N/A,jateng.tribunnews.com/2022/11/09/link-video-syur-kebaya-merah-banyak-diburu-ah-masih-miliki-koleksi-92-video-mesum-berbagai-judul,Yes,Ads Disguised as Content,Restricted ad serving,ca-pub-7784034061253020,8,2024-08-04,2024-08-06
jateng.tribunnews.com,Page,N/A,N/A,jateng.tribunnews.com/2016/10/15/heboh-baju-tembus-pandang-ariel-tatum-bagian-sensitifnya-terlihat,No,Adult: Sexual content,Restricted ad serving,ca-pub-7784034061253020,8,2024-08-04,2024-08-05
jateng.tribunnews.com,Page,N/A,N/A,jateng.tribunnews.com/2016/08/12/ada-lagi-wanita-cantik-berhubungan-seks-dengan-anjing-kali-ini-malah-merekam-videonya,Yes,Site Behavior: Navigation,Restricted ad serving,ca-pub-7784034061253020,8,2024-07-31,2024-08-05
jateng.tribunnews.com,Page,N/A,N/A,jateng.tribunnews.com/2013/12/27/penetrasi-terlalu-dalam-bisa-berakibat-nyeri-pada-wanita,No,Adult: Sexual content,Restricted ad serving,ca-pub-7784034061253020,8,2024-08-06,2024-08-06
jambi.tribunnews.com,Page,N/A,N/A,jambi.tribunnews.com/2024/06/15/ternyata-pelaku-pembunuhan-wanita-cantik-di-kos-paal-v-kota-jambi-teman-kencan-korban,No,Shocking content,Restricted ad serving,ca-pub-7784034061253020,8,2024-08-04,2024-08-04
jambi.tribunnews.com,Page,N/A,N/A,jambi.tribunnews.com/2019/08/09/rela-pakai-rok-pendek-dan-tubuh-terbuka-kisah-spg-cantik-layani-pria-dibayar-rp-1-juta-per-6-jam,No,Adult: Sexual content,Restricted ad serving,ca-pub-7784034061253020,8,2024-07-31,2024-08-06
jambi.tribunnews.com,Page,N/A,N/A,jambi.tribunnews.com/2017/07/30/galeri-foto-tanpa-sensor-ini-5-film-dewasa-dengan-adegan-intim-nyata,No,Adult: Sexual content,Restricted ad serving,ca-pub-7784034061253020,8,2024-08-02,2024-08-04
jambi.tribunnews.com,Page,N/A,N/A,jambi.tribunnews.com/2015/01/06/galeri-foto-instagram-gadis-cantik-dan-seksi-ini-buat-internet-bergairah,No,Adult: Sexual content,Restricted ad serving,ca-pub-7784034061253020,8,2024-08-05,2024-08-05
jakarta.tribunnews.com,Page,N/A,N/A,jakarta.tribunnews.com/2022/11/07/tak-cuma-kebaya-merah-pemeran-video-syur-kenakan-busana-merah-ini-makna-merah-di-kehidupan-seks,Yes,Ads Disguised as Content,Restricted ad serving,ca-pub-7784034061253020,8,2024-08-05,2024-08-06
belitung.tribunnews.com,Page,N/A,N/A,belitung.tribunnews.com/2017/02/23/video-wanita-pakai-rok-seksi-naik-tangga-lelaki-intip-ini,No,Adult: Sexual content,Restricted ad serving,ca-pub-7784034061253020,8,2024-08-04,2024-08-06
batam.tribunnews.com,Page,N/A,N/A,batam.tribunnews.com/2021/05/04/viral-sejoli-mesum-di-kuburan-china-cewek-terekam-tak-pakai-celana-jangan-videoin-om,No,Google-served ads obscuring content,Restricted ad serving,ca-pub-7784034061253020,8,2024-08-01,2024-08-06
batam.tribunnews.com,Page,N/A,N/A,batam.tribunnews.com/2016/05/20/pamer-payudara-di-facebook-mahasiswi-ini-buat-heboh-dunia-maya?page=3,No,Adult: Sexual content,Restricted ad serving,ca-pub-7784034061253020,8,2024-08-05,2024-08-05
banjarmasin.tribunnews.com,Page,N/A,N/A,banjarmasin.tribunnews.com/2021/04/23/fakta-fakta-mayat-wanita-dalam-gulungan-kasur-sedang-hamil-dan-dibunuh-suami-sendiri,No,Google-served ads obscuring content,Restricted ad serving,ca-pub-7784034061253020,8,2024-08-05,2024-08-06
bangka.tribunnews.com,Page,N/A,N/A,bangka.tribunnews.com/2018/05/05/mencengangkan-wanita-jepang-banyak-yang-jomblo-tapi-yang-masih-perawan-makin-tipis,No,Adult: Sexual content,Restricted ad serving,ca-pub-7784034061253020,8,2024-07-31,2024-08-06
bangka.tribunnews.com,Page,N/A,N/A,bangka.tribunnews.com/2018/04/04/pernah-memakai-6-produk-lawas-ini-mengigatkan-masa-romansa-remaja-anda,Yes,Site Behavior: Navigation,Restricted ad serving,ca-pub-7784034061253020,8,2024-08-04,2024-08-05
bangka.tribunnews.com,Page,N/A,N/A,bangka.tribunnews.com/2018/03/21/video-ciuman-aktor-ftv-bersama-lucinta-luna-beredar-pria-ini-bilang-hanya-berteman-biasa,No,Google-served ads obscuring content,Restricted ad serving,ca-pub-7784034061253020,8,2024-08-04,2024-08-04
bangka.tribunnews.com,Page,N/A,N/A,bangka.tribunnews.com/2017/10/19/di-semak-semak-kancing-baju-cewek-cantik-terlepas-astaga-cowok-di-sebelahnya-lakukan-ini,No,Adult: Sexual content,Restricted ad serving,ca-pub-7784034061253020,8,2024-08-06,2024-08-06
bangka.tribunnews.com,Page,N/A,N/A,bangka.tribunnews.com/2017/09/06/mahasiswi-indonesia-ini-terpaksa-main-film-porno-jepang-demi-pengobatan-ibunya,No,Adult: Sexual content,Restricted ad serving,ca-pub-7784034061253020,8,2024-08-02,2024-08-04
bangka.tribunnews.com,Page,N/A,N/A,bangka.tribunnews.com/2017/08/21/wanita-cantik-diminta-lepas-baju-awal-menolak-selanjutnya-jadi-begini-nasibnya-di-suku-pedalaman,No,Adult: Sexual content;Shocking content,Restricted ad serving,ca-pub-7784034061253020,8,2024-08-03,2024-08-04
bangka.tribunnews.com,Page,N/A,N/A,bangka.tribunnews.com/2017/07/04/gara-gara-nonton-film-porno-gadis-gadis-ini-kedokter-dan-hanya-untuk-melakukan-hal-ini-mengejutkan,Yes,Adult: Sexual content;Site Behavior: Navigation,Restricted ad serving,ca-pub-7784034061253020,8,2024-07-31,2024-08-04
bangka.tribunnews.com,Page,N/A,N/A,bangka.tribunnews.com/2016/09/29/tahu-asia-carrera-bintang-film-panas-terkenal-90-an-seperti-ini-kabar-dan-pekerjaannya-sekarang?page=all,No,Adult: Sexual content,Restricted ad serving,ca-pub-7784034061253020,8,2024-08-06,2024-08-06
bangka.tribunnews.com,Page,N/A,N/A,bangka.tribunnews.com/2016/04/11/video-nikita-mirzani-berenang-dengan-pose-tanpa-sehelai-baju,No,Adult: Sexual content;Shocking content,Restricted ad serving,ca-pub-7784034061253020,8,2024-08-03,2024-08-04
bangka.tribunnews.com,Page,N/A,N/A,bangka.tribunnews.com/2015/08/29/jadi-transgender-mantan-penyanyi-cilik-indonesia-sekarang-punya-payudara,No,Shocking content,Restricted ad serving,ca-pub-7784034061253020,8,2024-08-01,2024-08-06
bangka.tribunnews.com,Page,N/A,N/A,bangka.tribunnews.com/2010/09/22/intip-gadis-desa-mandi,No,Shocking content,Restricted ad serving,ca-pub-7784034061253020,8,2024-08-04,2024-08-05
bali.tribunnews.com,Page,N/A,N/A,bali.tribunnews.com/2017/08/22/deretan-wanita-ini-terlanjur-malu-usai-kirim-foto-vulgar-tapi-malah-nyasar,No,Adult: Sexual content,Restricted ad serving,ca-pub-7784034061253020,8,2024-08-05,2024-08-05
bali.tribunnews.com,Page,N/A,N/A,bali.tribunnews.com/2017/02/16/video-sang-suami-panik-ketika-istri-yang-sedang-hamil-tiba-tiba-lakukan-ini-di-ranjang,Yes,Site Behavior: Navigation,Restricted ad serving,ca-pub-7784034061253020,8,2024-07-31,2024-08-04
bali.tribunnews.com,Page,N/A,N/A,bali.tribunnews.com/2017/01/22/terkuak-making-love-di-toilet-danau-tempe-janda-tanpa-celana-dibunuh-dengan-3-sabetan,Yes,Encouraging accidental clicks: Layout,Restricted ad serving,ca-pub-7784034061253020,8,2024-08-04,2024-08-04
aceh.tribunnews.com,Page,N/A,N/A,aceh.tribunnews.com/2021/07/23/kisah-pria-nikahi-7-wanita-digilir-berhubungan-tiap-malam-para-istri-harus-patuhi-peraturan-ini,No,Google-served ads obscuring content,Restricted ad serving,ca-pub-7784034061253020,8,2024-08-04,2024-08-06
aceh.tribunnews.com,Page,N/A,N/A,aceh.tribunnews.com/2021/05/27/video-istri-dipijat-laki-laki-lain-di-dalam-rumah-suami-gelap-mata-bacok-istri,Yes,Ads Disguised as Content,Restricted ad serving,ca-pub-7784034061253020,8,2024-08-05,2024-08-06
aceh.tribunnews.com,Page,N/A,N/A,aceh.tribunnews.com/2020/10/28/viral-kondom-bekas-muncul-berserakan-di-tengah-jalan-usai-hujan-deras-ini-kata-pak-lurah,No,Adult: Sexual content,Restricted ad serving,ca-pub-7784034061253020,8,2024-08-05,2024-08-05
aceh.tribunnews.com,Page,N/A,N/A,aceh.tribunnews.com/2018/03/02/rekaman-ini-ungkap-bagaimana-mayat-budak-seks-asal-korea-dibuang-oleh-tentara-jepang-saat-pd-ii,No,Shocking content,Restricted ad serving,ca-pub-7784034061253020,8,2024-08-02,2024-08-04
aceh.tribunnews.com,Page,N/A,N/A,aceh.tribunnews.com/2017/01/15/pernah-pose-seksi-untuk-majalah-playboy-indonesia-artis-ini-kini-mantap-berhijab,No,Shocking content,Restricted ad serving,ca-pub-7784034061253020,8,2024-07-31,2024-08-06
www.tribunnews.com,Page,N/A,N/A,www.tribunnews.com/regional/2015/04/11/profesi-pemijat-plus-plus-di-makassar-menarik-minat-remaja-putus-sekolah,Yes,Content obscuring Google-served ads,Restricted ad serving,ca-pub-7784034061253020,7,2024-08-04,2024-08-04
www.tribunnews.com,Page,N/A,N/A,www.tribunnews.com/regional/2012/07/16/berbuat-mesum-di-hotel-dicokok-tim-pekat,No,Adult: Sexual content,Restricted ad serving,ca-pub-7784034061253020,7,2024-08-06,2024-08-06
www.tribunnews.com,Page,N/A,N/A,www.tribunnews.com/otomotif/2017/05/01/berburu-spg-sexy-di-ajang-iims-2017-ini-dia-videonya,No,Adult: Sexual content,Restricted ad serving,ca-pub-7784034061253020,7,2024-08-03,2024-08-06
www.tribunnews.com,Page,N/A,N/A,www.tribunnews.com/metropolitan/2017/08/28/balapan-liar-di-jembatan-suramadu-tewaskan-joki-balap-dan-seorang-penonton,No,Shocking content,Restricted ad serving,ca-pub-7784034061253020,7,2024-08-05,2024-08-06
www.tribunnews.com,Page,N/A,N/A,www.tribunnews.com/kesehatan/2016/01/25/miss-v-jadi-longgar-karena-sering-berhubungan-mitos,No,Adult: Sexual content,Restricted ad serving,ca-pub-7784034061253020,7,2024-08-06,2024-08-06
www.tribunnews.com,Page,N/A,N/A,www.tribunnews.com/kesehatan/2015/10/09/bagi-wanita-usia-40-tahun-ke-atas-ini-posisi-bercinta-antikram,No,Adult: Sexual content,Restricted ad serving,ca-pub-7784034061253020,7,2024-08-01,2024-08-04
www.tribunnews.com,Page,N/A,N/A,www.tribunnews.com/internasional/2017/06/17/wanita-cantik-buka-baju-dan-celana-di-tempat-umum-demi-tujuan-mulia,Yes,Site Behavior: Navigation,Restricted ad serving,ca-pub-7784034061253020,7,2024-08-03,2024-08-04
wartakota.tribunnews.com,Page,N/A,N/A,wartakota.tribunnews.com/amp/2015/09/06/wanita-ternyata-paling-suka-mr-p-berukuran-16-cm,No,Adult: Sexual content,Restricted ad serving,ca-pub-7784034061253020,7,2024-08-04,2024-08-04
wartakota.tribunnews.com,Page,N/A,N/A,wartakota.tribunnews.com/2021/10/16/han-so-hee-bercinta-di-my-name-netizen-langsung-kasihan-dengan-song-kang,Yes,Ads Disguised as Content,Restricted ad serving,ca-pub-7784034061253020,7,2024-08-04,2024-08-05
wartakota.tribunnews.com,Page,N/A,N/A,wartakota.tribunnews.com/2019/03/25/letakkan-kamera-tersembunyi-di-30-hotel-1600-tamu-hotel-jadi-korban-produser-film-porno,No,Adult: Sexual content,Restricted ad serving,ca-pub-7784034061253020,7,2024-08-06,2024-08-06
travel.tribunnews.com,Page,N/A,N/A,travel.tribunnews.com/2018/11/21/niatnya-merampok-pria-di-brasil-ini-malah-remuk-dihajar-korbannya,No,Shocking content,Restricted ad serving,ca-pub-7784034061253020,7,2024-08-05,2024-08-05
surabaya.tribunnews.com,Page,N/A,N/A,surabaya.tribunnews.com/2016/09/22/ngeri-beredar-video-cewek-makan-otak-monyet-yang-masih-mentah,Yes,Ads Disguised as Content;Shocking content,Restricted ad serving,ca-pub-7784034061253020,7,2024-08-04,2024-08-04
pontianak.tribunnews.com,Page,N/A,N/A,pontianak.tribunnews.com/2020/01/28/keluarga-bunuh-king-cobra-yang-patuk-pawang-ular-di-toho-mempawah,No,Shocking content,Restricted ad serving,ca-pub-7784034061253020,7,2024-08-06,2024-08-06
pontianak.tribunnews.com,Page,N/A,N/A,pontianak.tribunnews.com/2017/10/19/blak-blakan-5-artis-ini-bicara-soal-ranjang-ada-yang-pernah-ekstrim,No,Adult: Sexual content,Restricted ad serving,ca-pub-7784034061253020,7,2024-08-03,2024-08-04
pontianak.tribunnews.com,Page,N/A,N/A,pontianak.tribunnews.com/2016/06/24/terjebak-perempuan-jepang-terpaksa-tampil-di-film-porno,No,Adult: Sexual content,Restricted ad serving,ca-pub-7784034061253020,7,2024-07-31,2024-08-04
pontianak.tribunnews.com,Page,N/A,N/A,pontianak.tribunnews.com/2014/01/19/cewek-cabe-cabean-disamakan-dengan-kimcil,No,Adult: Sexual content,Restricted ad serving,ca-pub-7784034061253020,7,2024-08-06,2024-08-06
pekanbaru.tribunnews.com,Page,N/A,N/A,pekanbaru.tribunnews.com/2019/07/18/panduan-cara-mendapatkan-hamil-anak-laki-laki-ada-penjelasan-posisi-berhubungan-intim,No,Adult: Sexual content,Restricted ad serving,ca-pub-7784034061253020,7,2024-08-05,2024-08-05
mataram.tribunnews.com,Page,N/A,N/A,mataram.tribunnews.com/2020/03/14/3-cerita-pemijat-go-massage-dipaksa-layani-nafsu-pelanggan-order-tengah-malam-sampai-1-kamar-5-pria,No,Shocking content,Restricted ad serving,ca-pub-7784034061253020,7,2024-08-06,2024-08-06
m.tribunnews.com,Page,N/A,N/A,m.tribunnews.com/tribunners/2010/10/15/menganalisa-kesehatan-jiwa-dan-seks-seorang-calon-pemimpin-ada-apa,No,Adult: Sexual content,Restricted ad serving,ca-pub-7784034061253020,7,2024-08-04,2024-08-04
m.tribunnews.com,Page,N/A,N/A,m.tribunnews.com/regional/2019/07/17/fakta-dan-perkembangan-kasus-adegan-mesum-dua-pns-di-simalungun-yang-viral,No,Adult: Sexual content,Restricted ad serving,ca-pub-7784034061253020,7,2024-08-04,2024-08-04
m.tribunnews.com,Page,N/A,N/A,m.tribunnews.com/regional/2013/04/14/seorang-psk-ngaku-tiga-hari-layani-tujuh-lelaki,No,Adult: Sexual content,Restricted ad serving,ca-pub-7784034061253020,7,2024-08-05,2024-08-05
lampung.tribunnews.com,Page,N/A,N/A,lampung.tribunnews.com/2020/03/19/gudang-movie-download-film-ready-or-not-sub-indo-nonton-film-samara-weaving,Yes,Copyrighted material (DMCA),Disabled ad serving,,7,2024-08-06,2024-08-06
lampung.tribunnews.com,Page,N/A,N/A,lampung.tribunnews.com/2019/11/25/download-film-jumanji-welcome-to-the-jungle-subtitle-indonesia-sub-indo-download-film-hollywood,Yes,Copyrighted material (DMCA),Disabled ad serving,,7,2024-08-05,2024-08-05
kupang.tribunnews.com,Page,N/A,N/A,kupang.tribunnews.com/2019/08/15/video-panas-2-pria-1-wanita-tersebar-di-garut-pemeran-pria-langsung-sakit-keras-polisi-lakukan-ini,No,Shocking content,Restricted ad serving,ca-pub-7784034061253020,7,2024-08-02,2024-08-06
kupang.tribunnews.com,Page,N/A,N/A,kupang.tribunnews.com/2019/04/07/tiga-tahun-gadis-ingusan-ini-jadi-budak-seks-paman-sendiri-dicekoki-pil-kb-milik-istri,No,Adult: Sexual content,Restricted ad serving,ca-pub-7784034061253020,7,2024-08-01,2024-08-06
kupang.tribunnews.com,Page,N/A,N/A,kupang.tribunnews.com/2018/05/12/wow-mahasiswi-cantik-anak-profesor-ini-nekat-buka-baju-di-depan-dosennya-sempat-viral-di-medsos,No,Adult: Sexual content,Restricted ad serving,ca-pub-7784034061253020,7,2024-08-02,2024-08-06
kupang.tribunnews.com,Page,N/A,N/A,kupang.tribunnews.com/2016/09/16/sumarni-kaget-terapisnya-beri-layanan-begituan-bertarif-rp-250-ribu,No,Adult: Sexual content,Restricted ad serving,ca-pub-7784034061253020,7,2024-08-04,2024-08-06
kupang.tribunnews.com,Page,N/A,N/A,kupang.tribunnews.com/2016/09/15/pria-bule-suka-payudara-dan-bokong-wanita-asia,No,Adult: Sexual content,Restricted ad serving,ca-pub-7784034061253020,7,2024-08-03,2024-08-06
kaltim.tribunnews.com,Page,N/A,N/A,kaltim.tribunnews.com/2016/07/23/beroperasi-di-pinggir-jalan-memanfaatkan-kamar-kos-yang-tak-rawan-razia,No,Adult: Sexual content,Restricted ad serving,ca-pub-7784034061253020,7,2024-08-04,2024-08-04
jatim.tribunnews.com,Page,N/A,N/A,jatim.tribunnews.com/2019/08/02/digrebek-polisi-saat-terapis-dan-pelanggan-thresome-di-kamar-vip-spa-d-glamour-kediri,No,Adult: Sexual content,Restricted ad serving,ca-pub-7784034061253020,7,2024-08-06,2024-08-06
jatim.tribunnews.com,Page,N/A,N/A,jatim.tribunnews.com/2017/04/14/aktor-film-dewasa-tertuta-ini-ungkap-rahasianya-kuat-diatas-ranjang-hingga-usia-82-tahun,No,Adult: Sexual content,Restricted ad serving,ca-pub-7784034061253020,7,2024-08-05,2024-08-05
jateng.tribunnews.com,Page,N/A,N/A,jateng.tribunnews.com/2019/11/20/cerita-mia-khalifa-dijebak-seseorang-hingga-masuk-ke-industri-film-panas,No,Adult: Sexual content,Restricted ad serving,ca-pub-7784034061253020,7,2024-08-06,2024-08-06
jateng.tribunnews.com,Page,N/A,N/A,jateng.tribunnews.com/2017/12/04/ini-waktu-yang-tepat-untuk-berhubunganseks-agar-cepat-punya-momongan-bisa-tiap-hari,No,Adult: Sexual content,Restricted ad serving,ca-pub-7784034061253020,7,2024-08-04,2024-08-04
jambi.tribunnews.com,Page,N/A,N/A,jambi.tribunnews.com/2019/03/15/wanita-mendesah-saat-berhubungan-intim-respon-kenikmatan-atau-rasa-sakit,No,Adult: Sexual content,Restricted ad serving,ca-pub-7784034061253020,7,2024-08-03,2024-08-04
jambi.tribunnews.com,Page,N/A,N/A,jambi.tribunnews.com/2013/04/28/wanita-bongkok-udang-punya-nafsu-seks-luar-biasa,No,Adult: Sexual content,Restricted ad serving,ca-pub-7784034061253020,7,2024-08-06,2024-08-06
jabar.tribunnews.com,Page,N/A,N/A,jabar.tribunnews.com/2019/07/04/manajer-tempat-pijat-di-tangerang-jual-paket-pijat-plus-plus-paling-mahal-rp-600-ribu,No,Adult: Sexual content,Restricted ad serving,ca-pub-7784034061253020,7,2024-08-06,2024-08-06
bangka.tribunnews.com,Page,N/A,N/A,bangka.tribunnews.com/2018/03/02/keterlaluan-pasangan-pelajar-smp-ini-kepergok-mesum-di-kamar-mandi-masjid,Yes,Site Behavior: Navigation,Restricted ad serving,ca-pub-7784034061253020,7,2024-08-04,2024-08-06
bangka.tribunnews.com,Page,N/A,N/A,bangka.tribunnews.com/2018/02/02/desi-ditemukan-tewas-gantung-diri-jerat-leher-pakai-tali-ayunan-anaknya,No,Shocking content,Restricted ad serving,ca-pub-7784034061253020,7,2024-08-04,2024-08-04
bangka.tribunnews.com,Page,N/A,N/A,bangka.tribunnews.com/2016/08/19/wanita-wanita-cantik-ini-berebut-gelar-miss-kondom-lihat-foto-foto-yang-mereka-kerjakan,No,Adult: Sexual content,Restricted ad serving,ca-pub-7784034061253020,7,2024-08-04,2024-08-05
www.tribunnews.com,Page,N/A,N/A,www.tribunnews.com/regional/2020/02/13/praktik-prostitusi-berkedok-warkop-di-banyuasin-3-psk-bertarif-rp-150-ribu-sekali-kencan-diamankan,No,Adult: Sexual content;Shocking content,Restricted ad serving,ca-pub-7784034061253020,6,2024-08-06,2024-08-06
www.tribunnews.com,Page,N/A,N/A,www.tribunnews.com/regional/2020/01/17/salon-plus-plus-bertarif-rp-150-ribu-digrebek-satu-terapis-tertangkap-basah-lagi-melayani-pelanggan,Yes,Google-served ads on screens without publisher-content;Shocking content,Restricted ad serving,ca-pub-7784034061253020,6,2024-08-06,2024-08-06
www.tribunnews.com,Page,N/A,N/A,www.tribunnews.com/regional/2017/08/06/mesum-di-kos-kosan-dengan-pacarnya-siswi-sma-di-surabaya-digrebek-warga,No,Adult: Sexual content,Restricted ad serving,ca-pub-7784034061253020,6,2024-08-03,2024-08-06
www.tribunnews.com,Page,N/A,N/A,www.tribunnews.com/regional/2017/05/22/nekat-ledakan-petasan-jumbo-para-remaja-pulang-dengan-baju-compang-camping,Yes,Site Behavior: Navigation,Restricted ad serving,ca-pub-7784034061253020,6,2024-08-03,2024-08-05
www.tribunnews.com,Page,N/A,N/A,www.tribunnews.com/regional/2016/06/08/polisi-pati-salon-kok-punya-banyak-kamarnya-plus-kamar-mandi,No,Shocking content,Restricted ad serving,ca-pub-7784034061253020,6,2024-08-06,2024-08-06
www.tribunnews.com,Page,N/A,N/A,www.tribunnews.com/regional/2014/08/16/video-mesum-anak-smp-gemparkan-pekalongan,No,Adult: Sexual content,Restricted ad serving,ca-pub-7784034061253020,6,2024-08-02,2024-08-04
www.tribunnews.com,Page,N/A,N/A,www.tribunnews.com/kesehatan/2015/03/12/kebanyakan-pria-tak-keberatan-efek-samping-dari-obat-kuat-asal-oke-di-ranjang,No,Adult: Sexual content,Restricted ad serving,ca-pub-7784034061253020,6,2024-08-02,2024-08-04
www.tribunnews.com,Page,N/A,N/A,www.tribunnews.com/iptek/2013/04/19/aplikasi-yang-memungkinkan-berhubungan-seks-via-internet,No,Adult: Sexual content,Restricted ad serving,ca-pub-7784034061253020,6,2024-08-04,2024-08-04
www.tribunnews.com,Page,N/A,N/A,www.tribunnews.com/internasional/2017/09/07/artis-porno-dari-bali-indonesia-muncul-pula-di-jepang,No,Adult: Sexual content,Restricted ad serving,ca-pub-7784034061253020,6,2024-08-02,2024-08-04
wow.tribunnews.com,Page,N/A,N/A,wow.tribunnews.com/2017/11/25/wanita-ini-resah-payudaranya-terus-tumbuh-hingga-cup-k-lantas-nekat-lakukan-hal-ini,No,Adult: Sexual content,Restricted ad serving,ca-pub-7784034061253020,6,2024-08-05,2024-08-05
wartakota.tribunnews.com,Page,N/A,N/A,wartakota.tribunnews.com/amp/2019/04/06/raja-judi-asal-medan-kuasai-judi-poker-di-amrik-pulang-bawa-uang-miliaran-buka-pengobatan-gratis,Yes,Site Behavior: Navigation,Restricted ad serving,ca-pub-7784034061253020,6,2024-08-06,2024-08-06
wartakota.tribunnews.com,Page,N/A,N/A,wartakota.tribunnews.com/2017/09/18/wow-cina-bikin-boneka-seks-yang-bisa-disewa-bergantian,No,Adult: Sexual content,Restricted ad serving,ca-pub-7784034061253020,6,2024-08-04,2024-08-04
wartakota.tribunnews.com,Page,N/A,N/A,wartakota.tribunnews.com/2015/05/24/bagian-tubuh-wanita-ini-membesar-saat-hubungan-intim,No,Adult: Sexual content,Restricted ad serving,ca-pub-7784034061253020,6,2024-08-04,2024-08-04
video.tribunnews.com,Page,N/A,N/A,video.tribunnews.com/view/21639/video-penari-balet-tanpa-busana-ternyata-punya-maksud-terselubung,Yes,Site Behavior: Navigation,Restricted ad serving,ca-pub-7784034061253020,6,2024-08-06,2024-08-06
suryamalang.tribunnews.com,Page,N/A,N/A,suryamalang.tribunnews.com/2016/08/19/beli-boneka-seks-disangka-buat-mesum-ternyata-ini-kisah-sesungguhnya,No,Adult: Sexual content,Restricted ad serving,ca-pub-7784034061253020,6,2024-08-04,2024-08-04
style.tribunnews.com,Page,N/A,N/A,style.tribunnews.com/2020/12/18/demi-gaya-ibu-pakaikan-gelang-emas-ke-tangan-bayi-3-bulan-kemudian-gelang-dibuka-langsung-menyesal,Yes,Content obscuring Google-served ads,Restricted ad serving,ca-pub-7784034061253020,6,2024-08-05,2024-08-05
style.tribunnews.com,Page,N/A,N/A,style.tribunnews.com/2017/09/28/tak-hanya-joget-erotis-dj-butterfly-sengaja-singkap-pakaiannya-di-bagian-ini-ngilu,No,Adult: Sexual content,Restricted ad serving,ca-pub-7784034061253020,6,2024-08-06,2024-08-06
style.tribunnews.com,Page,N/A,N/A,style.tribunnews.com/2017/04/06/bintang-film-dewasa-jepang-ini-rilis-akun-youtube-siap-ikut-miyabi-berkarir-di-jalan-yang-benar,No,Adult: Sexual content,Restricted ad serving,ca-pub-7784034061253020,6,2024-08-06,2024-08-06
solo.tribunnews.com,Page,N/A,N/A,solo.tribunnews.com/amp/2016/05/23/bikin-tercengang-inilah-rata-rata-ukuran-mrp-pria-di-lima-negara-timur-tengah,No,Adult: Sexual content,Restricted ad serving,ca-pub-7784034061253020,6,2024-08-03,2024-08-06
pontianak.tribunnews.com,Page,N/A,N/A,pontianak.tribunnews.com/2020/02/12/nama-asli-abash-pacar-lucinta-luna-terbongkar-bukti-di-ktp-tunjukkan-jenis-kelaminnya-perempuan,Yes,Google-served ads on screens without publisher-content,Restricted ad serving,ca-pub-7784034061253020,6,2024-08-05,2024-08-05
pekanbaru.tribunnews.com,Page,N/A,N/A,pekanbaru.tribunnews.com/2020/01/04/sunnah-bersenggama-dan-berhubungan-suami-istri-dalam-islam-tata-cara-bersetubuh-dan-doa-bersetubuh,No,Adult: Sexual content,Restricted ad serving,ca-pub-7784034061253020,6,2024-08-06,2024-08-06
pekanbaru.tribunnews.com,Page,N/A,N/A,pekanbaru.tribunnews.com/2019/07/11/penting-untuk-diketahui-doa-sebelum-sesudah-melakukan-hubungan-intim-suami-istri-menurut-islam,No,Adult: Sexual content,Restricted ad serving,ca-pub-7784034061253020,6,2024-08-04,2024-08-04
medan.tribunnews.com,Page,N/A,N/A,medan.tribunnews.com/2020/02/20/ini-tiga-rahasia-teratas-yang-harus-anda-lakukan-agar-wanita-mudah-mencapai-orgasme,No,Adult: Sexual content,Restricted ad serving,ca-pub-7784034061253020,6,2024-08-04,2024-08-04
medan.tribunnews.com,Page,N/A,N/A,medan.tribunnews.com/2020/01/04/hitung-hitungan-rokok-vs-vape-mana-yang-lebih-hemat-gak-bikin-kantong-kering,No,Tobacco,Restricted ad serving,ca-pub-7784034061253020,6,2024-08-06,2024-08-06
medan.tribunnews.com,Page,N/A,N/A,medan.tribunnews.com/2019/06/14/viral-di-whatsapp-video-panas-yang-melibatkan-siswa-dan-siswi-smk-terdengar-percakapan-begini,No,Shocking content,Restricted ad serving,ca-pub-7784034061253020,6,2024-08-06,2024-08-06
medan.tribunnews.com,Page,N/A,N/A,medan.tribunnews.com/2018/02/02/kisah-pria-yang-melawan-praktik-tes-keperawanan-pada-malam-pertama-berdarah-identik-perawan,No,Adult: Sexual content,Restricted ad serving,ca-pub-7784034061253020,6,2024-08-04,2024-08-04
lampung.tribunnews.com,Page,N/A,N/A,lampung.tribunnews.com/tag/hubungan-seks-dengan-anjing,No,Adult: Sexual content,Restricted ad serving,ca-pub-7784034061253020,6,2024-08-06,2024-08-06
lampung.tribunnews.com,Page,N/A,N/A,lampung.tribunnews.com/2016/03/10/video-para-siswi-pakai-rok-mini-ribut-di-kamar-ganti-sejumlah-siswa-tertawa-tawa-rekam-adegan,Yes,Site Behavior: Navigation,Restricted ad serving,ca-pub-7784034061253020,6,2024-08-04,2024-08-04
lampung.tribunnews.com,Page,N/A,N/A,lampung.tribunnews.com/2015/11/12/daripada-selingkuh-pria-pria-ini-pilih-beli-boneka-seks-seharga-rp-21-juta,No,Adult: Sexual content,Restricted ad serving,ca-pub-7784034061253020,6,2024-08-04,2024-08-04
kupang.tribunnews.com,Page,N/A,N/A,kupang.tribunnews.com/2017/08/21/inilah-8-kasus-tersebarnya-foto-bugil-dan-video-mesum-yang-pernah-terjadi-di-ntt-nomor-4-viral,No,Adult: Sexual content;Shocking content,Restricted ad serving,ca-pub-7784034061253020,6,2024-08-04,2024-08-04
kupang.tribunnews.com,Page,N/A,N/A,kupang.tribunnews.com/2017/04/06/minta-buka-celana-untuk-lihat-kelaminnya-yang-bengkak-perawat-cantik-ini-tertawai-pasien-pria,Yes,Site Behavior: Navigation,Restricted ad serving,ca-pub-7784034061253020,6,2024-08-01,2024-08-05
kalteng.tribunnews.com,Page,N/A,N/A,kalteng.tribunnews.com/2017/02/22/api-berkobar-35-jam-satu-penghuni-lokalisasi-merong-ditemukan-tewas,No,Shocking content,Restricted ad serving,ca-pub-7784034061253020,6,2024-08-05,2024-08-05
jogja.tribunnews.com,Page,N/A,N/A,jogja.tribunnews.com/tag/celana-dalam,No,Adult: Sexual content,Restricted ad serving,ca-pub-7784034061253020,6,2024-08-05,2024-08-05
jogja.tribunnews.com,Page,N/A,N/A,jogja.tribunnews.com/2019/10/17/bu-bidan-dan-pak-dokter-terbukti-selingkuh-hasil-visum-buktikan-keduanya-berhubungan-badan,No,Adult: Sexual content,Restricted ad serving,ca-pub-7784034061253020,6,2024-08-06,2024-08-06
jogja.tribunnews.com,Page,N/A,N/A,jogja.tribunnews.com/2018/01/06/terungkap-pria-dengan-mr-p-terpanjang-asal-meksiko-ternyata-gunakan-trik-ini,No,Adult: Sexual content,Restricted ad serving,ca-pub-7784034061253020,6,2024-08-04,2024-08-04
jambi.tribunnews.com,Page,N/A,N/A,jambi.tribunnews.com/2020/01/17/geger-jajakan-kencan-3some-rp-3-juta-di-facebook-pasangan-kekasih-ini-ternyata-berencana-menikah,No,Adult: Sexual content,Restricted ad serving,ca-pub-7784034061253020,6,2024-08-06,2024-08-06
jambi.tribunnews.com,Page,N/A,N/A,jambi.tribunnews.com/2019/08/01/ternyata-hubungan-intim-sore-hari-bagi-pasangan-suami-istri-ada-manfaatnya-simak-penjelasanya,No,Adult: Sexual content,Restricted ad serving,ca-pub-7784034061253020,6,2024-08-04,2024-08-04
jakarta.tribunnews.com,Page,N/A,N/A,jakarta.tribunnews.com/2022/11/13/tawuran-dua-kelompok-pelajar-di-warakas-terekam-cctv-satu-orang-kena-bacok,Yes,Ads Disguised as Content,Restricted ad serving,ca-pub-7784034061253020,6,2024-08-05,2024-08-05
jabar.tribunnews.com,Page,N/A,N/A,jabar.tribunnews.com/2021/08/26/pengobatan-alat-vital-kang-ujang-syahrudin-keturunan-mak-erot-di-sukabumi-dijamin-manjur,No,Adult: Sexual content,Restricted ad serving,ca-pub-7784034061253020,6,2024-08-04,2024-08-04
cirebon.tribunnews.com,Page,N/A,N/A,cirebon.tribunnews.com/tag/viral-video-mesum-manado-30-detik,Yes,Google-served ads on screens without publisher-content,Restricted ad serving,ca-pub-7784034061253020,6,2024-08-02,2024-08-04
bogor.tribunnews.com,Page,N/A,N/A,bogor.tribunnews.com/tag/alat-kelamin,No,Adult: Sexual content,Restricted ad serving,ca-pub-7784034061253020,6,2024-08-03,2024-08-04
bogor.tribunnews.com,Page,N/A,N/A,bogor.tribunnews.com/2018/10/10/tersangka-penjual-layanan-tukar-pasangan-suami-istri-ingin-tobat,No,Adult: Sexual content,Restricted ad serving,ca-pub-7784034061253020,6,2024-08-05,2024-08-05
belitung.tribunnews.com,Page,N/A,N/A,belitung.tribunnews.com/2017/11/18/tragis-mahasiswi-yang-sedang-kkn-ini-malah-diperkosa-awalnya-diajak-jalan-jalan-ke-lokasi-wisata,Yes,Site Behavior: Navigation,Restricted ad serving,ca-pub-7784034061253020,6,2024-08-05,2024-08-05
batam.tribunnews.com,Page,N/A,N/A,batam.tribunnews.com/amp/2021/02/16/cerita-psk-muda-kejar-target-layani-4-sampai-5-pria-dalam-sehari-sempat-ada-pelanggan-yang-antre,Yes,Encouraging accidental clicks: Layout,Restricted ad serving,ca-pub-7784034061253020,6,2024-08-05,2024-08-05
batam.tribunnews.com,Page,N/A,N/A,batam.tribunnews.com/2017/09/22/dihujat-gara-gara-iklan-kondom-ini-7-fakta-kontroversial-bintang-film-dewasa-sunny-leone,No,Adult: Sexual content,Restricted ad serving,ca-pub-7784034061253020,6,2024-08-01,2024-08-06
batam.tribunnews.com,Page,N/A,N/A,batam.tribunnews.com/2017/04/01/penampilannya-menggoda-saat-berpose-di-majalah-dewasa-kini-penampilan-4-model-ini-tak-disangka,No,Adult: Sexual content,Restricted ad serving,ca-pub-7784034061253020,6,2024-08-03,2024-08-04
banjarmasin.tribunnews.com,Page,N/A,N/A,banjarmasin.tribunnews.com/2016/02/15/heboh-foto-pns-berbikini-beredar-di-medsos,No,Google-served ads obscuring content,Restricted ad serving,ca-pub-7784034061253020,6,2024-08-06,2024-08-06
banjarmasin.tribunnews.com,Page,N/A,N/A,banjarmasin.tribunnews.com/2014/03/31/orgasme-palsu-bentuk-cinta-wanita,No,Adult: Sexual content,Restricted ad serving,ca-pub-7784034061253020,6,2024-08-04,2024-08-04
bangka.tribunnews.com,Page,N/A,N/A,bangka.tribunnews.com/2021/11/06/tips-untuk-istri-yang-sering-menolak-ajakan-suami-bercinta-dr-aisah-dahlan-beberkan-caranya,No,Google-served ads obscuring content,Restricted ad serving,ca-pub-7784034061253020,6,2024-08-06,2024-08-06
bangka.tribunnews.com,Page,N/A,N/A,bangka.tribunnews.com/2019/11/24/tiga-pria-lagi-pijat-plus-berbuat-dosa-digerebek-mereka-tak-berbusana-kondom-bekas-jadi-bukti,No,Adult: Sexual content,Restricted ad serving,ca-pub-7784034061253020,6,2024-08-04,2024-08-04
bangka.tribunnews.com,Page,N/A,N/A,bangka.tribunnews.com/2016/10/17/inilah-deretan-kasus-pramugari-di-pesawat-dari-minta-susu-hingga-desahan-menggairahkan-si-janda,No,Adult: Sexual content,Restricted ad serving,ca-pub-7784034061253020,6,2024-08-06,2024-08-06
bali.tribunnews.com,Page,N/A,N/A,bali.tribunnews.com/2020/04/15/ditengah-pandemi-covid-19-8-psk-ini-tetap-mangkal-di-jalan-bung-tomo-denpasar,No,Shocking content,Restricted ad serving,ca-pub-7784034061253020,6,2024-08-05,2024-08-05
bali.tribunnews.com,Page,N/A,N/A,bali.tribunnews.com/2017/03/03/menguak-resep-obat-rahasia-keperkasaan-pria-arab-yang-biasa-jadi-oleh-oleh,No,Adult: Sexual content,Restricted ad serving,ca-pub-7784034061253020,6,2024-08-06,2024-08-06
www.tribunnewswiki.com,Page,N/A,N/A,www.tribunnewswiki.com/2021/10/06/takut-direbut-wanita-lain-dinar-candy-sengaja-umumkan-ridho-illahi-sebagai-pacar-barunya,Yes,Encouraging accidental clicks: Layout,Restricted ad serving,ca-pub-7784034061253020,5,2024-08-06,2024-08-06
www.tribunnewswiki.com,Page,N/A,N/A,www.tribunnewswiki.com/2021/03/21/film-a-tale-of-two-sisters-2003,No,Google-served ads obscuring content,Restricted ad serving,ca-pub-7784034061253020,5,2024-08-06,2024-08-06
www.tribunnewswiki.com,Page,N/A,N/A,www.tribunnewswiki.com/2021/03/20/inilah-pekerjaan-pemeran-video-mesum-di-bogor-sudah-produksi-26-konten-asusila-di-situs-porno,Yes,Ads Disguised as Content,Restricted ad serving,ca-pub-7784034061253020,5,2024-08-06,2024-08-06
www.tribunnewswiki.com,Page,N/A,N/A,www.tribunnewswiki.com/2020/09/24/guru-terseksi-banting-stir-ekstrem-jadi-bintang-porno-gara-gara-ayah-muridnya-sering-ajak-tidur,Yes,Ads Disguised as Content,Restricted ad serving,ca-pub-7784034061253020,5,2024-08-06,2024-08-06
www.tribunnews.com,Page,N/A,N/A,www.tribunnews.com/techno/2017/12/27/boneka-seks-keluaran-tebaru-diklaim-lebih-nakal-dan-liar-sensasinya-seperti-cewej-sungguhan,No,Adult: Sexual content,Restricted ad serving,ca-pub-7784034061253020,5,2024-08-05,2024-08-05
www.tribunnews.com,Page,N/A,N/A,www.tribunnews.com/techno/2016/05/06/aplikasi-di-smartphone-ini-diklaim-bisa-membawa-wanita-menikmati-puncak-orgasme,No,Adult: Sexual content,Restricted ad serving,ca-pub-7784034061253020,5,2024-08-04,2024-08-04
www.tribunnews.com,Page,N/A,N/A,www.tribunnews.com/seleb/2019/04/24/pengakuan-daniel-wenas-soal-namanya-disebut-ada-di-video-panas-bersama-artis-dan-atlet-tersohor,No,Adult: Sexual content,Restricted ad serving,ca-pub-7784034061253020,5,2024-08-06,2024-08-06
www.tribunnews.com,Page,N/A,N/A,www.tribunnews.com/regional/2019/12/10/kejanggalan-mayat-mahasiswi-bengkulu-dikubur-di-rawa-belakang-kos-kancing-baju-celana-terbuka,No,Shocking content,Restricted ad serving,ca-pub-7784034061253020,5,2024-08-06,2024-08-06
www.tribunnews.com,Page,N/A,N/A,www.tribunnews.com/regional/2018/01/19/bocah-sd-kelas-1-di-surabaya-yang-kecanduan-seks-sekarang-dilarang-pegang-handphone,No,Shocking content,Restricted ad serving,ca-pub-7784034061253020,5,2024-08-04,2024-08-04
www.tribunnews.com,Page,N/A,N/A,www.tribunnews.com/regional/2016/06/01/panti-pijat-plus-plus-bertarif-rp-100000-short-time-digrebek-polisi,No,Adult: Sexual content,Restricted ad serving,ca-pub-7784034061253020,5,2024-08-04,2024-08-04
www.tribunnews.com,Page,N/A,N/A,www.tribunnews.com/nasional/2010/03/23/gara-gara-stress-un-siswa-sma-lakukan-masturbasi,Yes,Ads Disguised as Content,Restricted ad serving,ca-pub-7784034061253020,5,2024-08-01,2024-08-05
www.tribunnews.com,Page,N/A,N/A,www.tribunnews.com/lifestyle/2013/02/04/bagian-bagian-tubuh-yang-dibenci-wanita-tapi-disukai-pria,No,Adult: Sexual content,Restricted ad serving,ca-pub-7784034061253020,5,2024-08-06,2024-08-06
www.tribunnews.com,Page,N/A,N/A,www.tribunnews.com/kesehatan/2018/09/26/efektifkah-kondom-untuk-cegah-kehamilan-tenyata-dokter-menyarankan-lebih-baik-pakai-kontrasepsi-ini,No,Adult: Sexual content,Restricted ad serving,ca-pub-7784034061253020,5,2024-08-04,2024-08-04
www.tribunnews.com,Page,N/A,N/A,www.tribunnews.com/kesehatan/2018/04/11/alasan-wanita-selingkuh-di-luar-dugaan-ternyata-ini-yang-mereka-cari,No,Adult: Sexual content,Restricted ad serving,ca-pub-7784034061253020,5,2024-08-05,2024-08-05
www.tribunnews.com,Page,N/A,N/A,www.tribunnews.com/kesehatan/2012/12/05/libido-membara-mr-p-tak-berdaya-ini-tips-mendongkraknya,No,Adult: Sexual content,Restricted ad serving,ca-pub-7784034061253020,5,2024-08-06,2024-08-06
www.tribunnews.com,Page,N/A,N/A,www.tribunnews.com/internasional/2012/11/03/gesekkan-payudara-selama-110-menit-pelanggan-bayar-rp-18-juta-4,No,Adult: Sexual content,Restricted ad serving,ca-pub-7784034061253020,5,2024-08-04,2024-08-04
wow.tribunnews.com,Page,N/A,N/A,wow.tribunnews.com/amp/2018/01/04/bongkar-isi-kepala-cowok-terkait-soal-seks-ungkap-alasan-kenapa-cowok-kerap-mikirin-seks,No,Adult: Sexual content,Restricted ad serving,ca-pub-7784034061253020,5,2024-08-06,2024-08-06
wow.tribunnews.com,Page,N/A,N/A,wow.tribunnews.com/2018/05/01/girls-inilah-6-ciri-pria-hot-yang-bisa-memuaskan-saat-berhubungan-seks,No,Adult: Sexual content,Restricted ad serving,ca-pub-7784034061253020,5,2024-08-04,2024-08-04
wow.tribunnews.com,Page,N/A,N/A,wow.tribunnews.com/2017/11/24/tak-hanya-cantik-seksi-model-ini-jago-perbaiki-mobil-hingga-dinobatkan-sebagai-mekanik-terseksi,No,Adult: Sexual content,Restricted ad serving,ca-pub-7784034061253020,5,2024-08-04,2024-08-04
wow.tribunnews.com,Page,N/A,N/A,wow.tribunnews.com/2017/10/02/pramugari-beri-layanan-plus-plus-pilot-hingga-penumpang-begini-kode-rahasia-dan-segini-tarifnya,Yes,Adult: Sexual content;Site Behavior: Navigation,Restricted ad serving,ca-pub-7784034061253020,5,2024-08-04,2024-08-04
wartakota.tribunnews.com,Page,N/A,N/A,wartakota.tribunnews.com/amp/2013/03/08/cara-membantu-suami-dapatkan-orgasme-terhebat,No,Adult: Sexual content,Restricted ad serving,ca-pub-7784034061253020,5,2024-08-04,2024-08-04
wartakota.tribunnews.com,Page,N/A,N/A,wartakota.tribunnews.com/2019/11/20/mia-khalifa-ngaku-dijebak-masuk-industri-film-dewasa-hanya-3-bulan-namun-masih-pencarian-tertinggi,No,Adult: Sexual content,Restricted ad serving,ca-pub-7784034061253020,5,2024-08-04,2024-08-04
wartakota.tribunnews.com,Page,N/A,N/A,wartakota.tribunnews.com/2016/04/25/bikin-video-menggoda-revi-mariska-enjoy-dari-pada-bikin-video-mesum-katanya,No,Adult: Sexual content,Restricted ad serving,ca-pub-7784034061253020,5,2024-08-06,2024-08-06
wartakota.tribunnews.com,Page,N/A,N/A,wartakota.tribunnews.com/2015/11/09/wow-obat-kuat-wanita-berbentuk-permen-karet,No,Adult: Sexual content;Shocking content,Restricted ad serving,ca-pub-7784034061253020,5,2024-08-06,2024-08-06
wartakota.tribunnews.com,Page,N/A,N/A,wartakota.tribunnews.com/2015/11/01/foto-foto-perempuan-muda-telanjang-di-atap-rumah-bikin-heboh-pejalan-kaki,No,Adult: Sexual content,Restricted ad serving,ca-pub-7784034061253020,5,2024-08-05,2024-08-05
wartakota.tribunnews.com,Page,N/A,N/A,wartakota.tribunnews.com/2015/05/21/buang-air-sebelum-dan-sesudah-hubungan-intim-agar-tak-infeksi,No,Adult: Sexual content,Restricted ad serving,ca-pub-7784034061253020,5,2024-08-05,2024-08-05
wartakota.tribunnews.com,Page,N/A,N/A,wartakota.tribunnews.com/2014/08/10/ini-alasan-pasangan-pilih-nonton-film-porno-daripada-bercinta,No,Adult: Sexual content,Restricted ad serving,ca-pub-7784034061253020,5,2024-08-01,2024-08-06
wartakota.tribunnews.com,Page,N/A,N/A,wartakota.tribunnews.com/2014/06/02/persiapan-sebelum-tempur-di-ranjang,No,Adult: Sexual content,Restricted ad serving,ca-pub-7784034061253020,5,2024-08-04,2024-08-04
wartakota.tribunnews.com,Page,N/A,N/A,wartakota.tribunnews.com/2014/01/01/menaklukkan-don-juan,No,Shocking content,Restricted ad serving,ca-pub-7784034061253020,5,2024-08-04,2024-08-04
wartakota.tribunnews.com,Page,N/A,N/A,wartakota.tribunnews.com/2012/11/20/jangan-kentut-saat-berhubungan-seks,Yes,Adult: Sexual content;Encouraging accidental clicks: Layout,Restricted ad serving,ca-pub-7784034061253020,5,2024-08-05,2024-08-05
video.tribunnews.com,Page,N/A,N/A,video.tribunnews.com/view/86384/kronologi-pembunuhan-mutilasi-wanita-di-banyumas-lidah-menjulur-dan-tergigit,No,Shocking content,Restricted ad serving,ca-pub-7784034061253020,5,2024-08-05,2024-08-05
video.tribunnews.com,Page,N/A,N/A,video.tribunnews.com/view/73378/penyebab-empat-warga-jember-tewas-di-lubang-septic-tank-dokter-beri-penjelasan,No,Shocking content,Restricted ad serving,ca-pub-7784034061253020,5,2024-08-05,2024-08-05
video.tribunnews.com,Page,N/A,N/A,video.tribunnews.com/view/38720/ditemani-16-wanita-sekaligus-beginilah-suguhan-wisata-4-hari-di-pulau-seks,Yes,Site Behavior: Navigation,Restricted ad serving,ca-pub-7784034061253020,5,2024-08-06,2024-08-06
suryamalang.tribunnews.com,Page,N/A,N/A,suryamalang.tribunnews.com/2019/07/23/tumpukan-kondom-bekas-pesta-mesum-kaum-pelajar-ternyata-inilah-dalang-dari-kemaksiatan-di-blitar,No,Adult: Sexual content,Restricted ad serving,ca-pub-7784034061253020,5,2024-08-06,2024-08-06
suryamalang.tribunnews.com,Page,N/A,N/A,suryamalang.tribunnews.com/2018/01/29/video-purel-karaoke-topless-di-kalangan-pelajar-pelakunya-dipastikan-siswi-sma-negeri-tulungagung,No,Adult: Sexual content,Restricted ad serving,ca-pub-7784034061253020,5,2024-08-04,2024-08-04
surabaya.tribunnews.com,Page,N/A,N/A,surabaya.tribunnews.com/2014/08/13/dutch-wife-boneka-seks-jepang-yang-sangat-mirip-manusia,No,Adult: Sexual content,Restricted ad serving,ca-pub-7784034061253020,5,2024-08-04,2024-08-04
sumsel.tribunnews.com,Page,N/A,N/A,sumsel.tribunnews.com/2018/05/05/mau-dapatkan-anak-laki-laki-begini-teknik-berhubungan-intimnya-bisa-dicoba,No,Adult: Sexual content,Restricted ad serving,ca-pub-7784034061253020,5,2024-08-04,2024-08-04
sumsel.tribunnews.com,Page,N/A,N/A,sumsel.tribunnews.com/2017/08/10/apa-lagi-ini-heart-shaped-boob-challenge-jadi-viral-membentuk-payudara-jadi-bentuk-love,No,Adult: Sexual content,Restricted ad serving,ca-pub-7784034061253020,5,2024-08-05,2024-08-05
sumsel.tribunnews.com,Page,N/A,N/A,sumsel.tribunnews.com/2016/10/11/mengerikan-5-orang-ini-tewas-akibat-masturbasi-dengan-cara-ini,No,Adult: Sexual content,Restricted ad serving,ca-pub-7784034061253020,5,2024-08-06,2024-08-06
sumsel.tribunnews.com,Page,N/A,N/A,sumsel.tribunnews.com/2015/02/21/mau-bisa-berhubungan-seks-terus-sampai-lanjut-usia-ini-dia-obatnya,No,Adult: Sexual content,Restricted ad serving,ca-pub-7784034061253020,5,2024-08-05,2024-08-05
sultra.tribunnews.com,Page,N/A,N/A,sultra.tribunnews.com/2021/03/24/istri-carikan-gadis-abg-untuk-layani-suami-alasan-suaminya-harus-threesome,No,Google-served ads obscuring content,Restricted ad serving,ca-pub-7784034061253020,5,2024-08-04,2024-08-04
style.tribunnews.com,Page,N/A,N/A,style.tribunnews.com/2017/05/28/gara-gara-berpakaian-terlalu-seksi-suster-ini-terpaksa-mengundurkan-diri,Yes,Site Behavior: Navigation,Restricted ad serving,ca-pub-7784034061253020,5,2024-08-06,2024-08-06
style.tribunnews.com,Page,N/A,N/A,style.tribunnews.com/2016/11/20/setelah-chef-aiko-kini-giliran-amel-alvi-yang-kena-cibiran-robby-abbas-mucikari-ngoceh-trus,Yes,Site Behavior: Navigation,Restricted ad serving,ca-pub-7784034061253020,5,2024-08-04,2024-08-04
style.tribunnews.com,Page,N/A,N/A,style.tribunnews.com/2016/08/02/orang-utan-nakal-pegang-pegang-payudara-wisatawan-pawangnya-sampai-misahin-ini-videonya,Yes,Site Behavior: Navigation,Restricted ad serving,ca-pub-7784034061253020,5,2024-08-05,2024-08-05
pontianak.tribunnews.com,Page,N/A,N/A,pontianak.tribunnews.com/2019/07/13/ahli-beberkan-suami-melihat-istri-melahirkan-bisa-pengaruhi-efek-trauma-hingga-gairah-seksnya,No,Adult: Sexual content,Restricted ad serving,ca-pub-7784034061253020,5,2024-08-06,2024-08-06
pontianak.tribunnews.com,Page,N/A,N/A,pontianak.tribunnews.com/2017/07/20/pasang-mesum-terekam-kamera-tengah-berhubungan-intim-di-dalam-mobil,Yes,Site Behavior: Navigation,Restricted ad serving,ca-pub-7784034061253020,5,2024-08-05,2024-08-05
pontianak.tribunnews.com,Page,N/A,N/A,pontianak.tribunnews.com/2017/01/11/jalan-jalan-ke-jakarta-yuk-singgah-ke-salloinnyan-kopi-pontianak,Yes,Site Behavior: Navigation,Restricted ad serving,ca-pub-7784034061253020,5,2024-08-04,2024-08-04
pekanbaru.tribunnews.com,Page,N/A,N/A,pekanbaru.tribunnews.com/2021/05/04/video-keburu-ditangkap-mesum-di-kuburan-cina-sang-gadis-tak-kenakan-celana-jangan-videokan-om,Yes,Ads Disguised as Content,Restricted ad serving,ca-pub-7784034061253020,5,2024-08-06,2024-08-06
pekanbaru.tribunnews.com,Page,N/A,N/A,pekanbaru.tribunnews.com/2017/07/25/video-psk-ini-mampu-layani-18-pria-dalam-semalam-diatas-kuburan-ini-rahasia-ketahanannya,No,Adult: Sexual content,Restricted ad serving,ca-pub-7784034061253020,5,2024-08-06,2024-08-06
palembang.tribunnews.com,Page,N/A,N/A,palembang.tribunnews.com/2017/12/13/wanita-di-5-suku-ini-harus-melakukan-hal-hal-ekstrem-agar-diakuin-telah-dewasa,No,Adult: Sexual content;Shocking content,Restricted ad serving,ca-pub-7784034061253020,5,2024-08-05,2024-08-05
palembang.tribunnews.com,Page,N/A,N/A,palembang.tribunnews.com/2017/12/03/video-tangan-aura-kasih-sentuh-bagian-tubuh-pacar-bulenya-ini-bikin-netizen-salfok-ampe-melting,No,Shocking content,Restricted ad serving,ca-pub-7784034061253020,5,2024-08-06,2024-08-06
palembang.tribunnews.com,Page,N/A,N/A,palembang.tribunnews.com/2016/01/20/pegawai-negeri-terekam-cctv-sedang-making-love-di-dalam-kantor,No,Adult: Sexual content,Restricted ad serving,ca-pub-7784034061253020,5,2024-08-05,2024-08-05
palembang.tribunnews.com,Page,N/A,N/A,palembang.tribunnews.com/2015/10/07/jangan-berani-bercinta-di-tempat-tak-lazim-pasangan-gancet-ini-buktinya,No,Adult: Sexual content,Restricted ad serving,ca-pub-7784034061253020,5,2024-08-05,2024-08-05
medan.tribunnews.com,Page,N/A,N/A,medan.tribunnews.com/2022/11/03/masih-sering-disalah-artikan-ini-penjelasan-seksolog-dr-boyke-tentang-fetish,Yes,Ads Disguised as Content,Restricted ad serving,ca-pub-7784034061253020,5,2024-08-05,2024-08-05
medan.tribunnews.com,Page,N/A,N/A,medan.tribunnews.com/2021/10/04/penjaja-kenikmatan-tumbuh-subur-di-kabupaten-samosir-begini-modusnya-dalam-beraksi,Yes,Ads Disguised as Content,Restricted ad serving,ca-pub-7784034061253020,5,2024-08-04,2024-08-04
medan.tribunnews.com,Page,N/A,N/A,medan.tribunnews.com/2018/11/12/razia-kafe-esek-esek-petugas-pergoki-pasangan-mesum-telanjang-bulat,No,Adult: Sexual content,Restricted ad serving,ca-pub-7784034061253020,5,2024-08-06,2024-08-06
medan.tribunnews.com,Page,N/A,N/A,medan.tribunnews.com/2017/06/30/heboh-artis-film-porno-meninggal-saat-syuting-penyebabnya-bikin-geleng-kepala,No,Adult: Sexual content,Restricted ad serving,ca-pub-7784034061253020,5,2024-08-05,2024-08-05
medan.tribunnews.com,Page,N/A,N/A,medan.tribunnews.com/2016/01/18/rekaman-video-ini-perlihatkan-seorang-gadis-sma-dipukul-dan-ditelanjangi,No,Shocking content,Restricted ad serving,ca-pub-7784034061253020,5,2024-08-05,2024-08-05
medan.tribunnews.com,Page,N/A,N/A,medan.tribunnews.com/2014/07/10/cewek-naik-motor-ternyata-dianggap-lebih-seksi-dan-menggoda,No,Shocking content,Restricted ad serving,ca-pub-7784034061253020,5,2024-08-06,2024-08-06
mataraman.tribunnews.com,Page,N/A,N/A,mataraman.tribunnews.com/2022/09/14/asyik-nonton-film-porno-di-kamar-mandi-ditegur-istri-suami-marah-bakar-istri-dan-anaknya,Yes,Ads Disguised as Content,Restricted ad serving,ca-pub-7784034061253020,5,2024-08-06,2024-08-06
manado.tribunnews.com,Page,N/A,N/A,manado.tribunnews.com/2019/04/06/5-populer-sehari-ferolin-dibunuh-suami-mayat-tanpa-kepalahinggapembunuhan-dewi-gedoan-di-manado,No,Shocking content,Restricted ad serving,ca-pub-7784034061253020,5,2024-08-06,2024-08-06
makassar.tribunnews.com,Page,N/A,N/A,makassar.tribunnews.com/2020/07/02/video-mesum-pns-dikirim-ke-istri-sah-nurul-pingsan-pergoki-suami-dan-karyawan-minimarket-di-ranjang,No,Google-served ads obscuring content,Restricted ad serving,ca-pub-7784034061253020,5,2024-08-04,2024-08-04
makassar.tribunnews.com,Page,N/A,N/A,makassar.tribunnews.com/2020/03/27/fakta-fakta-pramugari-mesum-dengan-kekasih-main-di-hotel-direkam-pakai-ponsel-wanita,No,Shocking content,Restricted ad serving,ca-pub-7784034061253020,5,2024-08-05,2024-08-05
makassar.tribunnews.com,Page,N/A,N/A,makassar.tribunnews.com/2019/10/16/obat-kuat-tisu-magic-sia-siaridwan-habisi-wanita-cantik-yang-dibayar-lalu-tinggalkan-tanpa-busana,No,Adult: Sexual content,Restricted ad serving,ca-pub-7784034061253020,5,2024-08-06,2024-08-06
makassar.tribunnews.com,Page,N/A,N/A,makassar.tribunnews.com/2015/04/07/ini-8-cerita-miris-para-psk-ada-yang-minum-obat-kuat-sapi,No,Adult: Sexual content,Restricted ad serving,ca-pub-7784034061253020,5,2024-08-06,2024-08-06
makassar.tribunnews.com,Page,N/A,N/A,makassar.tribunnews.com/2013/05/03/agar-suami-cepat-konak-rangsang-daerah-ini,No,Adult: Sexual content,Restricted ad serving,ca-pub-7784034061253020,5,2024-08-02,2024-08-04
makassar.tribunnews.com,Page,N/A,N/A,makassar.tribunnews.com/2011/06/20/fenugreek-tanaman-pemicu-gairah-seks-pria,No,Adult: Sexual content,Restricted ad serving,ca-pub-7784034061253020,5,2024-08-04,2024-08-04
lampung.tribunnews.com,Page,N/A,N/A,lampung.tribunnews.com/tag/vanessa-angel,No,Adult: Sexual content,Restricted ad serving,ca-pub-7784034061253020,5,2024-08-05,2024-08-05
lampung.tribunnews.com,Page,N/A,N/A,lampung.tribunnews.com/2019/04/01/10-fakta-gancet-pasangan-lengket-seusai-bercinta-dari-selingkuh-ulah-dukun-hingga-pria-vs-pria,No,Adult: Sexual content,Restricted ad serving,ca-pub-7784034061253020,5,2024-08-06,2024-08-06
lampung.tribunnews.com,Page,N/A,N/A,lampung.tribunnews.com/2018/03/14/radisson-hotel-terkoneksi-langsung-dengan-mbk,No,Shocking content,Restricted ad serving,ca-pub-7784034061253020,5,2024-08-05,2024-08-05
lampung.tribunnews.com,Page,N/A,N/A,lampung.tribunnews.com/2017/12/13/cewek-cilik-ini-kepoin-kondom-diancam-bakal-diaduin-ke-ibu-malah-kasih-jawaban-tak-terduga,No,Adult: Sexual content,Restricted ad serving,ca-pub-7784034061253020,5,2024-08-06,2024-08-06
lampung.tribunnews.com,Page,N/A,N/A,lampung.tribunnews.com/2017/05/05/sepasang-anak-muda-ini-terekam-berhubungan-intim-di-pinggir-jalan-videonya-langsung-menyebar,No,Adult: Sexual content,Restricted ad serving,ca-pub-7784034061253020,5,2024-08-02,2024-08-04
lampung.tribunnews.com,Page,N/A,N/A,lampung.tribunnews.com/2017/02/16/kembali-sensasi-nikita-mirzani-lepas-kaus-pamer-payudara-di-bandara-soetta,No,Adult: Sexual content,Restricted ad serving,ca-pub-7784034061253020,5,2024-08-06,2024-08-06
lampung.tribunnews.com,Page,N/A,N/A,lampung.tribunnews.com/2016/06/28/pria-beristri-ini-tinggalkan-keluarganya-demi-hidup-bersama-boneka-seks,No,Adult: Sexual content,Restricted ad serving,ca-pub-7784034061253020,5,2024-08-05,2024-08-05
lampung.tribunnews.com,Page,N/A,N/A,lampung.tribunnews.com/2015/07/14/inilah-perbedaan-antara-madzi-mani-dan-madi,No,Adult: Sexual content,Restricted ad serving,ca-pub-7784034061253020,5,2024-08-04,2024-08-04
lampung.tribunnews.com,Page,N/A,N/A,lampung.tribunnews.com/2015/06/02/losmen-ini-terima-pasangan-muda-mudi-asalkan-jelas-indentitasnya,No,Adult: Sexual content,Restricted ad serving,ca-pub-7784034061253020,5,2024-08-05,2024-08-05
kupang.tribunnews.com,Page,N/A,N/A,kupang.tribunnews.com/2017/10/11/ternyata-remaja-di-ntt-yang-berpacaran-melakukan-hal-ini-dengan-pasangannya,No,Adult: Sexual content,Restricted ad serving,ca-pub-7784034061253020,5,2024-08-05,2024-08-05
kupang.tribunnews.com,Page,N/A,N/A,kupang.tribunnews.com/2014/12/15/ingin-cepat-hamil-jangan-langsung-berdiri-setelah-berhubungan-seks,No,Adult: Sexual content,Restricted ad serving,ca-pub-7784034061253020,5,2024-08-06,2024-08-06
kaltim.tribunnews.com,Page,N/A,N/A,kaltim.tribunnews.com/2021/11/11/mengenal-sang-pemilik-balai-saji-balikpapan-ada-4-cabang-siapkan-makanan-gratis,Yes,Encouraging accidental clicks: Layout;Google-served ads obscuring content,Restricted ad serving,ca-pub-7784034061253020,5,2024-08-05,2024-08-05
kaltim.tribunnews.com,Page,N/A,N/A,kaltim.tribunnews.com/2016/02/12/ini-saran-untuk-orang-tua-cegah-anak-penasaran-seks-bebas,No,Adult: Sexual content,Restricted ad serving,ca-pub-7784034061253020,5,2024-08-05,2024-08-05
jogja.tribunnews.com,Page,N/A,N/A,jogja.tribunnews.com/2019/08/23/viral-video-wanita-tiba-tiba-buka-baju-di-dalam-mal-di-bekasi-berjalan-tanpa-baju-ke-lobi,No,Shocking content,Restricted ad serving,ca-pub-7784034061253020,5,2024-08-05,2024-08-05
jogja.tribunnews.com,Page,N/A,N/A,jogja.tribunnews.com/2019/07/14/kronologi-terbongkarnya-video-mesum-pelajar-di-tegal-berawal-dari-razia-hp-di-sekolah,No,Adult: Sexual content,Restricted ad serving,ca-pub-7784034061253020,5,2024-08-05,2024-08-05
jogja.tribunnews.com,Page,N/A,N/A,jogja.tribunnews.com/2017/01/28/instruktur-wanita-ini-buka-kelas-senam-bugil-ini-syarat-dan-tarifnya,No,Adult: Sexual content,Restricted ad serving,ca-pub-7784034061253020,5,2024-08-05,2024-08-05
jogja.tribunnews.com,Page,N/A,N/A,jogja.tribunnews.com/2016/10/21/pengobatan-aneh-tukang-urut-masukkan-jarinya-ke-kemaluan-seorang-gadis-untuk-mengobati,No,Adult: Sexual content,Restricted ad serving,ca-pub-7784034061253020,5,2024-08-05,2024-08-05
jatim.tribunnews.com,Page,N/A,N/A,jatim.tribunnews.com/2018/02/06/gadis-yang-jadi-ayam-kampus-ini-ungkap-layanan-yang-bikin-om-om-puas-hingga-alasan-tolak-booking-an,No,Adult: Sexual content,Restricted ad serving,ca-pub-7784034061253020,5,2024-08-04,2024-08-04
jambi.tribunnews.com,Page,N/A,N/A,jambi.tribunnews.com/tag/film-panas?page=2,No,Shocking content,Restricted ad serving,ca-pub-7784034061253020,5,2024-08-05,2024-08-06
jambi.tribunnews.com,Page,N/A,N/A,jambi.tribunnews.com/amp/2018/01/19/sssstt-ternyata-beberapa-gaya-kamasutra-ini-buat-wanita-ketagihan,No,Adult: Sexual content,Restricted ad serving,ca-pub-7784034061253020,5,2024-08-04,2024-08-04
jambi.tribunnews.com,Page,N/A,N/A,jambi.tribunnews.com/2018/06/17/apa-dampak-pada-suami-jika-istri-sering-menolak-berhubungan,No,Adult: Sexual content,Restricted ad serving,ca-pub-7784034061253020,5,2024-08-05,2024-08-05
jambi.tribunnews.com,Page,N/A,N/A,jambi.tribunnews.com/2018/05/27/daki-di-bagian-intim-kenapa-bisa,No,Adult: Sexual content,Restricted ad serving,ca-pub-7784034061253020,5,2024-08-05,2024-08-05
jambi.tribunnews.com,Page,N/A,N/A,jambi.tribunnews.com/2018/01/27/berapa-durasi-hubungan-intim-yang-diinginkan-wanita-kekuatan-pria-hanya-segini-batasnya,No,Adult: Sexual content,Restricted ad serving,ca-pub-7784034061253020,5,2024-08-06,2024-08-06
jambi.tribunnews.com,Page,N/A,N/A,jambi.tribunnews.com/2017/07/27/ereksi-di-pagi-hari-ini-manfaat-besarnya-untuk-pria,No,Adult: Sexual content,Restricted ad serving,ca-pub-7784034061253020,5,2024-08-06,2024-08-06
jambi.tribunnews.com,Page,N/A,N/A,jambi.tribunnews.com/2017/02/05/galeri-foto-astaghfirullah-wanita-ini-upload-foto-telanjangnya-di-fb-diduga-warga-sungai-penuh,No,Google-served ads obscuring content,Restricted ad serving,ca-pub-7784034061253020,5,2024-08-05,2024-08-05
jambi.tribunnews.com,Page,N/A,N/A,jambi.tribunnews.com/2015/03/31/jatuh-dari-tiang-pole-dance-implan-payudara-model-playboy-pecah,No,Shocking content,Restricted ad serving,ca-pub-7784034061253020,5,2024-08-04,2024-08-04
jabar.tribunnews.com,Page,N/A,N/A,jabar.tribunnews.com/2019/10/02/angin-duduk-sebabkan-kematian-mendadak-bukan-karena-kerokan-ini-perbedaannya-dengan-masuk-angin,Yes,Site Behavior: Navigation,Restricted ad serving,ca-pub-7784034061253020,5,2024-08-06,2024-08-06
jabar.tribunnews.com,Page,N/A,N/A,jabar.tribunnews.com/2017/05/02/pria-ini-berhubungan-intim-sehari-10-kali-setelah-tiga-bulan-dilarikan-ke-rs-dan-ini-yang-terjadi,No,Adult: Sexual content,Restricted ad serving,ca-pub-7784034061253020,5,2024-08-06,2024-08-06
jabar.tribunnews.com,Page,N/A,N/A,jabar.tribunnews.com/2016/05/03/gamer-cantik-ini-tak-sengaja-pamer-organ-intimnya-saat-live-streaming,Yes,Site Behavior: Navigation,Restricted ad serving,ca-pub-7784034061253020,5,2024-08-05,2024-08-05
cirebon.tribunnews.com,Page,N/A,N/A,cirebon.tribunnews.com/2019/07/08/pria-ini-tergoda-istri-tetangga-lihat-pakai-daster-langsung-peluk-dari-belakang-si-wanita-teriak,No,Adult: Sexual content,Restricted ad serving,ca-pub-7784034061253020,5,2024-08-06,2024-08-06
bogor.tribunnews.com,Page,N/A,N/A,bogor.tribunnews.com/2017/07/31/pernah-beradegan-panas-di-film-layar-lebar-ini-5-foto-aura-kasih-tak-pakai-celana,No,Shocking content,Restricted ad serving,ca-pub-7784034061253020,5,2024-08-06,2024-08-06
bogor.tribunnews.com,Page,N/A,N/A,bogor.tribunnews.com/2016/07/11/bintang-film-porno-ditangkap-polisi-temukan-banyak-barang-ini-di-rumahnya,No,Adult: Sexual content,Restricted ad serving,ca-pub-7784034061253020,5,2024-08-05,2024-08-05
belitung.tribunnews.com,Page,N/A,N/A,belitung.tribunnews.com/2017/12/11/tak-hanya-pilot-penumpang-bisa-dapat-layanan-birahi-pramugari-ini-kode-dan-tarifnya,No,Shocking content,Restricted ad serving,ca-pub-7784034061253020,5,2024-08-04,2024-08-04
belitung.tribunnews.com,Page,N/A,N/A,belitung.tribunnews.com/2017/05/23/saat-ratu-bokong-terbaik-di-dunia-pakai-pakaian-seksi-ini,No,Adult: Sexual content,Restricted ad serving,ca-pub-7784034061253020,5,2024-08-06,2024-08-06
belitung.tribunnews.com,Page,N/A,N/A,belitung.tribunnews.com/2015/12/24/ini-ciri-ciri-wanita-yang-hebat-di-ranjang-anda-memilikinya,No,Adult: Sexual content,Restricted ad serving,ca-pub-7784034061253020,5,2024-08-05,2024-08-05
batam.tribunnews.com,Page,N/A,N/A,batam.tribunnews.com/2022/07/28/viral-video-panas-guru-padahal-sudah-punya-pasangan-masing-masing-disdik-turun-tangan,Yes,Ads Disguised as Content,Restricted ad serving,ca-pub-7784034061253020,5,2024-08-04,2024-08-04
batam.tribunnews.com,Page,N/A,N/A,batam.tribunnews.com/2019/10/19/viral-video-panas-2-siswa-pakaian-pramuka-di-pangandaran-polisi-ungkap-fakta-soal-pelaku,No,Adult: Sexual content,Restricted ad serving,ca-pub-7784034061253020,5,2024-08-05,2024-08-05
banjarmasin.tribunnews.com,Page,N/A,N/A,banjarmasin.tribunnews.com/2023/01/09/perkelahian-maut-di-tanjung-rema-martapura-kota-korban-dan-pelaku-masih-saudara-sepupu,No,Shocking content,Restricted ad serving,ca-pub-7784034061253020,5,2024-08-05,2024-08-05
bangka.tribunnews.com,Page,N/A,N/A,bangka.tribunnews.com/2019/11/15/beredar-video-syur-2-menit-46-detik-ada-adegan-suami-istri-yang-dilakoni-mahasiswi-di-kendari,No,Adult: Sexual content,Restricted ad serving,ca-pub-7784034061253020,5,2024-08-05,2024-08-05
bangka.tribunnews.com,Page,N/A,N/A,bangka.tribunnews.com/2018/03/27/tarif-paling-murah-rp-17-juta-15-wanita-aceh-sukarela-jadi-pemuas-syahwat-pria-hidung-belang,No,Adult: Sexual content,Restricted ad serving,ca-pub-7784034061253020,5,2024-08-06,2024-08-06
bangka.tribunnews.com,Page,N/A,N/A,bangka.tribunnews.com/2017/05/24/suami-harusnya-bahagia-jelang-berhubungan-intim-bagian-itu-istri-jadi-basah,No,Adult: Sexual content,Restricted ad serving,ca-pub-7784034061253020,5,2024-08-06,2024-08-06
bangka.tribunnews.com,Page,N/A,N/A,bangka.tribunnews.com/2017/04/08/hadiah-ini-dijamin-buat-suami-makin-panas-saat-bercinta-tapi-anda-praktekkan-hal-ini,No,Adult: Sexual content,Restricted ad serving,ca-pub-7784034061253020,5,2024-08-05,2024-08-05
bangka.tribunnews.com,Page,N/A,N/A,bangka.tribunnews.com/2016/10/28/ternyata-titik-paling-sensitif-di-pria-adalah,No,Adult: Sexual content,Restricted ad serving,ca-pub-7784034061253020,5,2024-08-04,2024-08-04
bangka.tribunnews.com,Page,N/A,N/A,bangka.tribunnews.com/2016/09/01/wow-hingga-miliaran-rupiah-untuk-payudara-nikita-mirzani,No,Adult: Sexual content,Restricted ad serving,ca-pub-7784034061253020,5,2024-08-05,2024-08-05
bangka.tribunnews.com,Page,N/A,N/A,bangka.tribunnews.com/2016/07/22/ini-jawabnya-mengapa-pria-sering-ereksi-tanpa-sebab-di-pagi-hari,No,Adult: Sexual content,Restricted ad serving,ca-pub-7784034061253020,5,2024-08-04,2024-08-04
bangka.tribunnews.com,Page,N/A,N/A,bangka.tribunnews.com/2016/07/03/video-goyang-erotis-sheila-marcia-di-klab-gay-bikin-heboh-tapi-ini-pembelaannya,No,Adult: Sexual content,Restricted ad serving,ca-pub-7784034061253020,5,2024-08-05,2024-08-05
bangka.tribunnews.com,Page,N/A,N/A,bangka.tribunnews.com/2016/05/14/spa-plus-plus-mandi-dan-sauna-saat-digrebek-ditemukan-alat-kontrasepsi,No,Adult: Sexual content,Restricted ad serving,ca-pub-7784034061253020,5,2024-08-04,2024-08-04
bangka.tribunnews.com,Page,N/A,N/A,bangka.tribunnews.com/2012/12/02/onani-pria-ini-curi-bra-cd-wanita,No,Adult: Sexual content,Restricted ad serving,ca-pub-7784034061253020,5,2024-08-05,2024-08-05
bali.tribunnews.com,Page,N/A,N/A,bali.tribunnews.com/2019/04/10/viral-modus-pemerasan-perempuan-via-whatsapp-pamerkan-organ-intim-lalu-dibuat-begini,Yes,Ads Disguised as Content,Restricted ad serving,ca-pub-7784034061253020,5,2024-08-04,2024-08-04
aceh.tribunnews.com,Page,N/A,N/A,aceh.tribunnews.com/2022/07/26/rindu-berat-wanita-ini-malah-meninggal-dunia-dicium-secara-brutal-oleh-pacarnya-ada-tanda-di-leher,No,Shocking content,Restricted ad serving,ca-pub-7784034061253020,5,2024-08-05,2024-08-05
aceh.tribunnews.com,Page,N/A,N/A,aceh.tribunnews.com/2022/07/08/suami-bunuh-istri-dan-anak-di-kukar-korban-dihabisi-saat-kelaparan-dipicu-masalah-ekonomi,Yes,Ads Disguised as Content;Shocking content,Restricted ad serving,ca-pub-7784034061253020,5,2024-08-04,2024-08-04
www.tribunnews.com,Page,N/A,N/A,www.tribunnews.com/travel/2019/04/09/ternyata-sabung-ayam-jadi-olahraga-primadona-di-filipina-dianggap-sebagai-industri-miliaran-dolar,No,Shocking content,Restricted ad serving,ca-pub-7784034061253020,4,2024-08-04,2024-08-04
www.tribunnews.com,Page,N/A,N/A,www.tribunnews.com/seleb/2020/11/07/heboh-video-asusila-perempuan-berwajah-mirip-dirinya-gisel-trending-topik-di-twitter,No,Google-served ads obscuring content,Restricted ad serving,ca-pub-7784034061253020,4,2024-08-05,2024-08-05
www.tribunnews.com,Page,N/A,N/A,www.tribunnews.com/regional/2022/11/13/fakta-fakta-suami-mutilasi-dan-bakar-istrinya-di-humbahas-pelaku-alami-gangguan-jiwa,Yes,Ads Disguised as Content,Restricted ad serving,ca-pub-7784034061253020,4,2024-08-06,2024-08-06
www.tribunnews.com,Page,N/A,N/A,www.tribunnews.com/regional/2022/02/18/5-fakta-kakek-usia-100-tahun-pelaku-video-mesum-di-magelang-videonya-viral,No,Shocking content,Restricted ad serving,ca-pub-7784034061253020,4,2024-08-05,2024-08-05
www.tribunnews.com,Page,N/A,N/A,www.tribunnews.com/regional/2021/05/26/kisah-psk-di-subang-jauh-jauh-beroperasi-di-daerah-lainnya-pemesannya-ternyata-teman-dan-tetangga,Yes,Ads Disguised as Content,Restricted ad serving,ca-pub-7784034061253020,4,2024-08-06,2024-08-06
www.tribunnews.com,Page,N/A,N/A,www.tribunnews.com/regional/2021/03/10/gara-gara-foto-syurnya-dikuasai-orang-tak-dikenal-wanita-muda-ini-pasrah-dipaksa-berhubungan-intim,Yes,Content obscuring Google-served ads,Restricted ad serving,ca-pub-7784034061253020,4,2024-08-06,2024-08-06
www.tribunnews.com,Page,N/A,N/A,www.tribunnews.com/regional/2020/01/19/di-denpasar-marak-kasus-pamer-kemaluan-sasaranya-siswi-sma-diduga-pelakunya-ada-beberapa,No,Adult: Sexual content,Restricted ad serving,ca-pub-7784034061253020,4,2024-08-05,2024-08-05
www.tribunnews.com,Page,N/A,N/A,www.tribunnews.com/regional/2019/12/21/modus-sopir-taksi-online-setubuhi-14-penumpang-wanita-diam-diam-rekam-video-untuk-poroti-korban,No,Adult: Sexual content,Restricted ad serving,ca-pub-7784034061253020,4,2024-08-05,2024-08-05
www.tribunnews.com,Page,N/A,N/A,www.tribunnews.com/regional/2019/11/10/gadis-muda-ini-sudah-jadi-muncikari-ayam-kampus-teman-sendiri-pun-dijual-berikut-tarifnya,No,Adult: Sexual content,Restricted ad serving,ca-pub-7784034061253020,4,2024-08-06,2024-08-06
www.tribunnews.com,Page,N/A,N/A,www.tribunnews.com/regional/2019/10/30/kisah-psk-di-lampung-akui-gunakan-aplikasi-michat-serta-punya-kode-khusus-untuk-pelanggannya,No,Shocking content,Restricted ad serving,ca-pub-7784034061253020,4,2024-08-05,2024-08-05
www.tribunnews.com,Page,N/A,N/A,www.tribunnews.com/regional/2019/07/16/menelusuri-geliat-prostitusi-online-di-jambi-mulai-dari-tarif-hingga-hotel-berbintang,No,Shocking content,Restricted ad serving,ca-pub-7784034061253020,4,2024-08-06,2024-08-06
www.tribunnews.com,Page,N/A,N/A,www.tribunnews.com/regional/2018/08/14/usai-berhubungan-intim-di-area-sawah-wanita-ini-jatuh-dan-meninggal-ini-yang-dilakukan-sang-pria,No,Shocking content,Restricted ad serving,ca-pub-7784034061253020,4,2024-08-06,2024-08-06
www.tribunnews.com,Page,N/A,N/A,www.tribunnews.com/regional/2017/05/19/tertangkap-di-kamar-hotel-kedua-abg-yang-masih-bestatus-pelajar-ini-mengaku-malakukan-ini,No,Shocking content,Restricted ad serving,ca-pub-7784034061253020,4,2024-08-04,2024-08-04
www.tribunnews.com,Page,N/A,N/A,www.tribunnews.com/regional/2015/12/18/terima-saja-ajakan-pacar-baru-nginap-di-hotel-ini-akhirnya-yang-terjadi,No,Adult: Sexual content,Restricted ad serving,ca-pub-7784034061253020,4,2024-08-05,2024-08-05
www.tribunnews.com,Page,N/A,N/A,www.tribunnews.com/regional/2015/02/14/mucikari-batam-cari-cewek-cewek-seksi-sampai-ke-berbagai-pelosok-negeri,No,Shocking content,Restricted ad serving,ca-pub-7784034061253020,4,2024-08-05,2024-08-05
www.tribunnews.com,Page,N/A,N/A,www.tribunnews.com/regional/2012/07/02/bangunan-pemerintah-jadi-tempat-mangkal-psk-dan-waria,No,Shocking content,Restricted ad serving,ca-pub-7784034061253020,4,2024-08-06,2024-08-06
www.tribunnews.com,Page,N/A,N/A,www.tribunnews.com/nasional/2022/04/24/viral-bocil-umur-2-tahun-pakai-popok-dewasa-orangtua-ceritakan-kisah-dan-alasan-dibaliknya,No,Google-served ads obscuring content,Restricted ad serving,ca-pub-7784034061253020,4,2024-08-04,2024-08-04
www.tribunnews.com,Page,N/A,N/A,www.tribunnews.com/nasional/2015/04/15/rekaman-video-siswi-sma-baku-hantam-beredar-di-jejaring-sosial,Yes,Ads Disguised as Content,Restricted ad serving,ca-pub-7784034061253020,4,2024-08-05,2024-08-05
www.tribunnews.com,Page,N/A,N/A,www.tribunnews.com/metropolitan/2018/02/07/lahirkan-anak-ke-11-tersangka-video-mesum-tante-vs-bocah-sd-jalani-tes-hiv,No,Shocking content,Restricted ad serving,ca-pub-7784034061253020,4,2024-08-05,2024-08-05
www.tribunnews.com,Page,N/A,N/A,www.tribunnews.com/metropolitan/2018/01/05/video-mesum-wanita-dewasa-dengan-anak-laki-laki-beredar-di-medsos-ini-yang-bikin-emosi,No,Shocking content,Restricted ad serving,ca-pub-7784034061253020,4,2024-08-04,2024-08-04
www.tribunnews.com,Page,N/A,N/A,www.tribunnews.com/lifestyle/2017/11/08/terbukti-secara-ilmiah-5-aroma-parfum-ini-dapat-meningkatkan-gairah-seksual-pria,No,Adult: Sexual content,Restricted ad serving,ca-pub-7784034061253020,4,2024-08-06,2024-08-06
www.tribunnews.com,Page,N/A,N/A,www.tribunnews.com/kesehatan/2017/11/30/10-hal-yang-perlu-diketahui-pria-untuk-memuaskan-pasangannya-saat-bercinta,No,Adult: Sexual content,Restricted ad serving,ca-pub-7784034061253020,4,2024-08-05,2024-08-05
www.tribunnews.com,Page,N/A,N/A,www.tribunnews.com/kesehatan/2017/10/23/jika-wanita-jarang-berhubungan-seks-apa-dampaknya-pada-miss-v,No,Adult: Sexual content,Restricted ad serving,ca-pub-7784034061253020,4,2024-08-04,2024-08-04
www.tribunnews.com,Page,N/A,N/A,www.tribunnews.com/kesehatan/2017/07/15/sudah-lansia-ini-trik-bercinta-yang-aman-dilakukan-nenek-rohaya-dan-suami-brondongnya,No,Adult: Sexual content,Restricted ad serving,ca-pub-7784034061253020,4,2024-08-04,2024-08-04
www.tribunnews.com,Page,N/A,N/A,www.tribunnews.com/kesehatan/2016/05/27/perempuan-bisa-hamil-usai-hubungan-intim-lewat-anus,No,Adult: Sexual content;Shocking content,Restricted ad serving,ca-pub-7784034061253020,4,2024-08-05,2024-08-05
www.tribunnews.com,Page,N/A,N/A,www.tribunnews.com/kesehatan/2015/09/20/ini-dia-cara-bersihkan-vagina-yang-baik-agar-disenangi-pria,No,Adult: Sexual content,Restricted ad serving,ca-pub-7784034061253020,4,2024-08-04,2024-08-04
www.tribunnews.com,Page,N/A,N/A,www.tribunnews.com/internasional/2024/04/25/festival-seks-di-korsel-didemo-warga-dianggap-rusak-moral,Yes,Google-served ads obscuring content;Modified Javascript: Ads by Google size,Restricted ad serving,ca-pub-7784034061253020,4,2024-08-05,2024-08-05
www.tribunnews.com,Page,N/A,N/A,www.tribunnews.com/internasional/2019/02/01/perempuan-ini-masturbasi-di-tempat-umum-setelah-ditangkap-polisi-tetap-malanjutkan-masturbasi,No,Adult: Sexual content,Restricted ad serving,ca-pub-7784034061253020,4,2024-08-05,2024-08-05
www.tribunnews.com,Page,N/A,N/A,www.tribunnews.com/internasional/2018/12/31/cerita-unik-tentang-seks-dari-sejumlah-tempat,No,Adult: Sexual content,Restricted ad serving,ca-pub-7784034061253020,4,2024-08-06,2024-08-06
www.tribunnews.com,Page,N/A,N/A,www.tribunnews.com/internasional/2018/01/04/potret-suram-kaum-termarjinal-amerika-serikat-dari-psk-muda-hingga-pecandu-narkoba,Yes,Site Behavior: Navigation,Restricted ad serving,ca-pub-7784034061253020,4,2024-08-05,2024-08-05
www.tribunnews.com,Page,N/A,N/A,www.tribunnews.com/internasional/2017/07/01/bikin-panas-internet-inilah-balada-foto-foto-seksi-tentara-wanita-israel,Yes,Site Behavior: Navigation,Restricted ad serving,ca-pub-7784034061253020,4,2024-08-06,2024-08-06
www.tribunnews.com,Page,N/A,N/A,www.tribunnews.com/internasional/2017/06/14/edan-dengar-desahan-orang-tuanya-lagi-bercinta-anaknya-malah-merekam-di-video,No,Adult: Sexual content,Restricted ad serving,ca-pub-7784034061253020,4,2024-08-05,2024-08-05
www.tribunnews.com,Page,N/A,N/A,www.tribunnews.com/internasional/2017/04/26/biadab-pria-thailand-ini-habisi-nyawa-putrinya-disiarkan-di-facebook-live-lalu-bunuh-diri,No,Shocking content,Restricted ad serving,ca-pub-7784034061253020,4,2024-08-06,2024-08-06
www.tribunnews.com,Page,N/A,N/A,www.tribunnews.com/internasional/2017/01/12/psk-thailand-ini-kesakitan-berdarah-usai-begituan-dengan-turis-ternyata-ini-sebabnya,No,Adult: Sexual content;Shocking content,Restricted ad serving,ca-pub-7784034061253020,4,2024-08-04,2024-08-04
www.tribunnews.com,Page,N/A,N/A,www.tribunnews.com/internasional/2016/10/27/wanita-jepang-ini-dinobatkan-memiliki-payudara-terindah,No,Adult: Sexual content,Restricted ad serving,ca-pub-7784034061253020,4,2024-08-05,2024-08-05
www.tribunnews.com,Page,N/A,N/A,www.tribunnews.com/internasional/2016/01/03/tak-kuasa-menahan-nafsu-pria-ini-perkosa-keledai-betina,No,Adult: Sexual content,Restricted ad serving,ca-pub-7784034061253020,4,2024-08-06,2024-08-06
wow.tribunnews.com,Page,N/A,N/A,wow.tribunnews.com/2018/01/22/setelah-pakai-lip-tint-palsu-bibir-remaja-ini-jadi-bengkak-ceritanya-viral,Yes,Shocking content;Site Behavior: Navigation,Restricted ad serving,ca-pub-7784034061253020,4,2024-08-05,2024-08-05
wow.tribunnews.com,Page,N/A,N/A,wow.tribunnews.com/2017/09/18/tewas-nyaris-tanpa-busana-di-kamar-hotel-ternyata-begini-sosok-asli-cici-anisa,No,Shocking content,Restricted ad serving,ca-pub-7784034061253020,4,2024-08-06,2024-08-06
wow.tribunnews.com,Page,N/A,N/A,wow.tribunnews.com/2017/07/20/geger-seorang-muslimah-tulis-buku-panduan-seks-halal-untuk-muslimah,No,Adult: Sexual content,Restricted ad serving,ca-pub-7784034061253020,4,2024-08-05,2024-08-05
wow.tribunnews.com,Page,N/A,N/A,wow.tribunnews.com/2017/03/29/setelah-live-adegan-panas-di-bigo-lagi-aaron-ashab-unggah-video-mesra-di-ranjang,Yes,Site Behavior: Navigation,Restricted ad serving,ca-pub-7784034061253020,4,2024-08-04,2024-08-04
wartakota.tribunnews.com,Page,N/A,N/A,wartakota.tribunnews.com/2023/05/25/posting-video-turis-asing-bugil-di-bali-tanpa-sensor-peter-f-gontha-siap-diblokir-demi-harga-diri,No,Google-served ads obscuring content,Restricted ad serving,ca-pub-7784034061253020,4,2024-08-04,2024-08-04
wartakota.tribunnews.com,Page,N/A,N/A,wartakota.tribunnews.com/2020/08/22/teknologi-baru-24-jam-nonstop-polisi-bisa-lacak-seseorang-yang-sering-nonton-film-porno-di-internet,Yes,Content obscuring Google-served ads;Encouraging accidental clicks: Layout,Restricted ad serving,ca-pub-7784034061253020,4,2024-08-04,2024-08-04
wartakota.tribunnews.com,Page,N/A,N/A,wartakota.tribunnews.com/2020/04/10/kisah-pria-yang-telah-menaklukan-dan-menipu-80-janda-kesepian-merayu-meniduri-menguras-hartanya,No,Adult: Sexual content,Restricted ad serving,ca-pub-7784034061253020,4,2024-08-04,2024-08-04
wartakota.tribunnews.com,Page,N/A,N/A,wartakota.tribunnews.com/2020/02/11/viral-video-mesum-di-pasuruan-ternyata-dibuat-suami-yang-jual-istrinya-dipakai-rame-rame,No,Shocking content,Restricted ad serving,ca-pub-7784034061253020,4,2024-08-04,2024-08-04
wartakota.tribunnews.com,Page,N/A,N/A,wartakota.tribunnews.com/2019/10/15/masuk-grup-sadis-jack-nekat-suntik-silikon-pada-alat-vitalnya-sampai-berakhir-mengenaskan,No,Adult: Sexual content,Restricted ad serving,ca-pub-7784034061253020,4,2024-08-04,2024-08-04
wartakota.tribunnews.com,Page,N/A,N/A,wartakota.tribunnews.com/2017/11/25/pria-sekantor-remas-payudara-dari-belakang-lapor-bos-tak-diacuhkan-lalu-cewek-ini-lakukan-ini,No,Adult: Sexual content,Restricted ad serving,ca-pub-7784034061253020,4,2024-08-04,2024-08-04
wartakota.tribunnews.com,Page,N/A,N/A,wartakota.tribunnews.com/2017/10/21/belut-itu-masuk-ke-rahim-wanita-cantik-yang-bermasturbasi-dengan-hewan-ini,No,Adult: Sexual content;Shocking content,Restricted ad serving,ca-pub-7784034061253020,4,2024-08-06,2024-08-06
wartakota.tribunnews.com,Page,N/A,N/A,wartakota.tribunnews.com/2017/08/04/viral-dua-cewek-bikin-heboh-pamer-bra-dan-payudara-di-media-sosial,No,Adult: Sexual content,Restricted ad serving,ca-pub-7784034061253020,4,2024-08-06,2024-08-06
wartakota.tribunnews.com,Page,N/A,N/A,wartakota.tribunnews.com/2017/04/27/waduh-pengungsi-afganistan-jadi-gigolo-di-kalibata-city,No,Adult: Sexual content,Restricted ad serving,ca-pub-7784034061253020,4,2024-08-06,2024-08-06
wartakota.tribunnews.com,Page,N/A,N/A,wartakota.tribunnews.com/2016/11/30/6-panti-pijat-mesum-di-depok-ditutup,No,Shocking content,Restricted ad serving,ca-pub-7784034061253020,4,2024-08-05,2024-08-05
wartakota.tribunnews.com,Page,N/A,N/A,wartakota.tribunnews.com/2016/05/07/brosur-bergambar-kaum-gay-sempat-beredar-di-depok,No,Adult: Sexual content,Restricted ad serving,ca-pub-7784034061253020,4,2024-08-06,2024-08-06
wartakota.tribunnews.com,Page,N/A,N/A,wartakota.tribunnews.com/2014/07/11/ini-ciri-perempuan-pengidap-hiperseksual,No,Adult: Sexual content,Restricted ad serving,ca-pub-7784034061253020,4,2024-08-06,2024-08-06
wartakota.tribunnews.com,Page,N/A,N/A,wartakota.tribunnews.com/2014/05/22/rahasia-bentuk-pinggul-tunjukkan-kehidupan-seks-anda,No,Adult: Sexual content,Restricted ad serving,ca-pub-7784034061253020,4,2024-08-05,2024-08-05
trends.tribunnews.com,Page,N/A,N/A,trends.tribunnews.com/2023/06/11/astaga-ibu-di-sampit-tega-bacok-kepala-anak-lalu-diseret-ke-tengah-jalan-stres-usaha-makin-sepi,No,Shocking content,Restricted ad serving,ca-pub-7784034061253020,4,2024-08-05,2024-08-05
suryamalang.tribunnews.com,Page,N/A,N/A,suryamalang.tribunnews.com/2022/02/11/video-mesum-1-cewek-puaskan-nafsu-2-pria-beredar-di-wa-diduga-putra-pengusaha-sumenep-ikut-terlibat,No,Google-served ads obscuring content,Restricted ad serving,ca-pub-7784034061253020,4,2024-08-04,2024-08-04
suryamalang.tribunnews.com,Page,N/A,N/A,suryamalang.tribunnews.com/2019/05/29/meski-ramadan-wanita-cantik-dari-desa-jemekan-tetap-layani-pelanggan-tarifnya-rp-350000-per-jam,No,Adult: Sexual content,Restricted ad serving,ca-pub-7784034061253020,4,2024-08-05,2024-08-05
suryamalang.tribunnews.com,Page,N/A,N/A,suryamalang.tribunnews.com/2017/10/12/video-penari-telanjang-inul-vizta-kediri-tampil-beda-saat-jalani-persidangan-yuk-dicek-busananya,No,Shocking content,Restricted ad serving,ca-pub-7784034061253020,4,2024-08-05,2024-08-05
suryamalang.tribunnews.com,Page,N/A,N/A,suryamalang.tribunnews.com/2017/05/23/video-tante-seksi-asal-surabaya-ini-punya-ratusan-ribu-followers-netizen-kaget-dengar-suaranya,Yes,Site Behavior: Navigation,Restricted ad serving,ca-pub-7784034061253020,4,2024-08-05,2024-08-05
suryamalang.tribunnews.com,Page,N/A,N/A,suryamalang.tribunnews.com/2016/12/23/hi-inilah-6-tradisi-seks-paling-mengerikan-sekaligus-menjijikkan-di-dunia,No,Google-served ads obscuring content,Restricted ad serving,ca-pub-7784034061253020,4,2024-08-04,2024-08-04
suryamalang.tribunnews.com,Page,N/A,N/A,suryamalang.tribunnews.com/2016/04/26/banyak-prostitusi-online-di-batam-blog-cewek-panggilan-batam-diincar-polisi-karena,No,Adult: Sexual content,Restricted ad serving,ca-pub-7784034061253020,4,2024-08-06,2024-08-06
suryamalang.tribunnews.com,Page,N/A,N/A,suryamalang.tribunnews.com/2016/04/18/siswi-smk-di-malang-doyan-sebar-foto-bugil-demi-dapatkan-banyak-followers-di-instagram,No,Adult: Sexual content,Restricted ad serving,ca-pub-7784034061253020,4,2024-08-06,2024-08-06
surabaya.tribunnews.com,Page,N/A,N/A,surabaya.tribunnews.com/2022/04/05/biodata-lavikcy-nicholas-pemeran-habib-di-para-pencari-tuhan-15-dulu-pemain-jodoh-wasiat-bapak,Yes,Encouraging accidental clicks: Layout,Restricted ad serving,ca-pub-7784034061253020,4,2024-08-04,2024-08-04
surabaya.tribunnews.com,Page,N/A,N/A,surabaya.tribunnews.com/2020/01/15/usai-berzina-dengan-suami-orang-wanita-ini-sebar-sendiri-rekaman-video-adegan-ranjangnya,No,Shocking content,Restricted ad serving,ca-pub-7784034061253020,4,2024-08-05,2024-08-05
surabaya.tribunnews.com,Page,N/A,N/A,surabaya.tribunnews.com/2017/10/27/pasca-buku-the-naked-nikita-dengan-pose-pose-berani-ini-nikita-mirzani-bakal-masuk-majalah-playboy,No,Adult: Sexual content,Restricted ad serving,ca-pub-7784034061253020,4,2024-08-05,2024-08-05
surabaya.tribunnews.com,Page,N/A,N/A,surabaya.tribunnews.com/2016/08/04/video-detik-detik-terbakarnya-pesawat-emirates-saat-mendarat-di-bandara-dubai,No,Adult: Sexual content,Restricted ad serving,ca-pub-7784034061253020,4,2024-08-04,2024-08-04
surabaya.tribunnews.com,Page,N/A,N/A,surabaya.tribunnews.com/2016/03/04/foto-gara-gara-selfie-di-depan-kaca-kamar-mandi-gadis-ini-menyesal-seumur-hidupnya,No,Adult: Sexual content;Shocking content,Restricted ad serving,ca-pub-7784034061253020,4,2024-08-06,2024-08-06
surabaya.tribunnews.com,Page,N/A,N/A,surabaya.tribunnews.com/2009/04/24/trio-macan-biasa-bugil,No,Adult: Sexual content,Restricted ad serving,ca-pub-7784034061253020,4,2024-08-04,2024-08-04
sumsel.tribunnews.com,Page,N/A,N/A,sumsel.tribunnews.com/2021/07/01/warga-rantau-sialang-sungai-keruh-temukan-mayat-pria-muda-ada-luka-sayat-di-leher,No,Shocking content,Restricted ad serving,ca-pub-7784034061253020,4,2024-08-04,2024-08-04
sumsel.tribunnews.com,Page,N/A,N/A,sumsel.tribunnews.com/2019/10/28/pakai-pembunuh-bayaran-habisi-nyawa-pns-pu-jatah-penggali-kubur-dan-cor-paling-besar,No,Shocking content,Restricted ad serving,ca-pub-7784034061253020,4,2024-08-05,2024-08-05
sumsel.tribunnews.com,Page,N/A,N/A,sumsel.tribunnews.com/2019/01/06/spbu-pom-bensin-di-plaju-dan-seberang-ulu-ii-ada-yang-buka-24-jam,No,Shocking content,Restricted ad serving,ca-pub-7784034061253020,4,2024-08-04,2024-08-04
sumsel.tribunnews.com,Page,N/A,N/A,sumsel.tribunnews.com/2017/12/18/pakaian-ini-lagi-tren-di-jepang-potongannya-perlihatkan-dada-bagian-samping-dan-sebagian-pantat,No,Adult: Sexual content,Restricted ad serving,ca-pub-7784034061253020,4,2024-08-04,2024-08-04
sumsel.tribunnews.com,Page,N/A,N/A,sumsel.tribunnews.com/2017/09/07/mudahnya-mencari-uang-tanpa-harus-susah-bekerja-wni-ini-pilih-jadi-aktris-film-porno-di-luar-negeri,Yes,Site Behavior: Navigation,Restricted ad serving,ca-pub-7784034061253020,4,2024-08-05,2024-08-05
sumsel.tribunnews.com,Page,N/A,N/A,sumsel.tribunnews.com/2017/06/30/tragis-pemain-film-porno-jepang-ini-meninggal-saat-lakukan-adegan-mengerikan-ini,No,Adult: Sexual content,Restricted ad serving,ca-pub-7784034061253020,4,2024-08-05,2024-08-05
sumsel.tribunnews.com,Page,N/A,N/A,sumsel.tribunnews.com/2015/04/30/pelajar-dan-mahasiswa-di-palembang-suka-spa-vagina,No,Shocking content,Restricted ad serving,ca-pub-7784034061253020,4,2024-08-06,2024-08-06
sumsel.tribunnews.com,Page,N/A,N/A,sumsel.tribunnews.com/2014/10/04/usai-syuting-video-porno-sakuragi-ke-tempat-pijat-biar-kembali-segar,No,Shocking content,Restricted ad serving,ca-pub-7784034061253020,4,2024-08-05,2024-08-05
sumsel.tribunnews.com,Page,N/A,N/A,sumsel.tribunnews.com/2014/09/10/bintang-porno-ini-pernah-buat-rekor-919-kali-berhubungan-seks-dalam-sehari,No,Adult: Sexual content,Restricted ad serving,ca-pub-7784034061253020,4,2024-08-04,2024-08-04
style.tribunnews.com,Page,N/A,N/A,style.tribunnews.com/2019/08/21/niat-mandi-junub-setelah-haid-hubungan-intim-mimpi-basah-tata-cara-laki-laki-dan-perempuan,No,Adult: Sexual content,Restricted ad serving,ca-pub-7784034061253020,4,2024-08-05,2024-08-05
style.tribunnews.com,Page,N/A,N/A,style.tribunnews.com/2018/04/12/jupiter-fortissimo-5-fakta-artis-yang-dipenjara-karena-narkoba-pesta-gay-kini-kondisinya-miris,Yes,Site Behavior: Navigation,Restricted ad serving,ca-pub-7784034061253020,4,2024-08-05,2024-08-05
style.tribunnews.com,Page,N/A,N/A,style.tribunnews.com/2018/04/07/moosejaw-x-ray-aplikasi-tembus-pandang-untuk-melihat-pakaian-dalam-wanita-beneran-ada,No,Adult: Sexual content,Restricted ad serving,ca-pub-7784034061253020,4,2024-08-04,2024-08-04
style.tribunnews.com,Page,N/A,N/A,style.tribunnews.com/2017/12/15/siswa-sma-dan-sd-ini-jadi-pasangan-gay-karena-penasaran-dengan-video-panas-orangtua-wajib-waspada,No,Adult: Sexual content,Restricted ad serving,ca-pub-7784034061253020,4,2024-08-06,2024-08-06
style.tribunnews.com,Page,N/A,N/A,style.tribunnews.com/2017/12/12/benarkah-pria-gemuk-memiliki-mr-p-yang-kecil-dan-pendek-begini-penjelasannya,No,Adult: Sexual content,Restricted ad serving,ca-pub-7784034061253020,4,2024-08-04,2024-08-04
style.tribunnews.com,Page,N/A,N/A,style.tribunnews.com/2017/11/14/5-fakta-video-viral-pasangan-ditelanjangi-dan-diarak-warga-tangerang-padahal-keduanya-tidak-mesum,No,Adult: Sexual content,Restricted ad serving,ca-pub-7784034061253020,4,2024-08-04,2024-08-04
style.tribunnews.com,Page,N/A,N/A,style.tribunnews.com/2017/08/23/ini-rahasia-tetap-cespleng-mendiang-kakek-sugiono-yang-membintangi-60-judul-film-dewasa,No,Adult: Sexual content,Restricted ad serving,ca-pub-7784034061253020,4,2024-08-04,2024-08-04
style.tribunnews.com,Page,N/A,N/A,style.tribunnews.com/2017/08/08/ngeri-remaja-ini-berenang-di-laut-kakinya-terasa-mati-rasa-begitu-keluar-dari-air,Yes,Shocking content;Site Behavior: Navigation,Restricted ad serving,ca-pub-7784034061253020,4,2024-08-06,2024-08-06
style.tribunnews.com,Page,N/A,N/A,style.tribunnews.com/2017/07/08/melihat-kepribadian-dari-bentuk-pantat-poin-4-gambarkan-bokong-orang-cerdas,No,Shocking content,Restricted ad serving,ca-pub-7784034061253020,4,2024-08-05,2024-08-05
style.tribunnews.com,Page,N/A,N/A,style.tribunnews.com/2017/03/05/waduh-ada-yang-nongol-disela-sela-kedua-paha-dj-butterfly-kira-kira-apa-ya,Yes,Site Behavior: Navigation,Restricted ad serving,ca-pub-7784034061253020,4,2024-08-05,2024-08-05
style.tribunnews.com,Page,N/A,N/A,style.tribunnews.com/2016/10/15/model-22-tahun-asal-rusia-ini-klaim-punya-bokong-lebih-indah-dari-kim-kardashian-gede-bener-sob,No,Adult: Sexual content,Restricted ad serving,ca-pub-7784034061253020,4,2024-08-05,2024-08-05
pontianak.tribunnews.com,Page,N/A,N/A,pontianak.tribunnews.com/2022/03/09/kunci-jawaban-tema-6-kelas-2-halaman-165-166-170-171-172-173-174-subtema-4-pembelajaran-2-tumbuhan,Yes,Encouraging accidental clicks: Layout;Google-served ads obscuring content,Restricted ad serving,ca-pub-7784034061253020,4,2024-08-06,2024-08-06
pontianak.tribunnews.com,Page,N/A,N/A,pontianak.tribunnews.com/2022/02/05/seorang-suami-gorok-leher-istrinya-hingga-meninggal-dunia-di-pemangkat-polisi-ungkan-hasil-olah-tkp,No,Shocking content,Restricted ad serving,ca-pub-7784034061253020,4,2024-08-05,2024-08-05
pontianak.tribunnews.com,Page,N/A,N/A,pontianak.tribunnews.com/2016/09/22/wow-foto-bugil-pns-wanita-di-pekalongan-beredar,No,Adult: Sexual content,Restricted ad serving,ca-pub-7784034061253020,4,2024-08-06,2024-08-06
pontianak.tribunnews.com,Page,N/A,N/A,pontianak.tribunnews.com/2016/03/17/empat-posisi-aman-dan-nyaman-untuk-ibu-hamil,No,Adult: Sexual content,Restricted ad serving,ca-pub-7784034061253020,4,2024-08-05,2024-08-05
pekanbaru.tribunnews.com,Page,N/A,N/A,pekanbaru.tribunnews.com/2022/10/18/maria-vania-main-air-camel-toe-disorot-apa-itu-camel-toe-bahasa-gaul,Yes,Ads Disguised as Content,Restricted ad serving,ca-pub-7784034061253020,4,2024-08-05,2024-08-05
pekanbaru.tribunnews.com,Page,N/A,N/A,pekanbaru.tribunnews.com/2022/01/15/video-viral-tiktok-twitter-41-detik-sejoli-berhubungan-tapi-zoom-lupa-dimatikan,Yes,Ads Disguised as Content,Restricted ad serving,ca-pub-7784034061253020,4,2024-08-04,2024-08-04
pekanbaru.tribunnews.com,Page,N/A,N/A,pekanbaru.tribunnews.com/2021/10/06/parfum-viral-di-tiktok-wangi-tahan-lama-dan-bikin-adem-harga-terjangkau-cocok-untuk-wanita-karier,Yes,Encouraging accidental clicks: Layout,Restricted ad serving,ca-pub-7784034061253020,4,2024-08-05,2024-08-05
pekanbaru.tribunnews.com,Page,N/A,N/A,pekanbaru.tribunnews.com/2021/10/03/jangan-sampai-salah-ini-beda-arti-squirt-dengan-squid,Yes,Encouraging accidental clicks: Layout;Google-served ads obscuring content,Restricted ad serving,ca-pub-7784034061253020,4,2024-08-04,2024-08-04
pekanbaru.tribunnews.com,Page,N/A,N/A,pekanbaru.tribunnews.com/2021/09/25/arti-cosplay-atau-cosplay-artinya-dalam-bahasa-gaul-apa-cek-apa-itu-cosplay-disini,Yes,Encouraging accidental clicks: Layout,Restricted ad serving,ca-pub-7784034061253020,4,2024-08-05,2024-08-05
pekanbaru.tribunnews.com,Page,N/A,N/A,pekanbaru.tribunnews.com/2021/06/14/cruella-full-movie-sub-indo-nonton-film-cruella-2021-streaming-di-hp,Yes,Content obscuring Google-served ads;Encouraging accidental clicks: Layout;Modified ad code: Resizing Ad Frames,Restricted ad serving,ca-pub-7784034061253020,4,2024-08-05,2024-08-05
pekanbaru.tribunnews.com,Page,N/A,N/A,pekanbaru.tribunnews.com/2019/02/03/berhubungan-intim-di-siang-hari-simak-6-tips-ini-dulu-dijamin-lebih-seru-asyik,No,Adult: Sexual content,Restricted ad serving,ca-pub-7784034061253020,4,2024-08-05,2024-08-05
pekanbaru.tribunnews.com,Page,N/A,N/A,pekanbaru.tribunnews.com/2018/01/07/mengejutkan-ini-12-fakta-video-hot-bocah-dan-wanita-dewasa-begituan-3-hari-sampai-hadiah-ps,No,Adult: Sexual content,Restricted ad serving,ca-pub-7784034061253020,4,2024-08-04,2024-08-04
pekanbaru.tribunnews.com,Page,N/A,N/A,pekanbaru.tribunnews.com/2017/08/02/sungguh-tak-disangka-sebelum-terjun-di-industri-film-hot-ternyata-dulu-mereka-kerja-ini,No,Shocking content,Restricted ad serving,ca-pub-7784034061253020,4,2024-08-04,2024-08-04
palu.tribunnews.com,Page,N/A,N/A,palu.tribunnews.com/2021/12/08/2000-file-siskaee-dengan-ukuran-750-gb-terbongkar-dijual-di-7-situs-konten-syur-berbayar,Yes,Ads Disguised as Content,Restricted ad serving,ca-pub-7784034061253020,4,2024-08-05,2024-08-05
palembang.tribunnews.com,Page,N/A,N/A,palembang.tribunnews.com/2020/08/20/kembali-pamer-poto-seksi-millendaru-nekat-pose-di-kamar-mandi-keponakan-ashanty-dililit-ular-besar,Yes,Google-served ads on screens without publisher-content,Restricted ad serving,ca-pub-7784034061253020,4,2024-08-05,2024-08-05
palembang.tribunnews.com,Page,N/A,N/A,palembang.tribunnews.com/2017/12/13/diobok-obok-saat-sedang-tidur-irt-di-palembang-kaget-saat-lihat-muka-pelakunya,Yes,Adult: Sexual content;Site Behavior: Navigation,Restricted ad serving,ca-pub-7784034061253020,4,2024-08-06,2024-08-06
palembang.tribunnews.com,Page,N/A,N/A,palembang.tribunnews.com/2017/11/19/suami-mandul-istri-diam-diam-berzina-hingga-hamil-astagfirullah-azabnya-ini-bikin-merinding,No,Google-served ads obscuring content,Restricted ad serving,ca-pub-7784034061253020,4,2024-08-06,2024-08-06
palembang.tribunnews.com,Page,N/A,N/A,palembang.tribunnews.com/2017/10/01/kisah-ronggeng-srintil-hidup-dari-menari-digilir-lelaki-namun-berakhir-ketika-dituding-pki,Yes,Modified ad code: Resizing Ad Frames,Restricted ad serving,ca-pub-7784034061253020,4,2024-08-06,2024-08-06
palembang.tribunnews.com,Page,N/A,N/A,palembang.tribunnews.com/2016/06/07/tebak-rata-rata-berapa-kali-pengantin-baru-bercinta-dalam-satu-minggu,No,Adult: Sexual content,Restricted ad serving,ca-pub-7784034061253020,4,2024-08-04,2024-08-04
palembang.tribunnews.com,Page,N/A,N/A,palembang.tribunnews.com/2015/11/23/netizen-marah-dan-murka-lihat-foto-pria-pegang-payudara-pamela-safitri-duo-serigala,No,Adult: Sexual content;Shocking content,Restricted ad serving,ca-pub-7784034061253020,4,2024-08-05,2024-08-05
palembang.tribunnews.com,Page,N/A,N/A,palembang.tribunnews.com/2015/08/31/tertangkap-basah-berhubungan-intim-di-pusat-kota-pasangan-ini-usir-polisi,No,Shocking content,Restricted ad serving,ca-pub-7784034061253020,4,2024-08-05,2024-08-05
medan.tribunnews.com,Page,N/A,N/A,medan.tribunnews.com/2023/02/13/ini-dua-kelompok-geng-motor-yang-tawuran-di-tanjungmorawa-hingga-tewaskan-satu-orang-pemuda,No,Shocking content,Restricted ad serving,ca-pub-7784034061253020,4,2024-08-05,2024-08-05
medan.tribunnews.com,Page,N/A,N/A,medan.tribunnews.com/2021/02/12/awalnya-berkunjung-lalu-bercinta-siswi-smp-berhubungan-intim-dengan-kekasih-dan-kini-hamil-7-bulan,No,Google-served ads obscuring content,Restricted ad serving,ca-pub-7784034061253020,4,2024-08-05,2024-08-05
medan.tribunnews.com,Page,N/A,N/A,medan.tribunnews.com/2018/05/11/aneh-tapi-nyata-perempuan-jepang-malu-kalau-masih-perawan-simak-fakta-fakta-berikut,No,Adult: Sexual content,Restricted ad serving,ca-pub-7784034061253020,4,2024-08-06,2024-08-06
medan.tribunnews.com,Page,N/A,N/A,medan.tribunnews.com/2018/05/08/duh-janda-nurhayati-mesum-bawa-anaknya,No,Adult: Sexual content,Restricted ad serving,ca-pub-7784034061253020,4,2024-08-06,2024-08-06
medan.tribunnews.com,Page,N/A,N/A,medan.tribunnews.com/2017/11/04/penyebar-video-bokep-samarinda-seorang-mahasiswa-gini-kronologinya,Yes,Site Behavior: Navigation,Restricted ad serving,ca-pub-7784034061253020,4,2024-08-04,2024-08-04
medan.tribunnews.com,Page,N/A,N/A,medan.tribunnews.com/2017/09/13/sering-pamerkan-foto-ini-untuk-goga-pelanggan-epin-tawarkan-istri-untuk-threesome,No,Adult: Sexual content,Restricted ad serving,ca-pub-7784034061253020,4,2024-08-06,2024-08-06
medan.tribunnews.com,Page,N/A,N/A,medan.tribunnews.com/2017/04/30/pesta-seks-kaum-gay-digrebek-berhubungan-seks-sambil-nonton-film-porno,No,Adult: Sexual content,Restricted ad serving,ca-pub-7784034061253020,4,2024-08-05,2024-08-05
medan.tribunnews.com,Page,N/A,N/A,medan.tribunnews.com/2017/03/16/18-terapis-spa-rupawan-layani-jasa-esek-esek-terang-terangan-di-facebook-paket-khusus-threesome,No,Adult: Sexual content,Restricted ad serving,ca-pub-7784034061253020,4,2024-08-04,2024-08-04
medan.tribunnews.com,Page,N/A,N/A,medan.tribunnews.com/2017/03/10/bukan-main-kondom-bergetar-masuk-apbd-jadi-aspirasi-warga-kecamatan-ini,No,Adult: Sexual content,Restricted ad serving,ca-pub-7784034061253020,4,2024-08-04,2024-08-04
medan.tribunnews.com,Page,N/A,N/A,medan.tribunnews.com/2017/02/20/foto-pamer-payudara-kepsek-awalnya-mau-konsultasi-dokter-ternyata-masuk-grup-wa,No,Adult: Sexual content,Restricted ad serving,ca-pub-7784034061253020,4,2024-08-06,2024-08-06
medan.tribunnews.com,Page,N/A,N/A,medan.tribunnews.com/2016/12/23/ini-6-tradisi-seks-paling-mengerikan-sekaligus-menjijikkan-di-dunia,No,Adult: Sexual content,Restricted ad serving,ca-pub-7784034061253020,4,2024-08-04,2024-08-04
medan.tribunnews.com,Page,N/A,N/A,medan.tribunnews.com/2016/05/25/tamara-niesha-hebohkan-media-sosial-inilah-foto-saat-dia-jadi-seorang-pria,Yes,Site Behavior: Navigation,Restricted ad serving,ca-pub-7784034061253020,4,2024-08-06,2024-08-06
manado.tribunnews.com,Page,N/A,N/A,manado.tribunnews.com/2019/04/15/ini-dampak-bagi-mereka-yang-suka-gonta-ganti-pasangan-saat-bercinta-termasuk-hilang-harga-diri,No,Adult: Sexual content,Restricted ad serving,ca-pub-7784034061253020,4,2024-08-04,2024-08-04
manado.tribunnews.com,Page,N/A,N/A,manado.tribunnews.com/2018/08/26/kasus-gorok-leher-di-bolmong-6-pembunuhan-sadis-yang-pernah-terjadi-di-sulut-ada-penggal-kepala,No,Shocking content,Restricted ad serving,ca-pub-7784034061253020,4,2024-08-05,2024-08-05
manado.tribunnews.com,Page,N/A,N/A,manado.tribunnews.com/2018/07/09/video-seorang-ayah-bisa-menyusui-bayinya-disebut-sebagai-laki-laki-pertama-yang-lakukannya,Yes,Site Behavior: Navigation,Restricted ad serving,ca-pub-7784034061253020,4,2024-08-05,2024-08-05
manado.tribunnews.com,Page,N/A,N/A,manado.tribunnews.com/2018/04/12/5-artis-cantik-ini-blak-blakan-soal-ranjang-ada-yang-mengaku-pakai-mainan-seks,No,Adult: Sexual content,Restricted ad serving,ca-pub-7784034061253020,4,2024-08-05,2024-08-05
manado.tribunnews.com,Page,N/A,N/A,manado.tribunnews.com/2018/04/01/jarang-yang-tahu-ternyata-suku-eskimo-punya-10-tradisi-seks-yang-mengerikan-no-2-bikin-pening,No,Adult: Sexual content,Restricted ad serving,ca-pub-7784034061253020,4,2024-08-05,2024-08-05
manado.tribunnews.com,Page,N/A,N/A,manado.tribunnews.com/2018/03/03/pakai-baju-seksi-saat-datangi-kantor-bnn-cupi-cupita-tuai-kecaman-warganet-tak-beretika,No,Adult: Sexual content,Restricted ad serving,ca-pub-7784034061253020,4,2024-08-05,2024-08-05
manado.tribunnews.com,Page,N/A,N/A,manado.tribunnews.com/2018/02/07/kisah-si-ayam-kampus-mulai-dari-tarif-layanan-online-hingga-pelanggan-tetap,No,Adult: Sexual content,Restricted ad serving,ca-pub-7784034061253020,4,2024-08-04,2024-08-04
manado.tribunnews.com,Page,N/A,N/A,manado.tribunnews.com/2017/12/22/kisah-kaum-nudis-suka-telanjang-apa-adanya-bahkan-ketika-sedang-masak,No,Adult: Sexual content,Restricted ad serving,ca-pub-7784034061253020,4,2024-08-05,2024-08-05
manado.tribunnews.com,Page,N/A,N/A,manado.tribunnews.com/2016/05/02/heboh-malaikat-jatuh-dari-langit-yang-ditemukan-warga-ternyata-boneka-seks,No,Adult: Sexual content,Restricted ad serving,ca-pub-7784034061253020,4,2024-08-04,2024-08-04
manado.tribunnews.com,Page,N/A,N/A,manado.tribunnews.com/2015/07/14/wanita-bisa-ditelanjangi-tanpa-sadar-ya-tuhan-cara-mereka-melakukannya,No,Shocking content,Restricted ad serving,ca-pub-7784034061253020,4,2024-08-06,2024-08-06
manado.tribunnews.com,Page,N/A,N/A,manado.tribunnews.com/2014/08/31/hebohnya-acara-remas-payudara-di-jepang,No,Adult: Sexual content,Restricted ad serving,ca-pub-7784034061253020,4,2024-08-04,2024-08-04
makassar.tribunnews.com,Page,N/A,N/A,makassar.tribunnews.com/tag/tante?url=2018/01/06/ada-tamu-bawa-anak-anak-ke-kamar-hotel-inikah-pelaku-video-viral-tante-vs-bocah-sd,No,Adult: Sexual content,Restricted ad serving,ca-pub-7784034061253020,4,2024-08-04,2024-08-04
makassar.tribunnews.com,Page,N/A,N/A,makassar.tribunnews.com/tag/berhubungan-badan?page=3,No,Adult: Sexual content,Restricted ad serving,ca-pub-7784034061253020,4,2024-08-05,2024-08-05
makassar.tribunnews.com,Page,N/A,N/A,makassar.tribunnews.com/tag/berhubungan-badan?page=2,No,Adult: Sexual content,Restricted ad serving,ca-pub-7784034061253020,4,2024-08-05,2024-08-05
makassar.tribunnews.com,Page,N/A,N/A,makassar.tribunnews.com/2021/11/17/siapa-vws-selebgram-ambon-viral-gegara-live-adegan-tak-senonoh-72-detik-bersama-jp-via-aplikasi,No,Google-served ads obscuring content,Restricted ad serving,ca-pub-7784034061253020,4,2024-08-04,2024-08-04
makassar.tribunnews.com,Page,N/A,N/A,makassar.tribunnews.com/2020/02/15/pengakuan-janda-muda-yang-masukkan-sabu-di-kemaluan-dan-dubur-gunakan-gel-hingga-upah-rp-15-juta,No,Shocking content,Restricted ad serving,ca-pub-7784034061253020,4,2024-08-04,2024-08-04
makassar.tribunnews.com,Page,N/A,N/A,makassar.tribunnews.com/2020/01/03/lengkap-harga-rokok-di-2020-semua-merek-marlboro-djarum-gudang-garam-sampoerna-dji-sam-soe,No,Tobacco,Restricted ad serving,ca-pub-7784034061253020,4,2024-08-04,2024-08-04
makassar.tribunnews.com,Page,N/A,N/A,makassar.tribunnews.com/2019/08/27/video-nikita-mirzani-lagi-mandi-dan-vanessa-angel-bikin-panas-netizen-foto-gisel-tak-kalah-hot,No,Shocking content,Restricted ad serving,ca-pub-7784034061253020,4,2024-08-06,2024-08-06
makassar.tribunnews.com,Page,N/A,N/A,makassar.tribunnews.com/2019/07/19/pelajar-sma-di-blitar-sewa-rumah-untuk-pesta-seks-ditemukan-banyak-kondom-tisu-cek-kronologinya,No,Adult: Sexual content,Restricted ad serving,ca-pub-7784034061253020,4,2024-08-06,2024-08-06
makassar.tribunnews.com,Page,N/A,N/A,makassar.tribunnews.com/2017/11/08/viral-belum-kelar-skandal-hanna-annisa-muncul-video-hot-guru-di-ruang-kelas-tonton-di-sini,No,Adult: Sexual content,Restricted ad serving,ca-pub-7784034061253020,4,2024-08-06,2024-08-06
makassar.tribunnews.com,Page,N/A,N/A,makassar.tribunnews.com/2017/10/30/pria-hidung-belang-ini-ungkap-pengalamannya-cicipi-psk-hotel-alexis-surga-lantai-7-itu-benar,No,Shocking content,Restricted ad serving,ca-pub-7784034061253020,4,2024-08-04,2024-08-04
makassar.tribunnews.com,Page,N/A,N/A,makassar.tribunnews.com/2017/09/08/inilah-salah-satu-adegan-yang-dilakukan-sera-amane-saat-bermain-film-panas-di-jepang,No,Adult: Sexual content,Restricted ad serving,ca-pub-7784034061253020,4,2024-08-05,2024-08-05
madura.tribunnews.com,Page,N/A,N/A,madura.tribunnews.com/2020/01/08/viral-video-gadis-madura-berzina-siang-hari-di-lapangan-tersebar-di-grup-whatsapp-pelaku-siswi-smk,No,Adult: Sexual content,Restricted ad serving,ca-pub-7784034061253020,4,2024-08-06,2024-08-06
m.tribunnews.com,Page,N/A,N/A,m.tribunnews.com/tag/telanjang,No,Adult: Sexual content,Restricted ad serving,ca-pub-7784034061253020,4,2024-08-06,2024-08-06
m.tribunnews.com,Page,N/A,N/A,m.tribunnews.com/tag/psk-kelas-atas,No,Adult: Sexual content,Restricted ad serving,ca-pub-7784034061253020,4,2024-08-06,2024-08-06
m.tribunnews.com,Page,N/A,N/A,m.tribunnews.com/tag/onani,No,Adult: Sexual content,Restricted ad serving,ca-pub-7784034061253020,4,2024-08-05,2024-08-05
m.tribunnews.com,Page,N/A,N/A,m.tribunnews.com/tag/kokan-permata-blok-b-15-16-kelapa-gading,No,Adult: Sexual content,Restricted ad serving,ca-pub-7784034061253020,4,2024-08-05,2024-08-05
m.tribunnews.com,Page,N/A,N/A,m.tribunnews.com/amp/metropolitan/2017/11/15/psk-di-lantai-3-blok-g-pasar-tanah-abang-kini-mangkal-di-pinggir-jembatan-jati-bundar,No,Shocking content,Restricted ad serving,ca-pub-7784034061253020,4,2024-08-05,2024-08-05
m.tribunnews.com,Page,N/A,N/A,m.tribunnews.com/amp/kesehatan/2018/01/06/video-mesum-2-bocah-dengan-seorang-tante-beredar-inilah-dampak-menyeramkan-eksploitasi-seksual-dini,No,Adult: Sexual content,Restricted ad serving,ca-pub-7784034061253020,4,2024-08-04,2024-08-04
m.tribunnews.com,Page,N/A,N/A,m.tribunnews.com/amp/kesehatan/2016/02/07/tiga-posisi-bercinta-yang-bikin-suami-merem-melek-bahagia-dan-kian-mesra,No,Adult: Sexual content,Restricted ad serving,ca-pub-7784034061253020,4,2024-08-04,2024-08-04
lampung.tribunnews.com,Page,N/A,N/A,lampung.tribunnews.com/2021/06/27/sosok-di-balik-musisi-fingerstyle-alip-ba-ta-operator-forklift-yang-dipuji-musisi-dunia,No,Adult: Sexual content,Restricted ad serving,ca-pub-7784034061253020,4,2024-08-06,2024-08-06
lampung.tribunnews.com,Page,N/A,N/A,lampung.tribunnews.com/2021/03/22/video-syur-wanita-gaun-merah-pelaku-bisa-buat-6-video-sebulan,Yes,Ads Disguised as Content,Restricted ad serving,ca-pub-7784034061253020,4,2024-08-05,2024-08-05
lampung.tribunnews.com,Page,N/A,N/A,lampung.tribunnews.com/2018/10/02/perilaku-seks-mengkhawatirkan-siswa-sma-di-lampung-pacaran-dengan-psk-hingga-hamili-pacar,No,Adult: Sexual content,Restricted ad serving,ca-pub-7784034061253020,4,2024-08-04,2024-08-04
lampung.tribunnews.com,Page,N/A,N/A,lampung.tribunnews.com/2018/10/02/4-fakta-mengejutkan-pesta-seks-sesama-jenis-di-sunter-pemilik-rumah-ternyata-sudah-beristri-lho,No,Adult: Sexual content,Restricted ad serving,ca-pub-7784034061253020,4,2024-08-04,2024-08-04
lampung.tribunnews.com,Page,N/A,N/A,lampung.tribunnews.com/2018/02/18/keparawan-gadis-ini-terenggut-di-kamar-mandi-padahal-sebentar-lagi-mau-menikah,No,Adult: Sexual content,Restricted ad serving,ca-pub-7784034061253020,4,2024-08-04,2024-08-04
lampung.tribunnews.com,Page,N/A,N/A,lampung.tribunnews.com/2018/01/29/pria-ini-terciduk-selingkuh-bukannya-mengaku-dia-sebut-selingkuhannya-boneka-seks,No,Adult: Sexual content,Restricted ad serving,ca-pub-7784034061253020,4,2024-08-05,2024-08-05
lampung.tribunnews.com,Page,N/A,N/A,lampung.tribunnews.com/2017/12/26/metamorfosa-sex-toy-mulai-dari-batu-hingga-untuk-usb,No,Adult: Sexual content,Restricted ad serving,ca-pub-7784034061253020,4,2024-08-05,2024-08-05
lampung.tribunnews.com,Page,N/A,N/A,lampung.tribunnews.com/2017/11/17/tak-gagah-apalagi-muda-tapi-tukang-pijat-ini-disenangi-banyak-wanita-cantik-ini-rahasianya,No,Adult: Sexual content,Restricted ad serving,ca-pub-7784034061253020,4,2024-08-04,2024-08-04
lampung.tribunnews.com,Page,N/A,N/A,lampung.tribunnews.com/2017/07/22/boneka-seks-bilang-begini-jika-disentuh-pria,No,Adult: Sexual content,Restricted ad serving,ca-pub-7784034061253020,4,2024-08-05,2024-08-05
lampung.tribunnews.com,Page,N/A,N/A,lampung.tribunnews.com/2016/12/24/wanita-dan-gerakan-seksi-dalam-tari-kizomba-lihat-videonya,Yes,Shocking content;Site Behavior: Navigation,Restricted ad serving,ca-pub-7784034061253020,4,2024-08-05,2024-08-05
lampung.tribunnews.com,Page,N/A,N/A,lampung.tribunnews.com/2016/06/18/gadis-gadis-hanya-tertawa-ketika-bajunya-dirobek-pria-depan-umum,No,Adult: Sexual content,Restricted ad serving,ca-pub-7784034061253020,4,2024-08-06,2024-08-06
lampung.tribunnews.com,Page,N/A,N/A,lampung.tribunnews.com/2016/04/04/baginilah-yang-dirasakan-model-cantik-dengan-ukuran-payudara-sebesar-30ddd,No,Adult: Sexual content,Restricted ad serving,ca-pub-7784034061253020,4,2024-08-04,2024-08-04
lampung.tribunnews.com,Page,N/A,N/A,lampung.tribunnews.com/2015/03/10/sejak-usia-14-tahun-wanita-ini-kecanduan-nonton-film-porno,No,Adult: Sexual content,Restricted ad serving,ca-pub-7784034061253020,4,2024-08-04,2024-08-04
kupang.tribunnews.com,Page,N/A,N/A,kupang.tribunnews.com/2020/09/18/anggota-dewan-asyik-nonton-video-wanitatelanjang-di-ponselnya-saatrapatini-reaksinya-saat-ketangkap,Yes,Google-served ads obscuring content;Modified Javascript: Ads by Google size,Restricted ad serving,ca-pub-7784034061253020,4,2024-08-05,2024-08-05
kupang.tribunnews.com,Page,N/A,N/A,kupang.tribunnews.com/2019/12/14/ini-nasib-pria-yang-tergiur-tubuh-bugil-gadis-saat-mandi-ada-luka-robek-di-kemaluan-info,No,Adult: Sexual content,Restricted ad serving,ca-pub-7784034061253020,4,2024-08-04,2024-08-04
kupang.tribunnews.com,Page,N/A,N/A,kupang.tribunnews.com/2019/03/18/begini-cara-jitu-jaga-mr-p-agar-tetap-perkasa-pria-wajib-tahu-bisa-dimulai-malam-ini,No,Adult: Sexual content,Restricted ad serving,ca-pub-7784034061253020,4,2024-08-05,2024-08-05
kupang.tribunnews.com,Page,N/A,N/A,kupang.tribunnews.com/2018/10/11/8-fakta-pesta-seks-pasangan-suami-istri-swinger-di-surabaya-no-3-bikin-miris,No,Adult: Sexual content,Restricted ad serving,ca-pub-7784034061253020,4,2024-08-05,2024-08-05
kupang.tribunnews.com,Page,N/A,N/A,kupang.tribunnews.com/2017/09/09/ariel-tatum-muncul-lagi-langsung-posting-gambar-nyaris-bugil-dan-buka-bukaan-soal-ini,No,Shocking content,Restricted ad serving,ca-pub-7784034061253020,4,2024-08-06,2024-08-06
kupang.tribunnews.com,Page,N/A,N/A,kupang.tribunnews.com/2016/04/20/hmm-berapa-ukuran-ideal-mr-p,No,Adult: Sexual content,Restricted ad serving,ca-pub-7784034061253020,4,2024-08-05,2024-08-05
kupang.tribunnews.com,Page,N/A,N/A,kupang.tribunnews.com/2015/02/17/sulit-berhubungan-sex-vagina-wanita-ini-direkonstruksi-memakai-usus-babi,No,Shocking content,Restricted ad serving,ca-pub-7784034061253020,4,2024-08-06,2024-08-06
kaltim.tribunnews.com,Page,N/A,N/A,kaltim.tribunnews.com/2019/10/24/video-panas-gadis-bandung-pria-tua-viral-di-whatsapp-twitter-pemeran-wanita-ucap-menyebalkan,No,Adult: Sexual content,Restricted ad serving,ca-pub-7784034061253020,4,2024-08-06,2024-08-06
kaltim.tribunnews.com,Page,N/A,N/A,kaltim.tribunnews.com/2017/08/04/video-inilah-goyanganan-zakia-gotik-yang-menyingkap-baju-hingga-bikin-heboh,Yes,Site Behavior: Navigation,Restricted ad serving,ca-pub-7784034061253020,4,2024-08-04,2024-08-04
kalteng.tribunnews.com,Page,N/A,N/A,kalteng.tribunnews.com/2018/04/04/terungkap-video-mesum-pelajar-itu-direkam-di-sebuah-lokasi-karaoke,No,Adult: Sexual content,Restricted ad serving,ca-pub-7784034061253020,4,2024-08-04,2024-08-04
jogja.tribunnews.com,Page,N/A,N/A,jogja.tribunnews.com/amp/2017/04/08/ingin-sperma-tidak-tumpah-dari-ms-v-pascaejakulasi-lakukan-7-trik-ini,No,Adult: Sexual content,Restricted ad serving,ca-pub-7784034061253020,4,2024-08-05,2024-08-05
jogja.tribunnews.com,Page,N/A,N/A,jogja.tribunnews.com/2018/02/06/seks-itu-bermanfaat-untuk-semua-bagian-tubuh-ini-buktinya,No,Adult: Sexual content,Restricted ad serving,ca-pub-7784034061253020,4,2024-08-04,2024-08-04
jogja.tribunnews.com,Page,N/A,N/A,jogja.tribunnews.com/2018/01/05/fakta-terbaru-video-mesum-wanita-dewasa-dan-anak-laki-laki-ini-penjelasan-kapolda-jabar,No,Adult: Sexual content,Restricted ad serving,ca-pub-7784034061253020,4,2024-08-05,2024-08-05
jogja.tribunnews.com,Page,N/A,N/A,jogja.tribunnews.com/2017/09/02/posisi-posisi-bercinta-ini-miliki-potensi-bahaya-bagi-wanita-dan-pria-begini-cara-mengakalinya,No,Adult: Sexual content,Restricted ad serving,ca-pub-7784034061253020,4,2024-08-04,2024-08-04
jogja.tribunnews.com,Page,N/A,N/A,jogja.tribunnews.com/2017/06/11/ada-ada-saja-pria-ini-pecahkan-rekor-bercinta-dengan-57-wanita-berbeda-dalam-24-jam,No,Adult: Sexual content,Restricted ad serving,ca-pub-7784034061253020,4,2024-08-05,2024-08-05
jogja.tribunnews.com,Page,N/A,N/A,jogja.tribunnews.com/2017/05/17/intan-suntik-kb-keponakan-sendiri-yang-masih-belia-untuk-dijadikan-psk,No,Adult: Sexual content,Restricted ad serving,ca-pub-7784034061253020,4,2024-08-06,2024-08-06
jogja.tribunnews.com,Page,N/A,N/A,jogja.tribunnews.com/2016/07/29/akun-ariel-tatum-diserbu-iklan-pembesar-payudara,No,Adult: Sexual content,Restricted ad serving,ca-pub-7784034061253020,4,2024-08-06,2024-08-06
jogja.tribunnews.com,Page,N/A,N/A,jogja.tribunnews.com/2015/02/04/bocah-enam-tahun-tewas-dimakan-piranha,No,Shocking content,Restricted ad serving,ca-pub-7784034061253020,4,2024-08-05,2024-08-05
jatim.tribunnews.com,Page,N/A,N/A,jatim.tribunnews.com/2018/11/07/keseringan-nonton-video-porno-pelajar-sma-di-sampang-setubuhi-kakak-kelasnya,No,Adult: Sexual content,Restricted ad serving,ca-pub-7784034061253020,4,2024-08-05,2024-08-05
jatim.tribunnews.com,Page,N/A,N/A,jatim.tribunnews.com/2018/04/02/kisah-para-pemeran-pengganti-adegan-panas-film-era-90-an-sudah-disebut-tak-guna-honornya-segini,No,Adult: Sexual content,Restricted ad serving,ca-pub-7784034061253020,4,2024-08-05,2024-08-05
jatim.tribunnews.com,Page,N/A,N/A,jatim.tribunnews.com/2017/12/05/15-jenis-fetisisme-yang-wajib-diketahui-kamu-termasuk-yang-mana-nomor-5-diluar-logika,No,Adult: Sexual content,Restricted ad serving,ca-pub-7784034061253020,4,2024-08-06,2024-08-06
jatim.tribunnews.com,Page,N/A,N/A,jatim.tribunnews.com/2017/11/03/nasibmu-kini-rokok-klobot-dari-kota-madiun-dulu-digandrungi-para-warok,No,Tobacco,Restricted ad serving,ca-pub-7784034061253020,4,2024-08-06,2024-08-06
jatim.tribunnews.com,Page,N/A,N/A,jatim.tribunnews.com/2017/06/05/sudah-pasang-ini-di-bokong-wanita-ini-malah-didiskualifikasi-dari-lomba-pantat-terindah-kenapa-ya,Yes,Google-served ads obscuring content;Modified Javascript: Ads by Google size,Restricted ad serving,ca-pub-7784034061253020,4,2024-08-05,2024-08-05
jateng.tribunnews.com,Page,N/A,N/A,jateng.tribunnews.com/2021/02/25/tidak-peduli-banyak-anak-anak-pasangan-muda-mudi-ini-ngebet-berhubungan-intim-di-taman-kota,No,Adult: Sexual content,Restricted ad serving,ca-pub-7784034061253020,4,2024-08-05,2024-08-05
jateng.tribunnews.com,Page,N/A,N/A,jateng.tribunnews.com/2019/08/16/suami-jual-istri-yang-hamil-6-bulan-untuk-layani-seks-threesome-sekali-kencan-rp-1-juta,No,Adult: Sexual content,Restricted ad serving,ca-pub-7784034061253020,4,2024-08-04,2024-08-04
jateng.tribunnews.com,Page,N/A,N/A,jateng.tribunnews.com/2018/12/10/kecelakaan-maut-di-depan-rs-siti-aminah-bumiayu-brebes-truk-tronton-diduga-rem-blong,No,Shocking content,Restricted ad serving,ca-pub-7784034061253020,4,2024-08-04,2024-08-04
jateng.tribunnews.com,Page,N/A,N/A,jateng.tribunnews.com/2018/03/31/penyiar-tv-ini-kaget-saat-siaran-langsung-ada-suara-film-porno-muncul-dengarkan-di-menit-26,Yes,Site Behavior: Navigation,Restricted ad serving,ca-pub-7784034061253020,4,2024-08-04,2024-08-04
jateng.tribunnews.com,Page,N/A,N/A,jateng.tribunnews.com/2017/05/04/wanita-ini-langsung-remas-dan-intip-payudara-reporter-jepang-katanya-putih-dan-bagus,No,Adult: Sexual content,Restricted ad serving,ca-pub-7784034061253020,4,2024-08-05,2024-08-05
jateng.tribunnews.com,Page,N/A,N/A,jateng.tribunnews.com/2016/08/01/anda-berani-pakai-baju-di-desa-bugil-ini-inilah-akibatnya,No,Adult: Sexual content,Restricted ad serving,ca-pub-7784034061253020,4,2024-08-06,2024-08-06
jateng.tribunnews.com,Page,N/A,N/A,jateng.tribunnews.com/2016/06/09/pria-yang-hobi-bercinta-posisi-doggy-style-memiliki-karakter-seperti-ini,No,Adult: Sexual content,Restricted ad serving,ca-pub-7784034061253020,4,2024-08-04,2024-08-04
jateng.tribunnews.com,Page,N/A,N/A,jateng.tribunnews.com/2016/05/24/heboh-kedua-pelajar-ini-tepergok-mesum-di-warnet-dan-kondom-berisi-sperma-di-sampingnya,No,Adult: Sexual content,Restricted ad serving,ca-pub-7784034061253020,4,2024-08-04,2024-08-04
jateng.tribunnews.com,Page,N/A,N/A,jateng.tribunnews.com/2016/04/04/tak-tahan-lihat-cewek-mandi-birahi-sopir-ini-memuncak,No,Adult: Sexual content,Restricted ad serving,ca-pub-7784034061253020,4,2024-08-06,2024-08-06
jateng.tribunnews.com,Page,N/A,N/A,jateng.tribunnews.com/2016/02/22/inilah-lima-adegan-ranjang-menipu-bintang-porno-di-film-dan-kenyataannya,No,Adult: Sexual content,Restricted ad serving,ca-pub-7784034061253020,4,2024-08-04,2024-08-04
jateng.tribunnews.com,Page,N/A,N/A,jateng.tribunnews.com/2016/02/20/siapa-sosok-lelaki-yang-rela-bayar-rp-100-juta-hest-klepek-klepek,No,Adult: Sexual content,Restricted ad serving,ca-pub-7784034061253020,4,2024-08-04,2024-08-04
jateng.tribunnews.com,Page,N/A,N/A,jateng.tribunnews.com/2016/01/19/amer-atau-anggur-merah-ternyata-bisa-meningkatkan-libido-seks-wanita-ini-7-jenis-makanan-lain,No,Adult: Sexual content,Restricted ad serving,ca-pub-7784034061253020,4,2024-08-04,2024-08-04
jateng.tribunnews.com,Page,N/A,N/A,jateng.tribunnews.com/2015/02/07/dua-pejabat-majene-pemeran-video-mesum-dipecat,No,Adult: Sexual content,Restricted ad serving,ca-pub-7784034061253020,4,2024-08-05,2024-08-05
jateng.tribunnews.com,Page,N/A,N/A,jateng.tribunnews.com/2013/06/09/om-om-suka-layanan-plus,No,Adult: Sexual content,Restricted ad serving,ca-pub-7784034061253020,4,2024-08-04,2024-08-04
jambi.tribunnews.com,Page,N/A,N/A,jambi.tribunnews.com/amp/2018/02/09/7-bentuk-penis-dengan-gambaran-karakter-pemiliknya-punya-kamu-mirip-yang-mana,No,Adult: Sexual content,Restricted ad serving,ca-pub-7784034061253020,4,2024-08-05,2024-08-05
jambi.tribunnews.com,Page,N/A,N/A,jambi.tribunnews.com/2020/02/08/lika-liku-asmara-meriam-bellina-di-masa-lalu-rahasia-tampil-kencang-dan-segar-meski-54-tahun,No,Adult: Sexual content,Restricted ad serving,ca-pub-7784034061253020,4,2024-08-05,2024-08-05
jambi.tribunnews.com,Page,N/A,N/A,jambi.tribunnews.com/2019/11/28/video-mesum-viral-adegan-ranjang-gadis-cantik-layani-3-pria-durasi-40-detik-ada-percakapan-tentang,No,Adult: Sexual content,Restricted ad serving,ca-pub-7784034061253020,4,2024-08-04,2024-08-04
jambi.tribunnews.com,Page,N/A,N/A,jambi.tribunnews.com/2019/04/01/video-pengakuan-duo-semangka-diberi-minum-hampir-diperkosa-hingga-tarif-video-call-sex,No,Adult: Sexual content,Restricted ad serving,ca-pub-7784034061253020,4,2024-08-04,2024-08-04
jambi.tribunnews.com,Page,N/A,N/A,jambi.tribunnews.com/2018/03/28/pamer-kemesraan-6-pasangan-artis-ini-perlihatkan-foto-hot-berdua-ada-yang-sampai-basah-basahan,Yes,Site Behavior: Navigation,Restricted ad serving,ca-pub-7784034061253020,4,2024-08-05,2024-08-05
jambi.tribunnews.com,Page,N/A,N/A,jambi.tribunnews.com/2018/02/18/5-hal-berbahaya-yang-terjadi-bila-terlalu-sering-nonton-film-bokep-di-smartphone-kurangin-ya,No,Adult: Sexual content,Restricted ad serving,ca-pub-7784034061253020,4,2024-08-05,2024-08-05
jambi.tribunnews.com,Page,N/A,N/A,jambi.tribunnews.com/2018/02/14/pilih-gunakan-alat-bantu-seks-awalnya-geli-namun-lama-lama-ini-yang-dewi-rasakan,No,Adult: Sexual content,Restricted ad serving,ca-pub-7784034061253020,4,2024-08-06,2024-08-06
jambi.tribunnews.com,Page,N/A,N/A,jambi.tribunnews.com/2018/02/10/paket-short-time-psk-jalanan-mulai-tarif-hingga-hotel-video-hot-remaja-yang-bikin-heboh,No,Adult: Sexual content,Restricted ad serving,ca-pub-7784034061253020,4,2024-08-04,2024-08-04
jambi.tribunnews.com,Page,N/A,N/A,jambi.tribunnews.com/2018/01/28/lucinta-luna-telanjang-untuk-buktikan-benar-benar-perempuan-tantang-buktikan-onderdil-autentik,No,Adult: Sexual content,Restricted ad serving,ca-pub-7784034061253020,4,2024-08-05,2024-08-05
jambi.tribunnews.com,Page,N/A,N/A,jambi.tribunnews.com/2018/01/18/7-zona-sensitif-wanita-yang-saat-disentuh-bikin-kejang-kejang-mabuk-kepayang-para-pria-harus-tahu,No,Adult: Sexual content,Restricted ad serving,ca-pub-7784034061253020,4,2024-08-04,2024-08-04
jambi.tribunnews.com,Page,N/A,N/A,jambi.tribunnews.com/2018/01/11/video-panas-tante-vs-bocah-sd-diedarkan-di-rusia-segini-harga-yang-ditawarkan,No,Adult: Sexual content,Restricted ad serving,ca-pub-7784034061253020,4,2024-08-05,2024-08-05
jambi.tribunnews.com,Page,N/A,N/A,jambi.tribunnews.com/2017/12/10/kisah-lolosnya-model-seksi-6-hari-diculik-dan-dijadikan-budak-seks-dijual-online-seharga-rp-4-m,No,Adult: Sexual content,Restricted ad serving,ca-pub-7784034061253020,4,2024-08-05,2024-08-05
jambi.tribunnews.com,Page,N/A,N/A,jambi.tribunnews.com/2017/11/14/perempuan-yang-ditelanjangi-di-tangerang-ini-dipaksa-ngaku-berbuat-mesum-keterlaluan,No,Adult: Sexual content,Restricted ad serving,ca-pub-7784034061253020,4,2024-08-05,2024-08-05
jambi.tribunnews.com,Page,N/A,N/A,jambi.tribunnews.com/2017/09/07/7-fakta-sera-amane-mahasiswi-asal-jakarta-yang-bintangi-film-porno-jepang-ternyata-ada-wni-lain,No,Adult: Sexual content,Restricted ad serving,ca-pub-7784034061253020,4,2024-08-04,2024-08-04
jambi.tribunnews.com,Page,N/A,N/A,jambi.tribunnews.com/2017/07/18/wahai-wanita-ingatlah-8-area-pada-pria-yang-harus-disentuh-saat-berhubungan-seks,No,Adult: Sexual content,Restricted ad serving,ca-pub-7784034061253020,4,2024-08-05,2024-08-05
jambi.tribunnews.com,Page,N/A,N/A,jambi.tribunnews.com/2017/04/10/5-lesbian-dihadapkan-model-seksi-yang-hanya-kenakan-lingerie-bagian-tubuh-ini-paling-lama-dilihat,Yes,Site Behavior: Navigation,Restricted ad serving,ca-pub-7784034061253020,4,2024-08-04,2024-08-04
jambi.tribunnews.com,Page,N/A,N/A,jambi.tribunnews.com/2016/10/14/heboh-video-bersama-suami-nafa-urbach-nikita-mirzani-mandi-kucing-di-vlog-nya,Yes,Content obscuring Google-served ads;Encouraging accidental clicks: Layout,Restricted ad serving,ca-pub-7784034061253020,4,2024-08-06,2024-08-06
jambi.tribunnews.com,Page,N/A,N/A,jambi.tribunnews.com/2015/02/03/mudahnya-menemukan-gadis-panggilan-dari-yang-abg-sampai-senior,No,Adult: Sexual content,Restricted ad serving,ca-pub-7784034061253020,4,2024-08-04,2024-08-04
jakarta.tribunnews.com,Page,N/A,N/A,jakarta.tribunnews.com/2022/11/08/ternyata-video-kebaya-merah-dibuat-untuk-dijual-dihargai-rp-750-ribu-pelanggan-sampai-luar-negeri,Yes,Ads Disguised as Content,Restricted ad serving,ca-pub-7784034061253020,4,2024-08-05,2024-08-05
jabar.tribunnews.com,Page,N/A,N/A,jabar.tribunnews.com/2023/03/24/kasus-mayat-perempuan-hangus-terbakar-di-sigi-polisi-belum-tangkap-pelakunya,No,Shocking content,Restricted ad serving,ca-pub-7784034061253020,4,2024-08-06,2024-08-06
jabar.tribunnews.com,Page,N/A,N/A,jabar.tribunnews.com/2021/06/03/terdampak-pandemi-pasien-mak-erot-di-sukabumi-menurun-50-persen,Yes,Google-served ads obscuring content;Modified Javascript: Ads by Google size,Restricted ad serving,ca-pub-7784034061253020,4,2024-08-05,2024-08-05
jabar.tribunnews.com,Page,N/A,N/A,jabar.tribunnews.com/2019/08/19/tawuran-hubungan-seks-video-vina-garut-terungkap-bayaran-sebenarnya-sang-perempuan,No,Shocking content,Restricted ad serving,ca-pub-7784034061253020,4,2024-08-05,2024-08-05
jabar.tribunnews.com,Page,N/A,N/A,jabar.tribunnews.com/2017/08/08/terungkap-wanita-paruh-baya-incar-pemuda-pengungsi-untuk-puaskan-hasrat-seksualnya,No,Adult: Sexual content,Restricted ad serving,ca-pub-7784034061253020,4,2024-08-04,2024-08-04
jabar.tribunnews.com,Page,N/A,N/A,jabar.tribunnews.com/2017/06/23/kerap-digoda-wanita-saat-menjadi-dj-pria-ini-ternyata-sangat-setia-lho,No,Google-served ads obscuring content,Restricted ad serving,ca-pub-7784034061253020,4,2024-08-05,2024-08-05
jabar.tribunnews.com,Page,N/A,N/A,jabar.tribunnews.com/2016/09/13/kantong-plastik-dijadikan-kondom-pasangan-mahasiswa-ini-dilarikan-ke-rumah-sakit,No,Adult: Sexual content,Restricted ad serving,ca-pub-7784034061253020,4,2024-08-04,2024-08-04
jabar.tribunnews.com,Page,N/A,N/A,jabar.tribunnews.com/2015/11/23/waduhh-netizen-heboh-aksi-pamela-safitri-duo-serigala-dipegang-dadanya-sama-pria-ini,No,Adult: Sexual content,Restricted ad serving,ca-pub-7784034061253020,4,2024-08-06,2024-08-06
cirebon.tribunnews.com,Page,N/A,N/A,cirebon.tribunnews.com/2021/12/28/melihat-video-viral-wanita-hanya-pakai-celana-dalam-selebgram-cantik-di-kuningan-ini-ungkap-begini,Yes,Ads Disguised as Content,Restricted ad serving,ca-pub-7784034061253020,4,2024-08-04,2024-08-04
cirebon.tribunnews.com,Page,N/A,N/A,cirebon.tribunnews.com/2019/10/01/keseringan-nonton-video-porno-remaja-ini-berhubungan-badan-dengan-ibu-kandung-adik-nafsu-pak,No,Adult: Sexual content,Restricted ad serving,ca-pub-7784034061253020,4,2024-08-04,2024-08-04
bogor.tribunnews.com,Page,N/A,N/A,bogor.tribunnews.com/amp/2016/06/30/ini-6-tanda-pasangan-anda-pernah-tidur-dengan-pria-lain-cukur-rambut-kemaluan-hingga-gaya-bercinta,No,Adult: Sexual content,Restricted ad serving,ca-pub-7784034061253020,4,2024-08-04,2024-08-04
bogor.tribunnews.com,Page,N/A,N/A,bogor.tribunnews.com/2024/04/25/arti-mimpi-berhubungan-intim-dengan-mantan-pacar-bukan-belum-move-on-ada-sosok-yang-kamu-dambakan,No,Google-served ads obscuring content,Restricted ad serving,ca-pub-7784034061253020,4,2024-08-04,2024-08-04
bogor.tribunnews.com,Page,N/A,N/A,bogor.tribunnews.com/2024/02/12/waspada-arti-mimpi-berhubungan-intim-dengan-hantu-punya-makna-kamu-terlalu-lelah-bekerja,No,Google-served ads obscuring content,Restricted ad serving,ca-pub-7784034061253020,4,2024-08-06,2024-08-06
bogor.tribunnews.com,Page,N/A,N/A,bogor.tribunnews.com/2019/11/08/cerita-ibu-guru-saat-ajak-muridnya-berhubungan-intim-bertiga-di-kamar-kos-awalnya-disuruh-nonton,No,Adult: Sexual content,Restricted ad serving,ca-pub-7784034061253020,4,2024-08-05,2024-08-05
bengkulu.tribunnews.com,Page,N/A,N/A,bengkulu.tribunnews.com/2022/07/10/manhwland-apk-2022-download-aplikasi-baca-komik-online-khusus-dewasa-gratis-tanpa-gangguan-iklan,Yes,Ads Disguised as Content,Restricted ad serving,ca-pub-7784034061253020,4,2024-08-06,2024-08-06
belitung.tribunnews.com,Page,N/A,N/A,belitung.tribunnews.com/2022/09/16/curhat-tki-taiwan-tidur-seranjang-dengan-kakek-begini-kelakuanny-saat-di-kamar-berdua,No,Google-served ads obscuring content,Restricted ad serving,ca-pub-7784034061253020,4,2024-08-06,2024-08-06
belitung.tribunnews.com,Page,N/A,N/A,belitung.tribunnews.com/2019/09/20/psk-prostitusi-online-di-kupang-gunakan-aplikasi-michat-dan-pilih-penginapan-short-time,No,Adult: Sexual content,Restricted ad serving,ca-pub-7784034061253020,4,2024-08-06,2024-08-06
belitung.tribunnews.com,Page,N/A,N/A,belitung.tribunnews.com/2019/07/17/viral-video-mesum-pns-kecamatan-sekdes-di-depan-polisi-tersangka-peragakan-13-adegan-ini,No,Google-served ads obscuring content,Restricted ad serving,ca-pub-7784034061253020,4,2024-08-05,2024-08-05
belitung.tribunnews.com,Page,N/A,N/A,belitung.tribunnews.com/2018/06/22/heboh-namanya-dikaitkan-dengan-video-porno-aura-kasih-tak-tinggal-diam,No,Adult: Sexual content,Restricted ad serving,ca-pub-7784034061253020,4,2024-08-06,2024-08-06
belitung.tribunnews.com,Page,N/A,N/A,belitung.tribunnews.com/2017/08/18/para-pria-dari-negara-ini-sanggup-bercinta-dengan-durasi-44-menit-paling-lama-di-dunia,No,Adult: Sexual content,Restricted ad serving,ca-pub-7784034061253020,4,2024-08-06,2024-08-06
belitung.tribunnews.com,Page,N/A,N/A,belitung.tribunnews.com/2017/08/17/bikin-geleng-kepala-deretan-artis-ini-blak-blakan-cerita-pengalaman-liar-mereka-begituan,Yes,Ads Disguised as Content,Restricted ad serving,ca-pub-7784034061253020,4,2024-08-04,2024-08-04
belitung.tribunnews.com,Page,N/A,N/A,belitung.tribunnews.com/2017/08/09/kisah-seorang-pemuda-pengungsisimpanan-tante-tante-hidup-mewah-jadi-mesin-pemuas-seks,Yes,Site Behavior: Navigation,Restricted ad serving,ca-pub-7784034061253020,4,2024-08-06,2024-08-06
batam.tribunnews.com,Page,N/A,N/A,batam.tribunnews.com/2019/10/28/viral-wanita-muda-nekat-buka-baju-telanjang-dada-di-jalan-raya-diduga-terpengaruh-alkohol,No,Adult: Sexual content,Restricted ad serving,ca-pub-7784034061253020,4,2024-08-04,2024-08-04
batam.tribunnews.com,Page,N/A,N/A,batam.tribunnews.com/2017/11/17/sebelum-naik-ke-ranjang-gigolo-terkenal-ini-lakukan-hal-luar-biasa-yang-bikin-wanita-ketagihan,No,Adult: Sexual content,Restricted ad serving,ca-pub-7784034061253020,4,2024-08-04,2024-08-04
batam.tribunnews.com,Page,N/A,N/A,batam.tribunnews.com/2017/03/07/terkuak-mengapa-ekspresi-saat-orgasme-sering-terlihat-aneh-jawabannya-bikin-ngakak,No,Adult: Sexual content,Restricted ad serving,ca-pub-7784034061253020,4,2024-08-04,2024-08-04
batam.tribunnews.com,Page,N/A,N/A,batam.tribunnews.com/2017/02/14/sempat-hentikan-foto-telanjang-majalah-playboy-kembali-tampilkan-wanita-bugil-inikah-alasannya,No,Adult: Sexual content,Restricted ad serving,ca-pub-7784034061253020,4,2024-08-06,2024-08-06
batam.tribunnews.com,Page,N/A,N/A,batam.tribunnews.com/2016/07/16/mengejutkan-aksi-pembuatan-film-dewasa-di-pantai-terbuka-tak-jauh-dari-wisma-olimpiade-brazil,No,Shocking content,Restricted ad serving,ca-pub-7784034061253020,4,2024-08-06,2024-08-06
banyumas.tribunnews.com,Page,N/A,N/A,banyumas.tribunnews.com/2020/03/12/prostitusi-online-kaum-gay-di-semarang-dibongkar-gunakan-twitter-tawarkan-jasa-pijat-jadi-modus,No,Shocking content,Restricted ad serving,ca-pub-7784034061253020,4,2024-08-05,2024-08-05
banjarmasin.tribunnews.com,Page,N/A,N/A,banjarmasin.tribunnews.com/2021/09/17/pembunuh-di-sungai-malang-hsu-kalsel-dibekuk-ini-motif-pelaku-tusuk-korban-berkali-kali,No,Shocking content,Restricted ad serving,ca-pub-7784034061253020,4,2024-08-06,2024-08-06
banjarmasin.tribunnews.com,Page,N/A,N/A,banjarmasin.tribunnews.com/2019/11/15/viral-video-mesum-berdurasi-2-menit-46-detik-hebohkan-kendari-diduga-pemeran-perempuan-mahasiswi,No,Adult: Sexual content,Restricted ad serving,ca-pub-7784034061253020,4,2024-08-06,2024-08-06
banjarmasin.tribunnews.com,Page,N/A,N/A,banjarmasin.tribunnews.com/2018/01/06/mulai-terkuak-siapa-sebenarnya-bocah-di-video-mesum-bersama-tante-tante-di-hotel,No,Shocking content,Restricted ad serving,ca-pub-7784034061253020,4,2024-08-06,2024-08-06
banjarmasin.tribunnews.com,Page,N/A,N/A,banjarmasin.tribunnews.com/2018/01/03/warga-binuang-rekam-hubungan-intim-dua-sejoli-untuk-video-porno-ternyata-ini-sosok-pemainnya,No,Adult: Sexual content,Restricted ad serving,ca-pub-7784034061253020,4,2024-08-06,2024-08-06
banjarmasin.tribunnews.com,Page,N/A,N/A,banjarmasin.tribunnews.com/2017/03/05/awas-lokasi-rawan-mesum-di-banjarbaru,No,Adult: Sexual content,Restricted ad serving,ca-pub-7784034061253020,4,2024-08-06,2024-08-06
banjarmasin.tribunnews.com,Page,N/A,N/A,banjarmasin.tribunnews.com/2016/11/30/beredar-video-goyangan-panas-dewi-perssik-di-klub-malam,No,Adult: Sexual content,Restricted ad serving,ca-pub-7784034061253020,4,2024-08-05,2024-08-05
banjarmasin.tribunnews.com,Page,N/A,N/A,banjarmasin.tribunnews.com/2015/02/14/bredar-video-gadis-indonesia-jalan-telanjang-bulat-di-malaysia,No,Adult: Sexual content,Restricted ad serving,ca-pub-7784034061253020,4,2024-08-06,2024-08-06
banjarmasin.tribunnews.com,Page,N/A,N/A,banjarmasin.tribunnews.com/2013/03/16/playboy-minta-cynthiara-alona-besarkan-payudara,No,Shocking content,Restricted ad serving,ca-pub-7784034061253020,4,2024-08-05,2024-08-05
bangka.tribunnews.com,Page,N/A,N/A,bangka.tribunnews.com/tag/harga-cabai?page=2,Yes,Google-served ads on screens without publisher-content,Restricted ad serving,ca-pub-7784034061253020,4,2024-08-04,2024-08-05
bangka.tribunnews.com,Page,N/A,N/A,bangka.tribunnews.com/tag/bugil,Yes,Google-served ads on screens without publisher-content,Restricted ad serving,ca-pub-7784034061253020,4,2024-08-02,2024-08-04
bangka.tribunnews.com,Page,N/A,N/A,bangka.tribunnews.com/amp/2022/06/03/berbau-amis-inilah-alasan-mahalnya-harga-muntahan-paus-auto-kaya-mendadak-kalau-ketemu,No,Shocking content,Restricted ad serving,ca-pub-7784034061253020,4,2024-08-04,2024-08-04
bangka.tribunnews.com,Page,N/A,N/A,bangka.tribunnews.com/amp/2020/09/29/cinta-terlarang-kisah-pria-ketagihan-selingkuh-dengan-istri-orang-setelah-gabung-grup-whatsapp-reuni,Yes,Unnatural attention to ads,Restricted ad serving,ca-pub-7784034061253020,4,2024-08-05,2024-08-05
bangka.tribunnews.com,Page,N/A,N/A,bangka.tribunnews.com/amp/2016/05/08/ternyata-begini-proses-syuting-adegan-vulgar-di-film,No,Adult: Sexual content,Restricted ad serving,ca-pub-7784034061253020,4,2024-08-05,2024-08-05
bangka.tribunnews.com,Page,N/A,N/A,bangka.tribunnews.com/2024/04/29/suami-di-pangkalpinang-tega-aniaya-istri-hingga-tewas-terungkap-begini-kesehariannya-tetangga-syok,Yes,Google-served ads obscuring content;Modified Javascript: Ads by Google size,Restricted ad serving,ca-pub-7784034061253020,4,2024-08-04,2024-08-04
bangka.tribunnews.com,Page,N/A,N/A,bangka.tribunnews.com/2022/05/08/gadis-muda-ukraina-diperkosa-dan-dibunuh-tentara-rusia-sang-ibu-terisak-isak-mengenangnya,Yes,Ads Disguised as Content,Restricted ad serving,ca-pub-7784034061253020,4,2024-08-05,2024-08-05
bangka.tribunnews.com,Page,N/A,N/A,bangka.tribunnews.com/2021/12/25/tante-ernie-cosplay-jadi-sinterklas-pundak-mulus-langsung-jadi-sorotan,Yes,Google-served ads obscuring content;Modified Javascript: Ads by Google size,Restricted ad serving,ca-pub-7784034061253020,4,2024-08-06,2024-08-06
bangka.tribunnews.com,Page,N/A,N/A,bangka.tribunnews.com/2021/09/29/niat-puasa-senin-kamis-agar-cepat-dapat-jodoh-lengkap-dengan-doanya,Yes,Content obscuring Google-served ads,Restricted ad serving,ca-pub-7784034061253020,4,2024-08-05,2024-08-05
bangka.tribunnews.com,Page,N/A,N/A,bangka.tribunnews.com/2020/09/20/aktris-porno-di-jepang-pensiun-karena-takut-covid-19-nasib-industri-film-panas-itu-di-negeri-sakura,No,Google-served ads obscuring content,Restricted ad serving,ca-pub-7784034061253020,4,2024-08-04,2024-08-04
bangka.tribunnews.com,Page,N/A,N/A,bangka.tribunnews.com/2020/01/13/cerita-cinta-terlarang-pembantu-dan-teman-sekolah-main-serong-di-belakang-suami-hingga-hamil,No,Adult: Sexual content,Restricted ad serving,ca-pub-7784034061253020,4,2024-08-06,2024-08-06
bangka.tribunnews.com,Page,N/A,N/A,bangka.tribunnews.com/2020/01/11/boneka-seks-mirip-anak-kecil-dibawa-mahasiswa-dari-china-terbuat-dari-silikon-dan-itu-pornografi,No,Adult: Sexual content,Restricted ad serving,ca-pub-7784034061253020,4,2024-08-05,2024-08-05
bangka.tribunnews.com,Page,N/A,N/A,bangka.tribunnews.com/2019/11/24/oknum-pns-ajak-facebooker-nonton-video-dewasa-live-setelah-ditelusuri-begini-pengakuan-pemiik-akun,No,Adult: Sexual content,Restricted ad serving,ca-pub-7784034061253020,4,2024-08-05,2024-08-05
bangka.tribunnews.com,Page,N/A,N/A,bangka.tribunnews.com/2019/10/22/cuma-2-menit-oknum-dosen-dan-mahasiswi-terekam-kamera-berbuat-dosa-di-kamar-videonya-viral,No,Adult: Sexual content,Restricted ad serving,ca-pub-7784034061253020,4,2024-08-04,2024-08-04
bangka.tribunnews.com,Page,N/A,N/A,bangka.tribunnews.com/2019/08/15/video-syur-gangbang-vina-garut-tersebar-di-jabar-diperjualbelikan-di-medsos,No,Adult: Sexual content,Restricted ad serving,ca-pub-7784034061253020,4,2024-08-04,2024-08-04
bangka.tribunnews.com,Page,N/A,N/A,bangka.tribunnews.com/2019/07/10/bocah-pangkalpinang-tewas-masuk-ke-dalam-paku-bumi-di-pelabuhan-tanjung-api-api,No,Shocking content,Restricted ad serving,ca-pub-7784034061253020,4,2024-08-05,2024-08-05
bangka.tribunnews.com,Page,N/A,N/A,bangka.tribunnews.com/2018/07/01/palau-tetangga-indonesia-kalimantan-ternyata-punya-4-pemilik-negara-ini,No,Shocking content,Restricted ad serving,ca-pub-7784034061253020,4,2024-08-06,2024-08-06
bangka.tribunnews.com,Page,N/A,N/A,bangka.tribunnews.com/2018/02/08/tante-pemeran-video-mesum-bareng-bocah-bandung-melahirkan-anak-ke-11,No,Adult: Sexual content,Restricted ad serving,ca-pub-7784034061253020,4,2024-08-05,2024-08-05
bangka.tribunnews.com,Page,N/A,N/A,bangka.tribunnews.com/2018/02/01/putus-cinta-dengan-siswi-sma-lesbian-ini-garap-bocah-ingusan-katanya-ada-rasa,No,Shocking content,Restricted ad serving,ca-pub-7784034061253020,4,2024-08-05,2024-08-05
bangka.tribunnews.com,Page,N/A,N/A,bangka.tribunnews.com/2017/12/05/zaman-edan-suami-pakai-kain-batik-bekas-lilit-istri-mirip-pocong-sebelum-berhubungan-intim,No,Adult: Sexual content,Restricted ad serving,ca-pub-7784034061253020,4,2024-08-06,2024-08-06
bangka.tribunnews.com,Page,N/A,N/A,bangka.tribunnews.com/2017/11/21/suntik-gel-payudara-cewek-ini-tiba-tiba-pindah-ke-perut,Yes,Site Behavior: Navigation,Restricted ad serving,ca-pub-7784034061253020,4,2024-08-05,2024-08-05
bangka.tribunnews.com,Page,N/A,N/A,bangka.tribunnews.com/2017/11/15/cinta-ditolak-fakta-mengejutkan-kasus-pasangan-dituduh-mesum-begini-kisah-lengkapnya,No,Adult: Sexual content,Restricted ad serving,ca-pub-7784034061253020,4,2024-08-04,2024-08-04
bangka.tribunnews.com,Page,N/A,N/A,bangka.tribunnews.com/2017/11/02/wanita-cantik-gelagapan-dipaksa-beginian-di-toko-sepatu-aksi-mesum-pria-terekam-cctv,No,Adult: Sexual content,Restricted ad serving,ca-pub-7784034061253020,4,2024-08-06,2024-08-06
bangka.tribunnews.com,Page,N/A,N/A,bangka.tribunnews.com/2017/09/20/gara-gara-cat-poster-wajah-pink-wanita-ini-jadi-viral,Yes,Site Behavior: Navigation,Restricted ad serving,ca-pub-7784034061253020,4,2024-08-06,2024-08-06
bangka.tribunnews.com,Page,N/A,N/A,bangka.tribunnews.com/2017/08/23/tampil-vulgar-itunya-kelihatan-4-finalis-putri-indonesia-jadi-bulan-bulanan-netizen,Yes,Site Behavior: Navigation,Restricted ad serving,ca-pub-7784034061253020,4,2024-08-05,2024-08-05
bangka.tribunnews.com,Page,N/A,N/A,bangka.tribunnews.com/2017/07/10/dihujat-punya-suami-jelek-wanita-cantik-ini-malah-berani-pamer-foto-mesra-di-atas-ranjang,Yes,Site Behavior: Navigation,Restricted ad serving,ca-pub-7784034061253020,4,2024-08-06,2024-08-06
bangka.tribunnews.com,Page,N/A,N/A,bangka.tribunnews.com/2017/06/21/alasan-kepanasan-orang-orang-ini-pamer-bagian-intim-hingga-itunya-kelihatan,No,Adult: Sexual content,Restricted ad serving,ca-pub-7784034061253020,4,2024-08-05,2024-08-05
bangka.tribunnews.com,Page,N/A,N/A,bangka.tribunnews.com/2017/06/07/ternyata-begini-sosok-wanita-cantik-mulus-yang-toples-hebohkan-jakarta,No,Adult: Sexual content,Restricted ad serving,ca-pub-7784034061253020,4,2024-08-05,2024-08-05
bangka.tribunnews.com,Page,N/A,N/A,bangka.tribunnews.com/2017/05/25/baru-berusia-15-tahun-payudara-siswi-ini-membesar-bikin-minder-ternyata-begini-penyebabnya,No,Adult: Sexual content,Restricted ad serving,ca-pub-7784034061253020,4,2024-08-05,2024-08-05
bangka.tribunnews.com,Page,N/A,N/A,bangka.tribunnews.com/2017/05/06/wanita-ini-terpaksa-menanggung-malu-aktivitas-merem-melek-nya-jadi-tontonan-di-media-sosial,No,Adult: Sexual content,Restricted ad serving,ca-pub-7784034061253020,4,2024-08-05,2024-08-05
bangka.tribunnews.com,Page,N/A,N/A,bangka.tribunnews.com/2017/05/05/suami-paksa-istri-begituan-dua-malam-berturut-turut-bukannya-nikmat-malah-alami-ini,No,Adult: Sexual content,Restricted ad serving,ca-pub-7784034061253020,4,2024-08-04,2024-08-04
bangka.tribunnews.com,Page,N/A,N/A,bangka.tribunnews.com/2017/04/09/keterlaluan-abg-palembang-ini-tak-malu-pertontonkan-aksi-mesum-sang-pacar-pegang-gunung-kembarnya,No,Adult: Sexual content,Restricted ad serving,ca-pub-7784034061253020,4,2024-08-06,2024-08-06
bangka.tribunnews.com,Page,N/A,N/A,bangka.tribunnews.com/2016/10/20/9-bintang-porno-bunuh-diri-di-usia-muda,No,Adult: Sexual content,Restricted ad serving,ca-pub-7784034061253020,4,2024-08-04,2024-08-04
bangka.tribunnews.com,Page,N/A,N/A,bangka.tribunnews.com/2016/09/04/busyet-penis-terlalu-besar-bikin-pemuda-ini-menderita,No,Adult: Sexual content,Restricted ad serving,ca-pub-7784034061253020,4,2024-08-05,2024-08-05
bangka.tribunnews.com,Page,N/A,N/A,bangka.tribunnews.com/2016/08/30/begini-penampakan-vibrator-pemuas-wanita-di-rumah-aa-gatot,No,Adult: Sexual content,Restricted ad serving,ca-pub-7784034061253020,4,2024-08-04,2024-08-04
bangka.tribunnews.com,Page,N/A,N/A,bangka.tribunnews.com/2016/07/07/tarif-booking-artis-ini-rp-810-juta-sekarang-ada-boneka-seks-yang-mirip-denganya,No,Adult: Sexual content,Restricted ad serving,ca-pub-7784034061253020,4,2024-08-05,2024-08-05
bangka.tribunnews.com,Page,N/A,N/A,bangka.tribunnews.com/2016/01/07/curiga-toilet-jadi-tempat-pembuangan-sperma-begini-cara-mengeceknya,Yes,Site Behavior: Navigation,Restricted ad serving,ca-pub-7784034061253020,4,2024-08-05,2024-08-05
bangka.tribunnews.com,Page,N/A,N/A,bangka.tribunnews.com/2015/10/09/perlukah-mencukur-rambut-kemaluan-di-malam-pertama,No,Adult: Sexual content,Restricted ad serving,ca-pub-7784034061253020,4,2024-08-06,2024-08-06
bangka.tribunnews.com,Page,N/A,N/A,bangka.tribunnews.com/2012/11/12/video-porno-selebritis-dibayar-mahal,No,Shocking content,Restricted ad serving,ca-pub-7784034061253020,4,2024-08-06,2024-08-06
bali.tribunnews.com,Page,N/A,N/A,bali.tribunnews.com/2017/10/30/hot-7-penampakan-vulgar-nikita-mirzani-ada-yang-topless-dan-transparan,Yes,Site Behavior: Navigation,Restricted ad serving,ca-pub-7784034061253020,4,2024-08-05,2024-08-05
bali.tribunnews.com,Page,N/A,N/A,bali.tribunnews.com/2017/09/07/dibayar-rp-125-juta-mahasiswi-cantik-indonesia-ini-jadi-bintang-film-dewasa-di-jepang-ini-fotonya,No,Adult: Sexual content,Restricted ad serving,ca-pub-7784034061253020,4,2024-08-06,2024-08-06
bali.tribunnews.com,Page,N/A,N/A,bali.tribunnews.com/2017/01/06/bupati-tanpa-busana-bareng-selingkuh-hingga-sperma-berceceran-sang-istri-saya-tetap-support-beliau,No,Adult: Sexual content,Restricted ad serving,ca-pub-7784034061253020,4,2024-08-04,2024-08-04
bali.tribunnews.com,Page,N/A,N/A,bali.tribunnews.com/2014/06/26/ssstttt-ada-kondom-dengan-cita-rasa-unik-loh,No,Adult: Sexual content;Google-served ads obscuring content,Restricted ad serving,ca-pub-7784034061253020,4,2024-08-05,2024-08-05
aceh.tribunnews.com,Page,N/A,N/A,aceh.tribunnews.com/2022/08/11/heboh-video-siswa-dan-siswi-sma-bermesraan-di-masjid-polisi-turun-tangan,No,Google-served ads obscuring content,Restricted ad serving,ca-pub-7784034061253020,4,2024-08-06,2024-08-06
aceh.tribunnews.com,Page,N/A,N/A,aceh.tribunnews.com/2020/10/22/viral-dua-pendaki-nekat-pose-bugil-di-tempat-sakral-gunung-gede-pengelola-angkat-bicara,No,Google-served ads obscuring content,Restricted ad serving,ca-pub-7784034061253020,4,2024-08-05,2024-08-05
aceh.tribunnews.com,Page,N/A,N/A,aceh.tribunnews.com/2019/08/31/mifa-ck-laksanakan-program-fresh-graduate-operator-bagi-pemuda-aceh-barat,No,Adult: Sexual content,Restricted ad serving,ca-pub-7784034061253020,4,2024-08-05,2024-08-05
aceh.tribunnews.com,Page,N/A,N/A,aceh.tribunnews.com/2019/06/20/saat-perut-buaya-dibelah-setelah-menerkam-seorang-warga-ini-yang-ditemukan-di-dalamnya,No,Shocking content,Restricted ad serving,ca-pub-7784034061253020,4,2024-08-05,2024-08-05
aceh.tribunnews.com,Page,N/A,N/A,aceh.tribunnews.com/2012/06/28/wanita-lebih-hot-membaca-novel-erotis,No,Adult: Sexual content,Restricted ad serving,ca-pub-7784034061253020,4,2024-08-02,2024-08-04
www.tribunnews.com,Page,N/A,N/A,www.tribunnews.com/seleb/2012/06/04/usai-bubu-kini-muncul-foto-syur-syahrini-dengan-pria-lain,Yes,Google-served ads obscuring content;Modified Javascript: Ads by Google size,Restricted ad serving,ca-pub-7784034061253020,3,2024-08-06,2024-08-06
www.tribunnews.com,Page,N/A,N/A,www.tribunnews.com/regional/2019/05/22/ciduk-puluhan-pasangan-tak-resmi-saat-razia-di-hotel-satpol-pp-juga-temukan-alat-kontrasepsi,No,Adult: Sexual content,Restricted ad serving,ca-pub-7784034061253020,3,2024-08-05,2024-08-05
www.tribunnews.com,Page,N/A,N/A,www.tribunnews.com/regional/2018/12/09/siswa-smp-pemeran-video-mesum-ditangkap-rekam-aksi-pemerkosaan-korban-lalu-diunggah-di-medsos,No,Adult: Sexual content,Restricted ad serving,ca-pub-7784034061253020,3,2024-08-04,2024-08-04
www.tribunnews.com,Page,N/A,N/A,www.tribunnews.com/regional/2018/11/19/pacaran-di-tempat-sepi-gadis-berusia-17-tahun-digagahi-sejumlah-pria,No,Adult: Sexual content,Restricted ad serving,ca-pub-7784034061253020,3,2024-08-05,2024-08-05
www.tribunnews.com,Page,N/A,N/A,www.tribunnews.com/regional/2013/12/16/pacaran-kebablasan-melati-hamil-4-bulan,No,Adult: Sexual content,Restricted ad serving,ca-pub-7784034061253020,3,2024-08-05,2024-08-05
www.tribunnews.com,Page,N/A,N/A,www.tribunnews.com/metropolitan/2016/09/30/kominfomas-jakarta-selatan-telusuri-penyebar-video-porno-di-videotron,No,Google-served ads obscuring content,Restricted ad serving,ca-pub-7784034061253020,3,2024-08-06,2024-08-06
www.tribunnews.com,Page,N/A,N/A,www.tribunnews.com/kesehatan/2016/04/23/banyak-bulu-di-badan-pertanda-libido-seks-tinggi,No,Adult: Sexual content,Restricted ad serving,ca-pub-7784034061253020,3,2024-08-06,2024-08-06
www.tribunnews.com,Page,N/A,N/A,www.tribunnews.com/kesehatan/2010/11/27/kondom-ini-bisa-bikin-rapet-serapet-malam-pertama,No,Adult: Sexual content,Restricted ad serving,ca-pub-7784034061253020,3,2024-08-04,2024-08-04
www.tribunnews.com,Page,N/A,N/A,www.tribunnews.com/internasional/2017/07/27/alat-bantu-seks-terbaru-boneka-cantik-nan-canggih-ini-lebih-yahud-layani-penggunanya,Yes,Adult: Sexual content;Site Behavior: Navigation,Restricted ad serving,ca-pub-7784034061253020,3,2024-08-06,2024-08-06
www.tribunnews.com,Page,N/A,N/A,www.tribunnews.com/internasional/2014/11/10/cabai-rawit-mirip-alat-kelamin-pria-menangkan-the-most-pornographic-pepper,Yes,Google-served ads obscuring content;Modified Javascript: Ads by Google size,Restricted ad serving,ca-pub-7784034061253020,3,2024-08-04,2024-08-04
wartakota.tribunnews.com,Page,N/A,N/A,wartakota.tribunnews.com/amp/2017/10/21/belut-itu-masuk-ke-rahim-wanita-cantik-yang-bermasturbasi-dengan-hewan-ini,No,Adult: Sexual content;Shocking content,Restricted ad serving,ca-pub-7784034061253020,3,2024-08-06,2024-08-06
wartakota.tribunnews.com,Page,N/A,N/A,wartakota.tribunnews.com/2020/05/21/unggah-foto-seksi-dan-viral-tante-ernie-sering-digoda-banyak-pria-yang-sudah-punya-pasangan,Yes,Google-served ads obscuring content;Modified Javascript: Ads by Google size,Restricted ad serving,ca-pub-7784034061253020,3,2024-08-04,2024-08-04
wartakota.tribunnews.com,Page,N/A,N/A,wartakota.tribunnews.com/2014/11/15/wanita-ini-butuh-35-tahun-untuk-operasi-kecilkan-payudara,No,Adult: Sexual content,Restricted ad serving,ca-pub-7784034061253020,3,2024-08-05,2024-08-05
suryamalang.tribunnews.com,Page,N/A,N/A,suryamalang.tribunnews.com/topic/jendela-dunia?url=2017%2F03%2F25%2Fvideo-penari-balet-menari-tanpa-busana-ada-maksud-terselubung,No,Adult: Sexual content;Shocking content,Restricted ad serving,ca-pub-7784034061253020,3,2024-08-06,2024-08-06
style.tribunnews.com,Page,N/A,N/A,style.tribunnews.com/2016/08/25/ekspresi-bercinta-4-hal-ini-sangat-disukai-pria-ketika-bercinta-dengan-wanita,No,Adult: Sexual content,Restricted ad serving,ca-pub-7784034061253020,3,2024-08-04,2024-08-04
pontianak.tribunnews.com,Page,N/A,N/A,pontianak.tribunnews.com/tag/video-mesum?page=3,No,Adult: Sexual content,Restricted ad serving,ca-pub-7784034061253020,3,2024-08-04,2024-08-04
pekanbaru.tribunnews.com,Page,N/A,N/A,pekanbaru.tribunnews.com/tag/seks,No,Adult: Sexual content,Restricted ad serving,ca-pub-7784034061253020,3,2024-08-05,2024-08-05
pekanbaru.tribunnews.com,Page,N/A,N/A,pekanbaru.tribunnews.com/tag/psk,No,Adult: Sexual content,Restricted ad serving,ca-pub-7784034061253020,3,2024-08-06,2024-08-06
pekanbaru.tribunnews.com,Page,N/A,N/A,pekanbaru.tribunnews.com/tag/download-film-frozen-2,Yes,Copyrighted material (DMCA),Disabled ad serving,,3,2024-08-02,2024-08-05
pekanbaru.tribunnews.com,Page,N/A,N/A,pekanbaru.tribunnews.com/tag/cewek-cantik,No,Shocking content,Restricted ad serving,ca-pub-7784034061253020,3,2024-08-04,2024-08-04
manado.tribunnews.com,Page,N/A,N/A,manado.tribunnews.com/tag/viral,Yes,Google-served ads on screens without publisher-content,Restricted ad serving,ca-pub-7784034061253020,3,2024-08-05,2024-08-05
makassar.tribunnews.com,Page,N/A,N/A,makassar.tribunnews.com/tag/pesta-seks,No,Adult: Sexual content,Restricted ad serving,ca-pub-7784034061253020,3,2024-08-06,2024-08-06
makassar.tribunnews.com,Page,N/A,N/A,makassar.tribunnews.com/2021/10/05/seorang-pria-pergoki-istri-berbuat-dosa-dengan-teman-sendiri-suami-tidak-marah-dengan-syarat,No,Google-served ads obscuring content,Restricted ad serving,ca-pub-7784034061253020,3,2024-08-05,2024-08-05
makassar.tribunnews.com,Page,N/A,N/A,makassar.tribunnews.com/2015/05/13/awas-ini-penyakit-mengerikan-akibat-ciuman,No,Shocking content,Restricted ad serving,ca-pub-7784034061253020,3,2024-08-04,2024-08-04
makassar.tribunnews.com,Page,N/A,N/A,makassar.tribunnews.com/2012/10/11/alat-bantu-seks-koleksi-dewi-persik,No,Adult: Sexual content,Restricted ad serving,ca-pub-7784034061253020,3,2024-08-05,2024-08-05
madura.tribunnews.com,Page,N/A,N/A,madura.tribunnews.com/2019/08/02/lagi-berhubungan-badan-tak-wajar-bertiga-di-tempat-spa-2-terapis-muda-ditangkap-kondom-berceceran,No,Adult: Sexual content,Restricted ad serving,ca-pub-7784034061253020,3,2024-08-05,2024-08-05
lampung.tribunnews.com,Page,N/A,N/A,lampung.tribunnews.com/tag/tidur-tanpa-busana,No,Adult: Sexual content,Restricted ad serving,ca-pub-7784034061253020,3,2024-08-05,2024-08-05
lampung.tribunnews.com,Page,N/A,N/A,lampung.tribunnews.com/2017/12/15/nafa-urbach-buka-bukaan-gaya-bercinta-saat-pacaran-dan-malam-pertamanya,Yes,Ads Disguised as Content,Restricted ad serving,ca-pub-7784034061253020,3,2024-08-06,2024-08-06
kupang.tribunnews.com,Page,N/A,N/A,kupang.tribunnews.com/tag/wanita-seksi,No,Adult: Sexual content,Restricted ad serving,ca-pub-7784034061253020,3,2024-08-05,2024-08-05
kupang.tribunnews.com,Page,N/A,N/A,kupang.tribunnews.com/tag/adegan-panas,No,Adult: Sexual content,Restricted ad serving,ca-pub-7784034061253020,3,2024-08-04,2024-08-04
kupang.tribunnews.com,Page,N/A,N/A,kupang.tribunnews.com/2019/11/24/panti-pijat-di-gereberk-tiga-pasangan-tertangkap-basah-tanpa-busana-ditemukan-juga-kondom,No,Adult: Sexual content,Restricted ad serving,ca-pub-7784034061253020,3,2024-08-04,2024-08-04
kupang.tribunnews.com,Page,N/A,N/A,kupang.tribunnews.com/2018/11/20/hanya-pakai-celana-dalam-pria-ini-intip-seorang-wanita-sedang-mandi-telanjang-ini-yang-terjadi,Yes,Google-served ads on screens without publisher-content,Restricted ad serving,ca-pub-7784034061253020,3,2024-08-05,2024-08-05
kupang.tribunnews.com,Page,N/A,N/A,kupang.tribunnews.com/2016/06/03/tujuh-mantra-bercinta-untuk-anda-berdua-malam-ini,No,Adult: Sexual content,Restricted ad serving,ca-pub-7784034061253020,3,2024-08-05,2024-08-05
kupang.tribunnews.com,Page,N/A,N/A,kupang.tribunnews.com/2015/04/12/perempuan-paling-suka-nonton-film-porno,No,Shocking content,Restricted ad serving,ca-pub-7784034061253020,3,2024-08-04,2024-08-04
kaltim.tribunnews.com,Page,N/A,N/A,kaltim.tribunnews.com/tag/video-syur,No,Adult: Sexual content,Restricted ad serving,ca-pub-7784034061253020,3,2024-08-04,2024-08-04
jateng.tribunnews.com,Page,N/A,N/A,jateng.tribunnews.com/topic/berita-kesehatan,No,Adult: Sexual content,Restricted ad serving,ca-pub-7784034061253020,3,2024-08-04,2024-08-04
jateng.tribunnews.com,Page,N/A,N/A,jateng.tribunnews.com/2016/08/16/inilah-curhatan-bintang-film-porno-yang-tak-anda-duga,No,Adult: Sexual content,Restricted ad serving,ca-pub-7784034061253020,3,2024-08-05,2024-08-05
jambi.tribunnews.com,Page,N/A,N/A,jambi.tribunnews.com/tag/gairah,No,Adult: Sexual content,Restricted ad serving,ca-pub-7784034061253020,3,2024-08-05,2024-08-05
jambi.tribunnews.com,Page,N/A,N/A,jambi.tribunnews.com/2018/01/07/astaga-soal-video-porno-wanita-dewasa-lawan-bocah-ingusan-ini-fakta-baru-yang-ditemukan-polisi,No,Shocking content,Restricted ad serving,ca-pub-7784034061253020,3,2024-08-06,2024-08-06
bogor.tribunnews.com,Page,N/A,N/A,bogor.tribunnews.com/2017/07/29/tersebar-video-bayi-disiksa-ibu-kandung-sampai-kulitnya-begini-alasannya-bikin-miris,Yes,Ads Disguised as Content,Restricted ad serving,ca-pub-7784034061253020,3,2024-08-06,2024-08-06
belitung.tribunnews.com,Page,N/A,N/A,belitung.tribunnews.com/tag/mia-khalifah,Yes,Google-served ads on screens without publisher-content,Restricted ad serving,ca-pub-7784034061253020,3,2024-08-04,2024-08-04
belitung.tribunnews.com,Page,N/A,N/A,belitung.tribunnews.com/2018/02/06/janjikan-live-bercinta-dengan-pacar-di-youtube-gadis-seksi-ini-ditawari-jadi-bintang-film-porno,No,Adult: Sexual content,Restricted ad serving,ca-pub-7784034061253020,3,2024-08-04,2024-08-04
batam.tribunnews.com,Page,N/A,N/A,batam.tribunnews.com/2015/05/22/bayar-rp-200-ribu-nikmati-paket-di-melati-fitness-centre-salon-dan-spa,No,Shocking content,Restricted ad serving,ca-pub-7784034061253020,3,2024-08-06,2024-08-06
bangka.tribunnews.com,Page,N/A,N/A,bangka.tribunnews.com/2018/03/05/tingkah-nyeleneh-wanita-pemain-film-dewasa-jepang-ikut-lomba-aneh-hingga-lelang-pakaian-dalam,No,Adult: Sexual content,Restricted ad serving,ca-pub-7784034061253020,3,2024-08-04,2024-08-04
bangka.tribunnews.com,Page,N/A,N/A,bangka.tribunnews.com/2017/12/28/suami-ajak-istrinya-berhubungan-intim-bareng-pria-lain-astaga-segini-tarif-kencan-bertiga,No,Adult: Sexual content,Restricted ad serving,ca-pub-7784034061253020,3,2024-08-04,2024-08-04
bangka.tribunnews.com,Page,N/A,N/A,bangka.tribunnews.com/2017/02/24/pria-sadis-sembelih-korban-potongan-kepala-dibawa-ke-kantor-polsek,No,Shocking content,Restricted ad serving,ca-pub-7784034061253020,3,2024-08-05,2024-08-05
bangka.tribunnews.com,Page,N/A,N/A,bangka.tribunnews.com/2016/11/15/foto-mesumnya-beredar-artis-ini-bilang-tak-ada-lagi-yang-mau-menikah-dengannya,Yes,Site Behavior: Navigation,Restricted ad serving,ca-pub-7784034061253020,3,2024-08-05,2024-08-05
bangka.tribunnews.com,Page,N/A,N/A,bangka.tribunnews.com/2016/10/11/pengantin-wanita-persilakan-tamu-remas-payudaranya,No,Adult: Sexual content,Restricted ad serving,ca-pub-7784034061253020,3,2024-08-06,2024-08-06
bangka.tribunnews.com,Page,N/A,N/A,bangka.tribunnews.com/2016/06/02/adegan-ranjang-vulgar-tanpa-sensor-penonton-pun-senang,No,Adult: Sexual content,Restricted ad serving,ca-pub-7784034061253020,3,2024-08-04,2024-08-04
bangka.tribunnews.com,Page,N/A,N/A,bangka.tribunnews.com/2016/05/07/nenek-intan-sempat-nonton-film-india-sebelum-dipenggal-sang-cucu,No,Shocking content,Restricted ad serving,ca-pub-7784034061253020,3,2024-08-05,2024-08-05
bangka.tribunnews.com,Page,N/A,N/A,bangka.tribunnews.com/2015/07/24/boneka-seks-khusus-wanita-ini-organnya-bisa-diganti,No,Adult: Sexual content,Restricted ad serving,ca-pub-7784034061253020,3,2024-08-05,2024-08-05
aceh.tribunnews.com,Page,N/A,N/A,aceh.tribunnews.com/tag/video-pornografi,No,Shocking content,Restricted ad serving,ca-pub-7784034061253020,3,2024-08-04,2024-08-04
aceh.tribunnews.com,Page,N/A,N/A,aceh.tribunnews.com/tag/perempuan-telanjang,Yes,Google-served ads on screens without publisher-content,Restricted ad serving,ca-pub-7784034061253020,3,2024-08-04,2024-08-04
aceh.tribunnews.com,Page,N/A,N/A,aceh.tribunnews.com/tag/pasangan-suami-istri,Yes,Google-served ads on screens without publisher-content,Restricted ad serving,ca-pub-7784034061253020,3,2024-08-06,2024-08-06
aceh.tribunnews.com,Page,N/A,N/A,aceh.tribunnews.com/tag/model-playboy-thailand,Yes,Google-served ads on screens without publisher-content,Restricted ad serving,ca-pub-7784034061253020,3,2024-08-05,2024-08-05
aceh.tribunnews.com,Page,N/A,N/A,aceh.tribunnews.com/tag/berhubungan-badan,No,Adult: Sexual content,Restricted ad serving,ca-pub-7784034061253020,3,2024-08-05,2024-08-05
aceh.tribunnews.com,Page,N/A,N/A,aceh.tribunnews.com/2021/09/02/pemuda-dibunuh-di-deliserdang-pelaku-angga-suganda-ketahuan-curi-besi-hingga-tewas-ditikam,Yes,Ads Disguised as Content,Restricted ad serving,ca-pub-7784034061253020,3,2024-08-06,2024-08-06
solo.tribunnews.com,Page,N/A,N/A,solo.tribunnews.com/2021/03/26/sang-adik-julie-estelle-baru-saja-nikah-begini-kabar-cathy-sharon-setelah-cerai-dari-eka-kusuma,No,Shocking content,Restricted ad serving,ca-pub-7784034061253020,2,2024-08-06,2024-08-06
solo.tribunnews.com,Page,N/A,N/A,solo.tribunnews.com/2019/07/27/kecanduan-lihat-film-porno-mempraktikkannya-akhirnya-wanita-ini-sembuh-usai-ke-indonesia,No,Adult: Sexual content,Restricted ad serving,ca-pub-7784034061253020,2,2024-08-05,2024-08-05
palembang.tribunnews.com,Page,N/A,N/A,palembang.tribunnews.com/2019/08/20/gaya-hidup-ayam-kampus-sekali-kencan-rp-10-juta,No,Adult: Sexual content,Restricted ad serving,ca-pub-7784034061253020,2,2024-08-05,2024-08-05
medan.tribunnews.com,Page,N/A,N/A,medan.tribunnews.com/2018/01/13/video-syur-mirip-merion-jola-idol-2017-berdurasi-45-menit-bikin-heboh,Yes,Site Behavior: Navigation,Restricted ad serving,ca-pub-7784034061253020,2,2024-08-06,2024-08-06
makassar.tribunnews.com,Page,N/A,N/A,makassar.tribunnews.com/2024/08/06/golkar-terbitkan-rekomendasi-bacakada-di-sulsel-andi-sudirman-terbang-ke-jakarta,Yes,Malicious or unwanted software,Disabled ad serving,,2,2024-08-06,2024-08-06
kupang.tribunnews.com,Page,N/A,N/A,kupang.tribunnews.com/2019/05/24/bintang-film-dewasa-tertua-shigeo-lebih-enak-main-dengan-wanita-usia-30-an-dari-pada-20-an,No,Adult: Sexual content,Restricted ad serving,ca-pub-7784034061253020,2,2024-08-05,2024-08-05
kupang.tribunnews.com,Page,N/A,N/A,kupang.tribunnews.com/2012/09/06/heboh...-siswi-bugil-hebohkan-belu,No,Adult: Sexual content,Restricted ad serving,ca-pub-7784034061253020,2,2024-08-05,2024-08-05
jateng.tribunnews.com,Page,N/A,N/A,jateng.tribunnews.com/2016/09/26/gara-gara-unggah-foto-tanpa-busana-cewek-cantik-ini-banjir-hujatan,No,Adult: Sexual content,Restricted ad serving,ca-pub-7784034061253020,2,2024-08-04,2024-08-04
cirebon.tribunnews.com,Page,N/A,N/A,cirebon.tribunnews.com/2019/07/19/suami-istri-join-dengan-para-single-di-pesta-seks-bertukar-pasangan-digerebek-polisi-saat-bugil,No,Adult: Sexual content,Restricted ad serving,ca-pub-7784034061253020,2,2024-08-04,2024-08-04
bengkulu.tribunnews.com,Page,N/A,N/A,bengkulu.tribunnews.com/2022/04/18/download-manhwaland-apk-situs-baca-komik-dewasa-online-versi-mod-2022,Yes,Ads Disguised as Content,Restricted ad serving,ca-pub-7784034061253020,2,2024-08-06,2024-08-06
belitung.tribunnews.com,Page,N/A,N/A,belitung.tribunnews.com/2017/10/19/edan-di-negara-ini-hewan-dijadikan-pemuas-nafsu-seks-dalam-prostitusi-tarifnya-cukup-fantastis,No,Adult: Sexual content,Restricted ad serving,ca-pub-7784034061253020,2,2024-08-06,2024-08-06
belitung.tribunnews.com,Page,N/A,N/A,belitung.tribunnews.com/2017/10/11/bayar-jasa-layanan-psk-dengan-ini-pelanggan-menang-banyak-si-wanita-kecewa-dan-lapor-polisi,No,Adult: Sexual content,Restricted ad serving,ca-pub-7784034061253020,2,2024-08-05,2024-08-05
banjarmasin.tribunnews.com,Page,N/A,N/A,banjarmasin.tribunnews.com/2024/07/02/bejat-kakek-di-maros-sulsel-rudapaksa-bocah-perempuan-kepergok-paman-korban,Yes,Malicious or unwanted software,Disabled ad serving,,2,2024-08-04,2024-08-04
bangka.tribunnews.com,Page,N/A,N/A,bangka.tribunnews.com/tag/video-zaki-pohan-remas-payudara-adhisty-zara,Yes,Google-served ads on screens without publisher-content,Restricted ad serving,ca-pub-7784034061253020,2,2024-08-05,2024-08-05
bangka.tribunnews.com,Page,N/A,N/A,bangka.tribunnews.com/tag/adegan,No,Adult: Sexual content,Restricted ad serving,ca-pub-7784034061253020,2,2024-08-05,2024-08-05
bangka.tribunnews.com,Page,N/A,N/A,bangka.tribunnews.com/2016/09/12/inilah-shigeo-tokuda-kakek-bintang-film-porno-tertua-di-dunia-hanya-sekali-pakai-viagra,No,Adult: Sexual content,Restricted ad serving,ca-pub-7784034061253020,2,2024-08-04,2024-08-04
wartakota.tribunnews.com,Page,N/A,N/A,wartakota.tribunnews.com/2019/03/15/video-pelaku-memberondong-jamaah-masjid-sambil-live-video,Yes,Google-served ads on screens without publisher-content,Restricted ad serving,ca-pub-7784034061253020,1,2024-08-05,2024-08-05
pekanbaru.tribunnews.com,Page,N/A,N/A,pekanbaru.tribunnews.com/2015/01/15/ini-dia-adegan-seks-paling-aneh-di-film-hollywood?page=5,No,Adult: Sexual content,Restricted ad serving,ca-pub-7784034061253020,1,2024-08-06,2024-08-06
palembang.tribunnews.com,Page,N/A,N/A,palembang.tribunnews.com/2020/01/09/sudah-sepekan-harga-rokok-di-palembang-naik-sampoerna-rp-29200-per-bungkus,No,Tobacco,Restricted ad serving,ca-pub-7784034061253020,1,2024-08-05,2024-08-05
makassar.tribunnews.com,Page,N/A,N/A,makassar.tribunnews.com/2019/07/19/5-fakta-viralnya-video-mesum-anak-sd-di-magetan-dilakukan-saat-pulang-sekolah-saat-ibu-ke-sawah?page=3,No,Adult: Sexual content,Restricted ad serving,ca-pub-7784034061253020,1,2024-08-04,2024-08-04
m.tribunnews.com,Page,N/A,N/A,m.tribunnews.com/video/2015/10/16/diduga-cabuli-bocah-kakek-dilapor-ke-polisi-maros,Yes,Malicious or unwanted software,Disabled ad serving,,1,2024-08-04,2024-08-04
m.tribunnews.com,Page,N/A,N/A,m.tribunnews.com/internasional/2017/09/13/cowok-indonesia-ini-laku-jadi-bintang-film-dewasa-di-luar-negeri,No,Adult: Sexual content,Restricted ad serving,ca-pub-7784034061253020,1,2024-08-05,2024-08-05
kupang.tribunnews.com,Page,N/A,N/A,kupang.tribunnews.com/2019/03/02/scorpio-dan-4-zodiak-ini-paling-lihai-di-ranjang-stamina-prima-dan-mampu-puaskan-pasangan?page=all,No,Adult: Sexual content,Restricted ad serving,ca-pub-7784034061253020,1,2024-08-05,2024-08-05
belitung.tribunnews.com,Page,N/A,N/A,belitung.tribunnews.com/2016/01/16/lihat-ini-10-komentar-lucu-wanita-saat-pertama-kali-melihat-mr-p?page=3,No,Adult: Sexual content,Restricted ad serving,ca-pub-7784034061253020,1,2024-08-05,2024-08-05
bangka.tribunnews.com,Page,N/A,N/A,bangka.tribunnews.com/2017/05/05/live-sex-digerebek-rp-700-ribu-untuk-tarian-bugil-plus-hubungan-intim,No,Adult: Sexual content,Restricted ad serving,ca-pub-7784034061253020,1,2024-08-06,2024-08-06
ambon.tribunnews.com,Page,N/A,N/A,ambon.tribunnews.com/2019/10/03/viral-lagi-hangat-gadis-putih-mulus-bersama-pria-di-kamar-obrolan-dialek-manado-soal-baju,No,Adult: Sexual content,Restricted ad serving,ca-pub-7784034061253020,1,2024-08-04,2024-08-04
aceh.tribunnews.com,Page,N/A,N/A,aceh.tribunnews.com/2019/10/05/viral-pegawai-bank-video-call-tanpa-busana-fotonya-bocor-di-11-akun-ig-hingga-heboh?page=2,No,Adult: Sexual content,Restricted ad serving,ca-pub-7784034061253020,1,2024-08-05,2024-08-05
aceh.tribunnews.com,Page,N/A,N/A,aceh.tribunnews.com/2018/03/26/pengakuan-germo-ini-alasan-para-wanita-gabung-prostitusi-online,No,Shocking content,Restricted ad serving,ca-pub-7784034061253020,1,2024-08-04,2024-08-04
