Site or app,Entity,Platform,App package name or store ID,Issue location,Must fix,Issues,Status,Property codes,Ad requests - last 7 days,Date reported,Last date found
trends.tribunnews.com,Page,N/A,N/A,trends.tribunnews.com/2024/12/04/video-syur-mirip-onic-vior-15-menit-viral-link-rekaman-diburu-begini-awal-mula-viral-di-x-twitter,No,Adult: Sexual content,Restricted ad serving,ca-pub-7784034061253020,121000,2024-12-11,2024-12-17
medan.tribunnews.com,Page,N/A,N/A,medan.tribunnews.com/2024/12/12/viral-dokter-koas-dipukuli-pelaku-sopir-pribadi-dari-istri-oknum-pejabat-di-kalimantan-barat,No,Shocking content,Restricted ad serving,ca-pub-7784034061253020,62000,2024-12-12,2024-12-17
medan.tribunnews.com,Page,N/A,N/A,medan.tribunnews.com/2024/12/09/nasib-siswa-sma-cibitung-viralkan-sekolah-pungli-rp25-juta-untuk-urug-tanah-terancam-dikeluarkan,No,Adult: Sexual content,Restricted ad serving,ca-pub-7784034061253020,53000,2024-12-11,2024-12-17
www.tribunnews.com,Page,N/A,N/A,www.tribunnews.com/regional/2024/12/10/ngamuk-sering-diejek-rudi-tikam-3-anak-tetangga-di-deliserdang-bayi-15-tahun-tewas-mengenaskan,No,Shocking content,Restricted ad serving,ca-pub-7784034061253020,11000,2024-12-11,2024-12-17
aceh.tribunnews.com,Page,N/A,N/A,aceh.tribunnews.com/2024/12/07/14-daerah-yang-sudah-cair-bansos-pkh-desember-2024-segera-cek-daftar-penerima?source=kgnotif_1,No,Shocking content,Restricted ad serving,ca-pub-7784034061253020,11000,2024-12-14,2024-12-17
surabaya.tribunnews.com,Page,N/A,N/A,surabaya.tribunnews.com/2024/12/12/gelagat-penjual-cilok-surabaya-diduga-tak-amanah-usai-dapat-donasi-santai-dan-tak-merasa-bersalah,No,Shocking content,Restricted ad serving,ca-pub-7784034061253020,10000,2024-12-13,2024-12-15
aceh.tribunnews.com,Page,N/A,N/A,aceh.tribunnews.com/2024/12/06/israel-makin-brutal-membabi-buta-bombardir-rs-kamal-adwan-usir-paksa-para-dokter-di-gaza-utara?source=kgnotif_1,No,Shocking content,Restricted ad serving,ca-pub-7784034061253020,10000,2024-12-13,2024-12-17
pekanbaru.tribunnews.com,Page,N/A,N/A,pekanbaru.tribunnews.com/2024/12/06/kepala-cucu-diterkam-buaya-saat-cuci-kaki-nenek-di-tanah-merah-inhil-riau-histeris?source=kgnotif_1,No,Adult: Sexual content,Restricted ad serving,ca-pub-7784034061253020,10000,2024-12-13,2024-12-17
palembang.tribunnews.com,Page,N/A,N/A,palembang.tribunnews.com/2024/12/07/viral-pelaku-cabul-di-sukabangun-palembang-tewas-diamuk-massa-usai-rudapaksa-remaja-di-masjid?source=kgnotif_1,No,Shocking content,Restricted ad serving,ca-pub-7784034061253020,9700,2024-12-14,2024-12-17
jatim.tribunnews.com,Page,N/A,N/A,jatim.tribunnews.com/2024/12/12/dulu-nganggur-kini-sukses-jadi-petani-muda-marwan-bisa-dapat-rp15-juta-sehari-pakai-sistem-modern?page=4,No,Adult: Sexual content,Restricted ad serving,ca-pub-7784034061253020,9400,2024-12-12,2024-12-15
madura.tribunnews.com,Page,N/A,N/A,madura.tribunnews.com/2024/11/29/cemburu-buta-suami-bakar-istri-hidup-hidup-usai-coblosan?source=kgnotif_1,No,Adult: Sexual content;Shocking content,Restricted ad serving,ca-pub-7784034061253020,8200,2024-12-14,2024-12-17
trends.tribunnews.com,Page,N/A,N/A,trends.tribunnews.com/2024/12/10/awal-mula-video-syur-mirip-nita-vior-viral-di-x-link-video-masih-diburu-netizen-manajer-buka-suara,No,Adult: Sexual content,Restricted ad serving,ca-pub-7784034061253020,8200,2024-12-11,2024-12-17
makassar.tribunnews.com,Page,N/A,N/A,makassar.tribunnews.com/2020/07/06/ciri-ciri-wanita-tidak-perawan-lihat-6-bentuk-fisiknya?page=2,No,Adult: Sexual content,Restricted ad serving,ca-pub-7784034061253020,6900,2024-12-11,2024-12-17
pekanbaru.tribunnews.com,Page,N/A,N/A,pekanbaru.tribunnews.com/2024/12/16/breaking-news-warga-padang-sumbar-diduga-akhiri-hidup-di-tol-pekanbaru-dumai-kondisi-mengenaskan,No,Shocking content,Restricted ad serving,ca-pub-7784034061253020,6100,2024-12-16,2024-12-16
banjarmasin.tribunnews.com,Page,N/A,N/A,banjarmasin.tribunnews.com/2024/12/14/update-dugaan-oknum-polisi-palangkaraya-bunuh-wanita-banjarmasin-kronologi-dan-indentitas-terungkap,No,Shocking content,Restricted ad serving,ca-pub-7784034061253020,5700,2024-12-14,2024-12-16
jambi.tribunnews.com,Page,N/A,N/A,jambi.tribunnews.com/2018/02/22/2-kategori-dan-49-istilah-yang-sering-digunakan-di-film-biru,No,Adult: Sexual content,Restricted ad serving,ca-pub-7784034061253020,5100,2024-12-11,2024-12-17
aceh.tribunnews.com,Page,N/A,N/A,aceh.tribunnews.com/2024/12/15/trans-continent-datangkan-alat-berat-senilai-rp-6-miliar-ke-gorontalo-diimpor-langsung-dari-cina,No,Shocking content,Restricted ad serving,ca-pub-7784034061253020,4500,2024-12-15,2024-12-15
makassar.tribunnews.com,Page,N/A,N/A,makassar.tribunnews.com/2020/07/06/ciri-ciri-wanita-tidak-perawan-lihat-6-bentuk-fisiknya?page=3,No,Adult: Sexual content,Restricted ad serving,ca-pub-7784034061253020,4500,2024-12-11,2024-12-17
jambi.tribunnews.com,Page,N/A,N/A,jambi.tribunnews.com/2024/12/13/brigpol-tri-yudha-polisi-yang-dibacook-otk-di-lanny-jaya-papua-pegunungan-meninggal-dunia,No,Adult: Sexual content,Restricted ad serving,ca-pub-7784034061253020,4500,2024-12-13,2024-12-16
madura.tribunnews.com,Page,N/A,N/A,madura.tribunnews.com/2024/12/01/tiga-angin-puting-beliung-mengepung-pemukiman-di-pulau-mandangin-sampang-rumah-warga-jadi-korban?source=kgnotif_1,No,Adult: Sexual content,Restricted ad serving,ca-pub-7784034061253020,4200,2024-12-16,2024-12-17
kupang.tribunnews.com,Page,N/A,N/A,kupang.tribunnews.com/2022/10/10/link-tiktok-dewasa-aplikasi-tiktok-18-plus-dengan-video-vulgar-bukan-untuk-anak-anak,No,Adult: Sexual content,Restricted ad serving,ca-pub-7784034061253020,3900,2024-12-11,2024-12-17
banjarmasin.tribunnews.com,Page,N/A,N/A,banjarmasin.tribunnews.com/2024/12/14/buntut-cekcok-mulut-telapak-tangan-pria-di-simpangempat-sungaibaru-tala-belah-dibacok-seteru,No,Shocking content,Restricted ad serving,ca-pub-7784034061253020,3800,2024-12-13,2024-12-16
pekanbaru.tribunnews.com,Page,N/A,N/A,pekanbaru.tribunnews.com/404,Yes,Google-served ads on screens without publisher-content,Restricted ad serving,ca-pub-7784034061253020,3700,2024-12-11,2024-12-17
kaltim.tribunnews.com,Page,N/A,N/A,kaltim.tribunnews.com/2023/02/12/6-anime-yang-haram-ditonton-oleh-bocil-miliki-adegan-dan-karakter-panas-tanpa-sensor,No,Adult: Sexual content,Restricted ad serving,ca-pub-7784034061253020,3200,2024-12-11,2024-12-17
jatim.tribunnews.com,Page,N/A,N/A,jatim.tribunnews.com/2024/12/09/breaking-news-rekapitulasi-suara-pilgub-jatim-selesai-khofifah-emil-menang-di-36-daerah-jawa-timur?source=kgnotif_1,No,Shocking content,Restricted ad serving,ca-pub-7784034061253020,3100,2024-12-17,2024-12-17
makassar.tribunnews.com,Page,N/A,N/A,makassar.tribunnews.com/2018/01/06/video-viral-tante-vs-bocah-anak-anak-itu-sebenarnya-tolak-hubungan-badan-tapi-diimingi-ini,Yes,Ads Disguised as Content;Adult: Sexual content,Restricted ad serving,ca-pub-7784034061253020,3000,2024-12-11,2024-12-17
style.tribunnews.com,Page,N/A,N/A,style.tribunnews.com/2022/11/04/5-rekomendasi-anime-erotis-tanpa-sensor-penuh-dengan-adegan-syur-ada-serial-high-school-dxd,No,Adult: Sexual content,Restricted ad serving,ca-pub-7784034061253020,2900,2024-12-11,2024-12-17
www.tribunnews.com,Page,N/A,N/A,www.tribunnews.com/internasional/2015/03/04/istri-minta-cerai-karena-penis-suami-terlalu-besar,No,Adult: Sexual content,Restricted ad serving,ca-pub-7784034061253020,2800,2024-12-11,2024-12-17
style.tribunnews.com,Page,N/A,N/A,style.tribunnews.com/2017/08/22/4-anime-dewasa-yang-tidak-boleh-ditonton-anak-kecil-awas-banyak-adegan-erotisnya,No,Adult: Sexual content,Restricted ad serving,ca-pub-7784034061253020,2800,2024-12-11,2024-12-17
kaltim.tribunnews.com,Page,N/A,N/A,kaltim.tribunnews.com/2024/08/08/video-viral-erika-blunder-8-menit-prank-ojol-apa-isinya-klarifikasi-dan-faktasebenarnya,No,Adult: Sexual content,Restricted ad serving,ca-pub-7784034061253020,2700,2024-12-11,2024-12-17
madura.tribunnews.com,Page,N/A,N/A,madura.tribunnews.com/,No,Adult: Sexual content,Restricted ad serving,ca-pub-7784034061253020;ca-video-pub-7784034061253020,2700,2024-12-16,2024-12-17
m.tribunnews.com,Page,N/A,N/A,m.tribunnews.com/tag/video-call-sex-vcs,No,Adult: Sexual content,Restricted ad serving,ca-pub-7784034061253020,2500,2024-12-11,2024-12-17
medan.tribunnews.com,Page,N/A,N/A,medan.tribunnews.com/2024/12/03/terekam-cctv-aksi-tega-pengasuh-aniaya-dan-lempar-bayi-berumur-2-hari-diburu-polisi,No,Shocking content,Restricted ad serving,ca-pub-7784034061253020,2400,2024-12-11,2024-12-15
medan.tribunnews.com,Page,N/A,N/A,medan.tribunnews.com/2024/12/03/terekam-cctv-aksi-tega-pengasuh-aniaya-dan-lempar-bayi-berumur-2-hari-diburu-polisi?source=kgnotif_1,No,Shocking content,Restricted ad serving,ca-pub-7784034061253020,2400,2024-12-12,2024-12-16
bangka.tribunnews.com,Page,N/A,N/A,bangka.tribunnews.com/2017/09/14/bertobat-pemeran-tarzan-x-tinggalkan-film-biru-setelah-banyak-merenung?page=all,No,Adult: Sexual content,Restricted ad serving,ca-pub-7784034061253020,2400,2024-12-11,2024-12-17
sulbar.tribunnews.com,Page,N/A,N/A,sulbar.tribunnews.com/2023/04/24/16-link-full-video-syakirah-viral-tampil-vulgar-beredar-di-tiktok-dan-twitter-masih-diburu-nitizen,No,Adult: Sexual content,Restricted ad serving,ca-pub-7784034061253020,2300,2024-12-11,2024-12-17
jogja.tribunnews.com,Page,N/A,N/A,jogja.tribunnews.com/2023/09/23/lirik-dan-terjemahan-lagu-youre-on-your-own-kid-taylor-swift,No,Adult: Sexual content,Restricted ad serving,ca-pub-7784034061253020,2300,2024-12-11,2024-12-17
makassar.tribunnews.com,Page,N/A,N/A,makassar.tribunnews.com/2016/11/23/bungkuk-udang-nafsu-tinggi-betulkah,No,Adult: Sexual content,Restricted ad serving,ca-pub-7784034061253020,2200,2024-12-11,2024-12-17
medan.tribunnews.com,Page,N/A,N/A,medan.tribunnews.com/2024/10/16/pilu-agus-kini-divonis-buta-permanen-uang-donasi-rp15-m-kontroversi-hingga-warganet-minta-kembali,No,Shocking content,Restricted ad serving,ca-pub-7784034061253020,2200,2024-12-11,2024-12-17
jateng.tribunnews.com,Page,N/A,N/A,jateng.tribunnews.com/2024/12/15/viral-video-5-pelaku-pengeroyokan-di-pantai-muarareja-tegal-1-orang-masih-di-bawah-umur,No,Shocking content,Restricted ad serving,ca-pub-7784034061253020,2200,2024-12-15,2024-12-17
bangka.tribunnews.com,Page,N/A,N/A,bangka.tribunnews.com/2016/01/27/begini-cara-mengamankan-akun-facebook-dari-konten-porno,No,Shocking content,Restricted ad serving,ca-pub-7784034061253020,2100,2024-12-11,2024-12-17
makassar.tribunnews.com,Page,N/A,N/A,makassar.tribunnews.com/2020/07/06/ciri-ciri-wanita-tidak-perawan-lihat-6-bentuk-fisiknya?page=4,No,Adult: Sexual content,Restricted ad serving,ca-pub-7784034061253020,2000,2024-12-11,2024-12-17
bangka.tribunnews.com,Page,N/A,N/A,bangka.tribunnews.com/2020/10/12/5-posisi-bercinta-agar-perempuan-raih-kepuasan-wot-hingga-sideways-straddle,No,Adult: Sexual content,Restricted ad serving,ca-pub-7784034061253020,2000,2024-12-11,2024-12-17
m.tribunnews.com,Page,N/A,N/A,m.tribunnews.com/nasional,No,Adult: Sexual content,Restricted ad serving,ca-pub-7784034061253020,2000,2024-12-16,2024-12-17
bali.tribunnews.com,Page,N/A,N/A,bali.tribunnews.com/2024/12/16/hilang-sejak-kemarin-tim-sar-masih-lakukan-pencarian-korban-tenggelam-di-pantai-balangan-bali,No,Shocking content,Restricted ad serving,ca-pub-7784034061253020,1900,2024-12-15,2024-12-17
pekanbaru.tribunnews.com,Page,N/A,N/A,pekanbaru.tribunnews.com/2022/07/06/inilah-kode-istilah-dalam-dunia-prostitusi-michat-st-lt-gh-exclude,No,Adult: Sexual content,Restricted ad serving,ca-pub-7784034061253020,1800,2024-12-11,2024-12-17
jabar.tribunnews.com,Page,N/A,N/A,jabar.tribunnews.com/2013/02/08/inilah-10-bintang-film-panas-paling-berpendidikan-tinggi,No,Adult: Sexual content,Restricted ad serving,ca-pub-7784034061253020,1800,2024-12-11,2024-12-17
batam.tribunnews.com,Page,N/A,N/A,batam.tribunnews.com/2024/12/14/lina-dedy-alami-stres-berat-karena-kelakuan-supir-kesayangannya-sering-nangis-dan-tak-berani-keluar?page=2,No,Adult: Sexual content,Restricted ad serving,ca-pub-7784034061253020,1700,2024-12-13,2024-12-15
jateng.tribunnews.com,Page,N/A,N/A,jateng.tribunnews.com/2022/03/12/tsubomi-artis-film-jepang-jav-hamil-seusai-main-dengan-aktor-pria-tanpa-pengaman,No,Adult: Sexual content,Restricted ad serving,ca-pub-7784034061253020,1700,2024-12-11,2024-12-17
video.tribunnews.com,Page,N/A,N/A,video.tribunnews.com/view/781052/pengasuh-tega-siksa-bayi-usia-2-hari-secara-brutal-orangtua-sang-bayi-syok-pelaku-melarikan-diri,No,Shocking content,Restricted ad serving,ca-pub-7784034061253020,1600,2024-12-11,2024-12-15
kaltim.tribunnews.com,Page,N/A,N/A,kaltim.tribunnews.com/2024/08/15/biodata-erika-putri-sosoknya-viral-gegara-video-blunder-8-menit-prank-ojol,No,Adult: Sexual content,Restricted ad serving,ca-pub-7784034061253020,1500,2024-12-11,2024-12-17
pekanbaru.tribunnews.com,Page,N/A,N/A,pekanbaru.tribunnews.com/2023/02/01/daftar-film-yoo-jung-ii,No,Adult: Sexual content,Restricted ad serving,ca-pub-7784034061253020,1500,2024-12-11,2024-12-17
jateng.tribunnews.com,Page,N/A,N/A,jateng.tribunnews.com/2024/02/28/segini-tarif-harga-terapi-alat-vital-di-h-saepudin-cucu-mak-erot,No,Adult: Sexual content,Restricted ad serving,ca-pub-7784034061253020,1500,2024-12-11,2024-12-17
jambi.tribunnews.com,Page,N/A,N/A,jambi.tribunnews.com/2019/12/04/lima-wanita-bintang-film-dewasa-paling-favorit-nomor-4-kategori-adegan-sesama-jenis-terbaik,No,Adult: Sexual content,Restricted ad serving,ca-pub-7784034061253020,1500,2024-12-11,2024-12-17
kaltim.tribunnews.com,Page,N/A,N/A,kaltim.tribunnews.com/2023/06/06/dilarang-tayang-di-indonesia-5-anime-penuh-adegan-panas-18-tanpa-sensor?page=all,No,Adult: Sexual content,Restricted ad serving,ca-pub-7784034061253020,1500,2024-12-11,2024-12-17
pontianak.tribunnews.com,Page,N/A,N/A,pontianak.tribunnews.com/2018/01/28/inilah-7-ciri-wanita-kecanduan-masturbasi-7-persen-cewek-melakukannya-setiap-hari,No,Adult: Sexual content,Restricted ad serving,ca-pub-7784034061253020,1500,2024-12-11,2024-12-17
sultra.tribunnews.com,Page,N/A,N/A,sultra.tribunnews.com/2023/04/11/video-ojol-sama-ayam-viral-di-tiktok-dan-twitter-aksi-pemeran-lelaki-dianggap-meresahkan,No,Adult: Sexual content,Restricted ad serving,ca-pub-7784034061253020,1500,2024-12-11,2024-12-17
bangka.tribunnews.com,Page,N/A,N/A,bangka.tribunnews.com/2022/03/06/begini-cara-meracik-merica-kopi-telur-dan-madu-sebagai-obat-kuat-pria-minum-pas-hangat,No,Adult: Sexual content,Restricted ad serving,ca-pub-7784034061253020,1400,2024-12-11,2024-12-17
medan.tribunnews.com,Page,N/A,N/A,medan.tribunnews.com/2022/04/02/motif-ayu-dewanti-kerap-rekam-dirinya-tanpa-busana-dan-hubungan-intim-lalu-diunggah-ke-media-sosial,No,Adult: Sexual content,Restricted ad serving,ca-pub-7784034061253020,1400,2024-12-11,2024-12-17
www.tribunnews.com,Page,N/A,N/A,www.tribunnews.com/metropolitan,No,Shocking content,Restricted ad serving,ca-pub-7784034061253020,1400,2024-12-15,2024-12-17
medan.tribunnews.com,Page,N/A,N/A,medan.tribunnews.com/2022/11/22/cara-memanjakan-mr-p-suami-menurut-seksolog-zoya-amirin,No,Adult: Sexual content,Restricted ad serving,ca-pub-7784034061253020,1300,2024-12-11,2024-12-17
aceh.tribunnews.com,Page,N/A,N/A,aceh.tribunnews.com/2022/09/15/istri-perlu-tahu-begini-cara-puaskan-suami-jika-sedang-haid-jangan-biarkan-pasangan-anda-buat-dosa,No,Adult: Sexual content,Restricted ad serving,ca-pub-7784034061253020,1300,2024-12-11,2024-12-17
jatim.tribunnews.com,Page,N/A,N/A,jatim.tribunnews.com/2024/12/10/warga-cemas-dulu-kampung-ramai-jam-11-malam-jadi-sepi-usai-ada-kasus-pembunuhan-datangi-polsek,No,Shocking content,Restricted ad serving,ca-pub-7784034061253020,1300,2024-12-11,2024-12-16
kaltim.tribunnews.com,Page,N/A,N/A,kaltim.tribunnews.com/2024/08/11/video-viral-erika-putri-dan-ojol-8-menit-blunder-masih-dicari-si-selebgram-respons-santai,No,Adult: Sexual content,Restricted ad serving,ca-pub-7784034061253020,1300,2024-12-11,2024-12-17
jogja.tribunnews.com,Page,N/A,N/A,jogja.tribunnews.com/2023/07/22/apa-itu-bdsm-begini-sejarah-dan-ciri-ciri-orang-yang-suka-sadomasokisme,No,Adult: Sexual content,Restricted ad serving,ca-pub-7784034061253020,1300,2024-12-11,2024-12-17
pekanbaru.tribunnews.com,Page,N/A,N/A,pekanbaru.tribunnews.com/2023/09/21/link-download-film-birahi-muda-kelas-bintang-diperankan-chaca-novita-dan-meli-3gp-disebar-di-twitter,No,Adult: Sexual content,Restricted ad serving,ca-pub-7784034061253020,1300,2024-12-11,2024-12-17
trends.tribunnews.com,Page,N/A,N/A,trends.tribunnews.com/2024/11/26/video-syur-diduga-nita-vior-onic-viral-pamer-area-sensitif-dalam-15-menit-begini-reaksi-manajer,No,Adult: Sexual content,Restricted ad serving,ca-pub-7784034061253020,1300,2024-12-11,2024-12-16
www.tribunnews.com,Page,N/A,N/A,www.tribunnews.com/seleb/2022/09/16/lirik-lagu-kutukan-mantan-alx-studio-tidur-malam-minum-es-teh-satu-gelas,Yes,Ads Disguised as Content,Restricted ad serving,ca-pub-7784034061253020,1200,2024-12-11,2024-12-17
style.tribunnews.com,Page,N/A,N/A,style.tribunnews.com/2023/02/08/5-anime-yang-penuh-dengan-adegan-panas-17-ada-yosuga-no-sora-waspada-bocil-dilarang-nonton,No,Adult: Sexual content,Restricted ad serving,ca-pub-7784034061253020,1200,2024-12-11,2024-12-17
kupang.tribunnews.com,Page,N/A,N/A,kupang.tribunnews.com/2015/04/22/banyak-jasa-layanan-pijat-yang-plus-plus-berikut-ini-ciri-cirinya,No,Adult: Sexual content,Restricted ad serving,ca-pub-7784034061253020,1200,2024-12-11,2024-12-17
jambi.tribunnews.com,Page,N/A,N/A,jambi.tribunnews.com/2024/12/16/tak-terima-dimaki-dan-ditendang-istri-di-manggarai-timur-pukul-suami-mabuk-hingga-meninggal,No,Shocking content,Restricted ad serving,ca-pub-7784034061253020,1200,2024-12-16,2024-12-17
aceh.tribunnews.com,Page,N/A,N/A,aceh.tribunnews.com/2021/06/16/suami-istri-adalah-muhrim-apakah-batal-wudhunya-jika-bersentuhan-kulit-simak-kata-uas-buya-yahya,No,Google-served ads obscuring content,Restricted ad serving,ca-pub-7784034061253020,1200,2024-12-11,2024-12-17
bengkulu.tribunnews.com,Page,N/A,N/A,bengkulu.tribunnews.com/2022/09/12/aplikasi-kamera-tembus-pandang-yang-dilarang-usia-dibawah-18-kebawah-jangan-coba-coba-download,Yes,Ads Disguised as Content,Restricted ad serving,ca-pub-7784034061253020,1200,2024-12-11,2024-12-17
trends.tribunnews.com,Page,N/A,N/A,trends.tribunnews.com/2023/09/15/sosok-meli-3gp-main-film-porno-bareng-siskaeee-virly-virginia-ig-penuh-foto-seksi-eks-spg-rokok,No,Adult: Sexual content,Restricted ad serving,ca-pub-7784034061253020,1200,2024-12-11,2024-12-16
aceh.tribunnews.com,Page,N/A,N/A,aceh.tribunnews.com/2018/04/19/misteri-saddam-husein-masih-hidup-dan-dikubur-kembarannya-ini-pengakuan-agen-cia,No,Shocking content,Restricted ad serving,ca-pub-7784034061253020,1100,2024-12-16,2024-12-17
banjarmasin.tribunnews.com,Page,N/A,N/A,banjarmasin.tribunnews.com/2024/12/14/update-dugaan-oknum-polisi-palangkaraya-bunuh-wanita-banjarmasin-kronologi-dan-indentitas-terungkap?page=2,No,Shocking content,Restricted ad serving,ca-pub-7784034061253020,1100,2024-12-14,2024-12-15
pekanbaru.tribunnews.com,Page,N/A,N/A,pekanbaru.tribunnews.com/2023/06/02/arti-bbw-dalam-bahasa-gaul-digunakan-khusus-untuk-cewek,No,Google-served ads obscuring content,Restricted ad serving,ca-pub-7784034061253020,1100,2024-12-11,2024-12-17
sulbar.tribunnews.com,Page,N/A,N/A,sulbar.tribunnews.com/2024/11/04/dugaan-korupsi-dana-desa-2021-2023-di-polman-56-kades-sudah-penuhi-penggilan-tim-audit-inspektorat,No,Adult: Sexual content,Restricted ad serving,ca-pub-7784034061253020,1100,2024-12-14,2024-12-16
surabaya.tribunnews.com,Page,N/A,N/A,surabaya.tribunnews.com/404,Yes,Google-served ads on screens without publisher-content,Restricted ad serving,ca-pub-7784034061253020,1100,2024-12-11,2024-12-17
bangka.tribunnews.com,Page,N/A,N/A,bangka.tribunnews.com/2017/09/14/bertobat-pemeran-tarzan-x-tinggalkan-film-biru-setelah-banyak-merenung,No,Adult: Sexual content,Restricted ad serving,ca-pub-7784034061253020,1100,2024-12-15,2024-12-17
aceh.tribunnews.com,Page,N/A,N/A,aceh.tribunnews.com/2024/12/15/aiptu-hidayat-dan-brigpol-tri-yudha-meninggal-dibacok-otk-di-lanny-jaya-1-warga-sipil-tertembak,No,Shocking content,Restricted ad serving,ca-pub-7784034061253020,1100,2024-12-14,2024-12-16
trends.tribunnews.com,Page,N/A,N/A,trends.tribunnews.com/2023/12/07/apa-arti-pijat-plus-plus-istilah-viral-tiktok-sering-muncul-dalam-bahasa-gaul-ini-maknanya,No,Adult: Sexual content,Restricted ad serving,ca-pub-7784034061253020,1100,2024-12-11,2024-12-17
sulbar.tribunnews.com,Page,N/A,N/A,sulbar.tribunnews.com/2023/07/24/viral-video-anak-smp-berbuat-tak-senonoh-pakai-minyak-telon-bocor-ke-twitter-tiktok-dan-facebook,No,Adult: Sexual content,Restricted ad serving,ca-pub-7784034061253020,1100,2024-12-11,2024-12-17
sultra.tribunnews.com,Page,N/A,N/A,sultra.tribunnews.com/2023/02/20/video-erika-viral-di-tiktok-prank-ojol-full-1-menit-31-detik-awalnya-masuk-rumah-lalu-kamar-mandi,No,Adult: Sexual content,Restricted ad serving,ca-pub-7784034061253020,1000,2024-12-11,2024-12-17
belitung.tribunnews.com,Page,N/A,N/A,belitung.tribunnews.com/2016/10/02/memiliki-paras-cantik-9-wanita-ini-malah-terjun-jadi-bintang-film-porno,No,Adult: Sexual content,Restricted ad serving,ca-pub-7784034061253020,1000,2024-12-11,2024-12-17
sulbar.tribunnews.com,Page,N/A,N/A,sulbar.tribunnews.com/2023/11/01/tonton-di-yandex-com-dan-yandex-browser-jepang-video-viral-kualitas-dengan-hd-diakses-tanpa-ribet,No,Adult: Sexual content,Restricted ad serving,ca-pub-7784034061253020,1000,2024-12-11,2024-12-15
belitung.tribunnews.com,Page,N/A,N/A,belitung.tribunnews.com/2024/10/23/biodata-melly-3gp-ngaku-dijebak-main-film-dewasa-syuting-tanpa-busana-dan-divonis-1-tahun-penjara,No,Adult: Sexual content,Restricted ad serving,ca-pub-7784034061253020,1000,2024-12-11,2024-12-17
lampung.tribunnews.com,Page,N/A,N/A,lampung.tribunnews.com/2017/02/19/4-film-ini-disebut-punya-adegan-intim-paling-parah-dibanding-50-shades-of-grey,No,Adult: Sexual content,Restricted ad serving,ca-pub-7784034061253020,1000,2024-12-11,2024-12-17
surabaya.tribunnews.com,Page,N/A,N/A,surabaya.tribunnews.com/2020/11/10/lirik-dan-arti-sholawat-law-kana-bainanal-habib,No,Google-served ads obscuring content,Restricted ad serving,ca-pub-7784034061253020,1000,2024-12-11,2024-12-17
jambi.tribunnews.com,Page,N/A,N/A,jambi.tribunnews.com/2018/01/18/perhatikan-ini-ciri-wanita-yang-sering-melakukan-masturbasi-7-tanda-ini-bakal-mengungkapkannya,No,Adult: Sexual content,Restricted ad serving,ca-pub-7784034061253020,999,2024-12-11,2024-12-17
m.tribunnews.com,Page,N/A,N/A,m.tribunnews.com/regional/2024/12/10/ngamuk-sering-diejek-rudi-tikam-3-anak-tetangga-di-deliserdang-bayi-15-tahun-tewas-mengenaskan,No,Shocking content,Restricted ad serving,ca-pub-7784034061253020,994,2024-12-13,2024-12-17
makassar.tribunnews.com,Page,N/A,N/A,makassar.tribunnews.com/2021/07/20/cara-mudah-perbesar-ukuran-kejantanan-pria-dengan-daun-jarak-hasil-maksimal-harus-rutin-terapi,No,Adult: Sexual content,Restricted ad serving,ca-pub-7784034061253020,987,2024-12-11,2024-12-17
bali.tribunnews.com,Page,N/A,N/A,bali.tribunnews.com/2020/04/24/5-arti-mimpi-bercinta-dengan-rekan-kerja-hingga-teman-dekat-benarkah-pertanda-baik,No,Adult: Sexual content,Restricted ad serving,ca-pub-7784034061253020,981,2024-12-11,2024-12-17
belitung.tribunnews.com,Page,N/A,N/A,belitung.tribunnews.com/2020/08/21/istilah-istilah-yang-digunakan-pekerja-seks-komersial-di-media-sosial-untuk-gaet-pria-hidung-belang?page=all,No,Adult: Sexual content,Restricted ad serving,ca-pub-7784034061253020,969,2024-12-11,2024-12-17
m.tribunnews.com,Page,N/A,N/A,m.tribunnews.com/internasional/2024/10/28/pasukan-israel-serbu-jenin-dan-salfit-otoritas-palestina-ikut-tangkapi-warga-tepi-barat-kenapa,No,Shocking content,Restricted ad serving,ca-pub-7784034061253020,960,2024-12-12,2024-12-17
wartakota.tribunnews.com,Page,N/A,N/A,wartakota.tribunnews.com/epaper/,No,Google-served ads obscuring content,Restricted ad serving,ca-pub-7784034061253020,959,2024-12-11,2024-12-17
www.tribunnews.com,Page,N/A,N/A,www.tribunnews.com/seleb/2010/08/10/hongkong-buat-film-porno-3d-pertama,No,Adult: Sexual content,Restricted ad serving,ca-pub-7784034061253020,954,2024-12-11,2024-12-17
bangka.tribunnews.com,Page,N/A,N/A,bangka.tribunnews.com/2016/08/27/ternyata-beginilah-cara-jin-meniduri-wanita-saat-tidur-ini-cara-mencegahnya,No,Shocking content,Restricted ad serving,ca-pub-7784034061253020,947,2024-12-11,2024-12-17
bogor.tribunnews.com,Page,N/A,N/A,bogor.tribunnews.com/2024/12/13/sosok-mahasiswi-jadi-pemicu-dokter-koas-dipukuli-dijuluki-anak-mama-jabatan-sang-ayah-mentereng,No,Adult: Sexual content,Restricted ad serving,ca-pub-7784034061253020,944,2024-12-12,2024-12-16
sulbar.tribunnews.com,Page,N/A,N/A,sulbar.tribunnews.com/2023/04/01/link-video-viral-adegan-tak-senonoh-seleb-tiktok-baby-putie-beredar-di-twitter-ada-2-versi,No,Adult: Sexual content,Restricted ad serving,ca-pub-7784034061253020,942,2024-12-11,2024-12-17
jogja.tribunnews.com,Page,N/A,N/A,jogja.tribunnews.com/2023/05/27/13-arti-mimpi-ejakulasi-dan-orgasme-menurut-primbon-jawa-mengacu-pada-perasaan-tertekan,No,Adult: Sexual content,Restricted ad serving,ca-pub-7784034061253020,942,2024-12-11,2024-12-17
m.tribunnews.com,Page,N/A,N/A,m.tribunnews.com/internasional/2015/03/04/istri-minta-cerai-karena-penis-suami-terlalu-besar,No,Adult: Sexual content,Restricted ad serving,ca-pub-7784034061253020,928,2024-12-11,2024-12-15
mataraman.tribunnews.com,Page,N/A,N/A,mataraman.tribunnews.com/2023/12/14/daftar-lengkap-rute-dan-tarif-bus-bagong-jurusan-malang-ponorogo-yang-baru-diluncurkan,No,Shocking content,Restricted ad serving,ca-pub-7784034061253020,924,2024-12-11,2024-12-16
palembang.tribunnews.com,Page,N/A,N/A,palembang.tribunnews.com/2017/11/20/bikin-geleng-geleng-10-wanita-ini-disebut-sebagai-bintang-film-panas-paling-tajir-di-dunia,No,Adult: Sexual content,Restricted ad serving,ca-pub-7784034061253020,922,2024-12-11,2024-12-16
style.tribunnews.com,Page,N/A,N/A,style.tribunnews.com/2021/07/30/tontonan-dewasa-5-anime-18-ini-penuh-adegan-fanservice-jangan-nonton-bareng-anak-kecil,No,Adult: Sexual content,Restricted ad serving,ca-pub-7784034061253020,919,2024-12-11,2024-12-17
medan.tribunnews.com,Page,N/A,N/A,medan.tribunnews.com/2022/09/25/baru-tahu-ini-arti-mimpi-berhubungan-dengan-istri-orang-terkesan-tabu,Yes,Ads Disguised as Content;Adult: Sexual content,Restricted ad serving,ca-pub-7784034061253020,906,2024-12-11,2024-12-17
kupang.tribunnews.com,Page,N/A,N/A,kupang.tribunnews.com/2019/09/16/26-tanda-wanita-mempermainkan-perasaanmu-nomor-8-10-23-25-dan-26-bikin-baper,No,Adult: Sexual content,Restricted ad serving,ca-pub-7784034061253020,904,2024-12-11,2024-12-17
health.tribunnews.com,Page,N/A,N/A,health.tribunnews.com/2023/12/23/ini-arti-kode-p1-p2-p3-p4-p-l-l-2-tl-th-aps-dan-s-dalam-hasil-kelulusan-pppk-guru-2023,No,Shocking content,Restricted ad serving,ca-pub-7784034061253020,895,2024-12-11,2024-12-17
pontianak.tribunnews.com,Page,N/A,N/A,pontianak.tribunnews.com/kalbar/kapuashulu,Yes,Encouraging accidental clicks: Layout,Restricted ad serving,ca-pub-7784034061253020,887,2024-12-11,2024-12-17
bogor.tribunnews.com,Page,N/A,N/A,bogor.tribunnews.com/2021/12/09/arti-mimpi-berhubungan-badan-dengan-selingkuhan-ternyata-ada-2-tafsir-pertanda-baik-atau-buruk,No,Adult: Sexual content,Restricted ad serving,ca-pub-7784034061253020,876,2024-12-11,2024-12-17
medan.tribunnews.com,Page,N/A,N/A,medan.tribunnews.com/2022/04/24/video-syurnya-bikin-geger-tahun-2010-lalu-artis-luna-maya-akhirnya-bongkar-tabiat-minor-ariel-noah,Yes,Ads Disguised as Content,Restricted ad serving,ca-pub-7784034061253020,861,2024-12-11,2024-12-17
bali.tribunnews.com,Page,N/A,N/A,bali.tribunnews.com/2021/09/01/5-arti-mimpi-tentang-mandi-mimpi-melihat-orang-mandi-pertanda-kepuasan-seksual,No,Adult: Sexual content,Restricted ad serving,ca-pub-7784034061253020,851,2024-12-11,2024-12-17
manado.tribunnews.com,Page,N/A,N/A,manado.tribunnews.com/2019/07/24/ternyata-status-whatsapp-kamu-tersimpan-di-folder-ini-bisa-buka-kapan-saja-begini-caranya,No,Google-served ads obscuring content,Restricted ad serving,ca-pub-7784034061253020,850,2024-12-11,2024-12-17
medan.tribunnews.com,Page,N/A,N/A,medan.tribunnews.com/2023/01/09/dr-boyke-bongkar-cara-puaskan-istri-saat-berhubungan-intim-lakukan-tips-ala-casanova-ini,No,Adult: Sexual content,Restricted ad serving,ca-pub-7784034061253020,846,2024-12-11,2024-12-15
trends.tribunnews.com,Page,N/A,N/A,trends.tribunnews.com/2024/03/31/apa-arti-creampie-istilah-viral-tiktok-bukan-makanan-tapi-kosakata-dewasa-jangan-sembarang-diucap,No,Adult: Sexual content,Restricted ad serving,ca-pub-7784034061253020,844,2024-12-11,2024-12-17
bekasi.tribunnews.com,Page,N/A,N/A,bekasi.tribunnews.com/2022/10/05/film-jepang-terbaru-2022-yang-hanya-boleh-disaksikan-untuk-penonton-usia-18-tahun-ke-atas-apa-saja,No,Adult: Sexual content,Restricted ad serving,ca-pub-7784034061253020,841,2024-12-11,2024-12-17
banjarmasin.tribunnews.com,Page,N/A,N/A,banjarmasin.tribunnews.com/2024/12/14/update-dugaan-oknum-polisi-palangkaraya-bunuh-wanita-banjarmasin-kronologi-dan-indentitas-terungkap?page=3,No,Shocking content,Restricted ad serving,ca-pub-7784034061253020,841,2024-12-14,2024-12-15
pekanbaru.tribunnews.com,Page,N/A,N/A,pekanbaru.tribunnews.com/2023/09/04/link-video-viral-artis-malaysia-ms-puiyi-onlyfans-beredar-di-twitter,No,Adult: Sexual content,Restricted ad serving,ca-pub-7784034061253020,825,2024-12-11,2024-12-17
medan.tribunnews.com,Page,N/A,N/A,medan.tribunnews.com/2023/01/16/4-tips-masturbasi-yang-aman-jangan-pakai-sabun-bolong-simak-penjelasan-seksolog-dr-dina,No,Adult: Sexual content,Restricted ad serving,ca-pub-7784034061253020,823,2024-12-11,2024-12-16
m.tribunnews.com,Page,N/A,N/A,m.tribunnews.com/metropolitan,No,Shocking content,Restricted ad serving,ca-pub-7784034061253020,821,2024-12-15,2024-12-16
www.tribunnews.com,Page,N/A,N/A,www.tribunnews.com/kesehatan/2021/02/26/mitos-atau-fakta-perempuan-usia-40-tahun-lebih-agresif-berhubungan-intim-begini-kata-dokter,No,Adult: Sexual content,Restricted ad serving,ca-pub-7784034061253020,819,2024-12-12,2024-12-16
pekanbaru.tribunnews.com,Page,N/A,N/A,pekanbaru.tribunnews.com/2023/10/20/video-viral-kakak-adik-16-menit-44-detik-dicari-link-video-disebar-di-twitter,No,Adult: Sexual content,Restricted ad serving,ca-pub-7784034061253020,819,2024-12-11,2024-12-17
lampung.tribunnews.com,Page,N/A,N/A,lampung.tribunnews.com/2016/02/08/video-benjolan-membengkak-di-dada-meledak-usai-diremas,Yes,Site Behavior: Navigation,Restricted ad serving,ca-pub-7784034061253020,816,2024-12-11,2024-12-17
makassar.tribunnews.com,Page,N/A,N/A,makassar.tribunnews.com/2017/12/13/6-cara-tahu-wanita-tak-perawan-nomor-1-hidung-nomor-2-mata-nomor-5-telapak-tangan,No,Adult: Sexual content;Shocking content,Restricted ad serving,ca-pub-7784034061253020,814,2024-12-11,2024-12-17
aceh.tribunnews.com,Page,N/A,N/A,aceh.tribunnews.com/2024/08/30/benarkah-bentuk-penis-yang-bengkok-lebih-memuaskan-pasangan-ini-jawaban-dr-boyke,No,Adult: Sexual content,Restricted ad serving,ca-pub-7784034061253020,814,2024-12-11,2024-12-17
www.tribunnews.com,Page,N/A,N/A,www.tribunnews.com/?lgn_method=google&google_btn=onetap,No,Adult: Sexual content;Shocking content,Restricted ad serving,ca-pub-7784034061253020,806,2024-12-15,2024-12-16
wartakota.tribunnews.com,Page,N/A,N/A,wartakota.tribunnews.com/2020/11/07/link-download-video-full-gisel-viral-di-medsos-jadi-buruan-warganet-di-twitter-dan-telegram,Yes,Ads Disguised as Content;Adult: Sexual content,Restricted ad serving,ca-pub-7784034061253020,794,2024-12-11,2024-12-17
kupang.tribunnews.com,Page,N/A,N/A,kupang.tribunnews.com/2018/07/24/kenali-6-ciri-wanita-sudah-tak-perawan-dari-mata-hidung-sampai-telapak-tangan,No,Adult: Sexual content,Restricted ad serving,ca-pub-7784034061253020,794,2024-12-11,2024-12-17
sultra.tribunnews.com,Page,N/A,N/A,sultra.tribunnews.com/2022/10/31/link-video-viral-tiktok-wanita-kebaya-merah-16-menit-full-no-sensor-beradegan-tak-senonoh-di-hotel,No,Adult: Sexual content,Restricted ad serving,ca-pub-7784034061253020,790,2024-12-15,2024-12-17
pekanbaru.tribunnews.com,Page,N/A,N/A,pekanbaru.tribunnews.com/2023/09/21/link-nonton-film-kelas-bintang-dan-link-download-film-birahi-muda-chaca-novita-disebar-di-twitter,No,Adult: Sexual content,Restricted ad serving,ca-pub-7784034061253020,773,2024-12-11,2024-12-17
manado.tribunnews.com,Page,N/A,N/A,manado.tribunnews.com/mata-lokal-memilih,No,Shocking content,Restricted ad serving,ca-pub-7784034061253020,771,2024-12-13,2024-12-16
bengkulu.tribunnews.com,Page,N/A,N/A,bengkulu.tribunnews.com/2022/08/30/film-dewasa-terbaik-di-idlix-khusus-18-nonton-streaming-gratis-ternyata-ada-film-indonesia,No,Adult: Sexual content,Restricted ad serving,ca-pub-7784034061253020,767,2024-12-11,2024-12-17
style.tribunnews.com,Page,N/A,N/A,style.tribunnews.com/2017/08/22/4-anime-dewasa-yang-tidak-boleh-ditonton-anak-kecil-awas-banyak-adegan-erotisnya?page=all,No,Adult: Sexual content,Restricted ad serving,ca-pub-7784034061253020,766,2024-12-11,2024-12-15
jateng.tribunnews.com,Page,N/A,N/A,jateng.tribunnews.com/2024/12/10/keanehan-di-balik-temuan-jasad-bocah-9-tahun-dalam-karung-di-pemalang-kasur-rumah-basah,No,Shocking content,Restricted ad serving,ca-pub-7784034061253020,753,2024-12-11,2024-12-17
banjarmasin.tribunnews.com,Page,N/A,N/A,banjarmasin.tribunnews.com/2022/08/23/tak-usah-risau-alami-disfungsi-ereksi-dr-zaidul-akbar-bongkar-resep-ampuh-herbal,Yes,Ads Disguised as Content,Restricted ad serving,ca-pub-7784034061253020,732,2024-12-11,2024-12-17
pekanbaru.tribunnews.com,Page,N/A,N/A,pekanbaru.tribunnews.com/2021/08/21/apa-arti-amunisi-dalam-bahasa-gaul-bukan-soal-senjata-ini-amunisi-artinya-bahasa-gaul,No,Google-served ads obscuring content,Restricted ad serving,ca-pub-7784034061253020,729,2024-12-11,2024-12-17
m.tribunnews.com,Page,N/A,N/A,m.tribunnews.com/nasional/2022/01/03/harga-rokok-per-1-januari-2022-naik-berikut-daftar-harga-per-bungkusnya?page=2,No,Tobacco,Restricted ad serving,ca-pub-7784034061253020,729,2024-12-14,2024-12-16
medan.tribunnews.com,Page,N/A,N/A,medan.tribunnews.com/2021/12/12/video-adegan-ranjang-selebgram-tante-sisca-mellyana-hingga-heboh-soal-apem-sultan,Yes,Ads Disguised as Content;Adult: Sexual content,Restricted ad serving,ca-pub-7784034061253020,724,2024-12-11,2024-12-17
bekasi.tribunnews.com,Page,N/A,N/A,bekasi.tribunnews.com/2022/10/04/berikut-ini-121-film-jepang-khusus-dewasa-terbaru-2022-beresolusi-hd-durasinya-hingga-dua-jam-lebih,No,Adult: Sexual content,Restricted ad serving,ca-pub-7784034061253020,724,2024-12-11,2024-12-17
palembang.tribunnews.com,Page,N/A,N/A,palembang.tribunnews.com/2016/06/15/tidak-disetujui-nikah-dini-saya-sering-gituan-dengan-jari-tangan-bolehkah,No,Adult: Sexual content,Restricted ad serving,ca-pub-7784034061253020,715,2024-12-11,2024-12-17
belitung.tribunnews.com,Page,N/A,N/A,belitung.tribunnews.com/2017/10/09/heboh-video-goyang-hot-dua-cewek-bohay-di-dapur-salah-satunya-penyanyi-dangdut-terkenal,No,Adult: Sexual content,Restricted ad serving,ca-pub-7784034061253020,715,2024-12-11,2024-12-17
bengkulu.tribunnews.com,Page,N/A,N/A,bengkulu.tribunnews.com/2022/08/30/film-dewasa-terbaik-di-idlix-khusus-18-nonton-streaming-gratis-ternyata-ada-film-indonesia?page=all,No,Adult: Sexual content,Restricted ad serving,ca-pub-7784034061253020,709,2024-12-11,2024-12-17
bangka.tribunnews.com,Page,N/A,N/A,bangka.tribunnews.com/2020/01/06/tips-latihan-dan-senam-kegel-bakal-buat-wanita-maksimal-dan-nyaman-di-ranjang-begini-caranya?page=all,No,Adult: Sexual content,Restricted ad serving,ca-pub-7784034061253020,701,2024-12-11,2024-12-17
wartakota.tribunnews.com,Page,N/A,N/A,wartakota.tribunnews.com/2020/10/21/ternyata-ini-arti-mimpi-berhubungan-intim-dengan-banyak-orang,Yes,Ads Disguised as Content;Adult: Sexual content,Restricted ad serving,ca-pub-7784034061253020,692,2024-12-11,2024-12-17
belitung.tribunnews.com,Page,N/A,N/A,belitung.tribunnews.com/2016/10/24/foto-bugil-artis-cantik-dan-lawan-mainnya-di-tv-tersebar-secara-online-ini-tanggapannya,No,Adult: Sexual content,Restricted ad serving,ca-pub-7784034061253020,683,2024-12-11,2024-12-17
aceh.tribunnews.com,Page,N/A,N/A,aceh.tribunnews.com/2024/06/24/cara-mengetahui-perempuan-masih-perawan-atau-tidak-apa-bisa-dilihat-dari-fisik-ini-kata-dr-boyke,No,Adult: Sexual content,Restricted ad serving,ca-pub-7784034061253020,681,2024-12-11,2024-12-16
bekasi.tribunnews.com,Page,N/A,N/A,bekasi.tribunnews.com/2022/11/11/139-film-jepang-khusus-dewasa-berbahasa-indonesia-full-hd-dan-berdurasi-dua-jam-berikut-daftarnya,No,Adult: Sexual content,Restricted ad serving,ca-pub-7784034061253020,679,2024-12-11,2024-12-17
sumsel.tribunnews.com,Page,N/A,N/A,sumsel.tribunnews.com/2021/07/06/arti-kata-bullshit-dalam-bahasa-gaul-yang-populer-di-media-sosial-ternyata-ini-pengertiannya,Yes,Content obscuring Google-served ads;Encouraging accidental clicks: Layout,Restricted ad serving,ca-pub-7784034061253020,677,2024-12-11,2024-12-17
madura.tribunnews.com,Page,N/A,N/A,madura.tribunnews.com/2023/07/05/daftar-harga-rokok-filter-di-indomaret-l-a-rokok-filter-ice-purple-rp-30-ribu-clas-mild-rp-21-ribu,No,Tobacco,Restricted ad serving,ca-pub-7784034061253020,661,2024-12-11,2024-12-17
pekanbaru.tribunnews.com,Page,N/A,N/A,pekanbaru.tribunnews.com/2024/12/05/hasil-autopsi-jasad-guru-di-kampar-riau-digorok-lalu-dibakar-polres-bareng-polda-tangani-kasus-ini,No,Shocking content,Restricted ad serving,ca-pub-7784034061253020,658,2024-12-11,2024-12-15
medan.tribunnews.com,Page,N/A,N/A,medan.tribunnews.com/2024/12/15/sekeluarga-coba-akhiri-hidup-gegara-terjerat-pinjol-anak-bungsu-tewas-sempat-disebut-keracunan,No,Adult: Sexual content,Restricted ad serving,ca-pub-7784034061253020,657,2024-12-15,2024-12-15
bekasi.tribunnews.com,Page,N/A,N/A,bekasi.tribunnews.com/2022/12/06/deretan-film-jepang-terbaru-khusus-penonton-berusia-dewasa-berbahasa-indonesia-hingga-beresolusi-hd,Yes,Encouraging accidental clicks: Layout,Restricted ad serving,ca-pub-7784034061253020,652,2024-12-11,2024-12-17
aceh.tribunnews.com,Page,N/A,N/A,aceh.tribunnews.com/2024/12/10/waktu-terbaik-berhubungan-intim-menurut-seksolog-pagi-hari-atau-sesuai-kenyamanan?page=all,No,Adult: Sexual content,Restricted ad serving,ca-pub-7784034061253020,645,2024-12-11,2024-12-15
bogor.tribunnews.com,Page,N/A,N/A,bogor.tribunnews.com/2015/12/08/tempat-pijat-plus-di-bogor-alamak-terapisnya-topless,No,Adult: Sexual content,Restricted ad serving,ca-pub-7784034061253020,644,2024-12-11,2024-12-16
m.tribunnews.com,Page,N/A,N/A,m.tribunnews.com/seleb/2010/08/10/hongkong-buat-film-porno-3d-pertama,No,Adult: Sexual content,Restricted ad serving,ca-pub-7784034061253020,633,2024-12-11,2024-12-17
jogja.tribunnews.com,Page,N/A,N/A,jogja.tribunnews.com/2021/12/16/harga-rokok-di-singapura-mencapai-rp-146-ribu-ini-daftar-rinciannya,Yes,Encouraging accidental clicks: Layout,Restricted ad serving,ca-pub-7784034061253020,632,2024-12-11,2024-12-17
makassar.tribunnews.com,Page,N/A,N/A,makassar.tribunnews.com/2019/10/11/karena-sudah-keseringan-adik-kandung-ajak-duluan-kakak-berhubungan-badan-layaknya-suami-istri,No,Adult: Sexual content,Restricted ad serving,ca-pub-7784034061253020,629,2024-12-11,2024-12-17
tangerang.tribunnews.com,Page,N/A,N/A,tangerang.tribunnews.com/2024/12/12/marah-disebut-pengangguran-rudi-sihaloho-tikam-3-anak-tetangganya-di-medan-2-tewas-usus-terburai?page=4,No,Shocking content,Restricted ad serving,ca-pub-7784034061253020,628,2024-12-12,2024-12-15
belitung.tribunnews.com,Page,N/A,N/A,belitung.tribunnews.com/2017/08/13/cerita-mengapa-ada-orang-yang-meninggal-tersenyum,No,Shocking content,Restricted ad serving,ca-pub-7784034061253020,627,2024-12-11,2024-12-17
trends.tribunnews.com,Page,N/A,N/A,trends.tribunnews.com/2024/12/04/video-syur-mirip-onic-vior-15-menit-viral-link-rekaman-diburu-begini-awal-mula-viral-di-x-twitter?page=2,No,Adult: Sexual content,Restricted ad serving,ca-pub-7784034061253020,626,2024-12-11,2024-12-17
jateng.tribunnews.com,Page,N/A,N/A,jateng.tribunnews.com/jawa-tengah,No,Adult: Sexual content,Restricted ad serving,ca-pub-7784034061253020,619,2024-12-15,2024-12-15
bekasi.tribunnews.com,Page,N/A,N/A,bekasi.tribunnews.com/2022/10/23/kumpulan-film-jepang-khusus-dewasa-subtitle-indonesia-resolusi-hd-dan-durasi-dua-jam-ini-daftarnya,Yes,Ads Disguised as Content;Adult: Sexual content,Restricted ad serving,ca-pub-7784034061253020,615,2024-12-11,2024-12-17
bengkulu.tribunnews.com,Page,N/A,N/A,bengkulu.tribunnews.com/2023/11/04/kunci-jawaban-brain-test-level-281-282-283-284-285-286-287-288-289-290-ikuti-polanya,No,Shocking content,Restricted ad serving,ca-pub-7784034061253020,614,2024-12-11,2024-12-15
kaltim.tribunnews.com,Page,N/A,N/A,kaltim.tribunnews.com/404,Yes,Google-served ads on screens without publisher-content,Restricted ad serving,ca-pub-7784034061253020,608,2024-12-11,2024-12-17
bangka.tribunnews.com,Page,N/A,N/A,bangka.tribunnews.com/2017/09/26/ternyata-begini-cara-jin-menyetubuhi-wanita,Yes,Ads Disguised as Content,Restricted ad serving,ca-pub-7784034061253020,606,2024-12-11,2024-12-17
www.tribunnews.com,Page,N/A,N/A,www.tribunnews.com/regional/2024/11/22/kronologi-lengkap-carok-di-sampang-hingga-tewaskan-jimmy-saksi-cabup-ada-isu-pemukulan-kiai,No,Shocking content,Restricted ad serving,ca-pub-7784034061253020,605,2024-12-12,2024-12-17
belitung.tribunnews.com,Page,N/A,N/A,belitung.tribunnews.com/2022/06/19/brondong-sudah-lepas-celana-bu-guru-muda-kaget-batal-puaskan-nafsu-tarik-baju-kabur-digrebek-suami,No,Adult: Sexual content,Restricted ad serving,ca-pub-7784034061253020,603,2024-12-17,2024-12-17
health.tribunnews.com,Page,N/A,N/A,health.tribunnews.com/2023/10/04/dr-zaidul-akbar-rekomendasikan-obat-kuat-alami-murah-mudah-dan-bikin-momen-bercinta-lebih-panas,No,Adult: Sexual content,Restricted ad serving,ca-pub-7784034061253020,602,2024-12-11,2024-12-17
bekasi.tribunnews.com,Page,N/A,N/A,bekasi.tribunnews.com/2022/10/05/khusus-dewasa-berikut-daftar-film-jepang-terbaru-2022-beresolusi-hd-durasinya-sampai-dua-jam-lebih?page=all,No,Adult: Sexual content,Restricted ad serving,ca-pub-7784034061253020,601,2024-12-11,2024-12-17
aceh.tribunnews.com,Page,N/A,N/A,aceh.tribunnews.com/2022/11/01/berhubungan-intim-lebih-dari-2-kali-sehari-berapa-kali-idealnya-begini-jawaban-seksolog-dr-boyke,No,Adult: Sexual content,Restricted ad serving,ca-pub-7784034061253020,591,2024-12-12,2024-12-16
bangka.tribunnews.com,Page,N/A,N/A,bangka.tribunnews.com/2017/04/14/ini-rahasia-pemain-film-porno-tertua-di-jepang-tetap-sehat-dan-bugar,No,Adult: Sexual content,Restricted ad serving,ca-pub-7784034061253020,586,2024-12-11,2024-12-16
pekanbaru.tribunnews.com,Page,N/A,N/A,pekanbaru.tribunnews.com/2022/03/18/7-artis-cantik-korea-ini-pernah-berhubungan-badan-tanpa-sensor-aktor-yang-melayani-sangat-nikmat,No,Adult: Sexual content,Restricted ad serving,ca-pub-7784034061253020,583,2024-12-11,2024-12-16
bekasi.tribunnews.com,Page,N/A,N/A,bekasi.tribunnews.com/2022/07/21/daftar-judul-film-semi-korea-terbaru-2022-berdurasi-40-hingga-90-menit-cocok-nonton-bareng-pasangan?page=all,No,Adult: Sexual content,Restricted ad serving,ca-pub-7784034061253020,581,2024-12-11,2024-12-16
bali.tribunnews.com,Page,N/A,N/A,bali.tribunnews.com/2016/10/14/video-nikita-mirzani-buka-bra-dan-mandi-beredar-usai-mesra-bareng-zack-lee-katanya-biar-meleleh,No,Adult: Sexual content,Restricted ad serving,ca-pub-7784034061253020,579,2024-12-11,2024-12-17
wartakota.tribunnews.com,Page,N/A,N/A,wartakota.tribunnews.com/2021/05/05/penelitian-terbaru-semakin-besar-hidung-menunjukan-ukuran-alat-vital-pria-lebih-panjang?page=all,No,Adult: Sexual content,Restricted ad serving,ca-pub-7784034061253020,575,2024-12-12,2024-12-17
www.tribunnews.com,Page,N/A,N/A,www.tribunnews.com/techno/2018/09/05/viral-foto-pemuda-diduga-pelaku-pencurian-miliki-payudara-kok-bisa,No,Adult: Sexual content,Restricted ad serving,ca-pub-7784034061253020,565,2024-12-11,2024-12-17
jambi.tribunnews.com,Page,N/A,N/A,jambi.tribunnews.com/2019/10/02/berikut-foto-30-gadis-jepang-yang-sering-pamerkan-bagian-dalam-tubuhnya-meski-pakai-baju-transparan,No,Adult: Sexual content,Restricted ad serving,ca-pub-7784034061253020,563,2024-12-11,2024-12-17
m.tribunnews.com,Page,N/A,N/A,m.tribunnews.com/seleb/2020/11/02/chord-gitar-lagu-shallow-lady-gaga-feat-bradley-cooper-mudah-dimainkan,Yes,Unnatural attention to ads,Restricted ad serving,ca-pub-7784034061253020,558,2024-12-11,2024-12-17
bali.tribunnews.com,Page,N/A,N/A,bali.tribunnews.com/2023/06/26/pertanda-baik-13-arti-mimpi-pisau-diramalkan-segala-keinginan-atau-cita-cita-anda-akan-terwujud,No,Shocking content,Restricted ad serving,ca-pub-7784034061253020,558,2024-12-11,2024-12-17
pekanbaru.tribunnews.com,Page,N/A,N/A,pekanbaru.tribunnews.com/2024/01/11/video-senna-cosplay-dan-link-video-viral-pamer-tubuh-diduga-senna-cosplayer-elaina-disebar-di-x,No,Adult: Sexual content,Restricted ad serving,ca-pub-7784034061253020,553,2024-12-11,2024-12-17
jambi.tribunnews.com,Page,N/A,N/A,jambi.tribunnews.com/2018/02/22/2-kategori-dan-49-istilah-yang-sering-digunakan-di-film-biru?page=all,No,Adult: Sexual content,Restricted ad serving,ca-pub-7784034061253020,549,2024-12-11,2024-12-17
surabaya.tribunnews.com,Page,N/A,N/A,surabaya.tribunnews.com/2020/11/07/link-download-video-gisel-full-di-twitter-dan-telegram-diburu-netizen-k-popers-unggah-video-ini,No,Adult: Sexual content,Restricted ad serving,ca-pub-7784034061253020,548,2024-12-11,2024-12-17
banjarmasin.tribunnews.com,Page,N/A,N/A,banjarmasin.tribunnews.com/kalsel/tapin,No,Google-served ads obscuring content,Restricted ad serving,ca-pub-7784034061253020,543,2024-12-11,2024-12-17
bangka.tribunnews.com,Page,N/A,N/A,bangka.tribunnews.com/2023/01/22/siapa-tokyo-lagi-seleb-tiktok-yang-bikin-pria-terpana-ini-nama-lengkap-asal-umur-akun-ig-nya,No,Google-served ads obscuring content,Restricted ad serving,ca-pub-7784034061253020,543,2024-12-11,2024-12-17
bangka.tribunnews.com,Page,N/A,N/A,bangka.tribunnews.com/2022/02/18/viral-resep-kuat-di-ranjang-pakai-bawang-putih-bakar-dan-madu-begini-penjelasan-dr-dina-oktaviani,No,Adult: Sexual content,Restricted ad serving,ca-pub-7784034061253020,534,2024-12-11,2024-12-17
medan.tribunnews.com,Page,N/A,N/A,medan.tribunnews.com/2024/10/16/pilu-agus-kini-divonis-buta-permanen-uang-donasi-rp15-m-kontroversi-hingga-warganet-minta-kembali?page=2,No,Shocking content,Restricted ad serving,ca-pub-7784034061253020,532,2024-12-11,2024-12-17
jambi.tribunnews.com,Page,N/A,N/A,jambi.tribunnews.com/2020/10/31/obat-kuat-bawang-putih-campuran-kopi-hitam-dan-madu-hingga-jahe-campur-madu,Yes,Ads Disguised as Content;Adult: Sexual content,Restricted ad serving,ca-pub-7784034061253020,528,2024-12-11,2024-12-17
makassar.tribunnews.com,Page,N/A,N/A,makassar.tribunnews.com/2015/04/02/jangan-sampai-anda-terkena-hiv-coba-cek-lidah,No,Shocking content,Restricted ad serving,ca-pub-7784034061253020,523,2024-12-12,2024-12-17
pontianak.tribunnews.com,Page,N/A,N/A,pontianak.tribunnews.com/2018/05/28/6-ciri-wanita-sudah-tak-perawan-mulai-hidung-mata-payudara-hingga-bentuk-punggung,No,Adult: Sexual content,Restricted ad serving,ca-pub-7784034061253020,515,2024-12-11,2024-12-17
jogja.tribunnews.com,Page,N/A,N/A,jogja.tribunnews.com/2016/10/22/mengapa-disebut-blue-film-ini-sejarahnya,No,Google-served ads obscuring content,Restricted ad serving,ca-pub-7784034061253020,515,2024-12-11,2024-12-17
bekasi.tribunnews.com,Page,N/A,N/A,bekasi.tribunnews.com/2022/07/21/daftar-judul-film-semi-korea-terbaru-2022-berdurasi-40-hingga-90-menit-cocok-nonton-bareng-pasangan,No,Adult: Sexual content,Restricted ad serving,ca-pub-7784034061253020,515,2024-12-11,2024-12-15
www.tribunnewswiki.com,Page,N/A,N/A,www.tribunnewswiki.com/2020/11/07/viral-video-syur-mirip-gisel-beredar-di-internet-mama-gempi-belum-beri-klarifikasi,Yes,Ads Disguised as Content,Restricted ad serving,ca-pub-7784034061253020,510,2024-12-11,2024-12-17
pekanbaru.tribunnews.com,Page,N/A,N/A,pekanbaru.tribunnews.com/2022/03/12/artis-film-jepang-jav-hamil-usai-berhubungan-badan-dengan-aktor-pria-siapa,No,Adult: Sexual content,Restricted ad serving,ca-pub-7784034061253020,508,2024-12-11,2024-12-17
www.tribunnews.com,Page,N/A,N/A,www.tribunnews.com/regional/2024/11/22/kronologi-lengkap-carok-di-sampang-hingga-tewaskan-jimmy-saksi-cabup-ada-isu-pemukulan-kiai?page=3,No,Shocking content,Restricted ad serving,ca-pub-7784034061253020,507,2024-12-11,2024-12-16
aceh.tribunnews.com,Page,N/A,N/A,aceh.tribunnews.com/2022/08/20/mitos-atau-fakta-benarkah-wanita-berbulu-lebat-punya-gairah-seksual-tinggi-begini-kata-dr-boyke,No,Adult: Sexual content,Restricted ad serving,ca-pub-7784034061253020,507,2024-12-12,2024-12-17
aceh.tribunnews.com,Page,N/A,N/A,aceh.tribunnews.com/2022/12/01/buya-yahya-beberkan-tips-puaskan-suami-saat-istri-dalam-keadaan-haid,No,Adult: Sexual content,Restricted ad serving,ca-pub-7784034061253020,502,2024-12-13,2024-12-17
aceh.tribunnews.com,Page,N/A,N/A,aceh.tribunnews.com/2021/06/10/lafazkan-doa-ini-agar-tahan-lama-di-ranjang-dibaca-sebelum-berhubungan-suami-istri,No,Adult: Sexual content,Restricted ad serving,ca-pub-7784034061253020,499,2024-12-11,2024-12-15
surabaya.tribunnews.com,Page,N/A,N/A,surabaya.tribunnews.com/2020/10/10/arti-mimpi-berhubungan-badan-dengan-teman-kerja-orang-lain-atau-mantan,No,Adult: Sexual content,Restricted ad serving,ca-pub-7784034061253020,498,2024-12-12,2024-12-15
wartakota.tribunnews.com,Page,N/A,N/A,wartakota.tribunnews.com/2020/11/07/cara-warganet-berburu-download-link-video-full-gisel-telusuri-medsos-twitter-dan-join-grup-telegram,No,Adult: Sexual content,Restricted ad serving,ca-pub-7784034061253020,490,2024-12-11,2024-12-17
medan.tribunnews.com,Page,N/A,N/A,medan.tribunnews.com/2021/01/30/sudah-1-dekade-main-film-panas-peran-pertama-kakek-sugiono-tokuda-jadi-guru-nakal-ozawa-muridnya,No,Adult: Sexual content,Restricted ad serving,ca-pub-7784034061253020,489,2024-12-13,2024-12-17
style.tribunnews.com,Page,N/A,N/A,style.tribunnews.com/2023/01/02/5-anime-penuh-adegan-panas-18-dilarang-tayang-di-indonesia-ada-school-days-kiss-x-sis,No,Adult: Sexual content,Restricted ad serving,ca-pub-7784034061253020,476,2024-12-11,2024-12-16
medan.tribunnews.com,Page,N/A,N/A,medan.tribunnews.com/2024/12/16/sosok-serka-mm-oknum-tni-tega-bakar-istrinya-hidup-hidup-sampai-tewas-gegara-masalah-charger-hp,No,Shocking content,Restricted ad serving,ca-pub-7784034061253020,470,2024-12-16,2024-12-16
bengkulu.tribunnews.com,Page,N/A,N/A,bengkulu.tribunnews.com/2024/12/15/kronologi-bocah-smp-diikat-disiksa-dan-telingat-disayat-oleh-bos-tambang-ilegal-di-boltim,No,Shocking content,Restricted ad serving,ca-pub-7784034061253020,470,2024-12-15,2024-12-16
pekanbaru.tribunnews.com,Page,N/A,N/A,pekanbaru.tribunnews.com/2021/07/03/viral-tiktok-andaikan-hp-ku-tidak-jatuh-ada-apa-dengan-rina-hole-film-anime-stuck-in-the-wall,Yes,Ads Disguised as Content,Restricted ad serving,ca-pub-7784034061253020,469,2024-12-11,2024-12-17
bangka.tribunnews.com,Page,N/A,N/A,bangka.tribunnews.com/2020/10/12/5-posisi-bercinta-agar-perempuan-raih-kepuasan-wot-hingga-sideways-straddle?page=all,No,Adult: Sexual content,Restricted ad serving,ca-pub-7784034061253020,468,2024-12-11,2024-12-17
m.tribunnews.com,Page,N/A,N/A,m.tribunnews.com/kesehatan/2018/01/06/video-mesum-2-bocah-dengan-seorang-tante-beredar-inilah-dampak-menyeramkan-eksploitasi-seksual-dini,No,Adult: Sexual content,Restricted ad serving,ca-pub-7784034061253020,466,2024-12-11,2024-12-17
solo.tribunnews.com,Page,N/A,N/A,solo.tribunnews.com/2020/01/23/chord-ukulele-dan-lirik-lagu-harusnya-aku-armada-harusnya-aku-yang-disana,Yes,Encouraging accidental clicks: Layout;Google-served ads obscuring content,Restricted ad serving,ca-pub-7784034061253020,462,2024-12-11,2024-12-17
madura.tribunnews.com,Page,N/A,N/A,madura.tribunnews.com/2024/12/09/mantra-agus-buntung-saat-bawa-masuk-cewek-ke-homestay-korban-menolak-disentuh-baca-ayat-kursi?page=2,No,Adult: Sexual content,Restricted ad serving,ca-pub-7784034061253020,462,2024-12-16,2024-12-16
bangka.tribunnews.com,Page,N/A,N/A,bangka.tribunnews.com/2020/12/23/gigolo-jadi-buruan-tante-tante-dibayar-mahal-cuma-modal-rayuan-dan-layanan-ini-kode-rahasianya,Yes,Ads Disguised as Content,Restricted ad serving,ca-pub-7784034061253020,462,2024-12-11,2024-12-17
bengkulu.tribunnews.com,Page,N/A,N/A,bengkulu.tribunnews.com/2024/02/15/kunci-jawaban-words-of-wonders-level-90-91-92-93-94-95-96-97-98-99-100-101-102-103-terlengkap,No,Shocking content,Restricted ad serving,ca-pub-7784034061253020,460,2024-12-15,2024-12-17
belitung.tribunnews.com,Page,N/A,N/A,belitung.tribunnews.com/2017/09/15/7-wanita-cantik-bintang-film-panas-jepang-ini-insaf-dan-putuskan-pensiun-begini-kehidupannya-kini,No,Adult: Sexual content,Restricted ad serving,ca-pub-7784034061253020,459,2024-12-12,2024-12-17
belitung.tribunnews.com,Page,N/A,N/A,belitung.tribunnews.com/2018/05/28/6-ciri-wanita-sudah-tak-perawan-mulai-hidung-mata-payudara-hingga-bentuk-perut,No,Adult: Sexual content,Restricted ad serving,ca-pub-7784034061253020,458,2024-12-11,2024-12-17
jogja.tribunnews.com,Page,N/A,N/A,jogja.tribunnews.com/2023/05/07/lirik-lagu-dan-terjemahan-snooze-sza-viral-tiktok-i-cant-lose-when-im-with-you-how-can-i-snooze,No,Adult: Sexual content,Restricted ad serving,ca-pub-7784034061253020,457,2024-12-14,2024-12-17
jambi.tribunnews.com,Page,N/A,N/A,jambi.tribunnews.com/2021/01/16/arti-mimpi-mesum-dengan-tetangga-sahabat-hingga-mantan-ada-kabar-misterius-cek-di-sini,No,Adult: Sexual content,Restricted ad serving,ca-pub-7784034061253020,456,2024-12-11,2024-12-17
www.tribunnews.com,Page,N/A,N/A,www.tribunnews.com/kesehatan/2021/07/16/manfaat-minyak-zaitun-untuk-pria-benarkah-bisa-memperbesar-alat-vital-ahli-beberkan-faktanya,Yes,Ads Disguised as Content;Adult: Sexual content,Restricted ad serving,ca-pub-7784034061253020,446,2024-12-11,2024-12-17
makassar.tribunnews.com,Page,N/A,N/A,makassar.tribunnews.com/2021/12/03/video-1-menit-20-detik-rekam-cewek-buka-baju-di-bandara,Yes,Ads Disguised as Content;Adult: Sexual content,Restricted ad serving,ca-pub-7784034061253020,444,2024-12-11,2024-12-17
batam.tribunnews.com,Page,N/A,N/A,batam.tribunnews.com/2024/12/14/kata-kata-datuk-saat-minta-maaf-usai-jadi-tersangka-maaf-kan-saya-buk-lina-dan-pak-dedy?page=2,No,Adult: Sexual content,Restricted ad serving,ca-pub-7784034061253020,443,2024-12-14,2024-12-15
bangka.tribunnews.com,Page,N/A,N/A,bangka.tribunnews.com/2022/04/04/inilah-daftar-harga-rokok-di-indomaret-april-2022-gudang-garam-merah-rp14000?page=all,No,Shocking content;Tobacco,Restricted ad serving,ca-pub-7784034061253020,440,2024-12-11,2024-12-17
bengkulu.tribunnews.com,Page,N/A,N/A,bengkulu.tribunnews.com/2024/12/15/bocah-smp-di-boltim-diikat-diseret-dan-disiksa-bos-tambang-ilegal-telinga-disayat-pisau?page=2,No,Shocking content,Restricted ad serving,ca-pub-7784034061253020,431,2024-12-15,2024-12-15
bogor.tribunnews.com,Page,N/A,N/A,bogor.tribunnews.com/2024/12/13/akhirnya-gadis-berkelamin-ganda-di-bogor-bakal-dioperasi-terkuak-jenis-kelamin-yang-dipilih-tiara,No,Adult: Sexual content,Restricted ad serving,ca-pub-7784034061253020,427,2024-12-12,2024-12-15
jambi.tribunnews.com,Page,N/A,N/A,jambi.tribunnews.com/2024/12/13/brigpol-tri-yudha-polisi-yang-dibacook-otk-di-lanny-jaya-papua-pegunungan-meninggal-dunia?page=3,No,Adult: Sexual content,Restricted ad serving,ca-pub-7784034061253020,425,2024-12-13,2024-12-15
bali.tribunnews.com,Page,N/A,N/A,bali.tribunnews.com/2017/09/14/masih-ingat-pemeran-tarzan-x-pilih-tinggalkan-film-porno-setelah-banyak-merenung,No,Adult: Sexual content,Restricted ad serving,ca-pub-7784034061253020,422,2024-12-12,2024-12-17
aceh.tribunnews.com,Page,N/A,N/A,aceh.tribunnews.com/2021/02/08/arti-mimpi-selingkuh-dengan-istri-orang-atau-sahabat-pertanda-apa?page=all,No,Adult: Sexual content,Restricted ad serving,ca-pub-7784034061253020,422,2024-12-11,2024-12-17
bangka.tribunnews.com,Page,N/A,N/A,bangka.tribunnews.com/2017/03/13/astaga-pria-ini-puaskan-nafsunya-ke-alat-bantu-seks-kalau-nggak-ada-bocah-buat-dicabuli,No,Adult: Sexual content,Restricted ad serving,ca-pub-7784034061253020,420,2024-12-11,2024-12-17
jateng.tribunnews.com,Page,N/A,N/A,jateng.tribunnews.com/2022/03/12/tsubomi-artis-film-jepang-jav-hamil-seusai-main-dengan-aktor-pria-tanpa-pengaman?page=all,No,Adult: Sexual content,Restricted ad serving,ca-pub-7784034061253020,415,2024-12-13,2024-12-17
belitung.tribunnews.com,Page,N/A,N/A,belitung.tribunnews.com/2017/05/02/empat-wanita-cantik-ini-peraih-penghargaan-film-panas-di-jepang-siapa-saja-mereka,Yes,Ads Disguised as Content;Adult: Sexual content,Restricted ad serving,ca-pub-7784034061253020,415,2024-12-11,2024-12-17
aceh.tribunnews.com,Page,N/A,N/A,aceh.tribunnews.com/2024/07/05/bentuk-fisik-orang-yang-tidak-perawan-begini-kata-seksolog-dr-boyke-bisa-dilihat-dari-ciri-fisik,No,Adult: Sexual content,Restricted ad serving,ca-pub-7784034061253020,415,2024-12-11,2024-12-16
lampung.tribunnews.com,Page,N/A,N/A,lampung.tribunnews.com/2017/10/04/tips-agar-miss-v-tak-terlihat-menyembul-saat-memakai-celana-model-ini,No,Adult: Sexual content,Restricted ad serving,ca-pub-7784034061253020,414,2024-12-11,2024-12-17
jambi.tribunnews.com,Page,N/A,N/A,jambi.tribunnews.com/2019/11/22/lima-wanita-cantik-bintang-film-dewasa-terfavorit-nomor-4-pemeran-terbaik-adegan-sesama-jenis,No,Adult: Sexual content,Restricted ad serving,ca-pub-7784034061253020,413,2024-12-11,2024-12-17
pekanbaru.tribunnews.com,Page,N/A,N/A,pekanbaru.tribunnews.com/2022/03/12/artis-film-jepang-jav-hamil-usai-berhubungan-badan-dengan-aktor-pria-siapa?page=all,No,Adult: Sexual content,Restricted ad serving,ca-pub-7784034061253020,411,2024-12-13,2024-12-16
aceh.tribunnews.com,Page,N/A,N/A,aceh.tribunnews.com/2024/12/16/istri-pukul-suami-pakai-kayu-hingga-tewas-di-ntt-pelaku-tak-terima-dimaki-dan-ditendang-korban,No,Shocking content,Restricted ad serving,ca-pub-7784034061253020,411,2024-12-15,2024-12-16
medan.tribunnews.com,Page,N/A,N/A,medan.tribunnews.com/2023/11/25/viral-pemuda-dianiaya-teman-secara-sadis-pakai-kayu-mirisnya-rekan-lain-hanya-menonton-dan-tertawa?page=all,No,Shocking content,Restricted ad serving,ca-pub-7784034061253020,407,2024-12-15,2024-12-17
m.tribunnews.com,Page,N/A,N/A,m.tribunnews.com/internasional/2024/12/17/kuburan-massal-ditemukan-di-dekat-damaskus-suriah-narapidana-yang-disiksa-diduga-dikubur-di-sana,No,Shocking content,Restricted ad serving,ca-pub-7784034061253020,406,2024-12-17,2024-12-17
pekanbaru.tribunnews.com,Page,N/A,N/A,pekanbaru.tribunnews.com/2023/01/02/simontok-viral-berikut-link-download-simontok-apk-vpn-android-2022,No,Adult: Sexual content,Restricted ad serving,ca-pub-7784034061253020,404,2024-12-11,2024-12-16
bali.tribunnews.com,Page,N/A,N/A,bali.tribunnews.com/2022/01/24/6-arti-mimpi-tentang-ular-berkepala-dua-sebuah-pertanda-yang-harus-diperhatikan,No,Shocking content,Restricted ad serving,ca-pub-7784034061253020,404,2024-12-11,2024-12-15
jogja.tribunnews.com,Page,N/A,N/A,jogja.tribunnews.com/2023/08/28/15-arti-suara-burung-gagak-di-siang-hari,No,Shocking content,Restricted ad serving,ca-pub-7784034061253020,399,2024-12-11,2024-12-16
www.tribunnews.com,Page,N/A,N/A,www.tribunnews.com/kesehatan/2018/04/08/perawan-atau-tidak-bisa-dilihat-dari-cara-berjalan-dokter-ungkap-fakta-sesungguhnya,No,Adult: Sexual content,Restricted ad serving,ca-pub-7784034061253020,398,2024-12-11,2024-12-17
jogja.tribunnews.com,Page,N/A,N/A,jogja.tribunnews.com/2017/04/14/10-negara-ini-ini-punya-budaya-kehidupan-seks-paling-bebas-di-dunia,No,Adult: Sexual content,Restricted ad serving,ca-pub-7784034061253020,391,2024-12-13,2024-12-16
pekanbaru.tribunnews.com,Page,N/A,N/A,pekanbaru.tribunnews.com/2023/10/20/viral-kakak-adik-16-menit-44-detik-soal-video-viral-adegan-dewasa,No,Adult: Sexual content,Restricted ad serving,ca-pub-7784034061253020,388,2024-12-12,2024-12-16
style.tribunnews.com,Page,N/A,N/A,style.tribunnews.com/2023/02/19/viral-nekat-bikin-tato-kelamin-wanita-pemuda-ini-dikucilkan-tak-bisa-dihapus-ternyata-permanen,No,Adult: Sexual content,Restricted ad serving,ca-pub-7784034061253020,387,2024-12-12,2024-12-17
style.tribunnews.com,Page,N/A,N/A,style.tribunnews.com/2016/08/22/gaya-masturbasi-pria-hayo-kamu-biasanya-pakai-style-yang-mana,No,Adult: Sexual content,Restricted ad serving,ca-pub-7784034061253020,385,2024-12-11,2024-12-17
wartakota.tribunnews.com,Page,N/A,N/A,wartakota.tribunnews.com/2019/04/26/viral-seekor-kucing-hamil-nyaris-disembelih-lalu-dilempar-ke-sungai-hingga-diseret-di-jalanan?page=all,No,Shocking content,Restricted ad serving,ca-pub-7784034061253020,384,2024-12-15,2024-12-17
banjarmasin.tribunnews.com,Page,N/A,N/A,banjarmasin.tribunnews.com/2014/09/06/nonton-film-porno-bersama-pasangan-tingkatkan-kualitas-seks,No,Adult: Sexual content,Restricted ad serving,ca-pub-7784034061253020,384,2024-12-11,2024-12-17
sultra.tribunnews.com,Page,N/A,N/A,sultra.tribunnews.com/2023/04/25/terbaru-video-popo-dan-rozi-viral-tiktok-dan-twitter-hingga-link-full-videonya-masih-diburu-warganet,No,Google-served ads obscuring content,Restricted ad serving,ca-pub-7784034061253020,380,2024-12-11,2024-12-17
banjarmasin.tribunnews.com,Page,N/A,N/A,banjarmasin.tribunnews.com/2020/07/06/6-ciri-wanita-tidak-perawan-berikut-pengetahuan-tentang-selaput-dara-pada-perempuan,No,Adult: Sexual content,Restricted ad serving,ca-pub-7784034061253020,380,2024-12-11,2024-12-15
jambi.tribunnews.com,Page,N/A,N/A,jambi.tribunnews.com/2017/07/30/galeri-foto-tanpa-sensor-ini-5-film-dewasa-dengan-adegan-intim-nyata?page=all,No,Adult: Sexual content,Restricted ad serving,ca-pub-7784034061253020,377,2024-12-11,2024-12-17
m.tribunnews.com,Page,N/A,N/A,m.tribunnews.com/internasional/2024/12/06/israel-membabi-buta-bombardir-rs-kamal-adwan-lalu-usir-paksa-para-dokter-di-gaza-utara,No,Shocking content,Restricted ad serving,ca-pub-7784034061253020,376,2024-12-11,2024-12-16
suryamalang.tribunnews.com,Page,N/A,N/A,suryamalang.tribunnews.com/404,Yes,Google-served ads on screens without publisher-content,Restricted ad serving,ca-pub-7784034061253020,371,2024-12-11,2024-12-17
belitung.tribunnews.com,Page,N/A,N/A,belitung.tribunnews.com/2018/09/04/ini-arti-dari-6-bentuk-bibir-ini-lihat-seperti-apa-bentuk-bibir-kamu?page=2,No,Shocking content,Restricted ad serving,ca-pub-7784034061253020,370,2024-12-11,2024-12-17
banjarmasin.tribunnews.com,Page,N/A,N/A,banjarmasin.tribunnews.com/2015/05/30/inilah-yang-terjadi-pada-pria-saat-terangsang,No,Adult: Sexual content,Restricted ad serving,ca-pub-7784034061253020,366,2024-12-11,2024-12-17
pekanbaru.tribunnews.com,Page,N/A,N/A,pekanbaru.tribunnews.com/2020/03/06/link-download-film-frozen-2-full-sub-indo-bahasa-indonesia-bisa-nonton-streaming-di-hp-video,No,Content obscuring Google-served ads,Restricted ad serving,ca-pub-7784034061253020,365,2024-12-11,2024-12-17
jateng.tribunnews.com,Page,N/A,N/A,jateng.tribunnews.com/2024/12/16/penyebab-oknum-tni-tega-bakar-istri-sendiri-bermula-cekcok-karena-charger-hp,No,Shocking content,Restricted ad serving,ca-pub-7784034061253020,358,2024-12-16,2024-12-16
kupang.tribunnews.com,Page,N/A,N/A,kupang.tribunnews.com/2019/07/18/terlihat-sangat-perkasaternyata-ini-cara-aktor-film-porno-menjaga-ereksinya-bertahan-sepanjang-film,No,Adult: Sexual content,Restricted ad serving,ca-pub-7784034061253020,354,2024-12-11,2024-12-17
pekanbaru.tribunnews.com,Page,N/A,N/A,pekanbaru.tribunnews.com/2021/11/22/bahasa-gaul-kaum-dewasa-museum-hingga-ml-apa-arti-kata-museum-dan-arti-ml,Yes,Ads Disguised as Content;Adult: Sexual content,Restricted ad serving,ca-pub-7784034061253020,352,2024-12-11,2024-12-16
bali.tribunnews.com,Page,N/A,N/A,bali.tribunnews.com/2024/12/16/hilang-sejak-kemarin-tim-sar-masih-lakukan-pencarian-korban-tenggelam-di-pantai-balangan-bali?engine=JXA,No,Shocking content,Restricted ad serving,ca-pub-7784034061253020,352,2024-12-16,2024-12-16
makassar.tribunnews.com,Page,N/A,N/A,makassar.tribunnews.com/2017/03/28/beginilah-ular-piton-menelan-akbar-petani-sawit-memuju-tengah,No,Shocking content,Restricted ad serving,ca-pub-7784034061253020,349,2024-12-11,2024-12-17
kupang.tribunnews.com,Page,N/A,N/A,kupang.tribunnews.com/404,Yes,Google-served ads on screens without publisher-content,Restricted ad serving,ca-pub-7784034061253020,346,2024-12-12,2024-12-15
jatim.tribunnews.com,Page,N/A,N/A,jatim.tribunnews.com/2017/11/28/9-posisi-oral-seks-terbaik-yang-bisa-bikin-pasanganmu-menggila-seketika-no-6-paling-dahsyat,No,Adult: Sexual content,Restricted ad serving,ca-pub-7784034061253020,346,2024-12-11,2024-12-17
bangka.tribunnews.com,Page,N/A,N/A,bangka.tribunnews.com/2017/04/16/inilah-kata-kunci-untuk-ziarah-dan-ritual-seks-di-gunung-kemukus,No,Adult: Sexual content,Restricted ad serving,ca-pub-7784034061253020,340,2024-12-14,2024-12-17
wartakota.tribunnews.com,Page,N/A,N/A,wartakota.tribunnews.com/2021/05/26/cerita-psk-open-bo-di-michat-dapat-pelanggan-tetangga-sendiri-dan-teman-nongkrong-tarif-tetap-sama,Yes,Ads Disguised as Content;Adult: Sexual content,Restricted ad serving,ca-pub-7784034061253020,339,2024-12-11,2024-12-17
health.tribunnews.com,Page,N/A,N/A,health.tribunnews.com/2023/09/27/wanita-terasa-geli-ketika-berhubungan-seksual-tergolong-normal-begini-penjelasan-dokter,No,Adult: Sexual content,Restricted ad serving,ca-pub-7784034061253020,338,2024-12-11,2024-12-15
medan.tribunnews.com,Page,N/A,N/A,medan.tribunnews.com/2022/02/05/resep-sup-sayur-iga-babi-makanan-non-halal-yang-mudah-dibuat-di-rumah,Yes,Modified ad code: Resizing Ad Frames,Restricted ad serving,ca-pub-7784034061253020,336,2024-12-11,2024-12-17
jambi.tribunnews.com,Page,N/A,N/A,jambi.tribunnews.com/2017/09/19/hati-hati-posisi-bercinta-ini-dapat-merusak-mr-p-anda,No,Adult: Sexual content,Restricted ad serving,ca-pub-7784034061253020,334,2024-12-11,2024-12-17
pekanbaru.tribunnews.com,Page,N/A,N/A,pekanbaru.tribunnews.com/fullsite,No,Shocking content,Restricted ad serving,ca-pub-7784034061253020,331,2024-12-16,2024-12-17
pekanbaru.tribunnews.com,Page,N/A,N/A,pekanbaru.tribunnews.com/2020/07/26/hukum-oral-seks-dalam-islam-berikut-tiga-pandangan-hukum-yang-mengatur-tentang-oral-seks?page=all,No,Adult: Sexual content,Restricted ad serving,ca-pub-7784034061253020,329,2024-12-11,2024-12-16
makassar.tribunnews.com,Page,N/A,N/A,makassar.tribunnews.com/2020/07/25/bebas-pilih-29-aplikasi-link-nonton-film-online-film-dewasa-drakor-download-film-mirip-indoxxi,Yes,Ads Disguised as Content,Restricted ad serving,ca-pub-7784034061253020,329,2024-12-11,2024-12-17
jambi.tribunnews.com,Page,N/A,N/A,jambi.tribunnews.com/2024/05/16/video-skandal-20-detik-diduga-mahasiswi-di-jambi-viral-warganet-cantik-ceweknya,No,Adult: Sexual content,Restricted ad serving,ca-pub-7784034061253020,329,2024-12-11,2024-12-16
aceh.tribunnews.com,Page,N/A,N/A,aceh.tribunnews.com/tag/harga-cabai-merah,Yes,Google-served ads on screens without publisher-content,Restricted ad serving,ca-pub-7784034061253020,327,2024-12-11,2024-12-17
www.tribunnews.com,Page,N/A,N/A,www.tribunnews.com/internasional/2019/05/23/aktor-senior-film-dewasa-jepang-hubungan-pria-dan-wanita-terpenting-adalah-komunikasi,No,Adult: Sexual content,Restricted ad serving,ca-pub-7784034061253020,324,2024-12-11,2024-12-17
style.tribunnews.com,Page,N/A,N/A,style.tribunnews.com/2017/06/24/ingin-tahan-lama-saat-diranjang-cukup-gunakan-ramuan-sawo-mentah-ini-begini-caranya,No,Adult: Sexual content,Restricted ad serving,ca-pub-7784034061253020,320,2024-12-11,2024-12-17
pekanbaru.tribunnews.com,Page,N/A,N/A,pekanbaru.tribunnews.com/2022/01/19/video-depan-teman-pun-di-sikat-viral-tiktok-linknya-dicari-remaja-berbuat-dosa-temannya-nonton,No,Adult: Sexual content,Restricted ad serving,ca-pub-7784034061253020,314,2024-12-13,2024-12-16
medan.tribunnews.com,Page,N/A,N/A,medan.tribunnews.com/2021/08/26/uah-ungkap-rahasia-surat-ad-dhuha-dan-al-insyirah-selama-ini-belum-banyak-yang-tahu,Yes,Encouraging accidental clicks: Layout,Restricted ad serving,ca-pub-7784034061253020,314,2024-12-11,2024-12-17
sultra.tribunnews.com,Page,N/A,N/A,sultra.tribunnews.com/2022/10/29/link-video-viral-lombok-vc-tak-senonoh-beredar-di-tiktok-facebook-twitter-telegram-sosok-pemeran,Yes,Ads Disguised as Content,Restricted ad serving,ca-pub-7784034061253020,313,2024-12-11,2024-12-17
m.tribunnews.com,Page,N/A,N/A,m.tribunnews.com/internasional/2024/10/28/pasukan-israel-serbu-jenin-dan-salfit-otoritas-palestina-ikut-tangkapi-warga-tepi-barat-kenapa?page=2,No,Shocking content,Restricted ad serving,ca-pub-7784034061253020,312,2024-12-16,2024-12-17
sultra.tribunnews.com,Page,N/A,N/A,sultra.tribunnews.com/2023/09/26/nasib-siskaeee-virly-virginia-meli-3gp-chacha-novita-pemeran-film-kelas-bintang-usai-diperiksa,Yes,Google-served ads obscuring content;Modified Javascript: Ads by Google size,Restricted ad serving,ca-pub-7784034061253020,311,2024-12-11,2024-12-17
sumsel.tribunnews.com,Page,N/A,N/A,sumsel.tribunnews.com/2018/02/10/5-film-ini-aktornya-lakukan-adegan-ranjang-beneran-namun-ada-yang-terbongkar-rahasianya,No,Adult: Sexual content,Restricted ad serving,ca-pub-7784034061253020,310,2024-12-11,2024-12-17
madura.tribunnews.com,Page,N/A,N/A,madura.tribunnews.com/2024/12/02/breaking-news-viral-foto-tubuh-manusia-di-bangkalan-tampak-hangus-api-menyala-polisi-gercep?source=kgnotif_1,No,Shocking content,Restricted ad serving,ca-pub-7784034061253020,309,2024-12-12,2024-12-17
medan.tribunnews.com,Page,N/A,N/A,medan.tribunnews.com/2024/12/15/deretan-kejanggalan-lhkpn-dedy-mardansyah-ayah-lady-aurellia-disorot-ngakunya-tak-punya-rumah?page=2,No,Adult: Sexual content,Restricted ad serving,ca-pub-7784034061253020,306,2024-12-15,2024-12-15
www.tribunnews.com,Page,N/A,N/A,www.tribunnews.com/regional/2021/03/05/kronologi-lengkap-pembunuhan-gadis-cantik-di-hotel-kediri-korban-ditikam-pisau-belati-usai-bercinta,Yes,Ads Disguised as Content,Restricted ad serving,ca-pub-7784034061253020,304,2024-12-11,2024-12-17
bali.tribunnews.com,Page,N/A,N/A,bali.tribunnews.com/2018/01/27/ternyata-ini-rahasia-aktor-film-panas-tahan-sepanjang-film,No,Adult: Sexual content,Restricted ad serving,ca-pub-7784034061253020,304,2024-12-11,2024-12-17
www.tribunnews.com,Page,N/A,N/A,www.tribunnews.com/kesehatan/2013/02/06/ini-kata-mereka-yang-pernah-mengonsumsi-permen-karet-cinta,No,Adult: Sexual content;Content obscuring Google-served ads,Restricted ad serving,ca-pub-7784034061253020,302,2024-12-11,2024-12-17
bangka.tribunnews.com,Page,N/A,N/A,bangka.tribunnews.com/2022/07/21/tamu-yang-datang-banyak-minta-pijat-plus-terapis-beberkan-tarifnya-untuk-layanan-full,Yes,Ads Disguised as Content,Restricted ad serving,ca-pub-7784034061253020,301,2024-12-11,2024-12-17
www.tribunnews.com,Page,N/A,N/A,www.tribunnews.com/internasional/2016/09/02/india-perbolehkan-gadis-15-tahun-berhubungan-seks,No,Adult: Sexual content,Restricted ad serving,ca-pub-7784034061253020,299,2024-12-11,2024-12-17
kupang.tribunnews.com,Page,N/A,N/A,kupang.tribunnews.com/2018/06/23/video-air-di-mesin-cuci-keluar-terus-begini-cara-praktis-perbaikannya-gampang-loh,Yes,Site Behavior: Navigation,Restricted ad serving,ca-pub-7784034061253020,299,2024-12-11,2024-12-17
www.tribunnews.com,Page,N/A,N/A,www.tribunnews.com/metropolitan/2024/12/16/sekeluarga-ditemukan-tewas-di-tangsel-beredar-kabar-terjerat-pinjol,No,Shocking content,Restricted ad serving,ca-pub-7784034061253020,298,2024-12-15,2024-12-15
madura.tribunnews.com,Page,N/A,N/A,madura.tribunnews.com/2024/12/05/breaking-news-oknum-dprd-sumenep-terjerat-narkoba-pingsan-usai-terancam-hukuman-mati?source=kgnotif_1,No,Adult: Sexual content,Restricted ad serving,ca-pub-7784034061253020,297,2024-12-16,2024-12-17
wartakota.tribunnews.com,Page,N/A,N/A,wartakota.tribunnews.com/2021/05/30/video-syur-viral-siswi-smp-open-bo-rp-200-ribu-di-michat-sanggup-berhubungan-badan-dengan-lima-pria,No,Adult: Sexual content,Restricted ad serving,ca-pub-7784034061253020,296,2024-12-14,2024-12-17
www.tribunnews.com,Page,N/A,N/A,www.tribunnews.com/kesehatan/2016/03/31/kesalahan-cara-minum-obat-kuat-yang-membuatnya-gagal-bikin-pria-jadi-jantan,No,Adult: Sexual content,Restricted ad serving,ca-pub-7784034061253020,294,2024-12-11,2024-12-17
aceh.tribunnews.com,Page,N/A,N/A,aceh.tribunnews.com/2024/10/17/breaking-news-mayat-perempuan-ditemukan-terapung-di-laut-aceh-selatan-diduga-rohingya,No,Shocking content,Restricted ad serving,ca-pub-7784034061253020,294,2024-12-14,2024-12-15
bangka.tribunnews.com,Page,N/A,N/A,bangka.tribunnews.com/2020/02/03/janda-cantik-ini-kecanduan-berhubungan-intim-tak-puasa-sehari-5-kali-bikin-kekasihnya-tak-sanggup,No,Adult: Sexual content,Restricted ad serving,ca-pub-7784034061253020,293,2024-12-12,2024-12-15
bali.tribunnews.com,Page,N/A,N/A,bali.tribunnews.com/2021/08/04/banyak-orang-tak-menyadari-benjolan-keras-di-tubuh-ternyata-asam-urat-komplikasi-ini-bisa-terjadi,No,Shocking content,Restricted ad serving,ca-pub-7784034061253020,293,2024-12-11,2024-12-15
www.tribunnews.com,Page,N/A,N/A,www.tribunnews.com/internasional/2014/03/13/persaingan-prostitusi-di-jepang-boleh-bersenang-senang-tapi-jangan-mencium,No,Adult: Sexual content,Restricted ad serving,ca-pub-7784034061253020,291,2024-12-11,2024-12-16
www.tribunnews.com,Page,N/A,N/A,www.tribunnews.com/metropolitan/2024/12/17/kejanggalan-kematian-satu-keluarga-di-tangsel-mulut-balita-berbusa-dugaan-pembunuhan-diselidiki,No,Shocking content,Restricted ad serving,ca-pub-7784034061253020,290,2024-12-16,2024-12-16
pekanbaru.tribunnews.com,Page,N/A,N/A,pekanbaru.tribunnews.com/2023/06/13/syakirah-viral-twitter-dan-link-video-viral-durasi-2-menit-dan-24-video-dicari,No,Adult: Sexual content,Restricted ad serving,ca-pub-7784034061253020,290,2024-12-11,2024-12-17
www.tribunnews.com,Page,N/A,N/A,www.tribunnews.com/regional/2011/04/01/subandi-mak-erot-dari-trenggalek,No,Adult: Sexual content,Restricted ad serving,ca-pub-7784034061253020,289,2024-12-11,2024-12-17
bangka.tribunnews.com,Page,N/A,N/A,bangka.tribunnews.com/2022/10/18/bripka-rr-lihat-brigadir-j-menangis-keluar-dari-kamar-putri-ternyata-istri-sambo-katakan-ini,Yes,Encouraging accidental clicks: Layout,Restricted ad serving,ca-pub-7784034061253020,289,2024-12-12,2024-12-15
kaltim.tribunnews.com,Page,N/A,N/A,kaltim.tribunnews.com/2023/06/06/dilarang-tayang-di-indonesia-5-anime-penuh-adegan-panas-18-tanpa-sensor?page=2,No,Adult: Sexual content,Restricted ad serving,ca-pub-7784034061253020,287,2024-12-13,2024-12-17
bangka.tribunnews.com,Page,N/A,N/A,bangka.tribunnews.com/2021/12/07/minyak-goreng-atau-putih-telur-bisa-jadi-pelumas-alami-hubungan-suami-istri-coba-saja-pasti-joss?page=all,No,Adult: Sexual content,Restricted ad serving,ca-pub-7784034061253020,287,2024-12-17,2024-12-17
pekanbaru.tribunnews.com,Page,N/A,N/A,pekanbaru.tribunnews.com/2023/12/15/chika-viral-20-juta-link-dicari-dan-link-video-chika-yang-lagi-viral-disebar-di-twitter,No,Adult: Sexual content,Restricted ad serving,ca-pub-7784034061253020,282,2024-12-11,2024-12-15
bangka.tribunnews.com,Page,N/A,N/A,bangka.tribunnews.com/2023/05/04/video-gadis-bali-viral-di-telegram-yandex-teabox-dan-twitter-3-link-videonya-kini-diburu-warganet?page=all,No,Adult: Sexual content,Restricted ad serving,ca-pub-7784034061253020,278,2024-12-13,2024-12-15
makassar.tribunnews.com,Page,N/A,N/A,makassar.tribunnews.com/2017/12/17/edan-wanita-ini-mau-tampilkan-video-hubungan-suami-istri-mengejutkan-begini-keadaan-si-cewek-kini,No,Adult: Sexual content,Restricted ad serving,ca-pub-7784034061253020,277,2024-12-13,2024-12-15
aceh.tribunnews.com,Page,N/A,N/A,aceh.tribunnews.com/2024/07/06/cara-mengetahui-perempuan-masih-perawan-atau-tidak-dr-boyke-ungkap-caranya,No,Adult: Sexual content,Restricted ad serving,ca-pub-7784034061253020,277,2024-12-11,2024-12-16
wartakota.tribunnews.com,Page,N/A,N/A,wartakota.tribunnews.com/2017/11/01/wanita-ini-tak-rela-alat-kelamin-cowoknya-dinikmati-cewek-lain-maka-alat-kelamin-itu-dibakar,Yes,Site Behavior: Navigation,Restricted ad serving,ca-pub-7784034061253020,276,2024-12-11,2024-12-17
jambi.tribunnews.com,Page,N/A,N/A,jambi.tribunnews.com/2019/08/18/deretan-foto-30-gadis-jepang-ini-sangat-populer-berani-tampil-terbuka-hingga-tampak-bagian-dalam,No,Adult: Sexual content,Restricted ad serving,ca-pub-7784034061253020,276,2024-12-11,2024-12-17
bangka.tribunnews.com,Page,N/A,N/A,bangka.tribunnews.com/2010/10/16/mahkota-kegadisan-direnggut-ayah-kandung,No,Adult: Sexual content,Restricted ad serving,ca-pub-7784034061253020,276,2024-12-11,2024-12-17
www.tribunnews.com,Page,N/A,N/A,www.tribunnews.com/internasional/2011/05/26/janin-manusia-jadi-sup-dipercaya-perkuat-seks,No,Adult: Sexual content;Shocking content,Restricted ad serving,ca-pub-7784034061253020,273,2024-12-15,2024-12-16
bali.tribunnews.com,Page,N/A,N/A,bali.tribunnews.com/2017/08/08/risiko-seks-oral-bukan-sipilis-dan-hiv-namun-malah-memicu-kanker-lidah-dan-mulut-bagaimana-bisa,Yes,Ads Disguised as Content,Restricted ad serving,ca-pub-7784034061253020,273,2024-12-11,2024-12-17
suryamalang.tribunnews.com,Page,N/A,N/A,suryamalang.tribunnews.com/2024/12/17/lukai-3-korban-saat-balap-lari-di-situbondo-pelaku-pembacokan-dihajar-massa-hingga-babak-belur,No,Shocking content,Restricted ad serving,ca-pub-7784034061253020,271,2024-12-16,2024-12-17
jabar.tribunnews.com,Page,N/A,N/A,jabar.tribunnews.com/2024/03/25/pengobatan-alat-vital-bandung-aa-h-kosasih,No,Adult: Sexual content,Restricted ad serving,ca-pub-7784034061253020,271,2024-12-11,2024-12-17
jateng.tribunnews.com,Page,N/A,N/A,jateng.tribunnews.com/2020/07/27/istilah-istilah-ini-yang-sering-dipakai-psk-online-yang-bertebaran-di-media-sosial-saat-ini,No,Adult: Sexual content,Restricted ad serving,ca-pub-7784034061253020,270,2024-12-11,2024-12-16
bangka.tribunnews.com,Page,N/A,N/A,bangka.tribunnews.com/2016/04/01/inilah-5-tanda-tanda-wanita-yang-baru-saja-berhubungan-cinta,No,Adult: Sexual content,Restricted ad serving,ca-pub-7784034061253020,270,2024-12-11,2024-12-17
lampung.tribunnews.com,Page,N/A,N/A,lampung.tribunnews.com/2018/01/02/ini-penjelasan-dokter-tentang-miss-v-tembem-yang-bikin-suami-heran,No,Adult: Sexual content,Restricted ad serving,ca-pub-7784034061253020,269,2024-12-11,2024-12-17
wartakota.tribunnews.com,Page,N/A,N/A,wartakota.tribunnews.com/2019/11/10/ini-cara-psk-open-bo-tipu-pria-hidung-belang-pakai-aplikasi-kencan-michat-awal-minta-dp-rp-100-ribu,No,Adult: Sexual content,Restricted ad serving,ca-pub-7784034061253020,267,2024-12-13,2024-12-15
palembang.tribunnews.com,Page,N/A,N/A,palembang.tribunnews.com/2021/02/22/wajib-tahu-apa-itu-bokep,No,Adult: Sexual content,Restricted ad serving,ca-pub-7784034061253020,266,2024-12-11,2024-12-15
www.tribunnews.com,Page,N/A,N/A,www.tribunnews.com/kesehatan/2018/02/12/jauh-dari-suami-ibu-2-anak-ini-3-tahun-pakai-sex-toys-blak-blakan-soal-rasa-dan-pendapat-suaminya,No,Adult: Sexual content,Restricted ad serving,ca-pub-7784034061253020,265,2024-12-11,2024-12-17
palembang.tribunnews.com,Page,N/A,N/A,palembang.tribunnews.com/2017/11/07/mantan-anggota-grup-akb48-ini-alih-profesi-ke-dunia-film-dewasa-begini-foto-fotonya,Yes,Site Behavior: Navigation,Restricted ad serving,ca-pub-7784034061253020,265,2024-12-12,2024-12-17
belitung.tribunnews.com,Page,N/A,N/A,belitung.tribunnews.com/2021/01/24/kode-khusus-tempat-prostitusi-di-puncak-bogor-tulisan-villa-dan-villa-double-l-ini-artinya,Yes,Ads Disguised as Content;Adult: Sexual content,Restricted ad serving,ca-pub-7784034061253020,265,2024-12-11,2024-12-17
wartakota.tribunnews.com,Page,N/A,N/A,wartakota.tribunnews.com/2024/10/03/geger-mayat-pria-tersangkut-alat-berat-di-kali-kanal-season-city-jakbar-sulit-dikenali,No,Shocking content,Restricted ad serving,ca-pub-7784034061253020,264,2024-12-14,2024-12-17
belitung.tribunnews.com,Page,N/A,N/A,belitung.tribunnews.com/2016/12/21/lihat-jari-kelingking-anda-kalau-di-bawah-ruas-jari-manis-berarti-tipe-penyendiri,No,Adult: Sexual content,Restricted ad serving,ca-pub-7784034061253020,264,2024-12-11,2024-12-17
wartakota.tribunnews.com,Page,N/A,N/A,wartakota.tribunnews.com/2017/04/24/video-adegan-ayu-ting-ting-di-atas-ranjang-bikin-heboh,Yes,Site Behavior: Navigation,Restricted ad serving,ca-pub-7784034061253020,263,2024-12-11,2024-12-17
www.tribunnews.com,Page,N/A,N/A,www.tribunnews.com/kesehatan/2017/07/08/terungkap-rahasia-bentuk-bibir-wanita-dan-tingginya-nafsu-seksual,No,Adult: Sexual content,Restricted ad serving,ca-pub-7784034061253020,261,2024-12-11,2024-12-17
pekanbaru.tribunnews.com,Page,N/A,N/A,pekanbaru.tribunnews.com/2022/09/28/co-singkatan-dari-apa-apa-itu-co-dalam-organisasi-dan-apa-itu-co-shope,No,Adult: Sexual content,Restricted ad serving,ca-pub-7784034061253020,260,2024-12-16,2024-12-17
medan.tribunnews.com,Page,N/A,N/A,medan.tribunnews.com/2022/03/30/inilah-15-arti-bahasa-gaul-yang-digunakan-di-media-sosial-mulai-dari-maksud-open-bo-hingga-expo,No,Adult: Sexual content,Restricted ad serving,ca-pub-7784034061253020,260,2024-12-11,2024-12-16
bangka.tribunnews.com,Page,N/A,N/A,bangka.tribunnews.com/2021/12/14/video-tante-sisca-berhubungan-badan-dengan-boris-diintip-2-pria-tersebar-3-video-berhasil-direkam,No,Adult: Sexual content,Restricted ad serving,ca-pub-7784034061253020,260,2024-12-11,2024-12-16
wartakota.tribunnews.com,Page,N/A,N/A,wartakota.tribunnews.com/2014/11/13/inilah-posisi-doggy-style-yang-benar,No,Adult: Sexual content,Restricted ad serving,ca-pub-7784034061253020,252,2024-12-11,2024-12-17
m.tribunnews.com,Page,N/A,N/A,m.tribunnews.com/nasional/2022/01/03/harga-rokok-per-1-januari-2022-naik-berikut-daftar-harga-per-bungkusnya?page=3,No,Tobacco,Restricted ad serving,ca-pub-7784034061253020,251,2024-12-16,2024-12-17
belitung.tribunnews.com,Page,N/A,N/A,belitung.tribunnews.com/2019/03/05/tisu-magic-biasa-dipakai-untuk-atasi-kram-otot-begini-penjelasan-dokter,No,Adult: Sexual content;Shocking content,Restricted ad serving,ca-pub-7784034061253020,249,2024-12-11,2024-12-17
manado.tribunnews.com,Page,N/A,N/A,manado.tribunnews.com/2020/08/29/benarkah-alat-kelamin-kucing-jantan-berduri-sehingga-kucing-betina-berisik-saat-kawin-ini-faktanya?page=2,No,Google-served ads obscuring content,Restricted ad serving,ca-pub-7784034061253020,248,2024-12-12,2024-12-17
lampung.tribunnews.com,Page,N/A,N/A,lampung.tribunnews.com/2018/01/06/video-mesum-bocah-dengan-tante-viral-tak-berani-melawan-karena-takut-ibu,No,Google-served ads obscuring content;Shocking content,Restricted ad serving,ca-pub-7784034061253020,248,2024-12-11,2024-12-17
bangka.tribunnews.com,Page,N/A,N/A,bangka.tribunnews.com/2022/07/21/ada-panti-pijat-plus-plus-di-pangkalpinang-berkedok-pijat-tradisional-full-service-bayar-rp-400000,Yes,Ads Disguised as Content,Restricted ad serving,ca-pub-7784034061253020,247,2024-12-11,2024-12-17
aceh.tribunnews.com,Page,N/A,N/A,aceh.tribunnews.com/2024/12/15/aiptu-hidayat-dan-brigpol-tri-yudha-meninggal-dibacok-otk-di-lanny-jaya-1-warga-sipil-tertembak?page=3,No,Shocking content,Restricted ad serving,ca-pub-7784034061253020,247,2024-12-14,2024-12-15
sumsel.tribunnews.com,Page,N/A,N/A,sumsel.tribunnews.com/2020/10/18/viral-pasangan-ini-nonton-film-porno-untuk-foreplay-alangkah-kagetnya-pemain-filmnya-putri-sendiri?page=1,No,Adult: Sexual content,Restricted ad serving,ca-pub-7784034061253020,246,2024-12-16,2024-12-16
www.tribunnews.com,Page,N/A,N/A,www.tribunnews.com/pendidikan/2023/08/02/kunci-jawaban-bahasa-indonesia-kelas-7-halaman-119-kurikulum-merdeka-identifikasi-unsur-berita,No,Shocking content,Restricted ad serving,ca-pub-7784034061253020,244,2024-12-15,2024-12-16
makassar.tribunnews.com,Page,N/A,N/A,makassar.tribunnews.com/2021/04/03/janda-muda-jadi-pemuas-nafsu-dibayar-murah-sekali-main-bingung-saat-dapat-tamu-pertama,Yes,Ads Disguised as Content,Restricted ad serving,ca-pub-7784034061253020,244,2024-12-11,2024-12-17
bangka.tribunnews.com,Page,N/A,N/A,bangka.tribunnews.com/2017/10/04/intip-kampung-cinta-di-subang-gadisnya-cantik-dan-nikahnya-murah-ditinggalin-jika-bosan,Yes,Site Behavior: Navigation,Restricted ad serving,ca-pub-7784034061253020,244,2024-12-12,2024-12-17
medan.tribunnews.com,Page,N/A,N/A,medan.tribunnews.com/2023/11/25/viral-pemuda-dianiaya-teman-secara-sadis-pakai-kayu-mirisnya-rekan-lain-hanya-menonton-dan-tertawa,No,Shocking content,Restricted ad serving,ca-pub-7784034061253020,243,2024-12-15,2024-12-17
sultra.tribunnews.com,Page,N/A,N/A,sultra.tribunnews.com/2022/10/21/link-video-wanita-baju-merah-viral-di-tiktok-hingga-twitter-bagian-rimbun-ramai-disorot-warganet,Yes,Ads Disguised as Content,Restricted ad serving,ca-pub-7784034061253020,241,2024-12-11,2024-12-17
aceh.tribunnews.com,Page,N/A,N/A,aceh.tribunnews.com/2024/12/16/cocok-untuk-suami-istri-ini-manfaat-luar-biasa-daun-kemangi,No,Adult: Sexual content,Restricted ad serving,ca-pub-7784034061253020,241,2024-12-16,2024-12-16
aceh.tribunnews.com,Page,N/A,N/A,aceh.tribunnews.com/2017/07/19/memiliki-kelamin-terbesar-di-dunia-pria-ini-tersiksa-hidupnya,No,Adult: Sexual content,Restricted ad serving,ca-pub-7784034061253020,241,2024-12-11,2024-12-17
pekanbaru.tribunnews.com,Page,N/A,N/A,pekanbaru.tribunnews.com/2021/08/27/film-bokeh-maika-monroe-trend-xnxubd-film-bokeh-full-bokeh-lights-bokeh-video-google-apk-download,Yes,Ads Disguised as Content,Restricted ad serving,ca-pub-7784034061253020,240,2024-12-11,2024-12-17
wartakota.tribunnews.com,Page,N/A,N/A,wartakota.tribunnews.com/2023/08/15/kumpulan-film-jepang-terbaru-2023-cocok-disaksikan-bagi-pasangan-yang-baru-menikah-khusus-dewasa?page=all,No,Adult: Sexual content,Restricted ad serving,ca-pub-7784034061253020,239,2024-12-11,2024-12-17
jogja.tribunnews.com,Page,N/A,N/A,jogja.tribunnews.com/2017/10/13/enam-penyanyi-dangdut-ini-suka-tampil-hot-saat-manggung-bikin-mata-pria-merem-melek,No,Adult: Sexual content,Restricted ad serving,ca-pub-7784034061253020,239,2024-12-11,2024-12-17
jambi.tribunnews.com,Page,N/A,N/A,jambi.tribunnews.com/2019/01/12/5-wanita-bintang-film-dewasa-terfavorit-artis-cantik-ini-dinobatkan-pendatang-baru-terbaik,No,Adult: Sexual content,Restricted ad serving,ca-pub-7784034061253020,239,2024-12-11,2024-12-17
sulbar.tribunnews.com,Page,N/A,N/A,sulbar.tribunnews.com/2024/10/09/3-shio-paling-sial-di-tahun-2025-simak-cara-mengatasi-ciong-selama-tahun-shio-ular-kayu,No,Adult: Sexual content,Restricted ad serving,ca-pub-7784034061253020,238,2024-12-17,2024-12-17
wartakota.tribunnews.com,Page,N/A,N/A,wartakota.tribunnews.com/2021/01/25/segini-tarif-psk-kawasan-puncak-bogor-dari-yang-berusia-remaja-dari-daerah-timur-tengah-dan-maroko,No,Adult: Sexual content,Restricted ad serving,ca-pub-7784034061253020,237,2024-12-12,2024-12-16
bekasi.tribunnews.com,Page,N/A,N/A,bekasi.tribunnews.com/2022/07/30/film-semi-thailand-terlaris-ditonton-mulai-dari-kisah-percintaan-dan-perselingkuhan-khusus-dewasa,No,Adult: Sexual content,Restricted ad serving,ca-pub-7784034061253020,237,2024-12-11,2024-12-15
bali.tribunnews.com,Page,N/A,N/A,bali.tribunnews.com/2017/07/11/video-wanita-lepas-baju-dan-celana-di-kamar-mandi-kejadian-selanjutnya-mengejutkan,No,Adult: Sexual content,Restricted ad serving,ca-pub-7784034061253020,236,2024-12-11,2024-12-17
makassar.tribunnews.com,Page,N/A,N/A,makassar.tribunnews.com/2019/10/18/efek-tisu-magic-belum-habis-psk-cantik-minta-ridwan-yang-lagi-di-puncak-berhenti-akhirnya-tragis,No,Adult: Sexual content,Restricted ad serving,ca-pub-7784034061253020,234,2024-12-11,2024-12-16
jatim.tribunnews.com,Page,N/A,N/A,jatim.tribunnews.com/2023/05/23/arti-kata-revenge-porn-yang-viral-di-media-sosial-sering-dialami-artis-tanah-air-ada-dampak-buruk,No,Google-served ads obscuring content,Restricted ad serving,ca-pub-7784034061253020,234,2024-12-11,2024-12-17
bangka.tribunnews.com,Page,N/A,N/A,bangka.tribunnews.com/2018/01/06/video-mesum-tante-dan-bocah-di-bandung-ternyata-juga-berhubungan-dengan-pria-ini,No,Adult: Sexual content,Restricted ad serving,ca-pub-7784034061253020,234,2024-12-11,2024-12-17
jambi.tribunnews.com,Page,N/A,N/A,jambi.tribunnews.com/2020/09/27/6-judul-film-maria-ozawa-miyabi-adegan-irokoishi-paling-ehem-sd-nilalang-yang-kalem,No,Adult: Sexual content,Restricted ad serving,ca-pub-7784034061253020,233,2024-12-11,2024-12-15
jambi.tribunnews.com,Page,N/A,N/A,jambi.tribunnews.com/2019/08/22/dereta-artis-ini-betobat-sebagai-bintang-film-panas-nasibnya-sekarang-mengejutkan-ada-nama-miyabi,No,Adult: Sexual content,Restricted ad serving,ca-pub-7784034061253020,231,2024-12-11,2024-12-17
jatim.tribunnews.com,Page,N/A,N/A,jatim.tribunnews.com/2022/03/15/arti-kata-depo-bahasa-gaul-viral-di-media-sosial-gegara-kasus-indra-kenz-dan-doni-salmanan,No,Google-served ads obscuring content,Restricted ad serving,ca-pub-7784034061253020,229,2024-12-11,2024-12-17
belitung.tribunnews.com,Page,N/A,N/A,belitung.tribunnews.com/2016/09/15/empat-wanita-cantik-asal-indonesia-ini-sukses-jadi-bintang-film-porno-simak-siapa-saja-mereka,No,Adult: Sexual content,Restricted ad serving,ca-pub-7784034061253020,228,2024-12-11,2024-12-17
pekanbaru.tribunnews.com,Page,N/A,N/A,pekanbaru.tribunnews.com/2021/12/11/video-intip-tante-sisca-mellyana-lagi-pipis-viral-ditonton-lebih-500-ribu-kali,No,Adult: Sexual content,Restricted ad serving,ca-pub-7784034061253020,227,2024-12-13,2024-12-16
m.tribunnews.com,Page,N/A,N/A,m.tribunnews.com/internasional/2015/12/04/edan-kasus-hubungan-intim-manusia-dan-kuda-meningkat,No,Adult: Sexual content,Restricted ad serving,ca-pub-7784034061253020,227,2024-12-11,2024-12-17
bangka.tribunnews.com,Page,N/A,N/A,bangka.tribunnews.com/2022/01/08/bagaimana-melayani-suami-jika-istri-sedang-haid-buya-yahya-berikan-penjelasan,Yes,Ads Disguised as Content,Restricted ad serving,ca-pub-7784034061253020,227,2024-12-11,2024-12-17
aceh.tribunnews.com,Page,N/A,N/A,aceh.tribunnews.com/2022/06/22/berapa-lama-suami-butuh-waktu-istirahat-sebelum-memasuki-ronde-kedua-begini-kata-dr-boyke,No,Adult: Sexual content,Restricted ad serving,ca-pub-7784034061253020,227,2024-12-13,2024-12-15
aceh.tribunnews.com,Page,N/A,N/A,aceh.tribunnews.com/2020/11/07/5-fakta-video-viral-mirip-gisel-bukan-yang-pertama-wijin-dan-gading-marten-ikut-trending,No,Adult: Sexual content,Restricted ad serving,ca-pub-7784034061253020,227,2024-12-13,2024-12-16
jambi.tribunnews.com,Page,N/A,N/A,jambi.tribunnews.com/2018/02/22/2-kategori-dan-49-istilah-yang-sering-digunakan-di-film-biru?page=3,No,Adult: Sexual content,Restricted ad serving,ca-pub-7784034061253020,225,2024-12-11,2024-12-17
medan.tribunnews.com,Page,N/A,N/A,medan.tribunnews.com/2021/10/04/penjaja-kenikmatan-tumbuh-subur-di-kabupaten-samosir-begini-modusnya-dalam-beraksi,Yes,Ads Disguised as Content;Adult: Sexual content,Restricted ad serving,ca-pub-7784034061253020;ca-video-pub-7784034061253020,224,2024-12-12,2024-12-17
kupang.tribunnews.com,Page,N/A,N/A,kupang.tribunnews.com/2014/06/19/psk-sarkem-bisa-layani-5-pelanggan-semalam-tarif-rp-150-ribu-rp-300-ribu,No,Adult: Sexual content,Restricted ad serving,ca-pub-7784034061253020,224,2024-12-11,2024-12-17
wartakota.tribunnews.com,Page,N/A,N/A,wartakota.tribunnews.com/2020/02/21/ibu-mertua-intip-menantu-dan-anaknya-berhubungan-badan-ternyata-ini-tujuan-sebenarnya,Yes,Adult: Sexual content;Modified ad code: Resizing Ad Frames,Restricted ad serving,ca-pub-7784034061253020,223,2024-12-11,2024-12-17
jambi.tribunnews.com,Page,N/A,N/A,jambi.tribunnews.com/2018/02/22/2-kategori-dan-49-istilah-yang-sering-digunakan-di-film-biru?page=2,No,Adult: Sexual content,Restricted ad serving,ca-pub-7784034061253020,223,2024-12-11,2024-12-17
belitung.tribunnews.com,Page,N/A,N/A,belitung.tribunnews.com/2021/02/16/obat-kuat-alami-bumbu-dapur-ini-dijamin-bikin-tahan-lama-lebih-aman-dari-obat-kimia,No,Adult: Sexual content,Restricted ad serving,ca-pub-7784034061253020,222,2024-12-12,2024-12-15
makassar.tribunnews.com,Page,N/A,N/A,makassar.tribunnews.com/2017/12/16/beginilah-nasib-7-bintang-film-panas-jepang-saat-tobat-nomor-7-bikin-cara-sendiri-layani-fans,Yes,Adult: Sexual content;Site Behavior: Navigation,Restricted ad serving,ca-pub-7784034061253020,221,2024-12-11,2024-12-17
www.tribunnewswiki.com,Page,N/A,N/A,www.tribunnewswiki.com/2023/05/02/viral-video-47-detik-gadis-bali-3-link-tersebar-di-twitter-dan-telegram-dengan-watermark-om-bejo,No,Adult: Sexual content,Restricted ad serving,ca-pub-7784034061253020,220,2024-12-13,2024-12-15
makassar.tribunnews.com,Page,N/A,N/A,makassar.tribunnews.com/2020/07/31/ini-29-aplikasi-link-nonton-film-online-film-dewasa-drakor-download-film-mirip-indoxxi-gratis,No,Adult: Sexual content,Restricted ad serving,ca-pub-7784034061253020,220,2024-12-14,2024-12-15
bangka.tribunnews.com,Page,N/A,N/A,bangka.tribunnews.com/2020/01/06/tips-latihan-dan-senam-kegel-bakal-buat-wanita-maksimal-dan-nyaman-di-ranjang-begini-caranya,No,Adult: Sexual content,Restricted ad serving,ca-pub-7784034061253020,220,2024-12-11,2024-12-17
aceh.tribunnews.com,Page,N/A,N/A,aceh.tribunnews.com/2023/01/03/resmi-naik-ini-daftar-harga-rokok-di-alfamart-dan-indomaret-januari-2023,No,Tobacco,Restricted ad serving,ca-pub-7784034061253020,220,2024-12-11,2024-12-15
www.tribunnews.com,Page,N/A,N/A,www.tribunnews.com/nasional/2024/12/17/susno-duadji-kagat-pk-terpidana-kasus-vina-cirebon-ditolak-aneh-tapi-harus-diterima-kenyataan-pahit?page=all,No,Adult: Sexual content,Restricted ad serving,ca-pub-7784034061253020,219,2024-12-16,2024-12-16
pekanbaru.tribunnews.com,Page,N/A,N/A,pekanbaru.tribunnews.com/tag/kiwora-mlbb,Yes,Mislabeled Ads,Restricted ad serving,ca-pub-7784034061253020,219,2024-12-11,2024-12-17
madura.tribunnews.com,Page,N/A,N/A,madura.tribunnews.com/2024/12/02/5-fakta-kdrt-maut-di-gresik-korban-sempat-lari-usai-ditusuk-tinggalkan-2-anak-kecil?page=3,No,Shocking content,Restricted ad serving,ca-pub-7784034061253020,219,2024-12-17,2024-12-17
makassar.tribunnews.com,Page,N/A,N/A,makassar.tribunnews.com/2019/11/10/terungkap-alasan-sebenarnya-suami-pria-suka-jajan-diluar-fantasi-ini-yang-diharapkan-dari-istri,No,Adult: Sexual content,Restricted ad serving,ca-pub-7784034061253020,218,2024-12-11,2024-12-16
trends.tribunnews.com,Page,N/A,N/A,trends.tribunnews.com/2023/12/07/apa-arti-pijat-plus-plus-istilah-viral-tiktok-sering-muncul-dalam-bahasa-gaul-ini-maknanya?page=all,No,Adult: Sexual content,Restricted ad serving,ca-pub-7784034061253020,217,2024-12-12,2024-12-17
www.tribunnews.com,Page,N/A,N/A,www.tribunnews.com/regional/2013/08/11/10-tetes-langsung-bereaksi,No,Adult: Sexual content,Restricted ad serving,ca-pub-7784034061253020,216,2024-12-11,2024-12-17
m.tribunnews.com,Page,N/A,N/A,m.tribunnews.com/internasional/2024/12/17/kuburan-massal-ditemukan-di-dekat-damaskus-suriah-narapidana-yang-disiksa-diduga-dikubur-di-sana?page=2,No,Shocking content,Restricted ad serving,ca-pub-7784034061253020,216,2024-12-17,2024-12-17
pekanbaru.tribunnews.com,Page,N/A,N/A,pekanbaru.tribunnews.com/2022/10/27/cewek-wajib-tahu-34b-kecil-atau-besar-34b-artinya-bahasa-gaul-apa,Yes,Ads Disguised as Content,Restricted ad serving,ca-pub-7784034061253020,215,2024-12-11,2024-12-17
aceh.tribunnews.com,Page,N/A,N/A,aceh.tribunnews.com/2024/11/04/suami-tikam-istri-hingga-tewas-ditusuk-saat-sedang-nyanyi-lagu-rohani-live-facebook,No,Shocking content,Restricted ad serving,ca-pub-7784034061253020,215,2024-12-12,2024-12-17
medan.tribunnews.com,Page,N/A,N/A,medan.tribunnews.com/2018/01/14/kumpulan-foto-foto-seksi-tyas-mirasih-dari-blak-blakan-urusan-ranjang-hingga-prostitusi-artis?page=all,Yes,Site Behavior: Navigation,Restricted ad serving,ca-pub-7784034061253020,214,2024-12-11,2024-12-17
jabar.tribunnews.com,Page,N/A,N/A,jabar.tribunnews.com/2022/01/31/spesialis-ahli-pengobatan-alat-vital-tangerang-banten-terbaik-terpercaya-klinik-bpk-habdul-nun,No,Adult: Sexual content,Restricted ad serving,ca-pub-7784034061253020,214,2024-12-11,2024-12-17
bangka.tribunnews.com,Page,N/A,N/A,bangka.tribunnews.com/2018/01/08/ini-7-nama-tersangka-video-mesum-tante-vs-bocah-di-bandung,No,Adult: Sexual content,Restricted ad serving,ca-pub-7784034061253020,213,2024-12-11,2024-12-17
pekanbaru.tribunnews.com,Page,N/A,N/A,pekanbaru.tribunnews.com/2021/06/11/apa-arti-isin-bahasa-gaul-istilah-jawa-yang-disebut-bahasa-gaul-inilah-isin-artinya-apa-itu-isin,Yes,Encouraging accidental clicks: Layout,Restricted ad serving,ca-pub-7784034061253020,212,2024-12-11,2024-12-17
batam.tribunnews.com,Page,N/A,N/A,batam.tribunnews.com/2020/12/06/ternyata-ini-arti-mimpi-berhubungan-intim-dengan-pacar-menurut-primbon-jawa-anda-harus-waspada,No,Adult: Sexual content,Restricted ad serving,ca-pub-7784034061253020,212,2024-12-13,2024-12-15
wow.tribunnews.com,Page,N/A,N/A,wow.tribunnews.com/2017/10/07/7-kebohongan-tentang-bercinta-di-film-dewasa-nomor-4-bikin-jijik,No,Adult: Sexual content,Restricted ad serving,ca-pub-7784034061253020,211,2024-12-12,2024-12-17
pekanbaru.tribunnews.com,Page,N/A,N/A,pekanbaru.tribunnews.com/2017/11/09/pernah-dengar-threesome-begini-5-faktanya-yang-ditemukan-seorang-peneliti,Yes,Ads Disguised as Content,Restricted ad serving,ca-pub-7784034061253020,211,2024-12-11,2024-12-17
belitung.tribunnews.com,Page,N/A,N/A,belitung.tribunnews.com/2022/05/10/wanita-tanpa-busana-histeris-lagi-asik-mandi-pria-tak-diundang-datang-syok-tubuhnya-jadi-tontonan,Yes,Ads Disguised as Content,Restricted ad serving,ca-pub-7784034061253020,211,2024-12-11,2024-12-17
www.tribunnews.com,Page,N/A,N/A,www.tribunnews.com/lifestyle/2010/04/24/gairah-seks-wanita-menurut-primbon-jawa,No,Adult: Sexual content,Restricted ad serving,ca-pub-7784034061253020,210,2024-12-11,2024-12-17
sumsel.tribunnews.com,Page,N/A,N/A,sumsel.tribunnews.com/2017/05/02/4-bintang-film-jav-sempat-bikin-heboh-indonesia-nomor-1-dan-2-paling-populer,No,Adult: Sexual content,Restricted ad serving,ca-pub-7784034061253020,208,2024-12-11,2024-12-17
medan.tribunnews.com,Page,N/A,N/A,medan.tribunnews.com/2022/04/21/akibat-candu-film-dewasa-suami-terkejut-saat-nonton-video-syur-pemeran-wanitanya-tak-asing,No,Adult: Sexual content,Restricted ad serving,ca-pub-7784034061253020,208,2024-12-13,2024-12-15
makassar.tribunnews.com,Page,N/A,N/A,makassar.tribunnews.com/2020/07/17/foto-foto-ikan-mulut-dan-gigi-seperti-manusia-viral-di-media-sosial-cek-fakta-seputarnya?page=all,No,Adult: Sexual content,Restricted ad serving,ca-pub-7784034061253020,208,2024-12-16,2024-12-16
m.tribunnews.com,Page,N/A,N/A,m.tribunnews.com/lifestyle/2020/08/25/tes-kepribadian-bulan-kelahiranmu-bisa-bongkar-sifat-aslimu-lebih-dari-yang-kamu-tahu,No,Shocking content,Restricted ad serving,ca-pub-7784034061253020,208,2024-12-17,2024-12-17
jateng.tribunnews.com,Page,N/A,N/A,jateng.tribunnews.com/2024/12/16/penyebab-oknum-tni-tega-bakar-istri-sendiri-bermula-cekcok-karena-charger-hp?page=all,No,Shocking content,Restricted ad serving,ca-pub-7784034061253020,208,2024-12-16,2024-12-16
bangka.tribunnews.com,Page,N/A,N/A,bangka.tribunnews.com/2021/10/29/jangan-sampai-menular-ini-obat-tradisional-penyakit-sifilis-coba-daun-sirih-dan-daun-kumis-kucing,No,Shocking content,Restricted ad serving,ca-pub-7784034061253020,208,2024-12-12,2024-12-16
www.tribunnews.com,Page,N/A,N/A,www.tribunnews.com/internasional/2018/01/17/bintang-porno-jepang-umumkan-rencana-menikah-banyak-penggemarnya-di-china-patah-hati,No,Adult: Sexual content,Restricted ad serving,ca-pub-7784034061253020,207,2024-12-11,2024-12-16
aceh.tribunnews.com,Page,N/A,N/A,aceh.tribunnews.com/2017/09/26/kpk-tetapkan-bupati-kukar-jadi-tersangkavideo-mesumnya-diduga-pernah-gemparkan-indonesia,No,Adult: Sexual content,Restricted ad serving,ca-pub-7784034061253020,207,2024-12-14,2024-12-15
kupang.tribunnews.com,Page,N/A,N/A,kupang.tribunnews.com/2018/07/05/perempuan-suka-nonton-film-dewasa-karena-10-alasan-unik-ini-apa-saja-ya,No,Adult: Sexual content,Restricted ad serving,ca-pub-7784034061253020,206,2024-12-12,2024-12-17
jatim.tribunnews.com,Page,N/A,N/A,jatim.tribunnews.com/2024/12/10/dendam-diejek-pria-ini-tikam-tiga-bocah-hingga-terkapar-sempat-lapor-orang-tua-korban-tak-digubris,No,Shocking content,Restricted ad serving,ca-pub-7784034061253020,206,2024-12-11,2024-12-15
pontianak.tribunnews.com,Page,N/A,N/A,pontianak.tribunnews.com/2018/01/24/10-foto-dan-video-artis-indonesia-telanjang-beredar-di-internet-ada-yang-dilaporkan-ke-polisi,No,Adult: Sexual content,Restricted ad serving,ca-pub-7784034061253020,205,2024-12-11,2024-12-17
banjarmasin.tribunnews.com,Page,N/A,N/A,banjarmasin.tribunnews.com/tag/film-mesum,Yes,Google-served ads on screens without publisher-content,Restricted ad serving,ca-pub-7784034061253020,205,2024-12-11,2024-12-17
pontianak.tribunnews.com,Page,N/A,N/A,pontianak.tribunnews.com/2018/01/27/ciri-ciri-wanita-bernafsu-tinggi-beberapa-ada-yang-sering-kamu-jumpai,No,Adult: Sexual content,Restricted ad serving,ca-pub-7784034061253020,204,2024-12-11,2024-12-17
style.tribunnews.com,Page,N/A,N/A,style.tribunnews.com/2022/11/21/5-rekomendasi-anime-komedi-dewasa-terbaru-penuh-adegan-panas-ada-kaguya-sama-love-is-war,No,Adult: Sexual content,Restricted ad serving,ca-pub-7784034061253020,203,2024-12-13,2024-12-15
makassar.tribunnews.com,Page,N/A,N/A,makassar.tribunnews.com/2016/11/26/rugi-kalau-tak-tahu-inilah-arti-bo-st-lt-di-ucapan-terima-kasih-psk-kepada-anji-drive?page=4,No,Adult: Sexual content,Restricted ad serving,ca-pub-7784034061253020,203,2024-12-12,2024-12-17
bangka.tribunnews.com,Page,N/A,N/A,bangka.tribunnews.com/2016/09/29/inilah-8-artis-panas-jepang-pangganti-maria-ozawa-siapakah-yang-paling-cocok?page=all,No,Adult: Sexual content,Restricted ad serving,ca-pub-7784034061253020,203,2024-12-13,2024-12-16
medan.tribunnews.com,Page,N/A,N/A,medan.tribunnews.com/2019/09/20/inilah-daftar-makanan-yang-boleh-dipanaskan-kembali-dan-makanan-uang-tidak-bisa-dipanaskan-lagi,No,Google-served ads obscuring content,Restricted ad serving,ca-pub-7784034061253020,202,2024-12-11,2024-12-17
kupang.tribunnews.com,Page,N/A,N/A,kupang.tribunnews.com/2017/12/09/tanpa-sensor-para-pemain-di-lima-film-ini-benar-benar-lakukan-adegan-ranjang-di-depan-kamera?page=2,Yes,Adult: Sexual content;Site Behavior: Navigation,Restricted ad serving,ca-pub-7784034061253020,202,2024-12-11,2024-12-17
pekanbaru.tribunnews.com,Page,N/A,N/A,pekanbaru.tribunnews.com/2021/11/17/arti-dan-makna-mimpi-berhubungan-badan-mimpi-dengan-guru-bos-main-di-dapur-hingga-dengan-teman,Yes,Ads Disguised as Content;Modified ad code: Resizing Ad Frames,Restricted ad serving,ca-pub-7784034061253020,201,2024-12-11,2024-12-15
bengkulu.tribunnews.com,Page,N/A,N/A,bengkulu.tribunnews.com/2024/08/15/arti-mimpi-mancing-buaya-ternyata-berhasil-jalin-komitmen-dengan-orang-tersayang-iyakah,No,Shocking content,Restricted ad serving,ca-pub-7784034061253020,201,2024-12-14,2024-12-16
belitung.tribunnews.com,Page,N/A,N/A,belitung.tribunnews.com/2021/11/18/kisah-psk-kelelahan-layani-pria-hidung-belang-minta-maksimal-tapi-pelit-kaget-pelangganya-tetangga,No,Adult: Sexual content,Restricted ad serving,ca-pub-7784034061253020,201,2024-12-13,2024-12-16
jabar.tribunnews.com,Page,N/A,N/A,jabar.tribunnews.com/2021/01/31/cerita-kakek-sugiono-yang-sering-muncul-di-meme-ternyata-istri-tak-tahu-kalau-dia-bintang-film-panas,Yes,Ads Disguised as Content,Restricted ad serving,ca-pub-7784034061253020,200,2024-12-11,2024-12-17
bangka.tribunnews.com,Page,N/A,N/A,bangka.tribunnews.com/2024/12/07/ingat-sosok-margriet-christina-narapidana-pembunuhan-engeline-di-bali-meninggal-dunia,No,Adult: Sexual content,Restricted ad serving,ca-pub-7784034061253020,200,2024-12-13,2024-12-16
makassar.tribunnews.com,Page,N/A,N/A,makassar.tribunnews.com/2017/12/10/si-wanita-cantik-masuk-toilet-lalu-lepas-baju-dan-celana-hal-tak-disangka-pun-terjadi,Yes,Ads Disguised as Content,Restricted ad serving,ca-pub-7784034061253020,199,2024-12-11,2024-12-17
aceh.tribunnews.com,Page,N/A,N/A,aceh.tribunnews.com/2024/12/16/istri-pukul-suami-pakai-kayu-hingga-tewas-di-ntt-pelaku-tak-terima-dimaki-dan-ditendang-korban?page=2,No,Shocking content,Restricted ad serving,ca-pub-7784034061253020,197,2024-12-15,2024-12-16
wartakota.tribunnews.com,Page,N/A,N/A,wartakota.tribunnews.com/2020/07/12/ciri-ciri-organ-intim-wanita-sudah-tak-perawan-lagi,No,Adult: Sexual content,Restricted ad serving,ca-pub-7784034061253020,196,2024-12-11,2024-12-16
pontianak.tribunnews.com,Page,N/A,N/A,pontianak.tribunnews.com/2017/11/13/6-artis-papan-atas-ini-menyesal-pernah-bugil-dan-lakukan-adegan-panas-di-film,No,Adult: Sexual content,Restricted ad serving,ca-pub-7784034061253020,195,2024-12-11,2024-12-17
health.tribunnews.com,Page,N/A,N/A,health.tribunnews.com/2023/11/25/mitos-atau-fakta-jarang-berhubungan-seksual-bisa-bikin-vagina-rapat-kembali,No,Adult: Sexual content,Restricted ad serving,ca-pub-7784034061253020,195,2024-12-12,2024-12-15
bogor.tribunnews.com,Page,N/A,N/A,bogor.tribunnews.com/2024/04/18/jangan-kaget-ini-5-arti-mimpi-berhubungan-badan-dengan-mantan-pertanda-akan-datangnya-masalah,Yes,Google-served ads obscuring content;Modified Javascript: Ads by Google size,Restricted ad serving,ca-pub-7784034061253020,195,2024-12-11,2024-12-16
manado.tribunnews.com,Page,N/A,N/A,manado.tribunnews.com/2019/01/12/5-gejala-awal-kanker-lidah-dan-mulut-jangan-anggap-sepele,No,Shocking content,Restricted ad serving,ca-pub-7784034061253020,193,2024-12-13,2024-12-16
pontianak.tribunnews.com,Page,N/A,N/A,pontianak.tribunnews.com/2021/09/28/titik-refleksi-darah-tinggi-pada-tangan-kepala-leher-kaki-titik-pijat-hilangkan-sakit-kepala,No,Google-served ads obscuring content;Shocking content,Restricted ad serving,ca-pub-7784034061253020,192,2024-12-11,2024-12-16
medan.tribunnews.com,Page,N/A,N/A,medan.tribunnews.com/2024/12/15/fakta-baru-kasus-klinik-kecantikan-abal-abal-ria-agustina-lakukan-treatment-buat-diri-sendiri,No,Adult: Sexual content,Restricted ad serving,ca-pub-7784034061253020,192,2024-12-15,2024-12-15
banjarmasin.tribunnews.com,Page,N/A,N/A,banjarmasin.tribunnews.com/2017/09/15/inilah-para-bintang-film-porno-jepang-yang-pilih-tobat-lihat-nasibnya-kemudian,No,Adult: Sexual content,Restricted ad serving,ca-pub-7784034061253020,191,2024-12-11,2024-12-17
aceh.tribunnews.com,Page,N/A,N/A,aceh.tribunnews.com/topic/konflik-palestina-vs-israel,No,Shocking content,Restricted ad serving,ca-pub-7784034061253020,190,2024-12-11,2024-12-15
medan.tribunnews.com,Page,N/A,N/A,medan.tribunnews.com/2024/12/15/sekeluarga-coba-akhiri-hidup-gegara-terjerat-pinjol-anak-bungsu-tewas-sempat-disebut-keracunan?page=2,No,Adult: Sexual content,Restricted ad serving,ca-pub-7784034061253020,189,2024-12-15,2024-12-15
jambi.tribunnews.com,Page,N/A,N/A,jambi.tribunnews.com/2018/02/22/2-kategori-dan-49-istilah-yang-sering-digunakan-di-film-biru?page=4,No,Adult: Sexual content,Restricted ad serving,ca-pub-7784034061253020,187,2024-12-11,2024-12-17
belitung.tribunnews.com,Page,N/A,N/A,belitung.tribunnews.com/2020/03/08/tantra-gerakan-yang-buat-wanita-orgasme-hanya-dalam-beberapa-tarikan-nafas-begini-jelasnya?page=all,No,Adult: Sexual content,Restricted ad serving,ca-pub-7784034061253020,187,2024-12-17,2024-12-17
style.tribunnews.com,Page,N/A,N/A,style.tribunnews.com/2022/11/04/5-rekomendasi-anime-erotis-tanpa-sensor-penuh-dengan-adegan-syur-ada-serial-high-school-dxd?page=2,No,Adult: Sexual content,Restricted ad serving,ca-pub-7784034061253020,186,2024-12-13,2024-12-17
makassar.tribunnews.com,Page,N/A,N/A,makassar.tribunnews.com/2019/11/13/mia-khalifa-pensiun-dari-film-dewasa-tak-sabar-segera-menikah-jawab-isu-soal-kehamilan,No,Adult: Sexual content,Restricted ad serving,ca-pub-7784034061253020,186,2024-12-12,2024-12-16
m.tribunnews.com,Page,N/A,N/A,m.tribunnews.com/internasional/2015/01/09/jangan-ditiru-orang-jepang-disarankan-bercinta-dulu-baru-menikah,No,Adult: Sexual content;Shocking content,Restricted ad serving,ca-pub-7784034061253020,186,2024-12-11,2024-12-17
banyumas.tribunnews.com,Page,N/A,N/A,banyumas.tribunnews.com/2024/12/06/pengakuan-mahasiswi-demak-jual-video-pornonya-untuk-kehidupan-sehari-hari-hingga-judi-online,No,Adult: Sexual content,Restricted ad serving,ca-pub-7784034061253020,186,2024-12-11,2024-12-15
bangka.tribunnews.com,Page,N/A,N/A,bangka.tribunnews.com/2023/05/26/kisah-don-juan-kena-sifilis-sampai-membusuk-seusai-berhubungan-dengan-2-mahasiswi-1-lc-dan-1-psk?page=all,No,Adult: Sexual content,Restricted ad serving,ca-pub-7784034061253020,186,2024-12-11,2024-12-17
www.tribunnews.com,Page,N/A,N/A,www.tribunnews.com/regional/2021/01/06/mayat-wanita-muda-di-hotel-rio-palembang-dikabarkan-menginap-dengan-2-teman-prianya,No,Shocking content,Restricted ad serving,ca-pub-7784034061253020,185,2024-12-11,2024-12-15
aceh.tribunnews.com,Page,N/A,N/A,aceh.tribunnews.com/2022/02/04/beredar-pengakuan-dokter-yang-20-tahun-lalu-operasi-ganti-kelamin-dorce-bisa-jadi-penderitaan,Yes,Modified ad code: Resizing Ad Frames,Restricted ad serving,ca-pub-7784034061253020,185,2024-12-11,2024-12-17
medan.tribunnews.com,Page,N/A,N/A,medan.tribunnews.com/2022/03/30/apa-itu-maksud-open-bo-simak-15-istilah-lainnya-dalam-dunia-prostitusi-online,No,Adult: Sexual content,Restricted ad serving,ca-pub-7784034061253020,183,2024-12-11,2024-12-16
gayo.tribunnews.com,Page,N/A,N/A,gayo.tribunnews.com/2023/05/26/malam-pertama-ayah-mertua-masuk-ke-kamar-aku-ketakutan-ingin-pingsan-ternyata,No,Google-served ads obscuring content,Restricted ad serving,ca-pub-7784034061253020,183,2024-12-11,2024-12-17
newsmaker.tribunnews.com,Page,N/A,N/A,newsmaker.tribunnews.com/2023/10/22/open-bo-bule-menjamur-di-bali-viral-grup-telegram-beverly-babes-berisi-2000-member-ini-tarifnya,No,Adult: Sexual content,Restricted ad serving,ca-pub-7784034061253020,181,2024-12-12,2024-12-16
wartakota.tribunnews.com,Page,N/A,N/A,wartakota.tribunnews.com/2020/12/03/rasa-penyesalan-lana-rhoades-eks-bintang-film-dewasa-akui-tak-lagi-bergairah-saat-berhubungan-badan,No,Adult: Sexual content,Restricted ad serving,ca-pub-7784034061253020,180,2024-12-12,2024-12-15
makassar.tribunnews.com,Page,N/A,N/A,makassar.tribunnews.com/2022/11/02/enam-ciri-ciri-fisik-perempuan-jika-tak-lagi-perawan-bisa-ketahuan-dilihat-dari-jarak-jauh,No,Adult: Sexual content,Restricted ad serving,ca-pub-7784034061253020,180,2024-12-12,2024-12-16
jateng.tribunnews.com,Page,N/A,N/A,jateng.tribunnews.com/2016/04/14/video-seronok-tarian-erotis-dan-seronok-anak-sd-ini-dikecam-netizen,Yes,Adult: Sexual content;Site Behavior: Navigation,Restricted ad serving,ca-pub-7784034061253020,180,2024-12-11,2024-12-17
medan.tribunnews.com,Page,N/A,N/A,medan.tribunnews.com/2021/11/16/bukannya-nikmati-malam-pertama-pengantin-wanita-baru-nikah-ini-diseret-ke-kamar-pelaku-bukan-suami,Yes,Ads Disguised as Content,Restricted ad serving,ca-pub-7784034061253020,179,2024-12-11,2024-12-16
makassar.tribunnews.com,Page,N/A,N/A,makassar.tribunnews.com/2016/11/26/rugi-kalau-tak-tahu-inilah-arti-bo-st-lt-di-ucapan-terima-kasih-psk-kepada-anji-drive?page=3,No,Adult: Sexual content,Restricted ad serving,ca-pub-7784034061253020,179,2024-12-12,2024-12-17
pontianak.tribunnews.com,Page,N/A,N/A,pontianak.tribunnews.com/404,Yes,Google-served ads on screens without publisher-content,Restricted ad serving,ca-pub-7784034061253020,178,2024-12-11,2024-12-16
jatim.tribunnews.com,Page,N/A,N/A,jatim.tribunnews.com/2018/01/06/deretan-percakapan-dalam-video-tante-vs-bocah-yang-viral-di-medsos-no-4-ungkap-fakta-tak-terduga,No,Adult: Sexual content;Shocking content,Restricted ad serving,ca-pub-7784034061253020,178,2024-12-11,2024-12-17
www.tribunnews.com,Page,N/A,N/A,www.tribunnews.com/internasional/2017/07/19/psk-asing-di-jepang-banyak-pakai-tinder-dan-line-pusingkan-pihak-kepolisian,No,Adult: Sexual content,Restricted ad serving,ca-pub-7784034061253020,176,2024-12-11,2024-12-17
m.tribunnews.com,Page,N/A,N/A,m.tribunnews.com/kesehatan/2013/02/06/ini-kata-mereka-yang-pernah-mengonsumsi-permen-karet-cinta,No,Adult: Sexual content,Restricted ad serving,ca-pub-7784034061253020,176,2024-12-11,2024-12-16
bangka.tribunnews.com,Page,N/A,N/A,bangka.tribunnews.com/2017/11/09/9-kasus-pasangan-mati-gancet-4-diantaranya-terjadi-di-indonesia,Yes,Ads Disguised as Content,Restricted ad serving,ca-pub-7784034061253020,176,2024-12-11,2024-12-17
www.tribunnews.com,Page,N/A,N/A,www.tribunnews.com/internasional/2024/12/13/israel-siapkan-serangan-fasilitas-nuklir-iran-iaea-meradang-dilarang-hukum-internasional,No,Shocking content,Restricted ad serving,ca-pub-7784034061253020,174,2024-12-16,2024-12-16
style.tribunnews.com,Page,N/A,N/A,style.tribunnews.com/2022/11/04/5-rekomendasi-anime-erotis-tanpa-sensor-penuh-dengan-adegan-syur-ada-serial-high-school-dxd?page=3,No,Adult: Sexual content,Restricted ad serving,ca-pub-7784034061253020,174,2024-12-13,2024-12-17
makassar.tribunnews.com,Page,N/A,N/A,makassar.tribunnews.com/2019/10/21/kronologi-video-panas-siswi-smk-berseragam-pramuka-viral-di-medsos-whatsapp-wa-nih-4-faktanya,Yes,Ads Disguised as Content,Restricted ad serving,ca-pub-7784034061253020,174,2024-12-11,2024-12-17
m.tribunnews.com,Page,N/A,N/A,m.tribunnews.com/regional/2015/05/11/batu-akik-ini-dipercaya-meningkatkan-libido-seks-dan-kejantanan-pemakainya,No,Adult: Sexual content,Restricted ad serving,ca-pub-7784034061253020,174,2024-12-11,2024-12-17
suryamalang.tribunnews.com,Page,N/A,N/A,suryamalang.tribunnews.com/2020/09/02/daftar-6-film-miyabi-sinopsis-populer-di-taiwan-indonesia-menculik-miyabi-hantu-tanah-kusir,Yes,Ads Disguised as Content,Restricted ad serving,ca-pub-7784034061253020,172,2024-12-11,2024-12-17
jateng.tribunnews.com,Page,N/A,N/A,jateng.tribunnews.com/2021/04/20/chord-kunci-gitar-apocalypse-cas,Yes,Google-served ads obscuring content;Modified Javascript: Ads by Google size,Restricted ad serving,ca-pub-7784034061253020,172,2024-12-11,2024-12-17
lampung.tribunnews.com,Page,N/A,N/A,lampung.tribunnews.com/2016/06/13/induk-kucing-disteril-adakah-efek-bagi-produksi-susu,No,Shocking content,Restricted ad serving,ca-pub-7784034061253020,171,2024-12-11,2024-12-17
travel.tribunnews.com,Page,N/A,N/A,travel.tribunnews.com/2017/07/01/astaga-karena-alasan-ini-banyak-pria-jepang-lebih-pilih-boneka-seks-ketimbang-perempuan,No,Adult: Sexual content,Restricted ad serving,ca-pub-7784034061253020,170,2024-12-11,2024-12-17
medan.tribunnews.com,Page,N/A,N/A,medan.tribunnews.com/2021/05/05/viral-video-anak-7-tahun-disiksa-dengan-brutal-ditarik-dan-dipukuli-kayu-panjang-hingga-luka-luka,No,Shocking content,Restricted ad serving,ca-pub-7784034061253020,170,2024-12-17,2024-12-17
medan.tribunnews.com,Page,N/A,N/A,medan.tribunnews.com/2024/09/18/kabar-sebenarnya-tewasnya-prada-yanselmus-ternyata-ditabrak-pengendara-motor-yang-mabuk?page=2,No,Adult: Sexual content,Restricted ad serving,ca-pub-7784034061253020,169,2024-12-16,2024-12-16
aceh.tribunnews.com,Page,N/A,N/A,aceh.tribunnews.com/404,Yes,Adult: Sexual content;Google-served ads on screens without publisher-content,Restricted ad serving,ca-pub-7784034061253020,169,2024-12-11,2024-12-17
aceh.tribunnews.com,Page,N/A,N/A,aceh.tribunnews.com/2019/04/01/kembali-beredar-video-pasangan-gay-meraung-raung-kena-gancet,No,Adult: Sexual content,Restricted ad serving,ca-pub-7784034061253020,169,2024-12-11,2024-12-16
jogja.tribunnews.com,Page,N/A,N/A,jogja.tribunnews.com/2017/08/13/bikin-melongo-10-fakta-dari-film-dewasa-nomor-6-dan-9-bikin-geleng-geleng-kepala?page=1,No,Adult: Sexual content,Restricted ad serving,ca-pub-7784034061253020,168,2024-12-11,2024-12-15
jatim.tribunnews.com,Page,N/A,N/A,jatim.tribunnews.com/2017/11/28/9-posisi-oral-seks-terbaik-yang-bisa-bikin-pasanganmu-menggila-seketika-no-6-paling-dahsyat?page=2,No,Adult: Sexual content,Restricted ad serving,ca-pub-7784034061253020,168,2024-12-11,2024-12-17
makassar.tribunnews.com,Page,N/A,N/A,makassar.tribunnews.com/404,Yes,Google-served ads on screens without publisher-content,Restricted ad serving,ca-pub-7784034061253020,167,2024-12-11,2024-12-16
madura.tribunnews.com,Page,N/A,N/A,madura.tribunnews.com/2024/12/16/dinilai-tak-efektif-warga-bangkalan-bersyukur-pemkab-hapus-parkir-berlangganan-di-tahun-2025?page=2,No,Adult: Sexual content,Restricted ad serving,ca-pub-7784034061253020,166,2024-12-16,2024-12-16
medan.tribunnews.com,Page,N/A,N/A,medan.tribunnews.com/2022/12/13/istilah-istilah-yang-ada-dalam-seks-berikut-penjelasan-seksolog-dr-dina,No,Adult: Sexual content,Restricted ad serving,ca-pub-7784034061253020,165,2024-12-11,2024-12-17
jateng.tribunnews.com,Page,N/A,N/A,jateng.tribunnews.com/2017/05/24/kisah-bintang-porno-bertubuh-mungil-asal-jepang-ia-harus-kuat-minimal-5-menit,No,Adult: Sexual content,Restricted ad serving,ca-pub-7784034061253020,164,2024-12-11,2024-12-17
medan.tribunnews.com,Page,N/A,N/A,medan.tribunnews.com/2017/09/18/6-artis-cantik-korea-ini-rela-beradegan-panas-akhirnya-sukses-besar-lho,Yes,Site Behavior: Navigation,Restricted ad serving,ca-pub-7784034061253020,163,2024-12-11,2024-12-16
jabar.tribunnews.com,Page,N/A,N/A,jabar.tribunnews.com/tag/ravindra-giantama,No,Shocking content,Restricted ad serving,ca-pub-7784034061253020,163,2024-12-15,2024-12-16
jatim.tribunnews.com,Page,N/A,N/A,jatim.tribunnews.com/2017/05/05/main-sama-anjing-sambil-nungging-bagian-belakang-awkarin-ada-yang-nongol-posenya-mesum,Yes,Site Behavior: Navigation,Restricted ad serving,ca-pub-7784034061253020,162,2024-12-11,2024-12-17
aceh.tribunnews.com,Page,N/A,N/A,aceh.tribunnews.com/2024/04/27/392-jenazah-ditemukan-di-kuburan-massal-di-gaza-mayat-anak-anak-ditumpuk-ada-bekas-penyiksaan?source=kgnotif_1,No,Shocking content,Restricted ad serving,ca-pub-7784034061253020,162,2024-12-16,2024-12-17
aceh.tribunnews.com,Page,N/A,N/A,aceh.tribunnews.com/2022/11/06/video-viral-wanita-kebaya-merah-adegan-16-menit-tak-senonoh-dengan-pria-dalam-kamar-hotel,Yes,Ads Disguised as Content,Restricted ad serving,ca-pub-7784034061253020,160,2024-12-11,2024-12-17
aceh.tribunnews.com,Page,N/A,N/A,aceh.tribunnews.com/2019/10/12/miliki-panjang-organ-vital-hampir-setengah-meter-pria-ini-justru-jadi-penyandang-cacat-kok-bisa,No,Adult: Sexual content,Restricted ad serving,ca-pub-7784034061253020,160,2024-12-12,2024-12-17
m.tribunnews.com,Page,N/A,N/A,m.tribunnews.com/internasional/2024/11/18/lagi-pasang-jebakan-buat-al-qassam-unit-elite-tentara-israel-jebol-diberondong-serangan-di-jabalia,No,Shocking content,Restricted ad serving,ca-pub-7784034061253020,159,2024-12-16,2024-12-17
jogja.tribunnews.com,Page,N/A,N/A,jogja.tribunnews.com/2016/08/31/suka-doggy-style-spooning-atau-standing-gaya-favorit-ternyata-ungkap-karaktermu,No,Adult: Sexual content,Restricted ad serving,ca-pub-7784034061253020,159,2024-12-12,2024-12-17
belitung.tribunnews.com,Page,N/A,N/A,belitung.tribunnews.com/2018/01/18/siswa-smp-rekam-aksinya-begituan-dengan-siswi-smk-video-mesum-berdurasi-3-menit-bocor?page=all,No,Google-served ads obscuring content,Restricted ad serving,ca-pub-7784034061253020,159,2024-12-11,2024-12-17
video.tribunnews.com,Page,N/A,N/A,video.tribunnews.com/view/395046/aksi-keji-ayah-mutilasi-anak-kandung-tenteng-potongan-tubuh-sambil-teriak-ini-yangkalian-mau,No,Shocking content,Restricted ad serving,ca-pub-7784034061253020,158,2024-12-11,2024-12-17
bengkulu.tribunnews.com,Page,N/A,N/A,bengkulu.tribunnews.com/2022/06/19/summertime-saga-mod-apk-v0300-terbaru-2022-bisa-buka-semua-kunci-karakter-dan-lokasi,No,Google-served ads obscuring content,Restricted ad serving,ca-pub-7784034061253020,157,2024-12-11,2024-12-17
jateng.tribunnews.com,Page,N/A,N/A,jateng.tribunnews.com/2016/06/17/video-pasangan-mesum-terjaring-razia-kondisi-telanjang-bulat-bingung-cari-penutup,No,Adult: Sexual content,Restricted ad serving,ca-pub-7784034061253020,156,2024-12-13,2024-12-15
aceh.tribunnews.com,Page,N/A,N/A,aceh.tribunnews.com/2024/05/17/benarkah-posisi-woman-on-top-bisa-menghindari-kehamilan-begini-penjelasan-seksolog-dr-boyke,No,Adult: Sexual content,Restricted ad serving,ca-pub-7784034061253020,156,2024-12-11,2024-12-17
aceh.tribunnews.com,Page,N/A,N/A,aceh.tribunnews.com/2024/05/04/deretan-kasus-suami-mutilasi-istri-sadis-ada-yang-samapi-direbus-dan-dibakar?page=2,No,Shocking content,Restricted ad serving,ca-pub-7784034061253020,156,2024-12-17,2024-12-17
kupang.tribunnews.com,Page,N/A,N/A,kupang.tribunnews.com/2018/01/31/mengejutkan-sembilan-puluh-persen-pegawai-kantoran-telah-berhubungan-seks-di-tempat-kerja,No,Adult: Sexual content;Shocking content,Restricted ad serving,ca-pub-7784034061253020,155,2024-12-13,2024-12-17
batam.tribunnews.com,Page,N/A,N/A,batam.tribunnews.com/2020/05/17/penyebab-dan-cara-mengatasi-jerawat-di-kemaluan-pria-salah-satunya-adalah-pakaian-ketat,Yes,Encouraging accidental clicks: Layout,Restricted ad serving,ca-pub-7784034061253020,155,2024-12-12,2024-12-17
aceh.tribunnews.com,Page,N/A,N/A,aceh.tribunnews.com/2024/12/15/aiptu-hidayat-dan-brigpol-tri-yudha-meninggal-dibacok-otk-di-lanny-jaya-1-warga-sipil-tertembak?page=2,No,Shocking content,Restricted ad serving,ca-pub-7784034061253020,155,2024-12-14,2024-12-15
medan.tribunnews.com,Page,N/A,N/A,medan.tribunnews.com/news/internasional,Yes,Encouraging accidental clicks: Layout;Google-served ads obscuring content,Restricted ad serving,ca-pub-7784034061253020,154,2024-12-11,2024-12-16
medan.tribunnews.com,Page,N/A,N/A,medan.tribunnews.com/2020/03/19/viral-video-wanita-cantik-dilabrak-istri-di-bandara-singgung-video-mesum-mantan-pegawai-bank-sumsel,No,Shocking content,Restricted ad serving,ca-pub-7784034061253020,154,2024-12-11,2024-12-17
jogja.tribunnews.com,Page,N/A,N/A,jogja.tribunnews.com/2023/08/30/apa-hukum-menonton-anime-hentai-dalam-islam-berikut-penjelasannya,No,Adult: Sexual content,Restricted ad serving,ca-pub-7784034061253020,154,2024-12-13,2024-12-16
batam.tribunnews.com,Page,N/A,N/A,batam.tribunnews.com/2020/12/18/tarif-miyabi-ternyata-dihitung-per-jam-dengan-harga-fantastis-masih-tetap-cantik-hingga-kini,Yes,Ads Disguised as Content,Restricted ad serving,ca-pub-7784034061253020,154,2024-12-11,2024-12-17
manado.tribunnews.com,Page,N/A,N/A,manado.tribunnews.com/kesehatan,No,Adult: Sexual content,Restricted ad serving,ca-pub-7784034061253020,153,2024-12-11,2024-12-17
makassar.tribunnews.com,Page,N/A,N/A,makassar.tribunnews.com/2020/07/07/banyak-adegan-ranjang-gay-threesome-siswa-sma-ini-sinopsis-elite-di-netflix-ada-yang-berhijab,Yes,Ads Disguised as Content,Restricted ad serving,ca-pub-7784034061253020,153,2024-12-11,2024-12-16
belitung.tribunnews.com,Page,N/A,N/A,belitung.tribunnews.com/2018/01/04/heboh-video-mesum-wanita-dewasa-dengan-2-bocah-di-hotel-bikin-netter-penasaran-begini-cuplikannya,No,Adult: Sexual content,Restricted ad serving,ca-pub-7784034061253020,153,2024-12-11,2024-12-16
batam.tribunnews.com,Page,N/A,N/A,batam.tribunnews.com/2021/10/26/cara-booking-hotel-lewat-shopee-bisa-bayar-bulan-depan-pakai-shopee-paylater,Yes,Modified ad code: Resizing Ad Frames,Restricted ad serving,ca-pub-7784034061253020,153,2024-12-11,2024-12-17
medan.tribunnews.com,Page,N/A,N/A,medan.tribunnews.com/2024/12/15/deretan-kejanggalan-lhkpn-dedy-mardansyah-ayah-lady-aurellia-disorot-ngakunya-tak-punya-rumah?page=3,No,Adult: Sexual content,Restricted ad serving,ca-pub-7784034061253020,151,2024-12-15,2024-12-15
bangka.tribunnews.com,Page,N/A,N/A,bangka.tribunnews.com/2022/07/21/cerita-pelanggan-pijat-plus-plus-di-pingiran-pangkalpinang-tambah-rp-200000-dapat-full-service,Yes,Ads Disguised as Content,Restricted ad serving,ca-pub-7784034061253020,150,2024-12-12,2024-12-17
www.tribunnews.com,Page,N/A,N/A,www.tribunnews.com/internasional/2016/07/01/wow-wanita-cantik-ini-lupa-nggak-pakai-celana-dalam-saat-belanja-di-mal,No,Adult: Sexual content,Restricted ad serving,ca-pub-7784034061253020,149,2024-12-11,2024-12-17
jogja.tribunnews.com,Page,N/A,N/A,jogja.tribunnews.com/2022/07/20/kisah-idol-k-pop-chae-seung-ha-mantan-anggota-girlband-baba-kini-jadi-aktris-film-dewasa,Yes,Ads Disguised as Content,Restricted ad serving,ca-pub-7784034061253020;ca-video-pub-7784034061253020,149,2024-12-11,2024-12-17
www.tribunnews.com,Page,N/A,N/A,www.tribunnews.com/internasional/2015/10/07/ibu-dan-anak-ini-jadi-bintang-film-porno-bareng-ini-alasan-mereka,No,Adult: Sexual content,Restricted ad serving,ca-pub-7784034061253020,148,2024-12-11,2024-12-17
medan.tribunnews.com,Page,N/A,N/A,medan.tribunnews.com/2024/10/21/gober-pembacok-kakek-di-sunggal-ternyata-pernah-martil-kepala-orang-hingga-tewas?source=kgnotif_1,No,Shocking content,Restricted ad serving,ca-pub-7784034061253020,148,2024-12-13,2024-12-15
www.tribunnews.com,Page,N/A,N/A,www.tribunnews.com/search?q=&cx=partner-pub-7486139053367666%3A4965051114&cof=FORID%3A10&ie=UTF-8&siteurl=www.tribunnews.com,No,Shocking content,Restricted ad serving,ca-pub-7784034061253020,147,2024-12-15,2024-12-15
pekanbaru.tribunnews.com,Page,N/A,N/A,pekanbaru.tribunnews.com/2022/10/06/yok-ini-bocoran-cara-nonton-streaming-film-young-mother-sub-indo-full-movie,Yes,Ads Disguised as Content,Restricted ad serving,ca-pub-7784034061253020,147,2024-12-11,2024-12-17
www.tribunnews.com,Page,N/A,N/A,www.tribunnews.com/internasional/2024/12/17/kuburan-massal-ditemukan-di-dekat-damaskus-suriah-narapidana-yang-disiksa-diduga-dikubur-di-sana,No,Shocking content,Restricted ad serving,ca-pub-7784034061253020,146,2024-12-17,2024-12-17
sumsel.tribunnews.com,Page,N/A,N/A,sumsel.tribunnews.com/2021/08/14/100-nama-bayi-laki-laki-islami-pembawa-berkah-dan-rezeki-dan-artinya-terdiri-3-kata,Yes,Modified ad code: Resizing Ad Frames,Restricted ad serving,ca-pub-7784034061253020,146,2024-12-11,2024-12-17
www.tribunnews.com,Page,N/A,N/A,www.tribunnews.com/regional/2018/02/12/mayoritas-emak-emak-muda-dan-remaja-putri-pembeli-alat-bantu-seks-di-bali,No,Adult: Sexual content,Restricted ad serving,ca-pub-7784034061253020,145,2024-12-11,2024-12-17
bangka.tribunnews.com,Page,N/A,N/A,bangka.tribunnews.com/2020/12/20/main-bareng-di-film-dewasa-4-bintang-film-dewasa-ini-malah-terlibat-cinta-lokasi-dan,No,Adult: Sexual content,Restricted ad serving,ca-pub-7784034061253020,145,2024-12-16,2024-12-17
bali.tribunnews.com,Page,N/A,N/A,bali.tribunnews.com/2016/08/24/inilah-bentuk-miss-v-yang-paling-disukai-kaum-pria,No,Adult: Sexual content,Restricted ad serving,ca-pub-7784034061253020,145,2024-12-11,2024-12-17
cirebon.tribunnews.com,Page,N/A,N/A,cirebon.tribunnews.com/2021/05/27/punya-problem-kejantananini-titik-pijat-refleksi-kaki-untuk-kejantanan-priabisa-dilakukan-di-rumah?page=all,No,Adult: Sexual content,Restricted ad serving,ca-pub-7784034061253020,144,2024-12-15,2024-12-17
sulbar.tribunnews.com,Page,N/A,N/A,sulbar.tribunnews.com/2023/12/15/tanpa-sensor-nonton-video-viral-sampai-puas-di-mesin-pencarian-pintar-yandex-com-dan-yandex-browser,Yes,Google-served ads obscuring content;Modified Javascript: Ads by Google size,Restricted ad serving,ca-pub-7784034061253020,143,2024-12-11,2024-12-17
jatim.tribunnews.com,Page,N/A,N/A,jatim.tribunnews.com/2024/09/12/pentingnya-gali-bakat-emas-anak-dengan-mengikuti-kompetisi-talent-show?lgn_method=google&google_btn=onetap,No,Adult: Sexual content,Restricted ad serving,ca-pub-7784034061253020,143,2024-12-16,2024-12-16
wow.tribunnews.com,Page,N/A,N/A,wow.tribunnews.com/2018/01/04/bongkar-isi-kepala-cowok-terkait-soal-seks-ungkap-alasan-kenapa-cowok-kerap-mikirin-seks,No,Adult: Sexual content,Restricted ad serving,ca-pub-7784034061253020,142,2024-12-11,2024-12-16
m.tribunnews.com,Page,N/A,N/A,m.tribunnews.com/regional/2011/04/01/subandi-mak-erot-dari-trenggalek,No,Adult: Sexual content,Restricted ad serving,ca-pub-7784034061253020,142,2024-12-11,2024-12-16
jabar.tribunnews.com,Page,N/A,N/A,jabar.tribunnews.com/2022/11/26/pengobatan-alat-vital-semarang-hj-mak-erot-solusi-mengatasi-gangguan-vitalitas,No,Adult: Sexual content,Restricted ad serving,ca-pub-7784034061253020,141,2024-12-15,2024-12-17
aceh.tribunnews.com,Page,N/A,N/A,aceh.tribunnews.com/2019/03/23/dompet-kosong-dapat-sebabkan-sakit-jantung-simak-penjelasannya,Yes,Site Behavior: Navigation,Restricted ad serving,ca-pub-7784034061253020,141,2024-12-11,2024-12-17
medan.tribunnews.com,Page,N/A,N/A,medan.tribunnews.com/2017/05/24/bintang-film-porno-bertubuh-kerdil-ini-mengaku-punya-misi-mulia,Yes,Site Behavior: Navigation,Restricted ad serving,ca-pub-7784034061253020,140,2024-12-11,2024-12-17
aceh.tribunnews.com,Page,N/A,N/A,aceh.tribunnews.com/2020/11/07/video-panas-19-detik-mirip-gisel-viral-di-medsos-mbah-mijan-angkat-bicara-dan-ucapkan-terima-kasih,Yes,Ads Disguised as Content,Restricted ad serving,ca-pub-7784034061253020,140,2024-12-11,2024-12-17
m.tribunnews.com,Page,N/A,N/A,m.tribunnews.com/regional/2017/11/14/perilaku-seks-aneh-pns-ini-sering-masukkan-terong-dan-timun-ke-anunya-istri,No,Adult: Sexual content,Restricted ad serving,ca-pub-7784034061253020,139,2024-12-11,2024-12-17
kaltim.tribunnews.com,Page,N/A,N/A,kaltim.tribunnews.com/2017/09/16/pilih-pensiun-begini-nasib-7-bintang-film-dewasa-jepang-ini-sekarang,No,Adult: Sexual content;Shocking content,Restricted ad serving,ca-pub-7784034061253020,139,2024-12-11,2024-12-17
pekanbaru.tribunnews.com,Page,N/A,N/A,pekanbaru.tribunnews.com/2022/03/18/7-artis-cantik-korea-ini-pernah-berhubungan-badan-tanpa-sensor-aktor-yang-melayani-sangat-nikmat?page=all,No,Adult: Sexual content,Restricted ad serving,ca-pub-7784034061253020,138,2024-12-16,2024-12-16
www.tribunnews.com,Page,N/A,N/A,www.tribunnews.com/kesehatan/2020/02/24/kelainan-seksual-masturbasi-pakai-pisang-dan-terong-dokter-risiko-alergi-sebabkan-bengkak,No,Adult: Sexual content,Restricted ad serving,ca-pub-7784034061253020,137,2024-12-15,2024-12-16
kupang.tribunnews.com,Page,N/A,N/A,kupang.tribunnews.com/2020/12/26/jangan-diabaikan-ini-arti-mimpi-hubungan-badan-dengan-istri-atau-suami-orangtafsir-mimpi-lengkap,Yes,Google-served ads obscuring content;Modified Javascript: Ads by Google size,Restricted ad serving,ca-pub-7784034061253020,137,2024-12-11,2024-12-17
bangka.tribunnews.com,Page,N/A,N/A,bangka.tribunnews.com/2024/11/10/ayam-jatinangor-house-klarifikasi-soal-vireo-viral-karyawan-tak-pakai-baju-kami-memohon-maaf,No,Adult: Sexual content,Restricted ad serving,ca-pub-7784034061253020,137,2024-12-16,2024-12-17
wartakota.tribunnews.com,Page,N/A,N/A,wartakota.tribunnews.com/2017/05/18/perawat-basah-perawat-khusus-menyusui-pria-dewasa-looh,No,Adult: Sexual content,Restricted ad serving,ca-pub-7784034061253020,136,2024-12-11,2024-12-17
sultra.tribunnews.com,Page,N/A,N/A,sultra.tribunnews.com/2022/11/02/kumpulan-video-viral-tiktok-twitter-yandex-ru-di-awal-november-2022-kebaya-merah-ngawi-lombok,No,Adult: Sexual content,Restricted ad serving,ca-pub-7784034061253020,136,2024-12-15,2024-12-16
jateng.tribunnews.com,Page,N/A,N/A,jateng.tribunnews.com/2018/01/06/babak-baru-video-viral-tante-vs-bocah-sd-kesaksian-dari-petugas-pengantar-makanan,No,Adult: Sexual content,Restricted ad serving,ca-pub-7784034061253020,136,2024-12-12,2024-12-15
health.tribunnews.com,Page,N/A,N/A,health.tribunnews.com/2023/11/12/resep-herbal-untuk-meningkatkan-vitalitas-pria-ala-dr-zaidul-akbar-pakai-kunyit-dan-jahe-geprek,No,Adult: Sexual content,Restricted ad serving,ca-pub-7784034061253020,136,2024-12-13,2024-12-15
belitung.tribunnews.com,Page,N/A,N/A,belitung.tribunnews.com/2017/03/13/video-gadis-goyang-goyangkan-dada-saat-pakai-seragam-mendadak-viral,No,Shocking content,Restricted ad serving,ca-pub-7784034061253020,136,2024-12-11,2024-12-17
jatim.tribunnews.com,Page,N/A,N/A,jatim.tribunnews.com/2018/02/09/pelaku-video-panas-tante-vs-bocah-sd-melahirkan-anak-ke-11nya-di-penjara-fakta-mengejutkan-terkuak?page=2,No,Adult: Sexual content,Restricted ad serving,ca-pub-7784034061253020,135,2024-12-11,2024-12-17
sumsel.tribunnews.com,Page,N/A,N/A,sumsel.tribunnews.com/2017/09/28/ngeri-ini-dia-tanda-tanda-pria-yang-sedang-bercinta-dengan-jin-wanita,No,Adult: Sexual content,Restricted ad serving,ca-pub-7784034061253020,134,2024-12-11,2024-12-16
lampung.tribunnews.com,Page,N/A,N/A,lampung.tribunnews.com/2018/10/02/4-fakta-mengejutkan-pesta-seks-sesama-jenis-di-sunter-pemilik-rumah-ternyata-sudah-beristri-lho,No,Adult: Sexual content,Restricted ad serving,ca-pub-7784034061253020,134,2024-12-16,2024-12-16
jambi.tribunnews.com,Page,N/A,N/A,jambi.tribunnews.com/2018/02/09/7-bentuk-penis-dengan-gambaran-karakter-pemiliknya-punya-kamu-mirip-yang-mana,No,Adult: Sexual content,Restricted ad serving,ca-pub-7784034061253020,134,2024-12-17,2024-12-17
bengkulu.tribunnews.com,Page,N/A,N/A,bengkulu.tribunnews.com/2022/07/27/rebahin-streaming-pindah-kemana-cek-link-terbaru-nonton-film-gratis-dan-link-alternatif-legal,Yes,Google-served ads obscuring content;Modified Javascript: Ads by Google size,Restricted ad serving,ca-pub-7784034061253020,134,2024-12-11,2024-12-17
aceh.tribunnews.com,Page,N/A,N/A,aceh.tribunnews.com/2022/11/21/sudah-menikah-tapi-masih-sering-masturbasi-normalkah-begini-jawaban-seksolog-dr-boyke,No,Adult: Sexual content,Restricted ad serving,ca-pub-7784034061253020,134,2024-12-14,2024-12-16
jateng.tribunnews.com,Page,N/A,N/A,jateng.tribunnews.com/2017/02/11/kisah-kehidupan-seks-pemilik-penis-terbesar-dan-terpanjang-di-dunia-pacarnya-tak-sanggup,No,Adult: Sexual content,Restricted ad serving,ca-pub-7784034061253020,133,2024-12-12,2024-12-16
belitung.tribunnews.com,Page,N/A,N/A,belitung.tribunnews.com/2017/09/28/mudah-dikenali-ini-ciri-pria-yang-doyan-menonton-film-porno,No,Adult: Sexual content,Restricted ad serving,ca-pub-7784034061253020,133,2024-12-11,2024-12-16
medan.tribunnews.com,Page,N/A,N/A,medan.tribunnews.com/2019/03/20/ini-dia-5-merek-rokok-paling-mahal-di-dunia-ada-yang-harganya-capai-rp-953-ribu?page=all,Yes,Site Behavior: Navigation,Restricted ad serving,ca-pub-7784034061253020,132,2024-12-11,2024-12-17
www.tribunnews.com,Page,N/A,N/A,www.tribunnews.com/regional/2020/06/28/cewek-cantik-di-kota-jambi-jual-diri-lewat-michat-tarif-sekali-kencan-rp-800-ribu,No,Shocking content,Restricted ad serving,ca-pub-7784034061253020,131,2024-12-11,2024-12-17
suryamalang.tribunnews.com,Page,N/A,N/A,suryamalang.tribunnews.com/2018/02/21/video-ikan-ini-viral-gara-gara-punya-bibir-layaknya-artis-hollywood-gak-percaya-coba-bandingkan,Yes,Site Behavior: Navigation,Restricted ad serving,ca-pub-7784034061253020,131,2024-12-11,2024-12-17
batam.tribunnews.com,Page,N/A,N/A,batam.tribunnews.com/2017/11/24/ehem-inilah-5-fakta-cewek-yang-suka-nonton-film-hot-ada-fakta-yang-bikin-syok-dari-indonesia,No,Adult: Sexual content,Restricted ad serving,ca-pub-7784034061253020,131,2024-12-12,2024-12-17
bangka.tribunnews.com,Page,N/A,N/A,bangka.tribunnews.com/2018/01/08/inilah-sosok-tante-imel-dan-tante-intan-pemeran-video-mesum-bandung-yang-berhasil-ditangkap,No,Adult: Sexual content,Restricted ad serving,ca-pub-7784034061253020,131,2024-12-11,2024-12-17
medan.tribunnews.com,Page,N/A,N/A,medan.tribunnews.com/2020/05/20/pahami-gelagat-istri-selingkuh-bercinta-dengan-pria-lain-terlihat-jelas-perbedaan-saat-bercinta,No,Adult: Sexual content,Restricted ad serving,ca-pub-7784034061253020,130,2024-12-17,2024-12-17
jateng.tribunnews.com,Page,N/A,N/A,jateng.tribunnews.com/2021/11/12/nampu-tumbuhan-bermanfaat-tingkatkan-gairah-seksual-biar-suami-kuat-di-ranjang,No,Adult: Sexual content,Restricted ad serving,ca-pub-7784034061253020,130,2024-12-15,2024-12-16
jambi.tribunnews.com,Page,N/A,N/A,jambi.tribunnews.com/2018/01/18/inilah-4-adegan-panas-yang-paling-parah-sepanjang-sejarah,No,Adult: Sexual content,Restricted ad serving,ca-pub-7784034061253020,130,2024-12-11,2024-12-16
m.tribunnews.com,Page,N/A,N/A,m.tribunnews.com/tag/tangerang-selatan,No,Shocking content,Restricted ad serving,ca-pub-7784034061253020,129,2024-12-16,2024-12-16
kupang.tribunnews.com,Page,N/A,N/A,kupang.tribunnews.com/2020/04/22/mantan-artis-film-dewasa-thailand-yang-cantik-dan-seksi-ini-cari-suami-baru-ini-syarat-syaratnya,Yes,Encouraging accidental clicks: Layout;Google-served ads obscuring content,Restricted ad serving,ca-pub-7784034061253020,129,2024-12-11,2024-12-16
jogja.tribunnews.com,Page,N/A,N/A,jogja.tribunnews.com/2016/12/03/ini-dia-sejarah-masturbasi-anggapan-dulu-dan-sekarang,No,Adult: Sexual content,Restricted ad serving,ca-pub-7784034061253020,129,2024-12-11,2024-12-17
www.tribunnews.com,Page,N/A,N/A,www.tribunnews.com/kesehatan/2017/08/14/tak-ada-suntik-kb-ternyata-orang-zaman-dulu-gunakan-cara-unik-ini-untuk-cegah-kehamilan,No,Adult: Sexual content,Restricted ad serving,ca-pub-7784034061253020,128,2024-12-11,2024-12-17
palembang.tribunnews.com,Page,N/A,N/A,palembang.tribunnews.com/2018/01/17/bukan-cuma-olivia-artis-porno-jepang-ini-meninggal-lebih-tragis-dipaksa-adegan-intim-ini-ngeri?page=4,No,Adult: Sexual content,Restricted ad serving,ca-pub-7784034061253020,128,2024-12-11,2024-12-17
jateng.tribunnews.com,Page,N/A,N/A,jateng.tribunnews.com/2018/04/07/foto-foto-mayat-andrey-voytech-ditemukan-di-aliran-sungai-kalimenek-gunung-merbabu,No,Shocking content,Restricted ad serving,ca-pub-7784034061253020,128,2024-12-14,2024-12-15
www.tribunnews.com,Page,N/A,N/A,www.tribunnews.com/lifestyle/2014/11/19/wanita-yang-memiliki-banyak-teman-pria-pertanda-libidonya-membara-ini-alasannya,No,Adult: Sexual content,Restricted ad serving,ca-pub-7784034061253020,127,2024-12-11,2024-12-16
sumsel.tribunnews.com,Page,N/A,N/A,sumsel.tribunnews.com/2024/12/17/bandar-arisan-di-lubuklinggau-dilaporkan-ke-polisi-atas-dugaan-penipuan-korban-rugi-jutaan-rupiah,No,Shocking content,Restricted ad serving,ca-pub-7784034061253020,127,2024-12-17,2024-12-17
pontianak.tribunnews.com,Page,N/A,N/A,pontianak.tribunnews.com/2018/01/28/inilah-7-ciri-wanita-kecanduan-masturbasi-7-persen-cewek-melakukannya-setiap-hari?page=all,No,Adult: Sexual content,Restricted ad serving,ca-pub-7784034061253020,127,2024-12-11,2024-12-15
medan.tribunnews.com,Page,N/A,N/A,medan.tribunnews.com/2018/02/03/aktris-cantik-ini-pamer-foto-vulgar-dan-buka-bukaan-di-media-sosial-lihat-fotonya-step-by-step,No,Shocking content,Restricted ad serving,ca-pub-7784034061253020,127,2024-12-11,2024-12-17
jateng.tribunnews.com,Page,N/A,N/A,jateng.tribunnews.com/2022/03/08/apa-itu-suntik-catin-jadi-persyaratan-daftar-nikah-di-kua-dan-5-vaksin-penting-sebelum-menikah,Yes,Encouraging accidental clicks: Layout;Google-served ads obscuring content,Restricted ad serving,ca-pub-7784034061253020,127,2024-12-11,2024-12-17
jambi.tribunnews.com,Page,N/A,N/A,jambi.tribunnews.com/2018/01/27/5-artis-ini-pernah-dijuluki-bom-seks-ini-profesi-mereka-sekarang-ada-yang-sudah-meninggal,Yes,Ads Disguised as Content;Adult: Sexual content,Restricted ad serving,ca-pub-7784034061253020,127,2024-12-12,2024-12-17
batam.tribunnews.com,Page,N/A,N/A,batam.tribunnews.com/2019/09/19/video-panas-siswi-sma-buka-bukaan-baju-beredar-dan-viral-satu-sekolah-tahu-cuma-ditutup-tutupi,Yes,Ads Disguised as Content,Restricted ad serving,ca-pub-7784034061253020,127,2024-12-11,2024-12-17
palembang.tribunnews.com,Page,N/A,N/A,palembang.tribunnews.com/2017/11/20/bikin-geleng-geleng-10-wanita-ini-disebut-sebagai-bintang-film-panas-paling-tajir-di-dunia?page=7,Yes,Ads Disguised as Content,Restricted ad serving,ca-pub-7784034061253020,126,2024-12-11,2024-12-16
sumsel.tribunnews.com,Page,N/A,N/A,sumsel.tribunnews.com/2018/02/07/sebentar-lagi-menikah-artis-cantik-ini-malah-sering-posting-foto-seksi-pose-bikininya-nggak-kuat,Yes,Ads Disguised as Content,Restricted ad serving,ca-pub-7784034061253020,125,2024-12-11,2024-12-17
pekanbaru.tribunnews.com,Page,N/A,N/A,pekanbaru.tribunnews.com/2020/12/19/update-bahasa-gaul-cek-arti-dikenyot-apa-itu-rese-maksud-bangke-apa-arti-giras,No,Google-served ads obscuring content,Restricted ad serving,ca-pub-7784034061253020,125,2024-12-11,2024-12-15
solo.tribunnews.com,Page,N/A,N/A,solo.tribunnews.com/2020/09/26/chord-kunci-gitar-dan-lirik-lagu-sancang-yayan-jatnika-chord-mudah-dimainkan,Yes,Encouraging accidental clicks: Layout;Google-served ads obscuring content,Restricted ad serving,ca-pub-7784034061253020,124,2024-12-11,2024-12-17
medan.tribunnews.com,Page,N/A,N/A,medan.tribunnews.com/2021/02/09/aktor-film-panas-ini-syok-saat-tahu-dipanggil-kakek-sugiono-beri-pesan-ini-untuk-netizen-indonesia,No,Adult: Sexual content,Restricted ad serving,ca-pub-7784034061253020,124,2024-12-11,2024-12-17
makassar.tribunnews.com,Page,N/A,N/A,makassar.tribunnews.com/2021/02/26/apa-itu-sexual-assault-berikut-penjelasan-jenis-jenis-dan-efek-serta-pencegahan,No,Google-served ads obscuring content,Restricted ad serving,ca-pub-7784034061253020,124,2024-12-12,2024-12-16
bogor.tribunnews.com,Page,N/A,N/A,bogor.tribunnews.com/2016/07/13/6-alasan-wanita-mau-melepaskan-keperawanannya-kepada-kekasihnya-karena-cinta-hingga-kebelet-nikah,Yes,Ads Disguised as Content,Restricted ad serving,ca-pub-7784034061253020,124,2024-12-11,2024-12-17
www.tribunnews.com,Page,N/A,N/A,www.tribunnews.com/lifestyle/2016/12/22/hati-hati-onani-ternyata-bisa-sebabkan-penyakit-kelamin-lho,No,Adult: Sexual content,Restricted ad serving,ca-pub-7784034061253020,123,2024-12-13,2024-12-17
medan.tribunnews.com,Page,N/A,N/A,medan.tribunnews.com/2018/03/22/7-artis-indonesia-ini-disebut-memiliki-payudara-terindah-nomor-terakhir-sempat-menghebohkan,No,Adult: Sexual content,Restricted ad serving,ca-pub-7784034061253020,123,2024-12-13,2024-12-16
bali.tribunnews.com,Page,N/A,N/A,bali.tribunnews.com/2016/08/21/video-gadis-cantik-ini-jadi-viral-usai-lupa-matikan-kamera-saat-esek-esek,No,Adult: Sexual content,Restricted ad serving,ca-pub-7784034061253020,123,2024-12-13,2024-12-15
kupang.tribunnews.com,Page,N/A,N/A,kupang.tribunnews.com/2021/02/11/tersebar-link-dan-video-14-detik-wanita-tanpa-busanagrup-telegram-gabriella-larasati-bermunculan,Yes,Ads Disguised as Content,Restricted ad serving,ca-pub-7784034061253020,122,2024-12-11,2024-12-17
m.tribunnews.com,Page,N/A,N/A,m.tribunnews.com/regional/2018/02/12/mayoritas-emak-emak-muda-dan-remaja-putri-pembeli-alat-bantu-seks-di-bali?page=all,No,Adult: Sexual content,Restricted ad serving,ca-pub-7784034061253020,121,2024-12-12,2024-12-16
www.tribunnews.com,Page,N/A,N/A,www.tribunnews.com/kesehatan/2023/07/25/normalkah-seorang-wanita-melakukan-masturbasi-begini-penjelasan-dr-binsar-martin,No,Adult: Sexual content,Restricted ad serving,ca-pub-7784034061253020,120,2024-12-14,2024-12-15
surabaya.tribunnews.com,Page,N/A,N/A,surabaya.tribunnews.com/2020/01/01/tahun-baru-2020-harga-rokok-naik-berikut-daftar-harga-per-bungkus-ada-yang-naik-sampai-rp-31-ribu,No,Tobacco,Restricted ad serving,ca-pub-7784034061253020,120,2024-12-11,2024-12-16
pekanbaru.tribunnews.com,Page,N/A,N/A,pekanbaru.tribunnews.com/2024/12/16/detik-detik-penemuan-mayat-di-bungo-jambi-kepala-korban-nyaris-putus,No,Shocking content,Restricted ad serving,ca-pub-7784034061253020,120,2024-12-16,2024-12-16
pekanbaru.tribunnews.com,Page,N/A,N/A,pekanbaru.tribunnews.com/2022/02/05/apa-itu-colay-dalam-bahasa-gaul-colay-adalah-kebiasaan-buruk-ini-arti-colay-di-kamus-gaul,Yes,Ads Disguised as Content,Restricted ad serving,ca-pub-7784034061253020,120,2024-12-11,2024-12-17
wartakota.tribunnews.com,Page,N/A,N/A,wartakota.tribunnews.com/2021/05/30/video-syur-siswi-open-bo-di-michat-setengah-bugil-viral-kpaid-tasikmalaya-ini-sangat-miris-sekali,No,Adult: Sexual content,Restricted ad serving,ca-pub-7784034061253020,119,2024-12-16,2024-12-16
sumsel.tribunnews.com,Page,N/A,N/A,sumsel.tribunnews.com/2021/10/01/cara-dan-syarat-mengurus-kartu-atm-bni-tertelan-di-mesin-bisa-di-kantor-terdekat,No,Google-served ads obscuring content,Restricted ad serving,ca-pub-7784034061253020,119,2024-12-12,2024-12-16
manado.tribunnews.com,Page,N/A,N/A,manado.tribunnews.com/2019/03/13/bingung-hadapi-pelakor-ini-jurus-jitu-nan-elegan-agar-pelaku-jera-jangan-umbar-di-media-sosial,Yes,Ads Disguised as Content,Restricted ad serving,ca-pub-7784034061253020,119,2024-12-12,2024-12-17
bangka.tribunnews.com,Page,N/A,N/A,bangka.tribunnews.com/2016/07/10/bokong-wanita-melorot-benarkah-tak-virgin-lagi-ini-jawabannya,No,Adult: Sexual content,Restricted ad serving,ca-pub-7784034061253020,119,2024-12-16,2024-12-16
aceh.tribunnews.com,Page,N/A,N/A,aceh.tribunnews.com/2020/06/08/viral-foto-pengangkatan-rahim-disebut-terjadi-akibat-kista-ini-penjelasan-dokter,No,Shocking content,Restricted ad serving,ca-pub-7784034061253020,119,2024-12-16,2024-12-17
medan.tribunnews.com,Page,N/A,N/A,medan.tribunnews.com/2017/05/24/viral-video-pria-berseragam-loreng-pecut-dan-tendangi-pria-diduga-anggota-gangster,Yes,Site Behavior: Navigation,Restricted ad serving,ca-pub-7784034061253020,117,2024-12-11,2024-12-17
pekanbaru.tribunnews.com,Page,N/A,N/A,pekanbaru.tribunnews.com/2022/01/28/link-download-tiktok-18-plus-versi-android-dan-download-tiktok-18-mod-apk,Yes,Ads Disguised as Content,Restricted ad serving,ca-pub-7784034061253020,116,2024-12-11,2024-12-17
belitung.tribunnews.com,Page,N/A,N/A,belitung.tribunnews.com/2018/01/18/siswa-smp-rekam-aksinya-begituan-dengan-siswi-smk-video-mesum-berdurasi-3-menit-bocor,No,Adult: Sexual content,Restricted ad serving,ca-pub-7784034061253020,116,2024-12-16,2024-12-17
bangka.tribunnews.com,Page,N/A,N/A,bangka.tribunnews.com/2020/03/05/tips-gerakan-senam-kegel-untuk-wanita-manfaatnya-bisa-bahagiakan-pasangan-anda,No,Adult: Sexual content,Restricted ad serving,ca-pub-7784034061253020,116,2024-12-11,2024-12-15
bangka.tribunnews.com,Page,N/A,N/A,bangka.tribunnews.com/2017/11/15/turis-mesum-incar-6-lokasi-wisata-seks-ini-ada-yang-khusus-penyuka-sesama-jenis,No,Adult: Sexual content,Restricted ad serving,ca-pub-7784034061253020,116,2024-12-17,2024-12-17
bangka.tribunnews.com,Page,N/A,N/A,bangka.tribunnews.com/2017/01/20/namanya-menjijikkan-tapi-inilah-dia-durian-termahal-di-indonesia-dari-pulau-bangka,No,Adult: Sexual content,Restricted ad serving,ca-pub-7784034061253020,116,2024-12-11,2024-12-17
www.tribunnews.com,Page,N/A,N/A,www.tribunnews.com/regional/2017/10/11/empat-hotel-ini-jadi-lokasi-bisnis-esek-esek-di-medan,No,Adult: Sexual content,Restricted ad serving,ca-pub-7784034061253020,115,2024-12-11,2024-12-17
m.tribunnews.com,Page,N/A,N/A,m.tribunnews.com/internasional/2015/07/11/ini-dia-10-negara-dengan-budaya-seks-paling-bebas,No,Adult: Sexual content,Restricted ad serving,ca-pub-7784034061253020,115,2024-12-14,2024-12-15
jatim.tribunnews.com,Page,N/A,N/A,jatim.tribunnews.com/2022/01/04/lirik-dan-terjemahan-lagu-enjoy-life-airr-yang-populer-di-tiktok-and-maybe-we-can-enjoy-life,Yes,Copyrighted material (DMCA),Disabled ad serving,,115,2024-12-13,2024-12-16
wartakota.tribunnews.com,Page,N/A,N/A,wartakota.tribunnews.com/2018/02/13/siswa-smp-remas-payudara-siswi-adik-kelas-kepergok-guru-dan-disaksikan-teman,No,Adult: Sexual content,Restricted ad serving,ca-pub-7784034061253020,114,2024-12-11,2024-12-17
jambi.tribunnews.com,Page,N/A,N/A,jambi.tribunnews.com/2019/09/01/5-bintang-film-dewasa-ini-tewas-secara-mengerikan-no-5-alami-depresi-berat-hingga-bunuh-diri,No,Shocking content,Restricted ad serving,ca-pub-7784034061253020,114,2024-12-11,2024-12-16
sultra.tribunnews.com,Page,N/A,N/A,sultra.tribunnews.com/2022/11/12/icha-ceeby-kebaya-merah-juga-perankan-video-tiga-lawan-satu-ternyata-adegan-2-wanita-1-lelaki,Yes,Ads Disguised as Content,Restricted ad serving,ca-pub-7784034061253020,113,2024-12-12,2024-12-17
pontianak.tribunnews.com,Page,N/A,N/A,pontianak.tribunnews.com/2018/01/28/inilah-7-ciri-wanita-kecanduan-masturbasi-7-persen-cewek-melakukannya-setiap-hari?page=2,No,Adult: Sexual content,Restricted ad serving,ca-pub-7784034061253020,113,2024-12-11,2024-12-17
pekanbaru.tribunnews.com,Page,N/A,N/A,pekanbaru.tribunnews.com/2021/07/16/lagi-trending-di-twitter-ceweksange-apa-arti-cewek-sange-arti-sange-dalam-bahasa-gaul,Yes,Content obscuring Google-served ads;Encouraging accidental clicks: Layout,Restricted ad serving,ca-pub-7784034061253020,113,2024-12-11,2024-12-17
makassar.tribunnews.com,Page,N/A,N/A,makassar.tribunnews.com/2015/07/31/inilah-lokasi-industri-porno-terbesar-dunia,No,Adult: Sexual content,Restricted ad serving,ca-pub-7784034061253020,113,2024-12-11,2024-12-17
jatim.tribunnews.com,Page,N/A,N/A,jatim.tribunnews.com/2017/05/19/10-foto-bugil-artis-yang-dipajang-di-cover-majalah-pria-tanpa-seijin-mereka-melotot-liat-posenya,No,Adult: Sexual content,Restricted ad serving,ca-pub-7784034061253020,112,2024-12-11,2024-12-17
jambi.tribunnews.com,Page,N/A,N/A,jambi.tribunnews.com/2018/01/21/ini-yang-ada-dipikiran-wanita-bila-melihat-kelamin-laki-laki,No,Adult: Sexual content,Restricted ad serving,ca-pub-7784034061253020,112,2024-12-11,2024-12-17
jabar.tribunnews.com,Page,N/A,N/A,jabar.tribunnews.com/2023/04/06/pusat-klinik-pengobatan-alat-vital-bogor-bantu-menjaga-keharmonisan-pasangan-suami-istri,No,Adult: Sexual content,Restricted ad serving,ca-pub-7784034061253020,112,2024-12-12,2024-12-16
bengkulu.tribunnews.com,Page,N/A,N/A,bengkulu.tribunnews.com/2024/12/11/pemicu-rudi-sihaloho-nekat-tikam-3-bocah-kakak-beradik-di-deliserdang-imbas-bungkus-permen,No,Shocking content,Restricted ad serving,ca-pub-7784034061253020,112,2024-12-11,2024-12-17
bangka.tribunnews.com,Page,N/A,N/A,bangka.tribunnews.com/2015/11/27/parah-siswa-sd-paksa-teman-sekelas-lakukan-adegan-film-dewasa,Yes,Site Behavior: Navigation,Restricted ad serving,ca-pub-7784034061253020,112,2024-12-13,2024-12-17
www.tribunnews.com,Page,N/A,N/A,www.tribunnews.com/regional/2019/12/12/foto-wanita-buka-baju-tapi-mukanya-ditutu-jadi-viral-nitizen-jadi-penasaran-identitas-pelakunya,Yes,Ads Disguised as Content,Restricted ad serving,ca-pub-7784034061253020,111,2024-12-11,2024-12-17
medan.tribunnews.com,Page,N/A,N/A,medan.tribunnews.com/2017/08/28/5-video-paling-top-pria-arab-paksa-tkw-melayani-nafsu-remaja-melahirkan-hingga-operasi-buah-dada?page=all,Yes,Site Behavior: Navigation,Restricted ad serving,ca-pub-7784034061253020,111,2024-12-15,2024-12-15
aceh.tribunnews.com,Page,N/A,N/A,aceh.tribunnews.com/2024/05/09/mudah-begini-cara-mengatasi-perut-buncit-ala-dr-zaidul-akbar-kurangi-makanan-ini,No,Adult: Sexual content,Restricted ad serving,ca-pub-7784034061253020,111,2024-12-11,2024-12-16
www.tribunnews.com,Page,N/A,N/A,www.tribunnews.com/regional/2017/11/14/perilaku-seks-aneh-pns-ini-sering-masukkan-terong-dan-timun-ke-anunya-istri,No,Adult: Sexual content,Restricted ad serving,ca-pub-7784034061253020,110,2024-12-11,2024-12-17
medan.tribunnews.com,Page,N/A,N/A,medan.tribunnews.com/2021/04/15/fakta-tentang-nikita-mirzani-jebolan-pesantren-hingga-kuliah-jurusanhubungan-internasional,Yes,Encouraging accidental clicks: Layout;Google-served ads obscuring content,Restricted ad serving,ca-pub-7784034061253020,110,2024-12-11,2024-12-17
manado.tribunnews.com,Page,N/A,N/A,manado.tribunnews.com/2017/12/13/gadis-ini-sempat-viral-dengan-video-salam-pramuka-begini-kabarnya-sekarang?page=2,Yes,Ads Disguised as Content,Restricted ad serving,ca-pub-7784034061253020,110,2024-12-11,2024-12-17
madura.tribunnews.com,Page,N/A,N/A,madura.tribunnews.com/2024/12/17/nasib-hendra-brudy-resign-jadi-guru-pns-karena-tak-bahagia-kini-hidup-tanpa-gaji-bulanan-doain-mak?page=2,No,Adult: Sexual content,Restricted ad serving,ca-pub-7784034061253020,110,2024-12-17,2024-12-17
bengkulu.tribunnews.com,Page,N/A,N/A,bengkulu.tribunnews.com/2022/08/30/film-dewasa-terbaik-di-idlix-khusus-18-nonton-streaming-gratis-ternyata-ada-film-indonesia?lgn_method=google&google_btn=onetap,No,Adult: Sexual content,Restricted ad serving,ca-pub-7784034061253020,110,2024-12-16,2024-12-16
belitung.tribunnews.com,Page,N/A,N/A,belitung.tribunnews.com/2021/12/27/ibu-muda-tergiur-anak-tiri-suami-syok-istri-intimi-putranya-diam-diam-tengah-malam-pindah-ranjang,No,Adult: Sexual content,Restricted ad serving,ca-pub-7784034061253020,110,2024-12-12,2024-12-16
bangka.tribunnews.com,Page,N/A,N/A,bangka.tribunnews.com/2017/09/14/bertobat-pemeran-tarzan-x-tinggalkan-film-biru-setelah-banyak-merenung?page=3,No,Adult: Sexual content,Restricted ad serving,ca-pub-7784034061253020,110,2024-12-11,2024-12-15
m.tribunnews.com,Page,N/A,N/A,m.tribunnews.com/internasional/2014/03/13/persaingan-prostitusi-di-jepang-boleh-bersenang-senang-tapi-jangan-mencium,No,Adult: Sexual content,Restricted ad serving,ca-pub-7784034061253020,109,2024-12-11,2024-12-17
pontianak.tribunnews.com,Page,N/A,N/A,pontianak.tribunnews.com/2015/08/20/terbukti-dalam-penelitian-teh-basi-dapat-perbesar-penis,Yes,Adult: Sexual content;Site Behavior: Navigation,Restricted ad serving,ca-pub-7784034061253020,108,2024-12-11,2024-12-17
aceh.tribunnews.com,Page,N/A,N/A,aceh.tribunnews.com/2022/07/12/sate-kambing-bisa-bikin-pria-makin-perkasa-di-ranjang-tapi-dr-boyke-anjurkan-makan-sebelum-ini?page=all,No,Adult: Sexual content,Restricted ad serving,ca-pub-7784034061253020,108,2024-12-15,2024-12-15
www.tribunnews.com,Page,N/A,N/A,www.tribunnews.com/kesehatan/2017/11/27/perempuan-juga-perlu-tahu-inilah-yang-dirasakan-suami-anda-ketika-orgasme,No,Adult: Sexual content,Restricted ad serving,ca-pub-7784034061253020,107,2024-12-11,2024-12-17
palembang.tribunnews.com,Page,N/A,N/A,palembang.tribunnews.com/2017/11/18/celana-dalam-sering-basah-kenali-rahasia-cairan-ini-sebelum-terlambat-wanita-wajib-tahu,No,Shocking content,Restricted ad serving,ca-pub-7784034061253020,107,2024-12-11,2024-12-17
medan.tribunnews.com,Page,N/A,N/A,medan.tribunnews.com/2019/03/20/ini-dia-5-merek-rokok-paling-mahal-di-dunia-ada-yang-harganya-capai-rp-953-ribu,Yes,Site Behavior: Navigation;Tobacco,Restricted ad serving,ca-pub-7784034061253020,107,2024-12-11,2024-12-17
makassar.tribunnews.com,Page,N/A,N/A,makassar.tribunnews.com/2020/05/28/suami-jadi-bintang-film-dewasa-hingga-8000-kali-adegan-panas-istri-dia-hanya-bekerja,No,Content obscuring Google-served ads,Restricted ad serving,ca-pub-7784034061253020,107,2024-12-11,2024-12-17
jambi.tribunnews.com,Page,N/A,N/A,jambi.tribunnews.com/2016/07/14/ketika-wanita-terangsang-dan-lagi-sendirian-inilah-yang-mereka-lakukan,No,Adult: Sexual content,Restricted ad serving,ca-pub-7784034061253020,107,2024-12-11,2024-12-17
makassar.tribunnews.com,Page,N/A,N/A,makassar.tribunnews.com/2020/11/07/video-panas-19-detik-mirip-gisella-anastasia-netter-temukan-kemiripan-dengan-isi-kamar-gisel,Yes,Ads Disguised as Content,Restricted ad serving,ca-pub-7784034061253020,106,2024-12-11,2024-12-17
bali.tribunnews.com,Page,N/A,N/A,bali.tribunnews.com/2021/12/14/tiga-video-syur-selebgram-tante-sisca-mellyana-di-vila-hebohkan-ubud-sampai-panggil-pecalang,Yes,Ads Disguised as Content,Restricted ad serving,ca-pub-7784034061253020,106,2024-12-11,2024-12-16
www.tribunnews.com,Page,N/A,N/A,www.tribunnews.com/regional/2015/06/02/biar-bisa-teler-jamur-tai-sapi-jadi-pilihan-remaja-bolsel,No,Adult: Sexual content,Restricted ad serving,ca-pub-7784034061253020,105,2024-12-11,2024-12-17
style.tribunnews.com,Page,N/A,N/A,style.tribunnews.com/2021/11/30/5-anime-dewasa-ini-bukan-tontonan-keluarga-awas-banyak-adegan-yang-tak-layak-ditonton-anak-kecil,No,Adult: Sexual content,Restricted ad serving,ca-pub-7784034061253020,105,2024-12-15,2024-12-17
pontianak.tribunnews.com,Page,N/A,N/A,pontianak.tribunnews.com/tag/video-mesum-ariel-luna-maya,No,Adult: Sexual content,Restricted ad serving,ca-pub-7784034061253020,105,2024-12-11,2024-12-17
bangka.tribunnews.com,Page,N/A,N/A,bangka.tribunnews.com/tag/harga-cabai,Yes,Google-served ads on screens without publisher-content,Restricted ad serving,ca-pub-7784034061253020,105,2024-12-11,2024-12-17
bali.tribunnews.com,Page,N/A,N/A,bali.tribunnews.com/2020/05/12/5-arti-mimpi-dikejar-kejar-seseorang-memiliki-musuh-hingga-masalah-keuangan,No,Google-served ads obscuring content,Restricted ad serving,ca-pub-7784034061253020,105,2024-12-11,2024-12-17
sulbar.tribunnews.com,Page,N/A,N/A,sulbar.tribunnews.com/2023/05/10/lagi-hangat-link-video-kasir-minimarket-beredar-di-twitter-hingga-yandex-durasi-2-menit-27-detik,No,Adult: Sexual content,Restricted ad serving,ca-pub-7784034061253020,104,2024-12-16,2024-12-16
belitung.tribunnews.com,Page,N/A,N/A,belitung.tribunnews.com/index.php2022/06/19/brondong-sudah-lepas-celana-bu-guru-muda-kaget-batal-puaskan-nafsu-tarik-baju-kabur-digrebek-suami,No,Adult: Sexual content,Restricted ad serving,ca-pub-7784034061253020,104,2024-12-17,2024-12-17
bangka.tribunnews.com,Page,N/A,N/A,bangka.tribunnews.com/2017/08/14/pensiun-dari-film-esek-esek-5-bintang-film-dewasa-ini-sukses-bermain-di-layar-lebar,Yes,Ads Disguised as Content,Restricted ad serving,ca-pub-7784034061253020,104,2024-12-12,2024-12-17
www.tribunnewswiki.com,Page,N/A,N/A,www.tribunnewswiki.com/2020/09/30/celana-dalam-hilang-misterius-ternyata-dibuang-di-pekarangan-hingga-di-atap-dalam-keadaan-kotor,Yes,Encouraging accidental clicks: Layout;Google-served ads obscuring content,Restricted ad serving,ca-pub-7784034061253020,103,2024-12-11,2024-12-17
sultra.tribunnews.com,Page,N/A,N/A,sultra.tribunnews.com/2022/10/31/link-video-viral-di-artis-lombok-masih-dicari-vcs-sambil-ngangkang-di-ranjang-monyongkan-bibir,Yes,Ads Disguised as Content,Restricted ad serving,ca-pub-7784034061253020,103,2024-12-11,2024-12-17
pekanbaru.tribunnews.com,Page,N/A,N/A,pekanbaru.tribunnews.com/2023/07/04/tobrut-artinya-apa-dalam-bahasa-gaul-dan-link-video-viral-tobrut-beredar-di-twitter,No,Google-served ads obscuring content,Restricted ad serving,ca-pub-7784034061253020,103,2024-12-13,2024-12-17
jambi.tribunnews.com,Page,N/A,N/A,jambi.tribunnews.com/2021/04/13/bintang-film-panas-rusia-ini-dikerubuti-para-lelaki-saat-liburan-di-bali-lihat-ekspresinya?page=all,Yes,Ads Disguised as Content,Restricted ad serving,ca-pub-7784034061253020,103,2024-12-11,2024-12-16
jambi.tribunnews.com,Page,N/A,N/A,jambi.tribunnews.com/2019/03/31/ini-16-ciri-cewek-yang-gila-di-ranjang-seperti-bulu-tangan-lebat-kumis-tipis-kamu-yang-mana,Yes,Adult: Sexual content;Google-served ads on screens without publisher-content,Restricted ad serving,ca-pub-7784034061253020,103,2024-12-11,2024-12-17
jambi.tribunnews.com,Page,N/A,N/A,jambi.tribunnews.com/2018/04/08/hubungan-cara-berjalan-dengan-keperawanan-anda-jangan-salah-kaprah,No,Adult: Sexual content,Restricted ad serving,ca-pub-7784034061253020,103,2024-12-11,2024-12-16
bengkulu.tribunnews.com,Page,N/A,N/A,bengkulu.tribunnews.com/2022/07/28/manhwaland-manhwaindo-situs-baca-manhwa-online-terlengkap-gratis-ada-new-town-aisha-hidden-love,No,Adult: Sexual content,Restricted ad serving,ca-pub-7784034061253020,103,2024-12-11,2024-12-16
bangka.tribunnews.com,Page,N/A,N/A,bangka.tribunnews.com/2017/08/16/ada-gaya-berkuda-ini-dia-5-posisi-hubungan-intim-favorit-di-5-negara,No,Adult: Sexual content,Restricted ad serving,ca-pub-7784034061253020,103,2024-12-11,2024-12-16
bali.tribunnews.com,Page,N/A,N/A,bali.tribunnews.com/2018/04/09/kencan-dengan-pria-di-atas-50-tahun-ada-8-saran-dari-seorang-penulis-lisa-copeland,Yes,Ads Disguised as Content,Restricted ad serving,ca-pub-7784034061253020,103,2024-12-11,2024-12-16
pontianak.tribunnews.com,Page,N/A,N/A,pontianak.tribunnews.com/techno,Yes,Encouraging accidental clicks: Layout,Restricted ad serving,ca-pub-7784034061253020,102,2024-12-11,2024-12-17
medan.tribunnews.com,Page,N/A,N/A,medan.tribunnews.com/2019/01/12/akhirnya-polisi-ungkap-nama-artis-prostitusi-di-antaranya-riri-febrianti-pesinetron-anak-jalanan?page=all,Yes,Site Behavior: Navigation,Restricted ad serving,ca-pub-7784034061253020,102,2024-12-13,2024-12-16
sumsel.tribunnews.com,Page,N/A,N/A,sumsel.tribunnews.com/2016/04/20/terungkap-ini-sebenarnya-cara-menggunakan-pembalut-yang-benar,No,Shocking content,Restricted ad serving,ca-pub-7784034061253020,101,2024-12-14,2024-12-17
manado.tribunnews.com,Page,N/A,N/A,manado.tribunnews.com/2017/12/07/jarak-antara-paha-bagian-dalam-bisa-menggambarkan-sikapmu-di-tempat-tidur,No,Adult: Sexual content,Restricted ad serving,ca-pub-7784034061253020,101,2024-12-11,2024-12-17
madura.tribunnews.com,Page,N/A,N/A,madura.tribunnews.com/2020/01/02/daftar-harga-rokok-terbaru-setelah-tarif-cukai-rokok-naik-2020marlboro-ice-blast-capai-rp-52500,No,Shocking content,Restricted ad serving,ca-pub-7784034061253020,101,2024-12-12,2024-12-17
bangka.tribunnews.com,Page,N/A,N/A,bangka.tribunnews.com/2016/01/04/video-wanita-seksi-ini-memasak-dengan-cara-yang-tidak-lazim,Yes,Site Behavior: Navigation,Restricted ad serving,ca-pub-7784034061253020,101,2024-12-12,2024-12-16
m.tribunnews.com,Page,N/A,N/A,m.tribunnews.com/internasional/2015/07/11/ini-dia-10-negara-dengan-budaya-seks-paling-bebas?page=2,No,Adult: Sexual content,Restricted ad serving,ca-pub-7784034061253020,100,2024-12-12,2024-12-17
kupang.tribunnews.com,Page,N/A,N/A,kupang.tribunnews.com/2019/06/30/ini-arti-mimpi-berhubungan-intim-sampai-orgasme,No,Adult: Sexual content,Restricted ad serving,ca-pub-7784034061253020,100,2024-12-11,2024-12-17
surabaya.tribunnews.com,Page,N/A,N/A,surabaya.tribunnews.com/2020/10/10/arti-mimpi-berhubungan-badan-dengan-teman-kerja-orang-lain-atau-mantan?page=all,No,Adult: Sexual content,Restricted ad serving,ca-pub-7784034061253020,99,2024-12-15,2024-12-15
bali.tribunnews.com,Page,N/A,N/A,bali.tribunnews.com/2019/10/23/cara-minum-telur-bebek-mentah-agar-tidak-amis-berkhasiat-meningkatkan-gairah-suami-istri,No,Adult: Sexual content,Restricted ad serving,ca-pub-7784034061253020,99,2024-12-11,2024-12-17
wartakota.tribunnews.com,Page,N/A,N/A,wartakota.tribunnews.com/2021/02/07/psk-di-depok-masih-marak-di-masa-pandemi-covid-19-ditemukan-kerap-mangkal-di-pasar-kambing-cisalak,Yes,Ads Disguised as Content,Restricted ad serving,ca-pub-7784034061253020,98,2024-12-11,2024-12-17
style.tribunnews.com,Page,N/A,N/A,style.tribunnews.com/2017/09/27/setelah-jadi-tersangka-kpk-video-mesum-yang-diduga-bupati-kukar-rita-widyasari-kini-beredar,No,Adult: Sexual content,Restricted ad serving,ca-pub-7784034061253020,98,2024-12-11,2024-12-15
kupang.tribunnews.com,Page,N/A,N/A,kupang.tribunnews.com/2018/09/05/7-artis-ini-miliki-payudara-terindah-di-tahun-2017-adakah-idolamu,No,Shocking content,Restricted ad serving,ca-pub-7784034061253020,98,2024-12-11,2024-12-17
jambi.tribunnews.com,Page,N/A,N/A,jambi.tribunnews.com/2018/01/18/perhatikan-ini-ciri-wanita-yang-sering-melakukan-masturbasi-7-tanda-ini-bakal-mengungkapkannya?page=2,No,Adult: Sexual content,Restricted ad serving,ca-pub-7784034061253020,98,2024-12-11,2024-12-17
jambi.tribunnews.com,Page,N/A,N/A,jambi.tribunnews.com/2017/07/30/galeri-foto-tanpa-sensor-ini-5-film-dewasa-dengan-adegan-intim-nyata?page=2,No,Adult: Sexual content,Restricted ad serving,ca-pub-7784034061253020,98,2024-12-14,2024-12-17
belitung.tribunnews.com,Page,N/A,N/A,belitung.tribunnews.com/2019/04/17/6-negara-ini-tak-ada-pemilu-hanya-satu-partai-dan-semua-rakyat-tunduk-setia-kepada-pemerintah,Yes,Encouraging accidental clicks: Layout;Google-served ads obscuring content,Restricted ad serving,ca-pub-7784034061253020,98,2024-12-11,2024-12-16
belitung.tribunnews.com,Page,N/A,N/A,belitung.tribunnews.com/2017/11/21/cewek-sma-jual-diri-langsung-masuk-aja-nanti-naik-ya,No,Adult: Sexual content,Restricted ad serving,ca-pub-7784034061253020,98,2024-12-11,2024-12-17
www.tribunnews.com,Page,N/A,N/A,www.tribunnews.com/regional/2017/05/30/geliat-kaum-gay-semarang-tempat-nongkrong-hingga-kucing,No,Adult: Sexual content,Restricted ad serving,ca-pub-7784034061253020,97,2024-12-11,2024-12-17
makassar.tribunnews.com,Page,N/A,N/A,makassar.tribunnews.com/2015/05/22/ini-daftar-travel-agen-di-makassar-lengkap-telepon-dan-alamat,Yes,Content obscuring Google-served ads;Encouraging accidental clicks: Layout;Google-served ads obscuring content,Restricted ad serving,ca-pub-7784034061253020,97,2024-12-11,2024-12-17
lampung.tribunnews.com,Page,N/A,N/A,lampung.tribunnews.com/2018/02/02/ini-kode-kode-rahasia-prostitusi-via-media-sosial,No,Google-served ads obscuring content,Restricted ad serving,ca-pub-7784034061253020,97,2024-12-11,2024-12-15
belitung.tribunnews.com,Page,N/A,N/A,belitung.tribunnews.com/2017/07/07/cewek-ini-bilang-aduh-udah-mau-keluar-sambil-goyangkan-badan-videonya-bikin-heboh,No,Adult: Sexual content,Restricted ad serving,ca-pub-7784034061253020,97,2024-12-12,2024-12-16
belitung.tribunnews.com,Page,N/A,N/A,belitung.tribunnews.com/2016/05/19/mau-tahu-perbedaan-pria-disunat-atau-tidak-ternyata-ada-kenikmatan-lebih,No,Adult: Sexual content,Restricted ad serving,ca-pub-7784034061253020,97,2024-12-11,2024-12-17
makassar.tribunnews.com,Page,N/A,N/A,makassar.tribunnews.com/2019/09/30/pede-kirim-foto-alat-vital-ke-wanita-pria-ini-kaget-dikirimi-balik-foto-kok-bentuknya-samaternyata?page=all,No,Shocking content,Restricted ad serving,ca-pub-7784034061253020,96,2024-12-11,2024-12-17
m.tribunnews.com,Page,N/A,N/A,m.tribunnews.com/seleb/2017/09/06/wow-7-wanita-indonesia-ini-bintangi-film-panas-di-luar-negeri-ini-profil-mereka?page=3,Yes,Site Behavior: Navigation,Restricted ad serving,ca-pub-7784034061253020,96,2024-12-13,2024-12-17
m.tribunnews.com,Page,N/A,N/A,m.tribunnews.com/kesehatan/2018/04/08/perawan-atau-tidak-bisa-dilihat-dari-cara-berjalan-dokter-ungkap-fakta-sesungguhnya,No,Adult: Sexual content,Restricted ad serving,ca-pub-7784034061253020,96,2024-12-11,2024-12-16
jabar.tribunnews.com,Page,N/A,N/A,jabar.tribunnews.com/2024/09/30/viral-video-tkw-karawang-alami-penyiksaan-disetrika-sampai-disiram-air-panas,No,Shocking content,Restricted ad serving,ca-pub-7784034061253020,96,2024-12-15,2024-12-15
bangka.tribunnews.com,Page,N/A,N/A,bangka.tribunnews.com/2017/03/01/hati-hati-film-ini-bisa-bikin-istri-anda-tergoda-selingkuh,No,Adult: Sexual content,Restricted ad serving,ca-pub-7784034061253020,96,2024-12-16,2024-12-16
kaltim.tribunnews.com,Page,N/A,N/A,kaltim.tribunnews.com/2020/11/07/update-link-video-mirip-gisel-full-kini-diburu-2-medsos-ini-jadi-lokasi-pencarian-satunya-twitter,Yes,Ads Disguised as Content,Restricted ad serving,ca-pub-7784034061253020,95,2024-12-11,2024-12-16
m.tribunnews.com,Page,N/A,N/A,m.tribunnews.com/internasional/2019/05/23/aktor-senior-film-dewasa-jepang-hubungan-pria-dan-wanita-terpenting-adalah-komunikasi,No,Shocking content,Restricted ad serving,ca-pub-7784034061253020,94,2024-12-11,2024-12-16
bangka.tribunnews.com,Page,N/A,N/A,bangka.tribunnews.com/2016/05/01/ssst-inilah-ciri-ciri-orang-yang-kecanduan-onani,No,Adult: Sexual content,Restricted ad serving,ca-pub-7784034061253020,94,2024-12-11,2024-12-16
jabar.tribunnews.com,Page,N/A,N/A,jabar.tribunnews.com/2024/12/15/breaking-news-1-keluarga-di-ciputat-jakarta-ditemukan-tewas-di-dalam-rumah-polisi?source=widgetArtikelRekomendasi&engine=JXA,No,Shocking content,Restricted ad serving,ca-pub-7784034061253020,93,2024-12-15,2024-12-15
bangka.tribunnews.com,Page,N/A,N/A,bangka.tribunnews.com/2021/12/07/video-maria-vania-di-atas-ranjang-viral-sudah-ditonton-34-juta-kali,Yes,Ads Disguised as Content,Restricted ad serving,ca-pub-7784034061253020,93,2024-12-11,2024-12-16
www.tribunnews.com,Page,N/A,N/A,www.tribunnews.com/kesehatan/2018/01/06/video-mesum-2-bocah-dengan-seorang-tante-beredar-inilah-dampak-menyeramkan-eksploitasi-seksual-dini,No,Adult: Sexual content,Restricted ad serving,ca-pub-7784034061253020,92,2024-12-11,2024-12-17
wartakota.tribunnews.com,Page,N/A,N/A,wartakota.tribunnews.com/2015/06/11/posisi-gunting-duduk-bikin-si-dia-teriak-berkali-kali,No,Adult: Sexual content,Restricted ad serving,ca-pub-7784034061253020,92,2024-12-12,2024-12-17
palembang.tribunnews.com,Page,N/A,N/A,palembang.tribunnews.com/2016/02/22/hati-hati-penyakit-menular-seksual-psm-bisa-menjangkiti-semua-orang-meski-tidak-berhubungan,No,Adult: Sexual content,Restricted ad serving,ca-pub-7784034061253020,92,2024-12-11,2024-12-16
madura.tribunnews.com,Page,N/A,N/A,madura.tribunnews.com/2023/07/05/daftar-harga-rokok-filter-di-indomaret-l-a-rokok-filter-ice-purple-rp-30-ribu-clas-mild-rp-21-ribu?page=2,No,Tobacco,Restricted ad serving,ca-pub-7784034061253020,92,2024-12-16,2024-12-16
www.tribunnewswiki.com,Page,N/A,N/A,www.tribunnewswiki.com/2024/06/24/video-6-menit-opa-ambon-dan-wanita-muda-viral-di-twitter-x-link-tersebar-ternyata-tetanggaan,Yes,Google-served ads obscuring content;Modified Javascript: Ads by Google size,Restricted ad serving,ca-pub-7784034061253020,91,2024-12-11,2024-12-16
www.tribunnews.com,Page,N/A,N/A,www.tribunnews.com/fullsite,No,Adult: Sexual content;Shocking content,Restricted ad serving,ca-pub-7784034061253020,91,2024-12-15,2024-12-16
palembang.tribunnews.com,Page,N/A,N/A,palembang.tribunnews.com/2017/11/20/bikin-geleng-geleng-10-wanita-ini-disebut-sebagai-bintang-film-panas-paling-tajir-di-dunia?page=8,Yes,Ads Disguised as Content,Restricted ad serving,ca-pub-7784034061253020,91,2024-12-11,2024-12-17
batam.tribunnews.com,Page,N/A,N/A,batam.tribunnews.com/2020/09/22/4-pemuda-bikin-mabuk-gadis-15-tahun-korban-kemudian-digilir-hingga-pagi?page=all,Yes,Google-served ads obscuring content;Modified Javascript: Ads by Google size,Restricted ad serving,ca-pub-7784034061253020,91,2024-12-11,2024-12-17
aceh.tribunnews.com,Page,N/A,N/A,aceh.tribunnews.com/amp/2019/10/05/miris-tante-tante-ajak-bocah-sd-beradegan-panas-videonya-tersebar-pekerjaan-si-wanita-terungkap,No,Adult: Sexual content,Restricted ad serving,ca-pub-7784034061253020,91,2024-12-11,2024-12-17
wartakota.tribunnews.com,Page,N/A,N/A,wartakota.tribunnews.com/2015/09/06/wanita-ternyata-paling-suka-mr-p-berukuran-16-cm,No,Adult: Sexual content,Restricted ad serving,ca-pub-7784034061253020,90,2024-12-12,2024-12-17
m.tribunnews.com,Page,N/A,N/A,m.tribunnews.com/regional/2021/10/17/pembunuhan-sadis-di-samosir-budianto-mengamuk-bacok-ayahnya-hingga-tewas-ibunya-sekarat?source=kgnotif_1,No,Shocking content,Restricted ad serving,ca-pub-7784034061253020,90,2024-12-16,2024-12-16
m.tribunnews.com,Page,N/A,N/A,m.tribunnews.com/lifestyle/2018/01/19/viral-foto-struk-belanja-tahun-1992-lihat-berapa-harga-rokok-saat-itu,No,Tobacco,Restricted ad serving,ca-pub-7784034061253020,90,2024-12-11,2024-12-17
jogja.tribunnews.com,Page,N/A,N/A,jogja.tribunnews.com/2024/10/04/5-arti-mimpi-membeli-kondom-tanda-perlindungan-atau-kekhawatiran-tersembunyi,No,Adult: Sexual content,Restricted ad serving,ca-pub-7784034061253020,90,2024-12-11,2024-12-16
batam.tribunnews.com,Page,N/A,N/A,batam.tribunnews.com/2018/01/27/berwajah-tampan-pria-ini-sudah-tiduri-3000-an-wanita-ini-profesinya,Yes,Ads Disguised as Content,Restricted ad serving,ca-pub-7784034061253020,90,2024-12-12,2024-12-17
bangka.tribunnews.com,Page,N/A,N/A,bangka.tribunnews.com/2021/05/24/mengejutkan-mantan-idol-cantik-ini-pilih-jadi-bintang-film-dewasa-alasannya-bikin-ngelus-dada?page=all,No,Content obscuring Google-served ads,Restricted ad serving,ca-pub-7784034061253020,90,2024-12-12,2024-12-15
www.tribunnews.com,Page,N/A,N/A,www.tribunnews.com/seleb/2017/08/07/para-aktris-ini-tunggu-momen-tepat-hingga-akhirnya-berani-beradegan-tanpa-busana,Yes,Site Behavior: Navigation,Restricted ad serving,ca-pub-7784034061253020,89,2024-12-11,2024-12-17
palembang.tribunnews.com,Page,N/A,N/A,palembang.tribunnews.com/2018/03/10/10-fakta-orang-eskimo-paling-bikin-bergidik-dari-bertukar-istri-hingga-membunuh,Yes,Ads Disguised as Content,Restricted ad serving,ca-pub-7784034061253020,89,2024-12-11,2024-12-16
medan.tribunnews.com,Page,N/A,N/A,medan.tribunnews.com/2020/06/27/skenario-cewek-cantik-open-bo-sengaja-tawarkan-bercinta-2-pria-jemput-hari-tempat-yang-sama,No,Shocking content,Restricted ad serving,ca-pub-7784034061253020,89,2024-12-11,2024-12-16
m.tribunnews.com,Page,N/A,N/A,m.tribunnews.com/lifestyle/2017/10/13/percaya-gak-percaya-ini-ciri-cewek-yang-sudah-enggak-perawan,No,Adult: Sexual content,Restricted ad serving,ca-pub-7784034061253020,89,2024-12-11,2024-12-17
belitung.tribunnews.com,Page,N/A,N/A,belitung.tribunnews.com/2017/10/25/inilah-11-hal-yang-terjadi-di-balik-layar-film-dewasa,No,Adult: Sexual content,Restricted ad serving,ca-pub-7784034061253020,89,2024-12-11,2024-12-16
batam.tribunnews.com,Page,N/A,N/A,batam.tribunnews.com/2024/12/13/daftar-lengkap-gubernur-wali-kota-dan-bupati-terpilih-di-jawa-timur-2024-dari-hasil-pleno-kpu,No,Shocking content,Restricted ad serving,ca-pub-7784034061253020,89,2024-12-16,2024-12-16
banjarmasin.tribunnews.com,Page,N/A,N/A,banjarmasin.tribunnews.com/2022/01/26/kaum-muda-temui-kasus-edi-tansil-dr-boyke-bongkar-rahasia-atasi-perkara-ini,Yes,Ads Disguised as Content,Restricted ad serving,ca-pub-7784034061253020,89,2024-12-11,2024-12-16
www.tribunnews.com,Page,N/A,N/A,www.tribunnews.com/kesehatan/2016/03/22/lima-bahasa-tubuh-pria-yang-ingin-bercinta,No,Adult: Sexual content,Restricted ad serving,ca-pub-7784034061253020,88,2024-12-11,2024-12-16
manado.tribunnews.com,Page,N/A,N/A,manado.tribunnews.com/tag/jalan-jonggol-cariu,No,Shocking content,Restricted ad serving,ca-pub-7784034061253020,88,2024-12-17,2024-12-17
jateng.tribunnews.com,Page,N/A,N/A,jateng.tribunnews.com/2018/02/03/ngeri-wanita-ini-diberi-obat-perangsang-oleh-pacarnya-efeknya-sungguh-mengerikan,No,Adult: Sexual content,Restricted ad serving,ca-pub-7784034061253020,88,2024-12-12,2024-12-17
sumsel.tribunnews.com,Page,N/A,N/A,sumsel.tribunnews.com/404,Yes,Google-served ads on screens without publisher-content,Restricted ad serving,ca-pub-7784034061253020,87,2024-12-12,2024-12-15
medan.tribunnews.com,Page,N/A,N/A,medan.tribunnews.com/2020/09/19/deretan-foto-foto-seksi-berliana-lovell-yang-bikin-lelaki-salah-fokus-hingga-cenat-cenut,Yes,Ads Disguised as Content,Restricted ad serving,ca-pub-7784034061253020,87,2024-12-11,2024-12-17
kupang.tribunnews.com,Page,N/A,N/A,kupang.tribunnews.com/2019/08/30/video-cewek-seksi-tawarkan-pijat-plus-plus-di-kos-driver-ojek-online-tergiur-hingga-gadaikan-motor,No,Adult: Sexual content,Restricted ad serving,ca-pub-7784034061253020,87,2024-12-11,2024-12-17
style.tribunnews.com,Page,N/A,N/A,style.tribunnews.com/2016/08/25/merek-rokok-makna-lucu-unik-hingga-serius-di-balik-8-brand-batang-tembakau-ini-benarkah,No,Tobacco,Restricted ad serving,ca-pub-7784034061253020,86,2024-12-11,2024-12-16
medan.tribunnews.com,Page,N/A,N/A,medan.tribunnews.com/404,Yes,Google-served ads on screens without publisher-content,Restricted ad serving,ca-pub-7784034061253020,86,2024-12-11,2024-12-16
medan.tribunnews.com,Page,N/A,N/A,medan.tribunnews.com/2019/10/31/lagi-lagi-tersebar-video-adegan-intim-kali-ini-mahasiswi-dengan-dosen-di-hotel-berbahasa-daerah,No,Adult: Sexual content,Restricted ad serving,ca-pub-7784034061253020,86,2024-12-11,2024-12-17
makassar.tribunnews.com,Page,N/A,N/A,makassar.tribunnews.com/2017/04/14/blak-blakan-kakek-sugiono-soal-kariernya-ini-rahasia-artis-film-porno-tertua-jaga-stamina,No,Adult: Sexual content,Restricted ad serving,ca-pub-7784034061253020,86,2024-12-11,2024-12-17
makassar.tribunnews.com,Page,N/A,N/A,makassar.tribunnews.com/2015/09/10/puting-berubah-warna-mati-rasa-kempis-atau-mengeras-mengapa-baca-ini,No,Adult: Sexual content,Restricted ad serving,ca-pub-7784034061253020,86,2024-12-11,2024-12-17
lampung.tribunnews.com,Page,N/A,N/A,lampung.tribunnews.com/2017/02/19/4-film-ini-disebut-punya-adegan-intim-paling-parah-dibanding-50-shades-of-grey?page=all,No,Adult: Sexual content,Restricted ad serving,ca-pub-7784034061253020,86,2024-12-17,2024-12-17
jatim.tribunnews.com,Page,N/A,N/A,jatim.tribunnews.com/2021/01/13/mengenal-berbagai-obat-scabies-dan-cara-kerjanya-ketahui-juga-beberapa-gejala-yang-muncul?page=all,No,Shocking content,Restricted ad serving,ca-pub-7784034061253020,86,2024-12-16,2024-12-16
jabar.tribunnews.com,Page,N/A,N/A,jabar.tribunnews.com/2022/06/01/pengobatan-alat-vital-aa-abdul-jalil-jogja-pusat-vitalitas-terbaik,No,Adult: Sexual content,Restricted ad serving,ca-pub-7784034061253020,86,2024-12-11,2024-12-17
cirebon.tribunnews.com,Page,N/A,N/A,cirebon.tribunnews.com/2019/10/17/beredar-luas-foto-pamela-safitri-tak-pakai-busana-hingga-terlihat-seluruh-dalaman-tubuhnya,No,Adult: Sexual content,Restricted ad serving,ca-pub-7784034061253020,86,2024-12-11,2024-12-16
pekanbaru.tribunnews.com,Page,N/A,N/A,pekanbaru.tribunnews.com/2018/05/25/5-bentuk-tangan-pengaruhi-kepribadian-si-tangan-air-kamu-pandai-menyimpan-rahasia-orang-lain,No,Shocking content,Restricted ad serving,ca-pub-7784034061253020,85,2024-12-12,2024-12-17
makassar.tribunnews.com,Page,N/A,N/A,makassar.tribunnews.com/2019/05/24/donatello-makassar-kini-miliki-3600-model-sendal-sepatu-harga-mulai-rp-125-ribu,No,Shocking content,Restricted ad serving,ca-pub-7784034061253020,85,2024-12-11,2024-12-17
kupang.tribunnews.com,Page,N/A,N/A,kupang.tribunnews.com/2023/01/05/video-syur-4-sekawan-cewek-cantik-viral-mulai-pakai-kaos-lengkap-hingga-pamer-bagian-terlarang,No,Adult: Sexual content,Restricted ad serving,ca-pub-7784034061253020,85,2024-12-17,2024-12-17
jatim.tribunnews.com,Page,N/A,N/A,jatim.tribunnews.com/2023/01/28/jangan-nonton-bokep-kamu-bisa-belajar-seksualitas-lewat-3-drama-korea-adult-trainee-fanta-g-spot,No,Adult: Sexual content,Restricted ad serving,ca-pub-7784034061253020,85,2024-12-15,2024-12-15
bogor.tribunnews.com,Page,N/A,N/A,bogor.tribunnews.com/2019/09/28/kesaksian-remaja-16-tahun-saat-pertama-kali-berhubungan-intim-dengan-ibu-kandung-mama-yang-ngajak,No,Adult: Sexual content,Restricted ad serving,ca-pub-7784034061253020,85,2024-12-11,2024-12-15
belitung.tribunnews.com,Page,N/A,N/A,belitung.tribunnews.com/2018/05/28/6-ciri-wanita-sudah-tak-perawan-mulai-hidung-mata-payudara-hingga-bentuk-perut?page=3,No,Adult: Sexual content,Restricted ad serving,ca-pub-7784034061253020,85,2024-12-12,2024-12-17
pontianak.tribunnews.com,Page,N/A,N/A,pontianak.tribunnews.com/2018/01/27/ciri-ciri-wanita-bernafsu-tinggi-beberapa-ada-yang-sering-kamu-jumpai?page=all,No,Adult: Sexual content,Restricted ad serving,ca-pub-7784034061253020,84,2024-12-11,2024-12-15
manado.tribunnews.com,Page,N/A,N/A,manado.tribunnews.com/2022/07/15/heboh-pasangan-muda-mudi-diduga-mesum-di-taman-slamet-kota-malang-videonya-viral?page=2,No,Adult: Sexual content,Restricted ad serving,ca-pub-7784034061253020,84,2024-12-17,2024-12-17
style.tribunnews.com,Page,N/A,N/A,style.tribunnews.com/2017/04/15/terungkap-ini-rahasia-kakek-sugiono-artis-film-panas-tertua-jepang-bisa-tetap-fit-di-usia-lanjut,Yes,Site Behavior: Navigation,Restricted ad serving,ca-pub-7784034061253020,83,2024-12-11,2024-12-17
makassar.tribunnews.com,Page,N/A,N/A,makassar.tribunnews.com/2021/03/03/ulama-muda-enrekang-sebut-ternyata-onani-atau-masturbasi-bisa-dilakukan-dalam-kondisi-tertentu,Yes,Ads Disguised as Content,Restricted ad serving,ca-pub-7784034061253020,83,2024-12-11,2024-12-17
jambi.tribunnews.com,Page,N/A,N/A,jambi.tribunnews.com/2019/10/02/berikut-foto-30-gadis-jepang-yang-sering-pamerkan-bagian-dalam-tubuhnya-meski-pakai-baju-transparan?page=2,No,Adult: Sexual content,Restricted ad serving,ca-pub-7784034061253020,83,2024-12-15,2024-12-17
jambi.tribunnews.com,Page,N/A,N/A,jambi.tribunnews.com/2018/01/17/bintang-film-dewasa-jepang-umumkan-akan-menikah-penggemar-patah-hati,No,Adult: Sexual content,Restricted ad serving,ca-pub-7784034061253020,83,2024-12-11,2024-12-17
cirebon.tribunnews.com,Page,N/A,N/A,cirebon.tribunnews.com/2019/08/21/pengakuan-jujur-v-cewek-di-video-vina-garut-3-lawan-1-enggak-nyaman-sih-tapi-mau-gimana-lagi,Yes,Ads Disguised as Content,Restricted ad serving,ca-pub-7784034061253020,83,2024-12-11,2024-12-17
aceh.tribunnews.com,Page,N/A,N/A,aceh.tribunnews.com/2022/09/22/4-hormon-ini-bisa-keluar-setelah-berhubungan-intim-suami-istri-makin-tambah-cinta-kata-dr-boyke?page=all,No,Adult: Sexual content,Restricted ad serving,ca-pub-7784034061253020,83,2024-12-15,2024-12-15
www.tribunnews.com,Page,N/A,N/A,www.tribunnews.com/internasional/2019/11/29/perilaku-seks-menyimpang-pasangan-ditampar-dan-diludahi-saat-berhubungan-intim,No,Adult: Sexual content,Restricted ad serving,ca-pub-7784034061253020,82,2024-12-11,2024-12-17
medan.tribunnews.com,Page,N/A,N/A,medan.tribunnews.com/2021/04/06/2-tahun-ditinggal-suami-istri-kesepian-nafsunya-meledak-4-pria-tersenyum-puas-dilayani-tiap-malam,Yes,Ads Disguised as Content,Restricted ad serving,ca-pub-7784034061253020,82,2024-12-11,2024-12-15
m.tribunnews.com,Page,N/A,N/A,m.tribunnews.com/regional/2018/02/12/mayoritas-emak-emak-muda-dan-remaja-putri-pembeli-alat-bantu-seks-di-bali?page=2,No,Adult: Sexual content,Restricted ad serving,ca-pub-7784034061253020,82,2024-12-11,2024-12-17
kupang.tribunnews.com,Page,N/A,N/A,kupang.tribunnews.com/2019/07/18/terlihat-sangat-perkasaternyata-ini-cara-aktor-film-porno-menjaga-ereksinya-bertahan-sepanjang-film?page=2,No,Adult: Sexual content,Restricted ad serving,ca-pub-7784034061253020,82,2024-12-14,2024-12-15
jakarta.tribunnews.com,Page,N/A,N/A,jakarta.tribunnews.com/2021/01/07/begini-cara-membuat-obat-kuat-berbahan-jahe-merah-dan-khasiat-tingkatkan-daya-tahan-tubuh,Yes,Ads Disguised as Content,Restricted ad serving,ca-pub-7784034061253020,82,2024-12-12,2024-12-17
aceh.tribunnews.com,Page,N/A,N/A,aceh.tribunnews.com/2024/12/16/apakah-tahun-2025-ada-seleksi-cpns-dan-pppk-simak-penjelasan-menpan-rb?page=3,No,Adult: Sexual content,Restricted ad serving,ca-pub-7784034061253020,82,2024-12-16,2024-12-16
aceh.tribunnews.com,Page,N/A,N/A,aceh.tribunnews.com/2022/03/05/harus-dipelajari-suami-begini-tips-mengajak-istri-berhubungan-intim-menurut-buya-yahya,No,Shocking content,Restricted ad serving,ca-pub-7784034061253020,82,2024-12-11,2024-12-17
medan.tribunnews.com,Page,N/A,N/A,medan.tribunnews.com/2020/11/06/1-dekade-main-film-panas-kakek-sugiono-bongkar-rahasia-puaskan-lawan-mainnya-suka-telur-mentah,No,Adult: Sexual content,Restricted ad serving,ca-pub-7784034061253020,81,2024-12-15,2024-12-15
kaltim.tribunnews.com,Page,N/A,N/A,kaltim.tribunnews.com/2017/08/10/10-foto-seksi-nikita-willy-makin-dewasa-makin-berani,Yes,Site Behavior: Navigation,Restricted ad serving,ca-pub-7784034061253020,81,2024-12-11,2024-12-17
medan.tribunnews.com,Page,N/A,N/A,medan.tribunnews.com/2017/10/27/hanna-anissa-sempat-bantah-video-bokep-viral-postingannya-sebut-soal-dada-pemeran,No,Adult: Sexual content,Restricted ad serving,ca-pub-7784034061253020,80,2024-12-12,2024-12-17
makassar.tribunnews.com,Page,N/A,N/A,makassar.tribunnews.com/2017/06/24/video-astaga-tak-pakai-cd-artis-korea-ini-tak-sadar-anunya-kelihatan-saat-manggung,No,Adult: Sexual content,Restricted ad serving,ca-pub-7784034061253020,80,2024-12-11,2024-12-17
makassar.tribunnews.com,Page,N/A,N/A,makassar.tribunnews.com/2017/03/25/latihan-renang-siswa-sman-1-kahu-tewas-tenggelam-di-bendungan-sanrego-bone,No,Adult: Sexual content,Restricted ad serving,ca-pub-7784034061253020,80,2024-12-17,2024-12-17
jabar.tribunnews.com,Page,N/A,N/A,jabar.tribunnews.com/2016/01/05/ternyata-hal-ini-yang-dipikirkan-wanita-saat-berhubungan-intim-dengan-pria,No,Adult: Sexual content,Restricted ad serving,ca-pub-7784034061253020,80,2024-12-11,2024-12-17
bangka.tribunnews.com,Page,N/A,N/A,bangka.tribunnews.com/2023/09/07/ibu-ida-dayak-kini-praktek-di-gedung-pengobatannya-kini-di-pungut-biaya-jutaan-rupiah,No,Shocking content,Restricted ad serving,ca-pub-7784034061253020,80,2024-12-17,2024-12-17
bangka.tribunnews.com,Page,N/A,N/A,bangka.tribunnews.com/2017/08/11/hati-hati-aroma-jamur-ini-bisa-bikin-wanita-tiba-tiba-orgasme-begini-alasan-ilmiahnya?page=all,No,Adult: Sexual content,Restricted ad serving,ca-pub-7784034061253020,80,2024-12-12,2024-12-16
www.tribunnews.com,Page,N/A,N/A,www.tribunnews.com/kesehatan/2017/03/16/orang-amerika-serikat-makin-jarang-berhubungan-seks-mengapa,No,Adult: Sexual content,Restricted ad serving,ca-pub-7784034061253020,79,2024-12-11,2024-12-17
www.tribunnews.com,Page,N/A,N/A,www.tribunnews.com/internasional/2014/12/06/jumlah-artis-porno-jepang-150-ribu-orang,No,Adult: Sexual content,Restricted ad serving,ca-pub-7784034061253020,79,2024-12-15,2024-12-15
wartakota.tribunnews.com,Page,N/A,N/A,wartakota.tribunnews.com/2014/05/27/rahasia-ciuman-yang-perlu-anda-tahu,No,Adult: Sexual content,Restricted ad serving,ca-pub-7784034061253020,79,2024-12-11,2024-12-16
lampung.tribunnews.com,Page,N/A,N/A,lampung.tribunnews.com/2017/11/06/tampil-naked-di-majalah-playboy-filipina-nikita-mirzani-cuma-dibayar-segini-mahal-atau-murah?page=1,No,Adult: Sexual content,Restricted ad serving,ca-pub-7784034061253020,79,2024-12-16,2024-12-16
jatim.tribunnews.com,Page,N/A,N/A,jatim.tribunnews.com/2023/02/08/arti-kata-fwb-alias-friends-with-benefits-istilah-gaul-anak-muda-ketahui-keuntungannya-di-sini,No,Google-served ads obscuring content,Restricted ad serving,ca-pub-7784034061253020,79,2024-12-11,2024-12-16
jambi.tribunnews.com,Page,N/A,N/A,jambi.tribunnews.com/2018/06/17/apa-dampak-pada-suami-jika-istri-sering-menolak-berhubungan,No,Adult: Sexual content,Restricted ad serving,ca-pub-7784034061253020,79,2024-12-12,2024-12-16
jambi.tribunnews.com,Page,N/A,N/A,jambi.tribunnews.com/2017/07/30/galeri-foto-tanpa-sensor-ini-5-film-dewasa-dengan-adegan-intim-nyata,No,Adult: Sexual content,Restricted ad serving,ca-pub-7784034061253020,79,2024-12-11,2024-12-17
bangka.tribunnews.com,Page,N/A,N/A,bangka.tribunnews.com/2019/08/23/ayam-kampus-ungkap-cara-kerja-tarif-hingga-pilih-pelanggan-ternyata-seperti-ini,No,Adult: Sexual content,Restricted ad serving,ca-pub-7784034061253020,79,2024-12-11,2024-12-16
bangka.tribunnews.com,Page,N/A,N/A,bangka.tribunnews.com/2017/08/05/pakai-daleman-vibrator-ke-supermarket-begini-reaksi-wanita-ini-saat-kekasihnya-pencet-remote,No,Adult: Sexual content,Restricted ad serving,ca-pub-7784034061253020,79,2024-12-11,2024-12-16
bangka.tribunnews.com,Page,N/A,N/A,bangka.tribunnews.com/2017/02/14/inilah-tanda-tandanya-kalau-pacar-anda-sudah-tidak-perjaka-lagi,No,Adult: Sexual content,Restricted ad serving,ca-pub-7784034061253020,79,2024-12-15,2024-12-15
aceh.tribunnews.com,Page,N/A,N/A,aceh.tribunnews.com/2020/07/28/kisah-wanita-ingin-tobat-dari-prostitusi-jual-diri-sejak-kuliah-pernah-diajak-nikah-pria-beristri,Yes,Ads Disguised as Content,Restricted ad serving,ca-pub-7784034061253020,79,2024-12-12,2024-12-17
aceh.tribunnews.com,Page,N/A,N/A,aceh.tribunnews.com/2017/11/15/200-kilogram-muntahan-paus-yang-ditemukan-nelayan-ini-berkaitan-dengan-10-paus-sperma-di-aceh,No,Adult: Sexual content,Restricted ad serving,ca-pub-7784034061253020,79,2024-12-16,2024-12-16
www.tribunnews.com,Page,N/A,N/A,www.tribunnews.com/regional/2024/12/01/guru-heri-aprianus-tewas-di-kampar-riau-jasad-korban-dibakar-pembunuh-masih-misterius,No,Shocking content,Restricted ad serving,ca-pub-7784034061253020,78,2024-12-15,2024-12-15
wartakota.tribunnews.com,Page,N/A,N/A,wartakota.tribunnews.com/2023/09/13/model-anisa-tasya-amelia-dan-para-pemeran-film-dewasa-birahi-muda-bakal-diperiksa-polisi?page=all,Yes,Google-served ads obscuring content;Modified Javascript: Ads by Google size,Restricted ad serving,ca-pub-7784034061253020,78,2024-12-11,2024-12-17
wartakota.tribunnews.com,Page,N/A,N/A,wartakota.tribunnews.com/2016/02/13/5-manfaat-gunakan-vibrator-bagi-wanita,No,Adult: Sexual content,Restricted ad serving,ca-pub-7784034061253020,78,2024-12-11,2024-12-16
suryamalang.tribunnews.com,Page,N/A,N/A,suryamalang.tribunnews.com/2018/10/10/soft-dan-hard-swinger-jenis-layanan-seksual-terbongkar-di-surabaya,Yes,Google-served ads obscuring content;Modified Javascript: Ads by Google size,Restricted ad serving,ca-pub-7784034061253020,78,2024-12-11,2024-12-17
solo.tribunnews.com,Page,N/A,N/A,solo.tribunnews.com/2021/07/05/chord-kunci-gitar-dan-lirik-lagu-tiara-kris-jika-kau-bertemu-aku-begini,No,Google-served ads obscuring content,Restricted ad serving,ca-pub-7784034061253020,78,2024-12-11,2024-12-17
m.tribunnews.com,Page,N/A,N/A,m.tribunnews.com/internasional/2016/07/01/wow-wanita-cantik-ini-lupa-nggak-pakai-celana-dalam-saat-belanja-di-mal,No,Adult: Sexual content,Restricted ad serving,ca-pub-7784034061253020,78,2024-12-11,2024-12-17
bali.tribunnews.com,Page,N/A,N/A,bali.tribunnews.com/2020/01/02/ini-daftar-harga-rokok-di-denpasar-saat-ini-beberapa-merk-alami-kenaikan-harga-sebelum-tahun-baru,No,Tobacco,Restricted ad serving,ca-pub-7784034061253020,78,2024-12-11,2024-12-17
medan.tribunnews.com,Page,N/A,N/A,medan.tribunnews.com/2017/08/09/simak-kisah-pemuda-yang-pemuas-tante-tante-ini-dari-pengungsi-jadi-hidup-mewah,No,Adult: Sexual content,Restricted ad serving,ca-pub-7784034061253020,77,2024-12-13,2024-12-17
manado.tribunnews.com,Page,N/A,N/A,manado.tribunnews.com/2019/10/02/kisah-seorang-gigolo-bahagia-puaskan-sejumlah-wanita-sebulan-raih-untung-ratusan-juta-rupiah,No,Shocking content,Restricted ad serving,ca-pub-7784034061253020,77,2024-12-11,2024-12-16
belitung.tribunnews.com,Page,N/A,N/A,belitung.tribunnews.com/2022/06/06/istri-ketagihan-pria-brondong-digrebek-suami-saat-asik-intim-kaget-sampai-tak-sempat-kenakan-baju,Yes,Encouraging accidental clicks: Layout,Restricted ad serving,ca-pub-7784034061253020,77,2024-12-12,2024-12-17
belitung.tribunnews.com,Page,N/A,N/A,belitung.tribunnews.com/2018/04/30/adiknya-cerita-ke-ibu-diajari-kakak-lakukan-adegan-dewasa-lalu-direkam,No,Adult: Sexual content,Restricted ad serving,ca-pub-7784034061253020,77,2024-12-13,2024-12-17
belitung.tribunnews.com,Page,N/A,N/A,belitung.tribunnews.com/2017/12/21/miliki-mr-p-terbesar-di-dunia-dan-ingin-jadi-bintang-film-panas-ternyata-roberto-malah-derita-ini,No,Adult: Sexual content,Restricted ad serving,ca-pub-7784034061253020,77,2024-12-11,2024-12-17
bekasi.tribunnews.com,Page,N/A,N/A,bekasi.tribunnews.com/2022/07/30/koleksi-film-semi-korea-terbaru-2022-yang-paling-laris-ditonton-bikin-penonton-mupeng-hingga-baper,Yes,Ads Disguised as Content,Restricted ad serving,ca-pub-7784034061253020,77,2024-12-12,2024-12-17
wartakota.tribunnews.com,Page,N/A,N/A,wartakota.tribunnews.com/2024/02/26/pengobatan-alternatif-mak-erot-diminati-dari-kalangan-pejabat-hingga-artis-hanya-pakai-rempah,No,Google-served ads obscuring content,Restricted ad serving,ca-pub-7784034061253020,76,2024-12-11,2024-12-17
sultra.tribunnews.com,Page,N/A,N/A,sultra.tribunnews.com/2021/12/11/sosok-kienzy-myelin-dikaitkan-video-viral-32-detik-dijuluki-ratu-pargoy-dan-cewek-pemersatu-bangsa,No,Shocking content,Restricted ad serving,ca-pub-7784034061253020,76,2024-12-12,2024-12-17
pekanbaru.tribunnews.com,Page,N/A,N/A,pekanbaru.tribunnews.com/2021/05/22/apa-itu-capslock-caps-lock-arti-caps-lock-dalam-bahasa-gaul-kata-yang-sering-terdengar,Yes,Encouraging accidental clicks: Layout;Google-served ads obscuring content,Restricted ad serving,ca-pub-7784034061253020,76,2024-12-11,2024-12-17
pekanbaru.tribunnews.com,Page,N/A,N/A,pekanbaru.tribunnews.com/2021/03/31/yuk-nonton-nonton-film-secret-in-bed-with-my-boss-sub-indo-full-movie-download-film-romantis-2020,Yes,Ads Disguised as Content,Restricted ad serving,ca-pub-7784034061253020,76,2024-12-11,2024-12-17
m.tribunnews.com,Page,N/A,N/A,m.tribunnews.com/regional/2017/06/07/ritual-yang-harus-dijalani-pencari-pesugihan-di-gunung-kemukus-termasuk-seks-7-kali,No,Adult: Sexual content,Restricted ad serving,ca-pub-7784034061253020,76,2024-12-11,2024-12-16
kupang.tribunnews.com,Page,N/A,N/A,kupang.tribunnews.com/2014/08/18/tante-girang-yang-puas-akan-jadikan-brondong-sebagai-pacar,No,Adult: Sexual content,Restricted ad serving,ca-pub-7784034061253020,76,2024-12-11,2024-12-17
jogja.tribunnews.com,Page,N/A,N/A,jogja.tribunnews.com/2018/01/04/bisakah-hiv-menular-melalui-seks-oral-dan-ciuman-begini-penjelasannya,No,Adult: Sexual content;Shocking content,Restricted ad serving,ca-pub-7784034061253020,76,2024-12-12,2024-12-17
suryamalang.tribunnews.com,Page,N/A,N/A,suryamalang.tribunnews.com/2017/07/30/bodi-seksi-siswi-smp-bikin-hasrat-cowok-smk-meledak-kemudian-inilah-yang-terjadi-di-kamar-kos,No,Shocking content,Restricted ad serving,ca-pub-7784034061253020,75,2024-12-12,2024-12-16
palembang.tribunnews.com,Page,N/A,N/A,palembang.tribunnews.com/2018/04/08/begini-cara-mengobati-bisul-dan-langkah-langkah-membersihkannya-setelah-pecah-sampai-tuntas,No,Shocking content,Restricted ad serving,ca-pub-7784034061253020,75,2024-12-11,2024-12-17
jambi.tribunnews.com,Page,N/A,N/A,jambi.tribunnews.com/2018/07/07/ciri-ciri-fisik-yang-terlihat-pada-wanita-yang-nafsu-birahinya-tinggi?page=all,No,Adult: Sexual content,Restricted ad serving,ca-pub-7784034061253020,75,2024-12-12,2024-12-15
jabar.tribunnews.com,Page,N/A,N/A,jabar.tribunnews.com/2022/03/25/pengobatan-alat-vital-mak-erot-terpercaya-cigadog-cisolok-sukabumi-dan-pondok-gede-bekasi,Yes,Ads Disguised as Content,Restricted ad serving,ca-pub-7784034061253020,75,2024-12-11,2024-12-15
bali.tribunnews.com,Page,N/A,N/A,bali.tribunnews.com/2017/05/21/kisah-intim-nia-ketika-nikmat-menjadi-sengsara-hadapi-penis-jumbo-suami?page=all,No,Adult: Sexual content,Restricted ad serving,ca-pub-7784034061253020,75,2024-12-12,2024-12-17
bali.tribunnews.com,Page,N/A,N/A,bali.tribunnews.com/2017/02/18/ciri-wanita-hiperseks-suka-gonta-ganti-pasangan-dan-umbar-konten-porno,No,Adult: Sexual content,Restricted ad serving,ca-pub-7784034061253020,75,2024-12-11,2024-12-17
suryamalang.tribunnews.com,Page,N/A,N/A,suryamalang.tribunnews.com/2019/07/25/hotman-paris-beberkan-ciri-ciri-suami-yang-suka-jajan-di-luar-ada-jam-khusus-istri-boleh-tahu,No,Google-served ads obscuring content,Restricted ad serving,ca-pub-7784034061253020,74,2024-12-11,2024-12-16
style.tribunnews.com,Page,N/A,N/A,style.tribunnews.com/2017/06/26/lirik-lagu-brother-kodaline-malu-ungkapin-rasa-sayang-ke-saudara-kodein-aja-pakai-hits-baru-ini,Yes,Encouraging accidental clicks: Layout,Restricted ad serving,ca-pub-7784034061253020,74,2024-12-11,2024-12-17
m.tribunnews.com,Page,N/A,N/A,m.tribunnews.com/seleb/2017/10/24/hot-inilah-deretan-foto-foto-jadul-trio-azhari-yang-jarang-terpublikasikan-seksi-abis?page=all,Yes,Site Behavior: Navigation,Restricted ad serving,ca-pub-7784034061253020,74,2024-12-15,2024-12-17
m.tribunnews.com,Page,N/A,N/A,m.tribunnews.com/kesehatan/2013/02/06/ini-kata-mereka-yang-pernah-mengonsumsi-permen-karet-cinta?page=2,No,Adult: Sexual content,Restricted ad serving,ca-pub-7784034061253020,74,2024-12-11,2024-12-16
bangka.tribunnews.com,Page,N/A,N/A,bangka.tribunnews.com/2016/07/22/begini-caranya-membedakan-wanita-masih-perawan-atau-tidak,No,Adult: Sexual content,Restricted ad serving,ca-pub-7784034061253020,74,2024-12-11,2024-12-17
pontianak.tribunnews.com,Page,N/A,N/A,pontianak.tribunnews.com/2015/01/18/keajaiban-dunia-bayi-mirip-kodok,No,Shocking content,Restricted ad serving,ca-pub-7784034061253020,73,2024-12-17,2024-12-17
palembang.tribunnews.com,Page,N/A,N/A,palembang.tribunnews.com/21/12/2010/panda-lokal-jadi-buruan,No,Adult: Sexual content,Restricted ad serving,ca-pub-7784034061253020,73,2024-12-11,2024-12-15
m.tribunnews.com,Page,N/A,N/A,m.tribunnews.com/regional/2016/04/28/coba-cek-punya-lesung-ini-di-bawah-punggung-berarti-anda-spesial,No,Adult: Sexual content,Restricted ad serving,ca-pub-7784034061253020,73,2024-12-16,2024-12-16
m.tribunnews.com,Page,N/A,N/A,m.tribunnews.com/kesehatan/2021/07/16/manfaat-minyak-zaitun-untuk-pria-benarkah-bisa-memperbesar-alat-vital-ahli-beberkan-faktanya,No,Adult: Sexual content,Restricted ad serving,ca-pub-7784034061253020,73,2024-12-16,2024-12-16
kupang.tribunnews.com,Page,N/A,N/A,kupang.tribunnews.com/2018/02/06/tiga-hal-yang-diinginkan-pria-dari-wanita-saat-bersama-di-tempat-tidur,No,Adult: Sexual content,Restricted ad serving,ca-pub-7784034061253020,73,2024-12-11,2024-12-17
jambi.tribunnews.com,Page,N/A,N/A,jambi.tribunnews.com/2019/10/17/tak-pakai-busana-hingga-seluruh-dalaman-tubuhnya-kelihatan-foto-mirip-pamela-safitri-bikin-heboh?page=all,No,Adult: Sexual content,Restricted ad serving,ca-pub-7784034061253020,73,2024-12-12,2024-12-17
jabar.tribunnews.com,Page,N/A,N/A,jabar.tribunnews.com/2021/12/20/pengobatan-terpercaya-alat-vital-jakarta-h-muhammad-yusuf,No,Adult: Sexual content,Restricted ad serving,ca-pub-7784034061253020,73,2024-12-17,2024-12-17
belitung.tribunnews.com,Page,N/A,N/A,belitung.tribunnews.com/2018/05/03/ibu-ini-syok-pasang-kb-implan-di-lengan-awalnya-memar-pas-lepas-malah-berdarah-darah?page=3,No,Shocking content,Restricted ad serving,ca-pub-7784034061253020,73,2024-12-11,2024-12-15
belitung.tribunnews.com,Page,N/A,N/A,belitung.tribunnews.com/2018/01/24/lepas-hijab-unggah-foto-hampir-bugil-caption-artis-ini-bikin-netter-sebut-astaghfirullahaladzim,Yes,Site Behavior: Navigation,Restricted ad serving,ca-pub-7784034061253020,73,2024-12-15,2024-12-17
belitung.tribunnews.com,Page,N/A,N/A,belitung.tribunnews.com/2017/01/16/tiga-wanita-ini-dinobatkan-sebagai-pemilik-payudara-terindah-di-dunia,No,Adult: Sexual content,Restricted ad serving,ca-pub-7784034061253020,73,2024-12-16,2024-12-16
banjarmasin.tribunnews.com,Page,N/A,N/A,banjarmasin.tribunnews.com/2018/11/18/psk-banjarmasin-instal-aplikasi-ini-tawarkan-jasa-esek-esek-lengkap-dengan-tarif-dan-tempat-bercinta,No,Shocking content,Restricted ad serving,ca-pub-7784034061253020,73,2024-12-11,2024-12-17
bangka.tribunnews.com,Page,N/A,N/A,bangka.tribunnews.com/2021/11/12/tak-bisa-puaskan-istri-bolehkah-suami-gunakan-alat-ini-simak-solusinya-dari-buya-yahya,No,Adult: Sexual content,Restricted ad serving,ca-pub-7784034061253020,73,2024-12-15,2024-12-15
bali.tribunnews.com,Page,N/A,N/A,bali.tribunnews.com/2023/02/18/6-arti-mimpi-seks-mimpi-berhubungan-dengan-orang-asing-pertanda-kesepian-baca-lengkapnya-di-sini,No,Adult: Sexual content,Restricted ad serving,ca-pub-7784034061253020,73,2024-12-16,2024-12-16
bali.tribunnews.com,Page,N/A,N/A,bali.tribunnews.com/2021/12/14/ini-kronologi-lengkap-tante-sisca-dan-boris-terekam-sedang-berhubungan-suami-istri-di-ubud-bali,Yes,Ads Disguised as Content,Restricted ad serving,ca-pub-7784034061253020,73,2024-12-11,2024-12-16
www.tribunnews.com,Page,N/A,N/A,www.tribunnews.com/seleb/2017/09/15/7-bintang-film-porno-jepang-ini-pilih-tobat-begini-nasibnya-sekarang,No,Adult: Sexual content,Restricted ad serving,ca-pub-7784034061253020,72,2024-12-11,2024-12-17
www.tribunnews.com,Page,N/A,N/A,www.tribunnews.com/regional/2019/10/03/pria-ini-ajak-bersetubuh-adik-ipar-beraksi-saat-istri-sudah-tidur-hingga-ditemukan-alat-kontrasepsi,No,Adult: Sexual content,Restricted ad serving,ca-pub-7784034061253020,72,2024-12-12,2024-12-16
pantura.tribunnews.com,Page,N/A,N/A,pantura.tribunnews.com/2024/12/15/video-pengeroyokan-di-pantai-muarareja-tegal-viral-di-medsos-5-pelaku-sudah-diamankan-polisi,No,Shocking content,Restricted ad serving,ca-pub-7784034061253020,72,2024-12-15,2024-12-15
manado.tribunnews.com,Page,N/A,N/A,manado.tribunnews.com/2022/06/28/kecelakaan-maut-pukul-1430-wib-remaja-16-tahun-tewas-kepala-terbentur-saat-jatuh-dari-motor,No,Shocking content,Restricted ad serving,ca-pub-7784034061253020,72,2024-12-17,2024-12-17
makassar.tribunnews.com,Page,N/A,N/A,makassar.tribunnews.com/2020/07/19/aktif-ini-29-aplikasi-link-nonton-film-online-film-dewasa-drakor-download-film-bukan-indoxxi,Yes,Ads Disguised as Content,Restricted ad serving,ca-pub-7784034061253020,72,2024-12-11,2024-12-17
jambi.tribunnews.com,Page,N/A,N/A,jambi.tribunnews.com/2018/04/25/usir-sakit-kepala-dengan-pijatan-hanya-butuh-waktu-5-menit-lho,Yes,Site Behavior: Navigation,Restricted ad serving,ca-pub-7784034061253020,72,2024-12-11,2024-12-17
belitung.tribunnews.com,Page,N/A,N/A,belitung.tribunnews.com/2015/12/10/1400-tahun-terkubur-darah-beraroma-harum-mengalir-pada-jasad-sahabat-nabi,No,Shocking content,Restricted ad serving,ca-pub-7784034061253020,72,2024-12-17,2024-12-17
bangka.tribunnews.com,Page,N/A,N/A,bangka.tribunnews.com/2021/02/09/tanda-tanda-wanita-sedang-birahi-dan-mau-diajak-berhubungan-intim-dr-aisah-dahlan-jelaskan-ini,Yes,Ads Disguised as Content,Restricted ad serving,ca-pub-7784034061253020,72,2024-12-11,2024-12-16
pontianak.tribunnews.com,Page,N/A,N/A,pontianak.tribunnews.com/2018/06/05/9-artis-seksi-indonesia-yang-tampil-toples-di-film-berani-adegan-panas-sama-bule,No,Adult: Sexual content,Restricted ad serving,ca-pub-7784034061253020,71,2024-12-11,2024-12-17
pontianak.tribunnews.com,Page,N/A,N/A,pontianak.tribunnews.com/2018/02/12/kesepian-wanita-ini-ketergantungan-alat-bantu-seks-awalnya-geli-lalu-terasa-begini?page=all,No,Adult: Sexual content,Restricted ad serving,ca-pub-7784034061253020,71,2024-12-11,2024-12-16
kaltim.tribunnews.com,Page,N/A,N/A,kaltim.tribunnews.com/2016/02/12/banyak-abg-beli-kondom-petugas-apotek-sungkan-tanya-buat-apa,No,Adult: Sexual content,Restricted ad serving,ca-pub-7784034061253020,71,2024-12-12,2024-12-15
jogja.tribunnews.com,Page,N/A,N/A,jogja.tribunnews.com/2015/03/04/13-cm-adalah-ukuran-normal-alat-vital-lelaki,No,Adult: Sexual content,Restricted ad serving,ca-pub-7784034061253020,71,2024-12-11,2024-12-17
health.tribunnews.com,Page,N/A,N/A,health.tribunnews.com/2024/12/17/5-tips-atasi-bau-tak-sedap-pada-vagina-wanita-perlu-tau,No,Adult: Sexual content,Restricted ad serving,ca-pub-7784034061253020,71,2024-12-17,2024-12-17
bangka.tribunnews.com,Page,N/A,N/A,bangka.tribunnews.com/2021/11/19/cerita-2-psk-kerja-di-warung-ngaku-capek-layani-pria-hingga-tak-sengaja-main-dengan-tetangga,Yes,Encouraging accidental clicks: Layout;Google-served ads obscuring content,Restricted ad serving,ca-pub-7784034061253020,71,2024-12-11,2024-12-17
bali.tribunnews.com,Page,N/A,N/A,bali.tribunnews.com/2016/05/30/setelah-eno-tewas-dengan-cangkul-gadis-20-tahun-kembali-tewas-dengan-kondisi-tanpa-busana,Yes,Encouraging accidental clicks: Layout,Restricted ad serving,ca-pub-7784034061253020,71,2024-12-11,2024-12-17
wartakota.tribunnews.com,Page,N/A,N/A,wartakota.tribunnews.com/2022/11/09/penjelasan-polisi-terkait-video-porno-di-atas-sofa-benarkah-diperankan-selebgram-asal-bali,Yes,Ads Disguised as Content,Restricted ad serving,ca-pub-7784034061253020,70,2024-12-11,2024-12-17
mataram.tribunnews.com,Page,N/A,N/A,mataram.tribunnews.com/2020/02/05/cerita-kevin-pemuda-berkelamin-ganda-asal-tegal-tumbuh-sebagai-wanita-kini-berakhir-jadi-laki-laki,No,Shocking content,Restricted ad serving,ca-pub-7784034061253020,70,2024-12-11,2024-12-16
kupang.tribunnews.com,Page,N/A,N/A,kupang.tribunnews.com/2016/09/27/ssstt-lupa-matikan-kamera-video-gamer-cantik-ini-ketahuan-sedang-asik-sendiri,No,Shocking content,Restricted ad serving,ca-pub-7784034061253020,70,2024-12-11,2024-12-16
jambi.tribunnews.com,Page,N/A,N/A,jambi.tribunnews.com/2018/01/26/spa-khusus-laki-laki-di-bali-tawarkan-pijat-tak-terlupakan-segini-tarifnya?page=all,No,Adult: Sexual content,Restricted ad serving,ca-pub-7784034061253020,70,2024-12-11,2024-12-16
belitung.tribunnews.com,Page,N/A,N/A,belitung.tribunnews.com/2017/07/12/lihat-lima-tanda-fisik-ini-pada-wanita-konon-nafsu-birahinya-meletup-letup,No,Adult: Sexual content,Restricted ad serving,ca-pub-7784034061253020,70,2024-12-12,2024-12-16
belitung.tribunnews.com,Page,N/A,N/A,belitung.tribunnews.com/2016/04/28/dapat-jatah-dari-istri-tiap-malam-dua-putri-kandung-juga-diembat-begini-cara-ayah-merayu-putrinya,Yes,Google-served ads obscuring content;Modified Javascript: Ads by Google size,Restricted ad serving,ca-pub-7784034061253020,70,2024-12-17,2024-12-17
batam.tribunnews.com,Page,N/A,N/A,batam.tribunnews.com/2020/12/21/kisah-cinta-4-pasangan-pemeran-film-panas-terjebak-cinta-lokasi-hingga-menikah-ada-yang-punya-anak?page=all,No,Google-served ads obscuring content,Restricted ad serving,ca-pub-7784034061253020,70,2024-12-15,2024-12-17
bangka.tribunnews.com,Page,N/A,N/A,bangka.tribunnews.com/2018/01/09/main-film-porno-bareng-bocah-laki-laki-astaga-segini-bayaran-tante-intan-dan-imel?page=all,No,Adult: Sexual content,Restricted ad serving,ca-pub-7784034061253020,70,2024-12-11,2024-12-17
sumsel.tribunnews.com,Page,N/A,N/A,sumsel.tribunnews.com/2015/08/12/hilangkan-jerawat-batu-dengan-cara-ini,No,Shocking content,Restricted ad serving,ca-pub-7784034061253020,69,2024-12-17,2024-12-17
sultra.tribunnews.com,Page,N/A,N/A,sultra.tribunnews.com/2023/05/08/full-video-viral-2-menit-27-detik-kasir-minimarket-di-kendari-main-kuda-kudaan-link-videonya,Yes,Google-served ads on screens without publisher-content,Restricted ad serving,ca-pub-7784034061253020,69,2024-12-12,2024-12-17
style.tribunnews.com,Page,N/A,N/A,style.tribunnews.com/2017/04/06/bintang-film-dewasa-jepang-ini-rilis-akun-youtube-siap-ikut-miyabi-berkarir-di-jalan-yang-benar,No,Adult: Sexual content,Restricted ad serving,ca-pub-7784034061253020,69,2024-12-11,2024-12-17
medan.tribunnews.com,Page,N/A,N/A,medan.tribunnews.com/2020/10/03/berikut-5-jenis-parfum-pria-yang-disukai-wanita-bikin-gairah-dan-nyaman-di-dekatnya?page=all,No,Adult: Sexual content,Restricted ad serving,ca-pub-7784034061253020,69,2024-12-15,2024-12-15
jogja.tribunnews.com,Page,N/A,N/A,jogja.tribunnews.com/2016/08/31/suka-doggy-style-spooning-atau-standing-gaya-favorit-ternyata-ungkap-karaktermu?page=3,No,Adult: Sexual content,Restricted ad serving,ca-pub-7784034061253020,69,2024-12-12,2024-12-17
bogor.tribunnews.com,Page,N/A,N/A,bogor.tribunnews.com/2024/12/17/miris-seorang-ayah-tewas-dibunuh-anak-sendiri-secara-brutal-korban-sampai-15-kali-dibacok,No,Shocking content,Restricted ad serving,ca-pub-7784034061253020,69,2024-12-17,2024-12-17
bengkulu.tribunnews.com,Page,N/A,N/A,bengkulu.tribunnews.com/2024/12/15/kronologi-bocah-smp-diikat-disiksa-dan-telingat-disayat-oleh-bos-tambang-ilegal-di-boltim?page=2,No,Shocking content,Restricted ad serving,ca-pub-7784034061253020,69,2024-12-15,2024-12-15
belitung.tribunnews.com,Page,N/A,N/A,belitung.tribunnews.com/2021/11/11/bahan-ramuan-stamina-suami-kuat-di-ranjang-ada-di-dapur-khasiat-bumbu-ini-untuk-tahan-lama,No,Adult: Sexual content,Restricted ad serving,ca-pub-7784034061253020,69,2024-12-15,2024-12-15
bali.tribunnews.com,Page,N/A,N/A,bali.tribunnews.com/2017/04/14/heboh-video-gadis-18-tahun-di-bali-kencan-dengan-pria-bule-buka-baju-sampai-bersenggama,No,Adult: Sexual content,Restricted ad serving,ca-pub-7784034061253020,69,2024-12-11,2024-12-17
aceh.tribunnews.com,Page,N/A,N/A,aceh.tribunnews.com/2020/07/30/5-alasan-kenapa-wanita-suka-pria-gemuk,No,Google-served ads obscuring content,Restricted ad serving,ca-pub-7784034061253020,69,2024-12-11,2024-12-16
www.tribunnews.com,Page,N/A,N/A,www.tribunnews.com/kesehatan/2014/12/13/bibir-miss-v-yang-bergelambir-picu-keputihan-ini-cara-mengatasinya,No,Adult: Sexual content,Restricted ad serving,ca-pub-7784034061253020,68,2024-12-11,2024-12-16
www.tribunnews.com,Page,N/A,N/A,www.tribunnews.com/internasional/2017/08/10/10-negara-terkenal-dengan-destinasi-wisata-seksual-nomor-4-bikin-gigit-jari,No,Shocking content,Restricted ad serving,ca-pub-7784034061253020,68,2024-12-11,2024-12-17
www.tribunnews.com,Page,N/A,N/A,www.tribunnews.com/internasional/2017/01/22/pria-pemilik-organ-intim-terpanjang-dan-terbesar-ini-mengaku-tersiksa,No,Shocking content,Restricted ad serving,ca-pub-7784034061253020,68,2024-12-11,2024-12-17
wartakota.tribunnews.com,Page,N/A,N/A,wartakota.tribunnews.com/2019/11/10/penyebab-pria-sering-jajan-di-luar-rumah-diungkap-seorang-psk-layani-10-pria-selama-12-tahun,No,Adult: Sexual content,Restricted ad serving,ca-pub-7784034061253020,68,2024-12-11,2024-12-17
style.tribunnews.com,Page,N/A,N/A,style.tribunnews.com/2017/11/16/3-wanita-ini-raih-gelar-bintang-film-panas-terfavorit-av-open-2017-nggak-cari-kerja-yang-halal-aja?page=3,Yes,Site Behavior: Navigation,Restricted ad serving,ca-pub-7784034061253020,68,2024-12-11,2024-12-16
style.tribunnews.com,Page,N/A,N/A,style.tribunnews.com/2016/08/22/gaya-masturbasi-pria-hayo-kamu-biasanya-pakai-style-yang-mana?page=1,No,Adult: Sexual content,Restricted ad serving,ca-pub-7784034061253020,68,2024-12-13,2024-12-17
style.tribunnews.com,Page,N/A,N/A,style.tribunnews.com/2016/08/22/aksi-tanpa-busana-seleb-hollywood-9-bintang-ini-pernah-pamerkan-organ-intimnya-dalam-film?page=all,No,Adult: Sexual content,Restricted ad serving,ca-pub-7784034061253020,68,2024-12-12,2024-12-16
palembang.tribunnews.com,Page,N/A,N/A,palembang.tribunnews.com/2017/11/15/tragis-psk-ini-meninggal-dengan-kondisi-telanjang-usai-layani-tamu-penyebabnya-bikin-ngelus-dada,No,Shocking content,Restricted ad serving,ca-pub-7784034061253020,68,2024-12-12,2024-12-15
palembang.tribunnews.com,Page,N/A,N/A,palembang.tribunnews.com/2017/04/13/6-aplikasi-ini-tingkatkan-kualitas-bercinta-kembali-bersemangat,No,Adult: Sexual content,Restricted ad serving,ca-pub-7784034061253020,68,2024-12-11,2024-12-17
medan.tribunnews.com,Page,N/A,N/A,medan.tribunnews.com/2024/10/29/akhirnya-ngaku-juga-naufal-setubuhi-santriwati-usai-lukai-leher-korban-saya-rekam-videonya,No,Shocking content,Restricted ad serving,ca-pub-7784034061253020,68,2024-12-11,2024-12-16
m.tribunnews.com,Page,N/A,N/A,m.tribunnews.com/nasional/2017/10/26/tragis-pegawai-bni-siantar-tewas-dibegal-dengan-kepala-terseret-di-aspal-ini-5-fakta-kejadiannya,No,Shocking content,Restricted ad serving,ca-pub-7784034061253020,68,2024-12-14,2024-12-17
cirebon.tribunnews.com,Page,N/A,N/A,cirebon.tribunnews.com/2019/12/31/video-ganti-baju-shinta-bachir-sempat-menghebohkan-publik-begini-tanggapan-artis-cantik-itu,No,Shocking content,Restricted ad serving,ca-pub-7784034061253020,68,2024-12-11,2024-12-16
bogor.tribunnews.com,Page,N/A,N/A,bogor.tribunnews.com/penulis/damanhuri,No,Adult: Sexual content,Restricted ad serving,ca-pub-7784034061253020,68,2024-12-15,2024-12-15
belitung.tribunnews.com,Page,N/A,N/A,belitung.tribunnews.com/2017/01/01/wanita-cantik-ini-bercinta-dengan-anjing-dan-merekamnya-begini-cerita-lengkapnya?page=all,No,Adult: Sexual content,Restricted ad serving,ca-pub-7784034061253020,68,2024-12-12,2024-12-17
bangka.tribunnews.com,Page,N/A,N/A,bangka.tribunnews.com/2018/05/09/terbongkar-ini-3-alasan-mengapa-perempuan-jepang-ingin-jadi-aktris-film-dewasa,No,Adult: Sexual content,Restricted ad serving,ca-pub-7784034061253020,68,2024-12-16,2024-12-16
surabaya.tribunnews.com,Page,N/A,N/A,surabaya.tribunnews.com/tag/lamongan,No,Adult: Sexual content,Restricted ad serving,ca-pub-7784034061253020,67,2024-12-12,2024-12-17
sumsel.tribunnews.com,Page,N/A,N/A,sumsel.tribunnews.com/2015/11/10/video-pembantu-pergoki-majikan-berhubungan-dengan-sopir-pribadi,No,Adult: Sexual content,Restricted ad serving,ca-pub-7784034061253020,67,2024-12-11,2024-12-17
palembang.tribunnews.com,Page,N/A,N/A,palembang.tribunnews.com/2015/04/25/ini-manfaat-bercinta-di-kamar-mandi,No,Adult: Sexual content,Restricted ad serving,ca-pub-7784034061253020,67,2024-12-12,2024-12-17
medan.tribunnews.com,Page,N/A,N/A,medan.tribunnews.com/2021/10/04/penjaja-kenikmatan-tumbuh-subur-di-kabupaten-samosir-begini-modusnya-dalam-beraksi?page=all,No,Adult: Sexual content,Restricted ad serving,ca-pub-7784034061253020,67,2024-12-16,2024-12-16
jogja.tribunnews.com,Page,N/A,N/A,jogja.tribunnews.com/2013/05/02/bangsal-kelas-iii-rs-moewardi-kini-ber-ac,No,Adult: Sexual content,Restricted ad serving,ca-pub-7784034061253020,67,2024-12-16,2024-12-16
jambi.tribunnews.com,Page,N/A,N/A,jambi.tribunnews.com/2018/07/07/ciri-ciri-fisik-yang-terlihat-pada-wanita-yang-nafsu-birahinya-tinggi,No,Adult: Sexual content,Restricted ad serving,ca-pub-7784034061253020,67,2024-12-11,2024-12-15
bengkulu.tribunnews.com,Page,N/A,N/A,bengkulu.tribunnews.com/2024/12/15/kronologi-bocah-smp-diikat-disiksa-dan-telingat-disayat-oleh-bos-tambang-ilegal-di-boltim?page=3,No,Shocking content,Restricted ad serving,ca-pub-7784034061253020,67,2024-12-15,2024-12-15
bangka.tribunnews.com,Page,N/A,N/A,bangka.tribunnews.com/2017/11/09/reaksi-3-janda-cantik-saat-goyang-goyang-turun-naik-bikin-salah-fokus-pada-itunya,No,Shocking content,Restricted ad serving,ca-pub-7784034061253020,67,2024-12-11,2024-12-16
bangka.tribunnews.com,Page,N/A,N/A,bangka.tribunnews.com/2016/10/29/mengerikan-pria-ini-bunuh-diri-live-video-streaming-di-facebook-alasannya-bikin-miris,No,Shocking content,Restricted ad serving,ca-pub-7784034061253020,67,2024-12-13,2024-12-17
bangka.tribunnews.com,Page,N/A,N/A,bangka.tribunnews.com/2016/08/25/video-tiga-lesbi-ini-pertama-kali-pegang-burung-ini-yang-terjadi,No,Adult: Sexual content,Restricted ad serving,ca-pub-7784034061253020,67,2024-12-12,2024-12-15
aceh.tribunnews.com,Page,N/A,N/A,aceh.tribunnews.com/2021/06/10/lafazkan-doa-ini-agar-tahan-lama-di-ranjang-dibaca-sebelum-berhubungan-suami-istri?page=2,No,Adult: Sexual content,Restricted ad serving,ca-pub-7784034061253020,67,2024-12-15,2024-12-15
www.tribunnews.com,Page,N/A,N/A,www.tribunnews.com/regional/2018/01/19/bocah-sd-kelas-1-di-surabaya-yang-kecanduan-seks-sekarang-dilarang-pegang-handphone,No,Shocking content,Restricted ad serving,ca-pub-7784034061253020,66,2024-12-12,2024-12-17
www.tribunnews.com,Page,N/A,N/A,www.tribunnews.com/kesehatan/2017/04/17/meraih-orgasme-bersamaan-itu-nikmat-banget-anda-perlu-tahu-triknya,No,Adult: Sexual content,Restricted ad serving,ca-pub-7784034061253020,66,2024-12-13,2024-12-16
wartakota.tribunnews.com,Page,N/A,N/A,wartakota.tribunnews.com/2023/08/15/kumpulan-film-jepang-terbaru-2023-cocok-disaksikan-bagi-pasangan-yang-baru-menikah-khusus-dewasa?lgn_method=google&google_btn=onetap,No,Adult: Sexual content,Restricted ad serving,ca-pub-7784034061253020,66,2024-12-16,2024-12-16
wartakota.tribunnews.com,Page,N/A,N/A,wartakota.tribunnews.com/2023/04/08/psk-open-bo-michat-ini-akui-dapat-pelanggan-tetangga-sendiri-hingga-teman-nongkrong-segini-tarifnya,No,Adult: Sexual content,Restricted ad serving,ca-pub-7784034061253020,66,2024-12-15,2024-12-15
medan.tribunnews.com,Page,N/A,N/A,medan.tribunnews.com/2019/07/22/fakta-fakta-siswa-siswi-sma-sewa-kamar-kos-untuk-pesta-seks-ditemukan-tisu-dan-kondom-berserakan,No,Adult: Sexual content,Restricted ad serving,ca-pub-7784034061253020,66,2024-12-12,2024-12-17
m.tribunnews.com,Page,N/A,N/A,m.tribunnews.com/lifestyle/2017/12/19/11-negara-dengan-pria-tampan-dan-wanita-cantik-di-dunia-indonesia-masuk-nggak-ya,Yes,Site Behavior: Navigation,Restricted ad serving,ca-pub-7784034061253020,66,2024-12-11,2024-12-16
jambi.tribunnews.com,Page,N/A,N/A,jambi.tribunnews.com/2017/11/29/9-posisi-oral-seks-yang-membuat-pasangan-merem-melek-nomor-3-enak-dilakukan-di-sofa?page=all,No,Adult: Sexual content,Restricted ad serving,ca-pub-7784034061253020,66,2024-12-12,2024-12-17
bogor.tribunnews.com,Page,N/A,N/A,bogor.tribunnews.com/2016/06/30/ini-6-tanda-pasangan-anda-pernah-tidur-dengan-pria-lain-cukur-rambut-kemaluan-hingga-gaya-bercinta,No,Adult: Sexual content,Restricted ad serving,ca-pub-7784034061253020,66,2024-12-12,2024-12-17
belitung.tribunnews.com,Page,N/A,N/A,belitung.tribunnews.com/2017/10/10/tren-baru-sedang-populer-mempercantik-miss-v-suntik-lemak-di-organ-intim,No,Adult: Sexual content,Restricted ad serving,ca-pub-7784034061253020,66,2024-12-12,2024-12-17
banjarmasin.tribunnews.com,Page,N/A,N/A,banjarmasin.tribunnews.com/2020/12/30/durasi-asli-video-syur-gisella-anastasia-dan-myd-disorot-ahli-gak-cuma-19-detik,Yes,Ads Disguised as Content,Restricted ad serving,ca-pub-7784034061253020,66,2024-12-11,2024-12-17
bangka.tribunnews.com,Page,N/A,N/A,bangka.tribunnews.com/2020/01/02/satu-bungkus-rokok-ada-yang-harga-rp-50-ribu-ini-daftar-lengkap-harga-semua-merek-rokok,No,Tobacco,Restricted ad serving,ca-pub-7784034061253020,66,2024-12-12,2024-12-17
aceh.tribunnews.com,Page,N/A,N/A,aceh.tribunnews.com/2022/01/19/sosok-wanita-di-balik-video-syur-mirip-nagita-slavina-ternyata-bintang-situs-dewasa-inisial-mk,Yes,Ads Disguised as Content,Restricted ad serving,ca-pub-7784034061253020,66,2024-12-15,2024-12-17
www.tribunnews.com,Page,N/A,N/A,www.tribunnews.com/bisnis/2020/09/23/pertamina-lubricants-kuasai-58-persen-market-share-pasar-pelumas,No,Google-served ads obscuring content,Restricted ad serving,ca-pub-7784034061253020,65,2024-12-16,2024-12-16
video.tribunnews.com,Page,N/A,N/A,video.tribunnews.com/view/75773/remaja-di-atambua-datang-dan-bunuh-sang-ibu-saat-acara-keluarga-kemudian-menikam-5-anggota-lainnya,No,Shocking content,Restricted ad serving,ca-pub-7784034061253020,65,2024-12-17,2024-12-17
trends.tribunnews.com,Page,N/A,N/A,trends.tribunnews.com/2023/02/03/beda-banget-artis-cilik-mantan-lenong-bocah-ini-sekarang-sudah-dewasa-intip-foto-fotonya?page=all,No,Shocking content,Restricted ad serving,ca-pub-7784034061253020,65,2024-12-15,2024-12-15
m.tribunnews.com,Page,N/A,N/A,m.tribunnews.com/regional/2024/12/03/kronologis-suami-di-pangkalpinang-bunuh-istri-dan-anak-pelaku-main-judi-online-dan-tenggak-racun?page=2,No,Adult: Sexual content,Restricted ad serving,ca-pub-7784034061253020,65,2024-12-16,2024-12-16
jateng.tribunnews.com,Page,N/A,N/A,jateng.tribunnews.com/2021/12/14/jadi-agen-brilink-modal-nuke-meningkat-700-persen-dalam-tiga-tahun,No,Adult: Sexual content,Restricted ad serving,ca-pub-7784034061253020,65,2024-12-16,2024-12-16
jateng.tribunnews.com,Page,N/A,N/A,jateng.tribunnews.com/2018/05/29/viral-video-syur-diduga-milik-aryo-djojohadikusumo-keponakan-prabowo-inilah-sosoknya?page=2,No,Adult: Sexual content,Restricted ad serving,ca-pub-7784034061253020,65,2024-12-16,2024-12-16
jambi.tribunnews.com,Page,N/A,N/A,jambi.tribunnews.com/2019/11/22/lima-wanita-cantik-bintang-film-dewasa-terfavorit-nomor-4-pemeran-terbaik-adegan-sesama-jenis?page=2,No,Adult: Sexual content,Restricted ad serving,ca-pub-7784034061253020,65,2024-12-13,2024-12-17
jambi.tribunnews.com,Page,N/A,N/A,jambi.tribunnews.com/2016/07/17/4-tindakan-orangtua-saat-mengetahui-anaknya-sudah-tidak-perawan-nomor-3-jarang-dilakukan,No,Shocking content,Restricted ad serving,ca-pub-7784034061253020,65,2024-12-11,2024-12-15
bogor.tribunnews.com,Page,N/A,N/A,bogor.tribunnews.com/2023/10/23/isak-tangis-ibu-di-megamendung-bogor-masa-depan-anaknya-hancur-oleh-nafsu-bejat-ayah-kandung,No,Adult: Sexual content,Restricted ad serving,ca-pub-7784034061253020,65,2024-12-17,2024-12-17
bangka.tribunnews.com,Page,N/A,N/A,bangka.tribunnews.com/2017/12/11/kok-bisa-pacar-saya-memperkosa-ketika-dia-sedang-tidur,No,Adult: Sexual content,Restricted ad serving,ca-pub-7784034061253020,65,2024-12-11,2024-12-16
www.tribunnews.com,Page,N/A,N/A,www.tribunnews.com/parapuan/2021/12/28/menggigit-bibir-pasangan-dan-6-cara-romantis-melakukan-french-kiss,No,Adult: Sexual content,Restricted ad serving,ca-pub-7784034061253020,64,2024-12-15,2024-12-15
wartakota.tribunnews.com,Page,N/A,N/A,wartakota.tribunnews.com/index.php2021/01/30/bintang-film-dewasa-tertua-di-dunia-shigeo-tokuda-kini-berusia-86-tahun-bagikan-resah-kuatnya?jxrecoid=345be2de-7532-40b7-9791-a6a3017d1ad1~mix_tribunnews?source=widgetArtikelRekomendasi&engine=JXA,No,Adult: Sexual content,Restricted ad serving,ca-pub-7784034061253020,64,2024-12-15,2024-12-15
wartakota.tribunnews.com,Page,N/A,N/A,wartakota.tribunnews.com/2024/12/02/ngadu-ke-pacar-sedang-hamil-mahasiswi-di-madura-malah-dibunuh-dan-dibakar-begini-kronologinya?page=2,No,Shocking content,Restricted ad serving,ca-pub-7784034061253020,64,2024-12-16,2024-12-16
palembang.tribunnews.com,Page,N/A,N/A,palembang.tribunnews.com/2017/11/12/menyesal-pernah-bugil-dan-lakukan-adegal-panas-di-film-6-artis-ini-minta-maaf?page=4,No,Adult: Sexual content,Restricted ad serving,ca-pub-7784034061253020,64,2024-12-15,2024-12-17
medan.tribunnews.com,Page,N/A,N/A,medan.tribunnews.com/2022/05/17/pernah-tersandung-skandal-luna-maya-sempat-menangis-ceritakan-soal-video-panas-dengan-ariel-noah,Yes,Ads Disguised as Content,Restricted ad serving,ca-pub-7784034061253020,64,2024-12-11,2024-12-17
makassar.tribunnews.com,Page,N/A,N/A,makassar.tribunnews.com/2015/10/03/betulkah-wanita-berbokong-besar-karena-doyan-hubungan-badan-baca,No,Adult: Sexual content,Restricted ad serving,ca-pub-7784034061253020,64,2024-12-11,2024-12-17
madura.tribunnews.com,Page,N/A,N/A,madura.tribunnews.com/2023/07/05/daftar-harga-rokok-filter-di-indomaret-l-a-rokok-filter-ice-purple-rp-30-ribu-clas-mild-rp-21-ribu?page=3,No,Tobacco,Restricted ad serving,ca-pub-7784034061253020,64,2024-12-15,2024-12-15
lampung.tribunnews.com,Page,N/A,N/A,lampung.tribunnews.com/2017/12/15/nafa-urbach-buka-bukaan-gaya-bercinta-saat-pacaran-dan-malam-pertamanya,Yes,Ads Disguised as Content,Restricted ad serving,ca-pub-7784034061253020,64,2024-12-13,2024-12-17
kupang.tribunnews.com,Page,N/A,N/A,kupang.tribunnews.com/2020/03/31/heboh-video-mesum-mirip-soraya-rasyid-beredar-presenter-uang-kaget-ini-bikin-pengakuan-benarkah,No,Google-served ads obscuring content,Restricted ad serving,ca-pub-7784034061253020,64,2024-12-12,2024-12-17
jatim.tribunnews.com,Page,N/A,N/A,jatim.tribunnews.com/2017/12/07/25-lukisan-fenomenal-yang-tunjukkan-kehidupan-milenial-zaman-ini-mana-yang-paling-bener?page=all,No,Shocking content,Restricted ad serving,ca-pub-7784034061253020,64,2024-12-16,2024-12-16
jateng.tribunnews.com,Page,N/A,N/A,jateng.tribunnews.com/2024/12/10/terikat-dan-mulut-berdarah-begini-kondisi-bocah-9-tahun-di-pemalang-ditemukan-tewas-di-dalam-karung,No,Shocking content,Restricted ad serving,ca-pub-7784034061253020,64,2024-12-16,2024-12-16
jateng.tribunnews.com,Page,N/A,N/A,jateng.tribunnews.com/2016/04/28/video-wanita-cantik-ini-tak-sengaja-perlihatkan-bagian-vitalnya-saat-live-streaming,No,Adult: Sexual content,Restricted ad serving,ca-pub-7784034061253020,64,2024-12-12,2024-12-16
jambi.tribunnews.com,Page,N/A,N/A,jambi.tribunnews.com/2019/07/19/larang-siswanya-pakai-celana-dalam-dan-wajib-pakai-rok-mini-sma-di-jepang-wanitanya-terkenal-vulgar,No,Adult: Sexual content,Restricted ad serving,ca-pub-7784034061253020,64,2024-12-12,2024-12-15
belitung.tribunnews.com,Page,N/A,N/A,belitung.tribunnews.com/2021/11/26/cupi-cupita-mengaku-lemas-di-malam-pertama-maunya-langsung-bobok-sempat-takut-sakit,Yes,Ads Disguised as Content,Restricted ad serving,ca-pub-7784034061253020,64,2024-12-12,2024-12-16
belitung.tribunnews.com,Page,N/A,N/A,belitung.tribunnews.com/2018/01/20/cowok-smp-begituan-bareng-cewek-smk-rekamannya-di-luar-sekolah,No,Adult: Sexual content,Restricted ad serving,ca-pub-7784034061253020,64,2024-12-11,2024-12-15
bangka.tribunnews.com,Page,N/A,N/A,bangka.tribunnews.com/2022/04/28/link-video-chandrika-chika-bikin-heboh-satu-indonesia-jangan-asal-klik-kalau-enggak-mau-kena-ini,Yes,Ads Disguised as Content,Restricted ad serving,ca-pub-7784034061253020,64,2024-12-11,2024-12-17
bangka.tribunnews.com,Page,N/A,N/A,bangka.tribunnews.com/2020/11/07/kisah-nyata-pengakuan-istri-selingkuh-berkali-kali-berhubungan-intim-begini-cara-menangkal-pelet,Yes,Ads Disguised as Content,Restricted ad serving,ca-pub-7784034061253020,64,2024-12-11,2024-12-17
bangka.tribunnews.com,Page,N/A,N/A,bangka.tribunnews.com/2019/09/19/berniat-tahan-lama-dalam-berhubungan-intim-belasan-pria-di-sumedang-tumbang-usai-minum-kopi-ini,No,Adult: Sexual content,Restricted ad serving,ca-pub-7784034061253020,64,2024-12-11,2024-12-15
bangka.tribunnews.com,Page,N/A,N/A,bangka.tribunnews.com/2018/02/17/14-kelainan-fisik-anak-akibat-pernikahan-sedarah-kepala-memanjang-hingga-jari-jari-tangan-menyatu,Yes,Site Behavior: Navigation,Restricted ad serving,ca-pub-7784034061253020,64,2024-12-11,2024-12-17
bangka.tribunnews.com,Page,N/A,N/A,bangka.tribunnews.com/2017/02/22/ulah-konyol-anak-kos-intip-mahasiswi-telanjang-di-kamar-mandi-lewat-lobang-pintu,No,Adult: Sexual content,Restricted ad serving,ca-pub-7784034061253020,64,2024-12-11,2024-12-17
wartakota.tribunnews.com,Page,N/A,N/A,wartakota.tribunnews.com/2020/11/07/warganet-buru-link-video-full-gisel-di-telegram-disebut-pemersatu-bangsa-masih-trending-di-twitter,Yes,Ads Disguised as Content,Restricted ad serving,ca-pub-7784034061253020,63,2024-12-11,2024-12-17
palembang.tribunnews.com,Page,N/A,N/A,palembang.tribunnews.com/2021/02/22/wajib-tahu-apa-itu-bokep?page=all,No,Adult: Sexual content,Restricted ad serving,ca-pub-7784034061253020,63,2024-12-16,2024-12-16
makassar.tribunnews.com,Page,N/A,N/A,makassar.tribunnews.com/2015/04/09/sebelumnya-rebutan-cowok-siswi-sma-berkelahi-lagi,No,Shocking content,Restricted ad serving,ca-pub-7784034061253020,63,2024-12-11,2024-12-17
m.tribunnews.com,Page,N/A,N/A,m.tribunnews.com/pendidikan/2024/05/27/biaya-kuliah-kedokteran-uny-2024-ukt-tertinggi-rp-30-juta-ipi-paling-tinggi-rp-250-juta,No,Adult: Sexual content,Restricted ad serving,ca-pub-7784034061253020,63,2024-12-15,2024-12-15
kupang.tribunnews.com,Page,N/A,N/A,kupang.tribunnews.com/2017/07/24/jin-sangat-menyukai-wanita-telanjang-begini-tandanya,No,Adult: Sexual content;Shocking content,Restricted ad serving,ca-pub-7784034061253020,63,2024-12-16,2024-12-16
jateng.tribunnews.com,Page,N/A,N/A,jateng.tribunnews.com/2016/08/10/inilah-8-artis-janda-hot-ini-paling-diinginkan-para-lelaki-siapa-saja-mereka,No,Adult: Sexual content,Restricted ad serving,ca-pub-7784034061253020,63,2024-12-15,2024-12-15
jambi.tribunnews.com,Page,N/A,N/A,jambi.tribunnews.com/2018/06/13/4-film-dengan-adegan-ranjang-terpanas-sepanjang-sejarah-benar-benar-seperti-nyata,No,Adult: Sexual content,Restricted ad serving,ca-pub-7784034061253020,63,2024-12-14,2024-12-17
bangka.tribunnews.com,Page,N/A,N/A,bangka.tribunnews.com/2021/12/30/terungkap-mengapa-suami-suka-lihat-istri-tanpa-busana-begini-penjelasan-dari-dr-aisah-dahlan,Yes,Ads Disguised as Content,Restricted ad serving,ca-pub-7784034061253020,63,2024-12-11,2024-12-16
pontianak.tribunnews.com,Page,N/A,N/A,pontianak.tribunnews.com/2018/09/02/ditanya-soal-kasus-video-mesum-dengan-ariel-noah-luna-maya-jalani-seperti-roller-coaster,No,Adult: Sexual content,Restricted ad serving,ca-pub-7784034061253020,62,2024-12-11,2024-12-16
palembang.tribunnews.com,Page,N/A,N/A,palembang.tribunnews.com/2021/07/08/serupa-tapi-tak-sama-ternyata-arti-amal-dan-ibadah-itu-punya-perbedaan-makna-begini-penjelasannya,Yes,Encouraging accidental clicks: Layout;Google-served ads obscuring content,Restricted ad serving,ca-pub-7784034061253020,62,2024-12-11,2024-12-16
makassar.tribunnews.com,Page,N/A,N/A,makassar.tribunnews.com/2020/08/21/5-fakta-skandal-video-syur-mirip-adhisty-zara-zaki-pohan-reaksi-keluarga-hingga-hilang-di-medsos,Yes,Ads Disguised as Content,Restricted ad serving,ca-pub-7784034061253020,62,2024-12-11,2024-12-15
makassar.tribunnews.com,Page,N/A,N/A,makassar.tribunnews.com/2017/12/13/6-cara-tahu-wanita-tak-perawan-nomor-1-hidung-nomor-2-mata-nomor-5-telapak-tangan?page=3,Yes,Mislabeled Ads,Restricted ad serving,ca-pub-7784034061253020,62,2024-12-11,2024-12-16
m.tribunnews.com,Page,N/A,N/A,m.tribunnews.com/lifestyle/2020/06/17/10-ciri-ciri-wanita-yang-memiliki-gairah-seksual-tinggi,No,Adult: Sexual content,Restricted ad serving,ca-pub-7784034061253020,62,2024-12-15,2024-12-15
m.tribunnews.com,Page,N/A,N/A,m.tribunnews.com/kesehatan/2016/08/03/enam-ciri-ciri-istri-ingin-berhubungan-intim-yang-jarang-diketahui-suami,No,Adult: Sexual content,Restricted ad serving,ca-pub-7784034061253020,62,2024-12-11,2024-12-17
m.tribunnews.com,Page,N/A,N/A,m.tribunnews.com/images/model/view/493852/baby-margaretha,No,Adult: Sexual content,Restricted ad serving,ca-pub-7784034061253020,62,2024-12-11,2024-12-17
jabar.tribunnews.com,Page,N/A,N/A,jabar.tribunnews.com/2018/11/23/10-fakta-video-mesum-siswi-sma-karawang-dari-direkam-di-hotel-hingga-korban-merupakan-mojang,No,Adult: Sexual content,Restricted ad serving,ca-pub-7784034061253020,62,2024-12-13,2024-12-17
belitung.tribunnews.com,Page,N/A,N/A,belitung.tribunnews.com/2018/10/11/jenis-layanan-seksual-soft-dan-hard-swinger-ini-terbongkar-di-surabaya,No,Adult: Sexual content,Restricted ad serving,ca-pub-7784034061253020,62,2024-12-11,2024-12-17
batam.tribunnews.com,Page,N/A,N/A,batam.tribunnews.com/2021/04/26/berikut-ini-ciri-ciri-kaum-hawa-yang-super-aktif-soal-urusan-ranjang-benar-atau-mitos,No,Adult: Sexual content,Restricted ad serving,ca-pub-7784034061253020,62,2024-12-15,2024-12-15
bangka.tribunnews.com,Page,N/A,N/A,bangka.tribunnews.com/2021/12/07/ditonton-34-juta-kali-video-15-detik-maria-vania-di-atas-ranjang-viral-tiap-hari-lakukan-hal-ini,Yes,Ads Disguised as Content,Restricted ad serving,ca-pub-7784034061253020,62,2024-12-12,2024-12-17
bangka.tribunnews.com,Page,N/A,N/A,bangka.tribunnews.com/2020/12/07/tak-disangka-aktor-aktor-ini-disebut-lakukan-adegan-panas-sungguhan-di-film-ada-robert-pattinson,Yes,Ads Disguised as Content,Restricted ad serving,ca-pub-7784034061253020,62,2024-12-12,2024-12-17
bali.tribunnews.com,Page,N/A,N/A,bali.tribunnews.com/2017/10/24/anggota-komunitas-telanjang-ini-sebut-10-tempat-di-seminyak-sebagai-surganya-kaum-tanpa-busana,No,Google-served ads obscuring content,Restricted ad serving,ca-pub-7784034061253020,62,2024-12-11,2024-12-17
aceh.tribunnews.com,Page,N/A,N/A,aceh.tribunnews.com/tag/cowo-kenakan-jilbab-untuk-buat-mesum,Yes,Google-served ads on screens without publisher-content,Restricted ad serving,ca-pub-7784034061253020,62,2024-12-11,2024-12-17
www.tribunnewswiki.com,Page,N/A,N/A,www.tribunnewswiki.com/2020/11/09/bikin-film-tak-senonoh-di-taman-nasional-4-bintang-film-dewasa-terancam-tuntutan-hukum,Yes,Encouraging accidental clicks: Layout,Restricted ad serving,ca-pub-7784034061253020,61,2024-12-11,2024-12-15
sultra.tribunnews.com,Page,N/A,N/A,sultra.tribunnews.com/2021/12/30/video-panas-53-detik-diduga-guru-dan-murid-viral-di-twitter-dan-tiktok-warganet-heboh-cari-link,No,Adult: Sexual content,Restricted ad serving,ca-pub-7784034061253020,61,2024-12-15,2024-12-15
pontianak.tribunnews.com,Page,N/A,N/A,pontianak.tribunnews.com/2018/01/28/inilah-7-ciri-wanita-kecanduan-masturbasi-7-persen-cewek-melakukannya-setiap-hari?page=3,No,Adult: Sexual content,Restricted ad serving,ca-pub-7784034061253020,61,2024-12-12,2024-12-17
bogor.tribunnews.com,Page,N/A,N/A,bogor.tribunnews.com/2024/03/22/arti-mimpi-diperkosa-menurut-primbon-jawa-pertanda-akan-ada-masalah-dengan-bisnismu,Yes,Google-served ads obscuring content;Modified Javascript: Ads by Google size,Restricted ad serving,ca-pub-7784034061253020,61,2024-12-12,2024-12-16
bekasi.tribunnews.com,Page,N/A,N/A,bekasi.tribunnews.com/2022/07/26/film-semi-korea-terbaik-2022-terbaru-dan-bikin-deg-degan-laris-ditonton-pasangan-yang-baru-menikah,Yes,Ads Disguised as Content,Restricted ad serving,ca-pub-7784034061253020,61,2024-12-13,2024-12-16
batam.tribunnews.com,Page,N/A,N/A,batam.tribunnews.com/2017/07/28/cantik-dan-rupawan-wanita-tercanggih-ini-bakal-manjain-pemiliknya,Yes,Adult: Sexual content;Site Behavior: Navigation,Restricted ad serving,ca-pub-7784034061253020,61,2024-12-11,2024-12-16
bangka.tribunnews.com,Page,N/A,N/A,bangka.tribunnews.com/2020/01/13/saat-suaminya-lagi-tidur-istri-bercinta-dengan-pria-lain-di-sebelah-ranjangnya-endingnya-sakit,No,Adult: Sexual content,Restricted ad serving,ca-pub-7784034061253020,61,2024-12-12,2024-12-17
aceh.tribunnews.com,Page,N/A,N/A,aceh.tribunnews.com/2024/12/16/cocok-untuk-suami-istri-ini-manfaat-luar-biasa-daun-kemangi?page=2,No,Adult: Sexual content,Restricted ad serving,ca-pub-7784034061253020,61,2024-12-16,2024-12-16
aceh.tribunnews.com,Page,N/A,N/A,aceh.tribunnews.com/2022/10/11/beredar-video-sejoli-diduga-berbuat-mesum-dalam-tenda-di-gunung-salak-ini-kata-pengelola,Yes,Ads Disguised as Content,Restricted ad serving,ca-pub-7784034061253020,61,2024-12-11,2024-12-16
www.tribunnews.com,Page,N/A,N/A,www.tribunnews.com/regional/2024/12/01/kronologis-guru-pppk-ditemukan-tewas-di-kampar-riau-kondisi-jasad-terbakar-diduga-korban-pembunuhan,No,Shocking content,Restricted ad serving,ca-pub-7784034061253020,60,2024-12-16,2024-12-16
www.tribunnews.com,Page,N/A,N/A,www.tribunnews.com/internasional/2017/12/05/cerita-seorang-janda-kaya-dan-cantik-yang-bangga-sudah-tiduri-100-pria-beristri,No,Adult: Sexual content,Restricted ad serving,ca-pub-7784034061253020,60,2024-12-11,2024-12-17
wartakota.tribunnews.com,Page,N/A,N/A,wartakota.tribunnews.com/2020/02/27/kisah-wanita-berhubungan-badan-dengan-2000-pria-pecahkan-rekor-ingin-dipatahkan-bintang-film-dewasa,No,Adult: Sexual content,Restricted ad serving,ca-pub-7784034061253020,60,2024-12-15,2024-12-15
medan.tribunnews.com,Page,N/A,N/A,medan.tribunnews.com/2021/01/30/tokuda-kakek-sugiono-cari-enaknya-maunya-gadis-muda-ogah-tiduri-nenek-nenek-aku-kurang-semangat?page=all,No,Adult: Sexual content,Restricted ad serving,ca-pub-7784034061253020,60,2024-12-16,2024-12-16
medan.tribunnews.com,Page,N/A,N/A,medan.tribunnews.com/2017/05/21/kisah-intim-nia-nikmat-membawa-sengsara-imbas-ladeni-penis-jumbo-suami,No,Adult: Sexual content,Restricted ad serving,ca-pub-7784034061253020,60,2024-12-11,2024-12-17
makassar.tribunnews.com,Page,N/A,N/A,makassar.tribunnews.com/2020/06/30/23-link-nonton-online-streaming-film-dewasa-dan-film-anak-film-india-drama-korea-serial-barat,Yes,Ads Disguised as Content,Restricted ad serving,ca-pub-7784034061253020,60,2024-12-11,2024-12-16
kupang.tribunnews.com,Page,N/A,N/A,kupang.tribunnews.com/2020/05/08/inilah-10-bagian-tubuh-wanita-yang-ingin-disentuh-mulai-dari-leher-bibir-hingga-payudara,No,Adult: Sexual content,Restricted ad serving,ca-pub-7784034061253020,60,2024-12-11,2024-12-17
jogja.tribunnews.com,Page,N/A,N/A,jogja.tribunnews.com/2017/07/11/boneka-seks-ini-diklaim-paling-mirip-manusia-bisa-dipesan-sesuai-keinginan,No,Adult: Sexual content,Restricted ad serving,ca-pub-7784034061253020,60,2024-12-11,2024-12-17
jatim.tribunnews.com,Page,N/A,N/A,jatim.tribunnews.com/2018/01/04/banyak-diburu-netizen-video-panas-tante-tante-dengan-bocah-adegannya-tak-pantas-dilihat-anak-kecil,No,Shocking content,Restricted ad serving,ca-pub-7784034061253020,60,2024-12-11,2024-12-16
jateng.tribunnews.com,Page,N/A,N/A,jateng.tribunnews.com/2024/02/28/segini-tarif-harga-terapi-alat-vital-di-h-saepudin-cucu-mak-erot?page=2,No,Adult: Sexual content,Restricted ad serving,ca-pub-7784034061253020,60,2024-12-15,2024-12-15
jabar.tribunnews.com,Page,N/A,N/A,jabar.tribunnews.com/2017/11/11/bahaya-cara-baru-bikin-vape-menggunakan-fitting-lampu-cairannya-pakai-minyak-kayu-putih,No,Tobacco,Restricted ad serving,ca-pub-7784034061253020,60,2024-12-11,2024-12-16
aceh.tribunnews.com,Page,N/A,N/A,aceh.tribunnews.com/2024/04/10/30-link-twibbon-idul-fitri-2024-langsung-pasang-foto-dan-kirim-sebagai-ucapan-selamat-idul-fitri?source=kgnotif_1,No,Adult: Sexual content,Restricted ad serving,ca-pub-7784034061253020,60,2024-12-17,2024-12-17
www.tribunnews.com,Page,N/A,N/A,www.tribunnews.com/nasional/2023/02/12/aturan-toilet-di-tempat-kerja-penempatan-perlengkapan-hingga-ukuran,No,Shocking content,Restricted ad serving,ca-pub-7784034061253020,59,2024-12-16,2024-12-16
wartakota.tribunnews.com,Page,N/A,N/A,wartakota.tribunnews.com/2019/04/12/polisi-jelaskan-cara-pelaku-menyimpan-kepala-korban-guru-honorer-yang-dimutilasi,No,Shocking content,Restricted ad serving,ca-pub-7784034061253020,59,2024-12-15,2024-12-15
wartakota.tribunnews.com,Page,N/A,N/A,wartakota.tribunnews.com/2014/04/12/inilah-ukuran-normal-mr-p-saat-ereksi,No,Adult: Sexual content,Restricted ad serving,ca-pub-7784034061253020,59,2024-12-11,2024-12-16
sultra.tribunnews.com,Page,N/A,N/A,sultra.tribunnews.com/2023/09/15/judul-film-kelas-bintang-yang-viral-keramat-tunggak-mimi-cucu-inem-serabi-lempit-pelakor?page=all,No,Adult: Sexual content,Restricted ad serving,ca-pub-7784034061253020,59,2024-12-15,2024-12-15
style.tribunnews.com,Page,N/A,N/A,style.tribunnews.com/2018/04/07/moosejaw-x-ray-aplikasi-tembus-pandang-untuk-melihat-pakaian-dalam-wanita-beneran-ada,No,Adult: Sexual content,Restricted ad serving,ca-pub-7784034061253020,59,2024-12-11,2024-12-16
palembang.tribunnews.com,Page,N/A,N/A,palembang.tribunnews.com/2018/01/17/bukan-cuma-olivia-artis-porno-jepang-ini-meninggal-lebih-tragis-dipaksa-adegan-intim-ini-ngeri,No,Adult: Sexual content,Restricted ad serving,ca-pub-7784034061253020,59,2024-12-12,2024-12-16
medan.tribunnews.com,Page,N/A,N/A,medan.tribunnews.com/2024/05/07/anda-lemah-syahwat-dr-zaidul-akbar-ungkap-rahasia-obat-herbal-keperkasaan-di-ranjang?page=all,No,Adult: Sexual content,Restricted ad serving,ca-pub-7784034061253020,59,2024-12-15,2024-12-15
makassar.tribunnews.com,Page,N/A,N/A,makassar.tribunnews.com/2020/07/12/ceplos-nikita-mirzani-cerita-pengalaman-tak-puas-di-ranjang-sebut-vicky-nitinegoro-paling-cepat,Yes,Ads Disguised as Content,Restricted ad serving,ca-pub-7784034061253020,59,2024-12-12,2024-12-17
makassar.tribunnews.com,Page,N/A,N/A,makassar.tribunnews.com/2020/07/06/ciri-ciri-wanita-tidak-perawan-lihat-6-bentuk-fisiknya?lgn_method=google&google_btn=onetap,No,Adult: Sexual content,Restricted ad serving,ca-pub-7784034061253020,59,2024-12-17,2024-12-17
jambi.tribunnews.com,Page,N/A,N/A,jambi.tribunnews.com/2018/04/29/kelihatan-inilah-ciri-wanita-yang-sering-memuaskan-diri-sendiri-bahayanya-bakal-sakit-seperti-ini?page=all,No,Adult: Sexual content,Restricted ad serving,ca-pub-7784034061253020,59,2024-12-12,2024-12-17
bangka.tribunnews.com,Page,N/A,N/A,bangka.tribunnews.com/2020/12/07/arti-wahdaniyah-sifat-wajib-allah-swt-yang-disebut-dalam-al-quran-surat-al-anbiya-ayat-22,No,Google-served ads obscuring content,Restricted ad serving,ca-pub-7784034061253020,59,2024-12-11,2024-12-17
www.tribunnews.com,Page,N/A,N/A,www.tribunnews.com/kesehatan/2013/02/06/permen-karet-cinta-bangkitkan-hasrat-seksual-dalam-20-menit,No,Adult: Sexual content,Restricted ad serving,ca-pub-7784034061253020,58,2024-12-11,2024-12-16
wartakota.tribunnews.com,Page,N/A,N/A,wartakota.tribunnews.com/2020/03/30/lima-fakta-maria-vania-presenter-dan-model-seksi-yang-sering-dijuluki-pemersatu-bangsa,Yes,Ads Disguised as Content,Restricted ad serving,ca-pub-7784034061253020,58,2024-12-11,2024-12-17
trends.tribunnews.com,Page,N/A,N/A,trends.tribunnews.com/2023/09/15/sosok-meli-3gp-main-film-porno-bareng-siskaeee-virly-virginia-ig-penuh-foto-seksi-eks-spg-rokok?page=2,No,Adult: Sexual content,Restricted ad serving,ca-pub-7784034061253020,58,2024-12-16,2024-12-16
sumsel.tribunnews.com,Page,N/A,N/A,sumsel.tribunnews.com/2014/08/07/video-sejumlah-orang-bugil-di-pantai-penang-hebohkan-malaysia,No,Adult: Sexual content,Restricted ad serving,ca-pub-7784034061253020,58,2024-12-12,2024-12-16
style.tribunnews.com,Page,N/A,N/A,style.tribunnews.com/2016/08/22/gaya-masturbasi-pria-hayo-kamu-biasanya-pakai-style-yang-mana?page=2,No,Adult: Sexual content,Restricted ad serving,ca-pub-7784034061253020,58,2024-12-13,2024-12-17
pontianak.tribunnews.com,Page,N/A,N/A,pontianak.tribunnews.com/2017/11/03/prostitusi-online-di-singkawang-terungkap-mucikari-beberkan-identitas-pelanggan-hingga-tarif,No,Adult: Sexual content,Restricted ad serving,ca-pub-7784034061253020,58,2024-12-12,2024-12-17
pekanbaru.tribunnews.com,Page,N/A,N/A,pekanbaru.tribunnews.com/2024/11/30/tragis-guru-di-kampar-riau-tewas-digorok-dan-dibakar-di-saat-istrinya-sedang-pulang-kampung,No,Shocking content,Restricted ad serving,ca-pub-7784034061253020,58,2024-12-16,2024-12-16
pekanbaru.tribunnews.com,Page,N/A,N/A,pekanbaru.tribunnews.com/2022/03/13/artis-berwajah-polos-ini-hamil-usai-berhubungan-badan-tanpa-kondom-ramai-ramai-dihujat-penggemar?page=all,No,Adult: Sexual content,Restricted ad serving,ca-pub-7784034061253020,58,2024-12-17,2024-12-17
palembang.tribunnews.com,Page,N/A,N/A,palembang.tribunnews.com/2014/01/08/ini-arti-kode-khusus-di-karaoke-esek-esek,No,Adult: Sexual content,Restricted ad serving,ca-pub-7784034061253020,58,2024-12-11,2024-12-16
bengkulu.tribunnews.com,Page,N/A,N/A,bengkulu.tribunnews.com/2024/12/15/bocah-smp-di-boltim-diikat-diseret-dan-disiksa-bos-tambang-ilegal-telinga-disayat-pisau,No,Shocking content,Restricted ad serving,ca-pub-7784034061253020,58,2024-12-16,2024-12-16
bangka.tribunnews.com,Page,N/A,N/A,bangka.tribunnews.com/2021/11/04/dulu-ditawar-open-bo-selebgram-berliana-lovell-dijuluki-wanita-pemersatu-bangsa-kepergok-ngamen,Yes,Ads Disguised as Content,Restricted ad serving,ca-pub-7784034061253020,58,2024-12-11,2024-12-16
bali.tribunnews.com,Page,N/A,N/A,bali.tribunnews.com/2017/12/07/menjadi-simpanan-tante-haus-belaian-pria-ini-dibuat-lemas-sehari-minta-jatah-4-kali,No,Adult: Sexual content,Restricted ad serving,ca-pub-7784034061253020,58,2024-12-11,2024-12-17
aceh.tribunnews.com,Page,N/A,N/A,aceh.tribunnews.com/2021/07/15/inilah-pulau-di-indonesia-yang-hanya-dihuni-wanita-dan-tak-boleh-berbusana-vietnam-dibuat-keheranan,Yes,Ads Disguised as Content,Restricted ad serving,ca-pub-7784034061253020,58,2024-12-11,2024-12-17
wow.tribunnews.com,Page,N/A,N/A,wow.tribunnews.com/2017/08/09/5-wujud-gejala-awal-kanker-lidah-dan-mulut-jangan-sampai-kamu-tahu-setelah-stadium-4,No,Shocking content,Restricted ad serving,ca-pub-7784034061253020,57,2024-12-15,2024-12-15
wartakota.tribunnews.com,Page,N/A,N/A,wartakota.tribunnews.com/2015/02/06/oral-seks-menu-pembuka-nan-penuh-sensasi,No,Adult: Sexual content,Restricted ad serving,ca-pub-7784034061253020,57,2024-12-11,2024-12-16
travel.tribunnews.com,Page,N/A,N/A,travel.tribunnews.com/2017/10/21/5-foto-mengerikan-ini-siap-bikin-kamu-mimpi-buruk-no-3-nguras-emosional-banget,No,Adult: Sexual content,Restricted ad serving,ca-pub-7784034061253020,57,2024-12-15,2024-12-15
sulbar.tribunnews.com,Page,N/A,N/A,sulbar.tribunnews.com/2023/05/02/belasan-video-beredar-link-syakirah-viral-di-twitter-yandex-dan-telegram-masih-diburu-warganet,No,Adult: Sexual content,Restricted ad serving,ca-pub-7784034061253020,57,2024-12-16,2024-12-16
style.tribunnews.com,Page,N/A,N/A,style.tribunnews.com/2024/08/19/5-anime-tema-crossdressing-senpai-wa-otokonoko-hingga-hanazakari-no-kimitachi-e-ada-cowok-cantik,No,Adult: Sexual content,Restricted ad serving,ca-pub-7784034061253020,57,2024-12-15,2024-12-15
palembang.tribunnews.com,Page,N/A,N/A,palembang.tribunnews.com/2018/01/17/bukan-cuma-olivia-artis-porno-jepang-ini-meninggal-lebih-tragis-dipaksa-adegan-intim-ini-ngeri?page=2,No,Adult: Sexual content,Restricted ad serving,ca-pub-7784034061253020,57,2024-12-14,2024-12-16
medan.tribunnews.com,Page,N/A,N/A,medan.tribunnews.com/2020/12/22/berikut-ini-4-bintang-film-panas-yang-terlibat-cinta-lokasi-dengan-lawan-mainnya-hingga-menikah,No,Adult: Sexual content,Restricted ad serving,ca-pub-7784034061253020,57,2024-12-17,2024-12-17
medan.tribunnews.com,Page,N/A,N/A,medan.tribunnews.com/2017/08/23/kisah-para-suami-takluk-di-ranjang-tak-sanggup-layani-istri-tiap-30-menit-10x-sehari-21x-sepekan?page=all,No,Adult: Sexual content,Restricted ad serving,ca-pub-7784034061253020,57,2024-12-12,2024-12-15
manado.tribunnews.com,Page,N/A,N/A,manado.tribunnews.com/2018/04/26/beredar-video-pengangkatan-larva-dari-kulit-anjing-penderita-trypophobia-jangan-berani-lihat,No,Shocking content,Restricted ad serving,ca-pub-7784034061253020,57,2024-12-14,2024-12-17
kupang.tribunnews.com,Page,N/A,N/A,kupang.tribunnews.com/2022/10/10/link-tiktok-dewasa-aplikasi-tiktok-18-plus-dengan-video-vulgar-bukan-untuk-anak-anak?page=all,No,Content obscuring Google-served ads,Restricted ad serving,ca-pub-7784034061253020,57,2024-12-11,2024-12-16
kupang.tribunnews.com,Page,N/A,N/A,kupang.tribunnews.com/2020/05/27/bintang-film-dewasa-jepang-ini-derita-penyakit-mematikan-akibat-hubungan-badan-dengan-banyak-pria?page=all,No,Adult: Sexual content,Restricted ad serving,ca-pub-7784034061253020,57,2024-12-15,2024-12-15
jogja.tribunnews.com,Page,N/A,N/A,jogja.tribunnews.com/2017/10/12/inilah-nasib-5-bintang-film-panas-era-1990-an-ada-yang-jualan-lontong-sayur-hingga-jadi-religius,No,Adult: Sexual content,Restricted ad serving,ca-pub-7784034061253020,57,2024-12-11,2024-12-16
jateng.tribunnews.com,Page,N/A,N/A,jateng.tribunnews.com/2021/12/08/heboh-siswi-smp-kirim-foto-tanpa-busana-sebagai-syarat-jadi-anggota-paskibra-ini-faktanya,Yes,Ads Disguised as Content,Restricted ad serving,ca-pub-7784034061253020,57,2024-12-11,2024-12-17
jambi.tribunnews.com,Page,N/A,N/A,jambi.tribunnews.com/2017/08/29/beginilah-gambar-4d-orang-saat-berhubungan-seks-ilmuwan-menemukan-rekaman-video-yang-menarik?page=2,No,Adult: Sexual content,Restricted ad serving,ca-pub-7784034061253020,57,2024-12-12,2024-12-16
jakarta.tribunnews.com,Page,N/A,N/A,jakarta.tribunnews.com/2020/08/22/pasang-tarif-rp-15-juta-wanita-malam-ini-curhat-caranya-kurangi-rasa-sakit-layani-tamu-8-sehari,Yes,Ads Disguised as Content,Restricted ad serving,ca-pub-7784034061253020,57,2024-12-11,2024-12-17
jabar.tribunnews.com,Page,N/A,N/A,jabar.tribunnews.com/2017/10/20/berulangkali-nonton-film-bokep-sesama-jenis-pria-45-tahun-itu-terkam-bocah-lelaki-tetangganya,No,Adult: Sexual content,Restricted ad serving,ca-pub-7784034061253020,57,2024-12-11,2024-12-16
banten.tribunnews.com,Page,N/A,N/A,banten.tribunnews.com/2021/10/17/pengakuan-karyawan-pinjol-ada-modal-yang-digerebek-sekali-login-semua-data-pelanggan-didapat,Yes,Encouraging accidental clicks: Layout;Google-served ads obscuring content,Restricted ad serving,ca-pub-7784034061253020,57,2024-12-11,2024-12-17
bangka.tribunnews.com,Page,N/A,N/A,bangka.tribunnews.com/2017/10/28/video-panas-diduga-hanna-annisa-dan-anak-sma-ternyata-ada-3-versi-ini-versi-satunya,No,Adult: Sexual content,Restricted ad serving,ca-pub-7784034061253020,57,2024-12-11,2024-12-17
ambon.tribunnews.com,Page,N/A,N/A,ambon.tribunnews.com/2024/07/16/aksi-begal-di-jmp-ambon-korban-sampai-jatuh-dari-motor-begini-kondisinya,No,Shocking content,Restricted ad serving,ca-pub-7784034061253020,57,2024-12-15,2024-12-15
aceh.tribunnews.com,Page,N/A,N/A,aceh.tribunnews.com/2021/07/12/siti-zahra-dibunuh-mantan-pacar-jasadnya-dibakar-sakit-hati-lamaran-ditolak-2-pelaku-ditangkap,Yes,Ads Disguised as Content,Restricted ad serving,ca-pub-7784034061253020,57,2024-12-12,2024-12-16
aceh.tribunnews.com,Page,N/A,N/A,aceh.tribunnews.com/2021/03/03/mengenal-muntahan-paus-atau-ambergris-harganya-mahal-hingga-miliaran-rupiah-ini-manfaatnya?page=all,No,Shocking content,Restricted ad serving,ca-pub-7784034061253020,57,2024-12-11,2024-12-16
www.tribunnews.com,Page,N/A,N/A,www.tribunnews.com/regional/2024/11/29/kronologi-suami-bakar-istri-hidup-hidup-di-kupang-cemburu-membara,No,Shocking content,Restricted ad serving,ca-pub-7784034061253020,56,2024-12-15,2024-12-15
www.tribunnews.com,Page,N/A,N/A,www.tribunnews.com/regional/2024/05/04/suami-di-ciamis-bunuh-dan-mutilasi-istri-di-jalan-lalu-tawarkan-potongan-dagingtetangga-histeris,No,Shocking content,Restricted ad serving,ca-pub-7784034061253020,56,2024-12-15,2024-12-15
www.tribunnews.com,Page,N/A,N/A,www.tribunnews.com/regional/2019/11/08/cerita-ibu-guru-saat-ajak-muridnya-berhubungan-intim-bertiga-di-kamar-kos-awalnya-disuruh-nonton,No,Adult: Sexual content,Restricted ad serving,ca-pub-7784034061253020,56,2024-12-12,2024-12-17
www.tribunnews.com,Page,N/A,N/A,www.tribunnews.com/pendidikan/2023/08/30/kunci-jawaban-bahasa-indonesia-kelas-9-halaman-49-kegiatan-3-menulis-pidato-persuasif,No,Shocking content,Restricted ad serving,ca-pub-7784034061253020,56,2024-12-16,2024-12-16
www.tribunnews.com,Page,N/A,N/A,www.tribunnews.com/kesehatan/2016/06/02/trik-pijat-sensual-untuk-tingkatkan-gairah-pasangan-suami-istri,No,Adult: Sexual content,Restricted ad serving,ca-pub-7784034061253020,56,2024-12-12,2024-12-16
style.tribunnews.com,Page,N/A,N/A,style.tribunnews.com/2023/02/08/5-anime-yang-penuh-dengan-adegan-panas-17-ada-yosuga-no-sora-waspada-bocil-dilarang-nonton?page=2,No,Adult: Sexual content,Restricted ad serving,ca-pub-7784034061253020,56,2024-12-17,2024-12-17
pontianak.tribunnews.com,Page,N/A,N/A,pontianak.tribunnews.com/2018/03/29/usianya-masih-muda-ini-5-bintang-porno-meninggal-tak-wajar-ada-yang-misterius?page=2,No,Adult: Sexual content,Restricted ad serving,ca-pub-7784034061253020,56,2024-12-12,2024-12-17
pontianak.tribunnews.com,Page,N/A,N/A,pontianak.tribunnews.com/2017/09/16/bintang-porno-jepang-ini-hanya-punya-tinggi-1-meter-ia-punya-pesan-mengharukan,No,Adult: Sexual content,Restricted ad serving,ca-pub-7784034061253020,56,2024-12-11,2024-12-16
medan.tribunnews.com,Page,N/A,N/A,medan.tribunnews.com/2015/11/27/telaah-kesehatan-masturbasi-tanpa-film-porno,No,Adult: Sexual content,Restricted ad serving,ca-pub-7784034061253020,56,2024-12-11,2024-12-17
madura.tribunnews.com,Page,N/A,N/A,madura.tribunnews.com/2019/07/18/dua-anak-sd-di-magetan-malah-asyik-berhubungan-badan-saat-ibunya-pergi-ke-sawah-videonya-viral,Yes,Ads Disguised as Content,Restricted ad serving,ca-pub-7784034061253020,56,2024-12-13,2024-12-16
kupang.tribunnews.com,Page,N/A,N/A,kupang.tribunnews.com/2022/10/10/link-tiktok-dewasa-aplikasi-tiktok-18-plus-dengan-video-vulgar-bukan-untuk-anak-anak?page=2,No,Adult: Sexual content,Restricted ad serving,ca-pub-7784034061253020,56,2024-12-16,2024-12-16
jabar.tribunnews.com,Page,N/A,N/A,jabar.tribunnews.com/2023/06/15/pengobatan-alat-vital-bandung-paling-ampuh-dan-manjur-izin-praktek-resmi,No,Adult: Sexual content,Restricted ad serving,ca-pub-7784034061253020,56,2024-12-16,2024-12-17
batam.tribunnews.com,Page,N/A,N/A,batam.tribunnews.com/404,Yes,Google-served ads on screens without publisher-content,Restricted ad serving,ca-pub-7784034061253020,56,2024-12-11,2024-12-16
banjarmasin.tribunnews.com,Page,N/A,N/A,banjarmasin.tribunnews.com/2018/05/09/pengakuan-mengejutkan-mantan-bintang-porno-jepang-soal-derita-hidup-di-industri-film-dewasa,No,Adult: Sexual content,Restricted ad serving,ca-pub-7784034061253020,56,2024-12-15,2024-12-15
banjarmasin.tribunnews.com,Page,N/A,N/A,banjarmasin.tribunnews.com/2015/02/22/bintang-porno-jepang-ini-bukukan-kisah-proses-bikin-video-seks,No,Adult: Sexual content,Restricted ad serving,ca-pub-7784034061253020,56,2024-12-11,2024-12-17
bangka.tribunnews.com,Page,N/A,N/A,bangka.tribunnews.com/2017/09/16/pilih-pensiun-dari-jav-beginilah-nasib-7-bintang-film-panas-jepang-sekarang?page=all,No,Adult: Sexual content,Restricted ad serving,ca-pub-7784034061253020,56,2024-12-16,2024-12-16
bangka.tribunnews.com,Page,N/A,N/A,bangka.tribunnews.com/2016/07/14/inilah-artis-film-blue-yang-terlibat-cinlok-hingga-akhirnya-menikah,Yes,Ads Disguised as Content,Restricted ad serving,ca-pub-7784034061253020,56,2024-12-11,2024-12-16
bali.tribunnews.com,Page,N/A,N/A,bali.tribunnews.com/2021/09/28/sperma-lama-tidak-dikeluarkan-apakah-berbahaya-bagi-kesehatan,Yes,Ads Disguised as Content,Restricted ad serving,ca-pub-7784034061253020,56,2024-12-11,2024-12-17
bali.tribunnews.com,Page,N/A,N/A,bali.tribunnews.com/2017/01/23/pria-ini-miliki-penis-terpanjang-di-dunia-saat-berhubungan-intim-beginilah-jadinya,No,Adult: Sexual content,Restricted ad serving,ca-pub-7784034061253020,56,2024-12-11,2024-12-16
aceh.tribunnews.com,Page,N/A,N/A,aceh.tribunnews.com/2011/09/07/anggota-dpr-suka-pakai-luzi-isi-ulang,No,Shocking content,Restricted ad serving,ca-pub-7784034061253020,56,2024-12-11,2024-12-16
www.tribunnews.com,Page,N/A,N/A,www.tribunnews.com/lifestyle/2020/12/04/sex-toys-sebenarnya-bisa-diperjualbelikan-asal-begini,No,Adult: Sexual content,Restricted ad serving,ca-pub-7784034061253020,55,2024-12-11,2024-12-15
www.tribunnews.com,Page,N/A,N/A,www.tribunnews.com/kesehatan/2014/11/13/ini-posisi-doggy-style-yang-benar-supaya-punya-anak-lelaki,No,Adult: Sexual content,Restricted ad serving,ca-pub-7784034061253020,55,2024-12-11,2024-12-17
sumsel.tribunnews.com,Page,N/A,N/A,sumsel.tribunnews.com/2019/12/08/viral-perlakuan-kejam-ibu-terhadap-balita-diinjak-injak-hingga-menjerit-warganet-kecam-keras,Yes,Encouraging accidental clicks: Layout;Google-served ads obscuring content,Restricted ad serving,ca-pub-7784034061253020,55,2024-12-11,2024-12-15
pontianak.tribunnews.com,Page,N/A,N/A,pontianak.tribunnews.com/2018/02/20/tak-miliki-manfaat-kesehatan-pemerintah-indonesia-larang-khitan-perempuan,No,Google-served ads obscuring content,Restricted ad serving,ca-pub-7784034061253020,55,2024-12-13,2024-12-16
jogja.tribunnews.com,Page,N/A,N/A,jogja.tribunnews.com/2017/10/06/bermodal-tubuh-padat-berisi-cewek-ini-justru-jadi-model-sensasional-di-internet,Yes,Site Behavior: Navigation,Restricted ad serving,ca-pub-7784034061253020,55,2024-12-14,2024-12-17
jogja.tribunnews.com,Page,N/A,N/A,jogja.tribunnews.com/2017/02/11/3-aplikasi-ini-bisa-tingkatkan-gairah-di-ranjang,No,Adult: Sexual content,Restricted ad serving,ca-pub-7784034061253020,55,2024-12-11,2024-12-15
jabar.tribunnews.com,Page,N/A,N/A,jabar.tribunnews.com/2015/07/12/waktu-yang-tepat-untuk-mendapatkan-keturunan-menurut,No,Adult: Sexual content,Restricted ad serving,ca-pub-7784034061253020,55,2024-12-11,2024-12-15
bogor.tribunnews.com,Page,N/A,N/A,bogor.tribunnews.com/2017/01/26/wanita-ini-janji-tampilkan-video-hubungan-intim-jika-pengikutnya-tembus-1-juta-di-youtube?page=all,No,Adult: Sexual content,Restricted ad serving,ca-pub-7784034061253020,55,2024-12-15,2024-12-15
bangka.tribunnews.com,Page,N/A,N/A,bangka.tribunnews.com/2016/08/10/video-siswi-smp-dan-sma-berantem-rebutan-cowok,Yes,Site Behavior: Navigation,Restricted ad serving,ca-pub-7784034061253020,55,2024-12-11,2024-12-16
wartakota.tribunnews.com,Page,N/A,N/A,wartakota.tribunnews.com/2014/12/29/phone-sex-bermanfaat-untuk-hubungan-jarak-jauh,No,Adult: Sexual content,Restricted ad serving,ca-pub-7784034061253020,54,2024-12-13,2024-12-17
wartakota.tribunnews.com,Page,N/A,N/A,wartakota.tribunnews.com/2014/04/17/pijat-vagina-supaya-lebih-hot,No,Adult: Sexual content,Restricted ad serving,ca-pub-7784034061253020,54,2024-12-11,2024-12-16
sumsel.tribunnews.com,Page,N/A,N/A,sumsel.tribunnews.com/2015/12/11/film-porno-jepang-saat-adegan-seks-pakai-kondom-atau-tidak,No,Adult: Sexual content,Restricted ad serving,ca-pub-7784034061253020,54,2024-12-11,2024-12-17
sultra.tribunnews.com,Page,N/A,N/A,sultra.tribunnews.com/2023/05/08/full-video-viral-2-menit-27-detik-kasir-minimarket-di-kendari-sulawesi-tenggara-link-video-dicari,No,Adult: Sexual content,Restricted ad serving,ca-pub-7784034061253020,54,2024-12-16,2024-12-16
makassar.tribunnews.com,Page,N/A,N/A,makassar.tribunnews.com/2015/01/22/beda-dengan-pria-wanita-langsung-mual-dan-muntah-jika-lihat-gambar-porno,No,Adult: Sexual content,Restricted ad serving,ca-pub-7784034061253020,54,2024-12-12,2024-12-17
jogja.tribunnews.com,Page,N/A,N/A,jogja.tribunnews.com/2018/04/08/kisah-jasad-abadi-hannelore-schmatz-pendaki-everest-wanita-pertama-yang-temui-ajal-di-zona-maut,No,Shocking content,Restricted ad serving,ca-pub-7784034061253020,54,2024-12-13,2024-12-16
belitung.tribunnews.com,Page,N/A,N/A,belitung.tribunnews.com/2022/02/17/model-film-dewasa-punya-2-alat-kelamin-ngaku-berfungsi-normal-kerepotan-saat-datang-bulan,No,Adult: Sexual content,Restricted ad serving,ca-pub-7784034061253020,54,2024-12-15,2024-12-15
belitung.tribunnews.com,Page,N/A,N/A,belitung.tribunnews.com/2015/08/07/tarif-pijat-dan-berhubungan-seks-rp-350-ribu,No,Adult: Sexual content,Restricted ad serving,ca-pub-7784034061253020,54,2024-12-15,2024-12-15
batam.tribunnews.com,Page,N/A,N/A,batam.tribunnews.com/2024/12/14/nasib-lina-dedy-dan-lady-aurellia-usai-video-pemukulan-di-palembang-viral-merasa-sangat-bersalah?jxrecoid=9542e951-912c-4831-9aee-cbdf6b92bc1e~mix_tbn_internal&source=widgetArtikelRekomendasi&engine=JXA,No,Adult: Sexual content,Restricted ad serving,ca-pub-7784034061253020,54,2024-12-16,2024-12-16
banten.tribunnews.com,Page,N/A,N/A,banten.tribunnews.com/2024/11/10/link-terbaru-video-mesum-mirip-lydia-onic-durasi-12-menit-13-detik-berikut-ini-sosoknya,No,Adult: Sexual content,Restricted ad serving,ca-pub-7784034061253020,54,2024-12-17,2024-12-17
bangka.tribunnews.com,Page,N/A,N/A,bangka.tribunnews.com/2016/08/08/waspada-ternyata-begini-kepribadian-pria-yang-suka-sewa-psk,No,Adult: Sexual content,Restricted ad serving,ca-pub-7784034061253020,54,2024-12-16,2024-12-16
aceh.tribunnews.com,Page,N/A,N/A,aceh.tribunnews.com/2021/09/09/viral-video-pasangan-gancet-disebut-azab-berzina-sampai-minta-bantuan-ustaz-ini-faktanya,No,Adult: Sexual content,Restricted ad serving,ca-pub-7784034061253020,54,2024-12-17,2024-12-17
wartakota.tribunnews.com,Page,N/A,N/A,wartakota.tribunnews.com/2013/03/08/cara-membantu-suami-dapatkan-orgasme-terhebat,No,Adult: Sexual content,Restricted ad serving,ca-pub-7784034061253020,53,2024-12-13,2024-12-17
suryamalang.tribunnews.com,Page,N/A,N/A,suryamalang.tribunnews.com/2018/01/08/kecanduan-film-syur-dia-lepas-keperawanan-di-usia-17-tahun-pengembaraan-cintanya-sampai-di-bali,No,Adult: Sexual content,Restricted ad serving,ca-pub-7784034061253020,53,2024-12-15,2024-12-15
sumsel.tribunnews.com,Page,N/A,N/A,sumsel.tribunnews.com/2016/08/15/tak-puas-dengan-permainan-suami-di-ranjang-istri-pilih-berhubungan-intim-bareng-mertua,No,Adult: Sexual content,Restricted ad serving,ca-pub-7784034061253020,53,2024-12-11,2024-12-15
style.tribunnews.com,Page,N/A,N/A,style.tribunnews.com/2016/08/22/gaya-masturbasi-pria-hayo-kamu-biasanya-pakai-style-yang-mana?page=4,No,Adult: Sexual content,Restricted ad serving,ca-pub-7784034061253020,53,2024-12-13,2024-12-17
medan.tribunnews.com,Page,N/A,N/A,medan.tribunnews.com/2020/06/29/deretan-fakta-wanita-cantik-17-tahun-open-bo-via-michat-1-kali-main-tarifnya-rp-800-ribu-pak,No,Adult: Sexual content,Restricted ad serving,ca-pub-7784034061253020,53,2024-12-15,2024-12-15
makassar.tribunnews.com,Page,N/A,N/A,makassar.tribunnews.com/2017/04/17/heboh-pengakuan-peziarah-gunung-kemukus-usai-lakukan-ritual-seks-ternyata,Yes,Ads Disguised as Content,Restricted ad serving,ca-pub-7784034061253020,53,2024-12-11,2024-12-16
makassar.tribunnews.com,Page,N/A,N/A,makassar.tribunnews.com/2016/09/04/astaga-beredar-gambar-seksi-kak-ros-upin-ipin?page=2,No,Adult: Sexual content,Restricted ad serving,ca-pub-7784034061253020,53,2024-12-11,2024-12-17
m.tribunnews.com,Page,N/A,N/A,m.tribunnews.com/regional/2017/10/11/empat-hotel-ini-jadi-lokasi-bisnis-esek-esek-di-medan,No,Adult: Sexual content,Restricted ad serving,ca-pub-7784034061253020,53,2024-12-12,2024-12-17
m.tribunnews.com,Page,N/A,N/A,m.tribunnews.com/amp/internasional/2016/06/20/bintang-film-porno-jepang-miyabi-pernah-pasang-tarif-rp-195-juta-per-jam,No,Adult: Sexual content,Restricted ad serving,ca-pub-7784034061253020,53,2024-12-15,2024-12-15
kaltim.tribunnews.com,Page,N/A,N/A,kaltim.tribunnews.com/2023/06/06/dilarang-tayang-di-indonesia-5-anime-penuh-adegan-panas-18-tanpa-sensor?page=4,No,Adult: Sexual content,Restricted ad serving,ca-pub-7784034061253020,53,2024-12-15,2024-12-15
jateng.tribunnews.com,Page,N/A,N/A,jateng.tribunnews.com/2018/02/10/weleh-pengen-punya-buah-dada-seksi-gadis-cantik-rusia-ini-malah-jadi-kotak-lihat-fotonya,No,Adult: Sexual content,Restricted ad serving,ca-pub-7784034061253020,53,2024-12-11,2024-12-17
bangka.tribunnews.com,Page,N/A,N/A,bangka.tribunnews.com/2020/09/23/janda-gila-seks-hingga-cerita-janda-keok-ladeni-suami-orang-sampai-kejang-kejang,Yes,Encouraging accidental clicks: Layout,Restricted ad serving,ca-pub-7784034061253020,53,2024-12-11,2024-12-16
bangka.tribunnews.com,Page,N/A,N/A,bangka.tribunnews.com/2018/01/02/5-gerakan-jari-tangan-ini-bisa-hilangkan-stres-yuk-dicoba,Yes,Site Behavior: Navigation,Restricted ad serving,ca-pub-7784034061253020,53,2024-12-11,2024-12-16
www.tribunnews.com,Page,N/A,N/A,www.tribunnews.com/regional/2021/05/26/kejahatan-di-prostitusi-online-mengintai-para-pria-hidung-belang-berikut-modusnya,No,Shocking content,Restricted ad serving,ca-pub-7784034061253020,52,2024-12-11,2024-12-17
www.tribunnews.com,Page,N/A,N/A,www.tribunnews.com/regional/2018/01/08/lihat-sang-anak-intim-dengan-wanita-dewasa-2-ibu-ini-malah-bilang-begini,No,Shocking content,Restricted ad serving,ca-pub-7784034061253020,52,2024-12-11,2024-12-17
www.tribunnews.com,Page,N/A,N/A,www.tribunnews.com/nasional/2021/09/23/revisi-peraturan-dalam-negeri-nomor-12016-kemendagri-perkuat-pengelolaan-aset-desa,No,Adult: Sexual content,Restricted ad serving,ca-pub-7784034061253020,52,2024-12-17,2024-12-17
www.tribunnews.com,Page,N/A,N/A,www.tribunnews.com/kesehatan/2011/07/15/pelajari-sifat-seksual-wanita-dari-buah-kesukaannya,No,Adult: Sexual content,Restricted ad serving,ca-pub-7784034061253020,52,2024-12-11,2024-12-17
wartakota.tribunnews.com,Page,N/A,N/A,wartakota.tribunnews.com/2016/06/28/pria-paruh-baya-hidup-dengan-boneka-seks-selama-enam-tahun,No,Adult: Sexual content,Restricted ad serving,ca-pub-7784034061253020,52,2024-12-11,2024-12-17
suryamalang.tribunnews.com,Page,N/A,N/A,suryamalang.tribunnews.com/2017/04/16/video-gadis-belia-bali-begituan-sama-bule-tersebar-direkam-mulai-cara-menemukan-hingga-adegan-panas,Yes,Encouraging accidental clicks: Layout,Restricted ad serving,ca-pub-7784034061253020,52,2024-12-12,2024-12-17
pontianak.tribunnews.com,Page,N/A,N/A,pontianak.tribunnews.com/2018/05/05/kalah-challenge-video-pamela-safitri-buka-baju-beredar-di-youtube-netter-semurah-itukah?page=all,No,Adult: Sexual content,Restricted ad serving,ca-pub-7784034061253020,52,2024-12-13,2024-12-16
pekanbaru.tribunnews.com,Page,N/A,N/A,pekanbaru.tribunnews.com/2017/12/17/tentang-threesome-peneliti-banyak-responden-menyukai-komposisi-2-perempuan-1-pria,No,Adult: Sexual content,Restricted ad serving,ca-pub-7784034061253020,52,2024-12-12,2024-12-17
medan.tribunnews.com,Page,N/A,N/A,medan.tribunnews.com/2020/11/06/1-dekade-main-film-panas-kakek-sugiono-bongkar-rahasia-puaskan-lawan-mainnya-suka-telur-mentah?page=1,No,Adult: Sexual content,Restricted ad serving,ca-pub-7784034061253020,52,2024-12-15,2024-12-15
medan.tribunnews.com,Page,N/A,N/A,medan.tribunnews.com/2020/08/07/sejoli-gancet-saat-berhubungan-intim-hingga-terpaksa-dilarikan-ke-rumah-sakit-ini-penyebabnya,No,Adult: Sexual content,Restricted ad serving,ca-pub-7784034061253020,52,2024-12-16,2024-12-16
medan.tribunnews.com,Page,N/A,N/A,medan.tribunnews.com/2020/01/30/viral-penyanyi-dangdut-buka-baju-lepas-bra-di-panggung-hingga-penonton-berlomba-beri-saweran,Yes,Site Behavior: Navigation,Restricted ad serving,ca-pub-7784034061253020,52,2024-12-11,2024-12-17
manado.tribunnews.com,Page,N/A,N/A,manado.tribunnews.com/2022/06/29/modus-baru-prostitus-di-tkb-manado,Yes,Ads Disguised as Content,Restricted ad serving,ca-pub-7784034061253020,52,2024-12-12,2024-12-16
m.tribunnews.com,Page,N/A,N/A,m.tribunnews.com/regional/2024/11/22/dokter-ja-ngaku-diteror-usai-laporkan-istri-selingkuh-dengan-mantan-dandim-makassar-rumah-digembok,No,Adult: Sexual content,Restricted ad serving,ca-pub-7784034061253020,52,2024-12-15,2024-12-15
kaltim.tribunnews.com,Page,N/A,N/A,kaltim.tribunnews.com/2018/01/28/poster-film-indonesia-zaman-dulu-ini-konsepnya-berani-netter-ketika-pria-masih-tahan-banting,No,Adult: Sexual content,Restricted ad serving,ca-pub-7784034061253020,52,2024-12-16,2024-12-16
jogja.tribunnews.com,Page,N/A,N/A,jogja.tribunnews.com/2021/10/20/penjelasan-apa-itu-mimpi-basah-yang-sebenarnya-dan-apa-penyebabnya,No,Adult: Sexual content,Restricted ad serving,ca-pub-7784034061253020,52,2024-12-15,2024-12-15
aceh.tribunnews.com,Page,N/A,N/A,aceh.tribunnews.com/2023/09/14/sosok-irwansyah-produser-film-porno-dulu-tukang-urut-kini-sutradara-sudah-produksi-120-film-hot,No,Adult: Sexual content,Restricted ad serving,ca-pub-7784034061253020,52,2024-12-17,2024-12-17
www.tribunnews.com,Page,N/A,N/A,www.tribunnews.com/lifestyle/2020/06/17/10-ciri-ciri-wanita-yang-memiliki-gairah-seksual-tinggi,No,Adult: Sexual content,Restricted ad serving,ca-pub-7784034061253020,51,2024-12-16,2024-12-16
www.tribunnews.com,Page,N/A,N/A,www.tribunnews.com/kominfo/2018/01/05/viral-video-pornografi-anak-kecil-dengan-wanita-dewasa-begini-himbauan-dari-polisi-untuk-masyarakat,No,Adult: Sexual content,Restricted ad serving,ca-pub-7784034061253020,51,2024-12-15,2024-12-15
surabaya.tribunnews.com,Page,N/A,N/A,surabaya.tribunnews.com/2019/08/04/fransiskus-selviya-pemilik-vihayana-creative-communication-wujudkan-mimpi-lewat-bisnis-penerjemah,No,Shocking content,Restricted ad serving,ca-pub-7784034061253020,51,2024-12-14,2024-12-16
medan.tribunnews.com,Page,N/A,N/A,medan.tribunnews.com/2020/02/24/10-artis-seksi-parasnya-bikin-melongo-dalam-film-warkop-dki-dulu-kamu-pasti-diam-diam-suka-mereka,No,Shocking content,Restricted ad serving,ca-pub-7784034061253020,51,2024-12-11,2024-12-16
medan.tribunnews.com,Page,N/A,N/A,medan.tribunnews.com/2018/03/22/7-artis-indonesia-ini-disebut-memiliki-payudara-terindah-nomor-terakhir-sempat-menghebohkan?page=all,Yes,Site Behavior: Navigation,Restricted ad serving,ca-pub-7784034061253020,51,2024-12-14,2024-12-15
makassar.tribunnews.com,Page,N/A,N/A,makassar.tribunnews.com/2021/09/22/tanda-tanda-seorang-wanita-tak-perawan-6-bentuk-fisik-ini-bisa-jadi-penanda,No,Adult: Sexual content,Restricted ad serving,ca-pub-7784034061253020,51,2024-12-15,2024-12-15
kupang.tribunnews.com,Page,N/A,N/A,kupang.tribunnews.com/2017/06/23/video-ya-ampun-tak-pakai-celana-dalam-artis-korea-ini-tak-sadar-organ-intimnya-kelihatan?page=all,Yes,Ads Disguised as Content,Restricted ad serving,ca-pub-7784034061253020,51,2024-12-11,2024-12-16
jateng.tribunnews.com,Page,N/A,N/A,jateng.tribunnews.com/2016/04/20/inilah-sosok-penjual-jamu-yang-menghebohkan-media-sosial,No,Adult: Sexual content,Restricted ad serving,ca-pub-7784034061253020,51,2024-12-14,2024-12-15
jateng.tribunnews.com,Page,N/A,N/A,jateng.tribunnews.com/2016/01/11/kenapa-alat-yang-dijuluki-cangkir-hisap-ini-bisa-membuat-wanita-terangsang-ini-penjelasannya,No,Adult: Sexual content,Restricted ad serving,ca-pub-7784034061253020,51,2024-12-11,2024-12-17
jakarta.tribunnews.com,Page,N/A,N/A,jakarta.tribunnews.com/2021/05/19/7-cara-alami-mengatasi-ejakulasi-dini-coba-ramuan-tradisional-ala-dapur-ini?page=all,No,Adult: Sexual content,Restricted ad serving,ca-pub-7784034061253020,51,2024-12-16,2024-12-16
jabar.tribunnews.com,Page,N/A,N/A,jabar.tribunnews.com/2021/12/20/pengobatan-terpercaya-alat-vital-jakarta-h-muhammad-yusuf?page=1,No,Adult: Sexual content,Restricted ad serving,ca-pub-7784034061253020,51,2024-12-17,2024-12-17
bangka.tribunnews.com,Page,N/A,N/A,bangka.tribunnews.com/2016/10/16/oknum-pns-wanita-bugil-ini-akan-dijatuhkan-sanksi-saat-apel-akbar,No,Adult: Sexual content,Restricted ad serving,ca-pub-7784034061253020,51,2024-12-17,2024-12-17
wartakota.tribunnews.com,Page,N/A,N/A,wartakota.tribunnews.com/2017/10/21/belut-itu-masuk-ke-rahim-wanita-cantik-yang-bermasturbasi-dengan-hewan-ini,No,Adult: Sexual content;Shocking content,Restricted ad serving,ca-pub-7784034061253020,50,2024-12-11,2024-12-17
palembang.tribunnews.com,Page,N/A,N/A,palembang.tribunnews.com/2017/11/12/menyesal-pernah-bugil-dan-lakukan-adegal-panas-di-film-6-artis-ini-minta-maaf,No,Adult: Sexual content,Restricted ad serving,ca-pub-7784034061253020,50,2024-12-11,2024-12-15
makassar.tribunnews.com,Page,N/A,N/A,makassar.tribunnews.com/2019/09/24/6-kali-berhubungan-intim-bebby-fey-emang-sih-wik-wik-sama-genderuwo-itu-bener-bener-nagih,No,Adult: Sexual content,Restricted ad serving,ca-pub-7784034061253020,50,2024-12-11,2024-12-17
makassar.tribunnews.com,Page,N/A,N/A,makassar.tribunnews.com/2017/11/07/unch-unch-dewi-persik-dan-4-artis-ini-blak-blakan-soal-ranjang-pakai-sex-toys-hingga-ini?page=all,No,Adult: Sexual content,Restricted ad serving,ca-pub-7784034061253020,50,2024-12-11,2024-12-15
jateng.tribunnews.com,Page,N/A,N/A,jateng.tribunnews.com/2022/08/05/cerita-psk-soal-perbedaan-pelanggan-tua-dan-muda-meski-cara-melayani-tetap-sama,Yes,Ads Disguised as Content,Restricted ad serving,ca-pub-7784034061253020,50,2024-12-14,2024-12-17
belitung.tribunnews.com,Page,N/A,N/A,belitung.tribunnews.com/2016/04/09/panaskan-gairah-ranjang-dengan-meniru-6-adegan-film,No,Adult: Sexual content,Restricted ad serving,ca-pub-7784034061253020,50,2024-12-11,2024-12-17
bangka.tribunnews.com,Page,N/A,N/A,bangka.tribunnews.com/tag/pt-stanindo-inti-perkasa,Yes,Google-served ads on screens without publisher-content,Restricted ad serving,ca-pub-7784034061253020,50,2024-12-17,2024-12-17
bangka.tribunnews.com,Page,N/A,N/A,bangka.tribunnews.com/tag/polda-babel,Yes,Google-served ads on screens without publisher-content,Restricted ad serving,ca-pub-7784034061253020,50,2024-12-14,2024-12-17
aceh.tribunnews.com,Page,N/A,N/A,aceh.tribunnews.com/2024/02/13/sosok-nurul-adelia-ditemukan-tewas-dibunuh-di-luwu-luka-tusuk-di-dada-sempat-dilaporkan-hilang,No,Shocking content,Restricted ad serving,ca-pub-7784034061253020,50,2024-12-11,2024-12-15
pontianak.tribunnews.com,Page,N/A,N/A,pontianak.tribunnews.com/2019/05/30/alamat-5-salon-terbaik-di-pontianak,No,Adult: Sexual content,Restricted ad serving,ca-pub-7784034061253020,49,2024-12-11,2024-12-16
medan.tribunnews.com,Page,N/A,N/A,medan.tribunnews.com/2017/03/02/mengapa-pria-sangat-hobi-nonton-film-porno-dari-pada-wanita-ini-alasannya,No,Adult: Sexual content,Restricted ad serving,ca-pub-7784034061253020,49,2024-12-11,2024-12-17
makassar.tribunnews.com,Page,N/A,N/A,makassar.tribunnews.com/2019/07/22/michat-aplikasi-populer-psk-online-menjaring-pelanggan-kodenya-bo-st-lt-tarif-mulai-rp-300-ribu,No,Adult: Sexual content,Restricted ad serving,ca-pub-7784034061253020,49,2024-12-13,2024-12-16
bogor.tribunnews.com,Page,N/A,N/A,bogor.tribunnews.com/2016/04/11/muncul-salam-osis-setelah-geger-video-seronok-salam-pramuka,No,Adult: Sexual content,Restricted ad serving,ca-pub-7784034061253020,49,2024-12-11,2024-12-16
bangka.tribunnews.com,Page,N/A,N/A,bangka.tribunnews.com/2017/03/15/inilah-5-paket-khusus-yang-ditawarkan-spa-plus-plus-melalui-medsos,No,Adult: Sexual content,Restricted ad serving,ca-pub-7784034061253020,49,2024-12-11,2024-12-17
www.tribunnews.com,Page,N/A,N/A,www.tribunnews.com/regional/2018/04/19/praktik-pijat-plus-plus-di-banjarmasin-pesan-pakai-hp-dijamin-aman-aparat-pun-kesulitan-mengusut,No,Adult: Sexual content,Restricted ad serving,ca-pub-7784034061253020,48,2024-12-11,2024-12-15
www.tribunnews.com,Page,N/A,N/A,www.tribunnews.com/regional/2012/12/28/masih-ada-42-lokalisasi-psk-di-jawa-timur,No,Google-served ads obscuring content,Restricted ad serving,ca-pub-7784034061253020,48,2024-12-11,2024-12-16
www.tribunnews.com,Page,N/A,N/A,www.tribunnews.com/metropolitan/2018/02/07/lahirkan-anak-ke-11-tersangka-video-mesum-tante-vs-bocah-sd-jalani-tes-hiv,No,Shocking content,Restricted ad serving,ca-pub-7784034061253020,48,2024-12-13,2024-12-17
www.tribunnews.com,Page,N/A,N/A,www.tribunnews.com/kesehatan/2016/02/07/tiga-posisi-bercinta-yang-bikin-suami-merem-melek-bahagia-dan-kian-mesra,No,Adult: Sexual content,Restricted ad serving,ca-pub-7784034061253020,48,2024-12-11,2024-12-17
www.tribunnews.com,Page,N/A,N/A,www.tribunnews.com/internasional/2016/08/19/foto-wanita-hanya-pakai-celana-dalam-lagi-check-in-di-loket-jadi-viral,No,Adult: Sexual content;Shocking content,Restricted ad serving,ca-pub-7784034061253020,48,2024-12-12,2024-12-16
wartakota.tribunnews.com,Page,N/A,N/A,wartakota.tribunnews.com/2014/08/20/wanita-30-tahun-paling-hot-di-atas-ranjang,No,Adult: Sexual content,Restricted ad serving,ca-pub-7784034061253020,48,2024-12-11,2024-12-16
medan.tribunnews.com,Page,N/A,N/A,medan.tribunnews.com/2017/07/02/sajikan-ayam-goreng-mirip-kelamin-laki-laki-wanita-ini-minta-ganti-rugi,No,Adult: Sexual content,Restricted ad serving,ca-pub-7784034061253020,48,2024-12-11,2024-12-16
makassar.tribunnews.com,Page,N/A,N/A,makassar.tribunnews.com/2015/07/27/keseringan-onani-bikin-lutut-kopong-dan-merusak-kualitas-sperma,No,Adult: Sexual content,Restricted ad serving,ca-pub-7784034061253020,48,2024-12-11,2024-12-17
lampung.tribunnews.com,Page,N/A,N/A,lampung.tribunnews.com/2019/05/15/begini-cara-unik-wanita-suku-pedalaman-amazon-agar-hamil-beramai-ramai?page=3,No,Shocking content,Restricted ad serving,ca-pub-7784034061253020,48,2024-12-16,2024-12-17
kupang.tribunnews.com,Page,N/A,N/A,kupang.tribunnews.com/2019/08/01/nikita-mirzani-unggah-foto-video-nyaris-telanjang-sahabat-ruben-onsu-ini-banjir-nyinyir,No,Adult: Sexual content,Restricted ad serving,ca-pub-7784034061253020,48,2024-12-12,2024-12-17
jateng.tribunnews.com,Page,N/A,N/A,jateng.tribunnews.com/2020/07/27/istilah-istilah-ini-yang-sering-dipakai-psk-online-yang-bertebaran-di-media-sosial-saat-ini?page=2,No,Google-served ads obscuring content,Restricted ad serving,ca-pub-7784034061253020,48,2024-12-11,2024-12-17
jateng.tribunnews.com,Page,N/A,N/A,jateng.tribunnews.com/2016/08/12/ada-lagi-wanita-cantik-berhubungan-seks-dengan-anjing-kali-ini-malah-merekam-videonya,Yes,Site Behavior: Navigation,Restricted ad serving,ca-pub-7784034061253020,48,2024-12-12,2024-12-16
batam.tribunnews.com,Page,N/A,N/A,batam.tribunnews.com/2022/03/03/wanita-penggoda-dan-tidak-setia-inilah-5-weton-wanita-gemar-selingkuh-menurut-primbon-jawa,Yes,Ads Disguised as Content,Restricted ad serving,ca-pub-7784034061253020,48,2024-12-11,2024-12-17
bangka.tribunnews.com,Page,N/A,N/A,bangka.tribunnews.com/2020/03/05/tutorial-senam-kegel-untuk-wanita-khasiatnya-untuk-membuat-bahagia-pasangan,No,Adult: Sexual content,Restricted ad serving,ca-pub-7784034061253020,48,2024-12-17,2024-12-17
www.tribunnews.com,Page,N/A,N/A,www.tribunnews.com/kesehatan/2016/04/01/tanda-tanda-istri-yang-pandai-memuaskan-suami-di-ranjang,No,Adult: Sexual content,Restricted ad serving,ca-pub-7784034061253020,47,2024-12-11,2024-12-17
sulbar.tribunnews.com,Page,N/A,N/A,sulbar.tribunnews.com/2023/04/19/viral-video-adegan-tak-senonoh-diduga-diperankan-amanda-manopo-ada-di-twitter-tiktok-dan-telegram?page=all,No,Google-served ads obscuring content,Restricted ad serving,ca-pub-7784034061253020,47,2024-12-12,2024-12-16
makassar.tribunnews.com,Page,N/A,N/A,makassar.tribunnews.com/2020/02/25/wanita-ini-pecahkan-rekor-kontes-gang-bang-mampu-layani-dan-memuaskan-1000-pria-dalam-sehari,No,Shocking content,Restricted ad serving,ca-pub-7784034061253020,47,2024-12-11,2024-12-17
makassar.tribunnews.com,Page,N/A,N/A,makassar.tribunnews.com/2020/01/02/daftar-harga-rokok-yang-naik-tahun-2020-surya-16-djarum-76-marlboro-sampoerna-cara-berhenti?page=all,No,Tobacco,Restricted ad serving,ca-pub-7784034061253020,47,2024-12-12,2024-12-16
makassar.tribunnews.com,Page,N/A,N/A,makassar.tribunnews.com/2017/11/05/12-hari-bergulir-ini-4-fakta-baru-hanna-anisa-seputar-kasus-video-panasnya,No,Adult: Sexual content,Restricted ad serving,ca-pub-7784034061253020,47,2024-12-11,2024-12-17
makassar.tribunnews.com,Page,N/A,N/A,makassar.tribunnews.com/2017/04/26/balut-singkong-dengan-kondom-lalu-masukkan-ke-organ-intim-lihat-keadaan-wanita-ini,No,Adult: Sexual content,Restricted ad serving,ca-pub-7784034061253020,47,2024-12-11,2024-12-17
jambi.tribunnews.com,Page,N/A,N/A,jambi.tribunnews.com/2018/04/29/kelihatan-inilah-ciri-wanita-yang-sering-memuaskan-diri-sendiri-bahayanya-bakal-sakit-seperti-ini,No,Adult: Sexual content,Restricted ad serving,ca-pub-7784034061253020,47,2024-12-11,2024-12-16
bogor.tribunnews.com,Page,N/A,N/A,bogor.tribunnews.com/2019/09/27/cerita-ibu-di-sukabumi-berhubungan-intim-dengan-2-anak-kandung-lebih-banyak-sama-yang-gede?page=3,No,Adult: Sexual content,Restricted ad serving,ca-pub-7784034061253020,47,2024-12-14,2024-12-17
belitung.tribunnews.com,Page,N/A,N/A,belitung.tribunnews.com/2016/04/19/lima-aktris-ini-terkenal-berani-beradegan-panas-dalam-film,No,Adult: Sexual content,Restricted ad serving,ca-pub-7784034061253020,47,2024-12-11,2024-12-17
bangka.tribunnews.com,Page,N/A,N/A,bangka.tribunnews.com/2021/09/06/10-selebriti-korea-terkenal-yang-pernah-melakukan-operasi-plastik-nggak-nyangka-berubah-drastis,Yes,Modified ad code: Resizing Ad Frames,Restricted ad serving,ca-pub-7784034061253020,47,2024-12-12,2024-12-16
aceh.tribunnews.com,Page,N/A,N/A,aceh.tribunnews.com/2022/10/04/dr-boyke-sarankan-suami-sentuh-bagian-ini-pada-istri-hubungan-rumah-tangga-makin-erat-dan-harmonis,Yes,Ads Disguised as Content,Restricted ad serving,ca-pub-7784034061253020,47,2024-12-15,2024-12-17
www.tribunnews.com,Page,N/A,N/A,www.tribunnews.com/kesehatan/2016/03/11/saat-organ-vital-suami-terlalu-besar-bagi-istri,No,Adult: Sexual content,Restricted ad serving,ca-pub-7784034061253020,46,2024-12-11,2024-12-17
surabaya.tribunnews.com,Page,N/A,N/A,surabaya.tribunnews.com/2019/02/23/kondisi-korban-usai-suami-belah-perut-istri-yang-viral-di-whatsapp-ig-tetangga-keluar-anaknya,No,Shocking content,Restricted ad serving,ca-pub-7784034061253020,46,2024-12-15,2024-12-15
sumsel.tribunnews.com,Page,N/A,N/A,sumsel.tribunnews.com/2017/10/05/ternyata-bukan-hanya-bulat-saja-bentuk-bokong-tapi-ini-dia-macam-macam-jenisnya,No,Adult: Sexual content,Restricted ad serving,ca-pub-7784034061253020,46,2024-12-11,2024-12-16
palembang.tribunnews.com,Page,N/A,N/A,palembang.tribunnews.com/2017/10/02/tak-kuat-tahan-nafsu-dukun-pijat-ini-nekat-remas-anu-pasiennya-sampai-begini-beruntung-ada,No,Adult: Sexual content,Restricted ad serving,ca-pub-7784034061253020,46,2024-12-13,2024-12-16
palembang.tribunnews.com,Page,N/A,N/A,palembang.tribunnews.com/2017/10/01/kisah-ronggeng-srintil-hidup-dari-menari-digilir-lelaki-namun-berakhir-ketika-dituding-pki,Yes,Modified ad code: Resizing Ad Frames,Restricted ad serving,ca-pub-7784034061253020,46,2024-12-13,2024-12-17
m.tribunnews.com,Page,N/A,N/A,m.tribunnews.com/sains/2017/08/24/mengapa-alat-kelamin-laki-laki-tak-bertulang-ini-penjelasan-ilmiahnya,No,Adult: Sexual content,Restricted ad serving,ca-pub-7784034061253020,46,2024-12-14,2024-12-17
jambi.tribunnews.com,Page,N/A,N/A,jambi.tribunnews.com/2018/02/05/7-tata-cara-bersetubuh-dan-posisi-seks-menurut-islam-ingat-nomor-6-haram-dilakukan?page=all,No,Adult: Sexual content;Shocking content,Restricted ad serving,ca-pub-7784034061253020,46,2024-12-12,2024-12-16
jambi.tribunnews.com,Page,N/A,N/A,jambi.tribunnews.com/2018/01/18/dari-bentuk-puting-susu-bisa-diketahui-kepribadian-seorang-wanita,No,Adult: Sexual content,Restricted ad serving,ca-pub-7784034061253020,46,2024-12-11,2024-12-17
bangka.tribunnews.com,Page,N/A,N/A,bangka.tribunnews.com/2019/12/29/heboh-video-mesum-abg-di-ayunan-cafe-hingga-viral-dan-tersebar-di-grup-wa-polisi-ungkap-fakta-ini,No,Adult: Sexual content,Restricted ad serving,ca-pub-7784034061253020,46,2024-12-12,2024-12-16
www.tribunnews.com,Page,N/A,N/A,www.tribunnews.com/regional/2020/02/09/sejoli-kepergok-mesum-di-tenda-saat-camping-di-gunung-viral-para-pendaki-lain-paksa-tarik-selimut,Yes,Ads Disguised as Content,Restricted ad serving,ca-pub-7784034061253020,45,2024-12-11,2024-12-17
www.tribunnews.com,Page,N/A,N/A,www.tribunnews.com/kesehatan/2016/12/08/pria-ternyata-punya-g-spot-loh-dimanakah-letaknya-simak-ini,No,Adult: Sexual content,Restricted ad serving,ca-pub-7784034061253020,45,2024-12-14,2024-12-17
www.tribunnews.com,Page,N/A,N/A,www.tribunnews.com/kesehatan/2016/08/03/enam-ciri-ciri-istri-ingin-berhubungan-intim-yang-jarang-diketahui-suami,No,Adult: Sexual content,Restricted ad serving,ca-pub-7784034061253020,45,2024-12-12,2024-12-17
style.tribunnews.com,Page,N/A,N/A,style.tribunnews.com/2017/11/16/3-wanita-ini-raih-gelar-bintang-film-panas-terfavorit-av-open-2017-nggak-cari-kerja-yang-halal-aja?page=4,No,Content obscuring Google-served ads,Restricted ad serving,ca-pub-7784034061253020,45,2024-12-12,2024-12-16
style.tribunnews.com,Page,N/A,N/A,style.tribunnews.com/2017/08/23/ini-rahasia-tetap-cespleng-mendiang-kakek-sugiono-yang-membintangi-60-judul-film-dewasa,No,Adult: Sexual content,Restricted ad serving,ca-pub-7784034061253020,45,2024-12-11,2024-12-16
pontianak.tribunnews.com,Page,N/A,N/A,pontianak.tribunnews.com/2017/11/13/6-artis-papan-atas-ini-menyesal-pernah-bugil-dan-lakukan-adegan-panas-di-film?page=2,No,Adult: Sexual content,Restricted ad serving,ca-pub-7784034061253020,45,2024-12-12,2024-12-15
manado.tribunnews.com,Page,N/A,N/A,manado.tribunnews.com/2019/06/18/kumpulan-wanita-yang-masukkan-benda-asing-di-kemaluan-ada-botol-minuman-hingga-mainan-seks,No,Adult: Sexual content,Restricted ad serving,ca-pub-7784034061253020,45,2024-12-11,2024-12-17
manado.tribunnews.com,Page,N/A,N/A,manado.tribunnews.com/2019/01/28/3-cara-mengetahui-suami-anda-selingkuh-atau-tidak-hotman-paris-cium-celana-dalam-dan-ketek-suami,Yes,Ads Disguised as Content,Restricted ad serving,ca-pub-7784034061253020,45,2024-12-12,2024-12-15
makassar.tribunnews.com,Page,N/A,N/A,makassar.tribunnews.com/2019/10/11/karena-sudah-keseringan-adik-kandung-ajak-duluan-kakak-berhubungan-badan-layaknya-suami-istri?page=3,No,Adult: Sexual content,Restricted ad serving,ca-pub-7784034061253020,45,2024-12-12,2024-12-17
m.tribunnews.com,Page,N/A,N/A,m.tribunnews.com/internasional/2015/02/22/tanpa-merasa-berdosa-bintang-porno-jepang-ini-bukukan-kisah-proses-bikin-video-intim,No,Adult: Sexual content,Restricted ad serving,ca-pub-7784034061253020,45,2024-12-14,2024-12-17
m.tribunnews.com,Page,N/A,N/A,m.tribunnews.com/images/model/view/493842/baby-margaretha,No,Adult: Sexual content,Restricted ad serving,ca-pub-7784034061253020,45,2024-12-11,2024-12-17
lampung.tribunnews.com,Page,N/A,N/A,lampung.tribunnews.com/2018/02/02/ini-kode-kode-rahasia-prostitusi-via-media-sosial?page=all,No,Adult: Sexual content,Restricted ad serving,ca-pub-7784034061253020,45,2024-12-11,2024-12-15
kupang.tribunnews.com,Page,N/A,N/A,kupang.tribunnews.com/2019/08/01/unggah-foto-nikita-mirzani-telanjang-dada-mantan-istri-dipo-latief-bikin-geger-dulu-berjilbab-kini,No,Adult: Sexual content,Restricted ad serving,ca-pub-7784034061253020,45,2024-12-11,2024-12-17
jogja.tribunnews.com,Page,N/A,N/A,jogja.tribunnews.com/2020/01/17/pakai-alat-pengaman-dua-lapis-masih-bisa-menghamili-pria-ini-tuntut-perusahaan-kontrasepsi,No,Adult: Sexual content,Restricted ad serving,ca-pub-7784034061253020,45,2024-12-14,2024-12-15
jateng.tribunnews.com,Page,N/A,N/A,jateng.tribunnews.com/2021/05/31/kisah-korban-toxic-relationship-di-semarang-sering-kirim-foto-payudara-ke-pacar-pap-tt,Yes,Ads Disguised as Content,Restricted ad serving,ca-pub-7784034061253020,45,2024-12-11,2024-12-16
jambi.tribunnews.com,Page,N/A,N/A,jambi.tribunnews.com/2018/11/09/trik-membangkitkan-gairah-gituan-untuk-diri-sendiri-wanita-wajib-baca,No,Adult: Sexual content,Restricted ad serving,ca-pub-7784034061253020,45,2024-12-12,2024-12-17
bangka.tribunnews.com,Page,N/A,N/A,bangka.tribunnews.com/2017/02/28/resep-sederhana-ini-ampuh-atasi-masalah-seksual-anda-dijamin-bikin-istri-bahagia,No,Adult: Sexual content,Restricted ad serving,ca-pub-7784034061253020,45,2024-12-11,2024-12-17
bali.tribunnews.com,Page,N/A,N/A,bali.tribunnews.com/2017/03/22/bintang-porno-tertua-di-jepang-pensiun-dalam-usia-80-tahun,No,Shocking content,Restricted ad serving,ca-pub-7784034061253020,45,2024-12-11,2024-12-16
sumsel.tribunnews.com,Page,N/A,N/A,sumsel.tribunnews.com/2021/04/23/lirik-dan-arti-lagu-she-going-ham-on-my-tonight-viral-di-tiktok-dick-starboi3-feat-doja-cat,Yes,Ads Disguised as Content,Restricted ad serving,ca-pub-7784034061253020,44,2024-12-11,2024-12-17
style.tribunnews.com,Page,N/A,N/A,style.tribunnews.com/2017/08/02/6-ciri-wanita-sudah-tak-perawan-mulai-hidung-mata-payudara-hingga-bentuk-punggung,No,Adult: Sexual content,Restricted ad serving,ca-pub-7784034061253020,44,2024-12-11,2024-12-15
lampung.tribunnews.com,Page,N/A,N/A,lampung.tribunnews.com/2018/01/05/beredar-video-porno-anak-sd-dengan-wanita-dewasa-sutradaranya-terdengar-beri-kode-ini,No,Adult: Sexual content,Restricted ad serving,ca-pub-7784034061253020,44,2024-12-16,2024-12-17
jabar.tribunnews.com,Page,N/A,N/A,jabar.tribunnews.com/2023/05/01/pakar-pengobatan-alat-vital-abah-disa-depok-sawangan,No,Adult: Sexual content,Restricted ad serving,ca-pub-7784034061253020,44,2024-12-12,2024-12-17
banjarmasin.tribunnews.com,Page,N/A,N/A,banjarmasin.tribunnews.com/2014/04/23/film-khusus-dewasa-terapi-untuk-kehangatan-hubungan-suami-istri,No,Adult: Sexual content,Restricted ad serving,ca-pub-7784034061253020,44,2024-12-11,2024-12-16
bangka.tribunnews.com,Page,N/A,N/A,bangka.tribunnews.com/2022/01/13/video-goyangan-13-detik-gisel-ini-masih-banjir-tontonan-ngaku-rasanya-paling-enak,Yes,Ads Disguised as Content,Restricted ad serving,ca-pub-7784034061253020,44,2024-12-13,2024-12-17
bangka.tribunnews.com,Page,N/A,N/A,bangka.tribunnews.com/2021/11/02/wajib-tahu-empat-kebutuhan-suami-yang-harus-dipenuhi-oleh-istri-menurut-dokter-aisah-dahlan,No,Google-served ads obscuring content,Restricted ad serving,ca-pub-7784034061253020,44,2024-12-12,2024-12-16
aceh.tribunnews.com,Page,N/A,N/A,aceh.tribunnews.com/tag/wanita-telanjang-bulat,Yes,Google-served ads on screens without publisher-content,Restricted ad serving,ca-pub-7784034061253020,44,2024-12-11,2024-12-17
sumsel.tribunnews.com,Page,N/A,N/A,sumsel.tribunnews.com/2018/02/10/5-film-ini-aktornya-lakukan-adegan-ranjang-beneran-namun-ada-yang-terbongkar-rahasianya?page=2,Yes,Ads Disguised as Content,Restricted ad serving,ca-pub-7784034061253020,43,2024-12-11,2024-12-17
sumsel.tribunnews.com,Page,N/A,N/A,sumsel.tribunnews.com/2017/08/10/apa-lagi-ini-heart-shaped-boob-challenge-jadi-viral-membentuk-payudara-jadi-bentuk-love,No,Adult: Sexual content,Restricted ad serving,ca-pub-7784034061253020,43,2024-12-13,2024-12-15
palembang.tribunnews.com,Page,N/A,N/A,palembang.tribunnews.com/2019/01/22/ini-alasan-ilmiah-mengapa-cewek-sintal-lebih-menarik-dan-disukai-pria-masih-mau-langsing?page=all,No,Adult: Sexual content,Restricted ad serving,ca-pub-7784034061253020,43,2024-12-11,2024-12-15
m.tribunnews.com,Page,N/A,N/A,m.tribunnews.com/kesehatan/2018/02/15/wow-ngomong-soal-ukuran-panjang-burung-punya-orang-surabaya-ternyata-lebihi-orang-china,No,Adult: Sexual content,Restricted ad serving,ca-pub-7784034061253020,43,2024-12-12,2024-12-16
lampung.tribunnews.com,Page,N/A,N/A,lampung.tribunnews.com/2018/03/27/beredar-foto-syur-dokter-ganteng-terkenal-dengan-sesama-jenis-instagramnya-banjir-hujatan,No,Adult: Sexual content,Restricted ad serving,ca-pub-7784034061253020,43,2024-12-13,2024-12-16
lampung.tribunnews.com,Page,N/A,N/A,lampung.tribunnews.com/2017/06/29/diperkosa-saat-tidur-korban-saya-mengira-sedang-mimpi-basah,No,Adult: Sexual content,Restricted ad serving,ca-pub-7784034061253020,43,2024-12-13,2024-12-17
belitung.tribunnews.com,Page,N/A,N/A,belitung.tribunnews.com/2022/12/01/tergiur-hidup-hedon-remaja-di-pangkalpinang-gunakan-michat-jaring-pelanggan-berikut-faktanya,No,Google-served ads obscuring content,Restricted ad serving,ca-pub-7784034061253020,43,2024-12-11,2024-12-16
bangka.tribunnews.com,Page,N/A,N/A,bangka.tribunnews.com/2016/10/08/ini-5-negara-yang-melegalkan-bisnis-esek-esek-dua-negara-ada-di-asia,No,Adult: Sexual content,Restricted ad serving,ca-pub-7784034061253020,43,2024-12-12,2024-12-16
aceh.tribunnews.com,Page,N/A,N/A,aceh.tribunnews.com/tag/video-mesum-satu-wanita-lawan-tiga-pria,Yes,Google-served ads on screens without publisher-content,Restricted ad serving,ca-pub-7784034061253020,43,2024-12-11,2024-12-17
www.tribunnews.com,Page,N/A,N/A,www.tribunnews.com/otomotif/2017/05/01/berburu-spg-sexy-di-ajang-iims-2017-ini-dia-videonya,No,Adult: Sexual content,Restricted ad serving,ca-pub-7784034061253020,42,2024-12-15,2024-12-16
pontianak.tribunnews.com,Page,N/A,N/A,pontianak.tribunnews.com/2021/11/18/simvastatin-adalah-obat-penurun-kolesterol-kenali-efek-samping-obat-simvastatin,No,Google-served ads obscuring content,Restricted ad serving,ca-pub-7784034061253020,42,2024-12-11,2024-12-16
medan.tribunnews.com,Page,N/A,N/A,medan.tribunnews.com/2017/08/15/5-bentuk-kelamin-wanita-miss-v-yang-disukai-pria-bagaimana-bentuk-punya-kamu,No,Adult: Sexual content,Restricted ad serving,ca-pub-7784034061253020,42,2024-12-12,2024-12-17
makassar.tribunnews.com,Page,N/A,N/A,makassar.tribunnews.com/2020/05/13/rekaman-video-bocor-dan-viral-cewek-berbusana-minim-lakukan-hal-tak-senonoh-di-toko-sendirian,Yes,Ads Disguised as Content,Restricted ad serving,ca-pub-7784034061253020,42,2024-12-14,2024-12-17
makassar.tribunnews.com,Page,N/A,N/A,makassar.tribunnews.com/2020/01/02/daftar-harga-rokok-yang-naik-tahun-2020-surya-16-djarum-76-marlboro-sampoerna-cara-berhenti,No,Tobacco,Restricted ad serving,ca-pub-7784034061253020,42,2024-12-12,2024-12-17
m.tribunnews.com,Page,N/A,N/A,m.tribunnews.com/internasional/2012/06/28/koki-mao-hidangkan-alat-kelaminnya-ke-tamu-foto,No,Adult: Sexual content,Restricted ad serving,ca-pub-7784034061253020,42,2024-12-15,2024-12-16
jogja.tribunnews.com,Page,N/A,N/A,jogja.tribunnews.com/2015/06/10/kompetisi-unik-pamer-bulu-ketek-bagi-cewek,No,Adult: Sexual content,Restricted ad serving,ca-pub-7784034061253020,42,2024-12-14,2024-12-15
jambi.tribunnews.com,Page,N/A,N/A,jambi.tribunnews.com/2020/02/13/demi-bayar-hutang-rp-100-ribu-suami-jual-istri-ke-teman-untuk-hubungan-badan,No,Adult: Sexual content,Restricted ad serving,ca-pub-7784034061253020;ca-video-pub-7784034061253020,42,2024-12-15,2024-12-15
jambi.tribunnews.com,Page,N/A,N/A,jambi.tribunnews.com/2018/03/01/kohey-nishi-bintang-panas-paling-kecil-di-dunia-cewek-antre-kencan-saat-tahu-kemampuannya,No,Adult: Sexual content,Restricted ad serving,ca-pub-7784034061253020,42,2024-12-11,2024-12-17
jambi.tribunnews.com,Page,N/A,N/A,jambi.tribunnews.com/2018/01/25/4-cara-bikin-wanita-cepat-mencapai-klimaks-para-pria-bisa-langsung-praktekkan,No,Adult: Sexual content,Restricted ad serving,ca-pub-7784034061253020,42,2024-12-11,2024-12-16
jambi.tribunnews.com,Page,N/A,N/A,jambi.tribunnews.com/2017/09/13/epin-tawarkan-layanan-3s-di-medsos-lengkap-foto-dan-tarif-yang-bikin-nganga-main-sama-istrinya,No,Adult: Sexual content,Restricted ad serving,ca-pub-7784034061253020,42,2024-12-11,2024-12-16
belitung.tribunnews.com,Page,N/A,N/A,belitung.tribunnews.com/2016/01/16/lihat-ini-10-komentar-lucu-wanita-saat-pertama-kali-melihat-mr-p,No,Adult: Sexual content,Restricted ad serving,ca-pub-7784034061253020,42,2024-12-11,2024-12-16
banjarmasin.tribunnews.com,Page,N/A,N/A,banjarmasin.tribunnews.com/2016/01/23/organ-intim-wanita-yang-normal-punya-bau-alami-seperti-apa-ya,Yes,Ads Disguised as Content,Restricted ad serving,ca-pub-7784034061253020,42,2024-12-16,2024-12-16
bangka.tribunnews.com,Page,N/A,N/A,bangka.tribunnews.com/2018/01/05/direkam-di-kota-bandung-video-porno-2-bocah-wanita-dewasa-ini-ternyata-berisi-adegan-threesome,No,Adult: Sexual content;Shocking content,Restricted ad serving,ca-pub-7784034061253020,42,2024-12-11,2024-12-17
www.tribunnews.com,Page,N/A,N/A,www.tribunnews.com/travel/2019/12/04/dugaan-penipuan-agen-perjalanan-wisata-traveler-mengaku-rugi-hingga-ratusan-juta,No,Google-served ads obscuring content,Restricted ad serving,ca-pub-7784034061253020,41,2024-12-11,2024-12-16
www.tribunnews.com,Page,N/A,N/A,www.tribunnews.com/seleb/2017/09/16/setelah-memilih-pensiun-begini-nasib-7-bintang-film-dewasa-jepang,Yes,Site Behavior: Navigation,Restricted ad serving,ca-pub-7784034061253020,41,2024-12-13,2024-12-17
www.tribunnews.com,Page,N/A,N/A,www.tribunnews.com/seleb/2015/12/11/artis-porno-mahal-jepang-punya-tarif-sekitar-10-juta-yen-sekali-main-film,No,Adult: Sexual content,Restricted ad serving,ca-pub-7784034061253020,41,2024-12-11,2024-12-17
www.tribunnews.com,Page,N/A,N/A,www.tribunnews.com/lifestyle/2017/12/19/11-negara-dengan-pria-tampan-dan-wanita-cantik-di-dunia-indonesia-masuk-nggak-ya,Yes,Site Behavior: Navigation,Restricted ad serving,ca-pub-7784034061253020,41,2024-12-11,2024-12-17
pontianak.tribunnews.com,Page,N/A,N/A,pontianak.tribunnews.com/2017/09/30/seperti-apa-sih-orgasme-pada-wanita-ini-penjelasannya,No,Adult: Sexual content,Restricted ad serving,ca-pub-7784034061253020,41,2024-12-13,2024-12-17
medan.tribunnews.com,Page,N/A,N/A,medan.tribunnews.com/2019/02/06/akhirnya-terungkap-pemeran-video-mesum-yang-viral-berdinas-sman-1-polisi-sebut-di-bawah-umur,Yes,Ads Disguised as Content,Restricted ad serving,ca-pub-7784034061253020,41,2024-12-13,2024-12-16
makassar.tribunnews.com,Page,N/A,N/A,makassar.tribunnews.com/2022/01/14/istri-berkhianat-gegara-tak-puas-main-dengan-suami-layani-4-pria-demi-kepuasan-tapi-berakhir-pilu,Yes,Ads Disguised as Content,Restricted ad serving,ca-pub-7784034061253020,41,2024-12-12,2024-12-17
m.tribunnews.com,Page,N/A,N/A,m.tribunnews.com/internasional/2015/07/11/ini-dia-10-negara-dengan-budaya-seks-paling-bebas?page=3,No,Adult: Sexual content,Restricted ad serving,ca-pub-7784034061253020,41,2024-12-13,2024-12-16
kupang.tribunnews.com,Page,N/A,N/A,kupang.tribunnews.com/2023/06/06/kisah-nabi-ibrahim-dan-putranya-ismail-awal-mula-ibadah-kurban-di-hari-raya-idul-adha,No,Shocking content,Restricted ad serving,ca-pub-7784034061253020,41,2024-12-13,2024-12-17
jatim.tribunnews.com,Page,N/A,N/A,jatim.tribunnews.com/2018/01/19/5-fakta-gadis-kecil-di-dolly-yang-kecanduan-seks-dari-penurun-libido-hingga-3-adik-yang-jadi-korban,No,Adult: Sexual content,Restricted ad serving,ca-pub-7784034061253020,41,2024-12-11,2024-12-17
jateng.tribunnews.com,Page,N/A,N/A,jateng.tribunnews.com/2018/10/03/praktik-pijat-plus-plus-sesama-jenis-terbongkar-polisi-nyamar-jadi-pelanggan-lewat-medsos,No,Adult: Sexual content,Restricted ad serving,ca-pub-7784034061253020,41,2024-12-11,2024-12-17
jambi.tribunnews.com,Page,N/A,N/A,jambi.tribunnews.com/2017/09/24/curhat-berhubungan-seks-sambil-menyusui-anak-kelakuan-tasha-dinilai-tak-pantas,No,Shocking content,Restricted ad serving,ca-pub-7784034061253020,41,2024-12-12,2024-12-16
belitung.tribunnews.com,Page,N/A,N/A,belitung.tribunnews.com/2017/12/20/deretan-aktris-cantik-ini-nikmati-adegan-intim-alasannya-mengejutkan?page=all,No,Adult: Sexual content,Restricted ad serving,ca-pub-7784034061253020,41,2024-12-15,2024-12-17
belitung.tribunnews.com,Page,N/A,N/A,belitung.tribunnews.com/2017/09/13/video-ibu-muda-anak-satu-tepergok-beginian-di-ranjang-bareng-pria-bukan-suaminya,Yes,Ads Disguised as Content,Restricted ad serving,ca-pub-7784034061253020,41,2024-12-15,2024-12-16
bangka.tribunnews.com,Page,N/A,N/A,bangka.tribunnews.com/2018/05/03/pensiun-dari-film-dewasa-ini-kabar-terakhir-artis-jepang-yang-pernah-main-film-indonesia-ini,No,Shocking content,Restricted ad serving,ca-pub-7784034061253020,41,2024-12-12,2024-12-15
bangka.tribunnews.com,Page,N/A,N/A,bangka.tribunnews.com/2017/11/30/cinta-monyet-berujung-petaka-siswi-smp-dibawa-pacarnya-ke-perumahan-lalu-dicabuli-ramai-ramai?page=all,No,Adult: Sexual content,Restricted ad serving,ca-pub-7784034061253020,41,2024-12-14,2024-12-15
bangka.tribunnews.com,Page,N/A,N/A,bangka.tribunnews.com/2017/07/04/tak-perlu-ngotot-ingin-langsing-wanita-bertubuh-padat-berisi-ternyata-memiliki-kelebihan-ini?page=all,Yes,Site Behavior: Navigation,Restricted ad serving,ca-pub-7784034061253020,41,2024-12-12,2024-12-15
bali.tribunnews.com,Page,N/A,N/A,bali.tribunnews.com/2019/12/13/kesalahan-pemakaian-lip-balm-harusnya-saat-malam-hari-untuk-bibir-lembap-dan-sehat-esok-hari,No,Google-served ads obscuring content,Restricted ad serving,ca-pub-7784034061253020,41,2024-12-11,2024-12-16
www.tribunnews.com,Page,N/A,N/A,www.tribunnews.com/regional/2014/03/25/sisi-lain-aceh-dunia-malam-night-party-seks-dan-alkohol,No,Adult: Sexual content,Restricted ad serving,ca-pub-7784034061253020,40,2024-12-15,2024-12-17
www.tribunnews.com,Page,N/A,N/A,www.tribunnews.com/kesehatan/2013/04/06/inilah-30-lagu-yang-mampu-bangkitkan-hasrat-seks,No,Adult: Sexual content,Restricted ad serving,ca-pub-7784034061253020,40,2024-12-11,2024-12-16
pontianak.tribunnews.com,Page,N/A,N/A,pontianak.tribunnews.com/2017/11/06/6-ramuan-tradisional-bisa-besarkan-payudara-nomor-4-dari-bunga,No,Adult: Sexual content,Restricted ad serving,ca-pub-7784034061253020,40,2024-12-11,2024-12-16
manado.tribunnews.com,Page,N/A,N/A,manado.tribunnews.com/2022/11/10/viral-video-dewasa-selebgram-bali-main-di-sofa-durasi-2-menit-14-detik-kini-terungkap-pemeran-asli,Yes,Ads Disguised as Content,Restricted ad serving,ca-pub-7784034061253020,40,2024-12-11,2024-12-16
lampung.tribunnews.com,Page,N/A,N/A,lampung.tribunnews.com/2020/03/19/gudang-movie-download-film-ready-or-not-sub-indo-nonton-film-samara-weaving,Yes,Copyrighted material (DMCA),Disabled ad serving,,40,2024-12-14,2024-12-17
lampung.tribunnews.com,Page,N/A,N/A,lampung.tribunnews.com/2018/05/21/6-tanda-pasangan-pernah-berhubungan-intim-dengan-pria-lain-suami-mesti-waspada,No,Adult: Sexual content,Restricted ad serving,ca-pub-7784034061253020,40,2024-12-13,2024-12-17
lampung.tribunnews.com,Page,N/A,N/A,lampung.tribunnews.com/2016/06/20/kenapa-kita-bisa-mimpi-basah-dengan-musuh-ini-penjelasannya,No,Adult: Sexual content,Restricted ad serving,ca-pub-7784034061253020,40,2024-12-12,2024-12-16
kupang.tribunnews.com,Page,N/A,N/A,kupang.tribunnews.com/2017/09/13/6-cara-membuat-wanita-terangsang-sentuh-pada-titik-titik-sensitif-ini-dan-bikin-doi-melayang,No,Adult: Sexual content,Restricted ad serving,ca-pub-7784034061253020,40,2024-12-11,2024-12-15
kaltim.tribunnews.com,Page,N/A,N/A,kaltim.tribunnews.com/2019/05/19/lebih-menjanjikan-alasan-wanita-ini-memilih-bekerja-di-smartfren,Yes,Encouraging accidental clicks: Layout;Google-served ads obscuring content,Restricted ad serving,ca-pub-7784034061253020,40,2024-12-11,2024-12-17
jogja.tribunnews.com,Page,N/A,N/A,jogja.tribunnews.com/2016/12/16/4-artis-ini-pernah-berpose-syur-saat-jadi-model-majalah-pria-dewasa,No,Adult: Sexual content,Restricted ad serving,ca-pub-7784034061253020,40,2024-12-11,2024-12-16
jatim.tribunnews.com,Page,N/A,N/A,jatim.tribunnews.com/2018/01/19/kisah-gadis-cilik-yang-kecanduan-seks-selalu-tak-tahan-lihat-cowok-ganteng-kini-begini-nasibnya,No,Shocking content,Restricted ad serving,ca-pub-7784034061253020,40,2024-12-11,2024-12-16
jambi.tribunnews.com,Page,N/A,N/A,jambi.tribunnews.com/2020/11/09/link-full-video-panas-gisella-anastasia-malah-jadi-bahan-tertawaan-di-twitter,Yes,Ads Disguised as Content,Restricted ad serving,ca-pub-7784034061253020,40,2024-12-11,2024-12-16
bangka.tribunnews.com,Page,N/A,N/A,bangka.tribunnews.com/2024/01/21/video-nagita-slavina-joget-seksi-viral-raffi-ahmad-cuek-amy-qanita-bahagia,Yes,Google-served ads obscuring content;Modified Javascript: Ads by Google size,Restricted ad serving,ca-pub-7784034061253020,40,2024-12-11,2024-12-16
bangka.tribunnews.com,Page,N/A,N/A,bangka.tribunnews.com/2017/12/21/ini-dia-ciri-orang-yang-mudah-dan-sulit-kena-gendam-begini-cara-mengujinya,Yes,Encouraging accidental clicks: Layout;Google-served ads obscuring content,Restricted ad serving,ca-pub-7784034061253020,40,2024-12-13,2024-12-16
bangka.tribunnews.com,Page,N/A,N/A,bangka.tribunnews.com/2017/09/12/kisah-janda-cantik-rela-ditiduri-di-kamar-hotel?page=2,No,Shocking content,Restricted ad serving,ca-pub-7784034061253020,40,2024-12-12,2024-12-15
www.tribunnews.com,Page,N/A,N/A,www.tribunnews.com/regional/2017/11/15/aku-bilang-ituku-sakit-tapi-dia-terus-ngajak-hubungan-intim-pakai-terong-dan-timun,No,Adult: Sexual content,Restricted ad serving,ca-pub-7784034061253020,39,2024-12-11,2024-12-17
www.tribunnews.com,Page,N/A,N/A,www.tribunnews.com/regional/2017/05/30/pesan-psk-yang-diinginkan-lewat-online-lalu-transfer-dp-trus-ketemu-di-hotel,No,Adult: Sexual content,Restricted ad serving,ca-pub-7784034061253020,39,2024-12-15,2024-12-15
www.tribunnews.com,Page,N/A,N/A,www.tribunnews.com/metropolitan/2016/05/15/di-spa-ini-terapisnya-topless-sekatnya-hanya-pakai-gorden,Yes,Site Behavior: Navigation,Restricted ad serving,ca-pub-7784034061253020,39,2024-12-11,2024-12-17
suryamalang.tribunnews.com,Page,N/A,N/A,suryamalang.tribunnews.com/2017/04/08/3-posisi-bercinta-yang-bikin-wanita-langsing-hmm-layak-dicoba,No,Adult: Sexual content;Shocking content,Restricted ad serving,ca-pub-7784034061253020,39,2024-12-11,2024-12-16
surabaya.tribunnews.com,Page,N/A,N/A,surabaya.tribunnews.com/2020/01/01/tahun-baru-2020-harga-rokok-naik-berikut-daftar-harga-per-bungkus-ada-yang-naik-sampai-rp-31-ribu?page=all,No,Shocking content,Restricted ad serving,ca-pub-7784034061253020,39,2024-12-12,2024-12-15
sumsel.tribunnews.com,Page,N/A,N/A,sumsel.tribunnews.com/2017/12/22/ingat-dengan-wanita-yang-janji-tampilkan-video-hubungan-intim-live-kabarnya-sekarang-bikin-melongo?page=all,No,Google-served ads obscuring content,Restricted ad serving,ca-pub-7784034061253020,39,2024-12-12,2024-12-16
pontianak.tribunnews.com,Page,N/A,N/A,pontianak.tribunnews.com/2021/02/11/link-video-syur-14-detik-mirip-artis-beredar-di-twitter-dan-telegram-viral-saingi-gisel-dan-nobu,Yes,Ads Disguised as Content,Restricted ad serving,ca-pub-7784034061253020,39,2024-12-11,2024-12-15
pekanbaru.tribunnews.com,Page,N/A,N/A,pekanbaru.tribunnews.com/2018/01/06/begini-nasib-2-bocah-yang-beradegan-panas-di-video-viral-bareng-tante-tante,No,Adult: Sexual content,Restricted ad serving,ca-pub-7784034061253020,39,2024-12-13,2024-12-17
medan.tribunnews.com,Page,N/A,N/A,medan.tribunnews.com/2024/11/04/detik-detik-hertalina-simanjuntak-tewas-ditusuk-suami-saat-sedang-nyanyi-lagu-rohani-live-facebook,No,Shocking content,Restricted ad serving,ca-pub-7784034061253020,39,2024-12-14,2024-12-17
medan.tribunnews.com,Page,N/A,N/A,medan.tribunnews.com/2014/04/03/rasa-bersalah-kate-winslet-beradegan-telanjang-bulat-di-film-titanic,No,Shocking content,Restricted ad serving,ca-pub-7784034061253020,39,2024-12-12,2024-12-15
makassar.tribunnews.com,Page,N/A,N/A,makassar.tribunnews.com/2018/04/19/21-tahun-berlalu-terungkap-adegan-tanpa-busana-film-titanic-bikin-kate-winslet-nyesal-minta-ampun?page=all,No,Adult: Sexual content,Restricted ad serving,ca-pub-7784034061253020,39,2024-12-12,2024-12-16
lampung.tribunnews.com,Page,N/A,N/A,lampung.tribunnews.com/2015/01/10/adegan-seksi-drama-tiongkok-dihapus-warga-protes,No,Adult: Sexual content,Restricted ad serving,ca-pub-7784034061253020,39,2024-12-11,2024-12-16
kupang.tribunnews.com,Page,N/A,N/A,kupang.tribunnews.com/2015/02/22/bintang-porno-jepang-ini-bukukan-kisah-proses-bikin-video-intim,No,Adult: Sexual content,Restricted ad serving,ca-pub-7784034061253020,39,2024-12-11,2024-12-17
bogor.tribunnews.com,Page,N/A,N/A,bogor.tribunnews.com/2017/07/12/pernah-dibayar-rp-20-juta-di-bigo-live-wanita-ini-kini-rekam-video-mandinya-di-live-instagram?page=all,No,Google-served ads obscuring content,Restricted ad serving,ca-pub-7784034061253020,39,2024-12-12,2024-12-16
belitung.tribunnews.com,Page,N/A,N/A,belitung.tribunnews.com/2017/07/05/video-wanita-goyang-goyang-di-ranjang-sang-pria-lakukan-hal-mengejutkan,No,Shocking content,Restricted ad serving,ca-pub-7784034061253020,39,2024-12-12,2024-12-17
bangka.tribunnews.com,Page,N/A,N/A,bangka.tribunnews.com/2017/09/26/video-cewek-cantik-dieksekusi-beredar-begini-seramnya-hukuman-tembak-mati?page=all,No,Shocking content,Restricted ad serving,ca-pub-7784034061253020,39,2024-12-16,2024-12-16
bangka.tribunnews.com,Page,N/A,N/A,bangka.tribunnews.com/2016/08/18/beginilah-ciri-ciri-orang-yang-kecanduan-onani,No,Adult: Sexual content,Restricted ad serving,ca-pub-7784034061253020,39,2024-12-12,2024-12-17
bali.tribunnews.com,Page,N/A,N/A,bali.tribunnews.com/2018/02/10/viral-video-goyangan-hot-3-siswi-sma-masih-mengenakan-seragam-sekolah,Yes,Site Behavior: Navigation,Restricted ad serving,ca-pub-7784034061253020,39,2024-12-11,2024-12-16
bali.tribunnews.com,Page,N/A,N/A,bali.tribunnews.com/2018/02/09/video-mesum-pelajar-sma-kediri-viral-ada-dua-rekaman,No,Shocking content,Restricted ad serving,ca-pub-7784034061253020,39,2024-12-11,2024-12-17
wartakota.tribunnews.com,Page,N/A,N/A,wartakota.tribunnews.com/2014/07/11/ini-ciri-perempuan-pengidap-hiperseksual,No,Adult: Sexual content,Restricted ad serving,ca-pub-7784034061253020,38,2024-12-11,2024-12-15
surabaya.tribunnews.com,Page,N/A,N/A,surabaya.tribunnews.com/2021/06/26/sosok-amel-gadis-18-tahun-yang-disebut-mirip-nike-ardilla-ibu-mendiang-menangis-saat-bertemu,No,Adult: Sexual content,Restricted ad serving,ca-pub-7784034061253020,38,2024-12-13,2024-12-17
style.tribunnews.com,Page,N/A,N/A,style.tribunnews.com/2018/05/06/sadar-nggak-sih-produsen-susu-kental-manis-ini-kini-tak-lagi-pakai-kata-susu-begini-alasannya?page=all,Yes,Site Behavior: Navigation,Restricted ad serving,ca-pub-7784034061253020,38,2024-12-11,2024-12-17
pekanbaru.tribunnews.com,Page,N/A,N/A,pekanbaru.tribunnews.com/2022/02/15/siswi-sma-berhubungan-badan-dengan-pacar-hingga-7-kali-di-rumah-dan-hotel,Yes,Ads Disguised as Content,Restricted ad serving,ca-pub-7784034061253020,38,2024-12-11,2024-12-17
makassar.tribunnews.com,Page,N/A,N/A,makassar.tribunnews.com/2023/05/04/manfaat-berwudhu-sebelum-dan-sesudah-hubungan-suami-istri-buya-yahya-sunah-dianjurkan-nabi,No,Google-served ads obscuring content,Restricted ad serving,ca-pub-7784034061253020,38,2024-12-12,2024-12-16
m.tribunnews.com,Page,N/A,N/A,m.tribunnews.com/kesehatan/2019/06/29/hati-hatu-tinggalkan-jejak-di-leher-pengantin-baru-ini-stroke-hingga-meninggal-karena-ciuman,No,Adult: Sexual content,Restricted ad serving,ca-pub-7784034061253020,38,2024-12-11,2024-12-16
m.tribunnews.com,Page,N/A,N/A,m.tribunnews.com/internasional/2015/11/06/wanita-jepang-dijadikan-kuda-kudaan-hingga-berdarah-darah-oleh-pacarnya,No,Shocking content,Restricted ad serving,ca-pub-7784034061253020,38,2024-12-11,2024-12-15
lampung.tribunnews.com,Page,N/A,N/A,lampung.tribunnews.com/2018/02/04/para-pelayan-seksi-di-kedai-kopi-ini-cuma-pakai-celemek-tanpa-bra-dari-samping-jelas-terlihat,No,Adult: Sexual content,Restricted ad serving,ca-pub-7784034061253020,38,2024-12-14,2024-12-16
kupang.tribunnews.com,Page,N/A,N/A,kupang.tribunnews.com/2014/11/12/miyabi-tampil-telanjang-lagi,Yes,Google-served ads obscuring content;Modified Javascript: Ads by Google size,Restricted ad serving,ca-pub-7784034061253020,38,2024-12-12,2024-12-16
jambi.tribunnews.com,Page,N/A,N/A,jambi.tribunnews.com/404,Yes,Google-served ads on screens without publisher-content,Restricted ad serving,ca-pub-7784034061253020,38,2024-12-14,2024-12-16
bogor.tribunnews.com,Page,N/A,N/A,bogor.tribunnews.com/2017/04/01/penampilannya-menggoda-saat-berpose-di-majalah-dewasa-kini-penampilan-5-model-ini-tak-disangka?page=3,No,Adult: Sexual content,Restricted ad serving,ca-pub-7784034061253020,38,2024-12-16,2024-12-16
bengkulu.tribunnews.com,Page,N/A,N/A,bengkulu.tribunnews.com/2024/12/11/pemicu-rudi-sihaloho-nekat-tikam-3-bocah-kakak-beradik-di-deliserdang-imbas-bungkus-permen?page=3,No,Shocking content,Restricted ad serving,ca-pub-7784034061253020,38,2024-12-11,2024-12-17
bengkulu.tribunnews.com,Page,N/A,N/A,bengkulu.tribunnews.com/2024/12/11/pemicu-rudi-sihaloho-nekat-tikam-3-bocah-kakak-beradik-di-deliserdang-imbas-bungkus-permen?page=2,No,Shocking content,Restricted ad serving,ca-pub-7784034061253020,38,2024-12-11,2024-12-17
bekasi.tribunnews.com,Page,N/A,N/A,bekasi.tribunnews.com/2022/10/19/berikut-139-judul-film-jepang-terbaru-2022-beresolusi-hd-dan-berdurasi-dua-jam-lebih-khusus-dewasa,Yes,Ads Disguised as Content,Restricted ad serving,ca-pub-7784034061253020,38,2024-12-11,2024-12-16
bangka.tribunnews.com,Page,N/A,N/A,bangka.tribunnews.com/2021/10/30/gonta-ganti-pasangan-seksual-jadi-penyebab-sifilis-atau-raja-singa-gunakan-obat-tradisional-ini,No,Shocking content,Restricted ad serving,ca-pub-7784034061253020,38,2024-12-12,2024-12-17
bangka.tribunnews.com,Page,N/A,N/A,bangka.tribunnews.com/2017/05/03/tertarik-bentuknya-yang-putih-payudara-wanita-jepang-ini-diremas-secara-bergiliran-suku-ini,No,Adult: Sexual content,Restricted ad serving,ca-pub-7784034061253020,38,2024-12-11,2024-12-16
bangka.tribunnews.com,Page,N/A,N/A,bangka.tribunnews.com/2016/02/20/contohlah-variasi-bercinta-di-film-porno-tapi-5-gaya-ini-jangan-ditiru,No,Adult: Sexual content,Restricted ad serving,ca-pub-7784034061253020,38,2024-12-11,2024-12-15
www.tribunnews.com,Page,N/A,N/A,www.tribunnews.com/regional/2022/01/12/video-pelajar-sma-berhubungan-intim-gegerkan-nusa-tenggara-barat,Yes,Ads Disguised as Content,Restricted ad serving,ca-pub-7784034061253020,37,2024-12-11,2024-12-17
www.tribunnews.com,Page,N/A,N/A,www.tribunnews.com/regional/2016/05/25/dua-pasang-siswa-sma-di-sidoarjo-kepergok-mesum-di-warnet-ada-kondom-bekasnya,No,Adult: Sexual content,Restricted ad serving,ca-pub-7784034061253020,37,2024-12-11,2024-12-17
www.tribunnews.com,Page,N/A,N/A,www.tribunnews.com/metropolitan/2010/06/02/kuda-putih-bersaing-dengan-cungkok-dan-psk-lokal,No,Adult: Sexual content,Restricted ad serving,ca-pub-7784034061253020,37,2024-12-11,2024-12-17
www.tribunnews.com,Page,N/A,N/A,www.tribunnews.com/lifestyle/2018/01/19/viral-foto-struk-belanja-tahun-1992-lihat-berapa-harga-rokok-saat-itu,No,Tobacco,Restricted ad serving,ca-pub-7784034061253020,37,2024-12-12,2024-12-17
wartakota.tribunnews.com,Page,N/A,N/A,wartakota.tribunnews.com/2017/12/28/psk-usia-35-tahun-ini-sudah-taklukan-30-pria-dalam-2-bulan,No,Adult: Sexual content,Restricted ad serving,ca-pub-7784034061253020,37,2024-12-11,2024-12-17
wartakota.tribunnews.com,Page,N/A,N/A,wartakota.tribunnews.com/2017/08/30/wow-video-goyang-pamela-duo-serigala-dan-teman-wanita-tunjukkan-dada-dikecam-netizen,No,Adult: Sexual content,Restricted ad serving,ca-pub-7784034061253020,37,2024-12-11,2024-12-15
pontianak.tribunnews.com,Page,N/A,N/A,pontianak.tribunnews.com/2018/01/19/lagi-viral-pns-asal-aceh-ini-cantiknya-bikin-jantung-berdegub-kencang,Yes,Site Behavior: Navigation,Restricted ad serving,ca-pub-7784034061253020,37,2024-12-11,2024-12-17
pontianak.tribunnews.com,Page,N/A,N/A,pontianak.tribunnews.com/2014/01/13/boneka-cantik-ini-bisa-memberi-layanan-bagi-pria-kesepian,No,Adult: Sexual content,Restricted ad serving,ca-pub-7784034061253020,37,2024-12-12,2024-12-16
makassar.tribunnews.com,Page,N/A,N/A,makassar.tribunnews.com/2019/05/29/viral-pengakuan-teman-ini-kronologi-tersebarnya-video-mesum-youtuber-banyuwangi-dengan-siswi-smp,Yes,Ads Disguised as Content,Restricted ad serving,ca-pub-7784034061253020,37,2024-12-12,2024-12-16
makassar.tribunnews.com,Page,N/A,N/A,makassar.tribunnews.com/2017/09/05/awas-terlalu-sering-nonton-film-porno-buat-cowok-tak-mau-lagi-bercinta-begini-hasil-studinya,No,Adult: Sexual content,Restricted ad serving,ca-pub-7784034061253020,37,2024-12-11,2024-12-17
m.tribunnews.com,Page,N/A,N/A,m.tribunnews.com/tag/sopir-selingkuh-dengan-istri-majikan,No,Google-served ads obscuring content,Restricted ad serving,ca-pub-7784034061253020,37,2024-12-12,2024-12-17
lampung.tribunnews.com,Page,N/A,N/A,lampung.tribunnews.com/2017/12/12/seperti-manusia-sungguhan-robot-pemuas-nafsu-lelaki-ini-bisa-keluarkan-pelumas,No,Adult: Sexual content,Restricted ad serving,ca-pub-7784034061253020,37,2024-12-11,2024-12-17
kaltim.tribunnews.com,Page,N/A,N/A,kaltim.tribunnews.com/2020/01/07/viral-whatsapp-video-adegan-panas-gadis-pasangan-di-madura-di-lapangan-terbuka-saat-siang-bolong,No,Adult: Sexual content,Restricted ad serving,ca-pub-7784034061253020,37,2024-12-13,2024-12-17
jogja.tribunnews.com,Page,N/A,N/A,jogja.tribunnews.com/2016/08/31/suka-doggy-style-spooning-atau-standing-gaya-favorit-ternyata-ungkap-karaktermu?page=2,No,Adult: Sexual content,Restricted ad serving,ca-pub-7784034061253020,37,2024-12-15,2024-12-16
jateng.tribunnews.com,Page,N/A,N/A,jateng.tribunnews.com/2021/08/04/arti-mimpi-menolong-orang-melahirkan-salah-satunya-bermakna-akan-mendapat-tambahan-penghasilan,Yes,Encouraging accidental clicks: Layout;Google-served ads obscuring content,Restricted ad serving,ca-pub-7784034061253020,37,2024-12-13,2024-12-17
jambi.tribunnews.com,Page,N/A,N/A,jambi.tribunnews.com/2015/02/03/mudahnya-menemukan-gadis-panggilan-dari-yang-abg-sampai-senior,No,Adult: Sexual content,Restricted ad serving,ca-pub-7784034061253020,37,2024-12-12,2024-12-17
batam.tribunnews.com,Page,N/A,N/A,batam.tribunnews.com/2014/01/25/prostitusi-menjalar-ke-pemukiman,No,Adult: Sexual content,Restricted ad serving,ca-pub-7784034061253020,37,2024-12-12,2024-12-17
bangka.tribunnews.com,Page,N/A,N/A,bangka.tribunnews.com/2017/08/05/pakai-daleman-vibrator-ke-supermarket-begini-reaksi-wanita-ini-saat-kekasihnya-pencet-remote?page=2,No,Adult: Sexual content,Restricted ad serving,ca-pub-7784034061253020,37,2024-12-13,2024-12-16
wartakota.tribunnews.com,Page,N/A,N/A,wartakota.tribunnews.com/2022/10/03/viral-video-mesum-gadis-cantik-berpakaian-adat-bali-di-dalam-mobil-phdibali-kecam-keras,Yes,Ads Disguised as Content,Restricted ad serving,ca-pub-7784034061253020,36,2024-12-12,2024-12-15
video.tribunnews.com,Page,N/A,N/A,video.tribunnews.com/view/36007/ibu-guru-ajak-dua-muridnya-berhubungan-seks-begini-sosok-dan-ceritanya,Yes,Site Behavior: Navigation,Restricted ad serving,ca-pub-7784034061253020,36,2024-12-11,2024-12-17
suryamalang.tribunnews.com,Page,N/A,N/A,suryamalang.tribunnews.com/2020/01/30/biduan-dangdut-mabuk-di-panggung-lalu-buka-baju-lepas-bra-bikin-heboh-polisi-turun-tangan,No,Shocking content,Restricted ad serving,ca-pub-7784034061253020,36,2024-12-14,2024-12-17
suryamalang.tribunnews.com,Page,N/A,N/A,suryamalang.tribunnews.com/2018/04/22/masa-kelam-sugarcookie-sebelum-jadi-bintang-video-panas-ternama,No,Adult: Sexual content,Restricted ad serving,ca-pub-7784034061253020,36,2024-12-12,2024-12-16
pontianak.tribunnews.com,Page,N/A,N/A,pontianak.tribunnews.com/2017/11/07/pindah-ke-palembang-mantan-pekerja-alexis-layani-5-tahu-sehari-segini-tarifnya?page=2,No,Adult: Sexual content,Restricted ad serving,ca-pub-7784034061253020,36,2024-12-15,2024-12-15
pontianak.tribunnews.com,Page,N/A,N/A,pontianak.tribunnews.com/2017/07/12/breaking-news-ada-penampakan-di-detik-detik-terakhir-sebelum-korban-lojeng-meninggal-dunia,Yes,Ads Disguised as Content,Restricted ad serving,ca-pub-7784034061253020,36,2024-12-13,2024-12-16
medan.tribunnews.com,Page,N/A,N/A,medan.tribunnews.com/2017/11/04/penyebar-video-bokep-samarinda-seorang-mahasiswa-gini-kronologinya,Yes,Site Behavior: Navigation,Restricted ad serving,ca-pub-7784034061253020,36,2024-12-12,2024-12-15
medan.tribunnews.com,Page,N/A,N/A,medan.tribunnews.com/2016/08/30/5-posisi-seks-ini-populer-di-luar-negeri,No,Adult: Sexual content,Restricted ad serving,ca-pub-7784034061253020,36,2024-12-13,2024-12-16
manado.tribunnews.com,Page,N/A,N/A,manado.tribunnews.com/2019/04/13/ternyata-pakai-kondom-gak-boleh-sembarangan-loh-guys-pahami-cara-cara-berikut,No,Adult: Sexual content,Restricted ad serving,ca-pub-7784034061253020,36,2024-12-13,2024-12-15
makassar.tribunnews.com,Page,N/A,N/A,makassar.tribunnews.com/2021/05/04/senangnya-wanita-penghibur-saat-dipanggil-pelanggan-muda-setelah-main-malah-alami-hal-tak-terduga,Yes,Ads Disguised as Content,Restricted ad serving,ca-pub-7784034061253020,36,2024-12-11,2024-12-16
makassar.tribunnews.com,Page,N/A,N/A,makassar.tribunnews.com/2017/10/30/pria-hidung-belang-ini-ungkap-pengalamannya-cicipi-psk-hotel-alexis-surga-lantai-7-itu-benar,No,Shocking content,Restricted ad serving,ca-pub-7784034061253020,36,2024-12-11,2024-12-15
makassar.tribunnews.com,Page,N/A,N/A,makassar.tribunnews.com/2017/02/08/viral-mahasiswa-bencong-pergoki-suaminya-di-ranjang-selingkuh-dengan-bencong-salon,No,Adult: Sexual content;Shocking content,Restricted ad serving,ca-pub-7784034061253020,36,2024-12-13,2024-12-15
kupang.tribunnews.com,Page,N/A,N/A,kupang.tribunnews.com/2016/01/25/inikah-yang-dipikirkan-wanita-saat-melihat-kelamin-pria,No,Adult: Sexual content,Restricted ad serving,ca-pub-7784034061253020,36,2024-12-12,2024-12-17
kaltim.tribunnews.com,Page,N/A,N/A,kaltim.tribunnews.com/2017/09/13/pria-indonesia-ini-jadi-bintang-film-dewasa-khusus-gay-di-luar-negeri,No,Shocking content,Restricted ad serving,ca-pub-7784034061253020,36,2024-12-12,2024-12-16
jogja.tribunnews.com,Page,N/A,N/A,jogja.tribunnews.com/kesehatan/seks,No,Adult: Sexual content,Restricted ad serving,ca-pub-7784034061253020,36,2024-12-11,2024-12-16
jateng.tribunnews.com,Page,N/A,N/A,jateng.tribunnews.com/2021/03/18/viral-video-syur-3-menit-di-bogor-cewek-bergaun-merah-main-di-hotel-polisi-dapat-identitas-pelaku,Yes,Ads Disguised as Content,Restricted ad serving,ca-pub-7784034061253020,36,2024-12-11,2024-12-17
jambi.tribunnews.com,Page,N/A,N/A,jambi.tribunnews.com/2018/11/03/aktor-film-dewasa-ungkap-bisa-tahan-lama-dalam-berhubungan-intim-ini-dia-rahasianya,No,Adult: Sexual content,Restricted ad serving,ca-pub-7784034061253020,36,2024-12-11,2024-12-15
jambi.tribunnews.com,Page,N/A,N/A,jambi.tribunnews.com/2018/06/20/gay-asal-indonesia-ini-terkenal-di-luar-negeri-sebagai-pemain-film-khusus-sesama-jenis-wow,Yes,Ads Disguised as Content,Restricted ad serving,ca-pub-7784034061253020,36,2024-12-12,2024-12-17
jambi.tribunnews.com,Page,N/A,N/A,jambi.tribunnews.com/2018/01/18/perhatikan-ini-ciri-wanita-yang-sering-melakukan-masturbasi-7-tanda-ini-bakal-mengungkapkannya?page=3,No,Adult: Sexual content,Restricted ad serving,ca-pub-7784034061253020,36,2024-12-11,2024-12-17
jabar.tribunnews.com,Page,N/A,N/A,jabar.tribunnews.com/2023/05/05/pengobatan-alat-vital-yogyakarta-kang-deni-terbukti-secara-alamiah,No,Adult: Sexual content,Restricted ad serving,ca-pub-7784034061253020,36,2024-12-14,2024-12-15
jabar.tribunnews.com,Page,N/A,N/A,jabar.tribunnews.com/2018/05/23/heboh-anak-sd-hamili-siswi-smp-ini-tips-menghindarkan-anak-dari-seks-dini?page=2,No,Shocking content,Restricted ad serving,ca-pub-7784034061253020,36,2024-12-14,2024-12-15
belitung.tribunnews.com,Page,N/A,N/A,belitung.tribunnews.com/2024/04/09/suami-syok-pergoki-istri-tanpa-busana-dengan-pria-lain-di-kamar-mandi?page=3,Yes,Google-served ads obscuring content;Modified Javascript: Ads by Google size,Restricted ad serving,ca-pub-7784034061253020,36,2024-12-17,2024-12-17
belitung.tribunnews.com,Page,N/A,N/A,belitung.tribunnews.com/2020/06/13/tuntut-produsen-alat-kontrasepsi-gara-gara-istri-hamil-pria-ini-malah-diajari-cara-pakai-kondom?page=2,No,Adult: Sexual content,Restricted ad serving,ca-pub-7784034061253020,36,2024-12-12,2024-12-16
batam.tribunnews.com,Page,N/A,N/A,batam.tribunnews.com/2017/11/09/walah-begini-rupanya-cara-seorang-lesbi-di-batam-merenggut-keperawanan-siswi-smp,No,Shocking content,Restricted ad serving,ca-pub-7784034061253020,36,2024-12-15,2024-12-15
bangka.tribunnews.com,Page,N/A,N/A,bangka.tribunnews.com/amp/2022/08/09/kisah-istri-selingkuh-terekam-sedang-berhubungan-suami-istri-dengan-tukang-pijat-di-dalam-mobil,Yes,Encouraging accidental clicks: Layout,Restricted ad serving,ca-pub-7784034061253020,36,2024-12-11,2024-12-15
bangka.tribunnews.com,Page,N/A,N/A,bangka.tribunnews.com/2017/07/13/ekspresi-tertawa-9-negara-dari-jajaja-hingga-kahkahkahkah,No,Adult: Sexual content,Restricted ad serving,ca-pub-7784034061253020,36,2024-12-11,2024-12-15
bangka.tribunnews.com,Page,N/A,N/A,bangka.tribunnews.com/2016/05/01/ssst-inilah-ciri-ciri-orang-yang-kecanduan-onani?page=1,No,Adult: Sexual content,Restricted ad serving,ca-pub-7784034061253020,36,2024-12-11,2024-12-16
bali.tribunnews.com,Page,N/A,N/A,bali.tribunnews.com/2017/09/27/bisa-diremas-remas-harga-boneka-nikita-mirzani-sampai-rp-15-juta-seperti-jelly,No,Adult: Sexual content,Restricted ad serving,ca-pub-7784034061253020,36,2024-12-11,2024-12-16
www.tribunnews.com,Page,N/A,N/A,www.tribunnews.com/regional/2020/01/30/foto-tanpa-busana-siswi-sma-di-tuban-mendadak-viral-disebar-eks-pacar-pelaku-ungkap-niat-sebenarnya,No,Shocking content,Restricted ad serving,ca-pub-7784034061253020,35,2024-12-12,2024-12-17
www.tribunnews.com,Page,N/A,N/A,www.tribunnews.com/regional/2014/03/02/wanita-panggilan-gelar-expo-di-palembang,No,Adult: Sexual content,Restricted ad serving,ca-pub-7784034061253020,35,2024-12-11,2024-12-16
wartakota.tribunnews.com,Page,N/A,N/A,wartakota.tribunnews.com/2021/01/15/apa-arti-sugar-daddy-sugar-babby-dan,No,Google-served ads obscuring content,Restricted ad serving,ca-pub-7784034061253020,35,2024-12-11,2024-12-15
video.tribunnews.com,Page,N/A,N/A,video.tribunnews.com/view/49963/pengakuan-pasutri-pelaku-pesta-seks-dan-bertukar-pasangan-di-surabaya-yang-digerebek-polisi?_ga=2.37132448.1492852797.1523969284-77455013.1493127803,No,Adult: Sexual content,Restricted ad serving,ca-pub-7784034061253020,35,2024-12-16,2024-12-17
pontianak.tribunnews.com,Page,N/A,N/A,pontianak.tribunnews.com/2018/01/25/8-artis-indonesia-ini-tak-perawan-di-usia-belasan-nomor-2-tak-malu-mengakuinya-di-depan-publik?page=all,Yes,Site Behavior: Navigation,Restricted ad serving,ca-pub-7784034061253020,35,2024-12-14,2024-12-15
pontianak.tribunnews.com,Page,N/A,N/A,pontianak.tribunnews.com/2018/01/04/video-bokep-anak-sd-dengan-wanita-dewasa-tersebar-polisi-temukan-fakta-mengejutkan,No,Adult: Sexual content,Restricted ad serving,ca-pub-7784034061253020,35,2024-12-12,2024-12-17
medan.tribunnews.com,Page,N/A,N/A,medan.tribunnews.com/2017/06/29/foto-bugil-artis-korea-sulli-bocor-di-dunia-maya,No,Google-served ads obscuring content,Restricted ad serving,ca-pub-7784034061253020,35,2024-12-14,2024-12-17
makassar.tribunnews.com,Page,N/A,N/A,makassar.tribunnews.com/2020/07/31/ini-29-aplikasi-link-nonton-film-online-film-dewasa-drakor-download-film-mirip-indoxxi-gratis?page=3,No,Google-served ads obscuring content,Restricted ad serving,ca-pub-7784034061253020,35,2024-12-11,2024-12-15
makassar.tribunnews.com,Page,N/A,N/A,makassar.tribunnews.com/2019/10/01/tergiur-pakaian-seksi-pria-ini-bersetubuh-dengan-adik-ipar-lalu-dibayar-ini-kronologi,No,Adult: Sexual content,Restricted ad serving,ca-pub-7784034061253020,35,2024-12-13,2024-12-17
makassar.tribunnews.com,Page,N/A,N/A,makassar.tribunnews.com/2017/05/20/berbeda-dari-wanita-asia-timur-pada-umumnya-perempuan-ini-jadi-sorotan-netizen-coba-perhatikan,Yes,Site Behavior: Navigation,Restricted ad serving,ca-pub-7784034061253020,35,2024-12-12,2024-12-16
kupang.tribunnews.com,Page,N/A,N/A,kupang.tribunnews.com/amp/2017/12/09/tanpa-sensor-para-pemain-di-lima-film-ini-benar-benar-lakukan-adegan-ranjang-di-depan-kamera,Yes,Site Behavior: Navigation,Restricted ad serving,ca-pub-7784034061253020,35,2024-12-12,2024-12-16
jateng.tribunnews.com,Page,N/A,N/A,jateng.tribunnews.com/2021/11/07/pengakuan-burhan-pasien-perpanjang-alat-vital-di-cucu-mak-erot-saya-sempat-gagal?page=all,Yes,Ads Disguised as Content,Restricted ad serving,ca-pub-7784034061253020,35,2024-12-13,2024-12-16
jateng.tribunnews.com,Page,N/A,N/A,jateng.tribunnews.com/2016/05/02/inilah-9-wanita-berparas-cantik-namun-memilih-karier-sebagai-bintang-film-porno,No,Adult: Sexual content,Restricted ad serving,ca-pub-7784034061253020,35,2024-12-15,2024-12-16
jambi.tribunnews.com,Page,N/A,N/A,jambi.tribunnews.com/2013/04/04/merasa-digoda-ibu-mertua-sampai-berfantasi-seks-harus-bagaimana,No,Adult: Sexual content,Restricted ad serving,ca-pub-7784034061253020,35,2024-12-11,2024-12-17
jabar.tribunnews.com,Page,N/A,N/A,jabar.tribunnews.com/2022/02/28/pengobatan-alat-vital-bogor-cibinong-h-saepudin-cucu-mak-erot,Yes,Ads Disguised as Content,Restricted ad serving,ca-pub-7784034061253020,35,2024-12-11,2024-12-15
jabar.tribunnews.com,Page,N/A,N/A,jabar.tribunnews.com/2017/09/17/gila-tiga-wanita-cantik-ini-kecanduan-berhubungan-intim-hingga-puluhan-kali-dalam-sehari,No,Adult: Sexual content,Restricted ad serving,ca-pub-7784034061253020,35,2024-12-11,2024-12-16
batam.tribunnews.com,Page,N/A,N/A,batam.tribunnews.com/2020/03/27/video-panas-pramugari-berdurasi-18-menit-bersama-kekasihnya-di-kamar-hotel-polisi-ungkap-fakta-baru,Yes,Ads Disguised as Content,Restricted ad serving,ca-pub-7784034061253020,35,2024-12-12,2024-12-17
bangka.tribunnews.com,Page,N/A,N/A,bangka.tribunnews.com/2018/09/17/cara-mudah-agar-tekanan-darah-tinggi-dan-sakit-kepala-reda-tekan-5-titik-pada-tubuh-ini,No,Shocking content,Restricted ad serving,ca-pub-7784034061253020,35,2024-12-11,2024-12-16
bangka.tribunnews.com,Page,N/A,N/A,bangka.tribunnews.com/2017/02/11/kisah-pilu-pemilik-penis-terbesar-di-dunia-ditolak-wanita-hingga-pengen-jadi-bintang-porno,Yes,Ads Disguised as Content,Restricted ad serving,ca-pub-7784034061253020,35,2024-12-11,2024-12-17
www.tribunnews.com,Page,N/A,N/A,www.tribunnews.com/travel/2015/11/22/akihabara-surga-belanja-video-games-gadget-komik-hingga-sex-toys-di-tokyo,No,Adult: Sexual content,Restricted ad serving,ca-pub-7784034061253020,34,2024-12-11,2024-12-15
www.tribunnews.com,Page,N/A,N/A,www.tribunnews.com/regional/2017/08/07/cewek-suka-pamer-dada-ini-bikin-resah-fotonya-pun-viral,No,Adult: Sexual content,Restricted ad serving,ca-pub-7784034061253020,34,2024-12-11,2024-12-16
www.tribunnews.com,Page,N/A,N/A,www.tribunnews.com/metropolitan/2015/04/30/istilah-ngejob-isyarat-bersetubuh-dengan-pria-hidung-belang,No,Adult: Sexual content,Restricted ad serving,ca-pub-7784034061253020,34,2024-12-14,2024-12-16
www.tribunnews.com,Page,N/A,N/A,www.tribunnews.com/kesehatan/2016/03/22/tujuh-aksi-erotis-istri-yang-dinanti-suami,No,Adult: Sexual content,Restricted ad serving,ca-pub-7784034061253020,34,2024-12-11,2024-12-17
www.tribunnews.com,Page,N/A,N/A,www.tribunnews.com/kesehatan/2015/12/13/benarkah-gairah-seks-meninggi-usai-makan-pedas,No,Adult: Sexual content,Restricted ad serving,ca-pub-7784034061253020,34,2024-12-13,2024-12-16
wartakota.tribunnews.com,Page,N/A,N/A,wartakota.tribunnews.com/2022/05/26/video-tiktokers-berhijab-pamer-payudara-menuai-kecaman-banyak-netizen,Yes,Ads Disguised as Content,Restricted ad serving,ca-pub-7784034061253020,34,2024-12-11,2024-12-16
sultra.tribunnews.com,Page,N/A,N/A,sultra.tribunnews.com/2022/10/29/video-viral-di-twitter-ditik-detik-wanita-berhijab-digrepe-grepe-lelaki-di-minimarket,Yes,Ads Disguised as Content,Restricted ad serving,ca-pub-7784034061253020,34,2024-12-11,2024-12-16
pontianak.tribunnews.com,Page,N/A,N/A,pontianak.tribunnews.com/2018/01/24/10-foto-dan-video-artis-indonesia-telanjang-beredar-di-internet-ada-yang-dilaporkan-ke-polisi?page=all,No,Adult: Sexual content,Restricted ad serving,ca-pub-7784034061253020,34,2024-12-13,2024-12-15
pekanbaru.tribunnews.com,Page,N/A,N/A,pekanbaru.tribunnews.com/2023/08/26/diperankan-angeli-khang-nonton-film-silip-sa-apoy-2022,No,Google-served ads obscuring content,Restricted ad serving,ca-pub-7784034061253020,34,2024-12-13,2024-12-16
pekanbaru.tribunnews.com,Page,N/A,N/A,pekanbaru.tribunnews.com/2019/12/08/tim-gabungan-kota-dumai-razia-tempat-hiburan-malam-ilegal-temukan-kamar-dan-perangkat-karaoke,No,Shocking content,Restricted ad serving,ca-pub-7784034061253020,34,2024-12-15,2024-12-15
manado.tribunnews.com,Page,N/A,N/A,manado.tribunnews.com/2020/11/10/video-panas-mirip-jessica-iskandar-durasi-30-detik,Yes,Ads Disguised as Content,Restricted ad serving,ca-pub-7784034061253020,34,2024-12-12,2024-12-16
manado.tribunnews.com,Page,N/A,N/A,manado.tribunnews.com/2018/01/30/wanita-wajib-waspada-boneka-pemuas-nafsu-pria-ini-makin-laris-ternyata-segini-harganya,No,Adult: Sexual content,Restricted ad serving,ca-pub-7784034061253020,34,2024-12-11,2024-12-17
makassar.tribunnews.com,Page,N/A,N/A,makassar.tribunnews.com/seleb/gosipi,No,Adult: Sexual content,Restricted ad serving,ca-pub-7784034061253020,34,2024-12-12,2024-12-15
makassar.tribunnews.com,Page,N/A,N/A,makassar.tribunnews.com/2019/08/19/viral-video-panas-mahasiswi-yogyakarta-tersebar-di-whatsapp-wa-dan-line-ini-motif-pelaku,No,Adult: Sexual content,Restricted ad serving,ca-pub-7784034061253020,34,2024-12-11,2024-12-15
makassar.tribunnews.com,Page,N/A,N/A,makassar.tribunnews.com/2016/05/05/wanita-cantik-ini-ternyata-boneka-seks-harganya-rp-130-juta,No,Adult: Sexual content,Restricted ad serving,ca-pub-7784034061253020,34,2024-12-11,2024-12-16
m.tribunnews.com,Page,N/A,N/A,m.tribunnews.com/images/model/view/493402/baby-margaretha,No,Adult: Sexual content,Restricted ad serving,ca-pub-7784034061253020,34,2024-12-14,2024-12-17
jogja.tribunnews.com,Page,N/A,N/A,jogja.tribunnews.com/2020/10/17/empat-zodiak-yang-paling-cocok-dengan-taurus-dalam-urusan-ranjang,Yes,Ads Disguised as Content,Restricted ad serving,ca-pub-7784034061253020,34,2024-12-12,2024-12-16
jogja.tribunnews.com,Page,N/A,N/A,jogja.tribunnews.com/2017/08/24/nonton-razia-psk-di-tv-pria-ini-kaget-istrinya-ikut-terjaring-ini-tarifnya-semalam,Yes,Site Behavior: Navigation,Restricted ad serving,ca-pub-7784034061253020,34,2024-12-14,2024-12-15
jatim.tribunnews.com,Page,N/A,N/A,jatim.tribunnews.com/2021/05/31/ternyata-siswi-smp-yang-video-nyaris-bugil-hingga-viral-ketagihan-seks-seminggu-bisa-5-pria-berbeda,Yes,Ads Disguised as Content,Restricted ad serving,ca-pub-7784034061253020,34,2024-12-11,2024-12-16
bangka.tribunnews.com,Page,N/A,N/A,bangka.tribunnews.com/2016/09/11/video-inilah-wajah-gigolo-imigran-langganan-tante-tante-girang,Yes,Site Behavior: Navigation,Restricted ad serving,ca-pub-7784034061253020,34,2024-12-13,2024-12-17
bangka.tribunnews.com,Page,N/A,N/A,bangka.tribunnews.com/2016/09/03/inilah-wanita-cantik-ini-terjun-ke-film-panas-mulai-dari-bantu-teman-hingga-salurkan-hobi,Yes,Ads Disguised as Content,Restricted ad serving,ca-pub-7784034061253020,34,2024-12-12,2024-12-15
bali.tribunnews.com,Page,N/A,N/A,bali.tribunnews.com/2017/02/18/jangan-gagal-fokus-area-pribadi-wanita-terlihat-bila-pakai-celana-dalam-ini,No,Adult: Sexual content,Restricted ad serving,ca-pub-7784034061253020,34,2024-12-11,2024-12-16
bali.tribunnews.com,Page,N/A,N/A,bali.tribunnews.com/2016/07/18/video-handuk-artis-cantik-korea-ini-melorot-di-depan-kamera-rambut-clara-lee-tampak-basah,Yes,Site Behavior: Navigation,Restricted ad serving,ca-pub-7784034061253020,34,2024-12-11,2024-12-16
www.tribunnews.com,Page,N/A,N/A,www.tribunnews.com/regional/2014/10/31/berbagi-foto-hot-dan-pengalaman-eksekusi-di-forum-online,No,Shocking content,Restricted ad serving,ca-pub-7784034061253020,33,2024-12-11,2024-12-16
www.tribunnews.com,Page,N/A,N/A,www.tribunnews.com/kesehatan/2015/12/18/tujuh-hal-yang-bikin-suami-malas-bercinta-saat-istri-hamil,No,Adult: Sexual content,Restricted ad serving,ca-pub-7784034061253020,33,2024-12-11,2024-12-17
www.tribunnews.com,Page,N/A,N/A,www.tribunnews.com/internasional/2017/12/03/boneka-seks-tercanggih-saat-ini-sekilas-mirip-wanita-seksi-tutur-bahasa-lembut-dan-pencemburu,No,Adult: Sexual content,Restricted ad serving,ca-pub-7784034061253020,33,2024-12-11,2024-12-17
www.tribunnews.com,Page,N/A,N/A,www.tribunnews.com/internasional/2012/06/29/sadis-kartel-obat-terlarang-rekam-adegan-penggal-kepala,No,Shocking content,Restricted ad serving,ca-pub-7784034061253020,33,2024-12-11,2024-12-17
pontianak.tribunnews.com,Page,N/A,N/A,pontianak.tribunnews.com/2017/11/13/6-artis-papan-atas-ini-menyesal-pernah-bugil-dan-lakukan-adegan-panas-di-film?page=3,No,Adult: Sexual content,Restricted ad serving,ca-pub-7784034061253020,33,2024-12-12,2024-12-15
pekanbaru.tribunnews.com,Page,N/A,N/A,pekanbaru.tribunnews.com/2023/05/16/twitter-video-viral-ada-link-video-viral-dua-selebgram-cantik-syafilah-dan-syalifah-beredar?page=all,No,Google-served ads obscuring content,Restricted ad serving,ca-pub-7784034061253020,33,2024-12-15,2024-12-15
palembang.tribunnews.com,Page,N/A,N/A,palembang.tribunnews.com/2016/05/28/8-adegan-seks-yang-terjadi-di-film-porno-jarang-terjadi-di-kamar-tidur-anda,No,Adult: Sexual content,Restricted ad serving,ca-pub-7784034061253020,33,2024-12-12,2024-12-15
medan.tribunnews.com,Page,N/A,N/A,medan.tribunnews.com/2021/09/17/sadisnya-kkb-papua-nakes-wanita-ditelanjangi-kemudian-ditikam-dan-dibuang-ke-jurang,Yes,Ads Disguised as Content,Restricted ad serving,ca-pub-7784034061253020,33,2024-12-15,2024-12-15
medan.tribunnews.com,Page,N/A,N/A,medan.tribunnews.com/2017/04/28/luar-biasa-bintang-filim-porno-82-tahun-ini-ungkap-rahasia-kebugarannya-di-ranjang,No,Adult: Sexual content,Restricted ad serving,ca-pub-7784034061253020,33,2024-12-13,2024-12-17
kalteng.tribunnews.com,Page,N/A,N/A,kalteng.tribunnews.com/2019/04/01/viral-video-pasangan-gancet-saat-berhubungan-intim-pernah-terjadi-juga-di-indonesia,No,Adult: Sexual content,Restricted ad serving,ca-pub-7784034061253020,33,2024-12-11,2024-12-17
jogja.tribunnews.com,Page,N/A,N/A,jogja.tribunnews.com/2014/04/10/panjang-mrp-saat-ereksi-hanyalah-14-centimeter,No,Adult: Sexual content,Restricted ad serving,ca-pub-7784034061253020,33,2024-12-11,2024-12-17
bengkulu.tribunnews.com,Page,N/A,N/A,bengkulu.tribunnews.com/2024/03/13/translate-lagu-bust-it-open-sound-dance-tiktok-viral-pecahkan-buka-vagxxx-itu,No,Google-served ads obscuring content,Restricted ad serving,ca-pub-7784034061253020,33,2024-12-11,2024-12-17
belitung.tribunnews.com,Page,N/A,N/A,belitung.tribunnews.com/2018/01/05/lagi-tren-terapi-pemutihan-alat-vital-pria-100-orang-ikut-terapi-dalam-sebulan-segini-biayanya,No,Adult: Sexual content,Restricted ad serving,ca-pub-7784034061253020,33,2024-12-14,2024-12-17
banjarmasin.tribunnews.com,Page,N/A,N/A,banjarmasin.tribunnews.com/2019/10/06/netizen-heboh-terpantau-google-maps-pasangan-tanpa-busana-mesum-di-pinggir-jalan,No,Adult: Sexual content,Restricted ad serving,ca-pub-7784034061253020,33,2024-12-11,2024-12-17
bangka.tribunnews.com,Page,N/A,N/A,bangka.tribunnews.com/2022/06/11/obat-lemah-syahwat-ala-dr-zaidul-akbar-coba-saja-buat-ramuan-sederhana-ini-di-rumah,Yes,Ads Disguised as Content,Restricted ad serving,ca-pub-7784034061253020,33,2024-12-11,2024-12-17
bali.tribunnews.com,Page,N/A,N/A,bali.tribunnews.com/2017/08/08/risiko-seks-oral-bukan-sipilis-dan-hiv-namun-malah-memicu-kanker-lidah-dan-mulut-bagaimana-bisa?page=2,No,Google-served ads obscuring content,Restricted ad serving,ca-pub-7784034061253020,33,2024-12-12,2024-12-16
www.tribunnews.com,Page,N/A,N/A,www.tribunnews.com/section/2019/03/14/pembunuhan-sadis-jasad-gadis-16-tahun-ditemukan-dengan-wajah-dikuliti-dan-beberapa-organ-hilang,Yes,Ads Disguised as Content,Restricted ad serving,ca-pub-7784034061253020,32,2024-12-12,2024-12-17
www.tribunnews.com,Page,N/A,N/A,www.tribunnews.com/regional/2019/07/16/menelusuri-geliat-prostitusi-online-di-jambi-mulai-dari-tarif-hingga-hotel-berbintang,No,Shocking content,Restricted ad serving,ca-pub-7784034061253020,32,2024-12-13,2024-12-17
www.tribunnews.com,Page,N/A,N/A,www.tribunnews.com/regional/2014/12/13/bursa-seks-kota-pempek-dari-siswi-sma-hingga-psk-impor-bertarif-rp-10-juta,No,Adult: Sexual content,Restricted ad serving,ca-pub-7784034061253020,32,2024-12-11,2024-12-15
www.tribunnews.com,Page,N/A,N/A,www.tribunnews.com/regional/2013/08/23/pria-membeli-wanita-dalam-adat-nikahan-oku-selatan,No,Shocking content,Restricted ad serving,ca-pub-7784034061253020,32,2024-12-13,2024-12-17
www.tribunnews.com,Page,N/A,N/A,www.tribunnews.com/metropolitan/2016/08/04/warga-beri-info-tarif-plus-plus-panti-pijat-ini-resepsionis-tantang-wartawan,No,Adult: Sexual content,Restricted ad serving,ca-pub-7784034061253020,32,2024-12-11,2024-12-17
www.tribunnews.com,Page,N/A,N/A,www.tribunnews.com/internasional/2017/06/17/wanita-cantik-buka-baju-dan-celana-di-tempat-umum-demi-tujuan-mulia,Yes,Site Behavior: Navigation,Restricted ad serving,ca-pub-7784034061253020,32,2024-12-11,2024-12-16
wartakota.tribunnews.com,Page,N/A,N/A,wartakota.tribunnews.com/amp/2015/12/04/kasus-hubungan-intim-antara-manusia-dan-kuda-meningkat-di-swiss,No,Adult: Sexual content,Restricted ad serving,ca-pub-7784034061253020,32,2024-12-11,2024-12-17
wartakota.tribunnews.com,Page,N/A,N/A,wartakota.tribunnews.com/2015/07/30/pelukan-membuat-wanita-lebih-bergairah,No,Adult: Sexual content,Restricted ad serving,ca-pub-7784034061253020,32,2024-12-13,2024-12-15
wartakota.tribunnews.com,Page,N/A,N/A,wartakota.tribunnews.com/2014/07/02/ini-tujuh-posisi-bercinta-sesuai-suasana-hati,No,Adult: Sexual content,Restricted ad serving,ca-pub-7784034061253020,32,2024-12-13,2024-12-17
wartakota.tribunnews.com,Page,N/A,N/A,wartakota.tribunnews.com/2013/10/29/penelitian-terakhir-orgasme-wanita-dimulai-dari-buka-bh,No,Adult: Sexual content,Restricted ad serving,ca-pub-7784034061253020,32,2024-12-13,2024-12-17
pontianak.tribunnews.com,Page,N/A,N/A,pontianak.tribunnews.com/2017/10/21/payudara-terasa-sakit-saat-menstruasi-ini-solusinya,No,Adult: Sexual content,Restricted ad serving,ca-pub-7784034061253020,32,2024-12-12,2024-12-15
makassar.tribunnews.com,Page,N/A,N/A,makassar.tribunnews.com/2017/08/15/tarif-segini-tawarkan-pijat-plus-plus-via-whatsapp-6-mucikari-tak-berkutik,No,Adult: Sexual content,Restricted ad serving,ca-pub-7784034061253020,32,2024-12-11,2024-12-15
m.tribunnews.com,Page,N/A,N/A,m.tribunnews.com/kesehatan/2016/08/03/enam-ciri-ciri-istri-ingin-berhubungan-intim-yang-jarang-diketahui-suami?page=2,No,Adult: Sexual content,Restricted ad serving,ca-pub-7784034061253020,32,2024-12-11,2024-12-17
lampung.tribunnews.com,Page,N/A,N/A,lampung.tribunnews.com/2017/11/26/6-fakta-cewek-dan-laki-laki-nonton-film-dewasa-ternyata-seperti-ini,No,Adult: Sexual content,Restricted ad serving,ca-pub-7784034061253020,32,2024-12-12,2024-12-16
lampung.tribunnews.com,Page,N/A,N/A,lampung.tribunnews.com/2016/06/25/video-nanah-mancur-dari-telapak-tangan-pria-yang-melepuh-besar,Yes,Ads Disguised as Content,Restricted ad serving,ca-pub-7784034061253020,32,2024-12-13,2024-12-16
lampung.tribunnews.com,Page,N/A,N/A,lampung.tribunnews.com/2015/10/16/video-ngeri-benjolan-gede-di-tangan-di-tusuk-pakai-gunting,Yes,Ads Disguised as Content,Restricted ad serving,ca-pub-7784034061253020,32,2024-12-12,2024-12-17
kupang.tribunnews.com,Page,N/A,N/A,kupang.tribunnews.com/2019/09/23/dj-bebby-fey-disetubuhi-genderuwo-seteru-atta-halilintar-ketagihan-berzina-ama-makhluk-seram-ini,No,Adult: Sexual content,Restricted ad serving,ca-pub-7784034061253020,32,2024-12-11,2024-12-15
jateng.tribunnews.com,Page,N/A,N/A,jateng.tribunnews.com/2015/11/01/adinda-obati-kista-menggunakan-daun-sirih-dan-sirsak,No,Shocking content,Restricted ad serving,ca-pub-7784034061253020,32,2024-12-13,2024-12-17
jabar.tribunnews.com,Page,N/A,N/A,jabar.tribunnews.com/2014/12/12/hati-hati-tanpa-berhubungan-intim-perempuan-bisa-hamil,No,Adult: Sexual content,Restricted ad serving,ca-pub-7784034061253020,32,2024-12-11,2024-12-17
belitung.tribunnews.com,Page,N/A,N/A,belitung.tribunnews.com/2017/06/29/sering-tidur-telanjang-gadis-ini-diperkosa-teman-serumahnya-tak-terbangun-dikira-mimpi-basah,No,Adult: Sexual content,Restricted ad serving,ca-pub-7784034061253020,32,2024-12-12,2024-12-17
belitung.tribunnews.com,Page,N/A,N/A,belitung.tribunnews.com/2017/04/23/kabarnya-gisella-anastasia-operasi-payudara-jadi-makin-berani-tampil-seksi,No,Adult: Sexual content,Restricted ad serving,ca-pub-7784034061253020,32,2024-12-12,2024-12-16
belitung.tribunnews.com,Page,N/A,N/A,belitung.tribunnews.com/2016/08/01/delapan-cara-ini-ampuh-memancing-hasrat-wanita,No,Adult: Sexual content,Restricted ad serving,ca-pub-7784034061253020,32,2024-12-11,2024-12-17
belitung.tribunnews.com,Page,N/A,N/A,belitung.tribunnews.com/2016/01/25/cerita-obsebsi-seks-orang-jepang-dan-prediksinya,No,Adult: Sexual content,Restricted ad serving,ca-pub-7784034061253020,32,2024-12-11,2024-12-17
bangka.tribunnews.com,Page,N/A,N/A,bangka.tribunnews.com/2023/09/11/bisnis-seksi-si-meja-goyang-di-belitung-timur-10-menit-bisa-olah-5-kilogram-pasir-timah,Yes,Google-served ads obscuring content;Modified Javascript: Ads by Google size,Restricted ad serving,ca-pub-7784034061253020,32,2024-12-11,2024-12-15
bangka.tribunnews.com,Page,N/A,N/A,bangka.tribunnews.com/2019/02/02/kambing-hamil-diperkosa-beramai-ramai-hingga-tewas-pengidap-zoophilia-sulit-disembuhkan,No,Shocking content,Restricted ad serving,ca-pub-7784034061253020,32,2024-12-12,2024-12-17
bangka.tribunnews.com,Page,N/A,N/A,bangka.tribunnews.com/2016/01/02/kecantikan-wanita-nampak-jika-sering-melakukan-5-hal-ini,No,Adult: Sexual content,Restricted ad serving,ca-pub-7784034061253020,32,2024-12-12,2024-12-16
bali.tribunnews.com,Page,N/A,N/A,bali.tribunnews.com/2020/01/11/ini-dampak-sodomi-bagi-tubuh-seseorang-bisa-hiv-hingga-kanker-anus,No,Shocking content,Restricted ad serving,ca-pub-7784034061253020,32,2024-12-13,2024-12-16
bali.tribunnews.com,Page,N/A,N/A,bali.tribunnews.com/2017/07/29/ini-dia-5-tanda-khusus-fisik-wanita-yang-nafsu-birahinya-meletup-letup?page=2,No,Adult: Sexual content,Restricted ad serving,ca-pub-7784034061253020,32,2024-12-13,2024-12-17
www.tribunnews.com,Page,N/A,N/A,www.tribunnews.com/metropolitan/2013/03/10/benget-campur-soto-jualan-dengan-potongan-tubuh-tuti,No,Shocking content,Restricted ad serving,ca-pub-7784034061253020,31,2024-12-11,2024-12-16
www.tribunnews.com,Page,N/A,N/A,www.tribunnews.com/kesehatan/2016/02/21/tak-disangka-lima-hal-ini-hanya-terjadi-di-film-esek-esek,No,Adult: Sexual content,Restricted ad serving,ca-pub-7784034061253020,31,2024-12-13,2024-12-17
www.tribunnews.com,Page,N/A,N/A,www.tribunnews.com/internasional/2010/11/15/foto-pre-wedding-bugil-lagi-ngetren-di-china,No,Google-served ads obscuring content,Restricted ad serving,ca-pub-7784034061253020,31,2024-12-12,2024-12-17
pontianak.tribunnews.com,Page,N/A,N/A,pontianak.tribunnews.com/2018/06/05/9-artis-seksi-indonesia-yang-tampil-toples-di-film-berani-adegan-panas-sama-bule?page=all,No,Adult: Sexual content,Restricted ad serving,ca-pub-7784034061253020,31,2024-12-15,2024-12-17
pekanbaru.tribunnews.com,Page,N/A,N/A,pekanbaru.tribunnews.com/2022/09/28/link-video-jojo-atau-jeje-jj-viral-2-menit-hingga-15-menit-diburu-netizen-lolewpop-penyebabnya,Yes,Ads Disguised as Content,Restricted ad serving,ca-pub-7784034061253020,31,2024-12-11,2024-12-16
medan.tribunnews.com,Page,N/A,N/A,medan.tribunnews.com/2020/03/06/10-bagian-sensitif-wanita-yang-sangat-suka-disentuh-membuat-mereka-senang-saat-berhubungan-intim,No,Adult: Sexual content,Restricted ad serving,ca-pub-7784034061253020,31,2024-12-17,2024-12-17
makassar.tribunnews.com,Page,N/A,N/A,makassar.tribunnews.com/tag/hanna-anisa,No,Adult: Sexual content,Restricted ad serving,ca-pub-7784034061253020,31,2024-12-12,2024-12-16
makassar.tribunnews.com,Page,N/A,N/A,makassar.tribunnews.com/2020/05/29/daftar-5-artis-indonesia-pernah-diterpa-kasus-video-mesum-terbaru-syahrini-dan-gisella-anastasia,Yes,Ads Disguised as Content,Restricted ad serving,ca-pub-7784034061253020,31,2024-12-11,2024-12-15
madura.tribunnews.com,Page,N/A,N/A,madura.tribunnews.com/2020/01/02/daftar-harga-rokok-terbaru-setelah-tarif-cukai-rokok-naik-2020marlboro-ice-blast-capai-rp-52500?page=all,No,Shocking content,Restricted ad serving,ca-pub-7784034061253020,31,2024-12-12,2024-12-16
m.tribunnews.com,Page,N/A,N/A,m.tribunnews.com/kesehatan/2015/05/23/apakah-alat-vital-tiba-tiba-geli-sendiri-tanpa-rangsangan-itu-penyakit,No,Adult: Sexual content,Restricted ad serving,ca-pub-7784034061253020,31,2024-12-12,2024-12-17
m.tribunnews.com,Page,N/A,N/A,m.tribunnews.com/internasional/2019/10/09/kisah-pria-pilih-menikah-dengan-boneka-seks-cantik-ungkap-alasannya-dia-tak-akan-pernah-selingkuh,No,Adult: Sexual content,Restricted ad serving,ca-pub-7784034061253020,31,2024-12-12,2024-12-15
lampung.tribunnews.com,Page,N/A,N/A,lampung.tribunnews.com/2017/11/07/deretan-adegan-kissing-terpanas-film-indonesia-ada-yang-hampir-tanpa-busana?page=all,No,Adult: Sexual content,Restricted ad serving,ca-pub-7784034061253020,31,2024-12-14,2024-12-16
kupang.tribunnews.com,Page,N/A,N/A,kupang.tribunnews.com/2019/07/27/bikin-jadwal-makan-makanan-ini-mr-p-bisa-tahan-lama-dan-istri-makin-cinta-kamu-guys?page=all,No,Adult: Sexual content,Restricted ad serving,ca-pub-7784034061253020,31,2024-12-17,2024-12-17
cirebon.tribunnews.com,Page,N/A,N/A,cirebon.tribunnews.com/2019/10/01/tergoda-lihat-adik-ipar-pakai-baju-seksi-pria-ini-setubuhi-adik-ipar-berkali-kali-saat-istri-tidur,No,Adult: Sexual content,Restricted ad serving,ca-pub-7784034061253020,31,2024-12-15,2024-12-15
bogor.tribunnews.com,Page,N/A,N/A,bogor.tribunnews.com/2017/05/02/bocah-ini-tanya-dampak-dari-berhubungan-intim-dengan-ayam-jawaban-dokter-mengejutkan,No,Adult: Sexual content,Restricted ad serving,ca-pub-7784034061253020,31,2024-12-13,2024-12-17
bogor.tribunnews.com,Page,N/A,N/A,bogor.tribunnews.com/2016/04/11/muncul-salam-osis-setelah-geger-video-seronok-salam-pramuka?page=all,No,Adult: Sexual content,Restricted ad serving,ca-pub-7784034061253020,31,2024-12-17,2024-12-17
belitung.tribunnews.com,Page,N/A,N/A,belitung.tribunnews.com/2017/04/17/pria-dan-wanita-bugil-digiring-sambil-minta-maaf-videonya-viral-ada-apa-ini,No,Adult: Sexual content,Restricted ad serving,ca-pub-7784034061253020,31,2024-12-12,2024-12-15
belitung.tribunnews.com,Page,N/A,N/A,belitung.tribunnews.com/2016/12/28/ini-foto-foto-pembunuhan-sadis-di-pulomas-yang-beredar-di-media-sosial?page=all,No,Shocking content,Restricted ad serving,ca-pub-7784034061253020,31,2024-12-11,2024-12-15
belitung.tribunnews.com,Page,N/A,N/A,belitung.tribunnews.com/2016/02/13/sessstttt-ini-alasan-mengapa-perempuan-perlu-mencoba-vibrator,No,Adult: Sexual content,Restricted ad serving,ca-pub-7784034061253020,31,2024-12-14,2024-12-16
batam.tribunnews.com,Page,N/A,N/A,batam.tribunnews.com/2017/03/27/sehatkah-menonton-film-porno-bersama-pasangan-ini-jawabannya-khusus-anda,No,Adult: Sexual content,Restricted ad serving,ca-pub-7784034061253020,31,2024-12-14,2024-12-16
banjarmasin.tribunnews.com,Page,N/A,N/A,banjarmasin.tribunnews.com/2016/08/01/10-fakta-yang-harus-kita-ketahui-tentang-kondom-wanita,No,Adult: Sexual content,Restricted ad serving,ca-pub-7784034061253020,31,2024-12-12,2024-12-15
bangka.tribunnews.com,Page,N/A,N/A,bangka.tribunnews.com/2020/11/22/perbandingan-ukuran-penis-indonesia-dengan-negara-lain-ternyata-lebih-dari-pria-negeri-gingseng,No,Adult: Sexual content,Restricted ad serving,ca-pub-7784034061253020,31,2024-12-11,2024-12-16
bangka.tribunnews.com,Page,N/A,N/A,bangka.tribunnews.com/2016/05/29/tamu-hotel-ini-tinggal-pilih-cewek-lewat-foto-kalau-cocok-bayar-rp-300-ribu,No,Adult: Sexual content,Restricted ad serving,ca-pub-7784034061253020,31,2024-12-11,2024-12-17
www.tribunnews.com,Page,N/A,N/A,www.tribunnews.com/seleb/2017/10/20/total-4-artis-ini-tak-sungkan-beradegan-intim-di-film-tapi-malah-ada-yang-melakukannya-beneran,No,Adult: Sexual content,Restricted ad serving,ca-pub-7784034061253020,30,2024-12-12,2024-12-17
www.tribunnews.com,Page,N/A,N/A,www.tribunnews.com/metropolitan/2015/02/24/begal-itu-ditelanjangi-dikroyok-lalu-dibakar-hidup-hidup,No,Shocking content,Restricted ad serving,ca-pub-7784034061253020,30,2024-12-13,2024-12-16
www.tribunnews.com,Page,N/A,N/A,www.tribunnews.com/kesehatan/2019/06/17/viral-bidan-yang-masturbasi-dengan-mentimun-ketahui-dampak-benda-asing-masuk-organ-intim,No,Adult: Sexual content,Restricted ad serving,ca-pub-7784034061253020,30,2024-12-12,2024-12-15
www.tribunnews.com,Page,N/A,N/A,www.tribunnews.com/kesehatan/2017/07/15/sudah-lansia-ini-trik-bercinta-yang-aman-dilakukan-nenek-rohaya-dan-suami-brondongnya,No,Adult: Sexual content,Restricted ad serving,ca-pub-7784034061253020,30,2024-12-12,2024-12-16
wartakota.tribunnews.com,Page,N/A,N/A,wartakota.tribunnews.com/2015/03/02/waria-bertarif-mahal-tawarkan-diri-di-sosial-media,No,Adult: Sexual content,Restricted ad serving,ca-pub-7784034061253020,30,2024-12-11,2024-12-17
wartakota.tribunnews.com,Page,N/A,N/A,wartakota.tribunnews.com/2013/02/28/kiat-jitu-memanjakan-mr-p,No,Adult: Sexual content,Restricted ad serving,ca-pub-7784034061253020,30,2024-12-14,2024-12-17
pontianak.tribunnews.com,Page,N/A,N/A,pontianak.tribunnews.com/2021/07/03/cek-promo-naga-swalayan-jumat-sabtu-minggu-ini-promo-jsm-naga-swalayan-dapatkan-harga-termurah,Yes,Encouraging accidental clicks: Layout,Restricted ad serving,ca-pub-7784034061253020,30,2024-12-13,2024-12-15
pekanbaru.tribunnews.com,Page,N/A,N/A,pekanbaru.tribunnews.com/2023/09/09/nonton-punit-na-langit-film-filipina-terbaru-september-2023,No,Google-served ads obscuring content,Restricted ad serving,ca-pub-7784034061253020,30,2024-12-11,2024-12-15
pekanbaru.tribunnews.com,Page,N/A,N/A,pekanbaru.tribunnews.com/2021/11/15/pengakuan-janda-muda-yang-tak-tahan-lagi-layani-pria-tiap-malam-demi-uang-mau-kerja-apa-lagi,Yes,Ads Disguised as Content,Restricted ad serving,ca-pub-7784034061253020,30,2024-12-13,2024-12-17
medan.tribunnews.com,Page,N/A,N/A,medan.tribunnews.com/2018/01/07/video-mesum-anak-kecil-dan-wanita-dewasa-diduga-dilakukan-selama-3-hari-di-hotel,No,Adult: Sexual content,Restricted ad serving,ca-pub-7784034061253020,30,2024-12-15,2024-12-17
makassar.tribunnews.com,Page,N/A,N/A,makassar.tribunnews.com/2019/10/18/efek-tisu-magic-belum-habis-psk-cantik-minta-ridwan-yang-lagi-di-puncak-berhenti-akhirnya-tragis?page=2,No,Adult: Sexual content,Restricted ad serving,ca-pub-7784034061253020,30,2024-12-13,2024-12-15
madura.tribunnews.com,Page,N/A,N/A,madura.tribunnews.com/2022/11/15/video-mesum-siswi-smk-pakai-batik-hijau-di-sampang-tersebar-di-media-sosial-kondisi-direkam-pacar,Yes,Ads Disguised as Content,Restricted ad serving,ca-pub-7784034061253020,30,2024-12-16,2024-12-16
m.tribunnews.com,Page,N/A,N/A,m.tribunnews.com/kesehatan/2017/12/07/lima-posisi-ideal-agar-hubungan-suami-istri-makin-panas-tahan-lama-dan-tak-mudah-lelah?page=2,No,Adult: Sexual content,Restricted ad serving,ca-pub-7784034061253020,30,2024-12-15,2024-12-15
m.tribunnews.com,Page,N/A,N/A,m.tribunnews.com/internasional/2017/10/02/cerita-pramugari-beri-layanan-plus-plus-kepada-pilot-dan-penumpang-pesawat,No,Adult: Sexual content,Restricted ad serving,ca-pub-7784034061253020,30,2024-12-14,2024-12-16
m.tribunnews.com,Page,N/A,N/A,m.tribunnews.com/internasional/2015/10/08/cari-generasi-penerus-aktor-esek-esek-buka-universitas-porno,No,Shocking content,Restricted ad serving,ca-pub-7784034061253020,30,2024-12-13,2024-12-17
jateng.tribunnews.com,Page,N/A,N/A,jateng.tribunnews.com/2017/11/24/mau-bikin-suami-klepek-klepek-di-ranjang-lakukan-di-4-area-sensitif-ini,No,Adult: Sexual content,Restricted ad serving,ca-pub-7784034061253020,30,2024-12-12,2024-12-15
belitung.tribunnews.com,Page,N/A,N/A,belitung.tribunnews.com/2018/10/04/fenomena-pergaulan-bebas-di-kalangan-pelajar-smp-mengejutkan-1-smp-12-siswinya-hamil,No,Shocking content,Restricted ad serving,ca-pub-7784034061253020,30,2024-12-12,2024-12-15
belitung.tribunnews.com,Page,N/A,N/A,belitung.tribunnews.com/2017/01/08/ternyata-ini-alasan-para-wanita-rela-umbar-aurat-di-bigo-live-ada-imbalannya,No,Shocking content,Restricted ad serving,ca-pub-7784034061253020,30,2024-12-11,2024-12-17
bekasi.tribunnews.com,Page,N/A,N/A,bekasi.tribunnews.com/2022/07/27/film-film-semi-korea-ini-paling-laris-ditonton-pasangan-muda-baru-menikah-apa-saja-ini-daftarnya,Yes,Ads Disguised as Content,Restricted ad serving,ca-pub-7784034061253020,30,2024-12-11,2024-12-15
batam.tribunnews.com,Page,N/A,N/A,batam.tribunnews.com/2024/03/28/cara-daftar-jadi-agen-shopee-express-ketahui-syarat-dan-komisinya?page=2,Yes,Google-served ads obscuring content;Modified Javascript: Ads by Google size,Restricted ad serving,ca-pub-7784034061253020,30,2024-12-16,2024-12-16
batam.tribunnews.com,Page,N/A,N/A,batam.tribunnews.com/2022/05/23/istri-kesepian-ditinggal-suami-keluar-kota-hingga-nekat-masukan-pria-ke-kamar-cari-kesenangan,No,Google-served ads obscuring content,Restricted ad serving,ca-pub-7784034061253020,30,2024-12-11,2024-12-17
bangka.tribunnews.com,Page,N/A,N/A,bangka.tribunnews.com/2016/10/24/heboh-foto-bugil-artis-cantik-dan-lawan-mainnya-tersebar,No,Adult: Sexual content;Shocking content,Restricted ad serving,ca-pub-7784034061253020,30,2024-12-14,2024-12-15
aceh.tribunnews.com,Page,N/A,N/A,aceh.tribunnews.com/2021/10/18/mama-muda-tewas-ditikam-suami-usai-hubungan-badan-emosi-istri-selingkuh-pelaku-dituntut-15-tahun,Yes,Ads Disguised as Content,Restricted ad serving,ca-pub-7784034061253020,30,2024-12-17,2024-12-17
www.tribunnews.com,Page,N/A,N/A,www.tribunnews.com/regional/2016/03/12/adegan-lengkap-pembunuhan-dwiki-sopian-dengan-107-tusukan,Yes,Ads Disguised as Content,Restricted ad serving,ca-pub-7784034061253020,29,2024-12-11,2024-12-16
www.tribunnews.com,Page,N/A,N/A,www.tribunnews.com/kesehatan/2017/09/27/hasil-penelitian-di-amerika-ungkap-hal-mengejutkan-tentang-masturbasi,No,Adult: Sexual content,Restricted ad serving,ca-pub-7784034061253020,29,2024-12-11,2024-12-15
www.tribunnews.com,Page,N/A,N/A,www.tribunnews.com/internasional/2017/07/18/gadis-ini-nyaris-tewas-usai-memasukkan-belut-dalam-kemaluannya-ini-yang-terjadi,No,Shocking content,Restricted ad serving,ca-pub-7784034061253020,29,2024-12-12,2024-12-17
wartakota.tribunnews.com,Page,N/A,N/A,wartakota.tribunnews.com/2014/05/23/klitoris-ternyata-penentu-perangsang-orgasme-perempuan-bukan-g-spot,No,Adult: Sexual content,Restricted ad serving,ca-pub-7784034061253020,29,2024-12-11,2024-12-17
sultra.tribunnews.com,Page,N/A,N/A,sultra.tribunnews.com/2022/10/28/link-video-tkw-1-menit-36-detik-full-no-sensor-viral-di-tiktok-dan-twitter-pemeran-asal-ogan-ilir,Yes,Ads Disguised as Content,Restricted ad serving,ca-pub-7784034061253020,29,2024-12-11,2024-12-15
style.tribunnews.com,Page,N/A,N/A,style.tribunnews.com/2017/04/08/18-jenis-celana-dalam-wanita-ini-tunjukkan-kalau-ada-banyak-opsi-buat-daleman-bawah-girls,No,Adult: Sexual content,Restricted ad serving,ca-pub-7784034061253020,29,2024-12-12,2024-12-16
pontianak.tribunnews.com,Page,N/A,N/A,pontianak.tribunnews.com/2014/08/19/sekali-kencan-brondong-bisa-dapat-imbalan-rp-5-juta-dari-tante-girang,No,Shocking content,Restricted ad serving,ca-pub-7784034061253020,29,2024-12-11,2024-12-17
palembang.tribunnews.com,Page,N/A,N/A,palembang.tribunnews.com/2021/11/30/tengah-malam-istri-tak-sadar-diintip-suami-ajak-duda-tetangga-mesum-di-kamar-tamu-dibayar-nyawa,No,Google-served ads obscuring content,Restricted ad serving,ca-pub-7784034061253020,29,2024-12-12,2024-12-16
palembang.tribunnews.com,Page,N/A,N/A,palembang.tribunnews.com/2020/01/27/viral-video-seorang-perempuan-bugil-tanpa-busana-berjalan-santai-malam-hari-di-km-10-palembang,No,Adult: Sexual content,Restricted ad serving,ca-pub-7784034061253020,29,2024-12-13,2024-12-16
m.tribunnews.com,Page,N/A,N/A,m.tribunnews.com/regional/2019/07/17/fakta-dan-perkembangan-kasus-adegan-mesum-dua-pns-di-simalungun-yang-viral,No,Adult: Sexual content,Restricted ad serving,ca-pub-7784034061253020,29,2024-12-12,2024-12-17
m.tribunnews.com,Page,N/A,N/A,m.tribunnews.com/internasional/2019/04/02/perempuan-muda-dan-kecanduan-film-porno?page=2,No,Adult: Sexual content,Restricted ad serving,ca-pub-7784034061253020,29,2024-12-15,2024-12-17
jateng.tribunnews.com,Page,N/A,N/A,jateng.tribunnews.com/2018/06/26/obat-kuat-pun-lewat-kunyah-bumbu-dapur-ini-agar-perkasa-di-ranjang-bersama-istri,No,Adult: Sexual content,Restricted ad serving,ca-pub-7784034061253020,29,2024-12-11,2024-12-15
jabar.tribunnews.com,Page,N/A,N/A,jabar.tribunnews.com/2019/09/18/kopi-cleng-si-kuat-jagonya-para-pria-dijual-bebas-dan-murah-di-online-khasiatnya-dipercaya-mujarab?page=all,No,Google-served ads obscuring content,Restricted ad serving,ca-pub-7784034061253020,29,2024-12-14,2024-12-15
jabar.tribunnews.com,Page,N/A,N/A,jabar.tribunnews.com/2019/08/20/suami-jual-istri-untuk-layanan-threesome-tak-tahu-50-video-vina-garut-dijual-kini-sakit-stroke,No,Adult: Sexual content,Restricted ad serving,ca-pub-7784034061253020,29,2024-12-17,2024-12-17
cirebon.tribunnews.com,Page,N/A,N/A,cirebon.tribunnews.com/2019/09/13/ibu-ibu-toba-samosir-nekat-buka-baju-dan-telanjang-hadang-aparat-gara-gara-ini,No,Adult: Sexual content,Restricted ad serving,ca-pub-7784034061253020,29,2024-12-12,2024-12-16
belitung.tribunnews.com,Page,N/A,N/A,belitung.tribunnews.com/2022/03/02/janda-muda-live-tanpa-busana-kaget-digrebek-polisi-di-kamar-mandi-ngaku-omset-puluhan-juta-sebulan,Yes,Google-served ads obscuring content;Modified Javascript: Ads by Google size,Restricted ad serving,ca-pub-7784034061253020,29,2024-12-11,2024-12-15
belitung.tribunnews.com,Page,N/A,N/A,belitung.tribunnews.com/2017/10/02/mama-muda-ini-diam-saja-saat-dukun-urut-remas-dadanya-begini-reaksinya-saat-diraba-kemaluannya?page=2,No,Adult: Sexual content,Restricted ad serving,ca-pub-7784034061253020,29,2024-12-16,2024-12-16
belitung.tribunnews.com,Page,N/A,N/A,belitung.tribunnews.com/2017/03/06/ajakan-seks-threesome-diterima-wanita-bersuami-ini-alasannya-sederhana,No,Adult: Sexual content,Restricted ad serving,ca-pub-7784034061253020,29,2024-12-14,2024-12-16
banjarmasin.tribunnews.com,Page,N/A,N/A,banjarmasin.tribunnews.com/tag/video-syur-gisel,Yes,Google-served ads on screens without publisher-content,Restricted ad serving,ca-pub-7784034061253020,29,2024-12-13,2024-12-17
bangka.tribunnews.com,Page,N/A,N/A,bangka.tribunnews.com/2017/08/18/cerita-bu-guru-cantik-dihamili-murid-yang-masih-abg-begini-hubungan-terlarang-itu-terungkap,No,Adult: Sexual content,Restricted ad serving,ca-pub-7784034061253020,29,2024-12-11,2024-12-16
bali.tribunnews.com,Page,N/A,N/A,bali.tribunnews.com/2022/01/30/8-penyebab-kondom-bocor-mulai-dari-kurang-pelumas-hingga-melewati-masa-kedaluwarsa,No,Adult: Sexual content,Restricted ad serving,ca-pub-7784034061253020,29,2024-12-13,2024-12-17
www.tribunnews.com,Page,N/A,N/A,www.tribunnews.com/regional/2019/07/24/video-mesum-pns-bukan-pasutri-viral-di-media-sosial,No,Adult: Sexual content,Restricted ad serving,ca-pub-7784034061253020,28,2024-12-11,2024-12-17
www.tribunnews.com,Page,N/A,N/A,www.tribunnews.com/nasional/2017/10/09/heboh-spa-khusus-gay-ini-5-kasus-prostitusi-sesama-jenis-yang-telah-terbongkar,No,Adult: Sexual content,Restricted ad serving,ca-pub-7784034061253020,28,2024-12-15,2024-12-15
www.tribunnews.com,Page,N/A,N/A,www.tribunnews.com/kesehatan/2016/05/10/agar-makin-orgasme-lakukan-senam-legel-sebelum-berhubungan-seks,No,Adult: Sexual content,Restricted ad serving,ca-pub-7784034061253020,28,2024-12-11,2024-12-15
www.tribunnews.com,Page,N/A,N/A,www.tribunnews.com/kesehatan/2015/09/02/fakta-mengerikan-di-balik-produksi-film-porno,No,Adult: Sexual content,Restricted ad serving,ca-pub-7784034061253020,28,2024-12-14,2024-12-17
www.tribunnews.com,Page,N/A,N/A,www.tribunnews.com/bisnis/2018/03/29/ini-dia-cerutu-rasa-kuba-made-in-jember-sudah-ekspor-ke-penjuru-dunia-lho,No,Tobacco,Restricted ad serving,ca-pub-7784034061253020,28,2024-12-12,2024-12-17
www.tribunnews.com,Page,N/A,N/A,www.tribunnews.com/bisnis/2017/03/22/ini-dia-lima-merek-rokok-terlaris-dunia,No,Tobacco,Restricted ad serving,ca-pub-7784034061253020,28,2024-12-11,2024-12-16
wartakota.tribunnews.com,Page,N/A,N/A,wartakota.tribunnews.com/2016/03/24/puting-payudara-olla-ramlan-tercetak-saat-syuting,No,Adult: Sexual content,Restricted ad serving,ca-pub-7784034061253020,28,2024-12-12,2024-12-17
suryamalang.tribunnews.com,Page,N/A,N/A,suryamalang.tribunnews.com/2015/09/08/kisah-nyata-sangat-menyeramkan-si-nenek-pencabut-nyawa,Yes,Ads Disguised as Content,Restricted ad serving,ca-pub-7784034061253020,28,2024-12-12,2024-12-15
prohaba.tribunnews.com,Page,N/A,N/A,prohaba.tribunnews.com/2024/06/11/nahas-wanita-di-sidrap-tewas-ditelan-ular-piton-5-meter-perut-ular-dibelah,No,Shocking content,Restricted ad serving,ca-pub-7784034061253020,28,2024-12-11,2024-12-17
pontianak.tribunnews.com,Page,N/A,N/A,pontianak.tribunnews.com/2018/02/12/kesepian-wanita-ini-ketergantungan-alat-bantu-seks-awalnya-geli-lalu-terasa-begini,No,Adult: Sexual content,Restricted ad serving,ca-pub-7784034061253020,28,2024-12-11,2024-12-16
pontianak.tribunnews.com,Page,N/A,N/A,pontianak.tribunnews.com/2017/11/13/6-artis-papan-atas-ini-menyesal-pernah-bugil-dan-lakukan-adegan-panas-di-film?page=all,No,Adult: Sexual content,Restricted ad serving,ca-pub-7784034061253020,28,2024-12-16,2024-12-16
palembang.tribunnews.com,Page,N/A,N/A,palembang.tribunnews.com/2018/02/09/dilukis-tanpa-busana-dalam-film-titanicbeginilah-penyesalan-kate-winslet-yang-lama-terpendam?page=all,No,Adult: Sexual content,Restricted ad serving,ca-pub-7784034061253020,28,2024-12-14,2024-12-17
medan.tribunnews.com,Page,N/A,N/A,medan.tribunnews.com/2017/10/06/heboh-mentimun-tertancap-di-miss-v-perempuan-dokter-yang-menangani-pun-kaget,Yes,Site Behavior: Navigation,Restricted ad serving,ca-pub-7784034061253020,28,2024-12-11,2024-12-17
m.tribunnews.com,Page,N/A,N/A,m.tribunnews.com/regional/2013/11/08/heboh-video-sepasang-pelajar-smp-kediri-dipaksa-mesum,No,Adult: Sexual content,Restricted ad serving,ca-pub-7784034061253020,28,2024-12-12,2024-12-16
m.tribunnews.com,Page,N/A,N/A,m.tribunnews.com/kesehatan/2012/11/01/rokok-kawung-dianjurkan-karena-menyehatkan,No,Tobacco,Restricted ad serving,ca-pub-7784034061253020,28,2024-12-14,2024-12-16
kupang.tribunnews.com,Page,N/A,N/A,kupang.tribunnews.com/2019/12/13/fakta-dan-kronologi-mahasiswi-mayatnya-dikubur-belakang-kos-korban-diduga-diperkosa-sebelum-dibunuh,Yes,Ads Disguised as Content,Restricted ad serving,ca-pub-7784034061253020,28,2024-12-16,2024-12-16
kupang.tribunnews.com,Page,N/A,N/A,kupang.tribunnews.com/2019/10/23/sekitar-50-wanita-pekerja-seks-jalanan-berkeliaran-di-kota-lewoleba-lembata,No,Adult: Sexual content,Restricted ad serving,ca-pub-7784034061253020,28,2024-12-15,2024-12-15
kupang.tribunnews.com,Page,N/A,N/A,kupang.tribunnews.com/2017/08/21/inilah-8-kasus-tersebarnya-foto-bugil-dan-video-mesum-yang-pernah-terjadi-di-ntt-nomor-4-viral,No,Adult: Sexual content;Shocking content,Restricted ad serving,ca-pub-7784034061253020,28,2024-12-14,2024-12-16
jatim.tribunnews.com,Page,N/A,N/A,jatim.tribunnews.com/2019/05/04/sora-aoi-mantan-bintang-film-dewasa-melahirkan-anak-kembar-videonya-ditonton-ribuan-penggemar?page=2,No,Adult: Sexual content,Restricted ad serving,ca-pub-7784034061253020,28,2024-12-15,2024-12-15
jateng.tribunnews.com,Page,N/A,N/A,jateng.tribunnews.com/kesehatan,No,Adult: Sexual content,Restricted ad serving,ca-pub-7784034061253020,28,2024-12-13,2024-12-15
jambi.tribunnews.com,Page,N/A,N/A,jambi.tribunnews.com/2017/11/29/9-posisi-oral-seks-yang-membuat-pasangan-merem-melek-nomor-3-enak-dilakukan-di-sofa,No,Adult: Sexual content,Restricted ad serving,ca-pub-7784034061253020,28,2024-12-15,2024-12-17
bogor.tribunnews.com,Page,N/A,N/A,bogor.tribunnews.com/2024/04/01/8-arti-mimpi-berhubungan-intim-menurut-primbon-jawa-tafsirnya-bisa-baik-dan-buruk,Yes,Google-served ads obscuring content;Modified Javascript: Ads by Google size,Restricted ad serving,ca-pub-7784034061253020,28,2024-12-13,2024-12-17
batam.tribunnews.com,Page,N/A,N/A,batam.tribunnews.com/2021/05/26/cerita-gadis-kencan-online-sempat-layani-tetangga-tarif-rp-12-juta-dan-sekali-main-rp-400-ribu?page=all,Yes,Encouraging accidental clicks: Layout;Google-served ads obscuring content,Restricted ad serving,ca-pub-7784034061253020,28,2024-12-14,2024-12-16
bangka.tribunnews.com,Page,N/A,N/A,bangka.tribunnews.com/2021/11/13/video-tante-erni-mandi-keringetan-bikin-kaum-adam-salah-fokus-auto-ikutan-keringetan,No,Google-served ads obscuring content,Restricted ad serving,ca-pub-7784034061253020,28,2024-12-11,2024-12-17
bangka.tribunnews.com,Page,N/A,N/A,bangka.tribunnews.com/2017/11/04/wow-jackie-chan-ternyata-pernah-main-film-porno-ini-buktinya,No,Adult: Sexual content,Restricted ad serving,ca-pub-7784034061253020,28,2024-12-11,2024-12-17
bangka.tribunnews.com,Page,N/A,N/A,bangka.tribunnews.com/2017/09/27/wanita-gemuk-punya-aset-pribadi-besar-besar-ini-bikin-melotot,No,Adult: Sexual content,Restricted ad serving,ca-pub-7784034061253020,28,2024-12-12,2024-12-15
bali.tribunnews.com,Page,N/A,N/A,bali.tribunnews.com/2017/09/08/lagi-gadis-indonesia-jadi-bintang-film-panas-di-jepang-diduga-berasal-dari-bali,No,Adult: Sexual content,Restricted ad serving,ca-pub-7784034061253020,28,2024-12-11,2024-12-15
bali.tribunnews.com,Page,N/A,N/A,bali.tribunnews.com/2017/07/29/ini-dia-5-tanda-khusus-fisik-wanita-yang-nafsu-birahinya-meletup-letup,No,Adult: Sexual content,Restricted ad serving,ca-pub-7784034061253020,28,2024-12-13,2024-12-15
aceh.tribunnews.com,Page,N/A,N/A,aceh.tribunnews.com/2023/05/12/sewa-psk-untuk-lampiaskan-nafsu-kakek-71-tahun-tewas-overdosis-obat-kuat-warung-soto-jadi-saksi,Yes,Google-served ads obscuring content;Modified Javascript: Ads by Google size,Restricted ad serving,ca-pub-7784034061253020,28,2024-12-12,2024-12-16
aceh.tribunnews.com,Page,N/A,N/A,aceh.tribunnews.com/2022/08/10/suami-istri-di-bali-buat-video-syur-selama-2-tahun-adegan-direkam-dan-dijual-puluhan-juta,No,Google-served ads obscuring content,Restricted ad serving,ca-pub-7784034061253020,28,2024-12-12,2024-12-17
www.tribunnews.com,Page,N/A,N/A,www.tribunnews.com/seleb/2020/11/04/chord-gitar-hujan-kemarin-taxi-band-tak-ingin-lagi-rasanya-ku-bercinta-setelah-kurasa-perih,Yes,Ads Disguised as Content,Restricted ad serving,ca-pub-7784034061253020,27,2024-12-13,2024-12-17
www.tribunnews.com,Page,N/A,N/A,www.tribunnews.com/seleb/2011/07/10/foto-payudara-dewi-perssik-transparan-beredar,No,Adult: Sexual content,Restricted ad serving,ca-pub-7784034061253020,27,2024-12-11,2024-12-16
www.tribunnews.com,Page,N/A,N/A,www.tribunnews.com/lifestyle/2019/06/08/viral-kucing-mati-setelah-anak-kecil-memukul-kepalanya-dengan-benda-keras-saat-acara-halal-bihalal,No,Shocking content,Restricted ad serving,ca-pub-7784034061253020,27,2024-12-12,2024-12-16
www.tribunnews.com,Page,N/A,N/A,www.tribunnews.com/internasional/2016/02/09/astaga-makin-banyak-warga-swiss-yang-berhubungan-seks-dengan-kuda,No,Adult: Sexual content,Restricted ad serving,ca-pub-7784034061253020,27,2024-12-11,2024-12-16
suryamalang.tribunnews.com,Page,N/A,N/A,suryamalang.tribunnews.com/2018/01/06/diduga-dibuat-saat-ramadan-berikut-4-obrolan-video-panas-tante-vs-bocah-sd,No,Adult: Sexual content,Restricted ad serving,ca-pub-7784034061253020,27,2024-12-11,2024-12-16
surabaya.tribunnews.com,Page,N/A,N/A,surabaya.tribunnews.com/2018/10/09/istri-hamil-8-bulan-diajak-hubungan-seks-tukar-pasangan-oleh-suami-di-hotel-di-surabaya,No,Adult: Sexual content,Restricted ad serving,ca-pub-7784034061253020,27,2024-12-17,2024-12-17
pekanbaru.tribunnews.com,Page,N/A,N/A,pekanbaru.tribunnews.com/2021/08/18/apa-itu-ndak-og-artinya-dalam-bahasa-gaul-ternyata-begini-penjelasan-arti-ndak-og-bahasa-gaul,No,Google-served ads obscuring content,Restricted ad serving,ca-pub-7784034061253020,27,2024-12-15,2024-12-16
palembang.tribunnews.com,Page,N/A,N/A,palembang.tribunnews.com/2017/06/12/sempat-geger-jilbab-gambar-wanita-telanjang-awas-ibu-ibu-jangan-asal-beli-apalagi-jilboobs?page=all,No,Adult: Sexual content,Restricted ad serving,ca-pub-7784034061253020,27,2024-12-11,2024-12-16
palembang.tribunnews.com,Page,N/A,N/A,palembang.tribunnews.com/2014/08/14/boneka-seks-buatan-jepang-ini-sungguh-mirip-manusia,No,Adult: Sexual content,Restricted ad serving,ca-pub-7784034061253020,27,2024-12-12,2024-12-17
medan.tribunnews.com,Page,N/A,N/A,medan.tribunnews.com/2019/10/24/adegan-panasnya-bersama-zack-lee-viral-alexandra-gottardo-sebut-sudah-basi,No,Shocking content,Restricted ad serving,ca-pub-7784034061253020,27,2024-12-11,2024-12-17
medan.tribunnews.com,Page,N/A,N/A,medan.tribunnews.com/2017/11/03/mudah-dan-cepat-ini-3-cara-alami-untuk-memperbesar-alat-vital?page=all,No,Adult: Sexual content,Restricted ad serving,ca-pub-7784034061253020,27,2024-12-17,2024-12-17
medan.tribunnews.com,Page,N/A,N/A,medan.tribunnews.com/2017/04/01/penampilannya-amat-aduhai-saat-berpose-di-majalah-dewasa-kini-penampilan-5-model-ini-tak-disangka,No,Adult: Sexual content,Restricted ad serving,ca-pub-7784034061253020,27,2024-12-12,2024-12-16
makassar.tribunnews.com,Page,N/A,N/A,makassar.tribunnews.com/2019/09/20/viral-video-mesum-mojang-bandung-seragam-pns-hijab-durasi-219-menit-4-foto-syur-juga-tersebar,No,Adult: Sexual content,Restricted ad serving,ca-pub-7784034061253020,27,2024-12-11,2024-12-17
m.tribunnews.com,Page,N/A,N/A,m.tribunnews.com/video/2016/03/10/gerebek-apotik-ceria-ditemukan-jutaan-obat-tak-berizin-dan-alat-bantu-seks,No,Adult: Sexual content,Restricted ad serving,ca-pub-7784034061253020,27,2024-12-12,2024-12-16
m.tribunnews.com,Page,N/A,N/A,m.tribunnews.com/seleb/2015/11/05/sukai-adegan-ranjang-jo-yeo-jung-cuek-dilabeli-artis-spesialis-film-erotis,No,Adult: Sexual content,Restricted ad serving,ca-pub-7784034061253020,27,2024-12-13,2024-12-17
m.tribunnews.com,Page,N/A,N/A,m.tribunnews.com/regional/2019/08/21/gunakan-aplikasi-michat-bisnis-pijat-plus-plus-bertarif-rp-160-terbongkar-di-balikpapan,No,Adult: Sexual content,Restricted ad serving,ca-pub-7784034061253020,27,2024-12-13,2024-12-17
kupang.tribunnews.com,Page,N/A,N/A,kupang.tribunnews.com/2017/10/13/viral-ibu-ini-ungkap-bh-berisi-silikon-penyebab-kanker-payudara,Yes,Adult: Sexual content;Site Behavior: Navigation,Restricted ad serving,ca-pub-7784034061253020,27,2024-12-17,2024-12-17
jogja.tribunnews.com,Page,N/A,N/A,jogja.tribunnews.com/2018/04/21/tips-meningkatkan-jumlah-sperma-agar-menjadi-berlipat-lipat,No,Adult: Sexual content,Restricted ad serving,ca-pub-7784034061253020,27,2024-12-16,2024-12-16
jogja.tribunnews.com,Page,N/A,N/A,jogja.tribunnews.com/2014/08/13/boneka-seks-ini-sangat-mirip-dengan-manusia,No,Adult: Sexual content,Restricted ad serving,ca-pub-7784034061253020,27,2024-12-11,2024-12-15
jatim.tribunnews.com,Page,N/A,N/A,jatim.tribunnews.com/2017/07/30/video-cita-citata-nyaris-terlihat-bugil-karena-bajunya-netter-heboh-liat-pose-dan-goyangannya,Yes,Adult: Sexual content;Site Behavior: Navigation,Restricted ad serving,ca-pub-7784034061253020,27,2024-12-12,2024-12-17
jatim.tribunnews.com,Page,N/A,N/A,jatim.tribunnews.com/2017/06/23/astaga-spa-ini-tawarkan-jasa-pijat-bagian-sensitif-ampun-kaget-sama-harga-dan-sosok-pemijatnya,No,Adult: Sexual content,Restricted ad serving,ca-pub-7784034061253020,27,2024-12-11,2024-12-16
jambi.tribunnews.com,Page,N/A,N/A,jambi.tribunnews.com/2019/05/06/adab-dan-doa-bagi-pasangan-suami-istri-saat-berhubungan-intim-agar-dapat-keturunan-saleh,No,Adult: Sexual content,Restricted ad serving,ca-pub-7784034061253020,27,2024-12-15,2024-12-17
jabar.tribunnews.com,Page,N/A,N/A,jabar.tribunnews.com/2015/11/02/wanita-pun-perlu-tahu-ini-17-fakta-tentang-ereksi-seorang-pria,No,Adult: Sexual content,Restricted ad serving,ca-pub-7784034061253020,27,2024-12-11,2024-12-17
belitung.tribunnews.com,Page,N/A,N/A,belitung.tribunnews.com/2018/02/11/punya-tanda-di-bawah-punggung-untuk-pria-dan-wanita-menandakan-anda-begini-di-ranjang,No,Adult: Sexual content,Restricted ad serving,ca-pub-7784034061253020,27,2024-12-11,2024-12-17
belitung.tribunnews.com,Page,N/A,N/A,belitung.tribunnews.com/2017/10/16/video-cewek-seksi-tidur-di-ranjang-rekam-teman-sendiri-begituan,No,Adult: Sexual content,Restricted ad serving,ca-pub-7784034061253020,27,2024-12-11,2024-12-17
bekasi.tribunnews.com,Page,N/A,N/A,bekasi.tribunnews.com/2022/07/21/film-semi-korea-terbaru-2022-dari-secret-flower-arrangement-hingga-close-contact-mata-enggak-kedip,No,Adult: Sexual content,Restricted ad serving,ca-pub-7784034061253020,27,2024-12-12,2024-12-17
banten.tribunnews.com,Page,N/A,N/A,banten.tribunnews.com/2021/12/10/arti-kata-hot-daddy-yang-populer-di-media-sosial-dan-perbedaannya-dengan-sugar-daddy,Yes,Ads Disguised as Content,Restricted ad serving,ca-pub-7784034061253020,27,2024-12-11,2024-12-16
bangka.tribunnews.com,Page,N/A,N/A,bangka.tribunnews.com/2023/02/11/segini-tarif-open-bo-wanita-asal-subang-dan-jakarta-di-belitung-pekerjaan-lama-terkuak,No,Google-served ads obscuring content,Restricted ad serving,ca-pub-7784034061253020,27,2024-12-11,2024-12-17
bangka.tribunnews.com,Page,N/A,N/A,bangka.tribunnews.com/2019/08/11/kronologi-spg-mobil-cantik-dibunuh-pacar-pengakuan-pelaku-dan-dugaan-kondom-bekas-pakai,No,Adult: Sexual content,Restricted ad serving,ca-pub-7784034061253020,27,2024-12-16,2024-12-16
bangka.tribunnews.com,Page,N/A,N/A,bangka.tribunnews.com/2017/03/16/18-terapis-spa-layani-jasa-esek-esek-paket-khusus-threesome,No,Shocking content,Restricted ad serving,ca-pub-7784034061253020,27,2024-12-11,2024-12-16
bangka.tribunnews.com,Page,N/A,N/A,bangka.tribunnews.com/2017/03/15/gadis-gadis-cantik-ini-siap-layani-pijat-payudara-hingga-threesome,No,Adult: Sexual content,Restricted ad serving,ca-pub-7784034061253020,27,2024-12-11,2024-12-17
bali.tribunnews.com,Page,N/A,N/A,bali.tribunnews.com/2016/11/26/misteri-khasiat-jimat-pengalaris-yang-digunakan-psk-di-lokalisasi-katanya-bisa-bikin-tamu-betah,No,Adult: Sexual content,Restricted ad serving,ca-pub-7784034061253020,27,2024-12-14,2024-12-16
www.tribunnews.com,Page,N/A,N/A,www.tribunnews.com/regional/2022/11/08/2-pemeran-video-mesum-kebaya-merah-jual-kontennya-hingga-ke-luar-negeri-pembeli-bisa-request,Yes,Ads Disguised as Content,Restricted ad serving,ca-pub-7784034061253020,26,2024-12-12,2024-12-16
www.tribunnews.com,Page,N/A,N/A,www.tribunnews.com/regional/2019/09/19/geliat-prostitusi-online-di-kupang-gunakan-aplikasi-michat-dan-pilih-penginapan-short-time,No,Adult: Sexual content,Restricted ad serving,ca-pub-7784034061253020,26,2024-12-11,2024-12-15
www.tribunnews.com,Page,N/A,N/A,www.tribunnews.com/regional/2018/08/10/ternyata-30-bapak-bapak-bapak-di-sikka-melakukan-hubungan-seks-sejenis,No,Adult: Sexual content,Restricted ad serving,ca-pub-7784034061253020,26,2024-12-11,2024-12-16
www.tribunnews.com,Page,N/A,N/A,www.tribunnews.com/parapuan/2021/11/08/5-kesalahan-yang-harus-dihindari-saat-makan-di-restoran-fine-dining,No,Google-served ads obscuring content,Restricted ad serving,ca-pub-7784034061253020,26,2024-12-15,2024-12-15
www.tribunnews.com,Page,N/A,N/A,www.tribunnews.com/nasional/2017/10/26/tragis-pegawai-bni-siantar-tewas-dibegal-dengan-kepala-terseret-di-aspal-ini-5-fakta-kejadiannya,No,Shocking content,Restricted ad serving,ca-pub-7784034061253020,26,2024-12-15,2024-12-16
style.tribunnews.com,Page,N/A,N/A,style.tribunnews.com/2016/12/14/benarkah-wanita-yang-berjalan-ngangkang-pertanda-tak-perawan-baca-7-mitos-salah-kaprah-ini,No,Adult: Sexual content,Restricted ad serving,ca-pub-7784034061253020,26,2024-12-12,2024-12-17
pekanbaru.tribunnews.com,Page,N/A,N/A,pekanbaru.tribunnews.com/2018/07/15/insiden-bendera-zohri-meski-mirip-ini-perbedaan-bendera-indonesia-monako-dan-polandia,Yes,Content obscuring Google-served ads;Encouraging accidental clicks: Layout,Restricted ad serving,ca-pub-7784034061253020,26,2024-12-14,2024-12-16
palembang.tribunnews.com,Page,N/A,N/A,palembang.tribunnews.com/2020/01/09/sudah-sepekan-harga-rokok-di-palembang-naik-sampoerna-rp-29200-per-bungkus,No,Tobacco,Restricted ad serving,ca-pub-7784034061253020,26,2024-12-16,2024-12-17
palembang.tribunnews.com,Page,N/A,N/A,palembang.tribunnews.com/2017/12/10/tak-kalah-hot-meski-jadul-5-film-dewasa-ini-berani-buka-bukaan-di-setiap-adegannya,No,Adult: Sexual content,Restricted ad serving,ca-pub-7784034061253020,26,2024-12-11,2024-12-17
palembang.tribunnews.com,Page,N/A,N/A,palembang.tribunnews.com/2017/11/03/spg-telanjang-berjalan-di-depan-pria-rekan-kerjanya-yang-membentuk-pagar-diibaratkan-sebagai-srigala,No,Adult: Sexual content,Restricted ad serving,ca-pub-7784034061253020,26,2024-12-11,2024-12-17
newsmaker.tribunnews.com,Page,N/A,N/A,newsmaker.tribunnews.com/2021/08/31/bagaimana-hukum-menonton-film-dewasa-bersama-pasangan-halal-ini-penjelasan-ustaz-khalid-basalamah,Yes,Ads Disguised as Content,Restricted ad serving,ca-pub-7784034061253020,26,2024-12-12,2024-12-17
medan.tribunnews.com,Page,N/A,N/A,medan.tribunnews.com/2019/02/23/terungkap-rahasia-kaisar-china-kuat-tiduri-121-wanita-dalam-15-hari-ini-jatah-ratu-istri-selir,No,Shocking content,Restricted ad serving,ca-pub-7784034061253020,26,2024-12-14,2024-12-16
medan.tribunnews.com,Page,N/A,N/A,medan.tribunnews.com/2017/04/14/kakek-82-tahun-yang-masih-aktif-buat-film-porno-cerita-tentang-kehidupannya?page=all,No,Adult: Sexual content,Restricted ad serving,ca-pub-7784034061253020,26,2024-12-12,2024-12-16
makassar.tribunnews.com,Page,N/A,N/A,makassar.tribunnews.com/2020/01/14/aturan-baru-di-grup-whatsapp-anggota-kirim-gambar-porno-admin-langsung-ditangkap,No,Shocking content,Restricted ad serving,ca-pub-7784034061253020,26,2024-12-12,2024-12-16
lampung.tribunnews.com,Page,N/A,N/A,lampung.tribunnews.com/2017/07/03/aktris-film-panas-ini-tewas-saat-lawan-30-pria,No,Adult: Sexual content,Restricted ad serving,ca-pub-7784034061253020,26,2024-12-12,2024-12-17
lampung.tribunnews.com,Page,N/A,N/A,lampung.tribunnews.com/2015/12/04/astaga-kasus-hubungan-intim-antara-manusia-dengan-kuda-meningkat-di-swiss,No,Adult: Sexual content,Restricted ad serving,ca-pub-7784034061253020,26,2024-12-11,2024-12-16
kaltim.tribunnews.com,Page,N/A,N/A,kaltim.tribunnews.com/2016/03/16/laki-laki-suka-dengan-5-jenis-vagina-model-ini,No,Adult: Sexual content,Restricted ad serving,ca-pub-7784034061253020,26,2024-12-12,2024-12-16
jogja.tribunnews.com,Page,N/A,N/A,jogja.tribunnews.com/404,Yes,Google-served ads on screens without publisher-content,Restricted ad serving,ca-pub-7784034061253020,26,2024-12-13,2024-12-15
jogja.tribunnews.com,Page,N/A,N/A,jogja.tribunnews.com/2017/09/15/7-bintang-film-panas-jepang-ini-insaf-dan-memutuskan-pensiun-begini-kehidupan-mereka-sekarang,No,Adult: Sexual content,Restricted ad serving,ca-pub-7784034061253020,26,2024-12-12,2024-12-17
jogja.tribunnews.com,Page,N/A,N/A,jogja.tribunnews.com/2016/08/31/suka-doggy-style-spooning-atau-standing-gaya-favorit-ternyata-ungkap-karaktermu?page=all,No,Adult: Sexual content,Restricted ad serving,ca-pub-7784034061253020,26,2024-12-16,2024-12-16
jambi.tribunnews.com,Page,N/A,N/A,jambi.tribunnews.com/2018/09/17/deretan-wanita-cantik-indonesia-ini-jadi-bintang-film-panas-di-luar-negeri-siapa-saja-mereka?page=all,No,Adult: Sexual content,Restricted ad serving,ca-pub-7784034061253020,26,2024-12-14,2024-12-15
jambi.tribunnews.com,Page,N/A,N/A,jambi.tribunnews.com/2018/01/25/4-cara-bikin-wanita-cepat-mencapai-klimaks-para-pria-bisa-langsung-praktekkan?page=2,No,Adult: Sexual content,Restricted ad serving,ca-pub-7784034061253020,26,2024-12-16,2024-12-16
jabar.tribunnews.com,Page,N/A,N/A,jabar.tribunnews.com/2015/12/05/hei-wanita-bibir-miss-v-anda-bisa-jadi-berwarna-pink-dan-sehat-lho-ini-caranya-cuma-20-menit,Yes,Ads Disguised as Content,Restricted ad serving,ca-pub-7784034061253020,26,2024-12-11,2024-12-16
bogor.tribunnews.com,Page,N/A,N/A,bogor.tribunnews.com/2021/08/23/arti-mimpi-berhubungan-badan-dengan-selingkuhan-menurut-primbon-jawa-bukan-jadi-pertanda-buruk,Yes,Ads Disguised as Content,Restricted ad serving,ca-pub-7784034061253020,26,2024-12-12,2024-12-17
bogor.tribunnews.com,Page,N/A,N/A,bogor.tribunnews.com/2017/12/24/boneka-pria-dewasa-makin-canggih-dapat-diajak-kencan-dan-bisa-cemburuan-juga,No,Adult: Sexual content,Restricted ad serving,ca-pub-7784034061253020,26,2024-12-16,2024-12-16
bogor.tribunnews.com,Page,N/A,N/A,bogor.tribunnews.com/2017/07/29/tersebar-video-bayi-disiksa-ibu-kandung-sampai-kulitnya-begini-alasannya-bikin-miris,Yes,Ads Disguised as Content,Restricted ad serving,ca-pub-7784034061253020,26,2024-12-12,2024-12-16
belitung.tribunnews.com,Page,N/A,N/A,belitung.tribunnews.com/2022/01/28/gadis-abg-bandung-dijual-rp300-ribu-kenakan-busana-seksi-dipaksa-layani-pria-pelaku-dibekuk-polisi,Yes,Ads Disguised as Content,Restricted ad serving,ca-pub-7784034061253020,26,2024-12-14,2024-12-17
belitung.tribunnews.com,Page,N/A,N/A,belitung.tribunnews.com/2016/10/27/inilah-wanita-pemilik-payudara-terindah-di-jepang,No,Shocking content,Restricted ad serving,ca-pub-7784034061253020,26,2024-12-12,2024-12-17
bekasi.tribunnews.com,Page,N/A,N/A,bekasi.tribunnews.com/2022/07/28/rekomendasi-film-semi-barat-terbaru-yang-cocok-ditonton-bareng-pasangan-di-rumah-khusus-dewasa-lho?page=2,No,Adult: Sexual content,Restricted ad serving,ca-pub-7784034061253020,26,2024-12-15,2024-12-17
bangka.tribunnews.com,Page,N/A,N/A,bangka.tribunnews.com/2017/09/22/sepasang-mayat-pria-wanita-tanpa-busana-di-semak-sama-sama-sudah-berkeluarga-tapi-bermasalah,No,Shocking content,Restricted ad serving,ca-pub-7784034061253020,26,2024-12-13,2024-12-15
aceh.tribunnews.com,Page,N/A,N/A,aceh.tribunnews.com/2020/06/21/video-seorang-pria-esek-esek-di-depan-umum-dengan-sepeda-motor-di-thailand,Yes,Google-served ads obscuring content;Modified Javascript: Ads by Google size,Restricted ad serving,ca-pub-7784034061253020,26,2024-12-17,2024-12-17
www.tribunnews.com,Page,N/A,N/A,www.tribunnews.com/techno/2018/01/07/ajak-kenalan-driver-ojek-online-seorang-gadis-minta-dilayani-hasratnya-sosoknya-lalu-terbongkar,No,Adult: Sexual content,Restricted ad serving,ca-pub-7784034061253020,25,2024-12-13,2024-12-15
www.tribunnews.com,Page,N/A,N/A,www.tribunnews.com/seleb/2018/02/21/wow-5-bintang-porno-berotak-jenius-bahkan-ada-yang-nyaris-menyamai-einstein,No,Adult: Sexual content,Restricted ad serving,ca-pub-7784034061253020,25,2024-12-11,2024-12-16
www.tribunnews.com,Page,N/A,N/A,www.tribunnews.com/regional/2019/10/22/heboh-video-2-menit-adegan-panas-dosen-dan-mahasiswi-diduga-di-bandung-latar-video-gedung-sate,No,Adult: Sexual content,Restricted ad serving,ca-pub-7784034061253020,25,2024-12-12,2024-12-15
www.tribunnews.com,Page,N/A,N/A,www.tribunnews.com/pendidikan/2021/10/11/kunci-jawaban-buku-tematik-kelas-4-sd-tema-4-halaman-45-dan-46-subtema-1-pembelajaran-6,Yes,Modified ad code: Resizing Ad Frames,Restricted ad serving,ca-pub-7784034061253020,25,2024-12-15,2024-12-15
www.tribunnews.com,Page,N/A,N/A,www.tribunnews.com/lifestyle/2017/10/13/percaya-gak-percaya-ini-ciri-cewek-yang-sudah-enggak-perawan,No,Adult: Sexual content,Restricted ad serving,ca-pub-7784034061253020,25,2024-12-11,2024-12-17
www.tribunnews.com,Page,N/A,N/A,www.tribunnews.com/internasional/2019/05/22/kakek-jepang-shigeo-tokuda-tak-pernah-pakai-obat-saat-bermain-film-bokep,No,Adult: Sexual content,Restricted ad serving,ca-pub-7784034061253020,25,2024-12-11,2024-12-17
wartakota.tribunnews.com,Page,N/A,N/A,wartakota.tribunnews.com/2015/08/22/oh-ini-toh-alasan-pria-tak-suka-pakai-kondom,No,Adult: Sexual content,Restricted ad serving,ca-pub-7784034061253020,25,2024-12-11,2024-12-15
sumsel.tribunnews.com,Page,N/A,N/A,sumsel.tribunnews.com/2018/01/06/5-fakta-seputar-video-mesum-tante-vs-bocah-sd-yang-bikin-hebohno4-ungkap-siapa-sosok-pelakunya,Yes,Ads Disguised as Content,Restricted ad serving,ca-pub-7784034061253020,25,2024-12-14,2024-12-17
pontianak.tribunnews.com,Page,N/A,N/A,pontianak.tribunnews.com/2022/01/15/usung-konsep-muslimah-woman-only-azqiara-klinik-cantik-muslimah-hadir-di-kota-pontianak,No,Content obscuring Google-served ads,Restricted ad serving,ca-pub-7784034061253020,25,2024-12-11,2024-12-16
pontianak.tribunnews.com,Page,N/A,N/A,pontianak.tribunnews.com/2017/11/11/gadis-cantik-ini-gratiskan-tubuhnya-difoto-bugil-sesi-malam-bisa-sampai-pagi-ngapain-aja,No,Adult: Sexual content,Restricted ad serving,ca-pub-7784034061253020,25,2024-12-15,2024-12-16
palembang.tribunnews.com,Page,N/A,N/A,palembang.tribunnews.com/2018/02/06/demi-subscribe-youtuber-seksi-ini-nekat-live-berhubungan-intim-baru-setengah-itunya-jadi-begini,No,Adult: Sexual content,Restricted ad serving,ca-pub-7784034061253020,25,2024-12-12,2024-12-17
medan.tribunnews.com,Page,N/A,N/A,medan.tribunnews.com/2018/05/08/7-fakta-pembunuhan-sang-kasir-murni-sitorus-hingga-dua-pelaku-ditangkap-di-sumatera-barat,Yes,Ads Disguised as Content;Shocking content,Restricted ad serving,ca-pub-7784034061253020,25,2024-12-16,2024-12-16
makassar.tribunnews.com,Page,N/A,N/A,makassar.tribunnews.com/2020/07/02/video-mesum-pns-dikirim-ke-istri-sah-nurul-pingsan-pergoki-suami-dan-karyawan-minimarket-di-ranjang,No,Google-served ads obscuring content,Restricted ad serving,ca-pub-7784034061253020,25,2024-12-11,2024-12-15
makassar.tribunnews.com,Page,N/A,N/A,makassar.tribunnews.com/2017/08/10/jangan-coba-ketik-siapkan-sabun-sambil-nonton-di-youtube-hasilnya-mengejutkan-dan-dosa-besar,No,Adult: Sexual content,Restricted ad serving,ca-pub-7784034061253020,25,2024-12-11,2024-12-17
makassar.tribunnews.com,Page,N/A,N/A,makassar.tribunnews.com/2016/01/20/payudara-gadis-ini-disebut-paling-indah-lihat-foto-lengkapnya,No,Adult: Sexual content,Restricted ad serving,ca-pub-7784034061253020,25,2024-12-11,2024-12-17
lampung.tribunnews.com,Page,N/A,N/A,lampung.tribunnews.com/2022/01/23/sosok-miss-kay-pemeran-video-syur-mirip-nagita-slavina-populer-di-kalangan-pria-sejak-lama,Yes,Ads Disguised as Content,Restricted ad serving,ca-pub-7784034061253020,25,2024-12-13,2024-12-17
kupang.tribunnews.com,Page,N/A,N/A,kupang.tribunnews.com/2020/09/04/ciri-wanita-sudah-tak-perawan-lagi-dapat-dilihat-dari-perubahan-hidung-mata-dan-telapak-tangan,Yes,Ads Disguised as Content,Restricted ad serving,ca-pub-7784034061253020,25,2024-12-11,2024-12-16
kupang.tribunnews.com,Page,N/A,N/A,kupang.tribunnews.com/2017/10/26/setelah-video-panasnya-tersebar-pihak-universitas-indonesia-ungkap-status-hanna-annisa,No,Adult: Sexual content,Restricted ad serving,ca-pub-7784034061253020,25,2024-12-14,2024-12-17
kupang.tribunnews.com,Page,N/A,N/A,kupang.tribunnews.com/2017/05/03/buah-dada-wanita-jepang-bagus-cantik-dan-putih-kata-orang-korowai,No,Adult: Sexual content,Restricted ad serving,ca-pub-7784034061253020,25,2024-12-12,2024-12-16
kaltim.tribunnews.com,Page,N/A,N/A,kaltim.tribunnews.com/2019/06/25/kirimfoto-bugil-hingga-iklan-medsos-begini-cara-penyedia-jasa-prostitusi-di-medan-gaet-pelanggan,No,Adult: Sexual content,Restricted ad serving,ca-pub-7784034061253020,25,2024-12-16,2024-12-16
jogja.tribunnews.com,Page,N/A,N/A,jogja.tribunnews.com/2017/12/10/robot-pemuas-nafsu-masa-depan-mampu-keluarkan-pelumas-otomatis,No,Adult: Sexual content,Restricted ad serving,ca-pub-7784034061253020,25,2024-12-11,2024-12-17
jambi.tribunnews.com,Page,N/A,N/A,jambi.tribunnews.com/2018/03/14/gairah-bercinta-wanita-dapat-dilihat-dari-zodiaknya-dari-yang-malu-malu-sampai-yang-liar,No,Adult: Sexual content,Restricted ad serving,ca-pub-7784034061253020,25,2024-12-13,2024-12-15
jabar.tribunnews.com,Page,N/A,N/A,jabar.tribunnews.com/2021/08/29/pria-perlu-tahu-nih-lengkuas-ternyata-bisa-jadi-obat-kuat-alami-begini-caranya?page=2,Yes,Ads Disguised as Content,Restricted ad serving,ca-pub-7784034061253020,25,2024-12-15,2024-12-17
jabar.tribunnews.com,Page,N/A,N/A,jabar.tribunnews.com/2021/03/17/video-asusila-di-sebuah-hotel-beredar-lewat-whatsapp-diduga-sengaja-direkam-lokasinya-di-bogor,No,Google-served ads obscuring content,Restricted ad serving,ca-pub-7784034061253020,25,2024-12-14,2024-12-16
belitung.tribunnews.com,Page,N/A,N/A,belitung.tribunnews.com/2019/08/21/cara-ayam-kampus-cari-pelanggan-segini-tarif-sekali-kencan,No,Adult: Sexual content,Restricted ad serving,ca-pub-7784034061253020,25,2024-12-13,2024-12-16
belitung.tribunnews.com,Page,N/A,N/A,belitung.tribunnews.com/2019/04/28/terungkap-kronologi-video-mesum-abg-di-mobil-bisa-tersebar-berasal-dari-hp-pelaku-disebar-sosok-ini,No,Adult: Sexual content,Restricted ad serving,ca-pub-7784034061253020,25,2024-12-12,2024-12-17
belitung.tribunnews.com,Page,N/A,N/A,belitung.tribunnews.com/2018/08/16/kamu-pernah-lihat-cewek-ini-di-media-sosial-ini-sosok-asli-dan-asal-usulnya,Yes,Site Behavior: Navigation,Restricted ad serving,ca-pub-7784034061253020,25,2024-12-12,2024-12-16
belitung.tribunnews.com,Page,N/A,N/A,belitung.tribunnews.com/2018/05/01/girls-kenali-6-ciri-pria-yang-bisa-memuaskan-saat-berhubungan-seks,No,Adult: Sexual content,Restricted ad serving,ca-pub-7784034061253020,25,2024-12-15,2024-12-16
batam.tribunnews.com,Page,N/A,N/A,batam.tribunnews.com/2021/02/16/maria-ozawa-miyabi-ungkap-kesulitan-yang-dirasakan-wanita-saat-terjun-ke-industri-film-dewasa,Yes,Ads Disguised as Content,Restricted ad serving,ca-pub-7784034061253020,25,2024-12-11,2024-12-17
bangka.tribunnews.com,Page,N/A,N/A,bangka.tribunnews.com/2022/02/16/viral-di-twitter-pasangan-gay-buat-video-asusila-siang-hari-di-sawah-raup-cuan-rp17-juta,Yes,Ads Disguised as Content,Restricted ad serving,ca-pub-7784034061253020,25,2024-12-11,2024-12-17
bangka.tribunnews.com,Page,N/A,N/A,bangka.tribunnews.com/2018/07/01/palau-tetangga-indonesia-kalimantan-ternyata-punya-4-pemilik-negara-ini,No,Shocking content,Restricted ad serving,ca-pub-7784034061253020,25,2024-12-15,2024-12-15
bangka.tribunnews.com,Page,N/A,N/A,bangka.tribunnews.com/2016/11/24/mengejutkan-ternyata-negara-ini-penduduknya-yang-paling-sering-berhubungan-seks,No,Adult: Sexual content,Restricted ad serving,ca-pub-7784034061253020,25,2024-12-11,2024-12-16
aceh.tribunnews.com,Page,N/A,N/A,aceh.tribunnews.com/tag/foto-pria-bugil-muncul-di-google-map,Yes,Google-served ads on screens without publisher-content,Restricted ad serving,ca-pub-7784034061253020,25,2024-12-11,2024-12-17
aceh.tribunnews.com,Page,N/A,N/A,aceh.tribunnews.com/2017/09/12/wow-ini-foto-foto-obat-kuat-pria-yang-disita-bbpom-aceh,No,Adult: Sexual content,Restricted ad serving,ca-pub-7784034061253020,25,2024-12-12,2024-12-15
www.tribunnewswiki.com,Page,N/A,N/A,www.tribunnewswiki.com/2019/12/28/3-skandal-cupi-cupita-baju-melorot-saat-manggung-hingga-video-syur-mirip-dirinya,No,Adult: Sexual content,Restricted ad serving,ca-pub-7784034061253020,24,2024-12-16,2024-12-17
www.tribunnews.com,Page,N/A,N/A,www.tribunnews.com/nasional/2014/11/18/ini-dia-video-fenomena-seks-di-gunung-kemukus-jawa-tengah,Yes,Site Behavior: Navigation,Restricted ad serving,ca-pub-7784034061253020,24,2024-12-11,2024-12-15
www.tribunnews.com,Page,N/A,N/A,www.tribunnews.com/metropolitan/2015/08/01/mahasiswa-jomblo-meremas-payudara-wanita-cantik-karena-tergiur,No,Adult: Sexual content,Restricted ad serving,ca-pub-7784034061253020,24,2024-12-11,2024-12-17
www.tribunnews.com,Page,N/A,N/A,www.tribunnews.com/kesehatan/2015/03/14/ini-dia-gaya-berhubungan-seks-agar-wanita-orgasme,No,Adult: Sexual content,Restricted ad serving,ca-pub-7784034061253020,24,2024-12-12,2024-12-15
www.tribunnews.com,Page,N/A,N/A,www.tribunnews.com/kesehatan/2014/12/10/tidur-kok-bisa-berhubungan-seks-ada-yang-salah,No,Adult: Sexual content,Restricted ad serving,ca-pub-7784034061253020,24,2024-12-13,2024-12-17
wartakota.tribunnews.com,Page,N/A,N/A,wartakota.tribunnews.com/2019/12/10/viral-janda-bikin-video-rekam-tubuh-sendiri-tanpa-busana-di-kamar-ini-penyebab-videonya-tersebar?page=4,No,Adult: Sexual content,Restricted ad serving,ca-pub-7784034061253020,24,2024-12-17,2024-12-17
wartakota.tribunnews.com,Page,N/A,N/A,wartakota.tribunnews.com/2016/05/04/wow-wanita-cantik-ini-ternyata-boneka-seks-seharga-rp-130-juta,No,Adult: Sexual content,Restricted ad serving,ca-pub-7784034061253020,24,2024-12-14,2024-12-15
wartakota.tribunnews.com,Page,N/A,N/A,wartakota.tribunnews.com/2015/05/21/sentuhlah-bagian-wanita-yang-satu-ini-buat-mereka-ketagihan,No,Adult: Sexual content,Restricted ad serving,ca-pub-7784034061253020,24,2024-12-13,2024-12-17
palembang.tribunnews.com,Page,N/A,N/A,palembang.tribunnews.com/2017/04/17/astaga-video-petualangan-seks-bule-di-bali-dengan-gadis-china-dan-58-wanita-indonesia-beredar,No,Adult: Sexual content,Restricted ad serving,ca-pub-7784034061253020,24,2024-12-11,2024-12-15
medan.tribunnews.com,Page,N/A,N/A,medan.tribunnews.com/2015/03/14/balas-dendam-prajurit-irak-penggal-kepala-isis-dan-jadikannya-bola-kaki,No,Shocking content,Restricted ad serving,ca-pub-7784034061253020,24,2024-12-14,2024-12-16
jambi.tribunnews.com,Page,N/A,N/A,jambi.tribunnews.com/2019/10/02/berikut-foto-30-gadis-jepang-yang-sering-pamerkan-bagian-dalam-tubuhnya-meski-pakai-baju-transparan?page=3,No,Adult: Sexual content,Restricted ad serving,ca-pub-7784034061253020,24,2024-12-16,2024-12-17
jambi.tribunnews.com,Page,N/A,N/A,jambi.tribunnews.com/2018/02/12/jenis-alat-bantu-kayak-ini-katanya-bisa-bikin-cewek-klimaks-berkali-kali-ada-geriginya,No,Adult: Sexual content,Restricted ad serving,ca-pub-7784034061253020,24,2024-12-13,2024-12-17
jabar.tribunnews.com,Page,N/A,N/A,jabar.tribunnews.com/2015/11/06/taklukan-suami-yang-kasar-wanita-ini-gunakan-darah-haid-dan-sperma-gajah?page=1,No,Adult: Sexual content,Restricted ad serving,ca-pub-7784034061253020,24,2024-12-15,2024-12-16
bogor.tribunnews.com,Page,N/A,N/A,bogor.tribunnews.com/2017/04/01/penampilannya-menggoda-saat-berpose-di-majalah-dewasa-kini-penampilan-5-model-ini-tak-disangka?page=4,No,Adult: Sexual content,Restricted ad serving,ca-pub-7784034061253020,24,2024-12-16,2024-12-16
belitung.tribunnews.com,Page,N/A,N/A,belitung.tribunnews.com/2017/11/24/agresivitas-seksual-wanita-bisa-dilihat-dari-bentuk-bibirnya-bentuk-bibir-begini-agresif-di-ranjang,No,Adult: Sexual content,Restricted ad serving,ca-pub-7784034061253020,24,2024-12-12,2024-12-16
belitung.tribunnews.com,Page,N/A,N/A,belitung.tribunnews.com/2017/08/28/disawer-sambil-digrepe-grepe-penonton-begini-reaksi-penyanyi-dangdut-seksi-di-atas-panggung?page=all,Yes,Site Behavior: Navigation,Restricted ad serving,ca-pub-7784034061253020,24,2024-12-15,2024-12-15
batam.tribunnews.com,Page,N/A,N/A,batam.tribunnews.com/2017/01/20/heboh-video-nikita-mirzani-yang-biarkan-payudaranya-dipegang-2-pria-demi-bayaran-rp-800-juta,No,Adult: Sexual content,Restricted ad serving,ca-pub-7784034061253020,24,2024-12-12,2024-12-16
banten.tribunnews.com,Page,N/A,N/A,banten.tribunnews.com/2020/10/25/panti-pijat-plus-plus-digerebek-simak-pengakuan-terapis-nakal-kepada-petugas,Yes,Google-served ads obscuring content;Modified Javascript: Ads by Google size,Restricted ad serving,ca-pub-7784034061253020,24,2024-12-13,2024-12-16
bangka.tribunnews.com,Page,N/A,N/A,bangka.tribunnews.com/2020/02/22/lagi-tren-puaskan-nafsu-dengan-pisang-dan-terong-dokter-binggung-dan-beri-peringatan-ini,No,Adult: Sexual content,Restricted ad serving,ca-pub-7784034061253020,24,2024-12-11,2024-12-17
bangka.tribunnews.com,Page,N/A,N/A,bangka.tribunnews.com/2018/02/05/bule-cantik-ini-diminta-lakukan-intim-oleh-pegawai-hotel-di-bali-bikin-malu-indonesia,No,Adult: Sexual content,Restricted ad serving,ca-pub-7784034061253020,24,2024-12-11,2024-12-17
bangka.tribunnews.com,Page,N/A,N/A,bangka.tribunnews.com/2016/06/25/inilah-fakta-unik-tentang-puting-susu-yang-mungkin-belum-anda-ketahui,No,Adult: Sexual content,Restricted ad serving,ca-pub-7784034061253020,24,2024-12-14,2024-12-16
bangka.tribunnews.com,Page,N/A,N/A,bangka.tribunnews.com/2016/05/01/ssst-inilah-ciri-ciri-orang-yang-kecanduan-onani?page=2,Yes,Google-served ads obscuring content;Modified Javascript: Ads by Google size,Restricted ad serving,ca-pub-7784034061253020,24,2024-12-13,2024-12-16
bangka.tribunnews.com,Page,N/A,N/A,bangka.tribunnews.com/2015/07/23/wanita-jepang-rela-bayar-beach-boys-di-bali-rp-11-juta-sekali-bercinta,No,Adult: Sexual content,Restricted ad serving,ca-pub-7784034061253020,24,2024-12-11,2024-12-15
bali.tribunnews.com,Page,N/A,N/A,bali.tribunnews.com/2022/09/12/polda-selidiki-video-mesum-viral-pelaku-berbaju-adat-bali?page=all,Yes,Ads Disguised as Content,Restricted ad serving,ca-pub-7784034061253020,24,2024-12-12,2024-12-15
bali.tribunnews.com,Page,N/A,N/A,bali.tribunnews.com/2016/05/02/video-detik-detik-tewasnya-bule-amokrane-di-bali-terdengar-15-kali-suara-tembakan,No,Shocking content,Restricted ad serving,ca-pub-7784034061253020,24,2024-12-15,2024-12-15
aceh.tribunnews.com,Page,N/A,N/A,aceh.tribunnews.com/2023/02/13/kasus-video-mesum-siswa-sma-dan-siswi-smp-di-tebingtinggi-kedua-orangtua-pelaku-sepakat-damai,No,Google-served ads obscuring content,Restricted ad serving,ca-pub-7784034061253020,24,2024-12-11,2024-12-15
www.tribunnewswiki.com,Page,N/A,N/A,www.tribunnewswiki.com/2019/10/24/40-arti-tahi-lalat-berdasarkan-lokasinya-di-tubuh-banyak-tahi-lalat-jadi-panen-keberuntungan-nih?page=all,Yes,Encouraging accidental clicks: Layout;Google-served ads obscuring content,Restricted ad serving,ca-pub-7784034061253020,23,2024-12-11,2024-12-16
www.tribunnews.com,Page,N/A,N/A,www.tribunnews.com/metropolitan/2017/05/23/inilah-15-fakta-mengejutkan-pesta-liar-ratusan-gay-di-kelapa-gading-nomor-9-paling-konyol,No,Adult: Sexual content,Restricted ad serving,ca-pub-7784034061253020,23,2024-12-11,2024-12-16
www.tribunnews.com,Page,N/A,N/A,www.tribunnews.com/kesehatan/2020/11/26/punya-dampak-buruk-bagi-kesehatan-inilah-5-sisi-positif-merokok-yang-jarang-diketahui,No,Google-served ads obscuring content,Restricted ad serving,ca-pub-7784034061253020,23,2024-12-11,2024-12-16
www.tribunnews.com,Page,N/A,N/A,www.tribunnews.com/kesehatan/2018/04/29/bumbu-dapur-ini-bisa-membangkitkan-nafsu-tak-hanya-selera-makan-dampaknya-sampai-urusan-ranjang,No,Adult: Sexual content,Restricted ad serving,ca-pub-7784034061253020,23,2024-12-11,2024-12-15
www.tribunnews.com,Page,N/A,N/A,www.tribunnews.com/internasional/2022/06/17/viral-pengantin-pria-pukul-kepala-istrinya-di-pelaminan-karena-kalah-main-game-lomba-bungkus-permen,No,Shocking content,Restricted ad serving,ca-pub-7784034061253020,23,2024-12-12,2024-12-17
www.tribunnews.com,Page,N/A,N/A,www.tribunnews.com/internasional/2017/03/22/bayaran-jadi-psk-lebih-besar-artis-porno-jepang-lari-ke-taiwan,No,Adult: Sexual content,Restricted ad serving,ca-pub-7784034061253020,23,2024-12-14,2024-12-15
wartakota.tribunnews.com,Page,N/A,N/A,wartakota.tribunnews.com/2020/01/30/fakta-candoleng-doleng-pedangdut-seksi-lepas-baju-dan-bra-di-panggung-bikin-penonton-terus-saweran?page=3,No,Shocking content,Restricted ad serving,ca-pub-7784034061253020,23,2024-12-15,2024-12-17
video.tribunnews.com,Page,N/A,N/A,video.tribunnews.com/view/61255/pengakuan-gadis-15-tahun-yang-diciduk-saat-diduga-akan-pesta-seks-iklan-dan-nego-tarif-di-aplikasi,No,Adult: Sexual content,Restricted ad serving,ca-pub-7784034061253020,23,2024-12-11,2024-12-17
suryamalang.tribunnews.com,Page,N/A,N/A,suryamalang.tribunnews.com/2017/05/23/video-tante-seksi-asal-surabaya-ini-punya-ratusan-ribu-followers-netizen-kaget-dengar-suaranya,Yes,Site Behavior: Navigation,Restricted ad serving,ca-pub-7784034061253020,23,2024-12-13,2024-12-17
sumsel.tribunnews.com,Page,N/A,N/A,sumsel.tribunnews.com/2017/05/02/4-bintang-film-jav-sempat-bikin-heboh-indonesia-nomor-1-dan-2-paling-populer?page=2,Yes,Ads Disguised as Content,Restricted ad serving,ca-pub-7784034061253020,23,2024-12-14,2024-12-17
sumsel.tribunnews.com,Page,N/A,N/A,sumsel.tribunnews.com/2015/11/08/ibu-dan-anak-ini-terkejut-dan-menjerit-lihat-pria-masturbasi-di-belakang-rumah?page=3,No,Google-served ads obscuring content,Restricted ad serving,ca-pub-7784034061253020,23,2024-12-13,2024-12-15
sulbar.tribunnews.com,Page,N/A,N/A,sulbar.tribunnews.com/2022/11/04/sosok-wanita-kebaya-merah-di-video-viral-16-menit-diduga-influencer-lokal-bali-diselidiki-polisi,Yes,Encouraging accidental clicks: Layout,Restricted ad serving,ca-pub-7784034061253020,23,2024-12-11,2024-12-17
style.tribunnews.com,Page,N/A,N/A,style.tribunnews.com/2017/07/08/melihat-kepribadian-dari-bentuk-pantat-poin-4-gambarkan-bokong-orang-cerdas,No,Shocking content,Restricted ad serving,ca-pub-7784034061253020,23,2024-12-12,2024-12-17
style.tribunnews.com,Page,N/A,N/A,style.tribunnews.com/2017/03/15/ulala-dikabarkan-lakukan-operasi-payudara-gisel-semakin-percaya-diri-pamerkan-bagian-dada,Yes,Site Behavior: Navigation,Restricted ad serving,ca-pub-7784034061253020,23,2024-12-14,2024-12-16
style.tribunnews.com,Page,N/A,N/A,style.tribunnews.com/2016/08/25/merek-rokok-makna-lucu-unik-hingga-serius-di-balik-8-brand-batang-tembakau-ini-benarkah?page=4,No,Tobacco,Restricted ad serving,ca-pub-7784034061253020,23,2024-12-16,2024-12-16
medan.tribunnews.com,Page,N/A,N/A,medan.tribunnews.com/2024/09/05/tampang-nico-anak-di-patumbak-yang-tikam-bapaknya-sendiri-hingga-tewas,No,Shocking content,Restricted ad serving,ca-pub-7784034061253020,23,2024-12-12,2024-12-17
medan.tribunnews.com,Page,N/A,N/A,medan.tribunnews.com/2015/03/24/apakah-memakai-kondom-diperbolehkan-dalam-islam,No,Adult: Sexual content,Restricted ad serving,ca-pub-7784034061253020,23,2024-12-12,2024-12-17
m.tribunnews.com,Page,N/A,N/A,m.tribunnews.com/tag/mesum,No,Adult: Sexual content,Restricted ad serving,ca-pub-7784034061253020,23,2024-12-14,2024-12-16
kupang.tribunnews.com,Page,N/A,N/A,kupang.tribunnews.com/2019/03/23/video-foto-bugil-tersebar-wali-kota-di-prancis-undur-diri,No,Adult: Sexual content,Restricted ad serving,ca-pub-7784034061253020;ca-video-pub-7784034061253020,23,2024-12-15,2024-12-17
jogja.tribunnews.com,Page,N/A,N/A,jogja.tribunnews.com/2015/12/01/perempuan-ini-dinobatkan-sebagai-pemilik-payudara-terindah-di-china,No,Adult: Sexual content,Restricted ad serving,ca-pub-7784034061253020,23,2024-12-12,2024-12-16
jatim.tribunnews.com,Page,N/A,N/A,jatim.tribunnews.com/2018/01/08/12-fakta-video-panas-tante-vs-bocah-sd-yang-viral-di-medsos-terungkap-lokasi-sampai-durasi-syuting?page=3,Yes,Site Behavior: Navigation,Restricted ad serving,ca-pub-7784034061253020,23,2024-12-12,2024-12-15
jateng.tribunnews.com,Page,N/A,N/A,jateng.tribunnews.com/2022/07/20/video-call-asusila-asn-wanita-57-detik-tersebar-diduga-berdinas-di-satpol-pp-oki,Yes,Ads Disguised as Content,Restricted ad serving,ca-pub-7784034061253020,23,2024-12-15,2024-12-17
jateng.tribunnews.com,Page,N/A,N/A,jateng.tribunnews.com/2022/03/02/7-potret-anastasya-khosasih-gamer-seksi-mobile-legends-mahasiswa-binus?page=2,Yes,Ads Disguised as Content,Restricted ad serving,ca-pub-7784034061253020,23,2024-12-13,2024-12-16
jateng.tribunnews.com,Page,N/A,N/A,jateng.tribunnews.com/2017/11/27/cerita-james-berhubungan-intim-dengan-boneka-seks-dan-direstui-istrinya,No,Adult: Sexual content,Restricted ad serving,ca-pub-7784034061253020,23,2024-12-15,2024-12-15
jambi.tribunnews.com,Page,N/A,N/A,jambi.tribunnews.com/2018/01/31/10-negara-surganya-perzinaan-nomor-7-warganya-gemar-bertukar-pasangan?page=all,No,Adult: Sexual content,Restricted ad serving,ca-pub-7784034061253020,23,2024-12-17,2024-12-17
belitung.tribunnews.com,Page,N/A,N/A,belitung.tribunnews.com/2021/03/04/apa-itu-ambergris-kenapa-muntahan-paus-harganya-sangat-mahal,No,Shocking content,Restricted ad serving,ca-pub-7784034061253020,23,2024-12-12,2024-12-16
belitung.tribunnews.com,Page,N/A,N/A,belitung.tribunnews.com/2019/07/17/viral-video-mesum-pns-kecamatan-sekdes-di-depan-polisi-tersangka-peragakan-13-adegan-ini,No,Google-served ads obscuring content,Restricted ad serving,ca-pub-7784034061253020,23,2024-12-11,2024-12-15
belitung.tribunnews.com,Page,N/A,N/A,belitung.tribunnews.com/2018/02/13/saya-tak-mampu-menahannya-pertama-kali-coba-saya-terpuaskan,No,Adult: Sexual content,Restricted ad serving,ca-pub-7784034061253020,23,2024-12-16,2024-12-16
belitung.tribunnews.com,Page,N/A,N/A,belitung.tribunnews.com/2017/03/03/suami-saya-itu-hiperseks-saya-lelah-layani-dia-jadi-saya-lakukan-ini,Yes,Ads Disguised as Content,Restricted ad serving,ca-pub-7784034061253020,23,2024-12-11,2024-12-16
bangka.tribunnews.com,Page,N/A,N/A,bangka.tribunnews.com/2019/10/01/gadis-dititip-ibu-di-rumah-menantu-malah-bikin-kakak-ipar-nafsu-digauli-dengan-bayaran-500-ribu,No,Shocking content,Restricted ad serving,ca-pub-7784034061253020,23,2024-12-16,2024-12-16
bangka.tribunnews.com,Page,N/A,N/A,bangka.tribunnews.com/2018/01/07/mengerikan-boneka-pemuas-syahwat-bisa-di-hack-dan-jadi-mesin-pembunuh,Yes,Adult: Sexual content;Site Behavior: Navigation,Restricted ad serving,ca-pub-7784034061253020,23,2024-12-17,2024-12-17
bangka.tribunnews.com,Page,N/A,N/A,bangka.tribunnews.com/2017/12/19/khusus-pria-ini-dia-7-artis-cantik-indonesia-dengan-payudara-terindah-2017,No,Adult: Sexual content,Restricted ad serving,ca-pub-7784034061253020,23,2024-12-15,2024-12-17
bangka.tribunnews.com,Page,N/A,N/A,bangka.tribunnews.com/2017/08/19/memalukan-diintip-direkam-lalu-ditertawai-dokter-ini-ketahuan-tengah-bercinta-dengan-pasiennya,No,Adult: Sexual content,Restricted ad serving,ca-pub-7784034061253020,23,2024-12-15,2024-12-15
bangka.tribunnews.com,Page,N/A,N/A,bangka.tribunnews.com/2017/03/22/dunia-semakin-aneh-manusia-ciptakan-boneka-yang-bisa-gantikan-wanita-berhubungan-intim,No,Adult: Sexual content,Restricted ad serving,ca-pub-7784034061253020,23,2024-12-11,2024-12-16
bangka.tribunnews.com,Page,N/A,N/A,bangka.tribunnews.com/2017/01/21/dari-masalah-ereksi-hingga-bayaran-inilah-7-kegalauan-yang-dialami-aktor-film-porno,No,Adult: Sexual content,Restricted ad serving,ca-pub-7784034061253020,23,2024-12-12,2024-12-17
bangka.tribunnews.com,Page,N/A,N/A,bangka.tribunnews.com/2016/10/14/cerita-bintang-porno-dunia-ini-menangis-saat-dijebak-harus-adegan-panas-dilihat-banyak-orang,No,Adult: Sexual content,Restricted ad serving,ca-pub-7784034061253020,23,2024-12-12,2024-12-16
bangka.tribunnews.com,Page,N/A,N/A,bangka.tribunnews.com/2016/06/25/inilah-fakta-unik-tentang-puting-susu-yang-mungkin-belum-anda-ketahui?page=2,No,Adult: Sexual content,Restricted ad serving,ca-pub-7784034061253020,23,2024-12-16,2024-12-16
www.tribunnews.com,Page,N/A,N/A,www.tribunnews.com/seleb/2017/09/18/tiga-wanita-cantik-ini-kecanduan-berhubungan-intim-ini-yang-mereka-rasakan,No,Adult: Sexual content,Restricted ad serving,ca-pub-7784034061253020,22,2024-12-12,2024-12-16
www.tribunnews.com,Page,N/A,N/A,www.tribunnews.com/internasional/2015/07/12/negara-negara-berbudaya-seks-paling-bebas,No,Adult: Sexual content,Restricted ad serving,ca-pub-7784034061253020,22,2024-12-11,2024-12-16
wartakota.tribunnews.com,Page,N/A,N/A,wartakota.tribunnews.com/2017/01/19/inilah-foto-foto-seksi-baby-margaretha,No,Adult: Sexual content,Restricted ad serving,ca-pub-7784034061253020,22,2024-12-13,2024-12-15
video.tribunnews.com,Page,N/A,N/A,video.tribunnews.com/view/40573/tanpa-sensor-adegan-intim-pada-5-film-ini-benar-benar-dilakukan-di-depan-kamera,Yes,Adult: Sexual content;Site Behavior: Navigation,Restricted ad serving,ca-pub-7784034061253020,22,2024-12-11,2024-12-15
suryamalang.tribunnews.com,Page,N/A,N/A,suryamalang.tribunnews.com/2019/01/25/selain-putus-cinta-inilah-6-fakta-video-p0rno-siswi-sma-di-madiun-yang-beredar-di-whatsapp-wa,No,Adult: Sexual content,Restricted ad serving,ca-pub-7784034061253020,22,2024-12-12,2024-12-16
sumsel.tribunnews.com,Page,N/A,N/A,sumsel.tribunnews.com/2017/04/14/82-tahun-tapi-tetap-aktif-melawan-anak-muda-di-ranjang-ini-rupanya-rahasia-kakek-sugiono,No,Shocking content,Restricted ad serving,ca-pub-7784034061253020,22,2024-12-14,2024-12-15
style.tribunnews.com,Page,N/A,N/A,style.tribunnews.com/2017/06/17/wow-upgrade-payudaranya-gisella-anastasya-semakin-berani-tanpa-gunakan-bra-bleber,No,Adult: Sexual content,Restricted ad serving,ca-pub-7784034061253020,22,2024-12-13,2024-12-15
pontianak.tribunnews.com,Page,N/A,N/A,pontianak.tribunnews.com/2018/02/10/hanya-pakai-celana-dalam-foto-bugil-ariel-tatum-tersebar-di-dunia-maya-bagian-itunya-terlihat?page=2,No,Adult: Sexual content,Restricted ad serving,ca-pub-7784034061253020,22,2024-12-17,2024-12-17
pontianak.tribunnews.com,Page,N/A,N/A,pontianak.tribunnews.com/2016/12/01/miyabi-ketergantungan-seks-saat-umur-13-tahun-8-fakta-karier-kontroversial-ratu-film-dewasa-ini,Yes,Adult: Sexual content;Site Behavior: Navigation,Restricted ad serving,ca-pub-7784034061253020,22,2024-12-11,2024-12-16
pekanbaru.tribunnews.com,Page,N/A,N/A,pekanbaru.tribunnews.com/2022/10/24/boner-artinya-apa-apa-itu-boner-arti-boner-dan-boner-artinya-bahasa-gaul,Yes,Ads Disguised as Content,Restricted ad serving,ca-pub-7784034061253020,22,2024-12-11,2024-12-15
palembang.tribunnews.com,Page,N/A,N/A,palembang.tribunnews.com/2020/11/30/video-syur-mirip-gisel-19-detik-yang-asli-disorot-pakar-roy-curiga-hasil-curian-berasal-dari-mana,No,Google-served ads obscuring content,Restricted ad serving,ca-pub-7784034061253020,22,2024-12-12,2024-12-17
palembang.tribunnews.com,Page,N/A,N/A,palembang.tribunnews.com/2017/11/11/guru-cantik-ini-ngajar-sambil-live-bigo-dalam-kelas-guru-jaman-now-menggoda-banget,Yes,Site Behavior: Navigation,Restricted ad serving,ca-pub-7784034061253020,22,2024-12-11,2024-12-16
palembang.tribunnews.com,Page,N/A,N/A,palembang.tribunnews.com/2017/09/15/video-punggungnya-ditumbuhi-jerawat-raksasa-dokter-pencet-keluarkan-isinya-ngeri,No,Shocking content,Restricted ad serving,ca-pub-7784034061253020,22,2024-12-13,2024-12-17
palembang.tribunnews.com,Page,N/A,N/A,palembang.tribunnews.com/2016/11/20/di-kemaluan-mayat-wanita-yang-ditemukan-di-desa-betung-ogan-ilir-ini-ada-bercak-darah-dan-sperma,No,Shocking content,Restricted ad serving,ca-pub-7784034061253020,22,2024-12-15,2024-12-16
newsmaker.tribunnews.com,Page,N/A,N/A,newsmaker.tribunnews.com/2021/12/28/daftar-pacar-dan-istri-para-pemain-timnas-sepak-bola-indonesia-ada-yang-kekasihnya-orang-inggris,Yes,Modified ad code: Resizing Ad Frames,Restricted ad serving,ca-pub-7784034061253020,22,2024-12-12,2024-12-16
medan.tribunnews.com,Page,N/A,N/A,medan.tribunnews.com/2021/05/07/anak-9-tahun-alami-pendarahan-parah-di-kepala-usai-dijambak-gurutengkorak-dan-kulit-kepala-terpisah,Yes,Ads Disguised as Content;Shocking content,Restricted ad serving,ca-pub-7784034061253020,22,2024-12-15,2024-12-15
medan.tribunnews.com,Page,N/A,N/A,medan.tribunnews.com/2017/10/22/yuk-ikuti-panduan-ini-bagaimana-cara-mencari-g-spot-sendiri?page=all,No,Adult: Sexual content,Restricted ad serving,ca-pub-7784034061253020,22,2024-12-15,2024-12-16
manado.tribunnews.com,Page,N/A,N/A,manado.tribunnews.com/2018/09/19/video-lima-abg-digerebek-hendak-pesta-seks-di-makassar-3-gadis-masih-di-bawah-umur,No,Adult: Sexual content,Restricted ad serving,ca-pub-7784034061253020,22,2024-12-14,2024-12-17
makassar.tribunnews.com,Page,N/A,N/A,makassar.tribunnews.com/2019/10/16/obat-kuat-tisu-magic-sia-siaridwan-habisi-wanita-cantik-yang-dibayar-lalu-tinggalkan-tanpa-busana,No,Adult: Sexual content,Restricted ad serving,ca-pub-7784034061253020,22,2024-12-14,2024-12-15
makassar.tribunnews.com,Page,N/A,N/A,makassar.tribunnews.com/2018/04/08/benarkah-keperawanan-bisa-diketahui-dari-cara-berjalan-ini-penjelasan-dokter-spesialis?page=2,No,Adult: Sexual content,Restricted ad serving,ca-pub-7784034061253020,22,2024-12-13,2024-12-16
makassar.tribunnews.com,Page,N/A,N/A,makassar.tribunnews.com/2013/11/11/tempat-mangkal-waria-tak-hanya-di-tmp-panaikang,No,Adult: Sexual content,Restricted ad serving,ca-pub-7784034061253020,22,2024-12-13,2024-12-16
lampung.tribunnews.com,Page,N/A,N/A,lampung.tribunnews.com/2018/04/19/mau-tahu-ukuran-normal-mr-p-hasil-riset-bakal-bikin-anda-terkejut,No,Adult: Sexual content,Restricted ad serving,ca-pub-7784034061253020,22,2024-12-15,2024-12-15
lampung.tribunnews.com,Page,N/A,N/A,lampung.tribunnews.com/2018/01/26/5-artis-yang-dijuluki-bom-seks-indonesia-ini-akhirnya-insyaf-ini-profesi-mereka-sekarang,No,Adult: Sexual content,Restricted ad serving,ca-pub-7784034061253020,22,2024-12-14,2024-12-16
kupang.tribunnews.com,Page,N/A,N/A,kupang.tribunnews.com/2019/08/16/gila-bintang-film-dewasa-ini-buka-universitas-porno-berikut-syarat-dan-alur-pendaftarannya?page=3,No,Adult: Sexual content,Restricted ad serving,ca-pub-7784034061253020,22,2024-12-15,2024-12-15
jogja.tribunnews.com,Page,N/A,N/A,jogja.tribunnews.com/2017/10/18/viral-remaja-ini-dibully-setelah-unggah-foto-selfie-wajah-penuh-cairan-kental,No,Adult: Sexual content,Restricted ad serving,ca-pub-7784034061253020,22,2024-12-15,2024-12-17
jogja.tribunnews.com,Page,N/A,N/A,jogja.tribunnews.com/2017/05/05/inilah-reaksi-wanita-yang-belum-pernah-lihat-miss-v-nya-sendiri-ada-yang-cekikikan,No,Adult: Sexual content,Restricted ad serving,ca-pub-7784034061253020,22,2024-12-12,2024-12-15
jatim.tribunnews.com,Page,N/A,N/A,jatim.tribunnews.com/2018/03/01/tewas-di-pelabuhan-pasuruan-kondisi-tubuh-pria-ini-sangat-mengerikan,No,Shocking content,Restricted ad serving,ca-pub-7784034061253020,22,2024-12-13,2024-12-17
bogor.tribunnews.com,Page,N/A,N/A,bogor.tribunnews.com/2021/08/29/tafsir-mimpi-berhubungan-badan-dengan-artis-ini-artinya-menurut-primbon-jawa?page=3,Yes,Google-served ads obscuring content;Modified Javascript: Ads by Google size,Restricted ad serving,ca-pub-7784034061253020,22,2024-12-13,2024-12-17
belitung.tribunnews.com,Page,N/A,N/A,belitung.tribunnews.com/2019/05/25/kakek-shigeo-jadi-bintang-film-dewasa-tertua-di-dunia-begini-rahasianya-tak-pernah-pakai-obat-kuat,No,Adult: Sexual content,Restricted ad serving,ca-pub-7784034061253020,22,2024-12-15,2024-12-15
belitung.tribunnews.com,Page,N/A,N/A,belitung.tribunnews.com/2017/05/01/perempuan-seksi-makan-ini-videonya-viral,No,Shocking content,Restricted ad serving,ca-pub-7784034061253020,22,2024-12-13,2024-12-15
belitung.tribunnews.com,Page,N/A,N/A,belitung.tribunnews.com/2016/09/15/baju-ini-bikin-dewi-persik-seperti-telanjang-kata-netizen-lihat-video-aksinya-di-atas-panggung,No,Adult: Sexual content,Restricted ad serving,ca-pub-7784034061253020,22,2024-12-13,2024-12-16
belitung.tribunnews.com,Page,N/A,N/A,belitung.tribunnews.com/2016/02/21/jangan-lakukan-variasi-bercinta-seperti-ini-meski-banyak-di-film-porno,No,Adult: Sexual content,Restricted ad serving,ca-pub-7784034061253020,22,2024-12-11,2024-12-15
banjarmasin.tribunnews.com,Page,N/A,N/A,banjarmasin.tribunnews.com/2017/12/15/10-makanan-ini-membuat-sperma-lebih-banyak-gesit-dan-kuat-nomor-4-paling-mudah-didapat?page=3,No,Shocking content,Restricted ad serving,ca-pub-7784034061253020,22,2024-12-14,2024-12-17
bangka.tribunnews.com,Page,N/A,N/A,bangka.tribunnews.com/2018/04/07/kisah-pedagang-pakai-penglaris-awalnya-pembeli-jadi-ramai-lalu-selanjutnya-begini,No,Shocking content,Restricted ad serving,ca-pub-7784034061253020,22,2024-12-11,2024-12-16
bangka.tribunnews.com,Page,N/A,N/A,bangka.tribunnews.com/2017/11/30/cinta-monyet-berujung-petaka-siswi-smp-dibawa-pacarnya-ke-perumahan-lalu-dicabuli-ramai-ramai?page=2,No,Adult: Sexual content,Restricted ad serving,ca-pub-7784034061253020,22,2024-12-14,2024-12-16
bangka.tribunnews.com,Page,N/A,N/A,bangka.tribunnews.com/2017/09/24/dulu-pamer-dada-nyembul-dan-nyesel-kini-pamela-duo-serigala-lebih-hot-lagi-videonya-bikin-melongo,No,Adult: Sexual content,Restricted ad serving,ca-pub-7784034061253020,22,2024-12-12,2024-12-17
aceh.tribunnews.com,Page,N/A,N/A,aceh.tribunnews.com/2020/04/08/diminta-di-rumah-aja-cegah-wabah-corona-kondom-sutra-bekas-pakai-berserakan-di-taman,No,Adult: Sexual content,Restricted ad serving,ca-pub-7784034061253020,22,2024-12-14,2024-12-16
www.tribunnewswiki.com,Page,N/A,N/A,www.tribunnewswiki.com/2021/10/10/film-tumbleweed-2013,Yes,Encouraging accidental clicks: Layout;Google-served ads obscuring content,Restricted ad serving,ca-pub-7784034061253020,21,2024-12-15,2024-12-17
www.tribunnews.com,Page,N/A,N/A,www.tribunnews.com/regional/2022/07/21/fakta-fakta-bocah-sd-meninggal-usai-dipaksa-bersetubuh-dengan-kucing-pelaku-dikenali-dari-suara,Yes,Ads Disguised as Content,Restricted ad serving,ca-pub-7784034061253020,21,2024-12-13,2024-12-16
www.tribunnews.com,Page,N/A,N/A,www.tribunnews.com/nasional/2012/04/25/siapa-pria-yang-beradegan-syur-dengan-anggota-dpr-itu,No,Adult: Sexual content,Restricted ad serving,ca-pub-7784034061253020,21,2024-12-12,2024-12-17
www.tribunnews.com,Page,N/A,N/A,www.tribunnews.com/kesehatan/2014/05/22/pijat-refleksi-buyarkan-sumbatan-kristal-di-bawah-kulit-badan-pun-terasa-segar,No,Shocking content,Restricted ad serving,ca-pub-7784034061253020,21,2024-12-12,2024-12-17
video.tribunnews.com,Page,N/A,N/A,video.tribunnews.com/view/76882/anaknya-kalah-berkelahi-pria-ini-cekik-bocah-3-tahun-teman-bermain-putrinya,No,Shocking content,Restricted ad serving,ca-pub-7784034061253020,21,2024-12-11,2024-12-17
video.tribunnews.com,Page,N/A,N/A,video.tribunnews.com/view/76170/dua-sopir-truk-saling-bacok-rebutan-janda-tak-ada-yang-dipilih-meski-keduanya-telah-bersimbah-darah,No,Adult: Sexual content,Restricted ad serving,ca-pub-7784034061253020,21,2024-12-15,2024-12-15
surabaya.tribunnews.com,Page,N/A,N/A,surabaya.tribunnews.com/2019/05/28/viral-video-panas-siswi-smp-banyuwangi-wajah-pemain-jadi-meme-di-instagram-ig,No,Shocking content,Restricted ad serving,ca-pub-7784034061253020,21,2024-12-12,2024-12-17
style.tribunnews.com,Page,N/A,N/A,style.tribunnews.com/2019/11/16/tak-hanya-rokok-4-sayuran-ini-juga-terdapat-nikotin-di-dalamnya-mulai-kentang-hingga-tomat,No,Shocking content,Restricted ad serving,ca-pub-7784034061253020,21,2024-12-11,2024-12-16
solo.tribunnews.com,Page,N/A,N/A,solo.tribunnews.com/2016/05/05/boneka-seks-ala-wanita-cantik-jepang-ini-dibanderol-seharga-rp-130-jutaan-berminat,No,Adult: Sexual content,Restricted ad serving,ca-pub-7784034061253020,21,2024-12-14,2024-12-15
pontianak.tribunnews.com,Page,N/A,N/A,pontianak.tribunnews.com/2018/01/17/artis-porno-jepang-ini-tewas-saat-syuting-adegan-seks-dengan-lebih-dari-10-pria-astaga?page=3,Yes,Adult: Sexual content;Site Behavior: Navigation,Restricted ad serving,ca-pub-7784034061253020,21,2024-12-15,2024-12-17
palembang.tribunnews.com,Page,N/A,N/A,palembang.tribunnews.com/2017/09/16/serem-asyik-main-belut-dan-dimasukin-anunya-wanita-cantik-ini-nyaris-menyesal-ternyata-saat-masuk,No,Adult: Sexual content,Restricted ad serving,ca-pub-7784034061253020,21,2024-12-12,2024-12-17
medan.tribunnews.com,Page,N/A,N/A,medan.tribunnews.com/2021/07/06/ketukan-ketiga-pemilik-kamar-kos-syok-lihat-gadis-matanya-melotot-lidah-menjulur-baunya-anyir,No,Shocking content,Restricted ad serving,ca-pub-7784034061253020,21,2024-12-15,2024-12-15
medan.tribunnews.com,Page,N/A,N/A,medan.tribunnews.com/2017/12/03/suami-istri-ini-berhubungan-intim-tiap-hari-selama-setahun-inilah-yang-terjadi,No,Adult: Sexual content,Restricted ad serving,ca-pub-7784034061253020,21,2024-12-14,2024-12-17
manado.tribunnews.com,Page,N/A,N/A,manado.tribunnews.com/2019/09/17/boneka-pria-pemuas-syahwat-resmi-diperkenalkan-ke-pasar-dewasa-punya-perkakas-bionik-gratis-ongkir?page=all,No,Adult: Sexual content,Restricted ad serving,ca-pub-7784034061253020,21,2024-12-15,2024-12-16
manado.tribunnews.com,Page,N/A,N/A,manado.tribunnews.com/2019/06/20/god-bless-park-ikon-kota-ini-di-era-milenial,No,Adult: Sexual content,Restricted ad serving,ca-pub-7784034061253020,21,2024-12-13,2024-12-16
manado.tribunnews.com,Page,N/A,N/A,manado.tribunnews.com/2017/07/18/monyet-hidup-dibelah-kepalanya-disendok-otaknya-dimakan-warga-beramai-ramai,No,Shocking content,Restricted ad serving,ca-pub-7784034061253020,21,2024-12-11,2024-12-15
makassar.tribunnews.com,Page,N/A,N/A,makassar.tribunnews.com/2020/05/21/inilah-kata-kata-yang-bikin-luna-maya-akhirnya-memaafkan-ariel-noah-gegara-video-syur-tersebar?page=4,No,Shocking content,Restricted ad serving,ca-pub-7784034061253020,21,2024-12-15,2024-12-16
makassar.tribunnews.com,Page,N/A,N/A,makassar.tribunnews.com/2018/01/31/lama-terpendam-beginilah-penyesalan-kate-winslet-soal-dirinya-dilukis-tanpa-busana-di-film-titanic?page=2,Yes,Site Behavior: Navigation,Restricted ad serving,ca-pub-7784034061253020,21,2024-12-15,2024-12-15
makassar.tribunnews.com,Page,N/A,N/A,makassar.tribunnews.com/2014/03/31/jangan-makan-ini-sebelum-main-di-ranjang-dengan-pasangan,No,Adult: Sexual content,Restricted ad serving,ca-pub-7784034061253020,21,2024-12-15,2024-12-15
m.tribunnews.com,Page,N/A,N/A,m.tribunnews.com/video/2015/09/17/bea-cukai-sita-boneka-alat-bantu-seks-selundupan-dari-tiongkok,Yes,Adult: Sexual content;Site Behavior: Navigation,Restricted ad serving,ca-pub-7784034061253020,21,2024-12-16,2024-12-16
m.tribunnews.com,Page,N/A,N/A,m.tribunnews.com/superskor/2018/11/09/12-fakta-jose-sarasola-pacar-maria-ozawa-yang-jago-basket,No,Shocking content,Restricted ad serving,ca-pub-7784034061253020,21,2024-12-16,2024-12-17
m.tribunnews.com,Page,N/A,N/A,m.tribunnews.com/seleb/2017/10/24/hot-inilah-deretan-foto-foto-jadul-trio-azhari-yang-jarang-terpublikasikan-seksi-abis?page=2,Yes,Adult: Sexual content;Site Behavior: Navigation,Restricted ad serving,ca-pub-7784034061253020,21,2024-12-17,2024-12-17
m.tribunnews.com,Page,N/A,N/A,m.tribunnews.com/regional/2020/06/28/cewek-cantik-di-kota-jambi-jual-diri-lewat-michat-tarif-sekali-kencan-rp-800-ribu,No,Shocking content,Restricted ad serving,ca-pub-7784034061253020,21,2024-12-16,2024-12-17
m.tribunnews.com,Page,N/A,N/A,m.tribunnews.com/lifestyle/2017/11/03/foto-selfie-5-cewek-cantik-ini-sempat-viral-sebelum-adanya-kamera-jahat-masih-ingat?page=3,Yes,Site Behavior: Navigation,Restricted ad serving,ca-pub-7784034061253020,21,2024-12-13,2024-12-15
m.tribunnews.com,Page,N/A,N/A,m.tribunnews.com/kesehatan/2017/12/07/lima-posisi-ideal-agar-hubungan-suami-istri-makin-panas-tahan-lama-dan-tak-mudah-lelah,No,Adult: Sexual content,Restricted ad serving,ca-pub-7784034061253020,21,2024-12-11,2024-12-15
m.tribunnews.com,Page,N/A,N/A,m.tribunnews.com/internasional/2015/07/11/ini-dia-10-negara-dengan-budaya-seks-paling-bebas?page=all,No,Adult: Sexual content,Restricted ad serving,ca-pub-7784034061253020,21,2024-12-13,2024-12-16
lampung.tribunnews.com,Page,N/A,N/A,lampung.tribunnews.com/2018/03/26/hasil-riset-gigolo-ternyata-ini-yang-diinginkan-wanita-untuk-memuaskan-diri,No,Adult: Sexual content,Restricted ad serving,ca-pub-7784034061253020,21,2024-12-15,2024-12-17
lampung.tribunnews.com,Page,N/A,N/A,lampung.tribunnews.com/2017/05/09/celana-dalam-anak-sma-tertinggal-saat-asisten-rumah-tangga-lari-keluar-kamar,No,Adult: Sexual content,Restricted ad serving,ca-pub-7784034061253020,21,2024-12-12,2024-12-17
kupang.tribunnews.com,Page,N/A,N/A,kupang.tribunnews.com/2019/09/14/kehidupan-dan-fantaay-seks-zodiak-aries-spontan-scorpio-liar-virgo-suka-jadi-budak,No,Adult: Sexual content,Restricted ad serving,ca-pub-7784034061253020,21,2024-12-15,2024-12-15
jateng.tribunnews.com,Page,N/A,N/A,jateng.tribunnews.com/2018/02/06/terbongkar-inilah-rahasia-aktor-film-bokep-bisa-tahan-berjam-jam,No,Adult: Sexual content,Restricted ad serving,ca-pub-7784034061253020,21,2024-12-12,2024-12-17
jateng.tribunnews.com,Page,N/A,N/A,jateng.tribunnews.com/2016/02/12/isis-merilis-foto-foto-sadis-potong-tangan-pencuri-di-raqqa,No,Shocking content,Restricted ad serving,ca-pub-7784034061253020,21,2024-12-15,2024-12-15
jambi.tribunnews.com,Page,N/A,N/A,jambi.tribunnews.com/2020/02/11/heboh-video-mesum-ala-vina-garut-di-pasuruan-suami-rekam-istri-hubungan-intim-dengan-4-pria,No,Shocking content,Restricted ad serving,ca-pub-7784034061253020,21,2024-12-11,2024-12-15
jambi.tribunnews.com,Page,N/A,N/A,jambi.tribunnews.com/2017/09/07/7-fakta-sera-amane-mahasiswi-asal-jakarta-yang-bintangi-film-porno-jepang-ternyata-ada-wni-lain,No,Adult: Sexual content,Restricted ad serving,ca-pub-7784034061253020,21,2024-12-11,2024-12-16
jabar.tribunnews.com,Page,N/A,N/A,jabar.tribunnews.com/2021/08/02/doa-sebelum-makan-minum-dan-doa-setelah-makan-lengkap-artinya-berharap-berkah-dan-ungkapan-syukur,No,Google-served ads obscuring content,Restricted ad serving,ca-pub-7784034061253020,21,2024-12-14,2024-12-16
jabar.tribunnews.com,Page,N/A,N/A,jabar.tribunnews.com/2015/12/13/hiiiy-ngeri-maksudnya-pencet-jerawat-tapi-dari-hidung-wanita-ini-malah-keluar-sesuatu,No,Shocking content,Restricted ad serving,ca-pub-7784034061253020,21,2024-12-12,2024-12-15
cirebon.tribunnews.com,Page,N/A,N/A,cirebon.tribunnews.com/2019/10/22/ucapan-pemeran-cewek-di-video-porno-dosen-vs-mahasiswi-di-kota-b-viral-si-bapak-mah-pikasebeleun?page=2,No,Adult: Sexual content,Restricted ad serving,ca-pub-7784034061253020,21,2024-12-15,2024-12-17
cirebon.tribunnews.com,Page,N/A,N/A,cirebon.tribunnews.com/2019/10/22/ucapan-pemeran-cewek-di-video-porno-dosen-vs-mahasiswi-di-kota-b-viral-si-bapak-mah-pikasebeleun,No,Adult: Sexual content,Restricted ad serving,ca-pub-7784034061253020,21,2024-12-16,2024-12-16
cirebon.tribunnews.com,Page,N/A,N/A,cirebon.tribunnews.com/2019/10/01/tergoda-lihat-adik-ipar-pakai-baju-seksi-pria-ini-setubuhi-adik-ipar-berkali-kali-saat-istri-tidur?page=2,No,Adult: Sexual content,Restricted ad serving,ca-pub-7784034061253020,21,2024-12-15,2024-12-15
bogor.tribunnews.com,Page,N/A,N/A,bogor.tribunnews.com/2018/05/01/masturbasi-bisa-sebabkan-hiv-masa-sih-begini-fakta-lengkapnya,No,Shocking content,Restricted ad serving,ca-pub-7784034061253020,21,2024-12-15,2024-12-16
belitung.tribunnews.com,Page,N/A,N/A,belitung.tribunnews.com/2017/08/17/bikin-geleng-kepala-deretan-artis-ini-blak-blakan-cerita-pengalaman-liar-mereka-begituan,Yes,Ads Disguised as Content,Restricted ad serving,ca-pub-7784034061253020,21,2024-12-12,2024-12-17
belitung.tribunnews.com,Page,N/A,N/A,belitung.tribunnews.com/2016/04/28/apakah-anda-punya-lesung-di-atas-bokong-seperti-ini-anda-sangat-beruntung?page=3,No,Google-served ads obscuring content,Restricted ad serving,ca-pub-7784034061253020,21,2024-12-16,2024-12-17
batam.tribunnews.com,Page,N/A,N/A,batam.tribunnews.com/2018/01/27/terungkap-ini-rahasia-aktor-film-panas-agar-tahan-sepanjang-film,No,Adult: Sexual content,Restricted ad serving,ca-pub-7784034061253020,21,2024-12-12,2024-12-16
bangka.tribunnews.com,Page,N/A,N/A,bangka.tribunnews.com/2018/01/23/masih-penasaran-video-mesum-viral-di-youtube-tonton-nih-video-desahan-hot-di-atas-kasur?page=all,No,Adult: Sexual content,Restricted ad serving,ca-pub-7784034061253020,21,2024-12-15,2024-12-16
bangka.tribunnews.com,Page,N/A,N/A,bangka.tribunnews.com/2016/09/13/mengejutkan-empat-aktris-tv-terkenal-ini-pindah-haluan-jadi-pemain-film-dewasa,No,Adult: Sexual content,Restricted ad serving,ca-pub-7784034061253020,21,2024-12-12,2024-12-15
bangka.tribunnews.com,Page,N/A,N/A,bangka.tribunnews.com/2016/09/01/wow-hingga-miliaran-rupiah-untuk-payudara-nikita-mirzani,No,Adult: Sexual content,Restricted ad serving,ca-pub-7784034061253020,21,2024-12-16,2024-12-17
bali.tribunnews.com,Page,N/A,N/A,bali.tribunnews.com/2017/07/08/intip-aksi-nikita-mirzani-pamer-dada-netizen-heboh,Yes,Site Behavior: Navigation,Restricted ad serving,ca-pub-7784034061253020,21,2024-12-12,2024-12-15
www.tribunnews.com,Page,N/A,N/A,www.tribunnews.com/regional/2022/11/09/perempuan-berkebaya-merah-dalam-video-dewasa-pernah-beradegan-mesum-dengan-3-pria-sekaligus,Yes,Ads Disguised as Content,Restricted ad serving,ca-pub-7784034061253020,20,2024-12-15,2024-12-17
www.tribunnews.com,Page,N/A,N/A,www.tribunnews.com/regional/2017/05/23/fakta-kaum-gay-di-palembang-tak-kalah-mencengangkan-dibanding-ibu-kota,No,Adult: Sexual content;Shocking content,Restricted ad serving,ca-pub-7784034061253020,20,2024-12-12,2024-12-17
www.tribunnews.com,Page,N/A,N/A,www.tribunnews.com/kesehatan/2012/03/18/ssst-ingin-perkasa-coba-ramuan-kayu-khas-kalimantan,No,Adult: Sexual content,Restricted ad serving,ca-pub-7784034061253020,20,2024-12-11,2024-12-15
www.tribunnews.com,Page,N/A,N/A,www.tribunnews.com/internasional/2014/03/19/80-persen-pelajar-di-jepang-masuki-dunia-film-porno,No,Adult: Sexual content,Restricted ad serving,ca-pub-7784034061253020,20,2024-12-11,2024-12-17
wartakota.tribunnews.com,Page,N/A,N/A,wartakota.tribunnews.com/2020/05/21/unggah-foto-seksi-dan-viral-tante-ernie-sering-digoda-banyak-pria-yang-sudah-punya-pasangan,Yes,Google-served ads obscuring content;Modified Javascript: Ads by Google size,Restricted ad serving,ca-pub-7784034061253020,20,2024-12-11,2024-12-16
wartakota.tribunnews.com,Page,N/A,N/A,wartakota.tribunnews.com/2018/01/21/kasihan-bocah-sd-jadi-kecanduan-seks-karena-sejak-umur-2-tahun-tinggal-di-dolly,No,Adult: Sexual content,Restricted ad serving,ca-pub-7784034061253020,20,2024-12-13,2024-12-16
wartakota.tribunnews.com,Page,N/A,N/A,wartakota.tribunnews.com/2016/10/28/wanita-jepang-ini-tak-menyangka-dinobatkan-memiliki-payudara-terindah,No,Adult: Sexual content,Restricted ad serving,ca-pub-7784034061253020,20,2024-12-14,2024-12-17
wartakota.tribunnews.com,Page,N/A,N/A,wartakota.tribunnews.com/2015/03/20/foto-payudara-sendiri-jadi-tren-selfie-di-thailand,Yes,Google-served ads obscuring content;Modified Javascript: Ads by Google size,Restricted ad serving,ca-pub-7784034061253020,20,2024-12-13,2024-12-15
surabaya.tribunnews.com,Page,N/A,N/A,surabaya.tribunnews.com/2020/11/24/video-mesum-219-menit-diperankan-abg-viral-dan-resahkan-warga-dapat-rp-8-juta-sekali-rekaman,Yes,Ads Disguised as Content,Restricted ad serving,ca-pub-7784034061253020,20,2024-12-12,2024-12-16
sumsel.tribunnews.com,Page,N/A,N/A,sumsel.tribunnews.com/2017/11/22/miris-kisah-gadis-sma-yang-pilih-jadi-pemuas-nafsu-lelaki-hidung-belangsekali-dibayar-uang-segini?page=all,No,Adult: Sexual content,Restricted ad serving,ca-pub-7784034061253020,20,2024-12-16,2024-12-16
sumsel.tribunnews.com,Page,N/A,N/A,sumsel.tribunnews.com/2015/09/22/ini-7-tanda-perempuan-jago-memuaskan-suami-di-ranjang,No,Adult: Sexual content,Restricted ad serving,ca-pub-7784034061253020,20,2024-12-15,2024-12-16
sultra.tribunnews.com,Page,N/A,N/A,sultra.tribunnews.com/2022/04/27/adegan-lengkap-dalam-link-video-chika-open-bo-20-juta-butuh-hal-ini-untuk-mengakses?page=all,Yes,Google-served ads obscuring content;Modified Javascript: Ads by Google size,Restricted ad serving,ca-pub-7784034061253020,20,2024-12-15,2024-12-15
pontianak.tribunnews.com,Page,N/A,N/A,pontianak.tribunnews.com/2024/03/12/daftar-caleg-terpilih-dprd-kabupaten-musi-banyuasin-2024-2029-hasil-rekapitulasi-suara-pemilu-2024,No,Google-served ads obscuring content,Restricted ad serving,ca-pub-7784034061253020,20,2024-12-11,2024-12-17
pekanbaru.tribunnews.com,Page,N/A,N/A,pekanbaru.tribunnews.com/2020/03/30/video-hot-mirip-host-uang-kaget-soraya-rasyid-viral-netizen-dm-lewat-instagram-rp-tf-5-juta-aja,No,Adult: Sexual content,Restricted ad serving,ca-pub-7784034061253020,20,2024-12-17,2024-12-17
palembang.tribunnews.com,Page,N/A,N/A,palembang.tribunnews.com/2017/10/04/asyik-goyang-gadis-cantik-ini-menjerit-darah-kental-merembes-dari-bagian-bawahannya,No,Shocking content,Restricted ad serving,ca-pub-7784034061253020,20,2024-12-16,2024-12-16
medan.tribunnews.com,Page,N/A,N/A,medan.tribunnews.com/2022/05/24/terungkap-7-fakta-remaja-pria-jadi-budak-nafsu-tante-izin-ibadah-malah-belok-ke-kosan-janda,Yes,Ads Disguised as Content,Restricted ad serving,ca-pub-7784034061253020,20,2024-12-15,2024-12-17
medan.tribunnews.com,Page,N/A,N/A,medan.tribunnews.com/2017/05/22/mr-p-terlalu-besar-nia-rasakan-seks-nikmat-berubah-neraka-lalu-cerai-dari-suami?page=all,No,Adult: Sexual content,Restricted ad serving,ca-pub-7784034061253020,20,2024-12-15,2024-12-15
makassar.tribunnews.com,Page,N/A,N/A,makassar.tribunnews.com/2022/01/25/ingat-misskay-pemeran-video-61-detik-miripnagita-dulu-bisa-dibayar-murah-kini-kabarnya-beda,Yes,Ads Disguised as Content,Restricted ad serving,ca-pub-7784034061253020,20,2024-12-11,2024-12-16
makassar.tribunnews.com,Page,N/A,N/A,makassar.tribunnews.com/2020/02/15/video-dulu-teman-duet-di-duo-manja-flo-diduga-beri-obat-riklona-kepada-lucinta-luna,No,Shocking content,Restricted ad serving,ca-pub-7784034061253020;ca-video-pub-7784034061253020,20,2024-12-16,2024-12-16
makassar.tribunnews.com,Page,N/A,N/A,makassar.tribunnews.com/2019/08/15/video-vina-garut-viral-di-media-sosial-kondisi-salah-satu-pria-dalam-video-itu-kini-memprihatinkan,Yes,Ads Disguised as Content,Restricted ad serving,ca-pub-7784034061253020,20,2024-12-12,2024-12-16
m.tribunnews.com,Page,N/A,N/A,m.tribunnews.com/regional/2019/06/17/foto-bidan-desa-masukkan-timun-ke-organ-intim-viral-ini-bahayanya,No,Adult: Sexual content,Restricted ad serving,ca-pub-7784034061253020,20,2024-12-15,2024-12-17
m.tribunnews.com,Page,N/A,N/A,m.tribunnews.com/lifestyle/2014/01/12/boneka-silikon-seksi-dan-cantik-ini-ternyata-bisa-jadi-teman-curhat,No,Adult: Sexual content,Restricted ad serving,ca-pub-7784034061253020,20,2024-12-12,2024-12-17
m.tribunnews.com,Page,N/A,N/A,m.tribunnews.com/kesehatan/2019/04/04/saat-bercinta-ini-6-tahapan-yang-dirasakan-perempuan-sampai-orgasme,No,Adult: Sexual content,Restricted ad serving,ca-pub-7784034061253020,20,2024-12-11,2024-12-17
m.tribunnews.com,Page,N/A,N/A,m.tribunnews.com/kesehatan/2016/03/31/kesalahan-cara-minum-obat-kuat-yang-membuatnya-gagal-bikin-pria-jadi-jantan,No,Adult: Sexual content,Restricted ad serving,ca-pub-7784034061253020,20,2024-12-12,2024-12-16
m.tribunnews.com,Page,N/A,N/A,m.tribunnews.com/internasional/2017/07/19/bermasturbasi-dengan-memasukkan-belut-ke-kemaluan-perempuan-di-china-ini-nyaris-kehilangan-nyawa,No,Adult: Sexual content;Shocking content,Restricted ad serving,ca-pub-7784034061253020,20,2024-12-14,2024-12-16
jogja.tribunnews.com,Page,N/A,N/A,jogja.tribunnews.com/2017/12/21/miliki-mr-p-terbesar-di-dunia-pria-ini-malah-terdaftar-sebagai-penyandang-disabilitas,No,Adult: Sexual content,Restricted ad serving,ca-pub-7784034061253020,20,2024-12-15,2024-12-15
jogja.tribunnews.com,Page,N/A,N/A,jogja.tribunnews.com/2017/02/28/5-tanda-wanita-telah-bercinta-semalam-salah-satunya-terlihat-lebih-cantik,No,Adult: Sexual content,Restricted ad serving,ca-pub-7784034061253020,20,2024-12-11,2024-12-16
jateng.tribunnews.com,Page,N/A,N/A,jateng.tribunnews.com/2017/11/29/sssstt-ini-rahasia-merawat-payudara-tetap-kencang-dan-indah,Yes,Adult: Sexual content;Site Behavior: Navigation,Restricted ad serving,ca-pub-7784034061253020,20,2024-12-11,2024-12-17
jateng.tribunnews.com,Page,N/A,N/A,jateng.tribunnews.com/2015/06/20/heboh-wanita-nekat-kencing-di-jalanan-padat,No,Adult: Sexual content,Restricted ad serving,ca-pub-7784034061253020,20,2024-12-15,2024-12-17
jambi.tribunnews.com,Page,N/A,N/A,jambi.tribunnews.com/2018/07/23/kisah-sada-abe-si-geisha-cantik-yang-bunuh-dan-potong-alat-vital-pria-beristri-alasannya,No,Shocking content,Restricted ad serving,ca-pub-7784034061253020,20,2024-12-17,2024-12-17
jambi.tribunnews.com,Page,N/A,N/A,jambi.tribunnews.com/2018/01/21/ini-yang-ada-dipikiran-wanita-bila-melihat-kelamin-laki-laki?page=all,No,Adult: Sexual content,Restricted ad serving,ca-pub-7784034061253020,20,2024-12-15,2024-12-16
jambi.tribunnews.com,Page,N/A,N/A,jambi.tribunnews.com/2017/11/25/segelas-minuman-ini-untuk-istri-hasilnya-ya-ampun-kok-jadi-semakin-bergairah-di-ranjang,No,Adult: Sexual content,Restricted ad serving,ca-pub-7784034061253020,20,2024-12-15,2024-12-16
jabar.tribunnews.com,Page,N/A,N/A,jabar.tribunnews.com/2022/11/18/pengobatan-alat-vital-hj-mak-erot-terpercayacigadog-cisolok-sukabumi-dan-pondok-gede-bekasi,Yes,Ads Disguised as Content,Restricted ad serving,ca-pub-7784034061253020,20,2024-12-15,2024-12-17
cirebon.tribunnews.com,Page,N/A,N/A,cirebon.tribunnews.com/2019/10/17/beredar-luas-foto-pamela-safitri-tak-pakai-busana-hingga-terlihat-seluruh-dalaman-tubuhnya?page=2,No,Adult: Sexual content,Restricted ad serving,ca-pub-7784034061253020,20,2024-12-11,2024-12-17
belitung.tribunnews.com,Page,N/A,N/A,belitung.tribunnews.com/2019/04/01/ini-penjelasan-medis-tentang-fenomena-gancet-pasangan-lengket-saat-berhubungan-intim?page=2,No,Adult: Sexual content,Restricted ad serving,ca-pub-7784034061253020,20,2024-12-14,2024-12-15
batam.tribunnews.com,Page,N/A,N/A,batam.tribunnews.com/2016/05/22/wow-ada-boneka-seks-mirip-dengan-artis-ini-harganya-fantastis,No,Adult: Sexual content,Restricted ad serving,ca-pub-7784034061253020,20,2024-12-14,2024-12-17
bangka.tribunnews.com,Page,N/A,N/A,bangka.tribunnews.com/2020/01/11/boneka-seks-mirip-anak-kecil-dibawa-mahasiswa-dari-china-terbuat-dari-silikon-dan-itu-pornografi,No,Adult: Sexual content,Restricted ad serving,ca-pub-7784034061253020,20,2024-12-13,2024-12-16
bangka.tribunnews.com,Page,N/A,N/A,bangka.tribunnews.com/2019/06/01/foto-vulgar-cinta-laura-dan-pacar-tersebar-begini-klarifikasi-sang-ibunda-herdiana-kiehl-editan,No,Adult: Sexual content,Restricted ad serving,ca-pub-7784034061253020,20,2024-12-12,2024-12-16
bangka.tribunnews.com,Page,N/A,N/A,bangka.tribunnews.com/2019/02/22/nelayan-sungailiat-bangka-ini-bisa-kaya-mendadak-temukan-benda-mirip-muntahan-paus-segini-harganya,No,Shocking content,Restricted ad serving,ca-pub-7784034061253020,20,2024-12-15,2024-12-15
bangka.tribunnews.com,Page,N/A,N/A,bangka.tribunnews.com/2017/11/27/demi-diserbu-pembeli-cewek-penjual-mie-thailand-ini-pakai-baju-yang-terbuka-malah-bikin-panas,Yes,Site Behavior: Navigation,Restricted ad serving,ca-pub-7784034061253020,20,2024-12-12,2024-12-17
bangka.tribunnews.com,Page,N/A,N/A,bangka.tribunnews.com/2017/10/26/ciri-pria-yang-doyan-nonton-video-mesum-ternyata-perempuan-juga-ini-alasannya?page=all,No,Adult: Sexual content,Restricted ad serving,ca-pub-7784034061253020,20,2024-12-15,2024-12-15
aceh.tribunnews.com,Page,N/A,N/A,aceh.tribunnews.com/tag/pelajar-mesum,Yes,Google-served ads on screens without publisher-content,Restricted ad serving,ca-pub-7784034061253020,20,2024-12-14,2024-12-16
aceh.tribunnews.com,Page,N/A,N/A,aceh.tribunnews.com/2020/01/15/kisah-pria-penjaga-kamar-mayat-mengaku-telah-berhubungan-intim-dengan-100-mayat,No,Shocking content,Restricted ad serving,ca-pub-7784034061253020,20,2024-12-11,2024-12-17
aceh.tribunnews.com,Page,N/A,N/A,aceh.tribunnews.com/2019/08/25/kayu-bajakah-juga-tumbuh-di-subulusalam-tapi,No,Shocking content,Restricted ad serving,ca-pub-7784034061253020,20,2024-12-16,2024-12-17
www.tribunnews.com,Page,N/A,N/A,www.tribunnews.com/regional/2020/01/17/salon-plus-plus-bertarif-rp-150-ribu-digrebek-satu-terapis-tertangkap-basah-lagi-melayani-pelanggan,Yes,Google-served ads on screens without publisher-content;Shocking content,Restricted ad serving,ca-pub-7784034061253020,19,2024-12-14,2024-12-16
www.tribunnews.com,Page,N/A,N/A,www.tribunnews.com/kesehatan/2011/07/06/bercinta-dengan-brondong-jadi-awet-muda-ah-itu-mitos,No,Adult: Sexual content,Restricted ad serving,ca-pub-7784034061253020,19,2024-12-12,2024-12-16
www.tribunnews.com,Page,N/A,N/A,www.tribunnews.com/internasional/2019/06/27/sebelum-naik-tahta-kaisar-china-harus-tiduri-121-wanita-selama-15-hari-gini-cara-mengaturnya,No,Adult: Sexual content,Restricted ad serving,ca-pub-7784034061253020,19,2024-12-11,2024-12-16
wartakota.tribunnews.com,Page,N/A,N/A,wartakota.tribunnews.com/2017/10/16/abg-jual-keperawanan-demi-bisa-sekolah-akhirnya-jadi-ketagihan-dan-ditangkap,No,Shocking content,Restricted ad serving,ca-pub-7784034061253020,19,2024-12-12,2024-12-16
video.tribunnews.com,Page,N/A,N/A,video.tribunnews.com/view/37125/heboh-kedatangan-bule-yang-bujuk-cewek-asia-berhubungan-badan-pasang-kamera-lalu-jual-videonya,Yes,Site Behavior: Navigation,Restricted ad serving,ca-pub-7784034061253020,19,2024-12-11,2024-12-17
travel.tribunnews.com,Page,N/A,N/A,travel.tribunnews.com/2017/07/13/sex-doll-terbongkar-ternyata-begini-bentuk-pabrik-boneka-seks-terbesar-di-amerika,No,Adult: Sexual content,Restricted ad serving,ca-pub-7784034061253020,19,2024-12-11,2024-12-17
travel.tribunnews.com,Page,N/A,N/A,travel.tribunnews.com/2017/04/17/10-pramugari-hot-ini-bikin-nelen-ludah-dari-pakai-bikini-hingga-gaun-pesta-no-6-ada-di-indonesia,No,Adult: Sexual content,Restricted ad serving,ca-pub-7784034061253020,19,2024-12-13,2024-12-15
suryamalang.tribunnews.com,Page,N/A,N/A,suryamalang.tribunnews.com/2017/08/31/pakai-seragam-pramuka-dan-berjilbab-remaja-wanita-ini-bikin-ulah-di-jalan-duh-bikin-geram-aja?page=all,Yes,Site Behavior: Navigation,Restricted ad serving,ca-pub-7784034061253020,19,2024-12-16,2024-12-16
sumsel.tribunnews.com,Page,N/A,N/A,sumsel.tribunnews.com/2018/01/29/3-artis-indonesia-ini-tak-malu-umbar-urusan-ranjang-dari-film-porno-sampai-lelah-diajak-setiap-hari?page=3,Yes,Google-served ads obscuring content;Modified Javascript: Ads by Google size,Restricted ad serving,ca-pub-7784034061253020,19,2024-12-11,2024-12-15
sumsel.tribunnews.com,Page,N/A,N/A,sumsel.tribunnews.com/2015/12/21/inilah-caranya-mengetahui-seorang-pria-masih-perjaka-atau-tidak,No,Google-served ads obscuring content,Restricted ad serving,ca-pub-7784034061253020,19,2024-12-15,2024-12-16
medan.tribunnews.com,Page,N/A,N/A,medan.tribunnews.com/2021/11/03/pengertian-perlindungan-dan-penegakan-hukum-di-negara-peran-lembaga-dan-dinamika-pelanggaran,Yes,Encouraging accidental clicks: Layout;Google-served ads obscuring content,Restricted ad serving,ca-pub-7784034061253020,19,2024-12-12,2024-12-17
medan.tribunnews.com,Page,N/A,N/A,medan.tribunnews.com/2018/06/02/video-3-abg-goyang-tik-tok-dikecam-dan-dituding-lecehkan-agama-satu-wanita-minta-maaf,Yes,Site Behavior: Navigation,Restricted ad serving,ca-pub-7784034061253020,19,2024-12-14,2024-12-17
medan.tribunnews.com,Page,N/A,N/A,medan.tribunnews.com/2015/01/25/video-hot-titin-karisma-pedangdut-yang-selingkuh-dengan-suami-inul,No,Adult: Sexual content,Restricted ad serving,ca-pub-7784034061253020,19,2024-12-16,2024-12-16
medan.tribunnews.com,Page,N/A,N/A,medan.tribunnews.com/2013/12/23/benarkah-wanita-bongkok-udang-punya-hasrat-seks-lebih-besar,No,Adult: Sexual content,Restricted ad serving,ca-pub-7784034061253020,19,2024-12-15,2024-12-17
makassar.tribunnews.com,Page,N/A,N/A,makassar.tribunnews.com/2020/07/20/situs-download-film-gratis-komedi-horor-perang-drama-western-hingga-film-dewasa-kualitas-hd?page=all,Yes,Content obscuring Google-served ads;Encouraging accidental clicks: Layout,Restricted ad serving,ca-pub-7784034061253020,19,2024-12-15,2024-12-15
makassar.tribunnews.com,Page,N/A,N/A,makassar.tribunnews.com/2015/10/23/ciri-ciri-perempuan-yang-tidak-perawan-versi-dokter,No,Adult: Sexual content,Restricted ad serving,ca-pub-7784034061253020,19,2024-12-12,2024-12-16
m.tribunnews.com,Page,N/A,N/A,m.tribunnews.com/video/2015/11/06/ngambek-tidak-dibelikan-iphone-perempuan-ini-telanjang-di-mal,Yes,Site Behavior: Navigation,Restricted ad serving,ca-pub-7784034061253020,19,2024-12-11,2024-12-17
m.tribunnews.com,Page,N/A,N/A,m.tribunnews.com/seleb/2011/05/15/foto-seksi-syahrani-pamer-payudara,No,Adult: Sexual content,Restricted ad serving,ca-pub-7784034061253020,19,2024-12-13,2024-12-17
m.tribunnews.com,Page,N/A,N/A,m.tribunnews.com/sains/2017/12/28/wow-di-jepang-banyak-monyet-betina-yang-melakukan-hubungan-seks-dengan-rusa-jantan,No,Adult: Sexual content,Restricted ad serving,ca-pub-7784034061253020,19,2024-12-11,2024-12-17
m.tribunnews.com,Page,N/A,N/A,m.tribunnews.com/regional/2019/12/10/cerita-lengkap-janda-di-madura-bikin-video-saat-sedang-telanjang-di-kamar-direkam-pakai-hp,No,Adult: Sexual content,Restricted ad serving,ca-pub-7784034061253020,19,2024-12-12,2024-12-16
m.tribunnews.com,Page,N/A,N/A,m.tribunnews.com/lifestyle/2017/10/13/percaya-gak-percaya-ini-ciri-cewek-yang-sudah-enggak-perawan?page=2,No,Adult: Sexual content,Restricted ad serving,ca-pub-7784034061253020,19,2024-12-13,2024-12-17
m.tribunnews.com,Page,N/A,N/A,m.tribunnews.com/lifestyle/2010/04/24/gairah-seks-wanita-menurut-primbon-jawa,No,Adult: Sexual content,Restricted ad serving,ca-pub-7784034061253020,19,2024-12-13,2024-12-16
m.tribunnews.com,Page,N/A,N/A,m.tribunnews.com/kesehatan/2019/04/04/saat-bercinta-ini-6-tahapan-yang-dirasakan-perempuan-sampai-orgasme?page=2,No,Adult: Sexual content,Restricted ad serving,ca-pub-7784034061253020,19,2024-12-16,2024-12-17
m.tribunnews.com,Page,N/A,N/A,m.tribunnews.com/kesehatan/2017/11/17/letakkan-potongan-kubis-di-payudara-para-wanita-akan-rasakan-manfaat-besar-ini?page=2,No,Adult: Sexual content,Restricted ad serving,ca-pub-7784034061253020,19,2024-12-11,2024-12-16
lampung.tribunnews.com,Page,N/A,N/A,lampung.tribunnews.com/2018/01/06/viral-video-mesum-bocah-dengan-tante-ada-hubungan-antara-adegan-panas-dengan-playstation,Yes,Ads Disguised as Content,Restricted ad serving,ca-pub-7784034061253020,19,2024-12-13,2024-12-16
kupang.tribunnews.com,Page,N/A,N/A,kupang.tribunnews.com/2020/01/25/lama-single-janda-3-anak-kecanduan-seka-5-kali-sehari-tak-cukup-menderita-diputus-pacar-haus-seks,No,Adult: Sexual content,Restricted ad serving,ca-pub-7784034061253020,19,2024-12-12,2024-12-15
kupang.tribunnews.com,Page,N/A,N/A,kupang.tribunnews.com/2017/09/26/goyangan-pamela-duo-serigala-panas-dari-insiden-dada-nyembul-sampai-pose-nugingnya-bikin-heboh,No,Adult: Sexual content,Restricted ad serving,ca-pub-7784034061253020,19,2024-12-12,2024-12-16
kaltim.tribunnews.com,Page,N/A,N/A,kaltim.tribunnews.com/2018/01/30/ambil-uang-di-atm-duitnya-tak-keluar-ketika-diraba-bagian-dalam-ternyata,Yes,Site Behavior: Navigation,Restricted ad serving,ca-pub-7784034061253020,19,2024-12-16,2024-12-16
kaltim.tribunnews.com,Page,N/A,N/A,kaltim.tribunnews.com/2015/10/16/jamur-misterius-ini-picu-orgasme-spontan-pada-wanita,No,Adult: Sexual content,Restricted ad serving,ca-pub-7784034061253020,19,2024-12-13,2024-12-15
jogja.tribunnews.com,Page,N/A,N/A,jogja.tribunnews.com/amp/2016/09/16/begini-kode-terapis-tawarkan-layanan-esek-esek-di-spa-plus,No,Adult: Sexual content,Restricted ad serving,ca-pub-7784034061253020,19,2024-12-12,2024-12-17
jogja.tribunnews.com,Page,N/A,N/A,jogja.tribunnews.com/2017/08/04/kumpul-dan-bertelanjang-di-lokasi-tertentu-kisah-kaum-naturis-yang-tinggal-di-indonesia,No,Adult: Sexual content,Restricted ad serving,ca-pub-7784034061253020,19,2024-12-16,2024-12-16
jogja.tribunnews.com,Page,N/A,N/A,jogja.tribunnews.com/2014/05/16/video-mesum-penjaga-warung-hebohkan-pelajar-ponorogo,No,Shocking content,Restricted ad serving,ca-pub-7784034061253020,19,2024-12-16,2024-12-16
jatim.tribunnews.com,Page,N/A,N/A,jatim.tribunnews.com/2017/11/06/wow-5-artis-indonesia-jujur-soal-masturbasi-dan-keperawanan-ada-yang-ngaku-sudah-sejak-sekolah,No,Adult: Sexual content,Restricted ad serving,ca-pub-7784034061253020,19,2024-12-14,2024-12-16
jateng.tribunnews.com,Page,N/A,N/A,jateng.tribunnews.com/2016/03/10/tiga-artis-ini-berlomba-upload-foto-bugil-di-instagram,No,Adult: Sexual content,Restricted ad serving,ca-pub-7784034061253020,19,2024-12-11,2024-12-17
jambi.tribunnews.com,Page,N/A,N/A,jambi.tribunnews.com/2019/08/22/dereta-artis-ini-betobat-sebagai-bintang-film-panas-nasibnya-sekarang-mengejutkan-ada-nama-miyabi?page=2,No,Adult: Sexual content,Restricted ad serving,ca-pub-7784034061253020,19,2024-12-15,2024-12-17
jambi.tribunnews.com,Page,N/A,N/A,jambi.tribunnews.com/2019/06/09/5-ciri-ciri-fisik-wanita-yang-nafsu-birahinya-meletup-letup-pasangan-bahagia-banyak-variasi-bercinta?page=all,No,Adult: Sexual content,Restricted ad serving,ca-pub-7784034061253020,19,2024-12-16,2024-12-16
jambi.tribunnews.com,Page,N/A,N/A,jambi.tribunnews.com/2015/08/05/motor-matic-anda-mati-mendadak-bisa-jadi-anda-dikerjai,No,Adult: Sexual content,Restricted ad serving,ca-pub-7784034061253020,19,2024-12-11,2024-12-17
bogor.tribunnews.com,Page,N/A,N/A,bogor.tribunnews.com/2022/07/06/arti-mimpi-selingkuh-dengan-suami-orang-pertanda-buruk-simak-penjelasannya-menurut-pakar-mimpi,Yes,Ads Disguised as Content,Restricted ad serving,ca-pub-7784034061253020,19,2024-12-12,2024-12-16
bogor.tribunnews.com,Page,N/A,N/A,bogor.tribunnews.com/2022/07/05/mengungkap-tarif-psk-lokal-dan-psk-asing-di-puncak-bogor-perempuan-magribi-pasang-harga-jutaan,Yes,Ads Disguised as Content,Restricted ad serving,ca-pub-7784034061253020,19,2024-12-11,2024-12-17
bogor.tribunnews.com,Page,N/A,N/A,bogor.tribunnews.com/2018/05/09/angkat-kaki-habis-hubungan-seks-bisa-cepet-hamil-beneran-simak-penjelasan-medisnya-yuk,No,Adult: Sexual content,Restricted ad serving,ca-pub-7784034061253020,19,2024-12-16,2024-12-16
belitung.tribunnews.com,Page,N/A,N/A,belitung.tribunnews.com/2018/08/22/mengintip-kehidupan-malam-di-little-tokyo-jakarta-diduga-lokasi-4-atlet-jepang-booking-cewek,No,Shocking content,Restricted ad serving,ca-pub-7784034061253020,19,2024-12-14,2024-12-15
belitung.tribunnews.com,Page,N/A,N/A,belitung.tribunnews.com/2017/08/29/ini-dia-obat-kuat-alami-bagi-pria-coba-buktikan-manfaat-kacang-kenari,No,Adult: Sexual content,Restricted ad serving,ca-pub-7784034061253020,19,2024-12-15,2024-12-16
banjarmasin.tribunnews.com,Page,N/A,N/A,banjarmasin.tribunnews.com/2017/09/15/inilah-para-bintang-film-porno-jepang-yang-pilih-tobat-lihat-nasibnya-kemudian?page=4,Yes,Site Behavior: Navigation,Restricted ad serving,ca-pub-7784034061253020,19,2024-12-13,2024-12-16
bangka.tribunnews.com,Page,N/A,N/A,bangka.tribunnews.com/2017/09/07/5-fakta-adegan-film-porno-awalnya-bikin-kagum,No,Adult: Sexual content,Restricted ad serving,ca-pub-7784034061253020,19,2024-12-11,2024-12-17
bangka.tribunnews.com,Page,N/A,N/A,bangka.tribunnews.com/2017/06/14/dengar-suara-desahan-orangtuanya-tengah-begituan-dua-anak-ini-lakukan-sesuatu-tak-terduga,Yes,Site Behavior: Navigation,Restricted ad serving,ca-pub-7784034061253020,19,2024-12-11,2024-12-15
bangka.tribunnews.com,Page,N/A,N/A,bangka.tribunnews.com/2017/05/08/perempuan-yang-jago-diranjang-dan-memuaskan-suami-seperti-ini-ciri-cirinya,No,Adult: Sexual content,Restricted ad serving,ca-pub-7784034061253020,19,2024-12-16,2024-12-16
bali.tribunnews.com,Page,N/A,N/A,bali.tribunnews.com/2017/08/11/terlalu-sering-mengeluarkan-sperma-bisa-jadi-mimpi-buruk-laki-laki-ini-10-dampaknya,No,Adult: Sexual content,Restricted ad serving,ca-pub-7784034061253020,19,2024-12-16,2024-12-16
www.tribunnews.com,Page,N/A,N/A,www.tribunnews.com/internasional/2015/02/22/tanpa-merasa-berdosa-bintang-porno-jepang-ini-bukukan-kisah-proses-bikin-video-intim,No,Adult: Sexual content,Restricted ad serving,ca-pub-7784034061253020,18,2024-12-12,2024-12-16
www.tribunnews.com,Page,N/A,N/A,www.tribunnews.com/bisnis/2020/12/04/tokopedia-angkat-bicara-terkait-peredaran-produk-sex-toys-di-e-commerce,No,Adult: Sexual content,Restricted ad serving,ca-pub-7784034061253020,18,2024-12-11,2024-12-17
wartakota.tribunnews.com,Page,N/A,N/A,wartakota.tribunnews.com/2015/06/02/desahan-dan-erangan-cewek-saat-bercinta-untuk-tambah-gairah,No,Adult: Sexual content,Restricted ad serving,ca-pub-7784034061253020,18,2024-12-13,2024-12-16
wartakota.tribunnews.com,Page,N/A,N/A,wartakota.tribunnews.com/2012/12/22/pekerjaan-pria-ini-melintir-puting-payudara-selebritis,No,Adult: Sexual content,Restricted ad serving,ca-pub-7784034061253020,18,2024-12-12,2024-12-16
suryamalang.tribunnews.com,Page,N/A,N/A,suryamalang.tribunnews.com/2017/11/02/videonya-terlanjur-viral-ternyata-alasan-cewek-ini-buka-baju-dan-bra-di-jalanan-bikin-kaget,No,Adult: Sexual content,Restricted ad serving,ca-pub-7784034061253020,18,2024-12-16,2024-12-16
suryamalang.tribunnews.com,Page,N/A,N/A,suryamalang.tribunnews.com/2017/09/16/bintang-jav-film-dewasa-jepang-ini-memilih-pensiun-pekerjaan-mereka-sekarang-mengejutkan,No,Shocking content,Restricted ad serving,ca-pub-7784034061253020,18,2024-12-17,2024-12-17
surabaya.tribunnews.com,Page,N/A,N/A,surabaya.tribunnews.com/2016/07/01/istri-sibuk-dengan-ponsel-bisa-jadi-penanda-ia-pernah-selingkuh-tanda-lainnya-simak-berikut-ini,No,Adult: Sexual content,Restricted ad serving,ca-pub-7784034061253020,18,2024-12-12,2024-12-16
sumsel.tribunnews.com,Page,N/A,N/A,sumsel.tribunnews.com/2023/03/11/rekaman-cctv-detik-detik-siswa-smk-di-bogor-tewas-dibacok-pelaku-diduga-juga-pelajar-sma-boceng-3,No,Shocking content,Restricted ad serving,ca-pub-7784034061253020,18,2024-12-17,2024-12-17
solo.tribunnews.com,Page,N/A,N/A,solo.tribunnews.com/2018/03/21/kejutkan-pengguna-jalan-papan-reklame-elektronik-di-filipina-tak-sengaja-tampilkan-film-porno,No,Adult: Sexual content,Restricted ad serving,ca-pub-7784034061253020,18,2024-12-11,2024-12-17
pontianak.tribunnews.com,Page,N/A,N/A,pontianak.tribunnews.com/2021/11/14/daun-sirih-cina-obat-darah-tinggi-kolesterol-dan-asam-urat-ini-8-manfaat-daun-sirih-cina,No,Google-served ads obscuring content,Restricted ad serving,ca-pub-7784034061253020,18,2024-12-12,2024-12-17
pontianak.tribunnews.com,Page,N/A,N/A,pontianak.tribunnews.com/2018/02/03/pria-ini-berikan-obat-perangsang-pada-minuman-kekasihnya-kejadian-selanjutnya-bikin-deg-degan,No,Adult: Sexual content,Restricted ad serving,ca-pub-7784034061253020,18,2024-12-12,2024-12-16
pekanbaru.tribunnews.com,Page,N/A,N/A,pekanbaru.tribunnews.com/2023/05/31/nonton-film-love-2015-sub-indo-full-movie-menjadi-film-yang-masih-banyak-dicari,No,Google-served ads obscuring content,Restricted ad serving,ca-pub-7784034061253020,18,2024-12-12,2024-12-17
medan.tribunnews.com,Page,N/A,N/A,medan.tribunnews.com/2019/02/05/polisi-bongkar-prostitusi-online-grup-line-member-siswi-sma-cara-vcs-dan-lss-5-admin-ditangkap,No,Adult: Sexual content,Restricted ad serving,ca-pub-7784034061253020,18,2024-12-13,2024-12-16
manado.tribunnews.com,Page,N/A,N/A,manado.tribunnews.com/2018/03/03/buka-baju-saat-live-instagram-hingga-deretan-kontroversi-cynthiara-alona-yang-juga-bikin-heboh?page=2,Yes,Site Behavior: Navigation,Restricted ad serving,ca-pub-7784034061253020,18,2024-12-14,2024-12-15
makassar.tribunnews.com,Page,N/A,N/A,makassar.tribunnews.com/2017/08/24/ini-foto-foto-bintang-film-dewasa-jepang-yang-followers-terbanyaknya-dari-bekasi-dan-jakarta,Yes,Site Behavior: Navigation,Restricted ad serving,ca-pub-7784034061253020,18,2024-12-12,2024-12-17
makassar.tribunnews.com,Page,N/A,N/A,makassar.tribunnews.com/2016/09/01/ya-ampun-rihanna-pamer-payudara-tanpa-sensor-di-3-video-klip-terbarunya-di-youtube,No,Adult: Sexual content,Restricted ad serving,ca-pub-7784034061253020,18,2024-12-12,2024-12-16
makassar.tribunnews.com,Page,N/A,N/A,makassar.tribunnews.com/2015/10/27/jl-sungai-saddang-dan-jl-sulawesi-jadi-tempat-mangkal-psk-di-makassar,No,Shocking content,Restricted ad serving,ca-pub-7784034061253020,18,2024-12-11,2024-12-16
m.tribunnews.com,Page,N/A,N/A,m.tribunnews.com/travel/2020/01/16/sex-machines-museum-museum-di-praha-yang-didedikasikan-untuk-mainan-seks,No,Adult: Sexual content,Restricted ad serving,ca-pub-7784034061253020,18,2024-12-11,2024-12-17
m.tribunnews.com,Page,N/A,N/A,m.tribunnews.com/kesehatan/seks,No,Adult: Sexual content,Restricted ad serving,ca-pub-7784034061253020,18,2024-12-12,2024-12-17
m.tribunnews.com,Page,N/A,N/A,m.tribunnews.com/kesehatan/2015/02/02/ejakulasi-pada-perempuan-itu-seperti-apa,No,Adult: Sexual content,Restricted ad serving,ca-pub-7784034061253020,18,2024-12-16,2024-12-16
m.tribunnews.com,Page,N/A,N/A,m.tribunnews.com/kesehatan/2013/10/25/wahai-suami-puasa-payudaralah-saat-istri-menyusui,No,Adult: Sexual content,Restricted ad serving,ca-pub-7784034061253020,18,2024-12-13,2024-12-15
m.tribunnews.com,Page,N/A,N/A,m.tribunnews.com/kesehatan/2011/11/25/bahaya-22-kopi-bisa-hilangkan-gairah-seks-dan-kematian,No,Adult: Sexual content,Restricted ad serving,ca-pub-7784034061253020,18,2024-12-13,2024-12-17
m.tribunnews.com,Page,N/A,N/A,m.tribunnews.com/internasional/2017/07/01/bikin-panas-internet-inilah-balada-foto-foto-seksi-tentara-wanita-israel,Yes,Site Behavior: Navigation,Restricted ad serving,ca-pub-7784034061253020,18,2024-12-14,2024-12-15
m.tribunnews.com,Page,N/A,N/A,m.tribunnews.com/bisnis/2020/12/04/tokopedia-angkat-bicara-terkait-peredaran-produk-sex-toys-di-e-commerce,No,Adult: Sexual content,Restricted ad serving,ca-pub-7784034061253020,18,2024-12-11,2024-12-15
lampung.tribunnews.com,Page,N/A,N/A,lampung.tribunnews.com/2017/11/11/keperawanan-gadis-smp-direnggut-pacar-setelah-berkali-kali-baru-terungkap-ternyata-pacarnya?page=all,No,Adult: Sexual content,Restricted ad serving,ca-pub-7784034061253020,18,2024-12-17,2024-12-17
kupang.tribunnews.com,Page,N/A,N/A,kupang.tribunnews.com/2017/06/28/bayar-cuma-seiklasnya-gadis-ini-rela-payudaranya-diremas-remas-para-pria,No,Adult: Sexual content,Restricted ad serving,ca-pub-7784034061253020,18,2024-12-12,2024-12-17
kaltim.tribunnews.com,Page,N/A,N/A,kaltim.tribunnews.com/2024/11/04/fakta-fakta-viral-suami-tikam-istri-saat-nyanyi-lagu-rohani-live-di-facebook-motif-dan-kronologi,No,Shocking content,Restricted ad serving,ca-pub-7784034061253020,18,2024-12-11,2024-12-16
jogja.tribunnews.com,Page,N/A,N/A,jogja.tribunnews.com/2017/03/25/telan-cairan-ms-v-saat-oral-seks-aman-tidak-ya,No,Adult: Sexual content,Restricted ad serving,ca-pub-7784034061253020,18,2024-12-12,2024-12-16
jakarta.tribunnews.com,Page,N/A,N/A,jakarta.tribunnews.com/2021/07/12/siswa-sma-nafsu-ke-tantenya-sendiri-ajakan-bercinta-ditolak-malah-pilih-habisi-nyawa-korban,Yes,Google-served ads obscuring content;Modified Javascript: Ads by Google size,Restricted ad serving,ca-pub-7784034061253020,18,2024-12-11,2024-12-16
jabar.tribunnews.com,Page,N/A,N/A,jabar.tribunnews.com/2022/10/11/viral-video-tenda-begoyang-di-gunung-salak-diduga-sejoli-berhubungan-suami-istri-direkam-pengunjung,Yes,Ads Disguised as Content,Restricted ad serving,ca-pub-7784034061253020,18,2024-12-12,2024-12-17
belitung.tribunnews.com,Page,N/A,N/A,belitung.tribunnews.com/2018/01/12/2-kakek-ini-gagal-menahan-birahi-itunya-dicolek-sampai-ada-yang-kesakitan,No,Adult: Sexual content,Restricted ad serving,ca-pub-7784034061253020,18,2024-12-16,2024-12-16
banjarmasin.tribunnews.com,Page,N/A,N/A,banjarmasin.tribunnews.com/2014/11/21/bertunangan-bintang-porno-terkenal-ini-tinggalkan-pekerjaannya,No,Adult: Sexual content,Restricted ad serving,ca-pub-7784034061253020,18,2024-12-11,2024-12-15
bangka.tribunnews.com,Page,N/A,N/A,bangka.tribunnews.com/2017/11/02/mantan-kekasih-anak-deddy-mizwar-jadi-perhatian-dada-dan-wajah-janda-ini-jadi-sorotan,No,Google-served ads obscuring content,Restricted ad serving,ca-pub-7784034061253020,18,2024-12-15,2024-12-15
bangka.tribunnews.com,Page,N/A,N/A,bangka.tribunnews.com/2017/08/02/inilah-boneka-seks-paling-realistis-bisa-menanggapi-percakapan-berekspresi-hingga-bernyanyi,No,Adult: Sexual content,Restricted ad serving,ca-pub-7784034061253020,18,2024-12-16,2024-12-16
www.tribunnews.com,Page,N/A,N/A,www.tribunnews.com/seleb/2017/01/10/wow-8-artis-hollywood-ini-berani-pamer-bulu-dari-ketiak-hingga-kemaluan,No,Adult: Sexual content,Restricted ad serving,ca-pub-7784034061253020,17,2024-12-12,2024-12-16
www.tribunnews.com,Page,N/A,N/A,www.tribunnews.com/lifestyle/2017/07/10/pacarmu-yang-pendiam-itu-bisa-jadi-seorang-hiperseks-coba-cocokkan-dengan-ciri-ciri-ini,No,Adult: Sexual content,Restricted ad serving,ca-pub-7784034061253020,17,2024-12-15,2024-12-17
www.tribunnews.com,Page,N/A,N/A,www.tribunnews.com/internasional/2015/07/11/ini-dia-10-negara-dengan-budaya-seks-paling-bebas,No,Adult: Sexual content,Restricted ad serving,ca-pub-7784034061253020,17,2024-12-11,2024-12-15
wartakota.tribunnews.com,Page,N/A,N/A,wartakota.tribunnews.com/2015/08/30/alat-kelamin-pria-ini-panjangnya-50-sentimeter,No,Shocking content,Restricted ad serving,ca-pub-7784034061253020,17,2024-12-12,2024-12-17
travel.tribunnews.com,Page,N/A,N/A,travel.tribunnews.com/2017/09/07/jangan-asal-ini-3-alasan-kenapa-bokep-sering-disebut-film-biru-ada-sejarahnya-lho,Yes,Site Behavior: Navigation,Restricted ad serving,ca-pub-7784034061253020,17,2024-12-11,2024-12-17
suryamalang.tribunnews.com,Page,N/A,N/A,suryamalang.tribunnews.com/2019/03/04/viral-foto-telanjang-siswi-smp-dan-sma-bojonegoro-ada-fakta-menarik-di-balik-proses-pembuatannya,No,Adult: Sexual content,Restricted ad serving,ca-pub-7784034061253020,17,2024-12-12,2024-12-17
suryamalang.tribunnews.com,Page,N/A,N/A,suryamalang.tribunnews.com/2015/10/09/terekam-kamera-senjata-pria-ini-menusuk-pantat-wanita-di-kendaraan-umum,No,Adult: Sexual content,Restricted ad serving,ca-pub-7784034061253020,17,2024-12-12,2024-12-16
surabaya.tribunnews.com,Page,N/A,N/A,surabaya.tribunnews.com/2016/03/04/foto-gara-gara-selfie-di-depan-kaca-kamar-mandi-gadis-ini-menyesal-seumur-hidupnya,No,Adult: Sexual content;Shocking content,Restricted ad serving,ca-pub-7784034061253020,17,2024-12-13,2024-12-17
surabaya.tribunnews.com,Page,N/A,N/A,surabaya.tribunnews.com/2015/02/28/chelsea-islan-depresi-karena-video-buka-baju-di-toilet,No,Shocking content,Restricted ad serving,ca-pub-7784034061253020,17,2024-12-13,2024-12-16
sumsel.tribunnews.com,Page,N/A,N/A,sumsel.tribunnews.com/2018/02/02/sering-pamer-foto-pakai-bikinibukan-tunjukkan-keseksianalasannya-gadis-ini-ternyata-mengejutkan,No,Adult: Sexual content,Restricted ad serving,ca-pub-7784034061253020,17,2024-12-11,2024-12-16
sumsel.tribunnews.com,Page,N/A,N/A,sumsel.tribunnews.com/2017/09/30/terlihat-seperti-murid-sd-semua-syok-saat-lihat-foto-seksi-dan-umur-gadis-cantik-ini-sebenarnya,Yes,Site Behavior: Navigation,Restricted ad serving,ca-pub-7784034061253020,17,2024-12-11,2024-12-16
pekanbaru.tribunnews.com,Page,N/A,N/A,pekanbaru.tribunnews.com/2023/10/31/iclik-viral-usai-rika-aerox-viral-arti-kata-iclik-iclik-adalah-bahasa-gaul,No,Google-served ads obscuring content,Restricted ad serving,ca-pub-7784034061253020,17,2024-12-15,2024-12-16
pekanbaru.tribunnews.com,Page,N/A,N/A,pekanbaru.tribunnews.com/2022/01/15/apa-itu-bj-alex-sinopsis-bj-alex,Yes,Ads Disguised as Content,Restricted ad serving,ca-pub-7784034061253020,17,2024-12-12,2024-12-17
pekanbaru.tribunnews.com,Page,N/A,N/A,pekanbaru.tribunnews.com/2021/10/13/apa-itu-tepos-dalam-bahasa-gaul-agak-berbeda-sama-kempes-ini-tepos-artinya-atau-arti-tepos,No,Google-served ads obscuring content,Restricted ad serving,ca-pub-7784034061253020,17,2024-12-12,2024-12-16
medan.tribunnews.com,Page,N/A,N/A,medan.tribunnews.com/2020/03/19/wanita-cantik-pemeran-video-mesum-mantan-pegawai-bank-ini-dilabrak-istri-sah-jadi-tontonan-warga,No,Adult: Sexual content;Shocking content,Restricted ad serving,ca-pub-7784034061253020,17,2024-12-13,2024-12-15
medan.tribunnews.com,Page,N/A,N/A,medan.tribunnews.com/2018/01/14/video-mesum-mirip-merion-jola-lala-kontestan-indonesian-idol-2018-beredar-berikut-foto-fotonya?page=all,Yes,Site Behavior: Navigation,Restricted ad serving,ca-pub-7784034061253020,17,2024-12-17,2024-12-17
manado.tribunnews.com,Page,N/A,N/A,manado.tribunnews.com/2021/03/19/viral-pemeran-wanita-gaun-merah-di-hotel-bogor-ternyata-cewek-manado-26-konten-diproduksi,Yes,Ads Disguised as Content,Restricted ad serving,ca-pub-7784034061253020,17,2024-12-14,2024-12-17
lampung.tribunnews.com,Page,N/A,N/A,lampung.tribunnews.com/2017/08/03/cewek-berjilbab-pamer-bra-dan-buka-baju-di-jembatan-suramadu-jadi-viral-di-facebook,No,Adult: Sexual content,Restricted ad serving,ca-pub-7784034061253020,17,2024-12-12,2024-12-15
kupang.tribunnews.com,Page,N/A,N/A,kupang.tribunnews.com/2018/10/19/25-manfaat-jika-kamu-sering-berhubungan-intim-dengan-pasanganmu-tak-terduga-guys,No,Adult: Sexual content,Restricted ad serving,ca-pub-7784034061253020,17,2024-12-12,2024-12-15
kupang.tribunnews.com,Page,N/A,N/A,kupang.tribunnews.com/2016/09/21/apa-hubungan-seks-yang-paling-didamba-banyak-orang,No,Adult: Sexual content,Restricted ad serving,ca-pub-7784034061253020,17,2024-12-13,2024-12-17
kaltim.tribunnews.com,Page,N/A,N/A,kaltim.tribunnews.com/2017/12/17/ehm-bisa-bikin-makin-bergairah-di-ranjang-begini-cara-konsumsi-telur-bebek,No,Adult: Sexual content,Restricted ad serving,ca-pub-7784034061253020,17,2024-12-15,2024-12-15
jogja.tribunnews.com,Page,N/A,N/A,jogja.tribunnews.com/2016/06/02/prostitusi-berkedok-tempat-perawatan-tubuh-marak-di-kalasan,No,Adult: Sexual content,Restricted ad serving,ca-pub-7784034061253020,17,2024-12-11,2024-12-17
jatim.tribunnews.com,Page,N/A,N/A,jatim.tribunnews.com/2022/11/08/pemeran-video-dewasa-kebaya-merah-produksi-92-video-terima-pesanan-beragam-tema-segini-harganya,Yes,Ads Disguised as Content,Restricted ad serving,ca-pub-7784034061253020,17,2024-12-14,2024-12-15
jateng.tribunnews.com,Page,N/A,N/A,jateng.tribunnews.com/2018/11/23/mojang-karawang-heboh-video-wik-wik-wik-ahh-siswi-sma-karawang-berakhir-petaka-ini-faktanya,No,Adult: Sexual content,Restricted ad serving,ca-pub-7784034061253020,17,2024-12-12,2024-12-17
belitung.tribunnews.com,Page,N/A,N/A,belitung.tribunnews.com/2016/12/28/ini-foto-foto-pembunuhan-sadis-di-pulomas-yang-beredar-di-media-sosial,Yes,Ads Disguised as Content;Shocking content,Restricted ad serving,ca-pub-7784034061253020,17,2024-12-16,2024-12-17
bangka.tribunnews.com,Page,N/A,N/A,bangka.tribunnews.com/2017/11/02/mata-cewek-cantik-setengah-terpejam-bareng-pria-tanpa-baju-di-depan-kamera-duh-kelakuannya?page=all,Yes,Site Behavior: Navigation,Restricted ad serving,ca-pub-7784034061253020,17,2024-12-15,2024-12-15
bangka.tribunnews.com,Page,N/A,N/A,bangka.tribunnews.com/2017/09/30/ngaku-sudah-tidur-dengan-8000an-wanita-tak-disangka-begini-kehidupan-raja-film-panas-ini,Yes,Google-served ads obscuring content;Modified Javascript: Ads by Google size,Restricted ad serving,ca-pub-7784034061253020,17,2024-12-15,2024-12-16
bangka.tribunnews.com,Page,N/A,N/A,bangka.tribunnews.com/2016/09/23/foto-foto-bugil-wanita-pns-pekalongan-yang-menghebohkan,No,Adult: Sexual content,Restricted ad serving,ca-pub-7784034061253020,17,2024-12-12,2024-12-16
bali.tribunnews.com,Page,N/A,N/A,bali.tribunnews.com/2020/09/08/dua-orang-tewas-mengenaskan-dengan-luka-tikam-di-perumahan-the-green-mutiara,Yes,Google-served ads obscuring content;Modified Javascript: Ads by Google size,Restricted ad serving,ca-pub-7784034061253020,17,2024-12-16,2024-12-16
bali.tribunnews.com,Page,N/A,N/A,bali.tribunnews.com/2019/03/19/prostitusi-online-kembali-terbongkar-long-time-4-jam-rp-1-juta-long-time-12-jam-rp-19-juta,No,Adult: Sexual content,Restricted ad serving,ca-pub-7784034061253020,17,2024-12-11,2024-12-15
aceh.tribunnews.com,Page,N/A,N/A,aceh.tribunnews.com/tag/rekaman-video-mesum-mahasiswa-dan-siswi-tersebar,Yes,Google-served ads on screens without publisher-content,Restricted ad serving,ca-pub-7784034061253020,17,2024-12-11,2024-12-16
www.tribunnews.com,Page,N/A,N/A,www.tribunnews.com/seleb/2011/05/15/foto-seksi-syahrani-pamer-payudara,No,Adult: Sexual content,Restricted ad serving,ca-pub-7784034061253020,16,2024-12-13,2024-12-16
www.tribunnews.com,Page,N/A,N/A,www.tribunnews.com/regional/2020/06/20/video-panas-cewek-asal-madura-gemparkan-warganet-ini-fakta-faktanya,No,Shocking content,Restricted ad serving,ca-pub-7784034061253020,16,2024-12-11,2024-12-15
www.tribunnews.com,Page,N/A,N/A,www.tribunnews.com/regional/2019/05/03/waria-di-tangerang-bunuh-pelanggannya-di-apartemen-hanya-gara-gara-minta-layanan-long-time,No,Adult: Sexual content,Restricted ad serving,ca-pub-7784034061253020,16,2024-12-11,2024-12-16
www.tribunnews.com,Page,N/A,N/A,www.tribunnews.com/regional/2016/11/14/panti-pijat-dan-spa-digerebek-terapis-dan-pelanggannya-terkejut,No,Shocking content,Restricted ad serving,ca-pub-7784034061253020,16,2024-12-16,2024-12-17
www.tribunnews.com,Page,N/A,N/A,www.tribunnews.com/metropolitan/2019/05/17/empat-waria-terjaring-razia-satpol-pp-di-apartemen-modernland-tangerang,No,Adult: Sexual content,Restricted ad serving,ca-pub-7784034061253020,16,2024-12-11,2024-12-16
www.tribunnews.com,Page,N/A,N/A,www.tribunnews.com/kesehatan/2017/07/14/nenek-rohaya-menopause-bagaimana-agar-suami-brondongnya-bisa-puas-di-ranjang-ini-saran-dokter,No,Shocking content,Restricted ad serving,ca-pub-7784034061253020,16,2024-12-11,2024-12-16
www.tribunnews.com,Page,N/A,N/A,www.tribunnews.com/kesehatan/2010/04/07/berbahayakan-melakukan-oral-sex-dengan-psk,No,Adult: Sexual content,Restricted ad serving,ca-pub-7784034061253020,16,2024-12-15,2024-12-17
wow.tribunnews.com,Page,N/A,N/A,wow.tribunnews.com/2019/03/06/viral-video-oknum-guru-putar-video-porno-di-kelas-kpai-sesalkan-perilaku-sang-guru,Yes,Site Behavior: Navigation,Restricted ad serving,ca-pub-7784034061253020,16,2024-12-15,2024-12-15
suryamalang.tribunnews.com,Page,N/A,N/A,suryamalang.tribunnews.com/2017/01/03/pria-ini-diamkan-benjolan-selama-30-tahun-mengejutkan-inilah-isinya-ketika-dibuka,No,Shocking content,Restricted ad serving,ca-pub-7784034061253020,16,2024-12-16,2024-12-16
surabaya.tribunnews.com,Page,N/A,N/A,surabaya.tribunnews.com/2017/08/18/normalkan-ukuran-dengan-metode-totok-payudara,No,Shocking content,Restricted ad serving,ca-pub-7784034061253020,16,2024-12-14,2024-12-17
sumsel.tribunnews.com,Page,N/A,N/A,sumsel.tribunnews.com/2020/06/14/kumpulan-lagu-populer-alan-walker-yang-enak-didengar-ada-faded-lily-end-of-time-dll,No,Google-served ads obscuring content,Restricted ad serving,ca-pub-7784034061253020,16,2024-12-11,2024-12-15
pontianak.tribunnews.com,Page,N/A,N/A,pontianak.tribunnews.com/2017/10/19/blak-blakan-5-artis-ini-bicara-soal-ranjang-ada-yang-pernah-ekstrim,No,Adult: Sexual content,Restricted ad serving,ca-pub-7784034061253020,16,2024-12-13,2024-12-17
medan.tribunnews.com,Page,N/A,N/A,medan.tribunnews.com/2021/08/08/kisah-valeria-messalina-ratu-cantik-bernapsu-kuda-dari-romawi-kencani-15-kekasih-termasuk-pengawal,Yes,Ads Disguised as Content,Restricted ad serving,ca-pub-7784034061253020,16,2024-12-13,2024-12-16
medan.tribunnews.com,Page,N/A,N/A,medan.tribunnews.com/2017/09/19/nyaris-tanpa-busana-dan-berlumuran-darah-berikut-fakta-pembunuhan-cici-anisa,No,Shocking content,Restricted ad serving,ca-pub-7784034061253020,16,2024-12-17,2024-12-17
medan.tribunnews.com,Page,N/A,N/A,medan.tribunnews.com/2013/01/02/obat-perangsang-seks-wanita-masih-banyak-beredar-di-medan,No,Adult: Sexual content,Restricted ad serving,ca-pub-7784034061253020,16,2024-12-11,2024-12-15
manado.tribunnews.com,Page,N/A,N/A,manado.tribunnews.com/2015/05/09/astaga-pria-kotamobagu-penggal-kepala-menenteng-dan-minum-darah-korban,Yes,Ads Disguised as Content,Restricted ad serving,ca-pub-7784034061253020,16,2024-12-16,2024-12-16
makassar.tribunnews.com,Page,N/A,N/A,makassar.tribunnews.com/2020/08/21/cerita-wanita-19-tahun-jadi-psk-layani-8-tamu-sehari-meski-terasa-sakit-uang-untuk-beli-obat-ibu,Yes,Ads Disguised as Content,Restricted ad serving,ca-pub-7784034061253020,16,2024-12-14,2024-12-17
makassar.tribunnews.com,Page,N/A,N/A,makassar.tribunnews.com/2019/01/07/bayar-short-time-artis-vanessa-angel-rp-80-juta-ternyata-rian-adalah-pengusaha-tambang-usia,No,Adult: Sexual content,Restricted ad serving,ca-pub-7784034061253020,16,2024-12-11,2024-12-16
makassar.tribunnews.com,Page,N/A,N/A,makassar.tribunnews.com/2015/08/31/sebaiknya-hindari-alat-bantu-suami-istri-ini-bahayanya-mengerikan,No,Adult: Sexual content,Restricted ad serving,ca-pub-7784034061253020,16,2024-12-11,2024-12-15
m.tribunnews.com,Page,N/A,N/A,m.tribunnews.com/regional/2021/07/12/bangkai-gajah-tanpa-kepala-ditemukan-di-aceh-timur,No,Shocking content,Restricted ad serving,ca-pub-7784034061253020,16,2024-12-15,2024-12-15
m.tribunnews.com,Page,N/A,N/A,m.tribunnews.com/regional/2019/07/17/video-mesum-2-pns-di-sumatera-beredar-keduanya-telah-berkeluarga-dan-punya-anak,No,Adult: Sexual content,Restricted ad serving,ca-pub-7784034061253020,16,2024-12-16,2024-12-17
m.tribunnews.com,Page,N/A,N/A,m.tribunnews.com/metropolitan/2017/11/02/cewek-seksi-naik-angkot-dan-duduk-di-kursi-depan-hal-yang-dilakukannya-ini-buat-si-sopir-kegirangan,Yes,Site Behavior: Navigation,Restricted ad serving,ca-pub-7784034061253020,16,2024-12-15,2024-12-15
kupang.tribunnews.com,Page,N/A,N/A,kupang.tribunnews.com/2015/09/19/inilah-titik-klitoris-yang-membuat-wanita-bahagia,No,Adult: Sexual content,Restricted ad serving,ca-pub-7784034061253020,16,2024-12-15,2024-12-15
kupang.tribunnews.com,Page,N/A,N/A,kupang.tribunnews.com/2014/02/03/ciuam-area-paha-bangkitkan-gairah-perempuan,No,Adult: Sexual content,Restricted ad serving,ca-pub-7784034061253020,16,2024-12-12,2024-12-15
jateng.tribunnews.com,Page,N/A,N/A,jateng.tribunnews.com/2018/01/23/nikmat-yang-nggak-ada-abisnya-usai-bercinta-pernah-rasakan-hal-ini,No,Adult: Sexual content,Restricted ad serving,ca-pub-7784034061253020,16,2024-12-16,2024-12-16
jambi.tribunnews.com,Page,N/A,N/A,jambi.tribunnews.com/2020/07/13/pengakuan-eks-asisten-baim-wong-sering-lihat-nikita-mirzani-telanjang-ayu-ting-ting-langsung-syok,Yes,Ads Disguised as Content,Restricted ad serving,ca-pub-7784034061253020,16,2024-12-13,2024-12-17
jambi.tribunnews.com,Page,N/A,N/A,jambi.tribunnews.com/2019/08/09/rela-pakai-rok-pendek-dan-tubuh-terbuka-kisah-spg-cantik-layani-pria-dibayar-rp-1-juta-per-6-jam,No,Adult: Sexual content,Restricted ad serving,ca-pub-7784034061253020,16,2024-12-12,2024-12-16
jambi.tribunnews.com,Page,N/A,N/A,jambi.tribunnews.com/2019/01/28/wanita-ini-usia-16-tahun-sudah-jadi-bintang-film-dewasa-segini-gajinya-sekali-main?page=3,Yes,Encouraging accidental clicks: Layout,Restricted ad serving,ca-pub-7784034061253020,16,2024-12-15,2024-12-15
jambi.tribunnews.com,Page,N/A,N/A,jambi.tribunnews.com/2018/07/23/kepergok-anak-saat-sedang-bercinta-jangan-panik-ini-yang-perlu-dilakukan-kepada-anak,No,Adult: Sexual content,Restricted ad serving,ca-pub-7784034061253020,16,2024-12-16,2024-12-16
jakarta.tribunnews.com,Page,N/A,N/A,jakarta.tribunnews.com/tag/video-call-sex,No,Adult: Sexual content,Restricted ad serving,ca-pub-7784034061253020,16,2024-12-11,2024-12-17
jakarta.tribunnews.com,Page,N/A,N/A,jakarta.tribunnews.com/2021/03/23/geliat-seks-bergeliat-di-panti-pijat-sejumlah-orang-dari-berbagai-kota-terjaring-sedang-enak-enak,No,Google-served ads obscuring content,Restricted ad serving,ca-pub-7784034061253020,16,2024-12-11,2024-12-17
jabar.tribunnews.com,Page,N/A,N/A,jabar.tribunnews.com/2022/03/21/pengobatan-alat-vital-tangerang-terpercaya-cucu-hj-mak-erot-bersama-bibin-mustopa?page=all,No,Adult: Sexual content,Restricted ad serving,ca-pub-7784034061253020,16,2024-12-17,2024-12-17
jabar.tribunnews.com,Page,N/A,N/A,jabar.tribunnews.com/2015/11/09/polisi-temukan-boneka-dan-alat-bantu-seks-saat-gerebek-distributor-obat,No,Adult: Sexual content,Restricted ad serving,ca-pub-7784034061253020,16,2024-12-15,2024-12-17
banjarmasin.tribunnews.com,Page,N/A,N/A,banjarmasin.tribunnews.com/kesehatan/seks,No,Adult: Sexual content,Restricted ad serving,ca-pub-7784034061253020,16,2024-12-17,2024-12-17
bangka.tribunnews.com,Page,N/A,N/A,bangka.tribunnews.com/2017/11/30/astaga-gadis-ini-minta-payudaranya-diremas-demi-kampanye-perdamaian,No,Shocking content,Restricted ad serving,ca-pub-7784034061253020,16,2024-12-12,2024-12-15
bangka.tribunnews.com,Page,N/A,N/A,bangka.tribunnews.com/2017/10/24/beginilah-penampakan-foto-foto-jadul-trio-azhari-yang-jarang-terpublikasikan-seksi-abis,Yes,Google-served ads obscuring content;Modified Javascript: Ads by Google size,Restricted ad serving,ca-pub-7784034061253020,16,2024-12-11,2024-12-15
bangka.tribunnews.com,Page,N/A,N/A,bangka.tribunnews.com/2017/10/19/video-denada-pakai-baju-tipis-sampai-isinya-kelihatan-goyang-goyang-begini-bareng-temannya,No,Adult: Sexual content,Restricted ad serving,ca-pub-7784034061253020,16,2024-12-13,2024-12-16
bangka.tribunnews.com,Page,N/A,N/A,bangka.tribunnews.com/2017/05/24/mengejutkan-bintang-film-porno-bertubuh-cebol-ini-rupanya-punya-pekerjaan-lain-yang-tak-disangka,No,Adult: Sexual content,Restricted ad serving,ca-pub-7784034061253020,16,2024-12-14,2024-12-17
bangka.tribunnews.com,Page,N/A,N/A,bangka.tribunnews.com/2016/08/27/seorang-wanita-tewas-saat-oral-seks-menggunakan-mentimun,No,Adult: Sexual content,Restricted ad serving,ca-pub-7784034061253020,16,2024-12-15,2024-12-16
bangka.tribunnews.com,Page,N/A,N/A,bangka.tribunnews.com/2016/08/03/ibu-mesum-dengan-anak-kandung-videonya-direkam-putri-bungsu,No,Adult: Sexual content,Restricted ad serving,ca-pub-7784034061253020,16,2024-12-12,2024-12-15
bangka.tribunnews.com,Page,N/A,N/A,bangka.tribunnews.com/2013/11/02/inilah-alat-bantu-seks-terpopuler-di-jepang,No,Adult: Sexual content,Restricted ad serving,ca-pub-7784034061253020,16,2024-12-13,2024-12-17
aceh.tribunnews.com,Page,N/A,N/A,aceh.tribunnews.com/tag/video-tak-senonoh,Yes,Google-served ads on screens without publisher-content,Restricted ad serving,ca-pub-7784034061253020,16,2024-12-11,2024-12-16
aceh.tribunnews.com,Page,N/A,N/A,aceh.tribunnews.com/2021/11/17/video-mesum-selebgram-libatkan-anak-anggota-tni-di-ambon-kodam-xvi-pattimura-tidak-intervensi,Yes,Ads Disguised as Content,Restricted ad serving,ca-pub-7784034061253020,16,2024-12-12,2024-12-15
aceh.tribunnews.com,Page,N/A,N/A,aceh.tribunnews.com/2021/10/09/wanita-ini-bocorkan-tarif-jadi-sugar-baby-di-tengah-kesibukannya-sebagai-mahasiswa,Yes,Ads Disguised as Content,Restricted ad serving,ca-pub-7784034061253020,16,2024-12-13,2024-12-16
aceh.tribunnews.com,Page,N/A,N/A,aceh.tribunnews.com/2017/01/15/pernah-pose-seksi-untuk-majalah-playboy-indonesia-artis-ini-kini-mantap-berhijab,No,Shocking content,Restricted ad serving,ca-pub-7784034061253020,16,2024-12-11,2024-12-16
www.tribunnews.com,Page,N/A,N/A,www.tribunnews.com/regional/2019/01/30/inilah-sosok-muncikari-prostitusi-online-di-magelang-ia-dapat-fee-30-persen-dari-psk,No,Adult: Sexual content,Restricted ad serving,ca-pub-7784034061253020,15,2024-12-11,2024-12-16
www.tribunnews.com,Page,N/A,N/A,www.tribunnews.com/regional/2018/02/12/katanya-alat-bantu-seks-seperti-ini-bikin-kaum-hawa-bisa-klimaks-berkali-kali,No,Adult: Sexual content,Restricted ad serving,ca-pub-7784034061253020,15,2024-12-12,2024-12-16
www.tribunnews.com,Page,N/A,N/A,www.tribunnews.com/regional/2018/02/07/tersangka-kasus-video-porno-anak-dan-perempuan-dewasa-melahirkan-di-lapas-sukamiskin,No,Adult: Sexual content,Restricted ad serving,ca-pub-7784034061253020,15,2024-12-11,2024-12-15
www.tribunnews.com,Page,N/A,N/A,www.tribunnews.com/regional/2016/04/08/dipercaya-kuatkan-vitalitas-pria-tangkur-buaya-singkil-banyak-diincar-pembeli,No,Adult: Sexual content;Shocking content,Restricted ad serving,ca-pub-7784034061253020,15,2024-12-12,2024-12-16
www.tribunnews.com,Page,N/A,N/A,www.tribunnews.com/regional/2014/09/25/guru-olahraga-ini-doyan-pegang-payudara-siswi-saat-pelajaran-renang,No,Adult: Sexual content,Restricted ad serving,ca-pub-7784034061253020,15,2024-12-12,2024-12-16
www.tribunnews.com,Page,N/A,N/A,www.tribunnews.com/nasional/2022/11/02/heboh-wanita-kebaya-merah-beradegan-tak-senonoh-dengan-tamu-hotel-link-video-full-16-menit-diburu,Yes,Ads Disguised as Content,Restricted ad serving,ca-pub-7784034061253020,15,2024-12-15,2024-12-17
www.tribunnews.com,Page,N/A,N/A,www.tribunnews.com/nasional/2010/03/23/gara-gara-stress-un-siswa-sma-lakukan-masturbasi,Yes,Ads Disguised as Content,Restricted ad serving,ca-pub-7784034061253020,15,2024-12-11,2024-12-16
www.tribunnews.com,Page,N/A,N/A,www.tribunnews.com/kesehatan/2019/11/28/menduga-mak-erot-pakai-metode-ini-pada-pasiennya-tompi-tak-mungkin-diurut-doang-tiba-tiba-gede,No,Shocking content,Restricted ad serving,ca-pub-7784034061253020,15,2024-12-15,2024-12-15
www.tribunnews.com,Page,N/A,N/A,www.tribunnews.com/kesehatan/2015/01/14/semua-miss-v-dijamin-bisa-sesuaikan-ukuran-besar-kecil-mr-p,No,Adult: Sexual content,Restricted ad serving,ca-pub-7784034061253020,15,2024-12-11,2024-12-17
www.tribunnews.com,Page,N/A,N/A,www.tribunnews.com/kesehatan/2013/10/25/wahai-suami-puasa-payudaralah-saat-istri-menyusui,No,Adult: Sexual content,Restricted ad serving,ca-pub-7784034061253020,15,2024-12-11,2024-12-17
www.tribunnews.com,Page,N/A,N/A,www.tribunnews.com/internasional/2017/09/20/berita-foto-boneka-seks-di-china-disewakan-rp-600-sehari-warga-rebutan,No,Adult: Sexual content,Restricted ad serving,ca-pub-7784034061253020,15,2024-12-12,2024-12-15
wartakota.tribunnews.com,Page,N/A,N/A,wartakota.tribunnews.com/2018/01/08/cewek-ini-keranjingan-film-seks-rela-digarap-puluhan-pria-dan-suami-ikut-di-seks-bebas-itu,No,Adult: Sexual content,Restricted ad serving,ca-pub-7784034061253020,15,2024-12-13,2024-12-16
wartakota.tribunnews.com,Page,N/A,N/A,wartakota.tribunnews.com/2017/09/18/wow-cina-bikin-boneka-seks-yang-bisa-disewa-bergantian,No,Adult: Sexual content,Restricted ad serving,ca-pub-7784034061253020,15,2024-12-13,2024-12-16
wartakota.tribunnews.com,Page,N/A,N/A,wartakota.tribunnews.com/2015/12/04/dua-pasangan-mesum-digrebek-di-kamar-kos-karet-kuningan,No,Adult: Sexual content,Restricted ad serving,ca-pub-7784034061253020,15,2024-12-16,2024-12-17
video.tribunnews.com,Page,N/A,N/A,video.tribunnews.com/view/40638/suami-suruh-istri-berhubungan-intim-dengan-bos-hingga-hamil-karena-alasan-ini,Yes,Site Behavior: Navigation,Restricted ad serving,ca-pub-7784034061253020,15,2024-12-14,2024-12-17
surabaya.tribunnews.com,Page,N/A,N/A,surabaya.tribunnews.com/2015/06/07/video-ini-bukti-para-cewek-suka-lirik-dan-foto-selangkangan-cowok,Yes,Site Behavior: Navigation,Restricted ad serving,ca-pub-7784034061253020,15,2024-12-11,2024-12-15
sumsel.tribunnews.com,Page,N/A,N/A,sumsel.tribunnews.com/2020/01/02/daftar-harga-terbaru-42-merk-rokok-di-tingkat-eceran-cukai-rokok-per-1-januari-2020-resmi-naik?page=all,No,Shocking content,Restricted ad serving,ca-pub-7784034061253020,15,2024-12-15,2024-12-15
sumsel.tribunnews.com,Page,N/A,N/A,sumsel.tribunnews.com/2018/02/19/wow-inilah-video-ayu-ting-ting-bertingkah-mesum-di-panggung-netizen-nggak-pantes-banget,Yes,Adult: Sexual content;Site Behavior: Navigation,Restricted ad serving,ca-pub-7784034061253020,15,2024-12-11,2024-12-15
pontianak.tribunnews.com,Page,N/A,N/A,pontianak.tribunnews.com/2017/11/06/video-sejumlah-psk-di-jakarta-lagi-jual-diri-caranya-dipesan-seperti-tukang-ojek,Yes,Site Behavior: Navigation,Restricted ad serving,ca-pub-7784034061253020,15,2024-12-13,2024-12-17
pontianak.tribunnews.com,Page,N/A,N/A,pontianak.tribunnews.com/2015/11/25/pamela-safitri-unggah-tiga-foto-saat-dipegang-payudaranya,No,Adult: Sexual content,Restricted ad serving,ca-pub-7784034061253020,15,2024-12-11,2024-12-15
pekanbaru.tribunnews.com,Page,N/A,N/A,pekanbaru.tribunnews.com/tag/berhubungan-badan,Yes,Google-served ads on screens without publisher-content,Restricted ad serving,ca-pub-7784034061253020,15,2024-12-12,2024-12-16
pekanbaru.tribunnews.com,Page,N/A,N/A,pekanbaru.tribunnews.com/2022/01/15/mama-muda-nyaris-berhubungan-badan-dengan-teman-suami-sudah-buka-baju,No,Google-served ads obscuring content,Restricted ad serving,ca-pub-7784034061253020,15,2024-12-17,2024-12-17
pekanbaru.tribunnews.com,Page,N/A,N/A,pekanbaru.tribunnews.com/2021/06/14/cruella-full-movie-sub-indo-nonton-film-cruella-2021-streaming-di-hp,Yes,Content obscuring Google-served ads;Encouraging accidental clicks: Layout;Modified ad code: Resizing Ad Frames,Restricted ad serving,ca-pub-7784034061253020,15,2024-12-13,2024-12-16
pekanbaru.tribunnews.com,Page,N/A,N/A,pekanbaru.tribunnews.com/2020/03/20/hot-model-abg-tanpa-busana-nongol-di-event-gemez18-pemilik-akun-ig-kakak_lung-ditangkap-polisi,No,Adult: Sexual content,Restricted ad serving,ca-pub-7784034061253020,15,2024-12-17,2024-12-17
pekanbaru.tribunnews.com,Page,N/A,N/A,pekanbaru.tribunnews.com/2019/02/18/main-belakang-berhubungan-ranjang-begini-akibat-dan-hukumnya-dalam-islam,No,Adult: Sexual content,Restricted ad serving,ca-pub-7784034061253020,15,2024-12-16,2024-12-16
palembang.tribunnews.com,Page,N/A,N/A,palembang.tribunnews.com/2018/01/25/dibilang-bentuknya-berubah-ubah-ini-cara-ariel-tatum-buktikan-payudaranya-tak-pakai-sumpalan,Yes,Site Behavior: Navigation,Restricted ad serving,ca-pub-7784034061253020,15,2024-12-11,2024-12-16
medan.tribunnews.com,Page,N/A,N/A,medan.tribunnews.com/2020/12/24/foto-seksi-tante-ernie-di-kolam-renang-bikin-gak-kuat-warganet-panas-dingin-hadap-kiri-atau-kanan,Yes,Ads Disguised as Content,Restricted ad serving,ca-pub-7784034061253020,15,2024-12-11,2024-12-17
manado.tribunnews.com,Page,N/A,N/A,manado.tribunnews.com/2019/11/18/penyesalan-mia-khalifa-jadi-bintang-film-panas-video-itu-menghancurkan-hidup-saya,No,Shocking content,Restricted ad serving,ca-pub-7784034061253020,15,2024-12-11,2024-12-15
manado.tribunnews.com,Page,N/A,N/A,manado.tribunnews.com/2018/05/04/video-wanita-hamil-dikeroyok-cuma-gara-gara-hal-sepele?page=all,No,Google-served ads obscuring content,Restricted ad serving,ca-pub-7784034061253020,15,2024-12-15,2024-12-15
makassar.tribunnews.com,Page,N/A,N/A,makassar.tribunnews.com/2017/09/07/ternyata-inilah-alasan-mahasiswi-dari-indonesia-sera-amane-nyaman-jadi-bintang-film-panas,Yes,Ads Disguised as Content,Restricted ad serving,ca-pub-7784034061253020,15,2024-12-16,2024-12-17
makassar.tribunnews.com,Page,N/A,N/A,makassar.tribunnews.com/2016/08/25/mengapa-wanita-rela-umbar-aurat-di-bigo-live-ternyata-segini-uang-yang-mereka-dapat,No,Shocking content,Restricted ad serving,ca-pub-7784034061253020,15,2024-12-15,2024-12-15
m.tribunnews.com,Page,N/A,N/A,m.tribunnews.com/internasional/2017/12/03/boneka-seks-tercanggih-saat-ini-sekilas-mirip-wanita-seksi-tutur-bahasa-lembut-dan-pencemburu,No,Adult: Sexual content,Restricted ad serving,ca-pub-7784034061253020,15,2024-12-12,2024-12-16
kupang.tribunnews.com,Page,N/A,N/A,kupang.tribunnews.com/2020/10/19/5-artis-dicap-kelewat-mesra-sama-pacar-sampai-berani-foto-di-ranjang-lihat-billy-amanda-manopo,Yes,Ads Disguised as Content,Restricted ad serving,ca-pub-7784034061253020,15,2024-12-15,2024-12-15
kupang.tribunnews.com,Page,N/A,N/A,kupang.tribunnews.com/2019/03/02/scorpio-dan-4-zodiak-ini-paling-lihai-di-ranjang-stamina-prima-dan-mampu-puaskan-pasangan?page=all,No,Adult: Sexual content,Restricted ad serving,ca-pub-7784034061253020,15,2024-12-15,2024-12-15
kupang.tribunnews.com,Page,N/A,N/A,kupang.tribunnews.com/2017/12/05/suami-capai-birahi-pakai-lilit-istri-dengan-kain-batik-mirip-pocong-hati-hati-wanita-berdaster,No,Adult: Sexual content,Restricted ad serving,ca-pub-7784034061253020,15,2024-12-16,2024-12-16
kupang.tribunnews.com,Page,N/A,N/A,kupang.tribunnews.com/2017/07/29/ini-kasus-wanita-perkosa-laki-laki-yang-pernah-ada-di-indonesia-juga-ada?page=all,No,Adult: Sexual content,Restricted ad serving,ca-pub-7784034061253020,15,2024-12-15,2024-12-15
jambi.tribunnews.com,Page,N/A,N/A,jambi.tribunnews.com/amp/2019/10/02/berikut-foto-30-gadis-jepang-yang-sering-pamerkan-bagian-dalam-tubuhnya-meski-pakai-baju-transparan,No,Adult: Sexual content,Restricted ad serving,ca-pub-7784034061253020,15,2024-12-11,2024-12-17
jambi.tribunnews.com,Page,N/A,N/A,jambi.tribunnews.com/2019/01/28/wanita-ini-usia-16-tahun-sudah-jadi-bintang-film-dewasa-segini-gajinya-sekali-main?page=all,No,Adult: Sexual content,Restricted ad serving,ca-pub-7784034061253020,15,2024-12-16,2024-12-16
jambi.tribunnews.com,Page,N/A,N/A,jambi.tribunnews.com/2018/01/29/keseringan-beradegan-panas-di-ranjang-5-artis-hollywood-ini-menikmati-juga-akhirnya?page=all,No,Adult: Sexual content,Restricted ad serving,ca-pub-7784034061253020,15,2024-12-15,2024-12-15
jambi.tribunnews.com,Page,N/A,N/A,jambi.tribunnews.com/2017/09/16/mengejutkan-bintang-film-porno-satu-ini-kesulitan-ereksi-mau-tahu-penyebabnya,No,Adult: Sexual content,Restricted ad serving,ca-pub-7784034061253020,15,2024-12-16,2024-12-17
jambi.tribunnews.com,Page,N/A,N/A,jambi.tribunnews.com/2012/03/31/sarang-psk-di-bungo-dirazia-tim-gabungan,No,Adult: Sexual content;Shocking content,Restricted ad serving,ca-pub-7784034061253020,15,2024-12-13,2024-12-16
bogor.tribunnews.com,Page,N/A,N/A,bogor.tribunnews.com/2019/07/07/cari-sepatu-pantofel-yang-harga-dibawah-rp-100-ribu-di-bogor-ini-tempatnya,No,Shocking content,Restricted ad serving,ca-pub-7784034061253020,15,2024-12-14,2024-12-15
belitung.tribunnews.com,Page,N/A,N/A,belitung.tribunnews.com/2016/09/28/alamak-gadis-gadis-seksi-ini-merayu-pria-pengunjung-mall-onani-di-depan-umum,No,Adult: Sexual content,Restricted ad serving,ca-pub-7784034061253020,15,2024-12-11,2024-12-15
banjarmasin.tribunnews.com,Page,N/A,N/A,banjarmasin.tribunnews.com/tag/video-syur,No,Shocking content,Restricted ad serving,ca-pub-7784034061253020,15,2024-12-11,2024-12-16
banjarmasin.tribunnews.com,Page,N/A,N/A,banjarmasin.tribunnews.com/2016/05/14/wanita-cantik-ini-memijat-tanpa-busana-paket-yang-bisa-maen-lebih-rp-600000,No,Shocking content,Restricted ad serving,ca-pub-7784034061253020,15,2024-12-11,2024-12-16
banjarmasin.tribunnews.com,Page,N/A,N/A,banjarmasin.tribunnews.com/2012/11/14/tiga-posisi-yang-bikin-cepat-wanita-orgasme,No,Adult: Sexual content,Restricted ad serving,ca-pub-7784034061253020,15,2024-12-16,2024-12-17
bangka.tribunnews.com,Page,N/A,N/A,bangka.tribunnews.com/2021/08/04/nikahi-janda-montok-nan-seksi-bujang-lapuk-ini-sampai-tak-sanggup-berdiri-terungkap-fakta-ini,Yes,Ads Disguised as Content,Restricted ad serving,ca-pub-7784034061253020,15,2024-12-13,2024-12-16
bangka.tribunnews.com,Page,N/A,N/A,bangka.tribunnews.com/2016/07/07/tarif-booking-artis-ini-rp-810-juta-sekarang-ada-boneka-seks-yang-mirip-denganya,No,Adult: Sexual content,Restricted ad serving,ca-pub-7784034061253020,15,2024-12-15,2024-12-15
bali.tribunnews.com,Page,N/A,N/A,bali.tribunnews.com/2019/03/14/saat-berhubungan-suami-istri-tak-boleh-membayangkan-mantan-ini-sebabnya,No,Adult: Sexual content,Restricted ad serving,ca-pub-7784034061253020,15,2024-12-11,2024-12-17
aceh.tribunnews.com,Page,N/A,N/A,aceh.tribunnews.com/2021/10/07/barakallah-fii-umrik-ini-70-ucapan-selamat-ulang-tahun-islami-bahasa-arab-bahasa-indonesia,Yes,Modified ad code: Resizing Ad Frames,Restricted ad serving,ca-pub-7784034061253020,15,2024-12-14,2024-12-16
aceh.tribunnews.com,Page,N/A,N/A,aceh.tribunnews.com/2019/09/13/janda-kembang-pasok-pria-lajang-malam-hari-sudah-berbuat-ini-tiga-kali-di-ranjang,No,Shocking content,Restricted ad serving,ca-pub-7784034061253020,15,2024-12-16,2024-12-17
aceh.tribunnews.com,Page,N/A,N/A,aceh.tribunnews.com/2018/06/29/hukum-main-tik-tok-dan-ml-ini-penjelasan-ustaz-abdul-somad-masih-mau-main?page=all,Yes,Site Behavior: Navigation,Restricted ad serving,ca-pub-7784034061253020,15,2024-12-17,2024-12-17
www.tribunnews.com,Page,N/A,N/A,www.tribunnews.com/seleb/2021/03/22/pasangan-kumpul-kebo-rutin-bikin-konten-porno-diunggah-di-pornhub-terciduk-oleh-patroli-cyber,No,Google-served ads obscuring content,Restricted ad serving,ca-pub-7784034061253020,14,2024-12-11,2024-12-16
www.tribunnews.com,Page,N/A,N/A,www.tribunnews.com/regional/2021/05/26/kisah-psk-di-subang-jauh-jauh-beroperasi-di-daerah-lainnya-pemesannya-ternyata-teman-dan-tetangga,Yes,Ads Disguised as Content,Restricted ad serving,ca-pub-7784034061253020,14,2024-12-14,2024-12-16
www.tribunnews.com,Page,N/A,N/A,www.tribunnews.com/regional/2019/08/15/video-vina-garut-ternyata-ada-44-yang-tersebar-cuma-2-lainnya-di-twitter-dijual-rp-50-ribu,Yes,Ads Disguised as Content,Restricted ad serving,ca-pub-7784034061253020,14,2024-12-11,2024-12-15
www.tribunnews.com,Page,N/A,N/A,www.tribunnews.com/regional/2012/09/12/heboh-video-cewek-sedang-mandi,No,Adult: Sexual content,Restricted ad serving,ca-pub-7784034061253020,14,2024-12-11,2024-12-16
www.tribunnews.com,Page,N/A,N/A,www.tribunnews.com/kesehatan/2019/03/19/tak-hanya-sebagai-bumbu-bawang-putih-bisa-jadi-obat-kuat-lebih-hot-dari-viagra-ini-faktanya,No,Adult: Sexual content,Restricted ad serving,ca-pub-7784034061253020,14,2024-12-16,2024-12-16
www.tribunnews.com,Page,N/A,N/A,www.tribunnews.com/kesehatan/2016/03/07/hindari-makan-pedas-saat-hendak-bercinta-kenapa,No,Adult: Sexual content,Restricted ad serving,ca-pub-7784034061253020,14,2024-12-13,2024-12-16
www.tribunnews.com,Page,N/A,N/A,www.tribunnews.com/internasional/2019/09/11/viral-video-ibu-pukuli-anaknya-habis-habisan-dengan-tongkat-ayah-justru-merekam-suruh-pukul-terus,No,Shocking content,Restricted ad serving,ca-pub-7784034061253020,14,2024-12-16,2024-12-17
www.tribunnews.com,Page,N/A,N/A,www.tribunnews.com/internasional/2018/09/25/46-persen-pelajar-smp-di-jepang-menyatakan-perlunya-pendidikan-seks-di-sekolah,No,Adult: Sexual content,Restricted ad serving,ca-pub-7784034061253020,14,2024-12-12,2024-12-17
www.tribunnews.com,Page,N/A,N/A,www.tribunnews.com/internasional/2015/12/07/pegang-payudara-artis-porno-jepang-pelan-pelan-ya,No,Adult: Sexual content,Restricted ad serving,ca-pub-7784034061253020,14,2024-12-11,2024-12-17
wartakota.tribunnews.com,Page,N/A,N/A,wartakota.tribunnews.com/2017/10/30/sihir-sejumlah-suku-di-dunia-yang-paling-mencengangkan-misalnya-hidupkan-mayat,No,Shocking content,Restricted ad serving,ca-pub-7784034061253020,14,2024-12-11,2024-12-16
wartakota.tribunnews.com,Page,N/A,N/A,wartakota.tribunnews.com/2014/12/14/seks-di-luar-kamar-tidur-inilah-sensasinya,No,Adult: Sexual content,Restricted ad serving,ca-pub-7784034061253020,14,2024-12-11,2024-12-17
wartakota.tribunnews.com,Page,N/A,N/A,wartakota.tribunnews.com/2014/09/20/cara-ini-bisa-mengembalikan-keperkasaan-pria-di-ranjang,No,Adult: Sexual content,Restricted ad serving,ca-pub-7784034061253020,14,2024-12-12,2024-12-15
wartakota.tribunnews.com,Page,N/A,N/A,wartakota.tribunnews.com/2014/06/03/ini-tanda-pria-sedang-orgasme,No,Adult: Sexual content,Restricted ad serving,ca-pub-7784034061253020,14,2024-12-14,2024-12-16
travel.tribunnews.com,Page,N/A,N/A,travel.tribunnews.com/2017/05/19/punya-aset-itu-super-besar-model-korea-selatan-ini-mendadak-viral-media-sosial,No,Adult: Sexual content,Restricted ad serving,ca-pub-7784034061253020,14,2024-12-15,2024-12-17
sumsel.tribunnews.com,Page,N/A,N/A,sumsel.tribunnews.com/2020/01/09/harga-rokok-mulai-naik-marlboro-tertinggi-dijual-rp-31-ribu-per-bungkus,No,Tobacco,Restricted ad serving,ca-pub-7784034061253020,14,2024-12-17,2024-12-17
sumsel.tribunnews.com,Page,N/A,N/A,sumsel.tribunnews.com/2017/10/16/kostum-super-seksipamela-safitri-dan-dj-dinar-candy-tak-malu-goyang-seronok-anunya-nyembul,Yes,Adult: Sexual content;Site Behavior: Navigation,Restricted ad serving,ca-pub-7784034061253020,14,2024-12-17,2024-12-17
style.tribunnews.com,Page,N/A,N/A,style.tribunnews.com/2017/09/13/miris-tak-hanya-sera-amanecowok-indonesia-ini-juga-jadi-bintang-film-dewasa-spesialis-sejenis,Yes,Site Behavior: Navigation,Restricted ad serving,ca-pub-7784034061253020,14,2024-12-12,2024-12-16
style.tribunnews.com,Page,N/A,N/A,style.tribunnews.com/2017/04/02/5-film-ini-buktikan-kalau-pendidikan-seksual-itu-penting-banget-buat-remaja-sekarang?page=all,No,Adult: Sexual content,Restricted ad serving,ca-pub-7784034061253020,14,2024-12-16,2024-12-16
pontianak.tribunnews.com,Page,N/A,N/A,pontianak.tribunnews.com/2017/10/30/nikita-mirzani-telanjang-di-pinggir-pantai-netizen-astaghfirullahaladzim,No,Adult: Sexual content,Restricted ad serving,ca-pub-7784034061253020,14,2024-12-13,2024-12-16
pontianak.tribunnews.com,Page,N/A,N/A,pontianak.tribunnews.com/2016/09/27/permintaan-mengejutkan-gadis-17-tahun-usai-lihat-ibunya-intim-dengan-selingkuhan,No,Adult: Sexual content,Restricted ad serving,ca-pub-7784034061253020,14,2024-12-16,2024-12-16
pekanbaru.tribunnews.com,Page,N/A,N/A,pekanbaru.tribunnews.com/2017/09/07/artis-porno-dari-bali-indonesia-muncul-pula-di-jepang,No,Adult: Sexual content,Restricted ad serving,ca-pub-7784034061253020,14,2024-12-15,2024-12-17
palembang.tribunnews.com,Page,N/A,N/A,palembang.tribunnews.com/2018/05/09/tak-pantas-personil-duo-serigala-buka-baju-di-depan-umum-murah-sekali-ya?page=all,No,Google-served ads obscuring content,Restricted ad serving,ca-pub-7784034061253020,14,2024-12-15,2024-12-15
palembang.tribunnews.com,Page,N/A,N/A,palembang.tribunnews.com/2017/10/04/miss-v-terjatuh-ketika-melakukan-seks-kok-bisa-ya-baca-kisah-pengalaman-wanita-ini,Yes,Adult: Sexual content;Site Behavior: Navigation,Restricted ad serving,ca-pub-7784034061253020,14,2024-12-14,2024-12-17
medan.tribunnews.com,Page,N/A,N/A,medan.tribunnews.com/2022/09/24/foto-ranjang-natasha-wilona-dan-aliando-membuat-panas-netizen,Yes,Ads Disguised as Content,Restricted ad serving,ca-pub-7784034061253020,14,2024-12-16,2024-12-16
manado.tribunnews.com,Page,N/A,N/A,manado.tribunnews.com/2019/09/20/viral-2-video-mesum-pns-di-dalam-mobil-identitasnya-terungkap-jago-bahasa-inggris,No,Adult: Sexual content;Shocking content,Restricted ad serving,ca-pub-7784034061253020,14,2024-12-15,2024-12-16
manado.tribunnews.com,Page,N/A,N/A,manado.tribunnews.com/2018/09/16/dibunuh-secara-keji-ini-kisah-junko-furuta-gadis-sma-yang-dirundung-dan-disiksa-44-hari,No,Shocking content,Restricted ad serving,ca-pub-7784034061253020,14,2024-12-15,2024-12-15
makassar.tribunnews.com,Page,N/A,N/A,makassar.tribunnews.com/2019/12/06/ariel-tatum-tak-pernah-endorse-di-ig-tapi-kaya-raya-benarkah-simpanan-om-om-boy-william-penasaran,Yes,Site Behavior: Navigation,Restricted ad serving,ca-pub-7784034061253020,14,2024-12-15,2024-12-15
makassar.tribunnews.com,Page,N/A,N/A,makassar.tribunnews.com/2017/11/08/viral-belum-kelar-skandal-hanna-annisa-muncul-video-hot-guru-di-ruang-kelas-tonton-di-sini,No,Adult: Sexual content,Restricted ad serving,ca-pub-7784034061253020,14,2024-12-12,2024-12-17
m.tribunnews.com,Page,N/A,N/A,m.tribunnews.com/tag/video-porno-madura,Yes,Google-served ads on screens without publisher-content,Restricted ad serving,ca-pub-7784034061253020,14,2024-12-16,2024-12-16
m.tribunnews.com,Page,N/A,N/A,m.tribunnews.com/images/model/view/493692/baby-margaretha,No,Adult: Sexual content,Restricted ad serving,ca-pub-7784034061253020,14,2024-12-11,2024-12-16
lampung.tribunnews.com,Page,N/A,N/A,lampung.tribunnews.com/2019/02/16/sejumlah-pria-jadi-korban-jasa-video-call-sex-terungkap-cara-tersangka-laki-laki-jebak-korban,No,Adult: Sexual content,Restricted ad serving,ca-pub-7784034061253020,14,2024-12-12,2024-12-17
lampung.tribunnews.com,Page,N/A,N/A,lampung.tribunnews.com/2015/12/22/video-benjolan-gede-di-kulit-kepala-ternyata-isinya-seperti-ini,Yes,Site Behavior: Navigation,Restricted ad serving,ca-pub-7784034061253020,14,2024-12-12,2024-12-15
lampung.tribunnews.com,Page,N/A,N/A,lampung.tribunnews.com/2015/11/07/mengaku-ngidam-wanita-arab-lakukan-seks-oral-di-mal,No,Adult: Sexual content,Restricted ad serving,ca-pub-7784034061253020,14,2024-12-15,2024-12-17
kupang.tribunnews.com,Page,N/A,N/A,kupang.tribunnews.com/2017/04/02/heboh-adegan-mesum-pasangan-mahasiswa-ntt-viral-di-media-sosial-ini-pose-pose-intimnya,No,Adult: Sexual content;Shocking content,Restricted ad serving,ca-pub-7784034061253020,14,2024-12-15,2024-12-17
kupang.tribunnews.com,Page,N/A,N/A,kupang.tribunnews.com/2014/09/17/bantah-remas-payudara-keluarga-korban-pengeroyokan-ke-kantor-media,No,Adult: Sexual content,Restricted ad serving,ca-pub-7784034061253020,14,2024-12-11,2024-12-16
jogja.tribunnews.com,Page,N/A,N/A,jogja.tribunnews.com/2017/08/07/pakai-mukena-2-wanita-ini-malah-pamer-bagian-tubuhnya-netizen-geram,Yes,Site Behavior: Navigation,Restricted ad serving,ca-pub-7784034061253020,14,2024-12-15,2024-12-15
jogja.tribunnews.com,Page,N/A,N/A,jogja.tribunnews.com/2017/04/08/ingin-sperma-tidak-tumpah-dari-ms-v-pascaejakulasi-lakukan-7-trik-ini,No,Adult: Sexual content,Restricted ad serving,ca-pub-7784034061253020,14,2024-12-13,2024-12-15
jogja.tribunnews.com,Page,N/A,N/A,jogja.tribunnews.com/2015/08/20/bagaimana-hukum-pasutri-mengkonsumsi-obat-perangsang,No,Adult: Sexual content,Restricted ad serving,ca-pub-7784034061253020,14,2024-12-12,2024-12-15
jambi.tribunnews.com,Page,N/A,N/A,jambi.tribunnews.com/2019/09/27/berawal-dari-nonton-video-mesum-seorang-ibu-di-sukabumi-berhubungan-intim-dengan-anak-kandung,No,Adult: Sexual content,Restricted ad serving,ca-pub-7784034061253020,14,2024-12-17,2024-12-17
jambi.tribunnews.com,Page,N/A,N/A,jambi.tribunnews.com/2018/02/11/astaga-hanya-dalam-beberapa-minggu-mr-p-bisa-besar-dengan-cara-ini,No,Adult: Sexual content,Restricted ad serving,ca-pub-7784034061253020,14,2024-12-13,2024-12-15
jambi.tribunnews.com,Page,N/A,N/A,jambi.tribunnews.com/2018/02/05/7-tata-cara-bersetubuh-dan-posisi-seks-menurut-islam-ingat-nomor-6-haram-dilakukan,No,Adult: Sexual content,Restricted ad serving,ca-pub-7784034061253020,14,2024-12-11,2024-12-15
jambi.tribunnews.com,Page,N/A,N/A,jambi.tribunnews.com/2015/11/22/tujuh-bentuk-penis-dan-karakter-pemiliknya-punya-kamu-menyerupai-yang-mana,No,Adult: Sexual content,Restricted ad serving,ca-pub-7784034061253020,14,2024-12-15,2024-12-16
cirebon.tribunnews.com,Page,N/A,N/A,cirebon.tribunnews.com/2019/10/21/video-porno-durasi-2-menit-dosen-dan-mahasiswi-beredar-luas-pemeran-cewek-bicara-bahasa-sunda,No,Adult: Sexual content,Restricted ad serving,ca-pub-7784034061253020,14,2024-12-11,2024-12-15
belitung.tribunnews.com,Page,N/A,N/A,belitung.tribunnews.com/2024/03/07/terjerat-kasus-video-mesum-dengan-camat-wanita-pns-ini-dicopot-sebagai-bendahara,No,Google-served ads obscuring content,Restricted ad serving,ca-pub-7784034061253020,14,2024-12-13,2024-12-15
belitung.tribunnews.com,Page,N/A,N/A,belitung.tribunnews.com/2017/11/18/sentuh-area-sensitif-tukang-pijat-ini-malah-disenangi-banyak-wanita-cantik-padahal-tak-gagah,No,Adult: Sexual content,Restricted ad serving,ca-pub-7784034061253020,14,2024-12-13,2024-12-17
belitung.tribunnews.com,Page,N/A,N/A,belitung.tribunnews.com/2017/10/02/mama-muda-ini-diam-saja-saat-dukun-urut-remas-dadanya-begini-reaksinya-saat-diraba-kemaluannya,No,Adult: Sexual content,Restricted ad serving,ca-pub-7784034061253020,14,2024-12-16,2024-12-16
batam.tribunnews.com,Page,N/A,N/A,batam.tribunnews.com/2021/06/03/video-mesum-pak-kades-goyang-janda-di-asahan-kepala-desa-sei-halim-hasak-mana-videonya?page=all,No,Adult: Sexual content,Restricted ad serving,ca-pub-7784034061253020,14,2024-12-17,2024-12-17
banjarmasin.tribunnews.com,Page,N/A,N/A,banjarmasin.tribunnews.com/tag/gadis-bugil,Yes,Google-served ads on screens without publisher-content,Restricted ad serving,ca-pub-7784034061253020,14,2024-12-12,2024-12-15
banjarmasin.tribunnews.com,Page,N/A,N/A,banjarmasin.tribunnews.com/2017/05/18/astaga-perawat-cantik-ini-yang-khusus-menyusui-kaum-pria-dewasa-ini-resmi-lho,No,Shocking content,Restricted ad serving,ca-pub-7784034061253020,14,2024-12-12,2024-12-16
bangka.tribunnews.com,Page,N/A,N/A,bangka.tribunnews.com/2022/06/03/berbau-amis-inilah-alasan-mahalnya-harga-muntahan-paus-auto-kaya-mendadak-kalau-ketemu?page=all,No,Shocking content,Restricted ad serving,ca-pub-7784034061253020,14,2024-12-15,2024-12-15
bangka.tribunnews.com,Page,N/A,N/A,bangka.tribunnews.com/2017/11/01/duduk-di-kursi-depan-cewek-cantik-tak-sadar-lakukan-hal-ini-di-angkot-sopir-hanya-senyum-senyum,No,Adult: Sexual content,Restricted ad serving,ca-pub-7784034061253020,14,2024-12-11,2024-12-16
bangka.tribunnews.com,Page,N/A,N/A,bangka.tribunnews.com/2017/03/29/sepasang-remaja-cuek-berhubungan-badan-di-depan-toko-direkam-malah-tambah-asyik,No,Adult: Sexual content,Restricted ad serving,ca-pub-7784034061253020,14,2024-12-16,2024-12-16
bangka.tribunnews.com,Page,N/A,N/A,bangka.tribunnews.com/2015/11/08/tarif-kencan-artis-ini-nyaris-rp-1-miliar-tubuhnya-jadi-contoh-boneka-seks-terlaris,No,Adult: Sexual content,Restricted ad serving,ca-pub-7784034061253020,14,2024-12-12,2024-12-16
www.tribunnews.com,Page,N/A,N/A,www.tribunnews.com/travel/2018/10/25/6-fakta-suku-arya-membuat-wanita-dari-berbagai-negara-tertarik-hingga-ingin-diberi-keturunan,No,Google-served ads obscuring content,Restricted ad serving,ca-pub-7784034061253020,13,2024-12-16,2024-12-16
www.tribunnews.com,Page,N/A,N/A,www.tribunnews.com/superskor/2021/11/05/persipura-jayapura-klub-raksasa-yang-kehilangan-tajinya-di-bri-liga-1-20212022-boaz-wajib-pulang,Yes,Encouraging accidental clicks: Layout;Google-served ads obscuring content,Restricted ad serving,ca-pub-7784034061253020,13,2024-12-17,2024-12-17
www.tribunnews.com,Page,N/A,N/A,www.tribunnews.com/regional/2018/03/18/cibinong-griya-asri-geger-temuan-mayat-wanita-yang-muka-ditutup-plastik,No,Shocking content,Restricted ad serving,ca-pub-7784034061253020,13,2024-12-17,2024-12-17
www.tribunnews.com,Page,N/A,N/A,www.tribunnews.com/regional/2015/04/18/mau-nginap-mas-short-time-apa-long-time,No,Adult: Sexual content,Restricted ad serving,ca-pub-7784034061253020,13,2024-12-12,2024-12-17
www.tribunnews.com,Page,N/A,N/A,www.tribunnews.com/lifestyle/2017/04/19/10-bentuk-bibir-dan-karakteristik-pemiliknya-kamu-yang-mana?page=3,No,Adult: Sexual content,Restricted ad serving,ca-pub-7784034061253020,13,2024-12-16,2024-12-16
www.tribunnews.com,Page,N/A,N/A,www.tribunnews.com/kesehatan/2018/10/01/ternyata-mr-p-bisa-kesemiutan-lho-begini-cara-cegahnya,No,Adult: Sexual content,Restricted ad serving,ca-pub-7784034061253020,13,2024-12-17,2024-12-17
www.tribunnews.com,Page,N/A,N/A,www.tribunnews.com/kesehatan/2017/07/10/pengaruh-pemilihan-jenis-kasur-pada-kepuasan-hubungan-suami-istri,No,Adult: Sexual content,Restricted ad serving,ca-pub-7784034061253020,13,2024-12-13,2024-12-16
www.tribunnews.com,Page,N/A,N/A,www.tribunnews.com/kesehatan/2016/02/12/di-apotek-ini-pembeli-kondom-didominasi-remaja,No,Adult: Sexual content,Restricted ad serving,ca-pub-7784034061253020,13,2024-12-13,2024-12-16
www.tribunnews.com,Page,N/A,N/A,www.tribunnews.com/kesehatan/2016/01/15/10-komentar-terlucu-saat-pertama-kali-lihat-alat-vital-pria,No,Adult: Sexual content,Restricted ad serving,ca-pub-7784034061253020,13,2024-12-11,2024-12-15
www.tribunnews.com,Page,N/A,N/A,www.tribunnews.com/kesehatan/2016/01/03/tiga-teknik-pernapasan-agar-orgasme-tercapai-saat-bercinta,No,Adult: Sexual content,Restricted ad serving,ca-pub-7784034061253020,13,2024-12-16,2024-12-16
www.tribunnews.com,Page,N/A,N/A,www.tribunnews.com/kesehatan/2015/09/22/khasiat-bawang-putih-untuk-kejantanan-pria-kalahkan-viagra,No,Adult: Sexual content,Restricted ad serving,ca-pub-7784034061253020,13,2024-12-16,2024-12-16
www.tribunnews.com,Page,N/A,N/A,www.tribunnews.com/kesehatan/2015/03/12/kebanyakan-pria-tak-keberatan-efek-samping-dari-obat-kuat-asal-oke-di-ranjang,No,Adult: Sexual content,Restricted ad serving,ca-pub-7784034061253020,13,2024-12-11,2024-12-17
www.tribunnews.com,Page,N/A,N/A,www.tribunnews.com/kesehatan/2011/11/25/bahaya-22-kopi-bisa-hilangkan-gairah-seks-dan-kematian,No,Adult: Sexual content,Restricted ad serving,ca-pub-7784034061253020,13,2024-12-16,2024-12-16
www.tribunnews.com,Page,N/A,N/A,www.tribunnews.com/internasional/2019/12/12/viral-pria-mesum-tertangkap-kamera-intip-dari-bawah-pintu-toilet-wanita-wajahnya-terlihat-jelas,No,Adult: Sexual content;Shocking content,Restricted ad serving,ca-pub-7784034061253020,13,2024-12-17,2024-12-17
www.tribunnews.com,Page,N/A,N/A,www.tribunnews.com/internasional/2017/07/12/hasil-survey-mengejutkan-ternyata-remaja-jepang-tak-terlalu-gemar-aktivitas-seksual,No,Adult: Sexual content,Restricted ad serving,ca-pub-7784034061253020,13,2024-12-14,2024-12-17
www.tribunnews.com,Page,N/A,N/A,www.tribunnews.com/internasional/2016/06/14/pameran-erotopia-jepang-pameran-dewasa-sekitar-seks-wanita-dan-love-hotel,No,Adult: Sexual content,Restricted ad serving,ca-pub-7784034061253020,13,2024-12-15,2024-12-15
www.tribunnews.com,Page,N/A,N/A,www.tribunnews.com/internasional/2016/04/21/heboh-foto-selfie-polwan-bugil-sambil-pangku-senjata,No,Adult: Sexual content,Restricted ad serving,ca-pub-7784034061253020,13,2024-12-15,2024-12-16
www.tribunnews.com,Page,N/A,N/A,www.tribunnews.com/internasional/2015/06/11/wanita-ini-mampu-hancurkan-semangka-gunakan-payudaranya,No,Adult: Sexual content,Restricted ad serving,ca-pub-7784034061253020,13,2024-12-15,2024-12-15
wartakota.tribunnews.com,Page,N/A,N/A,wartakota.tribunnews.com/2021/11/17/geger-siaran-langsung-video-hot-adegan-suami-istri-selebgram-ambon-dan-kekasihnya-dibekuk-polisi,Yes,Ads Disguised as Content,Restricted ad serving,ca-pub-7784034061253020,13,2024-12-13,2024-12-15
travel.tribunnews.com,Page,N/A,N/A,travel.tribunnews.com/2018/01/11/4-restoran-paling-aneh-di-dunia-pelanggan-hanya-boleh-makan-jika-tak-kenakan-pakaian-sehelai-pun,No,Adult: Sexual content,Restricted ad serving,ca-pub-7784034061253020,13,2024-12-16,2024-12-16
suryamalang.tribunnews.com,Page,N/A,N/A,suryamalang.tribunnews.com/2016/02/03/spg-cantik-dan-spb-ganteng-dibayar-untuk-blusukan-dalam-kondisi-telanjang,No,Adult: Sexual content,Restricted ad serving,ca-pub-7784034061253020,13,2024-12-17,2024-12-17
sumsel.tribunnews.com,Page,N/A,N/A,sumsel.tribunnews.com/2018/11/20/sering-pakai-karet-gelang-di-leher-tabung-gas-elpiji-ternyata-sangat-berbahaya-ini-penjelasannya,No,Google-served ads obscuring content,Restricted ad serving,ca-pub-7784034061253020,13,2024-12-14,2024-12-16
style.tribunnews.com,Page,N/A,N/A,style.tribunnews.com/2017/07/26/waspada-5-animasi-jepang-ini-dicap-anime-dewasa-sebab-adegannya-yang-sadis-menjijikkan-erotis?page=all,Yes,Site Behavior: Navigation,Restricted ad serving,ca-pub-7784034061253020,13,2024-12-16,2024-12-16
solo.tribunnews.com,Page,N/A,N/A,solo.tribunnews.com/2017/07/20/boneka-seks-ini-dibuat-untuk-diperkosa-alhasil-dikecam-habis-habisan,No,Adult: Sexual content,Restricted ad serving,ca-pub-7784034061253020,13,2024-12-11,2024-12-15
pontianak.tribunnews.com,Page,N/A,N/A,pontianak.tribunnews.com/2018/12/19/mau-tahu-laundry-kiloan-terdekat-di-pontianak-ini-daftarnya,Yes,Site Behavior: Navigation,Restricted ad serving,ca-pub-7784034061253020,13,2024-12-14,2024-12-16
pekanbaru.tribunnews.com,Page,N/A,N/A,pekanbaru.tribunnews.com/2017/12/11/harga-3-cairan-ini-bisa-bikin-kaya-mendadak-bisa-ular-kobra-dijual-rp-18-m,Yes,Shocking content;Site Behavior: Navigation,Restricted ad serving,ca-pub-7784034061253020,13,2024-12-17,2024-12-17
pekanbaru.tribunnews.com,Page,N/A,N/A,pekanbaru.tribunnews.com/2015/02/18/penulisan-huruf-y-menunjukkan-perilaku-seksual-anda,No,Adult: Sexual content,Restricted ad serving,ca-pub-7784034061253020,13,2024-12-12,2024-12-15
papua.tribunnews.com,Page,N/A,N/A,papua.tribunnews.com/tag/video-mesum,No,Adult: Sexual content,Restricted ad serving,ca-pub-7784034061253020,13,2024-12-16,2024-12-17
palembang.tribunnews.com,Page,N/A,N/A,palembang.tribunnews.com/2016/12/09/bea-cukai-ngurah-rai-musnahkan-boneka-dan-alat-bantu-seks,No,Adult: Sexual content,Restricted ad serving,ca-pub-7784034061253020,13,2024-12-17,2024-12-17
medan.tribunnews.com,Page,N/A,N/A,medan.tribunnews.com/2020/08/29/ternyata-ini-yang-bikin-kucing-bersuara-berisik-seperti-berkelahi-dan-kejar-kejaran-saat-kawin,Yes,Ads Disguised as Content,Restricted ad serving,ca-pub-7784034061253020,13,2024-12-16,2024-12-16
medan.tribunnews.com,Page,N/A,N/A,medan.tribunnews.com/2017/12/21/pria-pemilik-mr-p-terpanjang-cari-pendamping-dan-ingin-jadi-bintang-film-dewasa,No,Adult: Sexual content,Restricted ad serving,ca-pub-7784034061253020,13,2024-12-14,2024-12-16
medan.tribunnews.com,Page,N/A,N/A,medan.tribunnews.com/2016/10/29/yuk-lihat-foto-foto-empunya-payudara-terindah-ryoko-nakaoka,Yes,Site Behavior: Navigation,Restricted ad serving,ca-pub-7784034061253020,13,2024-12-13,2024-12-16
medan.tribunnews.com,Page,N/A,N/A,medan.tribunnews.com/2013/12/12/inilah-video-penyerangan-terhadap-massa-pemuda-merga-silima-pms,Yes,Ads Disguised as Content,Restricted ad serving,ca-pub-7784034061253020,13,2024-12-17,2024-12-17
manado.tribunnews.com,Page,N/A,N/A,manado.tribunnews.com/2021/11/18/nasib-artis-cantik-dulu-bintang-panas-yang-tenar-kini-berubah-drastis-hijrah-hingga-jualan-lontong,No,Shocking content,Restricted ad serving,ca-pub-7784034061253020,13,2024-12-16,2024-12-16
makassar.tribunnews.com,Page,N/A,N/A,makassar.tribunnews.com/2022/11/09/wajah-asli-pemeran-kebaya-merah-punya-92-video-asusila-dan-dibayar-rp-750-ribu,Yes,Ads Disguised as Content,Restricted ad serving,ca-pub-7784034061253020,13,2024-12-12,2024-12-17
makassar.tribunnews.com,Page,N/A,N/A,makassar.tribunnews.com/2022/02/04/pengantin-pria-lemas-di-malam-pertama-usai-lihat-sebuah-videosang-istri-tak-seperti-yang-diharapkan,Yes,Ads Disguised as Content,Restricted ad serving,ca-pub-7784034061253020,13,2024-12-14,2024-12-17
makassar.tribunnews.com,Page,N/A,N/A,makassar.tribunnews.com/2020/08/21/5-fakta-skandal-video-syur-mirip-adhisty-zara-zaki-pohan-reaksi-keluarga-hingga-hilang-di-medsos?page=2,Yes,Google-served ads obscuring content;Modified Javascript: Ads by Google size,Restricted ad serving,ca-pub-7784034061253020,13,2024-12-15,2024-12-15
makassar.tribunnews.com,Page,N/A,N/A,makassar.tribunnews.com/2019/12/25/heboh-video-mesum-dan-ngaku-perawan-ini-4-kasus-cupi-cupita-goyang-basah-prostitusi-kemben-melorot,No,Adult: Sexual content,Restricted ad serving,ca-pub-7784034061253020,13,2024-12-14,2024-12-16
makassar.tribunnews.com,Page,N/A,N/A,makassar.tribunnews.com/2019/10/07/cewekgadis-manado-tanpa-busana-di-video-viral-facebook-whatsapp-terungkap-kondisinya-memiriskan,No,Content obscuring Google-served ads,Restricted ad serving,ca-pub-7784034061253020,13,2024-12-13,2024-12-16
makassar.tribunnews.com,Page,N/A,N/A,makassar.tribunnews.com/2017/04/13/gila-gara-gara-pakai-celana-seperti-ini-area-sensitif-roro-fitria-dikit-lagi-kelihatan,Yes,Site Behavior: Navigation,Restricted ad serving,ca-pub-7784034061253020,13,2024-12-14,2024-12-15
kupang.tribunnews.com,Page,N/A,N/A,kupang.tribunnews.com/2020/11/11/video-mesum-mirip-gisella-anastasia-viral-onad-yakin-itu-mantan-istri-gading-marten-lalu-kenapa,No,Google-served ads obscuring content,Restricted ad serving,ca-pub-7784034061253020,13,2024-12-14,2024-12-16
kupang.tribunnews.com,Page,N/A,N/A,kupang.tribunnews.com/2019/10/02/kakak-ipar-tak-tahan-nafsu-adik-ipar-pakai-baju-tipis-ajak-kuda-lumping-imingi-duit-kronologi,No,Adult: Sexual content,Restricted ad serving,ca-pub-7784034061253020,13,2024-12-12,2024-12-17
kupang.tribunnews.com,Page,N/A,N/A,kupang.tribunnews.com/2019/06/30/istri-menolak-ajakan-berhubungan-intim-begini-hukumnya-dalam-islam,No,Adult: Sexual content,Restricted ad serving,ca-pub-7784034061253020,13,2024-12-17,2024-12-17
kupang.tribunnews.com,Page,N/A,N/A,kupang.tribunnews.com/2019/02/15/begini-cara-bercinta-kaisar-china-dan-cara-tiduri-121-perempuan-dalam-15-hari,No,Adult: Sexual content,Restricted ad serving,ca-pub-7784034061253020,13,2024-12-11,2024-12-16
kupang.tribunnews.com,Page,N/A,N/A,kupang.tribunnews.com/2017/07/20/4-wanita-cantik-ini-dinobatkan-sebagai-pemilik-bokong-terseksi-lihat-foto-fotonya?page=2,Yes,Adult: Sexual content;Site Behavior: Navigation,Restricted ad serving,ca-pub-7784034061253020,13,2024-12-15,2024-12-15
kaltim.tribunnews.com,Page,N/A,N/A,kaltim.tribunnews.com/2017/11/28/antisipasi-fenomena-digiseksual-di-mana-manusia-hanya-mau-berhubungan-seks-dengan-boneka,No,Adult: Sexual content,Restricted ad serving,ca-pub-7784034061253020,13,2024-12-15,2024-12-15
kaltim.tribunnews.com,Page,N/A,N/A,kaltim.tribunnews.com/2016/07/22/lokalisasi-hanya-dijadikan-tempat-menginap-psk-beralih-ke-jalanan?page=3,No,Adult: Sexual content,Restricted ad serving,ca-pub-7784034061253020,13,2024-12-16,2024-12-16
jogja.tribunnews.com,Page,N/A,N/A,jogja.tribunnews.com/2019/02/25/tawuran-berdarah-di-magelang-polisi-tetapkan-pelajar-berusia-17-tahun-jadi-tersangka,Yes,Ads Disguised as Content,Restricted ad serving,ca-pub-7784034061253020,13,2024-12-15,2024-12-15
jogja.tribunnews.com,Page,N/A,N/A,jogja.tribunnews.com/2017/10/27/kesal-disebut-banci-menantu-tantang-ibu-mertua-lepas-celana-dalam,No,Adult: Sexual content,Restricted ad serving,ca-pub-7784034061253020,13,2024-12-13,2024-12-17
jogja.tribunnews.com,Page,N/A,N/A,jogja.tribunnews.com/2017/02/22/ini-yang-bisa-dilakukan-pada-klitoris-bikin-wanita-orgasme-berkali-kali,No,Adult: Sexual content;Shocking content,Restricted ad serving,ca-pub-7784034061253020,13,2024-12-16,2024-12-16
jogja.tribunnews.com,Page,N/A,N/A,jogja.tribunnews.com/2016/05/09/polsek-umbulharjo-amankan-tiga-pekerja-seks-yang-mangkal-di-giwangan,No,Adult: Sexual content,Restricted ad serving,ca-pub-7784034061253020,13,2024-12-17,2024-12-17
jatim.tribunnews.com,Page,N/A,N/A,jatim.tribunnews.com/2017/07/06/beda-sama-indonesia-di-jepang-punya-mobil-dianggap-kampungan-kok-bisa-gitu-ya,No,Shocking content,Restricted ad serving,ca-pub-7784034061253020,13,2024-12-14,2024-12-15
jateng.tribunnews.com,Page,N/A,N/A,jateng.tribunnews.com/2016/10/15/model-ingi-mengaku-lebih-semok-dan-seksi-daripada-kim-kardashian-bagaimana-menurutmu,No,Adult: Sexual content,Restricted ad serving,ca-pub-7784034061253020,13,2024-12-13,2024-12-15
jambi.tribunnews.com,Page,N/A,N/A,jambi.tribunnews.com/2022/02/01/pengakuan-dewi-perssik-ketagihan-pakai-benda-ini-demi-penuhi-hasratnya-saat-masih-janda-gak-munafik,Yes,Ads Disguised as Content,Restricted ad serving,ca-pub-7784034061253020,13,2024-12-11,2024-12-15
jambi.tribunnews.com,Page,N/A,N/A,jambi.tribunnews.com/2018/01/21/5-bagian-wanita-ini-haram-disentuh-pria-saat-berhubungan-intim-suami-harus-tahu,No,Adult: Sexual content,Restricted ad serving,ca-pub-7784034061253020,13,2024-12-16,2024-12-16
jakarta.tribunnews.com,Page,N/A,N/A,jakarta.tribunnews.com/2020/01/10/praktisi-kesehatan-ungkap-penyebab-seseorang-melakukan-seks-anal-dengan-pasangan-waspadai-resikonya,No,Adult: Sexual content,Restricted ad serving,ca-pub-7784034061253020,13,2024-12-14,2024-12-16
jakarta.tribunnews.com,Page,N/A,N/A,jakarta.tribunnews.com/2018/11/16/cerita-isro-tukang-pijit-tuna-netra-yang-punya-langganan-mantan-wakil-menteri,No,Adult: Sexual content,Restricted ad serving,ca-pub-7784034061253020,13,2024-12-16,2024-12-16
jabar.tribunnews.com,Page,N/A,N/A,jabar.tribunnews.com/2022/03/21/pengobatan-alat-vital-tangerang-terpercaya-cucu-hj-mak-erot-bersama-bibin-mustopa?page=2,No,Adult: Sexual content,Restricted ad serving,ca-pub-7784034061253020,13,2024-12-17,2024-12-17
jabar.tribunnews.com,Page,N/A,N/A,jabar.tribunnews.com/2022/01/18/pengobatan-alat-vital-bekasi-cikarang-h-saefudin-ahli-waris-mak-erot?page=3,No,Google-served ads obscuring content,Restricted ad serving,ca-pub-7784034061253020,13,2024-12-16,2024-12-16
jabar.tribunnews.com,Page,N/A,N/A,jabar.tribunnews.com/2019/08/17/perkembangan-terakhir-video-vina-garut-salah-satu-pelaku-biseksual-dan-tak-butuh-bayaran,No,Adult: Sexual content,Restricted ad serving,ca-pub-7784034061253020,13,2024-12-17,2024-12-17
jabar.tribunnews.com,Page,N/A,N/A,jabar.tribunnews.com/2018/01/06/video-mesum-dua-bocah-dan-perempuan-dewasa-ini-bahaya-mengerikan-yang-akan-diderita-anak-anak,No,Adult: Sexual content,Restricted ad serving,ca-pub-7784034061253020,13,2024-12-16,2024-12-16
belitung.tribunnews.com,Page,N/A,N/A,belitung.tribunnews.com/2017/11/04/ingin-itunya-lebih-besar-dan-panjang-ini-3-cara-alami-tanpa-operasi-untuk-memperbesar-ukuran-mr-p,No,Adult: Sexual content,Restricted ad serving,ca-pub-7784034061253020,13,2024-12-11,2024-12-15
belitung.tribunnews.com,Page,N/A,N/A,belitung.tribunnews.com/2017/04/27/foto-syur-pelajar-sma-di-dalam-kelas-bikin-heboh-pose-seksi-dan-buka-kancing-hingga-angkat-rok,No,Adult: Sexual content,Restricted ad serving,ca-pub-7784034061253020,13,2024-12-14,2024-12-16
belitung.tribunnews.com,Page,N/A,N/A,belitung.tribunnews.com/2017/04/24/ingat-artis-seksi-90-an-ini-lihat-kondisi-mereka-sekarang-pasti-gak-nyangka,No,Shocking content,Restricted ad serving,ca-pub-7784034061253020,13,2024-12-11,2024-12-16
belitung.tribunnews.com,Page,N/A,N/A,belitung.tribunnews.com/2017/04/20/wajah-gadis-ini-disebut-pemeran-video-porno-ria-from-bali-begini-klarifikasinya,No,Adult: Sexual content,Restricted ad serving,ca-pub-7784034061253020,13,2024-12-13,2024-12-16
belitung.tribunnews.com,Page,N/A,N/A,belitung.tribunnews.com/2017/01/08/kisah-pria-tua-yang-pilih-hidup-dengan-boneka-seks-selama-6-tahun,No,Adult: Sexual content,Restricted ad serving,ca-pub-7784034061253020,13,2024-12-16,2024-12-17
batam.tribunnews.com,Page,N/A,N/A,batam.tribunnews.com/2021/01/09/kisah-pilu-bayi-jung-in-9-bulan-disiksa-hingga-tewas-mengenaskan-di-tangan-orangtua-angkat,Yes,Ads Disguised as Content,Restricted ad serving,ca-pub-7784034061253020,13,2024-12-16,2024-12-16
batam.tribunnews.com,Page,N/A,N/A,batam.tribunnews.com/2018/11/22/7-fakta-video-mesum-siswi-sma-di-karawang-finalis-mojang-karawang-syok-dan-mengasingkan-diri?page=4,No,Adult: Sexual content,Restricted ad serving,ca-pub-7784034061253020,13,2024-12-15,2024-12-15
batam.tribunnews.com,Page,N/A,N/A,batam.tribunnews.com/2017/01/26/terungkap-inikah-ciri-perempuan-perkasa-di-ranjang-ala-asmaragama-kama-sutra-ala-jawa,No,Adult: Sexual content,Restricted ad serving,ca-pub-7784034061253020,13,2024-12-16,2024-12-16
batam.tribunnews.com,Page,N/A,N/A,batam.tribunnews.com/2015/06/18/reka-ulang-pembunuhan-baloi-tomy-tikam-istri-di-depan-kedua-anaknya,No,Shocking content,Restricted ad serving,ca-pub-7784034061253020,13,2024-12-12,2024-12-17
bangka.tribunnews.com,Page,N/A,N/A,bangka.tribunnews.com/2022/02/16/kutil-kelamin-bisa-menular-kenali-ciri-cirinya-mulai-sekarang-kata-dr-atika-kusuma?page=all,Yes,Google-served ads obscuring content;Modified Javascript: Ads by Google size,Restricted ad serving,ca-pub-7784034061253020,13,2024-12-15,2024-12-15
bangka.tribunnews.com,Page,N/A,N/A,bangka.tribunnews.com/2018/05/05/bikin-terkejut-ini-6-fantasi-bercinta-yang-paling-sering-dibayangkan-oleh-pasangan,No,Adult: Sexual content,Restricted ad serving,ca-pub-7784034061253020,13,2024-12-11,2024-12-16
bangka.tribunnews.com,Page,N/A,N/A,bangka.tribunnews.com/2017/09/06/duh-prostitusi-online-rambah-bangka-belitung-gadis-19-tahun-ini-buka-praktek-sabtu-minggu,No,Google-served ads obscuring content,Restricted ad serving,ca-pub-7784034061253020,13,2024-12-16,2024-12-16
bangka.tribunnews.com,Page,N/A,N/A,bangka.tribunnews.com/2017/07/30/inilah-yang-terjadi-jika-sang-istri-lama-tak-dibelai-suaminya,No,Adult: Sexual content,Restricted ad serving,ca-pub-7784034061253020,13,2024-12-14,2024-12-16
bangka.tribunnews.com,Page,N/A,N/A,bangka.tribunnews.com/2017/02/28/untuk-para-suami-sebaiknya-jangan-biarkan-istri-anda-nonton-film-ini?page=all,Yes,Google-served ads obscuring content;Modified Javascript: Ads by Google size,Restricted ad serving,ca-pub-7784034061253020,13,2024-12-16,2024-12-16
bangka.tribunnews.com,Page,N/A,N/A,bangka.tribunnews.com/2016/09/29/terkenal-di-era-90-an-beginilah-pekerjaan-asia-carrera-sekarang?page=2,No,Adult: Sexual content,Restricted ad serving,ca-pub-7784034061253020,13,2024-12-15,2024-12-15
bangka.tribunnews.com,Page,N/A,N/A,bangka.tribunnews.com/2016/09/04/si-kakek-beruntung-banget-bisa-beginian-dengan-model-cantik-berbusana-minim,No,Shocking content,Restricted ad serving,ca-pub-7784034061253020,13,2024-12-17,2024-12-17
bangka.tribunnews.com,Page,N/A,N/A,bangka.tribunnews.com/2016/04/20/5-jenis-bokong-wanita-dan-pilihan-celana-yang-tepat,No,Adult: Sexual content,Restricted ad serving,ca-pub-7784034061253020,13,2024-12-16,2024-12-16
bali.tribunnews.com,Page,N/A,N/A,bali.tribunnews.com/2018/06/06/aksi-mesum-pria-yang-minta-5-kali-dilayani-bidan-cantik-ternyata-direkam-lalu-disebar-di-whatsapp,No,Shocking content,Restricted ad serving,ca-pub-7784034061253020,13,2024-12-16,2024-12-16
aceh.tribunnews.com,Page,N/A,N/A,aceh.tribunnews.com/tag/tangkap-pasangan-mesum,No,Adult: Sexual content,Restricted ad serving,ca-pub-7784034061253020,13,2024-12-13,2024-12-16
aceh.tribunnews.com,Page,N/A,N/A,aceh.tribunnews.com/tag/gambar-bule-telanjang-di-google-maps,Yes,Google-served ads on screens without publisher-content,Restricted ad serving,ca-pub-7784034061253020,13,2024-12-12,2024-12-16
aceh.tribunnews.com,Page,N/A,N/A,aceh.tribunnews.com/2023/10/06/nurhani-ibu-kejam-tega-bunuh-anak-kandung-korban-masih-hidup-dibuang-ke-sungai-tangan-diikat,No,Shocking content,Restricted ad serving,ca-pub-7784034061253020,13,2024-12-12,2024-12-15
www.tribunnewswiki.com,Page,N/A,N/A,www.tribunnewswiki.com/2022/07/03/rina-arano,No,Google-served ads obscuring content,Restricted ad serving,ca-pub-7784034061253020,12,2024-12-14,2024-12-15
www.tribunnews.com,Page,N/A,N/A,www.tribunnews.com/regional/2022/06/29/6-fakta-siswi-smp-dibunuh-pacar-di-langkat-kronologi-kasus-hingga-korban-dirudapaksa-saat-pingsan,Yes,Ads Disguised as Content,Restricted ad serving,ca-pub-7784034061253020,12,2024-12-12,2024-12-17
www.tribunnews.com,Page,N/A,N/A,www.tribunnews.com/regional/2020/03/24/suami-paksa-istri-layani-4-pria-sekaligus-di-ranjang-awalnya-nolak-tapi-akhirnya-mau,No,Shocking content,Restricted ad serving,ca-pub-7784034061253020,12,2024-12-11,2024-12-17
www.tribunnews.com,Page,N/A,N/A,www.tribunnews.com/regional/2020/02/14/janda-muda-dan-berondong-dikejar-warga-karena-ketahuan-mesum-berawal-dari-keresahan,No,Shocking content,Restricted ad serving,ca-pub-7784034061253020,12,2024-12-16,2024-12-16
www.tribunnews.com,Page,N/A,N/A,www.tribunnews.com/regional/2020/02/01/nekat-buka-baju-demi-saweran-rp-100-ribu-penyanyi-dangdut-ini-terancam-10-tahun-penjara,Yes,Ads Disguised as Content,Restricted ad serving,ca-pub-7784034061253020,12,2024-12-11,2024-12-15
www.tribunnews.com,Page,N/A,N/A,www.tribunnews.com/regional/2019/07/08/lihat-istri-tetangga-pakai-daster-gede-suri-lupa-sakit-perut-dan-bernafsu-ini-tindakan-konyolnya,No,Adult: Sexual content,Restricted ad serving,ca-pub-7784034061253020,12,2024-12-13,2024-12-16
www.tribunnews.com,Page,N/A,N/A,www.tribunnews.com/regional/2018/02/20/tarif-esek-esek-psk-asal-bandung-yang-bawa-2-anak-di-kamar-hotel-bikin-geleng-geleng-kepala,No,Adult: Sexual content,Restricted ad serving,ca-pub-7784034061253020,12,2024-12-13,2024-12-16
www.tribunnews.com,Page,N/A,N/A,www.tribunnews.com/regional/2015/04/22/kisah-mantan-psk-yang-kini-sukses-jadi-pengusaha,No,Adult: Sexual content,Restricted ad serving,ca-pub-7784034061253020,12,2024-12-15,2024-12-15
www.tribunnews.com,Page,N/A,N/A,www.tribunnews.com/regional/2012/10/10/pekerja-seks-komersil-tewas-di-kamar-hotel,No,Adult: Sexual content,Restricted ad serving,ca-pub-7784034061253020,12,2024-12-11,2024-12-15
www.tribunnews.com,Page,N/A,N/A,www.tribunnews.com/kesehatan/2017/09/12/hal-yang-terjadi-pada-miss-v-saat-wanita-mengalami-orgasme,No,Adult: Sexual content,Restricted ad serving,ca-pub-7784034061253020,12,2024-12-15,2024-12-15
www.tribunnews.com,Page,N/A,N/A,www.tribunnews.com/internasional/2017/11/20/jepang-ternyata-punya-pulau-khusus-prostitusi-didukung-para-yakuza,No,Adult: Sexual content,Restricted ad serving,ca-pub-7784034061253020,12,2024-12-12,2024-12-15
www.tribunnews.com,Page,N/A,N/A,www.tribunnews.com/internasional/2017/09/06/perempuan-roati-warga-indonesia-pertama-yang-main-film-porno-di-jepang,No,Adult: Sexual content,Restricted ad serving,ca-pub-7784034061253020,12,2024-12-11,2024-12-16
wartakota.tribunnews.com,Page,N/A,N/A,wartakota.tribunnews.com/2021/02/10/video-full-gabriella-larasati-diburu-warganet-di-twitter-dan-telegram-benarkah-terlibat-video-syur,Yes,Ads Disguised as Content,Restricted ad serving,ca-pub-7784034061253020,12,2024-12-16,2024-12-17
wartakota.tribunnews.com,Page,N/A,N/A,wartakota.tribunnews.com/2017/01/22/pria-ini-malah-tersiksa-miliki-kemaluan-panjangnya-1891-ini?page=2,No,Adult: Sexual content,Restricted ad serving,ca-pub-7784034061253020,12,2024-12-17,2024-12-17
wartakota.tribunnews.com,Page,N/A,N/A,wartakota.tribunnews.com/2016/06/28/pria-paruh-baya-hidup-dengan-boneka-seks-selama-enam-tahun?page=2,No,Adult: Sexual content,Restricted ad serving,ca-pub-7784034061253020,12,2024-12-16,2024-12-16
video.tribunnews.com,Page,N/A,N/A,video.tribunnews.com/view/31249/tengah-asyik-goyang-hot-pamela-safitri-dan-dinar-candy-bikin-benda-ini-terbuka-netizen-melotot,Yes,Site Behavior: Navigation,Restricted ad serving,ca-pub-7784034061253020,12,2024-12-13,2024-12-17
travel.tribunnews.com,Page,N/A,N/A,travel.tribunnews.com/2016/09/30/dutch-wives-wow-ternyata-cewek-cantik-asal-jepang-yang-dijual-rp-22-juta-ini-adalah,No,Adult: Sexual content,Restricted ad serving,ca-pub-7784034061253020,12,2024-12-15,2024-12-15
travel.tribunnews.com,Page,N/A,N/A,travel.tribunnews.com/2016/08/22/rokok-rempah-jogja-dengan-rp-14-ribu-kamu-bisa-dapat-rokok-sehat-bener-nggak-ya,No,Tobacco,Restricted ad serving,ca-pub-7784034061253020,12,2024-12-11,2024-12-16
suryamalang.tribunnews.com,Page,N/A,N/A,suryamalang.tribunnews.com/2019/12/15/ada-peluang-tertular-virus-hiv-saat-bercinta-meskipun-pakai-kondom-berikut-penjelasannya,No,Adult: Sexual content,Restricted ad serving,ca-pub-7784034061253020,12,2024-12-17,2024-12-17
suryamalang.tribunnews.com,Page,N/A,N/A,suryamalang.tribunnews.com/2017/04/21/video-cewek-ini-bergoyang-di-pinggir-jalan-selanjutnya-terjadi-hal-mengerikan?page=2,No,Shocking content,Restricted ad serving,ca-pub-7784034061253020,12,2024-12-15,2024-12-15
suryamalang.tribunnews.com,Page,N/A,N/A,suryamalang.tribunnews.com/2017/04/18/alamak-diduga-ketahuan-selingkuh-wanita-telanjang-ini-dikelilingi-warga-sambil-minta-maaf,No,Adult: Sexual content,Restricted ad serving,ca-pub-7784034061253020,12,2024-12-17,2024-12-17
sumsel.tribunnews.com,Page,N/A,N/A,sumsel.tribunnews.com/2017/12/09/geger-chat-mesum-oknum-ojol-ajak-check-in-costumer-tiap-hariharga-yang-ditawarkan-sadis-banget?page=3,Yes,Site Behavior: Navigation,Restricted ad serving,ca-pub-7784034061253020,12,2024-12-16,2024-12-16
sumsel.tribunnews.com,Page,N/A,N/A,sumsel.tribunnews.com/2017/12/09/geger-chat-mesum-oknum-ojol-ajak-check-in-costumer-tiap-hariharga-yang-ditawarkan-sadis-banget?page=2,No,Adult: Sexual content,Restricted ad serving,ca-pub-7784034061253020,12,2024-12-16,2024-12-16
sumsel.tribunnews.com,Page,N/A,N/A,sumsel.tribunnews.com/2017/10/20/gila-tak-cuma-untuk-salurkan-hasrat-seksual-pria-ini-sampai-beginikan-boneka-seks,Yes,Adult: Sexual content;Site Behavior: Navigation,Restricted ad serving,ca-pub-7784034061253020,12,2024-12-17,2024-12-17
sumsel.tribunnews.com,Page,N/A,N/A,sumsel.tribunnews.com/2015/09/30/foto-nikina-mirzani-nungging-dan-pamer-bokong-buat-netizen-berdebat,No,Adult: Sexual content,Restricted ad serving,ca-pub-7784034061253020,12,2024-12-14,2024-12-15
sultra.tribunnews.com,Page,N/A,N/A,sultra.tribunnews.com/2022/10/21/link-video-wanita-baju-merah-viral-di-tiktok-hingga-twitter-bagian-rimbun-ramai-disorot-warganet?page=2,Yes,Ads Disguised as Content,Restricted ad serving,ca-pub-7784034061253020,12,2024-12-17,2024-12-17
sultra.tribunnews.com,Page,N/A,N/A,sultra.tribunnews.com/2022/07/27/fakta-sebenarnya-di-balik-video-viral-tiktok-kakek-bawa-kepala-putus-ada-kisah-tragis-suami-istri,Yes,Ads Disguised as Content,Restricted ad serving,ca-pub-7784034061253020,12,2024-12-15,2024-12-15
sultra.tribunnews.com,Page,N/A,N/A,sultra.tribunnews.com/2022/04/27/usai-heboh-link-video-ckhika-20-juta-muncul-ig-story-chandrika-chika-keceplosan-bilang-k,Yes,Ads Disguised as Content,Restricted ad serving,ca-pub-7784034061253020,12,2024-12-16,2024-12-16
style.tribunnews.com,Page,N/A,N/A,style.tribunnews.com/2018/01/01/foto-foto-wanita-ini-jadi-sensasi-di-dunia-maya-dulu-badannya-kurus-kini-seksi-abis-body-goals,Yes,Site Behavior: Navigation,Restricted ad serving,ca-pub-7784034061253020,12,2024-12-17,2024-12-17
style.tribunnews.com,Page,N/A,N/A,style.tribunnews.com/2017/04/15/terungkap-ini-rahasia-kakek-sugiono-artis-film-panas-tertua-jepang-bisa-tetap-fit-di-usia-lanjut?page=all,No,Adult: Sexual content,Restricted ad serving,ca-pub-7784034061253020,12,2024-12-17,2024-12-17
pontianak.tribunnews.com,Page,N/A,N/A,pontianak.tribunnews.com/2017/11/12/pamela-safitri-pamer-belahan-dada-netizen-salah-fokus-dengan-suara-erangan-ini,No,Adult: Sexual content,Restricted ad serving,ca-pub-7784034061253020,12,2024-12-14,2024-12-16
pontianak.tribunnews.com,Page,N/A,N/A,pontianak.tribunnews.com/2015/10/14/heboh-wanita-ini-memiliki-tiga-payudara,No,Adult: Sexual content,Restricted ad serving,ca-pub-7784034061253020,12,2024-12-14,2024-12-16
pekanbaru.tribunnews.com,Page,N/A,N/A,pekanbaru.tribunnews.com/2021/03/16/nonton-film-turn-on-series-film-turn-on-episode-1-2-3-4-5-6-7-8-film-turn-on-full-lengkap,No,Shocking content,Restricted ad serving,ca-pub-7784034061253020,12,2024-12-15,2024-12-15
pekanbaru.tribunnews.com,Page,N/A,N/A,pekanbaru.tribunnews.com/2020/03/10/arti-bahasa-gaul-2020-apa-itu-missqueen-sobat-missqueen-berawal-dari-media-sosial-ini-artinya,No,Google-served ads obscuring content,Restricted ad serving,ca-pub-7784034061253020,12,2024-12-17,2024-12-17
palembang.tribunnews.com,Page,N/A,N/A,palembang.tribunnews.com/2017/12/14/maag-nggak-sembuh-sembuh-obat-maag-tradisional-jadi-pilihan-alternatif,Yes,Encouraging accidental clicks: Layout,Restricted ad serving,ca-pub-7784034061253020,12,2024-12-11,2024-12-16
palembang.tribunnews.com,Page,N/A,N/A,palembang.tribunnews.com/2017/08/04/astaga-beredar-foto-dua-abg-pamer-itunya-di-media-sosial-netizen-dibuat-panas,No,Adult: Sexual content,Restricted ad serving,ca-pub-7784034061253020,12,2024-12-14,2024-12-17
palembang.tribunnews.com,Page,N/A,N/A,palembang.tribunnews.com/2017/06/23/awas-ini-dampak-buruk-bra-perekat-payudara-wanita-ini-seperti-digigit-lihat-bekas-mengerikannya?page=2,No,Adult: Sexual content,Restricted ad serving,ca-pub-7784034061253020,12,2024-12-16,2024-12-16
palembang.tribunnews.com,Page,N/A,N/A,palembang.tribunnews.com/2015/11/10/video-pembantu-pergoki-majikan-sedang-bercinta-dengan-sopir-pribadinya,No,Adult: Sexual content,Restricted ad serving,ca-pub-7784034061253020,12,2024-12-14,2024-12-15
medan.tribunnews.com,Page,N/A,N/A,medan.tribunnews.com/2023/09/04/motif-pembunuhan-siswi-smp-lestari-sihombing-hingga-diperkosa-3-kakak-terkuak-diduga-cinta-ditolak,No,Shocking content,Restricted ad serving,ca-pub-7784034061253020,12,2024-12-17,2024-12-17
medan.tribunnews.com,Page,N/A,N/A,medan.tribunnews.com/2022/06/27/video-miyabi-telanjur-tersebar-di-internet-terungkap-penghasilan-maria-ozawa-jadi-artis-film-dewasa,Yes,Ads Disguised as Content;Modified ad code: Resizing Ad Frames,Restricted ad serving,ca-pub-7784034061253020,12,2024-12-11,2024-12-16
medan.tribunnews.com,Page,N/A,N/A,medan.tribunnews.com/2022/06/19/kelakuan-sejoli-mandi-bareng-sambil-video-call-apes-videonya-tersebar-sampai-viral-di-media-sosial,Yes,Ads Disguised as Content,Restricted ad serving,ca-pub-7784034061253020,12,2024-12-15,2024-12-16
medan.tribunnews.com,Page,N/A,N/A,medan.tribunnews.com/2021/08/19/awalnya-gara-gara-bebek-aiptu-josmer-manurung-tewas-ditembak-pelaku-rampas-senpi-korban,No,Shocking content,Restricted ad serving,ca-pub-7784034061253020,12,2024-12-14,2024-12-15
medan.tribunnews.com,Page,N/A,N/A,medan.tribunnews.com/2021/06/11/hajab-pria-ini-videokan-anak-gadisnya-saat-mandi-dijadikan-objek-fantasi-pula,No,Google-served ads obscuring content,Restricted ad serving,ca-pub-7784034061253020,12,2024-12-12,2024-12-16
medan.tribunnews.com,Page,N/A,N/A,medan.tribunnews.com/2019/01/12/akhirnya-polisi-ungkap-nama-artis-prostitusi-di-antaranya-riri-febrianti-pesinetron-anak-jalanan,No,Adult: Sexual content,Restricted ad serving,ca-pub-7784034061253020,12,2024-12-11,2024-12-16
medan.tribunnews.com,Page,N/A,N/A,medan.tribunnews.com/2018/02/04/pelayan-wanita-hanya-pakai-celemek-tanpa-bra-dan-pakaian-kedai-kopi-ini-jadi-buah-bibir,No,Adult: Sexual content,Restricted ad serving,ca-pub-7784034061253020,12,2024-12-16,2024-12-16
medan.tribunnews.com,Page,N/A,N/A,medan.tribunnews.com/2017/05/22/mr-p-terlalu-besar-nia-rasakan-seks-nikmat-berubah-neraka-lalu-cerai-dari-suami,No,Adult: Sexual content,Restricted ad serving,ca-pub-7784034061253020,12,2024-12-11,2024-12-17
mataram.tribunnews.com,Page,N/A,N/A,mataram.tribunnews.com/2019/09/25/kronologi-awal-pembunuhan-pemerkosaan-bocah-5-tahun-di-sukabumi-digilir-2-kakak-dicekik-ibu?page=2,Yes,Google-served ads obscuring content;Modified Javascript: Ads by Google size,Restricted ad serving,ca-pub-7784034061253020,12,2024-12-15,2024-12-15
manado.tribunnews.com,Page,N/A,N/A,manado.tribunnews.com/2018/09/18/inilah-potret-kemiskinan-di-kenya-perempuan-terpaksa-membayar-pembalut-dengan-seks,No,Adult: Sexual content,Restricted ad serving,ca-pub-7784034061253020,12,2024-12-15,2024-12-15
makassar.tribunnews.com,Page,N/A,N/A,makassar.tribunnews.com/2020/07/10/37-pasangan-anak-smp-pesta-seks-di-hotel-petugas-temukan-barang-bukti-kondom-obat-kuat-miras,Yes,Ads Disguised as Content,Restricted ad serving,ca-pub-7784034061253020,12,2024-12-15,2024-12-15
makassar.tribunnews.com,Page,N/A,N/A,makassar.tribunnews.com/2020/06/07/punya-ratusan-film-dewasa-dan-film-anak-ini-18-nonton-film-online-mirip-indoxxi-ada-barat-drakor,No,Shocking content,Restricted ad serving,ca-pub-7784034061253020,12,2024-12-15,2024-12-17
makassar.tribunnews.com,Page,N/A,N/A,makassar.tribunnews.com/2020/01/02/daftar-harga-rokok-yang-naik-tahun-2020-surya-16-djarum-76-marlboro-sampoerna-cara-berhenti?page=4,No,Tobacco,Restricted ad serving,ca-pub-7784034061253020,12,2024-12-17,2024-12-17
makassar.tribunnews.com,Page,N/A,N/A,makassar.tribunnews.com/2017/12/01/7-foto-panas-sara-wijayanto-istri-demian-aditya-yang-pernah-tercyduq-selingkuh?page=2,No,Adult: Sexual content,Restricted ad serving,ca-pub-7784034061253020,12,2024-12-15,2024-12-15
m.tribunnews.com,Page,N/A,N/A,m.tribunnews.com/kesehatan/2017/08/30/perempuan-juga-bisa-mimpi-basah-seberapa-sering-ini-jawabannya,No,Adult: Sexual content,Restricted ad serving,ca-pub-7784034061253020,12,2024-12-16,2024-12-16
lampung.tribunnews.com,Page,N/A,N/A,lampung.tribunnews.com/2018/06/03/banyak-gadis-china-tidak-perawan-di-usia-17-tahun-akhirnya-operasi-keperawanan-sebelum-menikah,No,Adult: Sexual content,Restricted ad serving,ca-pub-7784034061253020,12,2024-12-11,2024-12-17
lampung.tribunnews.com,Page,N/A,N/A,lampung.tribunnews.com/2018/01/14/setelah-video-mesum-bocah-dengan-wanita-dewasa-beredar-lagi-video-bocah-3-tahun-dengan-tante,No,Adult: Sexual content,Restricted ad serving,ca-pub-7784034061253020,12,2024-12-12,2024-12-15
kupang.tribunnews.com,Page,N/A,N/A,kupang.tribunnews.com/2019/10/23/artis-gisella-anastasia-bantah-soal-video-panas-mirip-dirinya-viral-ya-saya-tahu-diri-saya,Yes,Google-served ads obscuring content;Modified Javascript: Ads by Google size,Restricted ad serving,ca-pub-7784034061253020,12,2024-12-16,2024-12-16
kupang.tribunnews.com,Page,N/A,N/A,kupang.tribunnews.com/2019/03/23/jangan-malu-ajaklah-suami-untuk-berhubungan-intim-ini-hukumnya-istri-minta-duluan-menurut-islam,No,Adult: Sexual content,Restricted ad serving,ca-pub-7784034061253020,12,2024-12-15,2024-12-15
kupang.tribunnews.com,Page,N/A,N/A,kupang.tribunnews.com/2015/04/13/rok-siswi-18-tahun-kena-semprotan-cairan-sperma,No,Adult: Sexual content,Restricted ad serving,ca-pub-7784034061253020,12,2024-12-13,2024-12-15
kaltim.tribunnews.com,Page,N/A,N/A,kaltim.tribunnews.com/2017/08/04/wow-lagi-viral-nih-foto-cewek-berhijab-pamer-bra-di-jembatan,No,Adult: Sexual content,Restricted ad serving,ca-pub-7784034061253020,12,2024-12-11,2024-12-17
jateng.tribunnews.com,Page,N/A,N/A,jateng.tribunnews.com/2017/01/09/usia-baru-7-tahun-ukuran-payudara-bocah-ini-bikin-heboh-ini-yang-terjadi-padanya,Yes,Child oriented sexual situations (pedophilia),Disabled ad serving,ca-pub-7784034061253020,12,2024-12-15,2024-12-17
jateng.tribunnews.com,Page,N/A,N/A,jateng.tribunnews.com/2016/11/03/tradisi-gila-di-malam-pertama-mempelai-wanita-ditelanjangi-tamu-pengantin-pria-hanya-diam?page=all,No,Google-served ads obscuring content,Restricted ad serving,ca-pub-7784034061253020,12,2024-12-16,2024-12-16
jateng.tribunnews.com,Page,N/A,N/A,jateng.tribunnews.com/2016/10/28/panti-pijat-plus-ini-tarifnya-rp-200-ribu-saat-digerebek-polisi-tamu-dan-terapis-telanjang-bulat,No,Adult: Sexual content,Restricted ad serving,ca-pub-7784034061253020,12,2024-12-16,2024-12-16
jateng.tribunnews.com,Page,N/A,N/A,jateng.tribunnews.com/2016/10/01/semakin-matang-usianya-wanita-paruh-baya-semakin-menikmati-seks-ini-alasannya,No,Adult: Sexual content,Restricted ad serving,ca-pub-7784034061253020,12,2024-12-17,2024-12-17
jambi.tribunnews.com,Page,N/A,N/A,jambi.tribunnews.com/2020/11/07/video-blak-blakan-kakek-sugiono-bongkar-rahasia-lawan-main-ketagihan-telur-dikonsumsi-cara-ini,Yes,Ads Disguised as Content,Restricted ad serving,ca-pub-7784034061253020,12,2024-12-13,2024-12-16
jambi.tribunnews.com,Page,N/A,N/A,jambi.tribunnews.com/2018/11/03/aktor-film-dewasa-ungkap-bisa-tahan-lama-dalam-berhubungan-intim-ini-dia-rahasianya?page=2,No,Adult: Sexual content,Restricted ad serving,ca-pub-7784034061253020,12,2024-12-15,2024-12-15
jambi.tribunnews.com,Page,N/A,N/A,jambi.tribunnews.com/2018/06/13/4-film-dengan-adegan-ranjang-terpanas-sepanjang-sejarah-benar-benar-seperti-nyata?page=all,No,Adult: Sexual content,Restricted ad serving,ca-pub-7784034061253020,12,2024-12-16,2024-12-16
jambi.tribunnews.com,Page,N/A,N/A,jambi.tribunnews.com/2018/01/25/4-cara-bikin-wanita-cepat-mencapai-klimaks-para-pria-bisa-langsung-praktekkan?page=3,No,Adult: Sexual content,Restricted ad serving,ca-pub-7784034061253020,12,2024-12-16,2024-12-16
jakarta.tribunnews.com,Page,N/A,N/A,jakarta.tribunnews.com/2023/03/10/kronologi-lengkap-pelajar-tewas-dibacok-di-bogor-terkuak-tangis-rintihan-sebelum-meregang-nyawa,No,Shocking content,Restricted ad serving,ca-pub-7784034061253020,12,2024-12-15,2024-12-17
jabar.tribunnews.com,Page,N/A,N/A,jabar.tribunnews.com/2023/05/29/pengobatan-alat-vital-jember-aa-muchin-rumah-vitalitas-terbaik-dan-berpengalaman,No,Adult: Sexual content,Restricted ad serving,ca-pub-7784034061253020,12,2024-12-12,2024-12-16
jabar.tribunnews.com,Page,N/A,N/A,jabar.tribunnews.com/2022/01/18/pengobatan-alat-vital-bekasi-cikarang-h-saefudin-ahli-waris-mak-erot?page=all,No,Adult: Sexual content,Restricted ad serving,ca-pub-7784034061253020,12,2024-12-16,2024-12-16
jabar.tribunnews.com,Page,N/A,N/A,jabar.tribunnews.com/2021/02/07/video-viral-pria-bikin-video-syur-bareng-kekasih-dan-ibunya-direkam-adik-pacar,No,Google-served ads obscuring content,Restricted ad serving,ca-pub-7784034061253020,12,2024-12-16,2024-12-17
jabar.tribunnews.com,Page,N/A,N/A,jabar.tribunnews.com/2019/10/21/heboh-di-bandung-video-mesum-pemainnya-disebut-mahasiswi-dan-dosen-dilakukan-di-sini?page=all,No,Adult: Sexual content,Restricted ad serving,ca-pub-7784034061253020,12,2024-12-15,2024-12-15
jabar.tribunnews.com,Page,N/A,N/A,jabar.tribunnews.com/2018/11/23/10-fakta-video-mesum-siswi-sma-karawang-dari-direkam-di-hotel-hingga-korban-merupakan-mojang?page=4,No,Adult: Sexual content,Restricted ad serving,ca-pub-7784034061253020,12,2024-12-15,2024-12-15
jabar.tribunnews.com,Page,N/A,N/A,jabar.tribunnews.com/2015/07/22/video-wow-selesai-ramadan-duo-serigala-perkenalkan-goyang-tubles,No,Adult: Sexual content,Restricted ad serving,ca-pub-7784034061253020,12,2024-12-15,2024-12-15
cirebon.tribunnews.com,Page,N/A,N/A,cirebon.tribunnews.com/2019/11/07/dua-gadis-disetubuhi-paksa-bergiliran-oleh-empat-pria-sudah-puas-korban-diantar-pelaku,No,Adult: Sexual content,Restricted ad serving,ca-pub-7784034061253020,12,2024-12-17,2024-12-17
cirebon.tribunnews.com,Page,N/A,N/A,cirebon.tribunnews.com/2019/10/14/3-pria-setubuhi-4-wanita-semalaman-ajak-main-ludo-dan-tenggak-miras-yang-dicampur-obat-perangsang?page=2,No,Adult: Sexual content,Restricted ad serving,ca-pub-7784034061253020,12,2024-12-17,2024-12-17
bogor.tribunnews.com,Page,N/A,N/A,bogor.tribunnews.com/2017/07/26/video-presenter-cantik-lepas-satu-persatu-baju-saat-baca-berita-cristiano-ronaldo,No,Adult: Sexual content,Restricted ad serving,ca-pub-7784034061253020,12,2024-12-12,2024-12-15
bogor.tribunnews.com,Page,N/A,N/A,bogor.tribunnews.com/2017/01/04/hasil-penelitian-tiga-gaya-bercinta-ini-paling-disukai-wanita,No,Adult: Sexual content,Restricted ad serving,ca-pub-7784034061253020,12,2024-12-15,2024-12-15
bogor.tribunnews.com,Page,N/A,N/A,bogor.tribunnews.com/2016/11/08/begini-cara-mendapatkan-mimpi-basah-yang-dasyat-no-5-paling-mudah,No,Adult: Sexual content,Restricted ad serving,ca-pub-7784034061253020,12,2024-12-15,2024-12-15
belitung.tribunnews.com,Page,N/A,N/A,belitung.tribunnews.com/2018/01/08/mengaku-tak-perawan-sejak-sma-artis-ini-pilih-alat-seks-jika-lagi-pengen?page=all,No,Adult: Sexual content,Restricted ad serving,ca-pub-7784034061253020,12,2024-12-15,2024-12-15
belitung.tribunnews.com,Page,N/A,N/A,belitung.tribunnews.com/2017/12/29/suami-ajak-istri-hubungan-intim-bertiga-bareng-pria-lain-ibu-muda-tak-menolak-malah-sampai-3-kali,No,Adult: Sexual content,Restricted ad serving,ca-pub-7784034061253020,12,2024-12-17,2024-12-17
belitung.tribunnews.com,Page,N/A,N/A,belitung.tribunnews.com/2017/11/02/gara-gara-ini-seorang-wanita-buka-baju-dan-gosokkan-payudara-ke-wajah-pria-beristri-di-keramaian,No,Adult: Sexual content,Restricted ad serving,ca-pub-7784034061253020,12,2024-12-12,2024-12-16
belitung.tribunnews.com,Page,N/A,N/A,belitung.tribunnews.com/2017/07/25/tips-seks-sehat-untuk-istri-agar-suami-bergairah-di-ranjang,No,Adult: Sexual content,Restricted ad serving,ca-pub-7784034061253020,12,2024-12-17,2024-12-17
belitung.tribunnews.com,Page,N/A,N/A,belitung.tribunnews.com/2017/07/12/lihat-lima-tanda-fisik-ini-pada-wanita-konon-nafsu-birahinya-meletup-letup?page=all,No,Adult: Sexual content,Restricted ad serving,ca-pub-7784034061253020,12,2024-12-17,2024-12-17
belitung.tribunnews.com,Page,N/A,N/A,belitung.tribunnews.com/2016/05/16/tiga-tersangka-ini-bergantian-perkosa-eno-lalu-masukkan-gagang-cangkul-ke-kemaluan,No,Shocking content,Restricted ad serving,ca-pub-7784034061253020,12,2024-12-16,2024-12-16
belitung.tribunnews.com,Page,N/A,N/A,belitung.tribunnews.com/2016/05/16/ternyata-ini-alasan-pelaku-habisi-enno-gunakan-gagang-cangkul-dimasukkan-waktu-korban-masih-hidup,No,Shocking content,Restricted ad serving,ca-pub-7784034061253020,12,2024-12-17,2024-12-17
belitung.tribunnews.com,Page,N/A,N/A,belitung.tribunnews.com/2016/04/28/anak-bidadari-yang-ditemukan-nelayan-ini-dicurigai-boneka-seks,No,Adult: Sexual content,Restricted ad serving,ca-pub-7784034061253020,12,2024-12-16,2024-12-16
batam.tribunnews.com,Page,N/A,N/A,batam.tribunnews.com/2019/05/03/boneka-robot-pemuas-nafsu-jepang-selama-kencan-pelanggan-bebas-pilih-baju,No,Adult: Sexual content,Restricted ad serving,ca-pub-7784034061253020,12,2024-12-16,2024-12-16
banjarmasin.tribunnews.com,Page,N/A,N/A,banjarmasin.tribunnews.com/2015/04/15/di-kalangan-psk-online-kawasan-tebet-disebut-vagina-street,No,Adult: Sexual content,Restricted ad serving,ca-pub-7784034061253020,12,2024-12-13,2024-12-16
bangka.tribunnews.com,Page,N/A,N/A,bangka.tribunnews.com/2020/06/27/fakta-fakta-suku-wanita-di-pedalaman-amazon-benci-pria-hingga-cara-brutal-agar-hamil,No,Adult: Sexual content;Shocking content,Restricted ad serving,ca-pub-7784034061253020,12,2024-12-15,2024-12-15
bangka.tribunnews.com,Page,N/A,N/A,bangka.tribunnews.com/2019/11/15/gadis-belia-pasrah-diajak-berhubungan-intim-oleh-sang-ayah-di-ruang-tamu,No,Adult: Sexual content,Restricted ad serving,ca-pub-7784034061253020,12,2024-12-11,2024-12-15
bangka.tribunnews.com,Page,N/A,N/A,bangka.tribunnews.com/2018/10/21/monica-harpindabegini-cantiknya-gadis-asal-palembang-yang-dipersunting-molen,Yes,Site Behavior: Navigation,Restricted ad serving,ca-pub-7784034061253020,12,2024-12-16,2024-12-16
bangka.tribunnews.com,Page,N/A,N/A,bangka.tribunnews.com/2018/06/12/sekilah-tentang-kabbalah-kitab-mistisisme-yahudi-yang-ramai-diperbincangkan,No,Google-served ads obscuring content,Restricted ad serving,ca-pub-7784034061253020,12,2024-12-15,2024-12-15
bangka.tribunnews.com,Page,N/A,N/A,bangka.tribunnews.com/2017/12/15/tega-gara-gara-hal-sepele-wanita-cantik-dipaksa-berjalan-tanpa-busana-di-jalan-raya-oleh-pacarnya,No,Adult: Sexual content,Restricted ad serving,ca-pub-7784034061253020,12,2024-12-14,2024-12-17
bangka.tribunnews.com,Page,N/A,N/A,bangka.tribunnews.com/2017/09/15/tanda-seorang-pria-belum-pernah-berhubungan-badan-alias-perjaka?page=2,Yes,Site Behavior: Navigation,Restricted ad serving,ca-pub-7784034061253020,12,2024-12-15,2024-12-15
bangka.tribunnews.com,Page,N/A,N/A,bangka.tribunnews.com/2017/03/21/heboh-wanita-muda-masuk-indomaret-tanpa-busana,No,Adult: Sexual content,Restricted ad serving,ca-pub-7784034061253020,12,2024-12-17,2024-12-17
bangka.tribunnews.com,Page,N/A,N/A,bangka.tribunnews.com/2017/03/17/khusus-pria-inilah-dampak-buruk-jika-terlalu-sering-mengeluarkan-sperma?page=all,No,Adult: Sexual content,Restricted ad serving,ca-pub-7784034061253020,12,2024-12-17,2024-12-17
bangka.tribunnews.com,Page,N/A,N/A,bangka.tribunnews.com/2017/03/13/mama-muda-rela-jual-tubuh-layani-seks-tiap-pria-demi-kecantikan?page=3,No,Adult: Sexual content;Shocking content,Restricted ad serving,ca-pub-7784034061253020,12,2024-12-16,2024-12-16
bangka.tribunnews.com,Page,N/A,N/A,bangka.tribunnews.com/2016/09/05/kepribadian-wanita-berdasarkan-bentuk-puting-susunya?page=2,No,Adult: Sexual content,Restricted ad serving,ca-pub-7784034061253020,12,2024-12-15,2024-12-15
bangka.tribunnews.com,Page,N/A,N/A,bangka.tribunnews.com/2016/07/22/gara-gara-kecantikan-gadis-indramayu-ini-banyak-pria-masuk-rs-dan-kehilangan-motor,No,Shocking content,Restricted ad serving,ca-pub-7784034061253020,12,2024-12-16,2024-12-16
bangka.tribunnews.com,Page,N/A,N/A,bangka.tribunnews.com/2016/03/22/inilah-cirinya-orang-kecanduan-onani-dan-masturbasi?page=1,No,Adult: Sexual content,Restricted ad serving,ca-pub-7784034061253020,12,2024-12-16,2024-12-16
bali.tribunnews.com,Page,N/A,N/A,bali.tribunnews.com/2017/01/21/dibalik-mimik-wajah-pemain-film-dewasa-ketika-beradegan-panas-tantangan-ini-jadi-masalah,No,Adult: Sexual content,Restricted ad serving,ca-pub-7784034061253020,12,2024-12-11,2024-12-15
bali.tribunnews.com,Page,N/A,N/A,bali.tribunnews.com/2016/05/13/sebelum-tewas-dengan-gagang-cangkul-di-kemaluan-enno-janji-beli-oleh-oleh-buat-keluarga,No,Shocking content,Restricted ad serving,ca-pub-7784034061253020,12,2024-12-17,2024-12-17
aceh.tribunnews.com,Page,N/A,N/A,aceh.tribunnews.com/2022/07/26/rindu-berat-wanita-ini-malah-meninggal-dunia-dicium-secara-brutal-oleh-pacarnya-ada-tanda-di-leher,No,Shocking content,Restricted ad serving,ca-pub-7784034061253020,12,2024-12-16,2024-12-16
aceh.tribunnews.com,Page,N/A,N/A,aceh.tribunnews.com/2021/07/21/bintang-film-dewasa-bercerai-usai-dinikahi-kakek-ibarat-ayah-dan-anak-nong-nat-menyesal-hal-ini,No,Google-served ads obscuring content,Restricted ad serving,ca-pub-7784034061253020,12,2024-12-15,2024-12-15
www.tribunnews.com,Page,N/A,N/A,www.tribunnews.com/regional/2019/10/13/2-pelajar-live-show-berhubungan-badan-ditonton-bareng-4-siswi-lain-jadi-viral-di-whatsapp-wa,No,Adult: Sexual content,Restricted ad serving,ca-pub-7784034061253020,11,2024-12-13,2024-12-17
www.tribunnews.com,Page,N/A,N/A,www.tribunnews.com/regional/2018/02/12/mengapa-peminat-alat-bantu-seks-kaum-hawa-ini-kata-pakar-seksologi-unud-bali,No,Adult: Sexual content,Restricted ad serving,ca-pub-7784034061253020,11,2024-12-15,2024-12-15
www.tribunnews.com,Page,N/A,N/A,www.tribunnews.com/regional/2015/11/27/saya-diajak-teman-katanya-psk-di-medan-murah-murah,No,Shocking content,Restricted ad serving,ca-pub-7784034061253020,11,2024-12-14,2024-12-16
www.tribunnews.com,Page,N/A,N/A,www.tribunnews.com/nasional/2022/01/03/harga-rokok-per-1-januari-2022-naik-berikut-daftar-harga-per-bungkusnya,No,Content obscuring Google-served ads,Restricted ad serving,ca-pub-7784034061253020,11,2024-12-15,2024-12-15
www.tribunnews.com,Page,N/A,N/A,www.tribunnews.com/kesehatan/2017/12/07/lima-posisi-ideal-agar-hubungan-suami-istri-makin-panas-tahan-lama-dan-tak-mudah-lelah,No,Adult: Sexual content,Restricted ad serving,ca-pub-7784034061253020,11,2024-12-15,2024-12-16
www.tribunnews.com,Page,N/A,N/A,www.tribunnews.com/internasional/2016/02/12/pusat-produksi-ratusan-ribu-video-porno-jepang-ditangkap-polisi,No,Google-served ads obscuring content,Restricted ad serving,ca-pub-7784034061253020,11,2024-12-11,2024-12-16
www.tribunnews.com,Page,N/A,N/A,www.tribunnews.com/internasional/2015/01/09/jangan-ditiru-orang-jepang-disarankan-bercinta-dulu-baru-menikah,No,Adult: Sexual content,Restricted ad serving,ca-pub-7784034061253020,11,2024-12-15,2024-12-15
www.tribunnews.com,Page,N/A,N/A,www.tribunnews.com/internasional/2012/08/30/pasangan-homo-dibuat-malu-di-dalam-bandara,No,Adult: Sexual content,Restricted ad serving,ca-pub-7784034061253020,11,2024-12-12,2024-12-16
wartakota.tribunnews.com,Page,N/A,N/A,wartakota.tribunnews.com/2024/05/05/kondom-bekas-pelacur-berserakan-di-rth-tubagus-angke-ida-mahmuda-pemprov-jangan-kalah-sama-preman,No,Adult: Sexual content,Restricted ad serving,ca-pub-7784034061253020,11,2024-12-16,2024-12-16
wartakota.tribunnews.com,Page,N/A,N/A,wartakota.tribunnews.com/2019/11/08/guru-honorer-smk-paksa-muridnya-ikutan-threesome-bersama-pacar-selingkuhan-diimingi-beli-kebaya,No,Shocking content,Restricted ad serving,ca-pub-7784034061253020,11,2024-12-12,2024-12-15
wartakota.tribunnews.com,Page,N/A,N/A,wartakota.tribunnews.com/2019/03/15/video-pelaku-memberondong-jamaah-masjid-sambil-live-video,Yes,Google-served ads on screens without publisher-content,Restricted ad serving,ca-pub-7784034061253020,11,2024-12-16,2024-12-16
wartakota.tribunnews.com,Page,N/A,N/A,wartakota.tribunnews.com/2016/10/14/cara-mengetahui-karakter-wanita-dari-melihat-ukuran-payudaranya,No,Adult: Sexual content,Restricted ad serving,ca-pub-7784034061253020,11,2024-12-15,2024-12-17
wartakota.tribunnews.com,Page,N/A,N/A,wartakota.tribunnews.com/2015/08/28/wanita-cantik-dan-seksi-buang-air-besar-di-celana-lalu-jatuh-ke-lantai,No,Shocking content,Restricted ad serving,ca-pub-7784034061253020,11,2024-12-16,2024-12-16
wartakota.tribunnews.com,Page,N/A,N/A,wartakota.tribunnews.com/2015/01/07/ini-yang-dibayangkan-suami-saat-bercinta-dengan-istri,No,Adult: Sexual content,Restricted ad serving,ca-pub-7784034061253020,11,2024-12-17,2024-12-17
wartakota.tribunnews.com,Page,N/A,N/A,wartakota.tribunnews.com/2014/10/21/alat-ini-bisa-melatih-wanita-orgasme-lebih-baik,No,Adult: Sexual content,Restricted ad serving,ca-pub-7784034061253020,11,2024-12-15,2024-12-15
wartakota.tribunnews.com,Page,N/A,N/A,wartakota.tribunnews.com/2014/06/04/pijatan-ini-membuat-dia-tambah-hot,No,Adult: Sexual content,Restricted ad serving,ca-pub-7784034061253020,11,2024-12-15,2024-12-15
wartakota.tribunnews.com,Page,N/A,N/A,wartakota.tribunnews.com/2014/04/09/sex-selfie-kini-makin-marak,No,Adult: Sexual content,Restricted ad serving,ca-pub-7784034061253020,11,2024-12-17,2024-12-17
suryamalang.tribunnews.com,Page,N/A,N/A,suryamalang.tribunnews.com/2019/10/11/kisah-senji-nakajima-bos-asal-jepang-tinggalkan-anak-dan-istri-untuk-hidup-sama-boneka-pemuas-nafsu,No,Adult: Sexual content;Shocking content,Restricted ad serving,ca-pub-7784034061253020,11,2024-12-15,2024-12-15
suryamalang.tribunnews.com,Page,N/A,N/A,suryamalang.tribunnews.com/2017/09/06/awalnya-pijat-bagian-kepala-lalu-sampailah-ke-bagian-intim-wanita-ini-jurus-apa-yang-dipakai,No,Shocking content,Restricted ad serving,ca-pub-7784034061253020,11,2024-12-16,2024-12-16
surabaya.tribunnews.com,Page,N/A,N/A,surabaya.tribunnews.com/2024/03/20/sosok-tante-yang-siksa-dan-masukkan-ponakan-ke-dalam-karung-gara-gara-hal-sepele-videonya-viral,No,Google-served ads obscuring content,Restricted ad serving,ca-pub-7784034061253020,11,2024-12-15,2024-12-17
sumsel.tribunnews.com,Page,N/A,N/A,sumsel.tribunnews.com/2018/02/12/astaga-gebby-vesta-sebut-psk-di-arab-pakai-jilbab-dan-cadarnetizen-panas-lalu-ancam-hal-ini,No,Adult: Sexual content,Restricted ad serving,ca-pub-7784034061253020,11,2024-12-17,2024-12-17
sumsel.tribunnews.com,Page,N/A,N/A,sumsel.tribunnews.com/2015/08/16/eksklusif-sering-lakukan-seks-bebas-banyak-remaja-buru-pil-kb,No,Shocking content,Restricted ad serving,ca-pub-7784034061253020,11,2024-12-16,2024-12-16
sumsel.tribunnews.com,Page,N/A,N/A,sumsel.tribunnews.com/2015/04/30/pelajar-dan-mahasiswa-di-palembang-suka-spa-vagina,No,Shocking content,Restricted ad serving,ca-pub-7784034061253020,11,2024-12-15,2024-12-15
sumsel.tribunnews.com,Page,N/A,N/A,sumsel.tribunnews.com/2014/09/10/bintang-porno-ini-pernah-buat-rekor-919-kali-berhubungan-seks-dalam-sehari,No,Adult: Sexual content,Restricted ad serving,ca-pub-7784034061253020,11,2024-12-16,2024-12-16
sultra.tribunnews.com,Page,N/A,N/A,sultra.tribunnews.com/2022/05/25/pengakuan-diduga-pemeran-video-viral-57-detik-riffa-atta-kini-muncul-lagi-link-video-baru-122-detik,No,Google-served ads obscuring content,Restricted ad serving,ca-pub-7784034061253020,11,2024-12-16,2024-12-16
style.tribunnews.com,Page,N/A,N/A,style.tribunnews.com/2017/07/26/waspada-5-animasi-jepang-ini-dicap-anime-dewasa-sebab-adegannya-yang-sadis-menjijikkan-erotis,Yes,Site Behavior: Navigation,Restricted ad serving,ca-pub-7784034061253020,11,2024-12-16,2024-12-16
pontianak.tribunnews.com,Page,N/A,N/A,pontianak.tribunnews.com/2019/07/16/mayat-wanita-tanpa-busana-di-sawah-ada-bercak-darah-di-lokasi-temuan,No,Shocking content,Restricted ad serving,ca-pub-7784034061253020,11,2024-12-17,2024-12-17
pontianak.tribunnews.com,Page,N/A,N/A,pontianak.tribunnews.com/2018/03/06/wow-ini-kebiasaan-baru-warga-jepang-saat-berhubungan-seks,No,Adult: Sexual content,Restricted ad serving,ca-pub-7784034061253020,11,2024-12-15,2024-12-15
pekanbaru.tribunnews.com,Page,N/A,N/A,pekanbaru.tribunnews.com/tag/index/all,No,Adult: Sexual content,Restricted ad serving,ca-pub-7784034061253020,11,2024-12-16,2024-12-16
pekanbaru.tribunnews.com,Page,N/A,N/A,pekanbaru.tribunnews.com/2024/11/05/sekuriti-dipukul-benda-tumpul-ini-kronologi-pengeroyokan-di-langgam-pelalawan-satu-orang-tewas?page=all,No,Shocking content,Restricted ad serving,ca-pub-7784034061253020,11,2024-12-16,2024-12-16
pekanbaru.tribunnews.com,Page,N/A,N/A,pekanbaru.tribunnews.com/2020/06/06/pria-36-tahun-doyan-celana-dalam-cewek-warna-pink-dicuri-ngakunya-untuk-pesugihan-dan-awet-muda,No,Shocking content,Restricted ad serving,ca-pub-7784034061253020,11,2024-12-15,2024-12-15
palembang.tribunnews.com,Page,N/A,N/A,palembang.tribunnews.com/2018/02/04/suka-merawat-orang-miskin-ini-7-fakta-dokter-cantik-indah-kusuma-no-6-calon-istri-idaman?page=2,Yes,Site Behavior: Navigation,Restricted ad serving,ca-pub-7784034061253020,11,2024-12-15,2024-12-15
palembang.tribunnews.com,Page,N/A,N/A,palembang.tribunnews.com/2017/11/16/terkuak-ini-foto-masa-lalu-5-bintang-porno-terkenal-dunia-tak-disangka-dulu-mereka-wujudnya-begini,Yes,Ads Disguised as Content,Restricted ad serving,ca-pub-7784034061253020,11,2024-12-12,2024-12-17
palembang.tribunnews.com,Page,N/A,N/A,palembang.tribunnews.com/2015/03/16/suntik-penis-dan-vagina-jadi-tren-baru-untuk-kepuasan-seks,No,Adult: Sexual content,Restricted ad serving,ca-pub-7784034061253020,11,2024-12-17,2024-12-17
medan.tribunnews.com,Page,N/A,N/A,medan.tribunnews.com/2021/10/11/cerita-mahasiswi-terang-terangan-open-bo-karena-kuliah-di-2-kampus-mengaku-cukup-2-kali-sehari-aja,Yes,Ads Disguised as Content,Restricted ad serving,ca-pub-7784034061253020,11,2024-12-12,2024-12-16
medan.tribunnews.com,Page,N/A,N/A,medan.tribunnews.com/2020/06/17/kisah-unik-gara-gara-istri-hamil-lagi-pria-ini-tuntut-perusahaan-kondom-berikut-penjelasannya,No,Adult: Sexual content,Restricted ad serving,ca-pub-7784034061253020,11,2024-12-15,2024-12-15
medan.tribunnews.com,Page,N/A,N/A,medan.tribunnews.com/2018/08/12/sri-ulina-ginting-tkw-asal-karo-meninggal-dunia-di-malaysia-media-sosialnya-dipenuhi-kesedihan,Yes,Site Behavior: Navigation,Restricted ad serving,ca-pub-7784034061253020,11,2024-12-11,2024-12-16
medan.tribunnews.com,Page,N/A,N/A,medan.tribunnews.com/2017/10/21/6-cara-ampun-untuk-bisa-menjaga-gelora-hubungan-intim-anda-bersama-pasangan-coba-deh,No,Adult: Sexual content,Restricted ad serving,ca-pub-7784034061253020,11,2024-12-15,2024-12-15
medan.tribunnews.com,Page,N/A,N/A,medan.tribunnews.com/2017/09/21/video-desahan-wanita-cantik-bertelanjang-dada-di-ranjang-bikin-netizen-salah-fokus,Yes,Site Behavior: Navigation,Restricted ad serving,ca-pub-7784034061253020,11,2024-12-14,2024-12-16
manado.tribunnews.com,Page,N/A,N/A,manado.tribunnews.com/2019/04/26/sering-bercumbu-mesra-dengan-pasangan-ini-hukum-mencium-istrisuami-di-tengah-hari-saat-berpuasa,No,Adult: Sexual content,Restricted ad serving,ca-pub-7784034061253020,11,2024-12-15,2024-12-15
manado.tribunnews.com,Page,N/A,N/A,manado.tribunnews.com/2017/11/13/grebek-pasangan-mesum-3-pria-ini-malah-dipolisikan-ternyata-pasangan-tersebut?page=2,Yes,Site Behavior: Navigation,Restricted ad serving,ca-pub-7784034061253020,11,2024-12-16,2024-12-16
makassar.tribunnews.com,Page,N/A,N/A,makassar.tribunnews.com/2019/12/17/bentuk-payudara-wanita-berbeda-beda-tak-usah-minder-bagaimana-ukuran-berat-ideal-menurut-pria,No,Shocking content,Restricted ad serving,ca-pub-7784034061253020,11,2024-12-17,2024-12-17
makassar.tribunnews.com,Page,N/A,N/A,makassar.tribunnews.com/2019/10/18/foto-pamela-safitri-tanpa-busana-video-dada-nyembul-pose-vulgar-nyawer-pelecehan-seksual-konflik?page=2,No,Adult: Sexual content,Restricted ad serving,ca-pub-7784034061253020,11,2024-12-17,2024-12-17
makassar.tribunnews.com,Page,N/A,N/A,makassar.tribunnews.com/2019/10/11/karena-sudah-keseringan-adik-kandung-ajak-duluan-kakak-berhubungan-badan-layaknya-suami-istri?page=4,No,Adult: Sexual content,Restricted ad serving,ca-pub-7784034061253020,11,2024-12-17,2024-12-17
makassar.tribunnews.com,Page,N/A,N/A,makassar.tribunnews.com/2019/10/11/karena-sudah-keseringan-adik-kandung-ajak-duluan-kakak-berhubungan-badan-layaknya-suami-istri?page=2,No,Adult: Sexual content,Restricted ad serving,ca-pub-7784034061253020,11,2024-12-17,2024-12-17
makassar.tribunnews.com,Page,N/A,N/A,makassar.tribunnews.com/2018/01/09/4-kasus-video-mesum-yang-menghebohkan-dunia-maya-sepanjang-2017-oknum-guru-hingga-hanna-annisa?page=4,No,Adult: Sexual content,Restricted ad serving,ca-pub-7784034061253020,11,2024-12-17,2024-12-17
makassar.tribunnews.com,Page,N/A,N/A,makassar.tribunnews.com/2018/01/06/video-viral-tante-vs-bocah-anak-anak-itu-sebenarnya-tolak-hubungan-badan-tapi-diimingi-ini?page=4,No,Adult: Sexual content,Restricted ad serving,ca-pub-7784034061253020,11,2024-12-15,2024-12-15
makassar.tribunnews.com,Page,N/A,N/A,makassar.tribunnews.com/2017/09/08/luna-cewek-bali-ikut-main-film-porno-jepang-lebih-hot-dari-sera-amane-buahnya-lebih-gede,No,Adult: Sexual content,Restricted ad serving,ca-pub-7784034061253020,11,2024-12-15,2024-12-15
makassar.tribunnews.com,Page,N/A,N/A,makassar.tribunnews.com/2015/10/23/ciri-ciri-perempuan-yang-tidak-perawan-versi-dokter?page=2,No,Adult: Sexual content,Restricted ad serving,ca-pub-7784034061253020,11,2024-12-16,2024-12-16
m.tribunnews.com,Page,N/A,N/A,m.tribunnews.com/regional/2019/07/20/saat-digerebek-polisi-7-orang-pelaku-mesum-marah-marah-dalam-keadaan-tanpa-busana?page=2,No,Adult: Sexual content,Restricted ad serving,ca-pub-7784034061253020,11,2024-12-16,2024-12-16
m.tribunnews.com,Page,N/A,N/A,m.tribunnews.com/metropolitan/2017/11/06/polisi-terus-buru-tersangka-hi-pemilik-t1-sauna-dan-spa-tempat-pesta-puluhan-gay,No,Adult: Sexual content,Restricted ad serving,ca-pub-7784034061253020,11,2024-12-16,2024-12-16
m.tribunnews.com,Page,N/A,N/A,m.tribunnews.com/lifestyle/2017/09/04/inilah-7-bentuk-dan-warna-puting-payudara-masing-masing-punya-arti-berbeda?page=3,No,Adult: Sexual content,Restricted ad serving,ca-pub-7784034061253020,11,2024-12-16,2024-12-16
m.tribunnews.com,Page,N/A,N/A,m.tribunnews.com/kesehatan/2017/12/07/lima-posisi-ideal-agar-hubungan-suami-istri-makin-panas-tahan-lama-dan-tak-mudah-lelah?page=all,No,Adult: Sexual content,Restricted ad serving,ca-pub-7784034061253020,11,2024-12-15,2024-12-15
m.tribunnews.com,Page,N/A,N/A,m.tribunnews.com/kesehatan/2017/05/01/enam-kekhawatiran-istri-jika-berhubungan-intim-dengan-alat-kb-iud,No,Adult: Sexual content,Restricted ad serving,ca-pub-7784034061253020,11,2024-12-16,2024-12-16
m.tribunnews.com,Page,N/A,N/A,m.tribunnews.com/kesehatan/2016/04/01/posisi-seks-terbaik-seseorang-menurut-zodiaknya?page=3,No,Adult: Sexual content,Restricted ad serving,ca-pub-7784034061253020,11,2024-12-16,2024-12-16
m.tribunnews.com,Page,N/A,N/A,m.tribunnews.com/kesehatan/2012/06/03/penis-palsu,No,Adult: Sexual content,Restricted ad serving,ca-pub-7784034061253020,11,2024-12-15,2024-12-15
m.tribunnews.com,Page,N/A,N/A,m.tribunnews.com/internasional/2015/11/30/kejuaraan-payudara-terindah-tiongkok-2015-dimenangkan-gadis-desa?page=2,No,Adult: Sexual content,Restricted ad serving,ca-pub-7784034061253020,11,2024-12-16,2024-12-16
m.tribunnews.com,Page,N/A,N/A,m.tribunnews.com/amp/lifestyle/2010/04/24/gairah-seks-wanita-menurut-primbon-jawa,No,Adult: Sexual content,Restricted ad serving,ca-pub-7784034061253020,11,2024-12-12,2024-12-17
m.tribunnews.com,Page,N/A,N/A,m.tribunnews.com/amp/internasional/2019/05/22/kakek-sugiono-pemain-film-bokep-sangat-terkenal-jepang-kirim-salam-buat-pecinta-indonesia,No,Adult: Sexual content,Restricted ad serving,ca-pub-7784034061253020,11,2024-12-13,2024-12-17
lampung.tribunnews.com,Page,N/A,N/A,lampung.tribunnews.com/2018/01/24/10-kota-di-dunia-yang-menawarkan-surga-dunia-no-2-dekat-dengan-arab-saudi?page=2,No,Adult: Sexual content,Restricted ad serving,ca-pub-7784034061253020,11,2024-12-17,2024-12-17
lampung.tribunnews.com,Page,N/A,N/A,lampung.tribunnews.com/2015/01/01/putri-orang-terkenal-di-jepang-jadi-artis-film-porno,No,Adult: Sexual content,Restricted ad serving,ca-pub-7784034061253020,11,2024-12-15,2024-12-17
kupang.tribunnews.com,Page,N/A,N/A,kupang.tribunnews.com/2019/08/16/gila-bintang-film-dewasa-ini-buka-universitas-porno-berikut-syarat-dan-alur-pendaftarannya?page=4,No,Adult: Sexual content,Restricted ad serving,ca-pub-7784034061253020,11,2024-12-15,2024-12-15
kupang.tribunnews.com,Page,N/A,N/A,kupang.tribunnews.com/2018/09/21/bedanya-kenikmatan-seksual-dengan-pria-bersunat-dan-tidak-ini-manfaat-khitan-yang-perlu-kamu-tahu,No,Adult: Sexual content,Restricted ad serving,ca-pub-7784034061253020,11,2024-12-16,2024-12-16
kupang.tribunnews.com,Page,N/A,N/A,kupang.tribunnews.com/2017/04/15/heboh-buka-baju-sampai-bersenggama-video-gadis-18-tahun-di-bali-kencan-dengan-pria-bule,No,Adult: Sexual content,Restricted ad serving,ca-pub-7784034061253020,11,2024-12-15,2024-12-15
kupang.tribunnews.com,Page,N/A,N/A,kupang.tribunnews.com/2015/07/03/ini-rahasia-bikin-wanita-bisa-klimaks-15-menit,No,Adult: Sexual content,Restricted ad serving,ca-pub-7784034061253020,11,2024-12-15,2024-12-15
kupang.tribunnews.com,Page,N/A,N/A,kupang.tribunnews.com/2013/11/06/mencoba-gaya-baru-di-ranjang-itu-tidak-asal-jebrat-jebret,No,Adult: Sexual content,Restricted ad serving,ca-pub-7784034061253020,11,2024-12-16,2024-12-16
kaltim.tribunnews.com,Page,N/A,N/A,kaltim.tribunnews.com/2020/01/16/kisahdriver-ojek-online-diajak-hubungan-badan-oleh-pelanggan-wanita-kaget-saat-pintu-kamar-dibuka,No,Adult: Sexual content,Restricted ad serving,ca-pub-7784034061253020,11,2024-12-16,2024-12-16
kalteng.tribunnews.com,Page,N/A,N/A,kalteng.tribunnews.com/2017/01/22/pria-pemilik-kelamin-terpanjang-dan-terbesar-di-dunia-mengaku-tersiksa,No,Adult: Sexual content,Restricted ad serving,ca-pub-7784034061253020,11,2024-12-15,2024-12-15
jogja.tribunnews.com,Page,N/A,N/A,jogja.tribunnews.com/2021/03/17/penyebab-dan-cara-mengatasi-mr-p-bengkok-normalkah-kondisi-ini,No,Adult: Sexual content,Restricted ad serving,ca-pub-7784034061253020,11,2024-12-17,2024-12-17
jogja.tribunnews.com,Page,N/A,N/A,jogja.tribunnews.com/2017/09/24/5-cara-mencapai-orgasme-tanpa-penetrasi-nomor-4-dan-5-mungkin-perlu-dicoba,No,Adult: Sexual content,Restricted ad serving,ca-pub-7784034061253020,11,2024-12-15,2024-12-17
jatim.tribunnews.com,Page,N/A,N/A,jatim.tribunnews.com/2017/04/20/mama-muda-tawarkan-short-time-di-bigo-live-tarifnya-bisa-sampai-rp-500-ribu,No,Adult: Sexual content,Restricted ad serving,ca-pub-7784034061253020,11,2024-12-15,2024-12-15
jateng.tribunnews.com,Page,N/A,N/A,jateng.tribunnews.com/2018/02/12/ngakak-petugas-razia-pasangan-mesum-di-kebumen-ada-yang-lagi-pakai-masker-muka-hitam,No,Shocking content,Restricted ad serving,ca-pub-7784034061253020,11,2024-12-17,2024-12-17
jateng.tribunnews.com,Page,N/A,N/A,jateng.tribunnews.com/2017/07/25/miris-beredar-video-bocah-smp-pelukan-di-jembatan-penyebarangan-netizen-heboh,No,Adult: Sexual content,Restricted ad serving,ca-pub-7784034061253020,11,2024-12-14,2024-12-16
jateng.tribunnews.com,Page,N/A,N/A,jateng.tribunnews.com/2016/10/13/ketika-bh-warna-ungu-dan-celana-dalam-motif-bunga-jadi-bukti,No,Adult: Sexual content,Restricted ad serving,ca-pub-7784034061253020,11,2024-12-17,2024-12-17
jambi.tribunnews.com,Page,N/A,N/A,jambi.tribunnews.com/2020/02/02/dulu-jadi-bintang-film-panas-era-90-an-nasib-5-artis-ini-sekarang-berubah-ada-yang-jual-lontong,Yes,Ads Disguised as Content,Restricted ad serving,ca-pub-7784034061253020,11,2024-12-14,2024-12-16
jambi.tribunnews.com,Page,N/A,N/A,jambi.tribunnews.com/2019/10/23/detik-detik-skandal-video-mahasiswi-cantik-peluk-dosen-pakai-kaca-mata-di-kamar-pakai-bahasa-sunda?page=all,No,Shocking content,Restricted ad serving,ca-pub-7784034061253020,11,2024-12-15,2024-12-15
jambi.tribunnews.com,Page,N/A,N/A,jambi.tribunnews.com/2019/10/23/detik-detik-skandal-video-mahasiswi-cantik-peluk-dosen-pakai-kaca-mata-di-kamar-pakai-bahasa-sunda,No,Adult: Sexual content,Restricted ad serving,ca-pub-7784034061253020,11,2024-12-11,2024-12-15
jambi.tribunnews.com,Page,N/A,N/A,jambi.tribunnews.com/2019/10/17/usai-minum-obat-kuat-pakai-tisu-magic-pria-ini-bunuh-pasangan-kencan-gara-gara-tak-kuat-melayani,No,Adult: Sexual content,Restricted ad serving,ca-pub-7784034061253020,11,2024-12-16,2024-12-16
jambi.tribunnews.com,Page,N/A,N/A,jambi.tribunnews.com/2019/08/03/drama-manis-perekrutan-gadis-bawah-umur-untuk-pijat-plus-plus-pelanggan-kalangan-menengah-atas,No,Adult: Sexual content,Restricted ad serving,ca-pub-7784034061253020,11,2024-12-17,2024-12-17
jambi.tribunnews.com,Page,N/A,N/A,jambi.tribunnews.com/2018/07/16/ternyata-begini-loh-tandanya-pria-yang-tidak-perjaka-lagi-sebelum-menikah-benarkah?page=2,No,Adult: Sexual content,Restricted ad serving,ca-pub-7784034061253020,11,2024-12-15,2024-12-15
jambi.tribunnews.com,Page,N/A,N/A,jambi.tribunnews.com/2018/04/17/2006-meninggal-digantung-kini-geger-beredar-video-jasadnya-saddam-hussein-masih-utuh,No,Shocking content,Restricted ad serving,ca-pub-7784034061253020,11,2024-12-17,2024-12-17
jambi.tribunnews.com,Page,N/A,N/A,jambi.tribunnews.com/2018/03/01/kohey-nishi-bintang-panas-paling-kecil-di-dunia-cewek-antre-kencan-saat-tahu-kemampuannya?page=3,No,Adult: Sexual content,Restricted ad serving,ca-pub-7784034061253020,11,2024-12-16,2024-12-16
jambi.tribunnews.com,Page,N/A,N/A,jambi.tribunnews.com/2017/12/02/sentuh-area-sensitif-teknik-tukang-pijat-tradisional-ini-malah-tenar-dan-disukai-wanita-cantik?page=3,Yes,Adult: Sexual content;Site Behavior: Navigation,Restricted ad serving,ca-pub-7784034061253020,11,2024-12-16,2024-12-16
jambi.tribunnews.com,Page,N/A,N/A,jambi.tribunnews.com/2017/08/29/beginilah-gambar-4d-orang-saat-berhubungan-seks-ilmuwan-menemukan-rekaman-video-yang-menarik?page=3,No,Adult: Sexual content,Restricted ad serving,ca-pub-7784034061253020,11,2024-12-16,2024-12-16
jambi.tribunnews.com,Page,N/A,N/A,jambi.tribunnews.com/2017/08/27/pria-ini-kaget-melihat-foto-hot-istrinya-mejeng-di-situs-dewasa,No,Adult: Sexual content,Restricted ad serving,ca-pub-7784034061253020,11,2024-12-15,2024-12-15
jambi.tribunnews.com,Page,N/A,N/A,jambi.tribunnews.com/2017/08/14/pengungsi-pria-jatuh-ke-tangan-tante-girang-ini-kisah-hassan-4-kali-sehari-harus-melayani,No,Adult: Sexual content,Restricted ad serving,ca-pub-7784034061253020,11,2024-12-11,2024-12-16
jambi.tribunnews.com,Page,N/A,N/A,jambi.tribunnews.com/2017/05/04/amankah-penggunaan-tisu-penguat-seksual-ini-penjelasan-dinkes,No,Adult: Sexual content,Restricted ad serving,ca-pub-7784034061253020,11,2024-12-15,2024-12-15
jakarta.tribunnews.com,Page,N/A,N/A,jakarta.tribunnews.com/2018/11/08/fenomena-kopi-pangku-di-gunung-putri-bogor-tawarkan-kehangatan-bagi-sopir,No,Adult: Sexual content,Restricted ad serving,ca-pub-7784034061253020,11,2024-12-15,2024-12-15
jabar.tribunnews.com,Page,N/A,N/A,jabar.tribunnews.com/2022/01/10/pengobatan-alat-vital-bandar-lampung-langsung-hasil-di-tempat-bersama-m-asep-judin-dari-banten,Yes,Ads Disguised as Content,Restricted ad serving,ca-pub-7784034061253020,11,2024-12-13,2024-12-15
jabar.tribunnews.com,Page,N/A,N/A,jabar.tribunnews.com/2015/12/10/astaga-berhubungan-intim-dengan-pasien-wanita-lain-dokter-ini-abaikan-ibu-yang-hendak-melahirkan,No,Adult: Sexual content,Restricted ad serving,ca-pub-7784034061253020,11,2024-12-15,2024-12-15
cirebon.tribunnews.com,Page,N/A,N/A,cirebon.tribunnews.com/2019/10/14/3-pria-setubuhi-4-wanita-semalaman-ajak-main-ludo-dan-tenggak-miras-yang-dicampur-obat-perangsang,No,Adult: Sexual content,Restricted ad serving,ca-pub-7784034061253020,11,2024-12-17,2024-12-17
belitung.tribunnews.com,Page,N/A,N/A,belitung.tribunnews.com/2018/01/31/diajari-bercinta-tante-girang-dan-hilang-perjaka-saat-usia-11-tahun-kini-gadis-sma-jadi-korban?page=3,No,Adult: Sexual content,Restricted ad serving,ca-pub-7784034061253020,11,2024-12-15,2024-12-15
belitung.tribunnews.com,Page,N/A,N/A,belitung.tribunnews.com/2018/01/10/ariel-tatum-posting-gambar-seksi-dan-tulis-ini-tak-disangka,No,Adult: Sexual content,Restricted ad serving,ca-pub-7784034061253020,11,2024-12-16,2024-12-16
belitung.tribunnews.com,Page,N/A,N/A,belitung.tribunnews.com/2017/11/09/kenakan-rok-pendak-dan-baju-ketat-tiga-janda-cantik-ini-terima-tantangan-goyang-turun-naik,No,Adult: Sexual content,Restricted ad serving,ca-pub-7784034061253020,11,2024-12-17,2024-12-17
belitung.tribunnews.com,Page,N/A,N/A,belitung.tribunnews.com/2017/11/07/jika-ingin-begituan-deretan-artis-ini-pakai-alat-ada-juga-yang-lakukan-ini?page=3,Yes,Adult: Sexual content;Site Behavior: Navigation,Restricted ad serving,ca-pub-7784034061253020,11,2024-12-16,2024-12-16
belitung.tribunnews.com,Page,N/A,N/A,belitung.tribunnews.com/2017/10/25/inilah-11-hal-yang-terjadi-di-balik-layar-film-dewasa?page=2,No,Adult: Sexual content,Restricted ad serving,ca-pub-7784034061253020,11,2024-12-15,2024-12-15
belitung.tribunnews.com,Page,N/A,N/A,belitung.tribunnews.com/2017/09/01/bikin-ngelus-dada-tradisi-ini-harus-merelakan-istrinya-tidur-dengan-pria-lain-termasuk-saudara,No,Google-served ads obscuring content,Restricted ad serving,ca-pub-7784034061253020,11,2024-12-13,2024-12-15
belitung.tribunnews.com,Page,N/A,N/A,belitung.tribunnews.com/2017/04/17/lihat-3-cewek-ini-goyang-naik-turun-netizen-malah-fokus-ke-tengah-dan-yang-hitam,No,Google-served ads obscuring content,Restricted ad serving,ca-pub-7784034061253020,11,2024-12-15,2024-12-15
batam.tribunnews.com,Page,N/A,N/A,batam.tribunnews.com/2019/11/15/sering-diintip-ketika-mandi-di-sungai-gadis-16-tahun-dipaksa-berhubungan-intim-di-ruang-tamu,Yes,Adult: Sexual content;Modified ad code: Resizing Ad Frames,Restricted ad serving,ca-pub-7784034061253020,11,2024-12-15,2024-12-15
batam.tribunnews.com,Page,N/A,N/A,batam.tribunnews.com/2015/05/22/bayar-rp-200-ribu-nikmati-paket-di-melati-fitness-centre-salon-dan-spa,No,Shocking content,Restricted ad serving,ca-pub-7784034061253020,11,2024-12-15,2024-12-15
batam.tribunnews.com,Page,N/A,N/A,batam.tribunnews.com/2011/10/11/mau-buka-salon-cek-disini-dulu,No,Adult: Sexual content;Shocking content,Restricted ad serving,ca-pub-7784034061253020,11,2024-12-14,2024-12-15
banjarmasin.tribunnews.com,Page,N/A,N/A,banjarmasin.tribunnews.com/2017/10/08/waduh-turis-seks-david-bond-terdeteksi-berada-ke-indonesia-informasinya-langsung-viral,No,Google-served ads obscuring content,Restricted ad serving,ca-pub-7784034061253020,11,2024-12-12,2024-12-15
banjarmasin.tribunnews.com,Page,N/A,N/A,banjarmasin.tribunnews.com/2017/09/30/g30s-pki-ngeri-hasil-otopsi-7-perwira-tinggi-militer-yang-dibunuh-luka-tembak-di-seluruh-tubuh,No,Shocking content,Restricted ad serving,ca-pub-7784034061253020,11,2024-12-16,2024-12-16
banjarmasin.tribunnews.com,Page,N/A,N/A,banjarmasin.tribunnews.com/2016/04/02/cara-ini-bisa-dipakai-agar-pasangan-lebih-panas-saat-bercinta,No,Adult: Sexual content,Restricted ad serving,ca-pub-7784034061253020,11,2024-12-16,2024-12-16
bangka.tribunnews.com,Page,N/A,N/A,bangka.tribunnews.com/2022/01/27/inilah-cara-berhubungan-biologis-yang-baik-agar-suami-istri-makin-harmonis-kata-dr-aisah-dahlan,No,Google-served ads obscuring content,Restricted ad serving,ca-pub-7784034061253020,11,2024-12-16,2024-12-16
bangka.tribunnews.com,Page,N/A,N/A,bangka.tribunnews.com/2021/01/27/tarif-psk-puncak-bogor-bikin-geleng-kepala-ada-dari-maroko-timur-tengah-hingga-paket-kawin-kontrak,No,Google-served ads obscuring content,Restricted ad serving,ca-pub-7784034061253020,11,2024-12-12,2024-12-16
bangka.tribunnews.com,Page,N/A,N/A,bangka.tribunnews.com/2017/12/13/pria-ini-pilih-berpacaran-dengan-bintang-film-porno-amerika-reaksi-sang-ibu-sungguh-mengejutkan,Yes,Site Behavior: Navigation,Restricted ad serving,ca-pub-7784034061253020,11,2024-12-12,2024-12-15
bangka.tribunnews.com,Page,N/A,N/A,bangka.tribunnews.com/2017/10/04/cewek-karaoke-asyik-goyang-tiba-tiba-dooor-darah-mengucur-dari-bagian-ininya,No,Shocking content,Restricted ad serving,ca-pub-7784034061253020,11,2024-12-17,2024-12-17
bangka.tribunnews.com,Page,N/A,N/A,bangka.tribunnews.com/2017/09/16/pilih-pensiun-dari-jav-beginilah-nasib-7-bintang-film-panas-jepang-sekarang?page=2,No,Adult: Sexual content,Restricted ad serving,ca-pub-7784034061253020,11,2024-12-15,2024-12-15
bangka.tribunnews.com,Page,N/A,N/A,bangka.tribunnews.com/2017/09/15/tanda-seorang-pria-belum-pernah-berhubungan-badan-alias-perjaka?page=3,No,Adult: Sexual content,Restricted ad serving,ca-pub-7784034061253020,11,2024-12-15,2024-12-15
bangka.tribunnews.com,Page,N/A,N/A,bangka.tribunnews.com/2017/09/10/minum-obat-kuat-wanita-ini-kejang-kejang-lalu-tewas-saat-ngesek-dengan-pil-di-homestay,No,Adult: Sexual content,Restricted ad serving,ca-pub-7784034061253020,11,2024-12-15,2024-12-15
bangka.tribunnews.com,Page,N/A,N/A,bangka.tribunnews.com/2017/07/01/hewan-unik-mirip-kelamin-pria-bisa-memanjang-dan-mengeras-bila-ada-ancaman,No,Adult: Sexual content,Restricted ad serving,ca-pub-7784034061253020,11,2024-12-16,2024-12-16
bangka.tribunnews.com,Page,N/A,N/A,bangka.tribunnews.com/2017/05/22/mengapa-pria-bisa-menyukai-sesama-jenis,No,Adult: Sexual content,Restricted ad serving,ca-pub-7784034061253020,11,2024-12-15,2024-12-15
bangka.tribunnews.com,Page,N/A,N/A,bangka.tribunnews.com/2017/04/20/predator-seks-ini-terangsang-saat-melihat-ibu-hamil-aksinya-halalkan-segala-cara,No,Adult: Sexual content,Restricted ad serving,ca-pub-7784034061253020,11,2024-12-15,2024-12-15
bangka.tribunnews.com,Page,N/A,N/A,bangka.tribunnews.com/2017/04/20/mama-muda-tawarkan-short-time-di-bigo-live,No,Adult: Sexual content,Restricted ad serving,ca-pub-7784034061253020,11,2024-12-15,2024-12-15
bangka.tribunnews.com,Page,N/A,N/A,bangka.tribunnews.com/2017/04/17/wooow-asli-seksi-banget-sampai-nyembul-itunya-cewek-nyuci-motor-di-auto-contest,No,Adult: Sexual content,Restricted ad serving,ca-pub-7784034061253020,11,2024-12-16,2024-12-16
bangka.tribunnews.com,Page,N/A,N/A,bangka.tribunnews.com/2017/02/17/artis-seksi-ini-umbar-foto-hot-di-bandara-netizen-semoga-cepat-tobat,No,Shocking content,Restricted ad serving,ca-pub-7784034061253020,11,2024-12-13,2024-12-17
bangka.tribunnews.com,Page,N/A,N/A,bangka.tribunnews.com/2016/09/05/nggak-mau-payudaranya-disebut-kayak-wewe-gombel-nikita-mirzani-pergi-operasi,Yes,Encouraging accidental clicks: Layout,Restricted ad serving,ca-pub-7784034061253020,11,2024-12-15,2024-12-15
bangka.tribunnews.com,Page,N/A,N/A,bangka.tribunnews.com/2016/08/22/anak-sma-diam-diam-pakai-bigo-live-nonton-tante-tante-seksi?page=3,No,Adult: Sexual content,Restricted ad serving,ca-pub-7784034061253020,11,2024-12-17,2024-12-17
bangka.tribunnews.com,Page,N/A,N/A,bangka.tribunnews.com/2016/07/15/video-bos-kasir-mesum-dibelakang-meja-bersama-kasir-cantik-dijual-netizen,No,Adult: Sexual content,Restricted ad serving,ca-pub-7784034061253020,11,2024-12-17,2024-12-17
bangka.tribunnews.com,Page,N/A,N/A,bangka.tribunnews.com/2011/09/23/ratusan-gigolo-sugito-tersebar-di-surabaya,No,Adult: Sexual content,Restricted ad serving,ca-pub-7784034061253020,11,2024-12-11,2024-12-15
bali.tribunnews.com,Page,N/A,N/A,bali.tribunnews.com/2020/01/06/ada-muda-mudi-di-sampang-siang-bolong-mesum-di-lapangan-yang-videonya-viral,No,Adult: Sexual content,Restricted ad serving,ca-pub-7784034061253020,11,2024-12-17,2024-12-17
bali.tribunnews.com,Page,N/A,N/A,bali.tribunnews.com/2018/02/09/jangan-kaget-hal-ini-bisa-menyebabkan-aset-pria-mengerut-sampai-7-cm?page=2,No,Adult: Sexual content,Restricted ad serving,ca-pub-7784034061253020,11,2024-12-15,2024-12-15
bali.tribunnews.com,Page,N/A,N/A,bali.tribunnews.com/2017/02/06/heboh-pria-pakai-celana-dalam-di-kepala-dan-tubuh-tanpa-busana-mondar-mandirdi-jalan-nangka,No,Adult: Sexual content,Restricted ad serving,ca-pub-7784034061253020,11,2024-12-17,2024-12-17
bali.tribunnews.com,Page,N/A,N/A,bali.tribunnews.com/2016/08/29/pernah-lihat-batu-di-pinggir-pantai-seperti-di-gambar-ambillah-dan-siap-siap-jadi-kaya,No,Shocking content,Restricted ad serving,ca-pub-7784034061253020,11,2024-12-16,2024-12-16
bali.tribunnews.com,Page,N/A,N/A,bali.tribunnews.com/2016/01/22/waduh-siswa-pergoki-guru-senggama-di-ruang-laboratorium,No,Adult: Sexual content,Restricted ad serving,ca-pub-7784034061253020,11,2024-12-15,2024-12-15
aceh.tribunnews.com,Page,N/A,N/A,aceh.tribunnews.com/2022/11/15/sosok-mahasiswi-tersangka-baru-di-video-syur-kebaya-merah-ikut-bikin-video-threesome-3-lawan-1?page=2,Yes,Ads Disguised as Content,Restricted ad serving,ca-pub-7784034061253020,11,2024-12-15,2024-12-15
www.tribunnews.com,Page,N/A,N/A,www.tribunnews.com/techno/2019/11/11/terbiasa-nonton-video-porno-jadi-motif-mahasiswa-ini-pasang-kamera-di-toilet-kampus,No,Google-served ads obscuring content,Restricted ad serving,ca-pub-7784034061253020,10,2024-12-14,2024-12-16
www.tribunnews.com,Page,N/A,N/A,www.tribunnews.com/regional/2020/07/01/kafe-karaoke-di-blitar-layani-plus-plus-pria-hidung-belang-rp-800-ribu-12-purel-diciduk-polisi,No,Shocking content,Restricted ad serving,ca-pub-7784034061253020,10,2024-12-14,2024-12-17
www.tribunnews.com,Page,N/A,N/A,www.tribunnews.com/regional/2019/12/19/tiga-pasangan-digerebak-saat-berada-di-room-karaoke-dalam-kondisi-tanpa-busana,No,Shocking content,Restricted ad serving,ca-pub-7784034061253020,10,2024-12-14,2024-12-16
www.tribunnews.com,Page,N/A,N/A,www.tribunnews.com/regional/2017/11/20/fenomena-prostitusi-pelajar-di-jogja-begitu-mudahnya-mencari-teman-kencan-di,No,Adult: Sexual content,Restricted ad serving,ca-pub-7784034061253020,10,2024-12-13,2024-12-17
www.tribunnews.com,Page,N/A,N/A,www.tribunnews.com/nasional/2011/10/05/obat-perangsang-dan-disfungsi-ereksi-yang-disita-bpom,No,Adult: Sexual content,Restricted ad serving,ca-pub-7784034061253020,10,2024-12-13,2024-12-16
www.tribunnews.com,Page,N/A,N/A,www.tribunnews.com/lifestyle/2016/08/15/7-benda-yang-ada-di-rumah-ini-bisa-bangkitkan-gairah-bercinta,No,Adult: Sexual content,Restricted ad serving,ca-pub-7784034061253020,10,2024-12-11,2024-12-16
www.tribunnews.com,Page,N/A,N/A,www.tribunnews.com/kesehatan/2017/11/27/ini-5-cara-membedakan-payudara-asli-atau-palsu,No,Adult: Sexual content,Restricted ad serving,ca-pub-7784034061253020,10,2024-12-14,2024-12-15
www.tribunnews.com,Page,N/A,N/A,www.tribunnews.com/kesehatan/2016/01/10/memasukkan-buah-dan-sayuran-dalam-organ-vital-ide-konyol-yang-bikin-vagina-sedih,No,Adult: Sexual content,Restricted ad serving,ca-pub-7784034061253020,10,2024-12-14,2024-12-15
www.tribunnews.com,Page,N/A,N/A,www.tribunnews.com/iptek/2013/04/19/aplikasi-yang-memungkinkan-berhubungan-seks-via-internet,No,Adult: Sexual content,Restricted ad serving,ca-pub-7784034061253020,10,2024-12-15,2024-12-17
www.tribunnews.com,Page,N/A,N/A,www.tribunnews.com/internasional/2017/09/29/ingin-jadi-orang-kuat-pria-ini-bersetubuh-dengan-keledai,No,Adult: Sexual content,Restricted ad serving,ca-pub-7784034061253020,10,2024-12-13,2024-12-16
www.tribunnews.com,Page,N/A,N/A,www.tribunnews.com/internasional/2017/07/07/menyusui-anak-sambil-berhubungan-intim-wanita-ini-dihujani-kritikan,No,Adult: Sexual content,Restricted ad serving,ca-pub-7784034061253020,10,2024-12-13,2024-12-16
www.tribunnews.com,Page,N/A,N/A,www.tribunnews.com/internasional/2017/07/01/bikin-panas-internet-inilah-balada-foto-foto-seksi-tentara-wanita-israel,Yes,Site Behavior: Navigation,Restricted ad serving,ca-pub-7784034061253020,10,2024-12-16,2024-12-16
www.tribunnews.com,Page,N/A,N/A,www.tribunnews.com/internasional/2015/06/12/boneka-seks-tercanggih-dunia-seharga-rp-780-juta-apa-kelebihannya,No,Adult: Sexual content,Restricted ad serving,ca-pub-7784034061253020,10,2024-12-17,2024-12-17
wow.tribunnews.com,Page,N/A,N/A,wow.tribunnews.com/2017/10/13/gara-gara-overdosis-obat-kuat-pria-ini-tewas-mengenaskan-usai-bercinta-tapi-itu-nya,No,Adult: Sexual content;Shocking content,Restricted ad serving,ca-pub-7784034061253020,10,2024-12-15,2024-12-15
wow.tribunnews.com,Page,N/A,N/A,wow.tribunnews.com/2017/10/07/7-kebohongan-tentang-bercinta-di-film-dewasa-nomor-4-bikin-jijik?page=2,No,Adult: Sexual content,Restricted ad serving,ca-pub-7784034061253020,10,2024-12-17,2024-12-17
wartakota.tribunnews.com,Page,N/A,N/A,wartakota.tribunnews.com/2021/11/01/terapi-dan-pengobatan-alat-vital-hj-mak-iyot-kini-hadir-di-jakarta,No,Adult: Sexual content,Restricted ad serving,ca-pub-7784034061253020,10,2024-12-15,2024-12-15
video.tribunnews.com,Page,N/A,N/A,video.tribunnews.com/view/693051/terjemahan-lirik-lagu-act-right-ann-marie-come-slide-on-me-right-now-boy-i-know-how-to-handle-you,No,Adult: Sexual content,Restricted ad serving,ca-pub-7784034061253020,10,2024-12-15,2024-12-15
video.tribunnews.com,Page,N/A,N/A,video.tribunnews.com/view/38520/pakai-kamera-tersembunyi-begini-proses-tawar-menawar-tarif-dengan-sejumlah-psk-di-jakarta,Yes,Site Behavior: Navigation,Restricted ad serving,ca-pub-7784034061253020,10,2024-12-12,2024-12-16
ternate.tribunnews.com,Page,N/A,N/A,ternate.tribunnews.com/2020/07/24/sepanjang-lockdown-boneka-seks-dan-pabrik-mainan-di-china-laris-manis,No,Adult: Sexual content,Restricted ad serving,ca-pub-7784034061253020,10,2024-12-14,2024-12-17
surabaya.tribunnews.com,Page,N/A,N/A,surabaya.tribunnews.com/2013/02/06/permen-cinta-diimpor-dari-jerman,No,Adult: Sexual content,Restricted ad serving,ca-pub-7784034061253020,10,2024-12-16,2024-12-16
surabaya.tribunnews.com,Page,N/A,N/A,surabaya.tribunnews.com/2010/06/09/heboh-lagi-video-seks-ariel-cut-tari,No,Adult: Sexual content,Restricted ad serving,ca-pub-7784034061253020,10,2024-12-16,2024-12-17
sumsel.tribunnews.com,Page,N/A,N/A,sumsel.tribunnews.com/2022/01/30/3-link-nonton-attack-on-titan-season-4-part-2-episode-4-20-sub-indo-streaming-gratis-di-sini,Yes,Modified ad code: Resizing Ad Frames,Restricted ad serving,ca-pub-7784034061253020,10,2024-12-16,2024-12-16
sumsel.tribunnews.com,Page,N/A,N/A,sumsel.tribunnews.com/2021/08/28/10-daftar-film-sejenis-confessions-of-a-shopaholic-rekomendasi-tontonan-hari-libur-sekali-habis,Yes,Ads Disguised as Content,Restricted ad serving,ca-pub-7784034061253020,10,2024-12-13,2024-12-15
sumsel.tribunnews.com,Page,N/A,N/A,sumsel.tribunnews.com/2018/01/12/video-mesum-anak-vs-tante-ternyata-dibuat-di-bulan-puasa-ini-obrolan-mengejutkan-tante-tante?page=2,No,Google-served ads obscuring content,Restricted ad serving,ca-pub-7784034061253020,10,2024-12-15,2024-12-15
sumsel.tribunnews.com,Page,N/A,N/A,sumsel.tribunnews.com/2017/12/07/wanita-ini-pakai-cd-vibrator-ke-supermarket-lihat-reaksinya-saat-kekasihnya-pencet-remote,No,Adult: Sexual content,Restricted ad serving,ca-pub-7784034061253020,10,2024-12-16,2024-12-16
sumsel.tribunnews.com,Page,N/A,N/A,sumsel.tribunnews.com/2015/02/21/mau-bisa-berhubungan-seks-terus-sampai-lanjut-usia-ini-dia-obatnya,No,Adult: Sexual content,Restricted ad serving,ca-pub-7784034061253020,10,2024-12-15,2024-12-15
style.tribunnews.com,Page,N/A,N/A,style.tribunnews.com/2017/08/02/6-ciri-wanita-sudah-tak-perawan-mulai-hidung-mata-payudara-hingga-bentuk-punggung?page=3,No,Adult: Sexual content,Restricted ad serving,ca-pub-7784034061253020,10,2024-12-15,2024-12-15
style.tribunnews.com,Page,N/A,N/A,style.tribunnews.com/2017/03/09/beredar-foto-wanita-hanya-pakai-celana-dalam-peragakan-gerakan-salat,No,Adult: Sexual content,Restricted ad serving,ca-pub-7784034061253020,10,2024-12-15,2024-12-15
style.tribunnews.com,Page,N/A,N/A,style.tribunnews.com/2016/12/07/trend-tawawa-challenge-tantangan-taruh-handphone-di-dada-siapa-berani,No,Adult: Sexual content,Restricted ad serving,ca-pub-7784034061253020,10,2024-12-15,2024-12-15
solo.tribunnews.com,Page,N/A,N/A,solo.tribunnews.com/2019/10/04/beredar-video-di-instagram-adegan-panas-beby-fey-dengan-seorang-pria-siapakah-sosoknya,No,Adult: Sexual content,Restricted ad serving,ca-pub-7784034061253020,10,2024-12-14,2024-12-16
solo.tribunnews.com,Page,N/A,N/A,solo.tribunnews.com/2016/11/05/deretan-foto-penampilan-super-seksi-dewi-perssik-di-panggung-ini-bikin-para-cowok-gemetar,No,Adult: Sexual content,Restricted ad serving,ca-pub-7784034061253020,10,2024-12-17,2024-12-17
pontianak.tribunnews.com,Page,N/A,N/A,pontianak.tribunnews.com/2018/01/28/4-artis-seksi-ini-blak-blakan-cara-puaskan-diri-di-ranjang-ada-yang-koleksi-banyak-boneka-seks?page=3,No,Adult: Sexual content,Restricted ad serving,ca-pub-7784034061253020,10,2024-12-17,2024-12-17
pontianak.tribunnews.com,Page,N/A,N/A,pontianak.tribunnews.com/2018/01/27/ciri-ciri-wanita-bernafsu-tinggi-beberapa-ada-yang-sering-kamu-jumpai?page=4,No,Shocking content,Restricted ad serving,ca-pub-7784034061253020,10,2024-12-16,2024-12-16
pontianak.tribunnews.com,Page,N/A,N/A,pontianak.tribunnews.com/2018/01/27/ciri-ciri-wanita-bernafsu-tinggi-beberapa-ada-yang-sering-kamu-jumpai?page=3,No,Adult: Sexual content,Restricted ad serving,ca-pub-7784034061253020,10,2024-12-16,2024-12-16
pontianak.tribunnews.com,Page,N/A,N/A,pontianak.tribunnews.com/2018/01/27/ciri-ciri-wanita-bernafsu-tinggi-beberapa-ada-yang-sering-kamu-jumpai?page=2,No,Adult: Sexual content,Restricted ad serving,ca-pub-7784034061253020,10,2024-12-16,2024-12-16
pekanbaru.tribunnews.com,Page,N/A,N/A,pekanbaru.tribunnews.com/2021/09/28/malam-pertama-istri-menjerit-usai-belah-duren-sang-suami-telan-ludah-ternyata-ulah-pria-tetangga,No,Content obscuring Google-served ads,Restricted ad serving,ca-pub-7784034061253020,10,2024-12-15,2024-12-15
pekanbaru.tribunnews.com,Page,N/A,N/A,pekanbaru.tribunnews.com/2020/03/16/streaming-download-film-frozen-2013-i-full-movie-hd-video-sub-indo-subtitle-bahasa-indonesia,Yes,Copyrighted material (DMCA),Disabled ad serving,,10,2024-12-11,2024-12-17
palembang.tribunnews.com,Page,N/A,N/A,palembang.tribunnews.com/2017/11/27/muncul-ruam-kulit-pada-anak-pertanda-adanya-7-jenis-penyakit-ini-begini-membedakannya?page=4,Yes,Site Behavior: Navigation,Restricted ad serving,ca-pub-7784034061253020,10,2024-12-15,2024-12-15
palembang.tribunnews.com,Page,N/A,N/A,palembang.tribunnews.com/2015/07/27/ingin-membahagiakan-istri-anda-kenali-letak-titik-g-spot-nya,No,Adult: Sexual content,Restricted ad serving,ca-pub-7784034061253020,10,2024-12-17,2024-12-17
palembang.tribunnews.com,Page,N/A,N/A,palembang.tribunnews.com/2015/06/21/lakukan-cara-ini-agar-kejantanan-anda-lebih-kuat?page=2,No,Adult: Sexual content,Restricted ad serving,ca-pub-7784034061253020,10,2024-12-16,2024-12-16
medan.tribunnews.com,Page,N/A,N/A,medan.tribunnews.com/amp/2020/01/30/viral-penyanyi-dangdut-buka-baju-lepas-bra-di-panggung-hingga-penonton-berlomba-beri-saweran,Yes,Site Behavior: Navigation,Restricted ad serving,ca-pub-7784034061253020,10,2024-12-14,2024-12-16
medan.tribunnews.com,Page,N/A,N/A,medan.tribunnews.com/2020/06/07/cerita-nikita-mirzani-1-malam-8-kali-berhubungan-badan-terbuka-urusan-ranjang-dengan-mantan-suami,No,Google-served ads obscuring content,Restricted ad serving,ca-pub-7784034061253020,10,2024-12-16,2024-12-17
medan.tribunnews.com,Page,N/A,N/A,medan.tribunnews.com/2019/08/25/video-mesum-eks-karyawati-bank-berdurasi-17-detik-viral-di-grup-grup-whatsapp,No,Adult: Sexual content,Restricted ad serving,ca-pub-7784034061253020,10,2024-12-15,2024-12-15
mataraman.tribunnews.com,Page,N/A,N/A,mataraman.tribunnews.com/2022/09/14/asyik-nonton-film-porno-di-kamar-mandi-ditegur-istri-suami-marah-bakar-istri-dan-anaknya,Yes,Ads Disguised as Content,Restricted ad serving,ca-pub-7784034061253020,10,2024-12-16,2024-12-17
manado.tribunnews.com,Page,N/A,N/A,manado.tribunnews.com/2019/11/30/main-kuda-kudaan-dengan-janda-hingga-hamil-6-bulan-siswa-sma-panik-ajak-miras-lalu-bunuh,Yes,Ads Disguised as Content,Restricted ad serving,ca-pub-7784034061253020,10,2024-12-15,2024-12-15
manado.tribunnews.com,Page,N/A,N/A,manado.tribunnews.com/2015/02/22/foto-anak-sd-ciuman-heboh-di-sosial-media,No,Adult: Sexual content,Restricted ad serving,ca-pub-7784034061253020,10,2024-12-15,2024-12-15
manado.tribunnews.com,Page,N/A,N/A,manado.tribunnews.com/2014/08/31/hebohnya-acara-remas-payudara-di-jepang,No,Adult: Sexual content,Restricted ad serving,ca-pub-7784034061253020,10,2024-12-16,2024-12-16
makassar.tribunnews.com,Page,N/A,N/A,makassar.tribunnews.com/2020/06/04/tips-aman-bercinta-bagi-penderita-hipertensi-cukup-3-kali-seminggu-dan-pilih-posisi-standar,No,Adult: Sexual content,Restricted ad serving,ca-pub-7784034061253020,10,2024-12-16,2024-12-16
makassar.tribunnews.com,Page,N/A,N/A,makassar.tribunnews.com/2019/06/23/besok-smk-2-wajo-buka-pendaftaran-siswa-baru-jalur-akademik-dan-afirmasi,Yes,Site Behavior: Navigation,Restricted ad serving,ca-pub-7784034061253020,10,2024-12-15,2024-12-15
makassar.tribunnews.com,Page,N/A,N/A,makassar.tribunnews.com/2018/01/09/4-kasus-video-mesum-yang-menghebohkan-dunia-maya-sepanjang-2017-oknum-guru-hingga-hanna-annisa?page=3,No,Adult: Sexual content,Restricted ad serving,ca-pub-7784034061253020,10,2024-12-17,2024-12-17
makassar.tribunnews.com,Page,N/A,N/A,makassar.tribunnews.com/2017/10/13/natalia-bugil-saat-maut-menjemput-detik-detik-kematiannya-disaksikan-rekannya,No,Adult: Sexual content,Restricted ad serving,ca-pub-7784034061253020,10,2024-12-11,2024-12-16
makassar.tribunnews.com,Page,N/A,N/A,makassar.tribunnews.com/2011/06/20/fenugreek-tanaman-pemicu-gairah-seks-pria,No,Adult: Sexual content,Restricted ad serving,ca-pub-7784034061253020,10,2024-12-16,2024-12-16
m.tribunnews.com,Page,N/A,N/A,m.tribunnews.com/regional/2019/10/03/pria-ini-ajak-bersetubuh-adik-ipar-beraksi-saat-istri-sudah-tidur-hingga-ditemukan-alat-kontrasepsi,No,Adult: Sexual content,Restricted ad serving,ca-pub-7784034061253020,10,2024-12-16,2024-12-16
m.tribunnews.com,Page,N/A,N/A,m.tribunnews.com/regional/2019/09/19/geliat-prostitusi-online-di-kupang-gunakan-aplikasi-michat-dan-pilih-penginapan-short-time,No,Adult: Sexual content,Restricted ad serving,ca-pub-7784034061253020,10,2024-12-16,2024-12-16
m.tribunnews.com,Page,N/A,N/A,m.tribunnews.com/regional/2019/08/21/aktris-video-vina-garut-kini-stroke-dan-positif-hiv-vina-pemeran-perempuan-sudah-ditahan,No,Adult: Sexual content,Restricted ad serving,ca-pub-7784034061253020,10,2024-12-16,2024-12-16
m.tribunnews.com,Page,N/A,N/A,m.tribunnews.com/regional/2019/08/15/fakta-fakta-video-vina-garut-mulai-dari-44-video-gangbang-hingga-pemeran-perempuan-usia-19-tahun,No,Adult: Sexual content,Restricted ad serving,ca-pub-7784034061253020,10,2024-12-17,2024-12-17
m.tribunnews.com,Page,N/A,N/A,m.tribunnews.com/regional/2018/08/18/seorang-warga-pekanbaru-video-call-dengan-istri-sebelum-bunuh-diri,No,Shocking content,Restricted ad serving,ca-pub-7784034061253020,10,2024-12-16,2024-12-16
m.tribunnews.com,Page,N/A,N/A,m.tribunnews.com/regional/2018/01/30/sex-toys-jenis-ini-laris-manis-di-banjarmasin,No,Adult: Sexual content;Shocking content,Restricted ad serving,ca-pub-7784034061253020,10,2024-12-17,2024-12-17
m.tribunnews.com,Page,N/A,N/A,m.tribunnews.com/regional/2017/07/25/ini-pengakuan-pemandu-lagu-inul-vizta-dari-striptis-hingga-hubungan-intim-di-room-karaoke?page=2,No,Adult: Sexual content,Restricted ad serving,ca-pub-7784034061253020,10,2024-12-15,2024-12-15
m.tribunnews.com,Page,N/A,N/A,m.tribunnews.com/lifestyle/2016/03/25/hindari-11-tempat-ini-saat-anda-menginginkan-berhubungan-intim-dengan-si-dia-di-mana-saja-ya,No,Adult: Sexual content,Restricted ad serving,ca-pub-7784034061253020,10,2024-12-16,2024-12-16
m.tribunnews.com,Page,N/A,N/A,m.tribunnews.com/kesehatan/2019/08/30/seks-oral-variasi-aktivitas-seks-dan-resikonya,No,Adult: Sexual content,Restricted ad serving,ca-pub-7784034061253020,10,2024-12-16,2024-12-16
m.tribunnews.com,Page,N/A,N/A,m.tribunnews.com/kesehatan/2016/06/26/fakta-fakta-menarik-terkait-seks,No,Adult: Sexual content,Restricted ad serving,ca-pub-7784034061253020,10,2024-12-16,2024-12-16
m.tribunnews.com,Page,N/A,N/A,m.tribunnews.com/kesehatan/2016/05/17/makan-daging-kambing-itu-benar-benar-bisa-perkasa-di-ranjang-ini-kata-seksolog,No,Adult: Sexual content,Restricted ad serving,ca-pub-7784034061253020,10,2024-12-17,2024-12-17
m.tribunnews.com,Page,N/A,N/A,m.tribunnews.com/kesehatan/2013/02/06/permen-karet-cinta-bangkitkan-hasrat-seksual-dalam-20-menit,No,Adult: Sexual content;Shocking content,Restricted ad serving,ca-pub-7784034061253020,10,2024-12-16,2024-12-16
m.tribunnews.com,Page,N/A,N/A,m.tribunnews.com/internasional/2019/02/13/bandara-ditutup-2-jam-gara-gara-ada-perempuan-telanjang-di-landasan-bandara,No,Adult: Sexual content,Restricted ad serving,ca-pub-7784034061253020,10,2024-12-16,2024-12-16
m.tribunnews.com,Page,N/A,N/A,m.tribunnews.com/internasional/2017/11/30/kampanyekan-perdamaian-dunia-remaja-ini-tawarkan-payudaranya-untuk-diremas-orang-asing,No,Adult: Sexual content,Restricted ad serving,ca-pub-7784034061253020,10,2024-12-16,2024-12-16
m.tribunnews.com,Page,N/A,N/A,m.tribunnews.com/internasional/2017/07/06/saking-seksinya-pemenang-kontes-bokong-terindah-tak-bisa-lakukan-hal-ini-di-tempat-umum,No,Adult: Sexual content,Restricted ad serving,ca-pub-7784034061253020,10,2024-12-15,2024-12-15
m.tribunnews.com,Page,N/A,N/A,m.tribunnews.com/internasional/2016/11/11/mabuk-pria-ini-kaget-mengetahui-identitas-wanita-yang-ditidurinya,Yes,Google-served ads on screens without publisher-content,Restricted ad serving,ca-pub-7784034061253020,10,2024-12-16,2024-12-16
m.tribunnews.com,Page,N/A,N/A,m.tribunnews.com/internasional/2015/12/07/pegang-payudara-artis-porno-jepang-pelan-pelan-ya,No,Adult: Sexual content,Restricted ad serving,ca-pub-7784034061253020,10,2024-12-16,2024-12-16
lampung.tribunnews.com,Page,N/A,N/A,lampung.tribunnews.com/2014/10/20/dispenser-berbentuk-boneka-gadis-seksi-remas-payudara-air-masuk-ke-gelas,No,Adult: Sexual content,Restricted ad serving,ca-pub-7784034061253020,10,2024-12-16,2024-12-16
lampung.tribunnews.com,Page,N/A,N/A,lampung.tribunnews.com/2014/09/20/woww-super-jumbo-model-satu-ini-nyandu-membesarkan-payudara,No,Adult: Sexual content,Restricted ad serving,ca-pub-7784034061253020,10,2024-12-16,2024-12-16
kupang.tribunnews.com,Page,N/A,N/A,kupang.tribunnews.com/2018/07/25/tentang-penjara-kerobokan-1-surga-pelacuran-dan-narkoba-di-balik-jeruji-besi-pulau-dewata?page=3,No,Adult: Sexual content;Shocking content,Restricted ad serving,ca-pub-7784034061253020,10,2024-12-16,2024-12-16
kupang.tribunnews.com,Page,N/A,N/A,kupang.tribunnews.com/2018/01/06/pria-ini-klaim-sebagai-pemilik-penis-terpanjang-di-dunia-namun-dokter-ungkap-fakta-mengerikan-ini,No,Adult: Sexual content,Restricted ad serving,ca-pub-7784034061253020,10,2024-12-15,2024-12-15
kupang.tribunnews.com,Page,N/A,N/A,kupang.tribunnews.com/2016/04/18/inilah-posisi-bercinta-paling-memuaskan-istri-anda,No,Adult: Sexual content,Restricted ad serving,ca-pub-7784034061253020,10,2024-12-15,2024-12-15
kupang.tribunnews.com,Page,N/A,N/A,kupang.tribunnews.com/2014/10/21/duh-kelamin-sang-pria-terjepit-di-kemaluan-sang-wanita-di-tengah-laut,No,Shocking content,Restricted ad serving,ca-pub-7784034061253020,10,2024-12-11,2024-12-15
kaltim.tribunnews.com,Page,N/A,N/A,kaltim.tribunnews.com/2017/07/13/bocah-ini-ditemukan-tewas-di-dalam-kotak-styrofoam-diduga-diculik-sindikat-penjualan-organ-tubuh?page=1,Yes,Ads Disguised as Content;Shocking content,Restricted ad serving,ca-pub-7784034061253020,10,2024-12-16,2024-12-16
kaltim.tribunnews.com,Page,N/A,N/A,kaltim.tribunnews.com/2016/04/11/berapa-lama-pria-bisa-bercinta-lagi-setelah-orgasme,No,Adult: Sexual content,Restricted ad serving,ca-pub-7784034061253020,10,2024-12-16,2024-12-16
kaltim.tribunnews.com,Page,N/A,N/A,kaltim.tribunnews.com/2016/03/04/heboh-anak-sekolah-berselimut-selfie-bersama-pacar-netizen-geram-masih-bau-kencur-tapi-mesum,No,Adult: Sexual content,Restricted ad serving,ca-pub-7784034061253020,10,2024-12-15,2024-12-15
jogja.tribunnews.com,Page,N/A,N/A,jogja.tribunnews.com/2017/11/15/terkuak-di-sinilah-boneka-boneka-seks-nan-cantik-dan-seksi-pemuas-nafsu-itu-diproduksi,No,Adult: Sexual content,Restricted ad serving,ca-pub-7784034061253020,10,2024-12-11,2024-12-16
jogja.tribunnews.com,Page,N/A,N/A,jogja.tribunnews.com/2017/08/11/bau-busuk-menusuk-hidung-ternyata-sumbernya-dari-mayat-pria-dan-wanita-yang-kondisinya-mengerikan,No,Shocking content,Restricted ad serving,ca-pub-7784034061253020,10,2024-12-16,2024-12-16
jateng.tribunnews.com,Page,N/A,N/A,jateng.tribunnews.com/2017/05/24/kisah-bintang-porno-bertubuh-mungil-asal-jepang-ia-harus-kuat-minimal-5-menit?page=3,No,Adult: Sexual content,Restricted ad serving,ca-pub-7784034061253020,10,2024-12-15,2024-12-15
jateng.tribunnews.com,Page,N/A,N/A,jateng.tribunnews.com/2016/02/20/siapa-sosok-lelaki-yang-rela-bayar-rp-100-juta-hest-klepek-klepek,No,Adult: Sexual content,Restricted ad serving,ca-pub-7784034061253020,10,2024-12-15,2024-12-15
jambi.tribunnews.com,Page,N/A,N/A,jambi.tribunnews.com/2019/03/25/keliru-sedikit-harga-pinang-di-tanjab-timur-bisa-anjlok,No,Shocking content,Restricted ad serving,ca-pub-7784034061253020,10,2024-12-15,2024-12-15
jambi.tribunnews.com,Page,N/A,N/A,jambi.tribunnews.com/2017/05/08/maria-ozawa-mantan-bintang-film-dewasa-gandeng-pacar-baru-ini-dia-pria-yang-beruntung-itu?page=2,Yes,Adult: Sexual content;Site Behavior: Navigation,Restricted ad serving,ca-pub-7784034061253020,10,2024-12-17,2024-12-17
jabar.tribunnews.com,Page,N/A,N/A,jabar.tribunnews.com/2023/12/14/pengobatan-alat-vital-bogor-aa-muchsin-klinik-rumah-vitalitas-terbaik,No,Adult: Sexual content,Restricted ad serving,ca-pub-7784034061253020,10,2024-12-12,2024-12-15
jabar.tribunnews.com,Page,N/A,N/A,jabar.tribunnews.com/2018/10/13/fakta-pesta-seks-tukar-pasangan-di-jatim-pelaku-4-kali-pesta-seks-sebelum-ditangkap?page=all,No,Adult: Sexual content,Restricted ad serving,ca-pub-7784034061253020,10,2024-12-16,2024-12-16
jabar.tribunnews.com,Page,N/A,N/A,jabar.tribunnews.com/2017/05/02/pria-ini-berhubungan-intim-sehari-10-kali-setelah-tiga-bulan-dilarikan-ke-rs-dan-ini-yang-terjadi,No,Adult: Sexual content,Restricted ad serving,ca-pub-7784034061253020,10,2024-12-16,2024-12-16
bogor.tribunnews.com,Page,N/A,N/A,bogor.tribunnews.com/2021/03/19/cerita-warga-yang-tinggal-di-dekat-hotel-tempat-mesum-abg-sering-ketiban-kondom-bekas,No,Adult: Sexual content,Restricted ad serving,ca-pub-7784034061253020,10,2024-12-15,2024-12-15
belitung.tribunnews.com,Page,N/A,N/A,belitung.tribunnews.com/2018/08/30/tubuh-gadis-cantik-di-manado-dijual-murah-lewat-aplikasi-tak-kapok-ada-yang-ditangkap?page=3,No,Google-served ads obscuring content,Restricted ad serving,ca-pub-7784034061253020,10,2024-12-15,2024-12-15
belitung.tribunnews.com,Page,N/A,N/A,belitung.tribunnews.com/2017/11/12/wanita-simak-ini-begini-ciri-ciri-pria-yang-sudah-tak-perjaka-lagi,No,Shocking content,Restricted ad serving,ca-pub-7784034061253020,10,2024-12-16,2024-12-16
banjarmasin.tribunnews.com,Page,N/A,N/A,banjarmasin.tribunnews.com/2022/10/25/pelaku-pemukulan-tetangga-terkapar-karena-luka-bacok-di-sungai-bali-kabupaten-kotabaru,No,Shocking content,Restricted ad serving,ca-pub-7784034061253020,10,2024-12-16,2024-12-16
banjarmasin.tribunnews.com,Page,N/A,N/A,banjarmasin.tribunnews.com/2017/05/30/ini-pengakuan-gay-semarang-tidak-vulgar-seperti-jakarta-yang-menentukan-tarif-kencan-kucing,No,Adult: Sexual content,Restricted ad serving,ca-pub-7784034061253020,10,2024-12-15,2024-12-15
banjarmasin.tribunnews.com,Page,N/A,N/A,banjarmasin.tribunnews.com/2015/01/11/warga-palembang-banyak-pesan-sex-toys-di-facebook,No,Adult: Sexual content,Restricted ad serving,ca-pub-7784034061253020,10,2024-12-16,2024-12-16
bangka.tribunnews.com,Page,N/A,N/A,bangka.tribunnews.com/2022/01/05/heboh-pengakuan-celine-evangelista-soal-pengalaman-pertama-hubungan-intim-tak-perawan-umur-belasan,No,Google-served ads obscuring content,Restricted ad serving,ca-pub-7784034061253020,10,2024-12-16,2024-12-16
bangka.tribunnews.com,Page,N/A,N/A,bangka.tribunnews.com/2020/11/11/terjawabvideo-syur-mirip-gisel-yang-19-detik-1-menit-36-detik-pakar-tak-ada-rekayasa-digital,Yes,Ads Disguised as Content,Restricted ad serving,ca-pub-7784034061253020,10,2024-12-17,2024-12-17
bangka.tribunnews.com,Page,N/A,N/A,bangka.tribunnews.com/2019/11/04/terlalu-berisik-saat-berhubungan-biologis-suami-istri-asal-jerman-diturunkan-dari-kapal-pesiar,No,Shocking content,Restricted ad serving,ca-pub-7784034061253020,10,2024-12-17,2024-12-17
bangka.tribunnews.com,Page,N/A,N/A,bangka.tribunnews.com/2018/01/17/menyibak-prostitusi-online-di-babel-transaksi-via-vhatsapp-hingga-posting-di-medsos,No,Adult: Sexual content,Restricted ad serving,ca-pub-7784034061253020,10,2024-12-16,2024-12-16
bangka.tribunnews.com,Page,N/A,N/A,bangka.tribunnews.com/2017/10/13/posting-foto-hanya-tutupi-payudara-dengan-tangan-nikita-mirzani-bikin-heboh,No,Shocking content,Restricted ad serving,ca-pub-7784034061253020,10,2024-12-15,2024-12-15
bangka.tribunnews.com,Page,N/A,N/A,bangka.tribunnews.com/2017/09/15/tanda-seorang-pria-belum-pernah-berhubungan-badan-alias-perjaka,No,Adult: Sexual content,Restricted ad serving,ca-pub-7784034061253020,10,2024-12-15,2024-12-15
bangka.tribunnews.com,Page,N/A,N/A,bangka.tribunnews.com/2017/03/14/wooow-ariel-tatum-makin-menggoda-fotonya-pamer-belahan-dadanya-ini-bikin-woow,No,Adult: Sexual content,Restricted ad serving,ca-pub-7784034061253020,10,2024-12-15,2024-12-15
bangka.tribunnews.com,Page,N/A,N/A,bangka.tribunnews.com/2016/09/14/rela-telanjang-bulat-miss-bum-bum-lukis-tubuhnya-dengan-jersey-barcelona,No,Adult: Sexual content,Restricted ad serving,ca-pub-7784034061253020,10,2024-12-15,2024-12-15
bali.tribunnews.com,Page,N/A,N/A,bali.tribunnews.com/2021/06/07/usia-bukan-penghalang-rania-dawiya-tetap-eksis-di-dunia-modeling-tapi-tolak-konsep-foto-nude?page=all,No,Google-served ads obscuring content,Restricted ad serving,ca-pub-7784034061253020,10,2024-12-16,2024-12-16
aceh.tribunnews.com,Page,N/A,N/A,aceh.tribunnews.com/2022/04/27/tak-perlu-obat-kimia-cukup-gunakan-bumbu-dapur-ini-untuk-kuat-di-ranjang,No,Google-served ads obscuring content,Restricted ad serving,ca-pub-7784034061253020,10,2024-12-11,2024-12-16
www.tribunnews.com,Page,N/A,N/A,www.tribunnews.com/seleb/2017/05/21/bikin-kaget-perhatikan-cara-biduan-ini-naik-panggung-usai-ambil-saweran,No,Adult: Sexual content,Restricted ad serving,ca-pub-7784034061253020,9,2024-12-15,2024-12-16
www.tribunnews.com,Page,N/A,N/A,www.tribunnews.com/regional/2011/09/15/perang-psk-lokal-vs-impor-di-batam,No,Adult: Sexual content,Restricted ad serving,ca-pub-7784034061253020,9,2024-12-14,2024-12-16
www.tribunnews.com,Page,N/A,N/A,www.tribunnews.com/kesehatan/2016/07/16/mengenali-4-ciri-suami-yang-jago-memuaskan-istri-di-ranjang,No,Adult: Sexual content,Restricted ad serving,ca-pub-7784034061253020,9,2024-12-13,2024-12-17
www.tribunnews.com,Page,N/A,N/A,www.tribunnews.com/kesehatan/2016/03/28/survei-libido-wanita-memuncak-dari-pukul-11-malam-hingga-pukul-dua-pagi,No,Adult: Sexual content,Restricted ad serving,ca-pub-7784034061253020,9,2024-12-13,2024-12-15
www.tribunnews.com,Page,N/A,N/A,www.tribunnews.com/kesehatan/2011/05/16/anak-desa-punya-mr-p-lebih-besar-ketimbang-anak-kota,No,Adult: Sexual content,Restricted ad serving,ca-pub-7784034061253020,9,2024-12-11,2024-12-17
www.tribunnews.com,Page,N/A,N/A,www.tribunnews.com/internasional/2022/07/02/kelompok-stop-av-law-jepang-menentang-ruu-yang-melegalkan-hubungan-badan-dalam-produksi-film-dewasa,Yes,Ads Disguised as Content,Restricted ad serving,ca-pub-7784034061253020,9,2024-12-14,2024-12-15
www.tribunnews.com,Page,N/A,N/A,www.tribunnews.com/internasional/2015/01/11/psikolog-cantik-ini-bugil-di-depan-pasien-saat-terapi-kejiwaan,No,Adult: Sexual content,Restricted ad serving,ca-pub-7784034061253020,9,2024-12-13,2024-12-17
wow.tribunnews.com,Page,N/A,N/A,wow.tribunnews.com/2017/11/03/3-cara-besarkan-alat-vital-secara-alami-nomor-2-tidak-disadari-kaum-pria,No,Adult: Sexual content,Restricted ad serving,ca-pub-7784034061253020,9,2024-12-15,2024-12-15
wow.tribunnews.com,Page,N/A,N/A,wow.tribunnews.com/2017/10/07/7-kebohongan-tentang-bercinta-di-film-dewasa-nomor-4-bikin-jijik?page=4,No,Adult: Sexual content,Restricted ad serving,ca-pub-7784034061253020,9,2024-12-17,2024-12-17
wow.tribunnews.com,Page,N/A,N/A,wow.tribunnews.com/2017/09/20/mengapa-pria-kerap-lakukan-hal-tolol-ketika-terangsang-begini-jawabannya,No,Adult: Sexual content,Restricted ad serving,ca-pub-7784034061253020,9,2024-12-12,2024-12-16
wartakota.tribunnews.com,Page,N/A,N/A,wartakota.tribunnews.com/2018/01/02/suami-edan-isteri-hamil-7-bulan-diajak-hubungan-badan-bertiga-kelamin-isteri-jadi-begini?page=2,No,Adult: Sexual content,Restricted ad serving,ca-pub-7784034061253020,9,2024-12-16,2024-12-16
wartakota.tribunnews.com,Page,N/A,N/A,wartakota.tribunnews.com/2018/01/02/suami-edan-isteri-hamil-7-bulan-diajak-hubungan-badan-bertiga-kelamin-isteri-jadi-begini,No,Adult: Sexual content,Restricted ad serving,ca-pub-7784034061253020,9,2024-12-16,2024-12-16
wartakota.tribunnews.com,Page,N/A,N/A,wartakota.tribunnews.com/2015/10/07/heboh-wanita-mirip-amel-alvi-foto-mesum-di-ranjang,No,Adult: Sexual content,Restricted ad serving,ca-pub-7784034061253020,9,2024-12-17,2024-12-17
wartakota.tribunnews.com,Page,N/A,N/A,wartakota.tribunnews.com/2014/08/03/lakukan-morning-sex-dengan-cara-ini-supaya-si-dia-puas,No,Adult: Sexual content,Restricted ad serving,ca-pub-7784034061253020,9,2024-12-16,2024-12-16
video.tribunnews.com,Page,N/A,N/A,video.tribunnews.com/view/81431/pengakuan-aidil-suami-yang-bunuh-istri-dan-dua-anak-tirinya-di-aceh,No,Shocking content,Restricted ad serving,ca-pub-7784034061253020,9,2024-12-16,2024-12-16
video.tribunnews.com,Page,N/A,N/A,video.tribunnews.com/view/34949/ciuman-listrik-hamish-bikin-raisa-kegelian-netter-geli-lihatnya-nyiumnya-pas-area-situ,Yes,Site Behavior: Navigation,Restricted ad serving,ca-pub-7784034061253020,9,2024-12-16,2024-12-16
video.tribunnews.com,Page,N/A,N/A,video.tribunnews.com/view/211794/seorang-ibu-temukan-muntahan-paus-senilai-rp-37-miliar-di-pantai-begini-penampakannya,No,Shocking content,Restricted ad serving,ca-pub-7784034061253020,9,2024-12-15,2024-12-15
toraja.tribunnews.com,Page,N/A,N/A,toraja.tribunnews.com/kesehatan,Yes,Content obscuring Google-served ads;Encouraging accidental clicks: Layout;Google-served ads obscuring content,Restricted ad serving,ca-pub-7784034061253020,9,2024-12-15,2024-12-15
suryamalang.tribunnews.com,Page,N/A,N/A,suryamalang.tribunnews.com/2017/08/29/7-bintang-film-dewasa-ini-meninggal-secara-tragis-nomor-1-sangat-sadis-dan-penuh-darah?page=2,No,Adult: Sexual content,Restricted ad serving,ca-pub-7784034061253020,9,2024-12-16,2024-12-16
suryamalang.tribunnews.com,Page,N/A,N/A,suryamalang.tribunnews.com/2017/07/21/perempuan-ini-punya-bentuk-dada-yang-montok-tapi-curhatannya-soal-payudaranya-bikin-heran?page=all,No,Adult: Sexual content,Restricted ad serving,ca-pub-7784034061253020,9,2024-12-16,2024-12-16
suryamalang.tribunnews.com,Page,N/A,N/A,suryamalang.tribunnews.com/2016/05/19/rokok-ini-ternyata-tak-boleh-lagi-dijual-di-eropa-inilah-alasannya,No,Tobacco,Restricted ad serving,ca-pub-7784034061253020,9,2024-12-15,2024-12-15
suryamalang.tribunnews.com,Page,N/A,N/A,suryamalang.tribunnews.com/2015/08/31/unggah-foto-telanjang-di-instagram-mantan-artis-cilik-ini-kembali-dikecam,No,Adult: Sexual content,Restricted ad serving,ca-pub-7784034061253020,9,2024-12-15,2024-12-15
sumsel.tribunnews.com,Page,N/A,N/A,sumsel.tribunnews.com/2016/12/06/coba-lihat-apakah-kamu-punya-lubang-di-atas-telinga-ternyata-ini-artinya?page=4,No,Shocking content,Restricted ad serving,ca-pub-7784034061253020,9,2024-12-15,2024-12-15
style.tribunnews.com,Page,N/A,N/A,style.tribunnews.com/2016/09/25/transformasi-anya-geraldine-dulu-polos-sekarang-hot-nya-ngalahin-cabe?page=1,Yes,Site Behavior: Navigation,Restricted ad serving,ca-pub-7784034061253020,9,2024-12-16,2024-12-16
pontianak.tribunnews.com,Page,N/A,N/A,pontianak.tribunnews.com/2019/09/10/terekam-kamera-dua-cewek-dan-satu-cowok-telanjang-naik-motor-di-lokasi-berbeda-videonya-beredar,Yes,Encouraging accidental clicks: Layout,Restricted ad serving,ca-pub-7784034061253020,9,2024-12-14,2024-12-16
pontianak.tribunnews.com,Page,N/A,N/A,pontianak.tribunnews.com/2018/09/02/luna-maya-akhirnya-komentari-kasus-video-yang-membuatnya-jadi-tersangka,No,Google-served ads obscuring content,Restricted ad serving,ca-pub-7784034061253020,9,2024-12-13,2024-12-17
pontianak.tribunnews.com,Page,N/A,N/A,pontianak.tribunnews.com/2018/01/13/sering-nonton-video-porno-picu-kerusakan-otak-dan-perilaku-menyimpang-ini-tips-mengatasinya,No,Adult: Sexual content,Restricted ad serving,ca-pub-7784034061253020,9,2024-12-15,2024-12-15
pekanbaru.tribunnews.com,Page,N/A,N/A,pekanbaru.tribunnews.com/2022/06/18/sepakat-mandi-bareng-lewat-video-call-ternyata-pacar-merekamnya-videonya-menyebar,No,Google-served ads obscuring content,Restricted ad serving,ca-pub-7784034061253020,9,2024-12-16,2024-12-16
pekanbaru.tribunnews.com,Page,N/A,N/A,pekanbaru.tribunnews.com/2022/06/05/sewa-kamar-sehari-100-ribu-brondong-nekat-bawa-stw-ke-dalamnya-kaget-digerebek-suami-orang,Yes,Ads Disguised as Content,Restricted ad serving,ca-pub-7784034061253020,9,2024-12-11,2024-12-15
pekanbaru.tribunnews.com,Page,N/A,N/A,pekanbaru.tribunnews.com/2022/04/27/link-video-dan-foto-mesum-chandrika-chika-bikin-heboh-gunjingan-warganet-makin-panas?page=2,No,Google-served ads obscuring content,Restricted ad serving,ca-pub-7784034061253020,9,2024-12-15,2024-12-15
pekanbaru.tribunnews.com,Page,N/A,N/A,pekanbaru.tribunnews.com/2021/09/23/sugar-mommy-adalah-simak-ini-arti-sugar-mommy-atau-sugar-mommy-artinya-dalam-bahasa-gaul,Yes,Encouraging accidental clicks: Layout;Google-served ads obscuring content,Restricted ad serving,ca-pub-7784034061253020,9,2024-12-13,2024-12-15
pekanbaru.tribunnews.com,Page,N/A,N/A,pekanbaru.tribunnews.com/2021/07/04/apa-itu-sbb-ternyata-ini-arti-sbb-dalam-bahasa-gaul-digunakan-pada-saat-chatting,Yes,Modified ad code: Resizing Ad Frames,Restricted ad serving,ca-pub-7784034061253020,9,2024-12-17,2024-12-17
palembang.tribunnews.com,Page,N/A,N/A,palembang.tribunnews.com/2017/11/20/geger-buah-dada-wanita-cantik-ini-tiba-tiba-hilang-ketakutan-ternyata-pindah-ke-perut,No,Google-served ads obscuring content,Restricted ad serving,ca-pub-7784034061253020,9,2024-12-15,2024-12-15
medan.tribunnews.com,Page,N/A,N/A,medan.tribunnews.com/topic/pembunuhan,No,Shocking content,Restricted ad serving,ca-pub-7784034061253020,9,2024-12-14,2024-12-16
medan.tribunnews.com,Page,N/A,N/A,medan.tribunnews.com/2017/10/05/cewek-lupa-lepas-celana-dalam-bergetar-saat-belanja-lihat-reaksinya-bertemu-orang?page=all,Yes,Site Behavior: Navigation,Restricted ad serving,ca-pub-7784034061253020,9,2024-12-15,2024-12-15
medan.tribunnews.com,Page,N/A,N/A,medan.tribunnews.com/2017/09/18/6-artis-cantik-korea-ini-rela-beradegan-panas-akhirnya-sukses-besar-lho?page=2,Yes,Site Behavior: Navigation,Restricted ad serving,ca-pub-7784034061253020,9,2024-12-16,2024-12-16
manado.tribunnews.com,Page,N/A,N/A,manado.tribunnews.com/2020/12/02/temukan-muntahan-ikan-paus-rp-456-miliar-nelayan-ini-kaya-mendadak-pecahkan-rekor-berat-harga,No,Shocking content,Restricted ad serving,ca-pub-7784034061253020,9,2024-12-13,2024-12-16
manado.tribunnews.com,Page,N/A,N/A,manado.tribunnews.com/2019/07/16/begini-kuat-dan-vulgar-nafsu-seks-wanita-berbulu-lebat-tapi-ada-yang-bikin-nafsu-seksnya-mati,No,Adult: Sexual content,Restricted ad serving,ca-pub-7784034061253020,9,2024-12-11,2024-12-15
makassar.tribunnews.com,Page,N/A,N/A,makassar.tribunnews.com/tag/video,No,Adult: Sexual content,Restricted ad serving,ca-pub-7784034061253020,9,2024-12-14,2024-12-15
makassar.tribunnews.com,Page,N/A,N/A,makassar.tribunnews.com/2017/07/10/gaya-baru-wanita-ini-berhubungan-intim-sambil-menyusui-anaknya-emang-bisa?page=2,No,Adult: Sexual content,Restricted ad serving,ca-pub-7784034061253020,9,2024-12-15,2024-12-15
makassar.tribunnews.com,Page,N/A,N/A,makassar.tribunnews.com/2015/03/11/betulkah-bekam-berbahaya-bagi-kesehatan-ini-penjelasan-medisnya,No,Shocking content,Restricted ad serving,ca-pub-7784034061253020,9,2024-12-16,2024-12-16
m.tribunnews.com,Page,N/A,N/A,m.tribunnews.com/techno/2017/03/22/boneka-seks-ini-bisa-nikmati-orgasme-karena-punya-sensor-di-genital-nya,No,Adult: Sexual content,Restricted ad serving,ca-pub-7784034061253020,9,2024-12-15,2024-12-15
m.tribunnews.com,Page,N/A,N/A,m.tribunnews.com/regional/2019/12/04/hasrat-berbuat-mesum-cowok-abg-kediri-nyamar-pakai-jilbab-menyusup-kamar-pacar-terciduk-gegara-ini,No,Adult: Sexual content,Restricted ad serving,ca-pub-7784034061253020,9,2024-12-15,2024-12-15
m.tribunnews.com,Page,N/A,N/A,m.tribunnews.com/regional/2012/09/12/heboh-video-cewek-sedang-mandi,No,Adult: Sexual content,Restricted ad serving,ca-pub-7784034061253020,9,2024-12-17,2024-12-17
m.tribunnews.com,Page,N/A,N/A,m.tribunnews.com/otomotif/tips-trik-mobil,Yes,Unnatural attention to ads,Restricted ad serving,ca-pub-7784034061253020,9,2024-12-16,2024-12-16
m.tribunnews.com,Page,N/A,N/A,m.tribunnews.com/nasional/2013/08/28/tiga-pakar-diundang-usut-dugaan-video-porno-anggota-dpr,No,Adult: Sexual content,Restricted ad serving,ca-pub-7784034061253020,9,2024-12-16,2024-12-16
m.tribunnews.com,Page,N/A,N/A,m.tribunnews.com/metropolitan/2018/04/22/ini-5-fakta-pesta-seks-tukar-pasangan-di-malang,No,Adult: Sexual content,Restricted ad serving,ca-pub-7784034061253020,9,2024-12-16,2024-12-16
m.tribunnews.com,Page,N/A,N/A,m.tribunnews.com/lifestyle/2017/12/04/masih-kelas-6-sd-wajah-gadis-ini-memang-imut-tapi-foto-fotonya-di-instagram-terlihat-dewasa-banget?page=2,No,Adult: Sexual content,Restricted ad serving,ca-pub-7784034061253020,9,2024-12-17,2024-12-17
m.tribunnews.com,Page,N/A,N/A,m.tribunnews.com/lifestyle/2016/10/21/ternyata-wanita-juga-mengalami-ereksi-ini-tandanya,No,Adult: Sexual content,Restricted ad serving,ca-pub-7784034061253020,9,2024-12-16,2024-12-16
m.tribunnews.com,Page,N/A,N/A,m.tribunnews.com/kesehatan/2012/11/14/ini-tiga-gaya-bercinta-favorit-chantal-della-concetta,No,Adult: Sexual content,Restricted ad serving,ca-pub-7784034061253020,9,2024-12-17,2024-12-17
m.tribunnews.com,Page,N/A,N/A,m.tribunnews.com/internasional/2015/05/02/bintang-porno-jepang-ini-suka-sekali-dengan-seks,No,Adult: Sexual content,Restricted ad serving,ca-pub-7784034061253020,9,2024-12-16,2024-12-16
m.tribunnews.com,Page,N/A,N/A,m.tribunnews.com/images/seleb/view/385642/roro-fitria,No,Adult: Sexual content,Restricted ad serving,ca-pub-7784034061253020,9,2024-12-16,2024-12-16
m.tribunnews.com,Page,N/A,N/A,m.tribunnews.com/amp/kesehatan/2017/07/08/terungkap-rahasia-bentuk-bibir-wanita-dan-tingginya-nafsu-seksual,No,Adult: Sexual content,Restricted ad serving,ca-pub-7784034061253020,9,2024-12-14,2024-12-17
lampung.tribunnews.com,Page,N/A,N/A,lampung.tribunnews.com/2017/07/06/gadis-19-tahun-pemenang-kontes-bokong-terindah-ini-tak-bisa-lagi-pakai-baju-ketat,No,Adult: Sexual content,Restricted ad serving,ca-pub-7784034061253020,9,2024-12-15,2024-12-16
kupang.tribunnews.com,Page,N/A,N/A,kupang.tribunnews.com/2021/04/10/mau-rasakan-bule-uzbekistan-tarifnya-hingga-rp-25-juta-ini-awal-mula-robby-gaet-gadis-mulus-anu,Yes,Encouraging accidental clicks: Layout;Google-served ads obscuring content,Restricted ad serving,ca-pub-7784034061253020,9,2024-12-14,2024-12-15
kupang.tribunnews.com,Page,N/A,N/A,kupang.tribunnews.com/2019/01/16/napsu-dua-pelajar-smp-berhubungan-intim-berkali-kali-berawal-dari-sekadar-teleponan,No,Adult: Sexual content;Shocking content,Restricted ad serving,ca-pub-7784034061253020,9,2024-12-14,2024-12-15
kupang.tribunnews.com,Page,N/A,N/A,kupang.tribunnews.com/2017/10/20/bila-anda-kesulitan-berduaan-gunakan-empat-4-bahan-alami-yang-bisa-dijadikan-pelumas-seks,No,Adult: Sexual content,Restricted ad serving,ca-pub-7784034061253020,9,2024-12-17,2024-12-17
kupang.tribunnews.com,Page,N/A,N/A,kupang.tribunnews.com/2014/05/01/di-maumere-ada-4-lokasi-ese-esek,No,Adult: Sexual content,Restricted ad serving,ca-pub-7784034061253020,9,2024-12-14,2024-12-15
kaltim.tribunnews.com,Page,N/A,N/A,kaltim.tribunnews.com/2020/01/05/dampak-kenaikan-harga-rokok-pria-pns-di-tenggarong-ini-beralih-ke-rokok-armour-ini-harganya,No,Tobacco,Restricted ad serving,ca-pub-7784034061253020,9,2024-12-15,2024-12-15
kaltim.tribunnews.com,Page,N/A,N/A,kaltim.tribunnews.com/2019/07/09/cerita-suami-penjual-istri-untuk-threesome-belum-rasakan-sensasi-nikmat-sudah-digerebek-polisi,No,Adult: Sexual content,Restricted ad serving,ca-pub-7784034061253020,9,2024-12-11,2024-12-17
jogja.tribunnews.com,Page,N/A,N/A,jogja.tribunnews.com/2018/01/08/soal-video-panas-tante-dan-anak-kecil-ini-berbagai-fakta-yang-berhasil-diungkap-polisi,No,Shocking content,Restricted ad serving,ca-pub-7784034061253020,9,2024-12-16,2024-12-17
jateng.tribunnews.com,Page,N/A,N/A,jateng.tribunnews.com/2019/06/17/viral-bidan-desa-masukkan-timun-ke-organ-intimnya-ini-bahaya-memasukkan-benda-asing-ke-organ-intim,No,Adult: Sexual content,Restricted ad serving,ca-pub-7784034061253020,9,2024-12-11,2024-12-17
jateng.tribunnews.com,Page,N/A,N/A,jateng.tribunnews.com/2019/02/20/sebelum-bercinta-lakukan-gerakan-foreplay-ini-agar-lebih-hot-memuaskan,No,Adult: Sexual content,Restricted ad serving,ca-pub-7784034061253020,9,2024-12-11,2024-12-17
jambi.tribunnews.com,Page,N/A,N/A,jambi.tribunnews.com/2019/08/25/sempat-diremas-saat-bernyanyi-tak-berbusana-personil-duo-semangka-akui-jarang-pakai-pakaian-dalam,No,Google-served ads obscuring content;Shocking content,Restricted ad serving,ca-pub-7784034061253020,9,2024-12-13,2024-12-15
jakarta.tribunnews.com,Page,N/A,N/A,jakarta.tribunnews.com/2018/02/03/kebutuhan-birahi-negara-ini-ciptakan-robot-seks-cantik-dan-pintar,No,Adult: Sexual content,Restricted ad serving,ca-pub-7784034061253020,9,2024-12-15,2024-12-15
jabar.tribunnews.com,Page,N/A,N/A,jabar.tribunnews.com/2022/02/25/viral-video-duel-antar-bocah-pelajar-smp-di-kota-bandung-dibanting-dipukul-hingga-ditendang,Yes,Ads Disguised as Content,Restricted ad serving,ca-pub-7784034061253020,9,2024-12-11,2024-12-15
jabar.tribunnews.com,Page,N/A,N/A,jabar.tribunnews.com/2019/08/14/terungkap-ini-perempuan-di-video-gangbang-vina-garut-ternyata-usianya-baru-belasan-tahun,No,Adult: Sexual content,Restricted ad serving,ca-pub-7784034061253020,9,2024-12-15,2024-12-17
bogor.tribunnews.com,Page,N/A,N/A,bogor.tribunnews.com/2021/12/10/wanita-bersuami-layani-nafsu-tetangga-5-kali-seminggu-ternyata-karena-takut-rahasianya-terbongkar,Yes,Ads Disguised as Content,Restricted ad serving,ca-pub-7784034061253020,9,2024-12-12,2024-12-16
bogor.tribunnews.com,Page,N/A,N/A,bogor.tribunnews.com/2019/09/13/siswi-smp-pasrah-10-kali-diajak-berhubungan-intim-bareng-dudahamil-2-bulan-saat-rayakan-anniversary?page=2,No,Adult: Sexual content,Restricted ad serving,ca-pub-7784034061253020,9,2024-12-16,2024-12-16
bogor.tribunnews.com,Page,N/A,N/A,bogor.tribunnews.com/2019/09/13/siswi-smp-pasrah-10-kali-diajak-berhubungan-intim-bareng-dudahamil-2-bulan-saat-rayakan-anniversary,No,Adult: Sexual content,Restricted ad serving,ca-pub-7784034061253020,9,2024-12-16,2024-12-16
belitung.tribunnews.com,Page,N/A,N/A,belitung.tribunnews.com/2018/04/18/tanya-calon-penumpang-lewat-wa-driver-ojek-malah-dikirim-tarif-bercinta-dan-syaratnya,Yes,Content obscuring Google-served ads;Encouraging accidental clicks: Layout,Restricted ad serving,ca-pub-7784034061253020,9,2024-12-17,2024-12-17
belitung.tribunnews.com,Page,N/A,N/A,belitung.tribunnews.com/2018/02/06/bintang-film-panas-ini-buat-pengakuan-mengejutkan-soal-tahan-lama,No,Adult: Sexual content;Shocking content,Restricted ad serving,ca-pub-7784034061253020,9,2024-12-16,2024-12-16
belitung.tribunnews.com,Page,N/A,N/A,belitung.tribunnews.com/2017/11/13/video-viral-remaja-pasangan-mesum-tepergok-warga-cewek-sempat-ditelanjangi-saat-diarak,No,Adult: Sexual content,Restricted ad serving,ca-pub-7784034061253020,9,2024-12-16,2024-12-16
belitung.tribunnews.com,Page,N/A,N/A,belitung.tribunnews.com/2017/08/25/alamak-gebby-vesta-punya-video-ranjang-bukti-pernah-ml-dengan-aktor-india,No,Google-served ads obscuring content,Restricted ad serving,ca-pub-7784034061253020,9,2024-12-16,2024-12-16
belitung.tribunnews.com,Page,N/A,N/A,belitung.tribunnews.com/2017/07/24/wanita-pemandu-lagu-inul-vizta-beberkan-layanan-striptis-hingga-ml-di-room-karaoke,No,Shocking content,Restricted ad serving,ca-pub-7784034061253020,9,2024-12-15,2024-12-15
belitung.tribunnews.com,Page,N/A,N/A,belitung.tribunnews.com/2016/08/01/video-penggerebekan-pasangan-mesum-beredar-di-facebook-logat-bahasa-bangka,No,Adult: Sexual content,Restricted ad serving,ca-pub-7784034061253020,9,2024-12-15,2024-12-17
belitung.tribunnews.com,Page,N/A,N/A,belitung.tribunnews.com/2016/05/17/gagang-cangkul-itu-masuk-ke-kelamin-korban-kurang-lebih-60-sentimeter,No,Shocking content,Restricted ad serving,ca-pub-7784034061253020,9,2024-12-15,2024-12-15
belitung.tribunnews.com,Page,N/A,N/A,belitung.tribunnews.com/2016/04/18/mau-tahu-berapa-tarif-dj-gia-sekali-tampil-berani,No,Google-served ads obscuring content,Restricted ad serving,ca-pub-7784034061253020,9,2024-12-15,2024-12-17
belitung.tribunnews.com,Page,N/A,N/A,belitung.tribunnews.com/2016/03/16/boneka-seks-mirip-anak-kecil-dipasarkan-mulai-2016-seharga-rp-145-juta,No,Adult: Sexual content,Restricted ad serving,ca-pub-7784034061253020,9,2024-12-15,2024-12-15
batam.tribunnews.com,Page,N/A,N/A,batam.tribunnews.com/topic/heboh-mahasiswi-bispak,No,Adult: Sexual content,Restricted ad serving,ca-pub-7784034061253020,9,2024-12-15,2024-12-17
banjarmasin.tribunnews.com,Page,N/A,N/A,banjarmasin.tribunnews.com/tag/lokalisasi-ria-begau,No,Adult: Sexual content,Restricted ad serving,ca-pub-7784034061253020,9,2024-12-15,2024-12-15
banjarmasin.tribunnews.com,Page,N/A,N/A,banjarmasin.tribunnews.com/2015/05/31/bucek-tewas-dibacok-teman,No,Shocking content,Restricted ad serving,ca-pub-7784034061253020,9,2024-12-16,2024-12-16
bangka.tribunnews.com,Page,N/A,N/A,bangka.tribunnews.com/2020/11/28/ini-daftar-27-link-situs-nonton-film-online-terbaru-subtitle-indonesia-link-alternatif-selain-lk21,No,Google-served ads obscuring content,Restricted ad serving,ca-pub-7784034061253020,9,2024-12-16,2024-12-16
bangka.tribunnews.com,Page,N/A,N/A,bangka.tribunnews.com/2019/10/31/inilah-fakta-fakta-viral-video-mesum-mirip-nagita-istri-raffi-di-medsos-gisel-pun-ikut-komentar,No,Google-served ads obscuring content,Restricted ad serving,ca-pub-7784034061253020,9,2024-12-12,2024-12-16
bangka.tribunnews.com,Page,N/A,N/A,bangka.tribunnews.com/2019/04/25/deretan-fakta-video-abg-berhubungan-intim-di-mobil-viral-di-media-sosial-terdengar-suara-radio,No,Adult: Sexual content,Restricted ad serving,ca-pub-7784034061253020,9,2024-12-14,2024-12-17
bangka.tribunnews.com,Page,N/A,N/A,bangka.tribunnews.com/2018/04/26/jajakan-calon-pengantin-hingga-daging-manusia-inilah-6-pasar-paling-aneh-di-dunia,Yes,Site Behavior: Navigation,Restricted ad serving,ca-pub-7784034061253020,9,2024-12-15,2024-12-15
bangka.tribunnews.com,Page,N/A,N/A,bangka.tribunnews.com/2018/01/10/tante-muda-pemeran-video-mesum-bersama-bocah-bandung-ternyata-bekerja-di-tempat-ini,No,Adult: Sexual content,Restricted ad serving,ca-pub-7784034061253020,9,2024-12-12,2024-12-16
bangka.tribunnews.com,Page,N/A,N/A,bangka.tribunnews.com/2017/05/06/jadic-viral-foto-syur-cewek-berseragam-sma-ini-ada-yang-rok-diangkat-kancing-seragam-dibuka-lalu,No,Shocking content,Restricted ad serving,ca-pub-7784034061253020,9,2024-12-12,2024-12-16
bangka.tribunnews.com,Page,N/A,N/A,bangka.tribunnews.com/2017/03/30/tanpa-malu-dan-canggung-para-wanita-cantik-seksi-ini-pasang-kondom-di-muka,No,Adult: Sexual content,Restricted ad serving,ca-pub-7784034061253020,9,2024-12-15,2024-12-15
bali.tribunnews.com,Page,N/A,N/A,bali.tribunnews.com/2019/02/13/cokelat-bentuk-mr-p-laris-manis-jelang-valentine-made-wira-astika-sampai-kelabakan-layani-pemesan,No,Adult: Sexual content,Restricted ad serving,ca-pub-7784034061253020,9,2024-12-16,2024-12-16
bali.tribunnews.com,Page,N/A,N/A,bali.tribunnews.com/2018/01/09/pemeran-wanita-pada-video-porno-bareng-bocah-sudah-syuting-2-kali-polisi-duga-dijual-ke-bali,No,Adult: Sexual content,Restricted ad serving,ca-pub-7784034061253020,9,2024-12-15,2024-12-17
bali.tribunnews.com,Page,N/A,N/A,bali.tribunnews.com/2017/12/12/syok-goyangan-baru-pamela-safitri-dinar-candy-bikin-melongo-pamer-adegan-begini,No,Adult: Sexual content;Shocking content,Restricted ad serving,ca-pub-7784034061253020,9,2024-12-17,2024-12-17
bali.tribunnews.com,Page,N/A,N/A,bali.tribunnews.com/2017/10/18/viral-gadis-sma-posting-foto-tak-biasa-di-facebook-ada-cairan-kental-di-wajahnya,No,Shocking content,Restricted ad serving,ca-pub-7784034061253020,9,2024-12-17,2024-12-17
bali.tribunnews.com,Page,N/A,N/A,bali.tribunnews.com/2017/09/30/ini-alasan-kenapa-wanita-wajib-buang-air-kecil-setelah-bercinta,No,Adult: Sexual content,Restricted ad serving,ca-pub-7784034061253020,9,2024-12-11,2024-12-15
bali.tribunnews.com,Page,N/A,N/A,bali.tribunnews.com/2017/06/14/dijuluki-bom-seks-hingga-berani-akting-telanjang-dada-nasibnya-kini-jualan-lontong?page=2,No,Adult: Sexual content,Restricted ad serving,ca-pub-7784034061253020,9,2024-12-17,2024-12-17
bali.tribunnews.com,Page,N/A,N/A,bali.tribunnews.com/2017/01/20/video-nikita-mirzani-ngaku-dibayar-rp-800-juta-ketika-payudaranya-diraba-pria,Yes,Site Behavior: Navigation,Restricted ad serving,ca-pub-7784034061253020,9,2024-12-16,2024-12-16
aceh.tribunnews.com,Page,N/A,N/A,aceh.tribunnews.com/2022/03/26/pengantin-pria-gugat-cerai-wanita-yang-baru-dinikahi-setelah-melihat-paha-istrinya-di-malam-pertama?page=3,No,Shocking content,Restricted ad serving,ca-pub-7784034061253020,9,2024-12-16,2024-12-16
aceh.tribunnews.com,Page,N/A,N/A,aceh.tribunnews.com/2019/02/03/kambing-hamil-diperkosa-8-orang-hingga-tewas-kelainan-seksual-melibatkan-hewan-sulit-disembuhkan,No,Shocking content,Restricted ad serving,ca-pub-7784034061253020,9,2024-12-12,2024-12-17
aceh.tribunnews.com,Page,N/A,N/A,aceh.tribunnews.com/2017/08/08/kyriad-jaringan-hotel-perancis-ini-akan-menjadi-yang-tertinggi-di-banda-aceh,No,Shocking content,Restricted ad serving,ca-pub-7784034061253020,9,2024-12-17,2024-12-17
www.tribunnewswiki.com,Page,N/A,N/A,www.tribunnewswiki.com/2019/12/28/3-skandal-cupi-cupita-baju-melorot-saat-manggung-hingga-video-syur-mirip-dirinya?page=3,No,Adult: Sexual content,Restricted ad serving,ca-pub-7784034061253020,8,2024-12-16,2024-12-16
www.tribunnewswiki.com,Page,N/A,N/A,www.tribunnewswiki.com/2019/08/27/kota-samarinda,Yes,Content obscuring Google-served ads;Google-served ads obscuring content;Modified ad code: Resizing Ad Frames,Restricted ad serving,ca-pub-7784034061253020,8,2024-12-15,2024-12-15
www.tribunnews.com,Page,N/A,N/A,www.tribunnews.com/travel/2019/04/09/ternyata-sabung-ayam-jadi-olahraga-primadona-di-filipina-dianggap-sebagai-industri-miliaran-dolar,No,Shocking content,Restricted ad serving,ca-pub-7784034061253020,8,2024-12-13,2024-12-17
www.tribunnews.com,Page,N/A,N/A,www.tribunnews.com/regional/2022/11/14/doloksanggul-geger-suami-bunuh-dan-mutilasi-istri-di-hadapan-anak-sakit-hati-korban-selingkuh,Yes,Ads Disguised as Content,Restricted ad serving,ca-pub-7784034061253020,8,2024-12-15,2024-12-17
www.tribunnews.com,Page,N/A,N/A,www.tribunnews.com/regional/2018/08/21/18-psk-terjaring-razia-di-jember,No,Shocking content,Restricted ad serving,ca-pub-7784034061253020,8,2024-12-12,2024-12-17
www.tribunnews.com,Page,N/A,N/A,www.tribunnews.com/regional/2018/02/23/tawarkan-jasa-pijat-plus-sesama-jenis-tiga-pria-diamankan-di-surabaya,Yes,Site Behavior: Navigation,Restricted ad serving,ca-pub-7784034061253020,8,2024-12-15,2024-12-15
www.tribunnews.com,Page,N/A,N/A,www.tribunnews.com/regional/2018/02/23/ini-modus-prostitusi-online-di-manado-aman-cepat-terhapus-dan-pakai-kode-tertentu,No,Adult: Sexual content,Restricted ad serving,ca-pub-7784034061253020,8,2024-12-13,2024-12-17
www.tribunnews.com,Page,N/A,N/A,www.tribunnews.com/metropolitan/2017/10/09/ini-deretan-foto-kondisi-spa-khusus-gay-di-harmoni-resepsionis-sampai-kolam-khusus,No,Adult: Sexual content,Restricted ad serving,ca-pub-7784034061253020,8,2024-12-14,2024-12-15
www.tribunnews.com,Page,N/A,N/A,www.tribunnews.com/kesehatan/2018/02/07/fakta-tentang-petting-yang-bisa-bikin-hamil-remaja-perlu-tahu,No,Adult: Sexual content,Restricted ad serving,ca-pub-7784034061253020,8,2024-12-15,2024-12-17
www.tribunnews.com,Page,N/A,N/A,www.tribunnews.com/internasional/2019/02/13/bandara-ditutup-2-jam-gara-gara-ada-perempuan-telanjang-di-landasan-bandara,No,Adult: Sexual content,Restricted ad serving,ca-pub-7784034061253020,8,2024-12-14,2024-12-17
www.tribunnews.com,Page,N/A,N/A,www.tribunnews.com/internasional/2016/11/15/wanita-cantik-ini-minum-sperma-setiap-pagi-untuk-meningkatkan-energi-dan-perawatan-kulit,No,Shocking content,Restricted ad serving,ca-pub-7784034061253020,8,2024-12-16,2024-12-17
www.tribunnews.com,Page,N/A,N/A,www.tribunnews.com/internasional/2016/11/08/payudaranya-tercantik-di-jepang-bersedia-menyusui-anaknya-kalau-lahir-nanti,No,Adult: Sexual content,Restricted ad serving,ca-pub-7784034061253020,8,2024-12-14,2024-12-15
www.tribunnews.com,Page,N/A,N/A,www.tribunnews.com/internasional/2016/10/27/wanita-jepang-ini-dinobatkan-memiliki-payudara-terindah,No,Adult: Sexual content,Restricted ad serving,ca-pub-7784034061253020,8,2024-12-11,2024-12-16
www.tribunnews.com,Page,N/A,N/A,www.tribunnews.com/internasional/2010/09/20/bejat-winfaidah-diperkosa-dan-dipaksa-melakukan-threesome,No,Google-served ads obscuring content,Restricted ad serving,ca-pub-7784034061253020,8,2024-12-15,2024-12-15
wartakota.tribunnews.com,Page,N/A,N/A,wartakota.tribunnews.com/2021/10/16/han-so-hee-bercinta-di-my-name-netizen-langsung-kasihan-dengan-song-kang,Yes,Ads Disguised as Content,Restricted ad serving,ca-pub-7784034061253020,8,2024-12-12,2024-12-15
wartakota.tribunnews.com,Page,N/A,N/A,wartakota.tribunnews.com/2019/06/25/video-digerebek-satpol-pp-tangsel-terapis-panti-pijat-di-bsd-bilang-pakai-baju-dulu-inih,No,Adult: Sexual content,Restricted ad serving,ca-pub-7784034061253020,8,2024-12-14,2024-12-15
wartakota.tribunnews.com,Page,N/A,N/A,wartakota.tribunnews.com/2017/01/22/sambil-mainin-bra-gadis-kecil-ini-juga-merokok-sambil-goyang-pantat-jadi-viral-di-medsos,Yes,Mislabeled Ads;Site Behavior: Navigation,Restricted ad serving,ca-pub-7784034061253020,8,2024-12-16,2024-12-17
wartakota.tribunnews.com,Page,N/A,N/A,wartakota.tribunnews.com/2015/07/23/inilah-asyiknya-lihat-wanita-orgasme,No,Adult: Sexual content,Restricted ad serving,ca-pub-7784034061253020,8,2024-12-14,2024-12-15
wartakota.tribunnews.com,Page,N/A,N/A,wartakota.tribunnews.com/2015/07/16/perempuan-ini-aniaya-pasangan-lesbian-pakai-alat-bantu-seks,No,Adult: Sexual content,Restricted ad serving,ca-pub-7784034061253020,8,2024-12-13,2024-12-16
wartakota.tribunnews.com,Page,N/A,N/A,wartakota.tribunnews.com/2015/03/19/mrs-v-anda-keriput-ini-artinya,No,Shocking content,Restricted ad serving,ca-pub-7784034061253020,8,2024-12-16,2024-12-16
wartakota.tribunnews.com,Page,N/A,N/A,wartakota.tribunnews.com/2014/05/15/karaoke-dan-salon-plus-menjamur-di-pasar-rumput-manggarai-jaksel,No,Adult: Sexual content,Restricted ad serving,ca-pub-7784034061253020,8,2024-12-15,2024-12-15
travel.tribunnews.com,Page,N/A,N/A,travel.tribunnews.com/2018/01/08/jleb-banget-10-ilustrasi-ini-ungkap-realita-kehidupan-di-zaman-now-bikin-elus-dada,Yes,Site Behavior: Navigation,Restricted ad serving,ca-pub-7784034061253020,8,2024-12-16,2024-12-16
suryamalang.tribunnews.com,Page,N/A,N/A,suryamalang.tribunnews.com/2019/05/13/video-viral-gadis-abg-buka-baju-saat-sahur-on-the-road-sambil-kebut-kebutan-ini-identitas-si-pelaku,No,Adult: Sexual content,Restricted ad serving,ca-pub-7784034061253020,8,2024-12-12,2024-12-16
suryamalang.tribunnews.com,Page,N/A,N/A,suryamalang.tribunnews.com/2018/04/23/kuli-bangunan-di-lamongan-hilang-kendali-saat-lihat-tante-tidur-pakai-baju-seksi-akibatnya-fatal,No,Shocking content,Restricted ad serving,ca-pub-7784034061253020,8,2024-12-16,2024-12-16
surabaya.tribunnews.com,Page,N/A,N/A,surabaya.tribunnews.com/2017/11/17/wanita-ini-siang-kerja-sebagai-karyawati-malamnya-nyambi-jadi-psk-ternyata-segini-tarifnya,No,Adult: Sexual content,Restricted ad serving,ca-pub-7784034061253020,8,2024-12-13,2024-12-15
sumsel.tribunnews.com,Page,N/A,N/A,sumsel.tribunnews.com/2017/11/05/penyebar-video-mesum-alumni-sma-samarinda-ditangkap-terungkap-ternyata-ada-yang-21-menit,No,Adult: Sexual content,Restricted ad serving,ca-pub-7784034061253020,8,2024-12-13,2024-12-16
sumsel.tribunnews.com,Page,N/A,N/A,sumsel.tribunnews.com/2016/09/25/pembantu-pergoki-majikan-berhubungan-intim-dengan-sopir-pribadi,No,Adult: Sexual content,Restricted ad serving,ca-pub-7784034061253020,8,2024-12-13,2024-12-16
style.tribunnews.com,Page,N/A,N/A,style.tribunnews.com/amp/2017/08/22/4-anime-dewasa-yang-tidak-boleh-ditonton-anak-kecil-awas-banyak-adegan-erotisnya,No,Adult: Sexual content,Restricted ad serving,ca-pub-7784034061253020,8,2024-12-14,2024-12-15
style.tribunnews.com,Page,N/A,N/A,style.tribunnews.com/2016/12/17/cari-tahu-yuk-karakter-cowok-lewat-11-jenis-kumis-dan-jenggot-mereka-ada-yang-bikin-melting,Yes,Site Behavior: Navigation,Restricted ad serving,ca-pub-7784034061253020,8,2024-12-15,2024-12-16
style.tribunnews.com,Page,N/A,N/A,style.tribunnews.com/2016/08/21/tentang-perempuan-jauh-dari-pasangan-benda-ini-biasa-digunakan-wanita-untuk-tuntaskan-birahinya,No,Adult: Sexual content,Restricted ad serving,ca-pub-7784034061253020,8,2024-12-11,2024-12-17
pekanbaru.tribunnews.com,Page,N/A,N/A,pekanbaru.tribunnews.com/2022/05/24/berhubungan-intim-di-atas-ayunan-taman-sepasang-abg-di-pekalongan-ini-berceceran,Yes,Google-served ads obscuring content;Modified Javascript: Ads by Google size,Restricted ad serving,ca-pub-7784034061253020,8,2024-12-14,2024-12-15
pekanbaru.tribunnews.com,Page,N/A,N/A,pekanbaru.tribunnews.com/2022/01/15/video-viral-tiktok-twitter-41-detik-sejoli-berhubungan-tapi-zoom-lupa-dimatikan,Yes,Ads Disguised as Content,Restricted ad serving,ca-pub-7784034061253020,8,2024-12-12,2024-12-16
pekanbaru.tribunnews.com,Page,N/A,N/A,pekanbaru.tribunnews.com/2020/01/16/awalnya-terpaksa-5-cewek-seksi-ini-akhirnya-menikmati-adegan-ranjang-rela-lakukan-simulasi,No,Adult: Sexual content,Restricted ad serving,ca-pub-7784034061253020,8,2024-12-11,2024-12-17
pekanbaru.tribunnews.com,Page,N/A,N/A,pekanbaru.tribunnews.com/2018/04/29/tak-mau-bayar-sesuai-tarif-seorang-psk-bikin-pria-ini-menyesal-seumur-hidup,No,Shocking content,Restricted ad serving,ca-pub-7784034061253020,8,2024-12-13,2024-12-15
palembang.tribunnews.com,Page,N/A,N/A,palembang.tribunnews.com/tag/video-mesum-gisel,Yes,Google-served ads on screens without publisher-content,Restricted ad serving,ca-pub-7784034061253020,8,2024-12-14,2024-12-16
palembang.tribunnews.com,Page,N/A,N/A,palembang.tribunnews.com/2019/10/26/adegan-video-syur-mirip-gisella-anastasia-viral-berikut-kontroversi-eks-gading-marten-suka-party,No,Adult: Sexual content,Restricted ad serving,ca-pub-7784034061253020,8,2024-12-14,2024-12-16
newsmaker.tribunnews.com,Page,N/A,N/A,newsmaker.tribunnews.com/2022/11/09/cerita-wanita-kebaya-merah-buat-cerita-video-syur-sesuai-pesanan-pelanggan-bebas-pilihkan-kostum,Yes,Ads Disguised as Content,Restricted ad serving,ca-pub-7784034061253020,8,2024-12-16,2024-12-16
manado.tribunnews.com,Page,N/A,N/A,manado.tribunnews.com/2019/01/31/heboh-video-mesum-remaja-menyebar-diwhatsapp-lokasi-pengambilan-video-diduga-di-langowan-minahasa,No,Shocking content,Restricted ad serving,ca-pub-7784034061253020,8,2024-12-13,2024-12-15
makassar.tribunnews.com,Page,N/A,N/A,makassar.tribunnews.com/2019/09/01/fakta-3-video-mesum-mahasiswi-banjarmasin-viral-durasi-hingga-alasan-g-n-rekam-hubungan-badannya?page=3,No,Adult: Sexual content,Restricted ad serving,ca-pub-7784034061253020,8,2024-12-15,2024-12-15
m.tribunnews.com,Page,N/A,N/A,m.tribunnews.com/tag/threesome,No,Adult: Sexual content,Restricted ad serving,ca-pub-7784034061253020,8,2024-12-14,2024-12-16
m.tribunnews.com,Page,N/A,N/A,m.tribunnews.com/tag/telanjang,No,Adult: Sexual content,Restricted ad serving,ca-pub-7784034061253020,8,2024-12-15,2024-12-17
m.tribunnews.com,Page,N/A,N/A,m.tribunnews.com/tag/tanpa-busana,No,Adult: Sexual content,Restricted ad serving,ca-pub-7784034061253020,8,2024-12-11,2024-12-15
m.tribunnews.com,Page,N/A,N/A,m.tribunnews.com/tag/sepasang-remaja-ciuman-bibir,Yes,More ads or paid promotional material than publisher-content,Restricted ad serving,ca-pub-7784034061253020,8,2024-12-15,2024-12-15
m.tribunnews.com,Page,N/A,N/A,m.tribunnews.com/tag/pesta-seks-kaum-homo,No,Adult: Sexual content,Restricted ad serving,ca-pub-7784034061253020,8,2024-12-15,2024-12-16
m.tribunnews.com,Page,N/A,N/A,m.tribunnews.com/seleb/2019/12/29/konten-cupi-cupita-pedangdut-duo-gobas-sering-dinilai-seronok-ini-kata-pakar-hukum-soal-pornografi,No,Adult: Sexual content,Restricted ad serving,ca-pub-7784034061253020,8,2024-12-16,2024-12-16
m.tribunnews.com,Page,N/A,N/A,m.tribunnews.com/regional/2018/10/09/jika-masuk-pelanggaran-berat-pelaku-dan-perekam-video-asusila-terancam-di-do,No,Adult: Sexual content,Restricted ad serving,ca-pub-7784034061253020,8,2024-12-15,2024-12-15
m.tribunnews.com,Page,N/A,N/A,m.tribunnews.com/regional/2017/10/23/beberapa-pasangan-asyik-begituan-di-kamar-mandi-tepergok-satpol-pp-lihat-videonya,Yes,Site Behavior: Navigation,Restricted ad serving,ca-pub-7784034061253020,8,2024-12-16,2024-12-16
m.tribunnews.com,Page,N/A,N/A,m.tribunnews.com/lifestyle/2016/11/17/wanita-ini-minum-sperma-sahabatnya-setiap-pagi,Yes,Shocking content;Site Behavior: Navigation,Restricted ad serving,ca-pub-7784034061253020,8,2024-12-15,2024-12-15
m.tribunnews.com,Page,N/A,N/A,m.tribunnews.com/lifestyle/2014/05/20/lima-kisah-berikut-jadi-bukti-malam-pertama-pengantin-baru-tak-selalu-indah,No,Adult: Sexual content,Restricted ad serving,ca-pub-7784034061253020,8,2024-12-16,2024-12-16
m.tribunnews.com,Page,N/A,N/A,m.tribunnews.com/kesehatan/2014/09/21/tanpa-obat-kuat-ini-empat-cara-mendongkrak-keperkasaan-mr-p-yang-loyo,No,Adult: Sexual content,Restricted ad serving,ca-pub-7784034061253020,8,2024-12-16,2024-12-16
m.tribunnews.com,Page,N/A,N/A,m.tribunnews.com/internasional/2017/06/26/ini-jawaban-artis-jepang-miyabi-atas-wajah-viral-wanita-indonesia-yang-mirip-dirinya,No,Shocking content,Restricted ad serving,ca-pub-7784034061253020,8,2024-12-15,2024-12-15
m.tribunnews.com,Page,N/A,N/A,m.tribunnews.com/images/seleb/view/385752/roro-fitria,No,Adult: Sexual content,Restricted ad serving,ca-pub-7784034061253020,8,2024-12-16,2024-12-16
lampung.tribunnews.com,Page,N/A,N/A,lampung.tribunnews.com/2018/01/06/viral-video-mesum-bocah-dengan-tante-geger-aksi-cabul-itu-diduga-terjadi-di-bulan-puasa,No,Shocking content,Restricted ad serving,ca-pub-7784034061253020,8,2024-12-11,2024-12-15
kupang.tribunnews.com,Page,N/A,N/A,kupang.tribunnews.com/2019/05/12/ukuran-kelamin-anda-kecil-jangan-operasi-untuk-pembesaran-nanti-mengecewakan,No,Adult: Sexual content,Restricted ad serving,ca-pub-7784034061253020,8,2024-12-15,2024-12-15
kupang.tribunnews.com,Page,N/A,N/A,kupang.tribunnews.com/2018/03/08/ingin-gunakan-sex-toys-tahu-dulu-fungsi-dan-dampak-negatifnya,No,Adult: Sexual content,Restricted ad serving,ca-pub-7784034061253020,8,2024-12-17,2024-12-17
kupang.tribunnews.com,Page,N/A,N/A,kupang.tribunnews.com/2017/08/21/inilah-8-kasus-tersebarnya-foto-bugil-dan-video-mesum-yang-pernah-terjadi-di-ntt-nomor-4-viral?page=all,No,Adult: Sexual content,Restricted ad serving,ca-pub-7784034061253020,8,2024-12-16,2024-12-16
kaltim.tribunnews.com,Page,N/A,N/A,kaltim.tribunnews.com/2017/12/01/agar-suami-istri-makin-mesra-ini-10-teknik-bercinta-yang-bikin-performa-lebih-baik,No,Adult: Sexual content,Restricted ad serving,ca-pub-7784034061253020,8,2024-12-12,2024-12-17
jogja.tribunnews.com,Page,N/A,N/A,jogja.tribunnews.com/2021/06/04/viral-video-pesta-seks-di-sebuah-villa-di-bali-pelaku-sengaja-unggah-lewat-tiktok,Yes,Ads Disguised as Content,Restricted ad serving,ca-pub-7784034061253020,8,2024-12-11,2024-12-16
jogja.tribunnews.com,Page,N/A,N/A,jogja.tribunnews.com/2017/09/21/video-perempuan-bertato-tanpa-baju-ini-merintih-di-atas-ranjang-jangan-ngeres-ya,Yes,Site Behavior: Navigation,Restricted ad serving,ca-pub-7784034061253020,8,2024-12-14,2024-12-15
jogja.tribunnews.com,Page,N/A,N/A,jogja.tribunnews.com/2016/12/10/kebiasaan-aneh-pelanggan-psk-yang-dibongkar-di-forum-rahasia,No,Shocking content,Restricted ad serving,ca-pub-7784034061253020,8,2024-12-17,2024-12-17
jatim.tribunnews.com,Page,N/A,N/A,jatim.tribunnews.com/2021/03/30/akhir-tragis-mahasiswi-diperkosa-psikopat-dibunuh-hingga-kepala-direbus-polisi-syok-gerebek-pelaku,Yes,Ads Disguised as Content,Restricted ad serving,ca-pub-7784034061253020,8,2024-12-15,2024-12-17
jatim.tribunnews.com,Page,N/A,N/A,jatim.tribunnews.com/2021/01/01/mabuk-berakhir-di-ranjang-dan-suka-sama-suka-video-syur-gisel-berawal-dari-myd-terbang-jepang-medan,No,Google-served ads obscuring content,Restricted ad serving,ca-pub-7784034061253020,8,2024-12-15,2024-12-15
jatim.tribunnews.com,Page,N/A,N/A,jatim.tribunnews.com/2019/02/13/terdeteksi-x-ray-di-kantor-pos-bea-cukai-kediri-sita-puluhan-sex-toys-siap-jual-dari-tiongkok,No,Adult: Sexual content,Restricted ad serving,ca-pub-7784034061253020,8,2024-12-16,2024-12-16
jatim.tribunnews.com,Page,N/A,N/A,jatim.tribunnews.com/2018/01/30/sebelum-berhubungan-intim-dengan-7-bocah-laki-laki-wanita-ini-menari-telanjang-dulu-di-depan-mereka,No,Adult: Sexual content,Restricted ad serving,ca-pub-7784034061253020,8,2024-12-13,2024-12-15
jatim.tribunnews.com,Page,N/A,N/A,jatim.tribunnews.com/2017/09/26/astaga-biasa-menor-dan-seksi-foto-lawas-pamela-duo-serigala-no-edit-bikin-netter-kejang-kejang,No,Shocking content,Restricted ad serving,ca-pub-7784034061253020,8,2024-12-12,2024-12-15
jatim.tribunnews.com,Page,N/A,N/A,jatim.tribunnews.com/2017/02/24/video-ngakak-bertemu-camer-perempuan-ini-tak-sadar-pakai-celana-dalam-bergetar,Yes,Site Behavior: Navigation,Restricted ad serving,ca-pub-7784034061253020,8,2024-12-15,2024-12-15
jateng.tribunnews.com,Page,N/A,N/A,jateng.tribunnews.com/2018/01/11/fakta-terbaru-dari-kasus-video-mesum-tante-vs-keponakan-bikin-geleng-geleng-kepala,No,Adult: Sexual content;Shocking content,Restricted ad serving,ca-pub-7784034061253020,8,2024-12-11,2024-12-16
jateng.tribunnews.com,Page,N/A,N/A,jateng.tribunnews.com/2017/05/04/wanita-ini-langsung-remas-dan-intip-payudara-reporter-jepang-katanya-putih-dan-bagus,No,Adult: Sexual content,Restricted ad serving,ca-pub-7784034061253020,8,2024-12-13,2024-12-15
jateng.tribunnews.com,Page,N/A,N/A,jateng.tribunnews.com/2016/09/24/setelah-skandal-beredarnya-foto-pns-bugil-bupati-pekalongan-ungkap-fakta-mencengangkan,No,Adult: Sexual content,Restricted ad serving,ca-pub-7784034061253020,8,2024-12-11,2024-12-15
jateng.tribunnews.com,Page,N/A,N/A,jateng.tribunnews.com/2016/03/26/khusus-wanita-inilah-penelitian-ekslusif-apa-yang-terjadi-pada-vagina-saat-berhubungan-intim,No,Adult: Sexual content,Restricted ad serving,ca-pub-7784034061253020,8,2024-12-16,2024-12-16
jateng.tribunnews.com,Page,N/A,N/A,jateng.tribunnews.com/2016/03/03/gila-siswi-sd-ini-dibully-setelah-pasang-foto-telanjang-bersama-pacarnya-di-facebook,No,Adult: Sexual content,Restricted ad serving,ca-pub-7784034061253020,8,2024-12-13,2024-12-17
jambi.tribunnews.com,Page,N/A,N/A,jambi.tribunnews.com/2017/08/08/liburan-cabul-ala-tante-tante-kaya-incar-pria-pengungsi-dan-tanggung-biaya-hidup-dengan-syarat,No,Adult: Sexual content,Restricted ad serving,ca-pub-7784034061253020,8,2024-12-12,2024-12-15
jakarta.tribunnews.com,Page,N/A,N/A,jakarta.tribunnews.com/2021/05/25/liburan-sambil-sewa-psk-pengalaman-alan-booking-online-berujung-kecewa-banyak-tak-sesuai-foto,Yes,Ads Disguised as Content,Restricted ad serving,ca-pub-7784034061253020,8,2024-12-11,2024-12-16
jabar.tribunnews.com,Page,N/A,N/A,jabar.tribunnews.com/2016/03/05/gara-gara-ratusan-foto-wanita-bercinta-dengan-kuda-pria-pelatih-berkuda-ini-dipenjara,No,Adult: Sexual content,Restricted ad serving,ca-pub-7784034061253020,8,2024-12-12,2024-12-16
belitung.tribunnews.com,Page,N/A,N/A,belitung.tribunnews.com/2017/10/09/heboh-video-goyang-hot-dua-cewek-bohay-di-dapur-salah-satunya-penyanyi-dangdut-terkenal?page=2,No,Adult: Sexual content,Restricted ad serving,ca-pub-7784034061253020,8,2024-12-16,2024-12-16
belitung.tribunnews.com,Page,N/A,N/A,belitung.tribunnews.com/2017/08/16/bikin-kaget-jessica-mila-pamer-bagian-sensual-tubuhnya-warganet-bilang-berani-juga,Yes,Site Behavior: Navigation,Restricted ad serving,ca-pub-7784034061253020,8,2024-12-16,2024-12-16
belitung.tribunnews.com,Page,N/A,N/A,belitung.tribunnews.com/2016/06/28/kisah-lelaki-yang-mengaku-bahagia-hidup-bersama-boneka-seks,No,Adult: Sexual content,Restricted ad serving,ca-pub-7784034061253020,8,2024-12-13,2024-12-15
belitung.tribunnews.com,Page,N/A,N/A,belitung.tribunnews.com/2016/05/26/wanita-sering-lakukan-hal-ini-berarti-dia-sedang-menggoda-anda,No,Adult: Sexual content;Shocking content,Restricted ad serving,ca-pub-7784034061253020,8,2024-12-16,2024-12-16
belitung.tribunnews.com,Page,N/A,N/A,belitung.tribunnews.com/2016/03/29/kenali-gairah-seks-wanita-dilihat-dari-zodiaknya?page=all,No,Adult: Sexual content,Restricted ad serving,ca-pub-7784034061253020,8,2024-12-15,2024-12-15
banjarmasin.tribunnews.com,Page,N/A,N/A,banjarmasin.tribunnews.com/2019/06/09/mimpi-berhubungan-intim-termasuk-dengan-bos-atau-rekan-kerja-ini-artinya-bagi-asmara-anda,No,Adult: Sexual content,Restricted ad serving,ca-pub-7784034061253020,8,2024-12-12,2024-12-15
banjarmasin.tribunnews.com,Page,N/A,N/A,banjarmasin.tribunnews.com/2019/04/23/video-mesum-mirip-kriss-hatta-jonatan-christie-richard-kyle-beredar-viral-ini-kata-pengacaranya?page=2,No,Google-served ads obscuring content,Restricted ad serving,ca-pub-7784034061253020,8,2024-12-15,2024-12-15
banjarmasin.tribunnews.com,Page,N/A,N/A,banjarmasin.tribunnews.com/2016/05/17/benar-benar-biadab-hampir-seluruh-ganggang-pacul-ditendang-masuk-ke-kemaluan-enno-farihah,Yes,Ads Disguised as Content,Restricted ad serving,ca-pub-7784034061253020,8,2024-12-15,2024-12-16
banjarmasin.tribunnews.com,Page,N/A,N/A,banjarmasin.tribunnews.com/2015/07/21/video-ibu-melahirkan-di-mobil-hebohkan-youtube,No,Shocking content,Restricted ad serving,ca-pub-7784034061253020,8,2024-12-15,2024-12-15
banjarmasin.tribunnews.com,Page,N/A,N/A,banjarmasin.tribunnews.com/2014/12/15/alat-pijat-dari-jepang-ini-diklaim-bisa-besarkan-payudara,No,Adult: Sexual content,Restricted ad serving,ca-pub-7784034061253020,8,2024-12-14,2024-12-15
bangka.tribunnews.com,Page,N/A,N/A,bangka.tribunnews.com/tag/obat-kuat,No,Adult: Sexual content,Restricted ad serving,ca-pub-7784034061253020,8,2024-12-15,2024-12-15
bangka.tribunnews.com,Page,N/A,N/A,bangka.tribunnews.com/2021/05/04/ribut-dengan-pacar-aming-nekat-gantung-diri-korban-tewas-bertelanjang-dada-dan-pakai-kolor,No,Shocking content,Restricted ad serving,ca-pub-7784034061253020,8,2024-12-17,2024-12-17
bangka.tribunnews.com,Page,N/A,N/A,bangka.tribunnews.com/2019/11/27/video-eks-bintang-film-panas-maria-ozawa-tonton-timnas-indonesia-vs-thailand-miyabi-cium-bendera-ri,No,Shocking content,Restricted ad serving,ca-pub-7784034061253020,8,2024-12-13,2024-12-17
bangka.tribunnews.com,Page,N/A,N/A,bangka.tribunnews.com/2018/02/08/tante-pemeran-video-mesum-bareng-bocah-bandung-melahirkan-anak-ke-11,No,Adult: Sexual content,Restricted ad serving,ca-pub-7784034061253020,8,2024-12-11,2024-12-16
bangka.tribunnews.com,Page,N/A,N/A,bangka.tribunnews.com/2017/08/13/sedang-asyik-asyiknya-begituan-pasutri-ini-kepergok-anak-perempuannya-ini-yang-terjadi,No,Adult: Sexual content,Restricted ad serving,ca-pub-7784034061253020,8,2024-12-16,2024-12-16
bangka.tribunnews.com,Page,N/A,N/A,bangka.tribunnews.com/2017/07/10/bikin-pria-ngiler-di-tempat-ini-pria-rela-antri-untuk-bercinta-dengan-robot-ini-alasan-mengejutkan,No,Adult: Sexual content,Restricted ad serving,ca-pub-7784034061253020,8,2024-12-16,2024-12-16
bangka.tribunnews.com,Page,N/A,N/A,bangka.tribunnews.com/2017/05/03/tertarik-bentuknya-yang-putih-payudara-wanita-jepang-ini-diremas-secara-bergiliran-suku-ini?page=2,No,Adult: Sexual content,Restricted ad serving,ca-pub-7784034061253020,8,2024-12-15,2024-12-15
bangka.tribunnews.com,Page,N/A,N/A,bangka.tribunnews.com/2016/11/20/isteri-idap-kanker-rahim-kerana-suami-gemar-masukkan-jari-tangan,No,Adult: Sexual content,Restricted ad serving,ca-pub-7784034061253020,8,2024-12-13,2024-12-17
bangka.tribunnews.com,Page,N/A,N/A,bangka.tribunnews.com/2016/07/16/begini-mulusnya-winny-putri-lubis-selebgram-yang-doyan-pamer-belahan,No,Shocking content,Restricted ad serving,ca-pub-7784034061253020,8,2024-12-15,2024-12-15
bangka.tribunnews.com,Page,N/A,N/A,bangka.tribunnews.com/2016/02/29/tips-bagi-membuat-wanita-selalu-mencapai-big-o-saat-bercinta,No,Adult: Sexual content,Restricted ad serving,ca-pub-7784034061253020,8,2024-12-16,2024-12-16
bali.tribunnews.com,Page,N/A,N/A,bali.tribunnews.com/2019/07/17/wanita-ini-tak-tahu-organ-intimnya-kemasukkan-mentimun-ini-yang-terjadi-padanya,No,Shocking content,Restricted ad serving,ca-pub-7784034061253020,8,2024-12-15,2024-12-15
bali.tribunnews.com,Page,N/A,N/A,bali.tribunnews.com/2017/11/27/kerap-pamer-alat-vital-pada-ibu-ibu-di-jalan-kebo-iwa-denpasar-ini-pengakuannya-pada-polisi,No,Adult: Sexual content,Restricted ad serving,ca-pub-7784034061253020,8,2024-12-16,2024-12-16
bali.tribunnews.com,Page,N/A,N/A,bali.tribunnews.com/2016/10/31/video-seranjang-bareng-celine-stefan-cantik-banget-pengen-cepat-hamil-ditonton-42-ribu-kali,Yes,Ads Disguised as Content,Restricted ad serving,ca-pub-7784034061253020,8,2024-12-17,2024-12-17
bali.tribunnews.com,Page,N/A,N/A,bali.tribunnews.com/2016/09/12/foto-no-sensor-vinna-panduwinata-beredar-netizen-bilang-super-gede-yaa,No,Adult: Sexual content,Restricted ad serving,ca-pub-7784034061253020,8,2024-12-14,2024-12-17
aceh.tribunnews.com,Page,N/A,N/A,aceh.tribunnews.com/2022/06/21/beredar-video-pasangan-mesum-diduga-dilakukan-di-pantai-bali-polisi-turun-tangan-usut-pelakunya,Yes,Ads Disguised as Content,Restricted ad serving,ca-pub-7784034061253020,8,2024-12-13,2024-12-17
aceh.tribunnews.com,Page,N/A,N/A,aceh.tribunnews.com/2020/11/07/gisella-anastasia-tanggapi-warganet-soal-kamarnya-yang-juga-disebut-mirip-lokasi-video-syur-itu,Yes,Ads Disguised as Content,Restricted ad serving,ca-pub-7784034061253020,8,2024-12-16,2024-12-16
aceh.tribunnews.com,Page,N/A,N/A,aceh.tribunnews.com/2020/10/28/viral-kondom-bekas-muncul-berserakan-di-tengah-jalan-usai-hujan-deras-ini-kata-pak-lurah,No,Adult: Sexual content,Restricted ad serving,ca-pub-7784034061253020,8,2024-12-15,2024-12-15
www.tribunnews.com,Page,N/A,N/A,www.tribunnews.com/seleb/2018/03/03/tobat-bintangi-film-panas-metamorfosa-dan-profesi-terbaru-mia-khalifa-bikin-pangling,No,Adult: Sexual content,Restricted ad serving,ca-pub-7784034061253020,7,2024-12-16,2024-12-16
www.tribunnews.com,Page,N/A,N/A,www.tribunnews.com/seleb/2015/12/11/produser-film-jepang-porno-ini-ingin-lebih-berprestasi-lagi-tahun-depan,No,Adult: Sexual content,Restricted ad serving,ca-pub-7784034061253020,7,2024-12-14,2024-12-17
www.tribunnews.com,Page,N/A,N/A,www.tribunnews.com/regional/2019/08/15/kronologi-terkuaknya-peredaran-video-dewasa-vina-garut-viral-di-medsos-ada-yang-diperjualbelikan,No,Shocking content,Restricted ad serving,ca-pub-7784034061253020,7,2024-12-11,2024-12-16
www.tribunnews.com,Page,N/A,N/A,www.tribunnews.com/regional/2019/07/20/saat-digerebek-polisi-7-orang-pelaku-mesum-marah-marah-dalam-keadaan-tanpa-busana,No,Adult: Sexual content,Restricted ad serving,ca-pub-7784034061253020,7,2024-12-12,2024-12-16
www.tribunnews.com,Page,N/A,N/A,www.tribunnews.com/regional/2017/07/22/kisah-seorang-psk-di-surabaya-titipkan-anak-ke-warung-kopi-saat-layani-pria-hidung-belang,No,Adult: Sexual content,Restricted ad serving,ca-pub-7784034061253020,7,2024-12-16,2024-12-16
www.tribunnews.com,Page,N/A,N/A,www.tribunnews.com/regional/2015/12/18/terima-saja-ajakan-pacar-baru-nginap-di-hotel-ini-akhirnya-yang-terjadi,No,Adult: Sexual content,Restricted ad serving,ca-pub-7784034061253020,7,2024-12-12,2024-12-17
www.tribunnews.com,Page,N/A,N/A,www.tribunnews.com/regional/2010/10/13/raudah-tewas-disiram-getah-cuka-oleh-suami,Yes,Ads Disguised as Content,Restricted ad serving,ca-pub-7784034061253020,7,2024-12-13,2024-12-17
www.tribunnews.com,Page,N/A,N/A,www.tribunnews.com/nasional/2018/06/08/nmh-pemilik-situs-forum-prostitusi-lendircom-ternyata-warga-ambulu-jember,No,Adult: Sexual content,Restricted ad serving,ca-pub-7784034061253020,7,2024-12-14,2024-12-15
www.tribunnews.com,Page,N/A,N/A,www.tribunnews.com/nasional/2018/03/15/jangan-ditiru-viral-anak-kecil-tonton-video-porno-di-samping-ibunya,Yes,Ads Disguised as Content,Restricted ad serving,ca-pub-7784034061253020,7,2024-12-12,2024-12-15
www.tribunnews.com,Page,N/A,N/A,www.tribunnews.com/lifestyle/2018/06/12/niat-pamer-foto-selfie-di-kamar-mandi-unggahan-cewek-ini-malah-jadi-sorotan-ada-yang-janggal,Yes,Adult: Sexual content;Site Behavior: Navigation,Restricted ad serving,ca-pub-7784034061253020,7,2024-12-16,2024-12-16
www.tribunnews.com,Page,N/A,N/A,www.tribunnews.com/lifestyle/2015/04/06/tiga-hal-yang-diinginkan-pria-ketika-menggoda-wanita,No,Adult: Sexual content,Restricted ad serving,ca-pub-7784034061253020,7,2024-12-16,2024-12-17
www.tribunnews.com,Page,N/A,N/A,www.tribunnews.com/lifestyle/2014/08/09/cowok-italia-paling-banyak-jadi-target-fantasi-seks-wanita,No,Adult: Sexual content,Restricted ad serving,ca-pub-7784034061253020,7,2024-12-12,2024-12-16
www.tribunnews.com,Page,N/A,N/A,www.tribunnews.com/lifestyle/2014/03/25/susah-orgasme-bagi-wanita-bisa-dibantu-dengan-remote-control-ini,No,Adult: Sexual content,Restricted ad serving,ca-pub-7784034061253020,7,2024-12-14,2024-12-16
www.tribunnews.com,Page,N/A,N/A,www.tribunnews.com/kesehatan/2012/09/27/hubungan-seksual-pertama-kali-umumnya-pada-umur-23-tahun,No,Adult: Sexual content,Restricted ad serving,ca-pub-7784034061253020,7,2024-12-11,2024-12-15
www.tribunnews.com,Page,N/A,N/A,www.tribunnews.com/bisnis/2021/12/20/kiat-sukses-jadi-agen-brilink-leni-rela-keliling-jemput-bola-buat-jaga-pelanggan,Yes,Ads Disguised as Content,Restricted ad serving,ca-pub-7784034061253020,7,2024-12-16,2024-12-16
wow.tribunnews.com,Page,N/A,N/A,wow.tribunnews.com/2018/01/18/heboh-beredar-video-mesum-pelajar-smp-dan-smk-asal-semarang,No,Adult: Sexual content,Restricted ad serving,ca-pub-7784034061253020,7,2024-12-16,2024-12-17
wow.tribunnews.com,Page,N/A,N/A,wow.tribunnews.com/2017/08/03/viral-foto-cewek-berjilbab-pamer-bra-dan-payudara-di-jembatan-suramadu,No,Adult: Sexual content,Restricted ad serving,ca-pub-7784034061253020,7,2024-12-16,2024-12-16
wartakota.tribunnews.com,Page,N/A,N/A,wartakota.tribunnews.com/2020/01/30/polisi-tangkap-candoleng-doleng-pedangdut-seksi-telanjang-dada-di-panggung-bra-jadi-barang-bukti,No,Shocking content,Restricted ad serving,ca-pub-7784034061253020,7,2024-12-12,2024-12-15
wartakota.tribunnews.com,Page,N/A,N/A,wartakota.tribunnews.com/2019/10/04/beredar-video-panas-diduga-dj-bebby-fey-dengan-pria-misterius-bukan-atta-halilintar,No,Adult: Sexual content,Restricted ad serving,ca-pub-7784034061253020,7,2024-12-11,2024-12-15
wartakota.tribunnews.com,Page,N/A,N/A,wartakota.tribunnews.com/2017/12/28/demi-fantasi-seks-driver-ojek-online-jual-isteri-untuk-threesome,No,Adult: Sexual content,Restricted ad serving,ca-pub-7784034061253020,7,2024-12-17,2024-12-17
wartakota.tribunnews.com,Page,N/A,N/A,wartakota.tribunnews.com/2015/09/27/semakin-tua-wanita-sangat-menikmati-hubungan-intim,No,Adult: Sexual content,Restricted ad serving,ca-pub-7784034061253020,7,2024-12-15,2024-12-15
wartakota.tribunnews.com,Page,N/A,N/A,wartakota.tribunnews.com/2015/09/25/wahai-kaum-wanita-ini-lho-kode-kode-ajakan-dari-suami,No,Adult: Sexual content,Restricted ad serving,ca-pub-7784034061253020,7,2024-12-17,2024-12-17
surabaya.tribunnews.com,Page,N/A,N/A,surabaya.tribunnews.com/2017/01/09/video-23-pegulat-seksi-siap-layani-para-pria-di-ruang-pasrah-selanjutnya,No,Adult: Sexual content,Restricted ad serving,ca-pub-7784034061253020,7,2024-12-14,2024-12-17
sumsel.tribunnews.com,Page,N/A,N/A,sumsel.tribunnews.com/2018/01/12/video-mesum-anak-vs-tante-ternyata-dibuat-di-bulan-puasa-ini-obrolan-mengejutkan-tante-tante,No,Adult: Sexual content,Restricted ad serving,ca-pub-7784034061253020,7,2024-12-11,2024-12-15
sumsel.tribunnews.com,Page,N/A,N/A,sumsel.tribunnews.com/2016/07/01/wow-wanita-cantik-ini-lupa-nggak-pakai-celana-dalam-saat-belanja-di-mal,No,Google-served ads obscuring content,Restricted ad serving,ca-pub-7784034061253020,7,2024-12-15,2024-12-16
style.tribunnews.com,Page,N/A,N/A,style.tribunnews.com/2016/09/02/selebgram-dunia-terseksi-5-model-instagram-ini-dijamin-bikin-mata-kamu-nggak-berkedip,Yes,Site Behavior: Navigation,Restricted ad serving,ca-pub-7784034061253020,7,2024-12-11,2024-12-16
medan.tribunnews.com,Page,N/A,N/A,medan.tribunnews.com/2018/01/30/sunan-kalijaga-pamer-foto-tumpukan-uang-dollar-di-atas-kasur-warganet-ketahuan-bohong,Yes,Site Behavior: Navigation,Restricted ad serving,ca-pub-7784034061253020,7,2024-12-17,2024-12-17
medan.tribunnews.com,Page,N/A,N/A,medan.tribunnews.com/2017/02/06/perempuan-paling-puas-berhubungan-seks-di-usia-33-tahun-ini-sebabnya,No,Adult: Sexual content,Restricted ad serving,ca-pub-7784034061253020,7,2024-12-12,2024-12-15
manado.tribunnews.com,Page,N/A,N/A,manado.tribunnews.com/tag/video-seks-syahrini,Yes,Mislabeled Ads,Restricted ad serving,ca-pub-7784034061253020,7,2024-12-12,2024-12-15
manado.tribunnews.com,Page,N/A,N/A,manado.tribunnews.com/tag/pencabulan,No,Adult: Sexual content,Restricted ad serving,ca-pub-7784034061253020,7,2024-12-16,2024-12-16
manado.tribunnews.com,Page,N/A,N/A,manado.tribunnews.com/2020/11/07/pria-di-video-syur-mirip-gisel-disorot-manajer-gisel-diserang-netizen-19-detik-yang-sangat-mantap,Yes,Ads Disguised as Content,Restricted ad serving,ca-pub-7784034061253020,7,2024-12-15,2024-12-15
makassar.tribunnews.com,Page,N/A,N/A,makassar.tribunnews.com/2017/04/04/ciri-ciri-perempuan-tak-perawan-nomor-2-sangat-mudah-diketahui,No,Adult: Sexual content,Restricted ad serving,ca-pub-7784034061253020,7,2024-12-13,2024-12-17
makassar.tribunnews.com,Page,N/A,N/A,makassar.tribunnews.com/2013/05/30/harga-booking-miyabi-rp-145-juta-sejam,No,Shocking content,Restricted ad serving,ca-pub-7784034061253020,7,2024-12-13,2024-12-16
m.tribunnews.com,Page,N/A,N/A,m.tribunnews.com/tag/mesum?page=2,No,Adult: Sexual content,Restricted ad serving,ca-pub-7784034061253020,7,2024-12-16,2024-12-16
lampung.tribunnews.com,Page,N/A,N/A,lampung.tribunnews.com/2020/05/11/download-film-lucy-in-the-sky-sub-indo-nonton-film-natalie-portman-dan-jon-hamm,Yes,Copyrighted material (DMCA),Disabled ad serving,,7,2024-12-15,2024-12-15
lampung.tribunnews.com,Page,N/A,N/A,lampung.tribunnews.com/2015/04/20/tak-ada-lagi-wajib-kondom-lokalisasi-tegal-panas-makin-liar,No,Adult: Sexual content,Restricted ad serving,ca-pub-7784034061253020,7,2024-12-17,2024-12-17
jogja.tribunnews.com,Page,N/A,N/A,jogja.tribunnews.com/2017/08/08/simpanan-tante-tante-pemuda-pengungsi-ini-dipaksa-bercinta-4-kali-sehari,No,Adult: Sexual content,Restricted ad serving,ca-pub-7784034061253020,7,2024-12-13,2024-12-16
jatim.tribunnews.com,Page,N/A,N/A,jatim.tribunnews.com/2017/04/14/aktor-film-dewasa-tertuta-ini-ungkap-rahasianya-kuat-diatas-ranjang-hingga-usia-82-tahun,No,Adult: Sexual content,Restricted ad serving,ca-pub-7784034061253020,7,2024-12-14,2024-12-15
jateng.tribunnews.com,Page,N/A,N/A,jateng.tribunnews.com/2017/03/05/wisata-unik-seluruh-warga-desa-ini-telanjang-bulat-dalam-beraktivitas-alasannya-tak-masuk-akal,No,Adult: Sexual content,Restricted ad serving,ca-pub-7784034061253020,7,2024-12-16,2024-12-16
jateng.tribunnews.com,Page,N/A,N/A,jateng.tribunnews.com/2016/09/27/gadis-abg-ini-kaget-ayah-kandungnya-yang-telanjang-bulat-minta-dilayani-inilah-akibatnya,No,Adult: Sexual content,Restricted ad serving,ca-pub-7784034061253020,7,2024-12-14,2024-12-16
jateng.tribunnews.com,Page,N/A,N/A,jateng.tribunnews.com/2016/04/15/beredar-video-mesum-sepasang-remaja-di-pantai-bandengan-jepara-ini-kronologis-pembuatannya,No,Adult: Sexual content,Restricted ad serving,ca-pub-7784034061253020,7,2024-12-12,2024-12-17
jambi.tribunnews.com,Page,N/A,N/A,jambi.tribunnews.com/2019/05/31/tragedi-malam-pertama-kesucian-istri-direnggut-tetangga-saat-mati-lampu-kaget-saat-terbangun,No,Adult: Sexual content,Restricted ad serving,ca-pub-7784034061253020,7,2024-12-17,2024-12-17
jambi.tribunnews.com,Page,N/A,N/A,jambi.tribunnews.com/2018/05/23/benarkah-ras-tertentu-mempunyai-ukuran-mr-p-melebihi-yang-lainnya,No,Adult: Sexual content,Restricted ad serving,ca-pub-7784034061253020,7,2024-12-16,2024-12-16
jabar.tribunnews.com,Page,N/A,N/A,jabar.tribunnews.com/2021/11/22/pengobatan-alat-vital-surabaya-a-deni-pahrudin-di-kelasnya,No,Adult: Sexual content,Restricted ad serving,ca-pub-7784034061253020,7,2024-12-11,2024-12-16
banjarmasin.tribunnews.com,Page,N/A,N/A,banjarmasin.tribunnews.com/2016/01/20/sang-istri-dipaksa-jalan-telanjang-akibat-kirim-foto-hot-ke-pria-lain,No,Adult: Sexual content,Restricted ad serving,ca-pub-7784034061253020,7,2024-12-11,2024-12-16
bangka.tribunnews.com,Page,N/A,N/A,bangka.tribunnews.com/tag/dokter-mesum,Yes,Google-served ads on screens without publisher-content,Restricted ad serving,ca-pub-7784034061253020,7,2024-12-14,2024-12-16
bangka.tribunnews.com,Page,N/A,N/A,bangka.tribunnews.com/2018/02/15/cewek-cewek-asal-bandung-beri-servis-seks-begini-modus-dan-tarifnya,No,Adult: Sexual content,Restricted ad serving,ca-pub-7784034061253020,7,2024-12-15,2024-12-16
bangka.tribunnews.com,Page,N/A,N/A,bangka.tribunnews.com/2016/10/09/beredar-foto-marshanda-tampil-seksi-tidur-bareng-pria-bertato,No,Shocking content,Restricted ad serving,ca-pub-7784034061253020,7,2024-12-12,2024-12-16
bangka.tribunnews.com,Page,N/A,N/A,bangka.tribunnews.com/2016/09/27/kecanduan-film-porno-wanita-ini-sanggup-berhubungan-seks-berkali-kali,No,Adult: Sexual content,Restricted ad serving,ca-pub-7784034061253020,7,2024-12-12,2024-12-17
bangka.tribunnews.com,Page,N/A,N/A,bangka.tribunnews.com/2016/05/05/postingan-video-tkw-setengah-telanjang-korban-mutilasi-bikin-heboh,No,Shocking content,Restricted ad serving,ca-pub-7784034061253020,7,2024-12-12,2024-12-16
bangka.tribunnews.com,Page,N/A,N/A,bangka.tribunnews.com/2015/12/21/ketika-malam-pantai-di-bangka-ini-jadi-lokasi-maksiat,No,Adult: Sexual content,Restricted ad serving,ca-pub-7784034061253020,7,2024-12-15,2024-12-15
bali.tribunnews.com,Page,N/A,N/A,bali.tribunnews.com/2017/06/14/kolong-jembatan-ini-dijadikan-tempat-prostitusi-terselubung-banyak-ditemukan-ceceran-kondom,No,Adult: Sexual content,Restricted ad serving,ca-pub-7784034061253020,7,2024-12-15,2024-12-15
bali.tribunnews.com,Page,N/A,N/A,bali.tribunnews.com/2017/04/08/buset-wanita-ini-dibonceng-sambil-pamer-payudara-para-pria-sigap-arahkan-kamera,No,Adult: Sexual content;Content obscuring Google-served ads,Restricted ad serving,ca-pub-7784034061253020,7,2024-12-15,2024-12-15
bali.tribunnews.com,Page,N/A,N/A,bali.tribunnews.com/2017/02/28/video-goyang-kecimol-sambil-basah-basahan-wanita-pegang-kipas-penari-legong-curi-perhatian,Yes,Site Behavior: Navigation,Restricted ad serving,ca-pub-7784034061253020,7,2024-12-11,2024-12-15
www.tribunnews.com,Page,N/A,N/A,www.tribunnews.com/regional/2021/11/13/cerita-pria-yang-kerap-antar-psk-menemui-pelanggannya-di-hotel,No,Google-served ads obscuring content,Restricted ad serving,ca-pub-7784034061253020,6,2024-12-15,2024-12-15
www.tribunnews.com,Page,N/A,N/A,www.tribunnews.com/regional/2019/12/15/petani-tewas-dengan-luka-sayatan-di-leher-diduga-terkena-pisau-pemotong-kelapa-sawit-yang-dibawanya,No,Shocking content,Restricted ad serving,ca-pub-7784034061253020,6,2024-12-16,2024-12-16
www.tribunnews.com,Page,N/A,N/A,www.tribunnews.com/regional/2016/11/21/mayat-wanita-sebelum-dibunuh-diduga-diperkosa-di-kebun-karet,No,Shocking content,Restricted ad serving,ca-pub-7784034061253020,6,2024-12-15,2024-12-15
www.tribunnews.com,Page,N/A,N/A,www.tribunnews.com/regional/2015/05/21/gadis-di-bawah-umur-ini-senang-jadi-psk,No,Shocking content,Restricted ad serving,ca-pub-7784034061253020,6,2024-12-17,2024-12-17
www.tribunnews.com,Page,N/A,N/A,www.tribunnews.com/regional/2014/09/13/tujuh-psk-dan-tiga-mucikari-tertangkap-di-sekitar-stadion-caruban,No,Shocking content,Restricted ad serving,ca-pub-7784034061253020,6,2024-12-15,2024-12-15
www.tribunnews.com,Page,N/A,N/A,www.tribunnews.com/lifestyle/2017/09/04/inilah-7-bentuk-dan-warna-puting-payudara-masing-masing-punya-arti-berbeda,No,Adult: Sexual content,Restricted ad serving,ca-pub-7784034061253020,6,2024-12-15,2024-12-15
www.tribunnews.com,Page,N/A,N/A,www.tribunnews.com/lifestyle/2017/02/13/inilah-ciri-cirinya-pacar-anda-sudah-tidak-perjaka-lagi,No,Adult: Sexual content,Restricted ad serving,ca-pub-7784034061253020,6,2024-12-17,2024-12-17
www.tribunnews.com,Page,N/A,N/A,www.tribunnews.com/lifestyle/2015/05/13/perempuan-ternyata-lebih-suka-tonton-film-porno-lesbian-dan-threesome,No,Adult: Sexual content,Restricted ad serving,ca-pub-7784034061253020,6,2024-12-11,2024-12-16
www.tribunnews.com,Page,N/A,N/A,www.tribunnews.com/kesehatan/2012/03/18/kayu-sanrego-penambah-vitalitas-kaum-pria,No,Adult: Sexual content,Restricted ad serving,ca-pub-7784034061253020,6,2024-12-14,2024-12-17
www.tribunnews.com,Page,N/A,N/A,www.tribunnews.com/internasional/2012/11/27/wanita-jepang-bayar-gigolo-di-bali-rp-11-juta-sekali-bercinta,No,Adult: Sexual content,Restricted ad serving,ca-pub-7784034061253020,6,2024-12-15,2024-12-15
wow.tribunnews.com,Page,N/A,N/A,wow.tribunnews.com/2017/10/13/4-gaya-bercinta-yang-bisa-bikin-wanita-liar-di-ranjang-bisa-dicoba-nih,No,Adult: Sexual content,Restricted ad serving,ca-pub-7784034061253020,6,2024-12-16,2024-12-16
wartakota.tribunnews.com,Page,N/A,N/A,wartakota.tribunnews.com/2022/12/09/pria-nyamar-jadi-wanita-di-aplikasi-michat-peras-50-hidung-belang-hingga-ratusan-juta-usai-vcs,No,Google-served ads obscuring content,Restricted ad serving,ca-pub-7784034061253020,6,2024-12-16,2024-12-16
wartakota.tribunnews.com,Page,N/A,N/A,wartakota.tribunnews.com/2020/02/03/sadis-suami-tenteng-kepala-istri-berjalan-1-km-menuju-kantor-polisi-sambil-nyanyi-lagu-patriotik,No,Shocking content,Restricted ad serving,ca-pub-7784034061253020,6,2024-12-15,2024-12-15
wartakota.tribunnews.com,Page,N/A,N/A,wartakota.tribunnews.com/2015/11/09/wow-obat-kuat-wanita-berbentuk-permen-karet,No,Adult: Sexual content;Shocking content,Restricted ad serving,ca-pub-7784034061253020,6,2024-12-15,2024-12-15
wartakota.tribunnews.com,Page,N/A,N/A,wartakota.tribunnews.com/2014/10/10/siswi-smp-diancam-dibunuh-jika-tolak-direkam-beradegan-mesum,No,Adult: Sexual content,Restricted ad serving,ca-pub-7784034061253020,6,2024-12-14,2024-12-15
wartakota.tribunnews.com,Page,N/A,N/A,wartakota.tribunnews.com/2014/08/03/kenapa-wanita-sulit-orgasme-di-pagi-hari,No,Adult: Sexual content,Restricted ad serving,ca-pub-7784034061253020,6,2024-12-16,2024-12-16
suryamalang.tribunnews.com,Page,N/A,N/A,suryamalang.tribunnews.com/2019/12/13/ada-yang-telanjang-dada-selain-video-2-gadis-cantik-mandi-keramas-sambil-naik-motor-di-mojokerto,No,Adult: Sexual content;Shocking content,Restricted ad serving,ca-pub-7784034061253020,6,2024-12-11,2024-12-16
suryamalang.tribunnews.com,Page,N/A,N/A,suryamalang.tribunnews.com/2018/01/08/edan-robot-pria-pemuas-perempuan-akan-dijual-tahun-ini-onderdilnya-bionik-dan-berbagai-ukuran,No,Adult: Sexual content,Restricted ad serving,ca-pub-7784034061253020,6,2024-12-15,2024-12-15
style.tribunnews.com,Page,N/A,N/A,style.tribunnews.com/2017/02/15/inikah-perbedaan-ukuran-dada-dj-katty-butterfly-sebelum-dan-sesudah,Yes,Adult: Sexual content;Site Behavior: Navigation,Restricted ad serving,ca-pub-7784034061253020,6,2024-12-17,2024-12-17
solo.tribunnews.com,Page,N/A,N/A,solo.tribunnews.com/2017/07/26/cairan-bening-keluar-sebelum-ejakulasi-bisa-bikin-hamil-enggak-ya,No,Adult: Sexual content,Restricted ad serving,ca-pub-7784034061253020,6,2024-12-15,2024-12-17
palembang.tribunnews.com,Page,N/A,N/A,palembang.tribunnews.com/2014/12/09/kakek-usia-80-tahun-ini-ternyata-aktor-film-porno-tertua,No,Adult: Sexual content,Restricted ad serving,ca-pub-7784034061253020,6,2024-12-12,2024-12-16
medan.tribunnews.com,Page,N/A,N/A,medan.tribunnews.com/2020/02/13/inilah-7-titik-sensitif-wanita-yang-perlu-anda-sentuh-untuk-membangkitkan-gairah-seksual-mereka,No,Adult: Sexual content,Restricted ad serving,ca-pub-7784034061253020,6,2024-12-17,2024-12-17
medan.tribunnews.com,Page,N/A,N/A,medan.tribunnews.com/2019/06/08/pasangan-lebian-ini-dihajar-hingga-babak-belur-karena-berciuman-di-dalam-bus,No,Google-served ads obscuring content,Restricted ad serving,ca-pub-7784034061253020,6,2024-12-15,2024-12-15
medan.tribunnews.com,Page,N/A,N/A,medan.tribunnews.com/2017/07/22/viral-wanita-tanpa-pakaian-di-apotek-kini-pakai-kemben-handuk-belanja-di-restoran,Yes,Site Behavior: Navigation,Restricted ad serving,ca-pub-7784034061253020,6,2024-12-12,2024-12-15
medan.tribunnews.com,Page,N/A,N/A,medan.tribunnews.com/2014/09/06/mengapa-ketika-orgasme-ekspresi-wajah-terlihat-aneh,No,Adult: Sexual content,Restricted ad serving,ca-pub-7784034061253020,6,2024-12-16,2024-12-16
manado.tribunnews.com,Page,N/A,N/A,manado.tribunnews.com/2022/06/17/gadis-ini-asyik-video-call-dengan-pacar-saat-mandi-kaget-videonya-menyebar-di-medsos,Yes,Ads Disguised as Content,Restricted ad serving,ca-pub-7784034061253020,6,2024-12-15,2024-12-17
manado.tribunnews.com,Page,N/A,N/A,manado.tribunnews.com/2019/02/21/berikut-alasan-seorang-suami-lebih-memilih-masturbasi,No,Adult: Sexual content,Restricted ad serving,ca-pub-7784034061253020,6,2024-12-17,2024-12-17
manado.tribunnews.com,Page,N/A,N/A,manado.tribunnews.com/2019/02/21/apakah-seks-swalayan-punya-efek-samping,No,Adult: Sexual content,Restricted ad serving,ca-pub-7784034061253020,6,2024-12-16,2024-12-16
makassar.tribunnews.com,Page,N/A,N/A,makassar.tribunnews.com/2020/02/27/janda-beranak-satu-tak-mampu-tahan-nafsunya-esek-esek-bareng-kekasih-di-kamar-hotel-nasibnya-kini,No,Shocking content,Restricted ad serving,ca-pub-7784034061253020,6,2024-12-15,2024-12-15
makassar.tribunnews.com,Page,N/A,N/A,makassar.tribunnews.com/2018/01/07/terkuak-siapa-sebenarnya-tante-muda-bocah-di-video-mesum-yang-hebohkan-bandung,No,Adult: Sexual content,Restricted ad serving,ca-pub-7784034061253020,6,2024-12-15,2024-12-15
makassar.tribunnews.com,Page,N/A,N/A,makassar.tribunnews.com/2015/10/12/tanda-tanda-wanita-digauli-jin-termasuk-mimpi-ular-dan-susah-tidur,No,Adult: Sexual content,Restricted ad serving,ca-pub-7784034061253020,6,2024-12-15,2024-12-15
m.tribunnews.com,Page,N/A,N/A,m.tribunnews.com/tag/bioskop-trans-tv-malam-ini,Yes,Unnatural attention to ads,Restricted ad serving,ca-pub-7784034061253020,6,2024-12-14,2024-12-17
kupang.tribunnews.com,Page,N/A,N/A,kupang.tribunnews.com/2019/03/17/cara-jaga-kondisi-mr-p-agar-tetap-prima-pria-wajib-tahu,No,Adult: Sexual content,Restricted ad serving,ca-pub-7784034061253020,6,2024-12-16,2024-12-16
jogja.tribunnews.com,Page,N/A,N/A,jogja.tribunnews.com/2022/04/03/adegan-ranjang-ekstrem-berakhir-setor-nyawa-bisnis-video-porno-berakhir-penjara,Yes,Encouraging accidental clicks: Layout;Google-served ads obscuring content,Restricted ad serving,ca-pub-7784034061253020,6,2024-12-15,2024-12-16
jogja.tribunnews.com,Page,N/A,N/A,jogja.tribunnews.com/2017/12/30/niat-hati-pesan-boneka-pemuas-nafsu-melalui-online-pria-ini-malah-dapat-beginian,No,Adult: Sexual content,Restricted ad serving,ca-pub-7784034061253020,6,2024-12-15,2024-12-15
jogja.tribunnews.com,Page,N/A,N/A,jogja.tribunnews.com/2017/10/28/viral-penemu-boneka-seks-bilang-bisa-kencani-boneka-sampai-punya-anak,No,Adult: Sexual content,Restricted ad serving,ca-pub-7784034061253020,6,2024-12-16,2024-12-16
jambi.tribunnews.com,Page,N/A,N/A,jambi.tribunnews.com/amp/2017/07/30/galeri-foto-tanpa-sensor-ini-5-film-dewasa-dengan-adegan-intim-nyata,No,Adult: Sexual content,Restricted ad serving,ca-pub-7784034061253020,6,2024-12-13,2024-12-16
jambi.tribunnews.com,Page,N/A,N/A,jambi.tribunnews.com/2018/08/07/punya-mr-p-mungil-tak-perlu-gundah-ini-lho-5-keuntungannya,No,Adult: Sexual content,Restricted ad serving,ca-pub-7784034061253020,6,2024-12-16,2024-12-16
jambi.tribunnews.com,Page,N/A,N/A,jambi.tribunnews.com/2018/02/14/pilih-gunakan-alat-bantu-seks-awalnya-geli-namun-lama-lama-ini-yang-dewi-rasakan,No,Adult: Sexual content,Restricted ad serving,ca-pub-7784034061253020,6,2024-12-15,2024-12-15
jabar.tribunnews.com,Page,N/A,N/A,jabar.tribunnews.com/tag/daniella-chavez,No,Adult: Sexual content,Restricted ad serving,ca-pub-7784034061253020,6,2024-12-15,2024-12-15
jabar.tribunnews.com,Page,N/A,N/A,jabar.tribunnews.com/2014/12/06/ini-cara-pria-membuat-wanita-mabuk-kepayang-dan-menikmati-seks,No,Adult: Sexual content,Restricted ad serving,ca-pub-7784034061253020,6,2024-12-16,2024-12-17
cirebon.tribunnews.com,Page,N/A,N/A,cirebon.tribunnews.com/2019/10/21/video-mesum-dua-pelajar-pangandaran-berhubungan-seks-di-ruang-tamu-viral-nasib-pelaku-miris,No,Adult: Sexual content,Restricted ad serving,ca-pub-7784034061253020,6,2024-12-12,2024-12-16
belitung.tribunnews.com,Page,N/A,N/A,belitung.tribunnews.com/2017/08/09/kisah-seorang-pemuda-pengungsisimpanan-tante-tante-hidup-mewah-jadi-mesin-pemuas-seks,Yes,Site Behavior: Navigation,Restricted ad serving,ca-pub-7784034061253020,6,2024-12-15,2024-12-15
belitung.tribunnews.com,Page,N/A,N/A,belitung.tribunnews.com/2017/04/25/model-chubby-yang-bikin-heboh-medsos-jadi-sensasi-lihat-foto-fotonya,No,Google-served ads obscuring content,Restricted ad serving,ca-pub-7784034061253020,6,2024-12-15,2024-12-17
bangka.tribunnews.com,Page,N/A,N/A,bangka.tribunnews.com/amp/2019/11/28/video-adegan-intim-3-pria-dan-1-wanita-ramaikan-grup-wa-sempat-heboh-dosen-dan-mahasiswi,No,Adult: Sexual content,Restricted ad serving,ca-pub-7784034061253020,6,2024-12-15,2024-12-17
bangka.tribunnews.com,Page,N/A,N/A,bangka.tribunnews.com/2022/06/13/bujang-tua-ini-nikahi-janda-mudamalam-pertama-yang-biasanya-indah-malah-berakhir-memilukan,Yes,Ads Disguised as Content,Restricted ad serving,ca-pub-7784034061253020,6,2024-12-15,2024-12-16
bangka.tribunnews.com,Page,N/A,N/A,bangka.tribunnews.com/2021/05/28/pengakuan-cewek-bandung-merantau-jadi-psk-online-begini-jadinya-saat-yang-pesan-teman-sendiri,Yes,Ads Disguised as Content,Restricted ad serving,ca-pub-7784034061253020,6,2024-12-11,2024-12-16
bangka.tribunnews.com,Page,N/A,N/A,bangka.tribunnews.com/2020/12/16/hati-hati-modus-baru-wanita-tanpa-busana-video-call-pakai-aplikasi-whatsapp-nelayan-diperas,Yes,Encouraging accidental clicks: Layout,Restricted ad serving,ca-pub-7784034061253020,6,2024-12-13,2024-12-17
bangka.tribunnews.com,Page,N/A,N/A,bangka.tribunnews.com/2017/03/30/5-artis-ini-asuransikan-buah-dadanya-hingga-miliaran-rupiah,No,Adult: Sexual content,Restricted ad serving,ca-pub-7784034061253020,6,2024-12-16,2024-12-16
bangka.tribunnews.com,Page,N/A,N/A,bangka.tribunnews.com/2016/02/17/hati-hati-jangan-lakukan-hal-ini-saat-bercinta-meski-anda-sudah-menikah,No,Adult: Sexual content,Restricted ad serving,ca-pub-7784034061253020,6,2024-12-15,2024-12-15
bangka.tribunnews.com,Page,N/A,N/A,bangka.tribunnews.com/2015/08/29/jadi-transgender-mantan-penyanyi-cilik-indonesia-sekarang-punya-payudara,No,Shocking content,Restricted ad serving,ca-pub-7784034061253020,6,2024-12-16,2024-12-16
bangka.tribunnews.com,Page,N/A,N/A,bangka.tribunnews.com/2015/08/15/wanita-lebih-senang-foreplay-ketimbang-penetrasi,No,Adult: Sexual content,Restricted ad serving,ca-pub-7784034061253020,6,2024-12-15,2024-12-15
bali.tribunnews.com,Page,N/A,N/A,bali.tribunnews.com/2018/03/05/tiga-artis-film-porno-ini-tak-keberatan-dinikahi-pria-indonesia-akui-senang-jika-bisa-ke-bali,Yes,Ads Disguised as Content,Restricted ad serving,ca-pub-7784034061253020,6,2024-12-16,2024-12-16
bali.tribunnews.com,Page,N/A,N/A,bali.tribunnews.com/2017/04/16/heboh-beredar-video-seks-bule-china-di-bali-58-wanita-indonesia-pun-diajak-bersenggama,No,Adult: Sexual content,Restricted ad serving,ca-pub-7784034061253020,6,2024-12-11,2024-12-16
bali.tribunnews.com,Page,N/A,N/A,bali.tribunnews.com/2016/04/18/duh-tukar-foto-dan-video-bugil-di-kalangan-remaja-sma-makin-menjamur,No,Adult: Sexual content,Restricted ad serving,ca-pub-7784034061253020,6,2024-12-17,2024-12-17
aceh.tribunnews.com,Page,N/A,N/A,aceh.tribunnews.com/2015/02/28/aceh-dalam-gurita-seks-bebas,No,Google-served ads obscuring content,Restricted ad serving,ca-pub-7784034061253020,6,2024-12-16,2024-12-16
www.tribunnewswiki.com,Page,N/A,N/A,www.tribunnewswiki.com/2021/05/30/sepasang-mahasiswa-berhubungan-tak-pantas-di-ruang-kuliah-diam-diam-difilmkan-dan-jadi-viral,Yes,Ads Disguised as Content;Google-served ads obscuring content,Restricted ad serving,ca-pub-7784034061253020,5,2024-12-15,2024-12-15
www.tribunnewswiki.com,Page,N/A,N/A,www.tribunnewswiki.com/2019/09/22/kisah-anjing-anjing-di-kamboja-disiksa-untuk-dimasak-hidup-hidup-dalam-sehari-200-ekor-dibantai,Yes,Google-served ads obscuring content;Modified ad code: Resizing Ad Frames,Restricted ad serving,ca-pub-7784034061253020,5,2024-12-16,2024-12-16
www.tribunnews.com,Page,N/A,N/A,www.tribunnews.com/seleb/2021/11/22/sinopsis-in-the-blood-aksi-seorang-istri-mencari-suaminya-yang-hilang-tayang-malam-ini-di-trans-tv,Yes,Encouraging accidental clicks: Layout;Google-served ads obscuring content,Restricted ad serving,ca-pub-7784034061253020,5,2024-12-16,2024-12-16
www.tribunnews.com,Page,N/A,N/A,www.tribunnews.com/seleb/2019/04/24/pengakuan-daniel-wenas-soal-namanya-disebut-ada-di-video-panas-bersama-artis-dan-atlet-tersohor,No,Adult: Sexual content,Restricted ad serving,ca-pub-7784034061253020,5,2024-12-16,2024-12-16
www.tribunnews.com,Page,N/A,N/A,www.tribunnews.com/regional/2020/07/28/cerita-psk-layani-2-pria-semalam-awalnya-berhubungan-intim-dengan-pacar-hingga-dengan-lelaki-lain,No,Google-served ads obscuring content,Restricted ad serving,ca-pub-7784034061253020,5,2024-12-15,2024-12-15
www.tribunnews.com,Page,N/A,N/A,www.tribunnews.com/regional/2017/12/12/jasad-pria-yang-terpotong-potong-dekat-stasiun-nambo-ternyata-di-bunuh-temannya-begini-kejadiannya,No,Google-served ads obscuring content,Restricted ad serving,ca-pub-7784034061253020,5,2024-12-15,2024-12-15
www.tribunnews.com,Page,N/A,N/A,www.tribunnews.com/regional/2015/08/24/obat-gila-marak-di-sulut-efeknya-ngeri-adegan-seks-bersama,No,Adult: Sexual content,Restricted ad serving,ca-pub-7784034061253020,5,2024-12-16,2024-12-16
www.tribunnews.com,Page,N/A,N/A,www.tribunnews.com/kesehatan/2017/11/24/bagaimana-bentuk-miss-v-yang-normal,No,Adult: Sexual content,Restricted ad serving,ca-pub-7784034061253020,5,2024-12-17,2024-12-17
www.tribunnews.com,Page,N/A,N/A,www.tribunnews.com/internasional/2021/11/16/singapura-buka-pintu-masuk-untuk-19-negara-pada-29-november-mendatang-indonesia-di-antaranya,Yes,Encouraging accidental clicks: Layout;Google-served ads obscuring content,Restricted ad serving,ca-pub-7784034061253020,5,2024-12-15,2024-12-15
www.tribunnews.com,Page,N/A,N/A,www.tribunnews.com/internasional/2017/08/23/tak-kuat-menahan-nafsu-sejoli-nekat-berhubungan-seks-di-pesawat,No,Adult: Sexual content,Restricted ad serving,ca-pub-7784034061253020,5,2024-12-15,2024-12-15
www.tribunnews.com,Page,N/A,N/A,www.tribunnews.com/internasional/2017/06/02/prostitusi-berkedok-makan-di-atas-tubuh-wanita-tak-berbusana-8-orang-ditangkap-polisi-jepang,No,Adult: Sexual content,Restricted ad serving,ca-pub-7784034061253020,5,2024-12-17,2024-12-17
www.tribunnews.com,Page,N/A,N/A,www.tribunnews.com/internasional/2014/11/10/cabai-rawit-mirip-alat-kelamin-pria-menangkan-the-most-pornographic-pepper,Yes,Google-served ads obscuring content;Modified Javascript: Ads by Google size,Restricted ad serving,ca-pub-7784034061253020,5,2024-12-15,2024-12-15
wartakota.tribunnews.com,Page,N/A,N/A,wartakota.tribunnews.com/amp/2019/04/06/raja-judi-asal-medan-kuasai-judi-poker-di-amrik-pulang-bawa-uang-miliaran-buka-pengobatan-gratis,Yes,Site Behavior: Navigation,Restricted ad serving,ca-pub-7784034061253020,5,2024-12-16,2024-12-16
wartakota.tribunnews.com,Page,N/A,N/A,wartakota.tribunnews.com/2018/01/03/seorang-siswi-tewas-saat-bersetubuh-dengan-cowoknya-di-mobil,No,Adult: Sexual content,Restricted ad serving,ca-pub-7784034061253020,5,2024-12-16,2024-12-16
wartakota.tribunnews.com,Page,N/A,N/A,wartakota.tribunnews.com/2015/07/15/orgasme-sulit-didapat-usai-melahirkan-coba-cara-ini,No,Adult: Sexual content,Restricted ad serving,ca-pub-7784034061253020,5,2024-12-15,2024-12-15
wartakota.tribunnews.com,Page,N/A,N/A,wartakota.tribunnews.com/2015/06/12/penyebab-laki-laki-gagal-pada-malam-pertama,No,Adult: Sexual content,Restricted ad serving,ca-pub-7784034061253020,5,2024-12-16,2024-12-16
wartakota.tribunnews.com,Page,N/A,N/A,wartakota.tribunnews.com/2014/06/18/wow-vitamin-c-bikin-seks-lebih-joss,No,Adult: Sexual content,Restricted ad serving,ca-pub-7784034061253020,5,2024-12-15,2024-12-16
wartakota.tribunnews.com,Page,N/A,N/A,wartakota.tribunnews.com/2014/06/02/persiapan-sebelum-tempur-di-ranjang,No,Adult: Sexual content,Restricted ad serving,ca-pub-7784034061253020,5,2024-12-15,2024-12-15
video.tribunnews.com,Page,N/A,N/A,video.tribunnews.com/view/42147/polisi-cari-motif-pembuatan-video-porno-anak,Yes,Site Behavior: Navigation,Restricted ad serving,ca-pub-7784034061253020,5,2024-12-15,2024-12-15
video.tribunnews.com,Page,N/A,N/A,video.tribunnews.com/view/36684/beginilah-suasana-wisata-di-pulau-seks-sediakan-narkoba-dan-seks-bebas-harga-tiketnya-fantastis,Yes,Site Behavior: Navigation,Restricted ad serving,ca-pub-7784034061253020,5,2024-12-15,2024-12-15
suryamalang.tribunnews.com,Page,N/A,N/A,suryamalang.tribunnews.com/2021/01/16/nikita-mirzani-syok-dengar-tarif-diana-dee-starlight-si-selebgram-cantik-mahal-banget-loh,Yes,Ads Disguised as Content,Restricted ad serving,ca-pub-7784034061253020,5,2024-12-11,2024-12-16
suryamalang.tribunnews.com,Page,N/A,N/A,suryamalang.tribunnews.com/2019/04/08/beredar-video-hubungan-intim-sepasang-abg-di-tempat-wisata-begini-skenario-dan-proses-perekamannya,No,Adult: Sexual content,Restricted ad serving,ca-pub-7784034061253020,5,2024-12-17,2024-12-17
suryamalang.tribunnews.com,Page,N/A,N/A,suryamalang.tribunnews.com/2017/10/09/video-paket-wisata-di-pulau-eksotis-disediakan-60-psk-cantik-bebas-pakai-narkoba-dan-alkohol,Yes,Site Behavior: Navigation,Restricted ad serving,ca-pub-7784034061253020,5,2024-12-15,2024-12-15
style.tribunnews.com,Page,N/A,N/A,style.tribunnews.com/2017/01/08/jadi-korban-orang-iseng-di-medsos-guru-cantik-ini-kaget-saat-foto-telanjang-dirinya-jadi-viral,Yes,Site Behavior: Navigation,Restricted ad serving,ca-pub-7784034061253020,5,2024-12-15,2024-12-15
style.tribunnews.com,Page,N/A,N/A,style.tribunnews.com/2016/08/20/sex-toy-raksasa-buset-alat-pemuas-yang-bentuknya-kayak-si-otong-ini-ukurannya-gede-banget,No,Adult: Sexual content,Restricted ad serving,ca-pub-7784034061253020,5,2024-12-15,2024-12-15
solo.tribunnews.com,Page,N/A,N/A,solo.tribunnews.com/2019/10/09/kisah-pria-pilih-nikahi-boneka-seks-berwajah-cantik-ungkap-alasannya-dia-tak-akan-pernah-selingkuh,No,Adult: Sexual content,Restricted ad serving,ca-pub-7784034061253020,5,2024-12-17,2024-12-17
solo.tribunnews.com,Page,N/A,N/A,solo.tribunnews.com/2019/09/21/chord-kunci-gitar-dan-lirik-lagu-balonku-ada-lima-meletus-balon-hijau-dor,No,Adult: Sexual content,Restricted ad serving,ca-pub-7784034061253020,5,2024-12-16,2024-12-16
pontianak.tribunnews.com,Page,N/A,N/A,pontianak.tribunnews.com/2017/09/10/video-tak-senonoh-gebby-vesta-beredar-pakai-hijab-sambil-tunjukkan-celana-dalamnya-astaga,Yes,Site Behavior: Navigation,Restricted ad serving,ca-pub-7784034061253020,5,2024-12-16,2024-12-16
palembang.tribunnews.com,Page,N/A,N/A,palembang.tribunnews.com/tag/pria-intip-wanita-mandi,Yes,Mislabeled Ads,Restricted ad serving,ca-pub-7784034061253020,5,2024-12-15,2024-12-17
palembang.tribunnews.com,Page,N/A,N/A,palembang.tribunnews.com/2017/06/17/manfaatkan-trik-sulap-pria-ini-bebas-pegang-payudara-wanita-rupanya-begini-caranya,No,Adult: Sexual content,Restricted ad serving,ca-pub-7784034061253020,5,2024-12-15,2024-12-15
medan.tribunnews.com,Page,N/A,N/A,medan.tribunnews.com/2023/02/13/ini-dua-kelompok-geng-motor-yang-tawuran-di-tanjungmorawa-hingga-tewaskan-satu-orang-pemuda,No,Shocking content,Restricted ad serving,ca-pub-7784034061253020,5,2024-12-17,2024-12-17
medan.tribunnews.com,Page,N/A,N/A,medan.tribunnews.com/2018/05/08/duh-janda-nurhayati-mesum-bawa-anaknya,No,Adult: Sexual content,Restricted ad serving,ca-pub-7784034061253020,5,2024-12-17,2024-12-17
medan.tribunnews.com,Page,N/A,N/A,medan.tribunnews.com/2017/12/05/perilaku-s3ks-menyimpang-gunakan-jarit-bekas-dan-lilit-istri-seperti-mumi-bikin-netizen-was-was,Yes,Site Behavior: Navigation,Restricted ad serving,ca-pub-7784034061253020,5,2024-12-15,2024-12-15
medan.tribunnews.com,Page,N/A,N/A,medan.tribunnews.com/2017/11/07/guru-cantik-ini-bigo-live-saat-mengajar-lihat-gerakan-bibirnya-netizen-bu-guru-gatel,Yes,Site Behavior: Navigation,Restricted ad serving,ca-pub-7784034061253020,5,2024-12-16,2024-12-17
makassar.tribunnews.com,Page,N/A,N/A,makassar.tribunnews.com/2019/05/15/abg-buka-baju-saat-sahur-on-the-road-aksinya-viral-dan-kini-minta-maaf-cek-disini-videonya,No,Adult: Sexual content,Restricted ad serving,ca-pub-7784034061253020,5,2024-12-14,2024-12-16
makassar.tribunnews.com,Page,N/A,N/A,makassar.tribunnews.com/2017/10/09/inilah-para-pelanggan-tempat-spa-gay-yang-digerebek-eh-nama-artis-terkenal-ini-disebut-kenal-dia,No,Adult: Sexual content,Restricted ad serving,ca-pub-7784034061253020,5,2024-12-16,2024-12-16
makassar.tribunnews.com,Page,N/A,N/A,makassar.tribunnews.com/2015/04/27/terapi-kelingking-untuk-tetap-langsing,No,Adult: Sexual content,Restricted ad serving,ca-pub-7784034061253020,5,2024-12-16,2024-12-16
makassar.tribunnews.com,Page,N/A,N/A,makassar.tribunnews.com/2013/02/01/romawi-kuno-mengenal-sex-troy,No,Adult: Sexual content,Restricted ad serving,ca-pub-7784034061253020,5,2024-12-16,2024-12-16
lampung.tribunnews.com,Page,N/A,N/A,lampung.tribunnews.com/2017/11/11/keperawanan-gadis-smp-direnggut-pacar-setelah-berkali-kali-baru-terungkap-ternyata-pacarnya,No,Adult: Sexual content,Restricted ad serving,ca-pub-7784034061253020,5,2024-12-15,2024-12-15
lampung.tribunnews.com,Page,N/A,N/A,lampung.tribunnews.com/2017/04/11/ini-jenis-tisu-yang-paling-aman-untuk-mengeringkan-area-genital,Yes,Ads Disguised as Content,Restricted ad serving,ca-pub-7784034061253020,5,2024-12-16,2024-12-16
lampung.tribunnews.com,Page,N/A,N/A,lampung.tribunnews.com/2016/10/01/ternyata-lima-posisi-seks-ini-paling-diminati-di-mancanegara,No,Adult: Sexual content,Restricted ad serving,ca-pub-7784034061253020,5,2024-12-17,2024-12-17
lampung.tribunnews.com,Page,N/A,N/A,lampung.tribunnews.com/2015/06/15/kencan-di-kos-rp-500-ribu-jaring-teman-melalui-medsos,No,Adult: Sexual content,Restricted ad serving,ca-pub-7784034061253020,5,2024-12-16,2024-12-16
kupang.tribunnews.com,Page,N/A,N/A,kupang.tribunnews.com/amp/2014/06/19/psk-sarkem-bisa-layani-5-pelanggan-semalam-tarif-rp-150-ribu-rp-300-ribu,No,Adult: Sexual content,Restricted ad serving,ca-pub-7784034061253020,5,2024-12-13,2024-12-17
kaltim.tribunnews.com,Page,N/A,N/A,kaltim.tribunnews.com/tag/video-syur,No,Adult: Sexual content,Restricted ad serving,ca-pub-7784034061253020,5,2024-12-16,2024-12-16
jogja.tribunnews.com,Page,N/A,N/A,jogja.tribunnews.com/2016/12/10/ini-dia-alasan-wanita-tak-bersuara-saat-bercinta,No,Adult: Sexual content,Restricted ad serving,ca-pub-7784034061253020,5,2024-12-16,2024-12-16
jateng.tribunnews.com,Page,N/A,N/A,jateng.tribunnews.com/2018/06/22/heboh-video-porno-mirip-aura-kasih-sang-artis-ajak-pengikutnya-nonton-sok-atuh-ditonton,No,Google-served ads obscuring content,Restricted ad serving,ca-pub-7784034061253020,5,2024-12-16,2024-12-17
jambi.tribunnews.com,Page,N/A,N/A,jambi.tribunnews.com/amp/2018/01/21/ini-yang-ada-dipikiran-wanita-bila-melihat-kelamin-laki-laki,No,Adult: Sexual content,Restricted ad serving,ca-pub-7784034061253020,5,2024-12-15,2024-12-15
jambi.tribunnews.com,Page,N/A,N/A,jambi.tribunnews.com/2019/09/18/tak-perlu-obat-kuat-kopi-cleng-dan-jantan-5-resep-alami-ini-bisa-tingkatkan-stamina-pria-dewasa,No,Adult: Sexual content,Restricted ad serving,ca-pub-7784034061253020,5,2024-12-16,2024-12-16
jambi.tribunnews.com,Page,N/A,N/A,jambi.tribunnews.com/2018/01/16/goyang-bagian-tubuh-ini-saat-bercinta-diyakini-suami-anda-ketagihan,No,Adult: Sexual content,Restricted ad serving,ca-pub-7784034061253020,5,2024-12-15,2024-12-15
jambi.tribunnews.com,Page,N/A,N/A,jambi.tribunnews.com/2015/03/26/membuang-sperma-di-luar-apa-hukumnya,Yes,Google-served ads obscuring content;Modified Javascript: Ads by Google size,Restricted ad serving,ca-pub-7784034061253020,5,2024-12-16,2024-12-16
jakarta.tribunnews.com,Page,N/A,N/A,jakarta.tribunnews.com/2018/10/26/hindari-liquid-mengandung-narkoba-berikut-tips-penjual-vape-kepada-konsumen,No,Tobacco,Restricted ad serving,ca-pub-7784034061253020,5,2024-12-15,2024-12-15
jakarta.tribunnews.com,Page,N/A,N/A,jakarta.tribunnews.com/2018/02/13/dagang-alat-bantu-omset-paling-kecil-rp-35-juta-per-bulan,No,Adult: Sexual content,Restricted ad serving,ca-pub-7784034061253020,5,2024-12-15,2024-12-15
cirebon.tribunnews.com,Page,N/A,N/A,cirebon.tribunnews.com/2021/11/25/seekor-anjing-gigit-kemaluan-pria-pemerkosa-yang-dikejar-warga-alat-vital-digigit-sampai-putus,Yes,Ads Disguised as Content,Restricted ad serving,ca-pub-7784034061253020,5,2024-12-17,2024-12-17
cirebon.tribunnews.com,Page,N/A,N/A,cirebon.tribunnews.com/2019/09/19/istri-sedang-kerja-suami-di-rumah-bercinta-dengan-ibu-mertua-lakukan-hubungan-badan-berkali-kali,No,Adult: Sexual content,Restricted ad serving,ca-pub-7784034061253020,5,2024-12-17,2024-12-17
bogor.tribunnews.com,Page,N/A,N/A,bogor.tribunnews.com/2019/05/09/kejam-siswi-sma-ini-dibully-dibakar-4-temannya-sampai-meninggal-dunia,No,Shocking content,Restricted ad serving,ca-pub-7784034061253020,5,2024-12-15,2024-12-15
bogor.tribunnews.com,Page,N/A,N/A,bogor.tribunnews.com/2018/02/24/waspadai-fenomena-akhwat-hunter-jadikan-wanita-berjilbab-hingga-bercadar-sebagai-bahan-fantasi,No,Google-served ads obscuring content,Restricted ad serving,ca-pub-7784034061253020,5,2024-12-15,2024-12-15
belitung.tribunnews.com,Page,N/A,N/A,belitung.tribunnews.com/2016/08/02/mengintip-tato-di-tubuh-nikita-mirzani-dari-paha-dada-hingga-pinggul-ada-tato,No,Shocking content,Restricted ad serving,ca-pub-7784034061253020,5,2024-12-16,2024-12-16
belitung.tribunnews.com,Page,N/A,N/A,belitung.tribunnews.com/2016/07/04/edan-ibu-ini-biarkan-putrinya-pesta-miras-dan-berhubungan-intim-dengan-teman-anaknya,No,Adult: Sexual content,Restricted ad serving,ca-pub-7784034061253020,5,2024-12-14,2024-12-16
belitung.tribunnews.com,Page,N/A,N/A,belitung.tribunnews.com/2016/05/19/ada-tato-di-payudara-mahasiswi-yang-sok-pamer-ini,No,Adult: Sexual content,Restricted ad serving,ca-pub-7784034061253020,5,2024-12-15,2024-12-15
belitung.tribunnews.com,Page,N/A,N/A,belitung.tribunnews.com/2016/03/11/tips-sehat-bikin-suami-ketagihan-di-ranjang-dan-betah-di-rumah,No,Adult: Sexual content;Shocking content,Restricted ad serving,ca-pub-7784034061253020,5,2024-12-16,2024-12-16
belitung.tribunnews.com,Page,N/A,N/A,belitung.tribunnews.com/2015/08/22/keseringan-berhubungan-intim-bikin-vagina-mengendur,No,Adult: Sexual content,Restricted ad serving,ca-pub-7784034061253020,5,2024-12-16,2024-12-16
batam.tribunnews.com,Page,N/A,N/A,batam.tribunnews.com/2021/08/10/waktu-qobliyah-subuh-yang-diperbolehkan-setelah-atau-sebelum-adzan-subuh,Yes,Content obscuring Google-served ads;Encouraging accidental clicks: Layout,Restricted ad serving,ca-pub-7784034061253020,5,2024-12-17,2024-12-17
batam.tribunnews.com,Page,N/A,N/A,batam.tribunnews.com/2016/11/13/ehem-bibir-dan-gaya-jalan-pengaruhi-wanita-saat-orgasme-ini-penjelasan-ilmiahnya,No,Adult: Sexual content,Restricted ad serving,ca-pub-7784034061253020,5,2024-12-15,2024-12-15
batam.tribunnews.com,Page,N/A,N/A,batam.tribunnews.com/2015/11/13/pria-di-tiongkok-lebih-memilih-membeli-boneka-seks-dari-berselingkuh-maupun-jajan,No,Adult: Sexual content,Restricted ad serving,ca-pub-7784034061253020,5,2024-12-15,2024-12-15
banjarmasin.tribunnews.com,Page,N/A,N/A,banjarmasin.tribunnews.com/2019/09/07/duel-cewek-vs-cowok-sma-di-dalam-kelas-guru-tak-tahu-siswi-pingsan-setelah-dihajar-bertubi-tubi,Yes,Ads Disguised as Content,Restricted ad serving,ca-pub-7784034061253020,5,2024-12-15,2024-12-15
banjarmasin.tribunnews.com,Page,N/A,N/A,banjarmasin.tribunnews.com/2016/07/17/loa-bakung-samarinda-geger-seorang-pria-bacok-istri-dan-tetangga-hingga-tewas,No,Shocking content,Restricted ad serving,ca-pub-7784034061253020,5,2024-12-17,2024-12-17
bangka.tribunnews.com,Page,N/A,N/A,bangka.tribunnews.com/tag/pijat,No,Adult: Sexual content,Restricted ad serving,ca-pub-7784034061253020,5,2024-12-11,2024-12-15
bangka.tribunnews.com,Page,N/A,N/A,bangka.tribunnews.com/2024/08/08/viral-seorang-pria-batalkan-pernikahan-usai-pergoki-calon-istri-gelar-pesta-lajang-dengan-6-pria,No,Google-served ads obscuring content,Restricted ad serving,ca-pub-7784034061253020,5,2024-12-16,2024-12-16
bangka.tribunnews.com,Page,N/A,N/A,bangka.tribunnews.com/2022/07/31/tiap-pulang-kerja-sang-suami-diminta-jatah-ke-ranjang-sampai-curhat-tak-sanggup-dan-takut-pulang,Yes,Ads Disguised as Content,Restricted ad serving,ca-pub-7784034061253020,5,2024-12-16,2024-12-16
bangka.tribunnews.com,Page,N/A,N/A,bangka.tribunnews.com/2021/11/22/intip-foto-pose-gemoy-tante-ernie-pakai-outfit-merah-di-pantai-diingatkan-jangan-sampai-lepas,No,Google-served ads obscuring content,Restricted ad serving,ca-pub-7784034061253020,5,2024-12-16,2024-12-16
bangka.tribunnews.com,Page,N/A,N/A,bangka.tribunnews.com/2019/04/25/terungkap-fakta-video-telanjang-6-artis-pria-dan-dua-atlet-ganteng-pria-ini-malah-minta-maaf,Yes,Ads Disguised as Content,Restricted ad serving,ca-pub-7784034061253020,5,2024-12-16,2024-12-17
bangka.tribunnews.com,Page,N/A,N/A,bangka.tribunnews.com/2018/02/20/waduh-goyangan-hot-ayu-ting-ting-saat-berjoget-diatas-pangung-jadi-sorotan,Yes,Site Behavior: Navigation,Restricted ad serving,ca-pub-7784034061253020,5,2024-12-15,2024-12-15
bangka.tribunnews.com,Page,N/A,N/A,bangka.tribunnews.com/2017/11/26/blak-blakan-4-artis-indonesia-ungkap-hasrat-bercinta-hingga-posisi-favorit-mereka,No,Adult: Sexual content,Restricted ad serving,ca-pub-7784034061253020,5,2024-12-15,2024-12-16
bangka.tribunnews.com,Page,N/A,N/A,bangka.tribunnews.com/2017/05/05/live-sex-digerebek-rp-700-ribu-untuk-tarian-bugil-plus-hubungan-intim,No,Adult: Sexual content,Restricted ad serving,ca-pub-7784034061253020,5,2024-12-15,2024-12-15
bangka.tribunnews.com,Page,N/A,N/A,bangka.tribunnews.com/2016/05/17/pacar-dan-dua-temannya-bergantian-perkosa-eno-lalu-masukkan-gagang-cangkul-sedalam-60-cm,No,Shocking content,Restricted ad serving,ca-pub-7784034061253020,5,2024-12-16,2024-12-16
bali.tribunnews.com,Page,N/A,N/A,bali.tribunnews.com/2017/11/16/cek-darah-haidmu-ternyata-mencerminkan-kesehatan-wanita-jika-warnanya-ini-segera-ke-dokter,No,Adult: Sexual content,Restricted ad serving,ca-pub-7784034061253020,5,2024-12-15,2024-12-15
aceh.tribunnews.com,Page,N/A,N/A,aceh.tribunnews.com/tag/penemuan-mayat,No,Shocking content,Restricted ad serving,ca-pub-7784034061253020,5,2024-12-15,2024-12-15
aceh.tribunnews.com,Page,N/A,N/A,aceh.tribunnews.com/tag/langkat,Yes,Google-served ads on screens without publisher-content,Restricted ad serving,ca-pub-7784034061253020,5,2024-12-15,2024-12-15
aceh.tribunnews.com,Page,N/A,N/A,aceh.tribunnews.com/2019/08/14/pemeran-video-mesum-3-pria-dan-1-wanita-ditangkap-polisi-sebut-nama-garut-dan-beredar-via-whatsapp,No,Adult: Sexual content,Restricted ad serving,ca-pub-7784034061253020,5,2024-12-16,2024-12-16
www.tribunnewswiki.com,Page,N/A,N/A,www.tribunnewswiki.com/2021/03/26/mayat-wanita-diduga-pramuria-tawarkan-jasa-seks-ditemukan-tergeletak-tak-berbusana-di-hotel-surabaya,No,Shocking content,Restricted ad serving,ca-pub-7784034061253020,4,2024-12-15,2024-12-15
www.tribunnewswiki.com,Page,N/A,N/A,www.tribunnewswiki.com/2020/09/24/guru-terseksi-banting-stir-ekstrem-jadi-bintang-porno-gara-gara-ayah-muridnya-sering-ajak-tidur,Yes,Ads Disguised as Content,Restricted ad serving,ca-pub-7784034061253020,4,2024-12-16,2024-12-16
www.tribunnews.com,Page,N/A,N/A,www.tribunnews.com/tag/tuban,No,Shocking content,Restricted ad serving,ca-pub-7784034061253020,4,2024-12-17,2024-12-17
www.tribunnews.com,Page,N/A,N/A,www.tribunnews.com/regional/2024/01/10/pemuda-di-karawang-dianiaya-5-orang-dibacok-di-punggung-dan-ditembak-pistol-listrik,No,Shocking content,Restricted ad serving,ca-pub-7784034061253020,4,2024-12-15,2024-12-15
www.tribunnews.com,Page,N/A,N/A,www.tribunnews.com/regional/2023/12/30/nasib-wali-nagari-di-sumbar-tak-sengaja-kirim-foto-mesumnya-didemo-warga-hingga-mengundurkan-diri,No,Google-served ads obscuring content,Restricted ad serving,ca-pub-7784034061253020,4,2024-12-15,2024-12-15
www.tribunnews.com,Page,N/A,N/A,www.tribunnews.com/regional/2022/11/16/heboh-video-mesum-di-gor-balai-jagong-bikin-gempar-warga-kudus,Yes,Ads Disguised as Content,Restricted ad serving,ca-pub-7784034061253020,4,2024-12-17,2024-12-17
www.tribunnews.com,Page,N/A,N/A,www.tribunnews.com/regional/2020/01/25/kehabisan-uang-usai-berlibur-enam-abg-jual-diri-tarifnya-hingga-rp-600-ribu,No,Adult: Sexual content,Restricted ad serving,ca-pub-7784034061253020,4,2024-12-15,2024-12-15
www.tribunnews.com,Page,N/A,N/A,www.tribunnews.com/regional/2019/07/20/pesta-seks-ala-villa-di-prigen-jatim-diasediakan-berbagai-fasilitas-gratis-asal-bawa-pasangan,No,Adult: Sexual content,Restricted ad serving,ca-pub-7784034061253020,4,2024-12-15,2024-12-15
www.tribunnews.com,Page,N/A,N/A,www.tribunnews.com/regional/2019/06/17/pengakuan-oknum-bidan-desa-yang-video-call-dengan-pacarnya-tanpa-busana,No,Adult: Sexual content,Restricted ad serving,ca-pub-7784034061253020,4,2024-12-17,2024-12-17
www.tribunnews.com,Page,N/A,N/A,www.tribunnews.com/regional/2018/10/07/tempat-hiburan-malam-di-parepare-hanya-boleh-beroperasi-hingga-jam-12-malam,No,Shocking content,Restricted ad serving,ca-pub-7784034061253020,4,2024-12-16,2024-12-16
www.tribunnews.com,Page,N/A,N/A,www.tribunnews.com/regional/2018/10/01/geger-video-mesum-di-uin-sunan-gunung-djati-ternyata-ini-dua-pelakunya,No,Adult: Sexual content,Restricted ad serving,ca-pub-7784034061253020,4,2024-12-17,2024-12-17
www.tribunnews.com,Page,N/A,N/A,www.tribunnews.com/regional/2017/11/16/pegawai-bank-cantik-ini-diperkosa-sebelum-dibunuh-pakaiannya-hilang,No,Shocking content,Restricted ad serving,ca-pub-7784034061253020,4,2024-12-15,2024-12-15
www.tribunnews.com,Page,N/A,N/A,www.tribunnews.com/regional/2017/08/14/aktivitas-prostitusi-online-di-sentul-terungkap-tarifnya-segini-sekali-main,No,Adult: Sexual content,Restricted ad serving,ca-pub-7784034061253020,4,2024-12-15,2024-12-15
www.tribunnews.com,Page,N/A,N/A,www.tribunnews.com/regional/2014/10/09/mahasiswa-s2bisnis-prostitusi-via-facebook-pasang-tarif-cewek-cewek,No,Adult: Sexual content,Restricted ad serving,ca-pub-7784034061253020,4,2024-12-15,2024-12-15
www.tribunnews.com,Page,N/A,N/A,www.tribunnews.com/regional/2012/07/16/berbuat-mesum-di-hotel-dicokok-tim-pekat,No,Adult: Sexual content,Restricted ad serving,ca-pub-7784034061253020,4,2024-12-15,2024-12-15
www.tribunnews.com,Page,N/A,N/A,www.tribunnews.com/lifestyle/2016/07/26/ciri-ciri-wanita-yang-ingin-bercinta-tapi-malu-mengungkapkan-pada-pasangannya,No,Adult: Sexual content,Restricted ad serving,ca-pub-7784034061253020,4,2024-12-15,2024-12-15
www.tribunnews.com,Page,N/A,N/A,www.tribunnews.com/kesehatan/2020/01/10/kenapa-ada-wanita-pura-pura-orgasme-saat-hubungan-seksual-ini-penjelasan-sexologist,No,Adult: Sexual content,Restricted ad serving,ca-pub-7784034061253020,4,2024-12-17,2024-12-17
www.tribunnews.com,Page,N/A,N/A,www.tribunnews.com/kesehatan/2016/04/29/orgasme-dapat-sembuhkan-sakit-kepala-benarkah,No,Adult: Sexual content,Restricted ad serving,ca-pub-7784034061253020,4,2024-12-15,2024-12-15
www.tribunnews.com,Page,N/A,N/A,www.tribunnews.com/kesehatan/2016/04/14/sembilan-zona-seksual-yang-bikin-perempuan-terbang-melayang,No,Adult: Sexual content,Restricted ad serving,ca-pub-7784034061253020,4,2024-12-17,2024-12-17
www.tribunnews.com,Page,N/A,N/A,www.tribunnews.com/kesehatan/2013/11/14/60-persen-wanita-sulit-orgasme-saat-seks-bebas-di-luar-nikah,No,Adult: Sexual content,Restricted ad serving,ca-pub-7784034061253020,4,2024-12-17,2024-12-17
www.tribunnews.com,Page,N/A,N/A,www.tribunnews.com/kesehatan/2012/12/27/apa-manfaatnya-sering-berhubungan-intim,No,Adult: Sexual content,Restricted ad serving,ca-pub-7784034061253020,4,2024-12-15,2024-12-15
www.tribunnews.com,Page,N/A,N/A,www.tribunnews.com/internasional/2020/10/09/theme-park-sod-mulai-dibuka-besok-di-kabukicho-tokyo-jepang-khusus-untuk-kalangan-dewasa,Yes,Ads Disguised as Content,Restricted ad serving,ca-pub-7784034061253020,4,2024-12-15,2024-12-15
www.tribunnews.com,Page,N/A,N/A,www.tribunnews.com/internasional/2019/11/03/politisi-ini-terciduk-hubungi-psk-online-lewat-aplikasi-kencan-tinder-saat-sidang-parlemen,No,Shocking content,Restricted ad serving,ca-pub-7784034061253020,4,2024-12-16,2024-12-16
www.tribunnews.com,Page,N/A,N/A,www.tribunnews.com/internasional/2018/03/05/artis-film-dewasa-jepang-tidak-masalah-menikah-dengan-orang-indonesia,No,Adult: Sexual content,Restricted ad serving,ca-pub-7784034061253020,4,2024-12-15,2024-12-15
www.tribunnews.com,Page,N/A,N/A,www.tribunnews.com/internasional/2017/11/28/wanita-muda-telanjang-bulat-keliling-kota-lalu-joget-di-atas-mobil-jadi-tontotan-warga,No,Adult: Sexual content,Restricted ad serving,ca-pub-7784034061253020,4,2024-12-17,2024-12-17
www.tribunnews.com,Page,N/A,N/A,www.tribunnews.com/internasional/2017/08/08/terungkap-geliat-tante-berduit-incar-pemuda-pengungsi-untuk-puaskan-hasrat-seksual,No,Shocking content,Restricted ad serving,ca-pub-7784034061253020,4,2024-12-15,2024-12-15
www.tribunnews.com,Page,N/A,N/A,www.tribunnews.com/internasional/2015/06/09/kontes-bulu-ketek-jadi-tren-perempuan-tiongkok,No,Adult: Sexual content,Restricted ad serving,ca-pub-7784034061253020,4,2024-12-16,2024-12-16
www.tribunnews.com,Page,N/A,N/A,www.tribunnews.com/internasional/2014/08/27/payudara-9-artis-ini-diamalkan-untuk-kampanye-aids,Yes,Ads Disguised as Content,Restricted ad serving,ca-pub-7784034061253020,4,2024-12-16,2024-12-16
wow.tribunnews.com,Page,N/A,N/A,wow.tribunnews.com/2019/11/22/viral-video-pasangan-mesum-di-dalam-mobil-goyang-sang-pria-nyaris-dihajar-massa-yang-geram,No,Shocking content,Restricted ad serving,ca-pub-7784034061253020,4,2024-12-16,2024-12-16
wartakota.tribunnews.com,Page,N/A,N/A,wartakota.tribunnews.com/amp/2019/10/03/pengakuan-kakak-ipar-tergoda-pakaian-seksi-adik-ipar-hingga-lakukan-hubungan-terlarang-tiap-malam,No,Adult: Sexual content,Restricted ad serving,ca-pub-7784034061253020,4,2024-12-15,2024-12-15
wartakota.tribunnews.com,Page,N/A,N/A,wartakota.tribunnews.com/2020/02/21/curhat-menantu-diintip-mertua-saat-berhubungan-badan-dengan-pasangan-begini-kisahnya,No,Shocking content,Restricted ad serving,ca-pub-7784034061253020,4,2024-12-17,2024-12-17
wartakota.tribunnews.com,Page,N/A,N/A,wartakota.tribunnews.com/2019/11/20/mia-khalifa-ngaku-dijebak-masuk-industri-film-dewasa-hanya-3-bulan-namun-masih-pencarian-tertinggi,No,Adult: Sexual content,Restricted ad serving,ca-pub-7784034061253020,4,2024-12-16,2024-12-16
wartakota.tribunnews.com,Page,N/A,N/A,wartakota.tribunnews.com/2019/08/15/video-vina-garut-total-ada-44-dijual-di-twitter-rp-50-ribu,No,Adult: Sexual content,Restricted ad serving,ca-pub-7784034061253020,4,2024-12-16,2024-12-16
wartakota.tribunnews.com,Page,N/A,N/A,wartakota.tribunnews.com/2017/08/04/viral-dua-cewek-bikin-heboh-pamer-bra-dan-payudara-di-media-sosial,No,Adult: Sexual content,Restricted ad serving,ca-pub-7784034061253020,4,2024-12-16,2024-12-16
wartakota.tribunnews.com,Page,N/A,N/A,wartakota.tribunnews.com/2017/04/27/tidak-ada-kata-damai-untuk-nikita-mirzani,No,Adult: Sexual content,Restricted ad serving,ca-pub-7784034061253020,4,2024-12-15,2024-12-15
wartakota.tribunnews.com,Page,N/A,N/A,wartakota.tribunnews.com/2017/03/24/video-meski-miyabi-mantan-bintang-porno-nikita-nilai-ada-hal-positif,Yes,Site Behavior: Navigation,Restricted ad serving,ca-pub-7784034061253020,4,2024-12-15,2024-12-15
wartakota.tribunnews.com,Page,N/A,N/A,wartakota.tribunnews.com/2016/10/11/pengantin-wanita-ini-rela-diremas-dadanya-demi-dapat-tambahan-uang,No,Adult: Sexual content,Restricted ad serving,ca-pub-7784034061253020,4,2024-12-17,2024-12-17
wartakota.tribunnews.com,Page,N/A,N/A,wartakota.tribunnews.com/2015/08/21/para-pria-sepakat-suka-dengan-berhubungan-intim-dengan-gadis-20an,No,Adult: Sexual content,Restricted ad serving,ca-pub-7784034061253020,4,2024-12-16,2024-12-16
wartakota.tribunnews.com,Page,N/A,N/A,wartakota.tribunnews.com/2015/08/21/faktanya-wanita-bisa-capai-orgasme-tanpa-mr-p,No,Adult: Sexual content,Restricted ad serving,ca-pub-7784034061253020,4,2024-12-17,2024-12-17
wartakota.tribunnews.com,Page,N/A,N/A,wartakota.tribunnews.com/2015/07/23/wow-bintang-porno-ini-bikin-patung-dari-alat-bantu-seks,No,Adult: Sexual content,Restricted ad serving,ca-pub-7784034061253020,4,2024-12-16,2024-12-16
wartakota.tribunnews.com,Page,N/A,N/A,wartakota.tribunnews.com/2014/07/13/inilah-foto-bugil-venus-williams-di-majalah-espn-yang-bikin-heboh,No,Adult: Sexual content,Restricted ad serving,ca-pub-7784034061253020,4,2024-12-16,2024-12-16
wartakota.tribunnews.com,Page,N/A,N/A,wartakota.tribunnews.com/2014/03/17/pakaian-dalam-pria-tingkatkan-sensasi-wanita,No,Adult: Sexual content,Restricted ad serving,ca-pub-7784034061253020,4,2024-12-16,2024-12-16
video.tribunnews.com,Page,N/A,N/A,video.tribunnews.com/view/80224/gara-gara-lahirkan-anak-perempuan-lagi-istri-tewas-dicekik-suami,No,Shocking content,Restricted ad serving,ca-pub-7784034061253020,4,2024-12-16,2024-12-16
video.tribunnews.com,Page,N/A,N/A,video.tribunnews.com/view/766766/pria-di-paser-penggal-kepala-istri-gegara-sering-cekcok-dan-minta-cerai-sempat-bawa-kepala-keliling,No,Shocking content,Restricted ad serving,ca-pub-7784034061253020,4,2024-12-15,2024-12-15
travel.tribunnews.com,Page,N/A,N/A,travel.tribunnews.com/2020/01/16/jelajah-sex-machines-museum-museum-di-praha-yang-didedikasikan-untuk-mainan-seks,No,Adult: Sexual content,Restricted ad serving,ca-pub-7784034061253020,4,2024-12-17,2024-12-17
suryamalang.tribunnews.com,Page,N/A,N/A,suryamalang.tribunnews.com/tag/viral-di-media-sosial,No,Adult: Sexual content,Restricted ad serving,ca-pub-7784034061253020,4,2024-12-16,2024-12-16
suryamalang.tribunnews.com,Page,N/A,N/A,suryamalang.tribunnews.com/tag/psk,No,Adult: Sexual content,Restricted ad serving,ca-pub-7784034061253020,4,2024-12-17,2024-12-17
suryamalang.tribunnews.com,Page,N/A,N/A,suryamalang.tribunnews.com/2022/02/11/video-mesum-1-cewek-puaskan-nafsu-2-pria-beredar-di-wa-diduga-putra-pengusaha-sumenep-ikut-terlibat,No,Google-served ads obscuring content,Restricted ad serving,ca-pub-7784034061253020,4,2024-12-16,2024-12-16
suryamalang.tribunnews.com,Page,N/A,N/A,suryamalang.tribunnews.com/2017/11/03/saat-siaran-tiba-tiba-presenter-cewek-buka-rok-astaga-sampai-kelihatan-bagian-sensitifnya,No,Adult: Sexual content,Restricted ad serving,ca-pub-7784034061253020,4,2024-12-15,2024-12-15
suryamalang.tribunnews.com,Page,N/A,N/A,suryamalang.tribunnews.com/2017/06/13/video-tante-tante-seksi-buka-puasa-makan-nasi-liwet-paha-mulus-mereka-bikin-meriang,Yes,Site Behavior: Navigation,Restricted ad serving,ca-pub-7784034061253020,4,2024-12-15,2024-12-15
surabaya.tribunnews.com,Page,N/A,N/A,surabaya.tribunnews.com/2019/03/05/detik-detik-siswi-menjerit-saat-oknum-guru-nonton-film-dewasa-di-kelas-viral-di-whatsapp-wa-ig,No,Adult: Sexual content,Restricted ad serving,ca-pub-7784034061253020,4,2024-12-15,2024-12-15
surabaya.tribunnews.com,Page,N/A,N/A,surabaya.tribunnews.com/2019/03/03/3-fakta-abg-gantung-diri-usai-fotonya-tanpa-busana-viral-di-whatsapp-wa-medsos-pelaku-terungkap,No,Adult: Sexual content,Restricted ad serving,ca-pub-7784034061253020,4,2024-12-15,2024-12-15
surabaya.tribunnews.com,Page,N/A,N/A,surabaya.tribunnews.com/2018/10/09/3-pasutri-swinger-surabaya-ternyata-ada-tarifnya-dan-harus-tukar-foto-syur-dulu,No,Adult: Sexual content,Restricted ad serving,ca-pub-7784034061253020,4,2024-12-15,2024-12-15
surabaya.tribunnews.com,Page,N/A,N/A,surabaya.tribunnews.com/2015/11/12/ini-alasan-pria-memilih-bercinta-dengan-boneka-seks-daripada-pelacur,No,Adult: Sexual content,Restricted ad serving,ca-pub-7784034061253020,4,2024-12-15,2024-12-15
surabaya.tribunnews.com,Page,N/A,N/A,surabaya.tribunnews.com/2010/04/23/video-mesum-berseragam-sma-gegerkan-bandung,No,Shocking content,Restricted ad serving,ca-pub-7784034061253020,4,2024-12-17,2024-12-17
sumsel.tribunnews.com,Page,N/A,N/A,sumsel.tribunnews.com/2022/03/27/juragan-99-akui-tak-punya-pesawat-fitri-salhuteru-hukuman-massa-lebih-sadis-dari-penjara,Yes,Encouraging accidental clicks: Layout,Restricted ad serving,ca-pub-7784034061253020,4,2024-12-15,2024-12-15
sumsel.tribunnews.com,Page,N/A,N/A,sumsel.tribunnews.com/2021/09/11/heboh-ular-piton-sebesar-drum-di-semak-semak-warga-syok-saat-perut-ular-dibelah,No,Shocking content,Restricted ad serving,ca-pub-7784034061253020,4,2024-12-16,2024-12-16
sumsel.tribunnews.com,Page,N/A,N/A,sumsel.tribunnews.com/2020/10/21/nagita-slavina-cerita-kisah-malam-pertama-jadi-pasutri-awalnya-malu-malu-dan-akui-kehebatan-raffi,Yes,Ads Disguised as Content,Restricted ad serving,ca-pub-7784034061253020,4,2024-12-15,2024-12-15
sumsel.tribunnews.com,Page,N/A,N/A,sumsel.tribunnews.com/2017/12/18/pakaian-ini-lagi-tren-di-jepang-potongannya-perlihatkan-dada-bagian-samping-dan-sebagian-pantat,No,Adult: Sexual content,Restricted ad serving,ca-pub-7784034061253020,4,2024-12-15,2024-12-15
sumsel.tribunnews.com,Page,N/A,N/A,sumsel.tribunnews.com/2013/04/21/memainkan-si-bukit-kembar-gairah-suami-cetar-membahana,No,Adult: Sexual content,Restricted ad serving,ca-pub-7784034061253020,4,2024-12-15,2024-12-15
sultra.tribunnews.com,Page,N/A,N/A,sultra.tribunnews.com/2024/04/03/pemuda-di-laloale-kolaka-timur-parangi-ayah-tiri-hingga-tewas-kesal-ibu-kandung-sering-dipukuli,Yes,Google-served ads obscuring content;Modified Javascript: Ads by Google size,Restricted ad serving,ca-pub-7784034061253020,4,2024-12-15,2024-12-15
sultra.tribunnews.com,Page,N/A,N/A,sultra.tribunnews.com/2022/11/15/7-judul-video-milik-icha-ceeby-dan-aro-selain-kebaya-merah-termasuk-tiga-lawan-satu-bersama-cz,Yes,Ads Disguised as Content,Restricted ad serving,ca-pub-7784034061253020,4,2024-12-17,2024-12-17
solo.tribunnews.com,Page,N/A,N/A,solo.tribunnews.com/2017/04/16/pensiun-dari-profesinya-mantan-bintang-film-porno-jepang-ini-banting-setir-jadi-dj,No,Adult: Sexual content,Restricted ad serving,ca-pub-7784034061253020,4,2024-12-15,2024-12-15
pontianak.tribunnews.com,Page,N/A,N/A,pontianak.tribunnews.com/amp/2018/01/27/ciri-ciri-wanita-bernafsu-tinggi-beberapa-ada-yang-sering-kamu-jumpai,No,Adult: Sexual content,Restricted ad serving,ca-pub-7784034061253020,4,2024-12-16,2024-12-16
pontianak.tribunnews.com,Page,N/A,N/A,pontianak.tribunnews.com/2018/01/28/4-artis-seksi-ini-blak-blakan-cara-puaskan-diri-di-ranjang-ada-yang-koleksi-banyak-boneka-seks,No,Adult: Sexual content,Restricted ad serving,ca-pub-7784034061253020,4,2024-12-16,2024-12-16
pontianak.tribunnews.com,Page,N/A,N/A,pontianak.tribunnews.com/2017/06/17/seorang-wanita-buka-baju-dan-celana-di-tempat-umum-ini-tujuannya,Yes,Site Behavior: Navigation,Restricted ad serving,ca-pub-7784034061253020,4,2024-12-16,2024-12-16
pontianak.tribunnews.com,Page,N/A,N/A,pontianak.tribunnews.com/2017/02/10/boneka-seks-hadiah-ulang-tahun-dari-ayah-ini-kisahnya-untuk-anda,No,Adult: Sexual content,Restricted ad serving,ca-pub-7784034061253020,4,2024-12-17,2024-12-17
pontianak.tribunnews.com,Page,N/A,N/A,pontianak.tribunnews.com/2016/07/26/video-unggah-foto-bugil-di-facebook-polwan-cantik-ini-diberhentikan,No,Google-served ads obscuring content,Restricted ad serving,ca-pub-7784034061253020,4,2024-12-15,2024-12-15
pontianak.tribunnews.com,Page,N/A,N/A,pontianak.tribunnews.com/2015/08/26/ternyata-berciuman-baik-untuk-kesehatan-ini-penjelasannya,No,Adult: Sexual content,Restricted ad serving,ca-pub-7784034061253020,4,2024-12-15,2024-12-15
pekanbaru.tribunnews.com,Page,N/A,N/A,pekanbaru.tribunnews.com/tag/jav,Yes,Google-served ads on screens without publisher-content,Restricted ad serving,ca-pub-7784034061253020,4,2024-12-16,2024-12-16
pekanbaru.tribunnews.com,Page,N/A,N/A,pekanbaru.tribunnews.com/2023/12/16/pijat-plus-plus-apa-artinya-dalam-bahasa-gaul-kosa-kata-gaul-dewasa-viral-berikut-penjelasannya,No,Google-served ads obscuring content,Restricted ad serving,ca-pub-7784034061253020,4,2024-12-16,2024-12-16
pekanbaru.tribunnews.com,Page,N/A,N/A,pekanbaru.tribunnews.com/2022/05/02/gila-pemuda-ini-ketagihan-berhubungan-intim-dengan-sapi-aksinya-terekam-cctv,No,Google-served ads obscuring content,Restricted ad serving,ca-pub-7784034061253020,4,2024-12-15,2024-12-15
pekanbaru.tribunnews.com,Page,N/A,N/A,pekanbaru.tribunnews.com/2021/10/06/layani-ibu-mertua-dan-adik-ipar-di-ranjang-pria-ini-ternyata-dapat-izin-istrinya,Yes,Ads Disguised as Content,Restricted ad serving,ca-pub-7784034061253020,4,2024-12-15,2024-12-15
pekanbaru.tribunnews.com,Page,N/A,N/A,pekanbaru.tribunnews.com/2020/02/28/3-cara-alami-untuk-memperbesar-alat-vital-kelamin-laki-laki-pria-puaskan-istri-di-ranjang,No,Adult: Sexual content,Restricted ad serving,ca-pub-7784034061253020,4,2024-12-16,2024-12-16
pekanbaru.tribunnews.com,Page,N/A,N/A,pekanbaru.tribunnews.com/2019/11/14/woles-artinya-wales-adalah-arti-kata-gaul-yang-sering-ditanyakan-di-kumpulan-kamus-bahasa-gaul,Yes,Encouraging accidental clicks: Layout,Restricted ad serving,ca-pub-7784034061253020,4,2024-12-15,2024-12-15
pekanbaru.tribunnews.com,Page,N/A,N/A,pekanbaru.tribunnews.com/2019/02/03/berhubungan-intim-di-siang-hari-simak-6-tips-ini-dulu-dijamin-lebih-seru-asyik,No,Adult: Sexual content,Restricted ad serving,ca-pub-7784034061253020,4,2024-12-15,2024-12-15
pekanbaru.tribunnews.com,Page,N/A,N/A,pekanbaru.tribunnews.com/2018/05/02/tak-pernah-puas-meski-telah-berhubungan-seks-5-kali-sehari-wanita-ini-menderita,No,Adult: Sexual content,Restricted ad serving,ca-pub-7784034061253020,4,2024-12-17,2024-12-17
pekanbaru.tribunnews.com,Page,N/A,N/A,pekanbaru.tribunnews.com/2017/10/14/tahu-efek-jika-payudara-mereka-sering-dihisap-begini-reaksi-para-siswa-di-surabaya,No,Adult: Sexual content,Restricted ad serving,ca-pub-7784034061253020,4,2024-12-16,2024-12-16
padang.tribunnews.com,Page,N/A,N/A,padang.tribunnews.com/2020/01/03/berlagak-kaya-saat-majikan-ke-luar-kota-pembantu-cantik-pakai-kamar-bos-buat-mesum-videonya-viral,No,Shocking content,Restricted ad serving,ca-pub-7784034061253020,4,2024-12-15,2024-12-15
medan.tribunnews.com,Page,N/A,N/A,medan.tribunnews.com/amp/2017/12/20/7-artis-cantik-indonesia-dengan-payudara-terindah-2017-artis-idolamu-ada,No,Adult: Sexual content,Restricted ad serving,ca-pub-7784034061253020,4,2024-12-17,2024-12-17
medan.tribunnews.com,Page,N/A,N/A,medan.tribunnews.com/2023/02/01/kasus-suami-bunuh-istri-di-tembung-ini-identitas-pelaku-dan-korban,No,Shocking content,Restricted ad serving,ca-pub-7784034061253020,4,2024-12-15,2024-12-15
medan.tribunnews.com,Page,N/A,N/A,medan.tribunnews.com/2022/11/14/kronologi-benni-sitanggang-36-tikam-ricardo-sihotang-37-hingga-tewas-hal-sepele-hilang-nyawa,No,Shocking content,Restricted ad serving,ca-pub-7784034061253020,4,2024-12-15,2024-12-15
medan.tribunnews.com,Page,N/A,N/A,medan.tribunnews.com/2020/10/22/bukan-karena-lagunya-video-tiktok-ini-viral-berlatar-belakang-adegan-seks-tak-sengaja-direkam,No,Google-served ads obscuring content,Restricted ad serving,ca-pub-7784034061253020,4,2024-12-15,2024-12-15
medan.tribunnews.com,Page,N/A,N/A,medan.tribunnews.com/2019/11/21/video-seks-vina-garut-akan-diputar-di-persidangan-ini-penjelasan-humas-pn,Yes,Mislabeled Ads,Restricted ad serving,ca-pub-7784034061253020,4,2024-12-15,2024-12-15
medan.tribunnews.com,Page,N/A,N/A,medan.tribunnews.com/2019/09/20/dua-sopir-truk-saling-bacok-demi-memperebutkan-janda-badan-sudah-luka-parah-siapa-pemenangnya,No,Shocking content,Restricted ad serving,ca-pub-7784034061253020,4,2024-12-16,2024-12-16
medan.tribunnews.com,Page,N/A,N/A,medan.tribunnews.com/2019/09/03/ternyata-pemeran-video-mesum-banjarmasin-yang-viral-adalah-selebgram-mahasiswi-dan-model,No,Adult: Sexual content,Restricted ad serving,ca-pub-7784034061253020,4,2024-12-16,2024-12-16
medan.tribunnews.com,Page,N/A,N/A,medan.tribunnews.com/2018/12/09/koleksi-1100-video-dan-foto-bugil-mahasiswi-dan-guru-honorer-simak-pengakuan-sang-playboy-kampus,No,Adult: Sexual content,Restricted ad serving,ca-pub-7784034061253020,4,2024-12-16,2024-12-16
medan.tribunnews.com,Page,N/A,N/A,medan.tribunnews.com/2018/05/02/rebecca-tak-puas-meski-sudah-5-kali-ml-sehari-hingga-suami-curiga-terungkap-fakta-ini,No,Shocking content,Restricted ad serving,ca-pub-7784034061253020,4,2024-12-15,2024-12-15
medan.tribunnews.com,Page,N/A,N/A,medan.tribunnews.com/2018/04/17/dua-penyiar-cewek-ini-awalnya-kikuk-bawa-acara-tanpa-busana-selanjutnya-mengagetkan,No,Shocking content,Restricted ad serving,ca-pub-7784034061253020,4,2024-12-16,2024-12-16
medan.tribunnews.com,Page,N/A,N/A,medan.tribunnews.com/2018/01/13/4-jurus-ampuh-menghadapi-cewek-ngambek,No,Adult: Sexual content,Restricted ad serving,ca-pub-7784034061253020,4,2024-12-15,2024-12-15
medan.tribunnews.com,Page,N/A,N/A,medan.tribunnews.com/2017/12/27/pengin-tahan-lama-tapi-ogah-minum-obat-kuat-yuk-simak-caranya-moms-and-dads,No,Adult: Sexual content,Restricted ad serving,ca-pub-7784034061253020,4,2024-12-15,2024-12-15
medan.tribunnews.com,Page,N/A,N/A,medan.tribunnews.com/2015/12/11/news-video-ini-teriakan-pekerja-seks-di-jalan-wahid-hasyim-medan,Yes,Site Behavior: Navigation,Restricted ad serving,ca-pub-7784034061253020,4,2024-12-15,2024-12-15
manado.tribunnews.com,Page,N/A,N/A,manado.tribunnews.com/tag/viral,Yes,Google-served ads on screens without publisher-content,Restricted ad serving,ca-pub-7784034061253020,4,2024-12-15,2024-12-15
manado.tribunnews.com,Page,N/A,N/A,manado.tribunnews.com/2022/02/09/kondisi-mengenaskan-mayat-perempuan-muda-ditemukan-tanpa-busana-celana-korban-melorot,No,Shocking content,Restricted ad serving,ca-pub-7784034061253020,4,2024-12-16,2024-12-16
manado.tribunnews.com,Page,N/A,N/A,manado.tribunnews.com/2021/03/16/selasa-16-maret-2021-mayat-perempuan-cantik-tanpa-identitas-terbaring-di-sawah-ini-ciri-cirinya,No,Shocking content,Restricted ad serving,ca-pub-7784034061253020,4,2024-12-15,2024-12-15
manado.tribunnews.com,Page,N/A,N/A,manado.tribunnews.com/2019/05/17/wanita-hamil-dibunuh-sang-suami-dibelah-perutnya-keluarkan-bayi-secara-paksa-ajaib-si-bayi-hidup,Yes,Ads Disguised as Content,Restricted ad serving,ca-pub-7784034061253020,4,2024-12-16,2024-12-16
manado.tribunnews.com,Page,N/A,N/A,manado.tribunnews.com/2017/07/19/gila-vlogger-china-ini-siarkan-langsung-aksinya-bermarturbasi-dengan-memasukkan-belut-ke-kemaluan,No,Shocking content,Restricted ad serving,ca-pub-7784034061253020,4,2024-12-17,2024-12-17
manado.tribunnews.com,Page,N/A,N/A,manado.tribunnews.com/2013/10/02/the-austrian-international-sex-school-ajarkan-posisi-seksual,No,Adult: Sexual content,Restricted ad serving,ca-pub-7784034061253020,4,2024-12-16,2024-12-16
makassar.tribunnews.com,Page,N/A,N/A,makassar.tribunnews.com/2012/07/07/cerita-dibalik-keperkasaan-obat-kuat,No,Adult: Sexual content,Restricted ad serving,ca-pub-7784034061253020,4,2024-12-15,2024-12-15
m.tribunnews.com,Page,N/A,N/A,m.tribunnews.com/tag/dimasz-jeremia,Yes,Encouraging accidental clicks: Layout,Restricted ad serving,ca-pub-7784034061253020,4,2024-12-15,2024-12-15
m.tribunnews.com,Page,N/A,N/A,m.tribunnews.com/tag/bugil,No,Adult: Sexual content,Restricted ad serving,ca-pub-7784034061253020,4,2024-12-15,2024-12-15
m.tribunnews.com,Page,N/A,N/A,m.tribunnews.com/amp/regional/2019/10/03/pria-ini-ajak-bersetubuh-adik-ipar-beraksi-saat-istri-sudah-tidur-hingga-ditemukan-alat-kontrasepsi,No,Adult: Sexual content,Restricted ad serving,ca-pub-7784034061253020,4,2024-12-16,2024-12-16
m.tribunnews.com,Page,N/A,N/A,m.tribunnews.com/amp/regional/2017/11/15/aku-bilang-ituku-sakit-tapi-dia-terus-ngajak-hubungan-intim-pakai-terong-dan-timun,No,Adult: Sexual content,Restricted ad serving,ca-pub-7784034061253020,4,2024-12-17,2024-12-17
lampung.tribunnews.com,Page,N/A,N/A,lampung.tribunnews.com/2017/07/08/bibir-wanita-bentuk-busur-cupid-kemampuannya-dianggap-12-kali-lebih-tinggi-untuk-orgasme,Yes,Site Behavior: Navigation,Restricted ad serving,ca-pub-7784034061253020,4,2024-12-17,2024-12-17
kupang.tribunnews.com,Page,N/A,N/A,kupang.tribunnews.com/2020/05/08/bisnis-prostitusi-online-terungkap-sediakan-600-cewek-cantik-pelanggannya-pakai-mobil-plat-merah,No,Shocking content,Restricted ad serving,ca-pub-7784034061253020,4,2024-12-17,2024-12-17
kupang.tribunnews.com,Page,N/A,N/A,kupang.tribunnews.com/2019/11/24/digaji-rp-45-jutamalam-mahasiswi-keperawatan-jadi-penari-striptis-demi-bayar-biaya-kuliah-info,No,Shocking content,Restricted ad serving,ca-pub-7784034061253020,4,2024-12-17,2024-12-17
kupang.tribunnews.com,Page,N/A,N/A,kupang.tribunnews.com/2019/10/21/viral-video-berzina-diduga-dosen-vs-mahasiswi-di-bandung-ngobrol-bahasa-sunda-jadi-penanda,No,Shocking content,Restricted ad serving,ca-pub-7784034061253020,4,2024-12-17,2024-12-17
kupang.tribunnews.com,Page,N/A,N/A,kupang.tribunnews.com/2019/03/19/gara-gara-foto-foto-syur-tanpa-busana-bidan-cantik-asal-prabumulih-ini-beredar-begini-nasibnya-kini,No,Adult: Sexual content,Restricted ad serving,ca-pub-7784034061253020,4,2024-12-16,2024-12-16
kupang.tribunnews.com,Page,N/A,N/A,kupang.tribunnews.com/2017/09/30/terkuak-inilah-10-tanda-pria-dan-wanita-yang-miliki-libido-tinggi-kamu-termasuk-nggak,No,Adult: Sexual content,Restricted ad serving,ca-pub-7784034061253020,4,2024-12-16,2024-12-16
kupang.tribunnews.com,Page,N/A,N/A,kupang.tribunnews.com/2017/05/22/penyanyi-cantik-ini-tanpa-busana-simak-pose-pose-menantangnya,No,Adult: Sexual content,Restricted ad serving,ca-pub-7784034061253020,4,2024-12-15,2024-12-15
kupang.tribunnews.com,Page,N/A,N/A,kupang.tribunnews.com/2017/03/25/pijat-genital-untuk-raih-multi-orgasme-silahkan-mencoba,No,Adult: Sexual content,Restricted ad serving,ca-pub-7784034061253020,4,2024-12-17,2024-12-17
kupang.tribunnews.com,Page,N/A,N/A,kupang.tribunnews.com/2016/02/17/ketahuan-punya-alat-bantu-seks-pria-ini-dihajar-istrinya,No,Adult: Sexual content,Restricted ad serving,ca-pub-7784034061253020,4,2024-12-17,2024-12-17
kupang.tribunnews.com,Page,N/A,N/A,kupang.tribunnews.com/2015/12/11/yeter-pitrad-lembata-kok-banyak-kondom,No,Adult: Sexual content,Restricted ad serving,ca-pub-7784034061253020,4,2024-12-15,2024-12-15
jogja.tribunnews.com,Page,N/A,N/A,jogja.tribunnews.com/2019/04/26/viral-video-warga-bedah-perut-buaya-satu-per-satu-potongan-tubuh-manusia-ditemukan,No,Shocking content,Restricted ad serving,ca-pub-7784034061253020,4,2024-12-16,2024-12-16
jogja.tribunnews.com,Page,N/A,N/A,jogja.tribunnews.com/2017/08/30/byurrr-pria-tukang-intip-orang-mandi-diguyur-gadis-muda-yang-jadi-korbannyaketahuan-kamu,No,Shocking content,Restricted ad serving,ca-pub-7784034061253020,4,2024-12-16,2024-12-16
jogja.tribunnews.com,Page,N/A,N/A,jogja.tribunnews.com/2016/02/05/video-fenomena-mati-gancet-mr-p-kakek-ini-tak-mau-dicopot,No,Adult: Sexual content;Shocking content,Restricted ad serving,ca-pub-7784034061253020,4,2024-12-16,2024-12-16
jogja.tribunnews.com,Page,N/A,N/A,jogja.tribunnews.com/2014/08/27/9-aktris-porno-jepang-izinkan-payudaranya-diremas-remas,No,Adult: Sexual content,Restricted ad serving,ca-pub-7784034061253020,4,2024-12-16,2024-12-16
jogja.tribunnews.com,Page,N/A,N/A,jogja.tribunnews.com/2013/10/24/demi-cari-pacar-enam-perempuan-rela-berpose-telanjang,No,Google-served ads obscuring content,Restricted ad serving,ca-pub-7784034061253020,4,2024-12-15,2024-12-15
jatim.tribunnews.com,Page,N/A,N/A,jatim.tribunnews.com/2021/01/07/wanita-muda-tewas-dicekik-di-kamar-hotel-seminggu-nginap-bareng-2-pria-pesan-di-hp-jadi-petunjuk,No,Shocking content,Restricted ad serving,ca-pub-7784034061253020,4,2024-12-16,2024-12-16
jatim.tribunnews.com,Page,N/A,N/A,jatim.tribunnews.com/2019/12/25/viral-pria-tampan-bertato-tewas-di-parit-tubuh-penuh-34-tusukan-tertutup-rumput-ini-ciri-lainnya,No,Shocking content,Restricted ad serving,ca-pub-7784034061253020,4,2024-12-15,2024-12-15
jatim.tribunnews.com,Page,N/A,N/A,jatim.tribunnews.com/2017/10/09/wow-ganteng-dan-modis-pria-ini-pilih-jadi-tukang-pijit-pasien-rela-berbuat-ini-asal-bisa-dipijit,No,Shocking content,Restricted ad serving,ca-pub-7784034061253020,4,2024-12-15,2024-12-15
jatim.tribunnews.com,Page,N/A,N/A,jatim.tribunnews.com/2017/08/28/seksi-nggak-harus-pamer-dada-10-foto-artis-korea-selatan-imut-ini-nggak-kalah-bikin-geregetan,No,Shocking content,Restricted ad serving,ca-pub-7784034061253020,4,2024-12-17,2024-12-17
jateng.tribunnews.com,Page,N/A,N/A,jateng.tribunnews.com/2023/12/07/remaja-nakal-tipu-para-pria-ngebet-open-bo-lewat-michat-minta-uang-muka-lalu-ditinggal-kabur,No,Google-served ads obscuring content,Restricted ad serving,ca-pub-7784034061253020,4,2024-12-16,2024-12-16
jateng.tribunnews.com,Page,N/A,N/A,jateng.tribunnews.com/2022/07/20/vcs-57-detik-wanita-oknum-asn-bersama-seorang-pria-tersebar-tunjukan-bagian-sensitif-di-kamera-hp,Yes,Ads Disguised as Content,Restricted ad serving,ca-pub-7784034061253020,4,2024-12-15,2024-12-15
jateng.tribunnews.com,Page,N/A,N/A,jateng.tribunnews.com/2021/11/09/cara-dapat-cuan-dari-game-lucky-popstar-aplikasi-penghasil-uang-tukar-diamond-jadi-saldo-paypal,Yes,Encouraging accidental clicks: Layout;Google-served ads obscuring content,Restricted ad serving,ca-pub-7784034061253020,4,2024-12-17,2024-12-17
jateng.tribunnews.com,Page,N/A,N/A,jateng.tribunnews.com/2021/10/01/kunci-jawaban-kelas-3-sd-tema-3-halaman-196-197-200-201-204-205-206-207-perubahan-wujud-di-sekitarku,Yes,Encouraging accidental clicks: Layout;Google-served ads obscuring content,Restricted ad serving,ca-pub-7784034061253020,4,2024-12-16,2024-12-16
jateng.tribunnews.com,Page,N/A,N/A,jateng.tribunnews.com/2020/06/05/boneka-seks-didandani-ala-suporter-fc-seoul-dipajang-saat-pertandingan-di-liga-korea,No,Adult: Sexual content,Restricted ad serving,ca-pub-7784034061253020,4,2024-12-15,2024-12-15
jateng.tribunnews.com,Page,N/A,N/A,jateng.tribunnews.com/2020/05/21/pasang-boneka-seks-di-kursi-penonton-klub-bola-korea-selatan-didenda-rp-1196-miliar,No,Adult: Sexual content,Restricted ad serving,ca-pub-7784034061253020,4,2024-12-15,2024-12-15
jateng.tribunnews.com,Page,N/A,N/A,jateng.tribunnews.com/2019/07/18/heboh-video-mesum-2-bocah-sd-direkam-sendiri-di-rumah-saat-orang-tua-bekerja-dan-terlanjur-menyebar,No,Shocking content,Restricted ad serving,ca-pub-7784034061253020,4,2024-12-16,2024-12-16
jateng.tribunnews.com,Page,N/A,N/A,jateng.tribunnews.com/2018/01/03/mau-tahu-ukuran-kondom-dan-kenyamanan-hubungan-seks-inilah-kata-pakar-seks,No,Adult: Sexual content,Restricted ad serving,ca-pub-7784034061253020,4,2024-12-17,2024-12-17
jateng.tribunnews.com,Page,N/A,N/A,jateng.tribunnews.com/2017/11/22/jadi-porn-star-of-the-year-madison-tidak-ada-yang-seksi-sama-sekali,No,Shocking content,Restricted ad serving,ca-pub-7784034061253020,4,2024-12-17,2024-12-17
jateng.tribunnews.com,Page,N/A,N/A,jateng.tribunnews.com/2017/05/16/harmony-ini-nama-boneka-seks-yang-bisa-bergerak-dan-bicara,No,Adult: Sexual content,Restricted ad serving,ca-pub-7784034061253020,4,2024-12-15,2024-12-15
jateng.tribunnews.com,Page,N/A,N/A,jateng.tribunnews.com/2016/09/12/kamasutra-boleh-jadi-paling-terkenal-namun-su-nu-cing-adalah-buku-seks-tertua-di-dunia,No,Adult: Sexual content,Restricted ad serving,ca-pub-7784034061253020,4,2024-12-16,2024-12-16
jateng.tribunnews.com,Page,N/A,N/A,jateng.tribunnews.com/2016/08/15/heboh-cewek-berjilbab-umbar-aurat-dan-cerita-pengalaman-ml-dengan-pacar-videonya-beredar-luas,Yes,Site Behavior: Navigation,Restricted ad serving,ca-pub-7784034061253020,4,2024-12-16,2024-12-16
jateng.tribunnews.com,Page,N/A,N/A,jateng.tribunnews.com/2016/04/25/heboh-pria-ini-tewas-gantung-diri-dengan-pisau-ditangan,No,Shocking content,Restricted ad serving,ca-pub-7784034061253020,4,2024-12-15,2024-12-15
jateng.tribunnews.com,Page,N/A,N/A,jateng.tribunnews.com/2015/01/15/nonton-film-romantis-akan-dorong-gairah-seksual-wanita,No,Adult: Sexual content,Restricted ad serving,ca-pub-7784034061253020,4,2024-12-16,2024-12-16
jambi.tribunnews.com,Page,N/A,N/A,jambi.tribunnews.com/amp/2020/10/28/ukuran-tubuh-jessica-iskandar-sebenarnya-bentuknya-terlihat-menipu-di-atas-panggung,Yes,Unnatural attention to ads,Restricted ad serving,ca-pub-7784034061253020,4,2024-12-15,2024-12-15
jambi.tribunnews.com,Page,N/A,N/A,jambi.tribunnews.com/2019/08/16/skandal-vina-garut-heboh-di-bandung-video-panas-main-di-ranjang-hotel-1-lawan-3-adegannya-unik,No,Adult: Sexual content,Restricted ad serving,ca-pub-7784034061253020,4,2024-12-15,2024-12-15
jambi.tribunnews.com,Page,N/A,N/A,jambi.tribunnews.com/2018/02/13/oknum-pns-nekat-begituan-dengan-istri-orang-istri-di-rumah-malah-lakukan-ini,No,Adult: Sexual content,Restricted ad serving,ca-pub-7784034061253020,4,2024-12-16,2024-12-16
jambi.tribunnews.com,Page,N/A,N/A,jambi.tribunnews.com/2017/05/03/nagita-slavina-seksi-pakai-lingerie-netter-montok-banget-memsyeee-body-goals,Yes,Site Behavior: Navigation,Restricted ad serving,ca-pub-7784034061253020,4,2024-12-16,2024-12-16
jambi.tribunnews.com,Page,N/A,N/A,jambi.tribunnews.com/2017/01/30/video-konyol-wanita-ini-kegelian-efek-getar-kursi-pijat-di-sebuah-mal-dan-jadi-bahan-tertawaan,Yes,Site Behavior: Navigation,Restricted ad serving,ca-pub-7784034061253020,4,2024-12-17,2024-12-17
jambi.tribunnews.com,Page,N/A,N/A,jambi.tribunnews.com/2015/12/11/ini-sejarah-pelacuran-pria-terkenal-karena-trik-memutar-1,No,Adult: Sexual content,Restricted ad serving,ca-pub-7784034061253020,4,2024-12-15,2024-12-15
jakarta.tribunnews.com,Page,N/A,N/A,jakarta.tribunnews.com/amp/2019/04/01/sederet-fakta-video-viral-pasangan-gancet-usai-berhubungan-intim-tinjauan-medis-dan-penanganan,No,Adult: Sexual content,Restricted ad serving,ca-pub-7784034061253020,4,2024-12-17,2024-12-17
jakarta.tribunnews.com,Page,N/A,N/A,jakarta.tribunnews.com/2019/03/01/pria-wonogiri-ini-tak-terima-diputus-nekat-sebar-video-mesum-dengan-kekasih-hati,No,Adult: Sexual content,Restricted ad serving,ca-pub-7784034061253020,4,2024-12-17,2024-12-17
jakarta.tribunnews.com,Page,N/A,N/A,jakarta.tribunnews.com/2018/04/09/dua-dari-25-psk-panti-pijat-dan-karaoke-yang-dijaring-di-depok-punya-penyakit-kelamin,No,Shocking content,Restricted ad serving,ca-pub-7784034061253020,4,2024-12-17,2024-12-17
jabar.tribunnews.com,Page,N/A,N/A,jabar.tribunnews.com/2024/08/28/kronologi-pelajar-smp-di-cicurug-sukabumi-tewas-dibacok-pelaku-sedang-diburu-polisi,No,Shocking content,Restricted ad serving,ca-pub-7784034061253020,4,2024-12-15,2024-12-15
jabar.tribunnews.com,Page,N/A,N/A,jabar.tribunnews.com/2019/09/30/nonton-film-porno-di-toko-mainan-seks-turis-asal-inggris-meninggal,No,Adult: Sexual content,Restricted ad serving,ca-pub-7784034061253020,4,2024-12-16,2024-12-16
jabar.tribunnews.com,Page,N/A,N/A,jabar.tribunnews.com/2018/02/21/ini-alasan-pasutri-dari-bandung-bawa-anak-saat-layani-threesome-ingin-cari-sensasi-lain,No,Adult: Sexual content,Restricted ad serving,ca-pub-7784034061253020,4,2024-12-16,2024-12-16
bogor.tribunnews.com,Page,N/A,N/A,bogor.tribunnews.com/2018/12/15/fakta-baru-pesta-seks-di-yogyakarta-pasangan-suami-istri-berhubungan-badan-ditonton-banyak-orang,No,Adult: Sexual content,Restricted ad serving,ca-pub-7784034061253020,4,2024-12-17,2024-12-17
bogor.tribunnews.com,Page,N/A,N/A,bogor.tribunnews.com/2016/08/11/duh-ikuti-saran-dukun-ibu-lakukan-hubungan-intim-dengan-anaknya-sendiri-tujuannya-mengejutkan,No,Adult: Sexual content,Restricted ad serving,ca-pub-7784034061253020,4,2024-12-15,2024-12-15
belitung.tribunnews.com,Page,N/A,N/A,belitung.tribunnews.com/2024/01/03/suami-mutilasi-istri-potong-jadi-sepuluh-bagian-edi-suwito-lemas-lihat-daging-manusia-dalam-ember,No,Google-served ads obscuring content,Restricted ad serving,ca-pub-7784034061253020,4,2024-12-16,2024-12-16
belitung.tribunnews.com,Page,N/A,N/A,belitung.tribunnews.com/2019/03/27/agar-mampu-berhubungan-intim-5-jam-nonstop-wanita-ini-lakukan-cara-gila-sampai-temui-ajal,No,Adult: Sexual content,Restricted ad serving,ca-pub-7784034061253020,4,2024-12-17,2024-12-17
belitung.tribunnews.com,Page,N/A,N/A,belitung.tribunnews.com/2018/02/03/usai-nonton-film-gituan-mulan-jameela-dan-baby-margaretha-langsung-praktek-begini,No,Adult: Sexual content,Restricted ad serving,ca-pub-7784034061253020,4,2024-12-15,2024-12-15
belitung.tribunnews.com,Page,N/A,N/A,belitung.tribunnews.com/2017/12/02/suami-minta-jatah-dilayani-6-jam-tiap-hari-istri-mengeluh-tak-kuat-lagi-hal-ini-bikin-geram,No,Shocking content,Restricted ad serving,ca-pub-7784034061253020,4,2024-12-17,2024-12-17
belitung.tribunnews.com,Page,N/A,N/A,belitung.tribunnews.com/2017/07/12/video-penjaga-warnet-seksi-jadi-model-majalah-dewasa,Yes,Site Behavior: Navigation,Restricted ad serving,ca-pub-7784034061253020,4,2024-12-17,2024-12-17
belitung.tribunnews.com,Page,N/A,N/A,belitung.tribunnews.com/2016/03/26/video-kisah-pria-kesepian-ibu-kota-dan-boneka-seksnya,No,Adult: Sexual content,Restricted ad serving,ca-pub-7784034061253020,4,2024-12-16,2024-12-16
batam.tribunnews.com,Page,N/A,N/A,batam.tribunnews.com/2020/11/07/video-syur-mirip-gisel-viral-di-twitter-hingga-trending-tagar-gempi-skandal-juga-menyusul,Yes,Ads Disguised as Content,Restricted ad serving,ca-pub-7784034061253020,4,2024-12-16,2024-12-16
batam.tribunnews.com,Page,N/A,N/A,batam.tribunnews.com/2020/06/12/fakta-dan-kronologi-remaja-pengendara-kawasaki-ninja-tewas-akibat-leher-terjerat-benang-layangan,No,Shocking content,Restricted ad serving,ca-pub-7784034061253020,4,2024-12-15,2024-12-15
batam.tribunnews.com,Page,N/A,N/A,batam.tribunnews.com/2018/02/05/cerita-mahasiswi-nyambi-jadi-ayam-kampus-tak-mau-open-lebih-suka-jadi-simpanan-om-om,No,Shocking content,Restricted ad serving,ca-pub-7784034061253020,4,2024-12-15,2024-12-15
banyumas.tribunnews.com,Page,N/A,N/A,banyumas.tribunnews.com/2021/11/28/viral-video-durasi-30-detik-berisi-sepasang-pelajar-di-salatiga-beradegan-mesum-polisi-turun-tangan,No,Google-served ads obscuring content,Restricted ad serving,ca-pub-7784034061253020,4,2024-12-17,2024-12-17
banjarmasin.tribunnews.com,Page,N/A,N/A,banjarmasin.tribunnews.com/2017/12/29/yang-hot-kemarin-selama-2-bulan-di-banjarbaru-tante-mer-puaskan-nafsu-30-lelaki-tarifya-bikin-syok,No,Adult: Sexual content;Shocking content,Restricted ad serving,ca-pub-7784034061253020,4,2024-12-15,2024-12-15
banjarmasin.tribunnews.com,Page,N/A,N/A,banjarmasin.tribunnews.com/2017/08/31/hai-gays-apakah-kamu-suka-wanita-payudara-besar-kalau-benar-simak-fakta-ini,No,Adult: Sexual content,Restricted ad serving,ca-pub-7784034061253020,4,2024-12-17,2024-12-17
banjarmasin.tribunnews.com,Page,N/A,N/A,banjarmasin.tribunnews.com/2015/02/14/bredar-video-gadis-indonesia-jalan-telanjang-bulat-di-malaysia,No,Adult: Sexual content,Restricted ad serving,ca-pub-7784034061253020,4,2024-12-15,2024-12-15
bangka.tribunnews.com,Page,N/A,N/A,bangka.tribunnews.com/2022/01/14/inilah-hutan-keramat-di-indonesia-yang-isinya-wanita-tanpa-busana-pria-yang-lihat-kena-akibat-ini,Yes,Google-served ads obscuring content;Modified Javascript: Ads by Google size,Restricted ad serving,ca-pub-7784034061253020,4,2024-12-17,2024-12-17
bangka.tribunnews.com,Page,N/A,N/A,bangka.tribunnews.com/2021/10/02/dr-zaidul-akbar-beberkan-jurus-ampuh-atasi-ejakulasi-dini-bikin-istri-tersenyum-bahagia,Yes,Google-served ads obscuring content;Modified Javascript: Ads by Google size,Restricted ad serving,ca-pub-7784034061253020,4,2024-12-15,2024-12-15
bangka.tribunnews.com,Page,N/A,N/A,bangka.tribunnews.com/2021/06/18/wanita-ini-malu-seumur-hidup-gara-gara-video-call-tanpa-busana-dengan-pacar-disebar-lewat-instagram,Yes,Ads Disguised as Content,Restricted ad serving,ca-pub-7784034061253020,4,2024-12-16,2024-12-16
bangka.tribunnews.com,Page,N/A,N/A,bangka.tribunnews.com/2021/01/19/wow-video-hot-12-detik-remaja-putri-di-pulau-bangka-bikin-rio-bereaksi,Yes,Encouraging accidental clicks: Layout;Google-served ads obscuring content,Restricted ad serving,ca-pub-7784034061253020,4,2024-12-16,2024-12-16
bangka.tribunnews.com,Page,N/A,N/A,bangka.tribunnews.com/2020/01/17/istri-tonton-video-adegan-mesum-suami-di-facebook-video-direkam-teman-kencan-untuk-memeras,No,Adult: Sexual content,Restricted ad serving,ca-pub-7784034061253020,4,2024-12-15,2024-12-15
bangka.tribunnews.com,Page,N/A,N/A,bangka.tribunnews.com/2020/01/12/suami-tidur-istri-bersetubuh-dengan-pria-lain-di-sisi-ranjangnya-ujungnya-berakhir-tragis,No,Adult: Sexual content,Restricted ad serving,ca-pub-7784034061253020,4,2024-12-15,2024-12-15
bangka.tribunnews.com,Page,N/A,N/A,bangka.tribunnews.com/2019/10/01/suami-tergoda-lihat-adik-ipar-berpakaian-seksi-selesai-main-korban-malah-tanya-mana-uangnya,No,Adult: Sexual content,Restricted ad serving,ca-pub-7784034061253020,4,2024-12-16,2024-12-16
bangka.tribunnews.com,Page,N/A,N/A,bangka.tribunnews.com/2018/01/13/video-mesum-diduga-mirip-artis-pendatang-baru-viral-link-videonya-beredar-di-twitter,No,Adult: Sexual content,Restricted ad serving,ca-pub-7784034061253020,4,2024-12-17,2024-12-17
bangka.tribunnews.com,Page,N/A,N/A,bangka.tribunnews.com/2017/10/08/15-fakta-pesta-gay-di-tempat-spa-di-jakarta-pusat-segini-tarifnya-dapat-benda-benda-ini,No,Adult: Sexual content,Restricted ad serving,ca-pub-7784034061253020,4,2024-12-16,2024-12-16
bangka.tribunnews.com,Page,N/A,N/A,bangka.tribunnews.com/2017/08/11/berpose-panas-nikita-willy-semakin-tak-terkendali-di-usia-20an,Yes,Site Behavior: Navigation,Restricted ad serving,ca-pub-7784034061253020,4,2024-12-17,2024-12-17
bangka.tribunnews.com,Page,N/A,N/A,bangka.tribunnews.com/2017/07/10/dihujat-punya-suami-jelek-wanita-cantik-ini-malah-berani-pamer-foto-mesra-di-atas-ranjang,Yes,Site Behavior: Navigation,Restricted ad serving,ca-pub-7784034061253020,4,2024-12-16,2024-12-16
bangka.tribunnews.com,Page,N/A,N/A,bangka.tribunnews.com/2017/06/20/ini-dia-kota-kota-yang-wanitanya-paling-aktif-berhubungan-seks-di-dunia,No,Adult: Sexual content,Restricted ad serving,ca-pub-7784034061253020,4,2024-12-15,2024-12-15
bangka.tribunnews.com,Page,N/A,N/A,bangka.tribunnews.com/2017/06/18/aksi-dua-wanita-buka-baju-di-depan-orang-bikin-geleng-geleng-kepala-ini-yang-dilakukannya,Yes,Site Behavior: Navigation,Restricted ad serving,ca-pub-7784034061253020,4,2024-12-15,2024-12-16
bangka.tribunnews.com,Page,N/A,N/A,bangka.tribunnews.com/2017/05/24/ternyata-prilaku-gay-bisa-menular-lewat-hal-simple-ini,No,Adult: Sexual content,Restricted ad serving,ca-pub-7784034061253020,4,2024-12-16,2024-12-16
bangka.tribunnews.com,Page,N/A,N/A,bangka.tribunnews.com/2017/03/11/tampil-dengan-bra-di-sampul-majalah-dewasa-andrea-dian-bikin-netizen-ngiler,No,Adult: Sexual content,Restricted ad serving,ca-pub-7784034061253020,4,2024-12-15,2024-12-15
bangka.tribunnews.com,Page,N/A,N/A,bangka.tribunnews.com/2016/11/15/foto-mesumnya-beredar-artis-ini-bilang-tak-ada-lagi-yang-mau-menikah-dengannya,Yes,Site Behavior: Navigation,Restricted ad serving,ca-pub-7784034061253020,4,2024-12-17,2024-12-17
bangka.tribunnews.com,Page,N/A,N/A,bangka.tribunnews.com/2016/10/25/posisi-seks-ini-paling-seksi-dan-menantang-tapi-wanita-paling-nggak-suka,No,Adult: Sexual content,Restricted ad serving,ca-pub-7784034061253020,4,2024-12-16,2024-12-16
bangka.tribunnews.com,Page,N/A,N/A,bangka.tribunnews.com/2016/07/10/ayu-ting-ting-siarkan-langsung-saat-susui-bilqis,Yes,Site Behavior: Navigation,Restricted ad serving,ca-pub-7784034061253020,4,2024-12-15,2024-12-15
bangka.tribunnews.com,Page,N/A,N/A,bangka.tribunnews.com/2016/04/02/ciuman-dan-gigitan-cinta-di-area-vital-membuat-si-dia-bergetar,No,Adult: Sexual content;Shocking content,Restricted ad serving,ca-pub-7784034061253020,4,2024-12-17,2024-12-17
bangka.tribunnews.com,Page,N/A,N/A,bangka.tribunnews.com/2016/01/22/hamil-tapi-masih-perawan-kok-bisa-ya-simak-penjelasannya,No,Adult: Sexual content,Restricted ad serving,ca-pub-7784034061253020,4,2024-12-15,2024-12-15
bangka.tribunnews.com,Page,N/A,N/A,bangka.tribunnews.com/2016/01/08/ternyata-wanita-suka-disentuh-seperti-ini,No,Adult: Sexual content,Restricted ad serving,ca-pub-7784034061253020,4,2024-12-17,2024-12-17
bangka.tribunnews.com,Page,N/A,N/A,bangka.tribunnews.com/2015/09/26/kecanduan-film-pornowanita-ini-sanggup-berhubungan-seks-berkali-kali,No,Adult: Sexual content,Restricted ad serving,ca-pub-7784034061253020,4,2024-12-17,2024-12-17
bangka.tribunnews.com,Page,N/A,N/A,bangka.tribunnews.com/2015/01/16/mayra-hills-pecahkan-rekor-dunia-payudara-terbesar,No,Adult: Sexual content,Restricted ad serving,ca-pub-7784034061253020,4,2024-12-17,2024-12-17
bali.tribunnews.com,Page,N/A,N/A,bali.tribunnews.com/2019/10/26/ada-kondom-dan-tisu-bekas-artis-cantik-fa-bersama-pelanggannya-asal-bekasi-diboyong-polisi,No,Adult: Sexual content,Restricted ad serving,ca-pub-7784034061253020,4,2024-12-15,2024-12-15
bali.tribunnews.com,Page,N/A,N/A,bali.tribunnews.com/2018/09/02/video-mesum-pelajar-smk-jembrana-viral-polisi-kedua-pemeran-video-mesum-bisa-saja-jadi-tersangka,No,Adult: Sexual content,Restricted ad serving,ca-pub-7784034061253020,4,2024-12-17,2024-12-17
bali.tribunnews.com,Page,N/A,N/A,bali.tribunnews.com/2018/03/30/aji-dyah-indah-suksma-resep-rahasia-kecantikan-wanita-bali-kuno-agar-kembali-perawan,No,Adult: Sexual content,Restricted ad serving,ca-pub-7784034061253020,4,2024-12-16,2024-12-16
bali.tribunnews.com,Page,N/A,N/A,bali.tribunnews.com/2017/09/03/video-perselingkuhan-pria-ini-temukan-sang-istri-bermesraan-di-kamar-rumahnya,Yes,Site Behavior: Navigation,Restricted ad serving,ca-pub-7784034061253020,4,2024-12-15,2024-12-15
bali.tribunnews.com,Page,N/A,N/A,bali.tribunnews.com/2017/07/02/pria-ini-jatuh-cinta-dengan-boneka-seks-sikap-anak-dan-istrinya-malah-begini,No,Adult: Sexual content,Restricted ad serving,ca-pub-7784034061253020,4,2024-12-16,2024-12-16
bali.tribunnews.com,Page,N/A,N/A,bali.tribunnews.com/2016/08/01/mengintip-kehidupan-alami-di-kampung-bugil-pengunjung-dilarang-menutup-bagian-vitalnya,No,Adult: Sexual content,Restricted ad serving,ca-pub-7784034061253020,4,2024-12-15,2024-12-15
bali.tribunnews.com,Page,N/A,N/A,bali.tribunnews.com/2016/04/26/waduh-nama-pejabat-yang-sering-booking-psk-online-terungkap-di-catatan-mucikari-ini,No,Adult: Sexual content,Restricted ad serving,ca-pub-7784034061253020,4,2024-12-15,2024-12-15
aceh.tribunnews.com,Page,N/A,N/A,aceh.tribunnews.com/tag/terekam-cctv-berbuat-mesum,Yes,Google-served ads on screens without publisher-content,Restricted ad serving,ca-pub-7784034061253020,4,2024-12-15,2024-12-15
aceh.tribunnews.com,Page,N/A,N/A,aceh.tribunnews.com/tag/pasangan-pelaku-mesum-di-simeulue,Yes,Google-served ads on screens without publisher-content,Restricted ad serving,ca-pub-7784034061253020,4,2024-12-17,2024-12-17
aceh.tribunnews.com,Page,N/A,N/A,aceh.tribunnews.com/2024/02/07/pengakuan-junaedi-siswa-smk-yang-bunuh-1-keluarga-di-babulu-laut-setubuhi-jasad-ibu-eks-pacar,No,Google-served ads obscuring content,Restricted ad serving,ca-pub-7784034061253020,4,2024-12-15,2024-12-15
aceh.tribunnews.com,Page,N/A,N/A,aceh.tribunnews.com/2023/12/23/seksolog-dr-boyke-ungkap-4-kunci-rumah-tangga-bahagia-untuk-pasutri-harmonis-dan-langgeng,No,Google-served ads obscuring content,Restricted ad serving,ca-pub-7784034061253020,4,2024-12-16,2024-12-16
aceh.tribunnews.com,Page,N/A,N/A,aceh.tribunnews.com/2020/03/24/data-menunjukkan-malaysia-jadi-negara-asia-dengan-kunjungan-situs-dewasa-terbanyak-selama-lockdown,Yes,Encouraging accidental clicks: Layout;Google-served ads obscuring content,Restricted ad serving,ca-pub-7784034061253020,4,2024-12-15,2024-12-15
aceh.tribunnews.com,Page,N/A,N/A,aceh.tribunnews.com/2019/10/22/viral-video-panas-dosen-dan-mahasiswi-di-kota-b-videonya-tersebar-di-sosmed,No,Shocking content,Restricted ad serving,ca-pub-7784034061253020,4,2024-12-16,2024-12-16
aceh.tribunnews.com,Page,N/A,N/A,aceh.tribunnews.com/2018/01/08/video-viral-ternyata-demi-uang-ibunya-suruh-dan-saksikan-anaknya-beradegan-mesum-dengan-tante,No,Adult: Sexual content,Restricted ad serving,ca-pub-7784034061253020,4,2024-12-15,2024-12-15
www.tribunnews.com,Page,N/A,N/A,www.tribunnews.com/video/2015/12/13/video-eksperimen-sosial-ini-respon-mengejutkan-100-wanita-saat-diajak-berhubungan-intim,No,Adult: Sexual content,Restricted ad serving,ca-pub-7784034061253020,3,2024-12-16,2024-12-16
www.tribunnews.com,Page,N/A,N/A,www.tribunnews.com/techno/2017/12/05/edan-sopir-taksi-ini-berbuat-mesum-saat-antar-3-siswi-ke-sekolah,No,Adult: Sexual content,Restricted ad serving,ca-pub-7784034061253020,3,2024-12-17,2024-12-17
www.tribunnews.com,Page,N/A,N/A,www.tribunnews.com/regional/2016/11/23/panti-pijat-blue-massage-digerebek-polisi-dua-kotak-berisi-kondom-disita,No,Shocking content,Restricted ad serving,ca-pub-7784034061253020,3,2024-12-16,2024-12-16
www.tribunnews.com,Page,N/A,N/A,www.tribunnews.com/regional/2015/04/22/obat-kuat-legal-laris-manis-di-manado,No,Adult: Sexual content,Restricted ad serving,ca-pub-7784034061253020,3,2024-12-16,2024-12-16
www.tribunnews.com,Page,N/A,N/A,www.tribunnews.com/regional/2010/09/17/joged-bumbung-seronok-gemparkan-bali,No,Adult: Sexual content,Restricted ad serving,ca-pub-7784034061253020,3,2024-12-15,2024-12-15
www.tribunnews.com,Page,N/A,N/A,www.tribunnews.com/metropolitan/2017/05/23/kaum-gay-yang-masih-remaja-disapa-popcorn-dan-diberi-diskon-khusus,No,Adult: Sexual content,Restricted ad serving,ca-pub-7784034061253020,3,2024-12-15,2024-12-15
www.tribunnews.com,Page,N/A,N/A,www.tribunnews.com/lifestyle/2016/04/23/banyak-bulu-di-lengan-wajah-dan-dada-libido-seksnya-tinggi-mitos-atau-fakta,No,Adult: Sexual content,Restricted ad serving,ca-pub-7784034061253020,3,2024-12-16,2024-12-16
www.tribunnews.com,Page,N/A,N/A,www.tribunnews.com/kesehatan/2017/12/03/bagi-suami-istri-ini-waktu-waktu-terbaik-berhubungan-seks-untuk-mendapatkan-hasil-maksimal,No,Adult: Sexual content,Restricted ad serving,ca-pub-7784034061253020,3,2024-12-15,2024-12-15
www.tribunnews.com,Page,N/A,N/A,www.tribunnews.com/kesehatan/2017/09/27/seks-bebas-jumlah-penderita-penyakit-menular-seksual-di-amerika-serikat-capai-rekor-tertinggi,No,Shocking content,Restricted ad serving,ca-pub-7784034061253020,3,2024-12-16,2024-12-16
www.tribunnews.com,Page,N/A,N/A,www.tribunnews.com/kesehatan/2016/04/21/ini-10-tanda-dan-gejala-yang-menunjukkan-anda-pecandu-seks,No,Adult: Sexual content,Restricted ad serving,ca-pub-7784034061253020,3,2024-12-16,2024-12-16
www.tribunnews.com,Page,N/A,N/A,www.tribunnews.com/kesehatan/2016/02/01/empat-fase-yang-terjadi-pada-tubuh-saat-hubungan-intim,No,Adult: Sexual content,Restricted ad serving,ca-pub-7784034061253020,3,2024-12-16,2024-12-16
www.tribunnews.com,Page,N/A,N/A,www.tribunnews.com/kesehatan/2016/01/25/miss-v-jadi-longgar-karena-sering-berhubungan-mitos,No,Adult: Sexual content,Restricted ad serving,ca-pub-7784034061253020,3,2024-12-16,2024-12-16
www.tribunnews.com,Page,N/A,N/A,www.tribunnews.com/internasional/2017/08/05/perusahaan-rokok-jepang-beli-perusahaan-rokok-terbesar-keenam-indonesia,No,Tobacco,Restricted ad serving,ca-pub-7784034061253020,3,2024-12-16,2024-12-16
www.tribunnews.com,Page,N/A,N/A,www.tribunnews.com/internasional/2017/07/27/alat-bantu-seks-terbaru-boneka-cantik-nan-canggih-ini-lebih-yahud-layani-penggunanya,Yes,Adult: Sexual content;Site Behavior: Navigation,Restricted ad serving,ca-pub-7784034061253020,3,2024-12-16,2024-12-16
www.tribunnews.com,Page,N/A,N/A,www.tribunnews.com/internasional/2013/11/11/perempuan-psk-lanjut-usia-jadi-populer-di-jepang,No,Adult: Sexual content,Restricted ad serving,ca-pub-7784034061253020,3,2024-12-17,2024-12-17
wow.tribunnews.com,Page,N/A,N/A,wow.tribunnews.com/2018/01/05/video-porno-2-bocah-wanita-dewasa-ini-ternyata-berisi-adegan-threesome-dan-direkam-di-kota-bandung,No,Adult: Sexual content,Restricted ad serving,ca-pub-7784034061253020,3,2024-12-17,2024-12-17
wartakota.tribunnews.com,Page,N/A,N/A,wartakota.tribunnews.com/2022/11/06/fakta-baru-video-mesum-wanita-kebaya-merah-diperankan-influencer-cantik-polisi-periksa-kamar-hotel,Yes,Ads Disguised as Content,Restricted ad serving,ca-pub-7784034061253020,3,2024-12-17,2024-12-17
wartakota.tribunnews.com,Page,N/A,N/A,wartakota.tribunnews.com/2020/08/22/teknologi-baru-24-jam-nonstop-polisi-bisa-lacak-seseorang-yang-sering-nonton-film-porno-di-internet,Yes,Content obscuring Google-served ads;Encouraging accidental clicks: Layout,Restricted ad serving,ca-pub-7784034061253020,3,2024-12-15,2024-12-15
wartakota.tribunnews.com,Page,N/A,N/A,wartakota.tribunnews.com/2019/07/19/kontrakan-disewa-dan-jadi-tempat-pesta-mesum-para-abg-bukti-petugas-temukan-kondom-bekas-tercecer,No,Adult: Sexual content,Restricted ad serving,ca-pub-7784034061253020,3,2024-12-17,2024-12-17
wartakota.tribunnews.com,Page,N/A,N/A,wartakota.tribunnews.com/2018/01/15/video-pelajar-yang-terciduk-di-pesta-gay-cianjur-mengaku-pria-normal,Yes,Site Behavior: Navigation,Restricted ad serving,ca-pub-7784034061253020,3,2024-12-17,2024-12-17
wartakota.tribunnews.com,Page,N/A,N/A,wartakota.tribunnews.com/2017/07/29/wow-ternyata-disck-jockey-yang-joget-hot-bareng-pamela-safitri-jual-alat-pembesar-payudara,Yes,Adult: Sexual content;Site Behavior: Navigation,Restricted ad serving,ca-pub-7784034061253020,3,2024-12-17,2024-12-17
wartakota.tribunnews.com,Page,N/A,N/A,wartakota.tribunnews.com/2017/06/05/wanita-telanjang-yang-menghebohkan-dunia-maya-tinggal-di-apartemen,No,Adult: Sexual content,Restricted ad serving,ca-pub-7784034061253020,3,2024-12-16,2024-12-16
wartakota.tribunnews.com,Page,N/A,N/A,wartakota.tribunnews.com/2016/10/18/video-wow-goyang-hot-dewi-perssik-tayang-632-ribu-kali-netizen-komentari-belahan-dadanya,Yes,Site Behavior: Navigation,Restricted ad serving,ca-pub-7784034061253020,3,2024-12-15,2024-12-15
wartakota.tribunnews.com,Page,N/A,N/A,wartakota.tribunnews.com/2016/02/02/6-jenis-lingerie-yang-bikin-pasangan-mabuk-kepayang,No,Adult: Sexual content,Restricted ad serving,ca-pub-7784034061253020,3,2024-12-16,2024-12-16
wartakota.tribunnews.com,Page,N/A,N/A,wartakota.tribunnews.com/2015/11/02/wow-hotel-di-pekanbaru-sediakan-kondom-dan-kamar-khusus,No,Adult: Sexual content,Restricted ad serving,ca-pub-7784034061253020,3,2024-12-15,2024-12-15
wartakota.tribunnews.com,Page,N/A,N/A,wartakota.tribunnews.com/2015/09/21/6-keinginan-pria-dari-wanita-di-atas-ranjang,No,Adult: Sexual content,Restricted ad serving,ca-pub-7784034061253020,3,2024-12-16,2024-12-16
wartakota.tribunnews.com,Page,N/A,N/A,wartakota.tribunnews.com/2015/08/22/9-fakta-orgasme-yang-wajib-diketahui,No,Adult: Sexual content,Restricted ad serving,ca-pub-7784034061253020,3,2024-12-16,2024-12-16
wartakota.tribunnews.com,Page,N/A,N/A,wartakota.tribunnews.com/2014/11/15/begini-trik-mr-p-kecil-memuaskan-pasangan-anda,No,Adult: Sexual content,Restricted ad serving,ca-pub-7784034061253020,3,2024-12-17,2024-12-17
video.tribunnews.com,Page,N/A,N/A,video.tribunnews.com/view/26283/seorang-wanita-relakan-organ-pribadinya-diraba-raba-siapapun-di-tempat-umum-lihat-reaksi-para-pria,Yes,Site Behavior: Navigation,Restricted ad serving,ca-pub-7784034061253020,3,2024-12-17,2024-12-17
suryamalang.tribunnews.com,Page,N/A,N/A,suryamalang.tribunnews.com/2018/09/05/masih-ingat-keyko-ratu-prostitusi-online-begini-nasibnya-di-detik-detik-jelang-persidangan,No,Adult: Sexual content,Restricted ad serving,ca-pub-7784034061253020,3,2024-12-16,2024-12-16
suryamalang.tribunnews.com,Page,N/A,N/A,suryamalang.tribunnews.com/2017/12/31/ingat-pemeran-american-pie-yang-tampil-tanpa-busana-ini-ini-kondisinya-sekarang-berubah-drastis,Yes,Ads Disguised as Content,Restricted ad serving,ca-pub-7784034061253020,3,2024-12-16,2024-12-16
suryamalang.tribunnews.com,Page,N/A,N/A,suryamalang.tribunnews.com/2017/01/17/wanita-lesbian-ini-pakai-penis-palsu-untuk-cabuli-gadis-abg-caranya-diikat-di,No,Adult: Sexual content,Restricted ad serving,ca-pub-7784034061253020,3,2024-12-16,2024-12-16
surabaya.tribunnews.com,Page,N/A,N/A,surabaya.tribunnews.com/2017/09/11/video-sejoli-digerebek-mesum-di-mobil-si-cewek-malah-melakukan-ini,Yes,Site Behavior: Navigation,Restricted ad serving,ca-pub-7784034061253020,3,2024-12-17,2024-12-17
sumsel.tribunnews.com,Page,N/A,N/A,sumsel.tribunnews.com/2017/02/25/heboh-minum-minuman-air-kelapa-ini-dibilang-bisa-besarkan-payudara,No,Adult: Sexual content,Restricted ad serving,ca-pub-7784034061253020,3,2024-12-17,2024-12-17
sultra.tribunnews.com,Page,N/A,N/A,sultra.tribunnews.com/2021/05/21/inilah-fakta-pembunuhan-di-kawasan-pt-vdni-morosi-sakit-hati-dimarahi-tikam-bosnya-hingga-tewas,No,Shocking content,Restricted ad serving,ca-pub-7784034061253020,3,2024-12-17,2024-12-17
style.tribunnews.com,Page,N/A,N/A,style.tribunnews.com/2016/08/30/mahasiswi-berhijab-ini-tanpa-malu-bikin-video-tutorial-posisi-bercinta-tapi-ini-akibatnya,No,Adult: Sexual content,Restricted ad serving,ca-pub-7784034061253020,3,2024-12-16,2024-12-16
pontianak.tribunnews.com,Page,N/A,N/A,pontianak.tribunnews.com/2020/02/12/nama-asli-abash-pacar-lucinta-luna-terbongkar-bukti-di-ktp-tunjukkan-jenis-kelaminnya-perempuan,Yes,Google-served ads on screens without publisher-content,Restricted ad serving,ca-pub-7784034061253020,3,2024-12-16,2024-12-16
pekanbaru.tribunnews.com,Page,N/A,N/A,pekanbaru.tribunnews.com/2021/12/22/inilah-seleb-bigo-yang-kerap-tampil-seksi-super-menggoda-dirampok-dan-ditikam-teman-sendiri,Yes,Ads Disguised as Content,Restricted ad serving,ca-pub-7784034061253020,3,2024-12-16,2024-12-16
pekanbaru.tribunnews.com,Page,N/A,N/A,pekanbaru.tribunnews.com/2021/06/01/penjelasan-terbaru-apa-itu-sponge-dalam-bahasa-gaul-arti-sponge-dicari-karena-viral-di-tiktok,Yes,Modified ad code: Resizing Ad Frames,Restricted ad serving,ca-pub-7784034061253020,3,2024-12-16,2024-12-16
palembang.tribunnews.com,Page,N/A,N/A,palembang.tribunnews.com/2017/12/13/posting-poto-paha-di-instagram-netizen-salfok-itunya-ariel-tatum-ternyata-bolong,No,Adult: Sexual content,Restricted ad serving,ca-pub-7784034061253020,3,2024-12-16,2024-12-16
palembang.tribunnews.com,Page,N/A,N/A,palembang.tribunnews.com/2017/06/24/bolehkan-melakukan-oral-seks-pada-suami-istri-secara-islam-ternyata-ini-penjelasan-detilnya,No,Adult: Sexual content,Restricted ad serving,ca-pub-7784034061253020,3,2024-12-17,2024-12-17
medan.tribunnews.com,Page,N/A,N/A,medan.tribunnews.com/tag/video-porno,No,Adult: Sexual content,Restricted ad serving,ca-pub-7784034061253020,3,2024-12-15,2024-12-15
medan.tribunnews.com,Page,N/A,N/A,medan.tribunnews.com/2024/05/07/tampang-refrain-suami-di-minahasaselatan-bunuh-istri-baru-sebulan-lahiran-mertua-juga-dibacok,Yes,Google-served ads obscuring content;Modified Javascript: Ads by Google size,Restricted ad serving,ca-pub-7784034061253020,3,2024-12-16,2024-12-16
medan.tribunnews.com,Page,N/A,N/A,medan.tribunnews.com/2023/04/18/akhirnya-terkuak-motif-agus-ujung-bunuh-rosda-situmeang-dan-tikami-2-anak-korban-cemburu-buta,No,Shocking content,Restricted ad serving,ca-pub-7784034061253020,3,2024-12-17,2024-12-17
medan.tribunnews.com,Page,N/A,N/A,medan.tribunnews.com/2022/11/26/kronologi-tewasnya-pelajar-saat-tawuran-di-hari-guru-korban-dibacok-saat-terjatuh-dan-sempat-lari,Yes,Encouraging accidental clicks: Layout;Google-served ads obscuring content,Restricted ad serving,ca-pub-7784034061253020,3,2024-12-17,2024-12-17
medan.tribunnews.com,Page,N/A,N/A,medan.tribunnews.com/2021/05/26/gadis-17-tahun-diculik-dan-diperkosa-selama-sebulan-oleh-13-orang-tubuhnya-ditato-dengan-kata-kasar,Yes,Ads Disguised as Content,Restricted ad serving,ca-pub-7784034061253020,3,2024-12-17,2024-12-17
medan.tribunnews.com,Page,N/A,N/A,medan.tribunnews.com/2017/04/04/kala-berhubungan-seksual-di-hotel-alat-vital-pria-terjebak-di-kelamin-wanita-berani-selingkuh,No,Adult: Sexual content,Restricted ad serving,ca-pub-7784034061253020,3,2024-12-15,2024-12-15
medan.tribunnews.com,Page,N/A,N/A,medan.tribunnews.com/2017/03/05/hanya-pakai-celana-dalam-dan-celemek-tukang-cukur-cantik-ini-curi-perhatian-pria-ini-foto-fotonya,Yes,Encouraging accidental clicks: Layout,Restricted ad serving,ca-pub-7784034061253020,3,2024-12-16,2024-12-16
medan.tribunnews.com,Page,N/A,N/A,medan.tribunnews.com/2016/12/28/jerit-tangis-kesakitan-gadis-sma-diperkosa-bergilir-hingga-wajah-bejat-terduga-pelaku,No,Adult: Sexual content,Restricted ad serving,ca-pub-7784034061253020,3,2024-12-17,2024-12-17
manado.tribunnews.com,Page,N/A,N/A,manado.tribunnews.com/2018/05/24/penanganan-2-siswi-sma-ternama-di-manado-pamer-dada-punuh-serahkan-kesekolah,No,Adult: Sexual content,Restricted ad serving,ca-pub-7784034061253020,3,2024-12-17,2024-12-17
manado.tribunnews.com,Page,N/A,N/A,manado.tribunnews.com/2017/09/28/diklaim-sempurna-bisakah-boneka-pria-dewasa-ini-menggantikan-pria-selamanya,No,Adult: Sexual content,Restricted ad serving,ca-pub-7784034061253020,3,2024-12-17,2024-12-17
manado.tribunnews.com,Page,N/A,N/A,manado.tribunnews.com/2017/04/14/content-nonton-blue-film-saat-ortu-keluar,No,Adult: Sexual content,Restricted ad serving,ca-pub-7784034061253020,3,2024-12-17,2024-12-17
makassar.tribunnews.com,Page,N/A,N/A,makassar.tribunnews.com/tag/hotel,No,Shocking content,Restricted ad serving,ca-pub-7784034061253020,3,2024-12-16,2024-12-16
makassar.tribunnews.com,Page,N/A,N/A,makassar.tribunnews.com/2020/03/18/celakanya-siswi-mts-video-call-whatsapp-wa-mesum-disebar-pacar-awal-mula-hubungan-retak,Yes,Encouraging accidental clicks: Layout,Restricted ad serving,ca-pub-7784034061253020,3,2024-12-15,2024-12-15
makassar.tribunnews.com,Page,N/A,N/A,makassar.tribunnews.com/2020/01/01/wanita-muda-jual-foto-bugil-teman-saat-sedang-mandi-seharga-rp-1-juta-kronologi,No,Adult: Sexual content,Restricted ad serving,ca-pub-7784034061253020,3,2024-12-16,2024-12-16
makassar.tribunnews.com,Page,N/A,N/A,makassar.tribunnews.com/2019/12/13/usai-video-janda-muda-tanpa-busana-kini-viral-foto-model-cantik-pamer-dada-hebohkan-warga-madura,No,Adult: Sexual content,Restricted ad serving,ca-pub-7784034061253020,3,2024-12-15,2024-12-15
makassar.tribunnews.com,Page,N/A,N/A,makassar.tribunnews.com/2017/12/06/janda-kaya-dan-cantik-bangga-sudah-tiduri-100-pria-beristri-kok-bisa,No,Adult: Sexual content,Restricted ad serving,ca-pub-7784034061253020,3,2024-12-17,2024-12-17
makassar.tribunnews.com,Page,N/A,N/A,makassar.tribunnews.com/2015/10/30/ini-yang-terjadi-pada-gunung-kembar-saat-bercinta,No,Adult: Sexual content,Restricted ad serving,ca-pub-7784034061253020,3,2024-12-15,2024-12-15
m.tribunnews.com,Page,N/A,N/A,m.tribunnews.com/tag/video-bugil,No,Adult: Sexual content,Restricted ad serving,ca-pub-7784034061253020,3,2024-12-17,2024-12-17
m.tribunnews.com,Page,N/A,N/A,m.tribunnews.com/tag/salon-plus-plus,No,Adult: Sexual content,Restricted ad serving,ca-pub-7784034061253020,3,2024-12-16,2024-12-16
m.tribunnews.com,Page,N/A,N/A,m.tribunnews.com/amp/regional/2019/08/20/prostitusi-berkedok-panti-pijat-di-balikpapan-terbongkarpijatnya-cuma-rp-160-ribu-ada-plusnya,No,Adult: Sexual content,Restricted ad serving,ca-pub-7784034061253020,3,2024-12-16,2024-12-16
m.tribunnews.com,Page,N/A,N/A,m.tribunnews.com/amp/regional/2019/07/22/tetangga-rekam-istri-dan-kakek-berhubungan-badan-di-kebun-suami-kaget-liat-videonya,No,Adult: Sexual content,Restricted ad serving,ca-pub-7784034061253020,3,2024-12-17,2024-12-17
m.tribunnews.com,Page,N/A,N/A,m.tribunnews.com/amp/internasional/2017/01/22/pria-pemilik-organ-intim-terpanjang-dan-terbesar-ini-mengaku-tersiksa,No,Adult: Sexual content,Restricted ad serving,ca-pub-7784034061253020,3,2024-12-17,2024-12-17
lampung.tribunnews.com,Page,N/A,N/A,lampung.tribunnews.com/2017/12/13/cewek-cilik-ini-kepoin-kondom-diancam-bakal-diaduin-ke-ibu-malah-kasih-jawaban-tak-terduga,No,Adult: Sexual content,Restricted ad serving,ca-pub-7784034061253020,3,2024-12-16,2024-12-16
lampung.tribunnews.com,Page,N/A,N/A,lampung.tribunnews.com/2017/12/07/main-film-porno-karena-kebutuhan-wanita-ini-kaget-saat-perutnya-membesar-jadi-begini,No,Adult: Sexual content,Restricted ad serving,ca-pub-7784034061253020,3,2024-12-16,2024-12-16
lampung.tribunnews.com,Page,N/A,N/A,lampung.tribunnews.com/2017/11/18/pria-pijat-gratis-banyak-wanita-tapi-remas-remas-bagian-ini,No,Adult: Sexual content,Restricted ad serving,ca-pub-7784034061253020,3,2024-12-17,2024-12-17
kupang.tribunnews.com,Page,N/A,N/A,kupang.tribunnews.com/tag/bintang-film-dewasa,No,Adult: Sexual content,Restricted ad serving,ca-pub-7784034061253020,3,2024-12-15,2024-12-15
kupang.tribunnews.com,Page,N/A,N/A,kupang.tribunnews.com/2019/10/27/prostitusi-online-cerita-perempuan-jajakan-praktik-threesome-beroperasi-dari-hotel-bintang,No,Adult: Sexual content,Restricted ad serving,ca-pub-7784034061253020,3,2024-12-16,2024-12-16
kupang.tribunnews.com,Page,N/A,N/A,kupang.tribunnews.com/2019/08/20/video-porno-mahasiswi-yogyakarta-sengaja-disebar-di-wa-line-polisi-ungkap-motif,No,Adult: Sexual content,Restricted ad serving,ca-pub-7784034061253020,3,2024-12-16,2024-12-16
kupang.tribunnews.com,Page,N/A,N/A,kupang.tribunnews.com/2017/12/08/hasil-riset-menatap-payudara-bikin-pria-panjang-umur,No,Adult: Sexual content,Restricted ad serving,ca-pub-7784034061253020,3,2024-12-15,2024-12-15
kupang.tribunnews.com,Page,N/A,N/A,kupang.tribunnews.com/2016/04/16/gara-gara-foto-telanjang-gadis-ini-dihujat,No,Google-served ads obscuring content,Restricted ad serving,ca-pub-7784034061253020,3,2024-12-15,2024-12-15
kupang.tribunnews.com,Page,N/A,N/A,kupang.tribunnews.com/2009/11/17/kupang-kota-pijat,No,Adult: Sexual content,Restricted ad serving,ca-pub-7784034061253020,3,2024-12-17,2024-12-17
kaltim.tribunnews.com,Page,N/A,N/A,kaltim.tribunnews.com/2018/01/12/oh-ketahuan-ternyata-wanita-juga-suka-nonton-film-porno-loh,No,Adult: Sexual content,Restricted ad serving,ca-pub-7784034061253020,3,2024-12-16,2024-12-16
kaltim.tribunnews.com,Page,N/A,N/A,kaltim.tribunnews.com/2016/07/23/beroperasi-di-pinggir-jalan-memanfaatkan-kamar-kos-yang-tak-rawan-razia,No,Adult: Sexual content,Restricted ad serving,ca-pub-7784034061253020,3,2024-12-16,2024-12-16
kaltim.tribunnews.com,Page,N/A,N/A,kaltim.tribunnews.com/2014/12/01/kampung-spielplatz-merupakan-kampung-bugil-di-inggris,No,Adult: Sexual content,Restricted ad serving,ca-pub-7784034061253020,3,2024-12-16,2024-12-16
jogja.tribunnews.com,Page,N/A,N/A,jogja.tribunnews.com/2019/07/09/mucikari-mahasiswi-prostitusi-online-di-jogja-dan-kisah-polisi-yang-menggerebek-di-hotel,No,Adult: Sexual content,Restricted ad serving,ca-pub-7784034061253020,3,2024-12-17,2024-12-17
jogja.tribunnews.com,Page,N/A,N/A,jogja.tribunnews.com/2018/12/14/pesta-seks-dalam-kamar-hotel-di-yogyakarta-pelaku-yang-ditonton-ramai-ramai-statusnya-suami-istri,No,Adult: Sexual content,Restricted ad serving,ca-pub-7784034061253020,3,2024-12-15,2024-12-15
jogja.tribunnews.com,Page,N/A,N/A,jogja.tribunnews.com/2016/11/17/heboh-siswi-ini-nekat-posting-foto-semi-bugil-di-facebook-ternyata-ini-alasannya,No,Adult: Sexual content,Restricted ad serving,ca-pub-7784034061253020,3,2024-12-16,2024-12-16
jatim.tribunnews.com,Page,N/A,N/A,jatim.tribunnews.com/2018/10/09/modus-pria-di-surabaya-gaet-pasutri-untuk-diajak-tukar-pasangan-tawarkan-di-twitter-dan-minta-foto,No,Adult: Sexual content,Restricted ad serving,ca-pub-7784034061253020,3,2024-12-15,2024-12-15
jateng.tribunnews.com,Page,N/A,N/A,jateng.tribunnews.com/2022/11/05/update-viral-video-mesum-perempuan-kebaya-merah-ini-kabar-terbaru-dari-polda-bali,Yes,Ads Disguised as Content,Restricted ad serving,ca-pub-7784034061253020,3,2024-12-15,2024-12-15
jateng.tribunnews.com,Page,N/A,N/A,jateng.tribunnews.com/2022/10/15/manfaat-jahe-bagi-kesehatan-pria-bantu-naikkan-vitalitas,Yes,Ads Disguised as Content,Restricted ad serving,ca-pub-7784034061253020,3,2024-12-17,2024-12-17
jateng.tribunnews.com,Page,N/A,N/A,jateng.tribunnews.com/2020/09/14/nasib-karaoke-madiun-tergantung-polisi-seusai-lc-terbukti-mesum-bareng-pelanggan-di-wc,Yes,Google-served ads obscuring content;Modified Javascript: Ads by Google size,Restricted ad serving,ca-pub-7784034061253020,3,2024-12-16,2024-12-16
jateng.tribunnews.com,Page,N/A,N/A,jateng.tribunnews.com/2020/06/21/warga-grebek-pasangan-abg-mesum-beralas-sarung-di-hutan-boleh-pulang-setelah-tandatangani-materai,No,Shocking content,Restricted ad serving,ca-pub-7784034061253020,3,2024-12-15,2024-12-15
jateng.tribunnews.com,Page,N/A,N/A,jateng.tribunnews.com/2017/05/22/video-dilarang-pegang-dan-foto-pria-ini-bekerja-dikelilingi-wanita-bertelanjang-dada,No,Adult: Sexual content,Restricted ad serving,ca-pub-7784034061253020,3,2024-12-15,2024-12-15
jateng.tribunnews.com,Page,N/A,N/A,jateng.tribunnews.com/2015/10/04/pasangan-abg-demak-ini-digerebek-saat-mesum-di-tengah-sawah,No,Adult: Sexual content,Restricted ad serving,ca-pub-7784034061253020,3,2024-12-17,2024-12-17
jateng.tribunnews.com,Page,N/A,N/A,jateng.tribunnews.com/2014/09/03/cewek-psk-jebolan-gang-dolly-kini-mangkal-di-pasar-sapi,No,Shocking content,Restricted ad serving,ca-pub-7784034061253020,3,2024-12-17,2024-12-17
jambi.tribunnews.com,Page,N/A,N/A,jambi.tribunnews.com/tag/gigolo,No,Adult: Sexual content,Restricted ad serving,ca-pub-7784034061253020,3,2024-12-15,2024-12-15
jambi.tribunnews.com,Page,N/A,N/A,jambi.tribunnews.com/2021/06/07/video-viral-muda-mudi-mesum-di-kebun-teh-kemuning-terekam-cctv,No,Content obscuring Google-served ads,Restricted ad serving,ca-pub-7784034061253020,3,2024-12-17,2024-12-17
jambi.tribunnews.com,Page,N/A,N/A,jambi.tribunnews.com/2018/07/30/apakah-pemain-film-panas-wanita-benar-benar-orgasme-saat-syuting,No,Adult: Sexual content,Restricted ad serving,ca-pub-7784034061253020,3,2024-12-16,2024-12-16
jambi.tribunnews.com,Page,N/A,N/A,jambi.tribunnews.com/2014/08/29/pijat-pijat-vagina-supaya-lebih-hot,No,Adult: Sexual content,Restricted ad serving,ca-pub-7784034061253020,3,2024-12-17,2024-12-17
jakarta.tribunnews.com,Page,N/A,N/A,jakarta.tribunnews.com/2018/04/14/sederet-fakta-mahasiswa-yang-berhubungan-intim-di-masjid-kondom-di-rak-mukena-sampai-rusak-cctv,No,Adult: Sexual content,Restricted ad serving,ca-pub-7784034061253020,3,2024-12-16,2024-12-16
jabar.tribunnews.com,Page,N/A,N/A,jabar.tribunnews.com/2019/09/24/modus-muncikari-buat-psk-jadi-perawan-lagi-hanya-bermodal-darah-belut-dan-spons,No,Adult: Sexual content,Restricted ad serving,ca-pub-7784034061253020,3,2024-12-16,2024-12-16
cirebon.tribunnews.com,Page,N/A,N/A,cirebon.tribunnews.com/2019/10/08/pria-ini-rela-tinggalkan-keluarga-pilih-berhubungan-badan-dengan-boneka-seks-dibanding-dengan-istri,No,Adult: Sexual content,Restricted ad serving,ca-pub-7784034061253020,3,2024-12-17,2024-12-17
cirebon.tribunnews.com,Page,N/A,N/A,cirebon.tribunnews.com/2019/10/03/viral-video-30-detik-wanita-manado-bertelanjang-putih-mulus-hingga-minta-dibelikan-baju,No,Adult: Sexual content,Restricted ad serving,ca-pub-7784034061253020,3,2024-12-16,2024-12-16
cirebon.tribunnews.com,Page,N/A,N/A,cirebon.tribunnews.com/2019/07/19/suami-istri-join-dengan-para-single-di-pesta-seks-bertukar-pasangan-digerebek-polisi-saat-bugil,No,Adult: Sexual content,Restricted ad serving,ca-pub-7784034061253020,3,2024-12-17,2024-12-17
bogor.tribunnews.com,Page,N/A,N/A,bogor.tribunnews.com/2017/07/06/buah-pare-dan-biji-jarak-ternyata-bisa-dimanfaatkan-untuk-obat-kontrasepsi-bagi-pria,No,Adult: Sexual content,Restricted ad serving,ca-pub-7784034061253020,3,2024-12-17,2024-12-17
bengkulu.tribunnews.com,Page,N/A,N/A,bengkulu.tribunnews.com/2024/05/02/giselle-trending-x-muncul-video-hot-berdurasi-15-menit-dan-caption-armageddon-code,Yes,Google-served ads obscuring content;Modified Javascript: Ads by Google size,Restricted ad serving,ca-pub-7784034061253020,3,2024-12-15,2024-12-15
bengkulu.tribunnews.com,Page,N/A,N/A,bengkulu.tribunnews.com/2022/04/18/download-manhwaland-apk-situs-baca-komik-dewasa-online-versi-mod-2022,Yes,Ads Disguised as Content,Restricted ad serving,ca-pub-7784034061253020,3,2024-12-16,2024-12-16
belitung.tribunnews.com,Page,N/A,N/A,belitung.tribunnews.com/2018/12/07/hasil-mengejutkan-dari-24-sekolah-di-denpasar-438-lakukan-seks-tanpa-kondom-102-pernah-aborsi,No,Adult: Sexual content,Restricted ad serving,ca-pub-7784034061253020,3,2024-12-16,2024-12-16
belitung.tribunnews.com,Page,N/A,N/A,belitung.tribunnews.com/2018/09/10/berapa-jumlah-kalori-yang-terbakar-jika-berhubungan-seks-sampai-orgasme,No,Adult: Sexual content,Restricted ad serving,ca-pub-7784034061253020,3,2024-12-15,2024-12-15
belitung.tribunnews.com,Page,N/A,N/A,belitung.tribunnews.com/2017/11/21/payudara-cewek-ini-pindah-ke-perut-begini-kisahnya,Yes,Google-served ads obscuring content;Modified Javascript: Ads by Google size,Restricted ad serving,ca-pub-7784034061253020,3,2024-12-17,2024-12-17
belitung.tribunnews.com,Page,N/A,N/A,belitung.tribunnews.com/2017/05/12/lakukan-perbuatan-dosa-siswi-ini-pegang-benda-terlarang-dan-foto-seksi-di-sekolah,No,Adult: Sexual content,Restricted ad serving,ca-pub-7784034061253020,3,2024-12-17,2024-12-17
belitung.tribunnews.com,Page,N/A,N/A,belitung.tribunnews.com/2016/06/07/niatnya-kirim-foto-bugil-ke-pacar-foto-bugil-pramugari-ini-malah-tersebar-ke-media-sosial,No,Shocking content,Restricted ad serving,ca-pub-7784034061253020,3,2024-12-16,2024-12-16
batam.tribunnews.com,Page,N/A,N/A,batam.tribunnews.com/2017/11/14/sudah-diarak-dan-ditelanjangi-ternyata-salah-ini-5-fakta-video-gerebek-pasangan-mesum,No,Adult: Sexual content,Restricted ad serving,ca-pub-7784034061253020,3,2024-12-17,2024-12-17
batam.tribunnews.com,Page,N/A,N/A,batam.tribunnews.com/2016/12/21/sekali-short-time-paling-murah-rp-3-juta-selama-2-jam-tarif-sudah-termasuk-sewa-kamar-hotel,No,Adult: Sexual content,Restricted ad serving,ca-pub-7784034061253020,3,2024-12-16,2024-12-16
banjarmasin.tribunnews.com,Page,N/A,N/A,banjarmasin.tribunnews.com/2018/09/10/lokalisasi-sering-kena-razia-psk-beralih-jaga-warung-jablay-di-beberapa-lokasi-ini,No,Adult: Sexual content,Restricted ad serving,ca-pub-7784034061253020,3,2024-12-17,2024-12-17
banjarmasin.tribunnews.com,Page,N/A,N/A,banjarmasin.tribunnews.com/2015/09/30/mengandung-cengkeh-dan-kemenyan-rokok-kretek-layak-jadi-warisan-kebudayaan,No,Tobacco,Restricted ad serving,ca-pub-7784034061253020,3,2024-12-15,2024-12-15
bangka.tribunnews.com,Page,N/A,N/A,bangka.tribunnews.com/amp/2016/05/05/postingan-video-tkw-setengah-telanjang-korban-mutilasi-bikin-heboh,No,Shocking content,Restricted ad serving,ca-pub-7784034061253020,3,2024-12-16,2024-12-16
bangka.tribunnews.com,Page,N/A,N/A,bangka.tribunnews.com/2022/01/30/video-29-detik-abg-baku-hantam-viral-di-media-sosial-polisi-masih-selidiki,Yes,Ads Disguised as Content,Restricted ad serving,ca-pub-7784034061253020,3,2024-12-17,2024-12-17
bangka.tribunnews.com,Page,N/A,N/A,bangka.tribunnews.com/2021/11/02/model-seksi-fathbayy-mati-mati-jaga-keperawanannya-demi-jaga-prinsipnya-ini-pernah-ditawar-produser,Yes,Ads Disguised as Content,Restricted ad serving,ca-pub-7784034061253020,3,2024-12-16,2024-12-16
bangka.tribunnews.com,Page,N/A,N/A,bangka.tribunnews.com/2021/05/31/begini-nasib-siswi-smp-yang-ketagihan-berhubungan-intim-setelah-video-panasnya-bikin-geger,Yes,Ads Disguised as Content,Restricted ad serving,ca-pub-7784034061253020,3,2024-12-16,2024-12-16
bangka.tribunnews.com,Page,N/A,N/A,bangka.tribunnews.com/2018/03/13/hoes-hoin-bocorkan-ratusan-foto-telanjang-tentara-wanita-amerika-serikat,Yes,Site Behavior: Navigation,Restricted ad serving,ca-pub-7784034061253020,3,2024-12-16,2024-12-16
bangka.tribunnews.com,Page,N/A,N/A,bangka.tribunnews.com/2018/02/23/selvi-kitty-dan-suami-pamer-foto-vulgar-saat-bulan-madu-di-bali,Yes,Site Behavior: Navigation,Restricted ad serving,ca-pub-7784034061253020,3,2024-12-17,2024-12-17
bangka.tribunnews.com,Page,N/A,N/A,bangka.tribunnews.com/2017/12/05/zaman-edan-suami-pakai-kain-batik-bekas-lilit-istri-mirip-pocong-sebelum-berhubungan-intim,No,Adult: Sexual content,Restricted ad serving,ca-pub-7784034061253020,3,2024-12-17,2024-12-17
bangka.tribunnews.com,Page,N/A,N/A,bangka.tribunnews.com/2017/09/30/video-sewa-dua-wanita-seksi-untuk-pacarnya-yang-terjadi-malah-senjata-makan-tuan,Yes,Site Behavior: Navigation,Restricted ad serving,ca-pub-7784034061253020,3,2024-12-16,2024-12-16
bangka.tribunnews.com,Page,N/A,N/A,bangka.tribunnews.com/2017/08/21/wanita-cantik-diminta-lepas-baju-awal-menolak-selanjutnya-jadi-begini-nasibnya-di-suku-pedalaman,No,Adult: Sexual content;Shocking content,Restricted ad serving,ca-pub-7784034061253020,3,2024-12-17,2024-12-17
bangka.tribunnews.com,Page,N/A,N/A,bangka.tribunnews.com/2017/06/16/inilah-fakta-baru-tentang-wanita-cantik-yang-nyaris-bugil-di-apotek,No,Adult: Sexual content,Restricted ad serving,ca-pub-7784034061253020,3,2024-12-16,2024-12-16
bangka.tribunnews.com,Page,N/A,N/A,bangka.tribunnews.com/2017/03/27/woow-ditangan-pria-ini-kondom-bisa-bernyanyi-seperti-burung-omsetnya-gila-banget,No,Adult: Sexual content,Restricted ad serving,ca-pub-7784034061253020,3,2024-12-16,2024-12-16
bangka.tribunnews.com,Page,N/A,N/A,bangka.tribunnews.com/2016/11/27/cerita-keluarga-dua-tahun-suami-pakai-kondom-suami-tak-mengaku-hamili-istrinya,No,Adult: Sexual content,Restricted ad serving,ca-pub-7784034061253020,3,2024-12-15,2024-12-15
bangka.tribunnews.com,Page,N/A,N/A,bangka.tribunnews.com/2016/10/30/kisah-foto-model-belia-depresi-setelah-foto-telanjangnya-beredar-di-medsos,No,Google-served ads obscuring content,Restricted ad serving,ca-pub-7784034061253020,3,2024-12-17,2024-12-17
bangka.tribunnews.com,Page,N/A,N/A,bangka.tribunnews.com/2016/08/15/ukuran-cup-bra-wanita-di-empat-negara-ini-paling-besar,No,Adult: Sexual content,Restricted ad serving,ca-pub-7784034061253020,3,2024-12-16,2024-12-16
bangka.tribunnews.com,Page,N/A,N/A,bangka.tribunnews.com/2016/07/12/polisi-temukan-banyak-barang-ini-di-rumah-bintang-film-porno,No,Adult: Sexual content,Restricted ad serving,ca-pub-7784034061253020,3,2024-12-16,2024-12-16
bangka.tribunnews.com,Page,N/A,N/A,bangka.tribunnews.com/2015/04/16/mami-buka-bukaan-soal-prostitusi-di-sekitar-kos-janda,No,Adult: Sexual content,Restricted ad serving,ca-pub-7784034061253020,3,2024-12-16,2024-12-16
bali.tribunnews.com,Page,N/A,N/A,bali.tribunnews.com/2019/04/10/viral-modus-pemerasan-perempuan-via-whatsapp-pamerkan-organ-intim-lalu-dibuat-begini,Yes,Ads Disguised as Content,Restricted ad serving,ca-pub-7784034061253020,3,2024-12-15,2024-12-15
bali.tribunnews.com,Page,N/A,N/A,bali.tribunnews.com/2018/02/13/begini-pendapat-pakar-psikolog-forensik-terkait-pemakaian-sex-toy-bahaya-jika-sudah-ketergantungan,No,Adult: Sexual content,Restricted ad serving,ca-pub-7784034061253020,3,2024-12-16,2024-12-16
bali.tribunnews.com,Page,N/A,N/A,bali.tribunnews.com/2017/07/09/video-wanita-mendesah-di-angkot-meringis-sambil-pegang-bagian-bawah-perut,No,Shocking content,Restricted ad serving,ca-pub-7784034061253020,3,2024-12-16,2024-12-16
ambon.tribunnews.com,Page,N/A,N/A,ambon.tribunnews.com/2019/12/06/populer-gadis-dijadikan-pemuas-nafsu-sang-ayah-tonton-video-panas-wanita-muda-tewas-lelah-bercinta,No,Shocking content,Restricted ad serving,ca-pub-7784034061253020,3,2024-12-17,2024-12-17
ambon.tribunnews.com,Page,N/A,N/A,ambon.tribunnews.com/2019/10/03/viral-lagi-hangat-gadis-putih-mulus-bersama-pria-di-kamar-obrolan-dialek-manado-soal-baju,No,Adult: Sexual content,Restricted ad serving,ca-pub-7784034061253020,3,2024-12-15,2024-12-15
aceh.tribunnews.com,Page,N/A,N/A,aceh.tribunnews.com/tag/video-seks,Yes,Google-served ads on screens without publisher-content,Restricted ad serving,ca-pub-7784034061253020,3,2024-12-15,2024-12-15
aceh.tribunnews.com,Page,N/A,N/A,aceh.tribunnews.com/tag/sekte-seks-sihir-hitam,Yes,Google-served ads on screens without publisher-content,Restricted ad serving,ca-pub-7784034061253020,3,2024-12-15,2024-12-15
www.tribunnews.com,Page,N/A,N/A,www.tribunnews.com/tribunners/2010/11/29/psk-indonesia-di-malaysia-bisa-raup-rp-2-juta-per-hari,No,Adult: Sexual content,Restricted ad serving,ca-pub-7784034061253020,2,2024-12-16,2024-12-16
www.tribunnews.com,Page,N/A,N/A,www.tribunnews.com/seleb/2017/01/29/wow-inikah-obat-pembesar-dan-pengencang-payudara-nikita-mirzani,No,Adult: Sexual content,Restricted ad serving,ca-pub-7784034061253020,2,2024-12-17,2024-12-17
www.tribunnews.com,Page,N/A,N/A,www.tribunnews.com/regional/2018/06/05/kecanduan-film-mesum-lelaki-ini-gauli-adik-kandung-hingga-hamil,No,Adult: Sexual content,Restricted ad serving,ca-pub-7784034061253020,2,2024-12-16,2024-12-16
www.tribunnews.com,Page,N/A,N/A,www.tribunnews.com/metropolitan/2015/05/11/untuk-artis-pejabat-yang-booking-tak-harus-pakai-kondom,No,Adult: Sexual content,Restricted ad serving,ca-pub-7784034061253020,2,2024-12-17,2024-12-17
www.tribunnews.com,Page,N/A,N/A,www.tribunnews.com/kesehatan/2014/12/14/mau-cepat-hamil-jangan-berdiri-kalau-habis-berhubungan-seks,No,Adult: Sexual content,Restricted ad serving,ca-pub-7784034061253020,2,2024-12-17,2024-12-17
www.tribunnews.com,Page,N/A,N/A,www.tribunnews.com/kesehatan/2010/10/20/wanita-gemuk-lebih-hot-di-ranjang,No,Adult: Sexual content,Restricted ad serving,ca-pub-7784034061253020,2,2024-12-15,2024-12-15
www.tribunnews.com,Page,N/A,N/A,www.tribunnews.com/internasional/2010/07/08/hah-psk-bangladesh-pakai-obat-penggemuk-sapi-biar-montok,No,Adult: Sexual content,Restricted ad serving,ca-pub-7784034061253020,2,2024-12-16,2024-12-16
wartakota.tribunnews.com,Page,N/A,N/A,wartakota.tribunnews.com/2023/11/06/pelajar-bogor-tewas-saat-tawuran-polisi-korban-turun-dari-motor-pelaku-langsung-membacoknya,No,Shocking content,Restricted ad serving,ca-pub-7784034061253020,2,2024-12-16,2024-12-16
wartakota.tribunnews.com,Page,N/A,N/A,wartakota.tribunnews.com/2018/10/19/tessa-kaunang-lakukan-peremajaan-vagina-biar-sehat-dan-sempit,No,Shocking content,Restricted ad serving,ca-pub-7784034061253020,2,2024-12-16,2024-12-16
wartakota.tribunnews.com,Page,N/A,N/A,wartakota.tribunnews.com/2016/04/25/bikin-video-menggoda-revi-mariska-enjoy-dari-pada-bikin-video-mesum-katanya,No,Adult: Sexual content,Restricted ad serving,ca-pub-7784034061253020,2,2024-12-16,2024-12-16
wartakota.tribunnews.com,Page,N/A,N/A,wartakota.tribunnews.com/2014/11/10/7-aksi-romantis-bikin-hubungan-makin-hot,No,Adult: Sexual content,Restricted ad serving,ca-pub-7784034061253020,2,2024-12-16,2024-12-16
wartakota.tribunnews.com,Page,N/A,N/A,wartakota.tribunnews.com/2014/08/19/wanita-di-usia-30-ternyata-lebih-hot,No,Adult: Sexual content,Restricted ad serving,ca-pub-7784034061253020,2,2024-12-17,2024-12-17
suryamalang.tribunnews.com,Page,N/A,N/A,suryamalang.tribunnews.com/2015/09/09/sudah-dua-kali-bercinta-pacarnya-ternyata-cewek-pakai-penis-palsu,No,Adult: Sexual content,Restricted ad serving,ca-pub-7784034061253020,2,2024-12-16,2024-12-16
solo.tribunnews.com,Page,N/A,N/A,solo.tribunnews.com/2017/09/22/eks-bintang-film-panas-sunny-leone-dikecam-warga-india-gara-gara-iklan-kondom,No,Adult: Sexual content,Restricted ad serving,ca-pub-7784034061253020,2,2024-12-16,2024-12-16
pekanbaru.tribunnews.com,Page,N/A,N/A,pekanbaru.tribunnews.com/2022/01/26/arti-ily-dalam-bahasa-gaul-apa-ily-artinya-menyoal-perasaancek-apa-itu-disini,Yes,Encouraging accidental clicks: Layout;Google-served ads obscuring content,Restricted ad serving,ca-pub-7784034061253020,2,2024-12-15,2024-12-15
palembang.tribunnews.com,Page,N/A,N/A,palembang.tribunnews.com/2017/12/17/pamer-tubuh-semok-nekat-live-berhubungan-dengan-suami-wanita-ini-bikin-syok-perlihatkan-itunya,No,Adult: Sexual content,Restricted ad serving,ca-pub-7784034061253020,2,2024-12-16,2024-12-16
makassar.tribunnews.com,Page,N/A,N/A,makassar.tribunnews.com/2020/01/03/lengkap-harga-rokok-di-2020-semua-merek-marlboro-djarum-gudang-garam-sampoerna-dji-sam-soe,No,Tobacco,Restricted ad serving,ca-pub-7784034061253020,2,2024-12-16,2024-12-16
makassar.tribunnews.com,Page,N/A,N/A,makassar.tribunnews.com/2019/10/25/sudah-bayar-rp-20-juta-pria-pria-hidung-belang-di-bogor-tertipu-darah-perawan-palsu-nih-4-faktanya,No,Adult: Sexual content,Restricted ad serving,ca-pub-7784034061253020,2,2024-12-16,2024-12-16
makassar.tribunnews.com,Page,N/A,N/A,makassar.tribunnews.com/2019/10/01/tak-tahan-lihat-baju-mini-pria-ini-berhubungan-badan-dengan-adik-ipar-istri-tahu-gegara-kondom,No,Adult: Sexual content,Restricted ad serving,ca-pub-7784034061253020,2,2024-12-15,2024-12-15
makassar.tribunnews.com,Page,N/A,N/A,makassar.tribunnews.com/2019/04/01/amelia-jual-keperawanan-rp-15-juta-jelang-unbk-sma-hari-ini-kehidupan-pribadi-saya-hancur,No,Google-served ads obscuring content,Restricted ad serving,ca-pub-7784034061253020,2,2024-12-16,2024-12-16
makassar.tribunnews.com,Page,N/A,N/A,makassar.tribunnews.com/2017/08/29/cerita-suami-istri-pejabat-hingga-psk-rela-ke-gunung-kemukus-untuk-ritual-seks-agar-bisa-kaya,No,Adult: Sexual content,Restricted ad serving,ca-pub-7784034061253020,2,2024-12-16,2024-12-16
makassar.tribunnews.com,Page,N/A,N/A,makassar.tribunnews.com/2016/11/30/beredar-lagi-video-dewi-perssik-goyang-erotis-netizen-di-depan-tv-sok-suci-tapi-ternyata,No,Adult: Sexual content,Restricted ad serving,ca-pub-7784034061253020,2,2024-12-17,2024-12-17
m.tribunnews.com,Page,N/A,N/A,m.tribunnews.com/search?q=Viral+pornografi&cx=partner-pub-75da07403fbf4466e&cof=FORID%3A10&ie=UTF-8&siteurl=m.tribunnews.com,Yes,Google-served ads on screens without publisher-content,Restricted ad serving,ca-pub-7784034061253020,2,2024-12-16,2024-12-16
m.tribunnews.com,Page,N/A,N/A,m.tribunnews.com/amp/kesehatan/2018/02/15/wow-ngomong-soal-ukuran-panjang-burung-punya-orang-surabaya-ternyata-lebihi-orang-china,No,Adult: Sexual content,Restricted ad serving,ca-pub-7784034061253020,2,2024-12-16,2024-12-16
kupang.tribunnews.com,Page,N/A,N/A,kupang.tribunnews.com/2015/06/16/10-trik-bikin-wanita-orgasme-dengan-permainan-jari,No,Adult: Sexual content,Restricted ad serving,ca-pub-7784034061253020,2,2024-12-15,2024-12-15
jogja.tribunnews.com,Page,N/A,N/A,jogja.tribunnews.com/tag/seks,No,Adult: Sexual content,Restricted ad serving,ca-pub-7784034061253020,2,2024-12-15,2024-12-15
jateng.tribunnews.com,Page,N/A,N/A,jateng.tribunnews.com/amp/2016/06/29/tanda-wanita-tidak-perawan-dilihat-dari-mata-telapak-tangan-dan-punggungnya,No,Adult: Sexual content,Restricted ad serving,ca-pub-7784034061253020,2,2024-12-16,2024-12-16
jateng.tribunnews.com,Page,N/A,N/A,jateng.tribunnews.com/2021/02/14/benk-mintosih-murka-ulah-psk-michat-sengaja-posting-nama-hotel-wajah-mereka-taruh-di-front-office,No,Adult: Sexual content,Restricted ad serving,ca-pub-7784034061253020,2,2024-12-16,2024-12-16
jateng.tribunnews.com,Page,N/A,N/A,jateng.tribunnews.com/2019/10/24/firasat-ayah-nabila-sebelum-kecelakaan-maut-bus-studi-tour-smpn1-subah-di-tol-cipali,No,Shocking content,Restricted ad serving,ca-pub-7784034061253020,2,2024-12-15,2024-12-15
belitung.tribunnews.com,Page,N/A,N/A,belitung.tribunnews.com/2018/10/24/video-mesum-di-room-karaoke-berdurasi-2-menit-tersebar-polisi-periksa-cewek-pemandu-lagu,No,Adult: Sexual content,Restricted ad serving,ca-pub-7784034061253020,2,2024-12-16,2024-12-16
belitung.tribunnews.com,Page,N/A,N/A,belitung.tribunnews.com/2018/08/06/melakukan-hubungan-seks-saat-hamil-amankah-untuk-ibu-dan-janin,No,Adult: Sexual content,Restricted ad serving,ca-pub-7784034061253020,2,2024-12-16,2024-12-16
belitung.tribunnews.com,Page,N/A,N/A,belitung.tribunnews.com/2016/05/04/wanita-cantik-ini-bisa-jadi-alternatif-bagi-pria-kesepian-butuh-teman,No,Adult: Sexual content,Restricted ad serving,ca-pub-7784034061253020,2,2024-12-15,2024-12-15
batam.tribunnews.com,Page,N/A,N/A,batam.tribunnews.com/2010/11/25/hot..-ada-foto-dewi-persik-tampil-toples,No,Adult: Sexual content,Restricted ad serving,ca-pub-7784034061253020,2,2024-12-15,2024-12-15
banjarmasin.tribunnews.com,Page,N/A,N/A,banjarmasin.tribunnews.com/2017/11/15/mengejutkan-jackie-chan-dan-tiga-bintang-hollywood-ini-ternyata-pernah-main-film-dewasa,No,Shocking content,Restricted ad serving,ca-pub-7784034061253020,2,2024-12-15,2024-12-15
banjarmasin.tribunnews.com,Page,N/A,N/A,banjarmasin.tribunnews.com/2016/06/01/oh-ternyata-pasangan-berusia-paruh-baya-lebih-berani-dalam-seks,No,Adult: Sexual content,Restricted ad serving,ca-pub-7784034061253020,2,2024-12-16,2024-12-16
banjarmasin.tribunnews.com,Page,N/A,N/A,banjarmasin.tribunnews.com/2016/01/25/orang-jepang-kuat-terobsesi-seks-tapi-hanya-sedikit-yang-menikmatinya,No,Adult: Sexual content,Restricted ad serving,ca-pub-7784034061253020,2,2024-12-15,2024-12-15
banjarmasin.tribunnews.com,Page,N/A,N/A,banjarmasin.tribunnews.com/2014/05/21/7-hal-yang-membuat-ereksi-tak-bertahan-lama,No,Adult: Sexual content,Restricted ad serving,ca-pub-7784034061253020,2,2024-12-17,2024-12-17
banjarmasin.tribunnews.com,Page,N/A,N/A,banjarmasin.tribunnews.com/2013/10/24/jenis-cokelat-yang-meningkatkan-gairah-seksual,No,Adult: Sexual content,Restricted ad serving,ca-pub-7784034061253020,2,2024-12-16,2024-12-16
bangka.tribunnews.com,Page,N/A,N/A,bangka.tribunnews.com/2019/12/31/video-ganti-bajunya-tersebar-di-youtube-di-tahun-2013-artis-seksi-ini-ngaku-aku-baru-tahu,No,Shocking content,Restricted ad serving,ca-pub-7784034061253020,2,2024-12-16,2024-12-16
bangka.tribunnews.com,Page,N/A,N/A,bangka.tribunnews.com/2019/03/01/viral-video-hubungan-intim-siswi-smp-dikirim-ke-ibu-mantan-pacar-dan-pihak-sekolah,No,Shocking content,Restricted ad serving,ca-pub-7784034061253020,2,2024-12-16,2024-12-16
bangka.tribunnews.com,Page,N/A,N/A,bangka.tribunnews.com/2018/02/02/begini-adegan-panas-di-film-yang-sempat-heboh-hati-hati-istri-menonton-bisa-ikut-ikutan-selingkuh,No,Adult: Sexual content,Restricted ad serving,ca-pub-7784034061253020,2,2024-12-16,2024-12-16
bangka.tribunnews.com,Page,N/A,N/A,bangka.tribunnews.com/2018/02/01/artis-cantik-ini-tampil-buka-bukaan-saat-hamil-ini-tujuannya-pamer-tubuh-polos-di-media-sosial,No,Adult: Sexual content,Restricted ad serving,ca-pub-7784034061253020,2,2024-12-17,2024-12-17
bangka.tribunnews.com,Page,N/A,N/A,bangka.tribunnews.com/2017/12/20/lagi-video-snapchat-wanita-cantik-ini-nggak-sadar-kancing-bajunya-kebuka-anunya-kelihatan,No,Adult: Sexual content,Restricted ad serving,ca-pub-7784034061253020,2,2024-12-16,2024-12-16
bangka.tribunnews.com,Page,N/A,N/A,bangka.tribunnews.com/2017/11/09/ditemani-16-wanita-seksi-nan-cantik-beginilah-aktivitas-wisata-4-hari-di-pulau-seks-ini,No,Adult: Sexual content,Restricted ad serving,ca-pub-7784034061253020,2,2024-12-16,2024-12-16
bangka.tribunnews.com,Page,N/A,N/A,bangka.tribunnews.com/2017/08/30/bicara-kotor-hingga-main-di-kantor-ini-dia-9-fantasi-seksual-wanita,No,Adult: Sexual content,Restricted ad serving,ca-pub-7784034061253020,2,2024-12-16,2024-12-16
bangka.tribunnews.com,Page,N/A,N/A,bangka.tribunnews.com/2017/04/23/begini-teknik-seks-tantrik-untuk-meraih-orgasme-panjang-dan-berulang,No,Adult: Sexual content,Restricted ad serving,ca-pub-7784034061253020,2,2024-12-16,2024-12-16
bangka.tribunnews.com,Page,N/A,N/A,bangka.tribunnews.com/2017/02/20/abg-ini-tak-kuat-dengar-rayuan-pria-bandung-ini-rela-kegadisannya-direnggut-di-ruang-tamu,No,Adult: Sexual content,Restricted ad serving,ca-pub-7784034061253020,2,2024-12-15,2024-12-15
bangka.tribunnews.com,Page,N/A,N/A,bangka.tribunnews.com/2015/08/29/perempuan-telanjang-dipajang-di-meja-restoran,Yes,Google-served ads obscuring content;Modified Javascript: Ads by Google size,Restricted ad serving,ca-pub-7784034061253020,2,2024-12-17,2024-12-17
bangka.tribunnews.com,Page,N/A,N/A,bangka.tribunnews.com/2013/11/10/martha-tilaar-di-novotel-bangka-promo-spa,No,Shocking content,Restricted ad serving,ca-pub-7784034061253020,2,2024-12-16,2024-12-16
aceh.tribunnews.com,Page,N/A,N/A,aceh.tribunnews.com/2012/07/04/suara-jeritan-saat-ngesek-buat-orgasme,No,Adult: Sexual content,Restricted ad serving,ca-pub-7784034061253020,2,2024-12-15,2024-12-15
www.tribunnews.com,Page,N/A,N/A,www.tribunnews.com/seleb/2011/04/26/debby-ayu-enjoy-tampil-seksi-di-film-13-cara-memanggil-setan,No,Shocking content,Restricted ad serving,ca-pub-7784034061253020,1,2024-12-17,2024-12-17
www.tribunnews.com,Page,N/A,N/A,www.tribunnews.com/regional/2018/02/12/mayoritas-emak-emak-muda-dan-remaja-putri-pembeli-alat-bantu-seks-di-bali?page=2,No,Adult: Sexual content,Restricted ad serving,ca-pub-7784034061253020,1,2024-12-15,2024-12-15
www.tribunnews.com,Page,N/A,N/A,www.tribunnews.com/regional/2011/08/30/siswi-kelas-iii-smp-tewas-gantung-diri,No,Shocking content,Restricted ad serving,ca-pub-7784034061253020,1,2024-12-15,2024-12-15
wartakota.tribunnews.com,Page,N/A,N/A,wartakota.tribunnews.com/2014/05/18/kenal-fantasi-dan-kekerasan-seksual,No,Adult: Sexual content;Shocking content,Restricted ad serving,ca-pub-7784034061253020,1,2024-12-16,2024-12-16
suryamalang.tribunnews.com,Page,N/A,N/A,suryamalang.tribunnews.com/2020/04/19/video-cewek-surabaya-bikin-geger-warkop-di-gresik-buka-baju-ngaku-diperkosa-demi-rokok-gratisan,No,Shocking content,Restricted ad serving,ca-pub-7784034061253020,1,2024-12-16,2024-12-16
makassar.tribunnews.com,Page,N/A,N/A,makassar.tribunnews.com/2019/09/04/2-wanita-ini-keliling-indonesia-layani-seks-threesome-ditangkap-polisi,No,Adult: Sexual content,Restricted ad serving,ca-pub-7784034061253020,1,2024-12-16,2024-12-16
m.tribunnews.com,Page,N/A,N/A,m.tribunnews.com/seleb/2018/01/10/selain-olivia-nova-ini-deretan-artis-film-porno-yang-meninggal-di-usia-muda,No,Adult: Sexual content,Restricted ad serving,ca-pub-7784034061253020,1,2024-12-15,2024-12-15
m.tribunnews.com,Page,N/A,N/A,m.tribunnews.com/regional/2018/09/19/jaring-lelaki-hidung-belang-lewat-aplikasi-beetalks-tiga-abg-ini-pasang-tarif-segini,No,Adult: Sexual content,Restricted ad serving,ca-pub-7784034061253020,1,2024-12-15,2024-12-15
kupang.tribunnews.com,Page,N/A,N/A,kupang.tribunnews.com/2017/05/06/inilah-berbagai-reaksi-gadis-saat-melihat-miss-v-nya-sendiri-untuk-pertama-kalinya,No,Adult: Sexual content,Restricted ad serving,ca-pub-7784034061253020,1,2024-12-15,2024-12-15
kaltim.tribunnews.com,Page,N/A,N/A,kaltim.tribunnews.com/2018/03/01/ukuran-kondom-terlalu-kecil-menteri-kesehatan-ini-protes-keras-produsen-beberkan-fakta-sebenarnya?page=all,No,Adult: Sexual content,Restricted ad serving,ca-pub-7784034061253020,1,2024-12-16,2024-12-16
jogja.tribunnews.com,Page,N/A,N/A,jogja.tribunnews.com/2017/09/18/nomor-2-dan-4-ngeri-5-fakta-kasus-jual-beli-video-gay-anak-melalui-media-sosial,No,Shocking content,Restricted ad serving,ca-pub-7784034061253020,1,2024-12-16,2024-12-16
jambi.tribunnews.com,Page,N/A,N/A,jambi.tribunnews.com/tag/seks,No,Adult: Sexual content,Restricted ad serving,ca-pub-7784034061253020,1,2024-12-17,2024-12-17
jambi.tribunnews.com,Page,N/A,N/A,jambi.tribunnews.com/tag/obat-kuat,No,Adult: Sexual content;Shocking content,Restricted ad serving,ca-pub-7784034061253020,1,2024-12-16,2024-12-16
jambi.tribunnews.com,Page,N/A,N/A,jambi.tribunnews.com/2018/02/02/apa-alasan-wanita-mendesah-saat-bercinta-ada-5-dan-nomor-2-bisa-buat-pria-malu,No,Adult: Sexual content,Restricted ad serving,ca-pub-7784034061253020,1,2024-12-17,2024-12-17
jambi.tribunnews.com,Page,N/A,N/A,jambi.tribunnews.com/2017/11/21/video-gadis-cantik-telanjang-di-mal-bagian-pribadi-hanya-ditutupi-cat-orang-orang-pada-ngeliatin,No,Adult: Sexual content,Restricted ad serving,ca-pub-7784034061253020,1,2024-12-17,2024-12-17
bangka.tribunnews.com,Page,N/A,N/A,bangka.tribunnews.com/2016/08/28/pasangan-ini-gunakan-mentimun-saat-berhubungan-intim-akibatnya-fatal-si-wanita-meninggal-dunia?page=5,No,Adult: Sexual content,Restricted ad serving,ca-pub-7784034061253020,1,2024-12-17,2024-12-17
