Site or app,Entity,Platform,App package name or store ID,Issue location,Must fix,Issues,Status,Property codes,Ad requests - last 7 days,Date reported,Last date found
m.tribunnews.com,Page,N/A,N/A,m.tribunnews.com/regional/2024/11/26/akp-dadang-tembak-kepala-juniornya-eks-kabareskrim-tembakan-di-kepala-bukan-sengaja-niat-membunuh,No,Adult: Sexual content,Restricted ad serving,ca-pub-7784034061253020,2400000,2024-11-27,2024-12-03
m.tribunnews.com,Page,N/A,N/A,m.tribunnews.com/nasional/2024/11/30/nasdem-ungkap-alasan-tolak-usulan-pdip-agar-polri-dikembalikan-di-bawah-tni-atau-kemendagri,No,Adult: Sexual content,Restricted ad serving,ca-pub-7784034061253020,164000,2024-11-29,2024-12-02
jateng.tribunnews.com,Page,N/A,N/A,jateng.tribunnews.com/2024/11/22/warga-pati-ngaliyan-korban-tewas-kecelakaan-di-silayur-hendrik-trauma-nyaris-diseruduk-trailer?source=kgnotif_1,No,Shocking content,Restricted ad serving,ca-pub-7784034061253020,61000,2024-11-27,2024-12-03
medan.tribunnews.com,Page,N/A,N/A,medan.tribunnews.com/2024/11/30/wanita-fm-di-gresik-masih-punya-suami-layani-pria-bule-belgia-malah-gagang-obeng-turut-dimasukkan,No,Shocking content,Restricted ad serving,ca-pub-7784034061253020,45000,2024-11-30,2024-12-02
bangka.tribunnews.com,Page,N/A,N/A,bangka.tribunnews.com/2024/11/29/pelaku-pembunuhan-istri-dan-anak-di-pangkalpinang-dilarikan-ke-rumah-sakit-usai-ditangkap-polisi,No,Adult: Sexual content,Restricted ad serving,ca-pub-7784034061253020,34000,2024-11-29,2024-12-02
www.tribunnews.com,Page,N/A,N/A,www.tribunnews.com/regional/2024/11/26/akp-dadang-tembak-kepala-juniornya-eks-kabareskrim-tembakan-di-kepala-bukan-sengaja-niat-membunuh,No,Adult: Sexual content,Restricted ad serving,ca-pub-7784034061253020,28000,2024-11-27,2024-12-02
m.tribunnews.com,Page,N/A,N/A,m.tribunnews.com/regional/2024/11/26/akp-dadang-tembak-kepala-juniornya-eks-kabareskrim-tembakan-di-kepala-bukan-sengaja-niat-membunuh?page=2,No,Adult: Sexual content,Restricted ad serving,ca-pub-7784034061253020,26000,2024-11-29,2024-12-03
medan.tribunnews.com,Page,N/A,N/A,medan.tribunnews.com/404,Yes,Google-served ads on screens without publisher-content,Restricted ad serving,ca-pub-7784034061253020,13000,2024-11-27,2024-12-02
belitung.tribunnews.com,Page,N/A,N/A,belitung.tribunnews.com/2024/11/30/update-kenaikan-gaji-pns-tni-polri-2025-prabowo-subianto-cuma-naikan-sertifikasi-guru-bukan-gaji,No,Adult: Sexual content,Restricted ad serving,ca-pub-7784034061253020,13000,2024-12-02,2024-12-02
m.tribunnews.com,Page,N/A,N/A,m.tribunnews.com/nasional/2024/11/24/penembakan-di-solok-selatan-akp-dadang-iskandar-terancam-hukuman-mati-dan-pemecatan?utm_source=pushnotif?source=kgnotif_1,No,Adult: Sexual content,Restricted ad serving,ca-pub-7784034061253020,11000,2024-12-01,2024-12-03
bali.tribunnews.com,Page,N/A,N/A,bali.tribunnews.com/2024/11/29/selamat-jalan-ibu-muda-mengantuk-sebabkan-kecelakaan-tragis-3-orang-tewas-di-honda-hr-v,No,Shocking content,Restricted ad serving,ca-pub-7784034061253020,9600,2024-11-29,2024-12-02
bangka.tribunnews.com,Page,N/A,N/A,bangka.tribunnews.com/2024/11/29/pelaku-pembunuhan-istri-dan-anak-di-pangkalpinang-dilarikan-ke-rumah-sakit-usai-ditangkap-polisi?page=2,No,Adult: Sexual content,Restricted ad serving,ca-pub-7784034061253020,8900,2024-11-29,2024-12-02
pekanbaru.tribunnews.com,Page,N/A,N/A,pekanbaru.tribunnews.com/2024/12/01/5-fakta-guru-di-kampar-ditemukan-tewas-diduga-dibunuh-leher-digorok-luka-bakar-di-tubuh,No,Shocking content,Restricted ad serving,ca-pub-7784034061253020,8200,2024-11-30,2024-12-02
makassar.tribunnews.com,Page,N/A,N/A,makassar.tribunnews.com/2020/07/06/ciri-ciri-wanita-tidak-perawan-lihat-6-bentuk-fisiknya?page=2,No,Adult: Sexual content,Restricted ad serving,ca-pub-7784034061253020,7200,2024-11-27,2024-12-02
pekanbaru.tribunnews.com,Page,N/A,N/A,pekanbaru.tribunnews.com/2024/11/30/baru-jadi-pppk-sd-guru-di-kampar-riau-dihabisi-secara-sadis-tinggalkan-anak-yang-masih-balita,No,Shocking content,Restricted ad serving,ca-pub-7784034061253020,7200,2024-11-30,2024-12-02
suryamalang.tribunnews.com,Page,N/A,N/A,suryamalang.tribunnews.com/2024/11/22/kronologi-lengkap-kasat-reskrim-ditembak-kabag-ops-di-polres-solok-selatan-terkait-tambang-galian-c?source=kgnotif_1,No,Adult: Sexual content,Restricted ad serving,ca-pub-7784034061253020,7200,2024-11-27,2024-12-02
bangka.tribunnews.com,Page,N/A,N/A,bangka.tribunnews.com/2024/11/30/terbaru-suami-pembunuh-istri-dan-anaknya-di-pangkalpinang-sudah-tertangkap-motif-diduga-cemburu,No,Adult: Sexual content,Restricted ad serving,ca-pub-7784034061253020,7100,2024-11-29,2024-12-02
bangka.tribunnews.com,Page,N/A,N/A,bangka.tribunnews.com/2024/12/02/breaking-news-tersangka-pembunuhan-istri-dan-anak-meninggal-dunia-di-rs-bhayangkara-polda-babel,No,Adult: Sexual content,Restricted ad serving,ca-pub-7784034061253020,5900,2024-12-02,2024-12-02
jambi.tribunnews.com,Page,N/A,N/A,jambi.tribunnews.com/2018/02/22/2-kategori-dan-49-istilah-yang-sering-digunakan-di-film-biru,No,Adult: Sexual content,Restricted ad serving,ca-pub-7784034061253020,5400,2024-11-27,2024-12-03
trends.tribunnews.com,Page,N/A,N/A,trends.tribunnews.com/2024/11/26/video-syur-diduga-nita-vior-onic-viral-pamer-area-sensitif-dalam-15-menit-begini-reaksi-manajer,No,Adult: Sexual content,Restricted ad serving,ca-pub-7784034061253020,5200,2024-11-27,2024-12-01
trends.tribunnews.com,Page,N/A,N/A,trends.tribunnews.com/2024/11/30/klarifikasi-onic-vior-saat-ditanya-netizen-soal-video-panas-15-menit-20-detik-apa-benar-kak,No,Adult: Sexual content,Restricted ad serving,ca-pub-7784034061253020,5100,2024-11-29,2024-12-01
bali.tribunnews.com,Page,N/A,N/A,bali.tribunnews.com/2024/12/03/pria-denpasar-tewas-mengenaskan-kecelakaan-jalur-pantura-tulang-punggung-keluarga-itu-telah-pergi,No,Shocking content,Restricted ad serving,ca-pub-7784034061253020,4600,2024-12-02,2024-12-02
pekanbaru.tribunnews.com,Page,N/A,N/A,pekanbaru.tribunnews.com/2024/12/01/sosok-heri-saragih-guru-sd-yang-dibakar-bersama-motornya-di-kampar-anaknya-masih-berusia-1-tahun,No,Shocking content,Restricted ad serving,ca-pub-7784034061253020,4500,2024-12-01,2024-12-02
www.tribunnews.com,Page,N/A,N/A,www.tribunnews.com/regional/2024/11/30/tampang-pelaku-pembunuhan-istri-dan-anak-di-pangkalpinang-dibawa-ke-rumah-sakit-usai-ditangkap,No,Adult: Sexual content,Restricted ad serving,ca-pub-7784034061253020,4400,2024-11-29,2024-12-02
m.tribunnews.com,Page,N/A,N/A,m.tribunnews.com/regional/2024/12/02/kronologis-mahasiswi-dibunuh-dan-dibakar-pacar-di-bangkalan-sosok-pelaku-diungkap-pihak-kampus,No,Shocking content,Restricted ad serving,ca-pub-7784034061253020,4200,2024-12-02,2024-12-03
makassar.tribunnews.com,Page,N/A,N/A,makassar.tribunnews.com/2020/07/06/ciri-ciri-wanita-tidak-perawan-lihat-6-bentuk-fisiknya?page=3,No,Adult: Sexual content,Restricted ad serving,ca-pub-7784034061253020,4200,2024-11-27,2024-12-02
kupang.tribunnews.com,Page,N/A,N/A,kupang.tribunnews.com/2022/10/10/link-tiktok-dewasa-aplikasi-tiktok-18-plus-dengan-video-vulgar-bukan-untuk-anak-anak,No,Adult: Sexual content,Restricted ad serving,ca-pub-7784034061253020,3500,2024-11-27,2024-12-02
jogja.tribunnews.com,Page,N/A,N/A,jogja.tribunnews.com/2023/09/23/lirik-dan-terjemahan-lagu-youre-on-your-own-kid-taylor-swift,No,Adult: Sexual content,Restricted ad serving,ca-pub-7784034061253020,3500,2024-11-27,2024-12-02
jatim.tribunnews.com,Page,N/A,N/A,jatim.tribunnews.com/2024/12/02/mahasiswa-panik-dimintai-tanggung-jawab-malah-bunuh-bakar-pacar-hamil-sempat-mau-ke-tukang-pijat,No,Shocking content,Restricted ad serving,ca-pub-7784034061253020,3200,2024-12-02,2024-12-03
kaltim.tribunnews.com,Page,N/A,N/A,kaltim.tribunnews.com/2023/02/12/6-anime-yang-haram-ditonton-oleh-bocil-miliki-adegan-dan-karakter-panas-tanpa-sensor,No,Adult: Sexual content,Restricted ad serving,ca-pub-7784034061253020,3200,2024-11-27,2024-12-03
m.tribunnews.com,Page,N/A,N/A,m.tribunnews.com/internasional/2024/11/29/brigade-al-qassam-gelar-operasi-penembakan-di-ariel-tepi-barat-sembilan-israel-roboh,No,Shocking content,Restricted ad serving,ca-pub-7784034061253020,3100,2024-11-29,2024-12-01
www.tribunnews.com,Page,N/A,N/A,www.tribunnews.com/metropolitan/2024/12/03/polisi-bunuh-ibu-kandung-di-cileungsi-dengan-gas-melon-warungnya-terpantau-pengurus-rt-jual-miras?page=2,No,Adult: Sexual content,Restricted ad serving,ca-pub-7784034061253020,3100,2024-12-02,2024-12-03
jabar.tribunnews.com,Page,N/A,N/A,jabar.tribunnews.com/news,No,Adult: Sexual content,Restricted ad serving,ca-pub-7784034061253020,3000,2024-12-02,2024-12-02
aceh.tribunnews.com,Page,N/A,N/A,aceh.tribunnews.com/2024/09/23/pengakuan-pelaku-congkel-mata-faisal-di-bogor-parah-perkirakan-korban-tak-bisa-melihat-lagi,No,Shocking content,Restricted ad serving,ca-pub-7784034061253020,3000,2024-11-27,2024-12-02
bangka.tribunnews.com,Page,N/A,N/A,bangka.tribunnews.com/2024/12/02/kelakuan-riki-usai-bunuh-istri-dan-anaknya-beli-narkoba-dan-main-judi-online-tersangka-meninggal?page=2,No,Adult: Sexual content,Restricted ad serving,ca-pub-7784034061253020,3000,2024-12-02,2024-12-02
www.tribunnews.com,Page,N/A,N/A,www.tribunnews.com/regional/2024/12/03/kagetnya-pembeli-lihat-aipda-nikson-bunuh-ibu-kandung-di-warung-langsung-takut-dan-lari,No,Adult: Sexual content,Restricted ad serving,ca-pub-7784034061253020,2700,2024-12-02,2024-12-02
m.tribunnews.com,Page,N/A,N/A,m.tribunnews.com/regional/2024/11/26/sosok-siswa-smk-semarang-tewas-pinggulnya-ditembak-polisi-anak-piatu-berprestasi-paskibraka,No,Adult: Sexual content,Restricted ad serving,ca-pub-7784034061253020,2600,2024-11-29,2024-12-02
jabar.tribunnews.com,Page,N/A,N/A,jabar.tribunnews.com/2024/12/02/bocah-pembunuh-ayah-dan-nenek-blak-blakan-mengapa-habisi-nyawa-keluarganya-dia-anak-tunggal?page=3,No,Adult: Sexual content,Restricted ad serving,ca-pub-7784034061253020,2600,2024-12-01,2024-12-03
aceh.tribunnews.com,Page,N/A,N/A,aceh.tribunnews.com/2022/09/15/istri-perlu-tahu-begini-cara-puaskan-suami-jika-sedang-haid-jangan-biarkan-pasangan-anda-buat-dosa,No,Adult: Sexual content,Restricted ad serving,ca-pub-7784034061253020,2400,2024-11-27,2024-12-02
makassar.tribunnews.com,Page,N/A,N/A,makassar.tribunnews.com/404,Yes,Google-served ads on screens without publisher-content,Restricted ad serving,ca-pub-7784034061253020,2300,2024-11-27,2024-12-02
bangka.tribunnews.com,Page,N/A,N/A,bangka.tribunnews.com/2024/11/30/terbaru-suami-pembunuh-istri-dan-anaknya-di-pangkalpinang-sudah-tertangkap-motif-diduga-cemburu?page=2,No,Adult: Sexual content,Restricted ad serving,ca-pub-7784034061253020,2300,2024-11-29,2024-12-02
jogja.tribunnews.com,Page,N/A,N/A,jogja.tribunnews.com/2023/07/22/apa-itu-bdsm-begini-sejarah-dan-ciri-ciri-orang-yang-suka-sadomasokisme,No,Adult: Sexual content,Restricted ad serving,ca-pub-7784034061253020,2200,2024-11-27,2024-12-02
m.tribunnews.com,Page,N/A,N/A,m.tribunnews.com/regional/2024/11/30/tampang-pelaku-pembunuhan-istri-dan-anak-di-pangkalpinang-dibawa-ke-rumah-sakit-usai-ditangkap,No,Adult: Sexual content,Restricted ad serving,ca-pub-7784034061253020,2200,2024-11-29,2024-12-01
makassar.tribunnews.com,Page,N/A,N/A,makassar.tribunnews.com/2020/07/06/ciri-ciri-wanita-tidak-perawan-lihat-6-bentuk-fisiknya?page=4,No,Adult: Sexual content,Restricted ad serving,ca-pub-7784034061253020,2200,2024-11-27,2024-12-02
m.tribunnews.com,Page,N/A,N/A,m.tribunnews.com/seleb/2024/11/24/sahabat-bongkar-reaksi-awal-paula-verhoeven-diceraikan-baim-wong-pergi-umrah-berdoa-agar-rujuk?utm_source=pushnotif?source=kgnotif_1,No,Adult: Sexual content,Restricted ad serving,ca-pub-7784034061253020,2100,2024-12-01,2024-12-01
trends.tribunnews.com,Page,N/A,N/A,trends.tribunnews.com/2024/11/25/rekaman-video-viral-mirip-onic-vior-15-menit-20-detik-link-diburu-netizen-begini-isi-videonya?page=2,No,Adult: Sexual content,Restricted ad serving,ca-pub-7784034061253020,2100,2024-11-27,2024-12-01
kaltim.tribunnews.com,Page,N/A,N/A,kaltim.tribunnews.com/2024/08/08/video-viral-erika-blunder-8-menit-prank-ojol-apa-isinya-klarifikasi-dan-faktasebenarnya,No,Adult: Sexual content,Restricted ad serving,ca-pub-7784034061253020,2000,2024-11-27,2024-12-02
m.tribunnews.com,Page,N/A,N/A,m.tribunnews.com/regional/2024/11/30/akhir-pelarian-pelaku-pembunuhan-istri-anak-di-pangkalpinang-mengapa-riki-langsung-dibawa-ke-rs,No,Adult: Sexual content,Restricted ad serving,ca-pub-7784034061253020,2000,2024-11-29,2024-12-01
style.tribunnews.com,Page,N/A,N/A,style.tribunnews.com/2017/08/22/4-anime-dewasa-yang-tidak-boleh-ditonton-anak-kecil-awas-banyak-adegan-erotisnya,No,Adult: Sexual content,Restricted ad serving,ca-pub-7784034061253020,2000,2024-11-27,2024-12-02
bangka.tribunnews.com,Page,N/A,N/A,bangka.tribunnews.com/2024/12/02/kapolda-babel-ungkap-motif-dan-kronologis-suami-tega-habisi-nyawa-istri-dan-anak-di-pangkalpinang,No,Adult: Sexual content,Restricted ad serving,ca-pub-7784034061253020,1900,2024-12-02,2024-12-02
medan.tribunnews.com,Page,N/A,N/A,medan.tribunnews.com/2024/12/03/motif-pria-21-tahun-bunuh-dan-bakar-mayat-pacarnya-mahasiswi-utm-panik-korban-ngaku-hamil-2-bulan,No,Shocking content,Restricted ad serving,ca-pub-7784034061253020,1900,2024-12-02,2024-12-03
bangka.tribunnews.com,Page,N/A,N/A,bangka.tribunnews.com/2017/11/09/9-kasus-pasangan-mati-gancet-4-diantaranya-terjadi-di-indonesia,Yes,Ads Disguised as Content,Restricted ad serving,ca-pub-7784034061253020,1900,2024-11-28,2024-12-02
www.tribunnews.com,Page,N/A,N/A,www.tribunnews.com/metropolitan/2024/12/01/kerangka-manusia-ditemukan-di-antara-rerumputan-dan-pepohonan-liar-di-tambun-kabupaten-bekasi,No,Adult: Sexual content,Restricted ad serving,ca-pub-7784034061253020,1900,2024-12-02,2024-12-03
medan.tribunnews.com,Page,N/A,N/A,medan.tribunnews.com/2024/10/16/pilu-agus-kini-divonis-buta-permanen-uang-donasi-rp15-m-kontroversi-hingga-warganet-minta-kembali,No,Shocking content,Restricted ad serving,ca-pub-7784034061253020,1900,2024-11-27,2024-12-02
jateng.tribunnews.com,Page,N/A,N/A,jateng.tribunnews.com/2024/12/02/pemotor-tewas-disambar-minibus-kecelakaan-berawal-senggolan-motor,No,Shocking content,Restricted ad serving,ca-pub-7784034061253020,1800,2024-12-01,2024-12-02
m.tribunnews.com,Page,N/A,N/A,m.tribunnews.com/regional/2024/11/28/pasca-penembakan-akp-dadang-iskandar-rumah-cawabup-solok-selatan-ditembaki-otk-warga-diserang,No,Adult: Sexual content,Restricted ad serving,ca-pub-7784034061253020,1800,2024-12-01,2024-12-01
bangka.tribunnews.com,Page,N/A,N/A,bangka.tribunnews.com/2016/01/27/begini-cara-mengamankan-akun-facebook-dari-konten-porno,No,Shocking content,Restricted ad serving,ca-pub-7784034061253020,1800,2024-11-27,2024-12-02
m.tribunnews.com,Page,N/A,N/A,m.tribunnews.com/regional/2024/11/30/bunuh-istri-dan-anak-suami-di-pangkalpinang-ditangkap-pelaku-dirawat-di-rumah-sakit,No,Adult: Sexual content,Restricted ad serving,ca-pub-7784034061253020,1800,2024-11-30,2024-12-02
surabaya.tribunnews.com,Page,N/A,N/A,surabaya.tribunnews.com/2024/12/02/cerita-lengkap-mahasiswi-utm-dibunuh-pacar-di-bangkalan-jasadnya-dibakar-dipicu-tuntutan-korban,No,Shocking content,Restricted ad serving,ca-pub-7784034061253020,1800,2024-12-02,2024-12-02
bangka.tribunnews.com,Page,N/A,N/A,bangka.tribunnews.com/2024/11/30/terbaru-suami-pembunuh-istri-dan-anaknya-di-pangkalpinang-sudah-tertangkap-motif-diduga-cemburu?page=3,No,Adult: Sexual content,Restricted ad serving,ca-pub-7784034061253020,1700,2024-11-29,2024-12-02
kaltim.tribunnews.com,Page,N/A,N/A,kaltim.tribunnews.com/2024/08/15/biodata-erika-putri-sosoknya-viral-gegara-video-blunder-8-menit-prank-ojol,No,Adult: Sexual content,Restricted ad serving,ca-pub-7784034061253020,1700,2024-11-27,2024-12-02
manado.tribunnews.com,Page,N/A,N/A,manado.tribunnews.com/2024/11/30/kronologi-indentitas-dan-motif-pria-manado-bunuh-mantan-istri-lalu-suruh-saksi-buang-jasad-korban,No,Shocking content,Restricted ad serving,ca-pub-7784034061253020,1700,2024-11-29,2024-12-01
jambi.tribunnews.com,Page,N/A,N/A,jambi.tribunnews.com/2019/12/04/lima-wanita-bintang-film-dewasa-paling-favorit-nomor-4-kategori-adegan-sesama-jenis-terbaik,No,Adult: Sexual content,Restricted ad serving,ca-pub-7784034061253020,1700,2024-11-27,2024-12-02
pekanbaru.tribunnews.com,Page,N/A,N/A,pekanbaru.tribunnews.com/2023/02/01/daftar-film-yoo-jung-ii,No,Adult: Sexual content,Restricted ad serving,ca-pub-7784034061253020,1700,2024-11-27,2024-12-02
makassar.tribunnews.com,Page,N/A,N/A,makassar.tribunnews.com/2018/01/06/video-viral-tante-vs-bocah-anak-anak-itu-sebenarnya-tolak-hubungan-badan-tapi-diimingi-ini,Yes,Ads Disguised as Content;Adult: Sexual content,Restricted ad serving,ca-pub-7784034061253020,1700,2024-11-27,2024-12-03
kaltim.tribunnews.com,Page,N/A,N/A,kaltim.tribunnews.com/2022/06/28/cacar-monyet-bisa-sembuh-sendiri-berikut-penjelasan-kemenkes-lengkap-cara-penularan-virus-monkeypox?page=all,No,Shocking content,Restricted ad serving,ca-pub-7784034061253020,1700,2024-11-27,2024-12-02
m.tribunnews.com,Page,N/A,N/A,m.tribunnews.com/tag/video-call-sex-vcs,No,Adult: Sexual content,Restricted ad serving,ca-pub-7784034061253020,1700,2024-11-27,2024-12-02
pontianak.tribunnews.com,Page,N/A,N/A,pontianak.tribunnews.com/kalbar/kapuashulu,Yes,Encouraging accidental clicks: Layout,Restricted ad serving,ca-pub-7784034061253020,1700,2024-11-27,2024-12-03
jabar.tribunnews.com,Page,N/A,N/A,jabar.tribunnews.com/2013/02/08/inilah-10-bintang-film-panas-paling-berpendidikan-tinggi,No,Adult: Sexual content,Restricted ad serving,ca-pub-7784034061253020,1600,2024-11-27,2024-12-02
bangka.tribunnews.com,Page,N/A,N/A,bangka.tribunnews.com/2020/10/12/5-posisi-bercinta-agar-perempuan-raih-kepuasan-wot-hingga-sideways-straddle,No,Adult: Sexual content,Restricted ad serving,ca-pub-7784034061253020,1600,2024-11-27,2024-12-02
style.tribunnews.com,Page,N/A,N/A,style.tribunnews.com/2022/11/04/5-rekomendasi-anime-erotis-tanpa-sensor-penuh-dengan-adegan-syur-ada-serial-high-school-dxd,No,Adult: Sexual content,Restricted ad serving,ca-pub-7784034061253020,1600,2024-11-27,2024-12-02
m.tribunnews.com,Page,N/A,N/A,m.tribunnews.com/regional/2024/11/26/tampang-santai-akp-dadang-iskandar-pakai-baju-tahanan-buat-geram-keluarga-akp-ryanto-ulil-anshar?page=4,No,Adult: Sexual content,Restricted ad serving,ca-pub-7784034061253020,1600,2024-11-27,2024-12-02
madura.tribunnews.com,Page,N/A,N/A,madura.tribunnews.com/2024/12/02/5-fakta-mahasiswi-utm-bangkalan-dibunuh-pacar-jasad-dibakar-sempat-cekcok-soal-gugurkan-kandungan,No,Shocking content,Restricted ad serving,ca-pub-7784034061253020,1600,2024-12-02,2024-12-02
www.tribunnews.com,Page,N/A,N/A,www.tribunnews.com/?lgn_method=google&google_btn=onetap,No,Adult: Sexual content,Restricted ad serving,ca-pub-7784034061253020,1600,2024-12-01,2024-12-02
www.tribunnews.com,Page,N/A,N/A,www.tribunnews.com/regional/2024/11/26/sosok-siswa-smk-semarang-tewas-pinggulnya-ditembak-polisi-anak-piatu-berprestasi-paskibraka,No,Adult: Sexual content,Restricted ad serving,ca-pub-7784034061253020,1600,2024-11-27,2024-12-02
bangka.tribunnews.com,Page,N/A,N/A,bangka.tribunnews.com/2024/12/02/motif-pembunuhan-istri-dan-anak-di-pangkalpinang-terungkap-pelaku-cemburu-dan-positif-narkoba,No,Adult: Sexual content,Restricted ad serving,ca-pub-7784034061253020,1600,2024-12-02,2024-12-02
suryamalang.tribunnews.com,Page,N/A,N/A,suryamalang.tribunnews.com/2018/07/03/kisah-the-champawat-tiger-harimau-terkeji-yang-bunuh-400-orang-dalam-waktu-4-tahun,No,Shocking content,Restricted ad serving,ca-pub-7784034061253020,1500,2024-11-27,2024-12-02
jambi.tribunnews.com,Page,N/A,N/A,jambi.tribunnews.com/2018/01/18/perhatikan-ini-ciri-wanita-yang-sering-melakukan-masturbasi-7-tanda-ini-bakal-mengungkapkannya,No,Adult: Sexual content,Restricted ad serving,ca-pub-7784034061253020,1500,2024-11-27,2024-12-02
sulbar.tribunnews.com,Page,N/A,N/A,sulbar.tribunnews.com/2023/04/24/16-link-full-video-syakirah-viral-tampil-vulgar-beredar-di-tiktok-dan-twitter-masih-diburu-nitizen,No,Adult: Sexual content,Restricted ad serving,ca-pub-7784034061253020,1500,2024-11-27,2024-12-02
pekanbaru.tribunnews.com,Page,N/A,N/A,pekanbaru.tribunnews.com/2024/11/30/polisi-ungkap-identitas-guru-di-kampar-riau-yang-tewas-digorok-dan-dibakar-jasad-kini-diautopsi?page=2,No,Shocking content,Restricted ad serving,ca-pub-7784034061253020,1500,2024-11-30,2024-12-01
sumsel.tribunnews.com,Page,N/A,N/A,sumsel.tribunnews.com/2024/12/02/video-kejam-pria-di-bangkalan-bunuh-dan-bakar-pacarnya-jasad-ditemukan-api-masih-menyala,No,Shocking content,Restricted ad serving,ca-pub-7784034061253020,1500,2024-12-02,2024-12-02
www.tribunnews.com,Page,N/A,N/A,www.tribunnews.com/regional/2024/12/02/kronologis-mahasiswi-dibunuh-dan-dibakar-pacar-di-bangkalan-sosok-pelaku-diungkap-pihak-kampus,No,Shocking content,Restricted ad serving,ca-pub-7784034061253020,1500,2024-12-02,2024-12-02
bangka.tribunnews.com,Page,N/A,N/A,bangka.tribunnews.com/2024/12/03/ngeri-pria-ini-ikut-main-judi-online-teman-temannya-tak-tahu-modalnya-dari-bunuh-istri-dan-anak,No,Adult: Sexual content,Restricted ad serving,ca-pub-7784034061253020,1500,2024-12-02,2024-12-03
aceh.tribunnews.com,Page,N/A,N/A,aceh.tribunnews.com/2022/08/20/mitos-atau-fakta-benarkah-wanita-berbulu-lebat-punya-gairah-seksual-tinggi-begini-kata-dr-boyke,No,Adult: Sexual content,Restricted ad serving,ca-pub-7784034061253020,1500,2024-11-27,2024-12-02
m.tribunnews.com,Page,N/A,N/A,m.tribunnews.com/regional/2024/12/02/sosok-tersangka-pelaku-pembunuhan-istri-anak-riki-suami-pencemburu-polisi-masih-dalami-motifnya,No,Adult: Sexual content,Restricted ad serving,ca-pub-7784034061253020,1400,2024-12-01,2024-12-02
pontianak.tribunnews.com,Page,N/A,N/A,pontianak.tribunnews.com/2018/01/28/inilah-7-ciri-wanita-kecanduan-masturbasi-7-persen-cewek-melakukannya-setiap-hari,No,Adult: Sexual content,Restricted ad serving,ca-pub-7784034061253020,1400,2024-11-27,2024-12-03
bangka.tribunnews.com,Page,N/A,N/A,bangka.tribunnews.com/2017/09/14/bertobat-pemeran-tarzan-x-tinggalkan-film-biru-setelah-banyak-merenung?page=all,No,Adult: Sexual content,Restricted ad serving,ca-pub-7784034061253020,1400,2024-11-27,2024-12-02
jakarta.tribunnews.com,Page,N/A,N/A,jakarta.tribunnews.com/2024/11/11/kecelakaan-beruntun-hari-ini-di-tol-purbaleunyi-mobil-hingga-bertumpuk-terdengar-tangisan-histeris,No,Adult: Sexual content,Restricted ad serving,ca-pub-7784034061253020,1400,2024-11-27,2024-12-02
m.tribunnews.com,Page,N/A,N/A,m.tribunnews.com/regional/2024/12/02/breaking-news-sempat-dihadirkan-saat-konferensi-pers-tersangka-pembunuhan-istri-anak-meninggal,No,Adult: Sexual content,Restricted ad serving,ca-pub-7784034061253020,1400,2024-12-02,2024-12-02
bangka.tribunnews.com,Page,N/A,N/A,bangka.tribunnews.com/2024/12/03/fakta-fakta-suami-bunuh-istri-anak-di-pangkalpinang-cemburu-main-judol-hingga-tewas-minum-racun?page=3,No,Adult: Sexual content,Restricted ad serving,ca-pub-7784034061253020,1400,2024-12-02,2024-12-02
jabar.tribunnews.com,Page,N/A,N/A,jabar.tribunnews.com/2023/02/02/doa-sebelum-makan-dan-doa-setelah-makan-sesuai-sunnah-makanan-jadi-berkah-dan-menyehatkan,No,Adult: Sexual content,Restricted ad serving,ca-pub-7784034061253020,1400,2024-12-01,2024-12-02
bangka.tribunnews.com,Page,N/A,N/A,bangka.tribunnews.com/2024/11/30/polisi-tetapkan-riki-sebagai-tersangka-pembunuhan-istri-dan-anak-di-pangkalpinang?page=3,No,Adult: Sexual content,Restricted ad serving,ca-pub-7784034061253020,1300,2024-11-29,2024-12-01
bangka.tribunnews.com,Page,N/A,N/A,bangka.tribunnews.com/2022/03/06/begini-cara-meracik-merica-kopi-telur-dan-madu-sebagai-obat-kuat-pria-minum-pas-hangat,No,Adult: Sexual content,Restricted ad serving,ca-pub-7784034061253020,1300,2024-11-27,2024-12-02
belitung.tribunnews.com,Page,N/A,N/A,belitung.tribunnews.com/2024/12/03/sosok-nina-agustina-bupati-indramayu-yang-kalah-lawan-lucky-hakim-di-pilkada-2024,No,Adult: Sexual content,Restricted ad serving,ca-pub-7784034061253020,1300,2024-12-02,2024-12-03
bangka.tribunnews.com,Page,N/A,N/A,bangka.tribunnews.com/2017/09/14/bertobat-pemeran-tarzan-x-tinggalkan-film-biru-setelah-banyak-merenung,No,Adult: Sexual content,Restricted ad serving,ca-pub-7784034061253020,1300,2024-11-27,2024-12-02
medan.tribunnews.com,Page,N/A,N/A,medan.tribunnews.com/2023/01/09/dr-boyke-bongkar-cara-puaskan-istri-saat-berhubungan-intim-lakukan-tips-ala-casanova-ini,No,Adult: Sexual content,Restricted ad serving,ca-pub-7784034061253020,1300,2024-11-27,2024-12-02
jateng.tribunnews.com,Page,N/A,N/A,jateng.tribunnews.com/2024/02/28/segini-tarif-harga-terapi-alat-vital-di-h-saepudin-cucu-mak-erot,No,Adult: Sexual content,Restricted ad serving,ca-pub-7784034061253020,1300,2024-11-27,2024-12-02
makassar.tribunnews.com,Page,N/A,N/A,makassar.tribunnews.com/2017/12/13/6-cara-tahu-wanita-tak-perawan-nomor-1-hidung-nomor-2-mata-nomor-5-telapak-tangan,No,Adult: Sexual content;Shocking content,Restricted ad serving,ca-pub-7784034061253020,1300,2024-11-27,2024-12-03
bali.tribunnews.com,Page,N/A,N/A,bali.tribunnews.com/2024/12/03/pria-denpasar-tewas-mengenaskan-kecelakaan-jalur-pantura-tulang-punggung-keluarga-itu-telah-pergi?page=2,No,Shocking content,Restricted ad serving,ca-pub-7784034061253020,1300,2024-12-02,2024-12-02
bali.tribunnews.com,Page,N/A,N/A,bali.tribunnews.com/2024/12/03/kecelakaan-hitungan-detik-senggolan-sesama-pemotor-berakhir-dilindas-avanza,No,Shocking content,Restricted ad serving,ca-pub-7784034061253020,1300,2024-12-03,2024-12-03
www.tribunnews.com,Page,N/A,N/A,www.tribunnews.com/metropolitan/2024/12/03/aipda-nikson-polisi-yang-membunuh-ibu-kandung-diduga-gangguan-jiwa-kronologi-pelariannya-di-bogor?page=2,No,Adult: Sexual content,Restricted ad serving,ca-pub-7784034061253020,1200,2024-12-02,2024-12-03
jateng.tribunnews.com,Page,N/A,N/A,jateng.tribunnews.com/2022/03/12/tsubomi-artis-film-jepang-jav-hamil-seusai-main-dengan-aktor-pria-tanpa-pengaman,No,Adult: Sexual content,Restricted ad serving,ca-pub-7784034061253020,1200,2024-11-27,2024-12-02
bengkulu.tribunnews.com,Page,N/A,N/A,bengkulu.tribunnews.com/2024/09/11/jaga-sikap-arti-mimpi-berhubungan-badan-dengan-sepupu-merupakan-pesan-untuk-berbuat-baik,No,Shocking content,Restricted ad serving,ca-pub-7784034061253020,1200,2024-11-27,2024-12-02
m.tribunnews.com,Page,N/A,N/A,m.tribunnews.com/regional/2024/11/26/siswa-smk-semarang-ditembak-mati-ramai-ramai-bantah-tuduhan-polisi-dia-anak-baik-bukan-gangster,No,Adult: Sexual content,Restricted ad serving,ca-pub-7784034061253020,1200,2024-11-29,2024-12-02
sultra.tribunnews.com,Page,N/A,N/A,sultra.tribunnews.com/2023/04/11/video-ojol-sama-ayam-viral-di-tiktok-dan-twitter-aksi-pemeran-lelaki-dianggap-meresahkan,No,Adult: Sexual content,Restricted ad serving,ca-pub-7784034061253020,1200,2024-11-27,2024-12-02
bangka.tribunnews.com,Page,N/A,N/A,bangka.tribunnews.com/2024/12/03/fakta-fakta-suami-bunuh-istri-anak-di-pangkalpinang-cemburu-main-judol-hingga-tewas-minum-racun,No,Adult: Sexual content,Restricted ad serving,ca-pub-7784034061253020,1200,2024-12-02,2024-12-02
m.tribunnews.com,Page,N/A,N/A,m.tribunnews.com/regional/2024/12/02/tersangka-pembunuh-istri-anak-meninggal-polisi-ungkap-motif-kronologis-riki-bunuh-keluarganya,No,Adult: Sexual content,Restricted ad serving,ca-pub-7784034061253020,1200,2024-12-02,2024-12-02
www.tribunnews.com,Page,N/A,N/A,www.tribunnews.com/metropolitan/2024/11/30/breaking-news-anak-di-bawah-umur-bunuh-ayah-nenek-di-lebak-bulus-jakarta-ibunya-berhasil-selamat,No,Adult: Sexual content,Restricted ad serving,ca-pub-7784034061253020,1200,2024-11-29,2024-12-02
sulbar.tribunnews.com,Page,N/A,N/A,sulbar.tribunnews.com/2023/07/24/viral-video-anak-smp-berbuat-tak-senonoh-pakai-minyak-telon-bocor-ke-twitter-tiktok-dan-facebook,No,Adult: Sexual content,Restricted ad serving,ca-pub-7784034061253020,1200,2024-11-27,2024-12-02
m.tribunnews.com,Page,N/A,N/A,m.tribunnews.com/?lgn_method=google&google_btn=onetap,No,Adult: Sexual content,Restricted ad serving,ca-pub-7784034061253020,1200,2024-11-30,2024-12-02
belitung.tribunnews.com,Page,N/A,N/A,belitung.tribunnews.com/2024/12/02/riki-tersangka-pembunuh-istri-dan-anak-di-pangkalpinang-meninggal-tak-lama-usai-jumpa-pers-di-polda?page=2,No,Adult: Sexual content,Restricted ad serving,ca-pub-7784034061253020,1100,2024-12-02,2024-12-03
bangka.tribunnews.com,Page,N/A,N/A,bangka.tribunnews.com/2024/07/29/sosok-panji-winata-anak-tomy-winata-9-naga-yang-bersama-haji-isam-dukung-siti-kdi-mau-apa,No,Shocking content,Restricted ad serving,ca-pub-7784034061253020,1100,2024-11-27,2024-12-02
pekanbaru.tribunnews.com,Page,N/A,N/A,pekanbaru.tribunnews.com/2024/11/30/detik-detik-kronologi-temuan-jasad-guru-di-kabupaten-kampar-luka-sobek-di-leher-tubuh-terbakar,No,Shocking content,Restricted ad serving,ca-pub-7784034061253020,1100,2024-11-30,2024-12-01
pekanbaru.tribunnews.com,Page,N/A,N/A,pekanbaru.tribunnews.com/2022/07/06/inilah-kode-istilah-dalam-dunia-prostitusi-michat-st-lt-gh-exclude,No,Adult: Sexual content,Restricted ad serving,ca-pub-7784034061253020,1100,2024-11-27,2024-12-01
style.tribunnews.com,Page,N/A,N/A,style.tribunnews.com/2021/07/30/tontonan-dewasa-5-anime-18-ini-penuh-adegan-fanservice-jangan-nonton-bareng-anak-kecil,No,Adult: Sexual content,Restricted ad serving,ca-pub-7784034061253020,1100,2024-11-27,2024-12-02
bali.tribunnews.com,Page,N/A,N/A,bali.tribunnews.com/2021/09/01/5-arti-mimpi-tentang-mandi-mimpi-melihat-orang-mandi-pertanda-kepuasan-seksual,No,Adult: Sexual content,Restricted ad serving,ca-pub-7784034061253020,1100,2024-11-27,2024-12-02
pekanbaru.tribunnews.com,Page,N/A,N/A,pekanbaru.tribunnews.com/2024/12/01/5-fakta-guru-di-kampar-ditemukan-tewas-diduga-dibunuh-leher-digorok-luka-bakar-di-tubuh?page=2,No,Shocking content,Restricted ad serving,ca-pub-7784034061253020,1100,2024-11-30,2024-12-02
kaltim.tribunnews.com,Page,N/A,N/A,kaltim.tribunnews.com/2023/06/06/dilarang-tayang-di-indonesia-5-anime-penuh-adegan-panas-18-tanpa-sensor?page=all,No,Adult: Sexual content,Restricted ad serving,ca-pub-7784034061253020,1100,2024-11-27,2024-12-02
belitung.tribunnews.com,Page,N/A,N/A,belitung.tribunnews.com/2024/12/02/wawancara-ekslusif-bujang-penderita-hiv-di-beltim-penyebab-cara-bertahan-hidup-dan-harapan?page=3,No,Adult: Sexual content,Restricted ad serving,ca-pub-7784034061253020,1100,2024-12-01,2024-12-02
trends.tribunnews.com,Page,N/A,N/A,trends.tribunnews.com/2024/11/12/rekaman-video-syur-mirip-lydia-onic-durasi-12-menit-13-detik-begini-awal-mula-viral-di-x-twitter,No,Adult: Sexual content,Restricted ad serving,ca-pub-7784034061253020,1100,2024-11-27,2024-12-02
style.tribunnews.com,Page,N/A,N/A,style.tribunnews.com/2023/02/08/5-anime-yang-penuh-dengan-adegan-panas-17-ada-yosuga-no-sora-waspada-bocil-dilarang-nonton,No,Adult: Sexual content,Restricted ad serving,ca-pub-7784034061253020,1100,2024-11-27,2024-12-02
jabar.tribunnews.com,Page,N/A,N/A,jabar.tribunnews.com/2024/12/02/bocah-pembunuh-ayah-dan-nenek-blak-blakan-mengapa-habisi-nyawa-keluarganya-dia-anak-tunggal?page=2,No,Adult: Sexual content,Restricted ad serving,ca-pub-7784034061253020,1100,2024-12-01,2024-12-03
belitung.tribunnews.com,Page,N/A,N/A,belitung.tribunnews.com/2024/11/30/pengakuan-asiah-ibu-korban-pembunuhan-istri-dan-anak-di-pangkapinang-pelaku-ditangkap,No,Adult: Sexual content,Restricted ad serving,ca-pub-7784034061253020,1100,2024-11-29,2024-12-02
palembang.tribunnews.com,Page,N/A,N/A,palembang.tribunnews.com/2017/11/20/bikin-geleng-geleng-10-wanita-ini-disebut-sebagai-bintang-film-panas-paling-tajir-di-dunia,No,Adult: Sexual content,Restricted ad serving,ca-pub-7784034061253020,1100,2024-11-27,2024-12-02
bangka.tribunnews.com,Page,N/A,N/A,bangka.tribunnews.com/2024/11/30/terbaru-suami-pembunuh-istri-dan-anaknya-di-pangkalpinang-sudah-tertangkap-motif-diduga-cemburu?page=4,No,Adult: Sexual content,Restricted ad serving,ca-pub-7784034061253020,1100,2024-11-29,2024-12-01
m.tribunnews.com,Page,N/A,N/A,m.tribunnews.com/regional/jawa-bali,No,Adult: Sexual content,Restricted ad serving,ca-pub-7784034061253020,1000,2024-12-02,2024-12-03
medan.tribunnews.com,Page,N/A,N/A,medan.tribunnews.com/2022/11/22/cara-memanjakan-mr-p-suami-menurut-seksolog-zoya-amirin,No,Adult: Sexual content,Restricted ad serving,ca-pub-7784034061253020,1000,2024-11-27,2024-12-02
aceh.tribunnews.com,Page,N/A,N/A,aceh.tribunnews.com/2021/06/16/suami-istri-adalah-muhrim-apakah-batal-wudhunya-jika-bersentuhan-kulit-simak-kata-uas-buya-yahya,No,Google-served ads obscuring content,Restricted ad serving,ca-pub-7784034061253020,1000,2024-11-27,2024-12-03
www.tribunnews.com,Page,N/A,N/A,www.tribunnews.com/regional/2024/11/26/siswa-smk-semarang-ditembak-mati-ramai-ramai-bantah-tuduhan-polisi-dia-anak-baik-bukan-gangster,No,Adult: Sexual content,Restricted ad serving,ca-pub-7784034061253020,1000,2024-11-27,2024-12-01
kaltim.tribunnews.com,Page,N/A,N/A,kaltim.tribunnews.com/2024/08/11/video-viral-erika-putri-dan-ojol-8-menit-blunder-masih-dicari-si-selebgram-respons-santai,No,Adult: Sexual content,Restricted ad serving,ca-pub-7784034061253020,1000,2024-11-27,2024-12-02
aceh.tribunnews.com,Page,N/A,N/A,aceh.tribunnews.com/2022/11/01/berhubungan-intim-lebih-dari-2-kali-sehari-berapa-kali-idealnya-begini-jawaban-seksolog-dr-boyke,No,Adult: Sexual content,Restricted ad serving,ca-pub-7784034061253020,1000,2024-11-27,2024-12-02
sumsel.tribunnews.com,Page,N/A,N/A,sumsel.tribunnews.com/2022/08/23/12-contoh-kesan-dan-pesan-untuk-guru-yang-akan-pindah-tugas-menyentuh-serta-penuh-haru,No,Shocking content,Restricted ad serving,ca-pub-7784034061253020,1000,2024-11-27,2024-12-02
medan.tribunnews.com,Page,N/A,N/A,medan.tribunnews.com/2024/12/03/akhir-hidup-mahasiswi-dihamili-pacar-dibunuh-dan-dibakar-saat-diajak-ke-tempat-aborsi,No,Shocking content,Restricted ad serving,ca-pub-7784034061253020,1000,2024-12-02,2024-12-03
aceh.tribunnews.com,Page,N/A,N/A,aceh.tribunnews.com/2024/06/24/cara-mengetahui-perempuan-masih-perawan-atau-tidak-apa-bisa-dilihat-dari-fisik-ini-kata-dr-boyke,No,Adult: Sexual content,Restricted ad serving,ca-pub-7784034061253020,988,2024-11-27,2024-12-02
trends.tribunnews.com,Page,N/A,N/A,trends.tribunnews.com/2023/12/07/apa-arti-pijat-plus-plus-istilah-viral-tiktok-sering-muncul-dalam-bahasa-gaul-ini-maknanya,No,Adult: Sexual content,Restricted ad serving,ca-pub-7784034061253020,959,2024-11-27,2024-12-02
www.tribunnews.com,Page,N/A,N/A,www.tribunnews.com/regional/2024/12/02/viral-foto-tubuh-manusia-di-bangkalan-hangus-terbakar-beredar-di-wag,No,Shocking content,Restricted ad serving,ca-pub-7784034061253020,956,2024-12-01,2024-12-02
www.tribunnews.com,Page,N/A,N/A,www.tribunnews.com/regional/2024/11/30/bunuh-istri-dan-anak-suami-di-pangkalpinang-ditangkap-pelaku-dirawat-di-rumah-sakit,No,Adult: Sexual content,Restricted ad serving,ca-pub-7784034061253020,953,2024-11-30,2024-12-02
wartakota.tribunnews.com,Page,N/A,N/A,wartakota.tribunnews.com/epaper/,No,Google-served ads obscuring content,Restricted ad serving,ca-pub-7784034061253020,953,2024-11-27,2024-12-03
bangka.tribunnews.com,Page,N/A,N/A,bangka.tribunnews.com/2016/08/27/ternyata-beginilah-cara-jin-meniduri-wanita-saat-tidur-ini-cara-mencegahnya,No,Shocking content,Restricted ad serving,ca-pub-7784034061253020,950,2024-11-27,2024-12-03
pekanbaru.tribunnews.com,Page,N/A,N/A,pekanbaru.tribunnews.com/2023/09/23/video-viral-kayes-viral-2-menit-dan-kayes-3-menit-masih-dicari-dan-link-disebar-di-twitter,No,Adult: Sexual content,Restricted ad serving,ca-pub-7784034061253020,945,2024-11-27,2024-12-02
bangka.tribunnews.com,Page,N/A,N/A,bangka.tribunnews.com/2024/12/02/motif-pembunuhan-istri-dan-anak-di-pangkalpinang-terungkap-pelaku-cemburu-dan-positif-narkoba?page=2,No,Adult: Sexual content,Restricted ad serving,ca-pub-7784034061253020,944,2024-12-02,2024-12-02
bangka.tribunnews.com,Page,N/A,N/A,bangka.tribunnews.com/2020/10/12/5-posisi-bercinta-agar-perempuan-raih-kepuasan-wot-hingga-sideways-straddle?page=all,No,Adult: Sexual content,Restricted ad serving,ca-pub-7784034061253020,930,2024-11-27,2024-12-02
medan.tribunnews.com,Page,N/A,N/A,medan.tribunnews.com/2017/12/20/7-artis-cantik-indonesia-dengan-payudara-terindah-2017-artis-idolamu-ada,No,Adult: Sexual content,Restricted ad serving,ca-pub-7784034061253020,929,2024-12-01,2024-12-02
belitung.tribunnews.com,Page,N/A,N/A,belitung.tribunnews.com/2024/12/02/riki-tersangka-pembunuh-istri-dan-anak-di-pangkalpinang-meninggal-tak-lama-usai-jumpa-pers-di-polda,No,Adult: Sexual content,Restricted ad serving,ca-pub-7784034061253020,925,2024-12-02,2024-12-02
www.tribunnews.com,Page,N/A,N/A,www.tribunnews.com/tribunners/2021/03/17/islam-kaffah-syariat-tarekat-hakikat-dan-marifat,No,Adult: Sexual content,Restricted ad serving,ca-pub-7784034061253020,922,2024-11-29,2024-12-01
flores.tribunnews.com,Page,N/A,N/A,flores.tribunnews.com/2024/11/30/ypps-crs-bantu-10-ton-beras-dan-100-tangki-air-di-lima-posko-lewotobi,No,Shocking content,Restricted ad serving,ca-pub-7784034061253020,904,2024-11-30,2024-12-01
jambi.tribunnews.com,Page,N/A,N/A,jambi.tribunnews.com/techno,No,Adult: Sexual content,Restricted ad serving,ca-pub-7784034061253020,903,2024-12-01,2024-12-02
www.tribunnews.com,Page,N/A,N/A,www.tribunnews.com/internasional/2024/11/29/brigade-al-qassam-gelar-operasi-penembakan-di-ariel-tepi-barat-sembilan-israel-roboh,No,Shocking content,Restricted ad serving,ca-pub-7784034061253020,897,2024-11-29,2024-12-01
surabaya.tribunnews.com,Page,N/A,N/A,surabaya.tribunnews.com/2024/12/02/sosok-mahasiswi-utm-yang-tewas-dibunuh-dan-dibakar-pacar-di-bangkalan-anak-tunggal-ayah-tuntut-ini?page=3,No,Shocking content,Restricted ad serving,ca-pub-7784034061253020,886,2024-12-02,2024-12-03
bali.tribunnews.com,Page,N/A,N/A,bali.tribunnews.com/2020/04/24/5-arti-mimpi-bercinta-dengan-rekan-kerja-hingga-teman-dekat-benarkah-pertanda-baik,No,Adult: Sexual content,Restricted ad serving,ca-pub-7784034061253020,886,2024-11-27,2024-12-02
www.tribunnews.com,Page,N/A,N/A,www.tribunnews.com/regional/2024/12/02/suami-yang-bunuh-istri-dan-anaknya-di-pangkalpinang-ditetapkan-jadi-tersangka,No,Adult: Sexual content,Restricted ad serving,ca-pub-7784034061253020,878,2024-12-01,2024-12-02
www.tribunnews.com,Page,N/A,N/A,www.tribunnews.com/regional/2024/12/02/sosok-tersangka-pelaku-pembunuhan-istri-anak-riki-suami-pencemburu-polisi-masih-dalami-motifnya,No,Adult: Sexual content,Restricted ad serving,ca-pub-7784034061253020,873,2024-12-01,2024-12-02
surabaya.tribunnews.com,Page,N/A,N/A,surabaya.tribunnews.com/2020/11/10/lirik-dan-arti-sholawat-law-kana-bainanal-habib,No,Google-served ads obscuring content,Restricted ad serving,ca-pub-7784034061253020,870,2024-11-27,2024-12-03
jogja.tribunnews.com,Page,N/A,N/A,jogja.tribunnews.com/2023/05/27/13-arti-mimpi-ejakulasi-dan-orgasme-menurut-primbon-jawa-mengacu-pada-perasaan-tertekan,No,Adult: Sexual content,Restricted ad serving,ca-pub-7784034061253020,860,2024-11-27,2024-12-02
jambi.tribunnews.com,Page,N/A,N/A,jambi.tribunnews.com/2020/10/31/obat-kuat-bawang-putih-campuran-kopi-hitam-dan-madu-hingga-jahe-campur-madu,Yes,Ads Disguised as Content;Adult: Sexual content,Restricted ad serving,ca-pub-7784034061253020,859,2024-11-27,2024-12-02
medan.tribunnews.com,Page,N/A,N/A,medan.tribunnews.com/2024/12/02/bayi-berusia-dua-hari-disiksa-pengasuhnya-secara-brutal-pelaku-melarikan-diri-setelah-ketahuan,No,Shocking content,Restricted ad serving,ca-pub-7784034061253020,857,2024-12-01,2024-12-02
pekanbaru.tribunnews.com,Page,N/A,N/A,pekanbaru.tribunnews.com/2024/12/01/5-fakta-guru-di-kampar-ditemukan-tewas-diduga-dibunuh-leher-digorok-luka-bakar-di-tubuh?page=3,No,Shocking content,Restricted ad serving,ca-pub-7784034061253020,855,2024-11-30,2024-12-02
www.tribunnews.com,Page,N/A,N/A,www.tribunnews.com/regional/2024/12/03/mahasiswi-hamil-di-bangkalan-dibunuh-pacar-lalu-jasadnya-dibakar-rektor-minta-pelaku-dihukum-berat,No,Shocking content,Restricted ad serving,ca-pub-7784034061253020,848,2024-12-02,2024-12-02
aceh.tribunnews.com,Page,N/A,N/A,aceh.tribunnews.com/2024/06/29/dr-boyke-ungkap-cara-mengetahui-perempuan-masih-perawan-atau-tidak-apa-bisa-dilihat-dari-fisik,No,Adult: Sexual content,Restricted ad serving,ca-pub-7784034061253020,847,2024-11-27,2024-12-02
palembang.tribunnews.com,Page,N/A,N/A,palembang.tribunnews.com/2016/06/15/tidak-disetujui-nikah-dini-saya-sering-gituan-dengan-jari-tangan-bolehkah,No,Adult: Sexual content,Restricted ad serving,ca-pub-7784034061253020,845,2024-11-27,2024-12-03
kupang.tribunnews.com,Page,N/A,N/A,kupang.tribunnews.com/2015/04/22/banyak-jasa-layanan-pijat-yang-plus-plus-berikut-ini-ciri-cirinya,No,Adult: Sexual content,Restricted ad serving,ca-pub-7784034061253020,844,2024-11-27,2024-12-02
pekanbaru.tribunnews.com,Page,N/A,N/A,pekanbaru.tribunnews.com/2024/11/30/tragis-guru-di-kampar-riau-tewas-digorok-dan-dibakar-di-saat-istrinya-sedang-pulang-kampung?page=3,No,Shocking content,Restricted ad serving,ca-pub-7784034061253020,836,2024-12-01,2024-12-02
pekanbaru.tribunnews.com,Page,N/A,N/A,pekanbaru.tribunnews.com/2024/11/30/tragis-guru-di-kampar-riau-tewas-digorok-dan-dibakar-di-saat-istrinya-sedang-pulang-kampung,No,Shocking content,Restricted ad serving,ca-pub-7784034061253020,835,2024-12-02,2024-12-02
www.tribunnews.com,Page,N/A,N/A,www.tribunnews.com/seleb/2022/09/16/lirik-lagu-kutukan-mantan-alx-studio-tidur-malam-minum-es-teh-satu-gelas,Yes,Ads Disguised as Content,Restricted ad serving,ca-pub-7784034061253020,834,2024-11-27,2024-12-03
m.tribunnews.com,Page,N/A,N/A,m.tribunnews.com/regional/2024/12/02/kronologis-mahasiswi-dibunuh-dan-dibakar-pacar-di-bangkalan-sosok-pelaku-diungkap-pihak-kampus?page=3,No,Shocking content,Restricted ad serving,ca-pub-7784034061253020,833,2024-12-02,2024-12-02
sultra.tribunnews.com,Page,N/A,N/A,sultra.tribunnews.com/2023/02/20/video-erika-viral-di-tiktok-prank-ojol-full-1-menit-31-detik-awalnya-masuk-rumah-lalu-kamar-mandi,No,Adult: Sexual content,Restricted ad serving,ca-pub-7784034061253020,832,2024-11-27,2024-12-02
medan.tribunnews.com,Page,N/A,N/A,medan.tribunnews.com/2024/11/17/nasib-karlina-istri-ivan-sugianto-usai-suami-dipenjara-paksa-siswa-menggonggong-kini-kena-mental,No,Shocking content,Restricted ad serving,ca-pub-7784034061253020,816,2024-11-27,2024-12-02
aceh.tribunnews.com,Page,N/A,N/A,aceh.tribunnews.com/2024/08/30/benarkah-bentuk-penis-yang-bengkok-lebih-memuaskan-pasangan-ini-jawaban-dr-boyke,No,Adult: Sexual content,Restricted ad serving,ca-pub-7784034061253020,814,2024-11-27,2024-12-02
makassar.tribunnews.com,Page,N/A,N/A,makassar.tribunnews.com/2021/07/20/cara-mudah-perbesar-ukuran-kejantanan-pria-dengan-daun-jarak-hasil-maksimal-harus-rutin-terapi,No,Adult: Sexual content,Restricted ad serving,ca-pub-7784034061253020,795,2024-11-27,2024-12-02
m.tribunnews.com,Page,N/A,N/A,m.tribunnews.com/regional/2024/11/30/tampang-pelaku-pembunuhan-istri-dan-anak-di-pangkalpinang-dibawa-ke-rumah-sakit-usai-ditangkap?page=2,No,Adult: Sexual content,Restricted ad serving,ca-pub-7784034061253020,792,2024-11-29,2024-12-01
aceh.tribunnews.com,Page,N/A,N/A,aceh.tribunnews.com/2022/12/01/buya-yahya-beberkan-tips-puaskan-suami-saat-istri-dalam-keadaan-haid,No,Adult: Sexual content,Restricted ad serving,ca-pub-7784034061253020,792,2024-11-27,2024-12-02
aceh.tribunnews.com,Page,N/A,N/A,aceh.tribunnews.com/2024/12/01/hamas-rilis-video-sandera-israel-as-di-gaza-memohon-trump-membebaskannya-ini-reaksi-netanyahu,No,Shocking content,Restricted ad serving,ca-pub-7784034061253020,781,2024-12-01,2024-12-01
www.tribunnews.com,Page,N/A,N/A,www.tribunnews.com/regional/2024/12/02/pengakuan-pria-disabilitas-yang-jadi-tersangka-rudapaksa-agus-jelaskan-apa-yang-terjadi-di-homestay?page=4,No,Adult: Sexual content,Restricted ad serving,ca-pub-7784034061253020,775,2024-12-01,2024-12-02
belitung.tribunnews.com,Page,N/A,N/A,belitung.tribunnews.com/2016/10/02/memiliki-paras-cantik-9-wanita-ini-malah-terjun-jadi-bintang-film-porno,No,Adult: Sexual content,Restricted ad serving,ca-pub-7784034061253020,774,2024-11-27,2024-12-02
www.tribunnews.com,Page,N/A,N/A,www.tribunnews.com/regional/2024/12/03/kagetnya-pembeli-lihat-aipda-nikson-bunuh-ibu-kandung-di-warung-langsung-takut-dan-lari?page=3,No,Adult: Sexual content,Restricted ad serving,ca-pub-7784034061253020,771,2024-12-02,2024-12-02
m.tribunnews.com,Page,N/A,N/A,m.tribunnews.com/regional/sumatera,No,Adult: Sexual content,Restricted ad serving,ca-pub-7784034061253020,768,2024-11-30,2024-12-02
sumsel.tribunnews.com,Page,N/A,N/A,sumsel.tribunnews.com/2021/07/06/arti-kata-bullshit-dalam-bahasa-gaul-yang-populer-di-media-sosial-ternyata-ini-pengertiannya,Yes,Content obscuring Google-served ads;Encouraging accidental clicks: Layout,Restricted ad serving,ca-pub-7784034061253020,767,2024-11-27,2024-12-02
medan.tribunnews.com,Page,N/A,N/A,medan.tribunnews.com/2024/12/01/sosok-heri-saragih-guru-di-riau-jasadnya-ditemukan-dibakar-dengan-sepeda-motornya-leher-digorok,No,Shocking content,Restricted ad serving,ca-pub-7784034061253020,759,2024-12-01,2024-12-02
jambi.tribunnews.com,Page,N/A,N/A,jambi.tribunnews.com/2018/02/22/2-kategori-dan-49-istilah-yang-sering-digunakan-di-film-biru?page=all,No,Adult: Sexual content,Restricted ad serving,ca-pub-7784034061253020,751,2024-11-27,2024-12-02
belitung.tribunnews.com,Page,N/A,N/A,belitung.tribunnews.com/2018/05/28/6-ciri-wanita-sudah-tak-perawan-mulai-hidung-mata-payudara-hingga-bentuk-perut,No,Adult: Sexual content,Restricted ad serving,ca-pub-7784034061253020,748,2024-11-27,2024-12-02
www.tribunnews.com,Page,N/A,N/A,www.tribunnews.com/regional/2024/12/02/psikolog-forensik-bicara-soal-kasus-anak-bunuh-ayah-nenek-di-lebak-bulus-5-hal-ini-perlu-ditelaah,No,Adult: Sexual content,Restricted ad serving,ca-pub-7784034061253020,746,2024-12-01,2024-12-01
jabar.tribunnews.com,Page,N/A,N/A,jabar.tribunnews.com/2024/12/02/kesaksian-guru-sebelum-insiden-remaja-bunuh-ayah-dan-neneknya-di-jaksel-singgung-ambisi-sang-ibunda?page=3,No,Adult: Sexual content,Restricted ad serving,ca-pub-7784034061253020,743,2024-12-02,2024-12-02
medan.tribunnews.com,Page,N/A,N/A,medan.tribunnews.com/2022/04/02/motif-ayu-dewanti-kerap-rekam-dirinya-tanpa-busana-dan-hubungan-intim-lalu-diunggah-ke-media-sosial,No,Adult: Sexual content,Restricted ad serving,ca-pub-7784034061253020,740,2024-11-27,2024-12-02
www.tribunnews.com,Page,N/A,N/A,www.tribunnews.com/lifestyle/2017/12/19/11-negara-dengan-pria-tampan-dan-wanita-cantik-di-dunia-indonesia-masuk-nggak-ya,Yes,Site Behavior: Navigation,Restricted ad serving,ca-pub-7784034061253020,738,2024-11-28,2024-12-01
madura.tribunnews.com,Page,N/A,N/A,madura.tribunnews.com/2024/12/02/5-fakta-mahasiswi-utm-bangkalan-dibunuh-pacar-jasad-dibakar-sempat-cekcok-soal-gugurkan-kandungan?page=2,No,Shocking content,Restricted ad serving,ca-pub-7784034061253020,732,2024-12-02,2024-12-02
medan.tribunnews.com,Page,N/A,N/A,medan.tribunnews.com/2022/04/24/video-syurnya-bikin-geger-tahun-2010-lalu-artis-luna-maya-akhirnya-bongkar-tabiat-minor-ariel-noah,Yes,Ads Disguised as Content,Restricted ad serving,ca-pub-7784034061253020,731,2024-11-27,2024-12-02
bangka.tribunnews.com,Page,N/A,N/A,bangka.tribunnews.com/2020/01/06/tips-latihan-dan-senam-kegel-bakal-buat-wanita-maksimal-dan-nyaman-di-ranjang-begini-caranya?page=all,No,Adult: Sexual content,Restricted ad serving,ca-pub-7784034061253020,731,2024-11-27,2024-12-02
jogja.tribunnews.com,Page,N/A,N/A,jogja.tribunnews.com/2022/07/20/kisah-idol-k-pop-chae-seung-ha-mantan-anggota-girlband-baba-kini-jadi-aktris-film-dewasa,Yes,Ads Disguised as Content,Restricted ad serving,ca-pub-7784034061253020;ca-video-pub-7784034061253020,729,2024-11-27,2024-12-02
bangka.tribunnews.com,Page,N/A,N/A,bangka.tribunnews.com/2017/09/26/video-cewek-cantik-dieksekusi-beredar-begini-seramnya-hukuman-tembak-mati,No,Shocking content,Restricted ad serving,ca-pub-7784034061253020,725,2024-11-29,2024-12-02
wartakota.tribunnews.com,Page,N/A,N/A,wartakota.tribunnews.com/2020/10/21/ternyata-ini-arti-mimpi-berhubungan-intim-dengan-banyak-orang,Yes,Ads Disguised as Content;Adult: Sexual content,Restricted ad serving,ca-pub-7784034061253020,724,2024-11-27,2024-12-02
bangka.tribunnews.com,Page,N/A,N/A,bangka.tribunnews.com/2024/12/02/tersangka-pembunuhan-istri-dan-anak-di-pangkalpinang-meninggal-di-rs-bhayangkara-sempat-minum-racun?page=2,No,Adult: Sexual content,Restricted ad serving,ca-pub-7784034061253020,723,2024-12-02,2024-12-02
pekanbaru.tribunnews.com,Page,N/A,N/A,pekanbaru.tribunnews.com/2022/03/18/7-artis-cantik-korea-ini-pernah-berhubungan-badan-tanpa-sensor-aktor-yang-melayani-sangat-nikmat,No,Adult: Sexual content,Restricted ad serving,ca-pub-7784034061253020,718,2024-11-27,2024-12-02
www.tribunnews.com,Page,N/A,N/A,www.tribunnews.com/regional/2024/12/02/ini-identitas-19-korban-kecelakaan-maut-di-megamendung-bogor-mayoritas-warga-tambora-jakbar?page=2,No,Adult: Sexual content,Restricted ad serving,ca-pub-7784034061253020,715,2024-12-02,2024-12-02
aceh.tribunnews.com,Page,N/A,N/A,aceh.tribunnews.com/2021/06/10/lafazkan-doa-ini-agar-tahan-lama-di-ranjang-dibaca-sebelum-berhubungan-suami-istri,No,Adult: Sexual content,Restricted ad serving,ca-pub-7784034061253020,714,2024-11-27,2024-12-02
jatim.tribunnews.com,Page,N/A,N/A,jatim.tribunnews.com/2024/11/17/breaking-news-sampang-mencekam-seorang-pria-dikeroyok-segerombolan-orang-pakai-celurit?source=kgnotif_1,No,Shocking content,Restricted ad serving,ca-pub-7784034061253020,707,2024-11-27,2024-12-02
jateng.tribunnews.com,Page,N/A,N/A,jateng.tribunnews.com/2022/03/12/tsubomi-artis-film-jepang-jav-hamil-seusai-main-dengan-aktor-pria-tanpa-pengaman?page=all,No,Adult: Sexual content,Restricted ad serving,ca-pub-7784034061253020,707,2024-11-27,2024-12-02
www.tribunnews.com,Page,N/A,N/A,www.tribunnews.com/regional/2024/11/22/dokter-ja-ngaku-diteror-usai-laporkan-istri-selingkuh-dengan-mantan-dandim-makassar-rumah-digembok,No,Adult: Sexual content,Restricted ad serving,ca-pub-7784034061253020,706,2024-11-27,2024-12-02
aceh.tribunnews.com,Page,N/A,N/A,aceh.tribunnews.com/2022/11/21/sudah-menikah-tapi-masih-sering-masturbasi-normalkah-begini-jawaban-seksolog-dr-boyke,No,Adult: Sexual content,Restricted ad serving,ca-pub-7784034061253020,706,2024-11-27,2024-12-02
www.tribunnews.com,Page,N/A,N/A,www.tribunnews.com/regional/2024/12/02/pengakuan-pria-disabilitas-yang-jadi-tersangka-rudapaksa-agus-jelaskan-apa-yang-terjadi-di-homestay?page=2,No,Adult: Sexual content,Restricted ad serving,ca-pub-7784034061253020,704,2024-12-01,2024-12-02
m.tribunnews.com,Page,N/A,N/A,m.tribunnews.com/regional/2024/12/02/breaking-news-sempat-dihadirkan-saat-konferensi-pers-tersangka-pembunuhan-istri-anak-meninggal?page=3,No,Adult: Sexual content,Restricted ad serving,ca-pub-7784034061253020,700,2024-12-02,2024-12-02
makassar.tribunnews.com,Page,N/A,N/A,makassar.tribunnews.com/2022/11/02/enam-ciri-ciri-fisik-perempuan-jika-tak-lagi-perawan-bisa-ketahuan-dilihat-dari-jarak-jauh,No,Adult: Sexual content,Restricted ad serving,ca-pub-7784034061253020,698,2024-11-27,2024-12-01
belitung.tribunnews.com,Page,N/A,N/A,belitung.tribunnews.com/2024/12/02/rekaman-video-41-detik-aipda-robig-tembak-mati-siswa-smkn-4-semarang-bocor-pelaku-sempoyongan,No,Adult: Sexual content,Restricted ad serving,ca-pub-7784034061253020,698,2024-12-02,2024-12-02
bangka.tribunnews.com,Page,N/A,N/A,bangka.tribunnews.com/?lgn_method=google&google_btn=onetap,No,Adult: Sexual content,Restricted ad serving,ca-pub-7784034061253020,697,2024-12-01,2024-12-02
bangka.tribunnews.com,Page,N/A,N/A,bangka.tribunnews.com/2024/12/02/breaking-news-polda-babel-sore-ini-bakal-gelar-konferensi-pers-kasus-pembunuhan-ibu-dan-anak,No,Adult: Sexual content,Restricted ad serving,ca-pub-7784034061253020,693,2024-12-01,2024-12-02
belitung.tribunnews.com,Page,N/A,N/A,belitung.tribunnews.com/2024/12/02/riki-tersangka-pembunuh-istri-dan-anak-di-pangkalpinang-meninggal-tak-lama-usai-jumpa-pers-di-polda?page=3,No,Adult: Sexual content,Restricted ad serving,ca-pub-7784034061253020,692,2024-12-02,2024-12-02
www.tribunnews.com,Page,N/A,N/A,www.tribunnews.com/regional/2024/12/02/ini-identitas-19-korban-kecelakaan-maut-di-megamendung-bogor-mayoritas-warga-tambora-jakbar?page=3,No,Adult: Sexual content,Restricted ad serving,ca-pub-7784034061253020,691,2024-12-01,2024-12-02
m.tribunnews.com,Page,N/A,N/A,m.tribunnews.com/internasional/2024/11/29/brigade-al-qassam-gelar-operasi-penembakan-di-ariel-tepi-barat-sembilan-israel-roboh?page=2,No,Shocking content,Restricted ad serving,ca-pub-7784034061253020,688,2024-11-29,2024-12-01
pekanbaru.tribunnews.com,Page,N/A,N/A,pekanbaru.tribunnews.com/2023/09/04/link-video-viral-artis-malaysia-ms-puiyi-onlyfans-beredar-di-twitter,No,Adult: Sexual content,Restricted ad serving,ca-pub-7784034061253020,686,2024-11-27,2024-12-02
pekanbaru.tribunnews.com,Page,N/A,N/A,pekanbaru.tribunnews.com/2023/06/02/arti-bbw-dalam-bahasa-gaul-digunakan-khusus-untuk-cewek,No,Google-served ads obscuring content,Restricted ad serving,ca-pub-7784034061253020,683,2024-11-27,2024-12-03
banjarmasin.tribunnews.com,Page,N/A,N/A,banjarmasin.tribunnews.com/2015/05/30/inilah-yang-terjadi-pada-pria-saat-terangsang,No,Adult: Sexual content,Restricted ad serving,ca-pub-7784034061253020,683,2024-11-27,2024-12-03
m.tribunnews.com,Page,N/A,N/A,m.tribunnews.com/regional/2024/12/02/kronologis-mahasiswi-dibunuh-dan-dibakar-pacar-di-bangkalan-sosok-pelaku-diungkap-pihak-kampus?page=2,No,Shocking content,Restricted ad serving,ca-pub-7784034061253020,682,2024-12-02,2024-12-02
bangka.tribunnews.com,Page,N/A,N/A,bangka.tribunnews.com/2024/12/02/tersangka-pembunuhan-istri-dan-anak-di-pangkalpinang-meninggal-di-rs-bhayangkara-sempat-minum-racun?page=3,No,Adult: Sexual content,Restricted ad serving,ca-pub-7784034061253020,681,2024-12-02,2024-12-02
jogja.tribunnews.com,Page,N/A,N/A,jogja.tribunnews.com/2023/05/07/lirik-lagu-dan-terjemahan-snooze-sza-viral-tiktok-i-cant-lose-when-im-with-you-how-can-i-snooze,No,Adult: Sexual content,Restricted ad serving,ca-pub-7784034061253020,677,2024-11-27,2024-12-02
makassar.tribunnews.com,Page,N/A,N/A,makassar.tribunnews.com/2019/10/11/karena-sudah-keseringan-adik-kandung-ajak-duluan-kakak-berhubungan-badan-layaknya-suami-istri,No,Adult: Sexual content,Restricted ad serving,ca-pub-7784034061253020,674,2024-11-27,2024-12-02
bekasi.tribunnews.com,Page,N/A,N/A,bekasi.tribunnews.com/2022/10/04/berikut-ini-121-film-jepang-khusus-dewasa-terbaru-2022-beresolusi-hd-durasinya-hingga-dua-jam-lebih,No,Adult: Sexual content,Restricted ad serving,ca-pub-7784034061253020,673,2024-11-27,2024-12-01
surabaya.tribunnews.com,Page,N/A,N/A,surabaya.tribunnews.com/404,Yes,Google-served ads on screens without publisher-content,Restricted ad serving,ca-pub-7784034061253020,669,2024-11-27,2024-12-02
www.tribunnewswiki.com,Page,N/A,N/A,www.tribunnewswiki.com/2020/11/07/viral-video-syur-mirip-gisel-beredar-di-internet-mama-gempi-belum-beri-klarifikasi,Yes,Ads Disguised as Content,Restricted ad serving,ca-pub-7784034061253020,664,2024-11-27,2024-12-03
pekanbaru.tribunnews.com,Page,N/A,N/A,pekanbaru.tribunnews.com/2023/10/20/video-viral-kakak-adik-16-menit-44-detik-dicari-link-video-disebar-di-twitter,No,Adult: Sexual content,Restricted ad serving,ca-pub-7784034061253020,660,2024-11-27,2024-12-02
bangka.tribunnews.com,Page,N/A,N/A,bangka.tribunnews.com/2021/09/03/heboh-video-gisel-cuma-13-detik-ditonton-20-juta-kali-gisel-masih-bisa-ternyata,Yes,Ads Disguised as Content,Restricted ad serving,ca-pub-7784034061253020,646,2024-12-02,2024-12-02
medan.tribunnews.com,Page,N/A,N/A,medan.tribunnews.com/2023/01/16/4-tips-masturbasi-yang-aman-jangan-pakai-sabun-bolong-simak-penjelasan-seksolog-dr-dina,No,Adult: Sexual content,Restricted ad serving,ca-pub-7784034061253020,644,2024-11-27,2024-12-02
jogja.tribunnews.com,Page,N/A,N/A,jogja.tribunnews.com/2016/10/22/mengapa-disebut-blue-film-ini-sejarahnya,No,Google-served ads obscuring content,Restricted ad serving,ca-pub-7784034061253020,644,2024-11-27,2024-12-02
bangka.tribunnews.com,Page,N/A,N/A,bangka.tribunnews.com/2022/02/18/viral-resep-kuat-di-ranjang-pakai-bawang-putih-bakar-dan-madu-begini-penjelasan-dr-dina-oktaviani,No,Adult: Sexual content,Restricted ad serving,ca-pub-7784034061253020,642,2024-11-27,2024-12-02
medan.tribunnews.com,Page,N/A,N/A,medan.tribunnews.com/medan-berkah,No,Adult: Sexual content,Restricted ad serving,ca-pub-7784034061253020,641,2024-12-01,2024-12-02
bekasi.tribunnews.com,Page,N/A,N/A,bekasi.tribunnews.com/2022/10/23/kumpulan-film-jepang-khusus-dewasa-subtitle-indonesia-resolusi-hd-dan-durasi-dua-jam-ini-daftarnya,Yes,Ads Disguised as Content;Adult: Sexual content,Restricted ad serving,ca-pub-7784034061253020,640,2024-11-27,2024-12-02
wartakota.tribunnews.com,Page,N/A,N/A,wartakota.tribunnews.com/2020/11/07/link-download-video-full-gisel-viral-di-medsos-jadi-buruan-warganet-di-twitter-dan-telegram,Yes,Ads Disguised as Content;Adult: Sexual content,Restricted ad serving,ca-pub-7784034061253020,637,2024-11-27,2024-12-02
palembang.tribunnews.com,Page,N/A,N/A,palembang.tribunnews.com/2018/04/15/mengerikan-10-macam-siksaan-api-neraka-ini-merupakan-azab-bagi-orang-yang-berbuat-dosa,No,Shocking content,Restricted ad serving,ca-pub-7784034061253020,637,2024-11-27,2024-12-02
banten.tribunnews.com,Page,N/A,N/A,banten.tribunnews.com/2024/11/10/link-terbaru-video-mesum-mirip-lydia-onic-durasi-12-menit-13-detik-berikut-ini-sosoknya,No,Adult: Sexual content,Restricted ad serving,ca-pub-7784034061253020,637,2024-11-27,2024-12-01
manado.tribunnews.com,Page,N/A,N/A,manado.tribunnews.com/2019/07/24/ternyata-status-whatsapp-kamu-tersimpan-di-folder-ini-bisa-buka-kapan-saja-begini-caranya,No,Google-served ads obscuring content,Restricted ad serving,ca-pub-7784034061253020,634,2024-11-27,2024-12-02
bengkulu.tribunnews.com,Page,N/A,N/A,bengkulu.tribunnews.com/2022/08/30/film-dewasa-terbaik-di-idlix-khusus-18-nonton-streaming-gratis-ternyata-ada-film-indonesia,No,Adult: Sexual content,Restricted ad serving,ca-pub-7784034061253020,633,2024-11-27,2024-12-02
banjarmasin.tribunnews.com,Page,N/A,N/A,banjarmasin.tribunnews.com/2022/08/23/tak-usah-risau-alami-disfungsi-ereksi-dr-zaidul-akbar-bongkar-resep-ampuh-herbal,Yes,Ads Disguised as Content,Restricted ad serving,ca-pub-7784034061253020,631,2024-11-27,2024-12-03
bangka.tribunnews.com,Page,N/A,N/A,bangka.tribunnews.com/2024/12/03/ngeri-pria-ini-ikut-main-judi-online-teman-temannya-tak-tahu-modalnya-dari-bunuh-istri-dan-anak?page=2,No,Adult: Sexual content,Restricted ad serving,ca-pub-7784034061253020,623,2024-12-02,2024-12-03
trends.tribunnews.com,Page,N/A,N/A,trends.tribunnews.com/2024/03/31/apa-arti-creampie-istilah-viral-tiktok-bukan-makanan-tapi-kosakata-dewasa-jangan-sembarang-diucap,No,Adult: Sexual content,Restricted ad serving,ca-pub-7784034061253020,620,2024-11-27,2024-12-02
aceh.tribunnews.com,Page,N/A,N/A,aceh.tribunnews.com/2023/01/23/seksolog-dr-boyke-beri-tips-cara-memuaskan-pasangan-saat-berhubungan-intim-singgung-bermacam-gaya,No,Adult: Sexual content,Restricted ad serving,ca-pub-7784034061253020,619,2024-11-27,2024-12-02
banjarmasin.tribunnews.com,Page,N/A,N/A,banjarmasin.tribunnews.com/2024/12/01/aksi-sekelompok-anak-di-bawah-umur-di-jakarta-lakukan-tawuran-saling-serang-pakai-sajam-bikin-resah,No,Shocking content,Restricted ad serving,ca-pub-7784034061253020,618,2024-11-30,2024-12-01
bekasi.tribunnews.com,Page,N/A,N/A,bekasi.tribunnews.com/2022/12/06/deretan-film-jepang-terbaru-khusus-penonton-berusia-dewasa-berbahasa-indonesia-hingga-beresolusi-hd,Yes,Encouraging accidental clicks: Layout,Restricted ad serving,ca-pub-7784034061253020,616,2024-11-27,2024-12-02
pontianak.tribunnews.com,Page,N/A,N/A,pontianak.tribunnews.com/404,Yes,Google-served ads on screens without publisher-content,Restricted ad serving,ca-pub-7784034061253020,607,2024-11-27,2024-12-02
m.tribunnews.com,Page,N/A,N/A,m.tribunnews.com/regional/2024/12/01/guru-heri-aprianus-tewas-di-kampar-riau-jasad-korban-dibakar-pembunuh-masih-misterius,No,Adult: Sexual content,Restricted ad serving,ca-pub-7784034061253020,601,2024-12-02,2024-12-02
bekasi.tribunnews.com,Page,N/A,N/A,bekasi.tribunnews.com/2022/10/05/film-jepang-terbaru-2022-yang-hanya-boleh-disaksikan-untuk-penonton-usia-18-tahun-ke-atas-apa-saja?page=all,No,Adult: Sexual content,Restricted ad serving,ca-pub-7784034061253020,600,2024-11-27,2024-12-02
pekanbaru.tribunnews.com,Page,N/A,N/A,pekanbaru.tribunnews.com/2021/08/21/apa-arti-amunisi-dalam-bahasa-gaul-bukan-soal-senjata-ini-amunisi-artinya-bahasa-gaul,No,Google-served ads obscuring content,Restricted ad serving,ca-pub-7784034061253020,595,2024-11-27,2024-12-03
m.tribunnews.com,Page,N/A,N/A,m.tribunnews.com/regional/2024/11/30/bunuh-istri-dan-anak-suami-di-pangkalpinang-ditangkap-pelaku-dirawat-di-rumah-sakit?page=2,No,Adult: Sexual content,Restricted ad serving,ca-pub-7784034061253020,595,2024-11-30,2024-12-02
style.tribunnews.com,Page,N/A,N/A,style.tribunnews.com/2023/01/02/5-anime-penuh-adegan-panas-18-dilarang-tayang-di-indonesia-ada-school-days-kiss-x-sis,No,Adult: Sexual content,Restricted ad serving,ca-pub-7784034061253020,591,2024-11-27,2024-12-02
sulbar.tribunnews.com,Page,N/A,N/A,sulbar.tribunnews.com/2023/02/13/nesya-viral-trending-di-twitter-video-adegan-wikwik-gadis-18-tahun-no-sensor-link-dicari-nitizen,No,Adult: Sexual content,Restricted ad serving,ca-pub-7784034061253020,590,2024-12-01,2024-12-01
batam.tribunnews.com,Page,N/A,N/A,batam.tribunnews.com/2024/11/30/guru-di-kampar-riau-dibunuh-lehernya-digorok-dan-dibakar-polisi-lakukan-pengembangan,No,Shocking content,Restricted ad serving,ca-pub-7784034061253020,587,2024-11-30,2024-12-01
medan.tribunnews.com,Page,N/A,N/A,medan.tribunnews.com/2020/03/17/gas-beracun-diduga-dari-pt-sol-masih-dibiarkan-warga-minta-anggota-dewan-jangan-pura-pura-buta,No,Shocking content,Restricted ad serving,ca-pub-7784034061253020,585,2024-12-01,2024-12-02
jabar.tribunnews.com,Page,N/A,N/A,jabar.tribunnews.com/2024/12/02/pelaku-pembunuhan-ibu-dan-anak-di-pangkalpinang-diringkus-ternyata-suami-korban-dikenal-cemburuan?source=widgetArtikelRekomendasi&engine=JXA,No,Adult: Sexual content,Restricted ad serving,ca-pub-7784034061253020,585,2024-12-01,2024-12-01
kaltim.tribunnews.com,Page,N/A,N/A,kaltim.tribunnews.com/404,Yes,Google-served ads on screens without publisher-content,Restricted ad serving,ca-pub-7784034061253020,584,2024-11-27,2024-12-02
jambi.tribunnews.com,Page,N/A,N/A,jambi.tribunnews.com/2019/10/02/berikut-foto-30-gadis-jepang-yang-sering-pamerkan-bagian-dalam-tubuhnya-meski-pakai-baju-transparan,No,Adult: Sexual content,Restricted ad serving,ca-pub-7784034061253020,583,2024-11-27,2024-12-03
bogor.tribunnews.com,Page,N/A,N/A,bogor.tribunnews.com/2021/12/09/arti-mimpi-berhubungan-badan-dengan-selingkuhan-ternyata-ada-2-tafsir-pertanda-baik-atau-buruk,No,Adult: Sexual content,Restricted ad serving,ca-pub-7784034061253020,581,2024-11-27,2024-12-02
medan.tribunnews.com,Page,N/A,N/A,medan.tribunnews.com/2024/10/16/pilu-agus-kini-divonis-buta-permanen-uang-donasi-rp15-m-kontroversi-hingga-warganet-minta-kembali?page=2,No,Shocking content,Restricted ad serving,ca-pub-7784034061253020,579,2024-11-27,2024-12-02
www.tribunnews.com,Page,N/A,N/A,www.tribunnews.com/kesehatan/2021/07/16/manfaat-minyak-zaitun-untuk-pria-benarkah-bisa-memperbesar-alat-vital-ahli-beberkan-faktanya,Yes,Ads Disguised as Content;Adult: Sexual content,Restricted ad serving,ca-pub-7784034061253020,577,2024-11-27,2024-12-02
www.tribunnews.com,Page,N/A,N/A,www.tribunnews.com/kesehatan/2021/02/26/mitos-atau-fakta-perempuan-usia-40-tahun-lebih-agresif-berhubungan-intim-begini-kata-dokter,No,Adult: Sexual content,Restricted ad serving,ca-pub-7784034061253020,575,2024-11-27,2024-12-02
banjarmasin.tribunnews.com,Page,N/A,N/A,banjarmasin.tribunnews.com/kalsel/tapin,No,Google-served ads obscuring content,Restricted ad serving,ca-pub-7784034061253020,573,2024-11-27,2024-12-02
madura.tribunnews.com,Page,N/A,N/A,madura.tribunnews.com/2023/07/05/daftar-harga-rokok-filter-di-indomaret-l-a-rokok-filter-ice-purple-rp-30-ribu-clas-mild-rp-21-ribu,No,Tobacco,Restricted ad serving,ca-pub-7784034061253020,567,2024-11-27,2024-12-02
bekasi.tribunnews.com,Page,N/A,N/A,bekasi.tribunnews.com/2024/12/02/kasus-pembunuhan-di-cileungsi-bogor-pelaku-oknum-anggota-polisi-hajar-ibunya-pakai-tabung-gas-3-kg,No,Shocking content,Restricted ad serving,ca-pub-7784034061253020,567,2024-12-02,2024-12-02
style.tribunnews.com,Page,N/A,N/A,style.tribunnews.com/2017/08/22/4-anime-dewasa-yang-tidak-boleh-ditonton-anak-kecil-awas-banyak-adegan-erotisnya?page=all,No,Adult: Sexual content,Restricted ad serving,ca-pub-7784034061253020,566,2024-11-27,2024-12-02
jatim.tribunnews.com,Page,N/A,N/A,jatim.tribunnews.com/2024/12/02/niat-suami-siapkan-golok-untuk-bacok-selingkuhan-pasangan-malah-berujung-tikam-istri-sendiri,No,Shocking content,Restricted ad serving,ca-pub-7784034061253020,565,2024-12-02,2024-12-03
lampung.tribunnews.com,Page,N/A,N/A,lampung.tribunnews.com/2016/02/08/video-benjolan-membengkak-di-dada-meledak-usai-diremas,Yes,Site Behavior: Navigation,Restricted ad serving,ca-pub-7784034061253020,560,2024-11-27,2024-12-03
m.tribunnews.com,Page,N/A,N/A,m.tribunnews.com/seleb/2020/11/02/chord-gitar-lagu-shallow-lady-gaga-feat-bradley-cooper-mudah-dimainkan,Yes,Unnatural attention to ads,Restricted ad serving,ca-pub-7784034061253020,558,2024-11-27,2024-12-02
kupang.tribunnews.com,Page,N/A,N/A,kupang.tribunnews.com/2018/07/24/kenali-6-ciri-wanita-sudah-tak-perawan-dari-mata-hidung-sampai-telapak-tangan,No,Adult: Sexual content,Restricted ad serving,ca-pub-7784034061253020,557,2024-11-27,2024-12-01
jabar.tribunnews.com,Page,N/A,N/A,jabar.tribunnews.com/2024/12/02/viral-foto-mayat-hangus-terbakar-di-bangkalan-ternyata-perempuan-korban-pembunuhan,No,Adult: Sexual content;Shocking content,Restricted ad serving,ca-pub-7784034061253020,557,2024-12-01,2024-12-02
pekanbaru.tribunnews.com,Page,N/A,N/A,pekanbaru.tribunnews.com/2023/12/15/chika-viral-20-juta-link-dicari-dan-link-video-chika-yang-lagi-viral-disebar-di-twitter,No,Adult: Sexual content,Restricted ad serving,ca-pub-7784034061253020,553,2024-11-27,2024-12-02
medan.tribunnews.com,Page,N/A,N/A,medan.tribunnews.com/2022/09/25/baru-tahu-ini-arti-mimpi-berhubungan-dengan-istri-orang-terkesan-tabu,Yes,Ads Disguised as Content;Adult: Sexual content,Restricted ad serving,ca-pub-7784034061253020,553,2024-11-27,2024-12-02
aceh.tribunnews.com,Page,N/A,N/A,aceh.tribunnews.com/2023/09/20/artis-film-porno-yang-disutradarai-irwansyah-ternyata-dibayar-rp-1-juta-kini-ngaku-jadi-korban,No,Adult: Sexual content,Restricted ad serving,ca-pub-7784034061253020,552,2024-11-28,2024-12-01
pekanbaru.tribunnews.com,Page,N/A,N/A,pekanbaru.tribunnews.com/2024/12/01/sosok-heri-saragih-guru-sd-yang-dibakar-bersama-motornya-di-kampar-anaknya-masih-berusia-1-tahun?page=2,No,Shocking content,Restricted ad serving,ca-pub-7784034061253020,545,2024-12-01,2024-12-01
jogja.tribunnews.com,Page,N/A,N/A,jogja.tribunnews.com/2023/08/28/15-arti-suara-burung-gagak-di-siang-hari,No,Shocking content,Restricted ad serving,ca-pub-7784034061253020,543,2024-11-27,2024-12-02
jambi.tribunnews.com,Page,N/A,N/A,jambi.tribunnews.com/2018/02/22/2-kategori-dan-49-istilah-yang-sering-digunakan-di-film-biru?page=3,No,Adult: Sexual content,Restricted ad serving,ca-pub-7784034061253020,540,2024-11-27,2024-12-02
belitung.tribunnews.com,Page,N/A,N/A,belitung.tribunnews.com/2024/12/02/kisah-mas-siswa-kelas-1-sma-bunuh-ayah-dan-nenek-anak-cerdas-ayah-dan-ibu-lulusan-kampus-ternama?page=2,No,Adult: Sexual content,Restricted ad serving,ca-pub-7784034061253020,540,2024-12-01,2024-12-02
aceh.tribunnews.com,Page,N/A,N/A,aceh.tribunnews.com/2021/02/08/arti-mimpi-selingkuh-dengan-istri-orang-atau-sahabat-pertanda-apa?page=all,No,Adult: Sexual content,Restricted ad serving,ca-pub-7784034061253020,538,2024-11-27,2024-12-02
belitung.tribunnews.com,Page,N/A,N/A,belitung.tribunnews.com/2016/10/24/foto-bugil-artis-cantik-dan-lawan-mainnya-di-tv-tersebar-secara-online-ini-tanggapannya,No,Adult: Sexual content,Restricted ad serving,ca-pub-7784034061253020,536,2024-11-27,2024-12-03
health.tribunnews.com,Page,N/A,N/A,health.tribunnews.com/2023/10/04/dr-zaidul-akbar-rekomendasikan-obat-kuat-alami-murah-mudah-dan-bikin-momen-bercinta-lebih-panas,No,Adult: Sexual content,Restricted ad serving,ca-pub-7784034061253020,534,2024-11-27,2024-12-02
bangka.tribunnews.com,Page,N/A,N/A,bangka.tribunnews.com/2017/09/26/ternyata-begini-cara-jin-menyetubuhi-wanita,Yes,Ads Disguised as Content,Restricted ad serving,ca-pub-7784034061253020,531,2024-11-27,2024-12-03
aceh.tribunnews.com,Page,N/A,N/A,aceh.tribunnews.com/2022/06/22/berapa-lama-suami-butuh-waktu-istirahat-sebelum-memasuki-ronde-kedua-begini-kata-dr-boyke,No,Adult: Sexual content,Restricted ad serving,ca-pub-7784034061253020,531,2024-11-27,2024-12-02
medan.tribunnews.com,Page,N/A,N/A,medan.tribunnews.com/2022/02/05/resep-sup-sayur-iga-babi-makanan-non-halal-yang-mudah-dibuat-di-rumah,Yes,Modified ad code: Resizing Ad Frames,Restricted ad serving,ca-pub-7784034061253020,529,2024-11-27,2024-12-02
bekasi.tribunnews.com,Page,N/A,N/A,bekasi.tribunnews.com/2022/10/05/film-jepang-terbaru-2022-yang-hanya-boleh-disaksikan-untuk-penonton-usia-18-tahun-ke-atas-apa-saja,No,Adult: Sexual content,Restricted ad serving,ca-pub-7784034061253020,527,2024-11-27,2024-12-02
banjarmasin.tribunnews.com,Page,N/A,N/A,banjarmasin.tribunnews.com/2015/12/13/subhanallah-lebih-1400-terkubur-jasad-sahabat-nabi-muhammad-ini-masih-berdarah,No,Shocking content,Restricted ad serving,ca-pub-7784034061253020,523,2024-11-27,2024-12-02
www.tribunnews.com,Page,N/A,N/A,www.tribunnews.com/regional/2024/12/02/tragedi-pembunuhan-pelajar-smk-di-ciomas-bogor-pelaku-ditangkap-motif-terungkap?page=2,No,Adult: Sexual content,Restricted ad serving,ca-pub-7784034061253020,521,2024-12-01,2024-12-02
m.tribunnews.com,Page,N/A,N/A,m.tribunnews.com/regional/indonesia-timur,No,Adult: Sexual content,Restricted ad serving,ca-pub-7784034061253020,515,2024-12-01,2024-12-03
lampung.tribunnews.com,Page,N/A,N/A,lampung.tribunnews.com/2017/02/19/4-film-ini-disebut-punya-adegan-intim-paling-parah-dibanding-50-shades-of-grey,No,Adult: Sexual content,Restricted ad serving,ca-pub-7784034061253020,515,2024-11-27,2024-12-02
trends.tribunnews.com,Page,N/A,N/A,trends.tribunnews.com/amp/2024/11/26/video-syur-diduga-nita-vior-onic-viral-pamer-area-sensitif-dalam-15-menit-begini-reaksi-manajer,No,Adult: Sexual content,Restricted ad serving,ca-pub-7784034061253020,510,2024-11-27,2024-12-02
belitung.tribunnews.com,Page,N/A,N/A,belitung.tribunnews.com/2017/08/13/cerita-mengapa-ada-orang-yang-meninggal-tersenyum,No,Shocking content,Restricted ad serving,ca-pub-7784034061253020,508,2024-11-27,2024-12-02
banten.tribunnews.com,Page,N/A,N/A,banten.tribunnews.com/2024/11/26/link-nita-vior-video-durasi-15-menit-20-detik-berikut-ini-sosoknya,No,Adult: Sexual content,Restricted ad serving,ca-pub-7784034061253020,507,2024-11-27,2024-12-02
www.tribunnews.com,Page,N/A,N/A,www.tribunnews.com/regional/2024/12/02/modus-agus-buntung-rudapaksa-korban-diajak-ke-home-stay-disuruh-sucikan-diri-mandi-bersih,No,Adult: Sexual content,Restricted ad serving,ca-pub-7784034061253020,505,2024-12-01,2024-12-01
jabar.tribunnews.com,Page,N/A,N/A,jabar.tribunnews.com/2022/03/25/pengobatan-alat-vital-mak-erot-terpercaya-cigadog-cisolok-sukabumi-dan-pondok-gede-bekasi,Yes,Ads Disguised as Content,Restricted ad serving,ca-pub-7784034061253020,501,2024-11-27,2024-12-03
bangka.tribunnews.com,Page,N/A,N/A,bangka.tribunnews.com/2022/04/04/inilah-daftar-harga-rokok-di-indomaret-april-2022-gudang-garam-merah-rp14000?page=all,No,Shocking content;Tobacco,Restricted ad serving,ca-pub-7784034061253020,498,2024-11-27,2024-12-02
aceh.tribunnews.com,Page,N/A,N/A,aceh.tribunnews.com/2024/09/22/motif-pelaku-congkel-mata-faisal-di-bogor-mengaku-marah-istrinya-dipukul-korban-pakai-botol-miras,No,Shocking content,Restricted ad serving,ca-pub-7784034061253020,498,2024-11-28,2024-12-02
www.tribunnews.com,Page,N/A,N/A,www.tribunnews.com/regional/2024/12/02/modus-agus-buntung-rudapaksa-korban-diajak-ke-home-stay-disuruh-sucikan-diri-mandi-bersih?page=2,No,Adult: Sexual content,Restricted ad serving,ca-pub-7784034061253020,493,2024-12-01,2024-12-02
style.tribunnews.com,Page,N/A,N/A,style.tribunnews.com/2022/11/21/5-rekomendasi-anime-komedi-dewasa-terbaru-penuh-adegan-panas-ada-kaguya-sama-love-is-war,No,Adult: Sexual content,Restricted ad serving,ca-pub-7784034061253020,492,2024-11-27,2024-12-01
style.tribunnews.com,Page,N/A,N/A,style.tribunnews.com/2017/06/24/ingin-tahan-lama-saat-diranjang-cukup-gunakan-ramuan-sawo-mentah-ini-begini-caranya,No,Adult: Sexual content,Restricted ad serving,ca-pub-7784034061253020,491,2024-11-27,2024-12-02
pekanbaru.tribunnews.com,Page,N/A,N/A,pekanbaru.tribunnews.com/2017/11/09/pernah-dengar-threesome-begini-5-faktanya-yang-ditemukan-seorang-peneliti,Yes,Ads Disguised as Content;Adult: Sexual content,Restricted ad serving,ca-pub-7784034061253020,487,2024-11-27,2024-12-03
www.tribunnews.com,Page,N/A,N/A,www.tribunnews.com/regional/2024/12/02/rekaman-cctv-penembakan-di-semarang-dibongkar-keluarga-pelaku-terlihat-menodongkan-senpi-ke-jalan?page=3,No,Adult: Sexual content,Restricted ad serving,ca-pub-7784034061253020,481,2024-12-01,2024-12-01
banjarmasin.tribunnews.com,Page,N/A,N/A,banjarmasin.tribunnews.com/2020/07/06/6-ciri-wanita-tidak-perawan-berikut-pengetahuan-tentang-selaput-dara-pada-perempuan,No,Adult: Sexual content,Restricted ad serving,ca-pub-7784034061253020,481,2024-11-28,2024-12-02
aceh.tribunnews.com,Page,N/A,N/A,aceh.tribunnews.com/404,Yes,Adult: Sexual content;Google-served ads on screens without publisher-content,Restricted ad serving,ca-pub-7784034061253020,477,2024-11-27,2024-12-02
jogja.tribunnews.com,Page,N/A,N/A,jogja.tribunnews.com/2021/12/16/harga-rokok-di-singapura-mencapai-rp-146-ribu-ini-daftar-rinciannya,Yes,Encouraging accidental clicks: Layout,Restricted ad serving,ca-pub-7784034061253020,476,2024-11-27,2024-12-02
bekasi.tribunnews.com,Page,N/A,N/A,bekasi.tribunnews.com/2022/10/05/khusus-dewasa-berikut-daftar-film-jepang-terbaru-2022-beresolusi-hd-durasinya-sampai-dua-jam-lebih?page=all,No,Adult: Sexual content,Restricted ad serving,ca-pub-7784034061253020,473,2024-11-27,2024-12-03
jogja.tribunnews.com,Page,N/A,N/A,jogja.tribunnews.com/2020/07/05/kata-wanita-soal-berapa-ukuran-ideal-penis-yang-bisa-memuaskan-pasangan,No,Adult: Sexual content,Restricted ad serving,ca-pub-7784034061253020,470,2024-11-27,2024-12-02
aceh.tribunnews.com,Page,N/A,N/A,aceh.tribunnews.com/2024/12/01/pemukiman-israel-hancur-dihantam-rudal-houthi-sirene-meraung-keras-4-warga-zionis-terluka,No,Shocking content,Restricted ad serving,ca-pub-7784034061253020,467,2024-12-01,2024-12-02
pekanbaru.tribunnews.com,Page,N/A,N/A,pekanbaru.tribunnews.com/2023/01/02/simontok-viral-berikut-link-download-simontok-apk-vpn-android-2022,No,Adult: Sexual content,Restricted ad serving,ca-pub-7784034061253020,466,2024-11-27,2024-12-02
www.tribunnews.com,Page,N/A,N/A,www.tribunnews.com/nasional/2024/12/02/bahagianya-warga-karawang-saat-anaknya-digendong-dan-dicium-prabowo-tangannya-empuk?page=2,No,Adult: Sexual content,Restricted ad serving,ca-pub-7784034061253020,463,2024-12-02,2024-12-02
www.tribunnews.com,Page,N/A,N/A,www.tribunnews.com/regional/2024/10/14/foto-foto-kebersamaan-benny-laos-dan-sherly-tjoanda-nikah-selama-19-tahun-kini-dipisahkan-maut,No,Adult: Sexual content,Restricted ad serving,ca-pub-7784034061253020,455,2024-11-27,2024-12-02
jatim.tribunnews.com,Page,N/A,N/A,jatim.tribunnews.com/2023/01/28/jangan-nonton-bokep-kamu-bisa-belajar-seksualitas-lewat-3-drama-korea-adult-trainee-fanta-g-spot,No,Adult: Sexual content,Restricted ad serving,ca-pub-7784034061253020,455,2024-11-27,2024-12-02
www.tribunnews.com,Page,N/A,N/A,www.tribunnews.com/kesehatan/2020/02/24/kelainan-seksual-masturbasi-pakai-pisang-dan-terong-dokter-risiko-alergi-sebabkan-bengkak,No,Adult: Sexual content,Restricted ad serving,ca-pub-7784034061253020,454,2024-11-27,2024-12-02
bali.tribunnews.com,Page,N/A,N/A,bali.tribunnews.com/2018/01/27/ternyata-ini-rahasia-aktor-film-panas-tahan-sepanjang-film,No,Adult: Sexual content,Restricted ad serving,ca-pub-7784034061253020,452,2024-11-27,2024-12-02
bali.tribunnews.com,Page,N/A,N/A,bali.tribunnews.com/2016/10/14/video-nikita-mirzani-buka-bra-dan-mandi-beredar-usai-mesra-bareng-zack-lee-katanya-biar-meleleh,No,Adult: Sexual content,Restricted ad serving,ca-pub-7784034061253020,449,2024-11-27,2024-12-01
kupang.tribunnews.com,Page,N/A,N/A,kupang.tribunnews.com/2019/09/16/26-tanda-wanita-mempermainkan-perasaanmu-nomor-8-10-23-25-dan-26-bikin-baper,No,Adult: Sexual content,Restricted ad serving,ca-pub-7784034061253020,446,2024-11-27,2024-12-03
belitung.tribunnews.com,Page,N/A,N/A,belitung.tribunnews.com/2024/12/02/motif-riki-bunuh-istri-dan-tewaskan-anak-di-bak-mandi-cemburu-tuduh-korban-ada-pria-lain,No,Shocking content,Restricted ad serving,ca-pub-7784034061253020,441,2024-12-02,2024-12-02
medan.tribunnews.com,Page,N/A,N/A,medan.tribunnews.com/2024/12/03/motif-pria-21-tahun-bunuh-dan-bakar-mayat-pacarnya-mahasiswi-utm-panik-korban-ngaku-hamil-2-bulan?page=2,No,Shocking content,Restricted ad serving,ca-pub-7784034061253020,439,2024-12-02,2024-12-02
jambi.tribunnews.com,Page,N/A,N/A,jambi.tribunnews.com/2018/02/22/2-kategori-dan-49-istilah-yang-sering-digunakan-di-film-biru?page=2,No,Adult: Sexual content,Restricted ad serving,ca-pub-7784034061253020,439,2024-11-27,2024-12-02
makassar.tribunnews.com,Page,N/A,N/A,makassar.tribunnews.com/2020/07/25/bebas-pilih-29-aplikasi-link-nonton-film-online-film-dewasa-drakor-download-film-mirip-indoxxi,Yes,Ads Disguised as Content;Adult: Sexual content,Restricted ad serving,ca-pub-7784034061253020,438,2024-11-27,2024-12-03
makassar.tribunnews.com,Page,N/A,N/A,makassar.tribunnews.com/2017/03/28/beginilah-ular-piton-menelan-akbar-petani-sawit-memuju-tengah,No,Shocking content,Restricted ad serving,ca-pub-7784034061253020,437,2024-11-27,2024-12-02
banten.tribunnews.com,Page,N/A,N/A,banten.tribunnews.com/2021/01/29/ini-pekerjaan-asli-kakek-sugiono-sebut-nama-wanita-saat-pertama-kali-syuting-saya-cuma-ingat-ozawa,Yes,Ads Disguised as Content,Restricted ad serving,ca-pub-7784034061253020,437,2024-11-27,2024-12-03
aceh.tribunnews.com,Page,N/A,N/A,aceh.tribunnews.com/2024/11/30/stop-sering-minum-jamu-kuat-bikin-ginjal-rusak-dr-boyke-bagikan-7-resep-yang-aman-untuk-laki-laki,No,Adult: Sexual content,Restricted ad serving,ca-pub-7784034061253020,437,2024-11-30,2024-12-02
makassar.tribunnews.com,Page,N/A,N/A,makassar.tribunnews.com/2021/12/03/video-1-menit-20-detik-rekam-cewek-buka-baju-di-bandara,Yes,Ads Disguised as Content;Adult: Sexual content,Restricted ad serving,ca-pub-7784034061253020,435,2024-11-27,2024-12-02
m.tribunnews.com,Page,N/A,N/A,m.tribunnews.com/regional/2024/12/02/kronologis-mahasiswi-dibunuh-dan-dibakar-pacar-di-bangkalan-sosok-pelaku-diungkap-pihak-kampus?page=4,No,Shocking content,Restricted ad serving,ca-pub-7784034061253020,433,2024-12-02,2024-12-02
jambi.tribunnews.com,Page,N/A,N/A,jambi.tribunnews.com/2017/07/30/galeri-foto-tanpa-sensor-ini-5-film-dewasa-dengan-adegan-intim-nyata?page=all,No,Adult: Sexual content,Restricted ad serving,ca-pub-7784034061253020,433,2024-11-27,2024-12-02
aceh.tribunnews.com,Page,N/A,N/A,aceh.tribunnews.com/2024/07/05/bentuk-fisik-orang-yang-tidak-perawan-begini-kata-seksolog-dr-boyke-bisa-dilihat-dari-ciri-fisik,No,Adult: Sexual content,Restricted ad serving,ca-pub-7784034061253020,432,2024-11-27,2024-12-01
medan.tribunnews.com,Page,N/A,N/A,medan.tribunnews.com/2021/08/26/uah-ungkap-rahasia-surat-ad-dhuha-dan-al-insyirah-selama-ini-belum-banyak-yang-tahu,Yes,Encouraging accidental clicks: Layout,Restricted ad serving,ca-pub-7784034061253020,430,2024-11-27,2024-12-02
www.tribunnews.com,Page,N/A,N/A,www.tribunnews.com/seleb/2024/12/02/vadel-badjideh-pede-tak-bersalah-dalam-kasus-lolly-pengacara-nikita-mirzani-saya-tahu-hasil-visum?page=all,No,Adult: Sexual content,Restricted ad serving,ca-pub-7784034061253020,429,2024-12-01,2024-12-02
jateng.tribunnews.com,Page,N/A,N/A,jateng.tribunnews.com/2024/10/07/satpol-pp-selamatkan-lansia-yang-coba-akhiri-hidup-di-kolam-bundaran-hi,No,Shocking content,Restricted ad serving,ca-pub-7784034061253020,429,2024-11-30,2024-12-01
style.tribunnews.com,Page,N/A,N/A,style.tribunnews.com/2021/07/30/tontonan-dewasa-5-anime-18-ini-penuh-adegan-fanservice-jangan-nonton-bareng-anak-kecil?page=2,No,Adult: Sexual content,Restricted ad serving,ca-pub-7784034061253020,420,2024-11-28,2024-12-02
bali.tribunnews.com,Page,N/A,N/A,bali.tribunnews.com/2022/01/24/6-arti-mimpi-tentang-ular-berkepala-dua-sebuah-pertanda-yang-harus-diperhatikan,No,Shocking content,Restricted ad serving,ca-pub-7784034061253020,420,2024-11-27,2024-12-02
kupang.tribunnews.com,Page,N/A,N/A,kupang.tribunnews.com/2022/10/10/link-tiktok-dewasa-aplikasi-tiktok-18-plus-dengan-video-vulgar-bukan-untuk-anak-anak?page=2,No,Adult: Sexual content,Restricted ad serving,ca-pub-7784034061253020,418,2024-11-27,2024-12-01
aceh.tribunnews.com,Page,N/A,N/A,aceh.tribunnews.com/2024/05/17/benarkah-posisi-woman-on-top-bisa-menghindari-kehamilan-begini-penjelasan-seksolog-dr-boyke,No,Adult: Sexual content,Restricted ad serving,ca-pub-7784034061253020,418,2024-11-28,2024-12-02
www.tribunnews.com,Page,N/A,N/A,www.tribunnews.com/internasional/2024/11/30/gencatan-senjata-lebanon-adalah-kekalahan-memalukan-bagi-zionis-begini-kata-salami-panglima-irgc?page=all,No,Shocking content,Restricted ad serving,ca-pub-7784034061253020,416,2024-11-29,2024-12-03
makassar.tribunnews.com,Page,N/A,N/A,makassar.tribunnews.com/2021/07/20/cara-mudah-perbesar-ukuran-kejantanan-pria-dengan-daun-jarak-hasil-maksimal-harus-rutin-terapi?page=1,No,Adult: Sexual content,Restricted ad serving,ca-pub-7784034061253020,416,2024-11-28,2024-12-01
sultra.tribunnews.com,Page,N/A,N/A,sultra.tribunnews.com/2023/04/25/terbaru-video-popo-dan-rozi-viral-tiktok-dan-twitter-hingga-link-full-videonya-masih-diburu-warganet,No,Google-served ads obscuring content,Restricted ad serving,ca-pub-7784034061253020,413,2024-11-27,2024-12-02
madura.tribunnews.com,Page,N/A,N/A,madura.tribunnews.com/2024/12/02/5-fakta-mahasiswi-utm-bangkalan-dibunuh-pacar-jasad-dibakar-sempat-cekcok-soal-gugurkan-kandungan?page=3,No,Shocking content,Restricted ad serving,ca-pub-7784034061253020,413,2024-12-02,2024-12-02
belitung.tribunnews.com,Page,N/A,N/A,belitung.tribunnews.com/2018/09/04/ini-arti-dari-6-bentuk-bibir-ini-lihat-seperti-apa-bentuk-bibir-kamu?page=2,No,Shocking content,Restricted ad serving,ca-pub-7784034061253020,412,2024-11-27,2024-12-02
jabar.tribunnews.com,Page,N/A,N/A,jabar.tribunnews.com/2024/12/02/postingan-terakhir-remaja-14-tahun-habisi-nyawa-ayah-dan-nenek-di-jaksel-curhatannya-jadi-sorotan,No,Adult: Sexual content,Restricted ad serving,ca-pub-7784034061253020,409,2024-12-01,2024-12-01
bangka.tribunnews.com,Page,N/A,N/A,bangka.tribunnews.com/2024/12/02/motif-pembunuhan-istri-dan-anak-di-pangkalpinang-terungkap-pelaku-cemburu-dan-positif-narkoba?page=3,No,Adult: Sexual content,Restricted ad serving,ca-pub-7784034061253020,408,2024-12-02,2024-12-02
bogor.tribunnews.com,Page,N/A,N/A,bogor.tribunnews.com/2019/11/19/arti-mimpi-berhubungan-intim-dengan-tiga-orang-atau-lebih-punya-keinginan-yang-tak-terungkap,No,Adult: Sexual content,Restricted ad serving,ca-pub-7784034061253020,405,2024-11-27,2024-12-02
aceh.tribunnews.com,Page,N/A,N/A,aceh.tribunnews.com/2024/07/06/cara-mengetahui-perempuan-masih-perawan-atau-tidak-dr-boyke-ungkap-caranya,No,Adult: Sexual content,Restricted ad serving,ca-pub-7784034061253020,395,2024-11-27,2024-12-02
m.tribunnews.com,Page,N/A,N/A,m.tribunnews.com/topic/konflik-palestina-vs-israel,No,Shocking content,Restricted ad serving,ca-pub-7784034061253020,394,2024-11-30,2024-12-01
kupang.tribunnews.com,Page,N/A,N/A,kupang.tribunnews.com/2017/12/09/tanpa-sensor-para-pemain-di-lima-film-ini-benar-benar-lakukan-adegan-ranjang-di-depan-kamera?page=2,Yes,Adult: Sexual content;Site Behavior: Navigation,Restricted ad serving,ca-pub-7784034061253020,394,2024-11-27,2024-12-02
wow.tribunnews.com,Page,N/A,N/A,wow.tribunnews.com/2018/01/04/bongkar-isi-kepala-cowok-terkait-soal-seks-ungkap-alasan-kenapa-cowok-kerap-mikirin-seks,No,Adult: Sexual content,Restricted ad serving,ca-pub-7784034061253020,393,2024-11-27,2024-12-03
aceh.tribunnews.com,Page,N/A,N/A,aceh.tribunnews.com/2024/09/23/pengakuan-pelaku-congkel-mata-faisal-di-bogor-parah-perkirakan-korban-tak-bisa-melihat-lagi?page=2,No,Shocking content,Restricted ad serving,ca-pub-7784034061253020,393,2024-11-27,2024-12-02
www.tribunnews.com,Page,N/A,N/A,www.tribunnews.com/kesehatan/2013/02/06/ini-kata-mereka-yang-pernah-mengonsumsi-permen-karet-cinta,No,Adult: Sexual content;Content obscuring Google-served ads,Restricted ad serving,ca-pub-7784034061253020,391,2024-11-27,2024-12-03
www.tribunnews.com,Page,N/A,N/A,www.tribunnews.com/regional/2024/11/30/keluarga-korban-ungkap-kejanggalan-soal-kasus-polisi-tembak-siswa-smk-di-semarang,No,Adult: Sexual content,Restricted ad serving,ca-pub-7784034061253020,390,2024-12-02,2024-12-03
www.tribunnews.com,Page,N/A,N/A,www.tribunnews.com/regional/2024/11/26/siswa-smk-semarang-ditembak-mati-ramai-ramai-bantah-tuduhan-polisi-dia-anak-baik-bukan-gangster?page=3,No,Adult: Sexual content,Restricted ad serving,ca-pub-7784034061253020,390,2024-12-02,2024-12-03
sulbar.tribunnews.com,Page,N/A,N/A,sulbar.tribunnews.com/2023/12/15/tanpa-sensor-nonton-video-viral-sampai-puas-di-mesin-pencarian-pintar-yandex-com-dan-yandex-browser,Yes,Google-served ads obscuring content;Modified Javascript: Ads by Google size,Restricted ad serving,ca-pub-7784034061253020,390,2024-11-27,2024-12-02
style.tribunnews.com,Page,N/A,N/A,style.tribunnews.com/2017/10/07/saking-seremnya-7-tokoh-film-horor-ini-susah-banget-dilupakan-kebayang-kebayang-terus?page=all,No,Shocking content,Restricted ad serving,ca-pub-7784034061253020,390,2024-12-02,2024-12-02
jogja.tribunnews.com,Page,N/A,N/A,jogja.tribunnews.com/2021/07/21/hati-hati-jika-mimpi-dipaksa-bersetubuh-dengan-pacar-ada-yang-punya-niat-buruk-pada-anda,No,Adult: Sexual content,Restricted ad serving,ca-pub-7784034061253020,390,2024-12-02,2024-12-02
bangka.tribunnews.com,Page,N/A,N/A,bangka.tribunnews.com/2024/12/03/kasus-baru-hiv-di-belitung-mencapai-23-termasuk-bocah-10-tahun,No,Adult: Sexual content,Restricted ad serving,ca-pub-7784034061253020,385,2024-12-02,2024-12-02
pekanbaru.tribunnews.com,Page,N/A,N/A,pekanbaru.tribunnews.com/2023/10/20/viral-kakak-adik-16-menit-44-detik-soal-video-viral-adegan-dewasa,No,Adult: Sexual content,Restricted ad serving,ca-pub-7784034061253020,383,2024-11-28,2024-12-02
sumsel.tribunnews.com,Page,N/A,N/A,sumsel.tribunnews.com/2017/05/02/4-bintang-film-jav-sempat-bikin-heboh-indonesia-nomor-1-dan-2-paling-populer,No,Adult: Sexual content,Restricted ad serving,ca-pub-7784034061253020,382,2024-11-27,2024-12-02
jabar.tribunnews.com,Page,N/A,N/A,jabar.tribunnews.com/2024/12/02/kasus-anak-bunuh-ayah-dan-nenek-di-jaksel-begini-kondisi-ibu-yang-lolos-dari-maut-sudah-operasi,No,Adult: Sexual content,Restricted ad serving,ca-pub-7784034061253020,382,2024-12-01,2024-12-01
m.tribunnews.com,Page,N/A,N/A,m.tribunnews.com/regional/2024/12/02/sosok-tersangka-pelaku-pembunuhan-istri-anak-riki-suami-pencemburu-polisi-masih-dalami-motifnya?page=2,No,Adult: Sexual content,Restricted ad serving,ca-pub-7784034061253020,380,2024-12-01,2024-12-01
sulbar.tribunnews.com,Page,N/A,N/A,sulbar.tribunnews.com/2023/05/02/belasan-video-beredar-link-syakirah-viral-di-twitter-yandex-dan-telegram-masih-diburu-warganet,No,Adult: Sexual content,Restricted ad serving,ca-pub-7784034061253020,379,2024-11-27,2024-12-01
wartakota.tribunnews.com,Page,N/A,N/A,wartakota.tribunnews.com/2020/06/27/pengakuan-cewek-cantik-open-bo-di-michat-pria-hidung-belang-dikenakan-tarif-rp-800-ribu-sekali-main,No,Adult: Sexual content,Restricted ad serving,ca-pub-7784034061253020,377,2024-11-28,2024-12-02
makassar.tribunnews.com,Page,N/A,N/A,makassar.tribunnews.com/2019/11/10/terungkap-alasan-sebenarnya-suami-pria-suka-jajan-diluar-fantasi-ini-yang-diharapkan-dari-istri,No,Adult: Sexual content,Restricted ad serving,ca-pub-7784034061253020,376,2024-11-27,2024-12-02
jabar.tribunnews.com,Page,N/A,N/A,jabar.tribunnews.com/2024/12/02/postingan-terakhir-remaja-14-tahun-habisi-nyawa-ayah-dan-nenek-di-jaksel-curhatannya-jadi-sorotan?page=3,No,Adult: Sexual content,Restricted ad serving,ca-pub-7784034061253020,376,2024-12-01,2024-12-01
medan.tribunnews.com,Page,N/A,N/A,medan.tribunnews.com/2024/12/01/tragis-akhir-hidup-heri-saragih-guru-tewas-digorok-dan-dibakar-istrinya-sedang-pulang-kampung?page=all,No,Shocking content,Restricted ad serving,ca-pub-7784034061253020,373,2024-11-30,2024-12-01
medan.tribunnews.com,Page,N/A,N/A,medan.tribunnews.com/2021/12/12/video-adegan-ranjang-selebgram-tante-sisca-mellyana-hingga-heboh-soal-apem-sultan,Yes,Ads Disguised as Content,Restricted ad serving,ca-pub-7784034061253020,373,2024-11-27,2024-12-03
madura.tribunnews.com,Page,N/A,N/A,madura.tribunnews.com/2024/11/17/breaking-news-sampang-mencekam-pria-di-sampang-dikroyok-sejumlah-orang-sambil-bawa-celurit,No,Shocking content,Restricted ad serving,ca-pub-7784034061253020,372,2024-11-27,2024-12-02
bangka.tribunnews.com,Page,N/A,N/A,bangka.tribunnews.com/2024/11/30/polisi-tetapkan-riki-sebagai-tersangka-pembunuhan-istri-dan-anak-di-pangkalpinang,No,Adult: Sexual content,Restricted ad serving,ca-pub-7784034061253020,371,2024-12-02,2024-12-02
pontianak.tribunnews.com,Page,N/A,N/A,pontianak.tribunnews.com/2021/09/28/titik-refleksi-darah-tinggi-pada-tangan-kepala-leher-kaki-titik-pijat-hilangkan-sakit-kepala,No,Google-served ads obscuring content,Restricted ad serving,ca-pub-7784034061253020,369,2024-11-27,2024-12-02
medan.tribunnews.com,Page,N/A,N/A,medan.tribunnews.com/2020/12/22/berikut-ini-4-bintang-film-panas-yang-terlibat-cinta-lokasi-dengan-lawan-mainnya-hingga-menikah,No,Adult: Sexual content,Restricted ad serving,ca-pub-7784034061253020,369,2024-11-27,2024-12-02
www.tribunnews.com,Page,N/A,N/A,www.tribunnews.com/regional/2024/12/02/modus-agus-buntung-rudapaksa-korban-diajak-ke-home-stay-disuruh-sucikan-diri-mandi-bersih?page=3,No,Adult: Sexual content,Restricted ad serving,ca-pub-7784034061253020,367,2024-12-01,2024-12-02
jatim.tribunnews.com,Page,N/A,N/A,jatim.tribunnews.com/2024/11/19/ini-wajah-2-pelaku-carok-di-sampang-total-3-pembacok-saksi-paslon-jimad-sakteh-yang-ditangkap,No,Shocking content,Restricted ad serving,ca-pub-7784034061253020,367,2024-11-27,2024-12-01
www.tribunnews.com,Page,N/A,N/A,www.tribunnews.com/internasional/2024/11/30/dalam-tempo-48-jam-oposisi-suriah-kuasai-pusat-aleppo-turki-rezim-assad-langgar-perjanjian-astana?page=3,No,Shocking content,Restricted ad serving,ca-pub-7784034061253020,366,2024-11-30,2024-12-01
pekanbaru.tribunnews.com,Page,N/A,N/A,pekanbaru.tribunnews.com/2022/03/12/artis-film-jepang-jav-hamil-usai-berhubungan-badan-dengan-aktor-pria-siapa,No,Adult: Sexual content,Restricted ad serving,ca-pub-7784034061253020,364,2024-11-29,2024-12-01
m.tribunnews.com,Page,N/A,N/A,m.tribunnews.com/internasional/2024/11/29/setelah-tembaki-warga-lebanon-israel-malah-tuduh-hizbullah-langgar-perjanjian-gencatan-senjata,No,Shocking content,Restricted ad serving,ca-pub-7784034061253020,364,2024-11-30,2024-12-01
belitung.tribunnews.com,Page,N/A,N/A,belitung.tribunnews.com/2016/09/15/empat-wanita-cantik-asal-indonesia-ini-sukses-jadi-bintang-film-porno-simak-siapa-saja-mereka,No,Adult: Sexual content,Restricted ad serving,ca-pub-7784034061253020,363,2024-11-27,2024-12-02
bengkulu.tribunnews.com,Page,N/A,N/A,bengkulu.tribunnews.com/2022/09/12/aplikasi-kamera-tembus-pandang-yang-dilarang-usia-dibawah-18-kebawah-jangan-coba-coba-download,Yes,Ads Disguised as Content,Restricted ad serving,ca-pub-7784034061253020,362,2024-11-27,2024-12-02
jabar.tribunnews.com,Page,N/A,N/A,jabar.tribunnews.com/2024/12/02/oknum-polisi-tega-menghantam-kepala-ibu-sendiri-pakai-tabung-gas-hingga-tewas-di-bogor,No,Adult: Sexual content,Restricted ad serving,ca-pub-7784034061253020,360,2024-12-02,2024-12-02
sultra.tribunnews.com,Page,N/A,N/A,sultra.tribunnews.com/2022/10/29/link-video-viral-lombok-vc-tak-senonoh-beredar-di-tiktok-facebook-twitter-telegram-sosok-pemeran,Yes,Ads Disguised as Content,Restricted ad serving,ca-pub-7784034061253020,358,2024-11-27,2024-12-02
makassar.tribunnews.com,Page,N/A,N/A,makassar.tribunnews.com/2016/11/23/bungkuk-udang-nafsu-tinggi-betulkah,No,Adult: Sexual content,Restricted ad serving,ca-pub-7784034061253020,358,2024-11-27,2024-12-03
jambi.tribunnews.com,Page,N/A,N/A,jambi.tribunnews.com/2021/01/16/arti-mimpi-mesum-dengan-tetangga-sahabat-hingga-mantan-ada-kabar-misterius-cek-di-sini,No,Adult: Sexual content,Restricted ad serving,ca-pub-7784034061253020,357,2024-11-28,2024-12-02
aceh.tribunnews.com,Page,N/A,N/A,aceh.tribunnews.com/epaper/,No,Adult: Sexual content,Restricted ad serving,ca-pub-7784034061253020,355,2024-12-02,2024-12-02
belitung.tribunnews.com,Page,N/A,N/A,belitung.tribunnews.com/2017/10/09/heboh-video-goyang-hot-dua-cewek-bohay-di-dapur-salah-satunya-penyanyi-dangdut-terkenal,No,Adult: Sexual content,Restricted ad serving,ca-pub-7784034061253020,354,2024-11-27,2024-12-01
kupang.tribunnews.com,Page,N/A,N/A,kupang.tribunnews.com/2018/06/23/video-air-di-mesin-cuci-keluar-terus-begini-cara-praktis-perbaikannya-gampang-loh,Yes,Site Behavior: Navigation,Restricted ad serving,ca-pub-7784034061253020,353,2024-11-27,2024-12-03
jateng.tribunnews.com,Page,N/A,N/A,jateng.tribunnews.com/2018/01/06/babak-baru-video-viral-tante-vs-bocah-sd-kesaksian-dari-petugas-pengantar-makanan,No,Adult: Sexual content,Restricted ad serving,ca-pub-7784034061253020,349,2024-11-27,2024-12-02
jambi.tribunnews.com,Page,N/A,N/A,jambi.tribunnews.com/2018/02/22/2-kategori-dan-49-istilah-yang-sering-digunakan-di-film-biru?page=4,No,Adult: Sexual content,Restricted ad serving,ca-pub-7784034061253020,348,2024-11-27,2024-12-02
bangka.tribunnews.com,Page,N/A,N/A,bangka.tribunnews.com/2020/11/17/kode-hot-gigolo-buat-tante-girang-begini-target-dan-tarif-kencannya,No,Adult: Sexual content,Restricted ad serving,ca-pub-7784034061253020,347,2024-11-27,2024-12-02
m.tribunnews.com,Page,N/A,N/A,m.tribunnews.com/regional/2024/12/02/keraguan-keluarga-terhadap-barang-bukti-kasus-polisi-tembak-siswa-smk-yakini-rekayasa,No,Adult: Sexual content,Restricted ad serving,ca-pub-7784034061253020,346,2024-12-01,2024-12-02
jateng.tribunnews.com,Page,N/A,N/A,jateng.tribunnews.com/2024/12/02/viral-video-perkelahian-2-kelompok-remaja-di-blora-terlihat-ada-yang-bawa-senjata-api,No,Shocking content,Restricted ad serving,ca-pub-7784034061253020,344,2024-12-01,2024-12-02
www.tribunnews.com,Page,N/A,N/A,www.tribunnews.com/kesehatan/2023/07/25/normalkah-seorang-wanita-melakukan-masturbasi-begini-penjelasan-dr-binsar-martin,No,Adult: Sexual content,Restricted ad serving,ca-pub-7784034061253020,343,2024-11-27,2024-12-01
medan.tribunnews.com,Page,N/A,N/A,medan.tribunnews.com/2022/03/30/inilah-15-arti-bahasa-gaul-yang-digunakan-di-media-sosial-mulai-dari-maksud-open-bo-hingga-expo,No,Adult: Sexual content,Restricted ad serving,ca-pub-7784034061253020,342,2024-11-27,2024-12-02
m.tribunnews.com,Page,N/A,N/A,m.tribunnews.com/regional/2024/11/29/kronologi-suami-bakar-istri-hidup-hidup-di-kupang-cemburu-membara,No,Adult: Sexual content;Shocking content,Restricted ad serving,ca-pub-7784034061253020,342,2024-11-29,2024-12-01
www.tribunnews.com,Page,N/A,N/A,www.tribunnews.com/seleb/2010/08/10/hongkong-buat-film-porno-3d-pertama,No,Adult: Sexual content,Restricted ad serving,ca-pub-7784034061253020,341,2024-11-27,2024-12-02
belitung.tribunnews.com,Page,N/A,N/A,belitung.tribunnews.com/2024/12/02/kisah-mas-siswa-kelas-1-sma-bunuh-ayah-dan-nenek-anak-cerdas-ayah-dan-ibu-lulusan-kampus-ternama?page=3,No,Adult: Sexual content,Restricted ad serving,ca-pub-7784034061253020,339,2024-12-01,2024-12-01
aceh.tribunnews.com,Page,N/A,N/A,aceh.tribunnews.com/2023/04/04/wanita-tidak-berdarah-saat-pertama-kali-berhubungan-intim-normal-atau-tidak-ini-penjelasan-dokter,No,Adult: Sexual content,Restricted ad serving,ca-pub-7784034061253020,339,2024-11-27,2024-12-01
belitung.tribunnews.com,Page,N/A,N/A,belitung.tribunnews.com/2016/12/21/lihat-jari-kelingking-anda-kalau-di-bawah-ruas-jari-manis-berarti-tipe-penyendiri,No,Adult: Sexual content,Restricted ad serving,ca-pub-7784034061253020,338,2024-11-27,2024-12-03
bangka.tribunnews.com,Page,N/A,N/A,bangka.tribunnews.com/2017/04/14/ini-rahasia-pemain-film-porno-tertua-di-jepang-tetap-sehat-dan-bugar,No,Adult: Sexual content,Restricted ad serving,ca-pub-7784034061253020,338,2024-11-28,2024-12-01
wartakota.tribunnews.com,Page,N/A,N/A,wartakota.tribunnews.com/2019/11/10/ini-cara-psk-open-bo-tipu-pria-hidung-belang-pakai-aplikasi-kencan-michat-awal-minta-dp-rp-100-ribu,No,Adult: Sexual content,Restricted ad serving,ca-pub-7784034061253020,337,2024-11-29,2024-12-02
bangka.tribunnews.com,Page,N/A,N/A,bangka.tribunnews.com/2020/12/23/gigolo-jadi-buruan-tante-tante-dibayar-mahal-cuma-modal-rayuan-dan-layanan-ini-kode-rahasianya,Yes,Ads Disguised as Content,Restricted ad serving,ca-pub-7784034061253020,336,2024-11-27,2024-12-03
makassar.tribunnews.com,Page,N/A,N/A,makassar.tribunnews.com/2024/11/19/sosok-kombes-latif-usman-dirlantas-polda-metro-minta-maaf-usai-anak-buahnya-tolak-laporan-warga,No,Shocking content,Restricted ad serving,ca-pub-7784034061253020,335,2024-11-28,2024-12-02
gorontalo.tribunnews.com,Page,N/A,N/A,gorontalo.tribunnews.com/2024/12/02/tragis-foto-mayat-perempuan-terbakar-viral-di-wag-diduga-korban-pembunuhan-di-bangkalan,No,Shocking content,Restricted ad serving,ca-pub-7784034061253020,334,2024-12-01,2024-12-03
aceh.tribunnews.com,Page,N/A,N/A,aceh.tribunnews.com/2023/01/03/resmi-naik-ini-daftar-harga-rokok-di-alfamart-dan-indomaret-januari-2023,No,Tobacco,Restricted ad serving,ca-pub-7784034061253020,333,2024-11-27,2024-12-02
manado.tribunnews.com,Page,N/A,N/A,manado.tribunnews.com/manado,No,Adult: Sexual content,Restricted ad serving,ca-pub-7784034061253020,331,2024-12-01,2024-12-01
www.tribunnews.com,Page,N/A,N/A,www.tribunnews.com/nasional/2024/12/02/bahagianya-warga-karawang-saat-anaknya-digendong-dan-dicium-prabowo-tangannya-empuk,No,Adult: Sexual content,Restricted ad serving,ca-pub-7784034061253020,330,2024-12-02,2024-12-02
pontianak.tribunnews.com,Page,N/A,N/A,pontianak.tribunnews.com/2018/01/24/10-foto-dan-video-artis-indonesia-telanjang-beredar-di-internet-ada-yang-dilaporkan-ke-polisi,No,Adult: Sexual content,Restricted ad serving,ca-pub-7784034061253020,330,2024-11-27,2024-12-02
jambi.tribunnews.com,Page,N/A,N/A,jambi.tribunnews.com/2019/11/22/lima-wanita-cantik-bintang-film-dewasa-terfavorit-nomor-4-pemeran-terbaik-adegan-sesama-jenis,No,Adult: Sexual content,Restricted ad serving,ca-pub-7784034061253020,330,2024-11-27,2024-12-02
belitung.tribunnews.com,Page,N/A,N/A,belitung.tribunnews.com/2017/05/02/empat-wanita-cantik-ini-peraih-penghargaan-film-panas-di-jepang-siapa-saja-mereka,Yes,Ads Disguised as Content,Restricted ad serving,ca-pub-7784034061253020,329,2024-11-27,2024-12-02
belitung.tribunnews.com,Page,N/A,N/A,belitung.tribunnews.com/2017/04/14/sudah-berumur-82-tahun-bintang-film-porno-jepang-ini-tetap-bugar-ini-rahasia-sehat-anehnya,No,Adult: Sexual content,Restricted ad serving,ca-pub-7784034061253020,329,2024-11-29,2024-12-02
m.tribunnews.com,Page,N/A,N/A,m.tribunnews.com/regional/2024/11/26/tampang-santai-akp-dadang-iskandar-pakai-baju-tahanan-buat-geram-keluarga-akp-ryanto-ulil-anshar,No,Adult: Sexual content,Restricted ad serving,ca-pub-7784034061253020,328,2024-12-02,2024-12-02
m.tribunnews.com,Page,N/A,N/A,m.tribunnews.com/kesehatan/2018/01/06/video-mesum-2-bocah-dengan-seorang-tante-beredar-inilah-dampak-menyeramkan-eksploitasi-seksual-dini,No,Adult: Sexual content,Restricted ad serving,ca-pub-7784034061253020,328,2024-11-27,2024-12-03
www.tribunnews.com,Page,N/A,N/A,www.tribunnews.com/regional/2024/12/02/sosok-tersangka-pelaku-pembunuhan-istri-anak-riki-suami-pencemburu-polisi-masih-dalami-motifnya?page=3,No,Adult: Sexual content,Restricted ad serving,ca-pub-7784034061253020,322,2024-12-01,2024-12-02
www.tribunnews.com,Page,N/A,N/A,www.tribunnews.com/regional/2024/12/02/anak-bunuh-ayah-di-ponorogo-warga-dengar-suara-berisik-malam-sebelumnya,No,Adult: Sexual content,Restricted ad serving,ca-pub-7784034061253020,321,2024-12-01,2024-12-01
www.tribunnews.com,Page,N/A,N/A,www.tribunnews.com/regional/2024/11/29/kronologi-suami-bakar-istri-hidup-hidup-di-kupang-cemburu-membara,No,Adult: Sexual content;Shocking content,Restricted ad serving,ca-pub-7784034061253020,321,2024-12-01,2024-12-02
pekanbaru.tribunnews.com,Page,N/A,N/A,pekanbaru.tribunnews.com/2021/11/22/bahasa-gaul-kaum-dewasa-museum-hingga-ml-apa-arti-kata-museum-dan-arti-ml,Yes,Ads Disguised as Content,Restricted ad serving,ca-pub-7784034061253020,319,2024-11-27,2024-12-03
banjarmasin.tribunnews.com,Page,N/A,N/A,banjarmasin.tribunnews.com/2015/01/10/agar-pria-mencapai-puncak-dengan-ujung-jari-jari,No,Adult: Sexual content,Restricted ad serving,ca-pub-7784034061253020,317,2024-11-27,2024-12-02
jabar.tribunnews.com,Page,N/A,N/A,jabar.tribunnews.com/2024/12/02/sosok-agus-pria-disabilitas-di-mataram-viral-ditetapkan-tersangka-pemerkosaan-mengaku-dijebak?page=3,No,Adult: Sexual content,Restricted ad serving,ca-pub-7784034061253020,316,2024-12-01,2024-12-01
bali.tribunnews.com,Page,N/A,N/A,bali.tribunnews.com/2016/08/24/inilah-bentuk-miss-v-yang-paling-disukai-kaum-pria,No,Adult: Sexual content,Restricted ad serving,ca-pub-7784034061253020,316,2024-11-27,2024-12-02
bali.tribunnews.com,Page,N/A,N/A,bali.tribunnews.com/2021/08/04/banyak-orang-tak-menyadari-benjolan-keras-di-tubuh-ternyata-asam-urat-komplikasi-ini-bisa-terjadi,No,Shocking content,Restricted ad serving,ca-pub-7784034061253020,314,2024-11-28,2024-12-02
wartakota.tribunnews.com,Page,N/A,N/A,wartakota.tribunnews.com/2021/05/26/cerita-psk-open-bo-di-michat-dapat-pelanggan-tetangga-sendiri-dan-teman-nongkrong-tarif-tetap-sama,Yes,Ads Disguised as Content;Adult: Sexual content,Restricted ad serving,ca-pub-7784034061253020,313,2024-11-27,2024-12-03
sumsel.tribunnews.com,Page,N/A,N/A,sumsel.tribunnews.com/2018/02/10/5-film-ini-aktornya-lakukan-adegan-ranjang-beneran-namun-ada-yang-terbongkar-rahasianya,No,Adult: Sexual content,Restricted ad serving,ca-pub-7784034061253020,311,2024-11-28,2024-12-01
jambi.tribunnews.com,Page,N/A,N/A,jambi.tribunnews.com/2019/08/18/deretan-foto-30-gadis-jepang-ini-sangat-populer-berani-tampil-terbuka-hingga-tampak-bagian-dalam,No,Adult: Sexual content,Restricted ad serving,ca-pub-7784034061253020,309,2024-11-27,2024-12-02
makassar.tribunnews.com,Page,N/A,N/A,makassar.tribunnews.com/2017/12/10/si-wanita-cantik-masuk-toilet-lalu-lepas-baju-dan-celana-hal-tak-disangka-pun-terjadi,Yes,Ads Disguised as Content,Restricted ad serving,ca-pub-7784034061253020,308,2024-11-27,2024-12-02
lampung.tribunnews.com,Page,N/A,N/A,lampung.tribunnews.com/2017/02/19/4-film-ini-disebut-punya-adegan-intim-paling-parah-dibanding-50-shades-of-grey?page=all,No,Adult: Sexual content,Restricted ad serving,ca-pub-7784034061253020,308,2024-11-28,2024-12-01
bengkulu.tribunnews.com,Page,N/A,N/A,bengkulu.tribunnews.com/2022/08/30/film-dewasa-terbaik-di-idlix-khusus-18-nonton-streaming-gratis-ternyata-ada-film-indonesia?page=all,No,Adult: Sexual content,Restricted ad serving,ca-pub-7784034061253020,308,2024-11-27,2024-12-01
belitung.tribunnews.com,Page,N/A,N/A,belitung.tribunnews.com/2024/12/01/anak-bunuh-ayah-dan-nenek-jaksel-pelaku-taat-ibadah-serta-pekerjaan-ayah-nenek-dan-ibu?page=2,No,Adult: Sexual content,Restricted ad serving,ca-pub-7784034061253020,308,2024-12-01,2024-12-01
lampung.tribunnews.com,Page,N/A,N/A,lampung.tribunnews.com/2017/10/04/tips-agar-miss-v-tak-terlihat-menyembul-saat-memakai-celana-model-ini,No,Adult: Sexual content,Restricted ad serving,ca-pub-7784034061253020,305,2024-11-27,2024-12-03
bekasi.tribunnews.com,Page,N/A,N/A,bekasi.tribunnews.com/2022/10/23/kumpulan-film-jepang-khusus-dewasa-subtitle-indonesia-resolusi-hd-dan-durasi-dua-jam-ini-daftarnya?page=all,No,Adult: Sexual content,Restricted ad serving,ca-pub-7784034061253020,302,2024-11-27,2024-12-02
belitung.tribunnews.com,Page,N/A,N/A,belitung.tribunnews.com/2018/07/10/foto-mata-merah-karena-pembuluh-pecah-akibat-main-ponsel-ini-penjelasan-dokter,No,Shocking content,Restricted ad serving,ca-pub-7784034061253020,301,2024-11-27,2024-12-01
www.tribunnews.com,Page,N/A,N/A,www.tribunnews.com/regional/2024/11/26/siswa-smk-semarang-ditembak-mati-ramai-ramai-bantah-tuduhan-polisi-dia-anak-baik-bukan-gangster?page=2,No,Adult: Sexual content,Restricted ad serving,ca-pub-7784034061253020,299,2024-12-01,2024-12-02
style.tribunnews.com,Page,N/A,N/A,style.tribunnews.com/2016/08/22/gaya-masturbasi-pria-hayo-kamu-biasanya-pakai-style-yang-mana,No,Adult: Sexual content,Restricted ad serving,ca-pub-7784034061253020,299,2024-11-27,2024-12-02
belitung.tribunnews.com,Page,N/A,N/A,belitung.tribunnews.com/2019/03/05/tisu-magic-biasa-dipakai-untuk-atasi-kram-otot-begini-penjelasan-dokter,No,Adult: Sexual content;Shocking content,Restricted ad serving,ca-pub-7784034061253020,298,2024-11-27,2024-12-03
www.tribunnews.com,Page,N/A,N/A,www.tribunnews.com/regional/2016/08/27/ipang-ditemukan-tewas-telentang-diduga-overdosis-minuman-keras,No,Shocking content,Restricted ad serving,ca-pub-7784034061253020,296,2024-11-27,2024-12-02
bangka.tribunnews.com,Page,N/A,N/A,bangka.tribunnews.com/2023/01/22/siapa-tokyo-lagi-seleb-tiktok-yang-bikin-pria-terpana-ini-nama-lengkap-asal-umur-akun-ig-nya,No,Google-served ads obscuring content,Restricted ad serving,ca-pub-7784034061253020,296,2024-11-27,2024-12-02
www.tribunnews.com,Page,N/A,N/A,www.tribunnews.com/kesehatan/2018/04/08/perawan-atau-tidak-bisa-dilihat-dari-cara-berjalan-dokter-ungkap-fakta-sesungguhnya,No,Adult: Sexual content,Restricted ad serving,ca-pub-7784034061253020,294,2024-11-27,2024-12-03
makassar.tribunnews.com,Page,N/A,N/A,makassar.tribunnews.com/2019/10/18/efek-tisu-magic-belum-habis-psk-cantik-minta-ridwan-yang-lagi-di-puncak-berhenti-akhirnya-tragis,No,Adult: Sexual content,Restricted ad serving,ca-pub-7784034061253020,293,2024-11-27,2024-12-02
jabar.tribunnews.com,Page,N/A,N/A,jabar.tribunnews.com/2024/12/02/persib-dilanda-badai-sakit-dan-cedera-beckham-ungkap-rasa-optimisme-hadapi-zhejiang-fc-di-bandung?page=2,No,Adult: Sexual content,Restricted ad serving,ca-pub-7784034061253020,292,2024-12-01,2024-12-02
m.tribunnews.com,Page,N/A,N/A,m.tribunnews.com/internasional/2015/12/04/edan-kasus-hubungan-intim-manusia-dan-kuda-meningkat,No,Adult: Sexual content,Restricted ad serving,ca-pub-7784034061253020,291,2024-11-27,2024-12-02
jabar.tribunnews.com,Page,N/A,N/A,jabar.tribunnews.com/2024/12/02/pelaku-pembunuhan-ibu-dan-anak-di-pangkalpinang-diringkus-ternyata-suami-korban-dikenal-cemburuan,No,Adult: Sexual content,Restricted ad serving,ca-pub-7784034061253020,290,2024-12-01,2024-12-01
www.tribunnews.com,Page,N/A,N/A,www.tribunnews.com/regional/2024/12/02/jadi-tersangka-rudapaksa-pria-tanpa-2-tangan-akui-tertekan-biar-tuhan-yang-balas-ambil-hikmahnya?page=4,No,Adult: Sexual content,Restricted ad serving,ca-pub-7784034061253020,288,2024-12-01,2024-12-03
wartakota.tribunnews.com,Page,N/A,N/A,wartakota.tribunnews.com/2021/05/05/penelitian-terbaru-semakin-besar-hidung-menunjukan-ukuran-alat-vital-pria-lebih-panjang?page=all,No,Adult: Sexual content,Restricted ad serving,ca-pub-7784034061253020,288,2024-11-28,2024-12-02
jabar.tribunnews.com,Page,N/A,N/A,jabar.tribunnews.com/2024/12/02/sosok-apw-ayah-yang-dibunuh-anak-remajanya-di-jaksel-ternyata-dosen-rekam-jejaknya-tak-sembarangan?page=3,No,Adult: Sexual content,Restricted ad serving,ca-pub-7784034061253020,288,2024-12-02,2024-12-02
jabar.tribunnews.com,Page,N/A,N/A,jabar.tribunnews.com/2024/12/02/kasus-anak-bunuh-ayah-kembali-terjadi-marbot-masjid-di-ponorogo-dihabisi-anak-cekcok-soal-makanan,No,Adult: Sexual content,Restricted ad serving,ca-pub-7784034061253020,288,2024-12-01,2024-12-02
bali.tribunnews.com,Page,N/A,N/A,bali.tribunnews.com/2020/12/12/arti-mimpi-berhubungan-seks-dengan-teman-sendiri-ternyata-pertanda-baik,No,Adult: Sexual content,Restricted ad serving,ca-pub-7784034061253020,288,2024-11-28,2024-12-02
pekanbaru.tribunnews.com,Page,N/A,N/A,pekanbaru.tribunnews.com/tag/kiwora-mlbb,Yes,Adult: Sexual content;Mislabeled Ads,Restricted ad serving,ca-pub-7784034061253020,283,2024-11-27,2024-12-02
wartakota.tribunnews.com,Page,N/A,N/A,wartakota.tribunnews.com/2017/05/18/perawat-basah-perawat-khusus-menyusui-pria-dewasa-looh,No,Adult: Sexual content,Restricted ad serving,ca-pub-7784034061253020,281,2024-11-28,2024-12-03
palembang.tribunnews.com,Page,N/A,N/A,palembang.tribunnews.com/2017/04/14/kakek-sugiono-82-aktor-film-dewasa-jepang-buka-rahasia-jaga-stamina,No,Adult: Sexual content,Restricted ad serving,ca-pub-7784034061253020,281,2024-11-27,2024-12-01
sultra.tribunnews.com,Page,N/A,N/A,sultra.tribunnews.com/2023/09/15/judul-film-kelas-bintang-yang-viral-keramat-tunggak-mimi-cucu-inem-serabi-lempit-pelakor,No,Adult: Sexual content,Restricted ad serving,ca-pub-7784034061253020,279,2024-11-30,2024-12-01
style.tribunnews.com,Page,N/A,N/A,style.tribunnews.com/2017/08/22/4-anime-dewasa-yang-tidak-boleh-ditonton-anak-kecil-awas-banyak-adegan-erotisnya?page=2,No,Adult: Sexual content,Restricted ad serving,ca-pub-7784034061253020,279,2024-11-28,2024-12-02
www.tribunnews.com,Page,N/A,N/A,www.tribunnews.com/parapuan/2022/10/08/ada-3-posisi-klasik-saat-berhubungan-intim-salah-satunya-missionary,No,Adult: Sexual content,Restricted ad serving,ca-pub-7784034061253020,278,2024-11-27,2024-12-02
wartakota.tribunnews.com,Page,N/A,N/A,wartakota.tribunnews.com/2023/08/15/kumpulan-film-jepang-terbaru-2023-cocok-disaksikan-bagi-pasangan-yang-baru-menikah-khusus-dewasa?page=all,No,Adult: Sexual content,Restricted ad serving,ca-pub-7784034061253020,278,2024-11-29,2024-12-02
wartakota.tribunnews.com,Page,N/A,N/A,wartakota.tribunnews.com/2017/11/01/wanita-ini-tak-rela-alat-kelamin-cowoknya-dinikmati-cewek-lain-maka-alat-kelamin-itu-dibakar,Yes,Site Behavior: Navigation,Restricted ad serving,ca-pub-7784034061253020,277,2024-11-27,2024-12-03
batam.tribunnews.com,Page,N/A,N/A,batam.tribunnews.com/2024/12/01/pemerintah-kecamatan-bintim-mediasi-masalah-lahan-antar-warga-diduga-saling-klaim-kepemilikan-tanah?page=2,No,Adult: Sexual content,Restricted ad serving,ca-pub-7784034061253020,275,2024-11-30,2024-12-02
www.tribunnews.com,Page,N/A,N/A,www.tribunnews.com/regional/2024/12/02/suami-yang-bunuh-istri-dan-anaknya-di-pangkalpinang-ditetapkan-jadi-tersangka?page=3,No,Adult: Sexual content,Restricted ad serving,ca-pub-7784034061253020,274,2024-12-01,2024-12-02
www.tribunnews.com,Page,N/A,N/A,www.tribunnews.com/regional/2024/12/02/psikolog-forensik-bicara-soal-kasus-anak-bunuh-ayah-nenek-di-lebak-bulus-5-hal-ini-perlu-ditelaah?page=2,No,Adult: Sexual content,Restricted ad serving,ca-pub-7784034061253020,273,2024-12-01,2024-12-02
www.tribunnews.com,Page,N/A,N/A,www.tribunnews.com/regional/2021/03/18/bus-restu-tabrak-belakang-truk-di-gresik-kernet-tewas?lgn_method=google&google_btn=onetap,No,Adult: Sexual content,Restricted ad serving,ca-pub-7784034061253020,273,2024-12-01,2024-12-02
solo.tribunnews.com,Page,N/A,N/A,solo.tribunnews.com/2020/01/23/chord-ukulele-dan-lirik-lagu-harusnya-aku-armada-harusnya-aku-yang-disana,Yes,Encouraging accidental clicks: Layout;Google-served ads obscuring content,Restricted ad serving,ca-pub-7784034061253020,273,2024-11-27,2024-12-03
aceh.tribunnews.com,Page,N/A,N/A,aceh.tribunnews.com/2024/05/02/bolehkan-hubungan-suami-istri-tanpa-busana-full-begini-hukumnya-kata-buya-yahya,No,Adult: Sexual content,Restricted ad serving,ca-pub-7784034061253020,273,2024-11-29,2024-12-02
jabar.tribunnews.com,Page,N/A,N/A,jabar.tribunnews.com/2022/01/31/spesialis-ahli-pengobatan-alat-vital-tangerang-banten-terbaik-terpercaya-klinik-bpk-habdul-nun,No,Adult: Sexual content,Restricted ad serving,ca-pub-7784034061253020,269,2024-11-27,2024-12-02
makassar.tribunnews.com,Page,N/A,N/A,makassar.tribunnews.com/2015/04/02/jangan-sampai-anda-terkena-hiv-coba-cek-lidah,No,Shocking content,Restricted ad serving,ca-pub-7784034061253020,268,2024-11-28,2024-12-02
www.tribunnews.com,Page,N/A,N/A,www.tribunnews.com/internasional/2014/03/13/persaingan-prostitusi-di-jepang-boleh-bersenang-senang-tapi-jangan-mencium,No,Adult: Sexual content,Restricted ad serving,ca-pub-7784034061253020,265,2024-11-28,2024-12-02
jateng.tribunnews.com,Page,N/A,N/A,jateng.tribunnews.com/2022/12/25/kisah-nyata-mbah-jiwo-dengar-bisikan-setan-tega-mutilasi-cucu-jadi-79-bagian-untuk-dimasak,No,Adult: Sexual content,Restricted ad serving,ca-pub-7784034061253020,265,2024-11-28,2024-12-01
makassar.tribunnews.com,Page,N/A,N/A,makassar.tribunnews.com/2020/07/31/ini-29-aplikasi-link-nonton-film-online-film-dewasa-drakor-download-film-mirip-indoxxi-gratis,No,Adult: Sexual content,Restricted ad serving,ca-pub-7784034061253020,264,2024-11-27,2024-12-02
m.tribunnews.com,Page,N/A,N/A,m.tribunnews.com/regional/2024/12/02/suami-yang-bunuh-istri-dan-anaknya-di-pangkalpinang-ditetapkan-jadi-tersangka,No,Adult: Sexual content,Restricted ad serving,ca-pub-7784034061253020,263,2024-12-01,2024-12-02
m.tribunnews.com,Page,N/A,N/A,m.tribunnews.com/mata-lokal-memilih/2024/11/29/profil-nina-agustina-yang-kalah-dari-lucky-hakim-di-pilkada-indramayu-sempat-viral-omeli-warga?page=2,No,Shocking content,Restricted ad serving,ca-pub-7784034061253020,262,2024-12-01,2024-12-01
jabar.tribunnews.com,Page,N/A,N/A,jabar.tribunnews.com/2024/03/25/pengobatan-alat-vital-bandung-aa-h-kosasih,No,Adult: Sexual content,Restricted ad serving,ca-pub-7784034061253020,262,2024-11-27,2024-12-02
wartakota.tribunnews.com,Page,N/A,N/A,wartakota.tribunnews.com/2024/06/07/viral-ibu-berbaju-oranye-cabuli-anak-lelakinya-sendiri-sudah-ditangkap-polisi,No,Adult: Sexual content,Restricted ad serving,ca-pub-7784034061253020,260,2024-11-27,2024-12-02
batam.tribunnews.com,Page,N/A,N/A,batam.tribunnews.com/2024/12/01/pemerintah-kecamatan-bintim-mediasi-masalah-lahan-antar-warga-diduga-saling-klaim-kepemilikan-tanah?page=3,No,Adult: Sexual content,Restricted ad serving,ca-pub-7784034061253020,260,2024-11-30,2024-12-02
m.tribunnews.com,Page,N/A,N/A,m.tribunnews.com/regional/2024/12/02/sosok-tersangka-pelaku-pembunuhan-istri-anak-riki-suami-pencemburu-polisi-masih-dalami-motifnya?page=3,No,Adult: Sexual content,Restricted ad serving,ca-pub-7784034061253020,259,2024-12-01,2024-12-01
bali.tribunnews.com,Page,N/A,N/A,bali.tribunnews.com/2018/04/09/kencan-dengan-pria-di-atas-50-tahun-ada-8-saran-dari-seorang-penulis-lisa-copeland,Yes,Ads Disguised as Content,Restricted ad serving,ca-pub-7784034061253020,257,2024-11-27,2024-12-02
makassar.tribunnews.com,Page,N/A,N/A,makassar.tribunnews.com/2022/06/29/ciri-ciri-wanita-yang-sudah-tidak-perawan-perhatikan-telapak-tangannya?page=2,No,Adult: Sexual content,Restricted ad serving,ca-pub-7784034061253020,256,2024-11-27,2024-12-02
makassar.tribunnews.com,Page,N/A,N/A,makassar.tribunnews.com/2022/11/01/tak-hanya-bentuk-payudara-kenali-lima-ciri-ciri-fisik-lain-wanita-tak-perawan-lagi,No,Adult: Sexual content,Restricted ad serving,ca-pub-7784034061253020,254,2024-11-27,2024-12-02
pekanbaru.tribunnews.com,Page,N/A,N/A,pekanbaru.tribunnews.com/2024/01/11/video-senna-cosplay-dan-link-video-viral-pamer-tubuh-diduga-senna-cosplayer-elaina-disebar-di-x,No,Adult: Sexual content,Restricted ad serving,ca-pub-7784034061253020,253,2024-11-29,2024-12-02
health.tribunnews.com,Page,N/A,N/A,health.tribunnews.com/2021/09/28/mengapa-penis-terasa-nyeri-saat-ereksi-begini-tanggapan-dr-binsar-martin-sinaga-fias,No,Adult: Sexual content,Restricted ad serving,ca-pub-7784034061253020,253,2024-11-27,2024-12-02
bali.tribunnews.com,Page,N/A,N/A,bali.tribunnews.com/2017/08/08/risiko-seks-oral-bukan-sipilis-dan-hiv-namun-malah-memicu-kanker-lidah-dan-mulut-bagaimana-bisa,Yes,Ads Disguised as Content,Restricted ad serving,ca-pub-7784034061253020,251,2024-11-27,2024-12-01
jabar.tribunnews.com,Page,N/A,N/A,jabar.tribunnews.com/pemilu,No,Adult: Sexual content,Restricted ad serving,ca-pub-7784034061253020,250,2024-12-01,2024-12-01
health.tribunnews.com,Page,N/A,N/A,health.tribunnews.com/2023/09/27/wanita-terasa-geli-ketika-berhubungan-seksual-tergolong-normal-begini-penjelasan-dokter,No,Adult: Sexual content,Restricted ad serving,ca-pub-7784034061253020,250,2024-11-29,2024-12-01
pekanbaru.tribunnews.com,Page,N/A,N/A,pekanbaru.tribunnews.com/2020/07/26/hukum-oral-seks-dalam-islam-berikut-tiga-pandangan-hukum-yang-mengatur-tentang-oral-seks?page=all,No,Adult: Sexual content,Restricted ad serving,ca-pub-7784034061253020,249,2024-11-28,2024-12-01
bekasi.tribunnews.com,Page,N/A,N/A,bekasi.tribunnews.com/2022/07/30/film-semi-thailand-terlaris-ditonton-mulai-dari-kisah-percintaan-dan-perselingkuhan-khusus-dewasa,No,Adult: Sexual content,Restricted ad serving,ca-pub-7784034061253020,249,2024-11-27,2024-12-02
jatim.tribunnews.com,Page,N/A,N/A,jatim.tribunnews.com/2022/03/15/arti-kata-depo-bahasa-gaul-viral-di-media-sosial-gegara-kasus-indra-kenz-dan-doni-salmanan,No,Google-served ads obscuring content,Restricted ad serving,ca-pub-7784034061253020,248,2024-11-27,2024-12-02
bangka.tribunnews.com,Page,N/A,N/A,bangka.tribunnews.com/2016/04/01/inilah-5-tanda-tanda-wanita-yang-baru-saja-berhubungan-cinta,No,Adult: Sexual content,Restricted ad serving,ca-pub-7784034061253020,248,2024-11-27,2024-12-02
bangka.tribunnews.com,Page,N/A,N/A,bangka.tribunnews.com/2010/10/16/mahkota-kegadisan-direnggut-ayah-kandung,No,Adult: Sexual content,Restricted ad serving,ca-pub-7784034061253020,248,2024-11-27,2024-12-02
medan.tribunnews.com,Page,N/A,N/A,medan.tribunnews.com/editor/abditumanggor,No,Shocking content,Restricted ad serving,ca-pub-7784034061253020,247,2024-11-29,2024-12-01
health.tribunnews.com,Page,N/A,N/A,health.tribunnews.com/2024/12/01/dok-boleh-gak-menggunakan-pantiliner-yang-harum-semriwing-dan-parfum-saat-keputihan,No,Adult: Sexual content,Restricted ad serving,ca-pub-7784034061253020,247,2024-11-30,2024-12-01
bogor.tribunnews.com,Page,N/A,N/A,bogor.tribunnews.com/2021/03/07/tafsir-mimpi-berhubungan-badan-dengan-sahabat-atau-suami-orang-pertanda-buruk,No,Adult: Sexual content,Restricted ad serving,ca-pub-7784034061253020,247,2024-11-27,2024-12-01
bogor.tribunnews.com,Page,N/A,N/A,bogor.tribunnews.com/2016/09/15/4-bintang-film-dewasa-ini-berasal-dari-indonesia-lahir-di-tegal-dan-terkenal-di-luar-negeri?page=3,No,Adult: Sexual content,Restricted ad serving,ca-pub-7784034061253020,247,2024-12-02,2024-12-02
m.tribunnews.com,Page,N/A,N/A,m.tribunnews.com/regional/2024/11/26/siswa-smk-semarang-ditembak-mati-ramai-ramai-bantah-tuduhan-polisi-dia-anak-baik-bukan-gangster?page=3,No,Adult: Sexual content,Restricted ad serving,ca-pub-7784034061253020,246,2024-11-29,2024-12-02
bangka.tribunnews.com,Page,N/A,N/A,bangka.tribunnews.com/2017/03/13/astaga-pria-ini-puaskan-nafsunya-ke-alat-bantu-seks-kalau-nggak-ada-bocah-buat-dicabuli,No,Adult: Sexual content,Restricted ad serving,ca-pub-7784034061253020,246,2024-11-27,2024-12-02
pekanbaru.tribunnews.com,Page,N/A,N/A,pekanbaru.tribunnews.com/2024/12/02/dibacok-suami-berkali-kali-gara-gara-cemburu-lr-video-call-ayahnya-dalam-kondisi-berlumuran-darah,No,Shocking content,Restricted ad serving,ca-pub-7784034061253020,244,2024-12-02,2024-12-02
health.tribunnews.com,Page,N/A,N/A,health.tribunnews.com/2023/07/25/jika-seseorang-mudah-geli-apakah-berpengaruh-dengan-area-sensitif-dr-binsar-beri-penjelasan,No,Adult: Sexual content,Restricted ad serving,ca-pub-7784034061253020,244,2024-11-27,2024-12-02
suryamalang.tribunnews.com,Page,N/A,N/A,suryamalang.tribunnews.com/404,Yes,Google-served ads on screens without publisher-content,Restricted ad serving,ca-pub-7784034061253020,243,2024-11-27,2024-12-02
m.tribunnews.com,Page,N/A,N/A,m.tribunnews.com/regional/2024/12/02/tersangka-pembunuh-istri-anak-meninggal-polisi-ungkap-motif-kronologis-riki-bunuh-keluarganya?page=2,No,Adult: Sexual content,Restricted ad serving,ca-pub-7784034061253020,243,2024-12-02,2024-12-02
bangka.tribunnews.com,Page,N/A,N/A,bangka.tribunnews.com/2024/12/03/kronologi-suami-di-pangkalpinang-tega-habisi-istri-dan-bayi-10-bulan-hingga-penangkapan-tersangka,No,Adult: Sexual content,Restricted ad serving,ca-pub-7784034061253020,243,2024-12-02,2024-12-02
www.tribunnews.com,Page,N/A,N/A,www.tribunnews.com/regional/2024/12/01/guru-heri-aprianus-tewas-di-kampar-riau-jasad-korban-dibakar-pembunuh-masih-misterius,No,Adult: Sexual content,Restricted ad serving,ca-pub-7784034061253020,241,2024-12-02,2024-12-02
jogja.tribunnews.com,Page,N/A,N/A,jogja.tribunnews.com/2017/10/13/enam-penyanyi-dangdut-ini-suka-tampil-hot-saat-manggung-bikin-mata-pria-merem-melek,No,Adult: Sexual content,Restricted ad serving,ca-pub-7784034061253020,241,2024-11-27,2024-12-02
bangka.tribunnews.com,Page,N/A,N/A,bangka.tribunnews.com/2023/12/27/harga-rokok-2024-naik-harga-sampoerna-mild-surya-la-djarum-marlboro-diprediksi-jadi-segini,No,Tobacco,Restricted ad serving,ca-pub-7784034061253020,240,2024-11-30,2024-12-02
bangka.tribunnews.com,Page,N/A,N/A,bangka.tribunnews.com/2022/07/31/3-gerakan-yang-disukai-wanita-agar-capai-klimaks-inez-kristanti-naik-turun-dan-beritme,No,Adult: Sexual content,Restricted ad serving,ca-pub-7784034061253020,240,2024-11-28,2024-12-01
m.tribunnews.com,Page,N/A,N/A,m.tribunnews.com/kesehatan/2019/04/04/saat-bercinta-ini-6-tahapan-yang-dirasakan-perempuan-sampai-orgasme,No,Adult: Sexual content,Restricted ad serving,ca-pub-7784034061253020,238,2024-11-27,2024-12-03
jatim.tribunnews.com,Page,N/A,N/A,jatim.tribunnews.com/2017/05/05/main-sama-anjing-sambil-nungging-bagian-belakang-awkarin-ada-yang-nongol-posenya-mesum,Yes,Site Behavior: Navigation,Restricted ad serving,ca-pub-7784034061253020,238,2024-11-27,2024-12-02
bali.tribunnews.com,Page,N/A,N/A,bali.tribunnews.com/2023/02/18/6-arti-mimpi-seks-mimpi-berhubungan-dengan-orang-asing-pertanda-kesepian-baca-lengkapnya-di-sini,No,Adult: Sexual content,Restricted ad serving,ca-pub-7784034061253020,238,2024-11-27,2024-12-02
www.tribunnews.com,Page,N/A,N/A,www.tribunnews.com/internasional/2019/05/23/aktor-senior-film-dewasa-jepang-hubungan-pria-dan-wanita-terpenting-adalah-komunikasi,No,Adult: Sexual content,Restricted ad serving,ca-pub-7784034061253020,236,2024-11-27,2024-12-03
medan.tribunnews.com,Page,N/A,N/A,medan.tribunnews.com/2021/01/30/sudah-1-dekade-main-film-panas-peran-pertama-kakek-sugiono-tokuda-jadi-guru-nakal-ozawa-muridnya,No,Adult: Sexual content,Restricted ad serving,ca-pub-7784034061253020,236,2024-11-28,2024-12-02
pekanbaru.tribunnews.com,Page,N/A,N/A,pekanbaru.tribunnews.com/2022/10/06/yok-ini-bocoran-cara-nonton-streaming-film-young-mother-sub-indo-full-movie,Yes,Ads Disguised as Content,Restricted ad serving,ca-pub-7784034061253020,235,2024-11-27,2024-12-02
bangka.tribunnews.com,Page,N/A,N/A,bangka.tribunnews.com/2022/08/20/amalan-dan-doa-khusus-di-ajarkan-rasulullah-saw-agar-suami-perkasa-saat-lakukan-hubungan-suami-istri,No,Adult: Sexual content,Restricted ad serving,ca-pub-7784034061253020,235,2024-12-02,2024-12-02
www.tribunnews.com,Page,N/A,N/A,www.tribunnews.com/seleb/2024/12/03/bongkar-fakta-soal-dugaan-aborsi-lolly-dicecar-hingga-45-pertanyaan-oleh-tim-penyidik,No,Adult: Sexual content,Restricted ad serving,ca-pub-7784034061253020,234,2024-12-02,2024-12-02
solo.tribunnews.com,Page,N/A,N/A,solo.tribunnews.com/2017/08/03/berwajah-tampan-pria-ini-sudah-tiduri-3000an-wanita-pengakuan-soal-profesinya-bikin-melongo,No,Adult: Sexual content,Restricted ad serving,ca-pub-7784034061253020,234,2024-11-27,2024-12-01
medan.tribunnews.com,Page,N/A,N/A,medan.tribunnews.com/2024/10/31/siasat-keji-pembunuh-sinta-wanita-tanpa-kepala-di-muara-baru-dibungkus-plastik-sampai-lima-lapis,No,Shocking content,Restricted ad serving,ca-pub-7784034061253020,234,2024-11-28,2024-12-02
banjarmasin.tribunnews.com,Page,N/A,N/A,banjarmasin.tribunnews.com/2019/09/05/saluang-belum-akar-kayu-yang-bisa-meningkatkan-keperkasaan-lelaki,No,Adult: Sexual content,Restricted ad serving,ca-pub-7784034061253020,233,2024-11-28,2024-12-01
jateng.tribunnews.com,Page,N/A,N/A,jateng.tribunnews.com/2016/08/10/inilah-8-artis-janda-hot-ini-paling-diinginkan-para-lelaki-siapa-saja-mereka,No,Adult: Sexual content,Restricted ad serving,ca-pub-7784034061253020,231,2024-11-29,2024-12-01
pekanbaru.tribunnews.com,Page,N/A,N/A,pekanbaru.tribunnews.com/2021/08/27/film-bokeh-maika-monroe-trend-xnxubd-film-bokeh-full-bokeh-lights-bokeh-video-google-apk-download,Yes,Ads Disguised as Content,Restricted ad serving,ca-pub-7784034061253020,230,2024-11-27,2024-12-02
aceh.tribunnews.com,Page,N/A,N/A,aceh.tribunnews.com/2024/05/09/mudah-begini-cara-mengatasi-perut-buncit-ala-dr-zaidul-akbar-kurangi-makanan-ini,No,Adult: Sexual content,Restricted ad serving,ca-pub-7784034061253020,230,2024-11-27,2024-12-01
aceh.tribunnews.com,Page,N/A,N/A,aceh.tribunnews.com/2023/09/27/kabar-terbaru-pony-orangutan-yang-dijadikan-pelacur-21-tahun-silam-masih-trauma-lihat-mantan-tuan,No,Adult: Sexual content,Restricted ad serving,ca-pub-7784034061253020,230,2024-12-01,2024-12-02
wartakota.tribunnews.com,Page,N/A,N/A,wartakota.tribunnews.com/2020/02/21/ibu-mertua-intip-menantu-dan-anaknya-berhubungan-badan-ternyata-ini-tujuan-sebenarnya,Yes,Modified ad code: Resizing Ad Frames,Restricted ad serving,ca-pub-7784034061253020,227,2024-11-27,2024-12-02
pekanbaru.tribunnews.com,Page,N/A,N/A,pekanbaru.tribunnews.com/2021/07/03/viral-tiktok-andaikan-hp-ku-tidak-jatuh-ada-apa-dengan-rina-hole-film-anime-stuck-in-the-wall,Yes,Ads Disguised as Content,Restricted ad serving,ca-pub-7784034061253020,224,2024-11-27,2024-12-02
manado.tribunnews.com,Page,N/A,N/A,manado.tribunnews.com/2021/09/17/10-arti-mimpi-burung-beo-berdasarkan-warnanya-ini-tafsirannya,No,Shocking content,Restricted ad serving,ca-pub-7784034061253020,224,2024-11-28,2024-12-01
bengkulu.tribunnews.com,Page,N/A,N/A,bengkulu.tribunnews.com/2024/08/07/viral-sangkaan-kekerasan-oknum-tni-di-pekanbaru-riau-korban-meninggal-dan-cctv-disebut-aneh,No,Shocking content,Restricted ad serving,ca-pub-7784034061253020,224,2024-11-28,2024-12-01
bangka.tribunnews.com,Page,N/A,N/A,bangka.tribunnews.com/2017/10/04/intip-kampung-cinta-di-subang-gadisnya-cantik-dan-nikahnya-murah-ditinggalin-jika-bosan,Yes,Site Behavior: Navigation,Restricted ad serving,ca-pub-7784034061253020,224,2024-11-27,2024-12-02
style.tribunnews.com,Page,N/A,N/A,style.tribunnews.com/2024/02/18/bocil-dilarang-klik-5-anime-17-genre-ecchi-ada-isekai-maou-to-shoukan-shoujo-no-dorei-majutsu,No,Adult: Sexual content,Restricted ad serving,ca-pub-7784034061253020,223,2024-11-29,2024-12-02
wartakota.tribunnews.com,Page,N/A,N/A,wartakota.tribunnews.com/2017/04/24/video-adegan-ayu-ting-ting-di-atas-ranjang-bikin-heboh,Yes,Site Behavior: Navigation,Restricted ad serving,ca-pub-7784034061253020,222,2024-11-27,2024-12-03
www.tribunnews.com,Page,N/A,N/A,www.tribunnews.com/regional/2024/12/03/7-fakta-aipda-nikson-bunuh-ibu-kandung-di-warung-alat-pembunuh-hingga-aksi-kabur-dengan-pikap?page=2,No,Adult: Sexual content,Restricted ad serving,ca-pub-7784034061253020,221,2024-12-02,2024-12-02
www.tribunnews.com,Page,N/A,N/A,www.tribunnews.com/regional/2024/12/02/suami-yang-bunuh-istri-dan-anaknya-di-pangkalpinang-ditetapkan-jadi-tersangka?page=2,No,Adult: Sexual content,Restricted ad serving,ca-pub-7784034061253020,221,2024-12-01,2024-12-02
www.tribunnews.com,Page,N/A,N/A,www.tribunnews.com/regional/2024/11/26/akp-dadang-tembak-kepala-juniornya-eks-kabareskrim-tembakan-di-kepala-bukan-sengaja-niat-membunuh?page=2,No,Adult: Sexual content,Restricted ad serving,ca-pub-7784034061253020,221,2024-12-02,2024-12-02
www.tribunnews.com,Page,N/A,N/A,www.tribunnews.com/regional/2021/03/05/kronologi-lengkap-pembunuhan-gadis-cantik-di-hotel-kediri-korban-ditikam-pisau-belati-usai-bercinta,Yes,Ads Disguised as Content,Restricted ad serving,ca-pub-7784034061253020,220,2024-11-27,2024-12-02
belitung.tribunnews.com,Page,N/A,N/A,belitung.tribunnews.com/2022/10/07/pasutri-harus-tahu-ternyata-air-mani-dan-sperma-tidak-sama-ini-penjelasan-dr-saddam-ismail,No,Adult: Sexual content,Restricted ad serving,ca-pub-7784034061253020,219,2024-11-28,2024-12-02
pontianak.tribunnews.com,Page,N/A,N/A,pontianak.tribunnews.com/2017/11/13/6-artis-papan-atas-ini-menyesal-pernah-bugil-dan-lakukan-adegan-panas-di-film,No,Adult: Sexual content,Restricted ad serving,ca-pub-7784034061253020,218,2024-11-27,2024-12-02
style.tribunnews.com,Page,N/A,N/A,style.tribunnews.com/2017/06/26/lirik-lagu-brother-kodaline-malu-ungkapin-rasa-sayang-ke-saudara-kodein-aja-pakai-hits-baru-ini,Yes,Encouraging accidental clicks: Layout,Restricted ad serving,ca-pub-7784034061253020,217,2024-11-27,2024-12-02
kaltim.tribunnews.com,Page,N/A,N/A,kaltim.tribunnews.com/2023/06/06/dilarang-tayang-di-indonesia-5-anime-penuh-adegan-panas-18-tanpa-sensor?page=2,No,Adult: Sexual content,Restricted ad serving,ca-pub-7784034061253020,217,2024-11-27,2024-12-02
bogor.tribunnews.com,Page,N/A,N/A,bogor.tribunnews.com/2024/03/22/arti-mimpi-diperkosa-menurut-primbon-jawa-pertanda-akan-ada-masalah-dengan-bisnismu,Yes,Google-served ads obscuring content;Modified Javascript: Ads by Google size,Restricted ad serving,ca-pub-7784034061253020,216,2024-11-27,2024-12-02
jabar.tribunnews.com,Page,N/A,N/A,jabar.tribunnews.com/2024/12/02/santri-di-cililin-bandung-barat-diduga-dianiaya-pimpinan-ponpes-dituduh-mencuri-dan-dipulangkan,No,Adult: Sexual content,Restricted ad serving,ca-pub-7784034061253020,215,2024-12-02,2024-12-02
bali.tribunnews.com,Page,N/A,N/A,bali.tribunnews.com/2017/02/18/ciri-wanita-hiperseks-suka-gonta-ganti-pasangan-dan-umbar-konten-porno,No,Adult: Sexual content,Restricted ad serving,ca-pub-7784034061253020,215,2024-11-27,2024-12-02
kupang.tribunnews.com,Page,N/A,N/A,kupang.tribunnews.com/2021/01/28/main-nyosor-aja-5-zodiak-ini-dikenal-punya-nafsu-paling-tinggi-di-antara-12-zodiak-lainnya-kamu,No,Adult: Sexual content,Restricted ad serving,ca-pub-7784034061253020,214,2024-11-30,2024-12-02
aceh.tribunnews.com,Page,N/A,N/A,aceh.tribunnews.com/tag/harga-cabai-merah,Yes,Google-served ads on screens without publisher-content,Restricted ad serving,ca-pub-7784034061253020,213,2024-11-27,2024-12-02
www.tribunnews.com,Page,N/A,N/A,www.tribunnews.com/regional/2024/11/22/kronologi-lengkap-carok-di-sampang-hingga-tewaskan-jimmy-saksi-cabup-ada-isu-pemukulan-kiai?page=3,No,Shocking content,Restricted ad serving,ca-pub-7784034061253020,212,2024-11-27,2024-12-02
pontianak.tribunnews.com,Page,N/A,N/A,pontianak.tribunnews.com/2021/08/16/fathu-makkah-arti-penyebab-dan-sejarah-pembebasan-mekkah,No,Google-served ads obscuring content,Restricted ad serving,ca-pub-7784034061253020,211,2024-11-27,2024-12-02
belitung.tribunnews.com,Page,N/A,N/A,belitung.tribunnews.com/2024/12/02/motif-riki-bunuh-istri-dan-tewaskan-anak-di-bak-mandi-cemburu-tuduh-korban-ada-pria-lain?page=2,No,Adult: Sexual content,Restricted ad serving,ca-pub-7784034061253020,211,2024-12-02,2024-12-02
pekanbaru.tribunnews.com,Page,N/A,N/A,pekanbaru.tribunnews.com/2022/10/27/cewek-wajib-tahu-34b-kecil-atau-besar-34b-artinya-bahasa-gaul-apa,Yes,Ads Disguised as Content,Restricted ad serving,ca-pub-7784034061253020,209,2024-11-27,2024-12-02
kaltim.tribunnews.com,Page,N/A,N/A,kaltim.tribunnews.com/2023/02/12/6-anime-yang-haram-ditonton-oleh-bocil-miliki-adegan-dan-karakter-panas-tanpa-sensor?page=3,No,Adult: Sexual content,Restricted ad serving,ca-pub-7784034061253020,209,2024-11-27,2024-12-01
bangka.tribunnews.com,Page,N/A,N/A,bangka.tribunnews.com/2022/07/21/cerita-pelanggan-pijat-plus-plus-di-pingiran-pangkalpinang-tambah-rp-200000-dapat-full-service,Yes,Ads Disguised as Content,Restricted ad serving,ca-pub-7784034061253020,209,2024-11-27,2024-12-03
m.tribunnews.com,Page,N/A,N/A,m.tribunnews.com/regional/2024/11/22/dokter-ja-ngaku-diteror-usai-laporkan-istri-selingkuh-dengan-mantan-dandim-makassar-rumah-digembok,No,Adult: Sexual content,Restricted ad serving,ca-pub-7784034061253020,208,2024-11-29,2024-12-02
manado.tribunnews.com,Page,N/A,N/A,manado.tribunnews.com/2021/09/17/10-arti-mimpi-tentang-burung-kolibri-bisa-jadi-anda-tidak-dapat-penuhi-impian-cek-tafsirannya,No,Shocking content,Restricted ad serving,ca-pub-7784034061253020,207,2024-11-29,2024-12-02
lampung.tribunnews.com,Page,N/A,N/A,lampung.tribunnews.com/2016/06/13/induk-kucing-disteril-adakah-efek-bagi-produksi-susu,No,Shocking content,Restricted ad serving,ca-pub-7784034061253020,207,2024-11-27,2024-12-02
makassar.tribunnews.com,Page,N/A,N/A,makassar.tribunnews.com/2021/04/03/janda-muda-jadi-pemuas-nafsu-dibayar-murah-sekali-main-bingung-saat-dapat-tamu-pertama,Yes,Ads Disguised as Content,Restricted ad serving,ca-pub-7784034061253020,206,2024-11-27,2024-12-02
jabar.tribunnews.com,Page,N/A,N/A,jabar.tribunnews.com/2024/12/02/persib-bandung-berpeluang-turun-posisi-sore-ini-tapi-tak-sampai-keluar-dari-zona-tiga-besar?page=2,No,Adult: Sexual content,Restricted ad serving,ca-pub-7784034061253020,206,2024-12-01,2024-12-01
bangka.tribunnews.com,Page,N/A,N/A,bangka.tribunnews.com/2016/04/19/video-adegan-marshanda-di-ranjang-dalam-film-terbarunya-bikin-heboh,No,Adult: Sexual content,Restricted ad serving,ca-pub-7784034061253020,206,2024-11-28,2024-12-01
m.tribunnews.com,Page,N/A,N/A,m.tribunnews.com/internasional/2024/11/20/kisah-hidup-tragis-mary-jane-versi-media-filipina-nyaris-diperkosa-hingga-diduga-dijebak-narkoba?utm_source=pushnotif?source=kgnotif_1,No,Adult: Sexual content,Restricted ad serving,ca-pub-7784034061253020,205,2024-11-30,2024-12-01
www.tribunnewswiki.com,Page,N/A,N/A,www.tribunnewswiki.com/2023/05/02/viral-video-47-detik-gadis-bali-3-link-tersebar-di-twitter-dan-telegram-dengan-watermark-om-bejo,No,Adult: Sexual content,Restricted ad serving,ca-pub-7784034061253020,204,2024-11-30,2024-12-02
manado.tribunnews.com,Page,N/A,N/A,manado.tribunnews.com/2019/03/13/bingung-hadapi-pelakor-ini-jurus-jitu-nan-elegan-agar-pelaku-jera-jangan-umbar-di-media-sosial,Yes,Ads Disguised as Content,Restricted ad serving,ca-pub-7784034061253020,204,2024-11-27,2024-12-03
bangka.tribunnews.com,Page,N/A,N/A,bangka.tribunnews.com/2020/09/28/kronologi-penculikan-dan-pembantaian-7-jenderal-pada-peristiwa-g30spki-30-september-1965,No,Shocking content,Restricted ad serving,ca-pub-7784034061253020,204,2024-12-01,2024-12-01
makassar.tribunnews.com,Page,N/A,N/A,makassar.tribunnews.com/2015/09/10/puting-berubah-warna-mati-rasa-kempis-atau-mengeras-mengapa-baca-ini,No,Adult: Sexual content,Restricted ad serving,ca-pub-7784034061253020,202,2024-11-27,2024-12-02
makassar.tribunnews.com,Page,N/A,N/A,makassar.tribunnews.com/2017/10/12/kamu-wajib-tahu-6-cara-tahu-cewek-tak-perawan-cukup-lihat-hidung-telapak-tangan-matanya,No,Adult: Sexual content,Restricted ad serving,ca-pub-7784034061253020,201,2024-11-29,2024-12-01
www.tribunnews.com,Page,N/A,N/A,www.tribunnews.com/kesehatan/2017/07/08/terungkap-rahasia-bentuk-bibir-wanita-dan-tingginya-nafsu-seksual,No,Adult: Sexual content,Restricted ad serving,ca-pub-7784034061253020,200,2024-11-27,2024-12-02
medan.tribunnews.com,Page,N/A,N/A,medan.tribunnews.com/2024/12/03/akhir-hidup-mahasiswi-dihamili-pacar-dibunuh-dan-dibakar-saat-diajak-ke-tempat-aborsi?page=2,No,Shocking content,Restricted ad serving,ca-pub-7784034061253020,199,2024-12-02,2024-12-02
jabar.tribunnews.com,Page,N/A,N/A,jabar.tribunnews.com/2024/09/30/viral-video-tkw-karawang-alami-penyiksaan-disetrika-sampai-disiram-air-panas,No,Shocking content,Restricted ad serving,ca-pub-7784034061253020,198,2024-11-30,2024-12-01
belitung.tribunnews.com,Page,N/A,N/A,belitung.tribunnews.com/2017/03/13/video-gadis-goyang-goyangkan-dada-saat-pakai-seragam-mendadak-viral,No,Adult: Sexual content;Shocking content,Restricted ad serving,ca-pub-7784034061253020,197,2024-11-27,2024-12-03
banjarmasin.tribunnews.com,Page,N/A,N/A,banjarmasin.tribunnews.com/tag/film-mesum,Yes,Google-served ads on screens without publisher-content,Restricted ad serving,ca-pub-7784034061253020,197,2024-11-27,2024-12-02
www.tribunnews.com,Page,N/A,N/A,www.tribunnews.com/regional/2024/12/02/lagi-anak-bunuh-ayah-di-ponorogo-diduga-cekcok-soal-makanan-sang-ayah-marbot-masjid?page=2,No,Adult: Sexual content,Restricted ad serving,ca-pub-7784034061253020,195,2024-12-01,2024-12-01
www.tribunnews.com,Page,N/A,N/A,www.tribunnews.com/regional/2011/04/01/subandi-mak-erot-dari-trenggalek,No,Adult: Sexual content,Restricted ad serving,ca-pub-7784034061253020,195,2024-11-27,2024-12-03
www.tribunnews.com,Page,N/A,N/A,www.tribunnews.com/kesehatan/2018/02/12/jauh-dari-suami-ibu-2-anak-ini-3-tahun-pakai-sex-toys-blak-blakan-soal-rasa-dan-pendapat-suaminya?page=2,No,Adult: Sexual content,Restricted ad serving,ca-pub-7784034061253020,195,2024-12-02,2024-12-02
surabaya.tribunnews.com,Page,N/A,N/A,surabaya.tribunnews.com/2024/11/22/senasib-dengan-penjual-di-sidoarjo-kakek-ini-diberi-rp-5-juta-oleh-konten-kreator-tapi-diambil-lagi?source=kgnotif_1,No,Shocking content,Restricted ad serving,ca-pub-7784034061253020,195,2024-12-02,2024-12-02
www.tribunnews.com,Page,N/A,N/A,www.tribunnews.com/regional/2024/12/02/breaking-news-sempat-dihadirkan-saat-konferensi-pers-tersangka-pembunuhan-istri-anak-meninggal,No,Adult: Sexual content,Restricted ad serving,ca-pub-7784034061253020,194,2024-12-02,2024-12-02
www.tribunnews.com,Page,N/A,N/A,www.tribunnews.com/fullsite,No,Adult: Sexual content,Restricted ad serving,ca-pub-7784034061253020,194,2024-11-30,2024-12-02
makassar.tribunnews.com,Page,N/A,N/A,makassar.tribunnews.com/2017/12/16/beginilah-nasib-7-bintang-film-panas-jepang-saat-tobat-nomor-7-bikin-cara-sendiri-layani-fans,Yes,Site Behavior: Navigation,Restricted ad serving,ca-pub-7784034061253020,194,2024-11-27,2024-12-02
kupang.tribunnews.com,Page,N/A,N/A,kupang.tribunnews.com/2019/07/18/terlihat-sangat-perkasaternyata-ini-cara-aktor-film-porno-menjaga-ereksinya-bertahan-sepanjang-film,No,Adult: Sexual content,Restricted ad serving,ca-pub-7784034061253020,194,2024-11-27,2024-12-02
www.tribunnews.com,Page,N/A,N/A,www.tribunnews.com/regional/2024/12/02/perbandingan-kronologi-polisi-dan-ibu-agus-pria-disabilitas-jadi-tersangka-kasus-rudapaksa-mahasiswi?page=3,No,Adult: Sexual content,Restricted ad serving,ca-pub-7784034061253020,193,2024-12-02,2024-12-02
bangka.tribunnews.com,Page,N/A,N/A,bangka.tribunnews.com/2018/01/06/video-mesum-tante-dan-bocah-di-bandung-ternyata-juga-berhubungan-dengan-pria-ini,No,Adult: Sexual content,Restricted ad serving,ca-pub-7784034061253020,193,2024-11-27,2024-12-02
medan.tribunnews.com,Page,N/A,N/A,medan.tribunnews.com/2020/03/19/viral-video-wanita-cantik-dilabrak-istri-di-bandara-singgung-video-mesum-mantan-pegawai-bank-sumsel,No,Shocking content,Restricted ad serving,ca-pub-7784034061253020,192,2024-11-27,2024-12-02
gorontalo.tribunnews.com,Page,N/A,N/A,gorontalo.tribunnews.com/2024/12/02/sadis-video-bayi-berusia-2-hari-dianiaya-pengasuh-viral-pelaku-kabur-setelah-ketahuan,No,Shocking content,Restricted ad serving,ca-pub-7784034061253020,192,2024-12-01,2024-12-02
aceh.tribunnews.com,Page,N/A,N/A,aceh.tribunnews.com/2022/02/14/kopi-ternyata-bisa-jadi-obat-kuat-untuk-pria-syaratnya-harus-rutin-minum-jenis-ini,No,Adult: Sexual content,Restricted ad serving,ca-pub-7784034061253020,192,2024-12-01,2024-12-02
surabaya.tribunnews.com,Page,N/A,N/A,surabaya.tribunnews.com/2020/01/01/tahun-baru-2020-harga-rokok-naik-berikut-daftar-harga-per-bungkus-ada-yang-naik-sampai-rp-31-ribu,No,Tobacco,Restricted ad serving,ca-pub-7784034061253020,191,2024-11-27,2024-12-02
medan.tribunnews.com,Page,N/A,N/A,medan.tribunnews.com/tag/maela-asila,No,Adult: Sexual content,Restricted ad serving,ca-pub-7784034061253020,191,2024-12-02,2024-12-02
jatim.tribunnews.com,Page,N/A,N/A,jatim.tribunnews.com/2024/12/01/sekolah-disegel-jelang-ujian-akhir-siswa-sdn-2-buddan-bangkalan-terpaksa-belajar-di-rumah-kades,No,Shocking content,Restricted ad serving,ca-pub-7784034061253020,191,2024-11-30,2024-12-02
aceh.tribunnews.com,Page,N/A,N/A,aceh.tribunnews.com/2019/04/01/kembali-beredar-video-pasangan-gay-meraung-raung-kena-gancet,No,Adult: Sexual content,Restricted ad serving,ca-pub-7784034061253020,191,2024-11-27,2024-12-02
lampung.tribunnews.com,Page,N/A,N/A,lampung.tribunnews.com/2018/01/02/ini-penjelasan-dokter-tentang-miss-v-tembem-yang-bikin-suami-heran,No,Adult: Sexual content,Restricted ad serving,ca-pub-7784034061253020,189,2024-11-27,2024-12-02
jateng.tribunnews.com,Page,N/A,N/A,jateng.tribunnews.com/2016/05/02/inilah-9-wanita-berparas-cantik-namun-memilih-karier-sebagai-bintang-film-porno,No,Adult: Sexual content,Restricted ad serving,ca-pub-7784034061253020,189,2024-11-27,2024-12-02
palembang.tribunnews.com,Page,N/A,N/A,palembang.tribunnews.com/2017/11/07/mantan-anggota-grup-akb48-ini-alih-profesi-ke-dunia-film-dewasa-begini-foto-fotonya,Yes,Site Behavior: Navigation,Restricted ad serving,ca-pub-7784034061253020,188,2024-11-28,2024-12-02
pekanbaru.tribunnews.com,Page,N/A,N/A,pekanbaru.tribunnews.com/2024/11/30/tragis-guru-di-kampar-riau-tewas-digorok-dan-dibakar-di-saat-istrinya-sedang-pulang-kampung?page=all,No,Shocking content,Restricted ad serving,ca-pub-7784034061253020,187,2024-11-30,2024-12-01
belitung.tribunnews.com,Page,N/A,N/A,belitung.tribunnews.com/2019/04/17/6-negara-ini-tak-ada-pemilu-hanya-satu-partai-dan-semua-rakyat-tunduk-setia-kepada-pemerintah,Yes,Encouraging accidental clicks: Layout;Google-served ads obscuring content,Restricted ad serving,ca-pub-7784034061253020,187,2024-11-27,2024-12-02
www.tribunnews.com,Page,N/A,N/A,www.tribunnews.com/regional/2024/12/01/bule-asal-belgia-aniaya-kekasih-yang-berstatus-istri-orang-di-gresik-jawa-timur-ini-kronologisnya?page=2,No,Adult: Sexual content,Restricted ad serving,ca-pub-7784034061253020,186,2024-11-30,2024-12-01
wartakota.tribunnews.com,Page,N/A,N/A,wartakota.tribunnews.com/2016/02/13/5-manfaat-gunakan-vibrator-bagi-wanita,No,Adult: Sexual content,Restricted ad serving,ca-pub-7784034061253020,186,2024-11-27,2024-12-02
bangka.tribunnews.com,Page,N/A,N/A,bangka.tribunnews.com/2024/11/29/kemenag-kota-pangkalpinang-raih-dua-penghargaan-dalam-peringatan-hut-ke-53-korpri,No,Adult: Sexual content,Restricted ad serving,ca-pub-7784034061253020,186,2024-11-30,2024-12-01
palembang.tribunnews.com,Page,N/A,N/A,palembang.tribunnews.com/2018/03/10/10-fakta-orang-eskimo-paling-bikin-bergidik-dari-bertukar-istri-hingga-membunuh,Yes,Ads Disguised as Content,Restricted ad serving,ca-pub-7784034061253020,185,2024-11-29,2024-12-01
jambi.tribunnews.com,Page,N/A,N/A,jambi.tribunnews.com/2018/04/25/usir-sakit-kepala-dengan-pijatan-hanya-butuh-waktu-5-menit-lho,Yes,Site Behavior: Navigation,Restricted ad serving,ca-pub-7784034061253020,185,2024-11-27,2024-12-03
bogor.tribunnews.com,Page,N/A,N/A,bogor.tribunnews.com/2024/04/18/jangan-kaget-ini-5-arti-mimpi-berhubungan-badan-dengan-mantan-pertanda-akan-datangnya-masalah,Yes,Google-served ads obscuring content;Modified Javascript: Ads by Google size,Restricted ad serving,ca-pub-7784034061253020,185,2024-11-27,2024-12-02
medan.tribunnews.com,Page,N/A,N/A,medan.tribunnews.com/2020/05/20/pahami-gelagat-istri-selingkuh-bercinta-dengan-pria-lain-terlihat-jelas-perbedaan-saat-bercinta,No,Adult: Sexual content,Restricted ad serving,ca-pub-7784034061253020,184,2024-11-27,2024-12-01
jambi.tribunnews.com,Page,N/A,N/A,jambi.tribunnews.com/2017/09/19/hati-hati-posisi-bercinta-ini-dapat-merusak-mr-p-anda,No,Adult: Sexual content,Restricted ad serving,ca-pub-7784034061253020,184,2024-11-27,2024-12-02
bangka.tribunnews.com,Page,N/A,N/A,bangka.tribunnews.com/2020/01/06/tips-latihan-dan-senam-kegel-bakal-buat-wanita-maksimal-dan-nyaman-di-ranjang-begini-caranya,No,Adult: Sexual content,Restricted ad serving,ca-pub-7784034061253020,184,2024-11-27,2024-12-02
www.tribunnews.com,Page,N/A,N/A,www.tribunnews.com/regional/2024/12/02/kecurigaan-keluarga-korban-penembakan-di-semarang-sebut-2-saksi-kunci-ikut-diintervensi?page=2,No,Adult: Sexual content,Restricted ad serving,ca-pub-7784034061253020,183,2024-12-01,2024-12-02
video.tribunnews.com,Page,N/A,N/A,video.tribunnews.com/view/40573/tanpa-sensor-adegan-intim-pada-5-film-ini-benar-benar-dilakukan-di-depan-kamera,Yes,Adult: Sexual content;Site Behavior: Navigation,Restricted ad serving,ca-pub-7784034061253020,182,2024-11-27,2024-12-02
bangka.tribunnews.com,Page,N/A,N/A,bangka.tribunnews.com/2022/07/21/tamu-yang-datang-banyak-minta-pijat-plus-terapis-beberkan-tarifnya-untuk-layanan-full,Yes,Ads Disguised as Content,Restricted ad serving,ca-pub-7784034061253020,182,2024-11-27,2024-12-03
kupang.tribunnews.com,Page,N/A,N/A,kupang.tribunnews.com/2018/07/05/perempuan-suka-nonton-film-dewasa-karena-10-alasan-unik-ini-apa-saja-ya,No,Adult: Sexual content,Restricted ad serving,ca-pub-7784034061253020,181,2024-11-27,2024-12-02
jabar.tribunnews.com,Page,N/A,N/A,jabar.tribunnews.com/2022/02/28/pengobatan-alat-vital-bogor-cibinong-h-saepudin-cucu-mak-erot,Yes,Ads Disguised as Content;Adult: Sexual content,Restricted ad serving,ca-pub-7784034061253020,181,2024-11-27,2024-12-02
bangka.tribunnews.com,Page,N/A,N/A,bangka.tribunnews.com/topic/suami-bunuh-istri-di-pangkalpinang,No,Adult: Sexual content,Restricted ad serving,ca-pub-7784034061253020,181,2024-12-01,2024-12-02
bangka.tribunnews.com,Page,N/A,N/A,bangka.tribunnews.com/2017/04/16/inilah-kata-kunci-untuk-ziarah-dan-ritual-seks-di-gunung-kemukus,No,Adult: Sexual content,Restricted ad serving,ca-pub-7784034061253020,181,2024-11-28,2024-12-01
jabar.tribunnews.com,Page,N/A,N/A,jabar.tribunnews.com/2024/12/03/mayat-hangus-di-bangkalan-ternyata-korban-pembunuhan-pelakunya-mahasiswa-emosi-korban-tolak-aborsi,No,Shocking content,Restricted ad serving,ca-pub-7784034061253020,180,2024-12-02,2024-12-03
medan.tribunnews.com,Page,N/A,N/A,medan.tribunnews.com/2017/09/18/6-artis-cantik-korea-ini-rela-beradegan-panas-akhirnya-sukses-besar-lho,Yes,Site Behavior: Navigation,Restricted ad serving,ca-pub-7784034061253020,179,2024-11-27,2024-12-02
gorontalo.tribunnews.com,Page,N/A,N/A,gorontalo.tribunnews.com/2024/12/03/seorang-mahasiswi-dibunuh-dan-dibakar-pacarnya-kelakukan-pelaku-diungkap,No,Shocking content,Restricted ad serving,ca-pub-7784034061253020,179,2024-12-02,2024-12-02
surabaya.tribunnews.com,Page,N/A,N/A,surabaya.tribunnews.com/2022/07/08/ternyata-mudah-ini-cara-simpan-nomor-baru-via-whatsapp-web-tak-banyak-yang-tahu,No,Adult: Sexual content,Restricted ad serving,ca-pub-7784034061253020,178,2024-12-02,2024-12-03
medan.tribunnews.com,Page,N/A,N/A,medan.tribunnews.com/2024/12/02/bayi-berusia-dua-hari-disiksa-pengasuhnya-secara-brutal-pelaku-melarikan-diri-setelah-ketahuan?page=2,No,Shocking content,Restricted ad serving,ca-pub-7784034061253020,178,2024-12-01,2024-12-02
aceh.tribunnews.com,Page,N/A,N/A,aceh.tribunnews.com/2024/05/02/ingat-hubungan-suami-istri-full-tanpa-busana-sah-buya-yahyaafdalnya-pakai-selimut-karena-sunnah,No,Adult: Sexual content,Restricted ad serving,ca-pub-7784034061253020,177,2024-11-30,2024-12-01
kaltim.tribunnews.com,Page,N/A,N/A,kaltim.tribunnews.com/2017/09/16/pilih-pensiun-begini-nasib-7-bintang-film-dewasa-jepang-ini-sekarang,No,Adult: Sexual content;Shocking content,Restricted ad serving,ca-pub-7784034061253020,176,2024-11-27,2024-12-02
trends.tribunnews.com,Page,N/A,N/A,trends.tribunnews.com/2024/11/14/konten-baru-lydia-onic-di-tengah-isu-video-syur-12-menit-cantik-pakai-daster-pantas-banyak-mantan,No,Adult: Sexual content,Restricted ad serving,ca-pub-7784034061253020,175,2024-12-02,2024-12-02
m.tribunnews.com,Page,N/A,N/A,m.tribunnews.com/regional/2024/12/02/lagi-anak-bunuh-ayah-di-ponorogo-diduga-cekcok-soal-makanan-sang-ayah-marbot-masjid?page=3,No,Adult: Sexual content,Restricted ad serving,ca-pub-7784034061253020,175,2024-12-01,2024-12-01
jogja.tribunnews.com,Page,N/A,N/A,jogja.tribunnews.com/2018/01/28/samurai-king-roll-harga-triliunan-rupiah-fakta-atau-uka-uka,No,Weapons,Restricted ad serving,ca-pub-7784034061253020,175,2024-12-02,2024-12-02
jabar.tribunnews.com,Page,N/A,N/A,jabar.tribunnews.com/2024/12/02/erwan-setiawan-unggul-di-pilgub-jabar-2024-umuh-muchtar-ungkap-kesenangan-anaknya-berorgansasi,No,Adult: Sexual content,Restricted ad serving,ca-pub-7784034061253020,175,2024-12-01,2024-12-01
palembang.tribunnews.com,Page,N/A,N/A,palembang.tribunnews.com/2021/02/22/wajib-tahu-apa-itu-bokep,No,Adult: Sexual content,Restricted ad serving,ca-pub-7784034061253020,174,2024-11-28,2024-12-02
jabar.tribunnews.com,Page,N/A,N/A,jabar.tribunnews.com/2024/12/02/langkah-politik-effendi-simbolon-berbeda-setelah-bertemu-jokowi-kata-pdip,No,Adult: Sexual content,Restricted ad serving,ca-pub-7784034061253020,174,2024-12-01,2024-12-01
lampung.tribunnews.com,Page,N/A,N/A,lampung.tribunnews.com/2024/11/30/kronologi-remaja-sma-bunuh-ayah-dan-neneknya-saat-sedang-tidur-pulas,No,Adult: Sexual content,Restricted ad serving,ca-pub-7784034061253020,173,2024-12-02,2024-12-02
kupang.tribunnews.com,Page,N/A,N/A,kupang.tribunnews.com/404,Yes,Google-served ads on screens without publisher-content,Restricted ad serving,ca-pub-7784034061253020,173,2024-11-27,2024-12-03
bangka.tribunnews.com,Page,N/A,N/A,bangka.tribunnews.com/2024/12/01/rocky-gerung-sindir-aksi-gibran-rakabuming-bagikan-sembako-ke-korban-banjir-itu-tugas-ketua-rt?page=3,No,Adult: Sexual content,Restricted ad serving,ca-pub-7784034061253020,173,2024-12-01,2024-12-01
sultra.tribunnews.com,Page,N/A,N/A,sultra.tribunnews.com/2023/09/26/nasib-siskaeee-virly-virginia-meli-3gp-chacha-novita-pemeran-film-kelas-bintang-usai-diperiksa,Yes,Google-served ads obscuring content;Modified Javascript: Ads by Google size,Restricted ad serving,ca-pub-7784034061253020,172,2024-11-27,2024-12-02
aceh.tribunnews.com,Page,N/A,N/A,aceh.tribunnews.com/2020/11/07/video-panas-19-detik-mirip-gisel-viral-di-medsos-mbah-mijan-angkat-bicara-dan-ucapkan-terima-kasih,Yes,Ads Disguised as Content;Adult: Sexual content,Restricted ad serving,ca-pub-7784034061253020,171,2024-11-27,2024-12-02
www.tribunnews.com,Page,N/A,N/A,www.tribunnews.com/seleb/2020/11/08/chord-perih-last-child-dan-lirik-hanya-diri-sendiri-yang-tak-mungkin-orang-lain-akan-mengerti,No,Adult: Sexual content,Restricted ad serving,ca-pub-7784034061253020,170,2024-11-30,2024-12-01
sultra.tribunnews.com,Page,N/A,N/A,sultra.tribunnews.com/2022/10/31/link-video-viral-di-artis-lombok-masih-dicari-vcs-sambil-ngangkang-di-ranjang-monyongkan-bibir,Yes,Ads Disguised as Content,Restricted ad serving,ca-pub-7784034061253020,170,2024-11-27,2024-12-02
pontianak.tribunnews.com,Page,N/A,N/A,pontianak.tribunnews.com/techno,Yes,Encouraging accidental clicks: Layout,Restricted ad serving,ca-pub-7784034061253020,170,2024-11-27,2024-12-02
jambi.tribunnews.com,Page,N/A,N/A,jambi.tribunnews.com/2018/04/29/kelihatan-inilah-ciri-wanita-yang-sering-memuaskan-diri-sendiri-bahayanya-bakal-sakit-seperti-ini,No,Adult: Sexual content,Restricted ad serving,ca-pub-7784034061253020,170,2024-11-27,2024-12-02
www.tribunnews.com,Page,N/A,N/A,www.tribunnews.com/regional/2024/12/02/pengakuan-korban-rudapaksa-pria-tanpa-2-tangan-sebut-diancam-agus-bantah-kan-dia-bisa-lawan?page=2,No,Adult: Sexual content,Restricted ad serving,ca-pub-7784034061253020,169,2024-12-02,2024-12-02
www.tribunnews.com,Page,N/A,N/A,www.tribunnews.com/regional/2024/12/02/aipda-nikson-bunuh-ibu-kandung-di-depan-pembeli-hantam-kepala-korban-pakai-tabung-gas-3-kali?page=all,No,Adult: Sexual content,Restricted ad serving,ca-pub-7784034061253020,169,2024-12-02,2024-12-02
jateng.tribunnews.com,Page,N/A,N/A,jateng.tribunnews.com/2024/11/22/kisah-mistis-tanjakan-silayur-semarang-ditunggui-sosok-cantik-ranem-warga-lihat-romobgan-pocong?page=all,No,Shocking content,Restricted ad serving,ca-pub-7784034061253020,169,2024-12-01,2024-12-02
jambi.tribunnews.com,Page,N/A,N/A,jambi.tribunnews.com/2024/05/16/video-skandal-20-detik-diduga-mahasiswi-di-jambi-viral-warganet-cantik-ceweknya,No,Adult: Sexual content,Restricted ad serving,ca-pub-7784034061253020,169,2024-11-28,2024-12-02
trends.tribunnews.com,Page,N/A,N/A,trends.tribunnews.com/2024/11/24/kunci-jawaban-50-soal-uas-pas-sas-pai-kelas-3-sd-semester-1-tahun-2024-orang-boros-adalah-saudara,No,Adult: Sexual content,Restricted ad serving,ca-pub-7784034061253020,167,2024-11-28,2024-12-01
medan.tribunnews.com,Page,N/A,N/A,medan.tribunnews.com/tag/detik-detik,No,Adult: Sexual content,Restricted ad serving,ca-pub-7784034061253020,167,2024-11-30,2024-12-01
lampung.tribunnews.com,Page,N/A,N/A,lampung.tribunnews.com/2017/04/11/ini-jenis-tisu-yang-paling-aman-untuk-mengeringkan-area-genital,Yes,Ads Disguised as Content;Adult: Sexual content,Restricted ad serving,ca-pub-7784034061253020,167,2024-11-27,2024-12-02
aceh.tribunnews.com,Page,N/A,N/A,aceh.tribunnews.com/2024/11/24/rumah-kapolres-solok-selatan-akbp-arief-mukti-diberondong-akp-dadang-usai-tembak-mati-akp-ryanto?page=4,No,Adult: Sexual content,Restricted ad serving,ca-pub-7784034061253020,166,2024-12-01,2024-12-01
www.tribunnews.com,Page,N/A,N/A,www.tribunnews.com/regional/2024/12/02/tersangka-pembunuh-istri-anak-meninggal-polisi-ungkap-motif-kronologis-riki-bunuh-keluarganya,No,Adult: Sexual content,Restricted ad serving,ca-pub-7784034061253020,164,2024-12-02,2024-12-02
www.tribunnews.com,Page,N/A,N/A,www.tribunnews.com/metropolitan/2016/12/29/inilah-fakta-fakta-mengerikan-tentang-ramlan-butarbutar-si-kapten-pincang,No,Shocking content,Restricted ad serving,ca-pub-7784034061253020,164,2024-12-01,2024-12-02
trends.tribunnews.com,Page,N/A,N/A,trends.tribunnews.com/2023/10/16/apa-arti-pundung-istilah-viral-tiktok-bahasa-sunda-sering-muncul-saat-nongkrong-ini-maknanya,No,Adult: Sexual content,Restricted ad serving,ca-pub-7784034061253020,164,2024-11-28,2024-12-02
m.tribunnews.com,Page,N/A,N/A,m.tribunnews.com/regional/2024/12/01/siswa-smk-tewas-dibacok-saat-bertamu-di-bogor-percakapan-korban-dan-pelaku-sempat-didengar-ustaz?page=4,No,Adult: Sexual content,Restricted ad serving,ca-pub-7784034061253020,163,2024-12-03,2024-12-03
jateng.tribunnews.com,Page,N/A,N/A,jateng.tribunnews.com/2024/11/29/sosok-mbah-melan-guru-matematika-viral-di-tiktok-dapat-uang-rp100-juta-dan-laptop-dari-prabowo,No,Shocking content,Restricted ad serving,ca-pub-7784034061253020,162,2024-12-01,2024-12-01
belitung.tribunnews.com,Page,N/A,N/A,belitung.tribunnews.com/2022/05/10/wanita-tanpa-busana-histeris-lagi-asik-mandi-pria-tak-diundang-datang-syok-tubuhnya-jadi-tontonan,Yes,Ads Disguised as Content,Restricted ad serving,ca-pub-7784034061253020,162,2024-11-27,2024-12-03
belitung.tribunnews.com,Page,N/A,N/A,belitung.tribunnews.com/2024/12/02/bagaimana-bisa-iwas-pria-tanpa-2-lengan-rudapaksa-wanita-dewasa-di-mataram-ini-jawaban-polisi?page=2,No,Adult: Sexual content,Restricted ad serving,ca-pub-7784034061253020,161,2024-12-01,2024-12-01
bangka.tribunnews.com,Page,N/A,N/A,bangka.tribunnews.com/2018/01/08/inilah-sosok-tante-imel-dan-tante-intan-pemeran-video-mesum-bandung-yang-berhasil-ditangkap,No,Adult: Sexual content,Restricted ad serving,ca-pub-7784034061253020,161,2024-11-27,2024-12-02
prohaba.tribunnews.com,Page,N/A,N/A,prohaba.tribunnews.com/2024/11/27/pemilik-kafe-di-malang-ditemukan-tewas-diduga-bunuh-diri-usai-unggah-status-putus-asa,No,Adult: Sexual content,Restricted ad serving,ca-pub-7784034061253020,160,2024-11-30,2024-12-01
health.tribunnews.com,Page,N/A,N/A,health.tribunnews.com/2023/12/23/ini-arti-kode-p1-p2-p3-p4-p-l-l-2-tl-th-aps-dan-s-dalam-hasil-kelulusan-pppk-guru-2023,No,Shocking content,Restricted ad serving,ca-pub-7784034061253020,158,2024-11-30,2024-12-02
www.tribunnews.com,Page,N/A,N/A,www.tribunnews.com/regional/2024/12/02/mahasiswi-tewas-terbakar-di-bangkalan-ternyata-dibunuh-pacar-sempat-dibacok-sebelum-disiram-bensin?page=2,No,Adult: Sexual content,Restricted ad serving,ca-pub-7784034061253020,157,2024-12-02,2024-12-02
www.tribunnews.com,Page,N/A,N/A,www.tribunnews.com/kesehatan/2018/02/12/jauh-dari-suami-ibu-2-anak-ini-3-tahun-pakai-sex-toys-blak-blakan-soal-rasa-dan-pendapat-suaminya,No,Adult: Sexual content,Restricted ad serving,ca-pub-7784034061253020,157,2024-11-27,2024-12-02
m.tribunnews.com,Page,N/A,N/A,m.tribunnews.com/seleb/2017/08/07/para-aktris-ini-tunggu-momen-tepat-hingga-akhirnya-berani-beradegan-tanpa-busana?page=all,No,Adult: Sexual content,Restricted ad serving,ca-pub-7784034061253020,156,2024-11-29,2024-12-01
jatim.tribunnews.com,Page,N/A,N/A,jatim.tribunnews.com/2024/11/11/waspada-ada-199-warga-lamongan-terjangkit-hiv-tersebar-merata-di-semua-wilayah-11-orang-meninggal,No,Shocking content,Restricted ad serving,ca-pub-7784034061253020,156,2024-12-02,2024-12-02
jambi.tribunnews.com,Page,N/A,N/A,jambi.tribunnews.com/2024/11/25/video-onic-vior-15-menit-heboh-di-tiktok-link-video-ramai-dicari-warganet-kok-bisa,No,Adult: Sexual content,Restricted ad serving,ca-pub-7784034061253020,156,2024-12-01,2024-12-02
jabar.tribunnews.com,Page,N/A,N/A,jabar.tribunnews.com/2023/04/06/pusat-klinik-pengobatan-alat-vital-bogor-bantu-menjaga-keharmonisan-pasangan-suami-istri,No,Adult: Sexual content,Restricted ad serving,ca-pub-7784034061253020,156,2024-11-27,2024-12-03
suryamalang.tribunnews.com,Page,N/A,N/A,suryamalang.tribunnews.com/2018/10/10/soft-dan-hard-swinger-jenis-layanan-seksual-terbongkar-di-surabaya,Yes,Google-served ads obscuring content;Modified Javascript: Ads by Google size,Restricted ad serving,ca-pub-7784034061253020,155,2024-11-27,2024-12-02
bangka.tribunnews.com,Page,N/A,N/A,bangka.tribunnews.com/2022/07/21/ada-panti-pijat-plus-plus-di-pangkalpinang-berkedok-pijat-tradisional-full-service-bayar-rp-400000,Yes,Ads Disguised as Content,Restricted ad serving,ca-pub-7784034061253020,155,2024-11-27,2024-12-03
www.tribunnews.com,Page,N/A,N/A,www.tribunnews.com/seleb/2017/08/07/para-aktris-ini-tunggu-momen-tepat-hingga-akhirnya-berani-beradegan-tanpa-busana,Yes,Adult: Sexual content;Site Behavior: Navigation,Restricted ad serving,ca-pub-7784034061253020,154,2024-11-27,2024-12-03
medan.tribunnews.com,Page,N/A,N/A,medan.tribunnews.com/2019/09/20/inilah-daftar-makanan-yang-boleh-dipanaskan-kembali-dan-makanan-uang-tidak-bisa-dipanaskan-lagi,No,Google-served ads obscuring content,Restricted ad serving,ca-pub-7784034061253020,154,2024-11-27,2024-12-03
kupang.tribunnews.com,Page,N/A,N/A,kupang.tribunnews.com/2017/09/13/6-cara-membuat-wanita-terangsang-sentuh-pada-titik-titik-sensitif-ini-dan-bikin-doi-melayang,No,Adult: Sexual content,Restricted ad serving,ca-pub-7784034061253020,154,2024-11-27,2024-12-03
belitung.tribunnews.com,Page,N/A,N/A,belitung.tribunnews.com/2018/05/28/6-ciri-wanita-sudah-tak-perawan-mulai-hidung-mata-payudara-hingga-bentuk-perut?page=3,No,Adult: Sexual content,Restricted ad serving,ca-pub-7784034061253020,154,2024-11-27,2024-12-02
pontianak.tribunnews.com,Page,N/A,N/A,pontianak.tribunnews.com/2018/01/28/inilah-7-ciri-wanita-kecanduan-masturbasi-7-persen-cewek-melakukannya-setiap-hari?page=2,No,Adult: Sexual content,Restricted ad serving,ca-pub-7784034061253020,153,2024-11-27,2024-12-02
bangka.tribunnews.com,Page,N/A,N/A,bangka.tribunnews.com/2017/09/26/video-cewek-cantik-dieksekusi-beredar-begini-seramnya-hukuman-tembak-mati?page=all,No,Shocking content,Restricted ad serving,ca-pub-7784034061253020,153,2024-11-30,2024-12-01
bangka.tribunnews.com,Page,N/A,N/A,bangka.tribunnews.com/2016/07/22/begini-caranya-membedakan-wanita-masih-perawan-atau-tidak,No,Adult: Sexual content,Restricted ad serving,ca-pub-7784034061253020,153,2024-11-27,2024-12-02
www.tribunnews.com,Page,N/A,N/A,www.tribunnews.com/kesehatan/2016/03/31/kesalahan-cara-minum-obat-kuat-yang-membuatnya-gagal-bikin-pria-jadi-jantan,No,Adult: Sexual content,Restricted ad serving,ca-pub-7784034061253020,152,2024-11-27,2024-12-02
m.tribunnews.com,Page,N/A,N/A,m.tribunnews.com/kesehatan/2013/02/06/ini-kata-mereka-yang-pernah-mengonsumsi-permen-karet-cinta,No,Adult: Sexual content,Restricted ad serving,ca-pub-7784034061253020,152,2024-11-27,2024-12-01
m.tribunnews.com,Page,N/A,N/A,m.tribunnews.com/internasional/2016/07/01/wow-wanita-cantik-ini-lupa-nggak-pakai-celana-dalam-saat-belanja-di-mal,No,Adult: Sexual content,Restricted ad serving,ca-pub-7784034061253020,152,2024-11-27,2024-12-02
jatim.tribunnews.com,Page,N/A,N/A,jatim.tribunnews.com/2023/05/23/arti-kata-revenge-porn-yang-viral-di-media-sosial-sering-dialami-artis-tanah-air-ada-dampak-buruk,No,Google-served ads obscuring content,Restricted ad serving,ca-pub-7784034061253020,151,2024-11-27,2024-12-02
bali.tribunnews.com,Page,N/A,N/A,bali.tribunnews.com/2021/04/22/aquarius-dan-4-zodiak-ini-punya-gairah-seks-yang-tinggi-bagaimana-dengan-pasangan-kamu,No,Adult: Sexual content,Restricted ad serving,ca-pub-7784034061253020,151,2024-11-29,2024-12-02
aceh.tribunnews.com,Page,N/A,N/A,aceh.tribunnews.com/2022/10/04/dr-boyke-sarankan-suami-sentuh-bagian-ini-pada-istri-hubungan-rumah-tangga-makin-erat-dan-harmonis,Yes,Ads Disguised as Content,Restricted ad serving,ca-pub-7784034061253020,151,2024-11-27,2024-12-02
bangka.tribunnews.com,Page,N/A,N/A,bangka.tribunnews.com/2021/10/29/jangan-sampai-menular-ini-obat-tradisional-penyakit-sifilis-coba-daun-sirih-dan-daun-kumis-kucing,No,Shocking content,Restricted ad serving,ca-pub-7784034061253020,149,2024-11-27,2024-12-01
www.tribunnews.com,Page,N/A,N/A,www.tribunnews.com/regional/2024/11/30/di-balik-sepiring-tahu-kupat-mas-heri-kur-bri-koyak-badai-pandemi?page=all,No,Adult: Sexual content,Restricted ad serving,ca-pub-7784034061253020,148,2024-11-30,2024-12-02
medan.tribunnews.com,Page,N/A,N/A,medan.tribunnews.com/2019/03/20/ini-dia-5-merek-rokok-paling-mahal-di-dunia-ada-yang-harganya-capai-rp-953-ribu?page=all,Yes,Site Behavior: Navigation,Restricted ad serving,ca-pub-7784034061253020,147,2024-11-27,2024-12-02
wartakota.tribunnews.com,Page,N/A,N/A,wartakota.tribunnews.com/2015/06/11/posisi-gunting-duduk-bikin-si-dia-teriak-berkali-kali,No,Adult: Sexual content,Restricted ad serving,ca-pub-7784034061253020,146,2024-11-27,2024-12-02
video.tribunnews.com,Page,N/A,N/A,video.tribunnews.com/view/781039/cerita-pembeli-saksikan-detik-detik-sadis-oknum-polisi-aniaya-bunuh-ibu-kandung-pakai-tabung-gas,No,Shocking content,Restricted ad serving,ca-pub-7784034061253020,146,2024-12-02,2024-12-03
medan.tribunnews.com,Page,N/A,N/A,medan.tribunnews.com/2023/03/12/cara-pakai-alat-bantu-seks-untuk-perempuan-dr-boyke-wanti-wanti-hal-penting-ini-dan-beri-tips,No,Adult: Sexual content,Restricted ad serving,ca-pub-7784034061253020,145,2024-11-27,2024-12-01
jatim-timur.tribunnews.com,Page,N/A,N/A,jatim-timur.tribunnews.com/2024/11/20/kecelakaan-tragis-perempuan-24-tahun-di-jember-tewas-terlindas-truk-bermuatan-kayu,No,Shocking content,Restricted ad serving,ca-pub-7784034061253020,145,2024-11-27,2024-12-02
www.tribunnews.com,Page,N/A,N/A,www.tribunnews.com/regional/2024/12/02/pria-disabilitas-jadi-tersangka-rudapaksa-korban-disebut-ada-3-saya-dijebak-tangan-saja-tak-punya?page=2,No,Adult: Sexual content,Restricted ad serving,ca-pub-7784034061253020,144,2024-12-02,2024-12-02
www.tribunnews.com,Page,N/A,N/A,www.tribunnews.com/regional/2024/11/21/dokter-agus-terdakwa-kasus-kdrt-istri-meninggal-usai-jalani-sidang-kasusnya-ditutup?page=2,No,Adult: Sexual content,Restricted ad serving,ca-pub-7784034061253020,144,2024-12-02,2024-12-03
pontianak.tribunnews.com,Page,N/A,N/A,pontianak.tribunnews.com/2018/01/27/ciri-ciri-wanita-bernafsu-tinggi-beberapa-ada-yang-sering-kamu-jumpai,No,Adult: Sexual content,Restricted ad serving,ca-pub-7784034061253020,144,2024-11-27,2024-12-02
pekanbaru.tribunnews.com,Page,N/A,N/A,pekanbaru.tribunnews.com/2024/12/01/5-fakta-guru-di-kampar-ditemukan-tewas-diduga-dibunuh-leher-digorok-luka-bakar-di-tubuh?page=all,No,Shocking content,Restricted ad serving,ca-pub-7784034061253020,144,2024-11-30,2024-12-01
manado.tribunnews.com,Page,N/A,N/A,manado.tribunnews.com/2020/08/29/benarkah-alat-kelamin-kucing-jantan-berduri-sehingga-kucing-betina-berisik-saat-kawin-ini-faktanya?page=2,No,Google-served ads obscuring content,Restricted ad serving,ca-pub-7784034061253020,144,2024-11-27,2024-12-02
m.tribunnews.com,Page,N/A,N/A,m.tribunnews.com/techno/2024/08/14/harga-hp-google-pixel-9-pixel-9-pro-pixel-9-pro-xl-dibanderol-mulai-799-dolar,No,Shocking content,Restricted ad serving,ca-pub-7784034061253020,144,2024-11-30,2024-12-01
bangka.tribunnews.com,Page,N/A,N/A,bangka.tribunnews.com/2024/11/30/terbaru-suami-pembunuh-istri-dan-anaknya-di-pangkalpinang-sudah-tertangkap-motif-diduga-cemburu?jxrecoid=430007d1-1ee9-4eeb-8626-351181664b67~hp_tbn&source=widgetArtikelRekomendasi&engine=JXA,No,Adult: Sexual content,Restricted ad serving,ca-pub-7784034061253020,144,2024-12-01,2024-12-01
bangka.tribunnews.com,Page,N/A,N/A,bangka.tribunnews.com/2022/03/06/begini-cara-meracik-merica-kopi-telur-dan-madu-sebagai-obat-kuat-pria-minum-pas-hangat?page=all,No,Adult: Sexual content,Restricted ad serving,ca-pub-7784034061253020,144,2024-11-30,2024-12-01
aceh.tribunnews.com,Page,N/A,N/A,aceh.tribunnews.com/2024/11/30/5-cara-efektif-menghentikan-kebiasaan-onani-dr-boyke-ungkap-bahaya-masturbasi-untuk-kesehatan?page=2,No,Adult: Sexual content,Restricted ad serving,ca-pub-7784034061253020,144,2024-11-30,2024-12-01
www.tribunnews.com,Page,N/A,N/A,www.tribunnews.com/internasional/2017/07/19/psk-asing-di-jepang-banyak-pakai-tinder-dan-line-pusingkan-pihak-kepolisian,No,Adult: Sexual content,Restricted ad serving,ca-pub-7784034061253020,143,2024-11-27,2024-12-02
priangan.tribunnews.com,Page,N/A,N/A,priangan.tribunnews.com/2023/03/09/tak-banyak-yang-tahu-inilah-5-bentuk-miss-v-yang-paling-disukai-kaum-pria,No,Adult: Sexual content,Restricted ad serving,ca-pub-7784034061253020,143,2024-12-01,2024-12-02
pontianak.tribunnews.com,Page,N/A,N/A,pontianak.tribunnews.com/2018/01/28/inilah-7-ciri-wanita-kecanduan-masturbasi-7-persen-cewek-melakukannya-setiap-hari?page=3,No,Adult: Sexual content,Restricted ad serving,ca-pub-7784034061253020,143,2024-11-27,2024-12-02
medan.tribunnews.com,Page,N/A,N/A,medan.tribunnews.com/2020/09/19/deretan-foto-foto-seksi-berliana-lovell-yang-bikin-lelaki-salah-fokus-hingga-cenat-cenut,Yes,Ads Disguised as Content,Restricted ad serving,ca-pub-7784034061253020,143,2024-11-27,2024-12-02
jateng.tribunnews.com,Page,N/A,N/A,jateng.tribunnews.com/2021/04/20/chord-kunci-gitar-apocalypse-cas,Yes,Google-served ads obscuring content;Modified Javascript: Ads by Google size,Restricted ad serving,ca-pub-7784034061253020,143,2024-11-27,2024-12-02
jabar.tribunnews.com,Page,N/A,N/A,jabar.tribunnews.com/2024/12/02/pelaku-pembunuhan-ibu-dan-anak-di-pangkalpinang-diringkus-ternyata-suami-korban-dikenal-cemburuan?page=2,No,Adult: Sexual content,Restricted ad serving,ca-pub-7784034061253020,143,2024-12-01,2024-12-01
www.tribunnews.com,Page,N/A,N/A,www.tribunnews.com/regional/2024/12/03/agus-buntung-dituding-tawari-korban-ritual-mandi-wajib-hingga-berakhir-rudapaksa-disebut-mengancam?page=2,No,Adult: Sexual content,Restricted ad serving,ca-pub-7784034061253020,142,2024-12-02,2024-12-03
suryamalang.tribunnews.com,Page,N/A,N/A,suryamalang.tribunnews.com/2020/09/02/daftar-6-film-miyabi-sinopsis-populer-di-taiwan-indonesia-menculik-miyabi-hantu-tanah-kusir,Yes,Ads Disguised as Content,Restricted ad serving,ca-pub-7784034061253020,141,2024-11-27,2024-12-02
m.tribunnews.com,Page,N/A,N/A,m.tribunnews.com/regional/2015/05/11/batu-akik-ini-dipercaya-meningkatkan-libido-seks-dan-kejantanan-pemakainya,No,Adult: Sexual content,Restricted ad serving,ca-pub-7784034061253020,140,2024-11-27,2024-12-02
bogor.tribunnews.com,Page,N/A,N/A,bogor.tribunnews.com/2024/07/14/ternyata-benar-kata-dr-boyke-pasak-bumi-bisa-tingkatkan-gairah-seksual-ini-penjelasannya,No,Adult: Sexual content,Restricted ad serving,ca-pub-7784034061253020,140,2024-12-01,2024-12-01
bangka.tribunnews.com,Page,N/A,N/A,bangka.tribunnews.com/2018/01/08/ini-7-nama-tersangka-video-mesum-tante-vs-bocah-di-bandung,No,Adult: Sexual content,Restricted ad serving,ca-pub-7784034061253020,140,2024-11-27,2024-12-02
bali.tribunnews.com,Page,N/A,N/A,bali.tribunnews.com/2017/09/14/masih-ingat-pemeran-tarzan-x-pilih-tinggalkan-film-porno-setelah-banyak-merenung,No,Adult: Sexual content,Restricted ad serving,ca-pub-7784034061253020,140,2024-11-28,2024-12-02
aceh.tribunnews.com,Page,N/A,N/A,aceh.tribunnews.com/2021/02/15/7-cara-rahasia-pria-jadi-perkasa-di-ranjang-tak-perlu-obat-kuat-dijamin-bikin-puas-pasangan,No,Adult: Sexual content,Restricted ad serving,ca-pub-7784034061253020,140,2024-11-27,2024-12-02
makassar.tribunnews.com,Page,N/A,N/A,makassar.tribunnews.com/2020/07/07/banyak-adegan-ranjang-gay-threesome-siswa-sma-ini-sinopsis-elite-di-netflix-ada-yang-berhijab,Yes,Ads Disguised as Content,Restricted ad serving,ca-pub-7784034061253020,139,2024-11-27,2024-12-02
m.tribunnews.com,Page,N/A,N/A,m.tribunnews.com/pendidikan/2024/10/04/kunci-jawaban-ipas-kelas-3-sd-halaman-111-kurikulum-merdeka-mari-refleksikan,No,Adult: Sexual content,Restricted ad serving,ca-pub-7784034061253020,139,2024-12-01,2024-12-02
belitung.tribunnews.com,Page,N/A,N/A,belitung.tribunnews.com/2018/01/04/heboh-video-mesum-wanita-dewasa-dengan-2-bocah-di-hotel-bikin-netter-penasaran-begini-cuplikannya,No,Adult: Sexual content,Restricted ad serving,ca-pub-7784034061253020,139,2024-11-27,2024-12-03
aceh.tribunnews.com,Page,N/A,N/A,aceh.tribunnews.com/2024/11/20/video-iran-siap-untuk-operasi-janji-sejati-iii-akan-datang-pada-waktu-dan-cara-yang-tepat?source=kgnotif_1,No,Shocking content,Restricted ad serving,ca-pub-7784034061253020,139,2024-11-30,2024-12-01
palembang.tribunnews.com,Page,N/A,N/A,palembang.tribunnews.com/2015/10/20/video-remaja-16-tahun-ini-tewas-akibat-masturbasi-42-kali-dalam-semalam,No,Adult: Sexual content,Restricted ad serving,ca-pub-7784034061253020,138,2024-11-29,2024-12-02
aceh.tribunnews.com,Page,N/A,N/A,aceh.tribunnews.com/2022/03/05/harus-dipelajari-suami-begini-tips-mengajak-istri-berhubungan-intim-menurut-buya-yahya,No,Shocking content,Restricted ad serving,ca-pub-7784034061253020,138,2024-11-27,2024-12-02
medan.tribunnews.com,Page,N/A,N/A,medan.tribunnews.com/2021/01/30/tokuda-kakek-sugiono-cari-enaknya-maunya-gadis-muda-ogah-tiduri-nenek-nenek-aku-kurang-semangat,No,Adult: Sexual content,Restricted ad serving,ca-pub-7784034061253020,136,2024-11-27,2024-12-02
makassar.tribunnews.com,Page,N/A,N/A,makassar.tribunnews.com/2015/07/31/inilah-lokasi-industri-porno-terbesar-dunia,No,Adult: Sexual content,Restricted ad serving,ca-pub-7784034061253020,136,2024-11-27,2024-12-02
m.tribunnews.com,Page,N/A,N/A,m.tribunnews.com/internasional/2015/01/09/jangan-ditiru-orang-jepang-disarankan-bercinta-dulu-baru-menikah,No,Adult: Sexual content;Shocking content,Restricted ad serving,ca-pub-7784034061253020,136,2024-11-27,2024-12-02
kaltim.tribunnews.com,Page,N/A,N/A,kaltim.tribunnews.com/2020/11/07/update-link-video-mirip-gisel-full-kini-diburu-2-medsos-ini-jadi-lokasi-pencarian-satunya-twitter,Yes,Ads Disguised as Content,Restricted ad serving,ca-pub-7784034061253020,136,2024-11-27,2024-12-02
jambi.tribunnews.com,Page,N/A,N/A,jambi.tribunnews.com/2018/03/01/kohey-nishi-bintang-panas-paling-kecil-di-dunia-cewek-antre-kencan-saat-tahu-kemampuannya,No,Adult: Sexual content,Restricted ad serving,ca-pub-7784034061253020,136,2024-11-27,2024-12-03
makassar.tribunnews.com,Page,N/A,N/A,makassar.tribunnews.com/2019/11/13/mia-khalifa-pensiun-dari-film-dewasa-tak-sabar-segera-menikah-jawab-isu-soal-kehamilan,No,Adult: Sexual content,Restricted ad serving,ca-pub-7784034061253020,135,2024-11-27,2024-12-02
m.tribunnews.com,Page,N/A,N/A,m.tribunnews.com/regional/2024/11/07/guru-supriyani-bongkar-peran-samsuddin-eks-pengacaranya-dalam-surat-perdamaian-dengan-aipda-wh,No,Adult: Sexual content,Restricted ad serving,ca-pub-7784034061253020,135,2024-11-28,2024-12-01
video.tribunnews.com,Page,N/A,N/A,video.tribunnews.com/view/776433/detik-detik-pembacokan-saksi-pilkada-di-sampang-bermula-saat-rombongan-cabup-diadang-warga,No,Shocking content,Restricted ad serving,ca-pub-7784034061253020,134,2024-12-02,2024-12-02
jabar.tribunnews.com,Page,N/A,N/A,jabar.tribunnews.com/2021/10/07/pengobatan-alat-vital-bandungaa-muchsin-berpengalaman-dan-terpercaya-di-kota-bandung-jawa-barat,Yes,Ads Disguised as Content;Adult: Sexual content,Restricted ad serving,ca-pub-7784034061253020,134,2024-11-27,2024-12-02
bali.tribunnews.com,Page,N/A,N/A,bali.tribunnews.com/2016/12/17/idih-7-benda-ini-pernah-dipakai-jadi-pengganti-kondom-akibatnya-serem,No,Adult: Sexual content,Restricted ad serving,ca-pub-7784034061253020,134,2024-11-27,2024-12-02
m.tribunnews.com,Page,N/A,N/A,m.tribunnews.com/regional/2011/04/01/subandi-mak-erot-dari-trenggalek,No,Adult: Sexual content,Restricted ad serving,ca-pub-7784034061253020,133,2024-11-27,2024-12-02
m.tribunnews.com,Page,N/A,N/A,m.tribunnews.com/?lgn_method=google&google_btn=gsi,No,Adult: Sexual content,Restricted ad serving,ca-pub-7784034061253020,133,2024-11-29,2024-12-02
www.tribunnews.com,Page,N/A,N/A,www.tribunnews.com/regional/2024/12/03/profil-irwan-anwar-kapolrestabes-semarang-minta-maaf-dan-siap-tanggung-jawab-di-kasus-aipda-robig?page=2,No,Adult: Sexual content,Restricted ad serving,ca-pub-7784034061253020,132,2024-12-02,2024-12-02
medan.tribunnews.com,Page,N/A,N/A,medan.tribunnews.com/2021/10/04/penjaja-kenikmatan-tumbuh-subur-di-kabupaten-samosir-begini-modusnya-dalam-beraksi,Yes,Ads Disguised as Content;Adult: Sexual content,Restricted ad serving,ca-pub-7784034061253020;ca-video-pub-7784034061253020,132,2024-11-29,2024-12-02
makassar.tribunnews.com,Page,N/A,N/A,makassar.tribunnews.com/2024/12/03/breaking-news-kuli-bangunan-di-manjangloe-jeneponto-tewas-tersengat-listrik,No,Shocking content,Restricted ad serving,ca-pub-7784034061253020,132,2024-12-03,2024-12-03
jambi.tribunnews.com,Page,N/A,N/A,jambi.tribunnews.com/2019/08/22/dereta-artis-ini-betobat-sebagai-bintang-film-panas-nasibnya-sekarang-mengejutkan-ada-nama-miyabi,No,Adult: Sexual content,Restricted ad serving,ca-pub-7784034061253020,132,2024-11-27,2024-12-02
jabar.tribunnews.com,Page,N/A,N/A,jabar.tribunnews.com/2024/12/02/pembunuh-siswa-smk-di-bogor-akhirnya-ditangkap-polisi-hadiahi-pelaku-dengan-timah-panas-di-kaki,No,Adult: Sexual content,Restricted ad serving,ca-pub-7784034061253020,132,2024-12-01,2024-12-01
bengkulu.tribunnews.com,Page,N/A,N/A,bengkulu.tribunnews.com/2022/07/28/manhwaland-manhwaindo-situs-baca-manhwa-online-terlengkap-gratis-ada-new-town-aisha-hidden-love,No,Adult: Sexual content,Restricted ad serving,ca-pub-7784034061253020,132,2024-11-29,2024-12-02
batam.tribunnews.com,Page,N/A,N/A,batam.tribunnews.com/2020/05/17/penyebab-dan-cara-mengatasi-jerawat-di-kemaluan-pria-salah-satunya-adalah-pakaian-ketat,Yes,Encouraging accidental clicks: Layout,Restricted ad serving,ca-pub-7784034061253020,132,2024-11-27,2024-12-02
bangka.tribunnews.com,Page,N/A,N/A,bangka.tribunnews.com/2022/01/08/bagaimana-melayani-suami-jika-istri-sedang-haid-buya-yahya-berikan-penjelasan,Yes,Ads Disguised as Content,Restricted ad serving,ca-pub-7784034061253020,132,2024-11-27,2024-12-02
aceh.tribunnews.com,Page,N/A,N/A,aceh.tribunnews.com/2024/12/01/hamas-rilis-video-sandera-israel-as-di-gaza-memohon-trump-membebaskannya-ini-reaksi-netanyahu?page=2,No,Shocking content,Restricted ad serving,ca-pub-7784034061253020,132,2024-12-01,2024-12-01
bangka.tribunnews.com,Page,N/A,N/A,bangka.tribunnews.com/2016/08/17/kisah-wirjo-jagal-sadis-dari-bayuwangi-sehari-bunuh-20-korban-anak-anak-hingga-orang-dewasa?page=all,No,Shocking content,Restricted ad serving,ca-pub-7784034061253020,131,2024-12-01,2024-12-02
prohaba.tribunnews.com,Page,N/A,N/A,prohaba.tribunnews.com/2024/12/02/suami-pembunuh-istri-dan-anaknya-di-pangkalpinang-ditangkap-kini-ditetapkan-jadi-tersangka,No,Adult: Sexual content,Restricted ad serving,ca-pub-7784034061253020,130,2024-12-02,2024-12-02
medan.tribunnews.com,Page,N/A,N/A,medan.tribunnews.com/2021/02/09/aktor-film-panas-ini-syok-saat-tahu-dipanggil-kakek-sugiono-beri-pesan-ini-untuk-netizen-indonesia,No,Adult: Sexual content,Restricted ad serving,ca-pub-7784034061253020,130,2024-11-27,2024-12-02
jogja.tribunnews.com,Page,N/A,N/A,jogja.tribunnews.com/2017/10/12/inilah-nasib-5-bintang-film-panas-era-1990-an-ada-yang-jualan-lontong-sayur-hingga-jadi-religius,No,Adult: Sexual content,Restricted ad serving,ca-pub-7784034061253020,130,2024-11-29,2024-12-02
jabar.tribunnews.com,Page,N/A,N/A,jabar.tribunnews.com/2024/12/02/kasus-anak-bunuh-ayah-kembali-terjadi-marbot-masjid-di-ponorogo-dihabisi-anak-cekcok-soal-makanan?source=widgetArtikelRekomendasi&engine=JXA,No,Adult: Sexual content,Restricted ad serving,ca-pub-7784034061253020,130,2024-12-01,2024-12-01
jabar.tribunnews.com,Page,N/A,N/A,jabar.tribunnews.com/2021/01/25/kasus-money-politics-pada-pilkada-pangandaran-terbukti-3-terdakwa-dihukum-percobaan-12-bulan,No,Adult: Sexual content,Restricted ad serving,ca-pub-7784034061253020,130,2024-12-02,2024-12-02
aceh.tribunnews.com,Page,N/A,N/A,aceh.tribunnews.com/2022/09/26/dr-boyke-ungkap-6-hal-ini-bisa-bikin-istri-bergetar-di-ranjang-suami-cukup-lakukan-rahasia-ini,No,Adult: Sexual content,Restricted ad serving,ca-pub-7784034061253020,130,2024-11-29,2024-12-01
pontianak.tribunnews.com,Page,N/A,N/A,pontianak.tribunnews.com/2015/08/20/terbukti-dalam-penelitian-teh-basi-dapat-perbesar-penis,Yes,Adult: Sexual content;Site Behavior: Navigation,Restricted ad serving,ca-pub-7784034061253020,129,2024-11-27,2024-12-02
jabar.tribunnews.com,Page,N/A,N/A,jabar.tribunnews.com/2015/12/05/hei-wanita-bibir-miss-v-anda-bisa-jadi-berwarna-pink-dan-sehat-lho-ini-caranya-cuma-20-menit,Yes,Ads Disguised as Content,Restricted ad serving,ca-pub-7784034061253020,129,2024-11-27,2024-12-03
surabaya.tribunnews.com,Page,N/A,N/A,surabaya.tribunnews.com/2020/11/07/link-download-video-gisel-full-di-twitter-dan-telegram-diburu-netizen-k-popers-unggah-video-ini,No,Adult: Sexual content,Restricted ad serving,ca-pub-7784034061253020,128,2024-12-01,2024-12-02
m.tribunnews.com,Page,N/A,N/A,m.tribunnews.com/regional/2018/02/12/mayoritas-emak-emak-muda-dan-remaja-putri-pembeli-alat-bantu-seks-di-bali?page=all,No,Adult: Sexual content,Restricted ad serving,ca-pub-7784034061253020,128,2024-12-01,2024-12-02
batam.tribunnews.com,Page,N/A,N/A,batam.tribunnews.com/2017/11/24/ehem-inilah-5-fakta-cewek-yang-suka-nonton-film-hot-ada-fakta-yang-bikin-syok-dari-indonesia,No,Adult: Sexual content,Restricted ad serving,ca-pub-7784034061253020,128,2024-11-27,2024-12-02
wartakota.tribunnews.com,Page,N/A,N/A,wartakota.tribunnews.com/2020/07/12/ciri-ciri-organ-intim-wanita-sudah-tak-perawan-lagi,No,Adult: Sexual content,Restricted ad serving,ca-pub-7784034061253020,127,2024-11-28,2024-12-02
pontianak.tribunnews.com,Page,N/A,N/A,pontianak.tribunnews.com/tag/video-mesum-ariel-luna-maya,No,Adult: Sexual content,Restricted ad serving,ca-pub-7784034061253020,127,2024-11-27,2024-12-02
palembang.tribunnews.com,Page,N/A,N/A,palembang.tribunnews.com/2018/01/25/dibilang-bentuknya-berubah-ubah-ini-cara-ariel-tatum-buktikan-payudaranya-tak-pakai-sumpalan,Yes,Site Behavior: Navigation,Restricted ad serving,ca-pub-7784034061253020,127,2024-11-27,2024-12-02
kupang.tribunnews.com,Page,N/A,N/A,kupang.tribunnews.com/2020/12/08/bikin-heboh-5-artis-film-dewasa-keturunan-indonesia-ada-kakak-adik-asal-tegal-jawa-tengah,No,Adult: Sexual content,Restricted ad serving,ca-pub-7784034061253020,127,2024-11-28,2024-12-01
kupang.tribunnews.com,Page,N/A,N/A,kupang.tribunnews.com/2019/06/30/ini-arti-mimpi-berhubungan-intim-sampai-orgasme,No,Adult: Sexual content,Restricted ad serving,ca-pub-7784034061253020,127,2024-11-27,2024-12-02
belitung.tribunnews.com,Page,N/A,N/A,belitung.tribunnews.com/2024/12/02/mengulik-sosok-liana-jhonlin-anak-h-isam-bos-batubara-kalsel-pemilik-bmw-super-langka-di-indonesia,No,Adult: Sexual content,Restricted ad serving,ca-pub-7784034061253020,127,2024-12-01,2024-12-01
makassar.tribunnews.com,Page,N/A,N/A,makassar.tribunnews.com/2020/06/29/18-tempat-nonton-online-film-dewasa-film-anak-drakor-bollywood-mirip-indoxxi-ganool-streaming,No,Adult: Sexual content,Restricted ad serving,ca-pub-7784034061253020,126,2024-11-29,2024-12-01
jateng.tribunnews.com,Page,N/A,N/A,jateng.tribunnews.com/2017/05/24/kisah-bintang-porno-bertubuh-mungil-asal-jepang-ia-harus-kuat-minimal-5-menit,No,Adult: Sexual content,Restricted ad serving,ca-pub-7784034061253020,126,2024-11-27,2024-12-02
jabar.tribunnews.com,Page,N/A,N/A,jabar.tribunnews.com/2018/01/19/edan-ternyata-gay-di-bandung-manfaatkan-aplikasi-gratisan-dari-playstore-untuk-temukan-pasangan,Yes,Ads Disguised as Content,Restricted ad serving,ca-pub-7784034061253020,126,2024-11-27,2024-12-02
bekasi.tribunnews.com,Page,N/A,N/A,bekasi.tribunnews.com/news,No,Adult: Sexual content,Restricted ad serving,ca-pub-7784034061253020,126,2024-11-27,2024-12-01
bekasi.tribunnews.com,Page,N/A,N/A,bekasi.tribunnews.com/2022/10/21/daftar-film-korea-terbaru-2022-cheating-husband-past-love-hingga-mound-visibility-khusus-dewasa?page=all,No,Adult: Sexual content,Restricted ad serving,ca-pub-7784034061253020,126,2024-11-30,2024-12-01
bangka.tribunnews.com,Page,N/A,N/A,bangka.tribunnews.com/2024/11/30/anggota-kpu-ri-angkat-bicara-soal-kunjungan-kerja-ke-kota-pangkalpinang-dan-kabupaten-bangka,No,Adult: Sexual content,Restricted ad serving,ca-pub-7784034061253020,126,2024-12-02,2024-12-02
babel.tribunnews.com,Page,N/A,N/A,babel.tribunnews.com/2020/09/29/pembunuh-sopir-truk-kacang-kedelai-ditangkap-terpantau-melalui-gps-di-rest-area-balaraja,No,Adult: Sexual content,Restricted ad serving,ca-pub-7784034061253020,126,2024-12-01,2024-12-01
www.tribunnews.com,Page,N/A,N/A,www.tribunnews.com/internasional/2016/07/01/wow-wanita-cantik-ini-lupa-nggak-pakai-celana-dalam-saat-belanja-di-mal,No,Adult: Sexual content,Restricted ad serving,ca-pub-7784034061253020,125,2024-11-27,2024-12-03
jateng.tribunnews.com,Page,N/A,N/A,jateng.tribunnews.com/2022/03/08/apa-itu-suntik-catin-jadi-persyaratan-daftar-nikah-di-kua-dan-5-vaksin-penting-sebelum-menikah,Yes,Encouraging accidental clicks: Layout;Google-served ads obscuring content,Restricted ad serving,ca-pub-7784034061253020,125,2024-11-27,2024-12-02
travel.tribunnews.com,Page,N/A,N/A,travel.tribunnews.com/2017/07/01/astaga-karena-alasan-ini-banyak-pria-jepang-lebih-pilih-boneka-seks-ketimbang-perempuan,No,Adult: Sexual content,Restricted ad serving,ca-pub-7784034061253020,124,2024-11-27,2024-12-03
manado.tribunnews.com,Page,N/A,N/A,manado.tribunnews.com/404,Yes,Google-served ads on screens without publisher-content,Restricted ad serving,ca-pub-7784034061253020,124,2024-11-27,2024-12-02
belitung.tribunnews.com,Page,N/A,N/A,belitung.tribunnews.com/2017/09/28/mudah-dikenali-ini-ciri-pria-yang-doyan-menonton-film-porno,No,Adult: Sexual content,Restricted ad serving,ca-pub-7784034061253020,124,2024-11-27,2024-12-02
bangka.tribunnews.com,Page,N/A,N/A,bangka.tribunnews.com/2024/11/29/pembunuhan-di-pangkalpinang-tak-hanya-istri-anak-balitanya-juga-ditemukan-tewas,No,Adult: Sexual content,Restricted ad serving,ca-pub-7784034061253020,124,2024-12-01,2024-12-01
style.tribunnews.com,Page,N/A,N/A,style.tribunnews.com/2023/09/07/ortu-wajib-catat-5-anime-17-ini-haram-ditonton-bocil-banyak-adegan-vulgar-termasuk-prison-school?page=all,No,Adult: Sexual content,Restricted ad serving,ca-pub-7784034061253020,123,2024-12-02,2024-12-02
pekanbaru.tribunnews.com,Page,N/A,N/A,pekanbaru.tribunnews.com/2022/03/12/artis-film-jepang-jav-hamil-usai-berhubungan-badan-dengan-aktor-pria-siapa?page=all,No,Adult: Sexual content,Restricted ad serving,ca-pub-7784034061253020,123,2024-11-28,2024-12-02
medan.tribunnews.com,Page,N/A,N/A,medan.tribunnews.com/2017/05/24/bintang-film-porno-bertubuh-kerdil-ini-mengaku-punya-misi-mulia,Yes,Site Behavior: Navigation,Restricted ad serving,ca-pub-7784034061253020,123,2024-11-27,2024-12-03
kupang.tribunnews.com,Page,N/A,N/A,kupang.tribunnews.com/2015/06/16/10-trik-bikin-wanita-orgasme-dengan-permainan-jari,No,Adult: Sexual content,Restricted ad serving,ca-pub-7784034061253020,123,2024-11-27,2024-12-02
bangka.tribunnews.com,Page,N/A,N/A,bangka.tribunnews.com/2016/12/24/jika-wanita-tak-perawan-lagi-bokongnya-melorot-benarkah,No,Adult: Sexual content,Restricted ad serving,ca-pub-7784034061253020,123,2024-11-27,2024-12-02
bali.tribunnews.com,Page,N/A,N/A,bali.tribunnews.com/2020/12/23/arti-dan-tujuan-perkawinan-menurut-hukum-hindu,Yes,Modified ad code: Resizing Ad Frames,Restricted ad serving,ca-pub-7784034061253020,123,2024-11-27,2024-12-02
video.tribunnews.com,Page,N/A,N/A,video.tribunnews.com/view/395046/aksi-keji-ayah-mutilasi-anak-kandung-tenteng-potongan-tubuh-sambil-teriak-ini-yangkalian-mau,No,Shocking content,Restricted ad serving,ca-pub-7784034061253020,122,2024-11-27,2024-12-02
sultra.tribunnews.com,Page,N/A,N/A,sultra.tribunnews.com/2022/01/19/link-video-viral-depan-teman-pun-disikat-full-71-detik-kini-dicari-cari-di-tiktok-hingga-twitter,No,Adult: Sexual content,Restricted ad serving,ca-pub-7784034061253020,122,2024-11-27,2024-12-01
jambi.tribunnews.com,Page,N/A,N/A,jambi.tribunnews.com/2018/02/09/7-bentuk-penis-dengan-gambaran-karakter-pemiliknya-punya-kamu-mirip-yang-mana?page=all,No,Adult: Sexual content,Restricted ad serving,ca-pub-7784034061253020,122,2024-12-01,2024-12-01
bali.tribunnews.com,Page,N/A,N/A,bali.tribunnews.com/2021/12/14/tiga-video-syur-selebgram-tante-sisca-mellyana-di-vila-hebohkan-ubud-sampai-panggil-pecalang,Yes,Ads Disguised as Content,Restricted ad serving,ca-pub-7784034061253020,122,2024-11-28,2024-12-02
aceh.tribunnews.com,Page,N/A,N/A,aceh.tribunnews.com/2020/06/08/viral-foto-pengangkatan-rahim-disebut-terjadi-akibat-kista-ini-penjelasan-dokter,No,Shocking content,Restricted ad serving,ca-pub-7784034061253020,122,2024-11-29,2024-12-02
style.tribunnews.com,Page,N/A,N/A,style.tribunnews.com/2021/07/30/tontonan-dewasa-5-anime-18-ini-penuh-adegan-fanservice-jangan-nonton-bareng-anak-kecil?page=3,No,Adult: Sexual content,Restricted ad serving,ca-pub-7784034061253020,121,2024-11-29,2024-12-01
medan.tribunnews.com,Page,N/A,N/A,medan.tribunnews.com/2024/06/08/inilah-sosok-ibu-baju-oren-yang-cabuli-anak-kandungnya-2-kali-menikah-polisi-ungkap-ada-kelainan,No,Adult: Sexual content,Restricted ad serving,ca-pub-7784034061253020,121,2024-12-01,2024-12-02
jateng.tribunnews.com,Page,N/A,N/A,jateng.tribunnews.com/2020/07/27/istilah-istilah-ini-yang-sering-dipakai-psk-online-yang-bertebaran-di-media-sosial-saat-ini,No,Adult: Sexual content,Restricted ad serving,ca-pub-7784034061253020,121,2024-11-28,2024-12-01
aceh.tribunnews.com,Page,N/A,N/A,aceh.tribunnews.com/2019/03/23/dompet-kosong-dapat-sebabkan-sakit-jantung-simak-penjelasannya,Yes,Site Behavior: Navigation,Restricted ad serving,ca-pub-7784034061253020,121,2024-11-27,2024-12-02
sulbar.tribunnews.com,Page,N/A,N/A,sulbar.tribunnews.com/2023/04/26/video-terbaru-syakirah-viral-durasi-full-5-dan-2-menit-di-twitter-dan-tiktok-terus-diburu-warganet,No,Adult: Sexual content,Restricted ad serving,ca-pub-7784034061253020,120,2024-12-01,2024-12-02
style.tribunnews.com,Page,N/A,N/A,style.tribunnews.com/2017/08/02/6-ciri-wanita-sudah-tak-perawan-mulai-hidung-mata-payudara-hingga-bentuk-punggung,No,Adult: Sexual content,Restricted ad serving,ca-pub-7784034061253020,120,2024-11-27,2024-12-02
pekanbaru.tribunnews.com,Page,N/A,N/A,pekanbaru.tribunnews.com/2024/11/30/baru-jadi-pppk-sd-guru-di-kampar-riau-dihabisi-secara-sadis-tinggalkan-anak-yang-masih-balita?page=2,No,Shocking content,Restricted ad serving,ca-pub-7784034061253020,120,2024-12-01,2024-12-01
medan.tribunnews.com,Page,N/A,N/A,medan.tribunnews.com/2020/12/15/masih-gadis-tapi-payudara-kendor-ahli-ciri-ciri-cewek-sudah-tak-perawan-berikut-selengkapnya?page=all,No,Adult: Sexual content,Restricted ad serving,ca-pub-7784034061253020,120,2024-11-30,2024-12-01
kupang.tribunnews.com,Page,N/A,N/A,kupang.tribunnews.com/2014/06/19/psk-sarkem-bisa-layani-5-pelanggan-semalam-tarif-rp-150-ribu-rp-300-ribu,No,Adult: Sexual content,Restricted ad serving,ca-pub-7784034061253020,120,2024-11-27,2024-12-02
bali.tribunnews.com,Page,N/A,N/A,bali.tribunnews.com/tag/kecelakaan,No,Shocking content,Restricted ad serving,ca-pub-7784034061253020,120,2024-12-02,2024-12-02
solo.tribunnews.com,Page,N/A,N/A,solo.tribunnews.com/2020/09/26/chord-kunci-gitar-dan-lirik-lagu-sancang-yayan-jatnika-chord-mudah-dimainkan,Yes,Encouraging accidental clicks: Layout;Google-served ads obscuring content,Restricted ad serving,ca-pub-7784034061253020,119,2024-11-27,2024-12-02
jambi.tribunnews.com,Page,N/A,N/A,jambi.tribunnews.com/2017/07/30/galeri-foto-tanpa-sensor-ini-5-film-dewasa-dengan-adegan-intim-nyata?page=2,No,Adult: Sexual content,Restricted ad serving,ca-pub-7784034061253020,119,2024-11-28,2024-12-02
www.tribunnews.com,Page,N/A,N/A,www.tribunnews.com/regional/2024/12/03/tetangga-dengar-suara-minta-tolong-saat-aipda-nikson-aniaya-ibu-hingga-tewas-di-bogor,No,Adult: Sexual content,Restricted ad serving,ca-pub-7784034061253020,118,2024-12-02,2024-12-02
www.tribunnews.com,Page,N/A,N/A,www.tribunnews.com/regional/2024/12/01/siswa-smk-tewas-dibacok-saat-bertamu-di-bogor-percakapan-korban-dan-pelaku-sempat-didengar-ustaz?page=4,No,Adult: Sexual content,Restricted ad serving,ca-pub-7784034061253020,118,2024-12-01,2024-12-01
www.tribunnews.com,Page,N/A,N/A,www.tribunnews.com/lifestyle/2010/04/24/gairah-seks-wanita-menurut-primbon-jawa,No,Adult: Sexual content,Restricted ad serving,ca-pub-7784034061253020,118,2024-11-27,2024-12-02
wartakota.tribunnews.com,Page,N/A,N/A,wartakota.tribunnews.com/2013/03/08/cara-membantu-suami-dapatkan-orgasme-terhebat,No,Adult: Sexual content,Restricted ad serving,ca-pub-7784034061253020,118,2024-11-27,2024-12-02
style.tribunnews.com,Page,N/A,N/A,style.tribunnews.com/2017/09/07/miris-tak-hanya-sera-amane-5-perempuan-indonesia-ini-jadi-bintang-film-dewasa-di-luar-negeri?page=all,No,Adult: Sexual content,Restricted ad serving,ca-pub-7784034061253020,118,2024-12-02,2024-12-02
jambi.tribunnews.com,Page,N/A,N/A,jambi.tribunnews.com/2020/02/17/8-bintang-cantik-yang-pilih-pensiun-dari-dunia-film-dewasa-begini-kondisinya-sekarang,No,Adult: Sexual content,Restricted ad serving,ca-pub-7784034061253020,118,2024-11-28,2024-12-02
jabar.tribunnews.com,Page,N/A,N/A,jabar.tribunnews.com/2024/12/02/vietnam-serius-hadapi-ancaman-timnas-indonesia-di-asean-cup-2024-bomber-asal-brasil-disiapkan?page=2,No,Adult: Sexual content,Restricted ad serving,ca-pub-7784034061253020,118,2024-12-02,2024-12-02
belitung.tribunnews.com,Page,N/A,N/A,belitung.tribunnews.com/2021/01/24/kode-khusus-tempat-prostitusi-di-puncak-bogor-tulisan-villa-dan-villa-double-l-ini-artinya,Yes,Ads Disguised as Content,Restricted ad serving,ca-pub-7784034061253020,118,2024-11-27,2024-12-02
bekasi.tribunnews.com,Page,N/A,N/A,bekasi.tribunnews.com/2022/07/30/koleksi-film-semi-korea-terbaru-2022-yang-paling-laris-ditonton-bikin-penonton-mupeng-hingga-baper,Yes,Ads Disguised as Content,Restricted ad serving,ca-pub-7784034061253020,118,2024-11-27,2024-12-02
www.tribunnews.com,Page,N/A,N/A,www.tribunnews.com/regional/2024/12/02/agus-bantah-rudapaksa-mahasiswi-saya-nggak-bisa-buka-celana-sendiri-bagaimana-bisa-melakukan?page=2,No,Adult: Sexual content,Restricted ad serving,ca-pub-7784034061253020,117,2024-12-02,2024-12-02
www.tribunnews.com,Page,N/A,N/A,www.tribunnews.com/regional/2024/11/26/siswa-smk-semarang-ditembak-mati-ramai-ramai-bantah-tuduhan-polisi-dia-anak-baik-bukan-gangster?page=all,No,Adult: Sexual content,Restricted ad serving,ca-pub-7784034061253020,117,2024-12-01,2024-12-01
wartakota.tribunnews.com,Page,N/A,N/A,wartakota.tribunnews.com/2014/11/13/inilah-posisi-doggy-style-yang-benar,No,Adult: Sexual content,Restricted ad serving,ca-pub-7784034061253020,117,2024-11-27,2024-12-01
style.tribunnews.com,Page,N/A,N/A,style.tribunnews.com/2023/02/08/5-anime-yang-penuh-dengan-adegan-panas-17-ada-yosuga-no-sora-waspada-bocil-dilarang-nonton?page=all,No,Adult: Sexual content,Restricted ad serving,ca-pub-7784034061253020,117,2024-12-01,2024-12-01
jatim.tribunnews.com,Page,N/A,N/A,jatim.tribunnews.com/2017/11/28/9-posisi-oral-seks-terbaik-yang-bisa-bikin-pasanganmu-menggila-seketika-no-6-paling-dahsyat,No,Adult: Sexual content,Restricted ad serving,ca-pub-7784034061253020,117,2024-11-28,2024-12-01
jateng.tribunnews.com,Page,N/A,N/A,jateng.tribunnews.com/2016/04/14/video-seronok-tarian-erotis-dan-seronok-anak-sd-ini-dikecam-netizen,Yes,Adult: Sexual content;Site Behavior: Navigation,Restricted ad serving,ca-pub-7784034061253020,117,2024-11-27,2024-12-02
jabar.tribunnews.com,Page,N/A,N/A,jabar.tribunnews.com/2024/12/02/sosok-mas-remaja-bunuh-ayah-dan-nenek-di-jaksel-dikuak-polisi-berprestasi-bakal-dites-kejiwaannya?page=2,No,Adult: Sexual content,Restricted ad serving,ca-pub-7784034061253020,117,2024-12-02,2024-12-02
belitung.tribunnews.com,Page,N/A,N/A,belitung.tribunnews.com/2017/07/07/cewek-ini-bilang-aduh-udah-mau-keluar-sambil-goyangkan-badan-videonya-bikin-heboh,No,Adult: Sexual content,Restricted ad serving,ca-pub-7784034061253020,117,2024-11-27,2024-12-02
pekanbaru.tribunnews.com,Page,N/A,N/A,pekanbaru.tribunnews.com/2022/02/05/apa-itu-colay-dalam-bahasa-gaul-colay-adalah-kebiasaan-buruk-ini-arti-colay-di-kamus-gaul,Yes,Ads Disguised as Content,Restricted ad serving,ca-pub-7784034061253020,116,2024-11-27,2024-12-01
pekanbaru.tribunnews.com,Page,N/A,N/A,pekanbaru.tribunnews.com/2022/01/28/link-download-tiktok-18-plus-versi-android-dan-download-tiktok-18-mod-apk,Yes,Ads Disguised as Content,Restricted ad serving,ca-pub-7784034061253020,116,2024-11-27,2024-12-02
m.tribunnews.com,Page,N/A,N/A,m.tribunnews.com/seleb/2017/09/06/wow-7-wanita-indonesia-ini-bintangi-film-panas-di-luar-negeri-ini-profil-mereka?page=3,Yes,Site Behavior: Navigation,Restricted ad serving,ca-pub-7784034061253020,116,2024-11-27,2024-12-02
kupang.tribunnews.com,Page,N/A,N/A,kupang.tribunnews.com/2020/04/22/mantan-artis-film-dewasa-thailand-yang-cantik-dan-seksi-ini-cari-suami-baru-ini-syarat-syaratnya,Yes,Encouraging accidental clicks: Layout;Google-served ads obscuring content,Restricted ad serving,ca-pub-7784034061253020,116,2024-11-27,2024-12-02
health.tribunnews.com,Page,N/A,N/A,health.tribunnews.com/2023/07/27/jangan-pijat-penis-memijat-mr-p-bisa-timbulkan-bahaya-dan-sebabkan-gangguan-ereksi,No,Adult: Sexual content,Restricted ad serving,ca-pub-7784034061253020,116,2024-11-27,2024-12-02
batam.tribunnews.com,Page,N/A,N/A,batam.tribunnews.com/2020/12/18/tarif-miyabi-ternyata-dihitung-per-jam-dengan-harga-fantastis-masih-tetap-cantik-hingga-kini,Yes,Ads Disguised as Content,Restricted ad serving,ca-pub-7784034061253020,116,2024-11-27,2024-12-02
batam.tribunnews.com,Page,N/A,N/A,batam.tribunnews.com/2018/01/27/berwajah-tampan-pria-ini-sudah-tiduri-3000-an-wanita-ini-profesinya,Yes,Ads Disguised as Content,Restricted ad serving,ca-pub-7784034061253020,116,2024-11-27,2024-12-02
www.tribunnews.com,Page,N/A,N/A,www.tribunnews.com/regional/2021/01/06/mayat-wanita-muda-di-hotel-rio-palembang-dikabarkan-menginap-dengan-2-teman-prianya,No,Shocking content,Restricted ad serving,ca-pub-7784034061253020,115,2024-11-27,2024-12-02
suryamalang.tribunnews.com,Page,N/A,N/A,suryamalang.tribunnews.com/2018/02/21/video-ikan-ini-viral-gara-gara-punya-bibir-layaknya-artis-hollywood-gak-percaya-coba-bandingkan,Yes,Site Behavior: Navigation,Restricted ad serving,ca-pub-7784034061253020,115,2024-11-28,2024-12-02
pekanbaru.tribunnews.com,Page,N/A,N/A,pekanbaru.tribunnews.com/2021/07/16/lagi-trending-di-twitter-ceweksange-apa-arti-cewek-sange-arti-sange-dalam-bahasa-gaul,Yes,Content obscuring Google-served ads;Encouraging accidental clicks: Layout,Restricted ad serving,ca-pub-7784034061253020,115,2024-11-27,2024-12-02
medan.tribunnews.com,Page,N/A,N/A,medan.tribunnews.com/2020/01/30/viral-penyanyi-dangdut-buka-baju-lepas-bra-di-panggung-hingga-penonton-berlomba-beri-saweran,Yes,Site Behavior: Navigation,Restricted ad serving,ca-pub-7784034061253020,115,2024-11-27,2024-12-02
m.tribunnews.com,Page,N/A,N/A,m.tribunnews.com/internasional/2016/03/03/hatsumi-saki-terpilih-sebagai-artis-porno-jepang-terpopuler-2016,No,Adult: Sexual content,Restricted ad serving,ca-pub-7784034061253020,115,2024-11-29,2024-12-02
aceh.tribunnews.com,Page,N/A,N/A,aceh.tribunnews.com/2021/11/30/jangan-dilakukan-buya-yahya-ingatkan-suami-berdosa-jika-mengeluarkan-sperma-dengan-cara-ini,No,Adult: Sexual content,Restricted ad serving,ca-pub-7784034061253020,115,2024-12-01,2024-12-02
aceh.tribunnews.com,Page,N/A,N/A,aceh.tribunnews.com/2017/07/19/memiliki-kelamin-terbesar-di-dunia-pria-ini-tersiksa-hidupnya,No,Adult: Sexual content,Restricted ad serving,ca-pub-7784034061253020,115,2024-11-27,2024-12-02
style.tribunnews.com,Page,N/A,N/A,style.tribunnews.com/2017/09/07/miris-tak-hanya-sera-amane-5-perempuan-indonesia-ini-jadi-bintang-film-dewasa-di-luar-negeri,No,Adult: Sexual content,Restricted ad serving,ca-pub-7784034061253020,114,2024-12-01,2024-12-02
pontianak.tribunnews.com,Page,N/A,N/A,pontianak.tribunnews.com/2017/09/30/seperti-apa-sih-orgasme-pada-wanita-ini-penjelasannya,No,Adult: Sexual content,Restricted ad serving,ca-pub-7784034061253020,114,2024-11-27,2024-12-02
manado.tribunnews.com,Page,N/A,N/A,manado.tribunnews.com/kesehatan,No,Adult: Sexual content,Restricted ad serving,ca-pub-7784034061253020,114,2024-11-27,2024-12-02
medan.tribunnews.com,Page,N/A,N/A,medan.tribunnews.com/2020/10/27/ternyata-memainkan-puting-payudara-juga-bisa-bikin-wanita-cepat-orgasme-berikut-penjelasannya,No,Adult: Sexual content,Restricted ad serving,ca-pub-7784034061253020,113,2024-11-28,2024-12-01
jogja.tribunnews.com,Page,N/A,N/A,jogja.tribunnews.com/2018/01/04/bisakah-hiv-menular-melalui-seks-oral-dan-ciuman-begini-penjelasannya,No,Adult: Sexual content;Shocking content,Restricted ad serving,ca-pub-7784034061253020,113,2024-11-28,2024-12-02
jakarta.tribunnews.com,Page,N/A,N/A,jakarta.tribunnews.com/2021/01/07/begini-cara-membuat-obat-kuat-berbahan-jahe-merah-dan-khasiat-tingkatkan-daya-tahan-tubuh,Yes,Ads Disguised as Content,Restricted ad serving,ca-pub-7784034061253020,112,2024-11-27,2024-12-02
medan.tribunnews.com,Page,N/A,N/A,medan.tribunnews.com/2018/06/29/4-alasan-mengapa-suami-lebih-suka-nonton-film-biru-ketimbang-bercinta-dengan-istri,No,Adult: Sexual content,Restricted ad serving,ca-pub-7784034061253020,111,2024-11-29,2024-12-02
manado.tribunnews.com,Page,N/A,N/A,manado.tribunnews.com/2017/12/13/gadis-ini-sempat-viral-dengan-video-salam-pramuka-begini-kabarnya-sekarang?page=2,Yes,Ads Disguised as Content,Restricted ad serving,ca-pub-7784034061253020,111,2024-11-28,2024-12-02
jatim.tribunnews.com,Page,N/A,N/A,jatim.tribunnews.com/2021/01/13/mengenal-berbagai-obat-scabies-dan-cara-kerjanya-ketahui-juga-beberapa-gejala-yang-muncul,No,Shocking content,Restricted ad serving,ca-pub-7784034061253020,111,2024-11-29,2024-12-01
jambi.tribunnews.com,Page,N/A,N/A,jambi.tribunnews.com/2020/09/27/6-judul-film-maria-ozawa-miyabi-adegan-irokoishi-paling-ehem-sd-nilalang-yang-kalem,No,Adult: Sexual content,Restricted ad serving,ca-pub-7784034061253020,111,2024-11-27,2024-12-02
bangka.tribunnews.com,Page,N/A,N/A,bangka.tribunnews.com/2024/11/19/sosok-cecep-syarifudin-suami-ira-swara-dulu-arsitek-kini-jadi-driver-ojol,No,Shocking content,Restricted ad serving,ca-pub-7784034061253020,111,2024-11-28,2024-12-01
aceh.tribunnews.com,Page,N/A,N/A,aceh.tribunnews.com/2024/11/30/5-cara-efektif-menghentikan-kebiasaan-onani-dr-boyke-ungkap-bahaya-masturbasi-untuk-kesehatan?page=3,No,Adult: Sexual content,Restricted ad serving,ca-pub-7784034061253020,111,2024-11-30,2024-12-01
www.tribunnews.com,Page,N/A,N/A,www.tribunnews.com/regional/2013/08/11/10-tetes-langsung-bereaksi,No,Adult: Sexual content,Restricted ad serving,ca-pub-7784034061253020,110,2024-11-27,2024-12-02
medan.tribunnews.com,Page,N/A,N/A,medan.tribunnews.com/2018/03/22/7-artis-indonesia-ini-disebut-memiliki-payudara-terindah-nomor-terakhir-sempat-menghebohkan?page=all,Yes,Site Behavior: Navigation,Restricted ad serving,ca-pub-7784034061253020,110,2024-11-28,2024-12-02
m.tribunnews.com,Page,N/A,N/A,m.tribunnews.com/kesehatan/2018/02/12/jauh-dari-suami-ibu-2-anak-ini-3-tahun-pakai-sex-toys-blak-blakan-soal-rasa-dan-pendapat-suaminya,No,Adult: Sexual content,Restricted ad serving,ca-pub-7784034061253020,110,2024-11-27,2024-12-01
jambi.tribunnews.com,Page,N/A,N/A,jambi.tribunnews.com/2019/10/02/berikut-foto-30-gadis-jepang-yang-sering-pamerkan-bagian-dalam-tubuhnya-meski-pakai-baju-transparan?page=2,No,Adult: Sexual content,Restricted ad serving,ca-pub-7784034061253020,110,2024-11-27,2024-12-02
jabar.tribunnews.com,Page,N/A,N/A,jabar.tribunnews.com/2022/06/01/pengobatan-alat-vital-aa-abdul-jalil-jogja-pusat-vitalitas-terbaik,No,Adult: Sexual content,Restricted ad serving,ca-pub-7784034061253020,110,2024-11-27,2024-12-01
bengkulu.tribunnews.com,Page,N/A,N/A,bengkulu.tribunnews.com/2024/03/13/translate-lagu-bust-it-open-sound-dance-tiktok-viral-pecahkan-buka-vagxxx-itu,No,Google-served ads obscuring content,Restricted ad serving,ca-pub-7784034061253020,110,2024-11-27,2024-12-02
batam.tribunnews.com,Page,N/A,N/A,batam.tribunnews.com/2021/02/16/maria-ozawa-miyabi-ungkap-kesulitan-yang-dirasakan-wanita-saat-terjun-ke-industri-film-dewasa,Yes,Ads Disguised as Content,Restricted ad serving,ca-pub-7784034061253020,110,2024-11-27,2024-12-02
bangka.tribunnews.com,Page,N/A,N/A,bangka.tribunnews.com/2018/07/22/7-jurus-elit-memulai-chat-duluan-ke-cowok-gebetenmu?page=2,No,Shocking content,Restricted ad serving,ca-pub-7784034061253020,110,2024-11-27,2024-12-02
style.tribunnews.com,Page,N/A,N/A,style.tribunnews.com/2018/04/07/moosejaw-x-ray-aplikasi-tembus-pandang-untuk-melihat-pakaian-dalam-wanita-beneran-ada,No,Adult: Sexual content,Restricted ad serving,ca-pub-7784034061253020,109,2024-11-28,2024-12-02
medan.tribunnews.com,Page,N/A,N/A,medan.tribunnews.com/2023/01/22/6-istilah-dalam-aktivitas-seksual-dokter-dina-sarankan-miss-v-harus-terlumasi-untuk-nomor-5,No,Adult: Sexual content,Restricted ad serving,ca-pub-7784034061253020,109,2024-11-29,2024-12-01
m.tribunnews.com,Page,N/A,N/A,m.tribunnews.com/regional/2024/12/02/fakta-baru-kasus-penembakan-siswa-di-semarang-keluarga-korban-mengaku-diintervensi-polisi?page=3,No,Adult: Sexual content,Restricted ad serving,ca-pub-7784034061253020,109,2024-12-02,2024-12-02
wartakota.tribunnews.com,Page,N/A,N/A,wartakota.tribunnews.com/2015/02/06/oral-seks-menu-pembuka-nan-penuh-sensasi,No,Adult: Sexual content,Restricted ad serving,ca-pub-7784034061253020,108,2024-11-27,2024-12-03
style.tribunnews.com,Page,N/A,N/A,style.tribunnews.com/2023/02/19/viral-nekat-bikin-tato-kelamin-wanita-pemuda-ini-dikucilkan-tak-bisa-dihapus-ternyata-permanen,No,Adult: Sexual content,Restricted ad serving,ca-pub-7784034061253020,108,2024-11-29,2024-12-02
pekanbaru.tribunnews.com,Page,N/A,N/A,pekanbaru.tribunnews.com/2024/12/01/sosok-heri-saragih-guru-sd-yang-dibakar-bersama-motornya-di-kampar-anaknya-masih-berusia-1-tahun?page=all,No,Shocking content,Restricted ad serving,ca-pub-7784034061253020,108,2024-12-01,2024-12-01
medan.tribunnews.com,Page,N/A,N/A,medan.tribunnews.com/2018/02/03/aktris-cantik-ini-pamer-foto-vulgar-dan-buka-bukaan-di-media-sosial-lihat-fotonya-step-by-step,No,Shocking content,Restricted ad serving,ca-pub-7784034061253020,108,2024-11-27,2024-12-03
jogja.tribunnews.com,Page,N/A,N/A,jogja.tribunnews.com/2014/04/10/panjang-mrp-saat-ereksi-hanyalah-14-centimeter,No,Adult: Sexual content,Restricted ad serving,ca-pub-7784034061253020,108,2024-11-27,2024-12-02
batam.tribunnews.com,Page,N/A,N/A,batam.tribunnews.com/2021/10/26/cara-booking-hotel-lewat-shopee-bisa-bayar-bulan-depan-pakai-shopee-paylater,Yes,Modified ad code: Resizing Ad Frames,Restricted ad serving,ca-pub-7784034061253020,108,2024-11-27,2024-12-02
bangka.tribunnews.com,Page,N/A,N/A,bangka.tribunnews.com/2021/02/09/tanda-tanda-wanita-sedang-birahi-dan-mau-diajak-berhubungan-intim-dr-aisah-dahlan-jelaskan-ini,Yes,Ads Disguised as Content,Restricted ad serving,ca-pub-7784034061253020,108,2024-11-28,2024-12-02
www.tribunnews.com,Page,N/A,N/A,www.tribunnews.com/regional/2024/12/02/pria-disabilitas-jadi-tersangka-rudapaksa-korban-disebut-ada-3-saya-dijebak-tangan-saja-tak-punya?page=4,No,Adult: Sexual content,Restricted ad serving,ca-pub-7784034061253020,106,2024-12-02,2024-12-02
pontianak.tribunnews.com,Page,N/A,N/A,pontianak.tribunnews.com/2016/11/01/hanya-dalam-beberapa-minggu-penis-bisa-besar-begini-caranya,No,Adult: Sexual content,Restricted ad serving,ca-pub-7784034061253020,106,2024-11-27,2024-12-02
jatim.tribunnews.com,Page,N/A,N/A,jatim.tribunnews.com/2018/02/09/pelaku-video-panas-tante-vs-bocah-sd-melahirkan-anak-ke-11nya-di-penjara-fakta-mengejutkan-terkuak?page=2,No,Adult: Sexual content,Restricted ad serving,ca-pub-7784034061253020,106,2024-11-27,2024-12-02
jatim.tribunnews.com,Page,N/A,N/A,jatim.tribunnews.com/2018/01/04/banyak-diburu-netizen-video-panas-tante-tante-dengan-bocah-adegannya-tak-pantas-dilihat-anak-kecil,No,Adult: Sexual content;Shocking content,Restricted ad serving,ca-pub-7784034061253020,106,2024-11-27,2024-12-02
jateng.tribunnews.com,Page,N/A,N/A,jateng.tribunnews.com/2017/09/16/7-bintang-porno-jepang-ini-pilih-pensiun-begini-kabar-terbaru-mereka,No,Adult: Sexual content,Restricted ad serving,ca-pub-7784034061253020,106,2024-11-28,2024-12-01
jambi.tribunnews.com,Page,N/A,N/A,jambi.tribunnews.com/2018/01/27/5-artis-ini-pernah-dijuluki-bom-seks-ini-profesi-mereka-sekarang-ada-yang-sudah-meninggal,Yes,Ads Disguised as Content,Restricted ad serving,ca-pub-7784034061253020,106,2024-11-29,2024-12-01
jabar.tribunnews.com,Page,N/A,N/A,jabar.tribunnews.com/2018/08/13/momo-challenge-cerita-di-balik-foto-yang-menyeramkan-dan-tantangannya-yang-berbahaya,No,Shocking content,Restricted ad serving,ca-pub-7784034061253020,106,2024-12-02,2024-12-02
bangka.tribunnews.com,Page,N/A,N/A,bangka.tribunnews.com/2016/05/01/ssst-inilah-ciri-ciri-orang-yang-kecanduan-onani,No,Adult: Sexual content,Restricted ad serving,ca-pub-7784034061253020,106,2024-11-27,2024-12-03
pekanbaru.tribunnews.com,Page,N/A,N/A,pekanbaru.tribunnews.com/2023/09/09/nonton-punit-na-langit-film-filipina-terbaru-september-2023,No,Google-served ads obscuring content,Restricted ad serving,ca-pub-7784034061253020,105,2024-11-27,2024-12-02
jabar.tribunnews.com,Page,N/A,N/A,jabar.tribunnews.com/2024/12/02/real-count-pilkada-jakarta-ridwan-kamil-kalahkan-pramono-anung-di-kecamatan-pasar-rebo?page=2,No,Adult: Sexual content,Restricted ad serving,ca-pub-7784034061253020,105,2024-12-02,2024-12-02
jabar.tribunnews.com,Page,N/A,N/A,jabar.tribunnews.com/2024/12/02/kronologi-agus-dituduh-perkosa-mahasiswi-pemuda-disabilitas-beber-pembelaan-ngaku-disuruh-korban?page=2,No,Adult: Sexual content,Restricted ad serving,ca-pub-7784034061253020,105,2024-12-01,2024-12-01
www.tribunnews.com,Page,N/A,N/A,www.tribunnews.com/regional/2024/12/03/kabid-propam-polda-jateng-tegaskan-tak-ada-tawuran-saat-aipda-robig-tembak-siswa-smk-karena-dipepet?page=3,No,Adult: Sexual content,Restricted ad serving,ca-pub-7784034061253020,104,2024-12-02,2024-12-02
www.tribunnews.com,Page,N/A,N/A,www.tribunnews.com/regional/2024/12/03/aipda-robig-letuskan-4-tembakan-ke-siswa-smk-kapolrestabes-semarang-minta-maaf-akui-anggota-teledor?page=2,No,Adult: Sexual content,Restricted ad serving,ca-pub-7784034061253020,104,2024-12-02,2024-12-02
www.tribunnews.com,Page,N/A,N/A,www.tribunnews.com/regional/2024/12/02/pengakuan-korban-rudapaksa-pria-tanpa-2-tangan-sebut-diancam-agus-bantah-kan-dia-bisa-lawan?page=3,No,Adult: Sexual content,Restricted ad serving,ca-pub-7784034061253020,104,2024-12-02,2024-12-02
www.tribunnews.com,Page,N/A,N/A,www.tribunnews.com/regional/2024/12/02/3-kakak-kelas-terbukti-terlibat-dalam-bullying-yang-menewaskan-siswa-kelas-3-sd-di-subang?page=all,No,Adult: Sexual content,Restricted ad serving,ca-pub-7784034061253020,104,2024-12-02,2024-12-02
www.tribunnews.com,Page,N/A,N/A,www.tribunnews.com/regional/2024/12/01/siswa-smk-tewas-dibacok-saat-bertamu-di-bogor-percakapan-korban-dan-pelaku-sempat-didengar-ustaz?page=2,No,Adult: Sexual content,Restricted ad serving,ca-pub-7784034061253020,104,2024-12-01,2024-12-01
prohaba.tribunnews.com,Page,N/A,N/A,prohaba.tribunnews.com/2024/12/02/video-aisar-khaled-beri-uang-rp-100-juta-usai-kalah-tinju-melawan-fadly-faisal-hingga-melamar-fuji,No,Adult: Sexual content,Restricted ad serving,ca-pub-7784034061253020,104,2024-12-02,2024-12-02
pekanbaru.tribunnews.com,Page,N/A,N/A,pekanbaru.tribunnews.com/2020/03/06/link-download-film-frozen-2-full-sub-indo-bahasa-indonesia-bisa-nonton-streaming-di-hp-video,No,Content obscuring Google-served ads,Restricted ad serving,ca-pub-7784034061253020,104,2024-11-27,2024-12-02
jateng.tribunnews.com,Page,N/A,N/A,jateng.tribunnews.com/2017/02/11/kisah-kehidupan-seks-pemilik-penis-terbesar-dan-terpanjang-di-dunia-pacarnya-tak-sanggup,No,Adult: Sexual content,Restricted ad serving,ca-pub-7784034061253020,104,2024-11-27,2024-12-02
jambi.tribunnews.com,Page,N/A,N/A,jambi.tribunnews.com/2018/01/21/ini-yang-ada-dipikiran-wanita-bila-melihat-kelamin-laki-laki,No,Adult: Sexual content,Restricted ad serving,ca-pub-7784034061253020,104,2024-11-27,2024-12-02
banjarmasin.tribunnews.com,Page,N/A,N/A,banjarmasin.tribunnews.com/2021/11/26/bisnis-kuliner-terpuruk-bermodal-rp-200-ribu-wanita-banjarbaru-ini-bangkit-produksi-sabun-cuci,No,Shocking content,Restricted ad serving,ca-pub-7784034061253020,104,2024-12-01,2024-12-02
bangka.tribunnews.com,Page,N/A,N/A,bangka.tribunnews.com/2022/06/11/obat-lemah-syahwat-ala-dr-zaidul-akbar-coba-saja-buat-ramuan-sederhana-ini-di-rumah,Yes,Ads Disguised as Content,Restricted ad serving,ca-pub-7784034061253020,104,2024-11-27,2024-12-02
www.tribunnewswiki.com,Page,N/A,N/A,www.tribunnewswiki.com/2024/06/24/video-6-menit-opa-ambon-dan-wanita-muda-viral-di-twitter-x-link-tersebar-ternyata-tetanggaan,Yes,Google-served ads obscuring content;Modified Javascript: Ads by Google size,Restricted ad serving,ca-pub-7784034061253020,103,2024-11-27,2024-12-03
m.tribunnews.com,Page,N/A,N/A,m.tribunnews.com/kesehatan/2019/04/04/saat-bercinta-ini-6-tahapan-yang-dirasakan-perempuan-sampai-orgasme?page=2,No,Adult: Sexual content,Restricted ad serving,ca-pub-7784034061253020,103,2024-11-27,2024-12-02
jatim.tribunnews.com,Page,N/A,N/A,jatim.tribunnews.com/2023/02/08/arti-kata-fwb-alias-friends-with-benefits-istilah-gaul-anak-muda-ketahui-keuntungannya-di-sini,No,Google-served ads obscuring content,Restricted ad serving,ca-pub-7784034061253020,103,2024-11-27,2024-12-02
jateng.tribunnews.com,Page,N/A,N/A,jateng.tribunnews.com/2024/06/15/sosok-pak-iqbal-guru-smkn-1-kendal-yang-mesum-dengan-siswi-di-toilet-masjid-ternyata-guru-pai,No,Shocking content,Restricted ad serving,ca-pub-7784034061253020,103,2024-12-02,2024-12-02
bali.tribunnews.com,Page,N/A,N/A,bali.tribunnews.com/2016/12/17/idih-7-benda-ini-pernah-dipakai-jadi-pengganti-kondom-akibatnya-serem?page=all,No,Adult: Sexual content,Restricted ad serving,ca-pub-7784034061253020,103,2024-11-28,2024-12-02
jabar.tribunnews.com,Page,N/A,N/A,jabar.tribunnews.com/2024/12/02/de-braga-by-artotel-bersama-sunbite-sunday-hadirkanpengalaman-kuliner-brand-lokal,No,Adult: Sexual content,Restricted ad serving,ca-pub-7784034061253020,102,2024-12-02,2024-12-02
palembang.tribunnews.com,Page,N/A,N/A,palembang.tribunnews.com/2017/11/18/celana-dalam-sering-basah-kenali-rahasia-cairan-ini-sebelum-terlambat-wanita-wajib-tahu,No,Shocking content,Restricted ad serving,ca-pub-7784034061253020,101,2024-11-27,2024-12-01
lampung.tribunnews.com,Page,N/A,N/A,lampung.tribunnews.com/2018/01/06/video-mesum-bocah-dengan-tante-viral-tak-berani-melawan-karena-takut-ibu,No,Google-served ads obscuring content;Shocking content,Restricted ad serving,ca-pub-7784034061253020,101,2024-11-27,2024-12-01
belitung.tribunnews.com,Page,N/A,N/A,belitung.tribunnews.com/2024/12/02/kisah-mas-siswa-kelas-1-sma-bunuh-ayah-dan-nenek-anak-cerdas-ayah-dan-ibu-lulusan-kampus-ternama?page=4,No,Adult: Sexual content,Restricted ad serving,ca-pub-7784034061253020,101,2024-12-01,2024-12-01
jambi.tribunnews.com,Page,N/A,N/A,jambi.tribunnews.com/2019/06/10/6-tanda-istri-selingkuh-dan-pernah-tidur-dengan-pria-lain-ciri-ciri-ini-yang-bikin-ketahuan,Yes,Ads Disguised as Content,Restricted ad serving,ca-pub-7784034061253020,100,2024-11-27,2024-12-02
jabar.tribunnews.com,Page,N/A,N/A,jabar.tribunnews.com/2024/12/02/bikin-rugi-ratusan-juta-rupiah-petani-ikan-di-waduk-cirata-purwakarta-berantas-eceng-gondok,No,Adult: Sexual content,Restricted ad serving,ca-pub-7784034061253020,100,2024-12-01,2024-12-01
jabar.tribunnews.com,Page,N/A,N/A,jabar.tribunnews.com/2021/01/31/cerita-kakek-sugiono-yang-sering-muncul-di-meme-ternyata-istri-tak-tahu-kalau-dia-bintang-film-panas,Yes,Ads Disguised as Content,Restricted ad serving,ca-pub-7784034061253020,100,2024-11-27,2024-12-02
bangka.tribunnews.com,Page,N/A,N/A,bangka.tribunnews.com/2019/04/05/whatsapp-kamu-kena-blokir-mantan-begini-caranya-agar-tetap-bisa-kirim-chat-meski-diblokir,Yes,Content obscuring Google-served ads;Encouraging accidental clicks: Layout;Google-served ads on screens without publisher-content,Restricted ad serving,ca-pub-7784034061253020,100,2024-11-29,2024-12-02
makassar.tribunnews.com,Page,N/A,N/A,makassar.tribunnews.com/2020/05/29/daftar-5-artis-indonesia-pernah-diterpa-kasus-video-mesum-terbaru-syahrini-dan-gisella-anastasia,Yes,Ads Disguised as Content,Restricted ad serving,ca-pub-7784034061253020,99,2024-11-27,2024-12-02
jambi.tribunnews.com,Page,N/A,N/A,jambi.tribunnews.com/2018/01/18/dari-bentuk-puting-susu-bisa-diketahui-kepribadian-seorang-wanita,No,Adult: Sexual content,Restricted ad serving,ca-pub-7784034061253020,99,2024-11-27,2024-12-02
jabar.tribunnews.com,Page,N/A,N/A,jabar.tribunnews.com/2022/01/18/pengobatan-alat-vital-bekasi-cikarang-h-saefudin-ahli-waris-mak-erot,No,Adult: Sexual content,Restricted ad serving,ca-pub-7784034061253020,99,2024-12-01,2024-12-01
bogor.tribunnews.com,Page,N/A,N/A,bogor.tribunnews.com/2022/07/06/arti-mimpi-selingkuh-dengan-suami-orang-pertanda-buruk-simak-penjelasannya-menurut-pakar-mimpi,Yes,Ads Disguised as Content,Restricted ad serving,ca-pub-7784034061253020,99,2024-11-27,2024-12-02
bogor.tribunnews.com,Page,N/A,N/A,bogor.tribunnews.com/2016/07/13/6-alasan-wanita-mau-melepaskan-keperawanannya-kepada-kekasihnya-karena-cinta-hingga-kebelet-nikah,Yes,Ads Disguised as Content,Restricted ad serving,ca-pub-7784034061253020,99,2024-11-28,2024-12-02
belitung.tribunnews.com,Page,N/A,N/A,belitung.tribunnews.com/2024/12/02/info-kenaikkan-gaji-pns-2025-daftar-gaji-guru-pns-golongan-i-hingga-iv-serta-gaji-pppk?page=2,No,Adult: Sexual content,Restricted ad serving,ca-pub-7784034061253020,99,2024-12-02,2024-12-02
bangka.tribunnews.com,Page,N/A,N/A,bangka.tribunnews.com/2020/12/07/arti-wahdaniyah-sifat-wajib-allah-swt-yang-disebut-dalam-al-quran-surat-al-anbiya-ayat-22,No,Google-served ads obscuring content,Restricted ad serving,ca-pub-7784034061253020,99,2024-11-27,2024-12-02
aceh.tribunnews.com,Page,N/A,N/A,aceh.tribunnews.com/2024/12/01/pemukiman-israel-hancur-dihantam-rudal-houthi-sirene-meraung-keras-4-warga-zionis-terluka?page=2,No,Shocking content,Restricted ad serving,ca-pub-7784034061253020,99,2024-12-01,2024-12-01
sumsel.tribunnews.com,Page,N/A,N/A,sumsel.tribunnews.com/2021/10/01/cara-dan-syarat-mengurus-kartu-atm-bni-tertelan-di-mesin-bisa-di-kantor-terdekat,No,Google-served ads obscuring content,Restricted ad serving,ca-pub-7784034061253020,98,2024-11-27,2024-12-02
pontianak.tribunnews.com,Page,N/A,N/A,pontianak.tribunnews.com/2018/09/02/ditanya-soal-kasus-video-mesum-dengan-ariel-noah-luna-maya-jalani-seperti-roller-coaster,No,Adult: Sexual content,Restricted ad serving,ca-pub-7784034061253020,98,2024-11-27,2024-12-02
medan.tribunnews.com,Page,N/A,N/A,medan.tribunnews.com/2021/11/16/bukannya-nikmati-malam-pertama-pengantin-wanita-baru-nikah-ini-diseret-ke-kamar-pelaku-bukan-suami,Yes,Ads Disguised as Content,Restricted ad serving,ca-pub-7784034061253020,98,2024-11-27,2024-12-02
m.tribunnews.com,Page,N/A,N/A,m.tribunnews.com/pendidikan/2024/11/28/30-soal-pas-ipas-kelas-4-dan-kunci-jawaban-sas-ilmu-pengetahuan-alam-dan-sosial?lgn_method=google&google_btn=onetap,No,Adult: Sexual content,Restricted ad serving,ca-pub-7784034061253020,98,2024-12-02,2024-12-02
bangka.tribunnews.com,Page,N/A,N/A,bangka.tribunnews.com/2020/11/07/kisah-nyata-pengakuan-istri-selingkuh-berkali-kali-berhubungan-intim-begini-cara-menangkal-pelet,Yes,Ads Disguised as Content,Restricted ad serving,ca-pub-7784034061253020,98,2024-11-27,2024-12-02
www.tribunnews.com,Page,N/A,N/A,www.tribunnews.com/regional/2024/12/02/profil-am-thalib-pejuang-kemerdekaan-asal-sumsel-namanya-diabadikan-sebagai-gedung-korem-palembang,No,Adult: Sexual content,Restricted ad serving,ca-pub-7784034061253020,97,2024-12-02,2024-12-02
www.tribunnews.com,Page,N/A,N/A,www.tribunnews.com/kesehatan/2014/11/13/ini-posisi-doggy-style-yang-benar-supaya-punya-anak-lelaki,No,Adult: Sexual content,Restricted ad serving,ca-pub-7784034061253020,97,2024-11-27,2024-12-03
wartakota.tribunnews.com,Page,N/A,N/A,wartakota.tribunnews.com/2015/09/06/wanita-ternyata-paling-suka-mr-p-berukuran-16-cm,No,Adult: Sexual content,Restricted ad serving,ca-pub-7784034061253020,97,2024-11-27,2024-12-02
surabaya.tribunnews.com,Page,N/A,N/A,surabaya.tribunnews.com/tag/lamongan,No,Adult: Sexual content,Restricted ad serving,ca-pub-7784034061253020,97,2024-11-27,2024-12-02
jabar.tribunnews.com,Page,N/A,N/A,jabar.tribunnews.com/2024/12/02/penemuan-mayat-di-pasir-pantai-pulau-tidung-kepulauan-seribu-kenakan-kaos-smp-negeri-cibadak,No,Adult: Sexual content,Restricted ad serving,ca-pub-7784034061253020,97,2024-12-01,2024-12-01
manado.tribunnews.com,Page,N/A,N/A,manado.tribunnews.com/2019/01/28/3-cara-mengetahui-suami-anda-selingkuh-atau-tidak-hotman-paris-cium-celana-dalam-dan-ketek-suami,Yes,Ads Disguised as Content,Restricted ad serving,ca-pub-7784034061253020,96,2024-11-27,2024-12-02
jateng.tribunnews.com,Page,N/A,N/A,jateng.tribunnews.com/2024/11/29/2-pemotor-korban-kecelakaan-tunggal-ditemukan-tersangkut-di-pintu-air-bendungan,No,Shocking content,Restricted ad serving,ca-pub-7784034061253020,96,2024-12-01,2024-12-01
aceh.tribunnews.com,Page,N/A,N/A,aceh.tribunnews.com/2022/11/06/video-viral-wanita-kebaya-merah-adegan-16-menit-tak-senonoh-dengan-pria-dalam-kamar-hotel,Yes,Ads Disguised as Content,Restricted ad serving,ca-pub-7784034061253020;ca-video-pub-7784034061253020,96,2024-11-27,2024-12-02
www.tribunnews.com,Page,N/A,N/A,www.tribunnews.com/regional/2024/12/03/agus-buntung-dituding-tawari-korban-ritual-mandi-wajib-hingga-berakhir-rudapaksa-disebut-mengancam,No,Adult: Sexual content,Restricted ad serving,ca-pub-7784034061253020,95,2024-12-02,2024-12-02
sumsel.tribunnews.com,Page,N/A,N/A,sumsel.tribunnews.com/2017/09/28/ngeri-ini-dia-tanda-tanda-pria-yang-sedang-bercinta-dengan-jin-wanita,No,Adult: Sexual content,Restricted ad serving,ca-pub-7784034061253020,95,2024-11-27,2024-12-03
pekanbaru.tribunnews.com,Page,N/A,N/A,pekanbaru.tribunnews.com/2023/07/04/tobrut-artinya-apa-dalam-bahasa-gaul-dan-link-video-viral-tobrut-beredar-di-twitter,No,Google-served ads obscuring content,Restricted ad serving,ca-pub-7784034061253020,95,2024-11-27,2024-12-03
palembang.tribunnews.com,Page,N/A,N/A,palembang.tribunnews.com/2014/01/08/ini-arti-kode-khusus-di-karaoke-esek-esek,No,Adult: Sexual content,Restricted ad serving,ca-pub-7784034061253020,95,2024-11-27,2024-12-03
sultra.tribunnews.com,Page,N/A,N/A,sultra.tribunnews.com/2023/05/04/video-viral-ciwidey-wanita-bercadar-di-kebun-teh-durasi-39-detikpemeran-dikaitkan-dengan-sososk-ini,Yes,Google-served ads on screens without publisher-content,Restricted ad serving,ca-pub-7784034061253020,94,2024-11-27,2024-12-03
sultra.tribunnews.com,Page,N/A,N/A,sultra.tribunnews.com/2022/10/21/link-video-wanita-baju-merah-viral-di-tiktok-hingga-twitter-bagian-rimbun-ramai-disorot-warganet,Yes,Ads Disguised as Content,Restricted ad serving,ca-pub-7784034061253020,94,2024-11-27,2024-12-02
solo.tribunnews.com,Page,N/A,N/A,solo.tribunnews.com/2021/07/05/chord-kunci-gitar-dan-lirik-lagu-tiara-kris-jika-kau-bertemu-aku-begini,No,Google-served ads obscuring content,Restricted ad serving,ca-pub-7784034061253020,94,2024-11-27,2024-12-02
pekanbaru.tribunnews.com,Page,N/A,N/A,pekanbaru.tribunnews.com/2021/06/11/apa-arti-isin-bahasa-gaul-istilah-jawa-yang-disebut-bahasa-gaul-inilah-isin-artinya-apa-itu-isin,Yes,Encouraging accidental clicks: Layout,Restricted ad serving,ca-pub-7784034061253020,94,2024-11-27,2024-12-02
jogja.tribunnews.com,Page,N/A,N/A,jogja.tribunnews.com/2018/02/21/morning-sex-hanya-dilakukan-orang-yang-bahagia-dan-sehat,No,Adult: Sexual content,Restricted ad serving,ca-pub-7784034061253020,94,2024-11-29,2024-12-02
jambi.tribunnews.com,Page,N/A,N/A,jambi.tribunnews.com/2019/07/19/larang-siswanya-pakai-celana-dalam-dan-wajib-pakai-rok-mini-sma-di-jepang-wanitanya-terkenal-vulgar?page=3,No,Adult: Sexual content,Restricted ad serving,ca-pub-7784034061253020,94,2024-11-29,2024-12-02
medan.tribunnews.com,Page,N/A,N/A,medan.tribunnews.com/2024/11/09/daftar-lengkap-11-orang-korban-pembantaian-oknum-tni-di-kecamatan-sibiru-biru-ada-yang-tewas,No,Shocking content,Restricted ad serving,ca-pub-7784034061253020,93,2024-11-27,2024-12-02
aceh.tribunnews.com,Page,N/A,N/A,aceh.tribunnews.com/2022/02/04/beredar-pengakuan-dokter-yang-20-tahun-lalu-operasi-ganti-kelamin-dorce-bisa-jadi-penderitaan,Yes,Modified ad code: Resizing Ad Frames,Restricted ad serving,ca-pub-7784034061253020,93,2024-11-27,2024-12-01
wartakota.tribunnews.com,Page,N/A,N/A,wartakota.tribunnews.com/2013/02/28/kiat-jitu-memanjakan-mr-p,No,Adult: Sexual content,Restricted ad serving,ca-pub-7784034061253020,92,2024-11-27,2024-12-02
www.tribunnews.com,Page,N/A,N/A,www.tribunnews.com/regional/2024/12/03/kabid-propam-polda-jateng-tegaskan-tak-ada-tawuran-saat-aipda-robig-tembak-siswa-smk-karena-dipepet?page=2,No,Adult: Sexual content,Restricted ad serving,ca-pub-7784034061253020,91,2024-12-02,2024-12-02
www.tribunnews.com,Page,N/A,N/A,www.tribunnews.com/regional/2024/12/02/video-kronologi-polisi-tembak-siswa-smkn-4-semarang-aipda-robig-sempat-terjatuh?page=2,No,Adult: Sexual content,Restricted ad serving,ca-pub-7784034061253020,91,2024-12-02,2024-12-02
www.tribunnews.com,Page,N/A,N/A,www.tribunnews.com/regional/2024/12/02/3-kakak-kelas-terbukti-terlibat-dalam-bullying-yang-menewaskan-siswa-kelas-3-sd-di-subang?page=2,No,Adult: Sexual content,Restricted ad serving,ca-pub-7784034061253020,91,2024-12-02,2024-12-02
www.tribunnews.com,Page,N/A,N/A,www.tribunnews.com/regional/2024/11/18/kisah-sedih-devi-murid-sd-di-palembang-bawa-pulang-makanan-siang-gratis-untuk-ibunda-di-rumah,No,Shocking content,Restricted ad serving,ca-pub-7784034061253020,91,2024-12-02,2024-12-02
www.tribunnews.com,Page,N/A,N/A,www.tribunnews.com/regional/2019/12/12/foto-wanita-buka-baju-tapi-mukanya-ditutu-jadi-viral-nitizen-jadi-penasaran-identitas-pelakunya,Yes,Ads Disguised as Content,Restricted ad serving,ca-pub-7784034061253020,91,2024-11-27,2024-12-02
www.tribunnews.com,Page,N/A,N/A,www.tribunnews.com/nasional/2024/12/02/kilas-balik-kasus-hendra-kurniawan-hilangkan-rekaman-cctv-dan-larang-keluarga-brigadir-j-buka-peti?page=2,No,Adult: Sexual content,Restricted ad serving,ca-pub-7784034061253020,91,2024-12-01,2024-12-01
www.tribunnews.com,Page,N/A,N/A,www.tribunnews.com/internasional/2024/12/01/sandera-israel-frustasi-desak-netanyahu-dan-donald-trump-jangan-abaikan-kami-di-gaza?page=all,No,Shocking content,Restricted ad serving,ca-pub-7784034061253020,91,2024-12-01,2024-12-01
lampung.tribunnews.com,Page,N/A,N/A,lampung.tribunnews.com/404,Yes,Google-served ads on screens without publisher-content,Restricted ad serving,ca-pub-7784034061253020,91,2024-11-28,2024-12-02
jateng.tribunnews.com,Page,N/A,N/A,jateng.tribunnews.com/2022/12/05/ekspresi-miyabi-saat-ditanya-ukuran-mr-p-paling-besar-pasangannya-saat-jadi-bintang-film-syur,No,Adult: Sexual content,Restricted ad serving,ca-pub-7784034061253020,91,2024-12-01,2024-12-01
jabar.tribunnews.com,Page,N/A,N/A,jabar.tribunnews.com/2024/12/02/dianggap-biarkan-pergeseran-suara-nasdem-ketua-kpu-jabar-ummi-wahyuni-diberhentikan-dari-jabatannya?lgn_method=google&google_btn=onetap,No,Adult: Sexual content,Restricted ad serving,ca-pub-7784034061253020,91,2024-12-01,2024-12-01
banjarmasin.tribunnews.com,Page,N/A,N/A,banjarmasin.tribunnews.com/2022/01/26/kaum-muda-temui-kasus-edi-tansil-dr-boyke-bongkar-rahasia-atasi-perkara-ini,Yes,Ads Disguised as Content,Restricted ad serving,ca-pub-7784034061253020,91,2024-11-27,2024-12-01
sulbar.tribunnews.com,Page,N/A,N/A,sulbar.tribunnews.com/2023/04/19/viral-video-adegan-tak-senonoh-diduga-diperankan-amanda-manopo-ada-di-twitter-tiktok-dan-telegram?page=all,No,Google-served ads obscuring content,Restricted ad serving,ca-pub-7784034061253020,90,2024-11-27,2024-12-02
pekanbaru.tribunnews.com,Page,N/A,N/A,pekanbaru.tribunnews.com/2021/12/01/link-nonton-film-cash-on-delivery-full-movie-sub-indo-beserta-sinopsis,Yes,Google-served ads on screens without publisher-content,Restricted ad serving,ca-pub-7784034061253020,90,2024-11-27,2024-12-02
palembang.tribunnews.com,Page,N/A,N/A,palembang.tribunnews.com/2024/11/17/30-soal-asesmen-kompetensi-guru-akgtk-kompetensi-profesional-guru-ips-contoh-soal-profesional,No,Adult: Sexual content,Restricted ad serving,ca-pub-7784034061253020,90,2024-12-02,2024-12-02
belitung.tribunnews.com,Page,N/A,N/A,belitung.tribunnews.com/2018/08/03/ternyata-7-benda-ini-pernah-dipakai-jadi-pengganti-kondom-ini-akibatnya,No,Adult: Sexual content,Restricted ad serving,ca-pub-7784034061253020,90,2024-11-29,2024-12-02
www.tribunnews.com,Page,N/A,N/A,www.tribunnews.com/regional/2024/12/03/kecelakaan-maut-bus-rute-toraja-kendari-masuk-jurang-di-palopo-7-orang-dilaporkan-tewas,No,Adult: Sexual content,Restricted ad serving,ca-pub-7784034061253020,89,2024-12-02,2024-12-02
m.tribunnews.com,Page,N/A,N/A,m.tribunnews.com/kesehatan/2016/08/03/enam-ciri-ciri-istri-ingin-berhubungan-intim-yang-jarang-diketahui-suami,No,Adult: Sexual content,Restricted ad serving,ca-pub-7784034061253020,89,2024-11-28,2024-12-02
kupang.tribunnews.com,Page,N/A,N/A,kupang.tribunnews.com/2017/06/23/video-ya-ampun-tak-pakai-celana-dalam-artis-korea-ini-tak-sadar-organ-intimnya-kelihatan?page=all,Yes,Ads Disguised as Content,Restricted ad serving,ca-pub-7784034061253020,89,2024-11-27,2024-12-02
jogja.tribunnews.com,Page,N/A,N/A,jogja.tribunnews.com/2023/09/23/lirik-dan-terjemahan-lagu-youre-on-your-own-kid-taylor-swift?page=4,No,Adult: Sexual content,Restricted ad serving,ca-pub-7784034061253020,89,2024-12-02,2024-12-02
jatim.tribunnews.com,Page,N/A,N/A,jatim.tribunnews.com/2024/12/02/pria-panik-dimintai-tanggung-jawab-malah-bunuh-dan-bakar-pacar-hamil-sempat-menuju-ke-tukang-pijat,Yes,Google-served ads on screens without publisher-content;Shocking content,Restricted ad serving,ca-pub-7784034061253020,89,2024-12-02,2024-12-02
jambi.tribunnews.com,Page,N/A,N/A,jambi.tribunnews.com/2019/07/19/larang-siswanya-pakai-celana-dalam-dan-wajib-pakai-rok-mini-sma-di-jepang-wanitanya-terkenal-vulgar,No,Adult: Sexual content,Restricted ad serving,ca-pub-7784034061253020,89,2024-11-27,2024-12-02
gorontalo.tribunnews.com,Page,N/A,N/A,gorontalo.tribunnews.com/2024/12/03/seorang-mahasiswi-dibunuh-dan-dibakar-pacarnya-kelakukan-pelaku-diungkap?page=2,No,Shocking content,Restricted ad serving,ca-pub-7784034061253020,89,2024-12-02,2024-12-02
bogor.tribunnews.com,Page,N/A,N/A,bogor.tribunnews.com/2015/12/08/tempat-pijat-plus-di-bogor-alamak-terapisnya-topless,No,Adult: Sexual content,Restricted ad serving,ca-pub-7784034061253020,89,2024-12-02,2024-12-02
bali.tribunnews.com,Page,N/A,N/A,bali.tribunnews.com/2017/03/22/bintang-porno-tertua-di-jepang-pensiun-dalam-usia-80-tahun,No,Shocking content,Restricted ad serving,ca-pub-7784034061253020,89,2024-11-27,2024-12-02
wartakota.tribunnews.com,Page,N/A,N/A,wartakota.tribunnews.com/2019/11/10/penyebab-pria-sering-jajan-di-luar-rumah-diungkap-seorang-psk-layani-10-pria-selama-12-tahun,No,Adult: Sexual content,Restricted ad serving,ca-pub-7784034061253020,88,2024-11-27,2024-12-02
manado.tribunnews.com,Page,N/A,N/A,manado.tribunnews.com/2017/12/13/ada-yang-diduga-mahasiswi-inilah-5-video-mesum-paling-heboh-sepanjang-tahun-2017,No,Adult: Sexual content,Restricted ad serving,ca-pub-7784034061253020,88,2024-11-27,2024-12-02
m.tribunnews.com,Page,N/A,N/A,m.tribunnews.com/superskor/2024/04/18/hasil-wakil-asean-di-piala-asia-u23-2024-matchday-1-vietnam-puncak-klasemen-timnas-indonesia-miris?source=kgnotif_1,No,Adult: Sexual content,Restricted ad serving,ca-pub-7784034061253020,88,2024-12-02,2024-12-02
jatim.tribunnews.com,Page,N/A,N/A,jatim.tribunnews.com/2018/01/08/12-fakta-video-panas-tante-vs-bocah-sd-yang-viral-di-medsos-terungkap-lokasi-sampai-durasi-syuting,No,Adult: Sexual content,Restricted ad serving,ca-pub-7784034061253020,88,2024-12-02,2024-12-02
jambi.tribunnews.com,Page,N/A,N/A,jambi.tribunnews.com/2013/04/04/merasa-digoda-ibu-mertua-sampai-berfantasi-seks-harus-bagaimana,No,Adult: Sexual content,Restricted ad serving,ca-pub-7784034061253020,88,2024-11-27,2024-12-02
belitung.tribunnews.com,Page,N/A,N/A,belitung.tribunnews.com/2017/11/21/cewek-sma-jual-diri-langsung-masuk-aja-nanti-naik-ya,No,Adult: Sexual content,Restricted ad serving,ca-pub-7784034061253020,88,2024-11-27,2024-12-02
bali.tribunnews.com,Page,N/A,N/A,bali.tribunnews.com/2016/05/30/setelah-eno-tewas-dengan-cangkul-gadis-20-tahun-kembali-tewas-dengan-kondisi-tanpa-busana,Yes,Encouraging accidental clicks: Layout,Restricted ad serving,ca-pub-7784034061253020,88,2024-11-27,2024-12-01
www.tribunnewswiki.com,Page,N/A,N/A,www.tribunnewswiki.com/2020/09/30/celana-dalam-hilang-misterius-ternyata-dibuang-di-pekarangan-hingga-di-atap-dalam-keadaan-kotor,Yes,Encouraging accidental clicks: Layout;Google-served ads obscuring content,Restricted ad serving,ca-pub-7784034061253020,87,2024-11-27,2024-12-02
wow.tribunnews.com,Page,N/A,N/A,wow.tribunnews.com/2017/10/07/7-kebohongan-tentang-bercinta-di-film-dewasa-nomor-4-bikin-jijik,No,Adult: Sexual content,Restricted ad serving,ca-pub-7784034061253020,87,2024-11-28,2024-12-01
medan.tribunnews.com,Page,N/A,N/A,medan.tribunnews.com/2024/12/02/bayi-berusia-dua-hari-disiksa-pengasuhnya-secara-brutal-pelaku-melarikan-diri-setelah-ketahuan?page=all,No,Shocking content,Restricted ad serving,ca-pub-7784034061253020,87,2024-12-02,2024-12-02
m.tribunnews.com,Page,N/A,N/A,m.tribunnews.com/pendidikan/2021/07/16/kunci-jawaban-tema-1-kelas-6-sd-halaman-40-41-42-43-44-45-46-47-subtema-1-pembelajaran-4,Yes,Unnatural attention to ads,Restricted ad serving,ca-pub-7784034061253020,87,2024-11-27,2024-12-02
jambi.tribunnews.com,Page,N/A,N/A,jambi.tribunnews.com/2019/07/07/ada-berperan-tanpa-busana-intip-7-artis-film-horor-indonesia-yang-paling-bikin-gemetar-para-pria,No,Adult: Sexual content,Restricted ad serving,ca-pub-7784034061253020,87,2024-11-27,2024-12-02
jabar.tribunnews.com,Page,N/A,N/A,jabar.tribunnews.com/2024/12/02/toxic-relationship-sebagai-faktor-pemicu-gangguan-prilaku,No,Adult: Sexual content,Restricted ad serving,ca-pub-7784034061253020,87,2024-12-02,2024-12-02
aceh.tribunnews.com,Page,N/A,N/A,aceh.tribunnews.com/2024/05/02/bolehkan-hubungan-suami-istri-tanpa-busana-full-begini-hukumnya-kata-buya-yahya?page=2,Yes,Google-served ads obscuring content;Modified Javascript: Ads by Google size,Restricted ad serving,ca-pub-7784034061253020,87,2024-11-28,2024-12-02
www.tribunnews.com,Page,N/A,N/A,www.tribunnews.com/internasional/2016/08/19/foto-wanita-hanya-pakai-celana-dalam-lagi-check-in-di-loket-jadi-viral,No,Adult: Sexual content;Shocking content,Restricted ad serving,ca-pub-7784034061253020,86,2024-11-27,2024-12-02
manado.tribunnews.com,Page,N/A,N/A,manado.tribunnews.com/2019/10/02/kisah-seorang-gigolo-bahagia-puaskan-sejumlah-wanita-sebulan-raih-untung-ratusan-juta-rupiah,No,Shocking content,Restricted ad serving,ca-pub-7784034061253020,86,2024-11-27,2024-12-02
makassar.tribunnews.com,Page,N/A,N/A,makassar.tribunnews.com/2017/08/24/ini-foto-foto-bintang-film-dewasa-jepang-yang-followers-terbanyaknya-dari-bekasi-dan-jakarta,Yes,Adult: Sexual content;Site Behavior: Navigation,Restricted ad serving,ca-pub-7784034061253020,86,2024-11-28,2024-12-02
jambi.tribunnews.com,Page,N/A,N/A,jambi.tribunnews.com/2018/01/18/perhatikan-ini-ciri-wanita-yang-sering-melakukan-masturbasi-7-tanda-ini-bakal-mengungkapkannya?page=2,No,Adult: Sexual content,Restricted ad serving,ca-pub-7784034061253020,86,2024-11-28,2024-12-01
jambi.tribunnews.com,Page,N/A,N/A,jambi.tribunnews.com/2017/07/30/galeri-foto-tanpa-sensor-ini-5-film-dewasa-dengan-adegan-intim-nyata,No,Adult: Sexual content,Restricted ad serving,ca-pub-7784034061253020,86,2024-11-27,2024-12-02
belitung.tribunnews.com,Page,N/A,N/A,belitung.tribunnews.com/2022/03/04/sering-melompat-dalam-mimpi-sebenarnya-ini-pertanda-yang-harus-diperhatikan,No,Shocking content,Restricted ad serving,ca-pub-7784034061253020,86,2024-12-01,2024-12-01
medan.tribunnews.com,Page,N/A,N/A,medan.tribunnews.com/2023/09/19/inilah-inisial-11-wanita-dan-5-pria-pemeran-film-syur-keramat-tunggak,No,Adult: Sexual content,Restricted ad serving,ca-pub-7784034061253020,85,2024-12-01,2024-12-01
makassar.tribunnews.com,Page,N/A,N/A,makassar.tribunnews.com/2020/05/28/suami-jadi-bintang-film-dewasa-hingga-8000-kali-adegan-panas-istri-dia-hanya-bekerja,No,Content obscuring Google-served ads,Restricted ad serving,ca-pub-7784034061253020,85,2024-11-27,2024-12-03
makassar.tribunnews.com,Page,N/A,N/A,makassar.tribunnews.com/2017/11/07/unch-unch-dewi-persik-dan-4-artis-ini-blak-blakan-soal-ranjang-pakai-sex-toys-hingga-ini,No,Adult: Sexual content,Restricted ad serving,ca-pub-7784034061253020,85,2024-11-27,2024-12-02
kupang.tribunnews.com,Page,N/A,N/A,kupang.tribunnews.com/2018/09/05/7-artis-ini-miliki-payudara-terindah-di-tahun-2017-adakah-idolamu,No,Shocking content,Restricted ad serving,ca-pub-7784034061253020,85,2024-11-27,2024-12-03
www.tribunnews.com,Page,N/A,N/A,www.tribunnews.com/regional/2019/10/03/pria-ini-ajak-bersetubuh-adik-ipar-beraksi-saat-istri-sudah-tidur-hingga-ditemukan-alat-kontrasepsi,No,Adult: Sexual content,Restricted ad serving,ca-pub-7784034061253020,84,2024-11-28,2024-12-02
pekanbaru.tribunnews.com,Page,N/A,N/A,pekanbaru.tribunnews.com/2024/11/30/detik-detik-kronologi-temuan-jasad-guru-di-kabupaten-kampar-luka-sobek-di-leher-tubuh-terbakar?page=all,No,Shocking content,Restricted ad serving,ca-pub-7784034061253020,84,2024-12-01,2024-12-01
palembang.tribunnews.com,Page,N/A,N/A,palembang.tribunnews.com/2021/07/08/serupa-tapi-tak-sama-ternyata-arti-amal-dan-ibadah-itu-punya-perbedaan-makna-begini-penjelasannya,Yes,Encouraging accidental clicks: Layout;Google-served ads obscuring content,Restricted ad serving,ca-pub-7784034061253020,84,2024-11-28,2024-12-02
palembang.tribunnews.com,Page,N/A,N/A,palembang.tribunnews.com/2014/08/14/boneka-seks-buatan-jepang-ini-sungguh-mirip-manusia,No,Adult: Sexual content,Restricted ad serving,ca-pub-7784034061253020,84,2024-11-27,2024-12-03
m.tribunnews.com,Page,N/A,N/A,m.tribunnews.com/lifestyle/2017/11/03/foto-selfie-5-cewek-cantik-ini-sempat-viral-sebelum-adanya-kamera-jahat-masih-ingat?page=3,Yes,Site Behavior: Navigation,Restricted ad serving,ca-pub-7784034061253020,84,2024-11-28,2024-12-01
bangka.tribunnews.com,Page,N/A,N/A,bangka.tribunnews.com/2024/11/04/hna-curi-motor-di-pelabuhan-jeki-warga-selapan-sumsel-ditangkap-polres-basel-dan-bangka-di-belinyu.,No,Adult: Sexual content,Restricted ad serving,ca-pub-7784034061253020,84,2024-12-02,2024-12-02
aceh.tribunnews.com,Page,N/A,N/A,aceh.tribunnews.com/2019/10/12/miliki-panjang-organ-vital-hampir-setengah-meter-pria-ini-justru-jadi-penyandang-cacat-kok-bisa,No,Adult: Sexual content,Restricted ad serving,ca-pub-7784034061253020,84,2024-12-02,2024-12-02
www.tribunnews.com,Page,N/A,N/A,www.tribunnews.com/kesehatan/2017/08/14/tak-ada-suntik-kb-ternyata-orang-zaman-dulu-gunakan-cara-unik-ini-untuk-cegah-kehamilan,No,Adult: Sexual content,Restricted ad serving,ca-pub-7784034061253020,83,2024-11-27,2024-12-02
pontianak.tribunnews.com,Page,N/A,N/A,pontianak.tribunnews.com/2018/05/28/6-ciri-wanita-sudah-tak-perawan-mulai-hidung-mata-payudara-hingga-bentuk-punggung,No,Adult: Sexual content,Restricted ad serving,ca-pub-7784034061253020,83,2024-11-27,2024-12-01
jabar.tribunnews.com,Page,N/A,N/A,jabar.tribunnews.com/2024/12/02/kronologi-polisi-habisi-nyawa-ibu-kandung-di-bogor-pakai-tabung-gas-kepergok-tetangga-kini-menyesal?page=3,No,Adult: Sexual content,Restricted ad serving,ca-pub-7784034061253020,83,2024-12-02,2024-12-02
belitung.tribunnews.com,Page,N/A,N/A,belitung.tribunnews.com/2024/12/02/motif-riki-bunuh-istri-dan-tewaskan-anak-di-bak-mandi-cemburu-tuduh-korban-ada-pria-lain?page=3,No,Adult: Sexual content,Restricted ad serving,ca-pub-7784034061253020,83,2024-12-02,2024-12-02
aceh.tribunnews.com,Page,N/A,N/A,aceh.tribunnews.com/tag/cowo-kenakan-jilbab-untuk-buat-mesum,Yes,Google-served ads on screens without publisher-content,Restricted ad serving,ca-pub-7784034061253020,83,2024-11-27,2024-12-02
www.tribunnews.com,Page,N/A,N/A,www.tribunnews.com/internasional/2015/01/11/psikolog-cantik-ini-bugil-di-depan-pasien-saat-terapi-kejiwaan,No,Adult: Sexual content,Restricted ad serving,ca-pub-7784034061253020,82,2024-11-27,2024-12-02
pekanbaru.tribunnews.com,Page,N/A,N/A,pekanbaru.tribunnews.com/2021/05/22/apa-itu-capslock-caps-lock-arti-caps-lock-dalam-bahasa-gaul-kata-yang-sering-terdengar,Yes,Encouraging accidental clicks: Layout;Google-served ads obscuring content,Restricted ad serving,ca-pub-7784034061253020,82,2024-11-28,2024-12-02
jambi.tribunnews.com,Page,N/A,N/A,jambi.tribunnews.com/2021/04/13/bintang-film-panas-rusia-ini-dikerubuti-para-lelaki-saat-liburan-di-bali-lihat-ekspresinya?page=all,Yes,Ads Disguised as Content,Restricted ad serving,ca-pub-7784034061253020,82,2024-11-28,2024-12-02
bekasi.tribunnews.com,Page,N/A,N/A,bekasi.tribunnews.com/2022/07/27/film-film-semi-korea-ini-paling-laris-ditonton-pasangan-muda-baru-menikah-apa-saja-ini-daftarnya,Yes,Ads Disguised as Content,Restricted ad serving,ca-pub-7784034061253020,82,2024-11-27,2024-12-02
sultra.tribunnews.com,Page,N/A,N/A,sultra.tribunnews.com/2023/01/07/video-viral-4-bersaudara-part-2-yandex-ru-di-twitter-tiktok-tangan-pemeran-kian-berani-sentuh-ini,No,Adult: Sexual content,Restricted ad serving,ca-pub-7784034061253020,81,2024-12-02,2024-12-02
style.tribunnews.com,Page,N/A,N/A,style.tribunnews.com/2016/08/22/gaya-masturbasi-pria-hayo-kamu-biasanya-pakai-style-yang-mana?page=1,No,Adult: Sexual content,Restricted ad serving,ca-pub-7784034061253020,81,2024-11-27,2024-12-02
kupang.tribunnews.com,Page,N/A,N/A,kupang.tribunnews.com/2020/03/31/heboh-video-mesum-mirip-soraya-rasyid-beredar-presenter-uang-kaget-ini-bikin-pengakuan-benarkah,No,Google-served ads obscuring content,Restricted ad serving,ca-pub-7784034061253020;ca-video-pub-7784034061253020,81,2024-11-27,2024-12-02
jambi.tribunnews.com,Page,N/A,N/A,jambi.tribunnews.com/2018/06/13/4-film-dengan-adegan-ranjang-terpanas-sepanjang-sejarah-benar-benar-seperti-nyata,No,Adult: Sexual content,Restricted ad serving,ca-pub-7784034061253020,81,2024-11-28,2024-12-02
jabar.tribunnews.com,Page,N/A,N/A,jabar.tribunnews.com/2024/12/02/simak-ini-fenomena-astronomi-yang-bakal-terjadi-sepanjang-2025,No,Adult: Sexual content,Restricted ad serving,ca-pub-7784034061253020,81,2024-12-02,2024-12-02
jabar.tribunnews.com,Page,N/A,N/A,jabar.tribunnews.com/2024/12/02/modus-pria-asal-majalengka-selewengkan-pupuk-bersubsidi-gunakan-data-orang-lain,No,Adult: Sexual content,Restricted ad serving,ca-pub-7784034061253020,81,2024-12-02,2024-12-02
bangka.tribunnews.com,Page,N/A,N/A,bangka.tribunnews.com/2017/08/16/ada-gaya-berkuda-ini-dia-5-posisi-hubungan-intim-favorit-di-5-negara,No,Adult: Sexual content,Restricted ad serving,ca-pub-7784034061253020,81,2024-11-27,2024-12-03
pontianak.tribunnews.com,Page,N/A,N/A,pontianak.tribunnews.com/2024/03/12/daftar-caleg-terpilih-dprd-kabupaten-musi-banyuasin-2024-2029-hasil-rekapitulasi-suara-pemilu-2024,No,Google-served ads obscuring content,Restricted ad serving,ca-pub-7784034061253020,80,2024-11-27,2024-12-01
pontianak.tribunnews.com,Page,N/A,N/A,pontianak.tribunnews.com/2018/06/05/9-artis-seksi-indonesia-yang-tampil-toples-di-film-berani-adegan-panas-sama-bule,No,Adult: Sexual content,Restricted ad serving,ca-pub-7784034061253020,80,2024-11-27,2024-12-03
kupang.tribunnews.com,Page,N/A,N/A,kupang.tribunnews.com/2017/09/29/tak-ingin-umbar-tubuh-7-aktris-cantik-hollywood-ini-tolak-lakukan-adegan-telanjang-dalam-film,Yes,Site Behavior: Navigation,Restricted ad serving,ca-pub-7784034061253020,80,2024-11-29,2024-12-01
belitung.tribunnews.com,Page,N/A,N/A,belitung.tribunnews.com/2017/11/10/alamak-cewek-ciuman-sama-cewek-tren-foto-ini-menyebar-di-media-sosial,No,Adult: Sexual content,Restricted ad serving,ca-pub-7784034061253020,80,2024-12-02,2024-12-02
batam.tribunnews.com,Page,N/A,N/A,batam.tribunnews.com/2019/09/19/video-panas-siswi-sma-buka-bukaan-baju-beredar-dan-viral-satu-sekolah-tahu-cuma-ditutup-tutupi,Yes,Ads Disguised as Content,Restricted ad serving,ca-pub-7784034061253020,80,2024-11-27,2024-12-02
banten.tribunnews.com,Page,N/A,N/A,banten.tribunnews.com/kota-tangerang,No,Adult: Sexual content,Restricted ad serving,ca-pub-7784034061253020,80,2024-12-01,2024-12-01
bangka.tribunnews.com,Page,N/A,N/A,bangka.tribunnews.com/2021/11/04/dulu-ditawar-open-bo-selebgram-berliana-lovell-dijuluki-wanita-pemersatu-bangsa-kepergok-ngamen,Yes,Ads Disguised as Content,Restricted ad serving,ca-pub-7784034061253020,80,2024-11-29,2024-12-02
aceh.tribunnews.com,Page,N/A,N/A,aceh.tribunnews.com/tag/wanita-telanjang-bulat,Yes,Google-served ads on screens without publisher-content,Restricted ad serving,ca-pub-7784034061253020,80,2024-11-27,2024-12-02
www.tribunnews.com,Page,N/A,N/A,www.tribunnews.com/regional/2024/12/03/aipda-nikson-terancam-hukuman-15-tahun-penjara-usai-bunuh-ibu-kandungnya-di-bogor?page=2,No,Adult: Sexual content,Restricted ad serving,ca-pub-7784034061253020,79,2024-12-02,2024-12-02
jabar.tribunnews.com,Page,N/A,N/A,jabar.tribunnews.com/2024/12/02/ternyata-akp-dadang-ancam-tembak-polisi-lain-usai-habisi-akp-ryanto-ulil-awas-ya-kalau-nangkap-saya?page=2,No,Adult: Sexual content,Restricted ad serving,ca-pub-7784034061253020,79,2024-12-01,2024-12-01
bengkulu.tribunnews.com,Page,N/A,N/A,bengkulu.tribunnews.com/2022/07/27/rebahin-streaming-pindah-kemana-cek-link-terbaru-nonton-film-gratis-dan-link-alternatif-legal,Yes,Google-served ads obscuring content;Modified Javascript: Ads by Google size,Restricted ad serving,ca-pub-7784034061253020,79,2024-11-27,2024-12-02
bangka.tribunnews.com,Page,N/A,N/A,bangka.tribunnews.com/2016/10/08/ini-5-negara-yang-melegalkan-bisnis-esek-esek-dua-negara-ada-di-asia,No,Adult: Sexual content,Restricted ad serving,ca-pub-7784034061253020,79,2024-11-27,2024-12-01
aceh.tribunnews.com,Page,N/A,N/A,aceh.tribunnews.com/2022/10/13/dr-boyke-ingatkan-wanita-jangan-sering-pakai-lingerie-bisa-bikin-organ-intim-wanita-menderita,Yes,Ads Disguised as Content,Restricted ad serving,ca-pub-7784034061253020,79,2024-11-27,2024-12-02
www.tribunnews.com,Page,N/A,N/A,www.tribunnews.com/techno/2018/09/05/viral-foto-pemuda-diduga-pelaku-pencurian-miliki-payudara-kok-bisa,No,Adult: Sexual content,Restricted ad serving,ca-pub-7784034061253020,78,2024-11-30,2024-12-02
www.tribunnews.com,Page,N/A,N/A,www.tribunnews.com/regional/2024/12/03/tak-ada-tawuran-kebohongan-aipda-robig-tembak-3-siswa-smk-semarang-terbongkar-saat-rdp-di-dpr?page=3,No,Adult: Sexual content,Restricted ad serving,ca-pub-7784034061253020,78,2024-12-02,2024-12-02
www.tribunnews.com,Page,N/A,N/A,www.tribunnews.com/regional/2024/12/03/mahasiswi-utm-madura-tewas-dibunuh-pacar-karena-hamil-korban-anak-tunggal-orangtua-kerja-serabutan?page=3,No,Adult: Sexual content,Restricted ad serving,ca-pub-7784034061253020,78,2024-12-02,2024-12-02
www.tribunnews.com,Page,N/A,N/A,www.tribunnews.com/regional/2024/12/02/pria-disabilitas-jadi-tersangka-rudapaksa-korban-disebut-ada-3-saya-dijebak-tangan-saja-tak-punya?page=3,No,Adult: Sexual content,Restricted ad serving,ca-pub-7784034061253020,78,2024-12-02,2024-12-02
www.tribunnews.com,Page,N/A,N/A,www.tribunnews.com/regional/2024/12/02/keluarga-kantongi-video-detik-detik-polisi-tembak-siswa-smk-di-semarang-ungkap-kondisi-aipda-rz?page=2,No,Adult: Sexual content,Restricted ad serving,ca-pub-7784034061253020,78,2024-12-01,2024-12-01
wartakota.tribunnews.com,Page,N/A,N/A,wartakota.tribunnews.com/2018/02/13/siswa-smp-remas-payudara-siswi-adik-kelas-kepergok-guru-dan-disaksikan-teman,No,Adult: Sexual content,Restricted ad serving,ca-pub-7784034061253020,78,2024-11-27,2024-12-02
pekanbaru.tribunnews.com,Page,N/A,N/A,pekanbaru.tribunnews.com/2024/01/12/senna-cosplay-viral-link-dan-video-viral-sena-cosplay-dicari-link-senna-cosplayer-disebar-di-x,No,Adult: Sexual content,Restricted ad serving,ca-pub-7784034061253020,78,2024-12-02,2024-12-02
lampung.tribunnews.com,Page,N/A,N/A,lampung.tribunnews.com/2018/03/27/beredar-foto-syur-dokter-ganteng-terkenal-dengan-sesama-jenis-instagramnya-banjir-hujatan,No,Adult: Sexual content,Restricted ad serving,ca-pub-7784034061253020,78,2024-11-27,2024-12-02
lampung.tribunnews.com,Page,N/A,N/A,lampung.tribunnews.com/2017/02/19/4-film-ini-disebut-punya-adegan-intim-paling-parah-dibanding-50-shades-of-grey?page=2,No,Adult: Sexual content,Restricted ad serving,ca-pub-7784034061253020,78,2024-12-02,2024-12-02
jogja.tribunnews.com,Page,N/A,N/A,jogja.tribunnews.com/2024/10/04/5-arti-mimpi-membeli-kondom-tanda-perlindungan-atau-kekhawatiran-tersembunyi,No,Adult: Sexual content,Restricted ad serving,ca-pub-7784034061253020,78,2024-11-27,2024-12-02
jabar.tribunnews.com,Page,N/A,N/A,jabar.tribunnews.com/2024/12/02/tak-banyak-yang-tahum-nick-kuipers-ternyata-sedang-sakit-saat-laga-persib-bandung-lawan-port-fc?page=2,No,Adult: Sexual content,Restricted ad serving,ca-pub-7784034061253020,78,2024-12-01,2024-12-01
jabar.tribunnews.com,Page,N/A,N/A,jabar.tribunnews.com/2024/12/02/setelah-dipastikan-dipecat-akp-dadang-iskandar-pembunuh-akp-ryanto-ulil-siap-siap-dihukum-mati?page=2,No,Adult: Sexual content,Restricted ad serving,ca-pub-7784034061253020,78,2024-12-01,2024-12-01
jabar.tribunnews.com,Page,N/A,N/A,jabar.tribunnews.com/2024/12/02/legenda-persib-dukung-bek-klub-bebuyutan-maung-bandung-ini-berkarir-di-luar-negeri-sudah-pantas?page=3,No,Adult: Sexual content,Restricted ad serving,ca-pub-7784034061253020,78,2024-12-02,2024-12-02
jabar.tribunnews.com,Page,N/A,N/A,jabar.tribunnews.com/2024/12/02/dprd-pangandaran-kaji-empat-raperda-di-antaranya-soal-pemberhentian-kepala-desa?source=widgetArtikelRekomendasi&engine=JXA,No,Adult: Sexual content,Restricted ad serving,ca-pub-7784034061253020,78,2024-12-02,2024-12-02
www.tribunnews.com,Page,N/A,N/A,www.tribunnews.com/regional/2024/12/02/penemuan-jasad-wanita-di-bangkalan-terbakar-di-bagian-perut,No,Adult: Sexual content,Restricted ad serving,ca-pub-7784034061253020,77,2024-12-01,2024-12-01
m.tribunnews.com,Page,N/A,N/A,m.tribunnews.com/regional/2024/12/03/kronologis-suami-di-pangkalpinang-bunuh-istri-dan-anak-pelaku-main-judi-online-dan-tenggak-racun?page=2,No,Adult: Sexual content,Restricted ad serving,ca-pub-7784034061253020,77,2024-12-02,2024-12-02
m.tribunnews.com,Page,N/A,N/A,m.tribunnews.com/internasional/2015/07/11/ini-dia-10-negara-dengan-budaya-seks-paling-bebas?page=2,No,Adult: Sexual content,Restricted ad serving,ca-pub-7784034061253020,77,2024-11-29,2024-12-01
jogja.tribunnews.com,Page,N/A,N/A,jogja.tribunnews.com/2017/02/11/3-aplikasi-ini-bisa-tingkatkan-gairah-di-ranjang,No,Adult: Sexual content,Restricted ad serving,ca-pub-7784034061253020,77,2024-11-27,2024-12-02
belitung.tribunnews.com,Page,N/A,N/A,belitung.tribunnews.com/2018/04/30/adiknya-cerita-ke-ibu-diajari-kakak-lakukan-adegan-dewasa-lalu-direkam,No,Adult: Sexual content,Restricted ad serving,ca-pub-7784034061253020,77,2024-11-27,2024-12-02
bekasi.tribunnews.com,Page,N/A,N/A,bekasi.tribunnews.com/,No,Shocking content,Restricted ad serving,ca-pub-7784034061253020,77,2024-12-03,2024-12-03
bali.tribunnews.com,Page,N/A,N/A,bali.tribunnews.com/2020/05/12/5-arti-mimpi-dikejar-kejar-seseorang-memiliki-musuh-hingga-masalah-keuangan,No,Google-served ads obscuring content,Restricted ad serving,ca-pub-7784034061253020,77,2024-11-27,2024-12-02
www.tribunnews.com,Page,N/A,N/A,www.tribunnews.com/regional/2024/11/30/detail-kecelakaan-mobil-xpander-di-semarang-siswa-sma-ngantuk-menabrak-driver-ojol,No,Adult: Sexual content,Restricted ad serving,ca-pub-7784034061253020,76,2024-12-02,2024-12-02
jambi.tribunnews.com,Page,N/A,N/A,jambi.tribunnews.com/2016/07/14/ketika-wanita-terangsang-dan-lagi-sendirian-inilah-yang-mereka-lakukan,No,Adult: Sexual content,Restricted ad serving,ca-pub-7784034061253020,76,2024-11-27,2024-12-02
belitung.tribunnews.com,Page,N/A,N/A,belitung.tribunnews.com/2017/04/15/mau-kuat-sampai-tua-coba-resep-ala-bintang-film-panas-jepang-ini,No,Adult: Sexual content,Restricted ad serving,ca-pub-7784034061253020,76,2024-12-02,2024-12-02
www.tribunnews.com,Page,N/A,N/A,www.tribunnews.com/lifestyle/2014/11/19/wanita-yang-memiliki-banyak-teman-pria-pertanda-libidonya-membara-ini-alasannya,No,Adult: Sexual content,Restricted ad serving,ca-pub-7784034061253020,75,2024-11-27,2024-12-02
style.tribunnews.com,Page,N/A,N/A,style.tribunnews.com/2016/08/22/gaya-masturbasi-pria-hayo-kamu-biasanya-pakai-style-yang-mana?page=2,No,Adult: Sexual content,Restricted ad serving,ca-pub-7784034061253020,75,2024-11-27,2024-12-03
palembang.tribunnews.com,Page,N/A,N/A,palembang.tribunnews.com/2017/10/01/kisah-ronggeng-srintil-hidup-dari-menari-digilir-lelaki-namun-berakhir-ketika-dituding-pki,Yes,Modified ad code: Resizing Ad Frames,Restricted ad serving,ca-pub-7784034061253020,75,2024-11-29,2024-12-02
kupang.tribunnews.com,Page,N/A,N/A,kupang.tribunnews.com/2022/10/10/link-tiktok-dewasa-aplikasi-tiktok-18-plus-dengan-video-vulgar-bukan-untuk-anak-anak?page=all,No,Content obscuring Google-served ads,Restricted ad serving,ca-pub-7784034061253020,75,2024-11-27,2024-12-03
jateng.tribunnews.com,Page,N/A,N/A,jateng.tribunnews.com/2021/05/31/kisah-korban-toxic-relationship-di-semarang-sering-kirim-foto-payudara-ke-pacar-pap-tt,Yes,Ads Disguised as Content,Restricted ad serving,ca-pub-7784034061253020,75,2024-11-27,2024-12-01
belitung.tribunnews.com,Page,N/A,N/A,belitung.tribunnews.com/2022/06/06/istri-ketagihan-pria-brondong-digrebek-suami-saat-asik-intim-kaget-sampai-tak-sempat-kenakan-baju,Yes,Adult: Sexual content;Encouraging accidental clicks: Layout,Restricted ad serving,ca-pub-7784034061253020,75,2024-11-27,2024-12-02
batam.tribunnews.com,Page,N/A,N/A,batam.tribunnews.com/2017/05/15/ehem-gigolo-di-bali-ungkap-perilaku-kliennya-tak-cuma-begituan-tapi-juga-minta-begini,No,Adult: Sexual content,Restricted ad serving,ca-pub-7784034061253020,75,2024-11-27,2024-12-01
www.tribunnews.com,Page,N/A,N/A,www.tribunnews.com/regional/2024/12/02/3-kakak-kelas-terbukti-terlibat-dalam-bullying-yang-menewaskan-siswa-kelas-3-sd-di-subang,No,Adult: Sexual content,Restricted ad serving,ca-pub-7784034061253020,74,2024-12-01,2024-12-01
www.tribunnews.com,Page,N/A,N/A,www.tribunnews.com/kesehatan/2018/01/06/video-mesum-2-bocah-dengan-seorang-tante-beredar-inilah-dampak-menyeramkan-eksploitasi-seksual-dini,No,Adult: Sexual content,Restricted ad serving,ca-pub-7784034061253020,74,2024-11-27,2024-12-03
wartakota.tribunnews.com,Page,N/A,N/A,wartakota.tribunnews.com/2020/06/17/terungkap-ciri-ciri-wanita-berlibido-tinggi-berikut-ini-10-karakteristiknya,No,Adult: Sexual content,Restricted ad serving,ca-pub-7784034061253020,74,2024-12-01,2024-12-01
surabaya.tribunnews.com,Page,N/A,N/A,surabaya.tribunnews.com/2015/11/01/video-japan-kiss-style-ciuman-jumpalitan-ala-remaja-jepang,No,Adult: Sexual content,Restricted ad serving,ca-pub-7784034061253020,74,2024-12-01,2024-12-01
jabar.tribunnews.com,Page,N/A,N/A,jabar.tribunnews.com/2024/12/02/meski-bawa-tim-u-23-menpora-yakin-timnas-indonesia-bisa-juara-piala-aff-2024,No,Adult: Sexual content,Restricted ad serving,ca-pub-7784034061253020,74,2024-12-02,2024-12-02
belitung.tribunnews.com,Page,N/A,N/A,belitung.tribunnews.com/2018/05/28/6-ciri-wanita-sudah-tak-perawan-mulai-hidung-mata-payudara-hingga-bentuk-perut?page=2,No,Adult: Sexual content,Restricted ad serving,ca-pub-7784034061253020,74,2024-12-01,2024-12-01
makassar.tribunnews.com,Page,N/A,N/A,makassar.tribunnews.com/2019/09/20/viral-video-mesum-mojang-bandung-seragam-pns-hijab-durasi-219-menit-4-foto-syur-juga-tersebar,No,Adult: Sexual content,Restricted ad serving,ca-pub-7784034061253020,73,2024-11-27,2024-12-01
m.tribunnews.com,Page,N/A,N/A,m.tribunnews.com/regional/2024/12/02/suami-yang-bunuh-istri-dan-anaknya-di-pangkalpinang-ditetapkan-jadi-tersangka?page=3,No,Adult: Sexual content,Restricted ad serving,ca-pub-7784034061253020,73,2024-12-01,2024-12-01
jambi.tribunnews.com,Page,N/A,N/A,jambi.tribunnews.com/2017/09/13/epin-tawarkan-layanan-3s-di-medsos-lengkap-foto-dan-tarif-yang-bikin-nganga-main-sama-istrinya,No,Adult: Sexual content,Restricted ad serving,ca-pub-7784034061253020,73,2024-11-27,2024-12-02
jabar.tribunnews.com,Page,N/A,N/A,jabar.tribunnews.com/2024/12/02/hut-ke-53-korpri-korpri-purwakarta-kunjungi-sesepuh-pns-dengarkan-petuah-dari-orang-berjasa,No,Adult: Sexual content,Restricted ad serving,ca-pub-7784034061253020,73,2024-12-02,2024-12-02
jabar.tribunnews.com,Page,N/A,N/A,jabar.tribunnews.com/2024/12/02/hasil-liga-1-eks-bintang-persib-mentereng-kokohkan-timnya-di-puncak-klasemen-persija-digeser-psm?source=widgetArtikelRekomendasi&engine=JXA,No,Adult: Sexual content,Restricted ad serving,ca-pub-7784034061253020,73,2024-12-02,2024-12-02
jabar.tribunnews.com,Page,N/A,N/A,jabar.tribunnews.com/2024/12/02/daftar-56-kelurahan-kota-bandung-yang-terdampak-gangguan-air-bersih-pdam-2-5-desember-2024?page=3,No,Adult: Sexual content,Restricted ad serving,ca-pub-7784034061253020,73,2024-12-02,2024-12-02
bangka.tribunnews.com,Page,N/A,N/A,bangka.tribunnews.com/2023/09/07/ibu-ida-dayak-kini-praktek-di-gedung-pengobatannya-kini-di-pungut-biaya-jutaan-rupiah,No,Shocking content,Restricted ad serving,ca-pub-7784034061253020,73,2024-12-01,2024-12-01
www.tribunnews.com,Page,N/A,N/A,www.tribunnews.com/section/2019/03/14/pembunuhan-sadis-jasad-gadis-16-tahun-ditemukan-dengan-wajah-dikuliti-dan-beberapa-organ-hilang,Yes,Ads Disguised as Content,Restricted ad serving,ca-pub-7784034061253020,72,2024-11-27,2024-12-02
makassar.tribunnews.com,Page,N/A,N/A,makassar.tribunnews.com/2016/11/26/rugi-kalau-tak-tahu-inilah-arti-bo-st-lt-di-ucapan-terima-kasih-psk-kepada-anji-drive?page=3,No,Adult: Sexual content,Restricted ad serving,ca-pub-7784034061253020,72,2024-11-27,2024-12-01
makassar.tribunnews.com,Page,N/A,N/A,makassar.tribunnews.com/2015/05/22/ini-daftar-travel-agen-di-makassar-lengkap-telepon-dan-alamat,Yes,Content obscuring Google-served ads;Encouraging accidental clicks: Layout;Google-served ads obscuring content,Restricted ad serving,ca-pub-7784034061253020,72,2024-11-27,2024-12-02
kupang.tribunnews.com,Page,N/A,N/A,kupang.tribunnews.com/2019/08/30/video-cewek-seksi-tawarkan-pijat-plus-plus-di-kos-driver-ojek-online-tergiur-hingga-gadaikan-motor,No,Adult: Sexual content,Restricted ad serving,ca-pub-7784034061253020,72,2024-11-28,2024-12-02
banjarmasin.tribunnews.com,Page,N/A,N/A,banjarmasin.tribunnews.com/2021/04/23/fakta-fakta-mayat-wanita-dalam-gulungan-kasur-sedang-hamil-dan-dibunuh-suami-sendiri,No,Google-served ads obscuring content,Restricted ad serving,ca-pub-7784034061253020,72,2024-11-27,2024-12-03
bali.tribunnews.com,Page,N/A,N/A,bali.tribunnews.com/2017/09/27/bisa-diremas-remas-harga-boneka-nikita-mirzani-sampai-rp-15-juta-seperti-jelly,No,Adult: Sexual content,Restricted ad serving,ca-pub-7784034061253020,72,2024-11-27,2024-12-02
aceh.tribunnews.com,Page,N/A,N/A,aceh.tribunnews.com/2023/05/12/sewa-psk-untuk-lampiaskan-nafsu-kakek-71-tahun-tewas-overdosis-obat-kuat-warung-soto-jadi-saksi,Yes,Google-served ads obscuring content;Modified Javascript: Ads by Google size,Restricted ad serving,ca-pub-7784034061253020,72,2024-11-27,2024-12-03
www.tribunnews.com,Page,N/A,N/A,www.tribunnews.com/regional/2024/11/30/teman-pelajar-smk-semarang-yang-ditembak-mati-tolong-pak-polisi-tunjukkan-bukti-yang-disembunyikan,No,Adult: Sexual content,Restricted ad serving,ca-pub-7784034061253020,71,2024-12-02,2024-12-02
www.tribunnews.com,Page,N/A,N/A,www.tribunnews.com/kesehatan/2017/11/27/perempuan-juga-perlu-tahu-inilah-yang-dirasakan-suami-anda-ketika-orgasme,No,Adult: Sexual content,Restricted ad serving,ca-pub-7784034061253020,71,2024-11-27,2024-12-02
medan.tribunnews.com,Page,N/A,N/A,medan.tribunnews.com/2015/11/27/telaah-kesehatan-masturbasi-tanpa-film-porno,No,Adult: Sexual content,Restricted ad serving,ca-pub-7784034061253020,71,2024-11-27,2024-12-03
jogja.tribunnews.com,Page,N/A,N/A,jogja.tribunnews.com/2018/07/09/pengguna-whatsapp-bisa-hitung-berapa-banyak-jumlah-pesan-yang-sudah-yang-diterima-dan-dikirim,No,Adult: Sexual content,Restricted ad serving,ca-pub-7784034061253020,71,2024-12-02,2024-12-02
jateng.tribunnews.com,Page,N/A,N/A,jateng.tribunnews.com/2024/11/29/motor-hantam-truk-mogok-di-flyover-pelajar-17-tahun-tewas-seketika-di-tkp-kecelakaan,No,Shocking content,Restricted ad serving,ca-pub-7784034061253020,71,2024-12-01,2024-12-01
www.tribunnews.com,Page,N/A,N/A,www.tribunnews.com/internasional/2015/10/07/ibu-dan-anak-ini-jadi-bintang-film-porno-bareng-ini-alasan-mereka,No,Adult: Sexual content,Restricted ad serving,ca-pub-7784034061253020,70,2024-11-28,2024-12-02
style.tribunnews.com,Page,N/A,N/A,style.tribunnews.com/2017/09/27/setelah-jadi-tersangka-kpk-video-mesum-yang-diduga-bupati-kukar-rita-widyasari-kini-beredar,No,Adult: Sexual content,Restricted ad serving,ca-pub-7784034061253020,70,2024-11-27,2024-12-02
madura.tribunnews.com,Page,N/A,N/A,madura.tribunnews.com/2020/01/02/daftar-harga-rokok-terbaru-setelah-tarif-cukai-rokok-naik-2020marlboro-ice-blast-capai-rp-52500,No,Shocking content,Restricted ad serving,ca-pub-7784034061253020,70,2024-11-28,2024-12-02
m.tribunnews.com,Page,N/A,N/A,m.tribunnews.com/pendidikan/2024/12/01/kumpulan-20-soal-pas-bahasa-indonesia-kelas-10-semester-1-lengkap-dengan-kunci-jawabannya?lgn_method=google&google_btn=onetap,No,Adult: Sexual content,Restricted ad serving,ca-pub-7784034061253020,70,2024-12-01,2024-12-01
m.tribunnews.com,Page,N/A,N/A,m.tribunnews.com/pendidikan/2024/08/28/mengenal-peta-pengertian-komponen-hingga-contoh-soal-tentang-peta,No,Adult: Sexual content,Restricted ad serving,ca-pub-7784034061253020,70,2024-12-02,2024-12-02
jogja.tribunnews.com,Page,N/A,N/A,jogja.tribunnews.com/2022/04/04/apakah-cairan-yang-keluar-sebelum-orgasme-bisa-picu-kehamilan-ini-penjelasannya,No,Adult: Sexual content,Restricted ad serving,ca-pub-7784034061253020,70,2024-12-01,2024-12-01
jambi.tribunnews.com,Page,N/A,N/A,jambi.tribunnews.com/2019/03/31/ini-16-ciri-cewek-yang-gila-di-ranjang-seperti-bulu-tangan-lebat-kumis-tipis-kamu-yang-mana,Yes,Adult: Sexual content;Google-served ads on screens without publisher-content,Restricted ad serving,ca-pub-7784034061253020,70,2024-11-27,2024-12-01
belitung.tribunnews.com,Page,N/A,N/A,belitung.tribunnews.com/2021/12/14/cupi-cupita-suka-nonton-film-dewasa-akui-cari-cara-memuaskan-suami-kuasai-teori-demi-bintang-bagus,No,Adult: Sexual content,Restricted ad serving,ca-pub-7784034061253020,70,2024-12-01,2024-12-01
belitung.tribunnews.com,Page,N/A,N/A,belitung.tribunnews.com/2018/01/20/cowok-smp-begituan-bareng-cewek-smk-rekamannya-di-luar-sekolah,No,Adult: Sexual content,Restricted ad serving,ca-pub-7784034061253020,70,2024-11-27,2024-12-02
batam.tribunnews.com,Page,N/A,N/A,batam.tribunnews.com/404,Yes,Google-served ads on screens without publisher-content,Restricted ad serving,ca-pub-7784034061253020,70,2024-11-27,2024-12-01
bali.tribunnews.com,Page,N/A,N/A,bali.tribunnews.com/2017/10/24/anggota-komunitas-telanjang-ini-sebut-10-tempat-di-seminyak-sebagai-surganya-kaum-tanpa-busana,No,Google-served ads obscuring content,Restricted ad serving,ca-pub-7784034061253020,70,2024-11-27,2024-12-02
belitung.tribunnews.com,Page,N/A,N/A,belitung.tribunnews.com/2024/12/02/wawancara-ekslusif-bujang-penderita-hiv-di-beltim-penyebab-cara-bertahan-hidup-dan-harapan?sfnsn=wiwspmo,No,Adult: Sexual content,Restricted ad serving,ca-pub-7784034061253020,69,2024-12-01,2024-12-01
www.tribunnews.com,Page,N/A,N/A,www.tribunnews.com/internasional/2016/09/02/india-perbolehkan-gadis-15-tahun-berhubungan-seks,No,Adult: Sexual content,Restricted ad serving,ca-pub-7784034061253020,68,2024-11-27,2024-12-02
sumsel.tribunnews.com,Page,N/A,N/A,sumsel.tribunnews.com/2017/08/08/astaga-gadis-cantik-ini-ditemukkan-dalam-toilet-lihat-bagian-bokongnya-sampai-segitunya,No,Google-served ads obscuring content,Restricted ad serving,ca-pub-7784034061253020,68,2024-11-30,2024-12-01
makassar.tribunnews.com,Page,N/A,N/A,makassar.tribunnews.com/2019/05/24/donatello-makassar-kini-miliki-3600-model-sendal-sepatu-harga-mulai-rp-125-ribu,No,Shocking content,Restricted ad serving,ca-pub-7784034061253020,68,2024-11-27,2024-12-01
makassar.tribunnews.com,Page,N/A,N/A,makassar.tribunnews.com/2017/04/14/blak-blakan-kakek-sugiono-soal-kariernya-ini-rahasia-artis-film-porno-tertua-jaga-stamina,No,Adult: Sexual content,Restricted ad serving,ca-pub-7784034061253020,68,2024-11-27,2024-12-02
makassar.tribunnews.com,Page,N/A,N/A,makassar.tribunnews.com/2016/01/20/payudara-gadis-ini-disebut-paling-indah-lihat-foto-lengkapnya,No,Adult: Sexual content,Restricted ad serving,ca-pub-7784034061253020,68,2024-11-27,2024-12-01
bangka.tribunnews.com,Page,N/A,N/A,bangka.tribunnews.com/2024/09/22/alexandra-askandar-anak-siapa-profil-ayahnya-tak-kalah-mentereng,No,Shocking content,Restricted ad serving,ca-pub-7784034061253020,68,2024-12-02,2024-12-02
bangka.tribunnews.com,Page,N/A,N/A,bangka.tribunnews.com/2017/09/15/tanda-seorang-pria-belum-pernah-berhubungan-badan-alias-perjaka,No,Adult: Sexual content,Restricted ad serving,ca-pub-7784034061253020,68,2024-11-27,2024-12-01
www.tribunnews.com,Page,N/A,N/A,www.tribunnews.com/regional/2024/12/02/keluarga-kantongi-video-detik-detik-polisi-tembak-siswa-smk-di-semarang-ungkap-kondisi-aipda-rz?page=3,No,Adult: Sexual content,Restricted ad serving,ca-pub-7784034061253020,67,2024-12-01,2024-12-01
sumsel.tribunnews.com,Page,N/A,N/A,sumsel.tribunnews.com/404,Yes,Google-served ads on screens without publisher-content,Restricted ad serving,ca-pub-7784034061253020,67,2024-11-29,2024-12-02
sumsel.tribunnews.com,Page,N/A,N/A,sumsel.tribunnews.com/2024/11/18/sosok-jimmy-sugito-putra-tewas-jadi-korban-carok-di-sampang-madura-dipicu-masalah-pilkada,No,Shocking content,Restricted ad serving,ca-pub-7784034061253020,67,2024-12-02,2024-12-02
m.tribunnews.com,Page,N/A,N/A,m.tribunnews.com/seleb/2017/09/15/7-bintang-film-porno-jepang-ini-pilih-tobat-begini-nasibnya-sekarang,No,Adult: Sexual content,Restricted ad serving,ca-pub-7784034061253020,67,2024-11-27,2024-12-02
m.tribunnews.com,Page,N/A,N/A,m.tribunnews.com/internasional/2019/05/23/aktor-senior-film-dewasa-jepang-hubungan-pria-dan-wanita-terpenting-adalah-komunikasi,No,Shocking content,Restricted ad serving,ca-pub-7784034061253020,67,2024-11-28,2024-12-01
m.tribunnews.com,Page,N/A,N/A,m.tribunnews.com/internasional/2015/07/11/ini-dia-10-negara-dengan-budaya-seks-paling-bebas,No,Adult: Sexual content,Restricted ad serving,ca-pub-7784034061253020,67,2024-12-01,2024-12-01
lampung.tribunnews.com,Page,N/A,N/A,lampung.tribunnews.com/2018/02/02/ini-kode-kode-rahasia-prostitusi-via-media-sosial,No,Google-served ads obscuring content,Restricted ad serving,ca-pub-7784034061253020,67,2024-11-27,2024-12-02
kupang.tribunnews.com,Page,N/A,N/A,kupang.tribunnews.com/2018/01/18/mengejutkan-ternyata-pria-dan-wanita-di-korea-melepas-keperawanan-di-usia-ini,Yes,Ads Disguised as Content,Restricted ad serving,ca-pub-7784034061253020,67,2024-11-28,2024-12-02
jateng.tribunnews.com,Page,N/A,N/A,jateng.tribunnews.com/2023/05/13/mahasiswa-antusias-universitas-ini-undang-angela-whhite-artis-film-dewasa-sebagai-dosen-tamu,No,Adult: Sexual content,Restricted ad serving,ca-pub-7784034061253020,67,2024-12-01,2024-12-01
jabar.tribunnews.com,Page,N/A,N/A,jabar.tribunnews.com/2024/12/02/tak-ada-pesaing-wamenkop-ferry-joko-berpeluang-besar-pimpin-ika-unpad,No,Adult: Sexual content,Restricted ad serving,ca-pub-7784034061253020,67,2024-12-01,2024-12-01
www.tribunnews.com,Page,N/A,N/A,www.tribunnews.com/regional/2024/12/03/agus-buntung-dituding-tawari-korban-ritual-mandi-wajib-hingga-berakhir-rudapaksa-disebut-mengancam?page=3,No,Adult: Sexual content,Restricted ad serving,ca-pub-7784034061253020,66,2024-12-02,2024-12-02
www.tribunnews.com,Page,N/A,N/A,www.tribunnews.com/regional/2024/12/02/agus-bantah-rudapaksa-mahasiswi-saya-nggak-bisa-buka-celana-sendiri-bagaimana-bisa-melakukan?page=4,No,Adult: Sexual content,Restricted ad serving,ca-pub-7784034061253020,66,2024-12-02,2024-12-02
www.tribunnews.com,Page,N/A,N/A,www.tribunnews.com/regional/2024/12/01/keluarga-siswa-smk-tewas-ditembak-harap-kapolrestabes-semarang-kombes-irwan-anwar-dimutasi?source=widgetArtikelRekomendasi&engine=JXA,No,Adult: Sexual content,Restricted ad serving,ca-pub-7784034061253020,66,2024-12-02,2024-12-02
www.tribunnews.com,Page,N/A,N/A,www.tribunnews.com/regional/2018/02/12/mayoritas-emak-emak-muda-dan-remaja-putri-pembeli-alat-bantu-seks-di-bali,No,Adult: Sexual content,Restricted ad serving,ca-pub-7784034061253020,66,2024-11-29,2024-12-02
www.tribunnews.com,Page,N/A,N/A,www.tribunnews.com/kesehatan/2020/06/17/benarkah-wanita-berkumis-tipis-dan-berbulu-lebat-punya-gairah-seksual-tinggi,No,Adult: Sexual content,Restricted ad serving,ca-pub-7784034061253020,66,2024-12-01,2024-12-01
medan.tribunnews.com,Page,N/A,N/A,medan.tribunnews.com/2017/10/27/hanna-anissa-sempat-bantah-video-bokep-viral-postingannya-sebut-soal-dada-pemeran,No,Adult: Sexual content,Restricted ad serving,ca-pub-7784034061253020,66,2024-11-27,2024-12-02
medan.tribunnews.com,Page,N/A,N/A,medan.tribunnews.com/2017/10/06/heboh-mentimun-tertancap-di-miss-v-perempuan-dokter-yang-menangani-pun-kaget,Yes,Site Behavior: Navigation,Restricted ad serving,ca-pub-7784034061253020,66,2024-11-27,2024-12-01
m.tribunnews.com,Page,N/A,N/A,m.tribunnews.com/lifestyle/2018/01/19/viral-foto-struk-belanja-tahun-1992-lihat-berapa-harga-rokok-saat-itu,No,Tobacco,Restricted ad serving,ca-pub-7784034061253020,66,2024-11-28,2024-12-02
jabar.tribunnews.com,Page,N/A,N/A,jabar.tribunnews.com/2024/12/02/pembunuhan-sadis-di-madura-mahasiswi-utm-dibakar-pacar-karena-hamil-pelaku-ogah-tanggung-jawab?page=3,No,Adult: Sexual content,Restricted ad serving,ca-pub-7784034061253020,66,2024-12-02,2024-12-02
bekasi.tribunnews.com,Page,N/A,N/A,bekasi.tribunnews.com/tag/nonton-film-semi-korea,No,Adult: Sexual content,Restricted ad serving,ca-pub-7784034061253020,66,2024-12-02,2024-12-02
aceh.tribunnews.com,Page,N/A,N/A,aceh.tribunnews.com/2023/09/20/artis-film-porno-yang-disutradarai-irwansyah-ternyata-dibayar-rp-1-juta-kini-ngaku-jadi-korban?page=4,No,Google-served ads obscuring content,Restricted ad serving,ca-pub-7784034061253020,66,2024-11-27,2024-12-02
aceh.tribunnews.com,Page,N/A,N/A,aceh.tribunnews.com/2021/12/22/nafsu-bergejolak-dan-ingin-masturbasi-apa-yang-harus-dilakukan-ini-penjelasan-buya-yahya,No,Adult: Sexual content,Restricted ad serving,ca-pub-7784034061253020,66,2024-12-02,2024-12-02
www.tribunnewswiki.com,Page,N/A,N/A,www.tribunnewswiki.com/2020/11/09/bikin-film-tak-senonoh-di-taman-nasional-4-bintang-film-dewasa-terancam-tuntutan-hukum,Yes,Encouraging accidental clicks: Layout,Restricted ad serving,ca-pub-7784034061253020,65,2024-11-28,2024-12-02
www.tribunnews.com,Page,N/A,N/A,www.tribunnews.com/regional/2024/12/03/kagetnya-pembeli-lihat-aipda-nikson-bunuh-ibu-kandung-di-warung-langsung-takut-dan-lari?page=all,No,Adult: Sexual content,Restricted ad serving,ca-pub-7784034061253020,65,2024-12-02,2024-12-02
www.tribunnews.com,Page,N/A,N/A,www.tribunnews.com/regional/2024/12/02/psikolog-forensik-bicara-soal-kasus-anak-bunuh-ayah-nenek-di-lebak-bulus-5-hal-ini-perlu-ditelaah?page=4,No,Adult: Sexual content,Restricted ad serving,ca-pub-7784034061253020,65,2024-12-01,2024-12-01
www.tribunnews.com,Page,N/A,N/A,www.tribunnews.com/regional/2024/12/02/pria-disabilitas-di-mataram-jadi-tersangka-pelecehan-mahasiswi-pelaku-membantah-dan-merasa-dijebak?page=4,No,Adult: Sexual content,Restricted ad serving,ca-pub-7784034061253020,65,2024-12-02,2024-12-02
www.tribunnews.com,Page,N/A,N/A,www.tribunnews.com/regional/2024/12/02/breaking-news-sempat-dihadirkan-saat-konferensi-pers-tersangka-pembunuhan-istri-anak-meninggal?page=all,No,Adult: Sexual content,Restricted ad serving,ca-pub-7784034061253020,65,2024-12-02,2024-12-02
www.tribunnews.com,Page,N/A,N/A,www.tribunnews.com/regional/2015/06/02/biar-bisa-teler-jamur-tai-sapi-jadi-pilihan-remaja-bolsel,No,Adult: Sexual content,Restricted ad serving,ca-pub-7784034061253020,65,2024-11-28,2024-12-02
wartakota.tribunnews.com,Page,N/A,N/A,wartakota.tribunnews.com/2024/02/26/pengobatan-alternatif-mak-erot-diminati-dari-kalangan-pejabat-hingga-artis-hanya-pakai-rempah,No,Google-served ads obscuring content,Restricted ad serving,ca-pub-7784034061253020,65,2024-11-28,2024-12-02
kupang.tribunnews.com,Page,N/A,N/A,kupang.tribunnews.com/mata-lokal-memilih/pilkada,No,Adult: Sexual content,Restricted ad serving,ca-pub-7784034061253020,65,2024-12-01,2024-12-01
jogja.tribunnews.com,Page,N/A,N/A,jogja.tribunnews.com/2017/09/15/7-bintang-film-panas-jepang-ini-insaf-dan-memutuskan-pensiun-begini-kehidupan-mereka-sekarang,No,Adult: Sexual content,Restricted ad serving,ca-pub-7784034061253020,65,2024-11-27,2024-12-02
jateng.tribunnews.com,Page,N/A,N/A,jateng.tribunnews.com/2024/11/24/lppm-uin-saizu-adakan-fgd-metodologi-pengabdian-kepada-masyarakat-di-cilacap,No,Adult: Sexual content,Restricted ad serving,ca-pub-7784034061253020,65,2024-12-02,2024-12-02
jateng.tribunnews.com,Page,N/A,N/A,jateng.tribunnews.com/2017/11/29/sssstt-ini-rahasia-merawat-payudara-tetap-kencang-dan-indah,Yes,Adult: Sexual content;Site Behavior: Navigation,Restricted ad serving,ca-pub-7784034061253020,65,2024-11-28,2024-12-02
jabar.tribunnews.com,Page,N/A,N/A,jabar.tribunnews.com/2024/12/02/sosok-ummi-wahyuni-ketua-kpu-jabar-dicopot-karena-biarkan-pergeseran-suara-nasdem-di-pileg-2024?page=3,No,Adult: Sexual content,Restricted ad serving,ca-pub-7784034061253020,65,2024-12-01,2024-12-01
jabar.tribunnews.com,Page,N/A,N/A,jabar.tribunnews.com/2024/12/02/100-orang-meninggal-dunia-bentrokan-suporter-terjadi-guinea-mayat-bergelimpangan-di-tanah,No,Adult: Sexual content,Restricted ad serving,ca-pub-7784034061253020,65,2024-12-01,2024-12-01
belitung.tribunnews.com,Page,N/A,N/A,belitung.tribunnews.com/2024/12/02/tabel-ump-2025-38-provinsi-3-tertinggi-dki-jakarta-rp53-juta-papua-rp42-juta-babel-rp38-juta?page=2,No,Adult: Sexual content,Restricted ad serving,ca-pub-7784034061253020,65,2024-12-01,2024-12-01
bangka.tribunnews.com,Page,N/A,N/A,bangka.tribunnews.com/2020/02/17/kabar-8-artis-cantik-film-dewasa-pensiun-ai-uehara-nong-nat-sunny-leone-hingga-sora-aoi,No,Adult: Sexual content,Restricted ad serving,ca-pub-7784034061253020,65,2024-12-02,2024-12-02
bangka.tribunnews.com,Page,N/A,N/A,bangka.tribunnews.com/2017/08/05/pakai-daleman-vibrator-ke-supermarket-begini-reaksi-wanita-ini-saat-kekasihnya-pencet-remote,No,Adult: Sexual content,Restricted ad serving,ca-pub-7784034061253020,65,2024-11-27,2024-12-02
www.tribunnews.com,Page,N/A,N/A,www.tribunnews.com/regional/2024/12/02/sosok-tersangka-pelaku-pembunuhan-istri-anak-riki-suami-pencemburu-polisi-masih-dalami-motifnya?page=2,No,Adult: Sexual content,Restricted ad serving,ca-pub-7784034061253020,64,2024-12-01,2024-12-01
www.tribunnews.com,Page,N/A,N/A,www.tribunnews.com/internasional/2017/01/22/pria-pemilik-organ-intim-terpanjang-dan-terbesar-ini-mengaku-tersiksa,No,Shocking content,Restricted ad serving,ca-pub-7784034061253020,64,2024-11-27,2024-12-02
suryamalang.tribunnews.com,Page,N/A,N/A,suryamalang.tribunnews.com/2019/01/25/selain-putus-cinta-inilah-6-fakta-video-p0rno-siswi-sma-di-madiun-yang-beredar-di-whatsapp-wa,No,Adult: Sexual content,Restricted ad serving,ca-pub-7784034061253020,64,2024-11-27,2024-12-02
newsmaker.tribunnews.com,Page,N/A,N/A,newsmaker.tribunnews.com/2021/12/28/daftar-pacar-dan-istri-para-pemain-timnas-sepak-bola-indonesia-ada-yang-kekasihnya-orang-inggris,Yes,Modified ad code: Resizing Ad Frames,Restricted ad serving,ca-pub-7784034061253020,64,2024-11-29,2024-12-02
medan.tribunnews.com,Page,N/A,N/A,medan.tribunnews.com/2024/10/21/gober-pembacok-kakek-di-sunggal-ternyata-pernah-martil-kepala-orang-hingga-tewas?source=kgnotif_1,No,Shocking content,Restricted ad serving,ca-pub-7784034061253020,64,2024-12-02,2024-12-02
medan.tribunnews.com,Page,N/A,N/A,medan.tribunnews.com/2020/02/24/10-artis-seksi-parasnya-bikin-melongo-dalam-film-warkop-dki-dulu-kamu-pasti-diam-diam-suka-mereka,No,Shocking content,Restricted ad serving,ca-pub-7784034061253020,64,2024-11-27,2024-12-02
madura.tribunnews.com,Page,N/A,N/A,madura.tribunnews.com/madura,No,Shocking content,Restricted ad serving,ca-pub-7784034061253020,64,2024-12-02,2024-12-02
jogja.tribunnews.com,Page,N/A,N/A,jogja.tribunnews.com/2017/07/11/boneka-seks-ini-diklaim-paling-mirip-manusia-bisa-dipesan-sesuai-keinginan,No,Adult: Sexual content,Restricted ad serving,ca-pub-7784034061253020,64,2024-11-27,2024-12-02
jatim.tribunnews.com,Page,N/A,N/A,jatim.tribunnews.com/2018/01/06/deretan-percakapan-dalam-video-tante-vs-bocah-yang-viral-di-medsos-no-4-ungkap-fakta-tak-terduga,No,Shocking content,Restricted ad serving,ca-pub-7784034061253020,64,2024-11-27,2024-12-02
jateng.tribunnews.com,Page,N/A,N/A,jateng.tribunnews.com/2021/12/08/heboh-siswi-smp-kirim-foto-tanpa-busana-sebagai-syarat-jadi-anggota-paskibra-ini-faktanya,Yes,Ads Disguised as Content,Restricted ad serving,ca-pub-7784034061253020,64,2024-11-27,2024-12-02
jateng.tribunnews.com,Page,N/A,N/A,jateng.tribunnews.com/2017/01/09/usia-baru-7-tahun-ukuran-payudara-bocah-ini-bikin-heboh-ini-yang-terjadi-padanya?page=all,No,Adult: Sexual content,Restricted ad serving,ca-pub-7784034061253020,64,2024-11-27,2024-12-01
jambi.tribunnews.com,Page,N/A,N/A,jambi.tribunnews.com/2018/01/18/perhatikan-ini-ciri-wanita-yang-sering-melakukan-masturbasi-7-tanda-ini-bakal-mengungkapkannya?page=3,No,Adult: Sexual content,Restricted ad serving,ca-pub-7784034061253020,64,2024-11-28,2024-12-01
jabar.tribunnews.com,Page,N/A,N/A,jabar.tribunnews.com/2024/12/02/kasus-anak-bunuh-ayah-kembali-terjadi-marbot-masjid-di-ponorogo-dihabisi-anak-cekcok-soal-makanan?page=3,No,Adult: Sexual content,Restricted ad serving,ca-pub-7784034061253020,64,2024-12-01,2024-12-01
jabar.tribunnews.com,Page,N/A,N/A,jabar.tribunnews.com/2024/12/02/ini-alasan-polisi-menetapkan-pemuda-disabilitas-tanpa-tangan-tersangka-kasus-asusila?page=2,No,Adult: Sexual content,Restricted ad serving,ca-pub-7784034061253020,64,2024-12-02,2024-12-02
gayo.tribunnews.com,Page,N/A,N/A,gayo.tribunnews.com/2023/05/26/malam-pertama-ayah-mertua-masuk-ke-kamar-aku-ketakutan-ingin-pingsan-ternyata,No,Google-served ads obscuring content,Restricted ad serving,ca-pub-7784034061253020,64,2024-11-27,2024-12-02
belitung.tribunnews.com,Page,N/A,N/A,belitung.tribunnews.com/2017/01/08/ternyata-ini-alasan-para-wanita-rela-umbar-aurat-di-bigo-live-ada-imbalannya,No,Shocking content,Restricted ad serving,ca-pub-7784034061253020,64,2024-11-27,2024-12-02
bangka.tribunnews.com,Page,N/A,N/A,bangka.tribunnews.com/2022/04/28/link-video-chandrika-chika-bikin-heboh-satu-indonesia-jangan-asal-klik-kalau-enggak-mau-kena-ini,Yes,Ads Disguised as Content,Restricted ad serving,ca-pub-7784034061253020,64,2024-11-28,2024-12-02
bangka.tribunnews.com,Page,N/A,N/A,bangka.tribunnews.com/2019/10/01/suami-tergoda-lihat-adik-ipar-berpakaian-seksi-selesai-main-korban-malah-tanya-mana-uangnya,No,Adult: Sexual content,Restricted ad serving,ca-pub-7784034061253020,64,2024-11-29,2024-12-02
www.tribunnews.com,Page,N/A,N/A,www.tribunnews.com/?lgn_method=google&google_btn=gsi,No,Adult: Sexual content,Restricted ad serving,ca-pub-7784034061253020,63,2024-12-02,2024-12-02
sultra.tribunnews.com,Page,N/A,N/A,sultra.tribunnews.com/2022/11/12/icha-ceeby-kebaya-merah-juga-perankan-video-tiga-lawan-satu-ternyata-adegan-2-wanita-1-lelaki,Yes,Ads Disguised as Content,Restricted ad serving,ca-pub-7784034061253020,63,2024-11-27,2024-12-02
pontianak.tribunnews.com,Page,N/A,N/A,pontianak.tribunnews.com/2018/01/17/artis-porno-jepang-ini-tewas-saat-syuting-adegan-seks-dengan-lebih-dari-10-pria-astaga?page=all,No,Adult: Sexual content;Shocking content,Restricted ad serving,ca-pub-7784034061253020,63,2024-11-27,2024-12-01
pekanbaru.tribunnews.com,Page,N/A,N/A,pekanbaru.tribunnews.com/2021/11/17/arti-dan-makna-mimpi-berhubungan-badan-mimpi-dengan-guru-bos-main-di-dapur-hingga-dengan-teman,Yes,Ads Disguised as Content;Modified ad code: Resizing Ad Frames,Restricted ad serving,ca-pub-7784034061253020,63,2024-11-27,2024-12-02
palembang.tribunnews.com,Page,N/A,N/A,palembang.tribunnews.com/2024/03/28/viral-pria-paruh-baya-di-lubuklinggau-digerebek-berbuat-tak-senonoh-dengan-wanita-muda-di-wisma,Yes,Google-served ads obscuring content;Modified Javascript: Ads by Google size,Restricted ad serving,ca-pub-7784034061253020,63,2024-11-28,2024-12-02
kupang.tribunnews.com,Page,N/A,N/A,kupang.tribunnews.com/amp/2017/12/09/tanpa-sensor-para-pemain-di-lima-film-ini-benar-benar-lakukan-adegan-ranjang-di-depan-kamera,Yes,Site Behavior: Navigation,Restricted ad serving,ca-pub-7784034061253020,63,2024-11-27,2024-12-02
jatim.tribunnews.com,Page,N/A,N/A,jatim.tribunnews.com/2018/02/10/selain-heteroseksual-ini-7-istilah-orientasi-seksual-yang-mungkin-anda-belum-tahu-artinya,Yes,Ads Disguised as Content,Restricted ad serving,ca-pub-7784034061253020,63,2024-11-28,2024-12-02
jambi.tribunnews.com,Page,N/A,N/A,jambi.tribunnews.com/2018/01/19/ini-ciri-ciri-yang-tampak-pada-wanita-dan-pria-yang-sering-masturbasi,No,Adult: Sexual content,Restricted ad serving,ca-pub-7784034061253020,63,2024-12-01,2024-12-01
health.tribunnews.com,Page,N/A,N/A,health.tribunnews.com/2023/08/29/makan-telur-bisa-meningkatkan-hormon-testosteron-bikin-pria-bergairah-dan-lebih-lama-dalam-bercinta,No,Adult: Sexual content,Restricted ad serving,ca-pub-7784034061253020,63,2024-12-02,2024-12-02
bangka.tribunnews.com,Page,N/A,N/A,bangka.tribunnews.com/2023/10/15/dr-zaidul-akbar-ungkap-resep-obat-kuat-tahan-lama-alami-murah-dan-bisa-buat-sendiri,No,Adult: Sexual content,Restricted ad serving,ca-pub-7784034061253020,63,2024-12-01,2024-12-01
aceh.tribunnews.com,Page,N/A,N/A,aceh.tribunnews.com/2022/11/11/penyebab-cara-atasi-puting-payudara-tidak-timbul-apakah-pengaruh-saat-menyusui-ini-kata-dr-boyke,No,Google-served ads obscuring content,Restricted ad serving,ca-pub-7784034061253020,63,2024-11-27,2024-12-03
style.tribunnews.com,Page,N/A,N/A,style.tribunnews.com/2017/08/02/waduh-siswa-siswi-sd-lakukan-goyangan-sensual-temannya-ikutan-sampai-berebut-cowok?page=all,No,Adult: Sexual content,Restricted ad serving,ca-pub-7784034061253020,62,2024-11-30,2024-12-02
style.tribunnews.com,Page,N/A,N/A,style.tribunnews.com/2016/08/22/gaya-masturbasi-pria-hayo-kamu-biasanya-pakai-style-yang-mana?page=4,No,Adult: Sexual content,Restricted ad serving,ca-pub-7784034061253020,62,2024-11-27,2024-12-02
palembang.tribunnews.com,Page,N/A,N/A,palembang.tribunnews.com/2017/11/20/bikin-geleng-geleng-10-wanita-ini-disebut-sebagai-bintang-film-panas-paling-tajir-di-dunia?page=7,Yes,Ads Disguised as Content,Restricted ad serving,ca-pub-7784034061253020,62,2024-11-27,2024-12-02
medan.tribunnews.com,Page,N/A,N/A,medan.tribunnews.com/2020/10/29/kondom-bekas-berserakan-saat-hujan-deras-solihin-akan-dilakukan-operasi-yustisi-di-setiap-indekos?page=all,No,Adult: Sexual content,Restricted ad serving,ca-pub-7784034061253020,62,2024-11-28,2024-12-01
medan.tribunnews.com,Page,N/A,N/A,medan.tribunnews.com/2020/08/20/ternyata-ini-istilah-atau-kode-yang-sering-digunakan-para-pelaku-prostitusi-online-di-media-sosial,No,Adult: Sexual content,Restricted ad serving,ca-pub-7784034061253020,62,2024-12-01,2024-12-01
jabar.tribunnews.com,Page,N/A,N/A,jabar.tribunnews.com/2024/12/02/pelaku-pembunuhan-ibu-dan-anak-di-pangkalpinang-diringkus-ternyata-suami-korban-dikenal-cemburuan?page=3,No,Adult: Sexual content,Restricted ad serving,ca-pub-7784034061253020,62,2024-12-01,2024-12-01
jabar.tribunnews.com,Page,N/A,N/A,jabar.tribunnews.com/2024/12/02/gelandang-persib-bandung-beckham-putra-pendam-keinginan-dipanggil-lagi-timnas-indonesia,No,Adult: Sexual content,Restricted ad serving,ca-pub-7784034061253020,62,2024-12-01,2024-12-01
belitung.tribunnews.com,Page,N/A,N/A,belitung.tribunnews.com/2016/12/28/ini-foto-foto-pembunuhan-sadis-di-pulomas-yang-beredar-di-media-sosial?page=all,No,Shocking content,Restricted ad serving,ca-pub-7784034061253020,62,2024-11-27,2024-12-01
bangka.tribunnews.com,Page,N/A,N/A,bangka.tribunnews.com/2017/09/22/sepasang-mayat-pria-wanita-tanpa-busana-di-semak-sama-sama-sudah-berkeluarga-tapi-bermasalah,No,Shocking content,Restricted ad serving,ca-pub-7784034061253020,62,2024-11-28,2024-12-02
medan.tribunnews.com,Page,N/A,N/A,medan.tribunnews.com/2024/05/07/anda-lemah-syahwat-dr-zaidul-akbar-ungkap-rahasia-obat-herbal-keperkasaan-di-ranjang?page=2,No,Adult: Sexual content,Restricted ad serving,ca-pub-7784034061253020,61,2024-12-01,2024-12-01
medan.tribunnews.com,Page,N/A,N/A,medan.tribunnews.com/2019/02/06/akhirnya-terungkap-pemeran-video-mesum-yang-viral-berdinas-sman-1-polisi-sebut-di-bawah-umur,Yes,Ads Disguised as Content;Adult: Sexual content,Restricted ad serving,ca-pub-7784034061253020,61,2024-12-01,2024-12-02
makassar.tribunnews.com,Page,N/A,N/A,makassar.tribunnews.com/2017/04/17/heboh-pengakuan-peziarah-gunung-kemukus-usai-lakukan-ritual-seks-ternyata,Yes,Ads Disguised as Content,Restricted ad serving,ca-pub-7784034061253020,61,2024-11-27,2024-12-02
m.tribunnews.com,Page,N/A,N/A,m.tribunnews.com/regional/2013/08/11/10-tetes-langsung-bereaksi,No,Adult: Sexual content,Restricted ad serving,ca-pub-7784034061253020,61,2024-11-29,2024-12-01
m.tribunnews.com,Page,N/A,N/A,m.tribunnews.com/kesehatan/2013/02/06/ini-kata-mereka-yang-pernah-mengonsumsi-permen-karet-cinta?page=2,No,Adult: Sexual content,Restricted ad serving,ca-pub-7784034061253020,61,2024-11-27,2024-12-01
m.tribunnews.com,Page,N/A,N/A,m.tribunnews.com/internasional/2019/02/13/bandara-ditutup-2-jam-gara-gara-ada-perempuan-telanjang-di-landasan-bandara,No,Adult: Sexual content,Restricted ad serving,ca-pub-7784034061253020,61,2024-11-27,2024-12-01
kupang.tribunnews.com,Page,N/A,N/A,kupang.tribunnews.com/2016/09/27/ssstt-lupa-matikan-kamera-video-gamer-cantik-ini-ketahuan-sedang-asik-sendiri,No,Shocking content,Restricted ad serving,ca-pub-7784034061253020,61,2024-11-27,2024-12-02
jogja.tribunnews.com,Page,N/A,N/A,jogja.tribunnews.com/2016/12/03/ini-dia-sejarah-masturbasi-anggapan-dulu-dan-sekarang,No,Adult: Sexual content,Restricted ad serving,ca-pub-7784034061253020,61,2024-11-27,2024-12-03
cirebon.tribunnews.com,Page,N/A,N/A,cirebon.tribunnews.com/2019/10/14/3-pria-setubuhi-4-wanita-semalaman-ajak-main-ludo-dan-tenggak-miras-yang-dicampur-obat-perangsang,No,Adult: Sexual content,Restricted ad serving,ca-pub-7784034061253020,61,2024-11-27,2024-12-02
belitung.tribunnews.com,Page,N/A,N/A,belitung.tribunnews.com/2017/10/25/inilah-11-hal-yang-terjadi-di-balik-layar-film-dewasa,No,Adult: Sexual content,Restricted ad serving,ca-pub-7784034061253020,61,2024-11-27,2024-12-02
bangka.tribunnews.com,Page,N/A,N/A,bangka.tribunnews.com/2018/04/07/kisah-pedagang-pakai-penglaris-awalnya-pembeli-jadi-ramai-lalu-selanjutnya-begini,No,Shocking content,Restricted ad serving,ca-pub-7784034061253020,61,2024-11-28,2024-12-02
bangka.tribunnews.com,Page,N/A,N/A,bangka.tribunnews.com/2017/02/11/kisah-pilu-pemilik-penis-terbesar-di-dunia-ditolak-wanita-hingga-pengen-jadi-bintang-porno,Yes,Ads Disguised as Content,Restricted ad serving,ca-pub-7784034061253020,61,2024-11-27,2024-12-02
www.tribunnews.com,Page,N/A,N/A,www.tribunnews.com/regional/2017/11/14/perilaku-seks-aneh-pns-ini-sering-masukkan-terong-dan-timun-ke-anunya-istri,No,Adult: Sexual content,Restricted ad serving,ca-pub-7784034061253020,60,2024-11-27,2024-12-02
sumsel.tribunnews.com,Page,N/A,N/A,sumsel.tribunnews.com/2024/11/27/link-real-count-kpu-pilkada-kalimantan-barat-2024-sutarmidji-didi-norsan-krisantus-muda-jakius,No,Adult: Sexual content,Restricted ad serving,ca-pub-7784034061253020,60,2024-12-02,2024-12-02
style.tribunnews.com,Page,N/A,N/A,style.tribunnews.com/2017/08/02/6-ciri-wanita-sudah-tak-perawan-mulai-hidung-mata-payudara-hingga-bentuk-punggung?page=2,No,Adult: Sexual content,Restricted ad serving,ca-pub-7784034061253020,60,2024-11-27,2024-12-02
newsmaker.tribunnews.com,Page,N/A,N/A,newsmaker.tribunnews.com/2024/03/11/prostitusi-online-yang-sediakan-wanita-gemuk-merebak-ditawarkan-lewat-media-sosial-datang-ke-pesta?page=all,No,Adult: Sexual content,Restricted ad serving,ca-pub-7784034061253020,60,2024-11-28,2024-12-01
medan.tribunnews.com,Page,N/A,N/A,medan.tribunnews.com/2021/07/05/wanita-ini-ditikam-30-kali-lehernya-digorok-16-kali-dan-hampir-putus-namun-ajaibnya-masih-selamat,No,Shocking content,Restricted ad serving,ca-pub-7784034061253020,60,2024-12-01,2024-12-01
makassar.tribunnews.com,Page,N/A,N/A,makassar.tribunnews.com/2019/10/11/karena-sudah-keseringan-adik-kandung-ajak-duluan-kakak-berhubungan-badan-layaknya-suami-istri?page=2,No,Adult: Sexual content,Restricted ad serving,ca-pub-7784034061253020,60,2024-11-28,2024-12-02
m.tribunnews.com,Page,N/A,N/A,m.tribunnews.com/kesehatan/2018/04/08/perawan-atau-tidak-bisa-dilihat-dari-cara-berjalan-dokter-ungkap-fakta-sesungguhnya,No,Adult: Sexual content,Restricted ad serving,ca-pub-7784034061253020,60,2024-11-27,2024-12-02
kupang.tribunnews.com,Page,N/A,N/A,kupang.tribunnews.com/2017/07/12/wanita-dengan-5-ciri-fisik-ini-terbukti-hot-di-ranjang,No,Adult: Sexual content,Restricted ad serving,ca-pub-7784034061253020,60,2024-12-01,2024-12-02
jatim.tribunnews.com,Page,N/A,N/A,jatim.tribunnews.com/2024/12/02/niat-suami-siapkan-golok-untuk-bacok-selingkuhan-pasangan-malah-berujung-tikam-istri-sendiri?page=2,No,Shocking content,Restricted ad serving,ca-pub-7784034061253020,60,2024-12-02,2024-12-02
belitung.tribunnews.com,Page,N/A,N/A,belitung.tribunnews.com/2017/04/17/pria-dan-wanita-bugil-digiring-sambil-minta-maaf-videonya-viral-ada-apa-ini,No,Adult: Sexual content,Restricted ad serving,ca-pub-7784034061253020,60,2024-11-27,2024-12-02
banten.tribunnews.com,Page,N/A,N/A,banten.tribunnews.com/2022/09/30/lagi-asyik-indehoy-di-hotel-fm3-kota-tangerang-pejabat-dinas-pendidikan-jakbar-digrebek-istrinya,No,Adult: Sexual content,Restricted ad serving,ca-pub-7784034061253020,60,2024-12-02,2024-12-02
banjarmasin.tribunnews.com,Page,N/A,N/A,banjarmasin.tribunnews.com/2016/01/06/tanpa-menyentuh-anda-bisa-membuat-perempuan-bergairah-perhatikan-trik-ini,No,Adult: Sexual content,Restricted ad serving,ca-pub-7784034061253020,60,2024-11-27,2024-12-02
aceh.tribunnews.com,Page,N/A,N/A,aceh.tribunnews.com/2024/10/16/wanita-57-tahun-di-bekasi-diperkosa-di-rumahnya-pelaku-setubuhi-korban-sambil-ancam-dengan-pisau,No,Shocking content,Restricted ad serving,ca-pub-7784034061253020,60,2024-12-02,2024-12-02
aceh.tribunnews.com,Page,N/A,N/A,aceh.tribunnews.com/2022/09/22/4-hormon-ini-bisa-keluar-setelah-berhubungan-intim-suami-istri-makin-tambah-cinta-kata-dr-boyke,No,Adult: Sexual content,Restricted ad serving,ca-pub-7784034061253020,60,2024-12-02,2024-12-02
www.tribunnews.com,Page,N/A,N/A,www.tribunnews.com/regional/2024/11/26/sosok-kombes-irwan-anwar-kapolrestabes-semarang-sebut-siswa-yang-ditembak-polisi-anggota-gangster,No,Adult: Sexual content,Restricted ad serving,ca-pub-7784034061253020,59,2024-12-02,2024-12-02
www.tribunnews.com,Page,N/A,N/A,www.tribunnews.com/regional/2020/06/28/cewek-cantik-di-kota-jambi-jual-diri-lewat-michat-tarif-sekali-kencan-rp-800-ribu,No,Shocking content,Restricted ad serving,ca-pub-7784034061253020,59,2024-11-27,2024-12-02
medan.tribunnews.com,Page,N/A,N/A,medan.tribunnews.com/2021/11/03/pengertian-perlindungan-dan-penegakan-hukum-di-negara-peran-lembaga-dan-dinamika-pelanggaran,Yes,Encouraging accidental clicks: Layout;Google-served ads obscuring content,Restricted ad serving,ca-pub-7784034061253020,59,2024-11-27,2024-12-02
medan.tribunnews.com,Page,N/A,N/A,medan.tribunnews.com/2017/04/28/luar-biasa-bintang-filim-porno-82-tahun-ini-ungkap-rahasia-kebugarannya-di-ranjang,No,Adult: Sexual content,Restricted ad serving,ca-pub-7784034061253020,59,2024-11-27,2024-12-02
manado.tribunnews.com,Page,N/A,N/A,manado.tribunnews.com/2022/02/09/kondisi-mengenaskan-mayat-perempuan-muda-ditemukan-tanpa-busana-celana-korban-melorot,No,Shocking content,Restricted ad serving,ca-pub-7784034061253020,59,2024-11-29,2024-12-02
jateng.tribunnews.com,Page,N/A,N/A,jateng.tribunnews.com/2017/02/11/kisah-kehidupan-seks-pemilik-penis-terbesar-dan-terpanjang-di-dunia-pacarnya-tak-sanggup?page=2,No,Adult: Sexual content,Restricted ad serving,ca-pub-7784034061253020,59,2024-11-27,2024-12-01
bengkulu.tribunnews.com,Page,N/A,N/A,bengkulu.tribunnews.com/2022/09/27/link-nonton-anime-kinsou-no-vermeil-uncensored-full-episode-lengkap-dengan-sub-indo?page=2,Yes,Content obscuring Google-served ads;Encouraging accidental clicks: Layout,Restricted ad serving,ca-pub-7784034061253020,59,2024-12-01,2024-12-02
belitung.tribunnews.com,Page,N/A,N/A,belitung.tribunnews.com/2024/12/02/motif-riki-bunuh-istri-dan-tewaskan-anak-di-bak-mandi-cemburu-tuduh-korban-ada-pria-lain?page=4,No,Shocking content,Restricted ad serving,ca-pub-7784034061253020,59,2024-12-02,2024-12-02
aceh.tribunnews.com,Page,N/A,N/A,aceh.tribunnews.com/2022/01/19/cara-mudah-membuat-ramuan-obat-kuat-pria-cukup-gunakan-bahan-alami-ini,No,Adult: Sexual content,Restricted ad serving,ca-pub-7784034061253020,59,2024-12-01,2024-12-01
www.tribunnewswiki.com,Page,N/A,N/A,www.tribunnewswiki.com/2019/10/24/40-arti-tahi-lalat-berdasarkan-lokasinya-di-tubuh-banyak-tahi-lalat-jadi-panen-keberuntungan-nih?page=all,Yes,Encouraging accidental clicks: Layout;Google-served ads obscuring content,Restricted ad serving,ca-pub-7784034061253020,58,2024-11-27,2024-12-02
www.tribunnews.com,Page,N/A,N/A,www.tribunnews.com/seleb/2017/01/10/wow-8-artis-hollywood-ini-berani-pamer-bulu-dari-ketiak-hingga-kemaluan,No,Adult: Sexual content,Restricted ad serving,ca-pub-7784034061253020,58,2024-11-28,2024-12-02
www.tribunnews.com,Page,N/A,N/A,www.tribunnews.com/regional/2018/11/29/mengenal-sosok-zulkifli-nurdin-lahir-dari-keluarga-pengusaha-hingga-jabat-gubernur-jambi-2-periode,No,Adult: Sexual content,Restricted ad serving,ca-pub-7784034061253020,58,2024-12-01,2024-12-01
suryamalang.tribunnews.com,Page,N/A,N/A,suryamalang.tribunnews.com/tag/banglades,No,Adult: Sexual content;Shocking content,Restricted ad serving,ca-pub-7784034061253020,58,2024-12-02,2024-12-02
surabaya.tribunnews.com,Page,N/A,N/A,surabaya.tribunnews.com/topic/berita-lamongan,No,Shocking content,Restricted ad serving,ca-pub-7784034061253020,58,2024-12-02,2024-12-02
style.tribunnews.com,Page,N/A,N/A,style.tribunnews.com/2022/11/21/5-rekomendasi-anime-komedi-dewasa-terbaru-penuh-adegan-panas-ada-kaguya-sama-love-is-war?page=3,No,Adult: Sexual content,Restricted ad serving,ca-pub-7784034061253020,58,2024-12-01,2024-12-01
pontianak.tribunnews.com,Page,N/A,N/A,pontianak.tribunnews.com/2017/11/06/6-ramuan-tradisional-bisa-besarkan-payudara-nomor-4-dari-bunga,No,Adult: Sexual content,Restricted ad serving,ca-pub-7784034061253020,58,2024-11-28,2024-12-02
palembang.tribunnews.com,Page,N/A,N/A,palembang.tribunnews.com/2017/04/13/6-aplikasi-ini-tingkatkan-kualitas-bercinta-kembali-bersemangat,No,Adult: Sexual content,Restricted ad serving,ca-pub-7784034061253020,58,2024-11-28,2024-12-01
makassar.tribunnews.com,Page,N/A,N/A,makassar.tribunnews.com/2017/12/13/6-cara-tahu-wanita-tak-perawan-nomor-1-hidung-nomor-2-mata-nomor-5-telapak-tangan?page=3,Yes,Mislabeled Ads,Restricted ad serving,ca-pub-7784034061253020,58,2024-11-27,2024-12-02
m.tribunnews.com,Page,N/A,N/A,m.tribunnews.com/kesehatan/2016/05/10/agar-makin-orgasme-lakukan-senam-legel-sebelum-berhubungan-seks,No,Adult: Sexual content,Restricted ad serving,ca-pub-7784034061253020,58,2024-11-29,2024-12-01
jambi.tribunnews.com,Page,N/A,N/A,jambi.tribunnews.com/2019/01/28/wanita-ini-usia-16-tahun-sudah-jadi-bintang-film-dewasa-segini-gajinya-sekali-main?page=3,Yes,Encouraging accidental clicks: Layout,Restricted ad serving,ca-pub-7784034061253020,58,2024-11-28,2024-12-01
jambi.tribunnews.com,Page,N/A,N/A,jambi.tribunnews.com/2017/08/29/beginilah-gambar-4d-orang-saat-berhubungan-seks-ilmuwan-menemukan-rekaman-video-yang-menarik?page=all,No,Adult: Sexual content,Restricted ad serving,ca-pub-7784034061253020,58,2024-12-01,2024-12-01
jabar.tribunnews.com,Page,N/A,N/A,jabar.tribunnews.com/2023/05/01/pakar-pengobatan-alat-vital-abah-disa-depok-sawangan,No,Adult: Sexual content,Restricted ad serving,ca-pub-7784034061253020,58,2024-11-27,2024-12-02
bengkulu.tribunnews.com,Page,N/A,N/A,bengkulu.tribunnews.com/2024/12/02/ingat-kasus-pasutri-di-lebong-bersimbah-darah-ternyata-sang-istri-dibunuh-suami-gegara-cemburu,No,Shocking content,Restricted ad serving,ca-pub-7784034061253020,58,2024-12-02,2024-12-02
banjarmasin.tribunnews.com,Page,N/A,N/A,banjarmasin.tribunnews.com/2021/04/22/viral-video-syur-durasi-3-menit-44-detik-diduga-bule-rusia-di-gunung-batur-polisi-bali-buru-pelaku,Yes,Ads Disguised as Content,Restricted ad serving,ca-pub-7784034061253020,58,2024-11-28,2024-12-02
bangka.tribunnews.com,Page,N/A,N/A,bangka.tribunnews.com/2022/01/19/selain-kejang-kejang-ini-ciri-ciri-lain-wanita-mengalami-orgasme-saat-berhubungan-kata-dr-boyke,No,Adult: Sexual content,Restricted ad serving,ca-pub-7784034061253020,58,2024-12-01,2024-12-01
bangka.tribunnews.com,Page,N/A,N/A,bangka.tribunnews.com/2017/12/26/puntung-rokok-dan-sendok-garpu-jadi-kode-dan-bahasa-isyarat-gigolo?page=all,No,Adult: Sexual content,Restricted ad serving,ca-pub-7784034061253020,58,2024-12-01,2024-12-01
bali.tribunnews.com,Page,N/A,N/A,bali.tribunnews.com/2021/12/14/ini-kronologi-lengkap-tante-sisca-dan-boris-terekam-sedang-berhubungan-suami-istri-di-ubud-bali,Yes,Ads Disguised as Content,Restricted ad serving,ca-pub-7784034061253020,58,2024-11-29,2024-12-03
bali.tribunnews.com,Page,N/A,N/A,bali.tribunnews.com/2017/11/07/5-artis-cantik-ini-blak-blakan-ngaku-begituan-walau-tak-ada-pasangan-nggak-malu-pakai-alat-ini,No,Shocking content,Restricted ad serving,ca-pub-7784034061253020,58,2024-11-28,2024-12-02
pekanbaru.tribunnews.com,Page,N/A,N/A,pekanbaru.tribunnews.com/2021/11/22/bahasa-gaul-kaum-dewasa-museum-hingga-ml-apa-arti-kata-museum-dan-arti-ml?page=all,No,Adult: Sexual content,Restricted ad serving,ca-pub-7784034061253020,57,2024-12-02,2024-12-02
pekanbaru.tribunnews.com,Page,N/A,N/A,pekanbaru.tribunnews.com/2017/12/05/video-gadis-jepang-ini-izinkan-setiap-pria-remas-itunya-alasannya-mengejutklan,Yes,Site Behavior: Navigation,Restricted ad serving,ca-pub-7784034061253020,57,2024-11-29,2024-12-02
medan.tribunnews.com,Page,N/A,N/A,medan.tribunnews.com/2024/11/12/tragis-remaja-pria-ini-tega-mutilasi-ibunya-lantaran-dilarang-main-game-dan-tablet-disita,No,Shocking content,Restricted ad serving,ca-pub-7784034061253020,57,2024-12-02,2024-12-02
m.tribunnews.com,Page,N/A,N/A,m.tribunnews.com/regional/2018/02/12/mayoritas-emak-emak-muda-dan-remaja-putri-pembeli-alat-bantu-seks-di-bali,No,Adult: Sexual content,Restricted ad serving,ca-pub-7784034061253020,57,2024-11-27,2024-12-02
kupang.tribunnews.com,Page,N/A,N/A,kupang.tribunnews.com/2017/09/13/6-cara-membuat-wanita-terangsang-sentuh-pada-titik-titik-sensitif-ini-dan-bikin-doi-melayang?page=2,No,Adult: Sexual content,Restricted ad serving,ca-pub-7784034061253020,57,2024-11-27,2024-12-02
jatim.tribunnews.com,Page,N/A,N/A,jatim.tribunnews.com/2017/12/07/25-lukisan-fenomenal-yang-tunjukkan-kehidupan-milenial-zaman-ini-mana-yang-paling-bener?page=all,No,Shocking content,Restricted ad serving,ca-pub-7784034061253020,57,2024-12-01,2024-12-01
jateng.tribunnews.com,Page,N/A,N/A,jateng.tribunnews.com/2021/11/22/awalnya-suami-istri-ini-minta-pijat-ke-terapis-lalu-minta-tidur-threesome,No,Adult: Sexual content,Restricted ad serving,ca-pub-7784034061253020,57,2024-12-01,2024-12-01
jambi.tribunnews.com,Page,N/A,N/A,jambi.tribunnews.com/2018/01/18/inilah-4-adegan-panas-yang-paling-parah-sepanjang-sejarah,No,Adult: Sexual content,Restricted ad serving,ca-pub-7784034061253020,57,2024-11-27,2024-12-02
bekasi.tribunnews.com,Page,N/A,N/A,bekasi.tribunnews.com/2022/07/26/film-semi-korea-terbaik-2022-terbaru-dan-bikin-deg-degan-laris-ditonton-pasangan-yang-baru-menikah,Yes,Ads Disguised as Content,Restricted ad serving,ca-pub-7784034061253020,57,2024-11-28,2024-12-02
banyumas.tribunnews.com,Page,N/A,N/A,banyumas.tribunnews.com/2023/01/15/unik-rokok-kretek-gupolo-kudus-100-persen-terbuat-dari-daun-talas-harga-rp5000bungkus,No,Tobacco,Restricted ad serving,ca-pub-7784034061253020,57,2024-12-02,2024-12-02
banjarmasin.tribunnews.com,Page,N/A,N/A,banjarmasin.tribunnews.com/2024/11/14/gegara-perkara-utang-rp5-juta-pria-di-banjarmasin-bacok-juru-parkir-hingga-jarinya-putus,No,Shocking content,Restricted ad serving,ca-pub-7784034061253020,57,2024-12-02,2024-12-02
bangka.tribunnews.com,Page,N/A,N/A,bangka.tribunnews.com/2022/06/26/minum-air-rebusan-lengkuas-sebelum-berhubungan-baru-coba-satu-malam-saja-bikin-istri-puas,No,Adult: Sexual content,Restricted ad serving,ca-pub-7784034061253020,57,2024-12-02,2024-12-02
aceh.tribunnews.com,Page,N/A,N/A,aceh.tribunnews.com/2024/12/02/dendam-kesumat-israel-di-tengah-gencatan-senjata-idf-lakukan-ini-ke-rumah-rumah-warga-di-lebanon?page=2,No,Shocking content,Restricted ad serving,ca-pub-7784034061253020,57,2024-12-01,2024-12-01
aceh.tribunnews.com,Page,N/A,N/A,aceh.tribunnews.com/2024/08/30/benarkah-bentuk-penis-yang-bengkok-lebih-memuaskan-pasangan-ini-jawaban-dr-boyke?page=all,No,Adult: Sexual content,Restricted ad serving,ca-pub-7784034061253020,57,2024-12-02,2024-12-02
aceh.tribunnews.com,Page,N/A,N/A,aceh.tribunnews.com/2021/12/15/membuat-ramuan-obat-kuat-pria-ala-dr-zaidul-akbar-campurkan-dengan-3-bahan-ini,No,Adult: Sexual content,Restricted ad serving,ca-pub-7784034061253020,57,2024-12-02,2024-12-02
www.tribunnews.com,Page,N/A,N/A,www.tribunnews.com/regional/2024/12/02/ini-identitas-19-korban-kecelakaan-maut-di-megamendung-bogor-mayoritas-warga-tambora-jakbar?source=widgetArtikelRekomendasi&engine=JXA,No,Adult: Sexual content,Restricted ad serving,ca-pub-7784034061253020,56,2024-12-02,2024-12-02
www.tribunnews.com,Page,N/A,N/A,www.tribunnews.com/kesehatan/2015/12/18/tujuh-hal-yang-bikin-suami-malas-bercinta-saat-istri-hamil,No,Adult: Sexual content,Restricted ad serving,ca-pub-7784034061253020,56,2024-11-27,2024-12-02
style.tribunnews.com,Page,N/A,N/A,style.tribunnews.com/2017/04/08/18-jenis-celana-dalam-wanita-ini-tunjukkan-kalau-ada-banyak-opsi-buat-daleman-bawah-girls,No,Adult: Sexual content,Restricted ad serving,ca-pub-7784034061253020,56,2024-11-27,2024-12-01
medan.tribunnews.com,Page,N/A,N/A,medan.tribunnews.com/2020/03/19/wanita-cantik-pemeran-video-mesum-mantan-pegawai-bank-ini-dilabrak-istri-sah-jadi-tontonan-warga,No,Adult: Sexual content;Shocking content,Restricted ad serving,ca-pub-7784034061253020,56,2024-11-27,2024-12-02
lampung.tribunnews.com,Page,N/A,N/A,lampung.tribunnews.com/2015/12/22/video-benjolan-gede-di-kulit-kepala-ternyata-isinya-seperti-ini,Yes,Site Behavior: Navigation,Restricted ad serving,ca-pub-7784034061253020,56,2024-11-27,2024-12-02
jatim.tribunnews.com,Page,N/A,N/A,jatim.tribunnews.com/2017/12/05/15-jenis-fetisisme-yang-wajib-diketahui-kamu-termasuk-yang-mana-nomor-5-diluar-logika,No,Adult: Sexual content,Restricted ad serving,ca-pub-7784034061253020,56,2024-11-27,2024-12-02
jambi.tribunnews.com,Page,N/A,N/A,jambi.tribunnews.com/2018/09/17/deretan-wanita-cantik-indonesia-ini-jadi-bintang-film-panas-di-luar-negeri-siapa-saja-mereka?page=all,No,Adult: Sexual content,Restricted ad serving,ca-pub-7784034061253020,56,2024-11-29,2024-12-01
jabar.tribunnews.com,Page,N/A,N/A,jabar.tribunnews.com/2023/12/14/pengobatan-alat-vital-bogor-aa-muchsin-klinik-rumah-vitalitas-terbaik,No,Adult: Sexual content,Restricted ad serving,ca-pub-7784034061253020,56,2024-11-27,2024-12-03
jabar.tribunnews.com,Page,N/A,N/A,jabar.tribunnews.com/2022/02/23/pengobatan-alat-vital-bandung-klinik-a-deni-pahrudin-yang-handal-dan-profesional,No,Adult: Sexual content,Restricted ad serving,ca-pub-7784034061253020,56,2024-11-27,2024-12-02
gorontalo.tribunnews.com,Page,N/A,N/A,gorontalo.tribunnews.com/2024/12/03/seorang-mahasiswi-dibunuh-dan-dibakar-pacarnya-kelakukan-pelaku-diungkap?page=3,No,Shocking content,Restricted ad serving,ca-pub-7784034061253020,56,2024-12-03,2024-12-03
bangka.tribunnews.com,Page,N/A,N/A,bangka.tribunnews.com/2017/12/11/kok-bisa-pacar-saya-memperkosa-ketika-dia-sedang-tidur,No,Adult: Sexual content,Restricted ad serving,ca-pub-7784034061253020,56,2024-11-27,2024-12-02
wartakota.tribunnews.com,Page,N/A,N/A,wartakota.tribunnews.com/2014/04/17/pijat-vagina-supaya-lebih-hot,No,Adult: Sexual content,Restricted ad serving,ca-pub-7784034061253020,55,2024-11-27,2024-12-02
trends.tribunnews.com,Page,N/A,N/A,trends.tribunnews.com/2023/10/25/siswa-smp-di-agam-jadi-korban-bullying-kepala-dipukul-ditendang-beramai-ramai-diancam-dibunuh,No,Shocking content,Restricted ad serving,ca-pub-7784034061253020,55,2024-12-01,2024-12-01
pekanbaru.tribunnews.com,Page,N/A,N/A,pekanbaru.tribunnews.com/2018/01/21/pamer-paha-mulus-di-medsos-8-artis-ini-bikin-para-cowok-tak-berkedip-siapa-saja,No,Adult: Sexual content,Restricted ad serving,ca-pub-7784034061253020,55,2024-11-27,2024-12-01
palembang.tribunnews.com,Page,N/A,N/A,palembang.tribunnews.com/2018/01/17/bukan-cuma-olivia-artis-porno-jepang-ini-meninggal-lebih-tragis-dipaksa-adegan-intim-ini-ngeri?page=4,No,Adult: Sexual content,Restricted ad serving,ca-pub-7784034061253020,55,2024-11-29,2024-12-02
manado.tribunnews.com,Page,N/A,N/A,manado.tribunnews.com/2019/04/24/video-masturbasi-diduga-10-artis-dan-2-atlet-ini-nama-lengkap-durasi-video-dan-gaya-yang-digunakan?page=2,No,Google-served ads obscuring content,Restricted ad serving,ca-pub-7784034061253020,55,2024-11-28,2024-12-01
m.tribunnews.com,Page,N/A,N/A,m.tribunnews.com/regional/2024/12/02/suami-yang-bunuh-istri-dan-anaknya-di-pangkalpinang-ditetapkan-jadi-tersangka?page=2,No,Adult: Sexual content,Restricted ad serving,ca-pub-7784034061253020,55,2024-12-01,2024-12-01
m.tribunnews.com,Page,N/A,N/A,m.tribunnews.com/regional/2024/11/22/kronologi-lengkap-carok-di-sampang-hingga-tewaskan-jimmy-saksi-cabup-ada-isu-pemukulan-kiai,No,Shocking content,Restricted ad serving,ca-pub-7784034061253020,55,2024-12-02,2024-12-02
jambi.tribunnews.com,Page,N/A,N/A,jambi.tribunnews.com/2018/11/09/trik-membangkitkan-gairah-gituan-untuk-diri-sendiri-wanita-wajib-baca,No,Adult: Sexual content,Restricted ad serving,ca-pub-7784034061253020,55,2024-11-27,2024-12-02
jambi.tribunnews.com,Page,N/A,N/A,jambi.tribunnews.com/2018/01/17/bintang-film-dewasa-jepang-umumkan-akan-menikah-penggemar-patah-hati,No,Adult: Sexual content,Restricted ad serving,ca-pub-7784034061253020,55,2024-11-27,2024-12-01
bali.tribunnews.com,Page,N/A,N/A,bali.tribunnews.com/2021/09/28/sperma-lama-tidak-dikeluarkan-apakah-berbahaya-bagi-kesehatan,Yes,Ads Disguised as Content,Restricted ad serving,ca-pub-7784034061253020,55,2024-11-27,2024-12-02
aceh.tribunnews.com,Page,N/A,N/A,aceh.tribunnews.com/2024/10/04/nasib-nurlela-tkw-yang-disiksa-dan-disekap-di-arab-saudi-berhasil-melarikan-diri-pelaku-terungkap,No,Shocking content,Restricted ad serving,ca-pub-7784034061253020,55,2024-12-02,2024-12-02
www.tribunnews.com,Page,N/A,N/A,www.tribunnews.com/regional/2024/12/03/agus-buntung-dituding-tawari-korban-ritual-mandi-wajib-hingga-berakhir-rudapaksa-disebut-mengancam?page=all,No,Adult: Sexual content,Restricted ad serving,ca-pub-7784034061253020,54,2024-12-02,2024-12-02
www.tribunnews.com,Page,N/A,N/A,www.tribunnews.com/lifestyle/2018/01/19/viral-foto-struk-belanja-tahun-1992-lihat-berapa-harga-rokok-saat-itu,No,Tobacco,Restricted ad serving,ca-pub-7784034061253020,54,2024-11-28,2024-12-02
wartakota.tribunnews.com,Page,N/A,N/A,wartakota.tribunnews.com/2020/07/12/ciri-ciri-organ-intim-wanita-sudah-tak-perawan-lagi?page=2,No,Adult: Sexual content,Restricted ad serving,ca-pub-7784034061253020,54,2024-12-02,2024-12-02
video.tribunnews.com,Page,N/A,N/A,video.tribunnews.com/view/695192/lirik-lagu-runaway-kanye-west,No,Adult: Sexual content,Restricted ad serving,ca-pub-7784034061253020,54,2024-12-01,2024-12-01
style.tribunnews.com,Page,N/A,N/A,style.tribunnews.com/2016/08/25/merek-rokok-makna-lucu-unik-hingga-serius-di-balik-8-brand-batang-tembakau-ini-benarkah,No,Tobacco,Restricted ad serving,ca-pub-7784034061253020,54,2024-11-29,2024-12-02
prohaba.tribunnews.com,Page,N/A,N/A,prohaba.tribunnews.com/2024/12/02/zumi-zola-dan-futri-zulya-savitri-foto-prewedding-bersama-anak-anak-mereka-begini-respons-warganet,No,Adult: Sexual content,Restricted ad serving,ca-pub-7784034061253020,54,2024-12-02,2024-12-02
palu.tribunnews.com,Page,N/A,N/A,palu.tribunnews.com/2023/09/11/usai-47-detik-2-video-syur-diduga-mirip-rebecca-klopper-kembali-viral-durasi-4-menit-dan-11-menit,No,Adult: Sexual content,Restricted ad serving,ca-pub-7784034061253020,54,2024-12-01,2024-12-01
medan.tribunnews.com,Page,N/A,N/A,medan.tribunnews.com/2013/02/11/mengapa-pria-suka-ekspresi-orgasme-anda,No,Adult: Sexual content,Restricted ad serving,ca-pub-7784034061253020,54,2024-11-27,2024-12-02
makassar.tribunnews.com,Page,N/A,N/A,makassar.tribunnews.com/2015/01/22/beda-dengan-pria-wanita-langsung-mual-dan-muntah-jika-lihat-gambar-porno,No,Adult: Sexual content,Restricted ad serving,ca-pub-7784034061253020,54,2024-11-27,2024-12-02
m.tribunnews.com,Page,N/A,N/A,m.tribunnews.com/pendidikan/2020/12/21/kunci-jawaban-tema-5-kelas-6-sd-halaman-148-149-150-dan-151-tematik-subtema-3-pembelajaran-3?page=2,No,Adult: Sexual content,Restricted ad serving,ca-pub-7784034061253020,54,2024-12-01,2024-12-01
m.tribunnews.com,Page,N/A,N/A,m.tribunnews.com/lifestyle/2017/10/13/percaya-gak-percaya-ini-ciri-cewek-yang-sudah-enggak-perawan,No,Adult: Sexual content,Restricted ad serving,ca-pub-7784034061253020,54,2024-11-27,2024-12-01
jakarta.tribunnews.com,Page,N/A,N/A,jakarta.tribunnews.com/2024/10/20/beda-sikap-agus-korban-penyiraman-air-keras-ke-pratiwi-noviyanthi-di-depan-sampai-nangis-minta-maaf,No,Adult: Sexual content,Restricted ad serving,ca-pub-7784034061253020,54,2024-12-01,2024-12-01
belitung.tribunnews.com,Page,N/A,N/A,belitung.tribunnews.com/2017/12/21/miliki-mr-p-terbesar-di-dunia-dan-ingin-jadi-bintang-film-panas-ternyata-roberto-malah-derita-ini,No,Adult: Sexual content,Restricted ad serving,ca-pub-7784034061253020,54,2024-11-27,2024-12-02
bangka.tribunnews.com,Page,N/A,N/A,bangka.tribunnews.com/2017/05/03/tertarik-bentuknya-yang-putih-payudara-wanita-jepang-ini-diremas-secara-bergiliran-suku-ini,No,Adult: Sexual content,Restricted ad serving,ca-pub-7784034061253020,54,2024-11-27,2024-12-02
www.tribunnews.com,Page,N/A,N/A,www.tribunnews.com/regional/2024/12/02/keluarga-siswa-smk-di-semarang-yang-ditembak-polisi-tuntut-nama-baik-korban-dikembalikan?page=2,No,Adult: Sexual content,Restricted ad serving,ca-pub-7784034061253020,53,2024-12-02,2024-12-02
www.tribunnews.com,Page,N/A,N/A,www.tribunnews.com/kesehatan/2014/12/13/bibir-miss-v-yang-bergelambir-picu-keputihan-ini-cara-mengatasinya,No,Adult: Sexual content,Restricted ad serving,ca-pub-7784034061253020,53,2024-11-28,2024-12-02
www.tribunnews.com,Page,N/A,N/A,www.tribunnews.com/kesehatan/2014/05/22/pijat-refleksi-buyarkan-sumbatan-kristal-di-bawah-kulit-badan-pun-terasa-segar,No,Shocking content,Restricted ad serving,ca-pub-7784034061253020,53,2024-11-27,2024-12-02
www.tribunnews.com,Page,N/A,N/A,www.tribunnews.com/internasional/2019/11/29/perilaku-seks-menyimpang-pasangan-ditampar-dan-diludahi-saat-berhubungan-intim,No,Adult: Sexual content,Restricted ad serving,ca-pub-7784034061253020,53,2024-11-29,2024-12-03
suryamalang.tribunnews.com,Page,N/A,N/A,suryamalang.tribunnews.com/2018/02/05/wanita-diperkosa-di-pinggir-jalan-tapi-kelakuan-orang-sekitar-bikin-ngelus-dada-ada-yang-merekam,No,Adult: Sexual content,Restricted ad serving,ca-pub-7784034061253020,53,2024-12-02,2024-12-02
pontianak.tribunnews.com,Page,N/A,N/A,pontianak.tribunnews.com/2018/01/27/ciri-ciri-wanita-bernafsu-tinggi-beberapa-ada-yang-sering-kamu-jumpai?page=all,No,Adult: Sexual content,Restricted ad serving,ca-pub-7784034061253020,53,2024-11-27,2024-12-01
pekanbaru.tribunnews.com,Page,N/A,N/A,pekanbaru.tribunnews.com/2023/06/13/syakirah-viral-twitter-dan-link-video-viral-durasi-2-menit-dan-24-video-dicari,No,Adult: Sexual content,Restricted ad serving,ca-pub-7784034061253020,53,2024-12-02,2024-12-02
makassar.tribunnews.com,Page,N/A,N/A,makassar.tribunnews.com/2021/09/22/tanda-tanda-seorang-wanita-tak-perawan-6-bentuk-fisik-ini-bisa-jadi-penanda,No,Adult: Sexual content,Restricted ad serving,ca-pub-7784034061253020,53,2024-12-01,2024-12-01
jambi.tribunnews.com,Page,N/A,N/A,jambi.tribunnews.com/2017/08/29/beginilah-gambar-4d-orang-saat-berhubungan-seks-ilmuwan-menemukan-rekaman-video-yang-menarik?page=2,No,Adult: Sexual content,Restricted ad serving,ca-pub-7784034061253020,53,2024-11-27,2024-12-02
jabar.tribunnews.com,Page,N/A,N/A,jabar.tribunnews.com/2024/12/02/bentrok-pendukung-sepak-bola-di-guinea-berujung-tragedi-sekitar-100-orang-tewas-rs-penuh-mayat?page=3,No,Adult: Sexual content,Restricted ad serving,ca-pub-7784034061253020,53,2024-12-01,2024-12-01
bangka.tribunnews.com,Page,N/A,N/A,bangka.tribunnews.com/2018/01/05/direkam-di-kota-bandung-video-porno-2-bocah-wanita-dewasa-ini-ternyata-berisi-adegan-threesome,No,Adult: Sexual content;Shocking content,Restricted ad serving,ca-pub-7784034061253020,53,2024-11-27,2024-12-02
bangka.tribunnews.com,Page,N/A,N/A,bangka.tribunnews.com/2017/05/13/teganya-perawat-puskesmas-selfie-ramai-ramai-berlatar-korban-sekarat,No,Shocking content,Restricted ad serving,ca-pub-7784034061253020,53,2024-12-01,2024-12-01
bali.tribunnews.com,Page,N/A,N/A,bali.tribunnews.com/2017/03/03/menguak-resep-obat-rahasia-keperkasaan-pria-arab-yang-biasa-jadi-oleh-oleh,No,Adult: Sexual content,Restricted ad serving,ca-pub-7784034061253020,53,2024-11-28,2024-12-01
www.tribunnews.com,Page,N/A,N/A,www.tribunnews.com/regional/2024/12/03/kronologis-suami-di-pangkalpinang-bunuh-istri-dan-anak-pelaku-main-judi-online-dan-tenggak-racun?page=2,No,Adult: Sexual content,Restricted ad serving,ca-pub-7784034061253020,52,2024-12-02,2024-12-02
www.tribunnews.com,Page,N/A,N/A,www.tribunnews.com/regional/2024/12/03/aipda-robig-letuskan-4-tembakan-ke-siswa-smk-kapolrestabes-semarang-minta-maaf-akui-anggota-teledor?page=3,No,Adult: Sexual content,Restricted ad serving,ca-pub-7784034061253020,52,2024-12-02,2024-12-02
www.tribunnews.com,Page,N/A,N/A,www.tribunnews.com/regional/2024/12/02/modus-pemilik-ponpes-di-serang-cabuli-santriwati-hingga-hamil-minta-dipijat-dan-pengobatan?page=2,No,Adult: Sexual content,Restricted ad serving,ca-pub-7784034061253020,52,2024-12-02,2024-12-02
www.tribunnews.com,Page,N/A,N/A,www.tribunnews.com/regional/2024/12/02/keluarga-kantongi-video-detik-detik-polisi-tembak-siswa-smk-di-semarang-ungkap-kondisi-aipda-rz?page=4,No,Adult: Sexual content,Restricted ad serving,ca-pub-7784034061253020,52,2024-12-02,2024-12-02
www.tribunnews.com,Page,N/A,N/A,www.tribunnews.com/regional/2024/12/02/agus-bantah-rudapaksa-mahasiswi-saya-nggak-bisa-buka-celana-sendiri-bagaimana-bisa-melakukan?page=3,No,Adult: Sexual content,Restricted ad serving,ca-pub-7784034061253020,52,2024-12-02,2024-12-02
www.tribunnews.com,Page,N/A,N/A,www.tribunnews.com/regional/2024/12/02/3-kakak-kelas-terbukti-terlibat-dalam-bullying-yang-menewaskan-siswa-kelas-3-sd-di-subang?page=3,No,Adult: Sexual content,Restricted ad serving,ca-pub-7784034061253020,52,2024-12-02,2024-12-02
www.tribunnews.com,Page,N/A,N/A,www.tribunnews.com/internasional/2024/12/01/sandera-israel-frustasi-desak-netanyahu-dan-donald-trump-jangan-abaikan-kami-di-gaza?page=2,No,Shocking content,Restricted ad serving,ca-pub-7784034061253020,52,2024-12-01,2024-12-01
style.tribunnews.com,Page,N/A,N/A,style.tribunnews.com/2021/07/30/tontonan-dewasa-5-anime-18-ini-penuh-adegan-fanservice-jangan-nonton-bareng-anak-kecil?page=4,No,Adult: Sexual content,Restricted ad serving,ca-pub-7784034061253020,52,2024-12-02,2024-12-02
pontianak.tribunnews.com,Page,N/A,N/A,pontianak.tribunnews.com/2018/06/11/9-aktris-kategori-paling-hot-dan-super-seksi-total-saat-beradegan-panas,No,Adult: Sexual content,Restricted ad serving,ca-pub-7784034061253020,52,2024-12-02,2024-12-02
pontianak.tribunnews.com,Page,N/A,N/A,pontianak.tribunnews.com/2018/01/27/video-bokep-anak-sd-dan-wanita-dewasa-yang-viral-ini-ternyata-biaya-produksinya-bikin-melongo,No,Adult: Sexual content,Restricted ad serving,ca-pub-7784034061253020,52,2024-12-02,2024-12-02
pekanbaru.tribunnews.com,Page,N/A,N/A,pekanbaru.tribunnews.com/2022/07/06/inilah-kode-istilah-dalam-dunia-prostitusi-michat-st-lt-gh-exclude?page=2,No,Adult: Sexual content,Restricted ad serving,ca-pub-7784034061253020,52,2024-12-02,2024-12-02
palembang.tribunnews.com,Page,N/A,N/A,palembang.tribunnews.com/2017/07/07/heboh-setengah-bugil-nikita-mirzani-lakukan-hal-ini-dalam-kamar?page=all,No,Adult: Sexual content,Restricted ad serving,ca-pub-7784034061253020,52,2024-12-02,2024-12-02
palembang.tribunnews.com,Page,N/A,N/A,palembang.tribunnews.com/2016/02/22/hati-hati-penyakit-menular-seksual-psm-bisa-menjangkiti-semua-orang-meski-tidak-berhubungan,No,Adult: Sexual content,Restricted ad serving,ca-pub-7784034061253020,52,2024-11-29,2024-12-02
medan.tribunnews.com,Page,N/A,N/A,medan.tribunnews.com/2020/09/19/deretan-foto-foto-seksi-berliana-lovell-yang-bikin-lelaki-salah-fokus-hingga-cenat-cenut?page=all,No,Adult: Sexual content,Restricted ad serving,ca-pub-7784034061253020,52,2024-12-01,2024-12-01
medan.tribunnews.com,Page,N/A,N/A,medan.tribunnews.com/2020/07/07/harga-relatif-stabil-pisang-jadi-komoditas-alternatif-,No,Adult: Sexual content,Restricted ad serving,ca-pub-7784034061253020,52,2024-12-01,2024-12-01
medan.tribunnews.com,Page,N/A,N/A,medan.tribunnews.com/2017/07/02/sajikan-ayam-goreng-mirip-kelamin-laki-laki-wanita-ini-minta-ganti-rugi,No,Adult: Sexual content,Restricted ad serving,ca-pub-7784034061253020,52,2024-11-27,2024-12-02
makassar.tribunnews.com,Page,N/A,N/A,makassar.tribunnews.com/2020/06/30/23-link-nonton-online-streaming-film-dewasa-dan-film-anak-film-india-drama-korea-serial-barat,Yes,Ads Disguised as Content,Restricted ad serving,ca-pub-7784034061253020,52,2024-11-27,2024-12-02
m.tribunnews.com,Page,N/A,N/A,m.tribunnews.com/regional/2024/11/19/mahasiswi-unhas-diduga-dilecehkan-oknum-dosen-fib-sempat-dikira-halu-hingga-terduga-pelaku-disanksi,No,Shocking content,Restricted ad serving,ca-pub-7784034061253020,52,2024-12-01,2024-12-01
kupang.tribunnews.com,Page,N/A,N/A,kupang.tribunnews.com/2019/07/18/terlihat-sangat-perkasaternyata-ini-cara-aktor-film-porno-menjaga-ereksinya-bertahan-sepanjang-film?page=2,No,Adult: Sexual content,Restricted ad serving,ca-pub-7784034061253020,52,2024-11-27,2024-12-02
kupang.tribunnews.com,Page,N/A,N/A,kupang.tribunnews.com/2014/02/03/ciuam-area-paha-bangkitkan-gairah-perempuan,No,Adult: Sexual content,Restricted ad serving,ca-pub-7784034061253020,52,2024-11-28,2024-12-02
jogja.tribunnews.com,Page,N/A,N/A,jogja.tribunnews.com/2021/10/20/penjelasan-apa-itu-mimpi-basah-yang-sebenarnya-dan-apa-penyebabnya,No,Adult: Sexual content,Restricted ad serving,ca-pub-7784034061253020,52,2024-12-02,2024-12-02
jogja.tribunnews.com,Page,N/A,N/A,jogja.tribunnews.com/2018/04/08/kisah-jasad-abadi-hannelore-schmatz-pendaki-everest-wanita-pertama-yang-temui-ajal-di-zona-maut,No,Shocking content,Restricted ad serving,ca-pub-7784034061253020,52,2024-11-28,2024-12-01
jabar.tribunnews.com,Page,N/A,N/A,jabar.tribunnews.com/2024/12/02/ternyata-akp-dadang-ancam-tembak-polisi-lain-usai-habisi-akp-ryanto-ulil-awas-ya-kalau-nangkap-saya?source=widgetArtikelRekomendasi&engine=JXA,No,Adult: Sexual content,Restricted ad serving,ca-pub-7784034061253020,52,2024-12-01,2024-12-01
jabar.tribunnews.com,Page,N/A,N/A,jabar.tribunnews.com/2024/12/02/sosok-syahnaz-sadiqah-calon-ketua-tp-pkk-kabupaten-bandung-barat-jika-jeje-menang-pilkada-2024?page=2,No,Adult: Sexual content,Restricted ad serving,ca-pub-7784034061253020,52,2024-12-01,2024-12-01
jabar.tribunnews.com,Page,N/A,N/A,jabar.tribunnews.com/2024/12/02/simak-ini-fenomena-astronomi-yang-bakal-terjadi-sepanjang-2025?source=widgetArtikelRekomendasi&engine=JXA,No,Adult: Sexual content,Restricted ad serving,ca-pub-7784034061253020,52,2024-12-02,2024-12-02
jabar.tribunnews.com,Page,N/A,N/A,jabar.tribunnews.com/2024/12/02/siap-siap-kelas-menengah-juga-akan-dapat-bansos-sedang-digodok-pemerintah?source=widgetArtikelRekomendasi&engine=JXA,No,Adult: Sexual content,Restricted ad serving,ca-pub-7784034061253020,52,2024-12-02,2024-12-02
jabar.tribunnews.com,Page,N/A,N/A,jabar.tribunnews.com/2024/12/02/penemuan-mayat-di-pasir-pantai-pulau-tidung-kepulauan-seribu-kenakan-kaos-smp-negeri-cibadak?source=widgetArtikelRekomendasi&engine=JXA,No,Adult: Sexual content,Restricted ad serving,ca-pub-7784034061253020,52,2024-12-01,2024-12-01
jabar.tribunnews.com,Page,N/A,N/A,jabar.tribunnews.com/2024/12/02/pembunuhan-sadis-di-madura-mahasiswi-utm-dibakar-pacar-karena-hamil-pelaku-ogah-tanggung-jawab?source=widgetArtikelRekomendasi&engine=JXA,No,Adult: Sexual content,Restricted ad serving,ca-pub-7784034061253020,52,2024-12-02,2024-12-02
jabar.tribunnews.com,Page,N/A,N/A,jabar.tribunnews.com/2024/12/02/kronologi-agus-dituduh-perkosa-mahasiswi-pemuda-disabilitas-beber-pembelaan-ngaku-disuruh-korban?page=3,No,Adult: Sexual content,Restricted ad serving,ca-pub-7784034061253020,52,2024-12-01,2024-12-01
jabar.tribunnews.com,Page,N/A,N/A,jabar.tribunnews.com/2024/12/02/kasus-anak-bunuh-ayah-kembali-terjadi-marbot-masjid-di-ponorogo-dihabisi-anak-cekcok-soal-makanan?page=2,No,Adult: Sexual content,Restricted ad serving,ca-pub-7784034061253020,52,2024-12-01,2024-12-01
jabar.tribunnews.com,Page,N/A,N/A,jabar.tribunnews.com/2024/12/02/jne-rayakan-34-tahun-dengan-semangat-melesat-sat-set,No,Adult: Sexual content,Restricted ad serving,ca-pub-7784034061253020,52,2024-12-01,2024-12-01
jabar.tribunnews.com,Page,N/A,N/A,jabar.tribunnews.com/2024/12/02/ahli-waris-kpps-di-majalengka-yang-meninggal-saat-pilkada-serentak-2024-terima-santunan?source=widgetArtikelRekomendasi&engine=JXA,No,Adult: Sexual content,Restricted ad serving,ca-pub-7784034061253020,52,2024-12-01,2024-12-01
cirebon.tribunnews.com,Page,N/A,N/A,cirebon.tribunnews.com/2019/12/31/video-ganti-baju-shinta-bachir-sempat-menghebohkan-publik-begini-tanggapan-artis-cantik-itu,No,Shocking content,Restricted ad serving,ca-pub-7784034061253020,52,2024-11-27,2024-12-01
belitung.tribunnews.com,Page,N/A,N/A,belitung.tribunnews.com/2024/12/02/polisi-heran-siswa-sd-ini-tak-makan-siang-gratis-di-kelas-ternyata-ada-kisah-haru-di-baliknya?engine=JXA,No,Adult: Sexual content,Restricted ad serving,ca-pub-7784034061253020,52,2024-12-01,2024-12-01
belitung.tribunnews.com,Page,N/A,N/A,belitung.tribunnews.com/2024/12/02/angka-partisipasi-pemilih-pilkada-serentak-2024-di-babel-belitung-timur-tertinggi?engine=JXA,No,Adult: Sexual content,Restricted ad serving,ca-pub-7784034061253020,52,2024-12-01,2024-12-01
belitung.tribunnews.com,Page,N/A,N/A,belitung.tribunnews.com/2016/05/16/ternyata-ini-alasan-pelaku-habisi-enno-gunakan-gagang-cangkul-dimasukkan-waktu-korban-masih-hidup,No,Shocking content,Restricted ad serving,ca-pub-7784034061253020,52,2024-11-27,2024-12-02
banjarmasin.tribunnews.com,Page,N/A,N/A,banjarmasin.tribunnews.com/2015/04/25/info-pdam-lewat-website,No,Adult: Sexual content,Restricted ad serving,ca-pub-7784034061253020,52,2024-12-02,2024-12-02
bangka.tribunnews.com,Page,N/A,N/A,bangka.tribunnews.com/2021/12/05/kisah-cinta-terlarang-paman-dan-ponakan-yang-masih-sma-bibi-urus-seperti-anak-sendiri,Yes,Modified ad code: Resizing Ad Frames,Restricted ad serving,ca-pub-7784034061253020,52,2024-11-28,2024-12-02
bangka.tribunnews.com,Page,N/A,N/A,bangka.tribunnews.com/2021/05/24/mengejutkan-mantan-idol-cantik-ini-pilih-jadi-bintang-film-dewasa-alasannya-bikin-ngelus-dada?page=all,No,Content obscuring Google-served ads,Restricted ad serving,ca-pub-7784034061253020,52,2024-11-29,2024-12-02
www.tribunnews.com,Page,N/A,N/A,www.tribunnews.com/seleb/2018/02/21/wow-5-bintang-porno-berotak-jenius-bahkan-ada-yang-nyaris-menyamai-einstein,No,Adult: Sexual content,Restricted ad serving,ca-pub-7784034061253020,51,2024-11-27,2024-12-02
www.tribunnews.com,Page,N/A,N/A,www.tribunnews.com/regional/2024/12/03/viral-warga-langkat-mancing-lele-di-kubangan-wujud-aksi-protes-jalan-rusak-dinas-pupr-beri-respons?page=2,No,Adult: Sexual content,Restricted ad serving,ca-pub-7784034061253020,51,2024-12-02,2024-12-02
www.tribunnews.com,Page,N/A,N/A,www.tribunnews.com/internasional/2015/07/11/ini-dia-10-negara-dengan-budaya-seks-paling-bebas,No,Adult: Sexual content,Restricted ad serving,ca-pub-7784034061253020,51,2024-11-27,2024-12-02
sumsel.tribunnews.com,Page,N/A,N/A,sumsel.tribunnews.com/2021/04/23/lirik-dan-arti-lagu-she-going-ham-on-my-tonight-viral-di-tiktok-dick-starboi3-feat-doja-cat,Yes,Ads Disguised as Content,Restricted ad serving,ca-pub-7784034061253020,51,2024-11-27,2024-12-03
style.tribunnews.com,Page,N/A,N/A,style.tribunnews.com/2023/02/08/5-anime-yang-penuh-dengan-adegan-panas-17-ada-yosuga-no-sora-waspada-bocil-dilarang-nonton?page=2,No,Adult: Sexual content,Restricted ad serving,ca-pub-7784034061253020,51,2024-12-02,2024-12-02
pontianak.tribunnews.com,Page,N/A,N/A,pontianak.tribunnews.com/2019/04/16/daftar-kode-pos-pontianak-timur,Yes,Encouraging accidental clicks: Layout;Google-served ads obscuring content,Restricted ad serving,ca-pub-7784034061253020,51,2024-11-28,2024-12-01
medan.tribunnews.com,Page,N/A,N/A,medan.tribunnews.com/2021/05/07/anak-9-tahun-alami-pendarahan-parah-di-kepala-usai-dijambak-gurutengkorak-dan-kulit-kepala-terpisah,Yes,Ads Disguised as Content;Shocking content,Restricted ad serving,ca-pub-7784034061253020,51,2024-12-01,2024-12-01
makassar.tribunnews.com,Page,N/A,N/A,makassar.tribunnews.com/2021/02/26/apa-itu-sexual-assault-berikut-penjelasan-jenis-jenis-dan-efek-serta-pencegahan,No,Google-served ads obscuring content,Restricted ad serving,ca-pub-7784034061253020,51,2024-11-27,2024-12-02
makassar.tribunnews.com,Page,N/A,N/A,makassar.tribunnews.com/2020/11/07/video-panas-19-detik-mirip-gisella-anastasia-netter-temukan-kemiripan-dengan-isi-kamar-gisel,Yes,Ads Disguised as Content,Restricted ad serving,ca-pub-7784034061253020,51,2024-11-27,2024-12-02
jogja.tribunnews.com,Page,N/A,N/A,jogja.tribunnews.com/2017/09/24/5-cara-mencapai-orgasme-tanpa-penetrasi-nomor-4-dan-5-mungkin-perlu-dicoba,No,Adult: Sexual content,Restricted ad serving,ca-pub-7784034061253020,51,2024-11-28,2024-12-02
jogja.tribunnews.com,Page,N/A,N/A,jogja.tribunnews.com/2016/08/31/suka-doggy-style-spooning-atau-standing-gaya-favorit-ternyata-ungkap-karaktermu,No,Adult: Sexual content,Restricted ad serving,ca-pub-7784034061253020,51,2024-12-01,2024-12-03
jambi.tribunnews.com,Page,N/A,N/A,jambi.tribunnews.com/2021/01/16/arti-mimpi-mesum-dengan-tetangga-sahabat-hingga-mantan-ada-kabar-misterius-cek-di-sini?page=all,No,Adult: Sexual content,Restricted ad serving,ca-pub-7784034061253020,51,2024-12-01,2024-12-01
jambi.tribunnews.com,Page,N/A,N/A,jambi.tribunnews.com/2020/11/07/video-blak-blakan-kakek-sugiono-bongkar-rahasia-lawan-main-ketagihan-telur-dikonsumsi-cara-ini,Yes,Ads Disguised as Content,Restricted ad serving,ca-pub-7784034061253020,51,2024-11-27,2024-12-02
jabar.tribunnews.com,Page,N/A,N/A,jabar.tribunnews.com/2024/12/02/umuh-muchtar-yakin-persib-bandung-bakal-menang-lawan-zhejiang-fc-dan-berharap-lion-city-sailors-keok,No,Adult: Sexual content,Restricted ad serving,ca-pub-7784034061253020,51,2024-12-01,2024-12-01
belitung.tribunnews.com,Page,N/A,N/A,belitung.tribunnews.com/2024/12/02/angka-partisipasi-pemilih-pilkada-serentak-2024-di-babel-belitung-timur-tertinggi,No,Adult: Sexual content,Restricted ad serving,ca-pub-7784034061253020,51,2024-12-01,2024-12-01
bangka.tribunnews.com,Page,N/A,N/A,bangka.tribunnews.com/2020/08/07/waspada-inilah-10-dampak-buruk-buat-pria-yang-sering-keluarkan-air-mani-wajib-baca,No,Adult: Sexual content,Restricted ad serving,ca-pub-7784034061253020,51,2024-12-01,2024-12-01
bangka.tribunnews.com,Page,N/A,N/A,bangka.tribunnews.com/2017/12/21/ini-dia-ciri-orang-yang-mudah-dan-sulit-kena-gendam-begini-cara-mengujinya,Yes,Encouraging accidental clicks: Layout;Google-served ads obscuring content,Restricted ad serving,ca-pub-7784034061253020,51,2024-11-27,2024-12-02
bali.tribunnews.com,Page,N/A,N/A,bali.tribunnews.com/2016/08/21/video-gadis-cantik-ini-jadi-viral-usai-lupa-matikan-kamera-saat-esek-esek?page=3,No,Adult: Sexual content,Restricted ad serving,ca-pub-7784034061253020,51,2024-12-02,2024-12-02
aceh.tribunnews.com,Page,N/A,N/A,aceh.tribunnews.com/2022/11/25/kering-saat-bercinta-ternyata-ini-pelumas-miss-v-anti-kanker-cukup-pakai-bahan-alami-kata-dr-boyke,No,Adult: Sexual content,Restricted ad serving,ca-pub-7784034061253020,51,2024-12-02,2024-12-02
medan.tribunnews.com,Page,N/A,N/A,medan.tribunnews.com/news/internasional,Yes,Encouraging accidental clicks: Layout;Google-served ads obscuring content,Restricted ad serving,ca-pub-7784034061253020,50,2024-11-27,2024-12-03
medan.tribunnews.com,Page,N/A,N/A,medan.tribunnews.com/2019/04/06/heboh-siswi-smp-kecanduan-seks-simak-5-ciri-ciri-wanita-abg-memiliki-kecanduan-hubungan-intim,No,Shocking content,Restricted ad serving,ca-pub-7784034061253020,50,2024-11-27,2024-12-03
medan.tribunnews.com,Page,N/A,N/A,medan.tribunnews.com/2017/11/10/kisah-cewek-yang-selalu-terangsang-dan-ingin-intim-dengan-pria-setiap-saat-ini-fakta-sebenarnya,No,Adult: Sexual content,Restricted ad serving,ca-pub-7784034061253020,50,2024-11-27,2024-12-02
makassar.tribunnews.com,Page,N/A,N/A,makassar.tribunnews.com/2020/05/21/inilah-kata-kata-yang-bikin-luna-maya-akhirnya-memaafkan-ariel-noah-gegara-video-syur-tersebar?page=4,No,Shocking content,Restricted ad serving,ca-pub-7784034061253020,50,2024-11-28,2024-12-01
m.tribunnews.com,Page,N/A,N/A,m.tribunnews.com/regional/2018/02/12/mayoritas-emak-emak-muda-dan-remaja-putri-pembeli-alat-bantu-seks-di-bali?page=2,No,Adult: Sexual content,Restricted ad serving,ca-pub-7784034061253020,50,2024-11-27,2024-12-02
belitung.tribunnews.com,Page,N/A,N/A,belitung.tribunnews.com/2018/10/04/fenomena-pergaulan-bebas-di-kalangan-pelajar-smp-mengejutkan-1-smp-12-siswinya-hamil,No,Shocking content,Restricted ad serving,ca-pub-7784034061253020,50,2024-11-29,2024-12-02
batam.tribunnews.com,Page,N/A,N/A,batam.tribunnews.com/2020/11/07/video-syur-mirip-gisel-viral-di-twitter-hingga-trending-tagar-gempi-skandal-juga-menyusul,Yes,Ads Disguised as Content,Restricted ad serving,ca-pub-7784034061253020,50,2024-11-27,2024-12-01
bangka.tribunnews.com,Page,N/A,N/A,bangka.tribunnews.com/2021/12/07/video-maria-vania-di-atas-ranjang-viral-sudah-ditonton-34-juta-kali,Yes,Ads Disguised as Content,Restricted ad serving,ca-pub-7784034061253020,50,2024-11-27,2024-12-01
sumsel.tribunnews.com,Page,N/A,N/A,sumsel.tribunnews.com/2016/07/01/wow-wanita-cantik-ini-lupa-nggak-pakai-celana-dalam-saat-belanja-di-mal,No,Google-served ads obscuring content,Restricted ad serving,ca-pub-7784034061253020,49,2024-11-29,2024-12-02
pontianak.tribunnews.com,Page,N/A,N/A,pontianak.tribunnews.com/2018/02/12/kesepian-wanita-ini-ketergantungan-alat-bantu-seks-awalnya-geli-lalu-terasa-begini,No,Adult: Sexual content,Restricted ad serving,ca-pub-7784034061253020,49,2024-11-30,2024-12-01
makassar.tribunnews.com,Page,N/A,N/A,makassar.tribunnews.com/2020/01/02/daftar-harga-rokok-yang-naik-tahun-2020-surya-16-djarum-76-marlboro-sampoerna-cara-berhenti,No,Tobacco,Restricted ad serving,ca-pub-7784034061253020,49,2024-11-28,2024-12-02
makassar.tribunnews.com,Page,N/A,N/A,makassar.tribunnews.com/2016/11/26/rugi-kalau-tak-tahu-inilah-arti-bo-st-lt-di-ucapan-terima-kasih-psk-kepada-anji-drive?page=4,No,Adult: Sexual content,Restricted ad serving,ca-pub-7784034061253020,49,2024-11-27,2024-12-01
jogja.tribunnews.com,Page,N/A,N/A,jogja.tribunnews.com/2017/04/08/ingin-sperma-tidak-tumpah-dari-ms-v-pascaejakulasi-lakukan-7-trik-ini,No,Adult: Sexual content,Restricted ad serving,ca-pub-7784034061253020,49,2024-11-27,2024-12-02
cirebon.tribunnews.com,Page,N/A,N/A,cirebon.tribunnews.com/2019/10/17/beredar-luas-foto-pamela-safitri-tak-pakai-busana-hingga-terlihat-seluruh-dalaman-tubuhnya,No,Adult: Sexual content,Restricted ad serving,ca-pub-7784034061253020,49,2024-11-27,2024-12-02
batam.tribunnews.com,Page,N/A,N/A,batam.tribunnews.com/2021/08/10/waktu-qobliyah-subuh-yang-diperbolehkan-setelah-atau-sebelum-adzan-subuh,Yes,Content obscuring Google-served ads;Encouraging accidental clicks: Layout,Restricted ad serving,ca-pub-7784034061253020,49,2024-11-29,2024-12-02
bangka.tribunnews.com,Page,N/A,N/A,bangka.tribunnews.com/2020/12/16/hati-hati-modus-baru-wanita-tanpa-busana-video-call-pakai-aplikasi-whatsapp-nelayan-diperas,Yes,Encouraging accidental clicks: Layout,Restricted ad serving,ca-pub-7784034061253020,49,2024-11-27,2024-12-02
www.tribunnews.com,Page,N/A,N/A,www.tribunnews.com/regional/2018/04/19/praktik-pijat-plus-plus-di-banjarmasin-pesan-pakai-hp-dijamin-aman-aparat-pun-kesulitan-mengusut,No,Adult: Sexual content,Restricted ad serving,ca-pub-7784034061253020,48,2024-11-27,2024-12-02
suryamalang.tribunnews.com,Page,N/A,N/A,suryamalang.tribunnews.com/2017/07/21/perempuan-ini-punya-bentuk-dada-yang-montok-tapi-curhatannya-soal-payudaranya-bikin-heran?page=all,No,Adult: Sexual content,Restricted ad serving,ca-pub-7784034061253020,48,2024-11-27,2024-12-02
style.tribunnews.com,Page,N/A,N/A,style.tribunnews.com/2017/08/02/6-ciri-wanita-sudah-tak-perawan-mulai-hidung-mata-payudara-hingga-bentuk-punggung?page=3,No,Adult: Sexual content,Restricted ad serving,ca-pub-7784034061253020,48,2024-11-27,2024-12-02
palembang.tribunnews.com,Page,N/A,N/A,palembang.tribunnews.com/2018/02/09/dilukis-tanpa-busana-dalam-film-titanicbeginilah-penyesalan-kate-winslet-yang-lama-terpendam?page=all,No,Adult: Sexual content,Restricted ad serving,ca-pub-7784034061253020,48,2024-11-27,2024-12-01
palembang.tribunnews.com,Page,N/A,N/A,palembang.tribunnews.com/2017/11/12/menyesal-pernah-bugil-dan-lakukan-adegal-panas-di-film-6-artis-ini-minta-maaf?page=4,No,Adult: Sexual content,Restricted ad serving,ca-pub-7784034061253020,48,2024-11-27,2024-12-02
medan.tribunnews.com,Page,N/A,N/A,medan.tribunnews.com/2019/10/24/adegan-panasnya-bersama-zack-lee-viral-alexandra-gottardo-sebut-sudah-basi,No,Shocking content,Restricted ad serving,ca-pub-7784034061253020,48,2024-11-27,2024-12-02
manado.tribunnews.com,Page,N/A,N/A,manado.tribunnews.com/2022/11/10/viral-video-dewasa-selebgram-bali-main-di-sofa-durasi-2-menit-14-detik-kini-terungkap-pemeran-asli,Yes,Ads Disguised as Content,Restricted ad serving,ca-pub-7784034061253020,48,2024-11-27,2024-12-02
makassar.tribunnews.com,Page,N/A,N/A,makassar.tribunnews.com/2019/10/11/karena-sudah-keseringan-adik-kandung-ajak-duluan-kakak-berhubungan-badan-layaknya-suami-istri?page=3,No,Adult: Sexual content,Restricted ad serving,ca-pub-7784034061253020,48,2024-11-28,2024-12-02
m.tribunnews.com,Page,N/A,N/A,m.tribunnews.com/pendidikan/2021/07/31/kunci-jawaban-tema-1-kelas-2-sd-halaman-170-171-172-173-174-177-178-dan-179-subtema-4?page=2,Yes,Unnatural attention to ads,Restricted ad serving,ca-pub-7784034061253020,48,2024-11-28,2024-12-01
jogja.tribunnews.com,Page,N/A,N/A,jogja.tribunnews.com/2017/10/06/bermodal-tubuh-padat-berisi-cewek-ini-justru-jadi-model-sensasional-di-internet,Yes,Site Behavior: Navigation,Restricted ad serving,ca-pub-7784034061253020,48,2024-11-27,2024-12-02
jambi.tribunnews.com,Page,N/A,N/A,jambi.tribunnews.com/2016/08/21/gamer-cantik-ini-ketahuan-mesum-gara-gara-lupa-matikan-kamera-video,No,Adult: Sexual content,Restricted ad serving,ca-pub-7784034061253020,48,2024-11-28,2024-12-02
banjarmasin.tribunnews.com,Page,N/A,N/A,banjarmasin.tribunnews.com/2021/01/07/foto-dan-video-syur-nikita-mirzani-boleh-ditonton-publik-nyai-beri-syarat,Yes,Google-served ads obscuring content;Modified Javascript: Ads by Google size,Restricted ad serving,ca-pub-7784034061253020,48,2024-11-27,2024-12-02
bangka.tribunnews.com,Page,N/A,N/A,bangka.tribunnews.com/2015/01/16/mayra-hills-pecahkan-rekor-dunia-payudara-terbesar,No,Adult: Sexual content,Restricted ad serving,ca-pub-7784034061253020,48,2024-11-29,2024-12-02
www.tribunnews.com,Page,N/A,N/A,www.tribunnews.com/seleb/2017/10/20/total-4-artis-ini-tak-sungkan-beradegan-intim-di-film-tapi-malah-ada-yang-melakukannya-beneran,No,Adult: Sexual content,Restricted ad serving,ca-pub-7784034061253020,47,2024-11-28,2024-12-02
www.tribunnews.com,Page,N/A,N/A,www.tribunnews.com/pendidikan/2021/10/11/kunci-jawaban-buku-tematik-kelas-4-sd-tema-4-halaman-45-dan-46-subtema-1-pembelajaran-6,Yes,Modified ad code: Resizing Ad Frames,Restricted ad serving,ca-pub-7784034061253020,47,2024-11-27,2024-12-02
wartakota.tribunnews.com,Page,N/A,N/A,wartakota.tribunnews.com/2015/05/21/sentuhlah-bagian-wanita-yang-satu-ini-buat-mereka-ketagihan,No,Adult: Sexual content,Restricted ad serving,ca-pub-7784034061253020,47,2024-11-27,2024-12-02
surabaya.tribunnews.com,Page,N/A,N/A,surabaya.tribunnews.com/2019/05/28/viral-video-panas-siswi-smp-banyuwangi-wajah-pemain-jadi-meme-di-instagram-ig,No,Shocking content,Restricted ad serving,ca-pub-7784034061253020,47,2024-11-29,2024-12-02
pontianak.tribunnews.com,Page,N/A,N/A,pontianak.tribunnews.com/2017/10/21/payudara-terasa-sakit-saat-menstruasi-ini-solusinya,No,Adult: Sexual content,Restricted ad serving,ca-pub-7784034061253020,47,2024-11-27,2024-12-01
jateng.tribunnews.com,Page,N/A,N/A,jateng.tribunnews.com/2018/02/03/ngeri-wanita-ini-diberi-obat-perangsang-oleh-pacarnya-efeknya-sungguh-mengerikan,No,Adult: Sexual content,Restricted ad serving,ca-pub-7784034061253020,47,2024-11-27,2024-12-02
bali.tribunnews.com,Page,N/A,N/A,bali.tribunnews.com/2017/07/08/intip-aksi-nikita-mirzani-pamer-dada-netizen-heboh?page=all,No,Google-served ads obscuring content,Restricted ad serving,ca-pub-7784034061253020,47,2024-11-29,2024-12-02
www.tribunnews.com,Page,N/A,N/A,www.tribunnews.com/seleb/2015/12/11/artis-porno-mahal-jepang-punya-tarif-sekitar-10-juta-yen-sekali-main-film,No,Adult: Sexual content,Restricted ad serving,ca-pub-7784034061253020,46,2024-11-27,2024-12-02
www.tribunnews.com,Page,N/A,N/A,www.tribunnews.com/regional/2017/05/30/geliat-kaum-gay-semarang-tempat-nongkrong-hingga-kucing,No,Adult: Sexual content,Restricted ad serving,ca-pub-7784034061253020,46,2024-11-27,2024-12-02
suryamalang.tribunnews.com,Page,N/A,N/A,suryamalang.tribunnews.com/2017/04/16/video-gadis-belia-bali-begituan-sama-bule-tersebar-direkam-mulai-cara-menemukan-hingga-adegan-panas,Yes,Encouraging accidental clicks: Layout,Restricted ad serving,ca-pub-7784034061253020,46,2024-12-01,2024-12-02
medan.tribunnews.com,Page,N/A,N/A,medan.tribunnews.com/2015/02/11/inilah-lima-tempat-prostitusi-teraneh-di-dunia,No,Adult: Sexual content,Restricted ad serving,ca-pub-7784034061253020,46,2024-11-28,2024-12-02
manado.tribunnews.com,Page,N/A,N/A,manado.tribunnews.com/2018/04/26/beredar-video-pengangkatan-larva-dari-kulit-anjing-penderita-trypophobia-jangan-berani-lihat,No,Shocking content,Restricted ad serving,ca-pub-7784034061253020,46,2024-11-27,2024-12-01
makassar.tribunnews.com,Page,N/A,N/A,makassar.tribunnews.com/2019/10/18/efek-tisu-magic-belum-habis-psk-cantik-minta-ridwan-yang-lagi-di-puncak-berhenti-akhirnya-tragis?page=2,No,Adult: Sexual content,Restricted ad serving,ca-pub-7784034061253020,46,2024-11-29,2024-12-02
kupang.tribunnews.com,Page,N/A,N/A,kupang.tribunnews.com/2014/11/12/miyabi-tampil-telanjang-lagi,Yes,Google-served ads obscuring content;Modified Javascript: Ads by Google size,Restricted ad serving,ca-pub-7784034061253020,46,2024-11-27,2024-12-02
jogja.tribunnews.com,Page,N/A,N/A,jogja.tribunnews.com/2017/08/25/beda-rasa-gak-sih-antaramr-p-yang-disunat-dan-tidak-ini-penjelasan-para-ahli,No,Adult: Sexual content,Restricted ad serving,ca-pub-7784034061253020,46,2024-11-27,2024-12-01
bengkulu.tribunnews.com,Page,N/A,N/A,bengkulu.tribunnews.com/2022/06/19/summertime-saga-mod-apk-v0300-terbaru-2022-bisa-buka-semua-kunci-karakter-dan-lokasi,No,Google-served ads obscuring content,Restricted ad serving,ca-pub-7784034061253020,46,2024-11-27,2024-12-02
banten.tribunnews.com,Page,N/A,N/A,banten.tribunnews.com/2022/08/20/viral-video-siswa-smp-di-cilegon-bully-dua-adik-kelasnya-ditampar-dan-ditendang-hingga-tersungkur,Yes,Ads Disguised as Content,Restricted ad serving,ca-pub-7784034061253020,46,2024-11-29,2024-12-01
banjarmasin.tribunnews.com,Page,N/A,N/A,banjarmasin.tribunnews.com/404,Yes,Adult: Sexual content;Google-served ads on screens without publisher-content,Restricted ad serving,ca-pub-7784034061253020,46,2024-11-27,2024-12-02
banjarmasin.tribunnews.com,Page,N/A,N/A,banjarmasin.tribunnews.com/2022/01/04/harga-naik-kini-rokok-murah-banyak-dicari,No,Shocking content,Restricted ad serving,ca-pub-7784034061253020,46,2024-11-29,2024-12-02
bangka.tribunnews.com,Page,N/A,N/A,bangka.tribunnews.com/2020/12/02/3-perbedaan-laki-laki-yang-disunat-dan-tidak-disunat-ternyata-bekasnya-paling-sensitif?page=3,No,Adult: Sexual content,Restricted ad serving,ca-pub-7784034061253020,46,2024-11-27,2024-12-02
aceh.tribunnews.com,Page,N/A,N/A,aceh.tribunnews.com/2020/11/15/youtuber-ini-selalu-berpakaian-terbuka-saat-bikin-video-alasannya-untuk-menarik-penonton?page=all,Yes,Ads Disguised as Content,Restricted ad serving,ca-pub-7784034061253020,46,2024-11-30,2024-12-02
palembang.tribunnews.com,Page,N/A,N/A,palembang.tribunnews.com/2017/11/12/menyesal-pernah-bugil-dan-lakukan-adegal-panas-di-film-6-artis-ini-minta-maaf,No,Adult: Sexual content,Restricted ad serving,ca-pub-7784034061253020,45,2024-11-27,2024-12-02
medan.tribunnews.com,Page,N/A,N/A,medan.tribunnews.com/2017/05/21/kisah-intim-nia-nikmat-membawa-sengsara-imbas-ladeni-penis-jumbo-suami,No,Adult: Sexual content,Restricted ad serving,ca-pub-7784034061253020,45,2024-11-30,2024-12-03
bogor.tribunnews.com,Page,N/A,N/A,bogor.tribunnews.com/2019/11/19/arti-mimpi-dioperasi-ternyata-jangan-dianggap-main-main,No,Shocking content,Restricted ad serving,ca-pub-7784034061253020,45,2024-11-27,2024-12-01
bali.tribunnews.com,Page,N/A,N/A,bali.tribunnews.com/2019/10/23/cara-minum-telur-bebek-mentah-agar-tidak-amis-berkhasiat-meningkatkan-gairah-suami-istri,No,Adult: Sexual content,Restricted ad serving,ca-pub-7784034061253020,45,2024-11-29,2024-12-01
bali.tribunnews.com,Page,N/A,N/A,bali.tribunnews.com/2017/08/11/jamur-ini-dipercaya-memicu-gairah-seksual-wanita-bisa-orgasme-spontan-ternyata-baunya-mirip-itu,No,Adult: Sexual content,Restricted ad serving,ca-pub-7784034061253020,45,2024-11-30,2024-12-02
bali.tribunnews.com,Page,N/A,N/A,bali.tribunnews.com/2017/08/08/risiko-seks-oral-bukan-sipilis-dan-hiv-namun-malah-memicu-kanker-lidah-dan-mulut-bagaimana-bisa?page=2,No,Google-served ads obscuring content,Restricted ad serving,ca-pub-7784034061253020,45,2024-11-28,2024-12-01
www.tribunnews.com,Page,N/A,N/A,www.tribunnews.com/regional/2013/08/23/pria-membeli-wanita-dalam-adat-nikahan-oku-selatan,No,Shocking content,Restricted ad serving,ca-pub-7784034061253020,44,2024-11-27,2024-12-02
www.tribunnews.com,Page,N/A,N/A,www.tribunnews.com/bisnis/2018/03/29/ini-dia-cerutu-rasa-kuba-made-in-jember-sudah-ekspor-ke-penjuru-dunia-lho,No,Tobacco,Restricted ad serving,ca-pub-7784034061253020,44,2024-11-27,2024-12-02
wartakota.tribunnews.com,Page,N/A,N/A,wartakota.tribunnews.com/2018/05/23/bocah-sd-usai-disunat-buktikan-kesaktian-kelaminnya-ke-siswi-smp-sampai-hamil,No,Adult: Sexual content,Restricted ad serving,ca-pub-7784034061253020,44,2024-11-28,2024-12-02
wartakota.tribunnews.com,Page,N/A,N/A,wartakota.tribunnews.com/2014/11/27/ingin-punya-anak-laki-laki-lakukan-posisi-ini,No,Adult: Sexual content,Restricted ad serving,ca-pub-7784034061253020,44,2024-11-28,2024-12-02
travel.tribunnews.com,Page,N/A,N/A,travel.tribunnews.com/2017/11/05/ngeri-tangan-pria-ini-menghitam-hingga-hampir-mati-setelah-digigit-kucing-begini-kronologinya,No,Shocking content,Restricted ad serving,ca-pub-7784034061253020,44,2024-12-01,2024-12-02
suryamalang.tribunnews.com,Page,N/A,N/A,suryamalang.tribunnews.com/2017/06/29/adegan-telanjang-artis-korea-selatan-tersebar-di-dunia-maya-tim-produksi-bicara-begini,Yes,Site Behavior: Navigation,Restricted ad serving,ca-pub-7784034061253020,44,2024-11-27,2024-12-01
pekanbaru.tribunnews.com,Page,N/A,N/A,pekanbaru.tribunnews.com/2022/10/24/boner-artinya-apa-apa-itu-boner-arti-boner-dan-boner-artinya-bahasa-gaul,Yes,Ads Disguised as Content,Restricted ad serving,ca-pub-7784034061253020,44,2024-11-27,2024-12-02
palembang.tribunnews.com,Page,N/A,N/A,palembang.tribunnews.com/2018/04/08/begini-cara-mengobati-bisul-dan-langkah-langkah-membersihkannya-setelah-pecah-sampai-tuntas,No,Shocking content,Restricted ad serving,ca-pub-7784034061253020,44,2024-11-27,2024-12-02
jogja.tribunnews.com,Page,N/A,N/A,jogja.tribunnews.com/2015/03/04/13-cm-adalah-ukuran-normal-alat-vital-lelaki,No,Adult: Sexual content,Restricted ad serving,ca-pub-7784034061253020,44,2024-11-27,2024-12-02
jambi.tribunnews.com,Page,N/A,N/A,jambi.tribunnews.com/2019/10/17/tak-pakai-busana-hingga-seluruh-dalaman-tubuhnya-kelihatan-foto-mirip-pamela-safitri-bikin-heboh,No,Adult: Sexual content,Restricted ad serving,ca-pub-7784034061253020,44,2024-11-27,2024-12-01
bogor.tribunnews.com,Page,N/A,N/A,bogor.tribunnews.com/2016/08/11/duh-ikuti-saran-dukun-ibu-lakukan-hubungan-intim-dengan-anaknya-sendiri-tujuannya-mengejutkan,No,Adult: Sexual content,Restricted ad serving,ca-pub-7784034061253020,44,2024-11-27,2024-12-02
aceh.tribunnews.com,Page,N/A,N/A,aceh.tribunnews.com/2024/02/06/curhat-istri-alami-hal-aneh-di-rumah-mertua-bra-dan-cd-ada-bercak-mani-suami-sebut-ulah-keponakan,No,Google-served ads obscuring content,Restricted ad serving,ca-pub-7784034061253020,44,2024-11-27,2024-12-02
www.tribunnews.com,Page,N/A,N/A,www.tribunnews.com/seleb/2017/09/15/7-bintang-film-porno-jepang-ini-pilih-tobat-begini-nasibnya-sekarang,No,Adult: Sexual content,Restricted ad serving,ca-pub-7784034061253020,43,2024-11-27,2024-12-02
sumsel.tribunnews.com,Page,N/A,N/A,sumsel.tribunnews.com/2018/02/07/sebentar-lagi-menikah-artis-cantik-ini-malah-sering-posting-foto-seksi-pose-bikininya-nggak-kuat,Yes,Ads Disguised as Content,Restricted ad serving,ca-pub-7784034061253020,43,2024-11-28,2024-12-02
style.tribunnews.com,Page,N/A,N/A,style.tribunnews.com/2017/04/15/terungkap-ini-rahasia-kakek-sugiono-artis-film-panas-tertua-jepang-bisa-tetap-fit-di-usia-lanjut,Yes,Site Behavior: Navigation,Restricted ad serving,ca-pub-7784034061253020,43,2024-11-27,2024-12-03
pekanbaru.tribunnews.com,Page,N/A,N/A,pekanbaru.tribunnews.com/2022/11/15/umur-18-tahun-jadi-artis-jav-sora-aoi-ungkap-bayaran-lebih-dari-maria-ozawa,Yes,Ads Disguised as Content,Restricted ad serving,ca-pub-7784034061253020,43,2024-11-28,2024-12-02
medan.tribunnews.com,Page,N/A,N/A,medan.tribunnews.com/2018/01/14/kumpulan-foto-foto-seksi-tyas-mirasih-dari-blak-blakan-urusan-ranjang-hingga-prostitusi-artis?page=all,Yes,Site Behavior: Navigation,Restricted ad serving,ca-pub-7784034061253020,43,2024-12-01,2024-12-02
manado.tribunnews.com,Page,N/A,N/A,manado.tribunnews.com/2018/01/06/pria-ini-ngaku-punya-mr-p-terpanjang-di-dunia-ternyata-ini-fakta-dibaliknya,No,Adult: Sexual content,Restricted ad serving,ca-pub-7784034061253020,43,2024-11-27,2024-12-02
makassar.tribunnews.com,Page,N/A,N/A,makassar.tribunnews.com/2021/03/03/ulama-muda-enrekang-sebut-ternyata-onani-atau-masturbasi-bisa-dilakukan-dalam-kondisi-tertentu,Yes,Ads Disguised as Content,Restricted ad serving,ca-pub-7784034061253020,43,2024-11-28,2024-12-01
jatim.tribunnews.com,Page,N/A,N/A,jatim.tribunnews.com/2017/05/19/10-foto-bugil-artis-yang-dipajang-di-cover-majalah-pria-tanpa-seijin-mereka-melotot-liat-posenya,No,Adult: Sexual content,Restricted ad serving,ca-pub-7784034061253020,43,2024-11-27,2024-12-02
jambi.tribunnews.com,Page,N/A,N/A,jambi.tribunnews.com/2015/11/22/tujuh-bentuk-penis-dan-karakter-pemiliknya-punya-kamu-menyerupai-yang-mana,No,Adult: Sexual content,Restricted ad serving,ca-pub-7784034061253020,43,2024-11-27,2024-12-02
jakarta.tribunnews.com,Page,N/A,N/A,jakarta.tribunnews.com/2023/03/10/kronologi-lengkap-pelajar-tewas-dibacok-di-bogor-terkuak-tangis-rintihan-sebelum-meregang-nyawa,No,Shocking content,Restricted ad serving,ca-pub-7784034061253020,43,2024-11-28,2024-12-01
belitung.tribunnews.com,Page,N/A,N/A,belitung.tribunnews.com/2016/10/28/pemuda-ini-nekat-bunuh-diri-secara-live-di-facebook-ini-pemicu-aksi-bunuh-dirinya?page=all,No,Shocking content,Restricted ad serving,ca-pub-7784034061253020,43,2024-11-27,2024-12-01
bangka.tribunnews.com,Page,N/A,N/A,bangka.tribunnews.com/2020/12/20/terlibat-cinta-lokasi-empat-pemain-film-dewasa-ini-pilih-menikah-dan-punya-anak-endingnya,Yes,Ads Disguised as Content,Restricted ad serving,ca-pub-7784034061253020,43,2024-11-27,2024-12-01
www.tribunnews.com,Page,N/A,N/A,www.tribunnews.com/regional/2018/08/10/ternyata-30-bapak-bapak-bapak-di-sikka-melakukan-hubungan-seks-sejenis,No,Adult: Sexual content,Restricted ad serving,ca-pub-7784034061253020,42,2024-11-28,2024-12-02
wartakota.tribunnews.com,Page,N/A,N/A,wartakota.tribunnews.com/2017/04/14/inilah-pria-pemeran-film-porno-tertua-di-dunia-buka-rahasia-untuk-menjaga-stamina,No,Adult: Sexual content,Restricted ad serving,ca-pub-7784034061253020,42,2024-11-28,2024-12-01
suryamalang.tribunnews.com,Page,N/A,N/A,suryamalang.tribunnews.com/2019/05/13/video-viral-gadis-abg-buka-baju-saat-sahur-on-the-road-sambil-kebut-kebutan-ini-identitas-si-pelaku,No,Adult: Sexual content,Restricted ad serving,ca-pub-7784034061253020,42,2024-11-29,2024-12-02
solo.tribunnews.com,Page,N/A,N/A,solo.tribunnews.com/2017/05/09/aktris-jav-terkenal-ini-posting-foto-tanpa-riasan-make-up-netizen-syok,Yes,Ads Disguised as Content,Restricted ad serving,ca-pub-7784034061253020,42,2024-11-27,2024-12-02
pontianak.tribunnews.com,Page,N/A,N/A,pontianak.tribunnews.com/2018/01/28/inilah-7-ciri-wanita-kecanduan-masturbasi-7-persen-cewek-melakukannya-setiap-hari?page=all,No,Adult: Sexual content,Restricted ad serving,ca-pub-7784034061253020,42,2024-11-29,2024-12-01
pontianak.tribunnews.com,Page,N/A,N/A,pontianak.tribunnews.com/2017/09/07/7-cewek-indonesia-yang-jadi-bintang-film-porno-di-negara-lain-nomor-2-dan-3-ternyata-kakak-beradik?page=all,No,Adult: Sexual content,Restricted ad serving,ca-pub-7784034061253020,42,2024-11-30,2024-12-01
kaltim.tribunnews.com,Page,N/A,N/A,kaltim.tribunnews.com/2019/05/19/lebih-menjanjikan-alasan-wanita-ini-memilih-bekerja-di-smartfren,Yes,Encouraging accidental clicks: Layout;Google-served ads obscuring content,Restricted ad serving,ca-pub-7784034061253020,42,2024-11-27,2024-12-02
jateng.tribunnews.com,Page,N/A,N/A,jateng.tribunnews.com/2017/02/11/kisah-kehidupan-seks-pemilik-penis-terbesar-dan-terpanjang-di-dunia-pacarnya-tak-sanggup?page=all,No,Adult: Sexual content,Restricted ad serving,ca-pub-7784034061253020,42,2024-11-27,2024-12-02
jambi.tribunnews.com,Page,N/A,N/A,jambi.tribunnews.com/2018/04/08/hubungan-cara-berjalan-dengan-keperawanan-anda-jangan-salah-kaprah,No,Adult: Sexual content,Restricted ad serving,ca-pub-7784034061253020,42,2024-11-27,2024-12-02
bogor.tribunnews.com,Page,N/A,N/A,bogor.tribunnews.com/2016/04/16/heboh-foto-wanita-cantik-pose-tanpa-busana-di-tibet-ini-jadi-viral,No,Adult: Sexual content,Restricted ad serving,ca-pub-7784034061253020,42,2024-11-27,2024-12-01
banjarmasin.tribunnews.com,Page,N/A,N/A,banjarmasin.tribunnews.com/2014/04/23/film-khusus-dewasa-terapi-untuk-kehangatan-hubungan-suami-istri,No,Adult: Sexual content,Restricted ad serving,ca-pub-7784034061253020,42,2024-11-27,2024-12-02
aceh.tribunnews.com,Page,N/A,N/A,aceh.tribunnews.com/2022/04/20/nikahi-duda-anak-4-gadis-ini-langsung-menyesal-setelah-dengar-bisikan-suami-pada-malam-pertama,Yes,Ads Disguised as Content,Restricted ad serving,ca-pub-7784034061253020,42,2024-11-30,2024-12-02
www.tribunnews.com,Page,N/A,N/A,www.tribunnews.com/regional/2016/04/08/dipercaya-kuatkan-vitalitas-pria-tangkur-buaya-singkil-banyak-diincar-pembeli,No,Adult: Sexual content;Shocking content,Restricted ad serving,ca-pub-7784034061253020,41,2024-11-28,2024-12-02
wow.tribunnews.com,Page,N/A,N/A,wow.tribunnews.com/2018/01/04/bongkar-isi-kepala-cowok-terkait-soal-seks-ungkap-alasan-kenapa-cowok-kerap-mikirin-seks?page=2,No,Adult: Sexual content,Restricted ad serving,ca-pub-7784034061253020,41,2024-12-01,2024-12-02
pontianak.tribunnews.com,Page,N/A,N/A,pontianak.tribunnews.com/2017/11/13/6-artis-papan-atas-ini-menyesal-pernah-bugil-dan-lakukan-adegan-panas-di-film?page=all,No,Adult: Sexual content,Restricted ad serving,ca-pub-7784034061253020,41,2024-11-27,2024-12-01
palembang.tribunnews.com,Page,N/A,N/A,palembang.tribunnews.com/2018/02/06/demi-subscribe-youtuber-seksi-ini-nekat-live-berhubungan-intim-baru-setengah-itunya-jadi-begini,No,Adult: Sexual content,Restricted ad serving,ca-pub-7784034061253020,41,2024-11-29,2024-12-01
palembang.tribunnews.com,Page,N/A,N/A,palembang.tribunnews.com/2014/03/29/orgasme-hubungan-seksual-beda-dengan-marturbasi,No,Adult: Sexual content,Restricted ad serving,ca-pub-7784034061253020,41,2024-11-27,2024-12-01
medan.tribunnews.com,Page,N/A,N/A,medan.tribunnews.com/2019/03/20/ini-dia-5-merek-rokok-paling-mahal-di-dunia-ada-yang-harganya-capai-rp-953-ribu,Yes,Site Behavior: Navigation;Tobacco,Restricted ad serving,ca-pub-7784034061253020,41,2024-11-27,2024-12-02
makassar.tribunnews.com,Page,N/A,N/A,makassar.tribunnews.com/2015/10/03/betulkah-wanita-berbokong-besar-karena-doyan-hubungan-badan-baca,No,Adult: Sexual content,Restricted ad serving,ca-pub-7784034061253020,41,2024-11-28,2024-12-02
jogja.tribunnews.com,Page,N/A,N/A,jogja.tribunnews.com/kesehatan/seks,No,Adult: Sexual content,Restricted ad serving,ca-pub-7784034061253020,41,2024-12-01,2024-12-02
jateng.tribunnews.com,Page,N/A,N/A,jateng.tribunnews.com/2018/11/23/mojang-karawang-heboh-video-wik-wik-wik-ahh-siswi-sma-karawang-berakhir-petaka-ini-faktanya,No,Adult: Sexual content,Restricted ad serving,ca-pub-7784034061253020,41,2024-11-27,2024-12-01
jabar.tribunnews.com,Page,N/A,N/A,jabar.tribunnews.com/2017/09/06/terungkap-inilah-warga-indonesia-pertama-yang-jadi-bintang-film-dewasa-di-jepang,No,Adult: Sexual content,Restricted ad serving,ca-pub-7784034061253020,41,2024-11-27,2024-12-01
bengkulu.tribunnews.com,Page,N/A,N/A,bengkulu.tribunnews.com/2022/08/25/uncensored-kinsou-no-vermeil-episode-8-sub-indo-link-nonton-selain-di-otakudesu-dan-anoboy,Yes,Ads Disguised as Content,Restricted ad serving,ca-pub-7784034061253020,41,2024-11-28,2024-12-01
belitung.tribunnews.com,Page,N/A,N/A,belitung.tribunnews.com/2017/10/16/video-cewek-seksi-tidur-di-ranjang-rekam-teman-sendiri-begituan,No,Adult: Sexual content,Restricted ad serving,ca-pub-7784034061253020,41,2024-11-28,2024-12-01
belitung.tribunnews.com,Page,N/A,N/A,belitung.tribunnews.com/2016/10/27/inilah-wanita-pemilik-payudara-terindah-di-jepang,No,Shocking content,Restricted ad serving,ca-pub-7784034061253020,41,2024-11-27,2024-12-02
bangka.tribunnews.com,Page,N/A,N/A,bangka.tribunnews.com/2017/09/12/kisah-janda-cantik-rela-ditiduri-di-kamar-hotel?page=2,No,Shocking content,Restricted ad serving,ca-pub-7784034061253020,41,2024-11-27,2024-12-01
bangka.tribunnews.com,Page,N/A,N/A,bangka.tribunnews.com/2016/09/23/foto-foto-bugil-wanita-pns-pekalongan-yang-menghebohkan,No,Adult: Sexual content,Restricted ad serving,ca-pub-7784034061253020,41,2024-11-27,2024-12-02
www.tribunnews.com,Page,N/A,N/A,www.tribunnews.com/internasional/2017/08/10/10-negara-terkenal-dengan-destinasi-wisata-seksual-nomor-4-bikin-gigit-jari,No,Shocking content,Restricted ad serving,ca-pub-7784034061253020,40,2024-11-29,2024-12-02
wartakota.tribunnews.com,Page,N/A,N/A,wartakota.tribunnews.com/2014/06/03/ini-tanda-pria-sedang-orgasme,No,Adult: Sexual content,Restricted ad serving,ca-pub-7784034061253020,40,2024-11-27,2024-12-02
style.tribunnews.com,Page,N/A,N/A,style.tribunnews.com/2019/09/24/8-dampak-negatif-sering-menonton-film-dewasa-untuk-kehidupan-pernikahan-jauhi,Yes,Ads Disguised as Content,Restricted ad serving,ca-pub-7784034061253020,40,2024-11-29,2024-12-03
style.tribunnews.com,Page,N/A,N/A,style.tribunnews.com/2017/11/16/3-wanita-ini-raih-gelar-bintang-film-panas-terfavorit-av-open-2017-nggak-cari-kerja-yang-halal-aja?page=3,Yes,Site Behavior: Navigation,Restricted ad serving,ca-pub-7784034061253020,40,2024-11-27,2024-12-02
medan.tribunnews.com,Page,N/A,N/A,medan.tribunnews.com/2018/02/27/mengerikan-wanita-yang-bernama-veriona-gultom-ini-tewas-di-kos-kosan-diduga-dibunuh-oleh-pacarnya,No,Shocking content,Restricted ad serving,ca-pub-7784034061253020,40,2024-11-27,2024-12-02
makassar.tribunnews.com,Page,N/A,N/A,makassar.tribunnews.com/2022/01/25/ingat-misskay-pemeran-video-61-detik-miripnagita-dulu-bisa-dibayar-murah-kini-kabarnya-beda,Yes,Ads Disguised as Content,Restricted ad serving,ca-pub-7784034061253020,40,2024-11-27,2024-12-01
makassar.tribunnews.com,Page,N/A,N/A,makassar.tribunnews.com/2019/05/29/viral-pengakuan-teman-ini-kronologi-tersebarnya-video-mesum-youtuber-banyuwangi-dengan-siswi-smp,Yes,Ads Disguised as Content,Restricted ad serving,ca-pub-7784034061253020,40,2024-11-28,2024-12-01
m.tribunnews.com,Page,N/A,N/A,m.tribunnews.com/regional/2017/11/15/aku-bilang-ituku-sakit-tapi-dia-terus-ngajak-hubungan-intim-pakai-terong-dan-timun,No,Adult: Sexual content,Restricted ad serving,ca-pub-7784034061253020,40,2024-11-30,2024-12-02
belitung.tribunnews.com,Page,N/A,N/A,belitung.tribunnews.com/2017/01/08/ternyata-ini-alasan-para-wanita-rela-umbar-aurat-di-bigo-live-ada-imbalannya?page=all,No,Adult: Sexual content,Restricted ad serving,ca-pub-7784034061253020,40,2024-11-29,2024-12-01
bangka.tribunnews.com,Page,N/A,N/A,bangka.tribunnews.com/2020/02/22/lagi-tren-puaskan-nafsu-dengan-pisang-dan-terong-dokter-binggung-dan-beri-peringatan-ini,No,Adult: Sexual content,Restricted ad serving,ca-pub-7784034061253020,40,2024-11-27,2024-12-03
bangka.tribunnews.com,Page,N/A,N/A,bangka.tribunnews.com/2019/09/19/berniat-tahan-lama-dalam-berhubungan-intim-belasan-pria-di-sumedang-tumbang-usai-minum-kopi-ini,No,Adult: Sexual content,Restricted ad serving,ca-pub-7784034061253020,40,2024-11-29,2024-12-02
bali.tribunnews.com,Page,N/A,N/A,bali.tribunnews.com/2020/08/22/sering-nonton-film-porno-via-internet-waspadalah-polisi-kini-bisa-melacak-dan-menangkap-mudah-anda?page=all,Yes,Encouraging accidental clicks: Layout;Google-served ads obscuring content,Restricted ad serving,ca-pub-7784034061253020,40,2024-11-29,2024-12-02
www.tribunnews.com,Page,N/A,N/A,www.tribunnews.com/travel/2019/12/04/dugaan-penipuan-agen-perjalanan-wisata-traveler-mengaku-rugi-hingga-ratusan-juta,No,Google-served ads obscuring content,Restricted ad serving,ca-pub-7784034061253020,39,2024-11-27,2024-12-02
www.tribunnews.com,Page,N/A,N/A,www.tribunnews.com/seleb/2017/09/06/wow-7-wanita-indonesia-ini-bintangi-film-panas-di-luar-negeri-ini-profil-mereka?page=3,Yes,Site Behavior: Navigation,Restricted ad serving,ca-pub-7784034061253020,39,2024-11-28,2024-12-02
www.tribunnews.com,Page,N/A,N/A,www.tribunnews.com/regional/2017/10/11/empat-hotel-ini-jadi-lokasi-bisnis-esek-esek-di-medan,No,Adult: Sexual content,Restricted ad serving,ca-pub-7784034061253020,39,2024-11-28,2024-12-01
www.tribunnews.com,Page,N/A,N/A,www.tribunnews.com/lifestyle/2016/12/22/hati-hati-onani-ternyata-bisa-sebabkan-penyakit-kelamin-lho,No,Adult: Sexual content,Restricted ad serving,ca-pub-7784034061253020,39,2024-11-27,2024-12-02
wartakota.tribunnews.com,Page,N/A,N/A,wartakota.tribunnews.com/2017/08/30/wow-video-goyang-pamela-duo-serigala-dan-teman-wanita-tunjukkan-dada-dikecam-netizen,No,Adult: Sexual content,Restricted ad serving,ca-pub-7784034061253020,39,2024-11-29,2024-12-02
medan.tribunnews.com,Page,N/A,N/A,medan.tribunnews.com/2017/08/15/5-bentuk-kelamin-wanita-miss-v-yang-disukai-pria-bagaimana-bentuk-punya-kamu,No,Adult: Sexual content,Restricted ad serving,ca-pub-7784034061253020,39,2024-11-28,2024-12-02
makassar.tribunnews.com,Page,N/A,N/A,makassar.tribunnews.com/2020/07/09/nonton-film-online-tanpa-iklan-di-29-aplikasi-dan-link-ini-film-dewasa-film-anak-bisa-download,Yes,Ads Disguised as Content,Restricted ad serving,ca-pub-7784034061253020,39,2024-11-27,2024-12-02
makassar.tribunnews.com,Page,N/A,N/A,makassar.tribunnews.com/2019/07/22/michat-aplikasi-populer-psk-online-menjaring-pelanggan-kodenya-bo-st-lt-tarif-mulai-rp-300-ribu,No,Adult: Sexual content,Restricted ad serving,ca-pub-7784034061253020,39,2024-12-01,2024-12-02
m.tribunnews.com,Page,N/A,N/A,m.tribunnews.com/metropolitan/2017/11/02/cewek-seksi-naik-angkot-dan-duduk-di-kursi-depan-hal-yang-dilakukannya-ini-buat-si-sopir-kegirangan,Yes,Site Behavior: Navigation,Restricted ad serving,ca-pub-7784034061253020,39,2024-11-30,2024-12-02
jatim.tribunnews.com,Page,N/A,N/A,jatim.tribunnews.com/2018/01/19/kisah-gadis-cilik-yang-kecanduan-seks-selalu-tak-tahan-lihat-cowok-ganteng-kini-begini-nasibnya,No,Shocking content,Restricted ad serving,ca-pub-7784034061253020,39,2024-11-27,2024-12-02
jatim.tribunnews.com,Page,N/A,N/A,jatim.tribunnews.com/2017/04/14/baru-belasan-tahun-udah-doyan-pamer-bikini-dan-baju-terbuka-inikah-sosok-penerus-awkarin,Yes,Site Behavior: Navigation,Restricted ad serving,ca-pub-7784034061253020,39,2024-11-27,2024-12-01
jateng.tribunnews.com,Page,N/A,N/A,jateng.tribunnews.com/2016/04/28/video-wanita-cantik-ini-tak-sengaja-perlihatkan-bagian-vitalnya-saat-live-streaming,No,Adult: Sexual content,Restricted ad serving,ca-pub-7784034061253020,39,2024-11-27,2024-12-02
jabar.tribunnews.com,Page,N/A,N/A,jabar.tribunnews.com/2014/12/12/hati-hati-tanpa-berhubungan-intim-perempuan-bisa-hamil,No,Adult: Sexual content,Restricted ad serving,ca-pub-7784034061253020,39,2024-11-27,2024-12-03
banjarmasin.tribunnews.com,Page,N/A,N/A,banjarmasin.tribunnews.com/2020/12/30/durasi-asli-video-syur-gisella-anastasia-dan-myd-disorot-ahli-gak-cuma-19-detik,Yes,Ads Disguised as Content,Restricted ad serving,ca-pub-7784034061253020,39,2024-11-27,2024-12-02
bangka.tribunnews.com,Page,N/A,N/A,bangka.tribunnews.com/2022/04/10/seorang-istri-lapor-ke-polisi-telah-diperkosa-suami-lantaran-tidak-nyaman-saat-hubungan-biologis,Yes,Ads Disguised as Content,Restricted ad serving,ca-pub-7784034061253020,39,2024-11-27,2024-12-02
www.tribunnewswiki.com,Page,N/A,N/A,www.tribunnewswiki.com/2019/12/28/3-skandal-cupi-cupita-baju-melorot-saat-manggung-hingga-video-syur-mirip-dirinya,No,Adult: Sexual content,Restricted ad serving,ca-pub-7784034061253020,38,2024-11-30,2024-12-02
www.tribunnews.com,Page,N/A,N/A,www.tribunnews.com/nasional/2012/04/25/siapa-pria-yang-beradegan-syur-dengan-anggota-dpr-itu,No,Adult: Sexual content,Restricted ad serving,ca-pub-7784034061253020,38,2024-11-27,2024-12-01
palembang.tribunnews.com,Page,N/A,N/A,palembang.tribunnews.com/2018/01/17/bukan-cuma-olivia-artis-porno-jepang-ini-meninggal-lebih-tragis-dipaksa-adegan-intim-ini-ngeri,No,Adult: Sexual content,Restricted ad serving,ca-pub-7784034061253020,38,2024-11-30,2024-12-02
makassar.tribunnews.com,Page,N/A,N/A,makassar.tribunnews.com/2021/08/23/kunci-jawaban-buku-tema-2-kelas-1-sd-halaman-22-30-sebutkan-olahraga-yang-kamu-ketahui,Yes,Encouraging accidental clicks: Layout;Google-served ads obscuring content,Restricted ad serving,ca-pub-7784034061253020,38,2024-11-28,2024-12-02
kupang.tribunnews.com,Page,N/A,N/A,kupang.tribunnews.com/2020/12/26/jangan-diabaikan-ini-arti-mimpi-hubungan-badan-dengan-istri-atau-suami-orangtafsir-mimpi-lengkap,Yes,Google-served ads obscuring content;Modified Javascript: Ads by Google size,Restricted ad serving,ca-pub-7784034061253020,38,2024-11-29,2024-12-03
kaltim.tribunnews.com,Page,N/A,N/A,kaltim.tribunnews.com/2020/01/07/viral-whatsapp-video-adegan-panas-gadis-pasangan-di-madura-di-lapangan-terbuka-saat-siang-bolong,No,Adult: Sexual content,Restricted ad serving,ca-pub-7784034061253020,38,2024-11-27,2024-12-02
jogja.tribunnews.com,Page,N/A,N/A,jogja.tribunnews.com/2020/01/17/pakai-alat-pengaman-dua-lapis-masih-bisa-menghamili-pria-ini-tuntut-perusahaan-kontrasepsi,No,Adult: Sexual content,Restricted ad serving,ca-pub-7784034061253020,38,2024-11-30,2024-12-02
jateng.tribunnews.com,Page,N/A,N/A,jateng.tribunnews.com/2018/02/10/weleh-pengen-punya-buah-dada-seksi-gadis-cantik-rusia-ini-malah-jadi-kotak-lihat-fotonya,No,Adult: Sexual content,Restricted ad serving,ca-pub-7784034061253020,38,2024-11-28,2024-12-02
jambi.tribunnews.com,Page,N/A,N/A,jambi.tribunnews.com/2017/07/02/ini-dia-psk-kelas-dunia-yang-bisa-anda-kencani-lengkap-dengan-tarif-yang-fantastis?page=all,No,Adult: Sexual content,Restricted ad serving,ca-pub-7784034061253020,38,2024-12-02,2024-12-02
bangka.tribunnews.com,Page,N/A,N/A,bangka.tribunnews.com/2016/11/08/kisah-pilu-gadis-sma-yang-masih-gadis-tapi-sudah-tak-perawan-lagi,No,Shocking content,Restricted ad serving,ca-pub-7784034061253020,38,2024-11-29,2024-12-02
aceh.tribunnews.com,Page,N/A,N/A,aceh.tribunnews.com/2023/02/13/kasus-video-mesum-siswa-sma-dan-siswi-smp-di-tebingtinggi-kedua-orangtua-pelaku-sepakat-damai,No,Google-served ads obscuring content,Restricted ad serving,ca-pub-7784034061253020,38,2024-11-27,2024-12-02
www.tribunnews.com,Page,N/A,N/A,www.tribunnews.com/regional/2021/05/26/kejahatan-di-prostitusi-online-mengintai-para-pria-hidung-belang-berikut-modusnya,No,Shocking content,Restricted ad serving,ca-pub-7784034061253020,37,2024-11-27,2024-12-02
www.tribunnews.com,Page,N/A,N/A,www.tribunnews.com/internasional/2012/06/29/sadis-kartel-obat-terlarang-rekam-adegan-penggal-kepala,No,Shocking content,Restricted ad serving,ca-pub-7784034061253020,37,2024-11-29,2024-12-02
www.tribunnews.com,Page,N/A,N/A,www.tribunnews.com/internasional/2010/11/15/foto-pre-wedding-bugil-lagi-ngetren-di-china,No,Google-served ads obscuring content,Restricted ad serving,ca-pub-7784034061253020,37,2024-11-27,2024-12-02
sumsel.tribunnews.com,Page,N/A,N/A,sumsel.tribunnews.com/2016/08/15/tak-puas-dengan-permainan-suami-di-ranjang-istri-pilih-berhubungan-intim-bareng-mertua,No,Adult: Sexual content,Restricted ad serving,ca-pub-7784034061253020,37,2024-11-27,2024-12-03
solo.tribunnews.com,Page,N/A,N/A,solo.tribunnews.com/2017/07/20/boneka-seks-ini-dibuat-untuk-diperkosa-alhasil-dikecam-habis-habisan,No,Adult: Sexual content,Restricted ad serving,ca-pub-7784034061253020,37,2024-11-27,2024-12-03
palembang.tribunnews.com,Page,N/A,N/A,palembang.tribunnews.com/2017/11/16/terkuak-ini-foto-masa-lalu-5-bintang-porno-terkenal-dunia-tak-disangka-dulu-mereka-wujudnya-begini,Yes,Ads Disguised as Content,Restricted ad serving,ca-pub-7784034061253020,37,2024-11-28,2024-12-02
medan.tribunnews.com,Page,N/A,N/A,medan.tribunnews.com/2017/12/22/pilu-pemilik-mr-p-terbesar-baru-2-kali-ngamar-satu-wanita-ketakutan-satu-lagi-menjerit,No,Adult: Sexual content,Restricted ad serving,ca-pub-7784034061253020,37,2024-11-29,2024-12-02
jogja.tribunnews.com,Page,N/A,N/A,jogja.tribunnews.com/2017/02/22/ini-yang-bisa-dilakukan-pada-klitoris-bikin-wanita-orgasme-berkali-kali,No,Adult: Sexual content;Shocking content,Restricted ad serving,ca-pub-7784034061253020,37,2024-11-27,2024-12-02
jogja.tribunnews.com,Page,N/A,N/A,jogja.tribunnews.com/2017/02/08/pemuda-ini-diberi-kado-boneka-pemuas-nafsu-oleh-ayahnya-begini-tujuannya,No,Adult: Sexual content,Restricted ad serving,ca-pub-7784034061253020,37,2024-11-29,2024-12-02
jatim.tribunnews.com,Page,N/A,N/A,jatim.tribunnews.com/2017/09/23/jelang-musim-kawin-penis-bebek-bisa-membesar-10-kali-lipat-ternyata-ini-rahasianya,No,Adult: Sexual content,Restricted ad serving,ca-pub-7784034061253020,37,2024-11-30,2024-12-01
bekasi.tribunnews.com,Page,N/A,N/A,bekasi.tribunnews.com/2022/07/28/rekomendasi-film-semi-barat-terbaru-yang-cocok-ditonton-bareng-pasangan-di-rumah-khusus-dewasa-lho?page=2,No,Adult: Sexual content,Restricted ad serving,ca-pub-7784034061253020,37,2024-11-29,2024-12-01
bangka.tribunnews.com,Page,N/A,N/A,bangka.tribunnews.com/2021/11/19/cerita-2-psk-kerja-di-warung-ngaku-capek-layani-pria-hingga-tak-sengaja-main-dengan-tetangga,Yes,Encouraging accidental clicks: Layout;Google-served ads obscuring content,Restricted ad serving,ca-pub-7784034061253020,37,2024-11-28,2024-12-01
bangka.tribunnews.com,Page,N/A,N/A,bangka.tribunnews.com/2021/09/06/10-selebriti-korea-terkenal-yang-pernah-melakukan-operasi-plastik-nggak-nyangka-berubah-drastis,Yes,Modified ad code: Resizing Ad Frames,Restricted ad serving,ca-pub-7784034061253020,37,2024-11-27,2024-12-01
bangka.tribunnews.com,Page,N/A,N/A,bangka.tribunnews.com/2020/01/02/satu-bungkus-rokok-ada-yang-harga-rp-50-ribu-ini-daftar-lengkap-harga-semua-merek-rokok,No,Tobacco,Restricted ad serving,ca-pub-7784034061253020,37,2024-11-27,2024-12-02
bali.tribunnews.com,Page,N/A,N/A,bali.tribunnews.com/2018/04/09/khusus-pasutri-ini-ramuan-tradisional-penjaga-vitalitas-dan-mantra-menurut-lontar-rahasya-sanggama,No,Adult: Sexual content,Restricted ad serving,ca-pub-7784034061253020,37,2024-11-30,2024-12-02
www.tribunnews.com,Page,N/A,N/A,www.tribunnews.com/regional/2014/10/31/berbagi-foto-hot-dan-pengalaman-eksekusi-di-forum-online,No,Shocking content,Restricted ad serving,ca-pub-7784034061253020,36,2024-11-30,2024-12-02
www.tribunnews.com,Page,N/A,N/A,www.tribunnews.com/metropolitan/2016/08/04/warga-beri-info-tarif-plus-plus-panti-pijat-ini-resepsionis-tantang-wartawan,No,Adult: Sexual content,Restricted ad serving,ca-pub-7784034061253020,36,2024-11-27,2024-12-02
www.tribunnews.com,Page,N/A,N/A,www.tribunnews.com/lifestyle/2019/06/08/viral-kucing-mati-setelah-anak-kecil-memukul-kepalanya-dengan-benda-keras-saat-acara-halal-bihalal,No,Shocking content,Restricted ad serving,ca-pub-7784034061253020,36,2024-11-27,2024-12-02
www.tribunnews.com,Page,N/A,N/A,www.tribunnews.com/internasional/2018/01/17/bintang-porno-jepang-umumkan-rencana-menikah-banyak-penggemarnya-di-china-patah-hati,No,Adult: Sexual content,Restricted ad serving,ca-pub-7784034061253020,36,2024-11-27,2024-12-02
suryamalang.tribunnews.com,Page,N/A,N/A,suryamalang.tribunnews.com/2015/10/09/terekam-kamera-senjata-pria-ini-menusuk-pantat-wanita-di-kendaraan-umum,No,Adult: Sexual content,Restricted ad serving,ca-pub-7784034061253020,36,2024-11-28,2024-12-02
pontianak.tribunnews.com,Page,N/A,N/A,pontianak.tribunnews.com/2015/08/20/manfaat-tidur-tanpa-busana-dengan-pasangan,No,Adult: Sexual content,Restricted ad serving,ca-pub-7784034061253020,36,2024-11-28,2024-12-02
manado.tribunnews.com,Page,N/A,N/A,manado.tribunnews.com/2015/05/09/astaga-pria-kotamobagu-penggal-kepala-menenteng-dan-minum-darah-korban,Yes,Ads Disguised as Content,Restricted ad serving,ca-pub-7784034061253020,36,2024-11-29,2024-12-02
jogja.tribunnews.com,Page,N/A,N/A,jogja.tribunnews.com/2017/09/21/video-perempuan-bertato-tanpa-baju-ini-merintih-di-atas-ranjang-jangan-ngeres-ya,Yes,Site Behavior: Navigation,Restricted ad serving,ca-pub-7784034061253020,36,2024-11-29,2024-12-01
bangka.tribunnews.com,Page,N/A,N/A,bangka.tribunnews.com/2020/11/28/ini-daftar-27-link-situs-nonton-film-online-terbaru-subtitle-indonesia-link-alternatif-selain-lk21,No,Google-served ads obscuring content,Restricted ad serving,ca-pub-7784034061253020,36,2024-11-28,2024-12-02
sumsel.tribunnews.com,Page,N/A,N/A,sumsel.tribunnews.com/2015/11/10/video-pembantu-pergoki-majikan-berhubungan-dengan-sopir-pribadi,No,Adult: Sexual content,Restricted ad serving,ca-pub-7784034061253020,35,2024-11-27,2024-12-01
medan.tribunnews.com,Page,N/A,N/A,medan.tribunnews.com/2024/03/29/viral-kronologis-pembunuhan-iwan-sutrisman-telaumbanua-korban-penipuan-melamar-tni-al-tahun-2022,No,Google-served ads obscuring content,Restricted ad serving,ca-pub-7784034061253020,35,2024-12-02,2024-12-02
medan.tribunnews.com,Page,N/A,N/A,medan.tribunnews.com/2018/05/08/duh-janda-nurhayati-mesum-bawa-anaknya,No,Adult: Sexual content,Restricted ad serving,ca-pub-7784034061253020,35,2024-11-27,2024-12-01
makassar.tribunnews.com,Page,N/A,N/A,makassar.tribunnews.com/2017/06/24/video-astaga-tak-pakai-cd-artis-korea-ini-tak-sadar-anunya-kelihatan-saat-manggung,No,Adult: Sexual content,Restricted ad serving,ca-pub-7784034061253020,35,2024-11-29,2024-12-01
m.tribunnews.com,Page,N/A,N/A,m.tribunnews.com/internasional/2011/12/28/inilah-resep-sato-bisa-onani-9-jam-33-menit,No,Adult: Sexual content,Restricted ad serving,ca-pub-7784034061253020,35,2024-11-28,2024-12-02
lampung.tribunnews.com,Page,N/A,N/A,lampung.tribunnews.com/2012/08/23/digoyang-gigolo-tante-girang-makin-kegirangan,No,Adult: Sexual content,Restricted ad serving,ca-pub-7784034061253020,35,2024-11-27,2024-12-02
jambi.tribunnews.com,Page,N/A,N/A,jambi.tribunnews.com/2018/06/20/gay-asal-indonesia-ini-terkenal-di-luar-negeri-sebagai-pemain-film-khusus-sesama-jenis-wow,Yes,Ads Disguised as Content,Restricted ad serving,ca-pub-7784034061253020,35,2024-11-27,2024-12-01
belitung.tribunnews.com,Page,N/A,N/A,belitung.tribunnews.com/2018/10/11/jenis-layanan-seksual-soft-dan-hard-swinger-ini-terbongkar-di-surabaya,No,Adult: Sexual content,Restricted ad serving,ca-pub-7784034061253020,35,2024-11-28,2024-12-02
bangka.tribunnews.com,Page,N/A,N/A,bangka.tribunnews.com/tag/harga-cabai,Yes,Google-served ads on screens without publisher-content,Restricted ad serving,ca-pub-7784034061253020,35,2024-11-27,2024-12-03
bangka.tribunnews.com,Page,N/A,N/A,bangka.tribunnews.com/2021/05/20/gerepe-bagian-sensitif-pacarnya-di-kolam-yang-ramai-orang-remaja-ini-tak-sadar-direkam-dan-viral,No,Google-served ads obscuring content,Restricted ad serving,ca-pub-7784034061253020,35,2024-12-02,2024-12-02
bangka.tribunnews.com,Page,N/A,N/A,bangka.tribunnews.com/2017/10/16/terdengar-suara-desahan-di-dalam-lift-astaga-wanita-cantik-lakukan-ini-pada-pria-di-sebelahnya,No,Adult: Sexual content,Restricted ad serving,ca-pub-7784034061253020,35,2024-11-30,2024-12-02
bangka.tribunnews.com,Page,N/A,N/A,bangka.tribunnews.com/2016/02/20/contohlah-variasi-bercinta-di-film-porno-tapi-5-gaya-ini-jangan-ditiru,No,Adult: Sexual content,Restricted ad serving,ca-pub-7784034061253020,35,2024-11-27,2024-12-02
bangka.tribunnews.com,Page,N/A,N/A,bangka.tribunnews.com/2015/09/20/paket-kencan-7-eleven-kondom-dan-permen-diantar-ke-tempat,No,Adult: Sexual content,Restricted ad serving,ca-pub-7784034061253020,35,2024-11-29,2024-12-02
bali.tribunnews.com,Page,N/A,N/A,bali.tribunnews.com/2019/12/13/kesalahan-pemakaian-lip-balm-harusnya-saat-malam-hari-untuk-bibir-lembap-dan-sehat-esok-hari,No,Google-served ads obscuring content,Restricted ad serving,ca-pub-7784034061253020,35,2024-11-28,2024-12-02
www.tribunnews.com,Page,N/A,N/A,www.tribunnews.com/lifestyle/2020/12/04/sex-toys-sebenarnya-bisa-diperjualbelikan-asal-begini,No,Adult: Sexual content,Restricted ad serving,ca-pub-7784034061253020,34,2024-11-27,2024-12-02
www.tribunnews.com,Page,N/A,N/A,www.tribunnews.com/internasional/2015/05/02/bintang-porno-jepang-ini-suka-sekali-dengan-seks,No,Adult: Sexual content,Restricted ad serving,ca-pub-7784034061253020,34,2024-11-27,2024-12-02
style.tribunnews.com,Page,N/A,N/A,style.tribunnews.com/2017/04/06/bintang-film-dewasa-jepang-ini-rilis-akun-youtube-siap-ikut-miyabi-berkarir-di-jalan-yang-benar,No,Adult: Sexual content,Restricted ad serving,ca-pub-7784034061253020,34,2024-11-28,2024-12-02
style.tribunnews.com,Page,N/A,N/A,style.tribunnews.com/2016/08/31/baju-transparan-artis-trend-memperlihatkan-puting-payudara-dari-kendall-jenner-hingga-syahrini,No,Adult: Sexual content,Restricted ad serving,ca-pub-7784034061253020,34,2024-11-27,2024-12-02
medan.tribunnews.com,Page,N/A,N/A,medan.tribunnews.com/2022/11/10/viral-lagi-video-15-detik-gisel-dan-pacar-baru-kepala-dicium-mesra-ditonton-33-juta-kali,Yes,Ads Disguised as Content,Restricted ad serving,ca-pub-7784034061253020,34,2024-11-29,2024-12-01
medan.tribunnews.com,Page,N/A,N/A,medan.tribunnews.com/2017/11/26/hindari-hukuman-cambuk-artis-diduga-tepergok-mesum-di-mobil-bergoyang-menikah,No,Adult: Sexual content,Restricted ad serving,ca-pub-7784034061253020,34,2024-11-27,2024-12-02
jogja.tribunnews.com,Page,N/A,N/A,jogja.tribunnews.com/2017/12/10/robot-pemuas-nafsu-masa-depan-mampu-keluarkan-pelumas-otomatis,No,Adult: Sexual content,Restricted ad serving,ca-pub-7784034061253020,34,2024-11-27,2024-12-02
jogja.tribunnews.com,Page,N/A,N/A,jogja.tribunnews.com/2015/06/10/kompetisi-unik-pamer-bulu-ketek-bagi-cewek,No,Adult: Sexual content,Restricted ad serving,ca-pub-7784034061253020,34,2024-11-28,2024-12-01
jateng.tribunnews.com,Page,N/A,N/A,jateng.tribunnews.com/2018/06/26/obat-kuat-pun-lewat-kunyah-bumbu-dapur-ini-agar-perkasa-di-ranjang-bersama-istri,No,Adult: Sexual content,Restricted ad serving,ca-pub-7784034061253020,34,2024-11-27,2024-12-02
jambi.tribunnews.com,Page,N/A,N/A,jambi.tribunnews.com/2015/08/05/motor-matic-anda-mati-mendadak-bisa-jadi-anda-dikerjai,No,Adult: Sexual content,Restricted ad serving,ca-pub-7784034061253020,34,2024-11-27,2024-12-02
jabar.tribunnews.com,Page,N/A,N/A,jabar.tribunnews.com/2015/11/19/siswi-smk-lagi-asyik-bercumbu-di-hotel-eeeh-ada-razia-dari-polisi,No,Adult: Sexual content,Restricted ad serving,ca-pub-7784034061253020,34,2024-12-01,2024-12-01
bogor.tribunnews.com,Page,N/A,N/A,bogor.tribunnews.com/2019/11/08/cerita-ibu-guru-saat-ajak-muridnya-berhubungan-intim-bertiga-di-kamar-kos-awalnya-disuruh-nonton,No,Adult: Sexual content,Restricted ad serving,ca-pub-7784034061253020,34,2024-11-30,2024-12-02
bangka.tribunnews.com,Page,N/A,N/A,bangka.tribunnews.com/2022/07/31/tiap-pulang-kerja-sang-suami-diminta-jatah-ke-ranjang-sampai-curhat-tak-sanggup-dan-takut-pulang,Yes,Ads Disguised as Content,Restricted ad serving,ca-pub-7784034061253020,34,2024-11-27,2024-12-01
bali.tribunnews.com,Page,N/A,N/A,bali.tribunnews.com/2020/01/02/ini-daftar-harga-rokok-di-denpasar-saat-ini-beberapa-merk-alami-kenaikan-harga-sebelum-tahun-baru,No,Tobacco,Restricted ad serving,ca-pub-7784034061253020,34,2024-11-28,2024-12-02
bali.tribunnews.com,Page,N/A,N/A,bali.tribunnews.com/2017/12/07/menjadi-simpanan-tante-haus-belaian-pria-ini-dibuat-lemas-sehari-minta-jatah-4-kali,No,Adult: Sexual content,Restricted ad serving,ca-pub-7784034061253020,34,2024-11-27,2024-12-03
bali.tribunnews.com,Page,N/A,N/A,bali.tribunnews.com/2017/04/14/heboh-video-gadis-18-tahun-di-bali-kencan-dengan-pria-bule-buka-baju-sampai-bersenggama,No,Adult: Sexual content,Restricted ad serving,ca-pub-7784034061253020,34,2024-11-27,2024-12-02
aceh.tribunnews.com,Page,N/A,N/A,aceh.tribunnews.com/2024/01/16/minum-kopi-campur-obat-kuat-pria-paruh-baya-ditemukan-tewas-tanpa-busana-mulut-berbusabadan-lebam,No,Shocking content,Restricted ad serving,ca-pub-7784034061253020,34,2024-11-27,2024-12-01
www.tribunnews.com,Page,N/A,N/A,www.tribunnews.com/regional/2020/01/30/foto-tanpa-busana-siswi-sma-di-tuban-mendadak-viral-disebar-eks-pacar-pelaku-ungkap-niat-sebenarnya,No,Shocking content,Restricted ad serving,ca-pub-7784034061253020,33,2024-11-27,2024-12-01
suryamalang.tribunnews.com,Page,N/A,N/A,suryamalang.tribunnews.com/2017/12/29/cowok-jomblo-beli-boneka-pemuas-nafsu-terjadilah-insiden-mengejutkan-bikin-ngakak-jungkir-balik,No,Adult: Sexual content,Restricted ad serving,ca-pub-7784034061253020,33,2024-11-28,2024-12-02
sumsel.tribunnews.com,Page,N/A,N/A,sumsel.tribunnews.com/2018/02/10/5-film-ini-aktornya-lakukan-adegan-ranjang-beneran-namun-ada-yang-terbongkar-rahasianya?page=2,Yes,Ads Disguised as Content,Restricted ad serving,ca-pub-7784034061253020,33,2024-11-27,2024-12-01
sulbar.tribunnews.com,Page,N/A,N/A,sulbar.tribunnews.com/2023/09/19/sinopsis-film-x-pembantaian-kru-film-porno-amatir-di-rumah-pertanian-texas-dibintangi-jenna-ortega,Yes,Google-served ads obscuring content;Modified Javascript: Ads by Google size,Restricted ad serving,ca-pub-7784034061253020,33,2024-11-27,2024-12-02
pontianak.tribunnews.com,Page,N/A,N/A,pontianak.tribunnews.com/2018/01/24/10-foto-dan-video-artis-indonesia-telanjang-beredar-di-internet-ada-yang-dilaporkan-ke-polisi?page=all,No,Adult: Sexual content,Restricted ad serving,ca-pub-7784034061253020,33,2024-11-28,2024-12-01
pekanbaru.tribunnews.com,Page,N/A,N/A,pekanbaru.tribunnews.com/2021/08/30/seleb-tiktok-aceh-mia-khalifa-punya-dada-jumbo-ternyata-balon-berikut-fakta-fakta-miftahul-husna,Yes,Encouraging accidental clicks: Layout;Google-served ads obscuring content,Restricted ad serving,ca-pub-7784034061253020,33,2024-11-29,2024-12-02
pekanbaru.tribunnews.com,Page,N/A,N/A,pekanbaru.tribunnews.com/2021/06/14/cruella-full-movie-sub-indo-nonton-film-cruella-2021-streaming-di-hp,Yes,Content obscuring Google-served ads;Encouraging accidental clicks: Layout;Modified ad code: Resizing Ad Frames,Restricted ad serving,ca-pub-7784034061253020,33,2024-11-27,2024-12-02
palembang.tribunnews.com,Page,N/A,N/A,palembang.tribunnews.com/2015/11/10/video-pembantu-pergoki-majikan-sedang-bercinta-dengan-sopir-pribadinya,No,Adult: Sexual content,Restricted ad serving,ca-pub-7784034061253020,33,2024-11-27,2024-12-02
medan.tribunnews.com,Page,N/A,N/A,medan.tribunnews.com/2023/01/21/sosok-tkw-cantik-ayu-ozawa-video-bareng-majikan-viral-lagi-di-tempat-tidur-siaran-live,No,Google-served ads obscuring content,Restricted ad serving,ca-pub-7784034061253020,33,2024-11-27,2024-12-01
makassar.tribunnews.com,Page,N/A,N/A,makassar.tribunnews.com/2016/05/05/wanita-cantik-ini-ternyata-boneka-seks-harganya-rp-130-juta,No,Adult: Sexual content,Restricted ad serving,ca-pub-7784034061253020,33,2024-11-27,2024-12-01
lampung.tribunnews.com,Page,N/A,N/A,lampung.tribunnews.com/2018/06/03/banyak-gadis-china-tidak-perawan-di-usia-17-tahun-akhirnya-operasi-keperawanan-sebelum-menikah,No,Adult: Sexual content,Restricted ad serving,ca-pub-7784034061253020,33,2024-11-27,2024-12-03
jabar.tribunnews.com,Page,N/A,N/A,jabar.tribunnews.com/2016/01/05/ternyata-hal-ini-yang-dipikirkan-wanita-saat-berhubungan-intim-dengan-pria,No,Adult: Sexual content,Restricted ad serving,ca-pub-7784034061253020,33,2024-11-30,2024-12-01
cirebon.tribunnews.com,Page,N/A,N/A,cirebon.tribunnews.com/2019/10/17/beredar-luas-foto-pamela-safitri-tak-pakai-busana-hingga-terlihat-seluruh-dalaman-tubuhnya?page=all,No,Adult: Sexual content,Restricted ad serving,ca-pub-7784034061253020,33,2024-12-01,2024-12-02
belitung.tribunnews.com,Page,N/A,N/A,belitung.tribunnews.com/2022/01/28/gadis-abg-bandung-dijual-rp300-ribu-kenakan-busana-seksi-dipaksa-layani-pria-pelaku-dibekuk-polisi,Yes,Ads Disguised as Content,Restricted ad serving,ca-pub-7784034061253020,33,2024-11-27,2024-12-02
banjarmasin.tribunnews.com,Page,N/A,N/A,banjarmasin.tribunnews.com/2016/04/02/cara-ini-bisa-dipakai-agar-pasangan-lebih-panas-saat-bercinta,No,Adult: Sexual content,Restricted ad serving,ca-pub-7784034061253020,33,2024-11-28,2024-12-01
bangka.tribunnews.com,Page,N/A,N/A,bangka.tribunnews.com/2020/01/06/tips-latihan-dan-senam-kegel-bakal-buat-wanita-maksimal-dan-nyaman-di-ranjang-begini-caranya?page=2,No,Adult: Sexual content,Restricted ad serving,ca-pub-7784034061253020,33,2024-11-27,2024-12-02
bangka.tribunnews.com,Page,N/A,N/A,bangka.tribunnews.com/2018/06/12/sekilah-tentang-kabbalah-kitab-mistisisme-yahudi-yang-ramai-diperbincangkan,No,Google-served ads obscuring content,Restricted ad serving,ca-pub-7784034061253020,33,2024-11-28,2024-12-02
bangka.tribunnews.com,Page,N/A,N/A,bangka.tribunnews.com/2016/09/05/kepribadian-wanita-berdasarkan-bentuk-puting-susunya?page=2,No,Adult: Sexual content,Restricted ad serving,ca-pub-7784034061253020,33,2024-12-01,2024-12-02
www.tribunnews.com,Page,N/A,N/A,www.tribunnews.com/regional/2018/01/19/bocah-sd-kelas-1-di-surabaya-yang-kecanduan-seks-sekarang-dilarang-pegang-handphone,No,Shocking content,Restricted ad serving,ca-pub-7784034061253020,32,2024-11-27,2024-12-02
www.tribunnews.com,Page,N/A,N/A,www.tribunnews.com/internasional/2017/03/22/bayaran-jadi-psk-lebih-besar-artis-porno-jepang-lari-ke-taiwan,No,Adult: Sexual content,Restricted ad serving,ca-pub-7784034061253020,32,2024-11-28,2024-12-02
wartakota.tribunnews.com,Page,N/A,N/A,wartakota.tribunnews.com/2016/01/17/foto-foto-mengerikan-siswa-smp-dibunuh-di-kamar-mandi,No,Shocking content,Restricted ad serving,ca-pub-7784034061253020,32,2024-12-02,2024-12-02
video.tribunnews.com,Page,N/A,N/A,video.tribunnews.com/view/61255/pengakuan-gadis-15-tahun-yang-diciduk-saat-diduga-akan-pesta-seks-iklan-dan-nego-tarif-di-aplikasi,No,Adult: Sexual content,Restricted ad serving,ca-pub-7784034061253020,32,2024-11-27,2024-12-02
sumsel.tribunnews.com,Page,N/A,N/A,sumsel.tribunnews.com/2020/01/02/daftar-harga-terbaru-42-merk-rokok-di-tingkat-eceran-cukai-rokok-per-1-januari-2020-resmi-naik?page=all,No,Shocking content,Restricted ad serving,ca-pub-7784034061253020,32,2024-12-02,2024-12-02
sumsel.tribunnews.com,Page,N/A,N/A,sumsel.tribunnews.com/2015/12/21/inilah-caranya-mengetahui-seorang-pria-masih-perjaka-atau-tidak,No,Google-served ads obscuring content,Restricted ad serving,ca-pub-7784034061253020,32,2024-11-28,2024-12-02
sultra.tribunnews.com,Page,N/A,N/A,sultra.tribunnews.com/2023/05/17/syakirah-tiktok-yandex-ru-video-viral-terbaru-2023-ternyata-ada-yang-pakai-kemeja-kuning?page=all,No,Google-served ads obscuring content,Restricted ad serving,ca-pub-7784034061253020,32,2024-11-28,2024-12-01
pontianak.tribunnews.com,Page,N/A,N/A,pontianak.tribunnews.com/2018/02/13/bintang-film-porno-tewas-tragis-tersedak-sperma-dari-lebih-10-pria,No,Shocking content,Restricted ad serving,ca-pub-7784034061253020,32,2024-11-28,2024-12-01
medan.tribunnews.com,Page,N/A,N/A,medan.tribunnews.com/2021/05/31/fakta-viral-gadis-remaja-open-bo-sehari-5-kali-berhubungan-badan-kpaid-pulihkan-trauma-psikologis,Yes,Ads Disguised as Content,Restricted ad serving,ca-pub-7784034061253020,32,2024-11-27,2024-12-02
medan.tribunnews.com,Page,N/A,N/A,medan.tribunnews.com/2017/10/28/viral-video-mesum-anak-smansa-siapa-penyebarnya-ra-pacaran-dengan-sa-setelah-putus-dari-na,No,Adult: Sexual content,Restricted ad serving,ca-pub-7784034061253020,32,2024-11-27,2024-12-02
medan.tribunnews.com,Page,N/A,N/A,medan.tribunnews.com/2017/08/28/5-video-paling-top-pria-arab-paksa-tkw-melayani-nafsu-remaja-melahirkan-hingga-operasi-buah-dada,Yes,Site Behavior: Navigation,Restricted ad serving,ca-pub-7784034061253020,32,2024-11-29,2024-12-01
m.tribunnews.com,Page,N/A,N/A,m.tribunnews.com/kesehatan/2016/08/03/enam-ciri-ciri-istri-ingin-berhubungan-intim-yang-jarang-diketahui-suami?page=2,No,Adult: Sexual content,Restricted ad serving,ca-pub-7784034061253020,32,2024-11-28,2024-12-02
kupang.tribunnews.com,Page,N/A,N/A,kupang.tribunnews.com/2017/07/12/wanita-dengan-5-ciri-fisik-ini-terbukti-hot-di-ranjang?page=2,No,Adult: Sexual content,Restricted ad serving,ca-pub-7784034061253020,32,2024-11-28,2024-12-01
jambi.tribunnews.com,Page,N/A,N/A,jambi.tribunnews.com/2021/01/06/setenar-miyabi-sosok-saori-hara-punya-masa-lalu-menyedihkan-hingga-terjun-ke-film-panas-jepang,Yes,Ads Disguised as Content,Restricted ad serving,ca-pub-7784034061253020,32,2024-11-28,2024-12-02
jambi.tribunnews.com,Page,N/A,N/A,jambi.tribunnews.com/2018/04/29/kelihatan-inilah-ciri-wanita-yang-sering-memuaskan-diri-sendiri-bahayanya-bakal-sakit-seperti-ini?page=3,No,Adult: Sexual content,Restricted ad serving,ca-pub-7784034061253020,32,2024-11-28,2024-12-02
bangka.tribunnews.com,Page,N/A,N/A,bangka.tribunnews.com/2021/11/02/model-seksi-fathbayy-mati-mati-jaga-keperawanannya-demi-jaga-prinsipnya-ini-pernah-ditawar-produser,Yes,Ads Disguised as Content,Restricted ad serving,ca-pub-7784034061253020,32,2024-12-01,2024-12-02
bangka.tribunnews.com,Page,N/A,N/A,bangka.tribunnews.com/2019/06/01/foto-vulgar-cinta-laura-dan-pacar-tersebar-begini-klarifikasi-sang-ibunda-herdiana-kiehl-editan,No,Adult: Sexual content,Restricted ad serving,ca-pub-7784034061253020,32,2024-11-28,2024-12-02
bangka.tribunnews.com,Page,N/A,N/A,bangka.tribunnews.com/2016/05/29/tamu-hotel-ini-tinggal-pilih-cewek-lewat-foto-kalau-cocok-bayar-rp-300-ribu,No,Adult: Sexual content,Restricted ad serving,ca-pub-7784034061253020,32,2024-11-27,2024-12-01
aceh.tribunnews.com,Page,N/A,N/A,aceh.tribunnews.com/2021/07/15/inilah-pulau-di-indonesia-yang-hanya-dihuni-wanita-dan-tak-boleh-berbusana-vietnam-dibuat-keheranan,Yes,Ads Disguised as Content,Restricted ad serving,ca-pub-7784034061253020,32,2024-11-28,2024-12-02
www.tribunnews.com,Page,N/A,N/A,www.tribunnews.com/regional/2017/11/20/fenomena-prostitusi-pelajar-di-jogja-begitu-mudahnya-mencari-teman-kencan-di,No,Adult: Sexual content,Restricted ad serving,ca-pub-7784034061253020,31,2024-11-29,2024-12-02
wartakota.tribunnews.com,Page,N/A,N/A,wartakota.tribunnews.com/2016/10/28/wanita-jepang-ini-tak-menyangka-dinobatkan-memiliki-payudara-terindah,No,Adult: Sexual content,Restricted ad serving,ca-pub-7784034061253020,31,2024-11-28,2024-12-02
surabaya.tribunnews.com,Page,N/A,N/A,surabaya.tribunnews.com/2019/08/04/fransiskus-selviya-pemilik-vihayana-creative-communication-wujudkan-mimpi-lewat-bisnis-penerjemah,No,Shocking content,Restricted ad serving,ca-pub-7784034061253020,31,2024-11-30,2024-12-01
style.tribunnews.com,Page,N/A,N/A,style.tribunnews.com/2019/04/01/gancet-alat-vital-tak-bisa-lepas-setelah-hubungan-intim-masih-viral-penjelasan-medis-hingga-mitos,No,Adult: Sexual content,Restricted ad serving,ca-pub-7784034061253020,31,2024-11-30,2024-12-03
pekanbaru.tribunnews.com,Page,N/A,N/A,pekanbaru.tribunnews.com/2021/11/15/pengakuan-janda-muda-yang-tak-tahan-lagi-layani-pria-tiap-malam-demi-uang-mau-kerja-apa-lagi,Yes,Ads Disguised as Content,Restricted ad serving,ca-pub-7784034061253020,31,2024-11-29,2024-12-01
medan.tribunnews.com,Page,N/A,N/A,medan.tribunnews.com/2019/10/31/lagi-lagi-tersebar-video-adegan-intim-kali-ini-mahasiswi-dengan-dosen-di-hotel-berbahasa-daerah,No,Adult: Sexual content,Restricted ad serving,ca-pub-7784034061253020,31,2024-11-27,2024-12-02
medan.tribunnews.com,Page,N/A,N/A,medan.tribunnews.com/2017/12/03/suami-istri-ini-berhubungan-intim-tiap-hari-selama-setahun-inilah-yang-terjadi,No,Adult: Sexual content,Restricted ad serving,ca-pub-7784034061253020,31,2024-11-27,2024-12-02
manado.tribunnews.com,Page,N/A,N/A,manado.tribunnews.com/2018/01/30/wanita-wajib-waspada-boneka-pemuas-nafsu-pria-ini-makin-laris-ternyata-segini-harganya,No,Adult: Sexual content,Restricted ad serving,ca-pub-7784034061253020,31,2024-11-27,2024-12-01
jatim.tribunnews.com,Page,N/A,N/A,jatim.tribunnews.com/2018/01/19/5-fakta-gadis-kecil-di-dolly-yang-kecanduan-seks-dari-penurun-libido-hingga-3-adik-yang-jadi-korban,No,Adult: Sexual content,Restricted ad serving,ca-pub-7784034061253020,31,2024-11-27,2024-12-02
jambi.tribunnews.com,Page,N/A,N/A,jambi.tribunnews.com/2020/02/02/dulu-jadi-bintang-film-panas-era-90-an-nasib-5-artis-ini-sekarang-berubah-ada-yang-jual-lontong,Yes,Ads Disguised as Content,Restricted ad serving,ca-pub-7784034061253020,31,2024-11-27,2024-12-02
jambi.tribunnews.com,Page,N/A,N/A,jambi.tribunnews.com/2018/06/17/apa-dampak-pada-suami-jika-istri-sering-menolak-berhubungan,No,Adult: Sexual content,Restricted ad serving,ca-pub-7784034061253020,31,2024-11-27,2024-12-01
belitung.tribunnews.com,Page,N/A,N/A,belitung.tribunnews.com/2018/02/11/punya-tanda-di-bawah-punggung-untuk-pria-dan-wanita-menandakan-anda-begini-di-ranjang,No,Adult: Sexual content,Restricted ad serving,ca-pub-7784034061253020,31,2024-11-28,2024-12-02
belitung.tribunnews.com,Page,N/A,N/A,belitung.tribunnews.com/2017/10/10/tren-baru-sedang-populer-mempercantik-miss-v-suntik-lemak-di-organ-intim,No,Adult: Sexual content,Restricted ad serving,ca-pub-7784034061253020,31,2024-11-28,2024-12-01
belitung.tribunnews.com,Page,N/A,N/A,belitung.tribunnews.com/2017/04/24/ingat-artis-seksi-90-an-ini-lihat-kondisi-mereka-sekarang-pasti-gak-nyangka,No,Shocking content,Restricted ad serving,ca-pub-7784034061253020,31,2024-11-29,2024-12-01
belitung.tribunnews.com,Page,N/A,N/A,belitung.tribunnews.com/2017/03/03/suami-saya-itu-hiperseks-saya-lelah-layani-dia-jadi-saya-lakukan-ini,Yes,Ads Disguised as Content,Restricted ad serving,ca-pub-7784034061253020,31,2024-11-27,2024-12-02
banjarmasin.tribunnews.com,Page,N/A,N/A,banjarmasin.tribunnews.com/2018/11/18/psk-banjarmasin-instal-aplikasi-ini-tawarkan-jasa-esek-esek-lengkap-dengan-tarif-dan-tempat-bercinta,No,Shocking content,Restricted ad serving,ca-pub-7784034061253020,31,2024-11-28,2024-12-01
bangka.tribunnews.com,Page,N/A,N/A,bangka.tribunnews.com/2022/06/09/ini-yang-disukai-pria-saat-aktivitas-intim-inez-kristanti-wanita-jangan-diam-saja,No,Content obscuring Google-served ads,Restricted ad serving,ca-pub-7784034061253020,31,2024-11-29,2024-12-02
www.tribunnews.com,Page,N/A,N/A,www.tribunnews.com/regional/2017/11/15/aku-bilang-ituku-sakit-tapi-dia-terus-ngajak-hubungan-intim-pakai-terong-dan-timun,No,Adult: Sexual content,Restricted ad serving,ca-pub-7784034061253020,30,2024-11-27,2024-12-03
www.tribunnews.com,Page,N/A,N/A,www.tribunnews.com/regional/2017/05/23/fakta-kaum-gay-di-palembang-tak-kalah-mencengangkan-dibanding-ibu-kota,No,Adult: Sexual content;Shocking content,Restricted ad serving,ca-pub-7784034061253020,30,2024-11-28,2024-12-01
www.tribunnews.com,Page,N/A,N/A,www.tribunnews.com/kesehatan/2016/08/13/tidak-hanya-wanita-pria-juga-memiliki-g-spot,No,Adult: Sexual content,Restricted ad serving,ca-pub-7784034061253020,30,2024-11-27,2024-12-02
suryamalang.tribunnews.com,Page,N/A,N/A,suryamalang.tribunnews.com/2017/07/30/bodi-seksi-siswi-smp-bikin-hasrat-cowok-smk-meledak-kemudian-inilah-yang-terjadi-di-kamar-kos,No,Shocking content,Restricted ad serving,ca-pub-7784034061253020,30,2024-11-27,2024-12-01
style.tribunnews.com,Page,N/A,N/A,style.tribunnews.com/2016/08/27/ciri-kecanduan-seks-yakin-kamu-bukan-hypersex-coba-lihat-7-tanda-berikut?page=2,No,Adult: Sexual content,Restricted ad serving,ca-pub-7784034061253020,30,2024-12-01,2024-12-01
pontianak.tribunnews.com,Page,N/A,N/A,pontianak.tribunnews.com/2018/06/05/9-artis-seksi-indonesia-yang-tampil-toples-di-film-berani-adegan-panas-sama-bule?page=all,No,Adult: Sexual content,Restricted ad serving,ca-pub-7784034061253020,30,2024-11-29,2024-12-02
pontianak.tribunnews.com,Page,N/A,N/A,pontianak.tribunnews.com/2018/02/12/kesepian-wanita-ini-ketergantungan-alat-bantu-seks-awalnya-geli-lalu-terasa-begini?page=all,No,Adult: Sexual content,Restricted ad serving,ca-pub-7784034061253020,30,2024-11-30,2024-12-01
pontianak.tribunnews.com,Page,N/A,N/A,pontianak.tribunnews.com/2017/11/12/ampun-pak-kepergok-mesum-pasangan-ini-diarak-warga-di-jalan-raya-dan-dipaksa-bugil,Yes,Site Behavior: Navigation,Restricted ad serving,ca-pub-7784034061253020,30,2024-11-28,2024-12-02
palembang.tribunnews.com,Page,N/A,N/A,palembang.tribunnews.com/2017/06/17/manfaatkan-trik-sulap-pria-ini-bebas-pegang-payudara-wanita-rupanya-begini-caranya,No,Adult: Sexual content,Restricted ad serving,ca-pub-7784034061253020,30,2024-11-28,2024-12-02
medan.tribunnews.com,Page,N/A,N/A,medan.tribunnews.com/2018/01/07/video-mesum-anak-kecil-dan-wanita-dewasa-diduga-dilakukan-selama-3-hari-di-hotel,No,Adult: Sexual content,Restricted ad serving,ca-pub-7784034061253020,30,2024-11-28,2024-12-02
makassar.tribunnews.com,Page,N/A,N/A,makassar.tribunnews.com/2011/06/20/fenugreek-tanaman-pemicu-gairah-seks-pria,No,Adult: Sexual content,Restricted ad serving,ca-pub-7784034061253020,30,2024-11-30,2024-12-01
m.tribunnews.com,Page,N/A,N/A,m.tribunnews.com/regional/2019/05/22/ciduk-puluhan-pasangan-tak-resmi-saat-razia-di-hotel-satpol-pp-juga-temukan-alat-kontrasepsi,No,Adult: Sexual content,Restricted ad serving,ca-pub-7784034061253020,30,2024-11-27,2024-12-02
m.tribunnews.com,Page,N/A,N/A,m.tribunnews.com/bisnis/2020/12/04/tokopedia-angkat-bicara-terkait-peredaran-produk-sex-toys-di-e-commerce,No,Adult: Sexual content,Restricted ad serving,ca-pub-7784034061253020,30,2024-11-28,2024-12-01
lampung.tribunnews.com,Page,N/A,N/A,lampung.tribunnews.com/2018/03/26/hasil-riset-gigolo-ternyata-ini-yang-diinginkan-wanita-untuk-memuaskan-diri,No,Adult: Sexual content,Restricted ad serving,ca-pub-7784034061253020,30,2024-11-28,2024-12-02
kupang.tribunnews.com,Page,N/A,N/A,kupang.tribunnews.com/2021/02/11/tersebar-link-dan-video-14-detik-wanita-tanpa-busanagrup-telegram-gabriella-larasati-bermunculan,Yes,Ads Disguised as Content,Restricted ad serving,ca-pub-7784034061253020,30,2024-11-27,2024-12-01
kupang.tribunnews.com,Page,N/A,N/A,kupang.tribunnews.com/2015/09/19/inilah-titik-klitoris-yang-membuat-wanita-bahagia,No,Adult: Sexual content,Restricted ad serving,ca-pub-7784034061253020,30,2024-11-29,2024-12-02
kupang.tribunnews.com,Page,N/A,N/A,kupang.tribunnews.com/2012/09/06/heboh...-siswi-bugil-hebohkan-belu,No,Adult: Sexual content,Restricted ad serving,ca-pub-7784034061253020,30,2024-11-28,2024-12-01
jogja.tribunnews.com,Page,N/A,N/A,jogja.tribunnews.com/2016/12/10/kebiasaan-aneh-pelanggan-psk-yang-dibongkar-di-forum-rahasia,No,Shocking content,Restricted ad serving,ca-pub-7784034061253020,30,2024-11-28,2024-12-02
jambi.tribunnews.com,Page,N/A,N/A,jambi.tribunnews.com/2018/02/05/7-tata-cara-bersetubuh-dan-posisi-seks-menurut-islam-ingat-nomor-6-haram-dilakukan?page=all,No,Adult: Sexual content;Shocking content,Restricted ad serving,ca-pub-7784034061253020,30,2024-11-27,2024-12-02
jakarta.tribunnews.com,Page,N/A,N/A,jakarta.tribunnews.com/2020/11/29/relakan-istri-jadi-psk-awalnya-cemburu-ikut-menikmati-hingga-akhirnya-marah-saat-jatahnya-kurang,Yes,Encouraging accidental clicks: Layout,Restricted ad serving,ca-pub-7784034061253020,30,2024-11-29,2024-12-02
batam.tribunnews.com,Page,N/A,N/A,batam.tribunnews.com/2020/06/17/kabar-terbaru-tiara-lestari-mantan-model-majalah-playboy-kelahiran-solo,No,Shocking content,Restricted ad serving,ca-pub-7784034061253020,30,2024-12-01,2024-12-02
batam.tribunnews.com,Page,N/A,N/A,batam.tribunnews.com/2017/02/08/mengejutkan-inilah-5-bahaya-berhubungan-intim-di-bathtub-air-hangat-jangan-nekat,No,Adult: Sexual content,Restricted ad serving,ca-pub-7784034061253020,30,2024-12-01,2024-12-02
aceh.tribunnews.com,Page,N/A,N/A,aceh.tribunnews.com/2021/10/07/barakallah-fii-umrik-ini-70-ucapan-selamat-ulang-tahun-islami-bahasa-arab-bahasa-indonesia,Yes,Modified ad code: Resizing Ad Frames,Restricted ad serving,ca-pub-7784034061253020,30,2024-11-27,2024-12-02
www.tribunnews.com,Page,N/A,N/A,www.tribunnews.com/nasional/2018/06/08/nmh-pemilik-situs-forum-prostitusi-lendircom-ternyata-warga-ambulu-jember,No,Adult: Sexual content,Restricted ad serving,ca-pub-7784034061253020,29,2024-11-28,2024-12-02
wartakota.tribunnews.com,Page,N/A,N/A,wartakota.tribunnews.com/2020/11/07/warganet-buru-link-video-full-gisel-di-telegram-disebut-pemersatu-bangsa-masih-trending-di-twitter,Yes,Ads Disguised as Content,Restricted ad serving,ca-pub-7784034061253020,29,2024-11-28,2024-12-02
video.tribunnews.com,Page,N/A,N/A,video.tribunnews.com/view/38520/pakai-kamera-tersembunyi-begini-proses-tawar-menawar-tarif-dengan-sejumlah-psk-di-jakarta,Yes,Site Behavior: Navigation,Restricted ad serving,ca-pub-7784034061253020,29,2024-11-27,2024-12-02
trends.tribunnews.com,Page,N/A,N/A,trends.tribunnews.com/2023/06/29/innalillahi-bocah-kelas-1-sd-tewas-dikeroyok-kakak-kelas-hingga-kepala-retak-ortu-saya-gak-ikhlas?source=kgnotif_1,No,Shocking content,Restricted ad serving,ca-pub-7784034061253020,29,2024-11-28,2024-12-01
sumsel.tribunnews.com,Page,N/A,N/A,sumsel.tribunnews.com/2016/07/13/sering-posting-foto-bugil-dj-gebby-vesta-ditawari-main-film-porno-dengan-bayaran-wow,No,Google-served ads obscuring content,Restricted ad serving,ca-pub-7784034061253020,29,2024-12-02,2024-12-02
sumsel.tribunnews.com,Page,N/A,N/A,sumsel.tribunnews.com/2014/11/11/tergoda-pijatan-terapis-seksi-banyak-pejabat-dan-pns-sumsel-terkena-hiv,No,Adult: Sexual content,Restricted ad serving,ca-pub-7784034061253020,29,2024-11-29,2024-12-02
m.tribunnews.com,Page,N/A,N/A,m.tribunnews.com/internasional/2014/03/13/persaingan-prostitusi-di-jepang-boleh-bersenang-senang-tapi-jangan-mencium,No,Adult: Sexual content,Restricted ad serving,ca-pub-7784034061253020,29,2024-11-28,2024-12-02
kaltim.tribunnews.com,Page,N/A,N/A,kaltim.tribunnews.com/2020/05/27/istri-bintang-film-dewasa-ken-zhimizu-buka-bukaan-kondisi-keluarganya-semua-baik-dia-hanya-bekerja,No,Shocking content,Restricted ad serving,ca-pub-7784034061253020,29,2024-11-28,2024-12-01
bangka.tribunnews.com,Page,N/A,N/A,bangka.tribunnews.com/2017/12/03/ini-dia-7-wanita-indonesia-yang-bintangi-film-panas-di-luar-negeri-nomor-6-bikin-melongo?page=all,Yes,Site Behavior: Navigation,Restricted ad serving,ca-pub-7784034061253020,29,2024-12-01,2024-12-01
bangka.tribunnews.com,Page,N/A,N/A,bangka.tribunnews.com/2017/05/23/mendesah-bikin-sensasi-bercinta-lebih-bergairah-fakta-nomor-3-mengganggu-tetangga,No,Adult: Sexual content,Restricted ad serving,ca-pub-7784034061253020,29,2024-12-02,2024-12-02
aceh.tribunnews.com,Page,N/A,N/A,aceh.tribunnews.com/2022/04/21/video-aksi-nekat-wanita-joget-tanpa-busana-dari-jendela-hotel-saat-pemuda-keliling-bangunkan-sahur,Yes,Ads Disguised as Content,Restricted ad serving,ca-pub-7784034061253020,29,2024-11-28,2024-12-02
www.tribunnews.com,Page,N/A,N/A,www.tribunnews.com/regional/2016/05/25/dua-pasang-siswa-sma-di-sidoarjo-kepergok-mesum-di-warnet-ada-kondom-bekasnya,No,Adult: Sexual content,Restricted ad serving,ca-pub-7784034061253020,28,2024-11-28,2024-12-01
www.tribunnews.com,Page,N/A,N/A,www.tribunnews.com/regional/2014/12/13/bursa-seks-kota-pempek-dari-siswi-sma-hingga-psk-impor-bertarif-rp-10-juta,No,Adult: Sexual content,Restricted ad serving,ca-pub-7784034061253020,28,2024-11-27,2024-12-03
wartakota.tribunnews.com,Page,N/A,N/A,wartakota.tribunnews.com/2019/09/20/dengan-mudahnya-para-wanita-ini-kirim-foto-bugil-ternyata-diimingi-uang-jutaan-rupiah,No,Adult: Sexual content,Restricted ad serving,ca-pub-7784034061253020,28,2024-11-30,2024-12-01
sultra.tribunnews.com,Page,N/A,N/A,sultra.tribunnews.com/2022/11/17/video-denise-chariesta-beradegan-tak-senonoh-sosok-rd-di-meja-kantor-pengakuan-kini-viral-di-tiktok,Yes,Ads Disguised as Content,Restricted ad serving,ca-pub-7784034061253020,28,2024-11-28,2024-12-02
pekanbaru.tribunnews.com,Page,N/A,N/A,pekanbaru.tribunnews.com/2017/12/17/tentang-threesome-peneliti-banyak-responden-menyukai-komposisi-2-perempuan-1-pria,No,Adult: Sexual content,Restricted ad serving,ca-pub-7784034061253020,28,2024-11-28,2024-12-02
medan.tribunnews.com,Page,N/A,N/A,medan.tribunnews.com/2016/10/29/yuk-lihat-foto-foto-empunya-payudara-terindah-ryoko-nakaoka,Yes,Site Behavior: Navigation,Restricted ad serving,ca-pub-7784034061253020,28,2024-11-27,2024-12-02
makassar.tribunnews.com,Page,N/A,N/A,makassar.tribunnews.com/2019/12/27/pengakuan-artis-dangdut-cupi-cupita-setelah-video-syur-mirip-dirinya-viral-di-instagram-ig,No,Adult: Sexual content,Restricted ad serving,ca-pub-7784034061253020,28,2024-11-30,2024-12-02
m.tribunnews.com,Page,N/A,N/A,m.tribunnews.com/superskor/2018/11/09/12-fakta-jose-sarasola-pacar-maria-ozawa-yang-jago-basket,No,Shocking content,Restricted ad serving,ca-pub-7784034061253020,28,2024-11-29,2024-12-02
m.tribunnews.com,Page,N/A,N/A,m.tribunnews.com/internasional/2019/04/02/perempuan-muda-dan-kecanduan-film-porno?page=2,No,Adult: Sexual content,Restricted ad serving,ca-pub-7784034061253020,28,2024-12-02,2024-12-02
lampung.tribunnews.com,Page,N/A,N/A,lampung.tribunnews.com/2017/05/30/datangi-pijat-esek-esek-terapis-dan-pelanggan-tepergok-tanpa-busana,No,Adult: Sexual content,Restricted ad serving,ca-pub-7784034061253020,28,2024-11-28,2024-12-02
kupang.tribunnews.com,Page,N/A,N/A,kupang.tribunnews.com/2014/05/01/di-maumere-ada-4-lokasi-ese-esek,No,Adult: Sexual content,Restricted ad serving,ca-pub-7784034061253020,28,2024-11-28,2024-12-02
jatim.tribunnews.com,Page,N/A,N/A,jatim.tribunnews.com/2018/11/07/keseringan-nonton-video-porno-pelajar-sma-di-sampang-setubuhi-kakak-kelasnya,No,Adult: Sexual content,Restricted ad serving,ca-pub-7784034061253020,28,2024-11-27,2024-12-01
bogor.tribunnews.com,Page,N/A,N/A,bogor.tribunnews.com/2019/09/28/kesaksian-remaja-16-tahun-saat-pertama-kali-berhubungan-intim-dengan-ibu-kandung-mama-yang-ngajak,No,Adult: Sexual content,Restricted ad serving,ca-pub-7784034061253020,28,2024-11-29,2024-12-01
belitung.tribunnews.com,Page,N/A,N/A,belitung.tribunnews.com/2018/08/03/ternyata-7-benda-ini-pernah-dipakai-jadi-pengganti-kondom-ini-akibatnya?page=all,No,Adult: Sexual content,Restricted ad serving,ca-pub-7784034061253020,28,2024-12-02,2024-12-03
banjarmasin.tribunnews.com,Page,N/A,N/A,banjarmasin.tribunnews.com/tag/gadis-bugil,Yes,Google-served ads on screens without publisher-content,Restricted ad serving,ca-pub-7784034061253020,28,2024-11-27,2024-12-02
banjarmasin.tribunnews.com,Page,N/A,N/A,banjarmasin.tribunnews.com/2016/03/28/razia-thm-di-banjarmasin-pengunjung-kaget-mami-ladies-karaoke-pun-ikut-dites-urine,No,Shocking content,Restricted ad serving,ca-pub-7784034061253020,28,2024-12-01,2024-12-02
bangka.tribunnews.com,Page,N/A,N/A,bangka.tribunnews.com/2017/08/14/pensiun-dari-film-esek-esek-5-bintang-film-dewasa-ini-sukses-bermain-di-layar-lebar,Yes,Ads Disguised as Content,Restricted ad serving,ca-pub-7784034061253020,28,2024-11-28,2024-12-01
aceh.tribunnews.com,Page,N/A,N/A,aceh.tribunnews.com/2022/01/19/sosok-wanita-di-balik-video-syur-mirip-nagita-slavina-ternyata-bintang-situs-dewasa-inisial-mk,Yes,Ads Disguised as Content,Restricted ad serving,ca-pub-7784034061253020,28,2024-11-27,2024-12-02
medan.tribunnews.com,Page,N/A,N/A,medan.tribunnews.com/2017/04/01/penampilannya-amat-aduhai-saat-berpose-di-majalah-dewasa-kini-penampilan-5-model-ini-tak-disangka,No,Adult: Sexual content,Restricted ad serving,ca-pub-7784034061253020,27,2024-11-28,2024-12-02
makassar.tribunnews.com,Page,N/A,N/A,makassar.tribunnews.com/2021/12/10/pria-ini-senang-melihat-istrinya-berhubungan-intim-dengan-pria-lain-malah-dipromosikan-di-twitter,Yes,Ads Disguised as Content,Restricted ad serving,ca-pub-7784034061253020,27,2024-11-27,2024-12-02
m.tribunnews.com,Page,N/A,N/A,m.tribunnews.com/internasional/2017/10/13/pakai-rok-pendek-dan-seragam-ketat-wanita-ini-dapat-julukan-dosen-terseksi-bikin-mahasiswa-betah,No,Adult: Sexual content,Restricted ad serving,ca-pub-7784034061253020,27,2024-12-02,2024-12-02
m.tribunnews.com,Page,N/A,N/A,m.tribunnews.com/internasional/2015/05/02/bintang-porno-jepang-ini-suka-sekali-dengan-seks,No,Adult: Sexual content,Restricted ad serving,ca-pub-7784034061253020,27,2024-11-27,2024-12-02
jambi.tribunnews.com,Page,N/A,N/A,jambi.tribunnews.com/2018/02/05/7-tata-cara-bersetubuh-dan-posisi-seks-menurut-islam-ingat-nomor-6-haram-dilakukan,No,Adult: Sexual content,Restricted ad serving,ca-pub-7784034061253020,27,2024-11-29,2024-12-01
jabar.tribunnews.com,Page,N/A,N/A,jabar.tribunnews.com/2019/09/04/heboh-video-mesum-di-angkot-sopir-duduk-di-pintu-sang-perempuan-toleh-kanan-kiri-sambil-bergoyang,Yes,Encouraging accidental clicks: Layout;Google-served ads obscuring content,Restricted ad serving,ca-pub-7784034061253020,27,2024-11-30,2024-12-02
bogor.tribunnews.com,Page,N/A,N/A,bogor.tribunnews.com/2020/09/14/tafsir-mimpi-berhubungan-badan-ini-artinya-bagi-wanita,No,Google-served ads obscuring content,Restricted ad serving,ca-pub-7784034061253020,27,2024-11-27,2024-12-01
bangka.tribunnews.com,Page,N/A,N/A,bangka.tribunnews.com/2017/03/15/inilah-5-paket-khusus-yang-ditawarkan-spa-plus-plus-melalui-medsos,No,Adult: Sexual content,Restricted ad serving,ca-pub-7784034061253020,27,2024-11-27,2024-12-02
bangka.tribunnews.com,Page,N/A,N/A,bangka.tribunnews.com/2016/10/11/pengantin-wanita-persilakan-tamu-remas-payudaranya,No,Adult: Sexual content,Restricted ad serving,ca-pub-7784034061253020,27,2024-11-30,2024-12-02
aceh.tribunnews.com,Page,N/A,N/A,aceh.tribunnews.com/2015/02/28/aceh-dalam-gurita-seks-bebas,No,Google-served ads obscuring content,Restricted ad serving,ca-pub-7784034061253020,27,2024-11-29,2024-12-01
www.tribunnews.com,Page,N/A,N/A,www.tribunnews.com/regional/2019/11/08/cerita-ibu-guru-saat-ajak-muridnya-berhubungan-intim-bertiga-di-kamar-kos-awalnya-disuruh-nonton,No,Adult: Sexual content,Restricted ad serving,ca-pub-7784034061253020,26,2024-12-01,2024-12-02
www.tribunnews.com,Page,N/A,N/A,www.tribunnews.com/kesehatan/2016/03/22/lima-bahasa-tubuh-pria-yang-ingin-bercinta,No,Adult: Sexual content,Restricted ad serving,ca-pub-7784034061253020,26,2024-11-27,2024-12-01
www.tribunnews.com,Page,N/A,N/A,www.tribunnews.com/kesehatan/2013/02/06/permen-karet-cinta-bangkitkan-hasrat-seksual-dalam-20-menit?page=2,No,Adult: Sexual content,Restricted ad serving,ca-pub-7784034061253020,26,2024-12-01,2024-12-01
wartakota.tribunnews.com,Page,N/A,N/A,wartakota.tribunnews.com/2014/11/15/begini-trik-mr-p-kecil-memuaskan-pasangan-anda,No,Adult: Sexual content,Restricted ad serving,ca-pub-7784034061253020,26,2024-11-30,2024-12-01
suryamalang.tribunnews.com,Page,N/A,N/A,suryamalang.tribunnews.com/2017/08/29/7-bintang-film-dewasa-ini-meninggal-secara-tragis-nomor-1-sangat-sadis-dan-penuh-darah?page=2,No,Adult: Sexual content,Restricted ad serving,ca-pub-7784034061253020,26,2024-11-27,2024-12-02
surabaya.tribunnews.com,Page,N/A,N/A,surabaya.tribunnews.com/2016/05/24/polisi-sidoarjo-pergoki-2-pasang-pelajar-mesum-di-warnet-ada-kondom-bekasnya,No,Adult: Sexual content,Restricted ad serving,ca-pub-7784034061253020,26,2024-11-27,2024-12-02
palembang.tribunnews.com,Page,N/A,N/A,palembang.tribunnews.com/2014/10/23/video-siswi-smp-mesum-di-hutan-beredar-di-youtube,No,Shocking content,Restricted ad serving,ca-pub-7784034061253020,26,2024-11-28,2024-12-02
makassar.tribunnews.com,Page,N/A,N/A,makassar.tribunnews.com/2017/10/25/gempar-video-mesum-diduga-mahasiswa-universitas-ternama-indonesia-viral-netizen-ributkan-ini,No,Adult: Sexual content,Restricted ad serving,ca-pub-7784034061253020,26,2024-12-01,2024-12-02
makassar.tribunnews.com,Page,N/A,N/A,makassar.tribunnews.com/2016/09/01/ya-ampun-rihanna-pamer-payudara-tanpa-sensor-di-3-video-klip-terbarunya-di-youtube,No,Adult: Sexual content,Restricted ad serving,ca-pub-7784034061253020,26,2024-11-27,2024-12-02
m.tribunnews.com,Page,N/A,N/A,m.tribunnews.com/lifestyle/2010/04/24/gairah-seks-wanita-menurut-primbon-jawa,No,Adult: Sexual content,Restricted ad serving,ca-pub-7784034061253020,26,2024-11-28,2024-12-01
jogja.tribunnews.com,Page,N/A,N/A,jogja.tribunnews.com/2014/08/13/boneka-seks-ini-sangat-mirip-dengan-manusia,No,Adult: Sexual content,Restricted ad serving,ca-pub-7784034061253020,26,2024-11-28,2024-12-02
jateng.tribunnews.com,Page,N/A,N/A,jateng.tribunnews.com/2017/12/09/polisi-melihat-rekaman-cctv-pelaku-pembunuhan-di-indomaret-gajah,No,Shocking content,Restricted ad serving,ca-pub-7784034061253020,26,2024-12-02,2024-12-02
bangka.tribunnews.com,Page,N/A,N/A,bangka.tribunnews.com/2022/01/13/video-goyangan-13-detik-gisel-ini-masih-banjir-tontonan-ngaku-rasanya-paling-enak,Yes,Ads Disguised as Content,Restricted ad serving,ca-pub-7784034061253020,26,2024-11-30,2024-12-01
bangka.tribunnews.com,Page,N/A,N/A,bangka.tribunnews.com/2018/02/05/bule-cantik-ini-diminta-lakukan-intim-oleh-pegawai-hotel-di-bali-bikin-malu-indonesia,No,Adult: Sexual content,Restricted ad serving,ca-pub-7784034061253020,26,2024-12-01,2024-12-02
bangka.tribunnews.com,Page,N/A,N/A,bangka.tribunnews.com/2017/11/10/curhat-wanita-yang-mudah-terangsang-dan-selalu-ingin-berhubungan-intim-cowok-ini-jadi-penolongnya,No,Adult: Sexual content,Restricted ad serving,ca-pub-7784034061253020,26,2024-12-01,2024-12-01
bali.tribunnews.com,Page,N/A,N/A,bali.tribunnews.com/2014/08/04/awalnya-geli-geli-tapi-setelah-mencoba-jadi-ketagihan,No,Adult: Sexual content,Restricted ad serving,ca-pub-7784034061253020,26,2024-11-30,2024-12-02
suryamalang.tribunnews.com,Page,N/A,N/A,suryamalang.tribunnews.com/2017/09/16/bintang-jav-film-dewasa-jepang-ini-memilih-pensiun-pekerjaan-mereka-sekarang-mengejutkan,No,Shocking content,Restricted ad serving,ca-pub-7784034061253020,25,2024-11-27,2024-12-01
sumsel.tribunnews.com,Page,N/A,N/A,sumsel.tribunnews.com/2017/11/22/istri-halangan-3-hari-gak-dikasih-jatah-lihat-gadis-cuma-pakai-handuk-ini-yang-dilakukan-mulyadi,No,Shocking content,Restricted ad serving,ca-pub-7784034061253020,25,2024-11-28,2024-12-01
pekanbaru.tribunnews.com,Page,N/A,N/A,pekanbaru.tribunnews.com/2023/08/26/diperankan-angeli-khang-nonton-film-silip-sa-apoy-2022,No,Google-served ads obscuring content,Restricted ad serving,ca-pub-7784034061253020,25,2024-11-30,2024-12-02
pekanbaru.tribunnews.com,Page,N/A,N/A,pekanbaru.tribunnews.com/2022/01/15/video-viral-tiktok-twitter-41-detik-sejoli-berhubungan-tapi-zoom-lupa-dimatikan,Yes,Ads Disguised as Content,Restricted ad serving,ca-pub-7784034061253020,25,2024-11-27,2024-12-02
pekanbaru.tribunnews.com,Page,N/A,N/A,pekanbaru.tribunnews.com/2021/03/31/yuk-nonton-nonton-film-secret-in-bed-with-my-boss-sub-indo-full-movie-download-film-romantis-2020,Yes,Ads Disguised as Content,Restricted ad serving,ca-pub-7784034061253020,25,2024-11-29,2024-12-02
medan.tribunnews.com,Page,N/A,N/A,medan.tribunnews.com/2017/02/06/perempuan-paling-puas-berhubungan-seks-di-usia-33-tahun-ini-sebabnya,No,Adult: Sexual content,Restricted ad serving,ca-pub-7784034061253020,25,2024-11-28,2024-12-01
makassar.tribunnews.com,Page,N/A,N/A,makassar.tribunnews.com/2020/01/06/5-artis-perankan-hubungan-intim-tapi-akhirnya-menikmati-adegan-ranjang-itu-ada-yang-bareng-brondong,No,Adult: Sexual content,Restricted ad serving,ca-pub-7784034061253020,25,2024-11-29,2024-12-01
kupang.tribunnews.com,Page,N/A,N/A,kupang.tribunnews.com/2018/01/06/pria-ini-klaim-sebagai-pemilik-penis-terpanjang-di-dunia-namun-dokter-ungkap-fakta-mengerikan-ini,No,Adult: Sexual content,Restricted ad serving,ca-pub-7784034061253020,25,2024-11-27,2024-12-01
kupang.tribunnews.com,Page,N/A,N/A,kupang.tribunnews.com/2016/09/16/sumarni-kaget-terapisnya-beri-layanan-begituan-bertarif-rp-250-ribu,No,Adult: Sexual content,Restricted ad serving,ca-pub-7784034061253020,25,2024-11-28,2024-12-02
jogja.tribunnews.com,Page,N/A,N/A,jogja.tribunnews.com/2017/05/05/inilah-reaksi-wanita-yang-belum-pernah-lihat-miss-v-nya-sendiri-ada-yang-cekikikan,No,Adult: Sexual content,Restricted ad serving,ca-pub-7784034061253020,25,2024-11-29,2024-12-02
bogor.tribunnews.com,Page,N/A,N/A,bogor.tribunnews.com/2021/08/23/arti-mimpi-berhubungan-badan-dengan-selingkuhan-menurut-primbon-jawa-bukan-jadi-pertanda-buruk,Yes,Ads Disguised as Content,Restricted ad serving,ca-pub-7784034061253020,25,2024-11-27,2024-12-01
bogor.tribunnews.com,Page,N/A,N/A,bogor.tribunnews.com/2017/09/11/intip-istri-tetangga-mandi-pria-ini-alami-hal-mengerikan-karena-terkejut,No,Adult: Sexual content;Shocking content,Restricted ad serving,ca-pub-7784034061253020,25,2024-12-01,2024-12-02
belitung.tribunnews.com,Page,N/A,N/A,belitung.tribunnews.com/2017/04/12/budaya-esek-esek-paling-bebas-di-dunia-ada-di-negara-ini-salah-satunya-di-asia-tenggara,No,Adult: Sexual content,Restricted ad serving,ca-pub-7784034061253020,25,2024-11-28,2024-12-01
bangka.tribunnews.com,Page,N/A,N/A,bangka.tribunnews.com/2017/08/02/inilah-boneka-seks-paling-realistis-bisa-menanggapi-percakapan-berekspresi-hingga-bernyanyi,No,Adult: Sexual content,Restricted ad serving,ca-pub-7784034061253020,25,2024-11-29,2024-12-01
bali.tribunnews.com,Page,N/A,N/A,bali.tribunnews.com/2018/02/10/viral-video-goyangan-hot-3-siswi-sma-masih-mengenakan-seragam-sekolah,Yes,Site Behavior: Navigation,Restricted ad serving,ca-pub-7784034061253020,25,2024-11-28,2024-12-02
www.tribunnews.com,Page,N/A,N/A,www.tribunnews.com/regional/2020/06/07/insiden-mobil-goyang-di-asahan-di-dalamnya-2-asn-mesum-tergeletak-tanpa-busana-mulut-berbusa,No,Shocking content,Restricted ad serving,ca-pub-7784034061253020,24,2024-12-01,2024-12-01
www.tribunnews.com,Page,N/A,N/A,www.tribunnews.com/kesehatan/2016/05/10/agar-makin-orgasme-lakukan-senam-legel-sebelum-berhubungan-seks,No,Adult: Sexual content,Restricted ad serving,ca-pub-7784034061253020,24,2024-11-27,2024-12-03
www.tribunnews.com,Page,N/A,N/A,www.tribunnews.com/kesehatan/2015/01/14/semua-miss-v-dijamin-bisa-sesuaikan-ukuran-besar-kecil-mr-p,No,Adult: Sexual content,Restricted ad serving,ca-pub-7784034061253020,24,2024-11-27,2024-12-01
wartakota.tribunnews.com,Page,N/A,N/A,wartakota.tribunnews.com/2024/04/27/rth-tubagus-angke-jakbar-jadi-tempat-maksiat-pelacuran-dan-penuh-kondom-bekas-ini-cara-sudin-cegah?page=all,No,Adult: Sexual content,Restricted ad serving,ca-pub-7784034061253020,24,2024-12-01,2024-12-01
wartakota.tribunnews.com,Page,N/A,N/A,wartakota.tribunnews.com/2020/01/30/fakta-candoleng-doleng-pedangdut-seksi-lepas-baju-dan-bra-di-panggung-bikin-penonton-terus-saweran?page=3,No,Shocking content,Restricted ad serving,ca-pub-7784034061253020,24,2024-11-30,2024-12-02
wartakota.tribunnews.com,Page,N/A,N/A,wartakota.tribunnews.com/2017/09/18/wow-cina-bikin-boneka-seks-yang-bisa-disewa-bergantian,No,Adult: Sexual content,Restricted ad serving,ca-pub-7784034061253020,24,2024-11-30,2024-12-02
wartakota.tribunnews.com,Page,N/A,N/A,wartakota.tribunnews.com/2015/07/30/pelukan-membuat-wanita-lebih-bergairah,No,Adult: Sexual content,Restricted ad serving,ca-pub-7784034061253020,24,2024-11-27,2024-12-02
pontianak.tribunnews.com,Page,N/A,N/A,pontianak.tribunnews.com/2015/05/02/wow-presenter-tv-ini-rela-bugil-saat-beritakan-hubungan-ronaldo,No,Adult: Sexual content,Restricted ad serving,ca-pub-7784034061253020,24,2024-12-02,2024-12-02
makassar.tribunnews.com,Page,N/A,N/A,makassar.tribunnews.com/2020/03/27/fakta-fakta-pramugari-mesum-dengan-kekasih-main-di-hotel-direkam-pakai-ponsel-wanita,No,Shocking content,Restricted ad serving,ca-pub-7784034061253020,24,2024-12-02,2024-12-02
makassar.tribunnews.com,Page,N/A,N/A,makassar.tribunnews.com/2019/08/23/video-wanita-tiba-tiba-buka-baju-telanjang-dada-di-dalam-mal-bekasi-benarkah-gegera-gerah?page=2,No,Adult: Sexual content,Restricted ad serving,ca-pub-7784034061253020,24,2024-12-02,2024-12-02
makassar.tribunnews.com,Page,N/A,N/A,makassar.tribunnews.com/2018/01/06/video-viral-tante-vs-bocah-anak-anak-itu-sebenarnya-tolak-hubungan-badan-tapi-diimingi-ini?page=4,No,Adult: Sexual content,Restricted ad serving,ca-pub-7784034061253020,24,2024-11-29,2024-12-01
makassar.tribunnews.com,Page,N/A,N/A,makassar.tribunnews.com/2017/03/28/warga-salubiro-mamuju-sempat-dengar-teriakan-akbar-sebelum-ditelan-ular-piton,No,Shocking content,Restricted ad serving,ca-pub-7784034061253020,24,2024-11-27,2024-12-01
m.tribunnews.com,Page,N/A,N/A,m.tribunnews.com/regional/2017/06/07/ritual-yang-harus-dijalani-pencari-pesugihan-di-gunung-kemukus-termasuk-seks-7-kali,No,Adult: Sexual content,Restricted ad serving,ca-pub-7784034061253020,24,2024-11-29,2024-12-02
kaltim.tribunnews.com,Page,N/A,N/A,kaltim.tribunnews.com/2018/03/01/ukuran-kondom-terlalu-kecil-menteri-kesehatan-ini-protes-keras-produsen-beberkan-fakta-sebenarnya?page=all,No,Adult: Sexual content,Restricted ad serving,ca-pub-7784034061253020,24,2024-12-02,2024-12-02
jateng.tribunnews.com,Page,N/A,N/A,jateng.tribunnews.com/2018/02/06/terbongkar-inilah-rahasia-aktor-film-bokep-bisa-tahan-berjam-jam?page=2,No,Adult: Sexual content,Restricted ad serving,ca-pub-7784034061253020,24,2024-12-02,2024-12-02
jateng.tribunnews.com,Page,N/A,N/A,jateng.tribunnews.com/2016/08/12/ada-lagi-wanita-cantik-berhubungan-seks-dengan-anjing-kali-ini-malah-merekam-videonya,Yes,Site Behavior: Navigation,Restricted ad serving,ca-pub-7784034061253020,24,2024-11-28,2024-12-01
jambi.tribunnews.com,Page,N/A,N/A,jambi.tribunnews.com/2019/06/09/5-ciri-ciri-fisik-wanita-yang-nafsu-birahinya-meletup-letup-pasangan-bahagia-banyak-variasi-bercinta,No,Adult: Sexual content,Restricted ad serving,ca-pub-7784034061253020,24,2024-11-27,2024-12-01
jambi.tribunnews.com,Page,N/A,N/A,jambi.tribunnews.com/2018/09/18/sperma-keluar-saat-buang-air-kecil-normalkah-dok,No,Adult: Sexual content,Restricted ad serving,ca-pub-7784034061253020,24,2024-12-01,2024-12-01
jambi.tribunnews.com,Page,N/A,N/A,jambi.tribunnews.com/2017/11/29/9-posisi-oral-seks-yang-membuat-pasangan-merem-melek-nomor-3-enak-dilakukan-di-sofa?page=4,No,Adult: Sexual content,Restricted ad serving,ca-pub-7784034061253020,24,2024-11-29,2024-12-01
jambi.tribunnews.com,Page,N/A,N/A,jambi.tribunnews.com/2017/11/25/segelas-minuman-ini-untuk-istri-hasilnya-ya-ampun-kok-jadi-semakin-bergairah-di-ranjang,No,Adult: Sexual content,Restricted ad serving,ca-pub-7784034061253020,24,2024-12-01,2024-12-01
jabar.tribunnews.com,Page,N/A,N/A,jabar.tribunnews.com/2017/11/11/bahaya-cara-baru-bikin-vape-menggunakan-fitting-lampu-cairannya-pakai-minyak-kayu-putih,No,Tobacco,Restricted ad serving,ca-pub-7784034061253020,24,2024-11-28,2024-12-03
cirebon.tribunnews.com,Page,N/A,N/A,cirebon.tribunnews.com/2019/10/22/ucapan-pemeran-cewek-di-video-porno-dosen-vs-mahasiswi-di-kota-b-viral-si-bapak-mah-pikasebeleun,No,Adult: Sexual content,Restricted ad serving,ca-pub-7784034061253020,24,2024-11-28,2024-12-01
cirebon.tribunnews.com,Page,N/A,N/A,cirebon.tribunnews.com/2019/10/17/beredar-luas-foto-pamela-safitri-tak-pakai-busana-hingga-terlihat-seluruh-dalaman-tubuhnya?page=2,No,Adult: Sexual content,Restricted ad serving,ca-pub-7784034061253020,24,2024-11-30,2024-12-02
bogor.tribunnews.com,Page,N/A,N/A,bogor.tribunnews.com/2019/07/07/cari-sepatu-pantofel-yang-harga-dibawah-rp-100-ribu-di-bogor-ini-tempatnya,No,Shocking content,Restricted ad serving,ca-pub-7784034061253020,24,2024-11-29,2024-12-02
belitung.tribunnews.com,Page,N/A,N/A,belitung.tribunnews.com/2018/01/31/diajari-bercinta-tante-girang-dan-hilang-perjaka-saat-usia-11-tahun-kini-gadis-sma-jadi-korban?page=3,No,Adult: Sexual content,Restricted ad serving,ca-pub-7784034061253020,24,2024-11-30,2024-12-02
belitung.tribunnews.com,Page,N/A,N/A,belitung.tribunnews.com/2016/01/16/lihat-ini-10-komentar-lucu-wanita-saat-pertama-kali-melihat-mr-p,No,Adult: Sexual content,Restricted ad serving,ca-pub-7784034061253020,24,2024-11-27,2024-12-02
batam.tribunnews.com,Page,N/A,N/A,batam.tribunnews.com/2021/03/20/cerita-wanita-dipaksa-berpayudara-besar-buat-bayar-pajak-makin-besar-asetnya-makin-mahal-pajaknya,No,Content obscuring Google-served ads,Restricted ad serving,ca-pub-7784034061253020,24,2024-11-29,2024-12-03
banjarmasin.tribunnews.com,Page,N/A,N/A,banjarmasin.tribunnews.com/2020/09/04/viral-video-seorang-wanita-tanpa-pakai-baju-diarak-warga-termasuk-anak-anak-2-kali-kepergok-mesum,Yes,Ads Disguised as Content,Restricted ad serving,ca-pub-7784034061253020,24,2024-11-27,2024-12-02
bangka.tribunnews.com,Page,N/A,N/A,bangka.tribunnews.com/2020/01/11/boneka-seks-mirip-anak-kecil-dibawa-mahasiswa-dari-china-terbuat-dari-silikon-dan-itu-pornografi,No,Adult: Sexual content,Restricted ad serving,ca-pub-7784034061253020,24,2024-11-27,2024-12-02
bangka.tribunnews.com,Page,N/A,N/A,bangka.tribunnews.com/2020/01/06/tips-latihan-dan-senam-kegel-bakal-buat-wanita-maksimal-dan-nyaman-di-ranjang-begini-caranya?page=3,No,Adult: Sexual content,Restricted ad serving,ca-pub-7784034061253020,24,2024-11-27,2024-12-02
bangka.tribunnews.com,Page,N/A,N/A,bangka.tribunnews.com/2018/03/07/kesal-seorang-ayah-tega-potong-tangan-anaknya-karena-kecanduan-nonton-film-porno,No,Shocking content,Restricted ad serving,ca-pub-7784034061253020,24,2024-11-27,2024-12-01
bangka.tribunnews.com,Page,N/A,N/A,bangka.tribunnews.com/2018/01/10/tante-muda-pemeran-video-mesum-bersama-bocah-bandung-ternyata-bekerja-di-tempat-ini,No,Adult: Sexual content,Restricted ad serving,ca-pub-7784034061253020,24,2024-11-30,2024-12-02
bangka.tribunnews.com,Page,N/A,N/A,bangka.tribunnews.com/2017/02/22/ulah-konyol-anak-kos-intip-mahasiswi-telanjang-di-kamar-mandi-lewat-lobang-pintu,No,Adult: Sexual content,Restricted ad serving,ca-pub-7784034061253020,24,2024-11-27,2024-12-02
aceh.tribunnews.com,Page,N/A,N/A,aceh.tribunnews.com/2020/07/30/5-alasan-kenapa-wanita-suka-pria-gemuk,No,Google-served ads obscuring content,Restricted ad serving,ca-pub-7784034061253020,24,2024-11-29,2024-12-02
aceh.tribunnews.com,Page,N/A,N/A,aceh.tribunnews.com/2017/02/05/karyawan-yang-hobi-nonton-film-porno-di-china-sangat-tinggi,No,Adult: Sexual content,Restricted ad serving,ca-pub-7784034061253020,24,2024-11-30,2024-12-01
www.tribunnewswiki.com,Page,N/A,N/A,www.tribunnewswiki.com/2020/11/09/bikin-film-tak-senonoh-di-taman-nasional-4-bintang-film-dewasa-terancam-tuntutan-hukum?page=all,No,Google-served ads obscuring content,Restricted ad serving,ca-pub-7784034061253020,23,2024-12-02,2024-12-03
www.tribunnews.com,Page,N/A,N/A,www.tribunnews.com/kesehatan/2017/09/27/seks-bebas-jumlah-penderita-penyakit-menular-seksual-di-amerika-serikat-capai-rekor-tertinggi,No,Shocking content,Restricted ad serving,ca-pub-7784034061253020,23,2024-11-27,2024-12-02
wartakota.tribunnews.com,Page,N/A,N/A,wartakota.tribunnews.com/2022/11/03/link-video-mesum-perempuan-cantik-kebaya-merah-berdurasi-16-menit-diburu-polda-bali-turun-tangan,Yes,Ads Disguised as Content,Restricted ad serving,ca-pub-7784034061253020,23,2024-11-28,2024-12-02
wartakota.tribunnews.com,Page,N/A,N/A,wartakota.tribunnews.com/2020/11/07/link-download-video-full-gisel-viral-di-medsos-jadi-buruan-warganet-di-twitter-dan-telegram?page=3,Yes,Encouraging accidental clicks: Layout;Google-served ads obscuring content,Restricted ad serving,ca-pub-7784034061253020,23,2024-11-27,2024-12-01
wartakota.tribunnews.com,Page,N/A,N/A,wartakota.tribunnews.com/2015/10/11/ternyata-80-wanita-memakai-ukuran-bra-yang-salah,No,Shocking content,Restricted ad serving,ca-pub-7784034061253020,23,2024-11-28,2024-12-01
wartakota.tribunnews.com,Page,N/A,N/A,wartakota.tribunnews.com/2014/08/20/wanita-30-tahun-paling-hot-di-atas-ranjang,No,Adult: Sexual content,Restricted ad serving,ca-pub-7784034061253020,23,2024-11-30,2024-12-02
wartakota.tribunnews.com,Page,N/A,N/A,wartakota.tribunnews.com/2014/05/22/rahasia-bentuk-pinggul-tunjukkan-kehidupan-seks-anda,No,Adult: Sexual content,Restricted ad serving,ca-pub-7784034061253020,23,2024-11-29,2024-12-02
suryamalang.tribunnews.com,Page,N/A,N/A,suryamalang.tribunnews.com/2019/07/25/hotman-paris-beberkan-ciri-ciri-suami-yang-suka-jajan-di-luar-ada-jam-khusus-istri-boleh-tahu,No,Google-served ads obscuring content,Restricted ad serving,ca-pub-7784034061253020,23,2024-11-27,2024-12-02
style.tribunnews.com,Page,N/A,N/A,style.tribunnews.com/2017/09/22/kemaluan-bebek-pejantan-bisa-membesar-10-kali-lipat-secara-ilmiah-begini-penjelasannya,No,Adult: Sexual content,Restricted ad serving,ca-pub-7784034061253020,23,2024-11-27,2024-12-01
pontianak.tribunnews.com,Page,N/A,N/A,pontianak.tribunnews.com/2015/02/10/demi-membuat-film-gadis-cantik-rela-menikah-dengan-suku-pedalaman,No,Shocking content,Restricted ad serving,ca-pub-7784034061253020,23,2024-12-02,2024-12-02
pekanbaru.tribunnews.com,Page,N/A,N/A,pekanbaru.tribunnews.com/2021/08/18/apa-itu-ndak-og-artinya-dalam-bahasa-gaul-ternyata-begini-penjelasan-arti-ndak-og-bahasa-gaul,No,Google-served ads obscuring content,Restricted ad serving,ca-pub-7784034061253020,23,2024-11-30,2024-12-02
pekanbaru.tribunnews.com,Page,N/A,N/A,pekanbaru.tribunnews.com/2017/08/11/inilah-jamur-yang-mampu-bikin-wanita-orgasme-spontan-dan-gairah-seks-menggebu-gebu,No,Adult: Sexual content,Restricted ad serving,ca-pub-7784034061253020,23,2024-12-01,2024-12-01
medan.tribunnews.com,Page,N/A,N/A,medan.tribunnews.com/2022/05/17/pernah-tersandung-skandal-luna-maya-sempat-menangis-ceritakan-soal-video-panas-dengan-ariel-noah,Yes,Ads Disguised as Content,Restricted ad serving,ca-pub-7784034061253020,23,2024-12-01,2024-12-02
medan.tribunnews.com,Page,N/A,N/A,medan.tribunnews.com/2019/02/20/pria-terduga-maling-helm-di-unimed-tewas-setelah-dihajar-satpam-tinggalkan-istri-yang-tengah-hamil,Yes,Ads Disguised as Content,Restricted ad serving,ca-pub-7784034061253020,23,2024-12-02,2024-12-02
makassar.tribunnews.com,Page,N/A,N/A,makassar.tribunnews.com/seleb/gosipi,No,Adult: Sexual content,Restricted ad serving,ca-pub-7784034061253020,23,2024-11-30,2024-12-02
makassar.tribunnews.com,Page,N/A,N/A,makassar.tribunnews.com/2017/10/18/foto-crott-di-wajah-lidya-ini-viral-dan-hebohkan-netizen-ternyata-ini-fakta-sebenarnya,No,Shocking content,Restricted ad serving,ca-pub-7784034061253020,23,2024-11-29,2024-12-01
makassar.tribunnews.com,Page,N/A,N/A,makassar.tribunnews.com/2017/04/29/pt-anuang-trading-makassar-jadi-distributor-valvoline-oil,No,Shocking content,Restricted ad serving,ca-pub-7784034061253020,23,2024-11-30,2024-12-02
makassar.tribunnews.com,Page,N/A,N/A,makassar.tribunnews.com/2015/08/31/sebaiknya-hindari-alat-bantu-suami-istri-ini-bahayanya-mengerikan,No,Adult: Sexual content,Restricted ad serving,ca-pub-7784034061253020,23,2024-11-27,2024-12-01
madura.tribunnews.com,Page,N/A,N/A,madura.tribunnews.com/2020/01/02/daftar-harga-rokok-terbaru-setelah-tarif-cukai-rokok-naik-2020marlboro-ice-blast-capai-rp-52500?page=2,No,Tobacco,Restricted ad serving,ca-pub-7784034061253020,23,2024-11-30,2024-12-02
m.tribunnews.com,Page,N/A,N/A,m.tribunnews.com/tag/telanjang,No,Adult: Sexual content,Restricted ad serving,ca-pub-7784034061253020,23,2024-11-27,2024-12-02
lampung.tribunnews.com,Page,N/A,N/A,lampung.tribunnews.com/2015/12/04/astaga-kasus-hubungan-intim-antara-manusia-dengan-kuda-meningkat-di-swiss,No,Adult: Sexual content,Restricted ad serving,ca-pub-7784034061253020,23,2024-11-30,2024-12-02
kupang.tribunnews.com,Page,N/A,N/A,kupang.tribunnews.com/2015/02/22/bintang-porno-jepang-ini-bukukan-kisah-proses-bikin-video-intim,No,Adult: Sexual content,Restricted ad serving,ca-pub-7784034061253020,23,2024-11-27,2024-12-02
jatim.tribunnews.com,Page,N/A,N/A,jatim.tribunnews.com/2018/01/08/12-fakta-video-panas-tante-vs-bocah-sd-yang-viral-di-medsos-terungkap-lokasi-sampai-durasi-syuting?page=3,Yes,Site Behavior: Navigation,Restricted ad serving,ca-pub-7784034061253020,23,2024-11-29,2024-12-02
jateng.tribunnews.com,Page,N/A,N/A,jateng.tribunnews.com/2016/11/23/ini-rahasia-kenapa-penis-dan-tanduk-rusa-harganya-nggak-masuk-akal,No,Adult: Sexual content,Restricted ad serving,ca-pub-7784034061253020,23,2024-11-27,2024-12-01
jateng.tribunnews.com,Page,N/A,N/A,jateng.tribunnews.com/2016/04/20/inilah-sosok-penjual-jamu-yang-menghebohkan-media-sosial,No,Adult: Sexual content,Restricted ad serving,ca-pub-7784034061253020,23,2024-11-27,2024-12-01
jambi.tribunnews.com,Page,N/A,N/A,jambi.tribunnews.com/2019/08/09/rela-pakai-rok-pendek-dan-tubuh-terbuka-kisah-spg-cantik-layani-pria-dibayar-rp-1-juta-per-6-jam,No,Adult: Sexual content,Restricted ad serving,ca-pub-7784034061253020,23,2024-11-30,2024-12-01
jambi.tribunnews.com,Page,N/A,N/A,jambi.tribunnews.com/2017/12/09/coba-5-posisi-seks-ini-bikin-bergairah-dan-tahan-lama-nomor-4-bikin-wanita-mencapai-klimaks,No,Adult: Sexual content,Restricted ad serving,ca-pub-7784034061253020,23,2024-12-02,2024-12-02
jambi.tribunnews.com,Page,N/A,N/A,jambi.tribunnews.com/2017/11/29/9-posisi-oral-seks-yang-membuat-pasangan-merem-melek-nomor-3-enak-dilakukan-di-sofa?page=3,No,Adult: Sexual content,Restricted ad serving,ca-pub-7784034061253020,23,2024-11-29,2024-12-01
jambi.tribunnews.com,Page,N/A,N/A,jambi.tribunnews.com/2017/09/24/curhat-berhubungan-seks-sambil-menyusui-anak-kelakuan-tasha-dinilai-tak-pantas,No,Shocking content,Restricted ad serving,ca-pub-7784034061253020,23,2024-11-29,2024-12-02
jambi.tribunnews.com,Page,N/A,N/A,jambi.tribunnews.com/2017/08/16/ini-lho-yang-terjadi-saat-selaput-dara-sobek-beginilah-rasanya-saat-keperawanan-itu-hilang,No,Adult: Sexual content,Restricted ad serving,ca-pub-7784034061253020,23,2024-11-29,2024-12-02
jakarta.tribunnews.com,Page,N/A,N/A,jakarta.tribunnews.com/2019/09/18/5-fakta-video-panas-siswi-sma-di-sumsel-yang-viral-berawal-dari-video-call-hingga-jadi-ancaman,Yes,Google-served ads on screens without publisher-content,Restricted ad serving,ca-pub-7784034061253020,23,2024-11-27,2024-12-02
cirebon.tribunnews.com,Page,N/A,N/A,cirebon.tribunnews.com/2019/09/19/istri-sedang-kerja-suami-di-rumah-bercinta-dengan-ibu-mertua-lakukan-hubungan-badan-berkali-kali,No,Adult: Sexual content,Restricted ad serving,ca-pub-7784034061253020,23,2024-11-28,2024-12-01
belitung.tribunnews.com,Page,N/A,N/A,belitung.tribunnews.com/2016/05/04/senjata-anda-sering-loyo-atasi-dengan-viagra-alami-buatan-sendiri,No,Adult: Sexual content,Restricted ad serving,ca-pub-7784034061253020,23,2024-12-02,2024-12-02
banjarmasin.tribunnews.com,Page,N/A,N/A,banjarmasin.tribunnews.com/2018/02/12/ibu-dua-anak-ini-blak-blakan-akui-gunakan-asex-toys-begini-rasanya-katanya,No,Adult: Sexual content,Restricted ad serving,ca-pub-7784034061253020,23,2024-12-01,2024-12-01
bangka.tribunnews.com,Page,N/A,N/A,bangka.tribunnews.com/2021/10/07/video-gisel-terbaru-pakai-baju-tidur-rambut-terurai-goyang-bareng-2-pria-ditonton-47-juta-kali,Yes,Ads Disguised as Content,Restricted ad serving,ca-pub-7784034061253020,23,2024-11-29,2024-12-01
bangka.tribunnews.com,Page,N/A,N/A,bangka.tribunnews.com/2019/08/19/gadis-belia-tak-kuasa-menolak-ajakan-kakak-ipar-berhubungan-badan-belasan-kali-gegara-alasan-ini,No,Adult: Sexual content,Restricted ad serving,ca-pub-7784034061253020,23,2024-12-01,2024-12-01
bangka.tribunnews.com,Page,N/A,N/A,bangka.tribunnews.com/2019/04/25/terungkap-fakta-video-telanjang-6-artis-pria-dan-dua-atlet-ganteng-pria-ini-malah-minta-maaf,Yes,Ads Disguised as Content,Restricted ad serving,ca-pub-7784034061253020,23,2024-11-27,2024-12-01
bangka.tribunnews.com,Page,N/A,N/A,bangka.tribunnews.com/2015/08/12/akibat-video-porno-mahasiswa-ini-perkosa-dan-culik-perawan-kampus,No,Adult: Sexual content,Restricted ad serving,ca-pub-7784034061253020,23,2024-12-01,2024-12-02
bali.tribunnews.com,Page,N/A,N/A,bali.tribunnews.com/2019/03/14/saat-berhubungan-suami-istri-tak-boleh-membayangkan-mantan-ini-sebabnya,No,Adult: Sexual content,Restricted ad serving,ca-pub-7784034061253020,23,2024-11-29,2024-12-02
bali.tribunnews.com,Page,N/A,N/A,bali.tribunnews.com/2017/06/14/dijuluki-bom-seks-hingga-berani-akting-telanjang-dada-nasibnya-kini-jualan-lontong?page=2,No,Adult: Sexual content,Restricted ad serving,ca-pub-7784034061253020,23,2024-11-27,2024-12-01
www.tribunnews.com,Page,N/A,N/A,www.tribunnews.com/regional/2018/01/08/lihat-sang-anak-intim-dengan-wanita-dewasa-2-ibu-ini-malah-bilang-begini,No,Shocking content,Restricted ad serving,ca-pub-7784034061253020,22,2024-11-27,2024-12-01
www.tribunnews.com,Page,N/A,N/A,www.tribunnews.com/kesehatan/2016/12/08/pria-ternyata-punya-g-spot-loh-dimanakah-letaknya-simak-ini,No,Adult: Sexual content,Restricted ad serving,ca-pub-7784034061253020,22,2024-11-27,2024-12-02
www.tribunnews.com,Page,N/A,N/A,www.tribunnews.com/internasional/2017/12/05/cerita-seorang-janda-kaya-dan-cantik-yang-bangga-sudah-tiduri-100-pria-beristri,No,Adult: Sexual content,Restricted ad serving,ca-pub-7784034061253020,22,2024-11-27,2024-12-01
wow.tribunnews.com,Page,N/A,N/A,wow.tribunnews.com/2018/01/04/bongkar-isi-kepala-cowok-terkait-soal-seks-ungkap-alasan-kenapa-cowok-kerap-mikirin-seks?page=3,No,Adult: Sexual content,Restricted ad serving,ca-pub-7784034061253020,22,2024-12-01,2024-12-01
wartakota.tribunnews.com,Page,N/A,N/A,wartakota.tribunnews.com/2021/02/10/video-full-gabriella-larasati-diburu-warganet-di-twitter-dan-telegram-benarkah-terlibat-video-syur,Yes,Ads Disguised as Content,Restricted ad serving,ca-pub-7784034061253020,22,2024-11-30,2024-12-01
wartakota.tribunnews.com,Page,N/A,N/A,wartakota.tribunnews.com/2017/10/21/belut-itu-masuk-ke-rahim-wanita-cantik-yang-bermasturbasi-dengan-hewan-ini,No,Adult: Sexual content;Shocking content,Restricted ad serving,ca-pub-7784034061253020,22,2024-11-27,2024-12-02
suryamalang.tribunnews.com,Page,N/A,N/A,suryamalang.tribunnews.com/2017/04/18/alamak-diduga-ketahuan-selingkuh-wanita-telanjang-ini-dikelilingi-warga-sambil-minta-maaf,No,Adult: Sexual content,Restricted ad serving,ca-pub-7784034061253020,22,2024-12-01,2024-12-01
style.tribunnews.com,Page,N/A,N/A,style.tribunnews.com/2018/01/19/pria-ini-dikirimi-foto-bokong-seksi-teman-kencannya-tak-lama-ia-sadar-ada-yang-janggal-ternyata,No,Adult: Sexual content,Restricted ad serving,ca-pub-7784034061253020,22,2024-12-02,2024-12-02
pontianak.tribunnews.com,Page,N/A,N/A,pontianak.tribunnews.com/2018/01/27/terungkap-rahasia-aktor-film-porno-mampu-ereksi-berlama-lama-ada-triknya,No,Adult: Sexual content,Restricted ad serving,ca-pub-7784034061253020,22,2024-11-27,2024-12-02
palembang.tribunnews.com,Page,N/A,N/A,palembang.tribunnews.com/2017/12/20/selalu-bikin-heboh-ini-10-skandal-nikita-mirzanino-7-berani-buka-bukaan-dikamar-mandi,Yes,Site Behavior: Navigation,Restricted ad serving,ca-pub-7784034061253020,22,2024-12-02,2024-12-02
palembang.tribunnews.com,Page,N/A,N/A,palembang.tribunnews.com/2017/05/02/buah-dada-personel-duo-serigala-tumpeh-beneran-saat-manggung,No,Adult: Sexual content,Restricted ad serving,ca-pub-7784034061253020,22,2024-12-01,2024-12-01
medan.tribunnews.com,Page,N/A,N/A,medan.tribunnews.com/2024/02/03/tragis-jatuh-ke-sungai-tukang-perahu-tewas-mengenaskan-tinggal-tulang-dimakan-ikan-piranha,No,Shocking content,Restricted ad serving,ca-pub-7784034061253020,22,2024-11-30,2024-12-01
medan.tribunnews.com,Page,N/A,N/A,medan.tribunnews.com/2021/04/15/fakta-tentang-nikita-mirzani-jebolan-pesantren-hingga-kuliah-jurusanhubungan-internasional,Yes,Encouraging accidental clicks: Layout;Google-served ads obscuring content,Restricted ad serving,ca-pub-7784034061253020,22,2024-11-30,2024-12-01
medan.tribunnews.com,Page,N/A,N/A,medan.tribunnews.com/2017/08/22/mengerikan-jangan-coba-coba-masukkan-benda-benda-ini-ke-miss-v-ini-daftar-5-kasusnya?page=all,No,Adult: Sexual content,Restricted ad serving,ca-pub-7784034061253020,22,2024-12-02,2024-12-02
manado.tribunnews.com,Page,N/A,N/A,manado.tribunnews.com/2021/09/30/cewek-di-manado-tewas-ditikam-kekasih-sejenisnya-semua-berawal-dari-hal-ini-berikut-kronologisnya,No,Shocking content,Restricted ad serving,ca-pub-7784034061253020,22,2024-12-02,2024-12-02
makassar.tribunnews.com,Page,N/A,N/A,makassar.tribunnews.com/2017/04/26/balut-singkong-dengan-kondom-lalu-masukkan-ke-organ-intim-lihat-keadaan-wanita-ini,No,Adult: Sexual content,Restricted ad serving,ca-pub-7784034061253020,22,2024-11-27,2024-12-03
m.tribunnews.com,Page,N/A,N/A,m.tribunnews.com/lifestyle/2016/05/23/ternyata-wanita-jadi-suka-menonton-film-porno-setelah-menonton,No,Adult: Sexual content,Restricted ad serving,ca-pub-7784034061253020,22,2024-12-01,2024-12-01
kupang.tribunnews.com,Page,N/A,N/A,kupang.tribunnews.com/2018/01/18/mengejutkan-ternyata-pria-dan-wanita-di-korea-melepas-keperawanan-di-usia-ini?page=2,No,Adult: Sexual content,Restricted ad serving,ca-pub-7784034061253020,22,2024-11-28,2024-12-02
kupang.tribunnews.com,Page,N/A,N/A,kupang.tribunnews.com/2016/09/15/pria-bule-suka-payudara-dan-bokong-wanita-asia,No,Adult: Sexual content,Restricted ad serving,ca-pub-7784034061253020,22,2024-11-28,2024-12-02
kupang.tribunnews.com,Page,N/A,N/A,kupang.tribunnews.com/2015/09/09/wanita-cantik-ditemukan-telanjang-di-kos-tapi-ingin-kembali-ke-pak-haji,No,Shocking content,Restricted ad serving,ca-pub-7784034061253020,22,2024-12-01,2024-12-01
jogja.tribunnews.com,Page,N/A,N/A,jogja.tribunnews.com/2017/09/14/jangan-ngeres-dan-salah-kaprah-ya-ini-makna-sebenarnya-dari-kata-kimochi-dalam-bahasa-jepang,Yes,Ads Disguised as Content,Restricted ad serving,ca-pub-7784034061253020,22,2024-11-27,2024-12-03
jatim.tribunnews.com,Page,N/A,N/A,jatim.tribunnews.com/2017/11/06/10-adegan-kissing-terpanas-film-indonesia-kaget-lihat-artisnya-ada-yang-sampai-nyaris-telanjang,No,Adult: Sexual content,Restricted ad serving,ca-pub-7784034061253020,22,2024-12-01,2024-12-01
jateng.tribunnews.com,Page,N/A,N/A,jateng.tribunnews.com/2017/05/30/vedeo-heboh-sekolah-bugil-untuk-pertahankan-tradisi-mandi-di-pemandian-umum,Yes,Site Behavior: Navigation,Restricted ad serving,ca-pub-7784034061253020,22,2024-11-29,2024-12-02
jateng.tribunnews.com,Page,N/A,N/A,jateng.tribunnews.com/2016/01/11/kenapa-alat-yang-dijuluki-cangkir-hisap-ini-bisa-membuat-wanita-terangsang-ini-penjelasannya,No,Adult: Sexual content,Restricted ad serving,ca-pub-7784034061253020,22,2024-11-29,2024-12-01
jabar.tribunnews.com,Page,N/A,N/A,jabar.tribunnews.com/2015/07/22/video-wow-selesai-ramadan-duo-serigala-perkenalkan-goyang-tubles,No,Adult: Sexual content,Restricted ad serving,ca-pub-7784034061253020,22,2024-12-01,2024-12-01
cirebon.tribunnews.com,Page,N/A,N/A,cirebon.tribunnews.com/2021/12/28/melihat-video-viral-wanita-hanya-pakai-celana-dalam-selebgram-cantik-di-kuningan-ini-ungkap-begini,Yes,Ads Disguised as Content,Restricted ad serving,ca-pub-7784034061253020,22,2024-11-28,2024-12-02
cirebon.tribunnews.com,Page,N/A,N/A,cirebon.tribunnews.com/2019/09/13/ibu-ibu-toba-samosir-nekat-buka-baju-dan-telanjang-hadang-aparat-gara-gara-ini,No,Adult: Sexual content,Restricted ad serving,ca-pub-7784034061253020,22,2024-11-30,2024-12-02
bogor.tribunnews.com,Page,N/A,N/A,bogor.tribunnews.com/2023/03/10/sosok-pelajar-yang-tewas-dibacok-di-bogor-terungkap-korban-berasal-dari-keluarga-kurang-mampu,No,Shocking content,Restricted ad serving,ca-pub-7784034061253020,22,2024-11-29,2024-12-01
belitung.tribunnews.com,Page,N/A,N/A,belitung.tribunnews.com/2018/05/03/ibu-ini-syok-pasang-kb-implan-di-lengan-awalnya-memar-pas-lepas-malah-berdarah-darah?page=3,No,Shocking content,Restricted ad serving,ca-pub-7784034061253020,22,2024-11-27,2024-12-01
belitung.tribunnews.com,Page,N/A,N/A,belitung.tribunnews.com/2017/05/04/dada-reporter-wanita-jepang-diremas-bergiliran-suku-pedalaman-papua-sebut-lembut-dan-putih,No,Adult: Sexual content,Restricted ad serving,ca-pub-7784034061253020,22,2024-11-28,2024-12-02
bangka.tribunnews.com,Page,N/A,N/A,bangka.tribunnews.com/2020/12/02/3-perbedaan-laki-laki-yang-disunat-dan-tidak-disunat-ternyata-bekasnya-paling-sensitif?page=4,No,Adult: Sexual content,Restricted ad serving,ca-pub-7784034061253020,22,2024-11-27,2024-12-02
aceh.tribunnews.com,Page,N/A,N/A,aceh.tribunnews.com/amp/2019/10/05/miris-tante-tante-ajak-bocah-sd-beradegan-panas-videonya-tersebar-pekerjaan-si-wanita-terungkap,No,Adult: Sexual content,Restricted ad serving,ca-pub-7784034061253020,22,2024-11-27,2024-12-01
www.tribunnews.com,Page,N/A,N/A,www.tribunnews.com/lifestyle/2014/08/09/cowok-italia-paling-banyak-jadi-target-fantasi-seks-wanita,No,Adult: Sexual content,Restricted ad serving,ca-pub-7784034061253020,21,2024-11-27,2024-12-02
www.tribunnews.com,Page,N/A,N/A,www.tribunnews.com/kesehatan/2011/07/16/ini-ukuran-mr-p-yang-lebih-disenangi-kaum-wanita,No,Adult: Sexual content,Restricted ad serving,ca-pub-7784034061253020,21,2024-11-27,2024-12-02
wow.tribunnews.com,Page,N/A,N/A,wow.tribunnews.com/2018/01/04/bongkar-isi-kepala-cowok-terkait-soal-seks-ungkap-alasan-kenapa-cowok-kerap-mikirin-seks?page=4,No,Adult: Sexual content,Restricted ad serving,ca-pub-7784034061253020,21,2024-12-01,2024-12-01
wartakota.tribunnews.com,Page,N/A,N/A,wartakota.tribunnews.com/2015/03/05/tes-kekuatan-penis-anda-tahu-pisang-atau-timun,No,Adult: Sexual content,Restricted ad serving,ca-pub-7784034061253020,21,2024-11-28,2024-12-02
wartakota.tribunnews.com,Page,N/A,N/A,wartakota.tribunnews.com/2014/05/26/pikiran-pria-saat-pertama-kali-bercinta,No,Adult: Sexual content,Restricted ad serving,ca-pub-7784034061253020,21,2024-11-28,2024-12-02
wartakota.tribunnews.com,Page,N/A,N/A,wartakota.tribunnews.com/2013/10/29/penelitian-terakhir-orgasme-wanita-dimulai-dari-buka-bh,No,Adult: Sexual content,Restricted ad serving,ca-pub-7784034061253020,21,2024-11-28,2024-12-02
travel.tribunnews.com,Page,N/A,N/A,travel.tribunnews.com/2017/07/13/sex-doll-terbongkar-ternyata-begini-bentuk-pabrik-boneka-seks-terbesar-di-amerika,No,Adult: Sexual content,Restricted ad serving,ca-pub-7784034061253020,21,2024-12-01,2024-12-02
suryamalang.tribunnews.com,Page,N/A,N/A,suryamalang.tribunnews.com/2020/10/10/rekaman-mahasiswi-asyik-bercinta-saat-kuliah-online-viral-ngaku-dihack-karena-lupa-matikan-kamera,Yes,Google-served ads obscuring content;Modified Javascript: Ads by Google size,Restricted ad serving,ca-pub-7784034061253020,21,2024-12-01,2024-12-01
sumsel.tribunnews.com,Page,N/A,N/A,sumsel.tribunnews.com/2014/11/13/ingin-punya-anak-laki-laki-coba-posisi-doggy-style,No,Adult: Sexual content,Restricted ad serving,ca-pub-7784034061253020,21,2024-11-28,2024-12-01
style.tribunnews.com,Page,N/A,N/A,style.tribunnews.com/2017/03/15/ulala-dikabarkan-lakukan-operasi-payudara-gisel-semakin-percaya-diri-pamerkan-bagian-dada,Yes,Site Behavior: Navigation,Restricted ad serving,ca-pub-7784034061253020,21,2024-11-27,2024-12-02
prohaba.tribunnews.com,Page,N/A,N/A,prohaba.tribunnews.com/2024/09/04/seorang-nenek-di-deli-serdang-tewas-bersimbah-di-rumahnya-dengan-leher-tergorokberikut-kronologinya,No,Shocking content,Restricted ad serving,ca-pub-7784034061253020,21,2024-12-01,2024-12-02
medan.tribunnews.com,Page,N/A,N/A,medan.tribunnews.com/2018/03/17/tempat-duduk-yang-paling-aman-di-mobil-bus-kereta-api-hingga-pesawat-gak-nyangka-banget,Yes,Site Behavior: Navigation,Restricted ad serving,ca-pub-7784034061253020,21,2024-11-29,2024-12-02
medan.tribunnews.com,Page,N/A,N/A,medan.tribunnews.com/2017/07/19/sudah-menikah-inilah-posisi-bercinta-paling-nikmat-dan-terbaik-posisi-13-paling-disukai-wanita,No,Adult: Sexual content,Restricted ad serving,ca-pub-7784034061253020,21,2024-11-28,2024-12-01
makassar.tribunnews.com,Page,N/A,N/A,makassar.tribunnews.com/2020/01/14/aturan-baru-di-grup-whatsapp-anggota-kirim-gambar-porno-admin-langsung-ditangkap,No,Shocking content,Restricted ad serving,ca-pub-7784034061253020,21,2024-11-27,2024-12-01
m.tribunnews.com,Page,N/A,N/A,m.tribunnews.com/seleb/2016/12/19/duh-adegan-panas-cinta-laura-dalam-film-ini-bikin-netizen-perang-komentar,No,Adult: Sexual content,Restricted ad serving,ca-pub-7784034061253020,21,2024-11-27,2024-12-01
m.tribunnews.com,Page,N/A,N/A,m.tribunnews.com/internasional/2017/06/14/edan-dengar-desahan-orang-tuanya-lagi-bercinta-anaknya-malah-merekam-di-video?page=2,No,Adult: Sexual content,Restricted ad serving,ca-pub-7784034061253020,21,2024-11-28,2024-12-01
m.tribunnews.com,Page,N/A,N/A,m.tribunnews.com/internasional/2016/04/12/ribuan-wanita-nyaris-telanjang-meluncur-di-hamparan-salju,No,Adult: Sexual content,Restricted ad serving,ca-pub-7784034061253020,21,2024-12-01,2024-12-02
kaltim.tribunnews.com,Page,N/A,N/A,kaltim.tribunnews.com/2017/08/10/tantangan-jari-membentuk-lambang-hati-di-payudara-ini-lagi-viral-awas-fotonya-bikin-dengkul-lemas,No,Adult: Sexual content,Restricted ad serving,ca-pub-7784034061253020,21,2024-11-27,2024-12-02
jogja.tribunnews.com,Page,N/A,N/A,jogja.tribunnews.com/2015/12/26/kisah-boneka-seks-dan-pria-pria-pekerja-kesepian-ibu-kota,No,Adult: Sexual content,Restricted ad serving,ca-pub-7784034061253020,21,2024-11-27,2024-12-01
jateng.tribunnews.com,Page,N/A,N/A,jateng.tribunnews.com/2018/06/22/heboh-video-porno-mirip-aura-kasih-sang-artis-ajak-pengikutnya-nonton-sok-atuh-ditonton,No,Google-served ads obscuring content,Restricted ad serving,ca-pub-7784034061253020,21,2024-11-28,2024-12-02
jambi.tribunnews.com,Page,N/A,N/A,jambi.tribunnews.com/2020/11/09/link-full-video-panas-gisella-anastasia-malah-jadi-bahan-tertawaan-di-twitter,Yes,Ads Disguised as Content,Restricted ad serving,ca-pub-7784034061253020,21,2024-11-27,2024-12-02
jambi.tribunnews.com,Page,N/A,N/A,jambi.tribunnews.com/2020/08/02/begini-pengalaman-pertama-kali-mario-ozawa-main-film-dewasa-karyanya-populer-sampai-indonesia,Yes,Ads Disguised as Content,Restricted ad serving,ca-pub-7784034061253020,21,2024-11-28,2024-12-01
jambi.tribunnews.com,Page,N/A,N/A,jambi.tribunnews.com/2017/11/29/9-posisi-oral-seks-yang-membuat-pasangan-merem-melek-nomor-3-enak-dilakukan-di-sofa,No,Adult: Sexual content,Restricted ad serving,ca-pub-7784034061253020,21,2024-11-28,2024-12-01
jambi.tribunnews.com,Page,N/A,N/A,jambi.tribunnews.com/2017/08/29/beginilah-gambar-4d-orang-saat-berhubungan-seks-ilmuwan-menemukan-rekaman-video-yang-menarik?page=3,No,Adult: Sexual content,Restricted ad serving,ca-pub-7784034061253020,21,2024-11-27,2024-12-02
bogor.tribunnews.com,Page,N/A,N/A,bogor.tribunnews.com/2022/07/05/mengungkap-tarif-psk-lokal-dan-psk-asing-di-puncak-bogor-perempuan-magribi-pasang-harga-jutaan,Yes,Ads Disguised as Content,Restricted ad serving,ca-pub-7784034061253020,21,2024-11-29,2024-12-01
belitung.tribunnews.com,Page,N/A,N/A,belitung.tribunnews.com/2017/08/29/ini-dia-obat-kuat-alami-bagi-pria-coba-buktikan-manfaat-kacang-kenari,No,Adult: Sexual content,Restricted ad serving,ca-pub-7784034061253020,21,2024-11-27,2024-12-01
banjarmasin.tribunnews.com,Page,N/A,N/A,banjarmasin.tribunnews.com/2020/11/14/fenomena-aneh-di-video-syur-mirip-gisel-terdeteksi-roy-harus-diteliti,Yes,Ads Disguised as Content,Restricted ad serving,ca-pub-7784034061253020,21,2024-12-02,2024-12-02
banjarmasin.tribunnews.com,Page,N/A,N/A,banjarmasin.tribunnews.com/2017/09/18/ya-ampun-3-wanita-cantik-ini-kecanduan-seks-ada-yang-berhubungan-dengan-919-pria-sehari,No,Adult: Sexual content,Restricted ad serving,ca-pub-7784034061253020,21,2024-11-28,2024-12-02
bangka.tribunnews.com,Page,N/A,N/A,bangka.tribunnews.com/2018/01/02/pemainnya-berpendidikan-tinggi-ini-10-fakta-mengejutkan-tentang-bisnis-film-dewasa-jepang?page=3,No,Content obscuring Google-served ads,Restricted ad serving,ca-pub-7784034061253020,21,2024-11-29,2024-12-02
bangka.tribunnews.com,Page,N/A,N/A,bangka.tribunnews.com/2017/04/01/5-artis-cantik-ini-kerap-berpakaian-seksi-ternyata-pernah-jadi-cover-majalah-pria-dewasa?page=3,No,Adult: Sexual content,Restricted ad serving,ca-pub-7784034061253020,21,2024-12-01,2024-12-01
bali.tribunnews.com,Page,N/A,N/A,bali.tribunnews.com/2018/05/08/mayat-anggota-intel-polisi-ditemukan-dalam-mobil-begini-ciri-cirinya,No,Shocking content,Restricted ad serving,ca-pub-7784034061253020,21,2024-11-30,2024-12-01
bali.tribunnews.com,Page,N/A,N/A,bali.tribunnews.com/2017/04/02/10-foto-mesum-pasangan-mahasiswa-ntt-viral-di-media-sosial-diambil-ketika-berhubungan-intim,No,Adult: Sexual content,Restricted ad serving,ca-pub-7784034061253020,21,2024-11-28,2024-12-01
www.tribunnews.com,Page,N/A,N/A,www.tribunnews.com/metropolitan/2016/05/15/di-spa-ini-terapisnya-topless-sekatnya-hanya-pakai-gorden,Yes,Site Behavior: Navigation,Restricted ad serving,ca-pub-7784034061253020,20,2024-11-28,2024-12-02
www.tribunnews.com,Page,N/A,N/A,www.tribunnews.com/lifestyle/2016/10/21/ternyata-wanita-juga-mengalami-ereksi-ini-tandanya,No,Adult: Sexual content,Restricted ad serving,ca-pub-7784034061253020,20,2024-11-30,2024-12-02
www.tribunnews.com,Page,N/A,N/A,www.tribunnews.com/kesehatan/2019/05/12/pijat-di-punggung-dan-tangan-bisa-kurangi-migrain-dan-nyeri-saat-haid,Yes,Encouraging accidental clicks: Layout,Restricted ad serving,ca-pub-7784034061253020,20,2024-12-01,2024-12-01
www.tribunnews.com,Page,N/A,N/A,www.tribunnews.com/kesehatan/2017/09/27/hasil-penelitian-di-amerika-ungkap-hal-mengejutkan-tentang-masturbasi,No,Adult: Sexual content,Restricted ad serving,ca-pub-7784034061253020,20,2024-11-29,2024-12-02
www.tribunnews.com,Page,N/A,N/A,www.tribunnews.com/kesehatan/2016/06/02/trik-pijat-sensual-untuk-tingkatkan-gairah-pasangan-suami-istri,No,Adult: Sexual content,Restricted ad serving,ca-pub-7784034061253020,20,2024-11-28,2024-12-03
www.tribunnews.com,Page,N/A,N/A,www.tribunnews.com/internasional/2017/11/18/guru-perempuan-paksa-muridnya-berhubungan-badan-jika-menolak-diberi-nilai-jelek,Yes,Site Behavior: Navigation,Restricted ad serving,ca-pub-7784034061253020,20,2024-11-27,2024-12-02
travel.tribunnews.com,Page,N/A,N/A,travel.tribunnews.com/2018/04/03/nasib-wanita-di-korea-utara-yang-terlahir-cantik-dianggap-terhormat-jadi-pelayan-pejabat-negara,Yes,Site Behavior: Navigation,Restricted ad serving,ca-pub-7784034061253020,20,2024-12-02,2024-12-02
suryamalang.tribunnews.com,Page,N/A,N/A,suryamalang.tribunnews.com/2019/10/15/7-fakta-baru-live-show-hubungan-badan-pelajar-smk-di-tuban-videonya-viral-di-facebook-whatsapp,Yes,Ads Disguised as Content,Restricted ad serving,ca-pub-7784034061253020,20,2024-11-28,2024-12-02
sumsel.tribunnews.com,Page,N/A,N/A,sumsel.tribunnews.com/2014/11/12/eksklusif-awas-tempat-spa-potensi-menyebarkan-hivaids,No,Adult: Sexual content,Restricted ad serving,ca-pub-7784034061253020,20,2024-11-29,2024-12-01
style.tribunnews.com,Page,N/A,N/A,style.tribunnews.com/2018/01/03/sora-aoi-menikah-ini-pria-yang-berhasil-dapatkan-hati-mantan-bintang-panas-jepang,Yes,Shocking content;Site Behavior: Navigation,Restricted ad serving,ca-pub-7784034061253020,20,2024-11-29,2024-12-01
pontianak.tribunnews.com,Page,N/A,N/A,pontianak.tribunnews.com/2019/05/30/alamat-5-salon-terbaik-di-pontianak,No,Adult: Sexual content,Restricted ad serving,ca-pub-7784034061253020,20,2024-12-03,2024-12-03
pekanbaru.tribunnews.com,Page,N/A,N/A,pekanbaru.tribunnews.com/2022/10/18/maria-vania-main-air-camel-toe-disorot-apa-itu-camel-toe-bahasa-gaul,Yes,Ads Disguised as Content,Restricted ad serving,ca-pub-7784034061253020,20,2024-11-27,2024-12-02
pekanbaru.tribunnews.com,Page,N/A,N/A,pekanbaru.tribunnews.com/2020/12/19/update-bahasa-gaul-cek-arti-dikenyot-apa-itu-rese-maksud-bangke-apa-arti-giras,No,Google-served ads obscuring content,Restricted ad serving,ca-pub-7784034061253020,20,2024-11-27,2024-12-01
pekanbaru.tribunnews.com,Page,N/A,N/A,pekanbaru.tribunnews.com/2017/10/25/video-bikin-merinding-kerumunan-belatung-menggeliat-geliat-di-mulut-wanita-ini?page=2,No,Shocking content,Restricted ad serving,ca-pub-7784034061253020,20,2024-11-29,2024-12-02
palembang.tribunnews.com,Page,N/A,N/A,palembang.tribunnews.com/2016/01/08/video-intimnya-tersebar-burung-pria-ini-disiram-kekasihnya-dengan-cairan-asam,Yes,Google-served ads obscuring content;Modified Javascript: Ads by Google size,Restricted ad serving,ca-pub-7784034061253020,20,2024-12-01,2024-12-01
medan.tribunnews.com,Page,N/A,N/A,medan.tribunnews.com/2017/02/20/awalnya-dua-abg-duduk-berpangkuan-akhirnya-saat-diperiksa-celana-dalam-basah,No,Adult: Sexual content,Restricted ad serving,ca-pub-7784034061253020,20,2024-11-28,2024-12-02
medan.tribunnews.com,Page,N/A,N/A,medan.tribunnews.com/2015/03/14/balas-dendam-prajurit-irak-penggal-kepala-isis-dan-jadikannya-bola-kaki,No,Shocking content,Restricted ad serving,ca-pub-7784034061253020,20,2024-11-30,2024-12-01
manado.tribunnews.com,Page,N/A,N/A,manado.tribunnews.com/2020/01/05/kisah-crystal-mengaku-berhubungan-dengan-2000-pria-para-lelakinya-tak-tahu-dia-seorang-transgender,No,Google-served ads obscuring content,Restricted ad serving,ca-pub-7784034061253020,20,2024-11-30,2024-12-01
manado.tribunnews.com,Page,N/A,N/A,manado.tribunnews.com/2017/11/12/astaga-beredar-video-mesum-guru-direkam-oleh-muridnya-sendiri,No,Shocking content,Restricted ad serving,ca-pub-7784034061253020,20,2024-11-28,2024-12-01
makassar.tribunnews.com,Page,N/A,N/A,makassar.tribunnews.com/2019/09/01/fakta-3-video-mesum-mahasiswi-banjarmasin-viral-durasi-hingga-alasan-g-n-rekam-hubungan-badannya,No,Adult: Sexual content,Restricted ad serving,ca-pub-7784034061253020,20,2024-11-27,2024-12-02
m.tribunnews.com,Page,N/A,N/A,m.tribunnews.com/kesehatan/seks,No,Adult: Sexual content,Restricted ad serving,ca-pub-7784034061253020,20,2024-12-01,2024-12-01
m.tribunnews.com,Page,N/A,N/A,m.tribunnews.com/internasional/2017/08/30/edan-bu-guru-sd-ajak-muridnya-berhubungan-intim-di-dalam-kelas,No,Adult: Sexual content,Restricted ad serving,ca-pub-7784034061253020,20,2024-11-29,2024-12-01
m.tribunnews.com,Page,N/A,N/A,m.tribunnews.com/internasional/2016/04/21/heboh-foto-selfie-polwan-bugil-sambil-pangku-senjata,No,Adult: Sexual content,Restricted ad serving,ca-pub-7784034061253020,20,2024-11-28,2024-12-02
m.tribunnews.com,Page,N/A,N/A,m.tribunnews.com/bisnis/2019/09/02/orotitas-thailand-kian-galak-mulai-12-september-kemasan-rokok-tampil-polos-tanpa-merek,No,Shocking content,Restricted ad serving,ca-pub-7784034061253020,20,2024-11-30,2024-12-02
lampung.tribunnews.com,Page,N/A,N/A,lampung.tribunnews.com/2017/11/09/merasa-kurang-hot-di-atas-ranjang-coba-makan-daging-jenis-ini,No,Adult: Sexual content,Restricted ad serving,ca-pub-7784034061253020,20,2024-11-29,2024-12-02
kupang.tribunnews.com,Page,N/A,N/A,kupang.tribunnews.com/2018/02/07/ternyata-di-usia-ini-penis-mulai-tumbuh-dan-berhenti,No,Adult: Sexual content,Restricted ad serving,ca-pub-7784034061253020,20,2024-12-01,2024-12-02
jogja.tribunnews.com,Page,N/A,N/A,jogja.tribunnews.com/2017/12/11/boneka-pemuas-nafsu-super-canggih-bagi-pria-kesepian-hingga-donald-trump-kelu-lidah,No,Adult: Sexual content,Restricted ad serving,ca-pub-7784034061253020,20,2024-11-29,2024-12-01
jatim.tribunnews.com,Page,N/A,N/A,jatim.tribunnews.com/2017/06/20/model-model-playboy-yang-kematiannya-mengenaskan-dari-dimutilasi-sampai-jadi-mumi,No,Google-served ads obscuring content,Restricted ad serving,ca-pub-7784034061253020,20,2024-12-02,2024-12-02
jateng.tribunnews.com,Page,N/A,N/A,jateng.tribunnews.com/2017/02/03/awas-kecupan-di-leher-wanita-ini-lumpuh-total-karena-gigitan-cinta-inilah-penjelasan-medisnya,No,Adult: Sexual content,Restricted ad serving,ca-pub-7784034061253020,20,2024-11-29,2024-12-02
jambi.tribunnews.com,Page,N/A,N/A,jambi.tribunnews.com/2015/12/26/kisah-boneka-seks-dan-pria-pria-kesepian-di-ibu-kota?page=2,No,Adult: Sexual content,Restricted ad serving,ca-pub-7784034061253020,20,2024-11-28,2024-12-02
belitung.tribunnews.com,Page,N/A,N/A,belitung.tribunnews.com/2016/07/19/berani-banget-gebby-vesta-unggah-video-telanjang-buka-baju-dan-pakai-bra,No,Adult: Sexual content,Restricted ad serving,ca-pub-7784034061253020,20,2024-11-27,2024-12-02
batam.tribunnews.com,Page,N/A,N/A,batam.tribunnews.com/2023/03/11/detik-detik-siswa-smk-dibacok-terekam-cctv-korban-tewas-di-tempat,No,Shocking content,Restricted ad serving,ca-pub-7784034061253020,20,2024-11-28,2024-12-01
bangka.tribunnews.com,Page,N/A,N/A,bangka.tribunnews.com/2017/05/28/netizen-terlanjur-marah-bintang-film-panas-jepang-pakai-seragam-sekolah-taiwan-ternyata?page=2,Yes,Ads Disguised as Content,Restricted ad serving,ca-pub-7784034061253020,20,2024-12-01,2024-12-01
bangka.tribunnews.com,Page,N/A,N/A,bangka.tribunnews.com/2016/08/25/video-tiga-lesbi-ini-pertama-kali-pegang-burung-ini-yang-terjadi,No,Adult: Sexual content,Restricted ad serving,ca-pub-7784034061253020,20,2024-12-01,2024-12-01
bali.tribunnews.com,Page,N/A,N/A,bali.tribunnews.com/2022/01/30/8-penyebab-kondom-bocor-mulai-dari-kurang-pelumas-hingga-melewati-masa-kedaluwarsa,No,Adult: Sexual content,Restricted ad serving,ca-pub-7784034061253020,20,2024-11-27,2024-12-02
aceh.tribunnews.com,Page,N/A,N/A,aceh.tribunnews.com/2019/10/02/sekelompok-wanita-telanjangi-dan-injak-perut-ibu-muda-yang-tengah-hamil-ini-kisah-di-baliknya,No,Shocking content,Restricted ad serving,ca-pub-7784034061253020,20,2024-11-27,2024-12-02
www.tribunnews.com,Page,N/A,N/A,www.tribunnews.com/lifestyle/2016/07/26/ciri-ciri-wanita-yang-ingin-bercinta-tapi-malu-mengungkapkan-pada-pasangannya,No,Adult: Sexual content,Restricted ad serving,ca-pub-7784034061253020,19,2024-11-27,2024-12-01
www.tribunnews.com,Page,N/A,N/A,www.tribunnews.com/lifestyle/2013/04/22/menurut-wanita-pria-maskulin-itu-ciri-ciri-bau-badannya-begini,No,Adult: Sexual content,Restricted ad serving,ca-pub-7784034061253020,19,2024-11-27,2024-12-01
wartakota.tribunnews.com,Page,N/A,N/A,wartakota.tribunnews.com/2016/06/28/pria-paruh-baya-hidup-dengan-boneka-seks-selama-enam-tahun,No,Adult: Sexual content,Restricted ad serving,ca-pub-7784034061253020,19,2024-11-30,2024-12-02
video.tribunnews.com,Page,N/A,N/A,video.tribunnews.com/view/33755/video-mesum-penyanyi-dangdut-ini-tuai-kecaman-dengar-kata-katanya-saat-di-ranjang,Yes,Site Behavior: Navigation,Restricted ad serving,ca-pub-7784034061253020,19,2024-11-30,2024-12-02
travel.tribunnews.com,Page,N/A,N/A,travel.tribunnews.com/2016/08/22/rokok-rempah-jogja-dengan-rp-14-ribu-kamu-bisa-dapat-rokok-sehat-bener-nggak-ya,No,Tobacco,Restricted ad serving,ca-pub-7784034061253020,19,2024-12-02,2024-12-02
sultra.tribunnews.com,Page,N/A,N/A,sultra.tribunnews.com/2021/12/08/giliran-video-viral-sragen-25-detik-bikin-geger-setelah-aksi-tak-senonoh-siskaeee-sosok-pemeran,Yes,Ads Disguised as Content,Restricted ad serving,ca-pub-7784034061253020,19,2024-12-01,2024-12-01
pontianak.tribunnews.com,Page,N/A,N/A,pontianak.tribunnews.com/2021/02/11/link-video-syur-14-detik-mirip-artis-beredar-di-twitter-dan-telegram-viral-saingi-gisel-dan-nobu,Yes,Ads Disguised as Content,Restricted ad serving,ca-pub-7784034061253020,19,2024-11-29,2024-12-02
pontianak.tribunnews.com,Page,N/A,N/A,pontianak.tribunnews.com/2015/02/11/lima-tanda-miss-v-tidak-sehat,No,Adult: Sexual content,Restricted ad serving,ca-pub-7784034061253020,19,2024-11-29,2024-12-01
palembang.tribunnews.com,Page,N/A,N/A,palembang.tribunnews.com/2017/11/20/5-bangsa-kuno-ini-punya-kebiasaan-maksiat-yang-paling-gila-ada-yang-langsung-di-azab-allah,No,Google-served ads obscuring content,Restricted ad serving,ca-pub-7784034061253020,19,2024-12-02,2024-12-02
medan.tribunnews.com,Page,N/A,N/A,medan.tribunnews.com/2021/10/18/viral-bocil-tertangkap-basah-bermesraan-di-kamar-mandi-musala,No,Google-served ads obscuring content,Restricted ad serving,ca-pub-7784034061253020,19,2024-11-27,2024-12-01
medan.tribunnews.com,Page,N/A,N/A,medan.tribunnews.com/2017/11/04/penyebar-video-bokep-samarinda-dibekuk-di-sleman-tersangka-teman-pemeran-pria-lo,No,Adult: Sexual content,Restricted ad serving,ca-pub-7784034061253020,19,2024-11-27,2024-12-02
manado.tribunnews.com,Page,N/A,N/A,manado.tribunnews.com/2019/11/14/hisap-payudara-saat-foreplay-ternyata-bisa-cegah-kanker-dan-bikin-awet-muda,No,Adult: Sexual content,Restricted ad serving,ca-pub-7784034061253020,19,2024-11-27,2024-12-01
makassar.tribunnews.com,Page,N/A,N/A,makassar.tribunnews.com/2023/05/04/manfaat-berwudhu-sebelum-dan-sesudah-hubungan-suami-istri-buya-yahya-sunah-dianjurkan-nabi,No,Google-served ads obscuring content,Restricted ad serving,ca-pub-7784034061253020,19,2024-11-27,2024-12-01
m.tribunnews.com,Page,N/A,N/A,m.tribunnews.com/tag/sopir-selingkuh-dengan-istri-majikan,No,Google-served ads obscuring content,Restricted ad serving,ca-pub-7784034061253020,19,2024-12-01,2024-12-02
m.tribunnews.com,Page,N/A,N/A,m.tribunnews.com/seleb/2017/07/31/terlalu-model-polisi-paksa-wanita-ini-dipaksa-buka-baju-dan-menari-di-depan-tahanan-pria,No,Adult: Sexual content,Restricted ad serving,ca-pub-7784034061253020,19,2024-12-01,2024-12-01
m.tribunnews.com,Page,N/A,N/A,m.tribunnews.com/regional/2019/06/17/foto-bidan-desa-masukkan-timun-ke-organ-intim-viral-ini-bahayanya,No,Adult: Sexual content,Restricted ad serving,ca-pub-7784034061253020,19,2024-12-02,2024-12-02
m.tribunnews.com,Page,N/A,N/A,m.tribunnews.com/lifestyle/2017/12/19/11-negara-dengan-pria-tampan-dan-wanita-cantik-di-dunia-indonesia-masuk-nggak-ya,Yes,Site Behavior: Navigation,Restricted ad serving,ca-pub-7784034061253020,19,2024-11-30,2024-12-01
m.tribunnews.com,Page,N/A,N/A,m.tribunnews.com/kesehatan/2011/03/19/benarkah-menghisap-payudara-selamatkan-perempuan-dari-kanker,No,Adult: Sexual content,Restricted ad serving,ca-pub-7784034061253020,19,2024-12-01,2024-12-01
kupang.tribunnews.com,Page,N/A,N/A,kupang.tribunnews.com/2019/08/01/unggah-foto-nikita-mirzani-telanjang-dada-mantan-istri-dipo-latief-bikin-geger-dulu-berjilbab-kini,No,Adult: Sexual content,Restricted ad serving,ca-pub-7784034061253020,19,2024-11-29,2024-12-02
kupang.tribunnews.com,Page,N/A,N/A,kupang.tribunnews.com/2018/11/20/hanya-pakai-celana-dalam-pria-ini-intip-seorang-wanita-sedang-mandi-telanjang-ini-yang-terjadi,Yes,Google-served ads on screens without publisher-content,Restricted ad serving,ca-pub-7784034061253020,19,2024-11-28,2024-12-01
kupang.tribunnews.com,Page,N/A,N/A,kupang.tribunnews.com/2018/03/08/ingin-gunakan-sex-toys-tahu-dulu-fungsi-dan-dampak-negatifnya,No,Adult: Sexual content,Restricted ad serving,ca-pub-7784034061253020,19,2024-12-01,2024-12-01
jogja.tribunnews.com,Page,N/A,N/A,jogja.tribunnews.com/2020/10/17/empat-zodiak-yang-paling-cocok-dengan-taurus-dalam-urusan-ranjang,Yes,Ads Disguised as Content,Restricted ad serving,ca-pub-7784034061253020,19,2024-11-30,2024-12-02
jambi.tribunnews.com,Page,N/A,N/A,jambi.tribunnews.com/2017/09/07/7-fakta-sera-amane-mahasiswi-asal-jakarta-yang-bintangi-film-porno-jepang-ternyata-ada-wni-lain,No,Adult: Sexual content,Restricted ad serving,ca-pub-7784034061253020,19,2024-11-29,2024-12-03
jakarta.tribunnews.com,Page,N/A,N/A,jakarta.tribunnews.com/tag/video-call-sex,No,Adult: Sexual content,Restricted ad serving,ca-pub-7784034061253020,19,2024-11-28,2024-12-02
bogor.tribunnews.com,Page,N/A,N/A,bogor.tribunnews.com/2024/04/01/8-arti-mimpi-berhubungan-intim-menurut-primbon-jawa-tafsirnya-bisa-baik-dan-buruk,Yes,Google-served ads obscuring content;Modified Javascript: Ads by Google size,Restricted ad serving,ca-pub-7784034061253020,19,2024-11-28,2024-12-01
bogor.tribunnews.com,Page,N/A,N/A,bogor.tribunnews.com/2016/11/08/begini-cara-mendapatkan-mimpi-basah-yang-dasyat-no-5-paling-mudah,No,Adult: Sexual content,Restricted ad serving,ca-pub-7784034061253020,19,2024-11-28,2024-12-01
bangka.tribunnews.com,Page,N/A,N/A,bangka.tribunnews.com/2021/05/31/begini-nasib-siswi-smp-yang-ketagihan-berhubungan-intim-setelah-video-panasnya-bikin-geger,Yes,Ads Disguised as Content,Restricted ad serving,ca-pub-7784034061253020,19,2024-11-28,2024-12-01
bangka.tribunnews.com,Page,N/A,N/A,bangka.tribunnews.com/2017/11/21/tiga-kali-berturut-turut-pegang-gelar-porn-star-of-the-year-ini-pengakuannya-soal-film-porno,No,Adult: Sexual content,Restricted ad serving,ca-pub-7784034061253020,19,2024-11-29,2024-12-02
bangka.tribunnews.com,Page,N/A,N/A,bangka.tribunnews.com/2017/11/09/ditemani-16-wanita-seksi-nan-cantik-beginilah-aktivitas-wisata-4-hari-di-pulau-seks-ini,No,Adult: Sexual content,Restricted ad serving,ca-pub-7784034061253020,19,2024-11-27,2024-12-01
bangka.tribunnews.com,Page,N/A,N/A,bangka.tribunnews.com/2017/07/30/inilah-yang-terjadi-jika-sang-istri-lama-tak-dibelai-suaminya,No,Adult: Sexual content,Restricted ad serving,ca-pub-7784034061253020,19,2024-11-29,2024-12-02
bangka.tribunnews.com,Page,N/A,N/A,bangka.tribunnews.com/2016/11/15/foto-mesumnya-beredar-artis-ini-bilang-tak-ada-lagi-yang-mau-menikah-dengannya,Yes,Site Behavior: Navigation,Restricted ad serving,ca-pub-7784034061253020,19,2024-11-27,2024-12-01
bangka.tribunnews.com,Page,N/A,N/A,bangka.tribunnews.com/2016/05/05/postingan-video-tkw-setengah-telanjang-korban-mutilasi-bikin-heboh,No,Shocking content,Restricted ad serving,ca-pub-7784034061253020,19,2024-11-28,2024-12-01
aceh.tribunnews.com,Page,N/A,N/A,aceh.tribunnews.com/2022/07/19/beredar-video-mesum-asn-perempuan-berdurasi-57-detik-pelaku-video-call-sambil-buka-baju-di-kantor,Yes,Ads Disguised as Content,Restricted ad serving,ca-pub-7784034061253020,19,2024-11-27,2024-12-01
aceh.tribunnews.com,Page,N/A,N/A,aceh.tribunnews.com/2020/01/15/kisah-pria-penjaga-kamar-mayat-mengaku-telah-berhubungan-intim-dengan-100-mayat,No,Shocking content,Restricted ad serving,ca-pub-7784034061253020,19,2024-11-28,2024-12-02
aceh.tribunnews.com,Page,N/A,N/A,aceh.tribunnews.com/2017/09/08/ini-dia-pelumas-seks-alami-yang-bisa-anda-pakai,No,Adult: Sexual content,Restricted ad serving,ca-pub-7784034061253020,19,2024-11-27,2024-12-01
www.tribunnewswiki.com,Page,N/A,N/A,www.tribunnewswiki.com/2021/10/10/film-tumbleweed-2013,Yes,Encouraging accidental clicks: Layout;Google-served ads obscuring content,Restricted ad serving,ca-pub-7784034061253020,18,2024-11-28,2024-12-01
www.tribunnews.com,Page,N/A,N/A,www.tribunnews.com/regional/2017/03/14/polda-bali-gerebek-spa-yang-tawarkan-paket-pijat-payudara,No,Adult: Sexual content,Restricted ad serving,ca-pub-7784034061253020,18,2024-11-27,2024-12-02
www.tribunnews.com,Page,N/A,N/A,www.tribunnews.com/metropolitan/2018/02/07/lahirkan-anak-ke-11-tersangka-video-mesum-tante-vs-bocah-sd-jalani-tes-hiv,No,Shocking content,Restricted ad serving,ca-pub-7784034061253020,18,2024-11-27,2024-12-02
wow.tribunnews.com,Page,N/A,N/A,wow.tribunnews.com/2017/10/13/4-gaya-bercinta-yang-bisa-bikin-wanita-liar-di-ranjang-bisa-dicoba-nih,No,Adult: Sexual content,Restricted ad serving,ca-pub-7784034061253020,18,2024-12-02,2024-12-03
wartakota.tribunnews.com,Page,N/A,N/A,wartakota.tribunnews.com/2019/11/16/vanessa-angel-ketahuan-pamer-alat-bantu-pemuas-wanita-setelah-viral-ditanya-satu-jam-berapa,No,Adult: Sexual content,Restricted ad serving,ca-pub-7784034061253020,18,2024-11-28,2024-12-01
video.tribunnews.com,Page,N/A,N/A,video.tribunnews.com/view/86557/kasus-mutilasi-pns-kemenag-pelaku-dan-korban-sempat-berhubungan-intim,No,Shocking content,Restricted ad serving,ca-pub-7784034061253020,18,2024-12-01,2024-12-01
surabaya.tribunnews.com,Page,N/A,N/A,surabaya.tribunnews.com/2014/09/14/psk-positif-hivaids-layani-tamu-pakai-kondom-kadaluarsa,No,Adult: Sexual content,Restricted ad serving,ca-pub-7784034061253020,18,2024-12-01,2024-12-02
style.tribunnews.com,Page,N/A,N/A,style.tribunnews.com/2017/05/26/kecilnya-berkulit-hitam-gelap-besarnya-bisa-putih-gara-gara-sabun-ini-lihat-foto-foto-perubahannya,Yes,Site Behavior: Navigation,Restricted ad serving,ca-pub-7784034061253020,18,2024-12-01,2024-12-02
style.tribunnews.com,Page,N/A,N/A,style.tribunnews.com/2017/03/27/ogoh-ogoh-ini-mempertontonkan-adegan-tak-senonoh-gagal-paham,No,Adult: Sexual content,Restricted ad serving,ca-pub-7784034061253020,18,2024-11-30,2024-12-01
pontianak.tribunnews.com,Page,N/A,N/A,pontianak.tribunnews.com/tag/pembacokan,No,Shocking content,Restricted ad serving,ca-pub-7784034061253020,18,2024-11-27,2024-12-02
pontianak.tribunnews.com,Page,N/A,N/A,pontianak.tribunnews.com/2020/03/14/grand-opening-sanjaya-raja-laundry-mart-dalam-bisnis-startup-u-wash-berbasis-digital,No,Shocking content,Restricted ad serving,ca-pub-7784034061253020,18,2024-11-29,2024-12-02
pontianak.tribunnews.com,Page,N/A,N/A,pontianak.tribunnews.com/2017/10/26/bikin-merinding-ajak-begituan-ternyata-ini-satu-diantara-kode-kaum-gay-pontianak,Yes,Adult: Sexual content;Site Behavior: Navigation,Restricted ad serving,ca-pub-7784034061253020,18,2024-11-27,2024-12-01
pekanbaru.tribunnews.com,Page,N/A,N/A,pekanbaru.tribunnews.com/2017/12/08/jadi-simpanan-tante-yang-minta-jatah-4-kali-sehari-pria-ini-ngaku-lemas-jadi-pemuas-syahwat,No,Adult: Sexual content,Restricted ad serving,ca-pub-7784034061253020,18,2024-12-02,2024-12-02
medan.tribunnews.com,Page,N/A,N/A,medan.tribunnews.com/tag/siswa-sma,No,Shocking content,Restricted ad serving,ca-pub-7784034061253020,18,2024-11-27,2024-12-03
medan.tribunnews.com,Page,N/A,N/A,medan.tribunnews.com/2017/03/19/anda-penikmat-blue-film-anda-pasti-tahu-8-adegan-seks-yang-jarang-terjadi-di-kehidupan-nyata,No,Adult: Sexual content,Restricted ad serving,ca-pub-7784034061253020,18,2024-11-30,2024-12-02
makassar.tribunnews.com,Page,N/A,N/A,makassar.tribunnews.com/2019/08/19/viral-video-panas-mahasiswi-yogyakarta-tersebar-di-whatsapp-wa-dan-line-ini-motif-pelaku,No,Adult: Sexual content,Restricted ad serving,ca-pub-7784034061253020,18,2024-12-01,2024-12-01
m.tribunnews.com,Page,N/A,N/A,m.tribunnews.com/seleb/2010/06/08/video-mirip-ariel-dan-cut-tari-beredar-di-youtube,No,Adult: Sexual content,Restricted ad serving,ca-pub-7784034061253020,18,2024-11-29,2024-12-02
m.tribunnews.com,Page,N/A,N/A,m.tribunnews.com/kesehatan/2016/03/31/kesalahan-cara-minum-obat-kuat-yang-membuatnya-gagal-bikin-pria-jadi-jantan,No,Adult: Sexual content,Restricted ad serving,ca-pub-7784034061253020,18,2024-11-28,2024-12-03
m.tribunnews.com,Page,N/A,N/A,m.tribunnews.com/internasional/2016/01/14/perusahaan-jepang-produksi-boneka-seks-mirip-anak-anak-untuk-kaum-pedofilia,No,Adult: Sexual content,Restricted ad serving,ca-pub-7784034061253020,18,2024-11-28,2024-12-01
m.tribunnews.com,Page,N/A,N/A,m.tribunnews.com/internasional/2015/05/02/bintang-porno-jepang-ini-suka-sekali-dengan-seks?page=2,No,Adult: Sexual content,Restricted ad serving,ca-pub-7784034061253020,18,2024-11-27,2024-12-02
m.tribunnews.com,Page,N/A,N/A,m.tribunnews.com/internasional/2013/08/14/gadis-cantik-ini-selalu-pakai-bikini-kapan-pun,No,Adult: Sexual content,Restricted ad serving,ca-pub-7784034061253020,18,2024-11-30,2024-12-02
lampung.tribunnews.com,Page,N/A,N/A,lampung.tribunnews.com/2019/10/31/psk-online-lampung-usia-19-tahun-kelar-main-dengan-pelanggan-setor-ke-mami-rp-100-ribu,No,Adult: Sexual content,Restricted ad serving,ca-pub-7784034061253020,18,2024-11-27,2024-12-01
lampung.tribunnews.com,Page,N/A,N/A,lampung.tribunnews.com/2019/02/16/sejumlah-pria-jadi-korban-jasa-video-call-sex-terungkap-cara-tersangka-laki-laki-jebak-korban,No,Adult: Sexual content,Restricted ad serving,ca-pub-7784034061253020,18,2024-11-29,2024-12-02
kupang.tribunnews.com,Page,N/A,N/A,kupang.tribunnews.com/2019/08/02/inilah-foto-nikita-mirzani-tampil-tanpa-busana-hanya-pakai-cd-mantan-istri-dipo-latief-bikin-geger,No,Adult: Sexual content,Restricted ad serving,ca-pub-7784034061253020,18,2024-11-28,2024-12-02
kupang.tribunnews.com,Page,N/A,N/A,kupang.tribunnews.com/2016/01/25/inikah-yang-dipikirkan-wanita-saat-melihat-kelamin-pria,No,Adult: Sexual content,Restricted ad serving,ca-pub-7784034061253020,18,2024-11-27,2024-12-02
kupang.tribunnews.com,Page,N/A,N/A,kupang.tribunnews.com/2015/09/03/sebagian-besar-pemain-film-porno-tak-menikmati-seks,No,Adult: Sexual content,Restricted ad serving,ca-pub-7784034061253020,18,2024-11-28,2024-12-03
jatim.tribunnews.com,Page,N/A,N/A,jatim.tribunnews.com/2017/11/06/wow-5-artis-indonesia-jujur-soal-masturbasi-dan-keperawanan-ada-yang-ngaku-sudah-sejak-sekolah,No,Adult: Sexual content,Restricted ad serving,ca-pub-7784034061253020,18,2024-11-28,2024-12-01
jambi.tribunnews.com,Page,N/A,N/A,jambi.tribunnews.com/2019/10/23/detik-detik-skandal-video-mahasiswi-cantik-peluk-dosen-pakai-kaca-mata-di-kamar-pakai-bahasa-sunda,No,Adult: Sexual content,Restricted ad serving,ca-pub-7784034061253020,18,2024-11-30,2024-12-02
belitung.tribunnews.com,Page,N/A,N/A,belitung.tribunnews.com/2018/12/15/bagaimana-memuaskan-suami-gampang-intip-tips-dan-intriknya-disini?page=all,No,Adult: Sexual content,Restricted ad serving,ca-pub-7784034061253020,18,2024-12-02,2024-12-02
belitung.tribunnews.com,Page,N/A,N/A,belitung.tribunnews.com/2016/09/15/baju-ini-bikin-dewi-persik-seperti-telanjang-kata-netizen-lihat-video-aksinya-di-atas-panggung,No,Adult: Sexual content,Restricted ad serving,ca-pub-7784034061253020,18,2024-11-27,2024-12-01
bangka.tribunnews.com,Page,N/A,N/A,bangka.tribunnews.com/2022/01/27/inilah-cara-berhubungan-biologis-yang-baik-agar-suami-istri-makin-harmonis-kata-dr-aisah-dahlan,No,Google-served ads obscuring content,Restricted ad serving,ca-pub-7784034061253020,18,2024-12-02,2024-12-02
bangka.tribunnews.com,Page,N/A,N/A,bangka.tribunnews.com/2018/04/05/ternyata-inilah-3-alasan-kenapa-film-dewasa-disebut-blue-film,No,Adult: Sexual content,Restricted ad serving,ca-pub-7784034061253020,18,2024-12-01,2024-12-02
bangka.tribunnews.com,Page,N/A,N/A,bangka.tribunnews.com/2017/08/21/wanita-cantik-diminta-lepas-baju-awal-menolak-selanjutnya-jadi-begini-nasibnya-di-suku-pedalaman,No,Adult: Sexual content;Shocking content,Restricted ad serving,ca-pub-7784034061253020,18,2024-12-01,2024-12-02
bangka.tribunnews.com,Page,N/A,N/A,bangka.tribunnews.com/2017/06/17/wanita-yang-telanjang-di-jalan-ternyata-disewakan-apartemen-rp-20-juta-per-bulan-oleh-pria-ini,No,Adult: Sexual content,Restricted ad serving,ca-pub-7784034061253020,18,2024-12-01,2024-12-02
bangka.tribunnews.com,Page,N/A,N/A,bangka.tribunnews.com/2017/03/28/nonton-film-dewasa-bareng-pasangan-begini-panduannya-agar-hubungan-tetap-hangat,No,Adult: Sexual content,Restricted ad serving,ca-pub-7784034061253020,18,2024-11-29,2024-12-01
bangka.tribunnews.com,Page,N/A,N/A,bangka.tribunnews.com/2017/03/15/gadis-gadis-cantik-ini-siap-layani-pijat-payudara-hingga-threesome,No,Adult: Sexual content,Restricted ad serving,ca-pub-7784034061253020,18,2024-11-27,2024-12-02
bangka.tribunnews.com,Page,N/A,N/A,bangka.tribunnews.com/2016/11/24/mengejutkan-ternyata-negara-ini-penduduknya-yang-paling-sering-berhubungan-seks,No,Adult: Sexual content,Restricted ad serving,ca-pub-7784034061253020,18,2024-11-27,2024-12-01
bangka.tribunnews.com,Page,N/A,N/A,bangka.tribunnews.com/2016/10/08/kisah-para-artis-porno-jadi-objek-pelecehan-seksual-dia-turunkan-celana-saya-dan-menyakitkan,No,Adult: Sexual content,Restricted ad serving,ca-pub-7784034061253020,18,2024-12-02,2024-12-03
bangka.tribunnews.com,Page,N/A,N/A,bangka.tribunnews.com/2016/06/02/adegan-ranjang-vulgar-tanpa-sensor-penonton-pun-senang,No,Adult: Sexual content,Restricted ad serving,ca-pub-7784034061253020,18,2024-12-02,2024-12-02
bali.tribunnews.com,Page,N/A,N/A,bali.tribunnews.com/2017/09/08/lagi-gadis-indonesia-jadi-bintang-film-panas-di-jepang-diduga-berasal-dari-bali,No,Adult: Sexual content,Restricted ad serving,ca-pub-7784034061253020,18,2024-11-30,2024-12-01
aceh.tribunnews.com,Page,N/A,N/A,aceh.tribunnews.com/2021/05/27/video-istri-dipijat-laki-laki-lain-di-dalam-rumah-suami-gelap-mata-bacok-istri,Yes,Ads Disguised as Content,Restricted ad serving,ca-pub-7784034061253020,18,2024-11-27,2024-12-02
www.tribunnewswiki.com,Page,N/A,N/A,www.tribunnewswiki.com/2023/09/13/sosok-siskaeee-pemeran-tak-senonoh-di-film-karma-tunggak-pernah-bikin-video-asusila-di-bandara-yia,Yes,Encouraging accidental clicks: Layout,Restricted ad serving,ca-pub-7784034061253020,17,2024-11-29,2024-12-02
www.tribunnews.com,Page,N/A,N/A,www.tribunnews.com/regional/2019/09/19/geliat-prostitusi-online-di-kupang-gunakan-aplikasi-michat-dan-pilih-penginapan-short-time,No,Adult: Sexual content,Restricted ad serving,ca-pub-7784034061253020,17,2024-11-28,2024-12-02
www.tribunnews.com,Page,N/A,N/A,www.tribunnews.com/regional/2017/10/02/tak-kuat-menahan-nafsu-dukun-pijat-ini-pegang-anunya-si-pasien-wanita,No,Adult: Sexual content,Restricted ad serving,ca-pub-7784034061253020,17,2024-11-27,2024-12-02
www.tribunnews.com,Page,N/A,N/A,www.tribunnews.com/nasional/2011/10/05/obat-perangsang-dan-disfungsi-ereksi-yang-disita-bpom,No,Adult: Sexual content,Restricted ad serving,ca-pub-7784034061253020,17,2024-12-01,2024-12-01
www.tribunnews.com,Page,N/A,N/A,www.tribunnews.com/kesehatan/2017/09/05/4-bahan-alami-yang-bisa-dijadikan-pelumas-seks,No,Adult: Sexual content,Restricted ad serving,ca-pub-7784034061253020,17,2024-11-27,2024-12-01
www.tribunnews.com,Page,N/A,N/A,www.tribunnews.com/internasional/2016/11/15/wanita-cantik-ini-minum-sperma-setiap-pagi-untuk-meningkatkan-energi-dan-perawatan-kulit,No,Shocking content,Restricted ad serving,ca-pub-7784034061253020,17,2024-11-27,2024-12-02
wartakota.tribunnews.com,Page,N/A,N/A,wartakota.tribunnews.com/2015/08/22/9-fakta-orgasme-yang-wajib-diketahui,No,Adult: Sexual content,Restricted ad serving,ca-pub-7784034061253020,17,2024-11-29,2024-12-03
video.tribunnews.com,Page,N/A,N/A,video.tribunnews.com/view/54909/jasad-wanita-ditemukan-di-perut-ular-begini-cara-sanca-telan-utuh-tubuh-manusia,No,Shocking content,Restricted ad serving,ca-pub-7784034061253020,17,2024-12-02,2024-12-02
video.tribunnews.com,Page,N/A,N/A,video.tribunnews.com/view/33026/terbongkar-begini-wujud-pabrik-boneka-seks-terbesar-di-amerika-khusus-dewasa,No,Adult: Sexual content,Restricted ad serving,ca-pub-7784034061253020,17,2024-11-27,2024-12-02
suryamalang.tribunnews.com,Page,N/A,N/A,suryamalang.tribunnews.com/2019/11/25/selingkuh-dibalas-selingkuh-istri-kirim-foto-bugil-ke-pria-lain-suami-bercumbu-dengan-mahasiswi,No,Adult: Sexual content;Shocking content,Restricted ad serving,ca-pub-7784034061253020,17,2024-11-29,2024-12-01
suryamalang.tribunnews.com,Page,N/A,N/A,suryamalang.tribunnews.com/2016/11/30/video-beginilah-cara-tante-tante-di-bali-hentikan-mobil-anda-ngajak-short-time-lalu,No,Adult: Sexual content,Restricted ad serving,ca-pub-7784034061253020,17,2024-11-27,2024-12-02
style.tribunnews.com,Page,N/A,N/A,style.tribunnews.com/2018/03/29/bukan-dada-9-bagian-tubuh-wanita-inilah-yang-paling-indah-di-mata-pria,No,Adult: Sexual content,Restricted ad serving,ca-pub-7784034061253020,17,2024-11-29,2024-12-01
pontianak.tribunnews.com,Page,N/A,N/A,pontianak.tribunnews.com/2021/11/18/simvastatin-adalah-obat-penurun-kolesterol-kenali-efek-samping-obat-simvastatin,No,Google-served ads obscuring content,Restricted ad serving,ca-pub-7784034061253020,17,2024-11-28,2024-12-02
pekanbaru.tribunnews.com,Page,N/A,N/A,pekanbaru.tribunnews.com/tag/index/all,No,Adult: Sexual content,Restricted ad serving,ca-pub-7784034061253020,17,2024-11-27,2024-12-01
pekanbaru.tribunnews.com,Page,N/A,N/A,pekanbaru.tribunnews.com/2022/01/15/apa-itu-bj-alex-sinopsis-bj-alex,Yes,Ads Disguised as Content,Restricted ad serving,ca-pub-7784034061253020,17,2024-11-28,2024-12-01
pekanbaru.tribunnews.com,Page,N/A,N/A,pekanbaru.tribunnews.com/2020/02/28/3-cara-alami-untuk-memperbesar-alat-vital-kelamin-laki-laki-pria-puaskan-istri-di-ranjang,No,Adult: Sexual content,Restricted ad serving,ca-pub-7784034061253020,17,2024-12-02,2024-12-02
medan.tribunnews.com,Page,N/A,N/A,medan.tribunnews.com/2017/10/29/penyebar-video-bokep-hanna-anissa-dijerat-pidana-12-tahun,No,Adult: Sexual content,Restricted ad serving,ca-pub-7784034061253020,17,2024-11-27,2024-12-01
medan.tribunnews.com,Page,N/A,N/A,medan.tribunnews.com/2017/05/24/viral-video-pria-berseragam-loreng-pecut-dan-tendangi-pria-diduga-anggota-gangster,Yes,Site Behavior: Navigation,Restricted ad serving,ca-pub-7784034061253020,17,2024-11-27,2024-12-02
makassar.tribunnews.com,Page,N/A,N/A,makassar.tribunnews.com/2021/09/06/mau-cepat-kaya-sekeluarga-di-gowa-pakai-ilmu-pesugihan-2-anak-jadi-tumbal-anggota-tubuhnya-diambil,Yes,Ads Disguised as Content,Restricted ad serving,ca-pub-7784034061253020,17,2024-11-28,2024-12-02
makassar.tribunnews.com,Page,N/A,N/A,makassar.tribunnews.com/2020/05/13/rekaman-video-bocor-dan-viral-cewek-berbusana-minim-lakukan-hal-tak-senonoh-di-toko-sendirian,Yes,Ads Disguised as Content,Restricted ad serving,ca-pub-7784034061253020,17,2024-11-27,2024-12-01
makassar.tribunnews.com,Page,N/A,N/A,makassar.tribunnews.com/2018/11/10/lagi-nenek-70-tahun-nikahi-brondong-23-tahun-kenalnya-hanya-seminggu,No,Shocking content,Restricted ad serving,ca-pub-7784034061253020,17,2024-11-28,2024-12-02
makassar.tribunnews.com,Page,N/A,N/A,makassar.tribunnews.com/2017/05/04/isi-permintaan-maaf-pamela-safitri-usai-buah-dadanya-nyembul-di-acara-telkomsel?page=all,No,Adult: Sexual content,Restricted ad serving,ca-pub-7784034061253020,17,2024-12-01,2024-12-01
m.tribunnews.com,Page,N/A,N/A,m.tribunnews.com/seleb/2018/02/21/wow-5-bintang-porno-berotak-jenius-bahkan-ada-yang-nyaris-menyamai-einstein,No,Adult: Sexual content,Restricted ad serving,ca-pub-7784034061253020,17,2024-12-02,2024-12-02
m.tribunnews.com,Page,N/A,N/A,m.tribunnews.com/regional/2018/01/14/kasus-video-porno-dengan-bocah-intan-mengaku-sudah-tiga-kali-syuting-film-mesum,No,Adult: Sexual content,Restricted ad serving,ca-pub-7784034061253020,17,2024-12-01,2024-12-02
m.tribunnews.com,Page,N/A,N/A,m.tribunnews.com/metropolitan/2017/08/15/prostitusi-online-di-kamar-hotel-saat-digerebek-seorang-wanita-ditemukan-tak-berbusana,No,Adult: Sexual content,Restricted ad serving,ca-pub-7784034061253020,17,2024-11-28,2024-12-02
m.tribunnews.com,Page,N/A,N/A,m.tribunnews.com/lifestyle/2016/06/02/ini-dia-viagra-terbaru-berbentuk-koyo-bisa-bikin-pria-tahan-hingga-10-jam,No,Adult: Sexual content,Restricted ad serving,ca-pub-7784034061253020,17,2024-12-02,2024-12-02
m.tribunnews.com,Page,N/A,N/A,m.tribunnews.com/images/seleb/view/385752/roro-fitria,No,Adult: Sexual content,Restricted ad serving,ca-pub-7784034061253020,17,2024-11-28,2024-12-01
lampung.tribunnews.com,Page,N/A,N/A,lampung.tribunnews.com/2018/02/08/5-hal-tak-terduga-yang-ternyata-bisa-menyebabkan-penis-jadi-kecil,No,Adult: Sexual content,Restricted ad serving,ca-pub-7784034061253020,17,2024-12-02,2024-12-02
kupang.tribunnews.com,Page,N/A,N/A,kupang.tribunnews.com/2017/12/09/tanpa-sensor-para-pemain-di-lima-film-ini-benar-benar-lakukan-adegan-ranjang-di-depan-kamera?page=all,Yes,Site Behavior: Navigation,Restricted ad serving,ca-pub-7784034061253020,17,2024-12-01,2024-12-01
kupang.tribunnews.com,Page,N/A,N/A,kupang.tribunnews.com/2014/12/09/hemm-vagina-ozon-bikin-miss-v-lebih-kencang-dan-wangi,No,Adult: Sexual content,Restricted ad serving,ca-pub-7784034061253020,17,2024-11-27,2024-12-01
kaltim.tribunnews.com,Page,N/A,N/A,kaltim.tribunnews.com/2017/08/10/10-foto-seksi-nikita-willy-makin-dewasa-makin-berani,Yes,Site Behavior: Navigation,Restricted ad serving,ca-pub-7784034061253020,17,2024-11-27,2024-12-02
jogja.tribunnews.com,Page,N/A,N/A,jogja.tribunnews.com/2018/01/08/soal-video-panas-tante-dan-anak-kecil-ini-berbagai-fakta-yang-berhasil-diungkap-polisi,No,Shocking content,Restricted ad serving,ca-pub-7784034061253020,17,2024-11-30,2024-12-01
jatim.tribunnews.com,Page,N/A,N/A,jatim.tribunnews.com/2017/09/19/lama-tak-muncul-ratu-felisha-bikin-netizen-syok-karena-wajahnya-berubah-emang-beda-banget?page=3,Yes,Site Behavior: Navigation,Restricted ad serving,ca-pub-7784034061253020,17,2024-11-27,2024-12-02
jateng.tribunnews.com,Page,N/A,N/A,jateng.tribunnews.com/2019/02/20/sebelum-bercinta-lakukan-gerakan-foreplay-ini-agar-lebih-hot-memuaskan,No,Adult: Sexual content,Restricted ad serving,ca-pub-7784034061253020,17,2024-11-30,2024-12-02
jambi.tribunnews.com,Page,N/A,N/A,jambi.tribunnews.com/2018/07/30/apakah-pemain-film-panas-wanita-benar-benar-orgasme-saat-syuting,No,Adult: Sexual content,Restricted ad serving,ca-pub-7784034061253020,17,2024-11-28,2024-12-02
jambi.tribunnews.com,Page,N/A,N/A,jambi.tribunnews.com/2018/05/23/benarkah-ras-tertentu-mempunyai-ukuran-mr-p-melebihi-yang-lainnya,No,Adult: Sexual content,Restricted ad serving,ca-pub-7784034061253020,17,2024-11-28,2024-12-01
banjarmasin.tribunnews.com,Page,N/A,N/A,banjarmasin.tribunnews.com/2020/11/23/video-syur-nikita-mirzani-mau-dikirim-pada-jenita-janet-nyai-beri-syarat,No,Google-served ads obscuring content,Restricted ad serving,ca-pub-7784034061253020,17,2024-11-30,2024-12-01
banjarmasin.tribunnews.com,Page,N/A,N/A,banjarmasin.tribunnews.com/2017/11/15/mengejutkan-jackie-chan-dan-tiga-bintang-hollywood-ini-ternyata-pernah-main-film-dewasa,No,Shocking content,Restricted ad serving,ca-pub-7784034061253020,17,2024-11-27,2024-12-01
bangka.tribunnews.com,Page,N/A,N/A,bangka.tribunnews.com/2022/01/09/wanita-tidur-tanpa-pakai-celana-dalam-ternyata-bisa-bikin-dapatkan-manfaat-menakjubkan-ini,No,Google-served ads obscuring content,Restricted ad serving,ca-pub-7784034061253020,17,2024-11-27,2024-12-01
bangka.tribunnews.com,Page,N/A,N/A,bangka.tribunnews.com/2021/08/04/nikahi-janda-montok-nan-seksi-bujang-lapuk-ini-sampai-tak-sanggup-berdiri-terungkap-fakta-ini,Yes,Ads Disguised as Content,Restricted ad serving,ca-pub-7784034061253020,17,2024-11-27,2024-12-01
bangka.tribunnews.com,Page,N/A,N/A,bangka.tribunnews.com/2020/09/23/janda-gila-seks-hingga-cerita-janda-keok-ladeni-suami-orang-sampai-kejang-kejang,Yes,Encouraging accidental clicks: Layout,Restricted ad serving,ca-pub-7784034061253020,17,2024-11-29,2024-12-02
bali.tribunnews.com,Page,N/A,N/A,bali.tribunnews.com/2017/08/11/terlalu-sering-mengeluarkan-sperma-bisa-jadi-mimpi-buruk-laki-laki-ini-10-dampaknya?page=all,No,Adult: Sexual content,Restricted ad serving,ca-pub-7784034061253020,17,2024-12-02,2024-12-02
bali.tribunnews.com,Page,N/A,N/A,bali.tribunnews.com/2016/10/12/video-model-dewasa-serliana-sebut-suka-posisi-di-bawah-lihat-lidahnya,No,Adult: Sexual content,Restricted ad serving,ca-pub-7784034061253020,17,2024-11-28,2024-12-03
www.tribunnews.com,Page,N/A,N/A,www.tribunnews.com/travel/2015/11/22/akihabara-surga-belanja-video-games-gadget-komik-hingga-sex-toys-di-tokyo,No,Adult: Sexual content,Restricted ad serving,ca-pub-7784034061253020,16,2024-11-28,2024-12-02
www.tribunnews.com,Page,N/A,N/A,www.tribunnews.com/seleb/2023/12/27/lakoni-adegan-intim-di-film-suami-yang-lain-acha-septriasa-sebut-ada-batasan,No,Google-served ads obscuring content,Restricted ad serving,ca-pub-7784034061253020,16,2024-11-27,2024-12-01
www.tribunnews.com,Page,N/A,N/A,www.tribunnews.com/regional/2018/02/12/katanya-alat-bantu-seks-seperti-ini-bikin-kaum-hawa-bisa-klimaks-berkali-kali,No,Adult: Sexual content,Restricted ad serving,ca-pub-7784034061253020,16,2024-11-28,2024-12-01
www.tribunnews.com,Page,N/A,N/A,www.tribunnews.com/metropolitan/2017/08/07/sebelum-tewas-dibakar-massa-karena-dituduh-sebagai-maling-ini-3-kata-terakhir-yang-diucapkan-ma,Yes,Ads Disguised as Content;Shocking content,Restricted ad serving,ca-pub-7784034061253020,16,2024-12-01,2024-12-01
www.tribunnews.com,Page,N/A,N/A,www.tribunnews.com/kesehatan/2019/04/04/saat-bercinta-ini-6-tahapan-yang-dirasakan-perempuan-sampai-orgasme,No,Adult: Sexual content,Restricted ad serving,ca-pub-7784034061253020,16,2024-12-02,2024-12-02
www.tribunnews.com,Page,N/A,N/A,www.tribunnews.com/internasional/2019/06/27/sebelum-naik-tahta-kaisar-china-harus-tiduri-121-wanita-selama-15-hari-gini-cara-mengaturnya,No,Adult: Sexual content,Restricted ad serving,ca-pub-7784034061253020,16,2024-11-27,2024-12-01
www.tribunnews.com,Page,N/A,N/A,www.tribunnews.com/internasional/2015/06/09/kontes-bulu-ketek-jadi-tren-perempuan-tiongkok,No,Adult: Sexual content,Restricted ad serving,ca-pub-7784034061253020,16,2024-11-28,2024-12-01
www.tribunnews.com,Page,N/A,N/A,www.tribunnews.com/internasional/2014/03/19/80-persen-pelajar-di-jepang-masuki-dunia-film-porno,No,Adult: Sexual content,Restricted ad serving,ca-pub-7784034061253020,16,2024-11-27,2024-12-02
wow.tribunnews.com,Page,N/A,N/A,wow.tribunnews.com/2017/10/09/goyang-panas-dengan-pria-asal-arab-perhatikan-yang-dilakukan-2-tkw-seksi-ini-bikin-geleng-geleng?page=4,Yes,Site Behavior: Navigation,Restricted ad serving,ca-pub-7784034061253020,16,2024-12-01,2024-12-02
wartakota.tribunnews.com,Page,N/A,N/A,wartakota.tribunnews.com/2019/04/28/ibunya-lihat-ada-cupangan-di-leher-gadis-16-tahun-ini-mengaku-telah-berhubungan-intim-dengan-5-pria,No,Shocking content,Restricted ad serving,ca-pub-7784034061253020,16,2024-11-29,2024-12-01
wartakota.tribunnews.com,Page,N/A,N/A,wartakota.tribunnews.com/2014/07/13/inilah-foto-bugil-venus-williams-di-majalah-espn-yang-bikin-heboh,No,Adult: Sexual content,Restricted ad serving,ca-pub-7784034061253020,16,2024-11-27,2024-12-02
surabaya.tribunnews.com,Page,N/A,N/A,surabaya.tribunnews.com/2024/03/20/sosok-tante-yang-siksa-dan-masukkan-ponakan-ke-dalam-karung-gara-gara-hal-sepele-videonya-viral,No,Google-served ads obscuring content,Restricted ad serving,ca-pub-7784034061253020,16,2024-11-27,2024-12-02
sulbar.tribunnews.com,Page,N/A,N/A,sulbar.tribunnews.com/2022/11/04/sosok-wanita-kebaya-merah-di-video-viral-16-menit-diduga-influencer-lokal-bali-diselidiki-polisi,Yes,Encouraging accidental clicks: Layout,Restricted ad serving,ca-pub-7784034061253020,16,2024-11-29,2024-12-02
pontianak.tribunnews.com,Page,N/A,N/A,pontianak.tribunnews.com/2019/08/23/tarif-ayam-kampus-di-prostitusi-online-lokasi-bercinta-favorit-hingga-disebut-berbeda-dari-psk,No,Adult: Sexual content,Restricted ad serving,ca-pub-7784034061253020,16,2024-11-27,2024-12-02
pontianak.tribunnews.com,Page,N/A,N/A,pontianak.tribunnews.com/2018/02/12/ditinggal-suami-berbulan-bulan-wanita-ini-pakai-sex-toy-untuk-kebutuhan-biologisnya,No,Adult: Sexual content,Restricted ad serving,ca-pub-7784034061253020,16,2024-12-02,2024-12-02
medan.tribunnews.com,Page,N/A,N/A,medan.tribunnews.com/2018/01/25/pasien-cantik-kondisi-dibius-digerayangi-perawat-pria-menangis-kamu-pegang-payudara-saya,No,Adult: Sexual content,Restricted ad serving,ca-pub-7784034061253020,16,2024-12-01,2024-12-01
medan.tribunnews.com,Page,N/A,N/A,medan.tribunnews.com/2015/03/24/apakah-memakai-kondom-diperbolehkan-dalam-islam,No,Adult: Sexual content,Restricted ad serving,ca-pub-7784034061253020,16,2024-11-28,2024-12-02
manado.tribunnews.com,Page,N/A,N/A,manado.tribunnews.com/2018/03/21/10-potret-seksi-aura-kasih-yang-cantiknya-nyaris-sempurna-nomor-6-menyerupai-boneka-hidup,No,Google-served ads obscuring content,Restricted ad serving,ca-pub-7784034061253020,16,2024-11-28,2024-12-01
makassar.tribunnews.com,Page,N/A,N/A,makassar.tribunnews.com/2019/10/21/kronologi-video-panas-siswi-smk-berseragam-pramuka-viral-di-medsos-whatsapp-wa-nih-4-faktanya,Yes,Ads Disguised as Content,Restricted ad serving,ca-pub-7784034061253020,16,2024-11-29,2024-12-01
makassar.tribunnews.com,Page,N/A,N/A,makassar.tribunnews.com/2019/08/16/bintang-film-dewasa-amaranta-hank-dirikan-universitas-porno-pertama-di-dunia-apa-saja-diajarkan,No,Adult: Sexual content,Restricted ad serving,ca-pub-7784034061253020,16,2024-11-27,2024-12-02
makassar.tribunnews.com,Page,N/A,N/A,makassar.tribunnews.com/2019/07/18/ibu-pergi-ke-sawah-dua-anak-sd-berhubungan-badan-layaknya-suami-istri-di-rumah-direkam-dan-viral?page=3,No,Adult: Sexual content,Restricted ad serving,ca-pub-7784034061253020,16,2024-12-01,2024-12-01
makassar.tribunnews.com,Page,N/A,N/A,makassar.tribunnews.com/2015/09/05/penelitian-profesor-psikologi-rata-rata-istri-selingkuh-karena-berikut-ini,Yes,Ads Disguised as Content,Restricted ad serving,ca-pub-7784034061253020,16,2024-12-01,2024-12-01
m.tribunnews.com,Page,N/A,N/A,m.tribunnews.com/seleb/2015/11/05/sukai-adegan-ranjang-jo-yeo-jung-cuek-dilabeli-artis-spesialis-film-erotis,No,Adult: Sexual content,Restricted ad serving,ca-pub-7784034061253020,16,2024-11-29,2024-12-02
m.tribunnews.com,Page,N/A,N/A,m.tribunnews.com/images/model/view/493852/baby-margaretha,No,Adult: Sexual content,Restricted ad serving,ca-pub-7784034061253020,16,2024-11-27,2024-12-02
kupang.tribunnews.com,Page,N/A,N/A,kupang.tribunnews.com/2018/01/09/ngeri-wanita-ini-nekat-videokan-aksinya-saat-berhubungan-seks-dengan-labrador-peliharaannya,No,Adult: Sexual content,Restricted ad serving,ca-pub-7784034061253020,16,2024-11-30,2024-12-02
jogja.tribunnews.com,Page,N/A,N/A,jogja.tribunnews.com/2017/07/14/heboh-video-emak-emak-ancam-telanjang-bulat-bila-anaknya-gagal-masuk-sekolah-pilihanvit,Yes,Site Behavior: Navigation,Restricted ad serving,ca-pub-7784034061253020,16,2024-12-01,2024-12-02
jogja.tribunnews.com,Page,N/A,N/A,jogja.tribunnews.com/2014/08/27/9-aktris-porno-jepang-izinkan-payudaranya-diremas-remas,No,Adult: Sexual content,Restricted ad serving,ca-pub-7784034061253020,16,2024-12-01,2024-12-02
jatim.tribunnews.com,Page,N/A,N/A,jatim.tribunnews.com/2022/01/04/lirik-dan-terjemahan-lagu-enjoy-life-airr-yang-populer-di-tiktok-and-maybe-we-can-enjoy-life,Yes,Copyrighted material (DMCA),Disabled ad serving,,16,2024-11-30,2024-12-01
jateng.tribunnews.com,Page,N/A,N/A,jateng.tribunnews.com/2016/03/24/video-tragis-dua-wanita-ini-disiksa-dan-diarak-bugil-lalu-dilecehkan-di-jalanan,No,Adult: Sexual content,Restricted ad serving,ca-pub-7784034061253020,16,2024-11-29,2024-12-03
jambi.tribunnews.com,Page,N/A,N/A,jambi.tribunnews.com/2018/01/22/selebgram-jambi-ini-masih-kelas-2-smp-sebulan-bisa-raup-rp-5-juta-lewat-promo-produk,No,Shocking content,Restricted ad serving,ca-pub-7784034061253020,16,2024-11-29,2024-12-02
belitung.tribunnews.com,Page,N/A,N/A,belitung.tribunnews.com/2018/10/19/bahan-parfum-termahal-rp-900-juta-sekilo-berasal-dari-umbi-tanaman-ini,Yes,Encouraging accidental clicks: Layout;Google-served ads obscuring content,Restricted ad serving,ca-pub-7784034061253020,16,2024-11-29,2024-12-01
bekasi.tribunnews.com,Page,N/A,N/A,bekasi.tribunnews.com/2022/07/21/film-semi-korea-terbaru-2022-dari-secret-flower-arrangement-hingga-close-contact-mata-enggak-kedip,No,Adult: Sexual content,Restricted ad serving,ca-pub-7784034061253020,16,2024-11-27,2024-12-02
bangka.tribunnews.com,Page,N/A,N/A,bangka.tribunnews.com/2017/08/18/cerita-bu-guru-cantik-dihamili-murid-yang-masih-abg-begini-hubungan-terlarang-itu-terungkap,No,Adult: Sexual content,Restricted ad serving,ca-pub-7784034061253020,16,2024-11-27,2024-12-02
bangka.tribunnews.com,Page,N/A,N/A,bangka.tribunnews.com/2017/02/01/jamur-unik-wanita-yang-mencium-aromanya-bisa-langsung-orgasme,No,Adult: Sexual content,Restricted ad serving,ca-pub-7784034061253020,16,2024-11-27,2024-12-01
bali.tribunnews.com,Page,N/A,N/A,bali.tribunnews.com/2017/01/23/pria-ini-miliki-penis-terpanjang-di-dunia-saat-berhubungan-intim-beginilah-jadinya?page=all,No,Adult: Sexual content,Restricted ad serving,ca-pub-7784034061253020,16,2024-12-01,2024-12-01
bali.tribunnews.com,Page,N/A,N/A,bali.tribunnews.com/2016/07/18/video-handuk-artis-cantik-korea-ini-melorot-di-depan-kamera-rambut-clara-lee-tampak-basah,Yes,Site Behavior: Navigation,Restricted ad serving,ca-pub-7784034061253020,16,2024-11-27,2024-12-02
aceh.tribunnews.com,Page,N/A,N/A,aceh.tribunnews.com/2021/09/28/fakta-gasdis-remaja-dibunuh-pacar-di-medan-pelaku-bersandiwara-usai-siram-korban-dengan-air-keras,Yes,Ads Disguised as Content,Restricted ad serving,ca-pub-7784034061253020,16,2024-11-30,2024-12-02
aceh.tribunnews.com,Page,N/A,N/A,aceh.tribunnews.com/2020/11/07/gisella-anastasia-tanggapi-warganet-soal-kamarnya-yang-juga-disebut-mirip-lokasi-video-syur-itu,Yes,Ads Disguised as Content,Restricted ad serving,ca-pub-7784034061253020,16,2024-11-27,2024-12-02
www.tribunnews.com,Page,N/A,N/A,www.tribunnews.com/regional/2019/01/30/inilah-sosok-muncikari-prostitusi-online-di-magelang-ia-dapat-fee-30-persen-dari-psk,No,Adult: Sexual content,Restricted ad serving,ca-pub-7784034061253020,15,2024-11-28,2024-12-01
www.tribunnews.com,Page,N/A,N/A,www.tribunnews.com/regional/2015/04/22/obat-kuat-legal-laris-manis-di-manado,No,Adult: Sexual content,Restricted ad serving,ca-pub-7784034061253020,15,2024-11-29,2024-12-02
www.tribunnews.com,Page,N/A,N/A,www.tribunnews.com/lifestyle/2015/10/08/apakah-seorang-istri-perlu-cukur-rambut-kemaluan-di-malam-pertama,No,Adult: Sexual content,Restricted ad serving,ca-pub-7784034061253020,15,2024-11-27,2024-12-01
www.tribunnews.com,Page,N/A,N/A,www.tribunnews.com/kesehatan/2020/11/26/punya-dampak-buruk-bagi-kesehatan-inilah-5-sisi-positif-merokok-yang-jarang-diketahui,No,Google-served ads obscuring content,Restricted ad serving,ca-pub-7784034061253020,15,2024-11-29,2024-12-01
www.tribunnews.com,Page,N/A,N/A,www.tribunnews.com/internasional/2018/03/05/artis-film-dewasa-jepang-tidak-masalah-menikah-dengan-orang-indonesia,No,Adult: Sexual content,Restricted ad serving,ca-pub-7784034061253020,15,2024-11-29,2024-12-01
www.tribunnews.com,Page,N/A,N/A,www.tribunnews.com/internasional/2017/07/18/gadis-ini-nyaris-tewas-usai-memasukkan-belut-dalam-kemaluannya-ini-yang-terjadi,No,Shocking content,Restricted ad serving,ca-pub-7784034061253020,15,2024-11-28,2024-12-01
wartakota.tribunnews.com,Page,N/A,N/A,wartakota.tribunnews.com/2021/06/14/tingkah-lee-sang-woo-punya-saat-nonton-adegan-ciuman-kim-so-yeon-dalam-the-penthouse,Yes,Encouraging accidental clicks: Layout,Restricted ad serving,ca-pub-7784034061253020,15,2024-12-02,2024-12-02
suryamalang.tribunnews.com,Page,N/A,N/A,suryamalang.tribunnews.com/2017/04/08/3-posisi-bercinta-yang-bikin-wanita-langsing-hmm-layak-dicoba,No,Adult: Sexual content;Shocking content,Restricted ad serving,ca-pub-7784034061253020,15,2024-11-27,2024-12-02
sumsel.tribunnews.com,Page,N/A,N/A,sumsel.tribunnews.com/2015/04/17/senam-kegel-bisa-mencegah-wasir-dan-mengatasi-ejakulasi-dini?page=all,No,Adult: Sexual content,Restricted ad serving,ca-pub-7784034061253020,15,2024-12-01,2024-12-01
sultra.tribunnews.com,Page,N/A,N/A,sultra.tribunnews.com/2023/05/08/full-video-viral-2-menit-27-detik-kasir-minimarket-di-kendari-main-kuda-kudaan-link-videonya,Yes,Google-served ads on screens without publisher-content,Restricted ad serving,ca-pub-7784034061253020,15,2024-12-01,2024-12-01
pontianak.tribunnews.com,Page,N/A,N/A,pontianak.tribunnews.com/2018/02/12/bilang-psk-di-arab-pakai-jilbab-dan-cadar-artis-gebby-vesta-diancam-dibakar-hidup-hidup,No,Shocking content,Restricted ad serving,ca-pub-7784034061253020,15,2024-12-01,2024-12-02
palembang.tribunnews.com,Page,N/A,N/A,palembang.tribunnews.com/2017/12/10/tak-kalah-hot-meski-jadul-5-film-dewasa-ini-berani-buka-bukaan-di-setiap-adegannya,No,Adult: Sexual content,Restricted ad serving,ca-pub-7784034061253020,15,2024-11-27,2024-12-01
manado.tribunnews.com,Page,N/A,N/A,manado.tribunnews.com/2021/01/20/masih-ingat-mia-khalifa-wanita-cantik-mantan-pemain-film-dewasa-hidup-berubah-kini-rajin-beramal,No,Google-served ads obscuring content,Restricted ad serving,ca-pub-7784034061253020,15,2024-11-27,2024-12-02
makassar.tribunnews.com,Page,N/A,N/A,makassar.tribunnews.com/2019/12/13/usai-video-janda-muda-tanpa-busana-kini-viral-foto-model-cantik-pamer-dada-hebohkan-warga-madura,No,Adult: Sexual content,Restricted ad serving,ca-pub-7784034061253020,15,2024-11-28,2024-12-02
makassar.tribunnews.com,Page,N/A,N/A,makassar.tribunnews.com/2019/09/07/terjun-di-film-dewasa-saat-masih-kuliah-mia-khalifa-beberkan-alasan-saat-jadi-bintang-video-porno,No,Adult: Sexual content,Restricted ad serving,ca-pub-7784034061253020,15,2024-12-01,2024-12-01
kupang.tribunnews.com,Page,N/A,N/A,kupang.tribunnews.com/2017/05/19/ini-4-bentuk-vagina-yang-disukai-pria-nomor-4-paling-oke-menurutmu-guys,No,Adult: Sexual content,Restricted ad serving,ca-pub-7784034061253020,15,2024-11-29,2024-12-02
jogja.tribunnews.com,Page,N/A,N/A,jogja.tribunnews.com/2014/09/05/psk-sehari-tak-bersetubuh-badan-saya-gemetar,No,Adult: Sexual content,Restricted ad serving,ca-pub-7784034061253020,15,2024-11-27,2024-12-01
jatim.tribunnews.com,Page,N/A,N/A,jatim.tribunnews.com/2017/07/27/foto-pevita-pearce-pamer-paha-dan-perut-bikin-buyar-mata-netizen-salfok-anunya-besar-ya,No,Adult: Sexual content,Restricted ad serving,ca-pub-7784034061253020,15,2024-12-01,2024-12-01
jateng.tribunnews.com,Page,N/A,N/A,jateng.tribunnews.com/2019/04/25/video-panas-masturbasi-6-artis-dan-atlet-mulai-tersebar-di-grup-whatsapp-polisi-turun-tangan,No,Adult: Sexual content,Restricted ad serving,ca-pub-7784034061253020,15,2024-11-28,2024-12-02
jambi.tribunnews.com,Page,N/A,N/A,jambi.tribunnews.com/2019/09/18/tak-perlu-obat-kuat-kopi-cleng-dan-jantan-5-resep-alami-ini-bisa-tingkatkan-stamina-pria-dewasa,No,Adult: Sexual content,Restricted ad serving,ca-pub-7784034061253020,15,2024-11-28,2024-12-01
jambi.tribunnews.com,Page,N/A,N/A,jambi.tribunnews.com/2018/01/16/goyang-bagian-tubuh-ini-saat-bercinta-diyakini-suami-anda-ketagihan?page=all,No,Adult: Sexual content,Restricted ad serving,ca-pub-7784034061253020,15,2024-12-02,2024-12-02
belitung.tribunnews.com,Page,N/A,N/A,belitung.tribunnews.com/2017/11/24/agresivitas-seksual-wanita-bisa-dilihat-dari-bentuk-bibirnya-bentuk-bibir-begini-agresif-di-ranjang,No,Adult: Sexual content,Restricted ad serving,ca-pub-7784034061253020,15,2024-12-01,2024-12-01
batam.tribunnews.com,Page,N/A,N/A,batam.tribunnews.com/2020/09/22/4-pemuda-bikin-mabuk-gadis-15-tahun-korban-kemudian-digilir-hingga-pagi?page=all,Yes,Google-served ads obscuring content;Modified Javascript: Ads by Google size,Restricted ad serving,ca-pub-7784034061253020,15,2024-12-02,2024-12-02
bangka.tribunnews.com,Page,N/A,N/A,bangka.tribunnews.com/2020/01/13/saat-suaminya-lagi-tidur-istri-bercinta-dengan-pria-lain-di-sebelah-ranjangnya-endingnya-sakit,No,Adult: Sexual content,Restricted ad serving,ca-pub-7784034061253020,15,2024-11-27,2024-12-02
bangka.tribunnews.com,Page,N/A,N/A,bangka.tribunnews.com/2016/09/11/video-inilah-wajah-gigolo-imigran-langganan-tante-tante-girang,Yes,Site Behavior: Navigation,Restricted ad serving,ca-pub-7784034061253020,15,2024-11-28,2024-12-01
bangka.tribunnews.com,Page,N/A,N/A,bangka.tribunnews.com/2016/03/17/heboh-ada-boneka-seks-gadis-kecil-dipasarkan-rp-145-juta,No,Adult: Sexual content,Restricted ad serving,ca-pub-7784034061253020,15,2024-12-01,2024-12-01
bali.tribunnews.com,Page,N/A,N/A,bali.tribunnews.com/2018/02/12/pembeli-sex-toy-di-bali-adalah-ibu-muda-dan-remaja-putri-jenis-ini-bisa-bikin-klimaks-berkali-kali,No,Adult: Sexual content,Restricted ad serving,ca-pub-7784034061253020,15,2024-11-27,2024-12-02
bali.tribunnews.com,Page,N/A,N/A,bali.tribunnews.com/2016/12/28/sadis-pembunuhan-satu-keluarga-di-jakarta-korban-hidup-dan-mati-bertumpuk-di-kamar-mandi,Yes,Ads Disguised as Content,Restricted ad serving,ca-pub-7784034061253020,15,2024-11-30,2024-12-02
aceh.tribunnews.com,Page,N/A,N/A,aceh.tribunnews.com/2024/09/11/kronologi-m-ridwan-siswa-smk-di-bogor-tewas-dianiaya-kakak-pacarnya-korban-sempat-muntah-darah,No,Shocking content,Restricted ad serving,ca-pub-7784034061253020,15,2024-11-30,2024-12-01
www.tribunnews.com,Page,N/A,N/A,www.tribunnews.com/regional/2011/10/14/kepala-dan-tangan-korban-dimutilasi-usai-dianiaya,No,Shocking content,Restricted ad serving,ca-pub-7784034061253020,14,2024-12-02,2024-12-02
www.tribunnews.com,Page,N/A,N/A,www.tribunnews.com/nasional/2022/11/02/heboh-wanita-kebaya-merah-beradegan-tak-senonoh-dengan-tamu-hotel-link-video-full-16-menit-diburu,Yes,Ads Disguised as Content,Restricted ad serving,ca-pub-7784034061253020,14,2024-12-01,2024-12-02
www.tribunnews.com,Page,N/A,N/A,www.tribunnews.com/internasional/2018/09/25/46-persen-pelajar-smp-di-jepang-menyatakan-perlunya-pendidikan-seks-di-sekolah,No,Adult: Sexual content,Restricted ad serving,ca-pub-7784034061253020,14,2024-11-27,2024-12-01
wartakota.tribunnews.com,Page,N/A,N/A,wartakota.tribunnews.com/2019/10/24/jerinx-sid-mampu-puaskan-istri-sampai-11-kali-rahasianya-cuma-minum-ramuan-ini,No,Adult: Sexual content,Restricted ad serving,ca-pub-7784034061253020,14,2024-11-30,2024-12-01
wartakota.tribunnews.com,Page,N/A,N/A,wartakota.tribunnews.com/2015/03/20/foto-payudara-sendiri-jadi-tren-selfie-di-thailand,Yes,Google-served ads obscuring content;Modified Javascript: Ads by Google size,Restricted ad serving,ca-pub-7784034061253020,14,2024-12-02,2024-12-02
travel.tribunnews.com,Page,N/A,N/A,travel.tribunnews.com/2018/09/13/tak-hanya-cantik-selebgram-19-tahun-asal-rusia-ini-juga-punya-bakat-yang-mengagumkan,Yes,Site Behavior: Navigation,Restricted ad serving,ca-pub-7784034061253020,14,2024-11-30,2024-12-01
suryamalang.tribunnews.com,Page,N/A,N/A,suryamalang.tribunnews.com/2021/11/17/video-viral-selebgram-asal-ambon-dan-pacarnya-bikin-heboh-ada-adegan-es-batu,Yes,Ads Disguised as Content,Restricted ad serving,ca-pub-7784034061253020,14,2024-11-28,2024-12-02
surabaya.tribunnews.com,Page,N/A,N/A,surabaya.tribunnews.com/2021/04/22/aktris-pornhub-miha-nika-bikin-video-mesum-di-gunung-batur-sudah-tersebar-di-medsos?page=3,No,Google-served ads obscuring content,Restricted ad serving,ca-pub-7784034061253020;ca-video-pub-7784034061253020,14,2024-12-02,2024-12-02
sumsel.tribunnews.com,Page,N/A,N/A,sumsel.tribunnews.com/2017/06/30/tragis-pemain-film-porno-jepang-ini-meninggal-saat-lakukan-adegan-mengerikan-ini,No,Adult: Sexual content,Restricted ad serving,ca-pub-7784034061253020,14,2024-12-01,2024-12-02
pekanbaru.tribunnews.com,Page,N/A,N/A,pekanbaru.tribunnews.com/2015/01/15/ini-dia-adegan-seks-paling-aneh-di-film-hollywood,No,Adult: Sexual content,Restricted ad serving,ca-pub-7784034061253020,14,2024-11-30,2024-12-01
palembang.tribunnews.com,Page,N/A,N/A,palembang.tribunnews.com/2017/12/30/sering-terjadi-ternyata-ini-6-tanda-istri-tidur-dengan-pria-lain-no-6-pria-wajib-waspada,Yes,Site Behavior: Navigation,Restricted ad serving,ca-pub-7784034061253020,14,2024-12-02,2024-12-02
palembang.tribunnews.com,Page,N/A,N/A,palembang.tribunnews.com/2016/04/15/beredar-video-anak-anak-berseragam-sekolah-berdansa-dengan-gerakan-erotis,No,Adult: Sexual content,Restricted ad serving,ca-pub-7784034061253020,14,2024-12-01,2024-12-01
medan.tribunnews.com,Page,N/A,N/A,medan.tribunnews.com/2017/10/28/diduga-sebagai-pemeran-video-mesum-hanna-anissa-dan-farhan-diperiksa-polisi-ini-hasilnya,No,Adult: Sexual content,Restricted ad serving,ca-pub-7784034061253020,14,2024-12-01,2024-12-01
medan.tribunnews.com,Page,N/A,N/A,medan.tribunnews.com/2017/09/26/bupati-kaltara-tersangka-ada-suara-rita-widyasari-bintang-video-mesum-belum-ada-judul?page=all&_ga=2.172121184.2135540868.1506492392-1799101051.1505883125,No,Google-served ads obscuring content,Restricted ad serving,ca-pub-7784034061253020,14,2024-12-02,2024-12-02
manado.tribunnews.com,Page,N/A,N/A,manado.tribunnews.com/2017/07/18/monyet-hidup-dibelah-kepalanya-disendok-otaknya-dimakan-warga-beramai-ramai,No,Shocking content,Restricted ad serving,ca-pub-7784034061253020,14,2024-11-29,2024-12-01
makassar.tribunnews.com,Page,N/A,N/A,makassar.tribunnews.com/2018/08/13/mengungkap-fenomena-spg-plus-plus-mulai-cara-identifikasi-hingga-tarif-sekali-kencan?page=all,No,Adult: Sexual content,Restricted ad serving,ca-pub-7784034061253020,14,2024-12-01,2024-12-01
m.tribunnews.com,Page,N/A,N/A,m.tribunnews.com/kesehatan/2011/11/25/bahaya-22-kopi-bisa-hilangkan-gairah-seks-dan-kematian,No,Adult: Sexual content,Restricted ad serving,ca-pub-7784034061253020,14,2024-11-28,2024-12-01
lampung.tribunnews.com,Page,N/A,N/A,lampung.tribunnews.com/2017/07/18/video-pasang-kamera-tkw-rekam-aksi-mesum-majikannya-di-dapur,Yes,Site Behavior: Navigation,Restricted ad serving,ca-pub-7784034061253020,14,2024-11-30,2024-12-01
kupang.tribunnews.com,Page,N/A,N/A,kupang.tribunnews.com/2018/09/05/7-artis-ini-miliki-payudara-terindah-di-tahun-2017-adakah-idolamu?page=4,No,Google-served ads obscuring content,Restricted ad serving,ca-pub-7784034061253020,14,2024-12-03,2024-12-03
kupang.tribunnews.com,Page,N/A,N/A,kupang.tribunnews.com/2017/12/31/foto-viral-pramugari-berpose-bersama-3-pria-dalam-balutan-koteka-di-dalam-pesawat-kocak?page=3,No,Adult: Sexual content,Restricted ad serving,ca-pub-7784034061253020,14,2024-12-01,2024-12-01
kupang.tribunnews.com,Page,N/A,N/A,kupang.tribunnews.com/2017/11/11/gadis-cantik-ini-menikmati-sesi-foto-bugil-di-hotel-bersama-fotografer-profesional?page=3,No,Adult: Sexual content,Restricted ad serving,ca-pub-7784034061253020,14,2024-12-02,2024-12-02
kupang.tribunnews.com,Page,N/A,N/A,kupang.tribunnews.com/2017/11/11/gadis-cantik-ini-menikmati-sesi-foto-bugil-di-hotel-bersama-fotografer-profesional?page=2,No,Adult: Sexual content,Restricted ad serving,ca-pub-7784034061253020,14,2024-12-02,2024-12-02
kupang.tribunnews.com,Page,N/A,N/A,kupang.tribunnews.com/2014/08/18/tante-girang-yang-puas-akan-jadikan-brondong-sebagai-pacar,No,Adult: Sexual content,Restricted ad serving,ca-pub-7784034061253020,14,2024-11-28,2024-12-02
jogja.tribunnews.com,Page,N/A,N/A,jogja.tribunnews.com/2017/03/25/telan-cairan-ms-v-saat-oral-seks-aman-tidak-ya,No,Adult: Sexual content,Restricted ad serving,ca-pub-7784034061253020,14,2024-11-30,2024-12-01
jambi.tribunnews.com,Page,N/A,N/A,jambi.tribunnews.com/2018/02/09/wanita-dengan-bokong-besar-jadi-idola-pria-in-fakta-dan-alasannya,No,Adult: Sexual content,Restricted ad serving,ca-pub-7784034061253020,14,2024-12-01,2024-12-01
jambi.tribunnews.com,Page,N/A,N/A,jambi.tribunnews.com/2017/09/03/foto-inilah-calon-suami-maria-ozawa-bintang-porno-asal-jepang-kok-mirip-artis-indonesia-ya,No,Adult: Sexual content;Shocking content,Restricted ad serving,ca-pub-7784034061253020,14,2024-12-02,2024-12-02
jambi.tribunnews.com,Page,N/A,N/A,jambi.tribunnews.com/2017/07/07/saking-seksi-pemenang-kontes-bokong-terindah-tak-bisa-lakukan-hal-ini-di-tempat-umum,No,Adult: Sexual content,Restricted ad serving,ca-pub-7784034061253020,14,2024-12-02,2024-12-02
jambi.tribunnews.com,Page,N/A,N/A,jambi.tribunnews.com/2017/02/05/galeri-foto-astaghfirullah-wanita-ini-upload-foto-telanjangnya-di-fb-diduga-warga-sungai-penuh,No,Google-served ads obscuring content,Restricted ad serving,ca-pub-7784034061253020,14,2024-11-30,2024-12-02
jambi.tribunnews.com,Page,N/A,N/A,jambi.tribunnews.com/2015/12/11/ini-sejarah-pelacuran-pria-terkenal-karena-trik-memutar-1,No,Adult: Sexual content,Restricted ad serving,ca-pub-7784034061253020,14,2024-11-29,2024-12-02
jambi.tribunnews.com,Page,N/A,N/A,jambi.tribunnews.com/2012/08/23/digoyang-gigolo-tante-girang-makin-kegirangan,No,Adult: Sexual content,Restricted ad serving,ca-pub-7784034061253020,14,2024-11-30,2024-12-02
bogor.tribunnews.com,Page,N/A,N/A,bogor.tribunnews.com/2018/05/09/angkat-kaki-habis-hubungan-seks-bisa-cepet-hamil-beneran-simak-penjelasan-medisnya-yuk,No,Adult: Sexual content,Restricted ad serving,ca-pub-7784034061253020,14,2024-11-28,2024-12-01
belitung.tribunnews.com,Page,N/A,N/A,belitung.tribunnews.com/2019/06/24/guru-dan-siswi-smp-pesta-seks-di-sekolah-siswi-tak-terima-hamil-lalu-melapor-ke-polisi,No,Google-served ads obscuring content,Restricted ad serving,ca-pub-7784034061253020,14,2024-12-02,2024-12-02
belitung.tribunnews.com,Page,N/A,N/A,belitung.tribunnews.com/2017/04/04/pasangan-ini-gancet-saat-bercinta-di-hotel-saat-ditandu-keluar-hanya-berbalut-seprai-malah-direkam,No,Adult: Sexual content,Restricted ad serving,ca-pub-7784034061253020,14,2024-11-29,2024-12-02
bangka.tribunnews.com,Page,N/A,N/A,bangka.tribunnews.com/2018/03/20/jari-jari-wanita-ini-jadi-membusuk-tak-bisa-disembuhkan-penyebabnya-gara-gara-hal-ini,No,Adult: Sexual content,Restricted ad serving,ca-pub-7784034061253020,14,2024-11-30,2024-12-01
bangka.tribunnews.com,Page,N/A,N/A,bangka.tribunnews.com/2017/12/14/rupanya-ciri-di-bagian-ini-yang-tak-bisa-dielak-hanna-annisa-pemeran-video-mesum-viral?page=all,No,Adult: Sexual content,Restricted ad serving,ca-pub-7784034061253020,14,2024-12-01,2024-12-01
bangka.tribunnews.com,Page,N/A,N/A,bangka.tribunnews.com/2016/07/23/video-model-cantik-china-rela-disusui-pengusaha-kaya-saat-makan-malam,Yes,Ads Disguised as Content,Restricted ad serving,ca-pub-7784034061253020,14,2024-12-01,2024-12-02
bali.tribunnews.com,Page,N/A,N/A,bali.tribunnews.com/2017/06/12/foto-bugil-abg-ini-viral-di-facebook-ternyata-diunggah-tetangga,No,Google-served ads obscuring content,Restricted ad serving,ca-pub-7784034061253020,14,2024-11-29,2024-12-02
aceh.tribunnews.com,Page,N/A,N/A,aceh.tribunnews.com/2022/07/26/rindu-berat-wanita-ini-malah-meninggal-dunia-dicium-secara-brutal-oleh-pacarnya-ada-tanda-di-leher?page=all,Yes,Google-served ads obscuring content;Modified Javascript: Ads by Google size,Restricted ad serving,ca-pub-7784034061253020,14,2024-12-01,2024-12-01
www.tribunnewswiki.com,Page,N/A,N/A,www.tribunnewswiki.com/2021/05/05/bagelen,No,Google-served ads obscuring content,Restricted ad serving,ca-pub-7784034061253020,13,2024-12-01,2024-12-01
www.tribunnews.com,Page,N/A,N/A,www.tribunnews.com/regional/2022/11/08/2-pemeran-video-mesum-kebaya-merah-jual-kontennya-hingga-ke-luar-negeri-pembeli-bisa-request,Yes,Ads Disguised as Content,Restricted ad serving,ca-pub-7784034061253020,13,2024-11-28,2024-12-01
www.tribunnews.com,Page,N/A,N/A,www.tribunnews.com/regional/2018/02/12/mengapa-peminat-alat-bantu-seks-kaum-hawa-ini-kata-pakar-seksologi-unud-bali,No,Adult: Sexual content,Restricted ad serving,ca-pub-7784034061253020,13,2024-12-02,2024-12-02
www.tribunnews.com,Page,N/A,N/A,www.tribunnews.com/regional/2015/08/24/obat-gila-marak-di-sulut-efeknya-ngeri-adegan-seks-bersama,No,Adult: Sexual content,Restricted ad serving,ca-pub-7784034061253020,13,2024-11-27,2024-12-02
www.tribunnews.com,Page,N/A,N/A,www.tribunnews.com/pendidikan/2022/01/05/kehidupan-sosial-masyarakat-indonesia-pada-masa-praaksara-berburu-bercocok-tanam-dan-perundagian?page=2,Yes,Encouraging accidental clicks: Layout,Restricted ad serving,ca-pub-7784034061253020,13,2024-12-01,2024-12-01
www.tribunnews.com,Page,N/A,N/A,www.tribunnews.com/nasional/2018/01/09/wanita-dewasa-di-video-threesome-dengan-2-bocah-di-bandung-sehari-harinya-pemandu-lagu-karaoke,No,Adult: Sexual content,Restricted ad serving,ca-pub-7784034061253020,13,2024-11-27,2024-12-01
www.tribunnews.com,Page,N/A,N/A,www.tribunnews.com/metropolitan/2020/01/23/lokalisasi-di-rawa-bebek-penjaringan-sudah-ada-50-tahun-silam-sering-dirazia-dan-tetap-bertahan,No,Shocking content,Restricted ad serving,ca-pub-7784034061253020,13,2024-12-01,2024-12-01
www.tribunnews.com,Page,N/A,N/A,www.tribunnews.com/metropolitan/2017/12/25/kos-kosan-di-bogor-tengah-ini-ramai-didatangi-para-pria-ternyata-jadi-tempat-prostitusi-online,Yes,Encouraging accidental clicks: Layout;Google-served ads obscuring content,Restricted ad serving,ca-pub-7784034061253020,13,2024-12-01,2024-12-01
www.tribunnews.com,Page,N/A,N/A,www.tribunnews.com/kesehatan/2019/04/04/saat-bercinta-ini-6-tahapan-yang-dirasakan-perempuan-sampai-orgasme?page=2,No,Adult: Sexual content,Restricted ad serving,ca-pub-7784034061253020,13,2024-12-02,2024-12-02
www.tribunnews.com,Page,N/A,N/A,www.tribunnews.com/kesehatan/2017/07/10/pengaruh-pemilihan-jenis-kasur-pada-kepuasan-hubungan-suami-istri,No,Adult: Sexual content,Restricted ad serving,ca-pub-7784034061253020,13,2024-12-01,2024-12-02
www.tribunnews.com,Page,N/A,N/A,www.tribunnews.com/kesehatan/2013/02/06/permen-karet-cinta-bangkitkan-hasrat-seksual-dalam-20-menit,No,Adult: Sexual content,Restricted ad serving,ca-pub-7784034061253020,13,2024-12-01,2024-12-01
www.tribunnews.com,Page,N/A,N/A,www.tribunnews.com/kesehatan/2013/02/06/ini-kata-mereka-yang-pernah-mengonsumsi-permen-karet-cinta?page=2,No,Adult: Sexual content,Restricted ad serving,ca-pub-7784034061253020,13,2024-12-03,2024-12-03
www.tribunnews.com,Page,N/A,N/A,www.tribunnews.com/internasional/2020/02/14/fela-wanita-indonesia-jual-keperawanan-rp-19-miliar-di-cinderella-escorts-ini-pria-pembelinya,No,Shocking content,Restricted ad serving,ca-pub-7784034061253020,13,2024-12-02,2024-12-02
www.tribunnews.com,Page,N/A,N/A,www.tribunnews.com/bisnis/2019/06/24/philip-morris-international-siapkan-strategi-bisnis-rokok-bebas-asap,No,Tobacco,Restricted ad serving,ca-pub-7784034061253020,13,2024-12-02,2024-12-02
wartakota.tribunnews.com,Page,N/A,N/A,wartakota.tribunnews.com/2021/02/07/psk-di-depok-masih-marak-di-masa-pandemi-covid-19-ditemukan-kerap-mangkal-di-pasar-kambing-cisalak,Yes,Ads Disguised as Content,Restricted ad serving,ca-pub-7784034061253020,13,2024-11-28,2024-12-01
wartakota.tribunnews.com,Page,N/A,N/A,wartakota.tribunnews.com/2015/08/30/alat-kelamin-pria-ini-panjangnya-50-sentimeter,No,Shocking content,Restricted ad serving,ca-pub-7784034061253020,13,2024-11-28,2024-12-02
travel.tribunnews.com,Page,N/A,N/A,travel.tribunnews.com/2017/07/13/sex-doll-terbongkar-ternyata-begini-bentuk-pabrik-boneka-seks-terbesar-di-amerika?page=4,No,Adult: Sexual content,Restricted ad serving,ca-pub-7784034061253020,13,2024-11-28,2024-12-01
suryamalang.tribunnews.com,Page,N/A,N/A,suryamalang.tribunnews.com/2017/02/07/hasil-survei-ini-lho-posisi-bercinta-paling-populer-apakah-anda-juga-melakukannya,No,Adult: Sexual content,Restricted ad serving,ca-pub-7784034061253020,13,2024-12-01,2024-12-01
surabaya.tribunnews.com,Page,N/A,N/A,surabaya.tribunnews.com/2020/03/22/foto-panas-model-cantik-surabaya-tanpa-busana-viral-di-whatsapp-wa-ini-fakta-baru-dan-kronologi?page=all,No,Google-served ads obscuring content,Restricted ad serving,ca-pub-7784034061253020,13,2024-12-02,2024-12-02
surabaya.tribunnews.com,Page,N/A,N/A,surabaya.tribunnews.com/2016/09/16/praktik-prostitusi-terselubung-di-panti-pijat-tradisional-seperti-ini-penawarannya,No,Adult: Sexual content,Restricted ad serving,ca-pub-7784034061253020,13,2024-12-02,2024-12-02
sumsel.tribunnews.com,Page,N/A,N/A,sumsel.tribunnews.com/2018/02/02/sering-pamer-foto-pakai-bikinibukan-tunjukkan-keseksianalasannya-gadis-ini-ternyata-mengejutkan,No,Adult: Sexual content,Restricted ad serving,ca-pub-7784034061253020,13,2024-12-02,2024-12-02
sumsel.tribunnews.com,Page,N/A,N/A,sumsel.tribunnews.com/2017/11/04/mengejutkan-4-poster-hitam-putih-dari-film-jadul-bikin-netizen-geger-adegannya-vulgar-tanpa-blur?page=all,No,Adult: Sexual content,Restricted ad serving,ca-pub-7784034061253020,13,2024-12-01,2024-12-01
sumsel.tribunnews.com,Page,N/A,N/A,sumsel.tribunnews.com/2017/09/30/terlihat-seperti-murid-sd-semua-syok-saat-lihat-foto-seksi-dan-umur-gadis-cantik-ini-sebenarnya,Yes,Site Behavior: Navigation,Restricted ad serving,ca-pub-7784034061253020,13,2024-11-28,2024-12-02
sumsel.tribunnews.com,Page,N/A,N/A,sumsel.tribunnews.com/2017/05/01/siswi-cantik-ini-dianiaya-teman-satu-sekolah-hingga-tewas-videonya-sangat-brutal?page=all,No,Shocking content,Restricted ad serving,ca-pub-7784034061253020,13,2024-12-01,2024-12-01
sumsel.tribunnews.com,Page,N/A,N/A,sumsel.tribunnews.com/2016/12/15/ini-dia-ciri-pria-gay-meski-sudah-beristri-dan-punya-anak,Yes,Ads Disguised as Content,Restricted ad serving,ca-pub-7784034061253020,13,2024-11-27,2024-12-02
sumsel.tribunnews.com,Page,N/A,N/A,sumsel.tribunnews.com/2015/09/11/pakai-baju-transparan-bra-artis-ini-melorot-sampai-ke-perut,No,Adult: Sexual content,Restricted ad serving,ca-pub-7784034061253020,13,2024-12-01,2024-12-01
sumsel.tribunnews.com,Page,N/A,N/A,sumsel.tribunnews.com/2014/03/11/arti-sex-bagi-anda-wanita-pria-atau-4-kali-seminggu,No,Shocking content,Restricted ad serving,ca-pub-7784034061253020,13,2024-12-03,2024-12-03
style.tribunnews.com,Page,N/A,N/A,style.tribunnews.com/amp/2017/08/22/4-anime-dewasa-yang-tidak-boleh-ditonton-anak-kecil-awas-banyak-adegan-erotisnya,No,Adult: Sexual content,Restricted ad serving,ca-pub-7784034061253020,13,2024-11-29,2024-12-01
style.tribunnews.com,Page,N/A,N/A,style.tribunnews.com/2017/04/24/pose-sexy-dengan-pakaian-minim-untuk-majalah-maxim-aura-kasih-semakin-hot-bikin-salfok,No,Adult: Sexual content,Restricted ad serving,ca-pub-7784034061253020,13,2024-12-02,2024-12-02
solo.tribunnews.com,Page,N/A,N/A,solo.tribunnews.com/2016/09/15/empat-bintang-film-panas-ini-dikabarkan-berasal-dari-indonesia?page=2,No,Adult: Sexual content,Restricted ad serving,ca-pub-7784034061253020,13,2024-12-02,2024-12-02
pontianak.tribunnews.com,Page,N/A,N/A,pontianak.tribunnews.com/2018/03/02/deretan-artis-cantik-ini-blak-blakkan-ungkap-rahasia-seks-mereka-ada-yang-minta-tiap-hari-lho,No,Adult: Sexual content,Restricted ad serving,ca-pub-7784034061253020,13,2024-12-01,2024-12-01
pontianak.tribunnews.com,Page,N/A,N/A,pontianak.tribunnews.com/2018/02/03/pria-ini-berikan-obat-perangsang-pada-minuman-kekasihnya-kejadian-selanjutnya-bikin-deg-degan,No,Adult: Sexual content,Restricted ad serving,ca-pub-7784034061253020,13,2024-12-02,2024-12-02
palembang.tribunnews.com,Page,N/A,N/A,palembang.tribunnews.com/2018/05/09/tak-pantas-personil-duo-serigala-buka-baju-di-depan-umum-murah-sekali-ya?page=all,No,Google-served ads obscuring content,Restricted ad serving,ca-pub-7784034061253020,13,2024-12-01,2024-12-01
palembang.tribunnews.com,Page,N/A,N/A,palembang.tribunnews.com/2018/02/03/wow-doyan-nonton-film-dewasa-4-artis-cantik-ini-ketahuan-sering-praktek-no-2-sampai-muntah,No,Adult: Sexual content,Restricted ad serving,ca-pub-7784034061253020,13,2024-12-01,2024-12-01
newsmaker.tribunnews.com,Page,N/A,N/A,newsmaker.tribunnews.com/2022/11/09/cerita-wanita-kebaya-merah-buat-cerita-video-syur-sesuai-pesanan-pelanggan-bebas-pilihkan-kostum,Yes,Ads Disguised as Content,Restricted ad serving,ca-pub-7784034061253020,13,2024-11-29,2024-12-01
medan.tribunnews.com,Page,N/A,N/A,medan.tribunnews.com/2023/07/11/penggunaan-seks-toys-bahaya-atau-tidak-simak-penjelasan-dr-boyke?page=3,No,Google-served ads obscuring content,Restricted ad serving,ca-pub-7784034061253020,13,2024-12-01,2024-12-01
medan.tribunnews.com,Page,N/A,N/A,medan.tribunnews.com/2023/03/06/francis-hutasoit-tewas-ditikam-saat-lindungi-adiknya-yang-dikeroyok-ternyata-motif-cuma-hal-sepele,No,Shocking content,Restricted ad serving,ca-pub-7784034061253020,13,2024-12-02,2024-12-02
medan.tribunnews.com,Page,N/A,N/A,medan.tribunnews.com/2021/12/18/kepala-putus-terpisah-dari-tubuh-begini-kisah-tragis-pegawai-pabrik-rokok-di-siantar,No,Shocking content,Restricted ad serving,ca-pub-7784034061253020,13,2024-12-02,2024-12-02
medan.tribunnews.com,Page,N/A,N/A,medan.tribunnews.com/2020/12/15/begini-cara-mengetahui-dan-melihat-ciri-ciri-cewek-perawan-dan-cewek-tak-perawan,Yes,Ads Disguised as Content,Restricted ad serving,ca-pub-7784034061253020,13,2024-12-02,2024-12-02
medan.tribunnews.com,Page,N/A,N/A,medan.tribunnews.com/2017/10/24/mr-p-bengkok-apakah-berpengaruh-pada-kenikmatan-dalam-berhubungan-intim-simak-di-sini,No,Adult: Sexual content,Restricted ad serving,ca-pub-7784034061253020,13,2024-12-02,2024-12-02
medan.tribunnews.com,Page,N/A,N/A,medan.tribunnews.com/2017/05/27/hilang-perawan-15-tahun-perempuan-ini-ketagihan-hubungan-seks-harus-gituan-tiap-hari?page=all,No,Adult: Sexual content,Restricted ad serving,ca-pub-7784034061253020,13,2024-12-01,2024-12-01
manado.tribunnews.com,Page,N/A,N/A,manado.tribunnews.com/2020/08/08/video-oknum-dosen-nekat-bunuh-pacarnya-karena-lamaran-ditolak-dihentikan-ketika-pulang-dari-pasar,No,Shocking content,Restricted ad serving,ca-pub-7784034061253020;ca-video-pub-7784034061253020,13,2024-12-02,2024-12-02
manado.tribunnews.com,Page,N/A,N/A,manado.tribunnews.com/2019/06/18/kumpulan-wanita-yang-masukkan-benda-asing-di-kemaluan-ada-botol-minuman-hingga-mainan-seks,No,Adult: Sexual content,Restricted ad serving,ca-pub-7784034061253020,13,2024-12-02,2024-12-02
manado.tribunnews.com,Page,N/A,N/A,manado.tribunnews.com/2019/04/28/video-mesum-remaja-di-mobil-video-berdurasi-5-menit-polisi-periksa-17-orang-dan-terungkap-usianya,No,Adult: Sexual content,Restricted ad serving,ca-pub-7784034061253020,13,2024-11-30,2024-12-01
makassar.tribunnews.com,Page,N/A,N/A,makassar.tribunnews.com/2017/06/16/kisah-nyata-petualangan-seks-wanita-yang-sudah-ditiduri-1000-lelaki?page=2,No,Shocking content,Restricted ad serving,ca-pub-7784034061253020,13,2024-12-03,2024-12-03
makassar.tribunnews.com,Page,N/A,N/A,makassar.tribunnews.com/2014/06/02/ada-panti-pijat-esek-esek-di-jl-perintis-kemerdekaan-km-15-makassar,No,Adult: Sexual content,Restricted ad serving,ca-pub-7784034061253020,13,2024-12-02,2024-12-02
kupang.tribunnews.com,Page,N/A,N/A,kupang.tribunnews.com/2021/01/06/wanita-cantik-di-kupang-tak-malu-tawarkan-jasa-kencan-di-medsos-tarif-rp-350-ribu?page=2,Yes,Google-served ads obscuring content;Modified Javascript: Ads by Google size,Restricted ad serving,ca-pub-7784034061253020,13,2024-12-02,2024-12-02
kaltim.tribunnews.com,Page,N/A,N/A,kaltim.tribunnews.com/2019/01/06/terlibat-prostitusi-artis-sekali-kencan-tarif-booking-vanessa-angel-rp-80-juta-dan-av-rp-25-juta,No,Adult: Sexual content,Restricted ad serving,ca-pub-7784034061253020,13,2024-12-01,2024-12-01
kaltim.tribunnews.com,Page,N/A,N/A,kaltim.tribunnews.com/2018/03/16/masih-merokok-ini-kandungan-zat-berbahaya-tiap-jenis-rokok-termasuk-elektrik-vape-dan-shisha?page=2,Yes,Site Behavior: Navigation,Restricted ad serving,ca-pub-7784034061253020,13,2024-12-02,2024-12-02
jogja.tribunnews.com,Page,N/A,N/A,jogja.tribunnews.com/2016/06/10/istri-marah-berulah-ia-rangsang-suami-saat-berbaring-ketika-mr-p-ereksi-langsung-dipotong,No,Shocking content,Restricted ad serving,ca-pub-7784034061253020,13,2024-11-28,2024-12-01
jatim.tribunnews.com,Page,N/A,N/A,jatim.tribunnews.com/2023/12/06/viral-terpopuler-teman-alung-bantu-bawa-jasad-wulan-naik-motor-janin-bayi-membusuk-dalam-kandungan?page=all,No,Shocking content,Restricted ad serving,ca-pub-7784034061253020,13,2024-12-02,2024-12-02
jatim.tribunnews.com,Page,N/A,N/A,jatim.tribunnews.com/2019/05/04/sora-aoi-mantan-bintang-film-dewasa-melahirkan-anak-kembar-videonya-ditonton-ribuan-penggemar?page=2,No,Adult: Sexual content,Restricted ad serving,ca-pub-7784034061253020,13,2024-12-01,2024-12-01
jatim.tribunnews.com,Page,N/A,N/A,jatim.tribunnews.com/2017/11/07/boneka-seks-khusus-buat-wanita-dan-gay-ini-punya-organ-vital-otomatis-harganya-bikin-geleng-kepala,No,Adult: Sexual content,Restricted ad serving,ca-pub-7784034061253020,13,2024-12-01,2024-12-01
jambi.tribunnews.com,Page,N/A,N/A,jambi.tribunnews.com/2022/02/01/pengakuan-dewi-perssik-ketagihan-pakai-benda-ini-demi-penuhi-hasratnya-saat-masih-janda-gak-munafik,Yes,Ads Disguised as Content,Restricted ad serving,ca-pub-7784034061253020,13,2024-11-30,2024-12-01
jambi.tribunnews.com,Page,N/A,N/A,jambi.tribunnews.com/2018/02/12/beredar-5-foto-panas-wanita-cantik-tanpa-busana-diduga-oknum-satpol-pp-merangin,No,Adult: Sexual content,Restricted ad serving,ca-pub-7784034061253020,13,2024-11-27,2024-12-02
jabar.tribunnews.com,Page,N/A,N/A,jabar.tribunnews.com/2019/04/25/7-fakta-19-anak-anak-di-garut-kecanduan-seks-menyimpang-seks-dilakukan-di-toilet-dan-lapangan-bola?page=2,No,Adult: Sexual content,Restricted ad serving,ca-pub-7784034061253020,13,2024-12-01,2024-12-01
jabar.tribunnews.com,Page,N/A,N/A,jabar.tribunnews.com/2019/04/25/7-fakta-19-anak-anak-di-garut-kecanduan-seks-menyimpang-seks-dilakukan-di-toilet-dan-lapangan-bola,No,Adult: Sexual content,Restricted ad serving,ca-pub-7784034061253020,13,2024-12-01,2024-12-01
jabar.tribunnews.com,Page,N/A,N/A,jabar.tribunnews.com/2014/12/06/ini-cara-pria-membuat-wanita-mabuk-kepayang-dan-menikmati-seks,No,Adult: Sexual content,Restricted ad serving,ca-pub-7784034061253020,13,2024-11-27,2024-12-01
bogor.tribunnews.com,Page,N/A,N/A,bogor.tribunnews.com/2019/10/24/bisa-munculkan-darah-polisi-dalami-obat-perawan-kasus-prostitusi-online-bogor,No,Adult: Sexual content,Restricted ad serving,ca-pub-7784034061253020,13,2024-12-02,2024-12-02
bogor.tribunnews.com,Page,N/A,N/A,bogor.tribunnews.com/2016/09/15/4-bintang-film-dewasa-ini-berasal-dari-indonesia-lahir-di-tegal-dan-terkenal-di-luar-negeri?page=4,No,Google-served ads obscuring content,Restricted ad serving,ca-pub-7784034061253020,13,2024-12-02,2024-12-02
bogor.tribunnews.com,Page,N/A,N/A,bogor.tribunnews.com/2015/12/01/pijat-plus-di-bogor-ketuk-pintu-muncul-wanita-berdaster-tipis?page=2,No,Adult: Sexual content,Restricted ad serving,ca-pub-7784034061253020,13,2024-12-02,2024-12-02
belitung.tribunnews.com,Page,N/A,N/A,belitung.tribunnews.com/2017/11/07/jika-ingin-begituan-deretan-artis-ini-pakai-alat-ada-juga-yang-lakukan-ini?page=3,Yes,Adult: Sexual content;Site Behavior: Navigation,Restricted ad serving,ca-pub-7784034061253020,13,2024-12-02,2024-12-02
belitung.tribunnews.com,Page,N/A,N/A,belitung.tribunnews.com/2017/04/23/kabarnya-gisella-anastasia-operasi-payudara-jadi-makin-berani-tampil-seksi,No,Adult: Sexual content,Restricted ad serving,ca-pub-7784034061253020,13,2024-11-29,2024-12-02
belitung.tribunnews.com,Page,N/A,N/A,belitung.tribunnews.com/2017/04/20/video-viral-pria-ini-pegang-tekan-tekan-hingga-guncangkan-dada-tapi-wanitanya-pasrah?page=all,No,Adult: Sexual content,Restricted ad serving,ca-pub-7784034061253020,13,2024-12-02,2024-12-02
belitung.tribunnews.com,Page,N/A,N/A,belitung.tribunnews.com/2016/03/29/kenali-gairah-seks-wanita-dilihat-dari-zodiaknya?page=all,No,Adult: Sexual content,Restricted ad serving,ca-pub-7784034061253020,13,2024-12-01,2024-12-01
belitung.tribunnews.com,Page,N/A,N/A,belitung.tribunnews.com/2016/03/04/ketahuilah-tujuh-tanaman-liar-ini-dipercaya-bisa-bikin-pria-perkasa-di-ranjang?page=3,No,Adult: Sexual content,Restricted ad serving,ca-pub-7784034061253020,13,2024-12-01,2024-12-01
banjarmasin.tribunnews.com,Page,N/A,N/A,banjarmasin.tribunnews.com/2016/05/20/beredar-rontgen-eno-gagang-cangkul-terlihat-jelas-hingga-paru-paru,Yes,Ads Disguised as Content,Restricted ad serving,ca-pub-7784034061253020,13,2024-11-27,2024-12-01
bangka.tribunnews.com,Page,N/A,N/A,bangka.tribunnews.com/2022/06/13/bujang-tua-ini-nikahi-janda-mudamalam-pertama-yang-biasanya-indah-malah-berakhir-memilukan,Yes,Ads Disguised as Content,Restricted ad serving,ca-pub-7784034061253020,13,2024-12-02,2024-12-02
bangka.tribunnews.com,Page,N/A,N/A,bangka.tribunnews.com/2020/02/22/lagi-tren-puaskan-nafsu-dengan-pisang-dan-terong-dokter-binggung-dan-beri-peringatan-ini?page=all,No,Adult: Sexual content,Restricted ad serving,ca-pub-7784034061253020,13,2024-12-01,2024-12-01
bangka.tribunnews.com,Page,N/A,N/A,bangka.tribunnews.com/2018/03/02/kisah-kampung-cinta-di-tanah-sunda-gadis-cantik-mau-diajak-nikah-siri-biayanya-murah,Yes,Site Behavior: Navigation,Restricted ad serving,ca-pub-7784034061253020,13,2024-11-30,2024-12-01
bangka.tribunnews.com,Page,N/A,N/A,bangka.tribunnews.com/2018/01/09/main-film-porno-bareng-bocah-laki-laki-astaga-segini-bayaran-tante-intan-dan-imel?page=all,No,Adult: Sexual content,Restricted ad serving,ca-pub-7784034061253020,13,2024-12-01,2024-12-01
bangka.tribunnews.com,Page,N/A,N/A,bangka.tribunnews.com/2018/01/05/heboh-video-mesum-perempuan-dewasa-dan-dua-bocah-viral-direkam-sebulan-lalu-di-bandung,No,Shocking content,Restricted ad serving,ca-pub-7784034061253020,13,2024-11-29,2024-12-02
bangka.tribunnews.com,Page,N/A,N/A,bangka.tribunnews.com/2017/10/01/astagfirullah-akhlak-pelajar-saat-ini-pelajar-peragakan-adegan-mesum-terhadap-guru-perempuan,No,Adult: Sexual content,Restricted ad serving,ca-pub-7784034061253020,13,2024-11-28,2024-12-02
bangka.tribunnews.com,Page,N/A,N/A,bangka.tribunnews.com/2017/07/17/para-ahli-kecewa-ternyata-pria-lebih-cinta-dengan-wanita-yang-punya-bentuk-tubuh-tipe-ini,No,Adult: Sexual content,Restricted ad serving,ca-pub-7784034061253020,13,2024-12-01,2024-12-01
bangka.tribunnews.com,Page,N/A,N/A,bangka.tribunnews.com/2017/05/24/mengejutkan-bintang-film-porno-bertubuh-cebol-ini-rupanya-punya-pekerjaan-lain-yang-tak-disangka,No,Adult: Sexual content,Restricted ad serving,ca-pub-7784034061253020,13,2024-11-27,2024-12-02
bangka.tribunnews.com,Page,N/A,N/A,bangka.tribunnews.com/2013/11/10/martha-tilaar-di-novotel-bangka-promo-spa,No,Shocking content,Restricted ad serving,ca-pub-7784034061253020,13,2024-11-30,2024-12-01
bali.tribunnews.com,Page,N/A,N/A,bali.tribunnews.com/2020/09/08/dua-orang-tewas-mengenaskan-dengan-luka-tikam-di-perumahan-the-green-mutiara,Yes,Google-served ads obscuring content;Modified Javascript: Ads by Google size,Restricted ad serving,ca-pub-7784034061253020,13,2024-12-02,2024-12-02
bali.tribunnews.com,Page,N/A,N/A,bali.tribunnews.com/2018/01/26/video-pria-dan-wanita-gituan-di-room-karaoke-viral-sang-wanita-bertelanjang-dada?page=all,No,Adult: Sexual content,Restricted ad serving,ca-pub-7784034061253020,13,2024-12-01,2024-12-01
aceh.tribunnews.com,Page,N/A,N/A,aceh.tribunnews.com/tag/penemuan-mayat,No,Shocking content,Restricted ad serving,ca-pub-7784034061253020,13,2024-11-29,2024-12-02
aceh.tribunnews.com,Page,N/A,N/A,aceh.tribunnews.com/tag/gambar-bule-telanjang-di-google-maps,Yes,Google-served ads on screens without publisher-content,Restricted ad serving,ca-pub-7784034061253020,13,2024-11-28,2024-12-02
aceh.tribunnews.com,Page,N/A,N/A,aceh.tribunnews.com/2022/04/27/tak-perlu-obat-kimia-cukup-gunakan-bumbu-dapur-ini-untuk-kuat-di-ranjang,No,Google-served ads obscuring content,Restricted ad serving,ca-pub-7784034061253020,13,2024-12-02,2024-12-02
aceh.tribunnews.com,Page,N/A,N/A,aceh.tribunnews.com/2017/10/26/hebohnya-video-mesum-alumni-sman-1-ini-5-fakta-mengejutkan-sempat-minta-maaf-di-medsos?page=all,No,Adult: Sexual content,Restricted ad serving,ca-pub-7784034061253020,13,2024-12-01,2024-12-01
aceh.tribunnews.com,Page,N/A,N/A,aceh.tribunnews.com/2012/07/02/lagi-kanibal-serang-wajah-wanita-cina,No,Shocking content,Restricted ad serving,ca-pub-7784034061253020,13,2024-12-02,2024-12-03
www.tribunnews.com,Page,N/A,N/A,www.tribunnews.com/regional/2019/02/13/puluhan-sex-toys-dan-minuman-keras-yang-sebagian-besar-dari-tiongkok-diamankan-kppbc-kediri,No,Adult: Sexual content,Restricted ad serving,ca-pub-7784034061253020,12,2024-11-28,2024-12-02
www.tribunnews.com,Page,N/A,N/A,www.tribunnews.com/nasional/2016/04/25/inilah-jimat-bung-karno-yang-bikin-para-wanita-bertekuk-lutut?page=2,No,Shocking content,Restricted ad serving,ca-pub-7784034061253020,12,2024-12-01,2024-12-01
www.tribunnews.com,Page,N/A,N/A,www.tribunnews.com/metropolitan/2018/01/05/video-mesum-wanita-dewasa-dengan-anak-laki-laki-beredar-di-medsos-ini-yang-bikin-emosi,No,Shocking content,Restricted ad serving,ca-pub-7784034061253020,12,2024-12-01,2024-12-01
www.tribunnews.com,Page,N/A,N/A,www.tribunnews.com/kesehatan/2016/06/26/seputar-g-spot-pada-pria,No,Adult: Sexual content,Restricted ad serving,ca-pub-7784034061253020,12,2024-11-30,2024-12-01
www.tribunnews.com,Page,N/A,N/A,www.tribunnews.com/internasional/2016/12/06/artis-panas-italia-tawarkan-servis-seks-bagi-penolak-referendum,No,Adult: Sexual content,Restricted ad serving,ca-pub-7784034061253020,12,2024-12-01,2024-12-01
wartakota.tribunnews.com,Page,N/A,N/A,wartakota.tribunnews.com/tag/situs-porno-pornhub,No,Adult: Sexual content,Restricted ad serving,ca-pub-7784034061253020,12,2024-12-01,2024-12-01
wartakota.tribunnews.com,Page,N/A,N/A,wartakota.tribunnews.com/2021/05/26/cerita-psk-open-bo-di-michat-dapat-pelanggan-tetangga-sendiri-dan-teman-nongkrong-tarif-tetap-sama?page=2,Yes,Ads Disguised as Content,Restricted ad serving,ca-pub-7784034061253020,12,2024-12-01,2024-12-01
wartakota.tribunnews.com,Page,N/A,N/A,wartakota.tribunnews.com/2021/02/25/video-pasangan-kekasih-berhubungan-intim-di-taman-kota-viral-cuek-jadi-tontonan-anak-anak-dan-warga,No,Google-served ads obscuring content,Restricted ad serving,ca-pub-7784034061253020,12,2024-11-28,2024-12-03
wartakota.tribunnews.com,Page,N/A,N/A,wartakota.tribunnews.com/2019/11/23/kisah-cinta-siswa-sma-ditolak-guru-bersuami-berujung-penusukan-kepsek-sebut-pelaku-dikenal-baik,No,Shocking content,Restricted ad serving,ca-pub-7784034061253020,12,2024-12-02,2024-12-02
wartakota.tribunnews.com,Page,N/A,N/A,wartakota.tribunnews.com/2015/05/12/baby-margaretha-ngaku-pernah-diajak-tidur-bareng,No,Adult: Sexual content,Restricted ad serving,ca-pub-7784034061253020,12,2024-12-01,2024-12-01
wartakota.tribunnews.com,Page,N/A,N/A,wartakota.tribunnews.com/2015/03/19/mrs-v-anda-keriput-ini-artinya,No,Shocking content,Restricted ad serving,ca-pub-7784034061253020,12,2024-12-01,2024-12-01
video.tribunnews.com,Page,N/A,N/A,video.tribunnews.com/view/81279/pria-di-purworejo-bunuh-istri-ibu-mertua-hingga-lukai-anak-bapak-mertua-lalu-coba-bunuh-diri,No,Shocking content,Restricted ad serving,ca-pub-7784034061253020,12,2024-12-01,2024-12-01
suryamalang.tribunnews.com,Page,N/A,N/A,suryamalang.tribunnews.com/2024/04/20/viral-sepasang-anak-di-bawah-umur-mesum-di-alun-alun-tulungagung-adegan-makan-burung-dan-petik-buah,No,Google-served ads obscuring content,Restricted ad serving,ca-pub-7784034061253020,12,2024-12-01,2024-12-01
suryamalang.tribunnews.com,Page,N/A,N/A,suryamalang.tribunnews.com/2019/08/13/7-foto-jadul-orang-indonesia-di-zaman-penjajahan-bocor-di-medsos-miris-lihat-pekerjaan-mereka-dulu?page=3,No,Adult: Sexual content,Restricted ad serving,ca-pub-7784034061253020,12,2024-12-02,2024-12-02
sumsel.tribunnews.com,Page,N/A,N/A,sumsel.tribunnews.com/2017/12/12/wow-dua-wanita-cantik-ini-bugil-saat-nge-gym-tak-seorangpun-yang-sadar,No,Shocking content,Restricted ad serving,ca-pub-7784034061253020,12,2024-12-02,2024-12-02
sumsel.tribunnews.com,Page,N/A,N/A,sumsel.tribunnews.com/2017/06/29/menang-banyak-terapis-dan-spa-ini-akibat-sediakan-layanan-baru-pijat-area-sensitif-wanita?page=all,No,Shocking content,Restricted ad serving,ca-pub-7784034061253020,12,2024-12-01,2024-12-01
style.tribunnews.com,Page,N/A,N/A,style.tribunnews.com/2017/03/05/waduh-ada-yang-nongol-disela-sela-kedua-paha-dj-butterfly-kira-kira-apa-ya,Yes,Site Behavior: Navigation,Restricted ad serving,ca-pub-7784034061253020,12,2024-11-28,2024-12-01
style.tribunnews.com,Page,N/A,N/A,style.tribunnews.com/2017/01/24/7-wanita-tercantik-pakistan-wajahnya-mirip-mirip-perempuan-india,No,Adult: Sexual content,Restricted ad serving,ca-pub-7784034061253020,12,2024-12-02,2024-12-02
style.tribunnews.com,Page,N/A,N/A,style.tribunnews.com/2016/08/25/merek-rokok-makna-lucu-unik-hingga-serius-di-balik-8-brand-batang-tembakau-ini-benarkah?page=4,No,Tobacco,Restricted ad serving,ca-pub-7784034061253020,12,2024-12-01,2024-12-01
pontianak.tribunnews.com,Page,N/A,N/A,pontianak.tribunnews.com/2017/11/07/pindah-ke-palembang-mantan-pekerja-alexis-layani-5-tahu-sehari-segini-tarifnya?page=2,No,Adult: Sexual content,Restricted ad serving,ca-pub-7784034061253020,12,2024-12-01,2024-12-01
pekanbaru.tribunnews.com,Page,N/A,N/A,pekanbaru.tribunnews.com/2022/06/21/video-viral-sepasang-remaja-diduga-mesum-saat-kepergok-warga-santai-saat-diintrogasi-warga,Yes,Ads Disguised as Content,Restricted ad serving,ca-pub-7784034061253020,12,2024-12-02,2024-12-02
pekanbaru.tribunnews.com,Page,N/A,N/A,pekanbaru.tribunnews.com/2022/02/15/siswi-sma-berhubungan-badan-dengan-pacar-hingga-7-kali-di-rumah-dan-hotel,Yes,Ads Disguised as Content,Restricted ad serving,ca-pub-7784034061253020,12,2024-11-27,2024-12-02
palembang.tribunnews.com,Page,N/A,N/A,palembang.tribunnews.com/2018/02/06/demi-subscribe-youtuber-seksi-ini-nekat-live-berhubungan-intim-baru-setengah-itunya-jadi-begini?page=2,No,Adult: Sexual content,Restricted ad serving,ca-pub-7784034061253020,12,2024-12-01,2024-12-01
palembang.tribunnews.com,Page,N/A,N/A,palembang.tribunnews.com/2017/11/03/spg-telanjang-berjalan-di-depan-pria-rekan-kerjanya-yang-membentuk-pagar-diibaratkan-sebagai-srigala,No,Adult: Sexual content,Restricted ad serving,ca-pub-7784034061253020,12,2024-12-01,2024-12-01
palembang.tribunnews.com,Page,N/A,N/A,palembang.tribunnews.com/2017/06/23/awas-ini-dampak-buruk-bra-perekat-payudara-wanita-ini-seperti-digigit-lihat-bekas-mengerikannya?page=2,No,Adult: Sexual content,Restricted ad serving,ca-pub-7784034061253020,12,2024-12-01,2024-12-01
newsmaker.tribunnews.com,Page,N/A,N/A,newsmaker.tribunnews.com/2021/04/29/soal-kunci-jawaban-uts-dan-pts-pendidikan-agama-islam-kelas-6-sd-apa-isi-qs-al-maidah-ayat-2,No,Content obscuring Google-served ads,Restricted ad serving,ca-pub-7784034061253020,12,2024-12-01,2024-12-01
medan.tribunnews.com,Page,N/A,N/A,medan.tribunnews.com/2024/10/02/pilu-nasib-psk-di-karawang-tewas-dibunuh-karena-pelaku-cemburu-korban-pilih-pilih-pelanggan,No,Shocking content,Restricted ad serving,ca-pub-7784034061253020,12,2024-12-02,2024-12-02
medan.tribunnews.com,Page,N/A,N/A,medan.tribunnews.com/2024/05/01/pilu-atika-odgj-diduga-dijual-ayah-jadi-psk-berbaju-seksi-dibonceng-tarifnya-seharga-pecel-ayam,No,Google-served ads obscuring content,Restricted ad serving,ca-pub-7784034061253020,12,2024-12-02,2024-12-02
medan.tribunnews.com,Page,N/A,N/A,medan.tribunnews.com/2020/02/09/titi-jodoh-ikon-pagurawan-saksi-bisu-muda-mudi-memadu-kasih-sejak-tahun-1990-an,No,Shocking content,Restricted ad serving,ca-pub-7784034061253020,12,2024-11-28,2024-12-02
medan.tribunnews.com,Page,N/A,N/A,medan.tribunnews.com/2019/02/06/akhirnya-terungkap-pemeran-video-mesum-yang-viral-berdinas-sman-1-polisi-sebut-di-bawah-umur?page=2,Yes,Encouraging accidental clicks: Layout;Google-served ads obscuring content,Restricted ad serving,ca-pub-7784034061253020,12,2024-12-02,2024-12-02
medan.tribunnews.com,Page,N/A,N/A,medan.tribunnews.com/2017/08/28/5-video-paling-top-pria-arab-paksa-tkw-melayani-nafsu-remaja-melahirkan-hingga-operasi-buah-dada?page=2,No,Adult: Sexual content,Restricted ad serving,ca-pub-7784034061253020,12,2024-12-01,2024-12-01
makassar.tribunnews.com,Page,N/A,N/A,makassar.tribunnews.com/2020/01/02/daftar-harga-rokok-yang-naik-tahun-2020-surya-16-djarum-76-marlboro-sampoerna-cara-berhenti?page=4,No,Tobacco,Restricted ad serving,ca-pub-7784034061253020,12,2024-12-02,2024-12-02
makassar.tribunnews.com,Page,N/A,N/A,makassar.tribunnews.com/2020/01/02/daftar-harga-rokok-yang-naik-tahun-2020-surya-16-djarum-76-marlboro-sampoerna-cara-berhenti?page=3,No,Tobacco,Restricted ad serving,ca-pub-7784034061253020,12,2024-12-02,2024-12-02
makassar.tribunnews.com,Page,N/A,N/A,makassar.tribunnews.com/2019/11/05/diajak-ke-pinggir-sungai-dekat-kampus-siswi-sma-ini-dipaksa-lepaskan-baju-rok-kronologi,Yes,Site Behavior: Navigation,Restricted ad serving,ca-pub-7784034061253020,12,2024-12-01,2024-12-01
makassar.tribunnews.com,Page,N/A,N/A,makassar.tribunnews.com/2019/10/11/karena-sudah-keseringan-adik-kandung-ajak-duluan-kakak-berhubungan-badan-layaknya-suami-istri?page=4,No,Adult: Sexual content,Restricted ad serving,ca-pub-7784034061253020,12,2024-12-02,2024-12-02
makassar.tribunnews.com,Page,N/A,N/A,makassar.tribunnews.com/2017/06/06/5-fakta-tentang-viona-wanita-bugil-berbelanja-di-apotek-nomor-3-bikin-syok,No,Adult: Sexual content,Restricted ad serving,ca-pub-7784034061253020,12,2024-11-27,2024-12-01
makassar.tribunnews.com,Page,N/A,N/A,makassar.tribunnews.com/2015/07/27/tahu-arti-mimpi-basah-dengan-teman-berikut-menurut-ahli,No,Adult: Sexual content,Restricted ad serving,ca-pub-7784034061253020,12,2024-11-28,2024-12-01
makassar.tribunnews.com,Page,N/A,N/A,makassar.tribunnews.com/2015/04/27/mengukur-kejantanan-dari-hembusan-nafas?page=3,No,Adult: Sexual content,Restricted ad serving,ca-pub-7784034061253020,12,2024-12-01,2024-12-01
m.tribunnews.com,Page,N/A,N/A,m.tribunnews.com/metropolitan/2019/12/09/kisah-siska-jadi-waria-di-usia-belasan-masuk-hiburan-dunia-malam-di-negeri-jiran-dibayar-jutaan,Yes,Unnatural attention to ads,Restricted ad serving,ca-pub-7784034061253020,12,2024-12-01,2024-12-01
m.tribunnews.com,Page,N/A,N/A,m.tribunnews.com/lifestyle/2016/11/17/wanita-ini-minum-sperma-sahabatnya-setiap-pagi,Yes,Shocking content;Site Behavior: Navigation,Restricted ad serving,ca-pub-7784034061253020,12,2024-12-01,2024-12-01
lampung.tribunnews.com,Page,N/A,N/A,lampung.tribunnews.com/2018/06/12/boleh-dicoba-ini-3-teknik-pijat-tradisional-yang-ampuh-cegah-pegal-saat-mudik?page=2,Yes,Shocking content;Site Behavior: Navigation,Restricted ad serving,ca-pub-7784034061253020,12,2024-12-02,2024-12-02
lampung.tribunnews.com,Page,N/A,N/A,lampung.tribunnews.com/2017/10/15/video-tkw-pakai-baju-tidur-tipis-diajak-begituan-3-pria-di-kamar-hotel-di-singapura?page=3,No,Adult: Sexual content,Restricted ad serving,ca-pub-7784034061253020,12,2024-12-03,2024-12-03
lampung.tribunnews.com,Page,N/A,N/A,lampung.tribunnews.com/2015/06/02/losmen-ini-terima-pasangan-muda-mudi-asalkan-jelas-indentitasnya,No,Adult: Sexual content,Restricted ad serving,ca-pub-7784034061253020,12,2024-12-01,2024-12-02
kaltim.tribunnews.com,Page,N/A,N/A,kaltim.tribunnews.com/2017/11/06/sst-mau-memperbesar-ukuran-mr-p-pilih-yang-alami-saja-ini-caranya,No,Adult: Sexual content,Restricted ad serving,ca-pub-7784034061253020,12,2024-12-02,2024-12-02
jogja.tribunnews.com,Page,N/A,N/A,jogja.tribunnews.com/2018/05/09/rahasia-dibalik-industri-film-dewas-di-jepang-syuting-berlangsung-dari-pagi-hingga-dinihari?page=3,No,Adult: Sexual content,Restricted ad serving,ca-pub-7784034061253020,12,2024-12-01,2024-12-01
jogja.tribunnews.com,Page,N/A,N/A,jogja.tribunnews.com/2016/08/31/suka-doggy-style-spooning-atau-standing-gaya-favorit-ternyata-ungkap-karaktermu?page=2,No,Adult: Sexual content,Restricted ad serving,ca-pub-7784034061253020,12,2024-12-03,2024-12-03
jatim.tribunnews.com,Page,N/A,N/A,jatim.tribunnews.com/2023/09/04/motif-3-kakak-kelas-bunuh-dan-perkosa-siswi-smp-di-riau-korban-diintai-cctv-rekam-jejak-terakhir?page=2,No,Shocking content,Restricted ad serving,ca-pub-7784034061253020,12,2024-12-02,2024-12-02
jateng.tribunnews.com,Page,N/A,N/A,jateng.tribunnews.com/2016/06/24/mengherankan-perempuan-ini-gunakan-sex-toys-untuk-perbaiki-mobil-penyok,No,Adult: Sexual content,Restricted ad serving,ca-pub-7784034061253020,12,2024-12-01,2024-12-01
jambi.tribunnews.com,Page,N/A,N/A,jambi.tribunnews.com/tag/obat-kuat,No,Adult: Sexual content;Shocking content,Restricted ad serving,ca-pub-7784034061253020,12,2024-12-01,2024-12-01
jambi.tribunnews.com,Page,N/A,N/A,jambi.tribunnews.com/2018/02/21/4-cara-ini-membuat-wanita-mendapat-kenikmatan-lebih-cepat-di-ranjang,No,Adult: Sexual content,Restricted ad serving,ca-pub-7784034061253020,12,2024-12-02,2024-12-02
jambi.tribunnews.com,Page,N/A,N/A,jambi.tribunnews.com/2018/02/12/jenis-alat-bantu-kayak-ini-katanya-bisa-bikin-cewek-klimaks-berkali-kali-ada-geriginya,No,Adult: Sexual content,Restricted ad serving,ca-pub-7784034061253020,12,2024-11-27,2024-12-01
jambi.tribunnews.com,Page,N/A,N/A,jambi.tribunnews.com/2017/11/29/9-posisi-oral-seks-yang-membuat-pasangan-merem-melek-nomor-3-enak-dilakukan-di-sofa?page=2,No,Adult: Sexual content,Restricted ad serving,ca-pub-7784034061253020,12,2024-12-01,2024-12-01
jambi.tribunnews.com,Page,N/A,N/A,jambi.tribunnews.com/2017/11/25/segelas-minuman-ini-untuk-istri-hasilnya-ya-ampun-kok-jadi-semakin-bergairah-di-ranjang?page=2,No,Adult: Sexual content,Restricted ad serving,ca-pub-7784034061253020,12,2024-12-01,2024-12-01
jakarta.tribunnews.com,Page,N/A,N/A,jakarta.tribunnews.com/2021/03/23/geliat-seks-bergeliat-di-panti-pijat-sejumlah-orang-dari-berbagai-kota-terjaring-sedang-enak-enak,No,Google-served ads obscuring content,Restricted ad serving,ca-pub-7784034061253020,12,2024-11-27,2024-12-01
jakarta.tribunnews.com,Page,N/A,N/A,jakarta.tribunnews.com/2019/04/01/sederet-fakta-video-viral-pasangan-gancet-usai-berhubungan-intim-tinjauan-medis-dan-penanganan?page=2,No,Adult: Sexual content,Restricted ad serving,ca-pub-7784034061253020,12,2024-12-01,2024-12-01
jabar.tribunnews.com,Page,N/A,N/A,jabar.tribunnews.com/2018/04/15/heboh-tarian-erotis-wanita-berbikini-di-pantai-kartini-jepara-ini-yang-buat-pengelola-kecolongan?page=2,No,Adult: Sexual content,Restricted ad serving,ca-pub-7784034061253020,12,2024-12-02,2024-12-02
bogor.tribunnews.com,Page,N/A,N/A,bogor.tribunnews.com/2018/05/01/masturbasi-bisa-sebabkan-hiv-masa-sih-begini-fakta-lengkapnya?page=2,No,Adult: Sexual content,Restricted ad serving,ca-pub-7784034061253020,12,2024-12-01,2024-12-01
bogor.tribunnews.com,Page,N/A,N/A,bogor.tribunnews.com/2018/05/01/masturbasi-bisa-sebabkan-hiv-masa-sih-begini-fakta-lengkapnya,No,Shocking content,Restricted ad serving,ca-pub-7784034061253020,12,2024-12-01,2024-12-01
bogor.tribunnews.com,Page,N/A,N/A,bogor.tribunnews.com/2017/12/05/ingin-ternar-gadis-ini-live-streaming-masukan-belut-ke-miss-v-kejadian-selanjutnya-bikin-ngilu?page=3,No,Adult: Sexual content;Shocking content,Restricted ad serving,ca-pub-7784034061253020,12,2024-12-01,2024-12-01
bogor.tribunnews.com,Page,N/A,N/A,bogor.tribunnews.com/2017/10/13/tanpa-sensor-begini-foto-foto-perayaan-no-bra-day-di-seluruh-dunia?page=3,Yes,Site Behavior: Navigation,Restricted ad serving,ca-pub-7784034061253020,12,2024-12-01,2024-12-01
bogor.tribunnews.com,Page,N/A,N/A,bogor.tribunnews.com/2017/07/31/bisa-punya-payudara-meski-tak-oplas-pria-ini-tunjukkan-cara-buat-dada-terlihat-montok,No,Adult: Sexual content,Restricted ad serving,ca-pub-7784034061253020,12,2024-12-01,2024-12-01
belitung.tribunnews.com,Page,N/A,N/A,belitung.tribunnews.com/2017/02/27/terangsang-gara-gara-nonton-film-porno-remaja-ini-bobok-di-samping-kakak-temannya,No,Adult: Sexual content,Restricted ad serving,ca-pub-7784034061253020,12,2024-11-27,2024-12-01
belitung.tribunnews.com,Page,N/A,N/A,belitung.tribunnews.com/2016/07/18/video-rok-gadis-ini-robek-hingga-terlihat-bokongnya-saat-siaran-langsung-televisi,No,Adult: Sexual content,Restricted ad serving,ca-pub-7784034061253020,12,2024-12-02,2024-12-02
belitung.tribunnews.com,Page,N/A,N/A,belitung.tribunnews.com/2016/02/13/sessstttt-ini-alasan-mengapa-perempuan-perlu-mencoba-vibrator,No,Adult: Sexual content,Restricted ad serving,ca-pub-7784034061253020,12,2024-12-01,2024-12-01
batam.tribunnews.com,Page,N/A,N/A,batam.tribunnews.com/2021/06/03/video-mesum-pak-kades-goyang-janda-di-asahan-kepala-desa-sei-halim-hasak-mana-videonya?page=all,No,Adult: Sexual content,Restricted ad serving,ca-pub-7784034061253020,12,2024-12-02,2024-12-02
batam.tribunnews.com,Page,N/A,N/A,batam.tribunnews.com/2021/03/03/apa-itu-ambergris-muntahan-paus-bak-harta-karun-yang-bernilai-miliaran-rupiah?page=all,No,Shocking content,Restricted ad serving,ca-pub-7784034061253020,12,2024-12-02,2024-12-02
batam.tribunnews.com,Page,N/A,N/A,batam.tribunnews.com/2017/03/27/sehatkah-menonton-film-porno-bersama-pasangan-ini-jawabannya-khusus-anda,No,Adult: Sexual content,Restricted ad serving,ca-pub-7784034061253020,12,2024-12-02,2024-12-02
batam.tribunnews.com,Page,N/A,N/A,batam.tribunnews.com/2016/08/19/bukan-dari-suara-erangan-ini-cara-mengenali-wanita-orgasme-saat-bercinta,No,Adult: Sexual content,Restricted ad serving,ca-pub-7784034061253020,12,2024-11-27,2024-12-02
banyumas.tribunnews.com,Page,N/A,N/A,banyumas.tribunnews.com/2020/12/25/merokok-tingwe-sudah-jadi-gaya-hidup-anak-muda-purwokerto-berikut-pengakuan-mereka,No,Shocking content,Restricted ad serving,ca-pub-7784034061253020,12,2024-12-02,2024-12-02
banjarmasin.tribunnews.com,Page,N/A,N/A,banjarmasin.tribunnews.com/2020/04/01/3-pasangan-diduga-mesum-dibawa-ke-kantor-satpol-pp-banjarbaru,No,Shocking content,Restricted ad serving,ca-pub-7784034061253020,12,2024-12-01,2024-12-01
banjarmasin.tribunnews.com,Page,N/A,N/A,banjarmasin.tribunnews.com/2019/08/18/suami-suka-selingkuh-istri-nekat-operasi-pengetatan-organ-intim-terlalu-sempit-ini-yang-terjadi,No,Adult: Sexual content,Restricted ad serving,ca-pub-7784034061253020,12,2024-12-02,2024-12-02
banjarmasin.tribunnews.com,Page,N/A,N/A,banjarmasin.tribunnews.com/2017/07/28/jarang-dibelai-suami-ini-yang-terjadi-pada-tubuh-anda-nomor-3-menakutkan-bagi-kaum-hawa?page=2,No,Adult: Sexual content,Restricted ad serving,ca-pub-7784034061253020,12,2024-12-01,2024-12-01
bangka.tribunnews.com,Page,N/A,N/A,bangka.tribunnews.com/2023/04/18/kelelahan-hingga-tak-bisa-masak-ayam-untuk-sahur-wanita-di-lampung-tewas-dibacok-suami-sendiri,No,Shocking content,Restricted ad serving,ca-pub-7784034061253020,12,2024-12-01,2024-12-01
bangka.tribunnews.com,Page,N/A,N/A,bangka.tribunnews.com/2022/02/16/viral-di-twitter-pasangan-gay-buat-video-asusila-siang-hari-di-sawah-raup-cuan-rp17-juta,Yes,Ads Disguised as Content,Restricted ad serving,ca-pub-7784034061253020,12,2024-11-27,2024-12-02
bangka.tribunnews.com,Page,N/A,N/A,bangka.tribunnews.com/2021/11/13/video-tante-erni-mandi-keringetan-bikin-kaum-adam-salah-fokus-auto-ikutan-keringetan,No,Google-served ads obscuring content,Restricted ad serving,ca-pub-7784034061253020,12,2024-12-01,2024-12-02
bangka.tribunnews.com,Page,N/A,N/A,bangka.tribunnews.com/2020/03/05/tutorial-senam-kegel-untuk-wanita-khasiatnya-untuk-membuat-bahagia-pasangan,No,Adult: Sexual content,Restricted ad serving,ca-pub-7784034061253020,12,2024-12-02,2024-12-02
bangka.tribunnews.com,Page,N/A,N/A,bangka.tribunnews.com/2019/10/31/inilah-fakta-fakta-viral-video-mesum-mirip-nagita-istri-raffi-di-medsos-gisel-pun-ikut-komentar,No,Google-served ads obscuring content,Restricted ad serving,ca-pub-7784034061253020,12,2024-11-27,2024-12-02
bangka.tribunnews.com,Page,N/A,N/A,bangka.tribunnews.com/2017/12/05/zaman-edan-suami-pakai-kain-batik-bekas-lilit-istri-mirip-pocong-sebelum-berhubungan-intim,No,Adult: Sexual content,Restricted ad serving,ca-pub-7784034061253020,12,2024-11-27,2024-12-02
bangka.tribunnews.com,Page,N/A,N/A,bangka.tribunnews.com/2017/05/06/jadic-viral-foto-syur-cewek-berseragam-sma-ini-ada-yang-rok-diangkat-kancing-seragam-dibuka-lalu,No,Shocking content,Restricted ad serving,ca-pub-7784034061253020,12,2024-11-27,2024-12-01
bangka.tribunnews.com,Page,N/A,N/A,bangka.tribunnews.com/2017/03/16/18-terapis-spa-layani-jasa-esek-esek-paket-khusus-threesome,No,Shocking content,Restricted ad serving,ca-pub-7784034061253020,12,2024-11-30,2024-12-01
bangka.tribunnews.com,Page,N/A,N/A,bangka.tribunnews.com/2016/11/24/cari-sensasi-seks-suami-ajak-istri-threesome-dan-tukar-pasangan,No,Adult: Sexual content,Restricted ad serving,ca-pub-7784034061253020,12,2024-12-02,2024-12-02
bangka.tribunnews.com,Page,N/A,N/A,bangka.tribunnews.com/2016/11/20/isteri-idap-kanker-rahim-kerana-suami-gemar-masukkan-jari-tangan,No,Adult: Sexual content,Restricted ad serving,ca-pub-7784034061253020,12,2024-12-01,2024-12-01
bangka.tribunnews.com,Page,N/A,N/A,bangka.tribunnews.com/2015/12/16/dua-gadis-cantik-kirim-foto-bugilnya-ke-penipu,No,Adult: Sexual content;Shocking content,Restricted ad serving,ca-pub-7784034061253020,12,2024-11-28,2024-12-01
bali.tribunnews.com,Page,N/A,N/A,bali.tribunnews.com/amp/2018/01/27/ternyata-ini-rahasia-aktor-film-panas-tahan-sepanjang-film,No,Adult: Sexual content,Restricted ad serving,ca-pub-7784034061253020,12,2024-11-27,2024-12-01
bali.tribunnews.com,Page,N/A,N/A,bali.tribunnews.com/2019/04/24/chatting-vanessa-angel-dibuka-terkuak-layani-intim-karena-tak-ada-duit-untuk-rayakan-ulang-tahun?page=3,No,Adult: Sexual content;Shocking content,Restricted ad serving,ca-pub-7784034061253020,12,2024-12-01,2024-12-01
bali.tribunnews.com,Page,N/A,N/A,bali.tribunnews.com/2017/10/26/rekaman-diduga-suara-hanna-annisa-viral-dengarkansuaranya,No,Adult: Sexual content,Restricted ad serving,ca-pub-7784034061253020,12,2024-12-03,2024-12-03
bali.tribunnews.com,Page,N/A,N/A,bali.tribunnews.com/2017/05/21/kisah-intim-nia-ketika-nikmat-menjadi-sengsara-hadapi-penis-jumbo-suami?page=4,No,Adult: Sexual content,Restricted ad serving,ca-pub-7784034061253020,12,2024-12-01,2024-12-01
bali.tribunnews.com,Page,N/A,N/A,bali.tribunnews.com/2017/05/21/kisah-intim-nia-ketika-nikmat-menjadi-sengsara-hadapi-penis-jumbo-suami?page=3,No,Adult: Sexual content,Restricted ad serving,ca-pub-7784034061253020,12,2024-12-01,2024-12-01
bali.tribunnews.com,Page,N/A,N/A,bali.tribunnews.com/2016/12/19/ini-tradisi-yang-disalahgunakan-jadi-ajang-mesum,No,Adult: Sexual content,Restricted ad serving,ca-pub-7784034061253020,12,2024-12-01,2024-12-01
aceh.tribunnews.com,Page,N/A,N/A,aceh.tribunnews.com/tag/ketahuan-mesum-di-tempat-parkir,Yes,Google-served ads on screens without publisher-content,Restricted ad serving,ca-pub-7784034061253020,12,2024-11-27,2024-12-01
aceh.tribunnews.com,Page,N/A,N/A,aceh.tribunnews.com/2024/10/14/israel-bakar-hidup-hidup-warga-sipil-usai-mengebom-tenda-pengungsian-di-rumah-sakit-gaza,No,Shocking content,Restricted ad serving,ca-pub-7784034061253020,12,2024-11-27,2024-12-02
aceh.tribunnews.com,Page,N/A,N/A,aceh.tribunnews.com/2022/11/21/ingat-harun-yahya-pemimpin-sekte-seks-turkiye-yang-dihukum-8658-tahun-penjara-kedoknya-terungkap,No,Google-served ads obscuring content,Restricted ad serving,ca-pub-7784034061253020,12,2024-12-02,2024-12-02
aceh.tribunnews.com,Page,N/A,N/A,aceh.tribunnews.com/2022/07/08/kisah-yuni-tkw-di-taiwan-tiap-malam-majikan-lansia-selalu-minta-dilakukan-ini-pengen-disentuh?page=all,No,Google-served ads obscuring content,Restricted ad serving,ca-pub-7784034061253020,12,2024-12-02,2024-12-02
aceh.tribunnews.com,Page,N/A,N/A,aceh.tribunnews.com/2019/03/31/viral-video-pasangan-gancet-saat-berhubungan-intim-ini-penjelasan-medis?page=all,No,Adult: Sexual content,Restricted ad serving,ca-pub-7784034061253020,12,2024-12-02,2024-12-02
www.tribunnews.com,Page,N/A,N/A,www.tribunnews.com/regional/2011/10/20/prostitusi-pelajar-di-mojokerto-tarif-rp-250-ribu,No,Adult: Sexual content,Restricted ad serving,ca-pub-7784034061253020,11,2024-12-01,2024-12-01
www.tribunnews.com,Page,N/A,N/A,www.tribunnews.com/kesehatan/2015/09/11/tidur-pakai-daster-bikin-gairah-bercinta-suami-jadi-padam,No,Adult: Sexual content,Restricted ad serving,ca-pub-7784034061253020,11,2024-11-29,2024-12-02
wartakota.tribunnews.com,Page,N/A,N/A,wartakota.tribunnews.com/2023/05/25/posting-video-turis-asing-bugil-di-bali-tanpa-sensor-peter-f-gontha-siap-diblokir-demi-harga-diri,No,Google-served ads obscuring content,Restricted ad serving,ca-pub-7784034061253020,11,2024-12-02,2024-12-02
wartakota.tribunnews.com,Page,N/A,N/A,wartakota.tribunnews.com/2019/11/12/polisi-bongkar-praktek-asusila-berkedok-panti-pijat-di-kelapa-gading,No,Adult: Sexual content,Restricted ad serving,ca-pub-7784034061253020,11,2024-11-29,2024-12-02
wartakota.tribunnews.com,Page,N/A,N/A,wartakota.tribunnews.com/2019/06/07/foto-dan-video-vulgar-cinta-laura-dengan-frank-garcia-beredar-luas-ibu-cinta-laura-diam-itu-emas,No,Adult: Sexual content,Restricted ad serving,ca-pub-7784034061253020,11,2024-11-29,2024-12-01
wartakota.tribunnews.com,Page,N/A,N/A,wartakota.tribunnews.com/2016/02/13/hah-guru-bahasa-inggris-di-negara-ini-tampil-tanpa-busana,No,Adult: Sexual content,Restricted ad serving,ca-pub-7784034061253020,11,2024-12-01,2024-12-01
surabaya.tribunnews.com,Page,N/A,N/A,surabaya.tribunnews.com/2020/11/04/chord-dan-lirik-lagu-hujan-kemarin-taxi-band-kunci-c-tak-ingin-lagi-rasanya-ku-bercinta,No,Google-served ads obscuring content,Restricted ad serving,ca-pub-7784034061253020,11,2024-11-28,2024-12-02
surabaya.tribunnews.com,Page,N/A,N/A,surabaya.tribunnews.com/2019/03/05/detik-detik-siswi-menjerit-saat-oknum-guru-nonton-film-dewasa-di-kelas-viral-di-whatsapp-wa-ig,No,Adult: Sexual content,Restricted ad serving,ca-pub-7784034061253020,11,2024-12-01,2024-12-01
surabaya.tribunnews.com,Page,N/A,N/A,surabaya.tribunnews.com/2015/02/27/pemilik-karaoke-doremi-semalam-untung-rp-6-juta,No,Shocking content,Restricted ad serving,ca-pub-7784034061253020,11,2024-12-02,2024-12-02
surabaya.tribunnews.com,Page,N/A,N/A,surabaya.tribunnews.com/2010/06/09/heboh-lagi-video-seks-ariel-cut-tari,No,Adult: Sexual content,Restricted ad serving,ca-pub-7784034061253020,11,2024-11-27,2024-12-02
sultra.tribunnews.com,Page,N/A,N/A,sultra.tribunnews.com/2022/05/25/pengakuan-diduga-pemeran-video-viral-57-detik-riffa-atta-kini-muncul-lagi-link-video-baru-122-detik,No,Google-served ads obscuring content,Restricted ad serving,ca-pub-7784034061253020,11,2024-12-02,2024-12-02
style.tribunnews.com,Page,N/A,N/A,style.tribunnews.com/2016/08/21/tentang-perempuan-jauh-dari-pasangan-benda-ini-biasa-digunakan-wanita-untuk-tuntaskan-birahinya,No,Adult: Sexual content,Restricted ad serving,ca-pub-7784034061253020,11,2024-11-27,2024-12-02
sorong.tribunnews.com,Page,N/A,N/A,sorong.tribunnews.com/2023/05/20/bakit-vrin-asmuruf-calon-dokter-asal-maybrat-yang-tak-gengsi-bantu-orang-tuanya-jualan-keliling,Yes,Encouraging accidental clicks: Layout,Restricted ad serving,ca-pub-7784034061253020,11,2024-12-02,2024-12-02
prohaba.tribunnews.com,Page,N/A,N/A,prohaba.tribunnews.com/2022/11/08/fakta-baru-video-mesum-kebaya-merah-pemeran-wanita-mengaku-24-tahun-prianya-mirip-dengan-sosok-ini,Yes,Ads Disguised as Content,Restricted ad serving,ca-pub-7784034061253020,11,2024-12-01,2024-12-01
pontianak.tribunnews.com,Page,N/A,N/A,pontianak.tribunnews.com/2017/06/17/seorang-wanita-buka-baju-dan-celana-di-tempat-umum-ini-tujuannya,Yes,Site Behavior: Navigation,Restricted ad serving,ca-pub-7784034061253020,11,2024-11-30,2024-12-02
pontianak.tribunnews.com,Page,N/A,N/A,pontianak.tribunnews.com/2016/09/25/pergoki-majikan-berhubungan-intim-dengan-sopir-pribadi-pembantu-pun-tolak-tiket-pesawat,No,Adult: Sexual content,Restricted ad serving,ca-pub-7784034061253020,11,2024-12-02,2024-12-02
pekanbaru.tribunnews.com,Page,N/A,N/A,pekanbaru.tribunnews.com/2018/01/21/pamer-paha-mulus-di-medsos-8-artis-ini-bikin-para-cowok-tak-berkedip-siapa-saja?page=2,Yes,Site Behavior: Navigation,Restricted ad serving,ca-pub-7784034061253020,11,2024-12-01,2024-12-01
medan.tribunnews.com,Page,N/A,N/A,medan.tribunnews.com/2018/07/16/inilah-11-potret-kehidupan-dunia-esek-esek-selama-perang-vietnam-tahun-1960-1970,No,Shocking content,Restricted ad serving,ca-pub-7784034061253020,11,2024-11-30,2024-12-01
medan.tribunnews.com,Page,N/A,N/A,medan.tribunnews.com/2017/04/28/aktris-bintang-porno-terkenal-ini-nyatakan-pensiun-di-usia-80-tahun,No,Adult: Sexual content,Restricted ad serving,ca-pub-7784034061253020,11,2024-12-02,2024-12-02
manado.tribunnews.com,Page,N/A,N/A,manado.tribunnews.com/tag/viral,Yes,Google-served ads on screens without publisher-content,Restricted ad serving,ca-pub-7784034061253020,11,2024-11-28,2024-12-02
manado.tribunnews.com,Page,N/A,N/A,manado.tribunnews.com/2022/02/01/pria-setubuhi-dua-mayat-perempuan-remaja-di-hutan-ditangkap-dan-divonis-seumur-hidup?page=2,No,Shocking content,Restricted ad serving,ca-pub-7784034061253020,11,2024-12-02,2024-12-02
manado.tribunnews.com,Page,N/A,N/A,manado.tribunnews.com/2022/02/01/pria-setubuhi-dua-mayat-perempuan-remaja-di-hutan-ditangkap-dan-divonis-seumur-hidup,No,Shocking content,Restricted ad serving,ca-pub-7784034061253020,11,2024-12-02,2024-12-02
manado.tribunnews.com,Page,N/A,N/A,manado.tribunnews.com/2018/01/21/bocah-membuat-heboh-awal-tahun-2018-video-mesum-dan-penyerangan-anggota-tni?page=3,Yes,Google-served ads obscuring content;Modified Javascript: Ads by Google size,Restricted ad serving,ca-pub-7784034061253020,11,2024-12-02,2024-12-02
makassar.tribunnews.com,Page,N/A,N/A,makassar.tribunnews.com/2020/01/02/daftar-harga-rokok-yang-naik-tahun-2020-surya-16-djarum-76-marlboro-sampoerna-cara-berhenti?page=2,No,Tobacco,Restricted ad serving,ca-pub-7784034061253020,11,2024-12-01,2024-12-01
makassar.tribunnews.com,Page,N/A,N/A,makassar.tribunnews.com/2019/10/17/masih-tahan-lama-namun-diminta-berhenti-ridwan-emosi-lalu-bunuh-psk-yang-dibookingnya?page=2,No,Adult: Sexual content,Restricted ad serving,ca-pub-7784034061253020,11,2024-12-01,2024-12-01
makassar.tribunnews.com,Page,N/A,N/A,makassar.tribunnews.com/2019/04/01/amelia-jual-keperawanan-rp-15-juta-jelang-unbk-sma-hari-ini-kehidupan-pribadi-saya-hancur,No,Google-served ads obscuring content,Restricted ad serving,ca-pub-7784034061253020,11,2024-11-29,2024-12-01
m.tribunnews.com,Page,N/A,N/A,m.tribunnews.com/regional/2018/10/02/satu-sekolah-smp-di-lampung-12-siswinya-hamil,No,Adult: Sexual content,Restricted ad serving,ca-pub-7784034061253020,11,2024-11-30,2024-12-01
m.tribunnews.com,Page,N/A,N/A,m.tribunnews.com/regional/2016/11/21/mayat-wanita-sebelum-dibunuh-diduga-diperkosa-di-kebun-karet?page=all,No,Shocking content,Restricted ad serving,ca-pub-7784034061253020,11,2024-12-01,2024-12-01
m.tribunnews.com,Page,N/A,N/A,m.tribunnews.com/metropolitan/2024/04/02/calon-pembeli-tusuk-penjaga-toko-hingga-tewas-emosi-dengar-kata-kasar-usai-disuruh-lepas-sandal,No,Shocking content,Restricted ad serving,ca-pub-7784034061253020,11,2024-12-01,2024-12-01
m.tribunnews.com,Page,N/A,N/A,m.tribunnews.com/lifestyle/2016/10/21/ternyata-wanita-juga-mengalami-ereksi-ini-tandanya,No,Adult: Sexual content,Restricted ad serving,ca-pub-7784034061253020,11,2024-12-01,2024-12-01
m.tribunnews.com,Page,N/A,N/A,m.tribunnews.com/kesehatan/2018/02/12/jauh-dari-suami-ibu-2-anak-ini-3-tahun-pakai-sex-toys-blak-blakan-soal-rasa-dan-pendapat-suaminya?page=3,No,Adult: Sexual content,Restricted ad serving,ca-pub-7784034061253020,11,2024-12-01,2024-12-01
m.tribunnews.com,Page,N/A,N/A,m.tribunnews.com/kesehatan/2017/09/05/4-bahan-alami-yang-bisa-dijadikan-pelumas-seks,No,Adult: Sexual content,Restricted ad serving,ca-pub-7784034061253020,11,2024-12-01,2024-12-01
m.tribunnews.com,Page,N/A,N/A,m.tribunnews.com/kesehatan/2016/03/31/kesalahan-cara-minum-obat-kuat-yang-membuatnya-gagal-bikin-pria-jadi-jantan?page=2,No,Adult: Sexual content,Restricted ad serving,ca-pub-7784034061253020,11,2024-12-03,2024-12-03
m.tribunnews.com,Page,N/A,N/A,m.tribunnews.com/internasional/2015/10/07/ibu-dan-anak-ini-jadi-bintang-film-porno-bareng-ini-alasan-mereka?page=2,No,Adult: Sexual content,Restricted ad serving,ca-pub-7784034061253020,11,2024-12-01,2024-12-01
kupang.tribunnews.com,Page,N/A,N/A,kupang.tribunnews.com/2020/10/05/pesta-seks-di-rumah-kosong-6-abg-aceh-digerebek-warga-begini-pengakuan-menjijikan-mereka,No,Google-served ads obscuring content,Restricted ad serving,ca-pub-7784034061253020,11,2024-11-30,2024-12-01
kupang.tribunnews.com,Page,N/A,N/A,kupang.tribunnews.com/2020/05/08/bisnis-prostitusi-online-terungkap-sediakan-600-cewek-cantik-pelanggannya-pakai-mobil-plat-merah,No,Shocking content,Restricted ad serving,ca-pub-7784034061253020,11,2024-12-02,2024-12-02
kupang.tribunnews.com,Page,N/A,N/A,kupang.tribunnews.com/2015/03/27/mesum-sambil-naik-motor-di-jalan-raya-pasangan-india-ditangkap-polisi,No,Adult: Sexual content,Restricted ad serving,ca-pub-7784034061253020,11,2024-12-01,2024-12-01
kaltim.tribunnews.com,Page,N/A,N/A,kaltim.tribunnews.com/2017/07/13/bocah-ini-ditemukan-tewas-di-dalam-kotak-styrofoam-diduga-diculik-sindikat-penjualan-organ-tubuh?page=1,Yes,Ads Disguised as Content;Shocking content,Restricted ad serving,ca-pub-7784034061253020,11,2024-12-01,2024-12-01
jatim.tribunnews.com,Page,N/A,N/A,jatim.tribunnews.com/2017/07/21/main-bareng-anjing-bra-cinta-laura-yang-bolong-bikin-dada-nyembul-netter-bahas-ukurannya,Yes,Site Behavior: Navigation,Restricted ad serving,ca-pub-7784034061253020,11,2024-11-28,2024-12-01
jatim.tribunnews.com,Page,N/A,N/A,jatim.tribunnews.com/2017/06/29/video-adegan-panas-sulli-dan-kim-so-hyun-tersebar-viral-bikin-netizen-syok-oppa-udah-nggak-suci,Yes,Site Behavior: Navigation,Restricted ad serving,ca-pub-7784034061253020,11,2024-11-27,2024-12-01
jateng.tribunnews.com,Page,N/A,N/A,jateng.tribunnews.com/2021/10/01/kunci-jawaban-kelas-3-sd-tema-3-halaman-196-197-200-201-204-205-206-207-perubahan-wujud-di-sekitarku,Yes,Encouraging accidental clicks: Layout;Google-served ads obscuring content,Restricted ad serving,ca-pub-7784034061253020,11,2024-12-01,2024-12-02
jambi.tribunnews.com,Page,N/A,N/A,jambi.tribunnews.com/2019/07/07/minta-layanan-hingga-2-jam-psk-ini-kenakan-baju-seksi-tapi-lakukan-hal-ini-diminta-pelanggannya,No,Adult: Sexual content,Restricted ad serving,ca-pub-7784034061253020,11,2024-12-02,2024-12-02
jambi.tribunnews.com,Page,N/A,N/A,jambi.tribunnews.com/2018/06/17/apa-dampak-pada-suami-jika-istri-sering-menolak-berhubungan?page=2,No,Adult: Sexual content,Restricted ad serving,ca-pub-7784034061253020,11,2024-12-01,2024-12-01
jambi.tribunnews.com,Page,N/A,N/A,jambi.tribunnews.com/2018/02/21/4-cara-ini-membuat-wanita-mendapat-kenikmatan-lebih-cepat-di-ranjang?page=3,No,Adult: Sexual content,Restricted ad serving,ca-pub-7784034061253020,11,2024-12-02,2024-12-02
jambi.tribunnews.com,Page,N/A,N/A,jambi.tribunnews.com/2018/02/21/4-cara-ini-membuat-wanita-mendapat-kenikmatan-lebih-cepat-di-ranjang?page=2,No,Adult: Sexual content,Restricted ad serving,ca-pub-7784034061253020,11,2024-12-02,2024-12-02
jambi.tribunnews.com,Page,N/A,N/A,jambi.tribunnews.com/2018/01/18/ciri-wanita-sedang-ngebet-berhubungan-intim-5-gerakan-yang-menandakan-sudah-nggak-sabar-disentuh,No,Adult: Sexual content,Restricted ad serving,ca-pub-7784034061253020,11,2024-12-01,2024-12-01
jambi.tribunnews.com,Page,N/A,N/A,jambi.tribunnews.com/2017/09/27/plesir-di-8-negara-yang-merupakan-surganya-seks-3-diantaranya-di-asia-tenggara?page=2,Yes,Site Behavior: Navigation,Restricted ad serving,ca-pub-7784034061253020,11,2024-12-02,2024-12-02
jabar.tribunnews.com,Page,N/A,N/A,jabar.tribunnews.com/2018/01/19/beredar-video-mesum-pelajar-smp-dan-sma-di-kabupaten-semarang-pemeran-wanitanya-lebih-tua,No,Adult: Sexual content,Restricted ad serving,ca-pub-7784034061253020,11,2024-12-01,2024-12-01
jabar.tribunnews.com,Page,N/A,N/A,jabar.tribunnews.com/2016/05/03/video-astaga-siswi-sma-negeri-3-jakarta-disuruh-pake-bh-diluar-dan-merokok-oleh-seniornya,Yes,Site Behavior: Navigation,Restricted ad serving,ca-pub-7784034061253020,11,2024-12-01,2024-12-01
jabar.tribunnews.com,Page,N/A,N/A,jabar.tribunnews.com/2015/09/29/lulus-juga-wanita-ini-umbar-belahan-sensual-saat-tes-presenter,No,Adult: Sexual content,Restricted ad serving,ca-pub-7784034061253020,11,2024-12-01,2024-12-01
bogor.tribunnews.com,Page,N/A,N/A,bogor.tribunnews.com/2019/11/08/cerita-ibu-guru-saat-ajak-muridnya-berhubungan-intim-bertiga-di-kamar-kos-awalnya-disuruh-nonton?page=3,No,Adult: Sexual content;Shocking content,Restricted ad serving,ca-pub-7784034061253020,11,2024-12-02,2024-12-02
bogor.tribunnews.com,Page,N/A,N/A,bogor.tribunnews.com/2019/11/08/cerita-ibu-guru-saat-ajak-muridnya-berhubungan-intim-bertiga-di-kamar-kos-awalnya-disuruh-nonton?page=2,No,Adult: Sexual content;Shocking content,Restricted ad serving,ca-pub-7784034061253020,11,2024-12-02,2024-12-02
belitung.tribunnews.com,Page,N/A,N/A,belitung.tribunnews.com/2022/09/16/curhat-tki-taiwan-tidur-seranjang-dengan-kakek-begini-kelakuanny-saat-di-kamar-berdua,No,Google-served ads obscuring content,Restricted ad serving,ca-pub-7784034061253020,11,2024-11-28,2024-12-02
belitung.tribunnews.com,Page,N/A,N/A,belitung.tribunnews.com/2021/11/26/cupi-cupita-mengaku-lemas-di-malam-pertama-maunya-langsung-bobok-sempat-takut-sakit,Yes,Ads Disguised as Content,Restricted ad serving,ca-pub-7784034061253020,11,2024-11-27,2024-12-02
belitung.tribunnews.com,Page,N/A,N/A,belitung.tribunnews.com/2018/03/06/cium-dan-raba-bagian-terlarang-murid-sd-kepala-sekolah-terancam-20-tahun-penjara,No,Adult: Sexual content,Restricted ad serving,ca-pub-7784034061253020,11,2024-12-02,2024-12-02
belitung.tribunnews.com,Page,N/A,N/A,belitung.tribunnews.com/2018/01/05/lagi-tren-terapi-pemutihan-alat-vital-pria-100-orang-ikut-terapi-dalam-sebulan-segini-biayanya,No,Adult: Sexual content,Restricted ad serving,ca-pub-7784034061253020,11,2024-12-02,2024-12-02
belitung.tribunnews.com,Page,N/A,N/A,belitung.tribunnews.com/2018/01/04/heboh-video-mesum-wanita-dewasa-dengan-2-bocah-di-hotel-bikin-netter-penasaran-begini-cuplikannya?page=3,No,Adult: Sexual content,Restricted ad serving,ca-pub-7784034061253020,11,2024-12-03,2024-12-03
belitung.tribunnews.com,Page,N/A,N/A,belitung.tribunnews.com/2017/11/12/wanita-simak-ini-begini-ciri-ciri-pria-yang-sudah-tak-perjaka-lagi,No,Shocking content,Restricted ad serving,ca-pub-7784034061253020,11,2024-12-01,2024-12-01
belitung.tribunnews.com,Page,N/A,N/A,belitung.tribunnews.com/2016/05/19/mau-tahu-perbedaan-pria-disunat-atau-tidak-ternyata-ada-kenikmatan-lebih,No,Adult: Sexual content,Restricted ad serving,ca-pub-7784034061253020,11,2024-12-01,2024-12-01
banjarmasin.tribunnews.com,Page,N/A,N/A,banjarmasin.tribunnews.com/2018/01/05/video-mesum-anak-kecil-dan-wanita-dewasa-di-bandung-lokasinya-pembuatannya-terdeteksi-polisi?page=all,Yes,Ads Disguised as Content,Restricted ad serving,ca-pub-7784034061253020,11,2024-12-02,2024-12-02
bangka.tribunnews.com,Page,N/A,N/A,bangka.tribunnews.com/tag/polda-babel,Yes,Google-served ads on screens without publisher-content,Restricted ad serving,ca-pub-7784034061253020,11,2024-11-29,2024-12-02
bangka.tribunnews.com,Page,N/A,N/A,bangka.tribunnews.com/2022/01/18/video-gisella-anastasia-habis-mandi-di-ranjang-pakai-baju-begini-jadi-sorotan,Yes,Ads Disguised as Content,Restricted ad serving,ca-pub-7784034061253020,11,2024-12-01,2024-12-01
bangka.tribunnews.com,Page,N/A,N/A,bangka.tribunnews.com/2021/06/18/wanita-ini-malu-seumur-hidup-gara-gara-video-call-tanpa-busana-dengan-pacar-disebar-lewat-instagram,Yes,Ads Disguised as Content,Restricted ad serving,ca-pub-7784034061253020,11,2024-11-30,2024-12-01
bangka.tribunnews.com,Page,N/A,N/A,bangka.tribunnews.com/2020/01/17/rayuan-maut-sang-instruktur-bikin-istri-orang-klepek-klepek-hingga-mau-diajak-intim-berkali-kali?page=2,No,Adult: Sexual content,Restricted ad serving,ca-pub-7784034061253020,11,2024-12-01,2024-12-01
bangka.tribunnews.com,Page,N/A,N/A,bangka.tribunnews.com/2019/10/02/suami-ajak-adik-ipar-berhubungan-badan-di-kamar-gara-gara-terpancing-pakaian-seksi?page=3,No,Adult: Sexual content,Restricted ad serving,ca-pub-7784034061253020,11,2024-12-02,2024-12-02
bangka.tribunnews.com,Page,N/A,N/A,bangka.tribunnews.com/2019/04/25/deretan-fakta-video-abg-berhubungan-intim-di-mobil-viral-di-media-sosial-terdengar-suara-radio,No,Adult: Sexual content,Restricted ad serving,ca-pub-7784034061253020,11,2024-12-02,2024-12-02
bangka.tribunnews.com,Page,N/A,N/A,bangka.tribunnews.com/2018/03/13/hoes-hoin-bocorkan-ratusan-foto-telanjang-tentara-wanita-amerika-serikat,Yes,Site Behavior: Navigation,Restricted ad serving,ca-pub-7784034061253020,11,2024-12-01,2024-12-02
bangka.tribunnews.com,Page,N/A,N/A,bangka.tribunnews.com/2018/02/07/kisah-ayam-kampus-mulai-dari-cara-bikin-pelanggan-ketagihan-hingga-pelanggan-tetap?page=4,No,Adult: Sexual content,Restricted ad serving,ca-pub-7784034061253020,11,2024-12-02,2024-12-02
bangka.tribunnews.com,Page,N/A,N/A,bangka.tribunnews.com/2018/01/05/cantik-muda-dan-seksi-inilah-5-artis-muda-indonesia-sering-pamer-kemolekan-tubuhnya?page=3,Yes,Site Behavior: Navigation,Restricted ad serving,ca-pub-7784034061253020,11,2024-12-01,2024-12-01
bangka.tribunnews.com,Page,N/A,N/A,bangka.tribunnews.com/2017/12/22/kisah-pilu-pemilik-mr-p-terbesar-2-kali-ngamar-satu-wanita-ketakutan-satu-lagi-menjerit?page=3,No,Shocking content,Restricted ad serving,ca-pub-7784034061253020,11,2024-12-02,2024-12-02
bangka.tribunnews.com,Page,N/A,N/A,bangka.tribunnews.com/2017/03/25/hai-wanita-hanya-10-menit-sehari-bokong-kencang-dan-bulat-bisa-anda-miliki,No,Adult: Sexual content,Restricted ad serving,ca-pub-7784034061253020,11,2024-12-02,2024-12-02
bangka.tribunnews.com,Page,N/A,N/A,bangka.tribunnews.com/2017/01/30/video-suami-diterkam-harimau-istri-menjerit-polisi-lepaskan-tembakan?page=2,No,Shocking content,Restricted ad serving,ca-pub-7784034061253020,11,2024-12-02,2024-12-02
bangka.tribunnews.com,Page,N/A,N/A,bangka.tribunnews.com/2016/11/22/obrolan-mesum-aktor-ganteng-rizky-alatas-dengan-wanita-ini-tersebar?page=2,Yes,Site Behavior: Navigation,Restricted ad serving,ca-pub-7784034061253020,11,2024-12-02,2024-12-02
bangka.tribunnews.com,Page,N/A,N/A,bangka.tribunnews.com/2016/02/29/tips-bagi-membuat-wanita-selalu-mencapai-big-o-saat-bercinta,No,Adult: Sexual content,Restricted ad serving,ca-pub-7784034061253020,11,2024-11-28,2024-12-02
bali.tribunnews.com,Page,N/A,N/A,bali.tribunnews.com/2020/01/02/ini-daftar-harga-rokok-di-denpasar-saat-ini-beberapa-merk-alami-kenaikan-harga-sebelum-tahun-baru?page=2,No,Tobacco,Restricted ad serving,ca-pub-7784034061253020,11,2024-12-02,2024-12-02
bali.tribunnews.com,Page,N/A,N/A,bali.tribunnews.com/2017/05/22/suguhi-tarian-bugil-hingga-16-bilik-aktivitas-intim,No,Adult: Sexual content,Restricted ad serving,ca-pub-7784034061253020,11,2024-12-01,2024-12-02
bali.tribunnews.com,Page,N/A,N/A,bali.tribunnews.com/2017/05/21/kisah-intim-nia-ketika-nikmat-menjadi-sengsara-hadapi-penis-jumbo-suami?page=2,No,Adult: Sexual content,Restricted ad serving,ca-pub-7784034061253020,11,2024-12-01,2024-12-01
aceh.tribunnews.com,Page,N/A,N/A,aceh.tribunnews.com/2017/11/12/wanita-harus-tahu-ini-6-ciri-pria-sudah-tak-perjaka-jangan-sampai-terkecoh-penampilan?page=2,No,Adult: Sexual content,Restricted ad serving,ca-pub-7784034061253020,11,2024-12-02,2024-12-02
www.tribunnewswiki.com,Page,N/A,N/A,www.tribunnewswiki.com/2021/08/05/volksraad-dewan-rakyat-hindia-belanda,Yes,Google-served ads obscuring content;Modified ad code: Resizing Ad Frames,Restricted ad serving,ca-pub-7784034061253020,10,2024-12-01,2024-12-01
www.tribunnewswiki.com,Page,N/A,N/A,www.tribunnewswiki.com/2020/12/02/kaya-mendadak-nelayan-ini-temukan-muntahan-ikan-paus-di-pantai-seharga-rp-456-miliar,No,Shocking content,Restricted ad serving,ca-pub-7784034061253020,10,2024-12-02,2024-12-02
www.tribunnews.com,Page,N/A,N/A,www.tribunnews.com/lifestyle/2018/01/01/sekolahnya-punya-kebebasan-berpakaian-cewek-ini-langsung-pakai-pakaian-terbuka-begini-akibatnya,Yes,Site Behavior: Navigation,Restricted ad serving,ca-pub-7784034061253020,10,2024-12-01,2024-12-01
wartakota.tribunnews.com,Page,N/A,N/A,wartakota.tribunnews.com/2019/11/17/menteri-kesehatan-mengeluh-ukuran-kondom-impor-buatan-cina-terlalu-kecil-ini-pernyataan-lengkapnya,No,Adult: Sexual content,Restricted ad serving,ca-pub-7784034061253020,10,2024-11-27,2024-12-01
wartakota.tribunnews.com,Page,N/A,N/A,wartakota.tribunnews.com/2016/02/02/6-jenis-lingerie-yang-bikin-pasangan-mabuk-kepayang,No,Adult: Sexual content,Restricted ad serving,ca-pub-7784034061253020,10,2024-12-03,2024-12-03
video.tribunnews.com,Page,N/A,N/A,video.tribunnews.com/view/81228/bocah-14-tahun-ditemukan-tewas-bersama-kedua-orangtuanya-yang-tak-sadarkan-diri-di-dalam-mobil,No,Shocking content,Restricted ad serving,ca-pub-7784034061253020,10,2024-12-01,2024-12-01
video.tribunnews.com,Page,N/A,N/A,video.tribunnews.com/view/41217/video-detik-detik-pertarungan-sengit-buaya-melawan-babi-hutan-siapa-juara,No,Shocking content,Restricted ad serving,ca-pub-7784034061253020,10,2024-12-01,2024-12-01
travel.tribunnews.com,Page,N/A,N/A,travel.tribunnews.com/2018/03/28/potongan-kuku-sampai-sex-doll-7-koleksi-paling-gila-di-dunia-yang-kuras-uang-hingga-rp-260-juta,No,Adult: Sexual content,Restricted ad serving,ca-pub-7784034061253020,10,2024-12-01,2024-12-01
suryamalang.tribunnews.com,Page,N/A,N/A,suryamalang.tribunnews.com/2017/05/16/video-suami-ketahuan-bercinta-dengan-selingkuhan-yang-dilakukan-istri-sungguh-mengerikan,No,Shocking content,Restricted ad serving,ca-pub-7784034061253020,10,2024-12-02,2024-12-02
sumsel.tribunnews.com,Page,N/A,N/A,sumsel.tribunnews.com/2017/08/08/ngeri-gara-gara-ada-tukang-servis-amplifier-dibakar-massa-tukang-servis-ini-bawa-tv-cara-begini,No,Shocking content,Restricted ad serving,ca-pub-7784034061253020,10,2024-12-01,2024-12-01
sumsel.tribunnews.com,Page,N/A,N/A,sumsel.tribunnews.com/2017/04/14/82-tahun-tapi-tetap-aktif-melawan-anak-muda-di-ranjang-ini-rupanya-rahasia-kakek-sugiono,No,Shocking content,Restricted ad serving,ca-pub-7784034061253020,10,2024-11-30,2024-12-02
sumsel.tribunnews.com,Page,N/A,N/A,sumsel.tribunnews.com/2015/02/21/mau-bisa-berhubungan-seks-terus-sampai-lanjut-usia-ini-dia-obatnya,No,Adult: Sexual content,Restricted ad serving,ca-pub-7784034061253020,10,2024-11-29,2024-12-01
sumsel.tribunnews.com,Page,N/A,N/A,sumsel.tribunnews.com/2014/12/02/terlalu-seksi-model-cantik-dan-semok-ini-ditampar-penonton-pria,No,Adult: Sexual content,Restricted ad serving,ca-pub-7784034061253020,10,2024-12-02,2024-12-02
style.tribunnews.com,Page,N/A,N/A,style.tribunnews.com/2017/07/31/ayu-ting-ting-pakai-sandal-jepit-doang-ternyata-harganya-setara-dengan-emas,Yes,Site Behavior: Navigation,Restricted ad serving,ca-pub-7784034061253020,10,2024-12-02,2024-12-02
style.tribunnews.com,Page,N/A,N/A,style.tribunnews.com/2016/08/27/ciri-kecanduan-seks-yakin-kamu-bukan-hypersex-coba-lihat-7-tanda-berikut,No,Adult: Sexual content,Restricted ad serving,ca-pub-7784034061253020,10,2024-12-01,2024-12-01
pontianak.tribunnews.com,Page,N/A,N/A,pontianak.tribunnews.com/2022/04/19/soal-dan-jawaban-ujian-sekolah-matematika-kelas-12-smasmk-pilihan-ganda-ususbn,Yes,Encouraging accidental clicks: Layout,Restricted ad serving,ca-pub-7784034061253020,10,2024-12-02,2024-12-02
pontianak.tribunnews.com,Page,N/A,N/A,pontianak.tribunnews.com/2018/09/14/akun-twitter-ini-sebarkan-katalog-prostitusi-online-dj-dinar-candy-masuk-dalam-daftar,No,Adult: Sexual content,Restricted ad serving,ca-pub-7784034061253020,10,2024-12-01,2024-12-01
pontianak.tribunnews.com,Page,N/A,N/A,pontianak.tribunnews.com/2018/01/27/ciri-ciri-wanita-bernafsu-tinggi-beberapa-ada-yang-sering-kamu-jumpai?page=2,No,Adult: Sexual content,Restricted ad serving,ca-pub-7784034061253020,10,2024-12-02,2024-12-02
pekanbaru.tribunnews.com,Page,N/A,N/A,pekanbaru.tribunnews.com/2022/01/26/arti-ily-dalam-bahasa-gaul-apa-ily-artinya-menyoal-perasaancek-apa-itu-disini,Yes,Encouraging accidental clicks: Layout;Google-served ads obscuring content,Restricted ad serving,ca-pub-7784034061253020,10,2024-12-01,2024-12-01
pekanbaru.tribunnews.com,Page,N/A,N/A,pekanbaru.tribunnews.com/2018/01/20/kepergok-ibu-siswi-smp-ini-lagi-video-call-sambil-pamer-payudara-faktanya-bikin-miris?page=3,No,Adult: Sexual content,Restricted ad serving,ca-pub-7784034061253020,10,2024-12-01,2024-12-01
pekanbaru.tribunnews.com,Page,N/A,N/A,pekanbaru.tribunnews.com/2017/12/18/guru-ini-dituntut-praktekkan-cara-memasang-kondom-dengan-mulutnya,No,Adult: Sexual content,Restricted ad serving,ca-pub-7784034061253020,10,2024-12-01,2024-12-01
pekanbaru.tribunnews.com,Page,N/A,N/A,pekanbaru.tribunnews.com/2015/02/18/penulisan-huruf-y-menunjukkan-perilaku-seksual-anda,No,Adult: Sexual content,Restricted ad serving,ca-pub-7784034061253020,10,2024-12-01,2024-12-01
palembang.tribunnews.com,Page,N/A,N/A,palembang.tribunnews.com/2018/01/18/mulai-dari-video-mesum-aron-ashab-hanna-annisa-kini-beredar-lagi-adegan-mesum-siswi-smp,No,Adult: Sexual content,Restricted ad serving,ca-pub-7784034061253020,10,2024-12-01,2024-12-01
palembang.tribunnews.com,Page,N/A,N/A,palembang.tribunnews.com/2017/04/17/astaga-video-petualangan-seks-bule-di-bali-dengan-gadis-china-dan-58-wanita-indonesia-beredar,No,Adult: Sexual content,Restricted ad serving,ca-pub-7784034061253020,10,2024-11-28,2024-12-01
medan.tribunnews.com,Page,N/A,N/A,medan.tribunnews.com/2023/05/03/kecelakaan-di-simpang-sicanang-belawan-pengendara-motor-tewas-terlindas-truk-berikut-identitasnya,No,Shocking content,Restricted ad serving,ca-pub-7784034061253020,10,2024-12-02,2024-12-02
medan.tribunnews.com,Page,N/A,N/A,medan.tribunnews.com/2022/11/12/suami-mutilasi-istri-di-doloksanggul-beritahu-keponakan-sudah-kumatikan-inangudamu,Yes,Ads Disguised as Content,Restricted ad serving,ca-pub-7784034061253020,10,2024-12-01,2024-12-01
medan.tribunnews.com,Page,N/A,N/A,medan.tribunnews.com/2021/11/18/usianya-masih-19-tahun-ini-sosok-kekasih-baru-nassar-jalani-hubungi-serius-meski-beda-usia,Yes,Encouraging accidental clicks: Layout;Google-served ads obscuring content,Restricted ad serving,ca-pub-7784034061253020,10,2024-12-01,2024-12-01
medan.tribunnews.com,Page,N/A,N/A,medan.tribunnews.com/2021/10/11/cerita-mahasiswi-terang-terangan-open-bo-karena-kuliah-di-2-kampus-mengaku-cukup-2-kali-sehari-aja,Yes,Ads Disguised as Content,Restricted ad serving,ca-pub-7784034061253020,10,2024-12-01,2024-12-01
medan.tribunnews.com,Page,N/A,N/A,medan.tribunnews.com/2017/05/22/mr-p-terlalu-besar-nia-rasakan-seks-nikmat-berubah-neraka-lalu-cerai-dari-suami,No,Adult: Sexual content,Restricted ad serving,ca-pub-7784034061253020,10,2024-12-02,2024-12-02
makassar.tribunnews.com,Page,N/A,N/A,makassar.tribunnews.com/2019/12/09/kisah-kartini-muljadi-wanita-terkaya-indonesia-2019-raih-rp-88-t-dari-jual-obat-ex-hakim-notaris,No,Adult: Sexual content;Shocking content,Restricted ad serving,ca-pub-7784034061253020,10,2024-12-03,2024-12-03
makassar.tribunnews.com,Page,N/A,N/A,makassar.tribunnews.com/2019/05/22/tribunwiki-viral-akui-zina-dengan-berondong-usai-mabuk-siapa-intan-hardja,Yes,Google-served ads obscuring content;Modified Javascript: Ads by Google size,Restricted ad serving,ca-pub-7784034061253020,10,2024-12-01,2024-12-01
makassar.tribunnews.com,Page,N/A,N/A,makassar.tribunnews.com/2017/09/24/sebelum-menyesal-jangan-coba-coba-lakukan-5-hal-ini-usai-bercinta,No,Adult: Sexual content,Restricted ad serving,ca-pub-7784034061253020,10,2024-12-01,2024-12-01
makassar.tribunnews.com,Page,N/A,N/A,makassar.tribunnews.com/2017/06/24/video-astaga-tak-pakai-cd-artis-korea-ini-tak-sadar-anunya-kelihatan-saat-manggung?page=2,No,Adult: Sexual content,Restricted ad serving,ca-pub-7784034061253020,10,2024-12-02,2024-12-02
makassar.tribunnews.com,Page,N/A,N/A,makassar.tribunnews.com/2016/09/04/astaga-beredar-gambar-seksi-kak-ros-upin-ipin?page=2,No,Adult: Sexual content,Restricted ad serving,ca-pub-7784034061253020,10,2024-12-01,2024-12-01
m.tribunnews.com,Page,N/A,N/A,m.tribunnews.com/regional/2019/11/01/driver-taksi-online-ditemukan-tewas-bersimbah-darah-ada-cutter-yang-tertinggal-di-sebelah-korban,No,Shocking content,Restricted ad serving,ca-pub-7784034061253020,10,2024-12-02,2024-12-02
m.tribunnews.com,Page,N/A,N/A,m.tribunnews.com/regional/2019/01/05/kasus-video-syur-11-menit-oknum-polwan-di-makassar-ini-cerita-tim-cyber-mengungkapnya,No,Adult: Sexual content,Restricted ad serving,ca-pub-7784034061253020,10,2024-12-02,2024-12-02
m.tribunnews.com,Page,N/A,N/A,m.tribunnews.com/regional/2015/11/26/perilaku-seks-bebas-pembeli-kondom-di-minimarket-didominasi-remaja,No,Adult: Sexual content,Restricted ad serving,ca-pub-7784034061253020,10,2024-12-01,2024-12-01
m.tribunnews.com,Page,N/A,N/A,m.tribunnews.com/otomotif/tips-trik-mobil,Yes,Unnatural attention to ads,Restricted ad serving,ca-pub-7784034061253020,10,2024-12-01,2024-12-01
m.tribunnews.com,Page,N/A,N/A,m.tribunnews.com/metropolitan/2017/10/09/begini-kondisi-spa-khusus-gay-banyak-tersisa-cairanpelumas,No,Adult: Sexual content,Restricted ad serving,ca-pub-7784034061253020,10,2024-12-01,2024-12-01
m.tribunnews.com,Page,N/A,N/A,m.tribunnews.com/kesehatan/2017/09/18/penyakit-penyakit-berbahaya-yang-mengincar-jika-sembarangan-menggunakan-sex-toys,No,Adult: Sexual content,Restricted ad serving,ca-pub-7784034061253020,10,2024-12-02,2024-12-02
m.tribunnews.com,Page,N/A,N/A,m.tribunnews.com/kesehatan/2017/05/01/enam-kekhawatiran-istri-jika-berhubungan-intim-dengan-alat-kb-iud,No,Adult: Sexual content,Restricted ad serving,ca-pub-7784034061253020,10,2024-12-02,2024-12-02
m.tribunnews.com,Page,N/A,N/A,m.tribunnews.com/kesehatan/2016/07/18/bagian-tubuh-pria-ini-harus-sentuh-agar-saat-bercinta-makin-panas,No,Adult: Sexual content,Restricted ad serving,ca-pub-7784034061253020,10,2024-12-01,2024-12-01
m.tribunnews.com,Page,N/A,N/A,m.tribunnews.com/internasional/2018/01/15/aneh-tapi-nyata-wanita-ini-menikah-dengan-hantu-dan-mengaku-kehidupan-seksnya-lebih-memuaskan,No,Adult: Sexual content,Restricted ad serving,ca-pub-7784034061253020,10,2024-12-01,2024-12-01
m.tribunnews.com,Page,N/A,N/A,m.tribunnews.com/internasional/2015/05/18/edan-pasangan-muda-mudi-ini-cuek-hubungan-intim-di-tempat-umum-dan-ditonton-warga,No,Adult: Sexual content,Restricted ad serving,ca-pub-7784034061253020,10,2024-12-02,2024-12-02
lampung.tribunnews.com,Page,N/A,N/A,lampung.tribunnews.com/2017/07/03/aktris-film-panas-ini-tewas-saat-lawan-30-pria,No,Adult: Sexual content,Restricted ad serving,ca-pub-7784034061253020,10,2024-12-01,2024-12-01
lampung.tribunnews.com,Page,N/A,N/A,lampung.tribunnews.com/2016/06/20/kenapa-kita-bisa-mimpi-basah-dengan-musuh-ini-penjelasannya,No,Adult: Sexual content,Restricted ad serving,ca-pub-7784034061253020,10,2024-12-02,2024-12-02
kupang.tribunnews.com,Page,N/A,N/A,kupang.tribunnews.com/2020/01/25/lama-single-janda-3-anak-kecanduan-seka-5-kali-sehari-tak-cukup-menderita-diputus-pacar-haus-seks,No,Adult: Sexual content,Restricted ad serving,ca-pub-7784034061253020,10,2024-11-28,2024-12-02
kupang.tribunnews.com,Page,N/A,N/A,kupang.tribunnews.com/2019/05/24/bintang-film-dewasa-tertua-shigeo-lebih-enak-main-dengan-wanita-usia-30-an-dari-pada-20-an,No,Adult: Sexual content,Restricted ad serving,ca-pub-7784034061253020,10,2024-11-29,2024-12-01
kupang.tribunnews.com,Page,N/A,N/A,kupang.tribunnews.com/2017/06/03/ya-ampun-pria-ini-tak-kuat-tahan-nafsu-nekat-bercinta-dengan-kuda-poni-caranya-bikin-elus-dada,No,Adult: Sexual content,Restricted ad serving,ca-pub-7784034061253020,10,2024-12-02,2024-12-02
kupang.tribunnews.com,Page,N/A,N/A,kupang.tribunnews.com/2017/03/15/apa-yang-disukai-wanita-di-atas-ranjang,No,Adult: Sexual content,Restricted ad serving,ca-pub-7784034061253020,10,2024-12-02,2024-12-02
kupang.tribunnews.com,Page,N/A,N/A,kupang.tribunnews.com/2015/04/23/tidur-telanjang-buat-tambah-mesra-berunjung-seks,No,Adult: Sexual content,Restricted ad serving,ca-pub-7784034061253020,10,2024-12-01,2024-12-01
jogja.tribunnews.com,Page,N/A,N/A,jogja.tribunnews.com/2022/04/13/berita-kriminal-pria-di-jogja-ditusuk-hingga-tewas-sesaat-setelah-antar-anak-ke-sekolah,Yes,Ads Disguised as Content,Restricted ad serving,ca-pub-7784034061253020,10,2024-12-01,2024-12-01
jogja.tribunnews.com,Page,N/A,N/A,jogja.tribunnews.com/2019/08/20/pengakuan-blak-blakan-ayam-kampus-terjerumus-ke-dunia-kelam-prostitusi-online?page=2,No,Adult: Sexual content,Restricted ad serving,ca-pub-7784034061253020,10,2024-12-02,2024-12-02
jogja.tribunnews.com,Page,N/A,N/A,jogja.tribunnews.com/2018/05/10/5-sifat-gadis-jepang-yang-unik-satu-diantaranya-malu-bila-masih-perawan-di-usia-20-30-tahun?page=2,No,Adult: Sexual content,Restricted ad serving,ca-pub-7784034061253020,10,2024-12-01,2024-12-01
jogja.tribunnews.com,Page,N/A,N/A,jogja.tribunnews.com/2016/11/04/remaja-ini-pacaran-dan-grepe-grepe-di-tempat-umum-tapi-mereka-langsung-bubar-setelah-ditegur,No,Adult: Sexual content,Restricted ad serving,ca-pub-7784034061253020,10,2024-12-01,2024-12-01
jogja.tribunnews.com,Page,N/A,N/A,jogja.tribunnews.com/2016/08/31/suka-doggy-style-spooning-atau-standing-gaya-favorit-ternyata-ungkap-karaktermu?page=3,No,Adult: Sexual content,Restricted ad serving,ca-pub-7784034061253020,10,2024-12-03,2024-12-03
jatim.tribunnews.com,Page,N/A,N/A,jatim.tribunnews.com/2019/02/13/terdeteksi-x-ray-di-kantor-pos-bea-cukai-kediri-sita-puluhan-sex-toys-siap-jual-dari-tiongkok,No,Adult: Sexual content,Restricted ad serving,ca-pub-7784034061253020,10,2024-12-01,2024-12-01
jatim.tribunnews.com,Page,N/A,N/A,jatim.tribunnews.com/2017/11/06/wow-5-artis-indonesia-jujur-soal-masturbasi-dan-keperawanan-ada-yang-ngaku-sudah-sejak-sekolah?page=4,No,Adult: Sexual content,Restricted ad serving,ca-pub-7784034061253020,10,2024-12-02,2024-12-02
jateng.tribunnews.com,Page,N/A,N/A,jateng.tribunnews.com/2016/10/11/cari-obat-haid-tempat-pijat-dan-luluran-hingga-obat-kuat-di-semarang-dan-sekitarnya,No,Adult: Sexual content,Restricted ad serving,ca-pub-7784034061253020,10,2024-12-01,2024-12-01
jateng.tribunnews.com,Page,N/A,N/A,jateng.tribunnews.com/2016/04/05/pelajar-sma-mesum-di-atas-kursi-ruang-tamu-heboh-videonya-beredar-di-masyarakat,No,Adult: Sexual content,Restricted ad serving,ca-pub-7784034061253020,10,2024-12-02,2024-12-02
jambi.tribunnews.com,Page,N/A,N/A,jambi.tribunnews.com/2019/09/27/berawal-dari-nonton-video-mesum-seorang-ibu-di-sukabumi-berhubungan-intim-dengan-anak-kandung,No,Adult: Sexual content,Restricted ad serving,ca-pub-7784034061253020,10,2024-12-02,2024-12-02
jambi.tribunnews.com,Page,N/A,N/A,jambi.tribunnews.com/2018/02/21/sentuhan-di-tiga-titik-ini-bikin-gairah-wanita-meletup-letup-nomor-3-rangsangannya-paling-dahsyat,No,Adult: Sexual content,Restricted ad serving,ca-pub-7784034061253020,10,2024-12-02,2024-12-02
jambi.tribunnews.com,Page,N/A,N/A,jambi.tribunnews.com/2018/01/16/10-alasan-wanita-nonton-film-panas-nomor-3-pria-bisa-terdiam-dibuatnya,No,Adult: Sexual content,Restricted ad serving,ca-pub-7784034061253020,10,2024-12-02,2024-12-02
jambi.tribunnews.com,Page,N/A,N/A,jambi.tribunnews.com/2017/12/19/foto-perindah-bentuk-pinggul-dan-bokong-cara-mengakalinya-jadi-terlihat-lebih-seksi,No,Adult: Sexual content,Restricted ad serving,ca-pub-7784034061253020,10,2024-12-02,2024-12-02
jambi.tribunnews.com,Page,N/A,N/A,jambi.tribunnews.com/2016/08/02/inilah-beberapa-tips-agar-penis-selalu-ereksi-saat-diperlukan,No,Adult: Sexual content,Restricted ad serving,ca-pub-7784034061253020,10,2024-12-01,2024-12-01
jambi.tribunnews.com,Page,N/A,N/A,jambi.tribunnews.com/2014/11/13/posisi-doggy-style-yang-ini-baru-benar-supaya-punya-anak-lelaki,No,Adult: Sexual content,Restricted ad serving,ca-pub-7784034061253020,10,2024-12-02,2024-12-02
jakarta.tribunnews.com,Page,N/A,N/A,jakarta.tribunnews.com/2020/04/10/asyik-pesta-seks-saat-wabah-corona-6-remaja-yang-sedang-telanjang-bareng-8-pria-diciduk-di-makassar,No,Shocking content,Restricted ad serving,ca-pub-7784034061253020,10,2024-11-27,2024-12-02
jabar.tribunnews.com,Page,N/A,N/A,jabar.tribunnews.com/2021/08/02/doa-sebelum-makan-minum-dan-doa-setelah-makan-lengkap-artinya-berharap-berkah-dan-ungkapan-syukur,No,Google-served ads obscuring content,Restricted ad serving,ca-pub-7784034061253020,10,2024-11-27,2024-12-02
jabar.tribunnews.com,Page,N/A,N/A,jabar.tribunnews.com/2015/01/24/hasil-penelitian-ahli-soal-ejakulasi-wanita-itu-kencing-atau-bukan,No,Adult: Sexual content;Shocking content,Restricted ad serving,ca-pub-7784034061253020,10,2024-12-01,2024-12-01
belitung.tribunnews.com,Page,N/A,N/A,belitung.tribunnews.com/2022/01/10/wanita-muda-asik-berhubungan-intim-suami-syok-istri-selingkuh-anak-ke-sekolah-ibu-tiduri-brondong,No,Google-served ads obscuring content,Restricted ad serving,ca-pub-7784034061253020,10,2024-12-02,2024-12-02
belitung.tribunnews.com,Page,N/A,N/A,belitung.tribunnews.com/2018/03/30/suamiku-kecanduan-tidur-dengan-wanita-prostitusi-online-temukan-hal-mengejutkan-di-hp,No,Shocking content,Restricted ad serving,ca-pub-7784034061253020,10,2024-12-01,2024-12-01
belitung.tribunnews.com,Page,N/A,N/A,belitung.tribunnews.com/2017/11/22/arti-dibalik-mimpi-basah-yang-dialami-wanita-dari-bercinta-dengan-si-mantan-hingga-sama-bos,No,Adult: Sexual content,Restricted ad serving,ca-pub-7784034061253020,10,2024-12-01,2024-12-01
belitung.tribunnews.com,Page,N/A,N/A,belitung.tribunnews.com/2017/11/20/kisah-4-penari-telanjang-dalam-kondisi-bugil-saat-digerebek-tinggal-di-kos-elite-hingga-bermobil,No,Adult: Sexual content,Restricted ad serving,ca-pub-7784034061253020,10,2024-12-02,2024-12-02
belitung.tribunnews.com,Page,N/A,N/A,belitung.tribunnews.com/2017/11/16/ingin-lebih-dahsyat-di-ranjang-ini-makanan-penambah-gairah-resep-dari-bapak-kedokteran-muslim,No,Adult: Sexual content,Restricted ad serving,ca-pub-7784034061253020,10,2024-12-01,2024-12-01
belitung.tribunnews.com,Page,N/A,N/A,belitung.tribunnews.com/2017/10/02/mama-muda-ini-diam-saja-saat-dukun-urut-remas-dadanya-begini-reaksinya-saat-diraba-kemaluannya,No,Adult: Sexual content,Restricted ad serving,ca-pub-7784034061253020,10,2024-12-01,2024-12-01
belitung.tribunnews.com,Page,N/A,N/A,belitung.tribunnews.com/2017/08/28/beredar-video-pria-ini-tunjukan-kemaluannya-dan-paksa-tkw-berhubungan-intim,Yes,Site Behavior: Navigation,Restricted ad serving,ca-pub-7784034061253020,10,2024-12-01,2024-12-01
belitung.tribunnews.com,Page,N/A,N/A,belitung.tribunnews.com/2017/05/08/pergoki-anak-gadisnya-yang-masih-remaja-tidur-telanjang-dengan-pacarnya-reaksi-ayah-ini-mengejutkan,No,Google-served ads obscuring content,Restricted ad serving,ca-pub-7784034061253020,10,2024-12-01,2024-12-01
belitung.tribunnews.com,Page,N/A,N/A,belitung.tribunnews.com/2017/02/05/fakta-fakta-soal-seks-bebas-di-kalangan-remaja-remaja-ogah-pakai-kondom,No,Adult: Sexual content,Restricted ad serving,ca-pub-7784034061253020,10,2024-11-30,2024-12-01
belitung.tribunnews.com,Page,N/A,N/A,belitung.tribunnews.com/2016/02/21/jangan-lakukan-variasi-bercinta-seperti-ini-meski-banyak-di-film-porno,No,Adult: Sexual content,Restricted ad serving,ca-pub-7784034061253020,10,2024-11-28,2024-12-01
batam.tribunnews.com,Page,N/A,N/A,batam.tribunnews.com/2017/11/14/sudah-diarak-dan-ditelanjangi-ternyata-salah-ini-5-fakta-video-gerebek-pasangan-mesum,No,Adult: Sexual content,Restricted ad serving,ca-pub-7784034061253020,10,2024-12-02,2024-12-02
batam.tribunnews.com,Page,N/A,N/A,batam.tribunnews.com/2016/11/23/tubuh-bungkuk-udang-identik-nafsu-tinggi-ini-jawaban-sebenarnya,No,Adult: Sexual content,Restricted ad serving,ca-pub-7784034061253020,10,2024-12-01,2024-12-01
batam.tribunnews.com,Page,N/A,N/A,batam.tribunnews.com/2016/09/18/gara-gara-tisu-magic-pria-paruh-baya-tewas-tanpa-busana-di-kamar-hotel,No,Adult: Sexual content;Shocking content,Restricted ad serving,ca-pub-7784034061253020,10,2024-12-02,2024-12-02
banjarmasin.tribunnews.com,Page,N/A,N/A,banjarmasin.tribunnews.com/2018/04/02/astaga-cewek-kakak-adik-kompak-mesum-di-hotel-bareng-pacar-salah-satunya-di-bawah-umur,No,Shocking content,Restricted ad serving,ca-pub-7784034061253020,10,2024-12-02,2024-12-02
banjarmasin.tribunnews.com,Page,N/A,N/A,banjarmasin.tribunnews.com/2017/09/08/terkait-foto-telanjang-dada-bareng-abg-cantik-dan-video-sawer-ini-kata-polos-hotman,No,Google-served ads obscuring content,Restricted ad serving,ca-pub-7784034061253020,10,2024-12-02,2024-12-02
bangka.tribunnews.com,Page,N/A,N/A,bangka.tribunnews.com/2021/12/07/ditonton-34-juta-kali-video-15-detik-maria-vania-di-atas-ranjang-viral-tiap-hari-lakukan-hal-ini,Yes,Ads Disguised as Content,Restricted ad serving,ca-pub-7784034061253020,10,2024-11-28,2024-12-01
bangka.tribunnews.com,Page,N/A,N/A,bangka.tribunnews.com/2021/05/07/cekcok-dengan-suami-irt-di-kelurahan-keramat-pangkalpinang-akhiri-hidup-dengan-gantung-diri,Yes,Ads Disguised as Content,Restricted ad serving,ca-pub-7784034061253020,10,2024-12-01,2024-12-01
bangka.tribunnews.com,Page,N/A,N/A,bangka.tribunnews.com/2019/12/09/kisah-cinta-terlarang-buru-guru-dan-5-muridnya-video-mesum-beredar-luas-dan-bikin-malu?page=2,No,Adult: Sexual content,Restricted ad serving,ca-pub-7784034061253020,10,2024-12-02,2024-12-02
bangka.tribunnews.com,Page,N/A,N/A,bangka.tribunnews.com/2018/05/03/pensiun-dari-film-dewasa-ini-kabar-terakhir-artis-jepang-yang-pernah-main-film-indonesia-ini,No,Shocking content,Restricted ad serving,ca-pub-7784034061253020,10,2024-11-28,2024-12-01
bangka.tribunnews.com,Page,N/A,N/A,bangka.tribunnews.com/2018/04/19/jangan-dibuang-perusahaan-ini-mau-beli-putung-rokok-rp-79-ribukg-ternyata-ini-alasannya,No,Tobacco,Restricted ad serving,ca-pub-7784034061253020,10,2024-12-01,2024-12-01
bangka.tribunnews.com,Page,N/A,N/A,bangka.tribunnews.com/2018/01/18/siswi-sd-kecanduan-seks-saat-umur-3-tahun-ternyata-sudah-nonton-video-mesum,No,Adult: Sexual content,Restricted ad serving,ca-pub-7784034061253020,10,2024-11-30,2024-12-02
bangka.tribunnews.com,Page,N/A,N/A,bangka.tribunnews.com/2017/06/18/aksi-dua-wanita-buka-baju-di-depan-orang-bikin-geleng-geleng-kepala-ini-yang-dilakukannya,Yes,Site Behavior: Navigation,Restricted ad serving,ca-pub-7784034061253020,10,2024-11-28,2024-12-01
bangka.tribunnews.com,Page,N/A,N/A,bangka.tribunnews.com/2016/10/20/pria-ini-lakukan-hal-yang-mengejutkan-saat-digoda-bintang-porno-dia-langsung-mengajak?page=3,Yes,Google-served ads on screens without publisher-content,Restricted ad serving,ca-pub-7784034061253020,10,2024-12-01,2024-12-01
bangka.tribunnews.com,Page,N/A,N/A,bangka.tribunnews.com/2016/08/18/beginilah-ciri-ciri-orang-yang-kecanduan-onani,No,Adult: Sexual content,Restricted ad serving,ca-pub-7784034061253020,10,2024-11-29,2024-12-02
bangka.tribunnews.com,Page,N/A,N/A,bangka.tribunnews.com/2015/07/24/boneka-seks-khusus-wanita-ini-organnya-bisa-diganti,No,Adult: Sexual content,Restricted ad serving,ca-pub-7784034061253020,10,2024-12-01,2024-12-01
bangka.tribunnews.com,Page,N/A,N/A,bangka.tribunnews.com/2011/09/23/ratusan-gigolo-sugito-tersebar-di-surabaya,No,Adult: Sexual content,Restricted ad serving,ca-pub-7784034061253020,10,2024-11-30,2024-12-02
bali.tribunnews.com,Page,N/A,N/A,bali.tribunnews.com/2019/06/11/fakta-video-nakal-oknum-bidan-desa-di-jembrana-viral-kurang-rp-20-juta-hingga-timun,No,Adult: Sexual content,Restricted ad serving,ca-pub-7784034061253020,10,2024-12-02,2024-12-02
bali.tribunnews.com,Page,N/A,N/A,bali.tribunnews.com/2017/12/12/syok-goyangan-baru-pamela-safitri-dinar-candy-bikin-melongo-pamer-adegan-begini,No,Adult: Sexual content;Shocking content,Restricted ad serving,ca-pub-7784034061253020,10,2024-12-02,2024-12-02
bali.tribunnews.com,Page,N/A,N/A,bali.tribunnews.com/2017/09/03/video-perselingkuhan-pria-ini-temukan-sang-istri-bermesraan-di-kamar-rumahnya,Yes,Site Behavior: Navigation,Restricted ad serving,ca-pub-7784034061253020,10,2024-12-01,2024-12-01
bali.tribunnews.com,Page,N/A,N/A,bali.tribunnews.com/2016/05/28/ini-8-adegan-seks-yang-hanya-terjadi-di-film-porno-jarang-di-kehidupan-nyata,No,Adult: Sexual content,Restricted ad serving,ca-pub-7784034061253020,10,2024-12-02,2024-12-02
bali.tribunnews.com,Page,N/A,N/A,bali.tribunnews.com/2015/12/05/kamu-jual-beli-obat-kuat-laki-laki-baca-ini-cara-membedakan-yang-palsu-dan-asli,No,Adult: Sexual content,Restricted ad serving,ca-pub-7784034061253020,10,2024-12-01,2024-12-01
aceh.tribunnews.com,Page,N/A,N/A,aceh.tribunnews.com/tag/video-hubungan-badan,Yes,Google-served ads on screens without publisher-content,Restricted ad serving,ca-pub-7784034061253020,10,2024-12-01,2024-12-01
aceh.tribunnews.com,Page,N/A,N/A,aceh.tribunnews.com/2019/08/17/dianggap-sebagai-gulma-daun-patikan-kebo-ternyata-miliki-banyak-manfaat-bisa-tingkatkan-gairah?page=3,No,Google-served ads obscuring content,Restricted ad serving,ca-pub-7784034061253020,10,2024-12-02,2024-12-02
aceh.tribunnews.com,Page,N/A,N/A,aceh.tribunnews.com/2017/09/08/ini-dia-pelumas-seks-alami-yang-bisa-anda-pakai?page=2,No,Adult: Sexual content,Restricted ad serving,ca-pub-7784034061253020,10,2024-12-01,2024-12-01
www.tribunnews.com,Page,N/A,N/A,www.tribunnews.com/regional/2022/01/12/video-pelajar-sma-berhubungan-intim-gegerkan-nusa-tenggara-barat,Yes,Ads Disguised as Content,Restricted ad serving,ca-pub-7784034061253020,9,2024-11-27,2024-12-01
www.tribunnews.com,Page,N/A,N/A,www.tribunnews.com/regional/2021/05/26/kisah-psk-di-subang-jauh-jauh-beroperasi-di-daerah-lainnya-pemesannya-ternyata-teman-dan-tetangga,Yes,Ads Disguised as Content,Restricted ad serving,ca-pub-7784034061253020,9,2024-11-27,2024-12-01
www.tribunnews.com,Page,N/A,N/A,www.tribunnews.com/regional/2017/10/13/tiga-pasangan-mesum-diciduk-tengah-asyik-berdua-duaan-di-kamar-hotel,No,Shocking content,Restricted ad serving,ca-pub-7784034061253020,9,2024-12-01,2024-12-01
www.tribunnews.com,Page,N/A,N/A,www.tribunnews.com/regional/2017/08/17/begini-kondisi-jasad-wanita-hamil-di-rumbai-yang-dibunuh-dan-dibakar,No,Shocking content,Restricted ad serving,ca-pub-7784034061253020,9,2024-12-03,2024-12-03
www.tribunnews.com,Page,N/A,N/A,www.tribunnews.com/regional/2017/07/21/pengakuan-waria-terjaring-razia-pelanggannya-om-om-kaya-tarifnya-rp-500-ribu,No,Adult: Sexual content,Restricted ad serving,ca-pub-7784034061253020,9,2024-12-02,2024-12-02
www.tribunnews.com,Page,N/A,N/A,www.tribunnews.com/nasional/2015/04/15/rekaman-video-siswi-sma-baku-hantam-beredar-di-jejaring-sosial,Yes,Ads Disguised as Content,Restricted ad serving,ca-pub-7784034061253020,9,2024-12-01,2024-12-02
www.tribunnews.com,Page,N/A,N/A,www.tribunnews.com/metropolitan/2019/05/17/empat-waria-terjaring-razia-satpol-pp-di-apartemen-modernland-tangerang,No,Adult: Sexual content,Restricted ad serving,ca-pub-7784034061253020,9,2024-12-02,2024-12-02
www.tribunnews.com,Page,N/A,N/A,www.tribunnews.com/metropolitan/2017/10/09/ini-deretan-foto-kondisi-spa-khusus-gay-di-harmoni-resepsionis-sampai-kolam-khusus,No,Adult: Sexual content,Restricted ad serving,ca-pub-7784034061253020,9,2024-11-30,2024-12-02
www.tribunnews.com,Page,N/A,N/A,www.tribunnews.com/metropolitan/2017/04/18/menggesek-kelamin-dan-lain-lain-cerita-pelecehan-seksual-terhadap-perempuan-di-krl,No,Adult: Sexual content,Restricted ad serving,ca-pub-7784034061253020,9,2024-12-01,2024-12-01
www.tribunnews.com,Page,N/A,N/A,www.tribunnews.com/lifestyle/2015/05/13/perempuan-ternyata-lebih-suka-tonton-film-porno-lesbian-dan-threesome,No,Adult: Sexual content,Restricted ad serving,ca-pub-7784034061253020,9,2024-11-29,2024-12-02
www.tribunnews.com,Page,N/A,N/A,www.tribunnews.com/internasional/2017/06/17/wanita-cantik-buka-baju-dan-celana-di-tempat-umum-demi-tujuan-mulia,Yes,Site Behavior: Navigation,Restricted ad serving,ca-pub-7784034061253020,9,2024-11-27,2024-12-01
www.tribunnews.com,Page,N/A,N/A,www.tribunnews.com/internasional/2015/07/12/negara-negara-berbudaya-seks-paling-bebas,No,Adult: Sexual content,Restricted ad serving,ca-pub-7784034061253020,9,2024-11-27,2024-12-02
wow.tribunnews.com,Page,N/A,N/A,wow.tribunnews.com/2017/10/13/selain-berpakaian-seksi-pria-memandang-hot-wanita-yang-suka-gigit-bibirnya-ini-penjelasannya,No,Adult: Sexual content,Restricted ad serving,ca-pub-7784034061253020,9,2024-12-02,2024-12-02
video.tribunnews.com,Page,N/A,N/A,video.tribunnews.com/view/88211/istri-potong-alat-vital-suaminya-ketika-berhubungan-seks-turunkan-celana-langsung-dipotong,No,Shocking content,Restricted ad serving,ca-pub-7784034061253020,9,2024-12-01,2024-12-01
video.tribunnews.com,Page,N/A,N/A,video.tribunnews.com/view/124250/tarif-sekali-kencan-rp150-ribu-warung-esek-esek-berkedok-warkop-di-banyuasin-digerebek,No,Adult: Sexual content,Restricted ad serving,ca-pub-7784034061253020,9,2024-12-01,2024-12-01
surabaya.tribunnews.com,Page,N/A,N/A,surabaya.tribunnews.com/2020/11/24/video-mesum-219-menit-diperankan-abg-viral-dan-resahkan-warga-dapat-rp-8-juta-sekali-rekaman,Yes,Ads Disguised as Content,Restricted ad serving,ca-pub-7784034061253020,9,2024-11-30,2024-12-02
sumsel.tribunnews.com,Page,N/A,N/A,sumsel.tribunnews.com/2014/10/10/tanpa-bra-payudara-lebih-kencang-kenyal-dan-sehat,No,Adult: Sexual content,Restricted ad serving,ca-pub-7784034061253020,9,2024-12-01,2024-12-01
style.tribunnews.com,Page,N/A,N/A,style.tribunnews.com/2024/03/06/5-bagian-tubuh-pria-yang-membuatnya-mudah-terangsang-istri-wajib-tahu-agar-lebih-hot-di-ranjang,No,Adult: Sexual content,Restricted ad serving,ca-pub-7784034061253020,9,2024-12-01,2024-12-01
style.tribunnews.com,Page,N/A,N/A,style.tribunnews.com/2019/04/01/gancet-alat-vital-tak-bisa-lepas-setelah-hubungan-intim-masih-viral-penjelasan-medis-hingga-mitos?page=2,No,Adult: Sexual content,Restricted ad serving,ca-pub-7784034061253020,9,2024-12-02,2024-12-02
style.tribunnews.com,Page,N/A,N/A,style.tribunnews.com/2018/02/02/penuh-gairah-ternyata-adegan-panas-di-50-shades-of-grey-syutingnya-begini?page=2,No,Adult: Sexual content,Restricted ad serving,ca-pub-7784034061253020,9,2024-12-01,2024-12-01
style.tribunnews.com,Page,N/A,N/A,style.tribunnews.com/2017/06/30/model-filipina-ini-dinobatkan-fhm-sebagai-wanita-terseksi-di-dunia-tapi-banyak-orang-tidak-senang,Yes,Site Behavior: Navigation,Restricted ad serving,ca-pub-7784034061253020,9,2024-12-02,2024-12-02
pontianak.tribunnews.com,Page,N/A,N/A,pontianak.tribunnews.com/2018/01/13/sering-nonton-video-porno-picu-kerusakan-otak-dan-perilaku-menyimpang-ini-tips-mengatasinya,No,Adult: Sexual content,Restricted ad serving,ca-pub-7784034061253020,9,2024-12-01,2024-12-01
pontianak.tribunnews.com,Page,N/A,N/A,pontianak.tribunnews.com/2017/09/16/bintang-porno-jepang-ini-hanya-punya-tinggi-1-meter-ia-punya-pesan-mengharukan,No,Adult: Sexual content,Restricted ad serving,ca-pub-7784034061253020,9,2024-12-01,2024-12-02
pontianak.tribunnews.com,Page,N/A,N/A,pontianak.tribunnews.com/2017/08/19/beragam-koleksi-bunga-sabun-artificial-di-bungas,No,Shocking content,Restricted ad serving,ca-pub-7784034061253020,9,2024-11-29,2024-12-01
pontianak.tribunnews.com,Page,N/A,N/A,pontianak.tribunnews.com/2016/09/16/waduh-artis-populer-ini-nekat-untuk-tampil-telanjang-di-film-terbarunya,No,Adult: Sexual content,Restricted ad serving,ca-pub-7784034061253020,9,2024-11-28,2024-12-01
pekanbaru.tribunnews.com,Page,N/A,N/A,pekanbaru.tribunnews.com/2020/03/10/arti-bahasa-gaul-2020-apa-itu-missqueen-sobat-missqueen-berawal-dari-media-sosial-ini-artinya,No,Google-served ads obscuring content,Restricted ad serving,ca-pub-7784034061253020,9,2024-11-30,2024-12-01
pekanbaru.tribunnews.com,Page,N/A,N/A,pekanbaru.tribunnews.com/2018/04/13/cukup-letakkan-cairan-ini-disudut-kamar-nyamuk-dijamin-tewas-seketika-simak-tipsnya,Yes,Site Behavior: Navigation,Restricted ad serving,ca-pub-7784034061253020,9,2024-12-01,2024-12-01
palembang.tribunnews.com,Page,N/A,N/A,palembang.tribunnews.com/2017/10/20/terungkap-banyak-belum-tahu-begini-sejarah-awal-kondom-diciptakan-ratupun-gunakan-ini-dia-anunya,No,Adult: Sexual content,Restricted ad serving,ca-pub-7784034061253020,9,2024-12-02,2024-12-02
newsmaker.tribunnews.com,Page,N/A,N/A,newsmaker.tribunnews.com/2023/06/02/tragis-usai-upacara-hari-pancasila-asn-tewas-dibacok-temannya-dada-bersimbah-darah-pelaku-kabur?source=kgnotif_1,No,Shocking content,Restricted ad serving,ca-pub-7784034061253020,9,2024-12-01,2024-12-01
newsmaker.tribunnews.com,Page,N/A,N/A,newsmaker.tribunnews.com/2022/02/07/wanita-jadi-supir-taksi-online-kaget-dapat-penumpang-pacarnya-sendiri-bersama-cewek-ini-endingnya,Yes,Modified ad code: Resizing Ad Frames,Restricted ad serving,ca-pub-7784034061253020,9,2024-12-02,2024-12-02
manado.tribunnews.com,Page,N/A,N/A,manado.tribunnews.com/2022/03/26/psk-asal-indonesia-laris-manis-di-cina-tarif-jasanya-sangat-mahal-ini-faktanya,Yes,Ads Disguised as Content,Restricted ad serving,ca-pub-7784034061253020,9,2024-11-28,2024-12-01
makassar.tribunnews.com,Page,N/A,N/A,makassar.tribunnews.com/2019/10/18/foto-pamela-safitri-tanpa-busana-video-dada-nyembul-pose-vulgar-nyawer-pelecehan-seksual-konflik?page=2,No,Adult: Sexual content,Restricted ad serving,ca-pub-7784034061253020,9,2024-12-02,2024-12-02
m.tribunnews.com,Page,N/A,N/A,m.tribunnews.com/tag/polsek-tenayan-raya,No,Google-served ads obscuring content,Restricted ad serving,ca-pub-7784034061253020,9,2024-11-27,2024-12-02
m.tribunnews.com,Page,N/A,N/A,m.tribunnews.com/seleb/2017/07/18/ustaz-syam-mengaku-salah-minta-maaf-telah-menyebut-pesta-seks-di-surga,No,Shocking content,Restricted ad serving,ca-pub-7784034061253020,9,2024-12-01,2024-12-01
m.tribunnews.com,Page,N/A,N/A,m.tribunnews.com/regional/2019/08/20/satu-pelaku-video-vina-garut-kini-stroke-dan-positif-hiv-kondisinya-memprihatinkan,No,Adult: Sexual content,Restricted ad serving,ca-pub-7784034061253020,9,2024-12-01,2024-12-01
m.tribunnews.com,Page,N/A,N/A,m.tribunnews.com/regional/2016/05/25/dua-pasang-siswa-sma-di-sidoarjo-kepergok-mesum-di-warnet-ada-kondom-bekasnya,No,Adult: Sexual content,Restricted ad serving,ca-pub-7784034061253020,9,2024-12-01,2024-12-01
m.tribunnews.com,Page,N/A,N/A,m.tribunnews.com/metropolitan/2018/04/22/ini-5-fakta-pesta-seks-tukar-pasangan-di-malang,No,Adult: Sexual content,Restricted ad serving,ca-pub-7784034061253020,9,2024-12-02,2024-12-02
m.tribunnews.com,Page,N/A,N/A,m.tribunnews.com/metropolitan/2010/06/02/kuda-putih-bersaing-dengan-cungkok-dan-psk-lokal,No,Adult: Sexual content,Restricted ad serving,ca-pub-7784034061253020,9,2024-12-01,2024-12-01
m.tribunnews.com,Page,N/A,N/A,m.tribunnews.com/lifestyle/2017/06/03/lima-fakta-yang-terjadi-pada-cewek-berbokong-besar-akui-saja-ya,No,Adult: Sexual content,Restricted ad serving,ca-pub-7784034061253020,9,2024-12-02,2024-12-02
m.tribunnews.com,Page,N/A,N/A,m.tribunnews.com/lifestyle/2015/11/10/ini-ciri-wanita-dan-pria-yang-sering-melakukan-masturbasi?page=2,No,Adult: Sexual content,Restricted ad serving,ca-pub-7784034061253020,9,2024-12-01,2024-12-01
m.tribunnews.com,Page,N/A,N/A,m.tribunnews.com/kilas-daerah/2019/12/10/ini-pengakuan-janda-muda-yang-rekam-tubuhnya-saat-telanjang-di-kamar,No,Adult: Sexual content,Restricted ad serving,ca-pub-7784034061253020,9,2024-12-01,2024-12-01
m.tribunnews.com,Page,N/A,N/A,m.tribunnews.com/kesehatan/2022/12/01/kondom-dapat-cegah-penyakit-menular-seksual-tapi-penggunaannya-masih-pro-kontra,No,Adult: Sexual content,Restricted ad serving,ca-pub-7784034061253020,9,2024-12-01,2024-12-01
m.tribunnews.com,Page,N/A,N/A,m.tribunnews.com/internasional/2019/12/12/viral-pria-mesum-tertangkap-kamera-intip-dari-bawah-pintu-toilet-wanita-wajahnya-terlihat-jelas,No,Adult: Sexual content,Restricted ad serving,ca-pub-7784034061253020,9,2024-12-02,2024-12-02
m.tribunnews.com,Page,N/A,N/A,m.tribunnews.com/internasional/2017/10/30/payudara-mencurigakan-pria-ini-bedah-bra-pacarnya-isi-di-dalamnya-bikin-terkejut,Yes,Site Behavior: Navigation,Restricted ad serving,ca-pub-7784034061253020,9,2024-12-02,2024-12-02
m.tribunnews.com,Page,N/A,N/A,m.tribunnews.com/internasional/2016/05/19/digedor-polisi-belasan-pelacur-dan-pelanggannya-berjalan-telanjang-di-pusat-kota,Yes,Site Behavior: Navigation,Restricted ad serving,ca-pub-7784034061253020,9,2024-12-02,2024-12-02
m.tribunnews.com,Page,N/A,N/A,m.tribunnews.com/internasional/2010/07/16/payudara-super-besar-malah-bikin-sakit-sakitan,No,Adult: Sexual content,Restricted ad serving,ca-pub-7784034061253020,9,2024-12-03,2024-12-03
lampung.tribunnews.com,Page,N/A,N/A,lampung.tribunnews.com/2014/11/12/ternyata-multifungsi-kalung-ini-bisa-juga-untuk-sex-toy-loh,No,Adult: Sexual content,Restricted ad serving,ca-pub-7784034061253020,9,2024-12-01,2024-12-01
kupang.tribunnews.com,Page,N/A,N/A,kupang.tribunnews.com/2018/06/08/lelaki-ajak-mahasiswa-kupang-buat-mesum-kirim-foto-kemaluan-oh-ternyata-sudah-beristri,No,Adult: Sexual content,Restricted ad serving,ca-pub-7784034061253020,9,2024-12-02,2024-12-02
kaltim.tribunnews.com,Page,N/A,N/A,kaltim.tribunnews.com/2020/07/16/alasan-suka-sama-suka-ayah-tega-setubuhi-anak-kandungnya-hingga-hamil-dua-bulan,Yes,Ads Disguised as Content,Restricted ad serving,ca-pub-7784034061253020,9,2024-12-01,2024-12-01
jogja.tribunnews.com,Page,N/A,N/A,jogja.tribunnews.com/2017/08/30/byurrr-pria-tukang-intip-orang-mandi-diguyur-gadis-muda-yang-jadi-korbannyaketahuan-kamu,No,Shocking content,Restricted ad serving,ca-pub-7784034061253020,9,2024-12-02,2024-12-02
jogja.tribunnews.com,Page,N/A,N/A,jogja.tribunnews.com/2017/03/22/seberapa-besar-ukuran-mr-p-anda-begini-cara-mengukurnya,No,Adult: Sexual content,Restricted ad serving,ca-pub-7784034061253020,9,2024-12-01,2024-12-01
jatim.tribunnews.com,Page,N/A,N/A,jatim.tribunnews.com/2017/11/03/nasibmu-kini-rokok-klobot-dari-kota-madiun-dulu-digandrungi-para-warok,No,Tobacco,Restricted ad serving,ca-pub-7784034061253020,9,2024-12-02,2024-12-02
jatim.tribunnews.com,Page,N/A,N/A,jatim.tribunnews.com/2017/07/06/beda-sama-indonesia-di-jepang-punya-mobil-dianggap-kampungan-kok-bisa-gitu-ya,No,Shocking content,Restricted ad serving,ca-pub-7784034061253020,9,2024-12-02,2024-12-02
jateng.tribunnews.com,Page,N/A,N/A,jateng.tribunnews.com/2021/11/02/ternyata-jahe-bisa-bantu-memperbesar-payudara-begini-caranya,Yes,Ads Disguised as Content,Restricted ad serving,ca-pub-7784034061253020,9,2024-11-27,2024-12-02
jateng.tribunnews.com,Page,N/A,N/A,jateng.tribunnews.com/2019/11/29/geger-video-seks-camat-di-wonogiri-dengan-pemilik-salon-pak-camat-sendiri-yang-merekam-pakai-ponsel,No,Adult: Sexual content,Restricted ad serving,ca-pub-7784034061253020,9,2024-12-01,2024-12-02
jateng.tribunnews.com,Page,N/A,N/A,jateng.tribunnews.com/2018/10/03/praktik-pijat-plus-plus-sesama-jenis-terbongkar-polisi-nyamar-jadi-pelanggan-lewat-medsos,No,Adult: Sexual content,Restricted ad serving,ca-pub-7784034061253020,9,2024-12-01,2024-12-01
jambi.tribunnews.com,Page,N/A,N/A,jambi.tribunnews.com/2018/07/23/kisah-sada-abe-si-geisha-cantik-yang-bunuh-dan-potong-alat-vital-pria-beristri-alasannya,No,Shocking content,Restricted ad serving,ca-pub-7784034061253020,9,2024-12-01,2024-12-01
jambi.tribunnews.com,Page,N/A,N/A,jambi.tribunnews.com/2017/11/26/jangan-tertipu-begini-5-cara-membedakan-payudara-asli-dan-payudara-palsu,No,Adult: Sexual content,Restricted ad serving,ca-pub-7784034061253020,9,2024-12-02,2024-12-02
jambi.tribunnews.com,Page,N/A,N/A,jambi.tribunnews.com/2016/10/14/heboh-video-bersama-suami-nafa-urbach-nikita-mirzani-mandi-kucing-di-vlog-nya,Yes,Content obscuring Google-served ads;Encouraging accidental clicks: Layout,Restricted ad serving,ca-pub-7784034061253020,9,2024-12-01,2024-12-01
jambi.tribunnews.com,Page,N/A,N/A,jambi.tribunnews.com/2015/10/07/awas-sering-onani-usia-muda-tuanya-kena-penyakit-ini,No,Adult: Sexual content,Restricted ad serving,ca-pub-7784034061253020,9,2024-12-01,2024-12-01
jabar.tribunnews.com,Page,N/A,N/A,jabar.tribunnews.com/2015/07/12/waktu-yang-tepat-untuk-mendapatkan-keturunan-menurut,No,Adult: Sexual content,Restricted ad serving,ca-pub-7784034061253020,9,2024-11-27,2024-12-01
bogor.tribunnews.com,Page,N/A,N/A,bogor.tribunnews.com/2017/04/01/penampilannya-menggoda-saat-berpose-di-majalah-dewasa-kini-penampilan-5-model-ini-tak-disangka,No,Adult: Sexual content,Restricted ad serving,ca-pub-7784034061253020,9,2024-12-01,2024-12-01
bogor.tribunnews.com,Page,N/A,N/A,bogor.tribunnews.com/2016/12/20/seperti-ini-karakter-wanita-yang-lebih-suka-posisi-diatas-saat-bercinta,No,Adult: Sexual content,Restricted ad serving,ca-pub-7784034061253020,9,2024-11-29,2024-12-01
batam.tribunnews.com,Page,N/A,N/A,batam.tribunnews.com/2019/08/23/janda-muda-berkulit-putih-ajak-bocah-12-tahun-bersetubuh-selesai-main-mobile-legends,No,Google-served ads obscuring content,Restricted ad serving,ca-pub-7784034061253020,9,2024-11-27,2024-12-02
batam.tribunnews.com,Page,N/A,N/A,batam.tribunnews.com/2016/05/22/wow-ada-boneka-seks-mirip-dengan-artis-ini-harganya-fantastis,No,Adult: Sexual content,Restricted ad serving,ca-pub-7784034061253020,9,2024-12-01,2024-12-01
banjarmasin.tribunnews.com,Page,N/A,N/A,banjarmasin.tribunnews.com/2016/05/14/wanita-cantik-ini-memijat-tanpa-busana-paket-yang-bisa-maen-lebih-rp-600000,No,Shocking content,Restricted ad serving,ca-pub-7784034061253020,9,2024-12-01,2024-12-01
banjarmasin.tribunnews.com,Page,N/A,N/A,banjarmasin.tribunnews.com/2016/02/24/gara-gara-suntik-silikon-penis-membesar-tetapi-loyo,No,Adult: Sexual content,Restricted ad serving,ca-pub-7784034061253020,9,2024-12-02,2024-12-02
banjarmasin.tribunnews.com,Page,N/A,N/A,banjarmasin.tribunnews.com/2015/09/30/mengandung-cengkeh-dan-kemenyan-rokok-kretek-layak-jadi-warisan-kebudayaan,No,Tobacco,Restricted ad serving,ca-pub-7784034061253020,9,2024-12-01,2024-12-01
banjarmasin.tribunnews.com,Page,N/A,N/A,banjarmasin.tribunnews.com/2013/10/29/seks-itu-seperti-naik-sepeda,No,Shocking content,Restricted ad serving,ca-pub-7784034061253020,9,2024-11-29,2024-12-01
bangka.tribunnews.com,Page,N/A,N/A,bangka.tribunnews.com/2019/11/27/video-eks-bintang-film-panas-maria-ozawa-tonton-timnas-indonesia-vs-thailand-miyabi-cium-bendera-ri,No,Shocking content,Restricted ad serving,ca-pub-7784034061253020,9,2024-11-28,2024-12-01
bangka.tribunnews.com,Page,N/A,N/A,bangka.tribunnews.com/2017/10/23/sambil-berjongkok-wajah-cowok-ini-nyosor-ke-leher-cewek-di-depannya,No,Adult: Sexual content,Restricted ad serving,ca-pub-7784034061253020,9,2024-12-01,2024-12-01
bangka.tribunnews.com,Page,N/A,N/A,bangka.tribunnews.com/2017/05/05/live-sex-digerebek-rp-700-ribu-untuk-tarian-bugil-plus-hubungan-intim,No,Adult: Sexual content,Restricted ad serving,ca-pub-7784034061253020,9,2024-12-02,2024-12-02
bangka.tribunnews.com,Page,N/A,N/A,bangka.tribunnews.com/2017/03/28/geliat-esek-esek-psk-pelajar-layani-kencan-di-kamar-hotel-bayarannya-hp-terbaru?page=3,No,Shocking content,Restricted ad serving,ca-pub-7784034061253020,9,2024-12-01,2024-12-01
bangka.tribunnews.com,Page,N/A,N/A,bangka.tribunnews.com/2016/09/29/inilah-8-artis-panas-jepang-pangganti-maria-ozawa-siapakah-yang-paling-cocok?page=5,No,Adult: Sexual content,Restricted ad serving,ca-pub-7784034061253020,9,2024-12-03,2024-12-03
bangka.tribunnews.com,Page,N/A,N/A,bangka.tribunnews.com/2016/06/25/inilah-fakta-unik-tentang-puting-susu-yang-mungkin-belum-anda-ketahui?page=2,No,Adult: Sexual content,Restricted ad serving,ca-pub-7784034061253020,9,2024-12-02,2024-12-02
bangka.tribunnews.com,Page,N/A,N/A,bangka.tribunnews.com/2015/12/30/pakai-gaya-ini-kamu-bakal-dapat-kenikmatan-double-di-ranjang,No,Adult: Sexual content,Restricted ad serving,ca-pub-7784034061253020,9,2024-11-30,2024-12-02
bangka.tribunnews.com,Page,N/A,N/A,bangka.tribunnews.com/2015/08/15/wanita-lebih-senang-foreplay-ketimbang-penetrasi,No,Adult: Sexual content,Restricted ad serving,ca-pub-7784034061253020,9,2024-12-01,2024-12-01
bali.tribunnews.com,Page,N/A,N/A,bali.tribunnews.com/2017/05/17/empat-gadis-tangerang-keroyok-siswi-smp-hingga-babak-belur-ditelanjangi-lalu-disundut-rokok,Yes,Ads Disguised as Content,Restricted ad serving,ca-pub-7784034061253020,9,2024-12-01,2024-12-01
bali.tribunnews.com,Page,N/A,N/A,bali.tribunnews.com/2016/08/01/mengintip-kehidupan-alami-di-kampung-bugil-pengunjung-dilarang-menutup-bagian-vitalnya,No,Adult: Sexual content,Restricted ad serving,ca-pub-7784034061253020,9,2024-11-28,2024-12-03
aceh.tribunnews.com,Page,N/A,N/A,aceh.tribunnews.com/2019/08/14/pemeran-video-mesum-3-pria-dan-1-wanita-ditangkap-polisi-sebut-nama-garut-dan-beredar-via-whatsapp,No,Adult: Sexual content,Restricted ad serving,ca-pub-7784034061253020,9,2024-12-01,2024-12-01
www.tribunnews.com,Page,N/A,N/A,www.tribunnews.com/regional/2010/12/13/terpikat-desahan-dan-promosi-pijat-kocok-berakhir-di-bui,No,Adult: Sexual content,Restricted ad serving,ca-pub-7784034061253020,8,2024-12-01,2024-12-01
www.tribunnews.com,Page,N/A,N/A,www.tribunnews.com/nasional/2022/04/24/viral-bocil-umur-2-tahun-pakai-popok-dewasa-orangtua-ceritakan-kisah-dan-alasan-dibaliknya,No,Google-served ads obscuring content,Restricted ad serving,ca-pub-7784034061253020,8,2024-11-29,2024-12-01
www.tribunnews.com,Page,N/A,N/A,www.tribunnews.com/metropolitan/2015/08/01/mahasiswa-jomblo-meremas-payudara-wanita-cantik-karena-tergiur,No,Adult: Sexual content,Restricted ad serving,ca-pub-7784034061253020,8,2024-11-29,2024-12-01
www.tribunnews.com,Page,N/A,N/A,www.tribunnews.com/metropolitan/2015/04/30/istilah-ngejob-isyarat-bersetubuh-dengan-pria-hidung-belang,No,Adult: Sexual content,Restricted ad serving,ca-pub-7784034061253020,8,2024-11-29,2024-12-02
www.tribunnews.com,Page,N/A,N/A,www.tribunnews.com/lifestyle/2017/07/10/pacarmu-yang-pendiam-itu-bisa-jadi-seorang-hiperseks-coba-cocokkan-dengan-ciri-ciri-ini,No,Adult: Sexual content,Restricted ad serving,ca-pub-7784034061253020,8,2024-11-29,2024-12-02
www.tribunnews.com,Page,N/A,N/A,www.tribunnews.com/lifestyle/2015/04/06/tiga-hal-yang-diinginkan-pria-ketika-menggoda-wanita,No,Adult: Sexual content,Restricted ad serving,ca-pub-7784034061253020,8,2024-11-30,2024-12-01
www.tribunnews.com,Page,N/A,N/A,www.tribunnews.com/kesehatan/2013/04/06/inilah-30-lagu-yang-mampu-bangkitkan-hasrat-seks,No,Adult: Sexual content,Restricted ad serving,ca-pub-7784034061253020,8,2024-11-27,2024-12-01
www.tribunnews.com,Page,N/A,N/A,www.tribunnews.com/internasional/2015/12/07/pegang-payudara-artis-porno-jepang-pelan-pelan-ya,No,Adult: Sexual content,Restricted ad serving,ca-pub-7784034061253020,8,2024-11-29,2024-12-01
wartakota.tribunnews.com,Page,N/A,N/A,wartakota.tribunnews.com/2020/05/21/unggah-foto-seksi-dan-viral-tante-ernie-sering-digoda-banyak-pria-yang-sudah-punya-pasangan,Yes,Google-served ads obscuring content;Modified Javascript: Ads by Google size,Restricted ad serving,ca-pub-7784034061253020,8,2024-11-30,2024-12-02
wartakota.tribunnews.com,Page,N/A,N/A,wartakota.tribunnews.com/2014/09/07/ini-penyebab-muka-wanita-aneh-saat-orgasme,No,Google-served ads obscuring content,Restricted ad serving,ca-pub-7784034061253020,8,2024-11-28,2024-12-01
video.tribunnews.com,Page,N/A,N/A,video.tribunnews.com/view/83779/kerangka-wanita-ditemukan-dalam-keadaan-terbakar-di-mojokerto-pelaku-ditangkap,No,Shocking content,Restricted ad serving,ca-pub-7784034061253020,8,2024-12-02,2024-12-02
suryamalang.tribunnews.com,Page,N/A,N/A,suryamalang.tribunnews.com/2019/10/26/gadis-pesanan-tak-perawan-mucikari-akali-dengan-masukkan-pil-ke-organ-intim-pelanggan-ketipu,No,Adult: Sexual content,Restricted ad serving,ca-pub-7784034061253020,8,2024-12-01,2024-12-01
sumsel.tribunnews.com,Page,N/A,N/A,sumsel.tribunnews.com/2015/12/11/film-porno-jepang-saat-adegan-seks-pakai-kondom-atau-tidak,No,Adult: Sexual content,Restricted ad serving,ca-pub-7784034061253020,8,2024-11-27,2024-12-02
style.tribunnews.com,Page,N/A,N/A,style.tribunnews.com/amp/2017/06/24/ingin-tahan-lama-saat-diranjang-cukup-gunakan-ramuan-sawo-mentah-ini-begini-caranya,No,Adult: Sexual content,Restricted ad serving,ca-pub-7784034061253020,8,2024-11-30,2024-12-01
style.tribunnews.com,Page,N/A,N/A,style.tribunnews.com/2019/03/03/cara-melihat-story-atau-status-whatsapp-wa-orang-lain-tanpa-ketahuan-pemiliknya-yuk-kepo?page=3,No,Shocking content,Restricted ad serving,ca-pub-7784034061253020,8,2024-12-02,2024-12-02
style.tribunnews.com,Page,N/A,N/A,style.tribunnews.com/2017/07/03/terungkap-ternyata-ini-loh-alasan-kenapa-payudara-perempuan-bisa-besar-sebelah,No,Adult: Sexual content,Restricted ad serving,ca-pub-7784034061253020,8,2024-12-02,2024-12-02
pekanbaru.tribunnews.com,Page,N/A,N/A,pekanbaru.tribunnews.com/2021/12/22/inilah-seleb-bigo-yang-kerap-tampil-seksi-super-menggoda-dirampok-dan-ditikam-teman-sendiri,Yes,Ads Disguised as Content,Restricted ad serving,ca-pub-7784034061253020,8,2024-11-28,2024-12-02
pekanbaru.tribunnews.com,Page,N/A,N/A,pekanbaru.tribunnews.com/2017/08/06/aika-pemeran-film-dewasa-jepang-ini-akhirnya-bergabung-dengan-klub-deliheru,No,Adult: Sexual content,Restricted ad serving,ca-pub-7784034061253020,8,2024-11-30,2024-12-02
palu.tribunnews.com,Page,N/A,N/A,palu.tribunnews.com/2021/09/02/tak-hanya-bareng-nobu-ini-5-video-gisel-viral-di-tiktok-ada-pakai-baju-hijau-lebih-19-detik,Yes,Ads Disguised as Content,Restricted ad serving,ca-pub-7784034061253020,8,2024-11-29,2024-12-01
palembang.tribunnews.com,Page,N/A,N/A,palembang.tribunnews.com/2015/04/17/pria-di-china-pilih-berselingkuh-dengan-boneka-seks,No,Adult: Sexual content,Restricted ad serving,ca-pub-7784034061253020,8,2024-12-01,2024-12-02
palembang.tribunnews.com,Page,N/A,N/A,palembang.tribunnews.com/2014/08/10/obat-kuat-dan-perangsang-dijual-bebas-di-baturaja-oku,No,Adult: Sexual content,Restricted ad serving,ca-pub-7784034061253020,8,2024-11-28,2024-12-02
medan.tribunnews.com,Page,N/A,N/A,medan.tribunnews.com/2021/12/29/artis-cantik-ini-banting-setir-jadi-bintang-film-dewasa-hingga-buka-bukaan-soal-honor-per-film,Yes,Ads Disguised as Content,Restricted ad serving,ca-pub-7784034061253020,8,2024-12-02,2024-12-02
medan.tribunnews.com,Page,N/A,N/A,medan.tribunnews.com/2020/07/06/terbaru-viral-video-selingkuh-di-hotel-grand-inna-medan-suami-dan-wanita-pelakor-ditahan-polisi,Yes,Google-served ads on screens without publisher-content,Restricted ad serving,ca-pub-7784034061253020,8,2024-11-30,2024-12-02
manado.tribunnews.com,Page,N/A,N/A,manado.tribunnews.com/2019/09/19/viral-foto-dan-video-durasi-2-menit-adegan-tak-senonoh-wanita-yang-diduga-asn-ini-tanggapan-pemprov,No,Adult: Sexual content,Restricted ad serving,ca-pub-7784034061253020,8,2024-12-02,2024-12-02
manado.tribunnews.com,Page,N/A,N/A,manado.tribunnews.com/2017/08/29/gerak-tangan-nakal-sawer-duit-ke-gadis-gadis-terekam-kamera-hotman-paris-porno,Yes,Site Behavior: Navigation,Restricted ad serving,ca-pub-7784034061253020,8,2024-12-02,2024-12-02
makassar.tribunnews.com,Page,N/A,N/A,makassar.tribunnews.com/2017/11/08/viral-belum-kelar-skandal-hanna-annisa-muncul-video-hot-guru-di-ruang-kelas-tonton-di-sini,No,Adult: Sexual content,Restricted ad serving,ca-pub-7784034061253020,8,2024-12-02,2024-12-02
m.tribunnews.com,Page,N/A,N/A,m.tribunnews.com/techno/2017/01/04/viral-di-facebook-dikado-alat-bantu-wanita-ini-ucap-syukur-dan-mengira-itu-microphone,No,Adult: Sexual content,Restricted ad serving,ca-pub-7784034061253020,8,2024-12-02,2024-12-02
m.tribunnews.com,Page,N/A,N/A,m.tribunnews.com/seleb/2017/10/11/ratu-azalia-tegasan-isap-vape-itu-aman,No,Tobacco,Restricted ad serving,ca-pub-7784034061253020,8,2024-12-02,2024-12-02
m.tribunnews.com,Page,N/A,N/A,m.tribunnews.com/regional/2020/12/17/berawal-dari-cekcok-mulut-pria-di-gunungsindur-tewas-bersimbah-darah-dibacok-ayah-dan-anak,No,Shocking content,Restricted ad serving,ca-pub-7784034061253020,8,2024-12-02,2024-12-02
m.tribunnews.com,Page,N/A,N/A,m.tribunnews.com/regional/2019/08/14/video-seks-satu-perempuan-tiga-laki-laki-juga-ramai-di-bandung-asli-garut-atau-bukan,No,Adult: Sexual content,Restricted ad serving,ca-pub-7784034061253020,8,2024-12-02,2024-12-02
m.tribunnews.com,Page,N/A,N/A,m.tribunnews.com/regional/2016/05/04/sex-toy-buatan-luar-negeri-tiap-minggu-masuk-bandung,No,Adult: Sexual content,Restricted ad serving,ca-pub-7784034061253020,8,2024-12-02,2024-12-02
m.tribunnews.com,Page,N/A,N/A,m.tribunnews.com/regional/2012/09/12/heboh-video-cewek-sedang-mandi,No,Adult: Sexual content,Restricted ad serving,ca-pub-7784034061253020,8,2024-12-02,2024-12-02
m.tribunnews.com,Page,N/A,N/A,m.tribunnews.com/internasional/2017/07/19/bermasturbasi-dengan-memasukkan-belut-ke-kemaluan-perempuan-di-china-ini-nyaris-kehilangan-nyawa,No,Adult: Sexual content;Shocking content,Restricted ad serving,ca-pub-7784034061253020,8,2024-12-02,2024-12-02
lampung.tribunnews.com,Page,N/A,N/A,lampung.tribunnews.com/2017/11/27/pura-pura-berendam-di-air-ternyata-pasangan-kekasih-ini-sedang-begituan,Yes,Ads Disguised as Content,Restricted ad serving,ca-pub-7784034061253020,8,2024-12-02,2024-12-02
lampung.tribunnews.com,Page,N/A,N/A,lampung.tribunnews.com/2017/11/27/ini-5-tips-buat-istri-agar-dapat-kepuasan-dari-suami-di-ranjang,No,Adult: Sexual content,Restricted ad serving,ca-pub-7784034061253020,8,2024-12-01,2024-12-01
kupang.tribunnews.com,Page,N/A,N/A,kupang.tribunnews.com/2019/12/06/edan-ibu-guru-cantik-berhubungan-badan-dengan-5-siswanya-video-mesumnya-beredar-di-situs-dewasa,No,Adult: Sexual content,Restricted ad serving,ca-pub-7784034061253020,8,2024-11-30,2024-12-01
kupang.tribunnews.com,Page,N/A,N/A,kupang.tribunnews.com/2018/02/05/bikin-heboh-polwan-seksi-nan-cantik-kepergok-mandi-telanjang-bersama-polisi-pria-di-asrama,No,Adult: Sexual content,Restricted ad serving,ca-pub-7784034061253020,8,2024-12-01,2024-12-01
kupang.tribunnews.com,Page,N/A,N/A,kupang.tribunnews.com/2017/10/24/lokalisasi-ini-patok-tarif-rp-12-juta-per-satu-jam-namun-hal-tak-terduga-ini-yang-akan-anda-temui,No,Adult: Sexual content,Restricted ad serving,ca-pub-7784034061253020,8,2024-12-02,2024-12-02
jatim.tribunnews.com,Page,N/A,N/A,jatim.tribunnews.com/2021/05/31/ternyata-siswi-smp-yang-video-nyaris-bugil-hingga-viral-ketagihan-seks-seminggu-bisa-5-pria-berbeda,Yes,Ads Disguised as Content,Restricted ad serving,ca-pub-7784034061253020,8,2024-12-02,2024-12-02
jateng.tribunnews.com,Page,N/A,N/A,jateng.tribunnews.com/2018/01/22/breaking-news-ditemukan-mayat-perempuan-cantik-telanjang-mulut-dibekap,No,Shocking content,Restricted ad serving,ca-pub-7784034061253020,8,2024-12-02,2024-12-02
jambi.tribunnews.com,Page,N/A,N/A,jambi.tribunnews.com/kesehatan/seks,No,Adult: Sexual content;Shocking content,Restricted ad serving,ca-pub-7784034061253020,8,2024-12-02,2024-12-02
jambi.tribunnews.com,Page,N/A,N/A,jambi.tribunnews.com/2020/07/13/pengakuan-eks-asisten-baim-wong-sering-lihat-nikita-mirzani-telanjang-ayu-ting-ting-langsung-syok,Yes,Ads Disguised as Content,Restricted ad serving,ca-pub-7784034061253020,8,2024-12-02,2024-12-02
jambi.tribunnews.com,Page,N/A,N/A,jambi.tribunnews.com/2017/08/14/pengungsi-pria-jatuh-ke-tangan-tante-girang-ini-kisah-hassan-4-kali-sehari-harus-melayani,No,Adult: Sexual content,Restricted ad serving,ca-pub-7784034061253020,8,2024-11-30,2024-12-01
belitung.tribunnews.com,Page,N/A,N/A,belitung.tribunnews.com/2016/03/26/video-kisah-pria-kesepian-ibu-kota-dan-boneka-seksnya,No,Adult: Sexual content,Restricted ad serving,ca-pub-7784034061253020,8,2024-11-27,2024-12-03
banjarmasin.tribunnews.com,Page,N/A,N/A,banjarmasin.tribunnews.com/2014/12/15/alat-pijat-dari-jepang-ini-diklaim-bisa-besarkan-payudara,No,Adult: Sexual content,Restricted ad serving,ca-pub-7784034061253020,8,2024-11-28,2024-12-01
bangka.tribunnews.com,Page,N/A,N/A,bangka.tribunnews.com/epaper/,Yes,Google-served ads interfering with content or user interactions,Disabled ad serving,ca-pub-7784034061253020,8,2024-12-01,2024-12-02
bangka.tribunnews.com,Page,N/A,N/A,bangka.tribunnews.com/2022/01/10/beraninya-dianna-dee-goyang-di-atas-kasur-pakai-baju-malam-ada-yang-bilang-begini,No,Adult: Sexual content,Restricted ad serving,ca-pub-7784034061253020,8,2024-12-02,2024-12-02
bangka.tribunnews.com,Page,N/A,N/A,bangka.tribunnews.com/2020/07/11/abg-rayakan-ulang-tahun-bawa-obat-kuat-untuk-pesta-seks-di-kamar-hotel,No,Google-served ads obscuring content,Restricted ad serving,ca-pub-7784034061253020,8,2024-12-02,2024-12-02
bangka.tribunnews.com,Page,N/A,N/A,bangka.tribunnews.com/2020/01/07/awalnya-cuma-akting-5-artis-cantik-ini-menikmati-adegan-hubungan-intim-saat-beradegan-di-film,No,Adult: Sexual content,Restricted ad serving,ca-pub-7784034061253020,8,2024-12-02,2024-12-02
bangka.tribunnews.com,Page,N/A,N/A,bangka.tribunnews.com/2017/09/01/miyabi-ajak-pacar-barunya-ke-jepang-meski-sudah-tobat-dia-takut-ditinggal,Yes,Site Behavior: Navigation,Restricted ad serving,ca-pub-7784034061253020,8,2024-12-02,2024-12-02
bangka.tribunnews.com,Page,N/A,N/A,bangka.tribunnews.com/2017/02/11/mengerikan-wanita-ini-ditelanjangi-diarak-keliling-kampung-setelah-ketahuan-selingkuhi-suami-orang,No,Adult: Sexual content,Restricted ad serving,ca-pub-7784034061253020,8,2024-12-02,2024-12-02
bangka.tribunnews.com,Page,N/A,N/A,bangka.tribunnews.com/2016/08/28/pasangan-ini-gunakan-mentimun-saat-berhubungan-intim-akibatnya-fatal-si-wanita-meninggal-dunia,No,Adult: Sexual content,Restricted ad serving,ca-pub-7784034061253020,8,2024-12-02,2024-12-02
bali.tribunnews.com,Page,N/A,N/A,bali.tribunnews.com/2017/03/29/video-aron-ashab-jilat-jilat-cewek-5-foto-aron-ashab-ini-juga-dihujat-habis-habisan-netizen,No,Adult: Sexual content,Restricted ad serving,ca-pub-7784034061253020,8,2024-12-02,2024-12-02
bali.tribunnews.com,Page,N/A,N/A,bali.tribunnews.com/2017/02/16/video-sang-suami-panik-ketika-istri-yang-sedang-hamil-tiba-tiba-lakukan-ini-di-ranjang,Yes,Site Behavior: Navigation,Restricted ad serving,ca-pub-7784034061253020,8,2024-12-01,2024-12-03
bali.tribunnews.com,Page,N/A,N/A,bali.tribunnews.com/2016/11/11/lima-tahun-dikubur-jasad-psk-ini-masih-utuh-dan-wangi-dikubur-layak-binatang,No,Shocking content,Restricted ad serving,ca-pub-7784034061253020,8,2024-12-01,2024-12-01
aceh.tribunnews.com,Page,N/A,N/A,aceh.tribunnews.com/2022/08/10/suami-istri-di-bali-buat-video-syur-selama-2-tahun-adegan-direkam-dan-dijual-puluhan-juta,No,Google-served ads obscuring content,Restricted ad serving,ca-pub-7784034061253020,8,2024-11-29,2024-12-01
www.tribunnews.com,Page,N/A,N/A,www.tribunnews.com/regional/2022/07/25/update-kasus-mutilasi-di-ungaran-polisi-temukan-kepala-korban-di-sungai-samping-cimory-semarang,Yes,Ads Disguised as Content,Restricted ad serving,ca-pub-7784034061253020,7,2024-11-30,2024-12-01
www.tribunnews.com,Page,N/A,N/A,www.tribunnews.com/regional/2020/07/10/37-pasangan-remaja-diduga-pesta-seks-di-hotel-jambi-ada-kamar-berisi-1-perempuan-6-laki-laki,No,Shocking content,Restricted ad serving,ca-pub-7784034061253020,7,2024-11-28,2024-12-02
www.tribunnews.com,Page,N/A,N/A,www.tribunnews.com/regional/2013/12/22/abg-pecinta-sejenis-bisa-dicari-di-facebook-twitter-dan-bbm,No,Adult: Sexual content,Restricted ad serving,ca-pub-7784034061253020,7,2024-12-01,2024-12-01
www.tribunnews.com,Page,N/A,N/A,www.tribunnews.com/internasional/2017/12/03/boneka-seks-tercanggih-saat-ini-sekilas-mirip-wanita-seksi-tutur-bahasa-lembut-dan-pencemburu,No,Adult: Sexual content,Restricted ad serving,ca-pub-7784034061253020,7,2024-11-27,2024-12-02
www.tribunnews.com,Page,N/A,N/A,www.tribunnews.com/internasional/2017/09/29/ingin-jadi-orang-kuat-pria-ini-bersetubuh-dengan-keledai,No,Adult: Sexual content,Restricted ad serving,ca-pub-7784034061253020,7,2024-11-27,2024-12-02
www.tribunnews.com,Page,N/A,N/A,www.tribunnews.com/internasional/2016/11/08/payudaranya-tercantik-di-jepang-bersedia-menyusui-anaknya-kalau-lahir-nanti,No,Adult: Sexual content,Restricted ad serving,ca-pub-7784034061253020,7,2024-11-30,2024-12-02
www.tribunnews.com,Page,N/A,N/A,www.tribunnews.com/internasional/2016/06/14/pameran-erotopia-jepang-pameran-dewasa-sekitar-seks-wanita-dan-love-hotel,No,Adult: Sexual content,Restricted ad serving,ca-pub-7784034061253020,7,2024-12-02,2024-12-02
www.tribunnews.com,Page,N/A,N/A,www.tribunnews.com/internasional/2012/11/27/wanita-jepang-bayar-gigolo-di-bali-rp-11-juta-sekali-bercinta,No,Adult: Sexual content,Restricted ad serving,ca-pub-7784034061253020,7,2024-11-27,2024-12-02
wartakota.tribunnews.com,Page,N/A,N/A,wartakota.tribunnews.com/2020/09/13/chris-evans-trending-diduga-karena-tak-sengaja-perlihatkan-alat-kelamin-hingga-jadi-pergunjingan,Yes,Google-served ads obscuring content;Modified Javascript: Ads by Google size,Restricted ad serving,ca-pub-7784034061253020,7,2024-11-29,2024-12-02
wartakota.tribunnews.com,Page,N/A,N/A,wartakota.tribunnews.com/2018/01/08/isteri-terpuaskan-permainan-seks-suami-padahal-dia-tahu-suaminya-begini,No,Adult: Sexual content,Restricted ad serving,ca-pub-7784034061253020,7,2024-11-29,2024-12-02
wartakota.tribunnews.com,Page,N/A,N/A,wartakota.tribunnews.com/2015/09/27/semakin-tua-wanita-sangat-menikmati-hubungan-intim,No,Adult: Sexual content,Restricted ad serving,ca-pub-7784034061253020,7,2024-12-01,2024-12-01
wartakota.tribunnews.com,Page,N/A,N/A,wartakota.tribunnews.com/2014/05/23/klitoris-ternyata-penentu-perangsang-orgasme-perempuan-bukan-g-spot,No,Adult: Sexual content,Restricted ad serving,ca-pub-7784034061253020,7,2024-11-29,2024-12-02
wartakota.tribunnews.com,Page,N/A,N/A,wartakota.tribunnews.com/2012/12/22/pekerjaan-pria-ini-melintir-puting-payudara-selebritis,No,Adult: Sexual content,Restricted ad serving,ca-pub-7784034061253020,7,2024-11-28,2024-12-03
style.tribunnews.com,Page,N/A,N/A,style.tribunnews.com/2017/03/09/beredar-foto-wanita-hanya-pakai-celana-dalam-peragakan-gerakan-salat,No,Adult: Sexual content,Restricted ad serving,ca-pub-7784034061253020,7,2024-12-02,2024-12-02
style.tribunnews.com,Page,N/A,N/A,style.tribunnews.com/2016/09/02/selebgram-dunia-terseksi-5-model-instagram-ini-dijamin-bikin-mata-kamu-nggak-berkedip?page=1,Yes,Site Behavior: Navigation,Restricted ad serving,ca-pub-7784034061253020,7,2024-12-02,2024-12-02
pontianak.tribunnews.com,Page,N/A,N/A,pontianak.tribunnews.com/2016/06/24/terjebak-perempuan-jepang-terpaksa-tampil-di-film-porno,No,Adult: Sexual content,Restricted ad serving,ca-pub-7784034061253020,7,2024-12-01,2024-12-02
pekanbaru.tribunnews.com,Page,N/A,N/A,pekanbaru.tribunnews.com/2023/09/09/nonton-film-nymphomaniac-vol-1-sub-indo-ada-juga-link-nonton-film-nymphomaniac-vol-2?page=2,No,Google-served ads obscuring content,Restricted ad serving,ca-pub-7784034061253020,7,2024-12-02,2024-12-02
palembang.tribunnews.com,Page,N/A,N/A,palembang.tribunnews.com/2017/06/24/bolehkan-melakukan-oral-seks-pada-suami-istri-secara-islam-ternyata-ini-penjelasan-detilnya,No,Adult: Sexual content,Restricted ad serving,ca-pub-7784034061253020,7,2024-12-01,2024-12-01
palembang.tribunnews.com,Page,N/A,N/A,palembang.tribunnews.com/2017/05/02/videoaksi-nakal-pamela-duo-srigala-angkat-tangan-dan-pegang-mic-uppp-itunya-nongol,No,Adult: Sexual content,Restricted ad serving,ca-pub-7784034061253020,7,2024-12-02,2024-12-02
makassar.tribunnews.com,Page,N/A,N/A,makassar.tribunnews.com/2019/07/19/pelajar-sma-di-blitar-sewa-rumah-untuk-pesta-seks-ditemukan-banyak-kondom-tisu-cek-kronologinya,No,Adult: Sexual content,Restricted ad serving,ca-pub-7784034061253020,7,2024-11-28,2024-12-02
madura.tribunnews.com,Page,N/A,N/A,madura.tribunnews.com/2019/07/30/hubungan-inses-kakak-adik-kandung-di-luwu-selain-nafsu-masalah-kejantanan-dan-film-porno-sebabnya,No,Adult: Sexual content,Restricted ad serving,ca-pub-7784034061253020,7,2024-12-01,2024-12-02
m.tribunnews.com,Page,N/A,N/A,m.tribunnews.com/tag/obat-perangsang,No,Adult: Sexual content,Restricted ad serving,ca-pub-7784034061253020,7,2024-11-30,2024-12-01
m.tribunnews.com,Page,N/A,N/A,m.tribunnews.com/tag/gresik?page=2,No,Shocking content,Restricted ad serving,ca-pub-7784034061253020,7,2024-12-02,2024-12-02
m.tribunnews.com,Page,N/A,N/A,m.tribunnews.com/amp/internasional/2019/05/22/kakek-sugiono-pemain-film-bokep-sangat-terkenal-jepang-kirim-salam-buat-pecinta-indonesia,No,Adult: Sexual content,Restricted ad serving,ca-pub-7784034061253020,7,2024-11-30,2024-12-02
lampung.tribunnews.com,Page,N/A,N/A,lampung.tribunnews.com/2018/05/21/6-tanda-pasangan-pernah-berhubungan-intim-dengan-pria-lain-suami-mesti-waspada,No,Adult: Sexual content,Restricted ad serving,ca-pub-7784034061253020,7,2024-12-02,2024-12-02
jogja.tribunnews.com,Page,N/A,N/A,jogja.tribunnews.com/2017/10/18/viral-remaja-ini-dibully-setelah-unggah-foto-selfie-wajah-penuh-cairan-kental,No,Adult: Sexual content,Restricted ad serving,ca-pub-7784034061253020,7,2024-12-02,2024-12-02
jatim.tribunnews.com,Page,N/A,N/A,jatim.tribunnews.com/2018/06/22/4-fakta-video-panas-disebut-mirip-aura-kasih-yang-diberi-judul-viral-ini-tanggapan-pakar,Yes,Ads Disguised as Content,Restricted ad serving,ca-pub-7784034061253020,7,2024-11-29,2024-12-02
jateng.tribunnews.com,Page,N/A,N/A,jateng.tribunnews.com/2018/01/11/fakta-terbaru-dari-kasus-video-mesum-tante-vs-keponakan-bikin-geleng-geleng-kepala,No,Adult: Sexual content;Shocking content,Restricted ad serving,ca-pub-7784034061253020,7,2024-11-27,2024-12-01
jateng.tribunnews.com,Page,N/A,N/A,jateng.tribunnews.com/2013/06/09/om-om-suka-layanan-plus,No,Adult: Sexual content,Restricted ad serving,ca-pub-7784034061253020,7,2024-11-29,2024-12-01
jambi.tribunnews.com,Page,N/A,N/A,jambi.tribunnews.com/2016/10/12/ukuran-tujuh-cm-saat-ereksi-tergolong-normal,No,Adult: Sexual content,Restricted ad serving,ca-pub-7784034061253020,7,2024-12-01,2024-12-01
health.tribunnews.com,Page,N/A,N/A,health.tribunnews.com/2024/04/13/gancet-fenomena-medis-atau-mistis,No,Adult: Sexual content,Restricted ad serving,ca-pub-7784034061253020,7,2024-12-02,2024-12-02
belitung.tribunnews.com,Page,N/A,N/A,belitung.tribunnews.com/2017/11/24/sejak-usia-17-tahun-cewek-ini-kecanduan-intim-bareng-pria,No,Adult: Sexual content,Restricted ad serving,ca-pub-7784034061253020,7,2024-11-30,2024-12-01
batam.tribunnews.com,Page,N/A,N/A,batam.tribunnews.com/2019/09/07/siswi-sma-dihajar-habis-habisan-oleh-siswa-cowok-di-kelas-luka-luka-hingga-tak-sadarkan-diri,Yes,Ads Disguised as Content,Restricted ad serving,ca-pub-7784034061253020,7,2024-12-02,2024-12-02
banjarmasin.tribunnews.com,Page,N/A,N/A,banjarmasin.tribunnews.com/2019/12/24/heboh-video-syur-mirip-cupi-cupita-yang-beredar-viral-senasib-gisella-anastasia-nagita-slavina,Yes,Ads Disguised as Content,Restricted ad serving,ca-pub-7784034061253020,7,2024-11-29,2024-12-02
banjarmasin.tribunnews.com,Page,N/A,N/A,banjarmasin.tribunnews.com/2015/02/14/bredar-video-gadis-indonesia-jalan-telanjang-bulat-di-malaysia,No,Adult: Sexual content,Restricted ad serving,ca-pub-7784034061253020,7,2024-12-02,2024-12-02
bangka.tribunnews.com,Page,N/A,N/A,bangka.tribunnews.com/2017/09/30/edan-pemuda-ini-setubuhi-keledai-sebagai-obat-kuat,Yes,Google-served ads obscuring content;Modified Javascript: Ads by Google size,Restricted ad serving,ca-pub-7784034061253020,7,2024-12-01,2024-12-01
bangka.tribunnews.com,Page,N/A,N/A,bangka.tribunnews.com/2017/08/02/sebelum-terjun-di-industri-film-dewasa-para-wanita-cantik-ini-dulu-kerjanya,No,Adult: Sexual content,Restricted ad serving,ca-pub-7784034061253020,7,2024-12-02,2024-12-02
bangka.tribunnews.com,Page,N/A,N/A,bangka.tribunnews.com/2017/07/26/ramuan-khusus-ini-diminum-para-raja-jawa-zaman-dulu-supaya-kuat-bercinta,No,Adult: Sexual content,Restricted ad serving,ca-pub-7784034061253020,7,2024-12-02,2024-12-02
bangka.tribunnews.com,Page,N/A,N/A,bangka.tribunnews.com/2017/01/20/gila-hebohnya-kalau-dua-lesbian-lagi-beradegan-ranjang-dw-lihat-keduanya-pakai-kelamin-palsu,No,Adult: Sexual content,Restricted ad serving,ca-pub-7784034061253020,7,2024-12-01,2024-12-02
bali.tribunnews.com,Page,N/A,N/A,bali.tribunnews.com/2019/07/24/tolak-diajak-berhubungan-badan-kekasih-sebar-video-siswi-smk-yang-nyaris-tanpa-busana,No,Adult: Sexual content,Restricted ad serving,ca-pub-7784034061253020,7,2024-11-27,2024-12-01
bali.tribunnews.com,Page,N/A,N/A,bali.tribunnews.com/2019/02/27/darah-belut-bikin-psk-ini-selalu-virgin-dan-ditarif-rp-20-juta-setelah-diciduk-fakta-ini-terungkap,No,Adult: Sexual content,Restricted ad serving,ca-pub-7784034061253020,7,2024-12-01,2024-12-01
bali.tribunnews.com,Page,N/A,N/A,bali.tribunnews.com/2018/02/08/gunakan-warna-pakaian-dalam-berikut-dijamin-akan-membuat-suami-betah-di-rumah,No,Adult: Sexual content,Restricted ad serving,ca-pub-7784034061253020,7,2024-12-02,2024-12-02
bali.tribunnews.com,Page,N/A,N/A,bali.tribunnews.com/2016/04/15/astagaaa-tarif-di-tempat-spa-ini-blowjob-rp-200-ribu-dan-oral-seks-rp-300-ribu,No,Adult: Sexual content,Restricted ad serving,ca-pub-7784034061253020,7,2024-11-29,2024-12-02
aceh.tribunnews.com,Page,N/A,N/A,aceh.tribunnews.com/2019/09/10/cewek-naik-motor-tanpa-busana-hebohkan-media-sosial-fakta-sebenarnya-memilukan,No,Adult: Sexual content,Restricted ad serving,ca-pub-7784034061253020,7,2024-11-27,2024-12-02
www.tribunnews.com,Page,N/A,N/A,www.tribunnews.com/regional/2018/08/08/6-fakta-pembunuhan-ferin-anjani-dibakar-saat-masih-bernapas-ada-wanita-lain-jadi-korban,No,Shocking content,Restricted ad serving,ca-pub-7784034061253020,6,2024-11-28,2024-12-02
www.tribunnews.com,Page,N/A,N/A,www.tribunnews.com/regional/2018/07/04/terjaring-razia-satpol-pp-di-hotel-pasangan-abg-ini-mengaku-terpaksa-menginap,No,Adult: Sexual content,Restricted ad serving,ca-pub-7784034061253020,6,2024-11-29,2024-12-02
www.tribunnews.com,Page,N/A,N/A,www.tribunnews.com/regional/2018/03/19/menelisik-kehidupan-wanita-malam-di-puncak-bogor-berbaur-agar-profesinya-tak-dicurigai-warga,No,Shocking content,Restricted ad serving,ca-pub-7784034061253020,6,2024-11-30,2024-12-02
www.tribunnews.com,Page,N/A,N/A,www.tribunnews.com/parapuan/2022/06/14/dianggap-sekadar-sajikan-cerita-pengalaman-video-sex-education-youtube-viral-di-twitter,Yes,Ads Disguised as Content,Restricted ad serving,ca-pub-7784034061253020,6,2024-11-29,2024-12-02
www.tribunnews.com,Page,N/A,N/A,www.tribunnews.com/metropolitan/2019/09/20/ada-kondom-bekas-berceceran-taman-tubagus-angke-jadi-tempat-mangkal-psk-mencari-mangsa,No,Adult: Sexual content,Restricted ad serving,ca-pub-7784034061253020,6,2024-11-28,2024-12-03
www.tribunnews.com,Page,N/A,N/A,www.tribunnews.com/lifestyle/2017/09/04/inilah-7-bentuk-dan-warna-puting-payudara-masing-masing-punya-arti-berbeda,No,Adult: Sexual content,Restricted ad serving,ca-pub-7784034061253020,6,2024-11-27,2024-12-03
www.tribunnews.com,Page,N/A,N/A,www.tribunnews.com/lifestyle/2014/08/14/efek-jika-dibelai-belai-oleh-si-dia-yang-terkasihi,No,Adult: Sexual content,Restricted ad serving,ca-pub-7784034061253020,6,2024-12-01,2024-12-01
www.tribunnews.com,Page,N/A,N/A,www.tribunnews.com/kesehatan/2016/07/16/mengenali-4-ciri-suami-yang-jago-memuaskan-istri-di-ranjang,No,Adult: Sexual content,Restricted ad serving,ca-pub-7784034061253020,6,2024-12-01,2024-12-01
www.tribunnews.com,Page,N/A,N/A,www.tribunnews.com/kesehatan/2016/01/10/memasukkan-buah-dan-sayuran-dalam-organ-vital-ide-konyol-yang-bikin-vagina-sedih,No,Adult: Sexual content,Restricted ad serving,ca-pub-7784034061253020,6,2024-11-28,2024-12-02
www.tribunnews.com,Page,N/A,N/A,www.tribunnews.com/kesehatan/2010/04/07/berbahayakan-melakukan-oral-sex-dengan-psk,No,Adult: Sexual content,Restricted ad serving,ca-pub-7784034061253020,6,2024-11-27,2024-12-03
www.tribunnews.com,Page,N/A,N/A,www.tribunnews.com/internasional/2017/09/20/berita-foto-boneka-seks-di-china-disewakan-rp-600-sehari-warga-rebutan,No,Adult: Sexual content,Restricted ad serving,ca-pub-7784034061253020,6,2024-11-27,2024-12-02
www.tribunnews.com,Page,N/A,N/A,www.tribunnews.com/internasional/2012/11/04/masturbasi-tujuh-kali-sehari-pemuda-ini-butuh-pertolongan,No,Adult: Sexual content,Restricted ad serving,ca-pub-7784034061253020,6,2024-12-02,2024-12-02
wartakota.tribunnews.com,Page,N/A,N/A,wartakota.tribunnews.com/2019/11/20/mia-khalifa-ngaku-dijebak-masuk-industri-film-dewasa-hanya-3-bulan-namun-masih-pencarian-tertinggi,No,Adult: Sexual content,Restricted ad serving,ca-pub-7784034061253020,6,2024-11-30,2024-12-01
wartakota.tribunnews.com,Page,N/A,N/A,wartakota.tribunnews.com/2017/06/05/wanita-bugil-yang-viral-di-medsos-menangis-usai-belanja-di-apotek,Yes,Site Behavior: Navigation,Restricted ad serving,ca-pub-7784034061253020,6,2024-12-02,2024-12-02
wartakota.tribunnews.com,Page,N/A,N/A,wartakota.tribunnews.com/2014/05/15/karaoke-dan-salon-plus-menjamur-di-pasar-rumput-manggarai-jaksel,No,Adult: Sexual content,Restricted ad serving,ca-pub-7784034061253020,6,2024-11-28,2024-12-02
suryamalang.tribunnews.com,Page,N/A,N/A,suryamalang.tribunnews.com/2021/05/25/foto-viral-karyawan-tikam-atasan-karena-kesal-sering-diomeli-duduk-sambil-minum-setelah-membunuh,No,Shocking content,Restricted ad serving,ca-pub-7784034061253020,6,2024-12-01,2024-12-01
suryamalang.tribunnews.com,Page,N/A,N/A,suryamalang.tribunnews.com/2021/03/19/6-foto-amanda-manopo-pamer-paha-mulus-jadi-sorotan-lihat-pesona-seksi-andin-ikatan-cinta,Yes,Encouraging accidental clicks: Layout;Google-served ads obscuring content,Restricted ad serving,ca-pub-7784034061253020,6,2024-11-29,2024-12-01
suryamalang.tribunnews.com,Page,N/A,N/A,suryamalang.tribunnews.com/2017/07/27/video-boneka-pemuas-nafsu-ini-cocok-untuk-pria-jomblo-ngenes-bisa-diajak-ngobrol-dan,No,Adult: Sexual content,Restricted ad serving,ca-pub-7784034061253020,6,2024-11-27,2024-12-02
suryamalang.tribunnews.com,Page,N/A,N/A,suryamalang.tribunnews.com/2017/04/24/pengobatan-macam-apa-pria-ini-katanya-bisa-sembuhkan-berbagai-penyakit-dengan-pijat-payudara-wanita,No,Adult: Sexual content,Restricted ad serving,ca-pub-7784034061253020,6,2024-11-28,2024-12-02
suryamalang.tribunnews.com,Page,N/A,N/A,suryamalang.tribunnews.com/2015/09/09/sudah-dua-kali-bercinta-pacarnya-ternyata-cewek-pakai-penis-palsu,No,Adult: Sexual content,Restricted ad serving,ca-pub-7784034061253020,6,2024-11-28,2024-12-01
surabaya.tribunnews.com,Page,N/A,N/A,surabaya.tribunnews.com/topic/berita-surabaya?page=2,No,Adult: Sexual content,Restricted ad serving,ca-pub-7784034061253020,6,2024-12-01,2024-12-01
surabaya.tribunnews.com,Page,N/A,N/A,surabaya.tribunnews.com/2017/11/17/wanita-ini-siang-kerja-sebagai-karyawati-malamnya-nyambi-jadi-psk-ternyata-segini-tarifnya,No,Adult: Sexual content,Restricted ad serving,ca-pub-7784034061253020,6,2024-12-01,2024-12-01
surabaya.tribunnews.com,Page,N/A,N/A,surabaya.tribunnews.com/2017/06/07/demi-rangsangan-seksual-pria-ini-memasukkan-gelas-ke-dalam-anus-dan-terjadi-kehebohan-ini,No,Shocking content,Restricted ad serving,ca-pub-7784034061253020,6,2024-12-02,2024-12-02
sumsel.tribunnews.com,Page,N/A,N/A,sumsel.tribunnews.com/2017/11/06/heboh-gif-porno-di-whatsapp-jangan-panik-ini-cara-menonaktifkannya,No,Adult: Sexual content,Restricted ad serving,ca-pub-7784034061253020,6,2024-12-01,2024-12-02
sultra.tribunnews.com,Page,N/A,N/A,sultra.tribunnews.com/2022/11/15/7-judul-video-milik-icha-ceeby-dan-aro-selain-kebaya-merah-termasuk-tiga-lawan-satu-bersama-cz,Yes,Ads Disguised as Content,Restricted ad serving,ca-pub-7784034061253020,6,2024-12-02,2024-12-02
style.tribunnews.com,Page,N/A,N/A,style.tribunnews.com/2017/08/23/kenakan-pakaian-bagian-dadanya-terbuka-saat-foto-bareng-albany-ray-sarah-azhari-tuai-pro-kontra,Yes,Site Behavior: Navigation,Restricted ad serving,ca-pub-7784034061253020,6,2024-12-01,2024-12-01
style.tribunnews.com,Page,N/A,N/A,style.tribunnews.com/2016/09/06/mantan-model-majalah-dewasa-deretan-artis-ini-pernah-tampil-di-fhm-siap-siap-terkejut?page=5,Yes,Site Behavior: Navigation,Restricted ad serving,ca-pub-7784034061253020,6,2024-12-01,2024-12-01
pontianak.tribunnews.com,Page,N/A,N/A,pontianak.tribunnews.com/2022/01/15/usung-konsep-muslimah-woman-only-azqiara-klinik-cantik-muslimah-hadir-di-kota-pontianak,No,Content obscuring Google-served ads,Restricted ad serving,ca-pub-7784034061253020,6,2024-11-28,2024-12-02
palembang.tribunnews.com,Page,N/A,N/A,palembang.tribunnews.com/2017/11/11/saat-main-kuda-kudaan-dengan-mantan-pacar-di-kamar-hotel-wanita-ini-digerebek-suaminya,No,Adult: Sexual content,Restricted ad serving,ca-pub-7784034061253020,6,2024-12-01,2024-12-01
medan.tribunnews.com,Page,N/A,N/A,medan.tribunnews.com/2023/09/23/curiga-keponakannya-kerap-pakai-baju-seksi-di-rumah-wanita-ini-syok-tahu-suaminya-5-kali-selingkuh,No,Google-served ads obscuring content,Restricted ad serving,ca-pub-7784034061253020,6,2024-12-03,2024-12-03
medan.tribunnews.com,Page,N/A,N/A,medan.tribunnews.com/2022/11/14/kronologi-benni-sitanggang-36-tikam-ricardo-sihotang-37-hingga-tewas-hal-sepele-hilang-nyawa,No,Shocking content,Restricted ad serving,ca-pub-7784034061253020,6,2024-12-02,2024-12-02
manado.tribunnews.com,Page,N/A,N/A,manado.tribunnews.com/2019/07/16/begini-kuat-dan-vulgar-nafsu-seks-wanita-berbulu-lebat-tapi-ada-yang-bikin-nafsu-seksnya-mati,No,Adult: Sexual content,Restricted ad serving,ca-pub-7784034061253020,6,2024-11-27,2024-12-02
makassar.tribunnews.com,Page,N/A,N/A,makassar.tribunnews.com/tag/vina-garut?page=2,No,Shocking content,Restricted ad serving,ca-pub-7784034061253020,6,2024-11-29,2024-12-03
makassar.tribunnews.com,Page,N/A,N/A,makassar.tribunnews.com/2020/06/07/punya-ratusan-film-dewasa-dan-film-anak-ini-18-nonton-film-online-mirip-indoxxi-ada-barat-drakor,No,Shocking content,Restricted ad serving,ca-pub-7784034061253020,6,2024-11-30,2024-12-01
makassar.tribunnews.com,Page,N/A,N/A,makassar.tribunnews.com/2020/03/10/direkam-viral-video-2-bule-wanita-tanpa-busana-bersantai-di-depan-umum,No,Shocking content,Restricted ad serving,ca-pub-7784034061253020,6,2024-11-30,2024-12-02
makassar.tribunnews.com,Page,N/A,N/A,makassar.tribunnews.com/2020/02/25/wanita-ini-pecahkan-rekor-kontes-gang-bang-mampu-layani-dan-memuaskan-1000-pria-dalam-sehari,No,Shocking content,Restricted ad serving,ca-pub-7784034061253020,6,2024-11-27,2024-12-02
makassar.tribunnews.com,Page,N/A,N/A,makassar.tribunnews.com/2020/01/28/gadis-17-tahun-ini-jadi-korban-seks-ayah-kakak-kandung-sepupu-hingga-hamil-begini-kronologinya,No,Adult: Sexual content,Restricted ad serving,ca-pub-7784034061253020,6,2024-11-28,2024-12-01
makassar.tribunnews.com,Page,N/A,N/A,makassar.tribunnews.com/2019/11/12/tak-tahan-nafsu-lihat-kemolekan-istri-tetangga-yang-jemur-pakaian-ap-kesetanan-paksa-hubungan-badan,No,Shocking content,Restricted ad serving,ca-pub-7784034061253020,6,2024-11-29,2024-12-01
makassar.tribunnews.com,Page,N/A,N/A,makassar.tribunnews.com/2019/10/07/cewekgadis-manado-tanpa-busana-di-video-viral-facebook-whatsapp-terungkap-kondisinya-memiriskan,No,Content obscuring Google-served ads,Restricted ad serving,ca-pub-7784034061253020,6,2024-11-27,2024-12-02
makassar.tribunnews.com,Page,N/A,N/A,makassar.tribunnews.com/2017/04/27/tanpa-baju-dan-celana-baby-margaretha-tampil-panas-pada-sampul-majalah-dewasa,Yes,Site Behavior: Navigation,Restricted ad serving,ca-pub-7784034061253020,6,2024-12-02,2024-12-02
makassar.tribunnews.com,Page,N/A,N/A,makassar.tribunnews.com/2011/12/01/spa-ya-telanjang-bulat-dong,No,Adult: Sexual content,Restricted ad serving,ca-pub-7784034061253020,6,2024-11-28,2024-12-02
lampung.tribunnews.com,Page,N/A,N/A,lampung.tribunnews.com/2018/08/04/kasus-video-porno-luna-maya-dan-cut-tari-ternyata-menggantung,No,Adult: Sexual content,Restricted ad serving,ca-pub-7784034061253020,6,2024-11-29,2024-12-02
kupang.tribunnews.com,Page,N/A,N/A,kupang.tribunnews.com/2016/10/19/tali-bra-bikin-pria-mendadak-bergairah,No,Adult: Sexual content,Restricted ad serving,ca-pub-7784034061253020,6,2024-12-01,2024-12-01
jateng.tribunnews.com,Page,N/A,N/A,jateng.tribunnews.com/2021/11/21/detik-detik-wanita-open-bo-mau-threesome-digerebek-di-hotel-berbintang-semarang,No,Google-served ads obscuring content,Restricted ad serving,ca-pub-7784034061253020,6,2024-11-30,2024-12-01
jateng.tribunnews.com,Page,N/A,N/A,jateng.tribunnews.com/2015/06/10/heboh-medsos-di-china-gelar-kompetisi-pamer-bulu-ketiak-wanita,No,Adult: Sexual content,Restricted ad serving,ca-pub-7784034061253020,6,2024-12-01,2024-12-01
jambi.tribunnews.com,Page,N/A,N/A,jambi.tribunnews.com/2018/10/27/deretan-artis-cantik-ini-pernah-lakukan-adegan-menantang-di-dalam-film-hingga-lakukan-ini,No,Adult: Sexual content,Restricted ad serving,ca-pub-7784034061253020,6,2024-12-02,2024-12-02
jambi.tribunnews.com,Page,N/A,N/A,jambi.tribunnews.com/2018/04/30/5-gaya-bercinta-paling-populer-di-dalam-kitab-kamasutra-wanita-paling-senang,No,Adult: Sexual content,Restricted ad serving,ca-pub-7784034061253020,6,2024-12-02,2024-12-02
jabar.tribunnews.com,Page,N/A,N/A,jabar.tribunnews.com/2019/08/15/digerebek-tanpa-busana-pelanggan-jasa-threesome-pasutri-di-surabaya-tidak-dijerat-pidana-karena-ini,No,Adult: Sexual content,Restricted ad serving,ca-pub-7784034061253020,6,2024-11-27,2024-12-01
jabar.tribunnews.com,Page,N/A,N/A,jabar.tribunnews.com/2015/11/23/waduhh-netizen-heboh-aksi-pamela-safitri-duo-serigala-dipegang-dadanya-sama-pria-ini,No,Adult: Sexual content,Restricted ad serving,ca-pub-7784034061253020,6,2024-12-01,2024-12-01
bogor.tribunnews.com,Page,N/A,N/A,bogor.tribunnews.com/2018/05/01/masturbasi-bisa-sebabkan-hiv-masa-sih-begini-fakta-lengkapnya?page=3,No,Adult: Sexual content,Restricted ad serving,ca-pub-7784034061253020,6,2024-12-01,2024-12-01
bogor.tribunnews.com,Page,N/A,N/A,bogor.tribunnews.com/2016/04/07/ini-alasan-liu-pemuda-29-tahun-yang-memilih-boneka-seks-dibanding-wanita-malam,No,Adult: Sexual content,Restricted ad serving,ca-pub-7784034061253020,6,2024-12-02,2024-12-02
belitung.tribunnews.com,Page,N/A,N/A,belitung.tribunnews.com/2016/06/21/tarif-bintang-porno-jepang-miyabi-pernah-capai-rp-195-juta-per-jam,No,Shocking content,Restricted ad serving,ca-pub-7784034061253020,6,2024-11-30,2024-12-01
batam.tribunnews.com,Page,N/A,N/A,batam.tribunnews.com/2016/08/11/gila-wanita-ingi-ngaku-suka-berhubungan-seks-dengan-anjing,No,Adult: Sexual content,Restricted ad serving,ca-pub-7784034061253020,6,2024-12-02,2024-12-02
banyumas.tribunnews.com,Page,N/A,N/A,banyumas.tribunnews.com/2020/01/10/berkunjung-ke-sex-machines-museum-menengok-alat-bantu-seks-dari-abad-ke-16,No,Adult: Sexual content,Restricted ad serving,ca-pub-7784034061253020,6,2024-12-02,2024-12-02
banjarmasin.tribunnews.com,Page,N/A,N/A,banjarmasin.tribunnews.com/2019/10/05/untuk-imbalan-rp-150-ribu-janda-ini-biarkan-rumahnya-jadi-tempat-prostitusi,No,Shocking content,Restricted ad serving,ca-pub-7784034061253020,6,2024-11-28,2024-12-02
bangka.tribunnews.com,Page,N/A,N/A,bangka.tribunnews.com/2021/09/29/niat-puasa-senin-kamis-agar-cepat-dapat-jodoh-lengkap-dengan-doanya,No,Content obscuring Google-served ads,Restricted ad serving,ca-pub-7784034061253020,6,2024-12-01,2024-12-01
bangka.tribunnews.com,Page,N/A,N/A,bangka.tribunnews.com/2021/02/14/sejarah-hari-ini-rekor-dunia-ciuman-bibir-terlama-suami-istri-adalah-58-jam-35-menit-58-detik,No,Google-served ads obscuring content,Restricted ad serving,ca-pub-7784034061253020,6,2024-12-01,2024-12-01
bangka.tribunnews.com,Page,N/A,N/A,bangka.tribunnews.com/2017/10/10/pria-muda-dapat-diskon-ada-kolam-renang-besar-untuk-pesta-seks-gay,No,Adult: Sexual content,Restricted ad serving,ca-pub-7784034061253020,6,2024-11-29,2024-12-01
bangka.tribunnews.com,Page,N/A,N/A,bangka.tribunnews.com/2017/01/24/cinta-semalam-wanita-cenderung-menyesal-kalau-pria-menikmatinya,No,Adult: Sexual content,Restricted ad serving,ca-pub-7784034061253020,6,2024-11-29,2024-12-02
bangka.tribunnews.com,Page,N/A,N/A,bangka.tribunnews.com/2015/12/10/abg-gadaikan-tubuhnya-pada-pria-tua-demi-iphone-6,No,Adult: Sexual content,Restricted ad serving,ca-pub-7784034061253020,6,2024-12-01,2024-12-01
aceh.tribunnews.com,Page,N/A,N/A,aceh.tribunnews.com/tag/rekaman-video-mesum-mahasiswa-dan-siswi-tersebar,Yes,Google-served ads on screens without publisher-content,Restricted ad serving,ca-pub-7784034061253020,6,2024-12-02,2024-12-02
aceh.tribunnews.com,Page,N/A,N/A,aceh.tribunnews.com/2022/05/11/inilah-dua-wanita-perekam-dan-pengunggah-video-tiga-bocil-pamer-kelamin-klarifikasi-dan-minta-maaf,Yes,Ads Disguised as Content,Restricted ad serving,ca-pub-7784034061253020,6,2024-12-01,2024-12-01
aceh.tribunnews.com,Page,N/A,N/A,aceh.tribunnews.com/2017/09/12/wow-ini-foto-foto-obat-kuat-pria-yang-disita-bbpom-aceh,No,Adult: Sexual content,Restricted ad serving,ca-pub-7784034061253020,6,2024-11-27,2024-12-01
www.tribunnewswiki.com,Page,N/A,N/A,www.tribunnewswiki.com/2022/08/17/film-tiran-mati-di-ranjang-2010,No,Google-served ads obscuring content,Restricted ad serving,ca-pub-7784034061253020,5,2024-12-02,2024-12-02
www.tribunnewswiki.com,Page,N/A,N/A,www.tribunnewswiki.com/2022/07/03/rina-arano,No,Google-served ads obscuring content,Restricted ad serving,ca-pub-7784034061253020,5,2024-12-01,2024-12-01
www.tribunnews.com,Page,N/A,N/A,www.tribunnews.com/seleb/2017/06/09/lagi-hamil-aktris-cantik-ini-pamer-foto-seksi-minim-busana-bareng-suami,No,Adult: Sexual content,Restricted ad serving,ca-pub-7784034061253020,5,2024-11-29,2024-12-01
www.tribunnews.com,Page,N/A,N/A,www.tribunnews.com/regional/2022/11/08/terungkap-dua-akun-twitter-ini-digunakan-sebagai-sarana-menawarkan-pemesanan-video-dewasa,Yes,Ads Disguised as Content,Restricted ad serving,ca-pub-7784034061253020,5,2024-12-01,2024-12-01
www.tribunnews.com,Page,N/A,N/A,www.tribunnews.com/regional/2020/06/14/wanita-55-tahun-di-pontianak-nekat-mencuri-alasannya-untuk-bayar-gigolo-sebagai-pemuas-nafsunya,No,Shocking content,Restricted ad serving,ca-pub-7784034061253020,5,2024-12-01,2024-12-01
www.tribunnews.com,Page,N/A,N/A,www.tribunnews.com/regional/2020/04/27/pembunuhan-psk-di-surabaya-duit-rp-800-dibayar-nyawa-ini-kata-kata-yang-bikin-junaidi-naik-pitam,No,Shocking content,Restricted ad serving,ca-pub-7784034061253020,5,2024-12-01,2024-12-01
www.tribunnews.com,Page,N/A,N/A,www.tribunnews.com/regional/2018/10/01/geger-video-mesum-di-uin-sunan-gunung-djati-ternyata-ini-dua-pelakunya,No,Adult: Sexual content,Restricted ad serving,ca-pub-7784034061253020,5,2024-11-28,2024-12-02
www.tribunnews.com,Page,N/A,N/A,www.tribunnews.com/regional/2017/07/18/berikut-daftar-tarif-penari-striptis-bawaan-manajer-inul-vizta-kediri,No,Adult: Sexual content,Restricted ad serving,ca-pub-7784034061253020,5,2024-12-02,2024-12-02
www.tribunnews.com,Page,N/A,N/A,www.tribunnews.com/regional/2016/06/01/panti-pijat-plus-plus-bertarif-rp-100000-short-time-digrebek-polisi,No,Adult: Sexual content,Restricted ad serving,ca-pub-7784034061253020,5,2024-12-01,2024-12-02
www.tribunnews.com,Page,N/A,N/A,www.tribunnews.com/regional/2012/01/30/ada-biduan-keyboard-yang-hanya-pakai-bra-dan-cd,No,Adult: Sexual content,Restricted ad serving,ca-pub-7784034061253020,5,2024-12-02,2024-12-02
www.tribunnews.com,Page,N/A,N/A,www.tribunnews.com/nasional/2017/10/09/heboh-spa-khusus-gay-ini-5-kasus-prostitusi-sesama-jenis-yang-telah-terbongkar,No,Adult: Sexual content,Restricted ad serving,ca-pub-7784034061253020,5,2024-12-01,2024-12-01
www.tribunnews.com,Page,N/A,N/A,www.tribunnews.com/kesehatan/2015/02/02/ejakulasi-pada-perempuan-itu-seperti-apa,No,Adult: Sexual content,Restricted ad serving,ca-pub-7784034061253020,5,2024-11-29,2024-12-01
www.tribunnews.com,Page,N/A,N/A,www.tribunnews.com/internasional/2015/06/05/ada-toko-seks-halal-khusus-muslim-di-belanda,No,Adult: Sexual content,Restricted ad serving,ca-pub-7784034061253020,5,2024-12-01,2024-12-01
wartakota.tribunnews.com,Page,N/A,N/A,wartakota.tribunnews.com/2019/10/15/masuk-grup-sadis-jack-nekat-suntik-silikon-pada-alat-vitalnya-sampai-berakhir-mengenaskan,No,Adult: Sexual content,Restricted ad serving,ca-pub-7784034061253020,5,2024-12-02,2024-12-02
video.tribunnews.com,Page,N/A,N/A,video.tribunnews.com/view/77567/pria-diajak-selfie-lalu-dibunuh-ditusuk-berkali-kali-karena-menghina-pacar-temannya,No,Shocking content,Restricted ad serving,ca-pub-7784034061253020,5,2024-12-02,2024-12-02
travel.tribunnews.com,Page,N/A,N/A,travel.tribunnews.com/tag/jepang,Yes,Content obscuring Google-served ads;Encouraging accidental clicks: Layout;Google-served ads obscuring content,Restricted ad serving,ca-pub-7784034061253020,5,2024-12-02,2024-12-02
travel.tribunnews.com,Page,N/A,N/A,travel.tribunnews.com/2019/02/20/awas-pakai-celana-dalam-berenda-di-3-negara-ini-bisa-terkena-denda,No,Adult: Sexual content,Restricted ad serving,ca-pub-7784034061253020,5,2024-12-01,2024-12-01
suryamalang.tribunnews.com,Page,N/A,N/A,suryamalang.tribunnews.com/2019/10/24/6-fakta-gadis-perawan-dijual-rp-20-juta-di-bogor-ada-modus-obat-perawan-untuk-tipu-pelanggan,No,Adult: Sexual content,Restricted ad serving,ca-pub-7784034061253020,5,2024-12-02,2024-12-02
suryamalang.tribunnews.com,Page,N/A,N/A,suryamalang.tribunnews.com/2019/01/06/avriellya-shaqila-disebut-sebagai-rekan-vanessa-angel-yang-ditangkap-polda-jatim-terkait-prostitusi,No,Adult: Sexual content,Restricted ad serving,ca-pub-7784034061253020,5,2024-12-02,2024-12-02
sumsel.tribunnews.com,Page,N/A,N/A,sumsel.tribunnews.com/amp/2019/10/19/berdurasi-40-detik-heboh-video-mesum-pelajar-smk-pangandaran-berseragam-pramuka-terkuak-fakta-ini,No,Adult: Sexual content,Restricted ad serving,ca-pub-7784034061253020,5,2024-12-01,2024-12-01
sumsel.tribunnews.com,Page,N/A,N/A,sumsel.tribunnews.com/2020/02/26/heboh-video-mesum-gadis-lamongan-beredar-luas-via-facebook-dan-whatsapp-terkuak-motif-pengunggahnya,No,Shocking content,Restricted ad serving,ca-pub-7784034061253020,5,2024-12-02,2024-12-02
sumsel.tribunnews.com,Page,N/A,N/A,sumsel.tribunnews.com/2017/11/16/ingat-model-cantik-yang-berani-susui-pejabat-demi-uang-ini-daftar-kontroversi-yang-dia-lakukan,No,Adult: Sexual content,Restricted ad serving,ca-pub-7784034061253020,5,2024-12-02,2024-12-02
sumsel.tribunnews.com,Page,N/A,N/A,sumsel.tribunnews.com/2015/04/30/pelajar-dan-mahasiswa-di-palembang-suka-spa-vagina,No,Shocking content,Restricted ad serving,ca-pub-7784034061253020,5,2024-12-02,2024-12-02
style.tribunnews.com,Page,N/A,N/A,style.tribunnews.com/2016/08/28/alat-permainan-seks-aww-penjualan-pecut-dan-borgol-borgolan-meningkat-akibat-film-ini,No,Adult: Sexual content,Restricted ad serving,ca-pub-7784034061253020,5,2024-12-01,2024-12-01
pontianak.tribunnews.com,Page,N/A,N/A,pontianak.tribunnews.com/2018/03/06/wow-ini-kebiasaan-baru-warga-jepang-saat-berhubungan-seks,No,Adult: Sexual content,Restricted ad serving,ca-pub-7784034061253020,5,2024-12-02,2024-12-02
pekanbaru.tribunnews.com,Page,N/A,N/A,pekanbaru.tribunnews.com/2017/11/21/jarang-melakukan-aktivitas-seksual-siap-siap-6-masalah-ini-akan-terjadi-pada-tubuh-kamu,No,Adult: Sexual content,Restricted ad serving,ca-pub-7784034061253020,5,2024-12-02,2024-12-02
palembang.tribunnews.com,Page,N/A,N/A,palembang.tribunnews.com/2020/01/09/sudah-sepekan-harga-rokok-di-palembang-naik-sampoerna-rp-29200-per-bungkus,No,Tobacco,Restricted ad serving,ca-pub-7784034061253020,5,2024-12-02,2024-12-02
palembang.tribunnews.com,Page,N/A,N/A,palembang.tribunnews.com/2017/11/20/geger-buah-dada-wanita-cantik-ini-tiba-tiba-hilang-ketakutan-ternyata-pindah-ke-perut,No,Google-served ads obscuring content,Restricted ad serving,ca-pub-7784034061253020,5,2024-12-01,2024-12-01
palembang.tribunnews.com,Page,N/A,N/A,palembang.tribunnews.com/2016/10/27/inilah-ciri-ciri-paling-mudah-tanda-seorang-wanita-tidak-perawan-lagi,No,Adult: Sexual content,Restricted ad serving,ca-pub-7784034061253020,5,2024-12-02,2024-12-02
manado.tribunnews.com,Page,N/A,N/A,manado.tribunnews.com/2019/02/04/ini-alasan-sindikat-prostitusi-online-sediakan-vcs-hingga-live-show-siswi-sma-hanya-di-line,No,Adult: Sexual content,Restricted ad serving,ca-pub-7784034061253020,5,2024-12-01,2024-12-01
makassar.tribunnews.com,Page,N/A,N/A,makassar.tribunnews.com/2022/01/31/hanya-tiga-hari-inilah-ciri-ciri-wanita-sedang-birahi,Yes,Ads Disguised as Content,Restricted ad serving,ca-pub-7784034061253020,5,2024-12-01,2024-12-01
makassar.tribunnews.com,Page,N/A,N/A,makassar.tribunnews.com/2019/08/15/tukan-bakso-jual-istrinya-untuk-layani-threesome-istri-masih-usia-16-tahun-dan-hamil-4-bulan,No,Adult: Sexual content,Restricted ad serving,ca-pub-7784034061253020,5,2024-12-02,2024-12-02
makassar.tribunnews.com,Page,N/A,N/A,makassar.tribunnews.com/2018/01/04/ini-alasan-nikita-mirzani-batal-bugil-di-majalah-playboy,No,Adult: Sexual content,Restricted ad serving,ca-pub-7784034061253020,5,2024-12-01,2024-12-01
m.tribunnews.com,Page,N/A,N/A,m.tribunnews.com/tag/film-porno,No,Adult: Sexual content,Restricted ad serving,ca-pub-7784034061253020,5,2024-11-30,2024-12-02
kupang.tribunnews.com,Page,N/A,N/A,kupang.tribunnews.com/2009/11/17/kupang-kota-pijat,No,Adult: Sexual content,Restricted ad serving,ca-pub-7784034061253020,5,2024-12-02,2024-12-02
jogja.tribunnews.com,Page,N/A,N/A,jogja.tribunnews.com/tag/komunitas-swinger,No,Adult: Sexual content,Restricted ad serving,ca-pub-7784034061253020,5,2024-12-02,2024-12-02
jatim.tribunnews.com,Page,N/A,N/A,jatim.tribunnews.com/2018/04/11/usai-ujian-sma-siswi-cantik-ini-jual-keperawanan-rp-15-juta-untuk-bayar-uang-sekolah,No,Shocking content,Restricted ad serving,ca-pub-7784034061253020,5,2024-12-02,2024-12-02
jambi.tribunnews.com,Page,N/A,N/A,jambi.tribunnews.com/2019/08/31/viral-bocah-sd-dikeroyok-kakak-kelas-ternyata-pelaku-dibayar-seseorang-apa-motif-sebenarnya,Yes,Ads Disguised as Content,Restricted ad serving,ca-pub-7784034061253020,5,2024-12-01,2024-12-01
jambi.tribunnews.com,Page,N/A,N/A,jambi.tribunnews.com/2017/11/08/tercyduk-video-pelajar-smp-mesum-di-wc-umum-tersebar-di-medsos-lokasi-di-adi-sucipto,No,Adult: Sexual content,Restricted ad serving,ca-pub-7784034061253020,5,2024-11-29,2024-12-02
jambi.tribunnews.com,Page,N/A,N/A,jambi.tribunnews.com/2014/01/02/kisah-ayam-abg-yang-jadi-piala-bergilir-pembalap-jalanan,No,Adult: Sexual content,Restricted ad serving,ca-pub-7784034061253020,5,2024-12-02,2024-12-02
jabar.tribunnews.com,Page,N/A,N/A,jabar.tribunnews.com/2015/09/18/berapakah-batas-usia-untuk-wanita-melakukan-hubungan-seks,No,Adult: Sexual content,Restricted ad serving,ca-pub-7784034061253020,5,2024-12-02,2024-12-02
belitung.tribunnews.com,Page,N/A,N/A,belitung.tribunnews.com/2019/03/27/agar-mampu-berhubungan-intim-5-jam-nonstop-wanita-ini-lakukan-cara-gila-sampai-temui-ajal,No,Adult: Sexual content,Restricted ad serving,ca-pub-7784034061253020,5,2024-12-02,2024-12-02
belitung.tribunnews.com,Page,N/A,N/A,belitung.tribunnews.com/2017/08/30/video-syahrini-tampar-soimah-heboh-ternyata-ini-cerita-sebenarnya,Yes,Site Behavior: Navigation,Restricted ad serving,ca-pub-7784034061253020,5,2024-12-01,2024-12-01
batam.tribunnews.com,Page,N/A,N/A,batam.tribunnews.com/2017/03/07/terkuak-mengapa-ekspresi-saat-orgasme-sering-terlihat-aneh-jawabannya-bikin-ngakak,No,Adult: Sexual content,Restricted ad serving,ca-pub-7784034061253020,5,2024-12-02,2024-12-02
bangka.tribunnews.com,Page,N/A,N/A,bangka.tribunnews.com/2020/11/09/tradisi-suku-zulu-perawan-daerah-ini-mesti-biarkan-bagian-sensitifnya-terbuka-jalani-tes-perawan,Yes,Ads Disguised as Content,Restricted ad serving,ca-pub-7784034061253020,5,2024-11-30,2024-12-01
bangka.tribunnews.com,Page,N/A,N/A,bangka.tribunnews.com/2019/08/26/janda-36-tahun-bikin-pria-ini-menggila-sobek-baju-di-depan-umum-dan-3-kali-dipaksa-berbuat-dosa,No,Adult: Sexual content,Restricted ad serving,ca-pub-7784034061253020,5,2024-12-01,2024-12-01
bangka.tribunnews.com,Page,N/A,N/A,bangka.tribunnews.com/2018/02/02/kecapekan-memperkosa-pria-paruh-baya-ini-sampai-ketiduran-di-sebelah-korban,No,Adult: Sexual content,Restricted ad serving,ca-pub-7784034061253020,5,2024-12-02,2024-12-02
bangka.tribunnews.com,Page,N/A,N/A,bangka.tribunnews.com/2017/11/20/fenomena-prostitusi-pelajar-di-jogja-tarif-mahasiswi-rp-11-juta-mucikari-dapat-rp-300-ribu,No,Adult: Sexual content,Restricted ad serving,ca-pub-7784034061253020,5,2024-12-02,2024-12-02
bangka.tribunnews.com,Page,N/A,N/A,bangka.tribunnews.com/2017/11/04/wow-jackie-chan-ternyata-pernah-main-film-porno-ini-buktinya,No,Adult: Sexual content,Restricted ad serving,ca-pub-7784034061253020,5,2024-11-29,2024-12-01
bangka.tribunnews.com,Page,N/A,N/A,bangka.tribunnews.com/2017/10/26/ciri-pria-yang-doyan-nonton-video-mesum-ternyata-perempuan-juga-ini-alasannya,No,Adult: Sexual content,Restricted ad serving,ca-pub-7784034061253020,5,2024-12-01,2024-12-01
bangka.tribunnews.com,Page,N/A,N/A,bangka.tribunnews.com/2017/04/29/nekad-masukkan-singkong-berbalut-kondom-ke-organ-intim-nasib-wanita-ini-sungguh-memilukan,No,Adult: Sexual content,Restricted ad serving,ca-pub-7784034061253020,5,2024-12-01,2024-12-01
bangka.tribunnews.com,Page,N/A,N/A,bangka.tribunnews.com/2017/02/03/ternyata-dulu-penis-berduri-lho-inilah-8-fakta-penis-yang-jarang-diketahui,No,Adult: Sexual content,Restricted ad serving,ca-pub-7784034061253020,5,2024-12-01,2024-12-01
bangka.tribunnews.com,Page,N/A,N/A,bangka.tribunnews.com/2016/04/20/5-jenis-bokong-wanita-dan-pilihan-celana-yang-tepat,No,Adult: Sexual content,Restricted ad serving,ca-pub-7784034061253020,5,2024-12-02,2024-12-02
bangka.tribunnews.com,Page,N/A,N/A,bangka.tribunnews.com/2015/01/30/mengintip-jejak-mesum-waria-fly-over-jakarta,No,Adult: Sexual content,Restricted ad serving,ca-pub-7784034061253020,5,2024-12-01,2024-12-01
bali.tribunnews.com,Page,N/A,N/A,bali.tribunnews.com/2018/05/09/walau-dibayar-mahal-mantan-bintang-porno-jepang-ini-kerap-nangis-usai-syuting-begini-pesannya,No,Shocking content,Restricted ad serving,ca-pub-7784034061253020,5,2024-12-01,2024-12-01
aceh.tribunnews.com,Page,N/A,N/A,aceh.tribunnews.com/tag/pencabulan,Yes,Google-served ads on screens without publisher-content,Restricted ad serving,ca-pub-7784034061253020,5,2024-11-29,2024-12-02
aceh.tribunnews.com,Page,N/A,N/A,aceh.tribunnews.com/2021/03/11/suami-gorok-leher-istri-yang-sedang-hamil-sampai-tewas-pelaku-tuduh-korban-selingkuh,Yes,Ads Disguised as Content,Restricted ad serving,ca-pub-7784034061253020,5,2024-12-01,2024-12-01
aceh.tribunnews.com,Page,N/A,N/A,aceh.tribunnews.com/2019/10/28/wanita-ini-tewas-di-kamar-dengan-pisau-menancap-di-perut-saat-suami-beli-obat-begini-kronologinya,No,Shocking content,Restricted ad serving,ca-pub-7784034061253020,5,2024-12-02,2024-12-02
www.tribunnews.com,Page,N/A,N/A,www.tribunnews.com/seleb/2013/08/29/akting-intim-woman-on-top-shinta-bachir-di-film-ini-di-luar-dugaan-lolos-sensor,No,Adult: Sexual content,Restricted ad serving,ca-pub-7784034061253020,4,2024-12-01,2024-12-01
www.tribunnews.com,Page,N/A,N/A,www.tribunnews.com/seleb/2012/01/11/foto-mesra-nikita-mirzani-bareng-daus-mini-beredar,No,Adult: Sexual content,Restricted ad serving,ca-pub-7784034061253020,4,2024-12-01,2024-12-01
www.tribunnews.com,Page,N/A,N/A,www.tribunnews.com/regional/2021/09/30/perempuan-di-manado-tewas-ditikam-pasangan-sesama-jenis-semua-bermula-dari-dering-telepon,No,Shocking content,Restricted ad serving,ca-pub-7784034061253020,4,2024-12-01,2024-12-01
www.tribunnews.com,Page,N/A,N/A,www.tribunnews.com/regional/2021/06/04/video-asusila-bule-dan-wni-di-bali-wna-nya-diiduga-warga-jerman-dan-sudah-tidak-di-indonesia,Yes,Ads Disguised as Content,Restricted ad serving,ca-pub-7784034061253020,4,2024-12-02,2024-12-02
www.tribunnews.com,Page,N/A,N/A,www.tribunnews.com/regional/2020/07/01/kafe-karaoke-di-blitar-layani-plus-plus-pria-hidung-belang-rp-800-ribu-12-purel-diciduk-polisi,No,Shocking content,Restricted ad serving,ca-pub-7784034061253020,4,2024-12-01,2024-12-01
www.tribunnews.com,Page,N/A,N/A,www.tribunnews.com/regional/2019/11/08/pegawai-dan-guru-honorer-intim-di-depan-siswi-smk-kemudian-mengajak-berhubungan-seks-menyimpang,No,Shocking content,Restricted ad serving,ca-pub-7784034061253020,4,2024-12-02,2024-12-02
www.tribunnews.com,Page,N/A,N/A,www.tribunnews.com/regional/2019/05/22/ciduk-puluhan-pasangan-tak-resmi-saat-razia-di-hotel-satpol-pp-juga-temukan-alat-kontrasepsi,No,Adult: Sexual content,Restricted ad serving,ca-pub-7784034061253020,4,2024-12-01,2024-12-01
www.tribunnews.com,Page,N/A,N/A,www.tribunnews.com/regional/2019/04/25/fakta-fakta-terbaru-video-viral-dua-abg-bali-berhubungan-intim-di-mobil,No,Adult: Sexual content,Restricted ad serving,ca-pub-7784034061253020,4,2024-12-02,2024-12-02
www.tribunnews.com,Page,N/A,N/A,www.tribunnews.com/regional/2018/08/08/terpergok-sedang-berhubungan-intim-siang-bolong-di-kamar-mandi-2-perawat-rs-di-cepu-dipecat,No,Adult: Sexual content,Restricted ad serving,ca-pub-7784034061253020,4,2024-12-01,2024-12-01
www.tribunnews.com,Page,N/A,N/A,www.tribunnews.com/regional/2018/02/20/tarif-esek-esek-psk-asal-bandung-yang-bawa-2-anak-di-kamar-hotel-bikin-geleng-geleng-kepala,No,Adult: Sexual content,Restricted ad serving,ca-pub-7784034061253020,4,2024-12-03,2024-12-03
www.tribunnews.com,Page,N/A,N/A,www.tribunnews.com/nasional/2010/03/23/gara-gara-stress-un-siswa-sma-lakukan-masturbasi,Yes,Ads Disguised as Content,Restricted ad serving,ca-pub-7784034061253020,4,2024-11-27,2024-12-01
www.tribunnews.com,Page,N/A,N/A,www.tribunnews.com/metropolitan/2017/08/28/balapan-liar-di-jembatan-suramadu-tewaskan-joki-balap-dan-seorang-penonton,No,Shocking content,Restricted ad serving,ca-pub-7784034061253020,4,2024-11-30,2024-12-02
www.tribunnews.com,Page,N/A,N/A,www.tribunnews.com/kesehatan/2017/08/12/biaya-pengobatan-penyakit-akibat-rokok-fantastis-vape-jadi-alternatif,No,Tobacco,Restricted ad serving,ca-pub-7784034061253020,4,2024-12-02,2024-12-02
www.tribunnews.com,Page,N/A,N/A,www.tribunnews.com/kesehatan/2016/04/21/ini-10-tanda-dan-gejala-yang-menunjukkan-anda-pecandu-seks,No,Adult: Sexual content,Restricted ad serving,ca-pub-7784034061253020,4,2024-12-02,2024-12-02
www.tribunnews.com,Page,N/A,N/A,www.tribunnews.com/kesehatan/2016/02/21/penjelasan-mengapa-vagina-seperti-mengeluarkan-angin-saat-bercinta,No,Adult: Sexual content,Restricted ad serving,ca-pub-7784034061253020,4,2024-12-01,2024-12-01
www.tribunnews.com,Page,N/A,N/A,www.tribunnews.com/kesehatan/2015/09/25/suami-anda-mulai-malas-bercinta-jangan-panik-cepat-lakukan-tiga-hal-ini,No,Adult: Sexual content,Restricted ad serving,ca-pub-7784034061253020,4,2024-12-02,2024-12-02
www.tribunnews.com,Page,N/A,N/A,www.tribunnews.com/internasional/2013/11/11/perempuan-psk-lanjut-usia-jadi-populer-di-jepang,No,Adult: Sexual content,Restricted ad serving,ca-pub-7784034061253020,4,2024-12-01,2024-12-01
wow.tribunnews.com,Page,N/A,N/A,wow.tribunnews.com/2018/12/06/video-kamera-tersembunyi-di-toilet-dan-ruang-ganti-mewabah-bahkan-jadi-kanal-di-situs-ini-modusnya,No,Shocking content,Restricted ad serving,ca-pub-7784034061253020,4,2024-12-02,2024-12-02
wartakota.tribunnews.com,Page,N/A,N/A,wartakota.tribunnews.com/2021/04/12/heboh-gadis-14-tahun-telah-hubungan-intim-dengan-25-pria-dari-keluarga-broken-diduga-ketagihan,Yes,Encouraging accidental clicks: Layout;Google-served ads obscuring content,Restricted ad serving,ca-pub-7784034061253020,4,2024-12-01,2024-12-01
wartakota.tribunnews.com,Page,N/A,N/A,wartakota.tribunnews.com/2018/08/02/fakta-dari-amerika-serikat-warga-amerika-serikat-pakai-kondom-dua-kali,No,Adult: Sexual content,Restricted ad serving,ca-pub-7784034061253020,4,2024-12-01,2024-12-01
wartakota.tribunnews.com,Page,N/A,N/A,wartakota.tribunnews.com/2016/10/19/hotel-norita-tangerang-bantah-tempatnya-dijadikan-esek-esek,No,Adult: Sexual content,Restricted ad serving,ca-pub-7784034061253020,4,2024-12-01,2024-12-01
wartakota.tribunnews.com,Page,N/A,N/A,wartakota.tribunnews.com/2016/07/31/perempuan-yang-suka-kuku-warna-warni-diindikasikan-suka-seks-liar-dan-penuh-imajinasi,No,Adult: Sexual content,Restricted ad serving,ca-pub-7784034061253020,4,2024-12-02,2024-12-02
wartakota.tribunnews.com,Page,N/A,N/A,wartakota.tribunnews.com/2015/08/21/para-pria-sepakat-suka-dengan-berhubungan-intim-dengan-gadis-20an,No,Adult: Sexual content,Restricted ad serving,ca-pub-7784034061253020,4,2024-12-02,2024-12-02
video.tribunnews.com,Page,N/A,N/A,video.tribunnews.com/view/76074/tiga-pelajar-tewas-di-gunung-tampomas-pakaian-dan-peralatan-tak-sesuai-standar-pendakian,No,Shocking content,Restricted ad serving,ca-pub-7784034061253020,4,2024-12-01,2024-12-01
video.tribunnews.com,Page,N/A,N/A,video.tribunnews.com/view/36007/ibu-guru-ajak-dua-muridnya-berhubungan-seks-begini-sosok-dan-ceritanya,Yes,Site Behavior: Navigation,Restricted ad serving,ca-pub-7784034061253020,4,2024-12-01,2024-12-01
travel.tribunnews.com,Page,N/A,N/A,travel.tribunnews.com/2016/08/30/breast-touching-festival-wow-di-sini-wanita-malah-senang-saat-di-sentuh-dadanya,No,Adult: Sexual content,Restricted ad serving,ca-pub-7784034061253020,4,2024-12-02,2024-12-02
travel.tribunnews.com,Page,N/A,N/A,travel.tribunnews.com/2016/08/29/nggak-cuma-gila-di-ranjang-bintang-film-panas-ini-bugil-di-tempat-wisata,No,Adult: Sexual content,Restricted ad serving,ca-pub-7784034061253020,4,2024-12-02,2024-12-02
suryamalang.tribunnews.com,Page,N/A,N/A,suryamalang.tribunnews.com/tag/maria-ozawa,No,Adult: Sexual content,Restricted ad serving,ca-pub-7784034061253020,4,2024-12-01,2024-12-01
suryamalang.tribunnews.com,Page,N/A,N/A,suryamalang.tribunnews.com/2020/11/12/viral-video-syur-cinta-terlarang-pak-dokter-dan-bu-bidan-di-jember-doyan-selingkuhi-istri-orang,Yes,Ads Disguised as Content,Restricted ad serving,ca-pub-7784034061253020,4,2024-12-02,2024-12-02
suryamalang.tribunnews.com,Page,N/A,N/A,suryamalang.tribunnews.com/2019/05/16/gadis-abg-dipaksa-adegan-intim-oleh-pria-blitar-sambil-live-facebook-hasil-kenalan-di-malang,No,Adult: Sexual content,Restricted ad serving,ca-pub-7784034061253020,4,2024-12-02,2024-12-02
suryamalang.tribunnews.com,Page,N/A,N/A,suryamalang.tribunnews.com/2018/04/22/masa-kelam-sugarcookie-sebelum-jadi-bintang-video-panas-ternama,No,Adult: Sexual content,Restricted ad serving,ca-pub-7784034061253020,4,2024-12-01,2024-12-01
surabaya.tribunnews.com,Page,N/A,N/A,surabaya.tribunnews.com/2017/09/17/boneka-seks-berbagi-bercinta-dengan-suster-atau-anak-sekolahan-cukup-bayar-rp-600-ribu,No,Adult: Sexual content,Restricted ad serving,ca-pub-7784034061253020,4,2024-12-02,2024-12-02
sumsel.tribunnews.com,Page,N/A,N/A,sumsel.tribunnews.com/2017/08/10/apa-lagi-ini-heart-shaped-boob-challenge-jadi-viral-membentuk-payudara-jadi-bentuk-love,No,Adult: Sexual content,Restricted ad serving,ca-pub-7784034061253020,4,2024-12-01,2024-12-01
sumsel.tribunnews.com,Page,N/A,N/A,sumsel.tribunnews.com/2016/11/25/sempat-ingin-besarkan-payudara-kini-widy-vierratale-sudah-berani-foto-hot,No,Shocking content,Restricted ad serving,ca-pub-7784034061253020,4,2024-12-01,2024-12-01
sumsel.tribunnews.com,Page,N/A,N/A,sumsel.tribunnews.com/2016/09/25/pembantu-pergoki-majikan-berhubungan-intim-dengan-sopir-pribadi,No,Adult: Sexual content,Restricted ad serving,ca-pub-7784034061253020,4,2024-12-01,2024-12-01
sumsel.tribunnews.com,Page,N/A,N/A,sumsel.tribunnews.com/2014/08/14/boneka-seks-jepang-yang-sangat-mirip-manusia,No,Adult: Sexual content,Restricted ad serving,ca-pub-7784034061253020,4,2024-12-01,2024-12-01
sultra.tribunnews.com,Page,N/A,N/A,sultra.tribunnews.com/2022/10/29/video-viral-di-twitter-ditik-detik-wanita-berhijab-digrepe-grepe-lelaki-di-minimarket,Yes,Ads Disguised as Content,Restricted ad serving,ca-pub-7784034061253020,4,2024-12-01,2024-12-01
style.tribunnews.com,Page,N/A,N/A,style.tribunnews.com/2019/03/23/komentar-dokter-boyke-soal-lucinta-luna-bertempur-10-ronde-di-malam-pertama-kenapa-tidak,No,Adult: Sexual content,Restricted ad serving,ca-pub-7784034061253020,4,2024-12-01,2024-12-01
style.tribunnews.com,Page,N/A,N/A,style.tribunnews.com/2017/11/13/heboh-video-cewek-jaman-now-saling-pukul-bak-petinju-sampai-nyaris-ada-yang-nyembul-bikin-gemas,No,Shocking content,Restricted ad serving,ca-pub-7784034061253020,4,2024-12-02,2024-12-02
style.tribunnews.com,Page,N/A,N/A,style.tribunnews.com/2017/01/18/widy-vierratale-unggah-foto-hot-paha-dan-perut-kelihatan-cinta-laura-beri-komentar-begini,Yes,Site Behavior: Navigation,Restricted ad serving,ca-pub-7784034061253020,4,2024-12-03,2024-12-03
style.tribunnews.com,Page,N/A,N/A,style.tribunnews.com/2016/08/30/mahasiswi-berhijab-ini-tanpa-malu-bikin-video-tutorial-posisi-bercinta-tapi-ini-akibatnya,No,Adult: Sexual content,Restricted ad serving,ca-pub-7784034061253020,4,2024-12-02,2024-12-02
solo.tribunnews.com,Page,N/A,N/A,solo.tribunnews.com/2017/03/08/pakai-baju-menerawang-lihat-pose-pose-seksi-ariel-tatum-di-pemotretan-terbarunya,Yes,Site Behavior: Navigation,Restricted ad serving,ca-pub-7784034061253020,4,2024-12-02,2024-12-02
solo.tribunnews.com,Page,N/A,N/A,solo.tribunnews.com/2016/11/05/deretan-foto-penampilan-super-seksi-dewi-perssik-di-panggung-ini-bikin-para-cowok-gemetar,No,Adult: Sexual content,Restricted ad serving,ca-pub-7784034061253020,4,2024-12-01,2024-12-01
pontianak.tribunnews.com,Page,N/A,N/A,pontianak.tribunnews.com/2021/11/12/smkn-2-teluk-keramat-harap-bisa-bekerja-sama-dalam-pengembangan-sia-dengan-smti-pontianak,Yes,Encouraging accidental clicks: Layout;Google-served ads obscuring content,Restricted ad serving,ca-pub-7784034061253020,4,2024-12-01,2024-12-01
pontianak.tribunnews.com,Page,N/A,N/A,pontianak.tribunnews.com/2019/09/21/penyanyi-iwan-fals-bikin-heboh-cari-link-mesum-oknum-pns-jabar-di-twitter,No,Adult: Sexual content,Restricted ad serving,ca-pub-7784034061253020,4,2024-12-02,2024-12-02
pontianak.tribunnews.com,Page,N/A,N/A,pontianak.tribunnews.com/2019/04/15/sebenarnya-mana-dulu-dipakai-kondisioner-atau-sampo-dulu,No,Google-served ads obscuring content,Restricted ad serving,ca-pub-7784034061253020,4,2024-12-02,2024-12-02
pontianak.tribunnews.com,Page,N/A,N/A,pontianak.tribunnews.com/2018/09/12/deddy-corbuzier-pamer-tubuh-atletis-celana-boxernya-bikin-netizen-gagal-fokus,No,Shocking content,Restricted ad serving,ca-pub-7784034061253020,4,2024-12-01,2024-12-01
pontianak.tribunnews.com,Page,N/A,N/A,pontianak.tribunnews.com/2018/03/07/diduga-mesum-pasangan-kekasih-ini-dimandiin-air-comberan,Yes,Google-served ads on screens without publisher-content,Restricted ad serving,ca-pub-7784034061253020,4,2024-12-02,2024-12-02
pekanbaru.tribunnews.com,Page,N/A,N/A,pekanbaru.tribunnews.com/2021/11/17/link-video-viral-ambon-es-batu-dicari-cari-nasib-si-nona-ambon-es-batu-berakhir-seperti-ini,No,Google-served ads obscuring content,Restricted ad serving,ca-pub-7784034061253020,4,2024-12-02,2024-12-02
pekanbaru.tribunnews.com,Page,N/A,N/A,pekanbaru.tribunnews.com/2021/11/10/g-string-disebut-saat-maria-vania-pakai-jumpsuits-gym-ada-yang-kata-tembem,No,Content obscuring Google-served ads,Restricted ad serving,ca-pub-7784034061253020,4,2024-12-01,2024-12-01
pekanbaru.tribunnews.com,Page,N/A,N/A,pekanbaru.tribunnews.com/2021/09/28/malam-pertama-istri-menjerit-usai-belah-duren-sang-suami-telan-ludah-ternyata-ulah-pria-tetangga,No,Content obscuring Google-served ads,Restricted ad serving,ca-pub-7784034061253020,4,2024-12-02,2024-12-02
pekanbaru.tribunnews.com,Page,N/A,N/A,pekanbaru.tribunnews.com/2019/01/03/mengenal-gaya-sendok-posisi-bercinta-yang-bisa-memuaskan-pasangan-meski-saat-tubuh-lelah,No,Adult: Sexual content,Restricted ad serving,ca-pub-7784034061253020,4,2024-12-02,2024-12-02
palembang.tribunnews.com,Page,N/A,N/A,palembang.tribunnews.com/2019/12/04/foto-foto-sex-toys-yang-diamankan-bea-cukai-ternyata-alat-seks-pria-dan-wanita-ini-bentuknya,No,Adult: Sexual content,Restricted ad serving,ca-pub-7784034061253020,4,2024-12-01,2024-12-01
palembang.tribunnews.com,Page,N/A,N/A,palembang.tribunnews.com/2017/07/15/viral-video-tkw-asal-filipina-ini-dipaksa-begituan-oleh-majikan-arab-beredar-ternyata,Yes,Site Behavior: Navigation,Restricted ad serving,ca-pub-7784034061253020,4,2024-12-02,2024-12-02
palembang.tribunnews.com,Page,N/A,N/A,palembang.tribunnews.com/2014/12/09/kakek-usia-80-tahun-ini-ternyata-aktor-film-porno-tertua,No,Adult: Sexual content,Restricted ad serving,ca-pub-7784034061253020,4,2024-12-02,2024-12-02
medan.tribunnews.com,Page,N/A,N/A,medan.tribunnews.com/2019/09/03/ternyata-pemeran-video-mesum-banjarmasin-yang-viral-adalah-selebgram-mahasiswi-dan-model,No,Adult: Sexual content,Restricted ad serving,ca-pub-7784034061253020,4,2024-12-02,2024-12-02
medan.tribunnews.com,Page,N/A,N/A,medan.tribunnews.com/2018/05/02/rebecca-tak-puas-meski-sudah-5-kali-ml-sehari-hingga-suami-curiga-terungkap-fakta-ini,No,Shocking content,Restricted ad serving,ca-pub-7784034061253020,4,2024-12-02,2024-12-02
medan.tribunnews.com,Page,N/A,N/A,medan.tribunnews.com/2017/10/31/sejoli-murid-mts-terciduk-mesum-di-pemakaman-resleting-celana-cewek-terbuka,Yes,Site Behavior: Navigation,Restricted ad serving,ca-pub-7784034061253020,4,2024-12-02,2024-12-02
medan.tribunnews.com,Page,N/A,N/A,medan.tribunnews.com/2017/03/05/hanya-pakai-celana-dalam-dan-celemek-tukang-cukur-cantik-ini-curi-perhatian-pria-ini-foto-fotonya,Yes,Encouraging accidental clicks: Layout,Restricted ad serving,ca-pub-7784034061253020,4,2024-12-02,2024-12-02
medan.tribunnews.com,Page,N/A,N/A,medan.tribunnews.com/2014/12/13/bursa-seks-kota-pempek-dari-siswi-sma-hingga-psk-impor-bertarif-rp-10-juta,No,Adult: Sexual content,Restricted ad serving,ca-pub-7784034061253020,4,2024-12-02,2024-12-02
manado.tribunnews.com,Page,N/A,N/A,manado.tribunnews.com/2019/08/16/vina-garut-rela-lawan-dua-pria-sekaligus-dan-suami-dengan-alasan-ini,No,Adult: Sexual content,Restricted ad serving,ca-pub-7784034061253020,4,2024-12-02,2024-12-02
manado.tribunnews.com,Page,N/A,N/A,manado.tribunnews.com/2017/12/24/wanita-ini-bisa-melepas-kancing-bajunya-tanpa-menggunakan-tangan-ternyata-payudaranya,Yes,Site Behavior: Navigation,Restricted ad serving,ca-pub-7784034061253020,4,2024-12-01,2024-12-01
makassar.tribunnews.com,Page,N/A,N/A,makassar.tribunnews.com/2022/02/04/pengantin-pria-lemas-di-malam-pertama-usai-lihat-sebuah-videosang-istri-tak-seperti-yang-diharapkan,Yes,Ads Disguised as Content,Restricted ad serving,ca-pub-7784034061253020,4,2024-12-02,2024-12-02
makassar.tribunnews.com,Page,N/A,N/A,makassar.tribunnews.com/2020/01/13/beraninya-wanita-berhubungan-badan-di-samping-suami-tidur-pulas-istri-tewas-nasib-selingkuhan,No,Shocking content,Restricted ad serving,ca-pub-7784034061253020,4,2024-12-02,2024-12-02
makassar.tribunnews.com,Page,N/A,N/A,makassar.tribunnews.com/2019/01/07/giliran-foto-syur-vanessa-angel-saat-mandi-di-hotel-beredar-ternyata-diambil-teman-sesama-artis,No,Adult: Sexual content,Restricted ad serving,ca-pub-7784034061253020,4,2024-12-02,2024-12-02
makassar.tribunnews.com,Page,N/A,N/A,makassar.tribunnews.com/2016/10/21/psk-asing-kelas-atas-ternyata-malas-layani-pria-indonesia-meskipun-dibayar-mahal,No,Adult: Sexual content,Restricted ad serving,ca-pub-7784034061253020,4,2024-12-02,2024-12-02
makassar.tribunnews.com,Page,N/A,N/A,makassar.tribunnews.com/2015/06/12/cewek-cantik-ini-ikuti-lomba-pamer-pusar-di-media-sosial-ini-foto-fotonya,No,Adult: Sexual content,Restricted ad serving,ca-pub-7784034061253020,4,2024-12-01,2024-12-01
makassar.tribunnews.com,Page,N/A,N/A,makassar.tribunnews.com/2014/12/10/survei-membuktikan-ini-cara-menyadarkan-pecandu-film-porno,No,Adult: Sexual content,Restricted ad serving,ca-pub-7784034061253020,4,2024-12-01,2024-12-01
makassar.tribunnews.com,Page,N/A,N/A,makassar.tribunnews.com/2014/09/06/ini-alasan-mantan-istri-andika-the-titans-foto-mesum-berseragam-pns,No,Adult: Sexual content,Restricted ad serving,ca-pub-7784034061253020,4,2024-12-01,2024-12-01
m.tribunnews.com,Page,N/A,N/A,m.tribunnews.com/amp/regional/2019/08/07/ngaku-buat-bayar-utang-nh-terpaksa-lihat-istri-berhubungan-intim-dengan-pria-lain,No,Adult: Sexual content,Restricted ad serving,ca-pub-7784034061253020,4,2024-12-02,2024-12-02
lampung.tribunnews.com,Page,N/A,N/A,lampung.tribunnews.com/2017/11/13/ada-sesi-intim-di-wisata-seks-tiga-malam-bersama-40-gadis-hot,No,Adult: Sexual content,Restricted ad serving,ca-pub-7784034061253020,4,2024-12-01,2024-12-01
kupang.tribunnews.com,Page,N/A,N/A,kupang.tribunnews.com/2018/04/17/pesta-seks-tukaran-istri-sesama-anggota-grup-whatsapp-tersebar-ini-tujuh-faktanya,No,Adult: Sexual content,Restricted ad serving,ca-pub-7784034061253020,4,2024-12-01,2024-12-01
kupang.tribunnews.com,Page,N/A,N/A,kupang.tribunnews.com/2017/09/25/bikin-deg-degan-angela-lorenza-unggah-video-seksi-tentang-posisi-bercinta-tak-biasa,No,Adult: Sexual content,Restricted ad serving,ca-pub-7784034061253020,4,2024-12-02,2024-12-02
kupang.tribunnews.com,Page,N/A,N/A,kupang.tribunnews.com/2017/08/02/mantan-bintang-film-porno-dari-amerika-serikat-ini-sekarang-menjadi-ibu-bagi-bayinya,Yes,Site Behavior: Navigation,Restricted ad serving,ca-pub-7784034061253020,4,2024-12-01,2024-12-01
kupang.tribunnews.com,Page,N/A,N/A,kupang.tribunnews.com/2017/05/06/begini-akibatnya-berhubungan-seks-dengan-keledai,No,Adult: Sexual content,Restricted ad serving,ca-pub-7784034061253020,4,2024-12-02,2024-12-02
kupang.tribunnews.com,Page,N/A,N/A,kupang.tribunnews.com/2016/10/16/ukuran-payudara-cerminkan-karakter-anda,No,Adult: Sexual content,Restricted ad serving,ca-pub-7784034061253020,4,2024-12-02,2024-12-02
kaltim.tribunnews.com,Page,N/A,N/A,kaltim.tribunnews.com/2017/09/07/foto-foto-sera-amane-mahasiswi-indonesia-yang-main-film-dewasa-di-jepang-cantiknya-bikin-ngiler,Yes,Site Behavior: Navigation,Restricted ad serving,ca-pub-7784034061253020,4,2024-12-01,2024-12-01
kalteng.tribunnews.com,Page,N/A,N/A,kalteng.tribunnews.com/2019/02/25/remaja-15-tahun-perkosa-kakak-kandung-40-kali-dan-setubuhi-hewan-gara-gara-kecanduan-film-porno,No,Adult: Sexual content,Restricted ad serving,ca-pub-7784034061253020,4,2024-12-01,2024-12-01
jogja.tribunnews.com,Page,N/A,N/A,jogja.tribunnews.com/2019/01/25/duh-video-mesum-pelajar-madiun-ternyata-dibuat-saat-keduanya-masih-smp,No,Adult: Sexual content,Restricted ad serving,ca-pub-7784034061253020,4,2024-12-01,2024-12-01
jogja.tribunnews.com,Page,N/A,N/A,jogja.tribunnews.com/2018/12/14/pesta-seks-dalam-kamar-hotel-di-yogyakarta-pelaku-yang-ditonton-ramai-ramai-statusnya-suami-istri,No,Adult: Sexual content,Restricted ad serving,ca-pub-7784034061253020,4,2024-12-02,2024-12-02
jogja.tribunnews.com,Page,N/A,N/A,jogja.tribunnews.com/2017/03/07/inilah-seputar-ekspresi-wajah-saat-orgasme-yang-perlu-anda-ketahui,No,Adult: Sexual content,Restricted ad serving,ca-pub-7784034061253020,4,2024-12-02,2024-12-02
jatim.tribunnews.com,Page,N/A,N/A,jatim.tribunnews.com/2018/11/05/ardi-bakrie-posting-video-gadis-ring-tubuhnya-kesenggol-petarung-mma-siva-aprilia-balas-tertawa,Yes,Encouraging accidental clicks: Layout,Restricted ad serving,ca-pub-7784034061253020,4,2024-12-02,2024-12-02
jateng.tribunnews.com,Page,N/A,N/A,jateng.tribunnews.com/2023/08/10/cerita-dokter-amira-istri-kesakitan-karena-suami-perbesar-penis-tapi-7-tahun-menikah-belum-hamil,No,Google-served ads obscuring content,Restricted ad serving,ca-pub-7784034061253020,4,2024-12-01,2024-12-01
jateng.tribunnews.com,Page,N/A,N/A,jateng.tribunnews.com/2021/03/07/viral-video-syur-4-menit-di-pekalongan-sejoli-mesum-di-pinggir-jalan-terekam-cctv,Yes,Google-served ads obscuring content;Modified Javascript: Ads by Google size,Restricted ad serving,ca-pub-7784034061253020,4,2024-12-02,2024-12-02
jateng.tribunnews.com,Page,N/A,N/A,jateng.tribunnews.com/2020/11/05/video-pesepeda-meninggal-saat-gowes-di-kota-lama-semarang,No,Shocking content,Restricted ad serving,ca-pub-7784034061253020,4,2024-12-02,2024-12-02
jateng.tribunnews.com,Page,N/A,N/A,jateng.tribunnews.com/2020/06/21/warga-grebek-pasangan-abg-mesum-beralas-sarung-di-hutan-boleh-pulang-setelah-tandatangani-materai,No,Shocking content,Restricted ad serving,ca-pub-7784034061253020,4,2024-12-02,2024-12-02
jateng.tribunnews.com,Page,N/A,N/A,jateng.tribunnews.com/2018/03/04/adegan-cynthiara-alona-lepas-kaus-dan-celana-di-video-ini-jadi-perdebatan-netizen,Yes,Site Behavior: Navigation,Restricted ad serving,ca-pub-7784034061253020,4,2024-12-01,2024-12-01
jateng.tribunnews.com,Page,N/A,N/A,jateng.tribunnews.com/2015/03/04/ini-manfaat-goyangan-pinggul-saat-bercinta,No,Adult: Sexual content,Restricted ad serving,ca-pub-7784034061253020,4,2024-12-01,2024-12-01
jambi.tribunnews.com,Page,N/A,N/A,jambi.tribunnews.com/amp/2018/01/25/4-cara-bikin-wanita-cepat-mencapai-klimaks-para-pria-bisa-langsung-praktekkan,No,Adult: Sexual content,Restricted ad serving,ca-pub-7784034061253020,4,2024-12-01,2024-12-01
jambi.tribunnews.com,Page,N/A,N/A,jambi.tribunnews.com/2017/11/30/video-mesum-durasi-3-menit-pak-rt-dan-pns-kelurahan-beredar-istri-lapor-polisi,No,Adult: Sexual content,Restricted ad serving,ca-pub-7784034061253020,4,2024-12-01,2024-12-01
jakarta.tribunnews.com,Page,N/A,N/A,jakarta.tribunnews.com/2019/04/01/sederet-fakta-video-viral-pasangan-gancet-usai-berhubungan-intim-tinjauan-medis-dan-penanganan,No,Adult: Sexual content,Restricted ad serving,ca-pub-7784034061253020,4,2024-12-02,2024-12-02
jakarta.tribunnews.com,Page,N/A,N/A,jakarta.tribunnews.com/2018/02/12/setia-kepada-suami-dewi-pakai-mainan-seks-cegah-perselingkuhan,No,Adult: Sexual content,Restricted ad serving,ca-pub-7784034061253020,4,2024-12-01,2024-12-01
jabar.tribunnews.com,Page,N/A,N/A,jabar.tribunnews.com/2022/11/18/pengobatan-alat-vital-hj-mak-erot-terpercayacigadog-cisolok-sukabumi-dan-pondok-gede-bekasi,Yes,Ads Disguised as Content,Restricted ad serving,ca-pub-7784034061253020,4,2024-12-01,2024-12-01
jabar.tribunnews.com,Page,N/A,N/A,jabar.tribunnews.com/2021/08/26/pengobatan-alat-vital-kang-ujang-syahrudin-keturunan-mak-erot-di-sukabumi-dijamin-manjur,No,Adult: Sexual content,Restricted ad serving,ca-pub-7784034061253020,4,2024-12-02,2024-12-02
jabar.tribunnews.com,Page,N/A,N/A,jabar.tribunnews.com/2019/08/20/suami-jual-istri-untuk-layanan-threesome-tak-tahu-50-video-vina-garut-dijual-kini-sakit-stroke,No,Adult: Sexual content,Restricted ad serving,ca-pub-7784034061253020,4,2024-12-02,2024-12-02
cirebon.tribunnews.com,Page,N/A,N/A,cirebon.tribunnews.com/2019/11/20/terungkap-perbesar-alat-vital-di-mak-erot-ada-mantra-dan-doanya-kini-ada-satu-pewaris-yang-bisa,No,Shocking content,Restricted ad serving,ca-pub-7784034061253020,4,2024-12-02,2024-12-02
bogor.tribunnews.com,Page,N/A,N/A,bogor.tribunnews.com/2016/08/02/ini-pose-pose-model-majalah-playboy-yang-terbit-di-tahun-70-an-masih-cantik-dan-aduhai,No,Adult: Sexual content,Restricted ad serving,ca-pub-7784034061253020,4,2024-12-01,2024-12-01
bogor.tribunnews.com,Page,N/A,N/A,bogor.tribunnews.com/2016/02/18/ini-kondisi-yang-dialami-wanita-setelah-berhubungan-intim,No,Adult: Sexual content,Restricted ad serving,ca-pub-7784034061253020,4,2024-12-01,2024-12-01
belitung.tribunnews.com,Page,N/A,N/A,belitung.tribunnews.com/2020/01/03/istri-ajak-selingkuhan-berbuat-mesum-di-rumah-suami-kerja-di-negeri-jiran-dibongkar-abang-ipar,No,Adult: Sexual content,Restricted ad serving,ca-pub-7784034061253020,4,2024-12-02,2024-12-02
belitung.tribunnews.com,Page,N/A,N/A,belitung.tribunnews.com/2019/07/17/viral-video-mesum-pns-kecamatan-sekdes-di-depan-polisi-tersangka-peragakan-13-adegan-ini,No,Google-served ads obscuring content,Restricted ad serving,ca-pub-7784034061253020,4,2024-12-01,2024-12-01
belitung.tribunnews.com,Page,N/A,N/A,belitung.tribunnews.com/2018/02/13/saya-tak-mampu-menahannya-pertama-kali-coba-saya-terpuaskan,No,Adult: Sexual content,Restricted ad serving,ca-pub-7784034061253020,4,2024-12-01,2024-12-01
belitung.tribunnews.com,Page,N/A,N/A,belitung.tribunnews.com/2018/01/10/ariel-tatum-posting-gambar-seksi-dan-tulis-ini-tak-disangka,No,Adult: Sexual content,Restricted ad serving,ca-pub-7784034061253020,4,2024-12-02,2024-12-02
belitung.tribunnews.com,Page,N/A,N/A,belitung.tribunnews.com/2017/11/02/gara-gara-ini-seorang-wanita-buka-baju-dan-gosokkan-payudara-ke-wajah-pria-beristri-di-keramaian,No,Adult: Sexual content,Restricted ad serving,ca-pub-7784034061253020,4,2024-12-01,2024-12-01
belitung.tribunnews.com,Page,N/A,N/A,belitung.tribunnews.com/2017/04/26/balut-singkong-pakai-kondom-lalu-dimasukkan-ke-alat-vital-wanita-ini-malah-begini,No,Adult: Sexual content,Restricted ad serving,ca-pub-7784034061253020,4,2024-12-01,2024-12-01
belitung.tribunnews.com,Page,N/A,N/A,belitung.tribunnews.com/2016/09/28/alamak-gadis-gadis-seksi-ini-merayu-pria-pengunjung-mall-onani-di-depan-umum,No,Adult: Sexual content,Restricted ad serving,ca-pub-7784034061253020,4,2024-12-01,2024-12-01
belitung.tribunnews.com,Page,N/A,N/A,belitung.tribunnews.com/2016/08/12/wanita-pakai-celana-dalam-tanpa-bra-naik-motor-meliuk-liuk-di-jalan-raya,No,Adult: Sexual content,Restricted ad serving,ca-pub-7784034061253020,4,2024-12-01,2024-12-01
belitung.tribunnews.com,Page,N/A,N/A,belitung.tribunnews.com/2016/04/13/heboh-video-seronok-remaja-putri-berseragam-sekolah-salam-pramuka-hingga-salam-batik,No,Adult: Sexual content,Restricted ad serving,ca-pub-7784034061253020,4,2024-12-01,2024-12-01
batam.tribunnews.com,Page,N/A,N/A,batam.tribunnews.com/2017/09/22/dihujat-gara-gara-iklan-kondom-ini-7-fakta-kontroversial-bintang-film-dewasa-sunny-leone,No,Adult: Sexual content,Restricted ad serving,ca-pub-7784034061253020,4,2024-12-02,2024-12-02
banjarmasin.tribunnews.com,Page,N/A,N/A,banjarmasin.tribunnews.com/2022/12/07/video-heboh-banget-viral-aksi-oknum-polisi-polda-jateng-masturbasi-pakai-seragam-polisi,Yes,Encouraging accidental clicks: Layout,Restricted ad serving,ca-pub-7784034061253020,4,2024-12-02,2024-12-02
banjarmasin.tribunnews.com,Page,N/A,N/A,banjarmasin.tribunnews.com/2018/01/30/wow-jenis-getar-goyang-paling-diminati-pemesan-sex-toys-di-banjarmasin,No,Adult: Sexual content,Restricted ad serving,ca-pub-7784034061253020,4,2024-12-02,2024-12-02
banjarmasin.tribunnews.com,Page,N/A,N/A,banjarmasin.tribunnews.com/2017/11/03/apa-bedanya-disunat-dan-tidak-lalu-pengaruhnya-pada-seks,No,Adult: Sexual content,Restricted ad serving,ca-pub-7784034061253020,4,2024-12-01,2024-12-01
banjarmasin.tribunnews.com,Page,N/A,N/A,banjarmasin.tribunnews.com/2017/10/21/beredar-video-bocah-disiksa-beramai-ramai-dipaksa-merokok-hingga-ditertawakan-warganet-geram,Yes,Ads Disguised as Content,Restricted ad serving,ca-pub-7784034061253020,4,2024-12-02,2024-12-02
banjarmasin.tribunnews.com,Page,N/A,N/A,banjarmasin.tribunnews.com/2016/05/13/sebelum-berhubungan-seksual-5-hal-ini-pantang-dilakukan,No,Adult: Sexual content,Restricted ad serving,ca-pub-7784034061253020,4,2024-12-02,2024-12-02
banjarmasin.tribunnews.com,Page,N/A,N/A,banjarmasin.tribunnews.com/2015/04/15/di-kalangan-psk-online-kawasan-tebet-disebut-vagina-street,No,Adult: Sexual content,Restricted ad serving,ca-pub-7784034061253020,4,2024-12-01,2024-12-01
banjarmasin.tribunnews.com,Page,N/A,N/A,banjarmasin.tribunnews.com/2014/09/07/istri-hiperseks-suami-minta-cerai,No,Google-served ads obscuring content,Restricted ad serving,ca-pub-7784034061253020,4,2024-12-02,2024-12-02
bangka.tribunnews.com,Page,N/A,N/A,bangka.tribunnews.com/amp/2019/11/14/booking-cewek-berhubungan-badan-di-hotel-pria-ini-dapati-hal-mengejutkan-ternyata-pacar-sendiri,No,Shocking content,Restricted ad serving,ca-pub-7784034061253020,4,2024-12-01,2024-12-01
bangka.tribunnews.com,Page,N/A,N/A,bangka.tribunnews.com/2023/09/08/video-viral-tiktok-pengakuan-istri-ketagihan-selingkuh-nggak-peduli-lajang-atau-suami-orang,No,Google-served ads obscuring content,Restricted ad serving,ca-pub-7784034061253020,4,2024-12-02,2024-12-02
bangka.tribunnews.com,Page,N/A,N/A,bangka.tribunnews.com/2022/02/05/nyaris-tanpa-busana-malam-pertama-pengantin-pria-ini-berakhir-di-rumah-sakit-polisi-turun-tangan,Yes,Modified ad code: Resizing Ad Frames,Restricted ad serving,ca-pub-7784034061253020,4,2024-12-02,2024-12-02
bangka.tribunnews.com,Page,N/A,N/A,bangka.tribunnews.com/2022/01/03/asn-pemko-gunungsitoli-lagi-asyik-mesum-kepergok-selingkuh-perekam-video-gila-beda-lagi-ini,No,Google-served ads obscuring content,Restricted ad serving,ca-pub-7784034061253020,4,2024-12-02,2024-12-02
bangka.tribunnews.com,Page,N/A,N/A,bangka.tribunnews.com/2019/08/22/berawal-dari-keperawanan-yang-direnggut-sang-pacar-saat-sma-mahasiswi-ini-kini-jadi-ayam-kampus,No,Adult: Sexual content,Restricted ad serving,ca-pub-7784034061253020,4,2024-12-01,2024-12-01
bangka.tribunnews.com,Page,N/A,N/A,bangka.tribunnews.com/2019/08/11/kronologi-spg-mobil-cantik-dibunuh-pacar-pengakuan-pelaku-dan-dugaan-kondom-bekas-pakai,No,Adult: Sexual content,Restricted ad serving,ca-pub-7784034061253020,4,2024-12-02,2024-12-02
bangka.tribunnews.com,Page,N/A,N/A,bangka.tribunnews.com/2019/05/06/onani-dan-sengaja-keluarkan-mani-apakah-bisa-membatalkan-puasa-berikut-penjelasan-ulama,No,Adult: Sexual content,Restricted ad serving,ca-pub-7784034061253020,4,2024-12-02,2024-12-02
bangka.tribunnews.com,Page,N/A,N/A,bangka.tribunnews.com/2019/04/05/kronologi-cewek-smp-ketagihan-berhubungan-intim-kakak-kelas-sekolah-lain-pun-jadi-sasaran,No,Adult: Sexual content,Restricted ad serving,ca-pub-7784034061253020,4,2024-12-01,2024-12-01
bangka.tribunnews.com,Page,N/A,N/A,bangka.tribunnews.com/2018/01/13/video-mesum-diduga-mirip-artis-pendatang-baru-viral-link-videonya-beredar-di-twitter,No,Adult: Sexual content,Restricted ad serving,ca-pub-7784034061253020,4,2024-12-01,2024-12-01
bangka.tribunnews.com,Page,N/A,N/A,bangka.tribunnews.com/2017/11/23/sejoli-yang-diarak-dan-ditelanjangi-di-tangerang-akhirnya-menikah,No,Adult: Sexual content,Restricted ad serving,ca-pub-7784034061253020,4,2024-12-02,2024-12-02
bangka.tribunnews.com,Page,N/A,N/A,bangka.tribunnews.com/2017/06/06/tak-hanya-di-jakarta-ada-juga-wanita-telanjang-terekam-di-pontianak-benarkah-kecanduan-seks,No,Adult: Sexual content,Restricted ad serving,ca-pub-7784034061253020,4,2024-12-02,2024-12-02
bangka.tribunnews.com,Page,N/A,N/A,bangka.tribunnews.com/2017/04/20/predator-seks-ini-terangsang-saat-melihat-ibu-hamil-aksinya-halalkan-segala-cara,No,Adult: Sexual content,Restricted ad serving,ca-pub-7784034061253020,4,2024-12-01,2024-12-01
bangka.tribunnews.com,Page,N/A,N/A,bangka.tribunnews.com/2017/01/20/namanya-menjijikkan-tapi-inilah-dia-durian-termahal-di-indonesia-dari-pulau-bangka,No,Adult: Sexual content,Restricted ad serving,ca-pub-7784034061253020,4,2024-12-01,2024-12-01
bangka.tribunnews.com,Page,N/A,N/A,bangka.tribunnews.com/2016/11/17/pengantin-baru-ini-dipaksa-berhubungan-seks-didepan-tamu-undangannya,No,Adult: Sexual content,Restricted ad serving,ca-pub-7784034061253020,4,2024-12-02,2024-12-02
bangka.tribunnews.com,Page,N/A,N/A,bangka.tribunnews.com/2016/07/10/ayu-ting-ting-siarkan-langsung-saat-susui-bilqis,Yes,Site Behavior: Navigation,Restricted ad serving,ca-pub-7784034061253020,4,2024-12-01,2024-12-01
bangka.tribunnews.com,Page,N/A,N/A,bangka.tribunnews.com/2015/12/02/wow-pose-sentuh-payudara-dengan-satu-tangan-lagi-ngetren,No,Adult: Sexual content,Restricted ad serving,ca-pub-7784034061253020,4,2024-12-01,2024-12-01
bangka.tribunnews.com,Page,N/A,N/A,bangka.tribunnews.com/2015/07/23/wanita-jepang-rela-bayar-beach-boys-di-bali-rp-11-juta-sekali-bercinta,No,Adult: Sexual content,Restricted ad serving,ca-pub-7784034061253020,4,2024-12-02,2024-12-02
bali.tribunnews.com,Page,N/A,N/A,bali.tribunnews.com/2018/03/05/tiga-artis-film-porno-ini-tak-keberatan-dinikahi-pria-indonesia-akui-senang-jika-bisa-ke-bali,Yes,Ads Disguised as Content,Restricted ad serving,ca-pub-7784034061253020,4,2024-12-02,2024-12-02
bali.tribunnews.com,Page,N/A,N/A,bali.tribunnews.com/2017/12/14/ketahuan-selingkuh-wanita-ini-ditelanjangi-sang-pacar-di-tempat-umum-simak-videonya,Yes,Site Behavior: Navigation,Restricted ad serving,ca-pub-7784034061253020,4,2024-12-02,2024-12-02
bali.tribunnews.com,Page,N/A,N/A,bali.tribunnews.com/2017/07/17/presenter-cantik-ini-ramai-ramai-tampil-tanpa-sehelai-benang-disiarkan-enam-hari-seminggu,No,Adult: Sexual content,Restricted ad serving,ca-pub-7784034061253020,4,2024-12-02,2024-12-02
bali.tribunnews.com,Page,N/A,N/A,bali.tribunnews.com/2017/04/16/sering-tenggak-miras-dalam-kondisi-perut-kosong-juru-parkir-tewas-muntah-darah,No,Shocking content,Restricted ad serving,ca-pub-7784034061253020,4,2024-12-02,2024-12-02
bali.tribunnews.com,Page,N/A,N/A,bali.tribunnews.com/2016/12/02/bongkar-esek-esek-online-di-tukad-musi-renon-denpasar-polisi-keler-muncikari-dan-psk-22-tahun,No,Adult: Sexual content,Restricted ad serving,ca-pub-7784034061253020,4,2024-12-02,2024-12-02
aceh.tribunnews.com,Page,N/A,N/A,aceh.tribunnews.com/2024/11/14/sahrial-tewas-bersimbah-darah-jasad-korban-ditemukan-di-kebun-kopi,No,Shocking content,Restricted ad serving,ca-pub-7784034061253020,4,2024-12-02,2024-12-02
aceh.tribunnews.com,Page,N/A,N/A,aceh.tribunnews.com/2022/10/11/beredar-video-sejoli-diduga-berbuat-mesum-dalam-tenda-di-gunung-salak-ini-kata-pengelola,Yes,Ads Disguised as Content,Restricted ad serving,ca-pub-7784034061253020,4,2024-12-02,2024-12-02
aceh.tribunnews.com,Page,N/A,N/A,aceh.tribunnews.com/2021/09/02/pemuda-dibunuh-di-deliserdang-pelaku-angga-suganda-ketahuan-curi-besi-hingga-tewas-ditikam,Yes,Ads Disguised as Content,Restricted ad serving,ca-pub-7784034061253020,4,2024-12-02,2024-12-02
aceh.tribunnews.com,Page,N/A,N/A,aceh.tribunnews.com/2019/09/05/6-fakta-kasus-2-wanita-layani-seks-threesome-digerebek-di-hotel-hingga-bertarif-rp-3-juta,No,Adult: Sexual content,Restricted ad serving,ca-pub-7784034061253020,4,2024-12-01,2024-12-01
aceh.tribunnews.com,Page,N/A,N/A,aceh.tribunnews.com/2019/08/21/salah-satu-pemeran-video-vina-garut-positif-hiv-selain-hubungan-seksual-ini-penyebab-lain-hiv,No,Adult: Sexual content,Restricted ad serving,ca-pub-7784034061253020,4,2024-12-02,2024-12-02
www.tribunnews.com,Page,N/A,N/A,www.tribunnews.com/travel/2017/05/06/batu-menyerupai-alat-kelamin-pria-ini-ada-di-indonesia-catat-lokasinya,No,Adult: Sexual content,Restricted ad serving,ca-pub-7784034061253020,3,2024-12-01,2024-12-01
www.tribunnews.com,Page,N/A,N/A,www.tribunnews.com/seleb/2021/11/22/sinopsis-in-the-blood-aksi-seorang-istri-mencari-suaminya-yang-hilang-tayang-malam-ini-di-trans-tv,Yes,Encouraging accidental clicks: Layout;Google-served ads obscuring content,Restricted ad serving,ca-pub-7784034061253020,3,2024-12-01,2024-12-01
www.tribunnews.com,Page,N/A,N/A,www.tribunnews.com/seleb/2020/11/07/heboh-video-asusila-perempuan-berwajah-mirip-dirinya-gisel-trending-topik-di-twitter,No,Google-served ads obscuring content,Restricted ad serving,ca-pub-7784034061253020,3,2024-12-02,2024-12-02
www.tribunnews.com,Page,N/A,N/A,www.tribunnews.com/seleb/2015/10/27/amel-alvi-akui-tubuhnya-pernah-dinikmati-pria-hidung-belang-demi-bayaran-rp-80-juta,No,Adult: Sexual content,Restricted ad serving,ca-pub-7784034061253020,3,2024-12-01,2024-12-01
www.tribunnews.com,Page,N/A,N/A,www.tribunnews.com/regional/2021/11/20/cyber-polres-garut-usut-viralnya-video-asusila-pemerannya-sepasang-kekasih,No,Google-served ads obscuring content,Restricted ad serving,ca-pub-7784034061253020,3,2024-12-02,2024-12-02
www.tribunnews.com,Page,N/A,N/A,www.tribunnews.com/regional/2020/02/13/praktik-prostitusi-berkedok-warkop-di-banyuasin-3-psk-bertarif-rp-150-ribu-sekali-kencan-diamankan,No,Adult: Sexual content;Shocking content,Restricted ad serving,ca-pub-7784034061253020,3,2024-12-01,2024-12-01
www.tribunnews.com,Page,N/A,N/A,www.tribunnews.com/regional/2020/02/01/nekat-buka-baju-demi-saweran-rp-100-ribu-penyanyi-dangdut-ini-terancam-10-tahun-penjara,Yes,Ads Disguised as Content,Restricted ad serving,ca-pub-7784034061253020,3,2024-12-02,2024-12-02
www.tribunnews.com,Page,N/A,N/A,www.tribunnews.com/regional/2019/11/07/razia-di-hotel-kota-batu-bongkar-jaringan-ayam-kampus-dan-prostitusi,No,Adult: Sexual content,Restricted ad serving,ca-pub-7784034061253020,3,2024-12-02,2024-12-02
www.tribunnews.com,Page,N/A,N/A,www.tribunnews.com/regional/2019/10/03/video-viral-pelajar-smk-ditonton-temannya-saat-berhubungan-intim-identitas-pemerannya-terungkap,No,Adult: Sexual content,Restricted ad serving,ca-pub-7784034061253020,3,2024-12-02,2024-12-02
www.tribunnews.com,Page,N/A,N/A,www.tribunnews.com/regional/2019/08/21/kasus-video-vina-garut-satu-pelaku-dinyatakan-hiv-dan-terserang-stroke,No,Adult: Sexual content,Restricted ad serving,ca-pub-7784034061253020,3,2024-12-02,2024-12-02
www.tribunnews.com,Page,N/A,N/A,www.tribunnews.com/regional/2019/07/20/pesta-seks-ala-villa-di-prigen-jatim-diasediakan-berbagai-fasilitas-gratis-asal-bawa-pasangan,No,Adult: Sexual content,Restricted ad serving,ca-pub-7784034061253020,3,2024-12-02,2024-12-02
www.tribunnews.com,Page,N/A,N/A,www.tribunnews.com/regional/2019/05/23/penjaga-warung-warung-berusia-47-tahun-ini-nyambi-jadi-psk-tarifnya-rp-50-ribu-sekali-main,No,Shocking content,Restricted ad serving,ca-pub-7784034061253020,3,2024-12-02,2024-12-02
www.tribunnews.com,Page,N/A,N/A,www.tribunnews.com/regional/2019/04/28/viral-video-mesum-sepasang-remaja-di-sebuah-ruang-igd-rumah-sakit-di-bali,No,Adult: Sexual content,Restricted ad serving,ca-pub-7784034061253020,3,2024-12-02,2024-12-02
www.tribunnews.com,Page,N/A,N/A,www.tribunnews.com/regional/2018/05/27/lokalisasi-di-kaltara-diberantas-mulai-juli,No,Adult: Sexual content,Restricted ad serving,ca-pub-7784034061253020,3,2024-12-01,2024-12-01
www.tribunnews.com,Page,N/A,N/A,www.tribunnews.com/regional/2015/04/18/mau-nginap-mas-short-time-apa-long-time,No,Adult: Sexual content,Restricted ad serving,ca-pub-7784034061253020,3,2024-12-01,2024-12-01
www.tribunnews.com,Page,N/A,N/A,www.tribunnews.com/regional/2013/12/15/video-mesum-mahasiswi-kembali-hebohkan-warga-sumenep,No,Shocking content,Restricted ad serving,ca-pub-7784034061253020,3,2024-12-02,2024-12-02
www.tribunnews.com,Page,N/A,N/A,www.tribunnews.com/regional/2010/10/13/raudah-tewas-disiram-getah-cuka-oleh-suami,Yes,Ads Disguised as Content,Restricted ad serving,ca-pub-7784034061253020,3,2024-12-02,2024-12-02
www.tribunnews.com,Page,N/A,N/A,www.tribunnews.com/metropolitan/2023/02/17/kronologi-pembunuhan-ibu-muda-di-bekasi-korban-ditemukan-bersimbah-darah-anaknya-turut-diculik,No,Shocking content,Restricted ad serving,ca-pub-7784034061253020,3,2024-12-02,2024-12-02
www.tribunnews.com,Page,N/A,N/A,www.tribunnews.com/lifestyle/2015/11/10/ini-ciri-wanita-dan-pria-yang-sering-melakukan-masturbasi,No,Adult: Sexual content,Restricted ad serving,ca-pub-7784034061253020,3,2024-12-01,2024-12-01
www.tribunnews.com,Page,N/A,N/A,www.tribunnews.com/lifestyle/2010/04/28/kecil-tak-masalah-yang-penting-keras-dan-tahan-lama,No,Adult: Sexual content,Restricted ad serving,ca-pub-7784034061253020,3,2024-11-28,2024-12-01
www.tribunnews.com,Page,N/A,N/A,www.tribunnews.com/kesehatan/2016/03/11/saat-organ-vital-suami-terlalu-besar-bagi-istri,No,Adult: Sexual content,Restricted ad serving,ca-pub-7784034061253020,3,2024-12-01,2024-12-01
www.tribunnews.com,Page,N/A,N/A,www.tribunnews.com/kesehatan/2016/02/28/sepuluh-hal-yang-pria-inginkan-dari-pasangannya-di-atas-ranjang,No,Adult: Sexual content,Restricted ad serving,ca-pub-7784034061253020,3,2024-12-01,2024-12-01
www.tribunnews.com,Page,N/A,N/A,www.tribunnews.com/kesehatan/2016/01/21/sudah-hamil-tapi-masih-perawan-ini-penjelasan-ilmiahnya,No,Adult: Sexual content,Restricted ad serving,ca-pub-7784034061253020,3,2024-12-01,2024-12-01
www.tribunnews.com,Page,N/A,N/A,www.tribunnews.com/kesehatan/2014/12/14/mau-cepat-hamil-jangan-berdiri-kalau-habis-berhubungan-seks,No,Adult: Sexual content,Restricted ad serving,ca-pub-7784034061253020,3,2024-12-01,2024-12-01
www.tribunnews.com,Page,N/A,N/A,www.tribunnews.com/kesehatan/2012/11/12/pria-dan-wanita-wajib-belajar-terangsang-kepada-pasangan-seksual,No,Adult: Sexual content,Restricted ad serving,ca-pub-7784034061253020,3,2024-12-01,2024-12-01
www.tribunnews.com,Page,N/A,N/A,www.tribunnews.com/internasional/2016/11/04/ngeri-ada-adegan-malam-pertama-saat-belasan-anak-sd-main-kawin-kawinan,No,Shocking content,Restricted ad serving,ca-pub-7784034061253020,3,2024-12-02,2024-12-02
www.tribunnews.com,Page,N/A,N/A,www.tribunnews.com/internasional/2016/02/09/astaga-makin-banyak-warga-swiss-yang-berhubungan-seks-dengan-kuda,No,Adult: Sexual content,Restricted ad serving,ca-pub-7784034061253020,3,2024-12-01,2024-12-01
www.tribunnews.com,Page,N/A,N/A,www.tribunnews.com/internasional/2016/01/03/tak-kuasa-menahan-nafsu-pria-ini-perkosa-keledai-betina,No,Adult: Sexual content,Restricted ad serving,ca-pub-7784034061253020,3,2024-12-01,2024-12-01
wow.tribunnews.com,Page,N/A,N/A,wow.tribunnews.com/2019/10/07/viral-pasangan-bugil-mesum-di-jalan-terekam-kamera-google-street-view-ini-penjelasannya,No,Adult: Sexual content,Restricted ad serving,ca-pub-7784034061253020,3,2024-12-02,2024-12-02
wow.tribunnews.com,Page,N/A,N/A,wow.tribunnews.com/2017/10/25/heboh-video-mesum-diduga-aktrisnya-siswi-sma-ini-3-video-hot-pelajar-yang-pernah-beredar,No,Adult: Sexual content,Restricted ad serving,ca-pub-7784034061253020,3,2024-12-01,2024-12-01
wartakota.tribunnews.com,Page,N/A,N/A,wartakota.tribunnews.com/2022/11/06/fakta-baru-video-mesum-wanita-kebaya-merah-diperankan-influencer-cantik-polisi-periksa-kamar-hotel,Yes,Ads Disguised as Content,Restricted ad serving,ca-pub-7784034061253020,3,2024-12-01,2024-12-01
wartakota.tribunnews.com,Page,N/A,N/A,wartakota.tribunnews.com/2018/01/25/dua-pemandu-lagu-kepergok-begituan-dengan-2-tamu-pria-saat-digrebek-di-karaoke-kimura-madiun,No,Shocking content,Restricted ad serving,ca-pub-7784034061253020,3,2024-12-02,2024-12-02
wartakota.tribunnews.com,Page,N/A,N/A,wartakota.tribunnews.com/2018/01/24/nafsu-setan-abg-ini-memuncak-saat-lihat-cewek-tidur-di-ruang-tamu-berpakaian-tersingkap,No,Adult: Sexual content,Restricted ad serving,ca-pub-7784034061253020,3,2024-12-02,2024-12-02
wartakota.tribunnews.com,Page,N/A,N/A,wartakota.tribunnews.com/2017/10/22/video-viral-kids-jaman-now-bergantian-hisap-vape-masih-pakai-seragam-sd,No,Tobacco,Restricted ad serving,ca-pub-7784034061253020,3,2024-12-02,2024-12-02
wartakota.tribunnews.com,Page,N/A,N/A,wartakota.tribunnews.com/2017/07/29/wow-ternyata-disck-jockey-yang-joget-hot-bareng-pamela-safitri-jual-alat-pembesar-payudara,Yes,Adult: Sexual content;Site Behavior: Navigation,Restricted ad serving,ca-pub-7784034061253020,3,2024-12-03,2024-12-03
wartakota.tribunnews.com,Page,N/A,N/A,wartakota.tribunnews.com/2015/05/27/payudara-duo-serigala-paling-tinggi-jadi-pembicaraan-netizen,No,Shocking content,Restricted ad serving,ca-pub-7784034061253020,3,2024-12-02,2024-12-02
wartakota.tribunnews.com,Page,N/A,N/A,wartakota.tribunnews.com/2014/10/10/siswi-smp-diancam-dibunuh-jika-tolak-direkam-beradegan-mesum,No,Adult: Sexual content,Restricted ad serving,ca-pub-7784034061253020,3,2024-12-02,2024-12-02
wartakota.tribunnews.com,Page,N/A,N/A,wartakota.tribunnews.com/2013/11/02/ini-daftar-alat-bantu-seks-terpopuler,No,Adult: Sexual content,Restricted ad serving,ca-pub-7784034061253020,3,2024-12-01,2024-12-01
video.tribunnews.com,Page,N/A,N/A,video.tribunnews.com/view/94589/dua-wanita-tanpa-busana-tertangkap-saat-jajakan-jasa-threesome-keliling-indonesia,No,Adult: Sexual content,Restricted ad serving,ca-pub-7784034061253020,3,2024-12-01,2024-12-01
suryamalang.tribunnews.com,Page,N/A,N/A,suryamalang.tribunnews.com/tag/wanita,No,Adult: Sexual content,Restricted ad serving,ca-pub-7784034061253020,3,2024-12-01,2024-12-01
suryamalang.tribunnews.com,Page,N/A,N/A,suryamalang.tribunnews.com/2022/11/04/pemeran-wanita-video-kebaya-merah-di-kamar-hotel-itu-berakting-seperti-bintang-film-dewasa,Yes,Ads Disguised as Content,Restricted ad serving,ca-pub-7784034061253020,3,2024-12-01,2024-12-01
suryamalang.tribunnews.com,Page,N/A,N/A,suryamalang.tribunnews.com/2019/12/13/ada-yang-telanjang-dada-selain-video-2-gadis-cantik-mandi-keramas-sambil-naik-motor-di-mojokerto,No,Adult: Sexual content;Shocking content,Restricted ad serving,ca-pub-7784034061253020,3,2024-12-01,2024-12-01
suryamalang.tribunnews.com,Page,N/A,N/A,suryamalang.tribunnews.com/2018/04/12/lanjutan-pelajar-tulungagung-yang-kepergok-telanjang-di-kamar-ceweknya-polisi-sampai-lakukan-ini,No,Adult: Sexual content,Restricted ad serving,ca-pub-7784034061253020,3,2024-12-02,2024-12-02
suryamalang.tribunnews.com,Page,N/A,N/A,suryamalang.tribunnews.com/2017/10/16/kostum-dj-dinar-candy-dan-pamela-safitri-bikin-heboh-netizen-coba-perhatikan-itunya,No,Adult: Sexual content,Restricted ad serving,ca-pub-7784034061253020,3,2024-12-03,2024-12-03
suryamalang.tribunnews.com,Page,N/A,N/A,suryamalang.tribunnews.com/2017/07/18/jomblo-ngenes-dan-kesepian-cewek-ini-bercinta-dengan-belut-dan-disiarkan-langsung-di-medsos,No,Adult: Sexual content,Restricted ad serving,ca-pub-7784034061253020,3,2024-12-02,2024-12-02
suryamalang.tribunnews.com,Page,N/A,N/A,suryamalang.tribunnews.com/2016/12/23/mahir-dalam-urusan-posisi-bercinta-tidak-menjamin-kepuasan-cara-sederhana-ini-bisa-bikin-istri-puas,No,Adult: Sexual content,Restricted ad serving,ca-pub-7784034061253020,3,2024-12-01,2024-12-01
suryamalang.tribunnews.com,Page,N/A,N/A,suryamalang.tribunnews.com/2016/12/15/wanita-mirip-barbie-ini-ternyata-asal-indonesia-pengakuannya-mengejutkan,No,Shocking content,Restricted ad serving,ca-pub-7784034061253020,3,2024-12-02,2024-12-02
surabaya.tribunnews.com,Page,N/A,N/A,surabaya.tribunnews.com/2009/06/01/pevita-pearce-asyik-dengan-sex-toy,No,Adult: Sexual content,Restricted ad serving,ca-pub-7784034061253020,3,2024-12-01,2024-12-01
sumsel.tribunnews.com,Page,N/A,N/A,sumsel.tribunnews.com/2017/06/28/demi-kumpulkan-uang-wanita-cantik-ini-rela-payudaranya-diremas-pria,No,Adult: Sexual content,Restricted ad serving,ca-pub-7784034061253020,3,2024-12-02,2024-12-02
style.tribunnews.com,Page,N/A,N/A,style.tribunnews.com/amp/2017/01/29/ini-dia-5-wanita-bintang-film-panas-terfavorit-2017-adakah-artis-favoritmu,No,Adult: Sexual content,Restricted ad serving,ca-pub-7784034061253020,3,2024-12-02,2024-12-02
style.tribunnews.com,Page,N/A,N/A,style.tribunnews.com/2017/08/14/arti-nama-dua-lipa-penyanyi-cantik-yang-lagi-hits-banget-maknanya-diinginkan-kaum-jomblo,Yes,Site Behavior: Navigation,Restricted ad serving,ca-pub-7784034061253020,3,2024-12-01,2024-12-01
style.tribunnews.com,Page,N/A,N/A,style.tribunnews.com/2016/10/29/fakta-fakta-menarik-ryoko-nakaoka-pemilik-dada-terindah-dari-jepang,Yes,Adult: Sexual content;Site Behavior: Navigation,Restricted ad serving,ca-pub-7784034061253020,3,2024-12-02,2024-12-02
solo.tribunnews.com,Page,N/A,N/A,solo.tribunnews.com/2019/10/04/beredar-video-di-instagram-adegan-panas-beby-fey-dengan-seorang-pria-siapakah-sosoknya,No,Adult: Sexual content,Restricted ad serving,ca-pub-7784034061253020,3,2024-12-01,2024-12-01
solo.tribunnews.com,Page,N/A,N/A,solo.tribunnews.com/2018/03/21/kejutkan-pengguna-jalan-papan-reklame-elektronik-di-filipina-tak-sengaja-tampilkan-film-porno,No,Adult: Sexual content,Restricted ad serving,ca-pub-7784034061253020,3,2024-12-02,2024-12-02
solo.tribunnews.com,Page,N/A,N/A,solo.tribunnews.com/2016/05/05/boneka-seks-ala-wanita-cantik-jepang-ini-dibanderol-seharga-rp-130-jutaan-berminat,No,Adult: Sexual content,Restricted ad serving,ca-pub-7784034061253020,3,2024-12-02,2024-12-02
pontianak.tribunnews.com,Page,N/A,N/A,pontianak.tribunnews.com/2019/07/13/ahli-beberkan-suami-melihat-istri-melahirkan-bisa-pengaruhi-efek-trauma-hingga-gairah-seksnya,No,Adult: Sexual content,Restricted ad serving,ca-pub-7784034061253020,3,2024-12-03,2024-12-03
pontianak.tribunnews.com,Page,N/A,N/A,pontianak.tribunnews.com/2016/03/04/dunia-maya-geger-seorang-siswi-sd-posting-foto-telanjangnya-bersama-pacarnya-di-facebook,No,Google-served ads obscuring content,Restricted ad serving,ca-pub-7784034061253020,3,2024-12-02,2024-12-02
pontianak.tribunnews.com,Page,N/A,N/A,pontianak.tribunnews.com/2015/06/14/lupakan-kuantitas-fokuslah-pada-kualitas-bercinta,No,Adult: Sexual content,Restricted ad serving,ca-pub-7784034061253020,3,2024-12-01,2024-12-01
pontianak.tribunnews.com,Page,N/A,N/A,pontianak.tribunnews.com/2014/01/13/boneka-cantik-ini-bisa-memberi-layanan-bagi-pria-kesepian,No,Adult: Sexual content,Restricted ad serving,ca-pub-7784034061253020,3,2024-12-01,2024-12-01
pekanbaru.tribunnews.com,Page,N/A,N/A,pekanbaru.tribunnews.com/2022/06/17/lagi-mandi-tak-berbusana-cewek-ini-video-call-dengan-pacar-apes-videonya-tersebar-dan-viral,Yes,Ads Disguised as Content;Google-served ads obscuring content,Restricted ad serving,ca-pub-7784034061253020,3,2024-12-01,2024-12-01
palembang.tribunnews.com,Page,N/A,N/A,palembang.tribunnews.com/2020/11/30/video-syur-mirip-gisel-19-detik-yang-asli-disorot-pakar-roy-curiga-hasil-curian-berasal-dari-mana,No,Google-served ads obscuring content,Restricted ad serving,ca-pub-7784034061253020,3,2024-12-01,2024-12-01
palembang.tribunnews.com,Page,N/A,N/A,palembang.tribunnews.com/2017/12/17/pamer-tubuh-semok-nekat-live-berhubungan-dengan-suami-wanita-ini-bikin-syok-perlihatkan-itunya,No,Adult: Sexual content,Restricted ad serving,ca-pub-7784034061253020,3,2024-12-02,2024-12-02
palembang.tribunnews.com,Page,N/A,N/A,palembang.tribunnews.com/2017/08/04/astaga-beredar-foto-dua-abg-pamer-itunya-di-media-sosial-netizen-dibuat-panas,No,Adult: Sexual content,Restricted ad serving,ca-pub-7784034061253020,3,2024-12-01,2024-12-01
palembang.tribunnews.com,Page,N/A,N/A,palembang.tribunnews.com/2017/07/08/biadab-pria-ini-dipaksa-setubuhi-anjing-hingga-disuruh-makan-itunya-sendiri-sungguh-keji,No,Shocking content,Restricted ad serving,ca-pub-7784034061253020,3,2024-12-03,2024-12-03
palembang.tribunnews.com,Page,N/A,N/A,palembang.tribunnews.com/2017/06/16/dengan-baju-super-ketat-dan-nyaris-transparan-pamela-duo-srigala-bak-wanita-akhir-zaman,No,Adult: Sexual content,Restricted ad serving,ca-pub-7784034061253020,3,2024-12-02,2024-12-02
palembang.tribunnews.com,Page,N/A,N/A,palembang.tribunnews.com/2017/05/23/astaga-model-playboy-ini-pose-bugil-di-air-terjun-begini-penampakannya-bikin-panas-dingin,No,Adult: Sexual content,Restricted ad serving,ca-pub-7784034061253020,3,2024-12-01,2024-12-01
palembang.tribunnews.com,Page,N/A,N/A,palembang.tribunnews.com/2016/06/26/dibacok-membabi-buta-agus-salim-tewas-mengenaskan,Yes,Ads Disguised as Content,Restricted ad serving,ca-pub-7784034061253020,3,2024-12-01,2024-12-01
medan.tribunnews.com,Page,N/A,N/A,medan.tribunnews.com/2022/10/17/terjebak-saat-tawuran-seorang-remaja-tewas-dibacoki-di-bokong-dan-punggung,Yes,Ads Disguised as Content;Shocking content,Restricted ad serving,ca-pub-7784034061253020,3,2024-12-01,2024-12-01
medan.tribunnews.com,Page,N/A,N/A,medan.tribunnews.com/2020/07/01/foto-foto-panas-ri-sol-ju-istri-sang-kim-jong-un-disebar-pembelot-dulu-disebut-pemain-film-dewasa,No,Shocking content,Restricted ad serving,ca-pub-7784034061253020,3,2024-12-02,2024-12-02
medan.tribunnews.com,Page,N/A,N/A,medan.tribunnews.com/2019/11/16/menteri-kesehatan-zimbabwe-mengeluh-ukuran-kondom-impor-buatan-cina-terlalu-kecil,No,Adult: Sexual content,Restricted ad serving,ca-pub-7784034061253020,3,2024-12-01,2024-12-01
medan.tribunnews.com,Page,N/A,N/A,medan.tribunnews.com/2019/08/25/video-mesum-eks-karyawati-bank-berdurasi-17-detik-viral-di-grup-grup-whatsapp,No,Adult: Sexual content,Restricted ad serving,ca-pub-7784034061253020,3,2024-12-02,2024-12-02
medan.tribunnews.com,Page,N/A,N/A,medan.tribunnews.com/2019/07/23/video-tanpa-busana-siswi-smk-tersebar-pelakunya-pacar-sendiri-karena-menolak-hubungan-intim,No,Adult: Sexual content,Restricted ad serving,ca-pub-7784034061253020,3,2024-12-02,2024-12-02
medan.tribunnews.com,Page,N/A,N/A,medan.tribunnews.com/2018/12/09/koleksi-1100-video-dan-foto-bugil-mahasiswi-dan-guru-honorer-simak-pengakuan-sang-playboy-kampus,No,Adult: Sexual content,Restricted ad serving,ca-pub-7784034061253020,3,2024-12-02,2024-12-02
medan.tribunnews.com,Page,N/A,N/A,medan.tribunnews.com/2017/12/21/pria-pemilik-mr-p-terpanjang-cari-pendamping-dan-ingin-jadi-bintang-film-dewasa,No,Adult: Sexual content,Restricted ad serving,ca-pub-7784034061253020,3,2024-12-02,2024-12-02
medan.tribunnews.com,Page,N/A,N/A,medan.tribunnews.com/2017/10/19/jangan-sembarangan-pakai-sex-toy-3-penyakit-ini-bisa-mengintai,No,Adult: Sexual content,Restricted ad serving,ca-pub-7784034061253020,3,2024-12-01,2024-12-01
medan.tribunnews.com,Page,N/A,N/A,medan.tribunnews.com/2017/09/20/pikir-pikir-pakai-sex-toys-penyakit-berbahaya-ini-mengintai-anda,No,Adult: Sexual content,Restricted ad serving,ca-pub-7784034061253020,3,2024-12-02,2024-12-02
medan.tribunnews.com,Page,N/A,N/A,medan.tribunnews.com/2017/05/28/miyabi-si-mantan-bintang-film-porno-ucapkan-selamat-ramadan-teringat-nikita-mirzani,No,Shocking content,Restricted ad serving,ca-pub-7784034061253020,3,2024-12-01,2024-12-01
medan.tribunnews.com,Page,N/A,N/A,medan.tribunnews.com/2017/05/27/hilang-perawan-15-tahun-perempuan-ini-ketagihan-hubungan-seks-harus-gituan-tiap-hari,No,Adult: Sexual content,Restricted ad serving,ca-pub-7784034061253020,3,2024-12-02,2024-12-02
medan.tribunnews.com,Page,N/A,N/A,medan.tribunnews.com/2017/01/30/pria-ini-tawar-psk-pinggir-jalan-begituan-tanpa-kondom-respons-wanita-ini-tak-disangka,No,Adult: Sexual content,Restricted ad serving,ca-pub-7784034061253020,3,2024-12-02,2024-12-02
mataraman.tribunnews.com,Page,N/A,N/A,mataraman.tribunnews.com/2023/12/23/siswi-smp-ditemukan-tewas-di-sekitar-goa-jegles-kabupaten-kediri-ditubuhnya-ada-luka-tusuk,No,Shocking content,Restricted ad serving,ca-pub-7784034061253020,3,2024-12-01,2024-12-01
mataram.tribunnews.com,Page,N/A,N/A,mataram.tribunnews.com/2020/03/14/3-cerita-pemijat-go-massage-dipaksa-layani-nafsu-pelanggan-order-tengah-malam-sampai-1-kamar-5-pria,No,Shocking content,Restricted ad serving,ca-pub-7784034061253020,3,2024-12-01,2024-12-01
manado.tribunnews.com,Page,N/A,N/A,manado.tribunnews.com/2021/12/19/wanita-penghibur-di-bandung-banting-harga-karena-pandemi-bersedia-temani-pria-dengan-tarif-segini,Yes,Ads Disguised as Content,Restricted ad serving,ca-pub-7784034061253020,3,2024-12-03,2024-12-03
manado.tribunnews.com,Page,N/A,N/A,manado.tribunnews.com/2019/10/07/menyusuri-tkb-manado-malam-hari-taman-yang-jadi-lokasi-prostitusi-ilegal-orang-di-sini-8-huruf,No,Shocking content,Restricted ad serving,ca-pub-7784034061253020,3,2024-12-02,2024-12-02
manado.tribunnews.com,Page,N/A,N/A,manado.tribunnews.com/2019/07/29/pramugari-jual-diri-dalam-pesawat-main-di-toilet-bareng-penumpang-hingga-tarif-semenit-rp-131-ribu,No,Shocking content,Restricted ad serving,ca-pub-7784034061253020,3,2024-12-02,2024-12-02
manado.tribunnews.com,Page,N/A,N/A,manado.tribunnews.com/2019/06/20/god-bless-park-ikon-kota-ini-di-era-milenial,No,Adult: Sexual content,Restricted ad serving,ca-pub-7784034061253020,3,2024-12-02,2024-12-02
manado.tribunnews.com,Page,N/A,N/A,manado.tribunnews.com/2019/04/23/viral-video-mastrubasi-artis-gandhi-berdurasi-1-menit-44-detik-dari-berdiri-hingga-duduk-di-sofa,No,Adult: Sexual content;Shocking content,Restricted ad serving,ca-pub-7784034061253020,3,2024-12-01,2024-12-01
manado.tribunnews.com,Page,N/A,N/A,manado.tribunnews.com/2019/01/31/heboh-video-mesum-remaja-menyebar-diwhatsapp-lokasi-pengambilan-video-diduga-di-langowan-minahasa,No,Shocking content,Restricted ad serving,ca-pub-7784034061253020,3,2024-12-01,2024-12-01
makassar.tribunnews.com,Page,N/A,N/A,makassar.tribunnews.com/2022/11/09/wajah-asli-pemeran-kebaya-merah-punya-92-video-asusila-dan-dibayar-rp-750-ribu,Yes,Ads Disguised as Content,Restricted ad serving,ca-pub-7784034061253020,3,2024-12-02,2024-12-02
makassar.tribunnews.com,Page,N/A,N/A,makassar.tribunnews.com/2019/12/25/heboh-video-mesum-dan-ngaku-perawan-ini-4-kasus-cupi-cupita-goyang-basah-prostitusi-kemben-melorot,No,Adult: Sexual content,Restricted ad serving,ca-pub-7784034061253020,3,2024-12-01,2024-12-01
makassar.tribunnews.com,Page,N/A,N/A,makassar.tribunnews.com/2019/08/30/viral-begal-payudara-di-tangerang-tak-hanya-meremas-buah-dada-wanita-tapi,No,Adult: Sexual content,Restricted ad serving,ca-pub-7784034061253020,3,2024-12-02,2024-12-02
makassar.tribunnews.com,Page,N/A,N/A,makassar.tribunnews.com/2019/08/27/video-nikita-mirzani-lagi-mandi-dan-vanessa-angel-bikin-panas-netizen-foto-gisel-tak-kalah-hot,No,Shocking content,Restricted ad serving,ca-pub-7784034061253020,3,2024-12-01,2024-12-01
makassar.tribunnews.com,Page,N/A,N/A,makassar.tribunnews.com/2015/10/20/bejat-pria-paruh-baya-ini-onani-di-depan-penumpang-wanita,No,Adult: Sexual content,Restricted ad serving,ca-pub-7784034061253020,3,2024-12-01,2024-12-01
m.tribunnews.com,Page,N/A,N/A,m.tribunnews.com/tag/zoophilia,No,Adult: Sexual content,Restricted ad serving,ca-pub-7784034061253020,3,2024-12-02,2024-12-02
m.tribunnews.com,Page,N/A,N/A,m.tribunnews.com/tag/boneka-seks,No,Adult: Sexual content,Restricted ad serving,ca-pub-7784034061253020,3,2024-12-01,2024-12-01
m.tribunnews.com,Page,N/A,N/A,m.tribunnews.com/amp/regional/2013/08/11/10-tetes-langsung-bereaksi,No,Adult: Sexual content,Restricted ad serving,ca-pub-7784034061253020,3,2024-12-01,2024-12-01
lampung.tribunnews.com,Page,N/A,N/A,lampung.tribunnews.com/amp/2018/01/24/foto-telanjang-artis-artis-indonesia-yang-beredar-di-internet-no-4-blak-blakan,No,Adult: Sexual content,Restricted ad serving,ca-pub-7784034061253020,3,2024-12-01,2024-12-01
lampung.tribunnews.com,Page,N/A,N/A,lampung.tribunnews.com/2015/11/28/menantu-diikat-tanpa-baju-di-pohon-karena-tolak-layani-nafsu-bejat-sang-mertua,Yes,Site Behavior: Navigation,Restricted ad serving,ca-pub-7784034061253020,3,2024-12-01,2024-12-01
kupang.tribunnews.com,Page,N/A,N/A,kupang.tribunnews.com/tag/bintang-film-dewasa,No,Adult: Sexual content,Restricted ad serving,ca-pub-7784034061253020,3,2024-12-02,2024-12-02
kupang.tribunnews.com,Page,N/A,N/A,kupang.tribunnews.com/amp/2019/03/23/jangan-malu-ajaklah-suami-untuk-berhubungan-intim-ini-hukumnya-istri-minta-duluan-menurut-islam,No,Adult: Sexual content,Restricted ad serving,ca-pub-7784034061253020,3,2024-12-01,2024-12-01
kupang.tribunnews.com,Page,N/A,N/A,kupang.tribunnews.com/2024/08/07/penyediaan-alat-kontrasepsi-untuk-pelajar-tuai-pro-kontra-dianggap-legalkan-seks-bebas,No,Adult: Sexual content,Restricted ad serving,ca-pub-7784034061253020,3,2024-12-02,2024-12-02
kupang.tribunnews.com,Page,N/A,N/A,kupang.tribunnews.com/2022/11/01/video-viral-tiktok-video-syur-perempuan-berkebaya-merah-digoda-di-kamar-hotel-lepas-handuk,Yes,Ads Disguised as Content,Restricted ad serving,ca-pub-7784034061253020,3,2024-12-02,2024-12-02
kupang.tribunnews.com,Page,N/A,N/A,kupang.tribunnews.com/2021/04/10/mau-rasakan-bule-uzbekistan-tarifnya-hingga-rp-25-juta-ini-awal-mula-robby-gaet-gadis-mulus-anu,Yes,Encouraging accidental clicks: Layout;Google-served ads obscuring content,Restricted ad serving,ca-pub-7784034061253020,3,2024-12-02,2024-12-02
kupang.tribunnews.com,Page,N/A,N/A,kupang.tribunnews.com/2019/08/03/sediakan-servis-bercinta-bertiga-gadis-di-bawah-umur-dipekerjakan-di-panti-pijat-plus-plus,No,Adult: Sexual content,Restricted ad serving,ca-pub-7784034061253020,3,2024-12-01,2024-12-01
kupang.tribunnews.com,Page,N/A,N/A,kupang.tribunnews.com/2018/11/05/benarkah-perempuan-gemuk-dianggap-sebagai-partner-berhubungan-seks-paling-memuaskan,No,Adult: Sexual content,Restricted ad serving,ca-pub-7784034061253020,3,2024-12-02,2024-12-02
kupang.tribunnews.com,Page,N/A,N/A,kupang.tribunnews.com/2016/04/20/hmm-berapa-ukuran-ideal-mr-p,No,Adult: Sexual content,Restricted ad serving,ca-pub-7784034061253020,3,2024-12-01,2024-12-01
kaltim.tribunnews.com,Page,N/A,N/A,kaltim.tribunnews.com/2017/11/16/bisa-bikin-nelayan-kaya-mendadak-inilah-keistimewaan-muntah-paus-yang-mencapai-miliaran-rupiah,No,Shocking content,Restricted ad serving,ca-pub-7784034061253020,3,2024-12-01,2024-12-01
kaltim.tribunnews.com,Page,N/A,N/A,kaltim.tribunnews.com/2015/12/24/video-beda-dari-yang-lain-mungkin-inilah-iklan-kondom-paling-jorok-di-dunia,No,Adult: Sexual content,Restricted ad serving,ca-pub-7784034061253020,3,2024-12-02,2024-12-02
kalteng.tribunnews.com,Page,N/A,N/A,kalteng.tribunnews.com/2016/12/12/waw-mandi-telanjang-di-sungai-mahakam-lihat-yang-terjadi-pada-wanita-ini,No,Shocking content,Restricted ad serving,ca-pub-7784034061253020,3,2024-12-02,2024-12-02
jogja.tribunnews.com,Page,N/A,N/A,jogja.tribunnews.com/2016/06/02/prostitusi-berkedok-tempat-perawatan-tubuh-marak-di-kalasan,No,Adult: Sexual content,Restricted ad serving,ca-pub-7784034061253020,3,2024-12-02,2024-12-02
jatim.tribunnews.com,Page,N/A,N/A,jatim.tribunnews.com/2018/03/01/tewas-di-pelabuhan-pasuruan-kondisi-tubuh-pria-ini-sangat-mengerikan,No,Shocking content,Restricted ad serving,ca-pub-7784034061253020,3,2024-12-01,2024-12-01
jatim.tribunnews.com,Page,N/A,N/A,jatim.tribunnews.com/2017/07/26/kisah-hidup-wanita-kupu-kupu-malam-yang-ditinggal-suaminya-hingga-kebobolan-saat-layani-pelanggannya,No,Adult: Sexual content,Restricted ad serving,ca-pub-7784034061253020,3,2024-12-02,2024-12-02
jatim-timur.tribunnews.com,Page,N/A,N/A,jatim-timur.tribunnews.com/2024/03/21/viral-video-bocah-di-tapanuli-tengah-disiksa-tante-dimasukkan-ke-dalam-karung-pelaku-diamankan,Yes,Google-served ads obscuring content;Modified Javascript: Ads by Google size,Restricted ad serving,ca-pub-7784034061253020,3,2024-12-02,2024-12-02
jateng.tribunnews.com,Page,N/A,N/A,jateng.tribunnews.com/2023/08/29/2-kelompok-gangster-tawuran-di-flyover-yos-sudarso-semarang-ada-mercon-dan-celurit-1-meter,No,Google-served ads obscuring content,Restricted ad serving,ca-pub-7784034061253020,3,2024-12-03,2024-12-03
jateng.tribunnews.com,Page,N/A,N/A,jateng.tribunnews.com/2019/01/23/suami-siri-paksa-istri-yang-berusia-18-tahun-layani-hubungan-intim-mertua-temannya-di-video-call,No,Adult: Sexual content,Restricted ad serving,ca-pub-7784034061253020,3,2024-12-01,2024-12-01
jateng.tribunnews.com,Page,N/A,N/A,jateng.tribunnews.com/2018/02/19/kronologi-pembunuhan-wanita-di-hutan-blora-dari-rayuan-berhubungan-intim-hingga-diminumi-apotas,No,Shocking content,Restricted ad serving,ca-pub-7784034061253020,3,2024-12-01,2024-12-01
jateng.tribunnews.com,Page,N/A,N/A,jateng.tribunnews.com/2018/01/18/ngeri-ternyata-inilah-sederet-dampak-negatif-sering-nonton-bokep-no-4-paling-fatal,No,Adult: Sexual content,Restricted ad serving,ca-pub-7784034061253020,3,2024-12-02,2024-12-02
jateng.tribunnews.com,Page,N/A,N/A,jateng.tribunnews.com/2016/10/19/tali-bra-mengintip-di-balik-baju-bikin-pria-bergairah,No,Adult: Sexual content,Restricted ad serving,ca-pub-7784034061253020,3,2024-12-01,2024-12-01
jateng.tribunnews.com,Page,N/A,N/A,jateng.tribunnews.com/2016/09/17/membongkar-praktik-pijat-plus-plus-dan-inilah-kehebohan-saat-penggerebekannya,No,Adult: Sexual content,Restricted ad serving,ca-pub-7784034061253020,3,2024-12-01,2024-12-01
jateng.tribunnews.com,Page,N/A,N/A,jateng.tribunnews.com/2016/08/01/jadi-pemuas-nafsu-di-malaysia-para-korban-berparas-cantik-ini-direkrut-lewat-media-sosial,No,Shocking content,Restricted ad serving,ca-pub-7784034061253020,3,2024-12-01,2024-12-01
jateng.tribunnews.com,Page,N/A,N/A,jateng.tribunnews.com/2016/02/04/video-gadis-cantik-ini-tiba-tiba-telanjang-mau-menari-streap-tease-di-bus,Yes,Site Behavior: Navigation,Restricted ad serving,ca-pub-7784034061253020,3,2024-12-02,2024-12-02
jambi.tribunnews.com,Page,N/A,N/A,jambi.tribunnews.com/tag/posisi-bercinta,No,Adult: Sexual content,Restricted ad serving,ca-pub-7784034061253020,3,2024-12-02,2024-12-02
jambi.tribunnews.com,Page,N/A,N/A,jambi.tribunnews.com/amp/2019/10/02/berikut-foto-30-gadis-jepang-yang-sering-pamerkan-bagian-dalam-tubuhnya-meski-pakai-baju-transparan,No,Adult: Sexual content,Restricted ad serving,ca-pub-7784034061253020,3,2024-12-01,2024-12-01
jambi.tribunnews.com,Page,N/A,N/A,jambi.tribunnews.com/2019/11/20/4-artis-cantik-ini-hobi-nonton-film-dewasa-ada-yang-ketahuan-sering-praktek-bahkan-hingga-muntah,No,Adult: Sexual content,Restricted ad serving,ca-pub-7784034061253020,3,2024-12-02,2024-12-02
jambi.tribunnews.com,Page,N/A,N/A,jambi.tribunnews.com/2019/09/06/pensiunan-68-tahun-tepergok-mesum-dengan-sapi-betina-pemilik-sapi-bikin-laporan-ke-polisi,No,Google-served ads obscuring content,Restricted ad serving,ca-pub-7784034061253020,3,2024-12-01,2024-12-01
jambi.tribunnews.com,Page,N/A,N/A,jambi.tribunnews.com/2019/07/18/video-pasangan-lengket-usai-berhubungan-intim-viral-ini-penjelasan-medis-tentang-fenomena-gancet,No,Adult: Sexual content,Restricted ad serving,ca-pub-7784034061253020,3,2024-12-02,2024-12-02
jambi.tribunnews.com,Page,N/A,N/A,jambi.tribunnews.com/2018/08/28/3-posisi-ini-direkomendasikan-untuk-si-pemilik-tubuh-gemuk-saat-berhubungan-intim,No,Adult: Sexual content,Restricted ad serving,ca-pub-7784034061253020,3,2024-12-02,2024-12-02
jambi.tribunnews.com,Page,N/A,N/A,jambi.tribunnews.com/2018/04/14/bertemu-suami-sebulan-sekali-berhubungan-lebih-dari-10-kali-sehari-adakah-efek-sampingnya,No,Adult: Sexual content,Restricted ad serving,ca-pub-7784034061253020,3,2024-12-01,2024-12-01
jambi.tribunnews.com,Page,N/A,N/A,jambi.tribunnews.com/2018/03/01/5-posisi-hubungan-intim-yang-diinginkan-wanita-agar-cepat-klimaks-nomor-3-bikin-meleleh,No,Adult: Sexual content,Restricted ad serving,ca-pub-7784034061253020,3,2024-12-01,2024-12-01
jambi.tribunnews.com,Page,N/A,N/A,jambi.tribunnews.com/2018/02/09/video-tidak-kuat-jangan-melihatnya-ini-yang-terjadi-pada-tato-yang-terinfeksi,Yes,Google-served ads obscuring content;Modified Javascript: Ads by Google size,Restricted ad serving,ca-pub-7784034061253020,3,2024-12-01,2024-12-01
jambi.tribunnews.com,Page,N/A,N/A,jambi.tribunnews.com/2017/08/08/liburan-cabul-ala-tante-tante-kaya-incar-pria-pengungsi-dan-tanggung-biaya-hidup-dengan-syarat,No,Adult: Sexual content,Restricted ad serving,ca-pub-7784034061253020,3,2024-12-02,2024-12-02
jambi.tribunnews.com,Page,N/A,N/A,jambi.tribunnews.com/2017/07/15/konon-penyuka-warna-merah-sangat-agresif-di-ranjang,No,Adult: Sexual content,Restricted ad serving,ca-pub-7784034061253020,3,2024-12-01,2024-12-01
jambi.tribunnews.com,Page,N/A,N/A,jambi.tribunnews.com/2017/04/24/deretan-foto-seksi-aura-kasih-di-sampul-majalah-pria-dewasa-gambar-terakhir-nggak-pakai-bawahan,Yes,Site Behavior: Navigation,Restricted ad serving,ca-pub-7784034061253020,3,2024-12-02,2024-12-02
jambi.tribunnews.com,Page,N/A,N/A,jambi.tribunnews.com/2015/02/03/mudahnya-menemukan-gadis-panggilan-dari-yang-abg-sampai-senior,No,Adult: Sexual content,Restricted ad serving,ca-pub-7784034061253020,3,2024-12-01,2024-12-01
jakarta.tribunnews.com,Page,N/A,N/A,jakarta.tribunnews.com/2018/10/02/viral-video-mesum-mahasiswa-uin-bandung-reaksi-kampus-hingga-pelaku-diburu,No,Adult: Sexual content,Restricted ad serving,ca-pub-7784034061253020,3,2024-12-01,2024-12-01
jakarta.tribunnews.com,Page,N/A,N/A,jakarta.tribunnews.com/2018/02/13/dagang-alat-bantu-omset-paling-kecil-rp-35-juta-per-bulan,No,Adult: Sexual content,Restricted ad serving,ca-pub-7784034061253020,3,2024-12-02,2024-12-02
jakarta.tribunnews.com,Page,N/A,N/A,jakarta.tribunnews.com/2018/02/09/anaknya-iseng-buat-video-mesum-sang-ibu-menangis,No,Adult: Sexual content,Restricted ad serving,ca-pub-7784034061253020,3,2024-12-01,2024-12-01
jabar.tribunnews.com,Page,N/A,N/A,jabar.tribunnews.com/2021/06/26/2-pemuda-rudapaksa-wanita-yang-diduga-odgj-aksi-keduanya-terekam-kamera-etle,No,Shocking content,Restricted ad serving,ca-pub-7784034061253020,3,2024-12-01,2024-12-01
jabar.tribunnews.com,Page,N/A,N/A,jabar.tribunnews.com/2017/07/29/makin-mesra-nikita-willy-pamer-foto-sedang-lakukan-ini-dengan-pacarnya-di-atas-ranjang,No,Google-served ads obscuring content,Restricted ad serving,ca-pub-7784034061253020,3,2024-12-01,2024-12-01
bengkulu.tribunnews.com,Page,N/A,N/A,bengkulu.tribunnews.com/2024/05/02/giselle-trending-x-muncul-video-hot-berdurasi-15-menit-dan-caption-armageddon-code,Yes,Google-served ads obscuring content;Modified Javascript: Ads by Google size,Restricted ad serving,ca-pub-7784034061253020,3,2024-12-01,2024-12-01
belitung.tribunnews.com,Page,N/A,N/A,belitung.tribunnews.com/2019/05/25/kakek-shigeo-jadi-bintang-film-dewasa-tertua-di-dunia-begini-rahasianya-tak-pernah-pakai-obat-kuat,No,Adult: Sexual content,Restricted ad serving,ca-pub-7784034061253020,3,2024-12-02,2024-12-02
belitung.tribunnews.com,Page,N/A,N/A,belitung.tribunnews.com/2017/08/25/video-celana-dalam-wanita-ini-melorot-saat-ambil-uang-di-atm,Yes,Site Behavior: Navigation,Restricted ad serving,ca-pub-7784034061253020,3,2024-12-01,2024-12-01
belitung.tribunnews.com,Page,N/A,N/A,belitung.tribunnews.com/2016/10/23/inilah-fantasi-seks-yang-disukai-wanita-dari-yang-kalem-hingga-liar,No,Adult: Sexual content,Restricted ad serving,ca-pub-7784034061253020,3,2024-12-01,2024-12-01
belitung.tribunnews.com,Page,N/A,N/A,belitung.tribunnews.com/2016/03/21/posisi-bercinta-ini-bikin-istri-anda-puas-bahkan-ketagihan-di-ranjang,No,Adult: Sexual content,Restricted ad serving,ca-pub-7784034061253020,3,2024-12-02,2024-12-02
batam.tribunnews.com,Page,N/A,N/A,batam.tribunnews.com/2017/09/22/iklan-kondom-bintang-film-esek-esek-sunny-leone-bikin-heboh-di-india-ini-sebabnya,No,Adult: Sexual content,Restricted ad serving,ca-pub-7784034061253020,3,2024-12-02,2024-12-02
batam.tribunnews.com,Page,N/A,N/A,batam.tribunnews.com/2014/12/02/film-pertama-miss-singapore-ini-justru-film-panas-berjudul-sub-yang-enak,No,Adult: Sexual content,Restricted ad serving,ca-pub-7784034061253020,3,2024-12-02,2024-12-02
banten.tribunnews.com,Page,N/A,N/A,banten.tribunnews.com/tag/kelas-bintang,Yes,More ads or paid promotional material than publisher-content,Restricted ad serving,ca-pub-7784034061253020,3,2024-12-02,2024-12-02
banjarmasin.tribunnews.com,Page,N/A,N/A,banjarmasin.tribunnews.com/2019/11/15/viral-video-mesum-berdurasi-2-menit-46-detik-hebohkan-kendari-diduga-pemeran-perempuan-mahasiswi,No,Adult: Sexual content,Restricted ad serving,ca-pub-7784034061253020,3,2024-12-02,2024-12-02
banjarmasin.tribunnews.com,Page,N/A,N/A,banjarmasin.tribunnews.com/2016/01/10/foto-selfie-celana-dalam-ini-bikin-heboh-dunia-maya-rambut-halus-bikin-gagal-fokus,No,Adult: Sexual content,Restricted ad serving,ca-pub-7784034061253020,3,2024-12-01,2024-12-01
banjarmasin.tribunnews.com,Page,N/A,N/A,banjarmasin.tribunnews.com/2015/02/22/bintang-porno-jepang-ini-bukukan-kisah-proses-bikin-video-seks,No,Adult: Sexual content,Restricted ad serving,ca-pub-7784034061253020,3,2024-12-01,2024-12-01
banjarmasin.tribunnews.com,Page,N/A,N/A,banjarmasin.tribunnews.com/2013/10/24/jenis-cokelat-yang-meningkatkan-gairah-seksual,No,Adult: Sexual content,Restricted ad serving,ca-pub-7784034061253020,3,2024-12-01,2024-12-01
bangka.tribunnews.com,Page,N/A,N/A,bangka.tribunnews.com/2021/10/30/gonta-ganti-pasangan-seksual-jadi-penyebab-sifilis-atau-raja-singa-gunakan-obat-tradisional-ini,No,Shocking content,Restricted ad serving,ca-pub-7784034061253020,3,2024-12-01,2024-12-01
bangka.tribunnews.com,Page,N/A,N/A,bangka.tribunnews.com/2020/01/13/cerita-cinta-terlarang-pembantu-dan-teman-sekolah-main-serong-di-belakang-suami-hingga-hamil,No,Adult: Sexual content,Restricted ad serving,ca-pub-7784034061253020,3,2024-12-02,2024-12-02
bangka.tribunnews.com,Page,N/A,N/A,bangka.tribunnews.com/2019/12/07/cerita-cinta-terlarang-terbongkar-4-tahun-tak-dapat-nafkah-istri-temukan-suami-selingkuh-dengan-pns,No,Shocking content,Restricted ad serving,ca-pub-7784034061253020,3,2024-12-01,2024-12-01
bangka.tribunnews.com,Page,N/A,N/A,bangka.tribunnews.com/2018/02/01/artis-cantik-ini-tampil-buka-bukaan-saat-hamil-ini-tujuannya-pamer-tubuh-polos-di-media-sosial,No,Adult: Sexual content,Restricted ad serving,ca-pub-7784034061253020,3,2024-12-02,2024-12-02
bangka.tribunnews.com,Page,N/A,N/A,bangka.tribunnews.com/2017/12/15/tega-gara-gara-hal-sepele-wanita-cantik-dipaksa-berjalan-tanpa-busana-di-jalan-raya-oleh-pacarnya,No,Adult: Sexual content,Restricted ad serving,ca-pub-7784034061253020,3,2024-12-02,2024-12-02
bangka.tribunnews.com,Page,N/A,N/A,bangka.tribunnews.com/2017/12/14/bukti-ini-bikin-mantan-mahasiswi-ui-dan-pacar-tak-bisa-mengelak-jadi-pemeran-video-mesum,No,Adult: Sexual content,Restricted ad serving,ca-pub-7784034061253020,3,2024-12-02,2024-12-02
bangka.tribunnews.com,Page,N/A,N/A,bangka.tribunnews.com/2017/11/21/kecil-barangnya-tapi-gede-kemampuannya-netter-salfok-lihat-cewek-cantik-genggam-benda-ini,No,Adult: Sexual content,Restricted ad serving,ca-pub-7784034061253020,3,2024-12-03,2024-12-03
bangka.tribunnews.com,Page,N/A,N/A,bangka.tribunnews.com/2017/09/12/pria-ini-tawarkan-jasa-bercinta-threesome-dengan-tamu-di-hotel-bayarannya-cuma-segini,No,Adult: Sexual content,Restricted ad serving,ca-pub-7784034061253020,3,2024-12-01,2024-12-01
bangka.tribunnews.com,Page,N/A,N/A,bangka.tribunnews.com/2017/06/29/artis-seksi-ini-buka-kancing-atas-bajunya-lalu-pamer-bagian-mulus-tubuhnya-tanpa-malu,Yes,Site Behavior: Navigation,Restricted ad serving,ca-pub-7784034061253020,3,2024-12-02,2024-12-02
bangka.tribunnews.com,Page,N/A,N/A,bangka.tribunnews.com/2016/10/15/negara-ini-produksi-80-ribu-video-porno-setahun-pemerannya-para-artis-cantik-kaya-raya,No,Adult: Sexual content,Restricted ad serving,ca-pub-7784034061253020,3,2024-12-01,2024-12-01
bangka.tribunnews.com,Page,N/A,N/A,bangka.tribunnews.com/2016/01/07/curiga-toilet-jadi-tempat-pembuangan-sperma-begini-cara-mengeceknya,Yes,Site Behavior: Navigation,Restricted ad serving,ca-pub-7784034061253020,3,2024-12-01,2024-12-01
bangka.tribunnews.com,Page,N/A,N/A,bangka.tribunnews.com/2015/02/09/rsbt-hadirkan-ct-scan-terbaru,No,Adult: Sexual content,Restricted ad serving,ca-pub-7784034061253020,3,2024-12-02,2024-12-02
bali.tribunnews.com,Page,N/A,N/A,bali.tribunnews.com/2017/12/23/17-cewek-cantik-ditangkap-layani-tarian-striptis-hingga-intim-di-tempat-karaoke-segini-tarifnya,No,Adult: Sexual content,Restricted ad serving,ca-pub-7784034061253020,3,2024-12-02,2024-12-02
bali.tribunnews.com,Page,N/A,N/A,bali.tribunnews.com/2017/08/22/deretan-wanita-ini-terlanjur-malu-usai-kirim-foto-vulgar-tapi-malah-nyasar,No,Adult: Sexual content,Restricted ad serving,ca-pub-7784034061253020,3,2024-12-02,2024-12-02
bali.tribunnews.com,Page,N/A,N/A,bali.tribunnews.com/2017/01/23/pria-ini-miliki-penis-terpanjang-di-dunia-saat-berhubungan-intim-beginilah-jadinya,No,Adult: Sexual content,Restricted ad serving,ca-pub-7784034061253020,3,2024-12-02,2024-12-02
aceh.tribunnews.com,Page,N/A,N/A,aceh.tribunnews.com/tag/viral-video-syur,Yes,Google-served ads on screens without publisher-content;Mislabeled Ads,Restricted ad serving,ca-pub-7784034061253020,3,2024-12-02,2024-12-02
aceh.tribunnews.com,Page,N/A,N/A,aceh.tribunnews.com/tag/hubungan-seksual,No,Adult: Sexual content,Restricted ad serving,ca-pub-7784034061253020,3,2024-12-02,2024-12-02
aceh.tribunnews.com,Page,N/A,N/A,aceh.tribunnews.com/2024/09/09/m-ridwan-pelajar-smk-bogor-tewas-dibully-dan-dipukuli-korban-gegar-otak-hingga-muntah-darah,No,Shocking content,Restricted ad serving,ca-pub-7784034061253020,3,2024-12-01,2024-12-01
aceh.tribunnews.com,Page,N/A,N/A,aceh.tribunnews.com/2020/01/30/nekat-penyanyi-dangdut-buka-baju-lepas-bra-di-panggung-penonton-rekam-video-di-whatsapp,Yes,Ads Disguised as Content,Restricted ad serving,ca-pub-7784034061253020,3,2024-12-02,2024-12-02
aceh.tribunnews.com,Page,N/A,N/A,aceh.tribunnews.com/2020/01/15/cerita-driver-ojek-online-diajak-hubungan-badan-oleh-penumpa-wanita-kirim-chat-bikin-istighfar,No,Adult: Sexual content,Restricted ad serving,ca-pub-7784034061253020,3,2024-12-01,2024-12-01
www.tribunnews.com,Page,N/A,N/A,www.tribunnews.com/regional/2018/02/23/ini-modus-prostitusi-online-di-manado-aman-cepat-terhapus-dan-pakai-kode-tertentu,No,Adult: Sexual content,Restricted ad serving,ca-pub-7784034061253020,2,2024-12-02,2024-12-02
www.tribunnews.com,Page,N/A,N/A,www.tribunnews.com/regional/2010/10/16/abg-digilir-kawanan-lelaki-bejat-di-gubuk-sawah,No,Adult: Sexual content,Restricted ad serving,ca-pub-7784034061253020,2,2024-12-02,2024-12-02
www.tribunnews.com,Page,N/A,N/A,www.tribunnews.com/metropolitan/2010/06/02/kuda-putih-bersaing-dengan-cungkok-dan-psk-lokal,No,Adult: Sexual content,Restricted ad serving,ca-pub-7784034061253020,2,2024-11-27,2024-12-01
www.tribunnews.com,Page,N/A,N/A,www.tribunnews.com/kesehatan/2017/09/12/hal-yang-terjadi-pada-miss-v-saat-wanita-mengalami-orgasme,No,Adult: Sexual content,Restricted ad serving,ca-pub-7784034061253020,2,2024-12-01,2024-12-01
www.tribunnews.com,Page,N/A,N/A,www.tribunnews.com/internasional/2018/03/05/ternyata-456-orang-jepang-pernah-melakukan-seks-di-luar,No,Adult: Sexual content,Restricted ad serving,ca-pub-7784034061253020,2,2024-12-02,2024-12-02
www.tribunnews.com,Page,N/A,N/A,www.tribunnews.com/internasional/2017/07/27/alat-bantu-seks-terbaru-boneka-cantik-nan-canggih-ini-lebih-yahud-layani-penggunanya,Yes,Adult: Sexual content;Site Behavior: Navigation,Restricted ad serving,ca-pub-7784034061253020,2,2024-12-01,2024-12-01
suryamalang.tribunnews.com,Page,N/A,N/A,suryamalang.tribunnews.com/tag/main-bertiga,No,Adult: Sexual content,Restricted ad serving,ca-pub-7784034061253020,2,2024-12-02,2024-12-02
palembang.tribunnews.com,Page,N/A,N/A,palembang.tribunnews.com/2018/11/19/siswi-smpn-tewas-tenggelam-saat-mengikuti-hacking-pramuka-di-talang-ubi-pali,No,Shocking content,Restricted ad serving,ca-pub-7784034061253020,2,2024-12-02,2024-12-02
makassar.tribunnews.com,Page,N/A,N/A,makassar.tribunnews.com/2019/05/15/abg-buka-baju-saat-sahur-on-the-road-aksinya-viral-dan-kini-minta-maaf-cek-disini-videonya,No,Adult: Sexual content,Restricted ad serving,ca-pub-7784034061253020,2,2024-12-01,2024-12-01
m.tribunnews.com,Page,N/A,N/A,m.tribunnews.com/amp/bisnis/2017/03/22/ini-dia-lima-merek-rokok-terlaris-dunia,No,Tobacco,Restricted ad serving,ca-pub-7784034061253020,2,2024-12-02,2024-12-02
lampung.tribunnews.com,Page,N/A,N/A,lampung.tribunnews.com/2012/07/20/siswi-sma-ini-mesum-ria-di-hotel,No,Adult: Sexual content,Restricted ad serving,ca-pub-7784034061253020,2,2024-12-02,2024-12-02
kalteng.tribunnews.com,Page,N/A,N/A,kalteng.tribunnews.com/tag/bakar-orang,No,Shocking content,Restricted ad serving,ca-pub-7784034061253020,2,2024-12-01,2024-12-01
jateng.tribunnews.com,Page,N/A,N/A,jateng.tribunnews.com/tag/payudara,No,Adult: Sexual content,Restricted ad serving,ca-pub-7784034061253020,2,2024-12-02,2024-12-02
jambi.tribunnews.com,Page,N/A,N/A,jambi.tribunnews.com/2015/10/14/haus-seks-wanita-ini-nekat-cari-pria-tiap-istirahat-kantor,No,Adult: Sexual content,Restricted ad serving,ca-pub-7784034061253020,2,2024-12-01,2024-12-01
belitung.tribunnews.com,Page,N/A,N/A,belitung.tribunnews.com/tag/foto-telanjang,No,Shocking content,Restricted ad serving,ca-pub-7784034061253020,2,2024-12-01,2024-12-01
batam.tribunnews.com,Page,N/A,N/A,batam.tribunnews.com/2017/12/18/ternyata-monyet-dan-rusa-kerap-berhubungan-seks-ini-fakta-fakta-tentang-kehidupan-mereka,No,Adult: Sexual content,Restricted ad serving,ca-pub-7784034061253020,2,2024-12-02,2024-12-02
banjarmasin.tribunnews.com,Page,N/A,N/A,banjarmasin.tribunnews.com/tag/karaoke-mesum,No,Adult: Sexual content,Restricted ad serving,ca-pub-7784034061253020,2,2024-12-02,2024-12-02
bangka.tribunnews.com,Page,N/A,N/A,bangka.tribunnews.com/tag/hubungan-suami-istri,No,Adult: Sexual content,Restricted ad serving,ca-pub-7784034061253020,2,2024-12-01,2024-12-01
bangka.tribunnews.com,Page,N/A,N/A,bangka.tribunnews.com/tag/harga-cabai?page=2,Yes,Google-served ads on screens without publisher-content,Restricted ad serving,ca-pub-7784034061253020,2,2024-12-02,2024-12-03
bangka.tribunnews.com,Page,N/A,N/A,bangka.tribunnews.com/amp/2018/01/06/video-mesum-tante-dan-bocah-di-bandung-ternyata-juga-berhubungan-dengan-pria-ini,No,Adult: Sexual content;Shocking content,Restricted ad serving,ca-pub-7784034061253020,2,2024-12-02,2024-12-02
bangka.tribunnews.com,Page,N/A,N/A,bangka.tribunnews.com/2017/06/16/inilah-fakta-baru-tentang-wanita-cantik-yang-nyaris-bugil-di-apotek,No,Adult: Sexual content,Restricted ad serving,ca-pub-7784034061253020,2,2024-12-02,2024-12-02
bangka.tribunnews.com,Page,N/A,N/A,bangka.tribunnews.com/2017/04/09/keterlaluan-abg-palembang-ini-tak-malu-pertontonkan-aksi-mesum-sang-pacar-pegang-gunung-kembarnya,No,Adult: Sexual content,Restricted ad serving,ca-pub-7784034061253020,2,2024-12-02,2024-12-02
aceh.tribunnews.com,Page,N/A,N/A,aceh.tribunnews.com/tag/vc-bugil,Yes,Google-served ads on screens without publisher-content;Mislabeled Ads,Restricted ad serving,ca-pub-7784034061253020,2,2024-12-01,2024-12-01
aceh.tribunnews.com,Page,N/A,N/A,aceh.tribunnews.com/tag/kakek-perkosa-sapi,Yes,Google-served ads on screens without publisher-content,Restricted ad serving,ca-pub-7784034061253020,2,2024-12-02,2024-12-02
aceh.tribunnews.com,Page,N/A,N/A,aceh.tribunnews.com/2020/10/28/bukan-salah-desain-atau-sekedar-hiasan-ini-fungsi-lubang-kecil-di-bawah-keran-wastafel,Yes,Google-served ads interfering with content or user interactions,Disabled ad serving,ca-pub-7784034061253020,2,2024-11-27,2024-12-01
wartakota.tribunnews.com,Page,N/A,N/A,wartakota.tribunnews.com/2019/07/19/kontrakan-disewa-dan-jadi-tempat-pesta-mesum-para-abg-bukti-petugas-temukan-kondom-bekas-tercecer,No,Adult: Sexual content,Restricted ad serving,ca-pub-7784034061253020,1,2024-12-01,2024-12-01
travel.tribunnews.com,Page,N/A,N/A,travel.tribunnews.com/2018/01/08/jleb-banget-10-ilustrasi-ini-ungkap-realita-kehidupan-di-zaman-now-bikin-elus-dada,Yes,Site Behavior: Navigation,Restricted ad serving,ca-pub-7784034061253020,1,2024-12-02,2024-12-02
sumsel.tribunnews.com,Page,N/A,N/A,sumsel.tribunnews.com/2019/05/08/muslim-pro-aplikasi-android-pendukung-ibadah-ini-cara-mengaktifkan-bunyi-adzan,Yes,Google-served ads interfering with content or user interactions,Disabled ad serving,ca-pub-7784034061253020,1,2024-12-01,2024-12-01
pekanbaru.tribunnews.com,Page,N/A,N/A,pekanbaru.tribunnews.com/2023/06/12/nonton-atau-download-film-keramat-tunggak-bisa-cek-link-ini,Yes,Google-served ads obscuring content;Modified Javascript: Ads by Google size,Restricted ad serving,ca-pub-7784034061253020,1,2024-12-02,2024-12-02
palembang.tribunnews.com,Page,N/A,N/A,palembang.tribunnews.com/2018/01/15/bikin-lemes-ternyata-segini-mr-p-yang-disukai-tyas-mirasih-tak-cuma-besar-atau-panjang?page=all,No,Adult: Sexual content,Restricted ad serving,ca-pub-7784034061253020,1,2024-12-03,2024-12-03
makassar.tribunnews.com,Page,N/A,N/A,makassar.tribunnews.com/2017/05/20/berbeda-dari-wanita-asia-timur-pada-umumnya-perempuan-ini-jadi-sorotan-netizen-coba-perhatikan,Yes,Site Behavior: Navigation,Restricted ad serving,ca-pub-7784034061253020,1,2024-12-02,2024-12-02
makassar.tribunnews.com,Page,N/A,N/A,makassar.tribunnews.com/2017/04/27/beredar-foto-senonoh-mirip-siswi-sma-di-dalam-kelas-kancing-seragam-dibuka-dan-rok-diangkat,Yes,Child oriented sexual situations (pedophilia),Disabled ad serving,ca-pub-7784034061253020,1,2024-12-01,2024-12-01
jateng.tribunnews.com,Page,N/A,N/A,jateng.tribunnews.com/2019/02/24/bayi-yang-diselamatkan-dari-perut-ibunya-dapat-bantuan-biaya-kuliah-sampai-oxford-university-inggris,Yes,Ads Disguised as Content,Restricted ad serving,ca-pub-7784034061253020,1,2024-12-02,2024-12-02
banjarmasin.tribunnews.com,Page,N/A,N/A,banjarmasin.tribunnews.com/2019/02/06/kalselpedia-10-kampung-tematik-di-banjarbaru-kalimantan-selatan-yang-seru-dan-ikonik,Yes,Google-served ads interfering with content or user interactions,Disabled ad serving,ca-pub-7784034061253020,1,2024-12-01,2024-12-01
banjarmasin.tribunnews.com,Page,N/A,N/A,banjarmasin.tribunnews.com/2013/06/05/debby-ayu-seks-itu-penting,No,Adult: Sexual content,Restricted ad serving,ca-pub-7784034061253020,1,2024-12-02,2024-12-02
bali.tribunnews.com,Page,N/A,N/A,bali.tribunnews.com/2017/07/28/janda-cantik-asal-manado-siap-dinikahi-syaratnya-tak-banyak,Yes,Site Behavior: Navigation,Restricted ad serving,ca-pub-7784034061253020,1,2024-12-03,2024-12-03
